host_time_s,t_ms,ax1,ay1,az1,roll1,pitch1,yaw1,gx1,gy1,gz1,ax2,ay2,az2,roll2,pitch2,yaw2,gx2,gy2,gz2,emg1,emg2
1772045536.212054,2872844,0.22,-0.09,0.13,36.19,65.25,246.56,-0.19,1.19,0.25,-0.09,0.00,0.07,-1.87,71.69,231.44,-1.94,1.19,0.13,4,2
1772045536.213511,2873035,0.13,0.06,0.15,36.94,65.62,246.62,-0.13,-4.50,-2.44,-0.03,-0.01,-0.10,-1.06,71.62,231.37,-0.31,0.37,0.00,4,2
1772045536.214285,2873224,0.16,0.06,0.12,38.00,66.87,246.81,1.50,-12.00,0.13,-0.04,-0.10,0.00,-0.81,71.37,231.56,-7.81,4.37,-0.69,3,2
1772045536.214970,2873415,0.19,-0.20,0.14,42.88,68.87,246.25,-8.06,-18.31,1.56,-0.12,0.03,0.19,0.56,70.81,232.50,-3.31,0.94,2.81,3,2
1772045536.215898,2873606,-0.26,0.14,-0.09,52.13,71.12,248.00,-16.81,-8.31,-3.12,-0.12,0.13,0.10,0.69,70.75,233.00,-1.31,-0.31,-0.31,3,2
1772045536.216829,2873797,-0.03,0.18,-0.13,55.44,72.00,250.00,-5.25,-2.12,-0.13,-0.04,-0.09,0.00,1.62,70.50,232.87,-1.81,0.88,1.12,3,2
1772045536.217411,2873988,-0.04,0.12,-0.11,55.75,72.06,250.37,1.25,3.12,-0.31,-0.10,-0.06,0.06,2.12,70.37,233.00,0.31,-1.00,1.00,5,2
1772045536.217909,2874178,0.05,0.09,0.04,54.00,71.87,250.19,2.44,4.69,0.31,-0.06,-0.03,-0.02,2.00,70.50,233.00,-0.13,-1.19,-0.69,4,2
1772045536.218387,2874369,-0.05,0.03,0.07,52.50,71.25,249.75,2.56,2.31,1.06,-0.06,0.00,-0.01,1.94,70.50,232.94,0.25,-0.56,-0.19,5,2
1772045536.218848,2874560,-0.06,0.01,-0.01,51.50,70.81,249.31,0.75,1.75,0.25,-0.05,0.00,0.08,1.87,70.50,232.87,0.69,0.25,0.00,5,2
1772045536.231814,2874750,0.00,0.01,0.05,50.31,70.50,249.31,1.81,1.62,0.00,-0.07,-0.07,0.01,1.75,70.56,232.56,1.87,-0.44,1.37,5,2
1772045536.422627,2874941,0.05,0.04,0.07,49.19,70.31,249.31,-0.44,2.62,-0.56,-0.10,0.07,0.05,1.81,70.56,232.37,1.25,0.50,0.06,4,2
1772045536.612533,2875131,0.09,0.08,0.10,48.50,69.94,249.37,-0.44,1.50,0.50,-0.10,0.01,-0.06,1.94,70.37,232.12,-0.06,1.31,1.06,4,2
1772045536.804453,2875322,0.08,-0.08,0.11,48.19,69.81,249.06,-0.13,-0.69,-0.69,-0.08,-0.02,-0.01,2.37,70.44,232.06,0.06,-1.19,-0.62,4,2
1772045536.994809,2875513,0.06,0.07,0.08,48.88,70.00,249.31,-0.56,-3.62,1.62,-0.06,-0.04,-0.02,2.37,70.50,232.00,1.56,-1.12,-0.44,4,2
1772045537.185137,2875703,0.01,0.02,0.09,51.06,69.94,249.12,-3.87,-0.75,4.25,-0.10,0.00,0.02,1.50,70.62,231.94,1.06,0.50,-0.56,4,3
1772045537.376119,2875894,-0.07,-0.03,0.02,54.56,69.81,248.87,-4.00,-7.19,2.12,-0.08,0.00,-0.04,1.19,70.75,231.87,0.06,-0.62,-0.31,3,3
1772045537.566339,2876084,0.05,0.04,0.04,55.94,70.06,249.31,-0.69,1.12,-1.31,-0.06,-0.04,0.05,1.25,70.75,231.94,0.13,0.62,0.69,3,2
1772045537.757095,2876275,0.01,0.03,0.07,55.75,70.12,249.50,0.00,0.00,0.25,-0.09,-0.06,0.04,1.25,70.69,231.94,-0.06,0.25,-0.06,3,2
1772045537.947481,2876466,0.01,0.00,0.01,56.75,70.44,249.62,-1.81,-7.87,0.81,0.11,0.46,0.50,1.87,70.94,231.62,1.12,0.88,0.31,2,3
1772045538.138672,2876656,-0.15,0.09,0.09,60.88,70.87,249.25,-0.44,-1.62,1.94,-0.09,-0.06,-0.24,2.00,70.87,231.62,-2.06,1.00,-1.25,2,3
1772045538.328542,2876847,0.35,0.10,0.03,61.81,70.69,249.06,-4.00,-8.50,4.06,-0.02,-0.15,0.00,1.31,70.25,232.44,-0.94,3.50,-1.87,2,3
1772045538.518568,2877036,-0.03,0.13,0.02,68.37,70.94,248.44,-4.56,-13.06,1.62,-0.03,-0.11,-0.03,1.31,70.19,232.50,-0.06,-1.12,-2.06,2,3
1772045538.709384,2877227,0.24,-0.02,0.08,72.94,70.81,248.50,-8.38,-8.75,5.25,-0.08,-0.01,0.14,-0.19,70.31,232.56,1.00,-0.13,-1.69,3,3
1772045538.900787,2877419,0.06,-0.08,0.12,71.31,69.81,249.31,-6.62,-0.56,0.13,-0.02,0.00,-0.09,-0.37,70.56,232.56,0.81,-2.00,0.75,3,4
1772045539.091569,2877609,0.03,0.07,-0.01,73.44,70.37,250.50,-3.69,-0.62,-3.56,-0.10,0.07,-0.04,-0.06,70.81,232.75,-1.25,-1.87,0.19,3,3
1772045539.281798,2877800,0.07,0.10,0.06,72.62,70.87,251.06,4.12,1.19,1.44,-0.09,-0.12,0.04,0.00,70.81,232.75,-0.37,0.69,0.00,3,3
1772045539.472256,2877990,0.00,0.00,0.08,72.00,70.69,250.37,0.50,-0.19,0.56,-0.03,-0.03,0.00,0.00,70.87,232.75,-0.25,-1.37,-0.81,3,3
1772045539.662409,2878181,0.00,0.09,0.05,71.81,70.69,250.44,0.44,1.44,0.62,-0.08,0.03,0.06,-0.56,70.94,232.81,0.94,0.13,-0.62,3,3
1772045539.853759,2878372,0.00,-0.04,0.06,71.31,70.37,250.06,1.44,0.00,1.00,-0.05,-0.01,0.09,-0.69,70.94,232.75,-0.19,-0.06,0.25,3,2
1772045540.044302,2878562,0.05,0.09,0.06,70.94,70.37,250.06,-0.37,1.12,-1.56,-0.08,0.01,0.05,-0.62,71.00,232.81,-0.13,0.31,0.06,3,2
1772045540.234804,2878753,0.01,-0.03,0.04,70.56,70.37,250.06,0.81,0.25,0.44,-0.09,-0.04,0.07,-0.62,70.94,232.81,0.06,0.62,-0.37,3,2
1772045540.425517,2878944,-0.03,-0.04,0.06,70.44,70.31,250.00,0.44,1.44,-0.44,-0.10,0.00,0.12,-0.50,70.94,232.87,0.25,-0.13,0.13,3,2
1772045540.615855,2879134,0.05,0.09,0.08,70.69,70.37,250.12,1.75,-2.75,0.69,-0.06,-0.01,-0.06,-0.06,70.94,232.69,-1.44,0.50,-0.06,5,3
1772045540.807033,2879325,-0.01,-0.05,0.04,71.19,70.06,249.56,-0.81,1.25,1.69,-0.01,-0.17,0.08,0.06,70.87,232.81,-2.50,-0.56,-0.62,6,3
1772045540.997512,2879516,0.04,0.19,0.04,71.00,70.06,250.00,-1.81,-1.12,0.00,-0.05,-0.02,0.14,0.06,70.81,232.87,0.13,0.13,0.56,6,3
1772045541.188321,2879706,-0.05,-0.05,0.04,71.19,70.00,249.50,1.00,0.88,0.44,-0.05,-0.07,0.07,0.37,70.81,232.81,-0.94,-0.37,0.19,6,3
1772045541.377726,2879896,0.01,0.05,0.05,70.25,70.12,249.94,-1.94,0.69,-1.00,-0.08,-0.03,0.08,0.37,70.87,232.81,0.31,0.37,0.06,6,3
1772045541.568436,2880087,0.01,-0.06,0.05,69.87,69.94,249.81,1.75,-0.81,0.56,-0.06,-0.17,0.01,0.31,70.81,232.87,-0.88,0.25,-2.00,7,4
1772045541.759850,2880278,0.08,0.19,0.00,70.31,70.06,250.19,-4.69,-2.12,-1.00,-0.16,0.02,0.11,-0.37,71.12,232.94,4.44,-4.56,0.44,7,3
1772045541.950739,2880469,0.28,-0.19,0.31,68.06,69.62,250.06,5.62,13.50,1.50,-0.02,-0.03,0.22,-1.25,71.25,232.81,1.94,0.00,-0.62,7,3
1772045542.141481,2880660,0.07,0.07,0.00,66.44,69.25,249.50,4.37,-1.69,0.88,0.04,-0.21,0.10,-2.06,71.69,232.56,2.44,-5.06,1.31,7,4
1772045542.331137,2880849,-0.09,0.11,0.00,67.81,69.44,248.69,0.00,-3.19,3.37,-0.23,-0.09,0.13,-3.56,72.00,233.50,-8.56,7.19,-9.50,6,4
1772045542.521440,2881039,-0.30,-0.37,0.11,72.37,68.87,246.50,4.56,7.44,-1.06,-0.19,-0.14,0.24,-6.69,71.12,236.25,-0.44,5.69,-8.88,5,2
1772045542.713155,2881231,0.68,0.22,0.32,68.19,69.06,249.12,-9.63,-7.87,4.06,-0.04,0.00,-0.01,-6.12,70.75,236.44,-1.19,-5.37,12.31,5,2
1772045542.904665,2881423,0.01,0.06,0.15,71.50,70.69,249.75,-4.37,9.00,-14.69,-0.11,0.26,0.22,-4.50,70.94,236.69,0.19,-2.19,-4.94,5,2
1772045543.095346,2881613,-0.06,0.07,0.07,72.69,71.31,251.75,-5.25,-1.81,4.75,0.06,-0.14,0.07,-5.75,71.25,237.06,1.87,-3.50,2.69,5,3
1772045543.284878,2881803,-0.26,0.13,-0.04,75.69,71.44,252.31,-5.06,-3.12,-4.44,-0.08,0.44,0.09,-5.56,72.06,236.75,2.62,-7.12,-2.94,6,3
1772045543.474232,2881993,0.17,0.07,0.23,74.12,71.56,254.12,-6.12,5.81,6.69,-0.41,0.24,-0.48,-9.31,74.50,236.37,5.06,-11.56,2.06,6,3
1772045543.666501,2882185,-0.17,-0.13,0.23,75.19,70.56,253.31,2.12,-1.81,-0.06,-0.25,0.24,0.33,-7.19,75.56,234.69,3.37,-4.81,7.44,6,3
1772045543.857799,2882376,-0.36,-0.02,-0.18,77.25,70.75,252.62,7.06,-3.69,-5.37,-0.14,-0.10,-0.28,1.25,75.25,231.69,0.06,-2.00,6.06,6,4
1772045544.048525,2882567,-0.11,0.01,0.00,75.37,72.00,253.31,-5.37,5.31,-5.31,0.13,-0.05,-0.08,0.37,76.75,232.25,4.00,-14.94,-3.25,6,4
1772045544.237810,2882756,-0.12,0.29,-0.01,74.37,72.00,255.56,-8.56,2.06,1.75,0.05,0.31,0.01,-2.19,78.62,232.69,0.69,-2.81,3.00,8,4
1772045544.427128,2882946,0.42,0.05,0.27,72.75,72.06,255.31,8.44,3.62,-3.25,0.00,0.02,0.08,-0.81,78.81,231.50,3.00,3.44,-0.56,7,4
1772045544.619655,2883138,-0.19,-0.31,0.04,69.12,71.50,253.25,9.44,1.31,7.25,-0.01,0.13,0.05,-4.56,78.62,231.75,-2.50,-2.44,-5.31,6,4
1772045544.811784,2883330,-0.14,-0.23,-0.03,68.50,70.44,251.69,0.50,2.00,1.06,-0.01,0.03,0.01,-5.75,78.50,232.94,-6.37,0.19,1.62,6,4
1772045545.003644,2883522,-0.01,0.07,-0.09,66.94,70.75,252.19,3.44,-2.25,-5.44,-0.07,-0.15,-0.21,-2.94,78.31,232.62,2.12,4.12,-1.19,6,3
1772045545.192546,2883711,0.14,-0.11,0.13,67.62,71.62,252.69,-4.06,-8.56,3.31,-0.03,0.00,0.00,-3.69,78.62,232.31,2.06,1.69,0.88,5,3
1772045545.382301,2883900,-0.05,0.12,-0.06,72.25,72.12,252.81,-0.81,-10.56,-1.50,-0.01,0.06,0.01,-4.50,78.50,232.00,2.44,-0.94,-0.75,5,2
1772045545.574757,2884093,0.14,-0.09,0.12,73.81,72.31,252.19,0.94,1.50,0.44,-0.01,-0.02,0.04,-4.00,78.50,231.75,0.19,0.37,1.69,5,2
1772045545.768351,2884286,-0.01,0.13,0.06,74.31,72.50,252.37,-0.13,-2.69,1.25,-0.02,0.05,-0.02,-4.31,78.56,231.75,-0.06,-0.31,-0.06,6,2
1772045545.959571,2884478,0.00,0.00,0.03,75.31,72.25,251.94,-1.94,-2.37,0.88,0.03,0.01,0.08,-4.31,78.56,231.75,-0.50,-1.75,-0.06,7,3
1772045546.150544,2884669,-0.05,0.08,0.00,76.37,72.31,252.12,0.31,-1.75,1.25,-0.02,0.00,0.06,-4.50,78.62,231.75,0.13,-0.06,0.00,6,2
1772045546.341291,2884860,0.03,-0.03,0.12,76.31,72.19,251.75,0.13,-1.00,1.00,-0.06,0.01,0.03,-4.50,78.62,231.75,-0.19,-0.62,0.25,5,2
1772045546.532334,2885051,0.07,0.02,0.09,76.31,72.19,251.87,-1.25,1.00,0.31,-0.02,0.05,0.01,-4.50,78.69,231.75,-0.25,-0.62,-0.56,6,3
1772045546.722859,2885241,0.07,-0.02,0.10,75.87,71.94,251.87,0.69,1.19,0.75,0.06,-0.02,0.05,-4.56,78.69,231.69,-0.44,-1.44,0.00,6,3
1772045546.913724,2885432,0.01,0.08,0.08,75.81,71.87,251.94,-1.87,0.69,0.50,0.00,0.05,0.07,-4.56,78.75,231.75,-0.37,-0.19,0.25,6,4
1772045547.104506,2885623,0.00,0.01,0.09,76.12,71.75,252.00,-0.56,0.62,1.00,-0.01,0.00,0.04,-4.56,78.75,231.75,-0.37,-0.13,0.19,6,4
1772045547.295068,2885813,-0.03,0.06,0.05,75.94,71.69,252.12,-0.88,1.12,-0.44,-0.04,0.07,0.03,-4.56,78.75,231.75,-0.44,-0.13,-0.19,7,5
1772045547.485461,2886004,0.01,0.03,0.13,75.25,71.69,252.12,1.12,0.25,0.25,0.03,-0.04,0.07,-4.56,78.75,231.75,-1.12,-1.62,0.13,6,5
1772045547.675806,2886194,-0.01,0.08,0.07,75.12,71.75,252.19,-0.50,1.00,0.31,-0.03,0.06,0.06,-4.56,78.87,231.75,0.19,0.56,0.13,6,5
1772045547.866461,2886385,0.00,0.03,0.06,75.25,71.69,252.06,-0.75,-0.56,0.75,-0.01,0.01,0.04,-4.56,78.81,231.75,-0.06,-0.31,0.25,5,4
1772045548.057126,2886575,0.00,0.09,0.06,75.44,71.69,252.19,-1.19,0.56,-0.06,0.00,0.06,0.04,-4.56,78.87,231.75,-0.06,0.25,-0.31,4,5
1772045548.247415,2886766,0.00,-0.01,0.13,75.12,71.69,252.12,0.19,-0.37,0.25,-0.10,0.11,0.02,-4.56,78.87,231.75,0.00,-0.25,-0.31,4,5
1772045548.438516,2886957,0.04,0.07,0.10,75.19,71.69,252.25,-1.56,-0.25,-0.06,-0.05,0.15,0.05,-4.87,79.00,231.87,-0.25,-0.06,-0.25,3,4
1772045548.628835,2887147,-0.02,-0.01,0.03,75.75,71.56,251.94,0.56,-1.31,0.94,-0.03,0.02,0.08,-5.06,79.00,231.87,0.44,0.13,-0.50,4,3
1772045548.819724,2887338,0.02,0.01,0.06,75.94,71.50,252.00,-1.56,-0.44,-0.75,-0.05,-0.04,0.05,-5.06,79.00,231.87,-0.19,-0.62,-0.75,3,3
1772045549.010069,2887528,0.01,-0.02,0.07,76.19,71.44,252.06,0.31,-0.31,1.06,-0.05,0.08,0.05,-5.12,79.00,231.87,-0.37,0.13,0.37,3,3
1772045549.200601,2887719,0.08,-0.03,0.08,76.56,71.37,252.06,-0.75,-0.13,0.00,-0.05,0.10,0.02,-4.94,79.00,231.87,-0.25,-0.75,0.62,3,2
1772045549.391214,2887910,0.07,0.04,0.08,76.69,71.44,252.19,0.13,0.00,0.75,-0.01,0.04,0.10,-4.81,79.00,231.87,-1.00,2.06,0.50,3,1
1772045549.582100,2888100,-0.07,-0.07,0.08,77.50,71.31,251.87,-0.25,-1.94,0.56,-0.04,0.02,0.00,-4.31,78.87,231.94,-1.12,-0.62,0.62,3,1
1772045549.772566,2888291,0.10,0.04,0.10,77.50,71.75,252.56,-3.44,-0.37,-3.12,-0.05,0.05,0.06,-3.50,78.87,232.00,-0.50,-0.94,-0.19,3,3
1772045549.962026,2888480,-0.33,-0.45,0.01,78.62,72.12,253.75,-13.19,4.56,-5.56,0.01,0.03,0.09,-4.75,79.00,232.00,0.50,-0.31,-1.81,4,3
1772045550.153108,2888671,0.21,0.41,0.12,78.25,71.81,258.12,-16.69,2.75,-0.13,-0.07,0.04,0.08,-5.31,79.19,232.25,0.00,-0.75,-0.13,4,3
1772045550.344446,2888863,0.01,-0.06,0.04,79.69,72.25,258.37,6.31,-5.19,0.37,-0.03,-0.01,0.06,-5.31,79.12,232.19,0.25,1.06,0.19,4,3
1772045550.535182,2889053,-0.01,-0.01,0.00,80.44,72.25,257.50,1.87,0.50,-1.56,-0.01,0.05,0.11,-5.12,79.19,232.25,0.37,-0.75,-0.44,5,3
1772045550.725449,2889244,0.03,0.00,0.10,80.00,72.31,257.25,1.56,-0.37,1.75,-0.02,0.04,0.05,-5.25,79.19,232.19,0.81,0.50,-0.13,5,4
1772045550.915454,2889434,0.00,0.01,0.04,80.12,72.06,256.75,-0.31,0.13,0.56,0.04,0.05,0.15,-5.81,79.25,232.25,0.06,-1.50,-0.13,6,4
1772045551.106329,2889625,-0.05,0.00,0.03,80.31,71.94,256.44,2.56,-1.12,1.37,-0.04,0.06,0.11,-6.06,79.25,232.31,0.44,1.25,0.31,6,4
1772045551.297601,2889816,0.02,-0.07,0.08,80.94,71.69,255.62,1.06,-2.87,1.69,-0.02,0.01,0.08,-5.87,79.25,232.31,-1.19,-0.69,0.81,5,4
1772045551.488193,2890007,-0.02,-0.04,0.04,82.37,71.50,255.19,2.31,-1.75,1.06,-0.02,0.04,0.09,-4.94,79.31,232.44,0.56,0.75,0.50,5,4
1772045551.679156,2890197,-0.04,-0.02,0.03,83.12,71.56,255.12,-2.50,-0.81,-0.19,-0.08,0.07,0.10,-4.94,79.25,232.37,-0.56,-0.06,-0.37,5,2
1772045551.869505,2890388,-0.02,0.07,0.01,83.19,71.75,255.69,-0.62,2.31,-2.25,-0.05,0.04,0.13,-4.81,79.31,232.44,-0.25,0.50,0.31,5,2
1772045552.059686,2890578,0.05,-0.09,0.07,81.94,71.75,255.69,2.37,0.00,0.37,-0.01,0.01,0.09,-4.69,79.19,232.50,0.25,0.56,-0.31,5,2
1772045552.250802,2890769,0.07,-0.03,0.15,81.50,71.75,255.56,1.12,0.19,0.94,-0.06,0.04,0.08,-4.69,79.12,232.50,-0.50,0.37,-0.25,5,2
1772045552.441239,2890960,0.03,-0.01,0.05,81.87,71.37,255.06,1.50,-2.44,2.25,-0.02,0.04,0.09,-4.50,79.00,232.44,-0.75,1.19,0.81,5,2
1772045552.632013,2891150,-0.07,-0.07,0.01,83.12,71.12,254.31,-1.37,-1.75,-0.06,-0.06,0.05,0.04,-4.25,79.00,232.50,0.31,-1.25,0.19,5,1
1772045552.821906,2891341,0.12,-0.01,0.06,83.12,71.06,254.50,1.50,-0.50,2.37,-0.05,0.02,0.09,-4.25,79.00,232.44,0.56,0.69,0.81,4,1
1772045553.011949,2891530,-0.08,-0.04,-0.04,84.19,70.75,253.62,0.69,-2.44,1.19,-0.03,-0.06,0.01,-3.62,79.12,232.25,0.37,-1.75,0.81,5,1
1772045553.203614,2891722,0.09,0.03,0.08,84.87,70.56,253.31,-0.06,-0.25,1.81,-0.08,0.02,0.10,-4.06,79.37,232.31,0.25,-0.50,-1.19,6,2
1772045553.394446,2891913,-0.39,0.11,-0.04,90.37,70.81,252.56,9.31,-11.31,-0.25,-0.01,0.06,0.08,-6.19,79.50,232.56,0.19,1.12,-0.56,6,2
1772045553.584521,2892103,0.19,0.31,0.06,87.75,70.62,251.94,3.87,14.25,3.87,-0.05,0.01,0.12,-6.87,79.06,232.69,1.25,4.00,-1.44,6,2
1772045553.775323,2892294,-0.04,-0.18,0.07,84.06,69.87,250.94,-0.25,2.12,-1.50,-0.12,0.08,0.04,-8.50,78.62,232.87,0.37,1.00,-1.25,6,2
1772045553.964541,2892483,0.19,0.42,0.12,82.25,71.06,252.19,16.31,1.62,-7.25,-0.13,0.02,0.06,-8.94,78.62,232.25,3.69,3.31,0.37,7,3
1772045554.156821,2892675,0.00,-0.06,0.01,80.87,71.37,251.94,-7.06,1.12,2.19,-0.11,-0.03,0.16,-9.63,78.37,232.25,-1.00,1.62,0.75,6,3
1772045554.346951,2892866,-0.06,0.12,0.01,81.31,71.12,252.56,-1.75,0.06,-1.87,0.03,0.00,0.00,-5.00,78.69,231.12,1.12,1.50,4.12,6,3
1772045554.537895,2893056,0.04,0.10,0.11,80.31,71.44,252.94,1.06,-2.50,-0.81,-0.03,0.01,0.03,-4.06,78.69,230.87,-0.25,-1.37,0.37,5,3
1772045554.727167,2893246,0.04,0.01,0.09,81.00,71.37,252.81,-1.87,1.06,1.44,-0.03,0.00,0.07,-3.56,78.87,230.94,-1.19,-0.56,0.69,5,4
1772045554.916370,2893435,0.00,0.06,0.14,80.87,71.25,252.94,1.62,2.75,1.25,-0.04,0.03,0.03,-3.19,78.75,230.81,1.50,0.75,1.25,4,5
1772045555.109740,2893628,0.01,0.07,0.02,81.19,71.50,253.19,-0.56,-0.75,-2.12,-0.02,-0.04,0.05,-2.62,78.81,230.62,-0.62,-1.12,0.56,4,4
1772045555.300201,2893819,-0.05,0.02,0.04,80.56,71.44,253.31,-1.75,3.50,2.94,-0.03,-0.06,0.11,-1.81,79.00,230.75,-1.81,-0.69,0.31,4,4
1772045555.490882,2894009,0.02,0.05,0.05,80.00,71.25,253.31,0.50,0.06,-0.19,-0.03,-0.02,0.08,-1.81,79.12,230.81,0.00,-0.56,0.13,5,5
1772045555.681190,2894199,0.01,-0.05,0.08,79.44,71.00,253.12,-0.81,1.50,2.44,-0.03,-0.07,0.07,-2.31,79.12,230.87,-1.37,-1.37,-1.37,5,6
1772045555.871908,2894390,0.07,0.02,0.14,78.75,70.81,253.25,-1.25,-0.13,-0.13,-0.02,0.04,0.00,-3.37,79.31,231.12,-0.81,-2.44,-1.06,3,5
1772045556.063242,2894581,-0.04,-0.04,0.07,78.87,70.56,253.06,-0.69,-1.06,2.81,-0.02,-0.03,0.12,-4.19,79.37,231.44,-0.37,-0.50,-0.56,3,4
1772045556.254204,2894772,-0.06,0.04,0.03,79.69,70.37,252.87,-1.19,-1.94,-0.25,-0.03,-0.01,0.12,-4.31,79.44,231.44,0.88,-0.44,-0.44,5,6
1772045556.444546,2894963,0.12,0.00,0.07,80.19,70.37,252.75,-0.81,-1.50,1.12,-0.02,-0.02,0.07,-4.31,79.44,231.37,0.19,-0.19,0.06,6,7
1772045556.634289,2895153,-0.05,-0.05,0.03,81.19,70.12,252.56,-1.75,-0.62,0.37,-0.01,0.00,0.08,-4.25,79.56,231.50,-0.81,0.06,-0.25,7,6
1772045556.823429,2895342,0.47,-0.06,0.07,81.19,70.25,252.87,-1.12,-0.88,-0.69,0.01,0.02,0.22,-3.75,79.44,231.62,-1.12,3.56,1.75,7,5
1772045557.015415,2895534,-0.20,0.04,0.06,86.31,69.19,252.06,0.13,4.94,3.44,0.00,-0.07,0.09,-3.19,79.31,231.62,0.31,-1.62,-1.87,7,6
1772045557.206504,2895725,0.03,0.05,0.05,83.81,69.50,252.31,4.12,1.31,-1.25,-0.01,0.00,0.12,-3.94,79.50,231.69,0.75,-0.06,0.06,8,5
1772045557.398518,2895917,-0.05,-0.03,0.08,83.06,69.50,251.87,0.62,-1.19,1.31,-0.01,-0.06,0.10,-5.69,79.44,231.69,1.37,-1.12,-2.00,7,4
1772045557.589964,2896108,0.07,-0.13,0.16,83.37,69.31,251.75,-0.69,-0.37,-0.62,-0.04,0.00,0.14,-6.37,79.62,231.81,0.00,-1.25,-0.31,7,4
1772045557.779219,2896298,0.01,0.20,0.01,84.87,69.56,252.56,-2.56,-0.81,-1.00,-0.04,0.03,0.09,-6.50,79.75,231.75,0.75,-0.06,-0.06,7,4
1772045557.970099,2896489,0.05,0.06,0.06,84.69,69.56,252.12,4.87,-0.94,2.62,-0.02,-0.08,0.20,-5.19,79.44,231.50,-2.50,0.25,-0.06,7,4
1772045558.161972,2896680,-0.27,0.26,-0.07,84.62,69.31,251.31,4.50,6.50,-0.06,0.02,-0.06,0.18,-4.62,79.56,231.56,-1.62,-3.25,-0.94,5,2
1772045558.353593,2896872,0.07,0.05,0.25,80.69,69.06,251.06,0.25,4.94,1.50,-0.03,0.03,-0.01,-6.50,79.87,231.81,1.19,-0.50,-0.88,5,2
1772045558.544817,2897063,0.03,-0.05,0.14,79.56,68.75,250.62,3.12,-2.81,3.81,0.01,0.00,0.08,-6.69,79.94,231.87,-0.37,-0.94,-0.31,5,2
1772045558.736419,2897255,0.04,0.01,0.04,80.69,68.44,249.87,0.88,-1.69,0.44,0.00,0.01,0.10,-6.12,79.87,231.75,0.56,1.12,0.75,6,2
1772045558.925858,2897444,0.03,-0.04,0.03,81.31,68.31,249.50,1.25,-1.62,1.00,-0.01,0.00,0.17,-5.62,79.62,231.69,-1.12,0.19,0.13,5,2
1772045559.118663,2897637,0.01,0.08,0.02,81.37,68.37,249.50,-0.25,-0.56,-1.87,-0.06,0.01,0.11,-5.44,79.56,231.69,0.13,0.06,0.06,5,2
1772045559.309866,2897828,0.00,-0.06,0.00,81.31,68.44,249.37,0.88,-0.69,0.06,-0.01,-0.02,0.09,-5.31,79.56,231.69,-0.94,-0.06,0.25,5,2
1772045559.500802,2898019,0.04,0.00,0.07,81.44,68.44,249.44,0.56,-1.87,-0.56,-0.03,-0.03,0.09,-4.81,79.56,231.69,0.13,-0.13,0.19,5,2
1772045559.691512,2898210,0.07,0.00,0.09,82.25,68.56,249.50,-1.94,-2.19,0.25,-0.03,-0.04,0.06,-4.81,79.56,231.69,0.44,-0.13,-0.19,5,2
1772045559.882093,2898401,0.03,0.01,0.03,83.00,68.56,249.87,-2.37,0.56,-1.50,-0.03,0.00,0.14,-4.81,79.62,231.69,0.31,0.06,-0.31,5,2
1772045560.072990,2898592,0.01,0.03,0.04,83.25,68.62,250.00,-0.06,0.69,0.62,-0.02,0.00,0.10,-4.81,79.62,231.69,0.44,0.00,0.00,5,2
1772045560.264495,2898783,0.01,-0.01,0.03,83.19,68.69,250.19,-1.44,0.50,-0.88,-0.03,-0.01,0.12,-4.75,79.62,231.81,-0.25,-0.25,-0.31,5,2
1772045560.454925,2898974,0.01,0.13,0.00,83.31,68.81,250.50,0.94,1.37,-0.50,-0.01,0.00,0.13,-4.75,79.62,231.81,-0.31,-0.31,-0.19,5,2
1772045560.644883,2899163,-0.02,0.01,0.05,83.12,68.81,250.62,-1.56,-0.25,-0.50,0.02,-0.03,0.12,-4.75,79.69,231.81,-0.69,-1.62,-0.06,5,2
1772045560.835008,2899354,0.06,0.14,0.08,83.00,69.12,251.31,-1.56,1.12,-0.62,-0.04,0.01,0.13,-5.00,79.75,231.81,-0.37,0.31,-0.25,5,2
1772045561.025965,2899544,-0.01,-0.06,0.04,83.12,69.12,251.25,-1.69,-0.44,0.25,-0.02,-0.02,0.10,-4.94,79.75,231.87,-1.06,-0.37,0.31,5,2
1772045561.216153,2899735,0.04,0.14,0.06,83.25,69.37,251.81,-1.06,0.88,-1.12,-0.01,-0.03,0.12,-4.87,79.75,231.94,0.00,0.44,0.19,5,2
1772045561.406942,2899925,-0.05,0.00,0.02,83.94,69.31,251.69,-1.44,-1.75,1.25,-0.03,-0.03,0.11,-4.87,79.75,231.94,0.06,0.50,-0.06,5,2
1772045561.597208,2900116,0.11,0.20,0.12,83.87,69.44,252.06,-1.87,0.31,-1.19,-0.02,0.04,0.12,-4.94,79.75,231.94,0.19,-0.31,-0.31,4,3
1772045561.788229,2900307,-0.02,-0.14,0.04,84.00,69.37,251.81,-0.13,0.31,0.25,-0.03,-0.03,0.12,-5.06,79.75,231.94,-0.37,-0.25,-0.37,4,2
1772045561.978684,2900497,0.03,0.00,0.05,84.19,69.56,252.44,-3.31,-0.13,-2.75,-0.01,0.00,0.11,-5.00,79.81,232.00,0.06,-0.19,-0.06,4,2
1772045562.169088,2900688,0.05,0.10,0.04,84.25,69.75,253.00,1.50,1.06,0.06,-0.03,-0.05,0.10,-4.94,79.81,232.00,-0.50,-0.44,-0.31,4,2
1772045562.359699,2900878,0.05,0.13,0.08,83.81,69.81,253.44,-3.87,3.81,-1.62,-0.03,0.04,0.04,-5.12,79.94,232.12,-0.62,-1.06,-0.06,5,2
1772045562.548970,2901068,0.08,0.09,0.16,82.62,69.94,253.56,3.75,0.56,1.25,-0.03,-0.08,0.10,-5.12,79.87,232.12,0.06,1.37,0.13,4,1
1772045562.740776,2901259,0.00,0.03,0.06,82.69,69.75,253.00,-0.44,-0.37,0.75,-0.02,-0.04,0.11,-5.12,79.87,232.12,-0.06,-0.44,0.19,5,1
1772045562.931168,2901450,0.06,0.07,0.06,82.00,69.69,252.87,2.87,3.00,1.75,-0.01,-0.01,0.17,-5.19,79.87,232.12,0.37,0.06,-0.56,6,1
1772045563.121974,2901641,0.04,0.03,0.09,81.37,69.56,252.62,-0.50,-0.44,-0.81,-0.06,0.01,0.04,-5.19,79.87,232.12,-0.50,-0.25,0.00,6,1
1772045563.312711,2901831,0.04,0.15,0.11,81.69,69.75,252.94,-1.19,-0.06,-0.75,-0.03,0.02,0.12,-5.12,79.87,232.19,-0.06,0.25,-0.31,6,1
1772045563.503142,2902022,-0.07,-0.04,0.00,81.87,69.56,252.56,1.19,-0.25,0.75,-0.01,-0.04,0.14,-5.19,79.87,232.19,0.25,0.50,-0.31,6,1
1772045563.693835,2902213,0.09,0.07,0.15,81.12,69.50,252.94,-0.62,-0.62,-1.12,-0.02,0.01,0.08,-5.19,79.87,232.25,0.37,0.25,0.44,6,1
1772045563.884609,2902403,0.05,0.05,0.10,81.37,69.56,252.81,0.06,-0.69,1.56,-0.04,-0.04,0.14,-5.19,79.87,232.25,-0.13,-0.06,0.19,5,1
1772045564.075221,2902594,0.05,0.03,0.00,82.00,69.44,252.75,-1.31,-0.50,-0.88,-0.04,0.00,0.12,-5.19,79.94,232.25,0.37,0.06,-0.13,5,2
1772045564.265380,2902784,0.09,0.05,0.11,81.81,69.50,252.81,2.06,0.37,1.12,-0.04,-0.04,0.16,-5.19,79.87,232.25,-0.13,-0.19,0.19,5,2
1772045564.456209,2902975,0.04,0.08,0.08,81.94,69.50,252.75,-0.13,-0.31,-0.88,-0.04,-0.03,0.15,-5.19,79.94,232.25,-0.13,0.06,0.25,5,1
1772045564.646630,2903165,0.07,0.13,0.09,82.25,69.56,252.94,0.06,-0.50,0.44,-0.02,-0.03,0.13,-5.19,79.94,232.25,0.25,0.00,0.00,5,2
1772045564.837808,2903356,0.02,0.05,0.02,82.44,69.50,252.75,-0.19,0.31,0.06,-0.04,-0.03,0.11,-5.19,79.87,232.25,-0.56,-0.44,-0.25,5,3
1772045565.027596,2903547,0.00,0.10,0.07,82.19,69.56,252.87,0.56,0.50,0.44,-0.02,-0.04,0.11,-5.19,79.94,232.25,0.37,0.31,0.00,5,2
1772045565.218632,2903737,0.00,0.04,0.09,81.94,69.44,252.62,-1.00,-0.37,0.31,-0.03,-0.06,0.13,-5.19,79.94,232.25,-0.13,0.00,0.13,5,2
1772045565.409255,2903928,0.02,0.08,0.08,81.94,69.44,252.69,-0.69,0.75,-0.37,0.00,-0.03,0.14,-5.19,79.94,232.25,-0.19,-0.50,-0.56,6,2
1772045565.599653,2904119,0.00,0.03,0.10,81.75,69.44,252.62,0.75,0.56,0.62,-0.06,-0.02,0.11,-5.19,79.94,232.25,0.06,0.06,-0.06,6,3
1772045565.790745,2904309,0.04,0.01,0.07,81.75,69.44,252.56,-0.44,-0.94,-0.44,-0.01,-0.01,0.17,-5.19,80.00,232.31,0.37,0.44,-0.50,6,3
1772045565.980876,2904500,0.00,-0.01,0.04,82.06,69.44,252.44,1.69,-0.31,0.44,-0.05,0.00,0.14,-5.19,80.00,232.31,0.06,-0.19,0.13,6,2
1772045566.171019,2904690,0.05,0.14,0.08,82.00,69.56,252.50,2.00,-1.75,-0.44,-0.01,0.00,0.09,-5.12,80.00,232.37,-0.94,-0.31,0.50,6,2
1772045566.361499,2904880,0.03,0.00,0.08,81.75,69.37,252.00,-0.62,2.12,0.69,-0.04,-0.03,0.14,-5.19,80.00,232.37,0.25,-0.06,-0.56,5,3
1772045566.552350,2905071,0.03,0.07,0.09,81.69,69.44,252.37,-2.12,0.31,-0.37,0.01,0.00,0.18,-5.31,80.06,232.44,0.44,0.37,0.25,5,3
1772045566.743208,2905262,0.00,0.05,0.08,81.56,69.50,252.37,0.50,1.25,-0.44,-0.07,-0.02,0.12,-5.31,80.06,232.44,0.69,0.31,0.13,4,2
1772045566.934022,2905453,0.00,0.06,0.04,81.75,69.50,252.56,-4.12,-0.50,-0.69,-0.03,-0.01,0.16,-5.25,80.00,232.44,-0.94,-0.56,0.00,4,2
1772045567.123903,2905643,0.29,0.01,0.28,82.06,69.56,252.94,-0.13,-3.37,0.44,0.00,-0.01,0.09,-5.25,80.00,232.44,0.50,-1.12,-0.37,4,2
1772045567.314801,2905833,-0.04,0.12,0.03,84.25,69.31,253.00,-0.50,0.75,0.94,-0.02,-0.02,0.20,-5.31,80.06,232.44,-0.13,-0.06,0.25,5,4
1772045567.505802,2906025,0.08,0.07,0.01,83.50,69.31,253.00,-0.56,0.75,-0.06,0.05,-0.12,0.20,-5.19,79.94,232.44,-0.56,-1.00,0.19,4,4
1772045567.696678,2906215,-0.02,0.11,0.05,82.31,69.31,253.00,2.25,6.56,-0.19,-0.03,-0.02,0.13,-5.06,79.94,232.44,-0.19,-0.62,0.37,5,4
1772045567.887144,2906406,0.02,0.01,0.10,78.81,69.25,252.87,3.62,3.75,-0.69,0.00,-0.02,0.13,-4.87,79.87,232.44,-0.94,-0.50,0.31,5,4
1772045568.077815,2906597,0.09,0.03,0.18,76.56,69.25,252.87,0.37,0.69,-0.25,-0.03,0.00,0.10,-4.81,79.87,232.44,0.13,-0.19,-0.44,5,4
1772045568.267425,2906786,-0.01,0.02,0.09,76.81,69.19,252.69,0.62,-2.25,1.12,-0.03,-0.01,0.13,-4.81,79.81,232.50,-0.25,0.00,0.00,5,4
1772045568.459035,2906978,0.05,-0.03,0.03,77.81,69.12,252.50,-0.94,-1.94,-0.62,-0.02,0.03,0.11,-4.75,79.81,232.44,0.50,1.12,-0.37,4,4
1772045568.649778,2907169,0.05,0.03,0.08,78.44,69.19,252.56,0.50,-1.69,0.62,-0.03,0.01,0.11,-4.81,79.75,232.44,-0.19,-0.19,0.19,4,3
1772045568.841258,2907360,0.00,-0.03,0.04,78.81,69.12,252.44,-0.62,-0.81,-0.69,-0.02,-0.02,0.12,-4.75,79.75,232.44,-0.25,-0.31,0.00,4,3
1772045569.032778,2907552,0.02,0.07,0.03,79.12,69.31,252.81,-0.19,0.25,-0.19,-0.02,-0.03,0.14,-4.75,79.75,232.44,-0.56,0.88,0.37,4,5
1772045569.223209,2907742,0.04,0.04,0.07,78.69,69.31,253.00,-1.06,1.37,-0.69,0.04,-0.08,0.16,-4.69,79.69,232.50,-1.19,-1.06,0.25,3,3
1772045569.414762,2907934,0.04,0.14,0.11,78.44,69.50,253.25,-0.37,0.75,-0.25,0.02,-0.01,0.14,-4.69,79.75,232.50,0.13,0.13,0.19,3,3
1772045569.604819,2908124,0.01,0.03,0.05,78.44,69.44,253.12,-0.75,-1.12,0.50,-0.01,-0.05,0.13,-4.69,79.75,232.50,-0.31,-0.31,0.00,3,3
1772045569.797365,2908316,0.00,0.21,0.00,78.94,69.25,252.75,6.12,-1.12,7.87,-0.01,-0.10,0.11,-4.69,79.81,232.56,-0.25,0.13,0.31,3,3
1772045569.989532,2908508,0.04,0.00,0.13,78.50,68.56,251.69,-2.69,1.94,-1.19,0.03,-0.02,0.16,-5.50,79.75,232.56,0.50,-0.13,-0.25,4,3
1772045570.180794,2908700,0.04,0.02,0.07,78.37,68.69,251.94,0.13,0.25,-1.06,-0.05,0.03,0.15,-5.44,79.81,232.56,0.37,-0.06,-0.13,4,3
1772045570.371897,2908891,0.00,-0.08,0.08,78.19,68.69,251.81,1.00,-0.44,0.06,-0.01,-0.05,0.12,-5.31,79.75,232.56,-0.62,-0.13,0.13,5,3
1772045570.562918,2909082,0.02,0.07,0.05,78.19,68.81,252.19,-0.88,0.37,-1.31,-0.02,-0.03,0.10,-5.25,79.75,232.62,0.31,0.06,0.00,5,3
1772045570.754176,2909273,0.06,0.01,0.06,78.19,68.87,252.31,-0.19,-1.06,1.00,-0.02,-0.05,0.11,-5.25,79.75,232.62,0.13,-0.37,-0.25,5,3
1772045570.945459,2909464,0.00,0.06,0.03,78.50,68.87,252.25,-0.50,0.25,-0.13,0.02,-0.06,0.18,-5.25,79.81,232.62,-0.75,-1.44,-0.13,4,3
1772045571.138974,2909658,0.05,0.08,0.05,78.56,68.94,252.37,-0.31,0.31,0.75,0.00,-0.04,0.13,-5.31,79.81,232.62,-0.19,0.62,0.31,5,2
1772045571.332634,2909852,0.00,0.05,0.06,78.56,68.87,252.31,-0.81,0.62,-0.31,0.00,-0.05,0.13,-5.25,79.81,232.69,-0.50,0.00,0.44,5,2
1772045571.524539,2910043,0.03,0.08,0.06,78.31,69.00,252.50,0.13,1.50,0.00,-0.01,-0.05,0.14,-5.25,79.81,232.69,0.13,0.37,-0.13,5,2
1772045571.715298,2910234,0.01,0.00,0.09,78.00,69.00,252.44,0.00,-0.19,0.25,-0.04,-0.02,0.12,-5.25,79.81,232.69,0.00,0.19,-0.37,4,2
1772045571.906252,2910425,0.06,0.00,0.10,78.06,69.00,252.50,0.31,0.06,-0.62,0.00,-0.04,0.17,-5.25,79.81,232.69,-0.06,0.50,-0.31,4,2
1772045572.097028,2910616,0.02,-0.06,0.07,78.00,68.94,252.37,1.37,-0.13,0.25,-0.03,-0.01,0.12,-5.25,79.81,232.69,0.00,-0.56,0.00,3,2
1772045572.287673,2910806,0.04,0.03,0.05,78.12,69.00,252.50,0.31,-0.88,-0.94,-0.02,-0.06,0.14,-5.31,79.94,232.69,0.25,-0.44,0.06,3,2
1772045572.478028,2910997,0.06,0.06,0.15,77.94,69.00,252.56,1.56,0.19,1.00,-0.03,-0.03,0.13,-5.44,79.94,232.69,0.44,-0.06,-0.25,4,1
1772045572.668292,2911188,0.01,0.00,0.07,78.19,68.94,252.31,-0.56,-1.00,0.06,0.00,-0.02,0.14,-5.44,79.94,232.69,0.69,0.56,0.00,5,2
1772045572.859492,2911378,0.03,0.03,0.04,78.37,69.00,252.37,-0.19,0.25,0.37,-0.02,-0.01,0.16,-5.50,80.00,232.69,0.50,0.25,-0.31,5,1
1772045573.049914,2911569,-0.02,-0.02,0.06,78.31,69.00,252.25,-0.25,0.31,-0.19,-0.03,0.00,0.13,-5.50,80.00,232.69,-1.12,-0.50,0.00,5,1
1772045573.240242,2911759,0.01,0.08,0.07,77.69,69.06,252.62,-0.06,1.56,-1.19,-0.01,0.00,0.12,-5.37,80.00,232.81,-0.19,0.06,0.00,5,1
1772045573.430769,2911950,0.02,0.01,0.15,76.94,68.94,252.50,1.50,0.62,0.94,-0.03,-0.01,0.14,-5.37,80.00,232.81,-0.06,0.00,0.06,6,1
1772045573.620272,2912139,0.01,0.00,0.09,76.87,68.87,252.44,-0.50,0.25,-0.44,-0.11,-0.01,0.15,-5.44,80.06,232.81,0.37,0.81,-0.13,7,2
1772045573.812058,2912331,0.05,0.00,0.14,76.81,69.19,253.94,-15.69,3.94,-7.81,-0.01,0.00,0.19,-6.00,80.00,232.94,-1.50,-0.25,0.44,7,1
1772045574.002548,2912522,0.04,0.16,0.01,76.94,70.25,256.50,2.94,-1.69,-0.06,-0.04,-0.07,0.21,-4.00,80.00,232.94,-1.25,1.12,1.62,7,2
1772045574.193481,2912712,-0.01,0.10,0.09,77.25,70.12,256.12,-3.50,2.44,-0.31,-0.02,-0.07,0.07,-2.94,79.87,233.12,-0.31,-0.50,-0.06,7,2
1772045574.383663,2912903,0.03,0.12,0.10,76.25,70.31,256.56,0.94,0.62,0.50,0.01,-0.05,0.17,-2.87,79.87,233.06,0.62,-1.19,0.06,7,2
1772045574.574033,2913093,0.00,0.00,0.05,75.87,70.00,255.81,3.06,0.00,3.56,0.01,0.00,0.16,-3.25,79.81,232.87,0.69,0.25,-0.19,6,2
1772045574.765288,2913284,-0.03,-0.08,0.11,75.75,69.56,255.12,-0.19,0.19,0.94,0.00,0.00,0.09,-3.25,79.75,232.81,-0.44,-0.25,-0.06,6,2
1772045574.955791,2913475,0.00,-0.01,0.03,75.75,69.69,255.50,-3.12,-0.19,-1.25,0.00,-0.01,0.12,-3.19,79.69,232.87,-0.56,0.31,0.00,6,3
1772045575.146387,2913665,0.01,-0.03,0.08,75.25,69.94,256.31,-2.94,0.94,-2.44,-0.05,-0.01,0.04,-3.00,79.62,233.00,-0.62,0.00,0.31,6,3
1772045575.336904,2913856,0.00,0.15,0.08,75.00,70.44,257.31,-1.87,1.50,-2.00,-0.02,-0.01,0.06,-2.87,79.69,233.06,0.06,0.06,0.13,7,3
1772045575.527694,2914047,0.02,-0.01,0.05,74.44,70.37,257.12,3.06,-1.37,2.00,-0.02,-0.06,0.08,-2.94,79.69,233.00,0.13,-0.94,-0.44,7,2
1772045575.718418,2914237,-0.01,0.08,0.00,74.56,70.00,256.31,1.87,-0.44,1.25,-0.01,0.00,0.08,-3.12,79.94,233.06,0.88,-0.75,-0.81,7,3
1772045575.908707,2914428,0.02,-0.07,0.13,73.75,69.62,255.62,0.75,1.19,0.50,-0.03,0.02,0.05,-4.62,79.94,233.00,0.88,-0.69,-0.75,7,2
1772045576.099511,2914618,0.06,-0.11,0.11,73.50,69.50,255.56,-0.88,-0.06,0.37,-0.04,0.04,0.04,-4.75,80.00,233.00,0.00,-0.75,-0.56,8,2
1772045576.289865,2914809,0.04,-0.01,0.04,73.75,69.62,255.81,0.25,-1.81,0.19,0.00,0.00,0.09,-4.75,79.94,233.00,0.00,-0.06,0.44,7,2
1772045576.480574,2915000,0.05,-0.02,0.10,74.25,69.62,255.69,-0.13,0.13,0.13,-0.01,-0.01,0.11,-4.69,80.00,233.06,-0.44,-0.06,0.00,7,2
1772045576.671096,2915190,0.03,0.08,0.03,74.44,69.62,255.75,0.31,-0.44,1.31,-0.01,-0.02,0.11,-4.69,80.00,233.06,0.19,0.44,0.00,8,3
1772045576.861698,2915381,-0.03,-0.05,0.02,74.94,69.44,255.31,-0.31,-1.44,0.56,0.05,-0.04,0.15,-4.69,80.00,233.06,-0.81,-0.69,0.25,7,3
1772045577.051910,2915571,0.00,0.07,0.04,75.25,69.50,255.31,1.00,-0.44,1.25,0.01,0.00,0.12,-4.69,80.00,233.06,0.37,0.62,0.13,7,3
1772045577.243403,2915762,-0.03,-0.05,0.06,75.25,69.25,254.87,-1.31,-0.13,0.94,0.00,-0.02,0.12,-4.69,79.94,233.06,-0.37,-0.56,-0.06,6,3
1772045577.433438,2915953,0.02,0.06,0.05,75.44,69.25,255.12,-0.81,-0.19,-0.62,0.00,-0.04,0.12,-4.62,79.94,233.06,0.44,0.13,-0.06,8,5
1772045577.624374,2916143,0.02,0.00,0.05,75.50,69.25,255.00,0.75,-0.31,1.37,-0.01,-0.04,0.09,-4.62,79.87,233.06,-0.13,0.19,0.31,8,6
1772045577.814189,2916333,0.00,0.01,0.08,75.50,69.25,254.94,-1.37,0.56,-1.12,-0.02,-0.02,0.09,-4.62,79.94,233.12,0.06,0.06,0.25,8,6
1772045578.004880,2916524,0.01,-0.04,0.07,75.81,69.31,254.94,0.00,-1.19,0.37,-0.02,-0.04,0.08,-4.56,79.94,233.12,-0.69,0.06,-0.13,8,6
1772045578.195901,2916715,0.00,0.00,0.02,76.25,69.31,255.00,-1.50,-1.19,-0.94,0.00,-0.04,0.09,-4.56,79.94,233.12,0.13,-0.06,-0.06,9,6
1772045578.386385,2916906,0.00,0.00,0.03,76.56,69.25,255.00,0.50,-0.56,0.94,-0.01,-0.04,0.14,-4.56,79.94,233.12,-0.37,0.00,-0.31,9,5
1772045578.577405,2917096,0.02,-0.07,0.02,76.69,69.25,255.06,-0.88,1.56,-0.94,-0.03,-0.02,0.16,-4.56,79.94,233.19,0.19,0.69,0.19,8,5
1772045578.767522,2917287,0.01,-0.03,0.09,76.37,69.31,255.19,0.56,-1.44,0.19,-0.06,-0.07,0.14,-4.56,79.94,233.19,0.44,-0.69,0.50,8,4
1772045578.957927,2917477,-0.03,0.02,0.03,76.81,69.37,255.31,-0.25,1.37,-1.37,-0.02,-0.06,0.15,-4.62,80.06,233.19,-0.37,-0.31,-0.31,8,4
1772045579.148805,2917668,0.07,0.07,0.08,76.19,69.44,255.75,-0.69,0.25,0.06,-0.03,-0.02,0.15,-5.44,80.06,233.31,0.00,-0.56,-1.12,8,6
1772045579.339629,2917859,0.06,-0.02,0.11,76.37,69.31,255.37,0.25,-5.56,2.00,-0.07,-0.10,0.06,-6.25,80.00,233.37,-0.25,-0.56,-0.69,7,4
1772045579.530365,2918049,0.00,0.03,-0.04,78.69,69.25,255.06,-1.12,-2.62,0.75,-0.01,-0.06,0.19,-6.69,80.00,233.37,0.50,0.00,-0.25,6,4
1772045579.720450,2918239,-0.03,0.02,-0.02,80.00,69.19,254.81,-0.75,-1.69,1.00,-0.04,-0.06,0.11,-6.69,80.00,233.37,-0.44,-0.25,0.13,6,3
1772045579.910288,2918430,0.02,0.03,0.05,80.00,69.19,254.87,-1.19,0.56,-0.44,-0.02,-0.01,0.16,-6.69,80.00,233.37,0.00,0.06,0.25,6,4
1772045580.101764,2918621,0.01,-0.03,0.00,80.00,69.19,254.87,0.25,-0.69,0.25,-0.03,-0.05,0.13,-6.69,80.00,233.37,0.37,0.19,0.06,6,4
1772045580.292739,2918812,0.01,0.05,0.00,80.06,69.25,255.06,-0.88,1.19,-0.75,-0.01,-0.02,0.15,-6.50,80.06,233.31,0.94,-0.50,-0.06,7,4
1772045580.483703,2919003,0.02,-0.04,0.05,79.69,69.25,255.12,-0.31,-0.50,0.25,-0.01,-0.06,0.12,-6.25,80.00,233.25,-0.31,-0.37,-0.06,7,4
1772045580.674273,2919193,0.00,0.00,0.03,79.81,69.25,255.25,-1.00,-0.19,-0.62,-0.02,-0.04,0.12,-6.06,79.94,233.25,-0.06,0.00,0.06,7,4
1772045580.864871,2919384,0.00,-0.01,0.04,79.75,69.31,255.31,0.81,0.13,0.19,0.00,-0.09,0.07,-5.87,79.87,233.25,0.13,0.06,-0.13,8,4
1772045581.056212,2919575,0.01,-0.02,0.08,79.56,69.31,255.31,-0.62,0.56,-1.69,-0.02,-0.03,0.12,-5.62,79.87,233.25,-0.31,-0.13,-0.37,7,3
1772045581.246704,2919766,0.06,-0.03,0.10,79.50,69.31,255.31,0.81,-1.06,0.75,0.00,-0.04,0.12,-5.56,79.81,233.25,0.25,-0.06,-0.19,6,2
1772045581.437024,2919956,0.00,0.00,0.03,79.81,69.25,255.31,-0.19,0.06,-0.50,-0.02,-0.03,0.11,-5.56,79.81,233.25,0.00,0.00,-0.06,6,3
1772045581.628202,2920147,0.02,0.03,0.09,79.69,69.25,255.31,0.88,0.37,1.00,-0.01,-0.05,0.09,-5.56,79.81,233.25,-0.25,0.13,-0.06,6,3
1772045581.819848,2920339,0.00,0.03,0.05,79.75,69.19,255.25,-0.44,-1.06,-0.06,0.01,-0.09,0.15,-5.56,79.87,233.25,-0.19,-1.62,0.44,6,3
1772045582.011221,2920530,0.00,0.08,0.00,80.19,69.31,255.31,0.31,-0.25,-0.13,-0.01,-0.04,0.12,-5.75,80.00,233.25,-0.06,0.06,-0.13,6,3
1772045582.203010,2920722,0.04,-0.03,0.13,79.87,69.25,255.19,0.75,0.44,0.75,0.00,-0.02,0.10,-5.75,80.00,233.25,-0.06,-0.50,0.06,6,2
1772045582.392517,2920911,0.01,0.07,0.05,80.06,69.25,255.19,-1.00,-0.88,-0.19,-0.02,-0.03,0.11,-5.75,80.00,233.25,-0.25,0.00,-0.31,6,3
1772045582.584224,2921103,0.01,0.00,0.05,80.50,69.31,255.12,-0.06,-0.56,0.37,-0.03,0.00,0.15,-5.75,80.00,233.25,-0.31,0.31,0.06,5,3
1772045582.775895,2921295,0.03,0.10,0.08,80.37,69.37,255.25,-0.44,1.50,-1.00,-0.06,0.01,0.09,-5.75,80.06,233.25,0.00,0.13,0.00,5,3
1772045582.968347,2921487,0.00,-0.02,0.10,80.19,69.31,255.12,0.06,-0.94,0.94,-0.01,-0.05,0.12,-5.75,80.00,233.25,-0.37,-0.19,-0.25,5,2
1772045583.160225,2921679,0.04,0.04,0.04,80.31,69.31,255.19,-0.94,0.31,-0.75,-0.01,-0.02,0.16,-5.69,80.00,233.25,0.13,-0.13,-0.31,5,2
1772045583.351384,2921871,0.01,0.01,0.04,80.37,69.25,255.12,0.62,-0.31,1.19,-0.05,-0.06,0.11,-5.69,80.00,233.25,0.50,0.31,-0.06,5,2
1772045583.543584,2922063,0.02,0.00,0.07,80.44,69.25,255.12,-1.25,0.25,-1.50,-0.03,-0.01,0.14,-5.69,80.06,233.31,0.19,0.19,-0.19,5,2
1772045583.735611,2922255,0.03,0.00,0.10,80.50,69.25,255.19,0.69,-0.50,1.12,0.00,-0.03,0.12,-5.69,80.06,233.31,0.31,-0.56,0.00,4,2
1772045583.928809,2922448,0.04,0.01,0.03,80.75,69.19,255.25,-0.94,-0.94,-0.31,-0.02,-0.01,0.12,-5.75,80.12,233.31,0.13,-0.62,0.06,4,2
1772045584.121223,2922640,0.03,0.04,0.03,81.00,69.25,255.37,1.06,0.25,0.56,-0.01,-0.02,0.14,-5.75,80.12,233.31,0.19,-0.13,-0.06,4,2
1772045584.310602,2922830,0.01,0.03,0.06,80.94,69.19,255.25,-0.56,-0.19,-0.19,0.02,-0.06,0.15,-5.75,80.12,233.31,-0.81,-1.37,0.37,3,2
1772045584.500617,2923020,0.08,0.11,0.09,80.94,69.25,255.37,-0.06,-0.19,0.81,0.00,-0.04,0.14,-5.75,80.12,233.31,0.06,0.19,0.13,3,2
1772045584.693489,2923213,-0.02,0.05,0.04,81.50,69.19,255.25,-0.81,-0.69,0.44,0.01,-0.06,0.14,-5.75,80.12,233.31,-0.06,0.06,0.56,3,2
1772045584.884302,2923404,0.05,0.11,0.08,81.75,69.31,255.44,-1.25,0.19,0.06,0.00,-0.03,0.16,-5.75,80.12,233.31,0.25,0.13,-0.31,3,2
1772045585.075371,2923595,-0.03,-0.04,0.06,82.00,69.19,255.25,-0.81,-0.13,0.37,-0.03,-0.05,0.13,-5.75,80.12,233.31,0.19,0.00,0.19,3,2
1772045585.266311,2923785,0.03,0.03,0.04,82.25,69.25,255.37,-0.31,-0.75,-1.62,-0.03,-0.02,0.17,-5.81,80.19,233.31,0.13,-0.44,-0.19,3,2
1772045585.457128,2923976,0.00,0.00,0.06,82.44,69.25,255.31,1.31,-0.37,0.50,-0.01,0.00,0.13,-5.75,80.19,233.31,0.00,-0.25,-0.44,4,2
1772045585.648248,2924167,0.02,-0.02,0.11,82.50,69.25,255.31,0.00,-0.69,-0.19,-0.03,0.00,0.15,-5.87,80.19,233.31,0.13,-0.13,-0.25,4,2
1772045585.838597,2924358,0.01,0.03,0.05,82.50,69.25,255.31,1.06,-0.44,0.50,-0.02,0.00,0.15,-5.87,80.19,233.31,0.13,0.13,-0.06,5,3
1772045586.029128,2924548,0.01,0.01,0.03,82.69,69.19,255.19,-0.19,-0.44,-0.50,0.00,-0.04,0.15,-5.87,80.19,233.31,-0.13,-0.37,-0.25,4,4
1772045586.219577,2924739,0.04,0.09,0.05,82.56,69.25,255.31,-0.06,0.25,0.37,-0.01,0.00,0.16,-5.87,80.19,233.37,-0.06,0.50,0.13,5,3
1772045586.410764,2924930,0.01,-0.01,0.03,82.75,69.19,255.12,-0.31,-0.37,0.44,-0.02,-0.02,0.15,-5.87,80.19,233.37,-0.37,-0.44,0.44,5,3
1772045586.601081,2925121,0.03,0.10,0.05,82.81,69.31,255.37,-0.94,0.44,-0.31,-0.03,0.00,0.17,-5.87,80.19,233.37,0.13,0.56,0.00,5,4
1772045586.791786,2925311,-0.01,0.01,0.03,83.00,69.25,255.19,0.37,-0.69,0.25,-0.04,0.00,0.11,-5.87,80.19,233.37,0.25,0.62,-0.19,4,4
1772045586.982046,2925501,0.02,0.09,0.06,82.87,69.31,255.37,-1.06,0.69,-0.69,-0.01,-0.01,0.14,-5.81,80.25,233.37,0.81,-0.50,-0.13,4,4
1772045587.172511,2925692,0.07,-0.03,0.10,82.87,69.25,255.31,-0.44,-0.19,0.44,-0.03,-0.03,0.18,-5.94,80.25,233.31,0.00,-0.56,-0.25,3,3
1772045587.362861,2925882,0.00,0.03,0.02,83.31,69.31,255.50,-0.88,-0.25,-0.81,-0.02,-0.01,0.18,-5.94,80.31,233.31,-0.06,-0.13,-0.19,3,4
1772045587.553256,2926072,-0.01,0.02,0.06,83.37,69.25,255.50,1.19,0.00,0.62,-0.04,-0.03,0.12,-5.94,80.31,233.31,-0.06,0.19,-0.13,3,4
1772045587.743681,2926263,0.06,0.01,0.08,83.31,69.31,255.44,0.00,0.13,-0.62,-0.04,-0.03,0.17,-5.94,80.31,233.37,0.56,0.56,-0.37,3,3
1772045587.934247,2926453,0.02,0.00,0.07,83.50,69.25,255.31,2.12,-1.50,1.69,-0.01,-0.05,0.16,-5.94,80.31,233.31,0.19,-0.50,-0.06,3,2
1772045588.124815,2926644,0.00,0.03,0.02,83.94,69.12,255.12,-0.25,0.37,-0.44,0.00,-0.02,0.16,-6.19,80.31,233.37,-0.50,-0.19,-0.62,3,2
1772045588.314112,2926833,0.07,0.11,0.08,83.75,69.06,255.37,-0.37,-0.19,-0.50,-0.03,-0.01,0.16,-6.81,80.37,233.50,1.31,1.12,0.37,3,3
1772045588.505931,2927025,0.01,0.00,0.05,83.94,69.06,255.37,-0.56,-0.50,-0.25,-0.06,-0.03,0.14,-6.81,80.37,233.37,0.37,-0.62,0.37,3,4
1772045588.696273,2927216,0.05,0.13,0.06,83.81,69.06,255.69,-2.37,3.37,1.06,-0.03,0.00,0.12,-6.31,80.31,233.31,-0.13,0.37,0.19,3,3
1772045588.886990,2927406,0.04,0.01,0.13,82.62,68.87,255.62,1.87,0.81,0.75,-0.02,-0.02,0.08,-6.06,80.12,233.31,-0.50,0.69,0.62,3,3
1772045589.077600,2927597,0.03,0.10,0.09,82.25,68.81,255.37,1.25,-0.50,0.31,-0.02,-0.02,0.18,-5.50,80.06,233.25,0.13,0.06,-0.25,4,3
1772045589.268267,2927788,0.04,-0.02,0.09,82.00,68.44,254.62,3.25,-0.62,1.50,0.02,-0.06,0.16,-5.37,79.94,233.25,-0.06,0.56,-0.25,4,3
1772045589.459100,2927978,0.04,0.07,0.07,82.00,68.50,254.62,0.13,0.88,-1.19,-0.04,0.02,0.12,-5.25,79.87,233.31,-0.25,0.13,-0.06,3,3
1772045589.649733,2928169,0.01,0.03,0.11,81.94,68.50,254.56,0.62,-0.44,-0.25,-0.03,-0.03,0.11,-5.25,79.87,233.31,-0.75,-0.31,0.06,3,3
1772045589.840560,2928360,0.01,0.08,0.07,82.44,68.56,254.62,-1.12,-1.25,-1.25,-0.02,-0.04,0.08,-5.12,79.87,233.37,0.19,-0.13,-0.13,2,3
1772045590.031050,2928550,0.06,0.04,0.09,82.81,68.62,254.81,-0.62,0.44,0.94,-0.03,-0.03,0.12,-5.19,79.87,233.37,0.13,-0.44,-0.44,3,3
1772045590.221568,2928741,0.02,0.02,0.08,83.12,68.62,255.00,-1.75,0.13,-1.56,-0.02,0.00,0.11,-5.19,80.00,233.44,-0.06,-0.50,-0.44,3,2
1772045590.412325,2928932,0.08,0.12,0.13,83.06,68.81,255.62,0.00,-0.31,-0.19,-0.02,-0.01,0.10,-5.25,80.00,233.44,0.19,-0.31,0.13,3,1
1772045590.602899,2929122,-0.06,0.04,-0.02,83.56,69.00,255.37,9.50,-3.06,-3.25,-0.03,0.03,0.21,-5.50,80.19,233.50,-0.75,-0.75,-0.06,3,2
1772045590.793406,2929313,0.09,0.17,0.13,82.56,69.31,255.81,-6.56,4.06,-0.37,-0.01,0.01,0.07,-5.75,80.19,233.56,-0.50,-0.37,-0.44,4,3
1772045590.984149,2929503,-0.03,0.06,0.03,82.25,69.37,256.50,-1.06,0.06,-0.25,0.03,-0.05,0.19,-5.75,80.19,233.56,-0.50,-0.94,-0.06,4,3
1772045591.174094,2929694,0.05,0.16,0.02,82.12,69.50,256.81,1.06,0.25,0.50,0.02,-0.03,0.19,-5.69,80.19,233.56,0.81,0.94,0.81,4,3
1772045591.365012,2929885,0.00,0.03,0.09,81.69,69.31,256.25,0.75,0.94,1.44,-0.01,-0.02,0.07,-5.44,80.12,233.50,-0.13,0.19,0.44,4,3
1772045591.555081,2930075,0.03,0.10,0.08,81.00,69.19,255.87,3.69,-0.44,2.19,-0.02,0.00,0.12,-4.56,80.00,233.31,0.62,0.88,0.69,5,3
1772045591.746244,2930266,0.02,-0.07,0.09,80.44,68.75,254.69,3.12,-1.19,2.37,0.03,-0.05,0.17,-4.37,80.00,233.19,0.69,0.25,0.31,5,3
1772045591.937086,2930456,-0.03,0.01,0.09,80.56,68.50,254.31,-0.56,0.88,-2.06,-0.05,0.04,0.06,-4.37,80.06,233.19,0.69,0.50,-0.31,4,3
1772045592.127562,2930647,0.04,-0.07,0.11,80.25,68.56,254.50,0.44,-0.88,0.37,0.00,-0.05,0.15,-4.31,80.06,233.25,-0.75,0.25,-0.31,4,3
1772045592.318165,2930837,0.01,0.00,0.06,80.75,68.81,254.75,-2.56,-0.69,-1.75,-0.04,-0.04,0.14,-4.00,80.06,233.37,-0.81,-0.13,-0.31,4,4
1772045592.508681,2931028,0.07,0.16,0.06,81.00,69.12,255.62,-0.69,1.00,-1.12,-0.05,-0.02,0.13,-3.94,80.06,233.44,0.25,0.50,-0.13,4,3
1772045592.699392,2931219,-0.04,0.01,0.05,80.94,69.12,255.56,0.13,-0.13,1.44,0.00,0.01,0.15,-4.12,80.00,233.37,-0.62,-1.31,-0.31,3,2
1772045592.889680,2931409,0.06,0.00,0.10,80.56,69.00,255.56,1.94,0.44,0.75,-0.02,0.02,0.14,-4.19,80.06,233.37,-0.44,0.19,-0.13,3,2
1772045593.080555,2931600,0.02,0.05,0.05,80.81,68.94,255.44,-0.19,-1.56,-0.06,-0.02,0.00,0.13,-4.06,80.06,233.37,-0.19,-0.13,0.56,3,2
1772045593.270647,2931790,0.07,0.13,0.07,81.19,68.94,255.50,-1.87,0.44,-0.50,-0.03,0.00,0.14,-4.06,80.06,233.37,0.31,0.00,-0.06,4,3
1772045593.461589,2931981,0.04,0.01,0.07,81.19,68.94,255.37,0.88,0.13,0.94,-0.01,-0.03,0.17,-4.06,80.06,233.37,0.37,0.13,-0.25,4,4
1772045593.652196,2932172,0.02,0.10,0.08,81.19,68.87,255.37,-0.44,0.13,-0.19,-0.02,0.03,0.12,-4.06,80.12,233.37,0.37,-0.25,0.00,4,3
1772045593.842901,2932362,0.02,0.00,0.05,81.19,68.75,255.12,-0.62,-0.69,0.25,-0.03,0.00,0.12,-4.06,80.12,233.37,-0.19,-0.25,0.06,5,3
1772045594.033614,2932553,0.00,0.08,0.04,81.62,68.75,255.19,-1.06,-1.62,-0.37,-0.01,0.01,0.16,-4.06,80.12,233.37,0.00,-0.25,-0.13,5,3
1772045594.223666,2932743,-0.01,0.08,0.11,81.81,68.75,255.37,-4.19,2.12,-0.94,-0.05,0.05,0.15,-4.12,80.12,233.44,-0.69,0.31,0.56,5,3
1772045594.413747,2932933,0.01,0.01,0.08,81.87,68.81,255.87,-0.44,-0.50,-1.44,-0.03,0.00,0.14,-3.69,80.12,233.50,-0.19,0.25,0.00,5,3
1772045594.605269,2933125,0.03,0.04,0.10,81.87,69.00,256.06,0.81,-0.44,0.13,-0.03,-0.01,0.13,-3.69,80.12,233.50,-0.25,-0.56,-0.37,5,3
1772045594.795944,2933315,0.05,0.07,0.04,82.06,69.00,256.12,0.81,-0.50,0.06,-0.02,0.00,0.14,-3.75,80.12,233.56,0.56,-0.25,-0.31,5,3
1772045594.986543,2933506,0.03,0.05,0.09,82.06,68.94,256.00,0.69,0.62,1.31,0.00,0.00,0.12,-4.00,80.12,233.56,0.56,0.00,-0.19,7,4
1772045595.177473,2933697,0.02,0.06,0.07,82.00,68.87,255.81,-0.50,0.25,-0.19,0.00,-0.05,0.14,-4.00,80.12,233.56,-0.06,0.06,0.06,5,3
1772045595.368109,2933888,0.01,0.14,0.10,81.94,68.87,255.87,1.06,1.06,0.69,0.00,-0.02,0.18,-4.00,80.19,233.62,-0.25,0.37,0.06,5,3
1772045595.559298,2934079,0.00,0.07,0.07,81.87,68.81,255.69,-1.06,-0.13,-0.06,-0.01,0.00,0.14,-4.00,80.19,233.62,-0.62,-0.06,0.44,5,3
1772045595.749659,2934269,0.04,0.14,0.05,81.69,68.87,255.81,0.31,1.81,0.19,-0.03,0.01,0.17,-4.00,80.19,233.62,0.00,0.19,-0.06,5,3
1772045595.940507,2934460,-0.03,0.05,0.09,81.19,68.75,255.56,0.50,0.56,-0.06,-0.09,0.05,0.09,-4.00,80.19,233.62,-0.31,-0.25,0.06,5,3
1772045596.129938,2934650,0.04,0.12,0.14,80.50,68.81,255.75,0.19,1.50,-0.69,-0.02,0.05,0.15,-3.94,80.19,233.62,0.19,-0.13,0.00,5,3
1772045596.319984,2934839,0.03,-0.05,0.13,79.94,68.69,255.56,0.44,1.81,0.00,-0.04,0.03,0.11,-3.94,80.19,233.62,-0.69,-0.56,-0.19,5,3
1772045596.511731,2935031,0.07,0.05,0.15,79.44,68.75,255.69,-0.50,0.19,-1.00,-0.01,0.02,0.13,-3.94,80.19,233.69,0.06,-0.25,-0.25,5,3
1772045596.702973,2935223,0.00,0.03,0.11,80.12,68.75,255.69,0.37,-1.06,0.56,0.02,-0.05,0.19,-3.94,80.19,233.69,0.31,0.06,0.06,5,3
1772045596.893893,2935413,0.04,0.08,0.11,80.31,68.81,255.69,-0.50,0.06,-1.69,-0.05,0.06,0.13,-4.00,80.25,233.69,-0.06,-0.19,-0.13,3,2
1772045597.084326,2935604,-0.01,-0.01,0.16,80.25,68.75,255.62,0.37,-0.50,0.19,0.00,0.00,0.14,-4.00,80.25,233.69,-0.19,-0.19,-0.19,3,1
1772045597.275922,2935796,0.00,0.03,0.15,80.31,68.81,255.75,-0.44,0.19,-0.94,-0.04,0.00,0.09,-4.00,80.25,233.69,-0.13,-0.13,0.06,3,1
1772045597.468459,2935988,0.04,0.05,0.14,79.94,68.81,255.81,0.88,0.31,1.00,-0.04,0.00,0.09,-4.00,80.25,233.69,-0.06,0.13,0.00,3,1
1772045597.660851,2936180,0.04,0.06,0.14,80.00,68.75,255.69,-0.31,-0.25,-0.81,-0.01,0.02,0.17,-4.00,80.25,233.69,0.13,0.81,-0.50,4,1
1772045597.852552,2936372,0.05,-0.04,0.14,80.06,68.69,255.62,1.50,-1.50,0.37,-0.01,0.00,0.15,-4.06,80.25,233.69,-0.13,-0.56,-0.37,4,1
1772045598.044050,2936564,-0.01,0.04,0.09,80.50,68.75,255.62,0.06,0.19,-0.81,-0.02,0.03,0.19,-4.06,80.25,233.69,-0.06,0.06,-0.06,4,1
1772045598.235633,2936755,0.06,0.05,0.16,80.44,68.75,255.75,1.25,-0.44,0.81,-0.03,0.00,0.13,-4.06,80.25,233.69,0.13,0.06,-0.06,3,2
1772045598.426064,2936945,0.00,0.07,0.09,80.56,68.69,255.69,-0.56,-0.62,0.00,-0.04,0.03,0.16,-4.06,80.31,233.69,-0.13,-0.94,-0.06,3,1
1772045598.617490,2937137,0.03,0.09,0.13,80.81,68.75,255.62,1.37,-1.06,0.88,0.01,0.03,0.18,-4.12,80.31,233.69,0.50,1.06,0.00,4,1
1772045598.810921,2937330,0.08,0.06,0.11,81.00,68.75,255.56,-1.31,-0.31,-0.25,-0.03,0.00,0.16,-4.12,80.31,233.62,-0.50,-0.19,0.44,4,1
1772045599.002938,2937523,0.03,0.13,0.13,80.94,68.87,255.81,-0.88,1.62,-0.25,-0.04,0.04,0.18,-4.12,80.31,233.62,0.37,0.25,-0.37,6,3
1772045599.192422,2937712,0.00,0.04,0.11,81.06,68.81,255.62,0.44,-1.75,0.44,-0.01,-0.01,0.13,-4.19,80.31,233.69,-0.31,-0.62,-0.50,7,3
1772045599.385317,2937905,0.06,0.12,0.13,81.19,68.87,255.81,-0.62,0.31,0.13,-0.01,0.05,0.23,-4.25,80.37,233.69,0.19,0.37,0.06,6,3
1772045599.577378,2938097,0.00,0.05,0.12,81.25,68.87,255.81,0.19,0.37,0.81,-0.03,0.03,0.14,-4.31,80.25,233.69,-0.31,-0.31,0.25,6,3
1772045599.768450,2938288,0.03,0.10,0.09,81.25,68.87,255.87,-0.81,-0.50,-0.44,-0.04,0.06,0.16,-4.44,80.12,233.75,0.44,0.31,0.00,6,4
1772045599.959469,2938479,0.00,0.03,0.09,81.50,68.81,255.69,1.00,-1.56,1.37,-0.06,-0.07,0.15,-4.31,80.00,233.69,-1.12,-1.19,0.50,6,4
1772045600.150097,2938670,0.05,0.14,0.10,81.75,68.87,255.87,-1.87,0.44,-1.25,-0.02,0.01,0.13,-4.25,80.06,233.75,0.31,0.13,0.50,6,4
1772045600.341172,2938861,0.00,0.05,0.10,81.81,68.94,255.87,0.06,-0.88,0.56,-0.01,0.00,0.10,-3.94,79.94,233.81,-0.94,0.25,0.69,6,4
1772045600.531662,2939051,0.04,0.08,0.14,81.75,69.06,256.19,-2.87,1.00,-1.56,-0.02,-0.02,0.13,-3.31,79.94,233.81,-0.56,-0.31,0.06,6,5
1772045600.722109,2939242,0.02,0.12,0.07,81.56,69.25,256.50,-0.31,-0.31,0.13,-0.01,0.00,0.09,-3.31,79.94,233.81,1.00,0.69,-0.25,5,5
1772045600.912407,2939432,0.03,0.05,0.11,81.19,69.19,256.37,0.37,0.75,0.56,-0.02,0.00,0.14,-3.62,80.00,233.81,0.62,-0.25,-0.62,4,4
1772045601.103368,2939623,0.00,-0.02,0.09,80.81,69.00,256.06,0.37,-0.31,0.69,-0.04,0.01,0.13,-3.75,79.94,233.81,-0.44,-0.13,-0.19,3,3
1772045601.293906,2939814,0.01,0.02,0.08,80.50,69.06,256.19,-0.37,0.31,-1.25,-0.02,0.01,0.14,-3.56,79.94,233.81,-0.44,0.13,0.25,3,3
1772045601.484283,2940004,0.02,0.03,0.13,80.06,69.12,256.25,0.88,0.19,0.37,-0.03,-0.02,0.11,-3.56,79.94,233.81,-0.19,0.50,0.19,4,3
1772045601.674989,2940195,0.06,0.02,0.12,80.00,69.12,256.25,-0.06,-1.25,-0.50,-0.01,0.01,0.15,-3.50,79.94,233.87,0.19,0.31,-0.37,4,3
1772045601.865481,2940385,0.03,0.01,0.06,80.44,69.12,256.25,1.37,-0.94,0.19,-0.02,-0.02,0.15,-3.56,79.94,233.87,0.75,0.25,-0.06,5,2
1772045602.056157,2940576,0.03,0.00,0.09,80.69,69.06,256.12,-0.50,-0.37,-0.31,-0.04,0.01,0.16,-3.56,79.94,233.87,0.31,-0.19,-0.13,5,2
1772045602.246618,2940766,0.05,0.03,0.09,80.81,69.06,256.25,0.69,-0.19,0.44,0.00,0.00,0.10,-3.56,80.00,233.87,0.50,-0.62,-0.06,6,3
1772045602.437141,2940957,0.03,0.08,0.12,80.87,69.06,256.25,-1.25,0.31,-0.37,0.00,0.02,0.10,-3.81,80.06,233.87,0.25,-0.37,-0.75,5,3
1772045602.627683,2941148,0.02,0.06,0.14,80.87,69.12,256.31,-0.44,0.13,0.81,-0.02,0.01,0.14,-4.00,80.12,233.94,0.25,0.31,-0.06,6,3
1772045602.818534,2941338,-0.02,0.01,0.06,81.19,69.00,256.06,-0.88,-0.06,0.50,0.00,-0.01,0.14,-3.94,80.12,234.00,-1.06,-0.50,-0.06,6,2
1772045603.009156,2941529,0.05,0.09,0.10,81.25,69.12,256.31,-1.19,-0.44,-0.62,-0.03,0.03,0.10,-3.94,80.12,234.00,0.06,-0.13,-0.13,5,3
1772045603.199848,2941719,-0.07,0.07,0.10,81.12,69.12,256.31,-1.31,1.06,-0.19,-0.01,0.00,0.16,-4.19,80.12,234.06,0.44,-0.88,-1.12,5,3
1772045603.390010,2941910,0.02,0.08,0.04,81.37,69.00,256.37,0.94,-1.37,1.37,-0.03,0.07,0.19,-5.37,80.31,234.06,1.94,0.37,-1.06,5,3
1772045603.580696,2942101,0.00,-0.09,0.16,81.56,68.56,255.56,2.25,-1.44,1.69,-0.02,0.04,0.11,-6.00,80.25,234.00,0.13,0.06,-0.06,4,2
1772045603.771648,2942291,-0.01,0.03,0.06,81.87,68.62,255.56,-0.88,-1.31,-1.19,-0.03,-0.01,0.15,-5.31,80.25,234.00,-1.00,0.25,0.94,4,2
1772045603.962100,2942482,0.06,0.11,0.10,81.44,68.87,256.00,-0.94,1.81,-1.12,-0.01,-0.03,0.14,-5.00,80.19,234.00,-0.37,0.25,0.25,3,3
1772045604.152861,2942673,0.00,0.11,0.10,81.19,68.87,256.12,-0.69,1.00,-0.25,-0.03,0.00,0.13,-5.00,80.25,234.00,-0.88,-1.19,0.19,2,2
1772045604.343644,2942863,0.06,0.11,0.11,80.25,68.87,256.50,-0.69,2.37,1.25,-0.02,-0.04,0.12,-5.00,80.25,234.00,0.06,0.31,-0.37,3,2
1772045604.534110,2943054,0.02,0.03,0.14,79.75,68.75,256.50,0.00,1.06,-0.13,-0.03,-0.01,0.17,-5.00,80.25,234.06,-0.56,-0.06,0.37,3,2
1772045604.724575,2943244,-0.03,0.00,0.08,80.44,68.75,256.19,0.56,-2.62,1.19,-0.03,0.00,0.10,-5.00,80.25,234.06,0.37,0.06,-0.37,3,2
1772045604.915567,2943435,0.01,0.04,0.01,80.69,68.75,256.31,-0.44,-0.75,-0.50,-0.07,0.02,0.14,-5.00,80.25,234.06,-0.56,-0.31,-0.13,3,2
1772045605.106130,2943626,-0.03,0.10,0.09,80.69,68.81,256.44,0.56,0.81,-0.69,-0.02,0.01,0.15,-4.94,80.31,234.06,0.00,0.31,0.25,3,2
1772045605.297129,2943817,-0.02,0.03,0.18,80.19,68.75,256.44,-2.37,-3.87,-0.13,-0.03,-0.02,0.16,-4.94,80.31,234.06,-0.06,0.25,0.44,3,2
1772045605.487305,2944007,0.06,0.04,0.00,80.81,68.87,256.50,-1.00,-0.37,-0.62,0.00,0.00,0.13,-4.75,80.31,234.06,0.00,-0.25,-0.25,3,2
1772045605.677836,2944198,0.04,0.02,0.05,80.37,68.81,256.56,1.50,0.25,0.62,-0.02,-0.02,0.14,-4.75,80.31,234.06,0.00,-0.69,-0.19,3,1
1772045605.868718,2944388,0.05,0.00,0.10,79.87,68.81,256.56,-0.19,0.88,-0.06,-0.07,0.01,0.10,-4.81,80.44,234.06,0.19,-0.81,-0.06,3,1
1772045606.059261,2944579,0.06,0.01,0.14,79.56,68.94,256.69,1.25,0.13,0.81,0.00,-0.06,0.21,-4.81,80.44,234.06,-0.06,0.37,-0.13,3,1
1772045606.250023,2944770,0.05,-0.03,0.10,79.56,68.87,256.69,-0.13,0.44,-0.69,-0.05,0.00,0.18,-4.75,80.44,234.12,-0.88,0.00,0.25,3,1
1772045606.440125,2944960,0.03,0.11,0.05,79.56,69.06,256.94,0.44,0.37,0.06,-0.03,0.01,0.18,-4.69,80.44,234.19,0.00,0.69,0.06,4,2
1772045606.631687,2945151,0.00,0.03,0.07,79.44,69.00,256.81,-0.19,-0.25,-0.19,-0.03,-0.08,0.14,-4.69,80.37,234.19,-0.31,-0.37,-0.37,4,2
1772045606.821448,2945342,0.03,0.10,0.05,79.31,69.06,256.94,0.44,0.69,0.00,0.00,0.00,0.21,-4.69,80.44,234.19,0.37,0.25,0.25,4,2
1772045607.012722,2945532,-0.01,0.04,0.07,79.56,69.00,256.81,-0.69,-0.69,-0.06,-0.02,-0.01,0.19,-4.50,80.44,234.25,-0.62,0.00,0.81,4,2
1772045607.203675,2945723,0.03,0.08,0.09,79.62,69.12,257.00,-1.19,-0.06,-1.00,-0.02,-0.01,0.18,-4.12,80.44,234.25,-0.13,-0.44,-0.06,4,2
1772045607.393822,2945914,0.00,0.02,0.09,79.69,69.12,257.06,-0.75,0.06,0.06,-0.02,0.04,0.22,-4.12,80.44,234.25,-0.37,-0.31,-0.25,5,2
1772045607.584421,2946104,0.08,0.10,0.10,79.62,69.12,257.37,-1.37,0.31,-1.50,-0.04,0.04,0.15,-4.12,80.50,234.25,0.31,-0.25,-0.19,5,2
1772045607.775097,2946295,0.02,-0.03,0.10,79.75,69.06,257.37,0.37,-0.50,0.56,-0.04,-0.04,0.17,-4.12,80.50,234.25,-0.44,-0.19,-0.31,5,2
1772045607.965897,2946486,0.02,0.03,0.11,79.75,69.12,257.44,-0.44,0.37,-1.00,-0.03,0.00,0.20,-4.12,80.50,234.25,0.25,-0.06,-0.06,5,2
1772045608.156595,2946676,0.02,0.02,0.14,79.75,69.12,257.44,0.69,-0.62,0.88,-0.05,-0.04,0.20,-4.12,80.50,234.25,0.06,0.13,-0.06,5,3
1772045608.346997,2946867,0.03,-0.01,0.06,80.12,69.06,257.37,0.13,0.31,0.19,-0.07,0.01,0.15,-4.12,80.56,234.25,0.37,0.62,-0.31,3,2
1772045608.537692,2947058,0.06,0.05,0.14,80.12,69.06,257.31,1.87,-0.25,0.88,-0.05,-0.03,0.24,-4.19,80.50,234.25,-0.44,-0.19,0.50,3,2
1772045608.728194,2947248,0.05,0.04,0.10,80.00,69.06,257.25,0.00,1.06,-1.00,-0.01,-0.02,0.20,-4.12,80.50,234.31,-0.13,0.06,0.25,3,2
1772045608.919061,2947439,0.05,0.06,0.12,79.69,69.12,257.44,0.94,0.00,0.31,-0.02,-0.02,0.19,-4.12,80.50,234.31,0.31,0.44,0.06,4,2
1772045609.109970,2947630,0.02,0.05,0.09,79.75,69.12,257.31,-0.88,0.37,-0.06,-0.07,-0.05,0.18,-4.12,80.50,234.31,-0.50,-0.62,-0.37,3,2
1772045609.300021,2947820,0.04,0.11,0.09,79.81,69.19,257.56,-0.62,0.19,0.06,0.00,-0.04,0.19,-4.00,80.37,234.31,0.50,-0.06,0.31,3,2
1772045609.491042,2948011,-0.02,0.09,0.08,79.87,69.19,257.50,-0.88,0.69,-0.13,-0.04,-0.01,0.16,-3.81,80.25,234.25,-0.94,-0.31,0.25,4,2
1772045609.681542,2948201,0.02,0.06,0.18,79.25,69.19,257.69,-0.88,0.44,-0.13,-0.04,0.01,0.15,-3.69,80.19,234.25,0.56,-0.13,-0.31,4,2
1772045609.871957,2948392,0.01,0.06,0.14,78.94,68.94,257.75,-0.56,2.19,0.88,-0.02,0.00,0.13,-3.62,80.12,234.25,-0.13,-0.19,-0.31,4,2
1772045610.062747,2948583,0.03,0.06,0.14,78.37,68.87,257.75,0.62,-0.25,-0.13,0.00,0.03,0.15,-3.56,80.06,234.25,0.50,0.62,-0.50,4,2
1772045610.253233,2948773,0.05,-0.02,0.18,78.50,68.75,257.50,0.94,-0.50,0.69,-0.02,0.02,0.11,-3.56,79.94,234.25,0.25,-0.13,0.00,5,2
1772045610.443998,2948964,0.02,0.00,0.08,79.00,68.75,257.44,-0.44,-1.44,-0.37,-0.02,0.01,0.09,-3.56,79.94,234.25,-0.25,0.00,0.06,6,2
1772045610.634527,2949154,0.05,0.04,0.15,79.25,68.81,257.50,1.12,0.81,0.44,-0.01,-0.03,0.12,-3.56,79.94,234.25,0.19,-0.13,0.00,5,2
1772045610.825638,2949345,-0.04,0.05,0.11,79.25,68.81,257.50,-0.81,0.25,-0.37,0.00,-0.03,0.11,-3.56,80.00,234.25,-1.19,-1.81,0.13,5,2
1772045611.015915,2949536,0.08,0.12,0.19,79.06,68.87,257.81,0.37,0.13,1.25,-0.01,0.00,0.08,-3.62,80.00,234.31,-0.25,0.31,-0.13,5,2
1772045611.206846,2949727,0.03,0.05,0.12,79.31,68.81,257.62,-0.69,-0.13,-0.19,-0.02,-0.03,0.10,-3.62,80.00,234.31,-0.44,-0.56,0.13,5,2
1772045611.397312,2949917,0.05,0.14,0.12,79.44,68.81,257.75,-0.06,-0.81,0.50,-0.02,-0.01,0.10,-3.62,80.00,234.31,0.44,0.19,-0.19,4,2
1772045611.587866,2950108,-0.01,0.06,0.13,79.56,68.75,257.56,-0.94,0.44,-0.25,-0.04,0.01,0.10,-3.62,80.00,234.31,0.44,0.62,0.00,4,2
1772045611.778184,2950299,0.06,0.09,0.16,79.56,68.81,257.69,0.00,0.25,-0.19,0.00,0.00,0.14,-3.62,80.06,234.31,0.19,-0.13,0.06,4,2
1772045611.969645,2950489,0.01,-0.04,0.19,79.75,68.56,257.12,1.87,-2.06,1.87,-0.03,-0.03,0.10,-3.56,80.12,234.44,-0.06,-0.06,-0.13,4,1
1772045612.159796,2950680,0.03,0.08,0.10,80.37,68.50,257.00,-1.56,-0.44,-0.19,-0.01,0.02,0.13,-3.56,80.12,234.37,0.31,-0.19,-0.44,4,2
1772045612.350393,2950870,0.03,0.03,0.15,80.44,68.50,257.00,0.75,0.37,0.37,-0.04,-0.02,0.12,-3.56,80.12,234.37,-0.06,0.06,-0.06,3,1
1772045612.540813,2951061,0.07,0.01,0.22,80.25,68.50,257.06,-0.94,0.25,-1.00,-0.04,0.00,0.14,-3.50,80.12,234.50,-0.06,0.37,0.19,4,1
1772045612.731069,2951251,0.00,0.07,0.08,80.19,68.69,257.31,1.75,-0.81,0.50,-0.04,-0.02,0.16,-3.50,80.12,234.50,0.06,-0.69,0.06,4,1
1772045612.922217,2951442,0.06,0.02,0.18,79.69,68.69,257.31,0.81,1.12,-0.06,-0.02,-0.01,0.11,-3.50,80.12,234.50,0.06,-0.50,-0.44,5,1
1772045613.112709,2951633,0.05,0.04,0.12,79.25,68.69,257.31,1.56,0.19,0.50,-0.01,0.01,0.12,-3.37,80.06,234.44,0.75,1.62,0.62,7,3
1772045613.303665,2951824,-0.11,0.02,0.16,78.62,68.75,257.12,1.94,-0.31,0.62,0.00,-0.07,0.12,-3.50,80.00,234.31,-0.25,-1.19,-0.37,7,3
1772045613.494252,2952014,0.05,0.13,0.14,78.50,68.69,257.12,0.44,-0.37,-0.06,0.01,0.01,0.16,-3.75,80.12,234.37,1.00,-0.37,-1.00,7,3
1772045613.684168,2952204,0.02,0.19,0.11,78.69,68.50,256.69,1.06,-1.62,3.62,-0.04,-0.03,0.11,-6.06,79.81,234.37,2.12,1.44,-1.50,6,3
1772045613.875313,2952395,0.00,-0.05,0.07,79.19,68.00,255.75,0.19,-0.56,1.37,-0.04,0.00,0.15,-7.37,79.81,234.37,0.50,-0.37,-0.81,6,3
1772045614.066143,2952586,0.05,0.02,0.03,79.44,67.62,255.56,-0.94,-1.00,3.25,-0.04,0.03,0.15,-8.81,80.00,234.50,1.12,-0.62,-1.06,6,3
1772045614.256791,2952777,-0.02,0.01,0.02,80.37,67.44,255.19,0.50,-1.00,0.00,0.00,0.01,0.12,-9.06,80.12,234.50,-0.44,0.25,0.06,5,4
1772045614.447650,2952968,0.01,0.03,0.09,80.25,67.44,255.19,-0.25,0.00,-1.12,-0.01,-0.01,0.08,-8.94,80.12,234.56,-1.06,-0.13,0.75,6,3
1772045614.638181,2953158,0.02,0.04,0.06,80.00,67.62,255.37,-0.69,0.62,-1.25,-0.02,0.00,0.14,-8.38,80.12,234.56,-0.06,0.00,0.37,5,3
1772045614.829669,2953349,0.00,0.11,0.08,80.06,67.75,255.69,-2.50,0.37,-0.44,-0.01,-0.02,0.20,-8.25,80.12,234.69,-1.75,-0.69,-0.25,5,3
1772045615.020707,2953541,0.06,0.06,0.11,80.06,67.62,255.75,-1.50,0.81,-0.13,-0.04,-0.02,0.11,-8.13,80.19,234.81,-0.13,-0.25,0.50,3,2
1772045615.211965,2953732,0.03,0.01,0.08,79.94,67.69,255.81,-0.31,-0.56,-1.56,-0.01,-0.04,0.14,-7.37,80.19,234.69,-0.06,0.00,0.25,3,2
1772045615.403165,2953923,0.03,0.02,0.08,79.94,67.87,256.06,-0.50,-0.62,-0.94,-0.03,-0.01,0.13,-7.19,80.19,234.69,-0.06,-0.06,0.37,3,2
1772045615.592469,2954112,-0.01,-0.01,0.13,79.75,67.94,256.06,0.81,1.56,0.13,-0.03,-0.08,0.19,-7.19,80.25,234.69,0.06,-0.25,-0.44,3,3
1772045615.784144,2954304,0.07,-0.03,0.16,79.31,67.87,256.19,0.06,-0.13,-0.75,-0.05,-0.02,0.09,-7.25,80.31,234.69,0.06,-0.13,0.13,3,2
1772045615.975558,2954496,0.04,0.04,0.09,79.19,68.00,256.37,1.25,-0.44,1.12,0.00,-0.06,0.20,-7.25,80.31,234.69,-0.19,0.25,0.56,3,2
1772045616.167478,2954687,0.02,0.00,0.06,79.56,67.94,256.25,-1.87,-1.75,-0.25,-0.03,-0.08,0.12,-6.87,80.31,234.69,-0.13,0.13,0.56,3,2
1772045616.358778,2954879,0.10,0.09,0.11,79.69,68.06,256.37,-0.13,-3.37,2.37,-0.02,-0.08,0.15,-6.87,80.31,234.69,0.56,-0.06,0.00,3,3
1772045616.548523,2955069,0.00,0.02,0.03,80.50,67.87,255.75,-0.37,0.44,0.25,-0.05,-0.13,0.13,-6.69,80.25,234.62,0.19,-0.50,-0.56,3,4
1772045616.740135,2955260,0.04,0.06,0.12,79.81,68.00,256.00,0.37,1.37,1.06,-0.02,-0.04,0.11,-6.75,80.25,234.62,-0.37,-0.37,-0.37,3,4
1772045616.931992,2955452,0.05,0.05,0.13,79.44,67.87,255.81,-0.75,0.13,-0.31,-0.01,-0.04,0.09,-6.50,80.19,234.62,-0.69,0.31,0.31,3,3
1772045617.123579,2955644,0.03,0.16,0.01,79.50,68.00,255.94,1.12,0.25,0.88,-0.02,-0.06,0.14,-6.25,80.12,234.75,0.13,-0.25,-0.13,3,3
1772045617.315577,2955835,0.04,0.01,0.10,79.06,67.87,255.75,-0.31,1.62,-0.06,-0.02,0.00,0.20,-6.19,80.06,234.69,-0.13,-0.06,-0.19,3,3
1772045617.505247,2956025,0.01,0.03,0.02,78.94,67.94,255.81,-0.19,0.37,-1.31,-0.04,-0.01,0.10,-6.06,80.00,234.69,0.00,0.25,0.37,4,3
1772045617.696034,2956216,0.04,-0.04,0.07,78.75,68.00,255.81,0.06,-0.37,-0.31,-0.03,-0.08,0.10,-6.00,80.00,234.69,-0.44,-0.37,0.06,4,3
1772045617.887839,2956408,0.01,0.04,0.07,78.69,68.12,256.06,-0.94,2.00,-2.25,-0.02,-0.05,0.10,-6.00,80.00,234.69,0.25,-0.25,-0.19,4,3
1772045618.080404,2956600,0.07,0.05,0.12,78.44,68.19,256.25,0.75,-0.81,1.37,-0.01,-0.05,0.07,-6.00,80.00,234.69,0.62,-0.19,-0.19,5,3
1772045618.273374,2956793,0.05,-0.02,0.09,78.56,68.06,256.12,-0.13,1.31,-0.94,-0.04,-0.03,0.10,-6.06,80.06,234.69,0.50,0.13,-0.13,4,2
1772045618.464777,2956985,0.04,0.00,0.10,78.62,68.06,256.06,1.81,-0.37,1.19,-0.02,-0.07,0.15,-6.06,80.00,234.69,-0.06,-0.31,0.13,4,1
1772045618.654617,2957174,0.11,-0.02,0.09,78.25,68.12,256.12,1.56,-0.06,-1.94,-0.02,-0.03,0.11,-6.00,80.06,234.69,-0.88,-0.25,0.50,4,2
1772045618.847567,2957368,0.05,0.07,0.12,78.19,68.25,256.25,1.00,-0.06,0.50,-0.02,-0.06,0.10,-6.00,80.06,234.69,0.00,0.25,0.06,5,2
1772045619.038908,2957559,0.06,0.01,0.07,78.31,68.19,256.19,-1.31,0.06,-0.25,-0.03,-0.03,0.08,-5.94,80.06,234.69,0.31,0.44,0.13,5,3
1772045619.230020,2957750,0.03,0.08,0.07,78.37,68.19,256.25,0.06,0.19,0.50,-0.03,-0.05,0.08,-5.94,80.06,234.75,0.50,0.13,0.00,5,3
1772045619.421446,2957941,0.02,0.01,0.14,78.25,68.12,256.06,-1.00,0.50,-0.44,-0.03,-0.04,0.09,-5.94,80.06,234.75,-0.69,-0.06,0.00,5,2
1772045619.612765,2958133,0.04,0.08,0.11,78.37,68.19,256.19,-1.12,0.13,-0.44,-0.04,-0.03,0.14,-5.94,80.06,234.75,-0.06,-0.13,-0.25,5,3
1772045619.802700,2958323,0.03,0.00,0.11,78.56,68.06,256.06,0.00,-0.94,0.69,-0.04,-0.06,0.12,-5.94,80.06,234.75,-0.06,-0.25,0.00,4,3
1772045619.993822,2958514,0.01,0.08,0.05,78.81,68.12,256.12,-0.44,-0.25,-0.06,0.00,-0.04,0.13,-5.94,80.19,234.75,-0.13,-1.44,0.19,4,3
1772045620.184612,2958705,0.07,0.09,0.15,78.37,68.12,256.12,1.94,0.19,2.00,-0.05,-0.07,0.08,-5.94,80.19,234.75,0.25,0.62,-0.44,4,3
1772045620.375638,2958896,0.07,0.03,0.09,78.37,68.00,256.00,-0.62,0.13,-0.37,-0.05,-0.01,0.15,-5.94,80.12,234.75,-0.37,0.00,0.37,4,3
1772045620.565818,2959086,0.00,0.07,0.05,78.37,68.06,256.12,-0.06,0.50,0.13,-0.02,-0.03,0.18,-5.94,80.12,234.75,0.31,0.56,-0.25,5,3
1772045620.755992,2959276,0.02,0.00,0.10,78.25,68.06,256.12,-0.25,-0.44,-0.31,-0.01,-0.04,0.21,-5.87,80.12,234.75,-0.50,-0.25,0.50,5,2
1772045620.946393,2959467,0.01,0.07,0.07,78.50,68.19,256.31,0.37,0.00,-0.94,-0.04,-0.04,0.17,-5.94,80.19,234.81,0.06,0.25,0.19,5,2
1772045621.137062,2959657,0.01,0.00,0.06,78.19,68.19,256.37,0.13,-0.44,0.37,-0.01,-0.07,0.12,-5.94,80.19,234.81,-0.44,-0.19,-0.19,5,2
1772045621.327747,2959848,0.05,0.00,0.09,78.37,68.19,256.44,-0.25,-0.50,-0.56,-0.03,-0.05,0.15,-5.87,80.25,234.81,0.13,-0.44,-0.19,5,2
1772045621.517847,2960038,-0.04,0.19,0.03,78.56,68.06,256.44,-2.12,0.44,2.62,-0.03,-0.08,0.10,-5.94,80.19,234.81,0.25,0.44,-0.81,6,2
1772045621.708422,2960228,0.01,-0.03,0.05,78.12,67.69,256.06,0.50,-1.12,1.00,-0.01,-0.05,0.14,-6.56,80.25,234.87,-0.19,-1.69,0.13,6,2
1772045621.898246,2960419,0.00,0.16,0.00,77.87,67.75,256.00,4.75,1.62,1.75,-0.08,-0.06,0.15,-6.62,80.31,234.87,0.44,0.69,-0.56,6,2
1772045622.089184,2960609,0.09,0.09,0.12,77.00,67.62,255.75,-2.62,-0.75,-0.81,-0.02,-0.04,0.10,-6.25,80.19,234.81,-0.75,-0.37,0.81,6,2
1772045622.279237,2960800,-0.02,0.02,0.04,77.94,68.00,255.69,4.25,-0.50,0.62,0.00,-0.06,0.16,-5.81,80.12,234.87,0.19,0.62,0.00,5,2
1772045622.470159,2960990,0.04,0.02,0.05,77.87,68.00,255.69,-2.12,0.13,-0.81,-0.04,0.02,0.18,-5.56,80.00,234.81,-1.19,-0.50,0.00,5,2
1772045622.661185,2961181,-0.01,0.04,0.00,78.50,68.19,255.87,0.06,-0.25,-1.06,-0.04,-0.02,0.12,-5.37,80.00,234.87,0.31,0.62,-0.06,4,2
1772045622.851660,2961372,0.06,-0.05,0.01,78.37,68.19,255.94,1.12,-0.69,-0.19,-0.02,-0.06,0.14,-5.06,79.87,234.87,-0.44,-0.75,0.13,4,2
1772045623.042270,2961562,-0.15,-0.33,0.02,79.50,68.12,255.62,-2.50,-7.12,5.69,0.00,-0.09,-0.06,-4.44,79.81,234.75,0.00,-0.50,0.56,3,2
1772045623.232495,2961753,0.15,0.15,0.11,80.19,67.12,256.31,2.12,4.50,-1.00,-0.04,0.02,0.12,-5.75,79.81,234.87,0.56,-0.25,-0.44,4,2
1772045623.423197,2961943,0.01,-0.11,0.04,78.75,67.50,255.69,3.69,-1.81,-1.19,0.03,0.02,0.12,-5.25,79.75,234.81,-0.88,-0.81,-0.31,3,2
1772045623.613925,2962134,0.08,0.04,0.11,78.62,67.56,255.94,-1.87,1.19,0.13,-0.01,-0.03,0.04,-5.12,79.69,234.81,-0.81,1.19,0.37,4,2
1772045623.804601,2962325,0.00,0.03,-0.01,79.00,67.69,256.06,-1.06,0.00,-0.62,-0.01,-0.06,0.12,-4.69,79.56,234.81,-0.25,-0.13,0.31,4,2
1772045623.994806,2962515,0.01,0.14,-0.04,79.06,67.81,256.31,0.62,0.06,0.88,-0.01,0.00,0.07,-4.62,79.56,234.81,0.56,0.06,0.06,4,3
1772045624.185915,2962706,-0.02,-0.01,0.03,78.56,67.69,256.00,-0.69,0.62,-0.62,0.00,-0.09,0.05,-4.62,79.62,234.81,-1.37,-1.06,-0.13,4,3
1772045624.376135,2962896,0.06,0.11,0.08,77.81,67.87,256.50,-0.50,1.06,-0.94,-0.01,-0.04,0.10,-4.62,79.69,234.87,0.13,0.19,-0.13,4,3
1772045624.567491,2963087,-0.02,-0.02,0.05,77.75,67.69,256.19,-0.06,-0.06,0.88,0.01,-0.06,0.09,-4.62,79.69,234.87,-0.50,-0.56,-0.19,4,2
1772045624.757413,2963278,0.03,0.07,0.01,77.62,67.75,256.37,-0.75,0.88,-1.12,0.00,-0.03,0.10,-4.62,79.69,234.87,0.62,0.44,-0.13,4,3
1772045624.948367,2963468,0.07,-0.03,0.13,77.19,67.69,256.25,0.50,1.00,1.19,-0.08,0.03,0.02,-4.62,79.69,234.87,-0.56,-0.25,-0.13,3,3
1772045625.138959,2963659,-0.01,0.06,0.11,77.44,67.69,256.44,-3.81,-0.25,-2.12,-0.03,0.00,0.11,-4.50,79.75,235.06,-0.31,-0.13,0.31,3,3
1772045625.329253,2963850,0.03,0.02,0.03,77.75,67.87,256.81,0.44,-1.50,0.31,0.00,-0.07,0.14,-4.37,79.69,235.00,-0.13,0.37,-0.13,3,3
1772045625.520386,2964040,0.00,-0.01,0.09,77.94,67.81,256.62,0.37,0.13,-0.44,-0.02,-0.02,0.06,-4.37,79.69,235.00,0.06,-0.19,-0.31,2,3
1772045625.710503,2964231,0.04,0.04,0.08,77.81,67.75,256.69,1.00,-1.00,1.25,-0.01,-0.02,0.11,-4.37,79.69,235.00,-0.13,0.13,0.44,2,3
1772045625.901429,2964421,0.00,-0.06,0.05,78.06,67.75,256.50,-0.56,0.13,-1.69,-0.01,-0.03,0.09,-3.94,79.69,235.06,-0.25,0.13,0.00,3,2
1772045626.091836,2964612,0.10,-0.03,0.07,77.75,67.87,256.75,1.94,-0.62,-0.13,-0.02,-0.10,0.14,-3.81,79.69,235.06,0.13,-0.56,0.44,3,2
1772045626.282588,2964803,0.05,0.06,0.09,77.87,67.94,256.75,-0.25,0.88,-0.06,-0.03,-0.04,0.11,-4.00,79.81,235.06,0.50,-0.19,-0.37,3,2
1772045626.473413,2964994,0.05,-0.05,0.12,77.62,67.87,256.75,0.50,-0.44,0.50,-0.01,-0.04,0.14,-4.81,79.81,235.06,1.00,0.37,-0.69,3,3
1772045626.663866,2965184,-0.02,0.00,0.04,78.12,67.94,256.81,0.13,-1.81,-0.25,-0.01,-0.09,0.10,-4.94,79.81,235.06,-0.31,0.31,0.13,3,3
1772045626.854312,2965375,0.00,0.09,0.01,78.37,68.00,256.81,0.00,0.50,-0.25,0.00,-0.06,0.10,-4.87,79.75,235.12,-0.19,0.13,-0.19,3,3
1772045627.045152,2965565,0.03,0.05,0.06,78.19,68.00,256.81,-0.75,-0.88,0.31,-0.02,-0.06,0.14,-4.87,79.75,235.12,-0.44,-0.94,-0.06,4,3
1772045627.235830,2965756,0.05,0.06,0.08,78.44,68.00,256.81,-0.50,0.69,-0.06,-0.03,-0.04,0.18,-4.87,79.81,235.12,-0.13,0.06,-0.19,4,3
1772045627.426481,2965947,0.00,0.00,0.02,78.44,67.94,256.69,0.44,-0.94,-0.25,0.00,-0.03,0.10,-4.94,79.81,235.06,0.69,0.00,-0.13,4,3
1772045627.616691,2966137,0.04,0.07,0.07,78.19,68.19,257.06,-1.12,0.94,-2.31,-0.04,0.00,0.12,-5.00,79.87,235.12,0.06,-0.31,0.13,3,4
1772045627.807514,2966328,-0.01,0.00,-0.01,78.25,68.19,257.06,0.44,-1.06,0.25,-0.02,-0.06,0.09,-5.00,79.87,235.12,-0.62,-0.50,0.00,2,3
1772045627.998216,2966518,0.06,0.08,0.07,78.19,68.12,257.06,-0.94,0.13,-0.37,-0.01,-0.06,0.10,-4.94,79.87,235.12,0.50,-0.37,-0.25,2,4
1772045628.188129,2966709,0.02,0.00,0.07,78.12,68.00,256.81,0.75,-0.13,1.37,-0.03,-0.06,0.12,-4.94,79.87,235.12,0.25,0.00,-0.13,2,4
1772045628.379408,2966900,0.01,0.00,0.04,78.25,67.87,256.69,0.50,-0.13,-0.69,-0.02,-0.02,0.16,-4.94,79.87,235.12,0.25,0.44,-0.13,3,3
1772045628.569891,2967090,0.06,-0.01,0.10,78.12,67.87,256.69,1.50,-0.62,0.31,-0.02,-0.02,0.09,-4.94,79.87,235.12,0.00,-0.25,0.13,3,2
1772045628.760446,2967281,0.00,0.00,0.04,78.31,67.87,256.69,-0.81,0.00,-0.81,-0.03,-0.03,0.10,-4.87,79.94,235.19,-0.25,0.00,0.13,3,2
1772045628.950971,2967471,0.06,0.06,0.10,78.31,68.00,256.81,0.75,0.13,0.88,-0.01,-0.08,0.12,-4.87,79.87,235.19,0.25,0.37,-0.06,3,3
1772045629.141770,2967662,0.00,0.05,0.06,78.37,67.87,256.69,-1.06,0.13,-0.06,-0.04,-0.11,0.15,-4.87,79.87,235.19,-0.31,-0.13,-0.13,3,3
1772045629.332451,2967853,0.03,0.11,0.05,78.37,67.94,256.81,-0.62,-0.06,0.50,0.00,-0.05,0.13,-4.94,79.94,235.19,0.50,-0.13,-0.06,3,3
1772045629.523071,2968043,0.00,0.06,0.03,78.62,67.87,256.69,-1.25,0.25,-0.56,0.00,-0.05,0.14,-4.94,80.00,235.19,-0.50,-0.06,0.13,4,2
1772045629.713500,2968234,0.05,0.09,0.08,78.50,67.94,256.75,-0.25,-0.44,0.13,-0.01,-0.02,0.10,-5.00,80.00,235.19,0.13,-0.13,-0.69,5,2
1772045629.903470,2968424,0.02,0.01,0.06,78.69,67.75,256.50,0.62,-1.50,0.88,-0.02,-0.04,0.15,-5.00,79.94,235.19,-0.13,0.00,0.06,5,2
1772045630.094763,2968615,0.05,0.01,0.03,79.12,67.81,256.50,-0.50,-0.06,-0.69,-0.05,-0.02,0.13,-5.00,80.00,235.25,-0.06,1.00,0.13,5,3
1772045630.285464,2968806,0.06,0.00,0.12,78.87,67.87,256.56,0.94,-0.19,0.37,-0.04,-0.02,0.17,-4.94,79.94,235.25,0.00,-0.13,-0.06,4,2
1772045630.476425,2968996,-0.02,-0.08,0.07,78.75,67.87,256.62,-1.44,1.25,-3.75,-0.04,-0.02,0.17,-4.87,79.94,235.31,-0.56,-0.13,0.31,4,2
1772045630.666689,2969187,0.07,0.09,0.13,78.56,68.31,257.44,0.19,-0.44,-0.62,-0.03,-0.07,0.15,-4.81,79.94,235.31,-0.25,0.13,0.19,5,3
1772045630.857220,2969378,-0.03,0.09,0.04,78.87,68.44,257.50,0.75,0.13,-0.44,0.03,-0.10,0.19,-4.44,79.87,235.19,0.31,-0.94,0.81,4,3
1772045631.047739,2969568,0.06,0.15,0.14,78.87,68.44,257.56,-0.62,-0.56,1.12,0.00,-0.02,0.19,-4.44,79.94,235.06,0.50,0.00,-0.06,4,3
1772045631.238865,2969759,0.01,0.04,0.03,79.37,68.19,257.12,-0.56,-0.56,1.12,-0.02,-0.09,0.20,-4.44,79.94,235.06,-0.44,-0.81,-0.13,4,3
1772045631.429401,2969950,0.02,0.12,0.04,79.44,68.19,257.25,0.19,1.44,0.37,-0.02,-0.03,0.11,-4.25,79.94,235.06,0.44,-0.19,-0.31,4,3
1772045631.619974,2970140,0.07,-0.01,0.18,79.06,67.94,256.87,0.44,0.25,1.31,-0.07,0.05,0.12,-4.19,79.87,235.00,-1.00,-0.75,-0.06,4,3
1772045631.809669,2970330,0.01,0.05,0.08,79.31,67.87,256.75,-0.37,-0.50,-1.37,-0.03,0.00,0.11,-4.12,79.87,235.06,0.37,0.25,0.25,4,3
1772045632.000563,2970521,0.01,-0.03,0.09,79.31,67.81,256.50,0.62,-0.69,0.88,0.00,-0.03,0.12,-3.94,79.75,235.06,-0.56,-0.31,-0.19,4,3
1772045632.191947,2970712,0.04,0.08,0.09,79.37,67.87,256.62,-0.37,0.62,-1.12,-0.03,-0.02,0.09,-3.81,79.69,235.06,-0.06,-0.19,-0.31,5,3
1772045632.382630,2970903,0.06,0.05,0.11,79.25,67.87,256.81,-1.50,-0.13,-0.44,-0.01,-0.01,0.05,-4.06,79.69,235.12,0.00,0.00,-0.37,5,3
1772045632.572980,2971094,0.02,0.08,0.05,79.37,67.87,256.87,-0.25,-0.62,0.50,0.00,0.02,0.12,-4.06,79.75,235.12,-0.44,-1.50,0.13,5,2
1772045632.762527,2971283,0.03,0.12,0.08,79.37,67.94,256.87,1.44,-0.25,0.81,-0.05,0.00,0.04,-4.06,79.75,235.12,0.56,0.81,-0.19,5,1
1772045632.951931,2971472,0.02,0.16,0.10,78.75,67.87,256.75,1.37,1.75,0.62,0.01,0.01,0.13,-4.06,79.75,235.19,-1.81,-0.19,0.88,6,1
1772045633.144280,2971665,0.01,-0.06,0.10,78.00,67.62,256.06,-0.88,-1.00,0.62,-0.01,0.00,0.08,-4.31,79.75,235.19,0.94,-0.06,-1.06,5,2
1772045633.335315,2971856,0.02,0.01,0.01,78.44,67.62,256.25,-0.69,-1.06,-0.56,0.02,0.02,0.11,-4.56,79.75,235.19,0.25,0.75,0.31,5,2
1772045633.526716,2972047,0.04,0.09,0.03,78.44,67.69,256.31,-0.25,1.19,0.00,-0.04,-0.02,0.09,-4.56,79.75,235.19,-0.31,0.06,0.25,5,2
1772045633.718561,2972239,0.02,0.05,0.11,78.19,67.75,256.31,-0.94,-0.19,-0.88,-0.03,-0.02,0.05,-4.31,79.75,235.19,-1.00,-0.56,0.31,5,2
1772045633.909440,2972430,0.06,0.12,0.03,78.25,67.87,256.56,-0.69,-1.00,-0.25,-0.03,-0.01,0.08,-4.31,79.75,235.19,0.44,0.19,-0.19,4,2
1772045634.099455,2972620,0.02,0.03,0.05,78.31,67.81,256.44,0.50,-0.37,0.62,-0.04,0.04,0.08,-4.37,79.75,235.12,-0.37,-0.62,-0.19,4,2
1772045634.291316,2972812,0.02,0.04,0.07,78.06,67.81,256.50,-1.06,0.81,-1.44,-0.01,0.02,0.08,-4.37,79.87,235.19,0.50,0.00,-0.06,4,3
1772045634.483832,2973004,0.02,-0.03,0.04,78.00,67.81,256.50,0.44,-1.06,0.88,-0.01,-0.08,0.09,-4.37,79.87,235.19,-0.50,-0.37,-0.19,3,2
1772045634.675950,2973196,0.02,0.06,0.04,78.19,67.81,256.56,-0.50,-0.69,-0.62,-0.01,-0.01,0.09,-4.37,79.87,235.19,0.13,-0.13,-0.19,3,3
1772045634.867605,2973388,0.09,0.03,0.08,78.25,67.69,256.44,0.69,-0.50,1.06,-0.03,0.00,0.12,-4.37,79.87,235.19,-0.37,-0.44,-0.37,3,3
1772045635.058342,2973579,0.06,0.07,0.02,78.31,67.62,256.44,-0.56,0.75,-1.31,-0.05,-0.02,0.12,-4.44,79.94,235.19,-0.37,0.06,-0.56,4,2
1772045635.249961,2973771,0.04,0.03,0.04,78.25,67.62,256.37,1.44,-0.69,0.62,-0.01,0.03,0.10,-4.44,79.87,235.19,0.31,-0.37,0.06,5,2
1772045635.442830,2973963,0.05,0.01,0.06,78.25,67.62,256.37,0.19,-0.31,-0.94,-0.01,-0.01,0.13,-4.31,79.87,235.19,-0.19,0.31,0.37,5,2
1772045635.635647,2974156,0.06,0.10,0.03,78.31,67.69,256.50,0.94,0.56,-0.06,-0.01,-0.03,0.12,-4.25,79.87,235.19,0.06,0.19,0.13,4,2
1772045635.828508,2974349,0.03,0.06,0.04,78.31,67.62,256.37,-0.56,-0.62,0.50,0.00,-0.05,0.12,-4.31,79.94,235.19,-0.50,-1.69,0.06,5,2
1772045636.019769,2974541,0.04,0.08,0.06,78.31,67.62,256.37,1.75,0.50,0.81,-0.06,0.02,0.05,-4.31,80.00,235.19,0.69,0.94,-0.13,5,2
1772045636.210873,2974732,0.07,0.04,0.09,78.19,67.62,256.25,0.31,0.69,0.31,-0.02,-0.01,0.13,-4.31,80.00,235.19,-0.25,-0.25,0.06,6,2
1772045636.402278,2974923,0.05,0.11,0.05,78.12,67.69,256.31,0.81,0.62,0.19,-0.03,0.03,0.14,-4.31,80.00,235.19,-0.69,0.50,-0.19,6,2
1772045636.593630,2975114,0.05,0.01,0.10,77.50,67.56,256.19,-0.31,0.50,0.06,-0.04,-0.08,0.13,-4.19,79.94,235.25,0.88,-0.56,0.13,6,2
1772045636.784744,2975306,0.06,0.15,0.10,77.50,67.69,256.37,0.06,0.31,0.31,0.00,-0.02,0.09,-4.19,79.94,235.31,0.00,0.25,0.00,5,2
1772045636.974978,2975495,0.05,0.05,0.11,77.62,67.62,256.19,-0.81,-1.50,0.62,-0.02,-0.01,0.11,-4.19,79.94,235.31,-0.06,-0.37,0.31,4,2
1772045637.164805,2975685,0.04,0.10,0.02,78.00,67.69,256.25,-0.75,1.25,-0.25,-0.03,0.01,0.14,-4.19,79.94,235.31,0.25,0.06,-0.19,6,4
1772045637.356068,2975877,0.04,-0.03,0.10,77.75,67.62,256.12,0.69,0.31,0.56,-0.04,-0.10,0.11,-4.19,79.94,235.31,0.00,-0.06,0.06,6,4
1772045637.546782,2976067,0.09,0.13,0.15,77.50,67.75,256.44,-1.50,0.75,-0.88,0.00,0.00,0.15,-4.12,80.00,235.31,0.19,-0.06,0.06,6,4
1772045637.737536,2976258,0.01,0.08,0.04,77.94,67.69,256.37,-1.31,-1.44,-0.06,-0.01,-0.04,0.11,-4.12,80.00,235.31,-0.25,-0.50,-0.19,6,4
1772045637.927766,2976448,0.05,0.10,0.07,78.06,67.69,256.44,-0.62,0.37,-0.31,-0.02,0.00,0.12,-4.12,80.00,235.31,0.31,-0.13,-0.31,5,4
1772045638.117475,2976638,0.01,0.00,0.11,77.94,67.62,256.25,0.44,0.13,0.37,-0.07,0.02,0.06,-4.12,80.00,235.31,0.13,0.37,-0.06,5,4
1772045638.308751,2976829,0.04,0.07,0.09,77.87,67.69,256.37,-0.75,-0.37,-0.81,-0.03,0.00,0.13,-4.12,80.00,235.37,-0.13,0.25,0.19,5,4
1772045638.499473,2977020,0.01,0.00,0.07,77.94,67.69,256.31,-0.25,-0.50,-0.13,-0.03,-0.03,0.09,-4.06,80.00,235.37,-0.94,-0.06,0.06,6,3
1772045638.689806,2977210,0.02,0.10,0.11,78.06,67.81,256.62,-1.25,0.44,-0.94,-0.02,0.00,0.08,-4.06,80.00,235.37,0.00,0.13,-0.13,6,4
1772045638.880304,2977401,0.00,0.01,0.09,78.00,67.75,256.50,0.37,-0.44,0.69,-0.05,-0.04,0.10,-4.06,80.00,235.37,0.19,0.13,-0.25,6,4
1772045639.070512,2977591,0.05,0.03,0.08,78.12,67.75,256.56,-0.25,0.06,-1.06,-0.01,0.04,0.19,-4.06,80.06,235.37,0.00,0.25,-0.44,3,2
1772045639.260893,2977782,0.06,-0.01,0.09,78.00,67.75,256.44,1.19,-0.62,0.25,-0.02,0.00,0.14,-4.06,80.00,235.37,0.06,-0.44,0.00,4,2
1772045639.451491,2977972,0.00,0.04,0.03,78.06,67.81,256.56,-0.19,-0.31,-1.25,0.00,-0.01,0.12,-4.00,80.06,235.37,0.13,-0.37,-0.19,4,2
1772045639.641834,2978162,0.08,0.06,0.14,77.69,67.81,256.62,1.37,0.00,0.94,-0.02,-0.01,0.11,-4.00,80.06,235.37,0.25,0.19,-0.06,5,3
1772045639.832673,2978353,0.01,0.10,0.13,78.06,67.75,256.44,-0.62,-2.12,0.44,-0.02,-0.09,0.09,-4.06,80.06,235.37,-0.75,-0.94,0.13,6,3
1772045640.022901,2978544,0.04,0.15,0.06,78.37,67.75,256.44,-0.37,0.00,0.69,-0.04,-0.02,0.17,-4.00,80.06,235.37,0.31,0.69,0.19,5,3
1772045640.213946,2978734,0.01,0.02,0.07,78.31,67.62,256.25,-0.25,0.50,0.44,-0.03,0.00,0.15,-4.00,80.06,235.44,-0.44,-0.13,0.25,5,3
1772045640.404298,2978925,0.03,0.12,0.13,78.31,67.81,256.44,-0.62,-0.19,-0.44,-0.03,0.01,0.15,-4.00,80.06,235.44,0.19,-0.19,0.00,4,3
1772045640.595129,2979116,0.01,0.04,0.08,78.44,67.75,256.44,-0.37,-0.88,0.00,-0.07,0.05,0.05,-3.94,80.06,235.44,-0.25,-0.50,-0.19,4,3
1772045640.785437,2979306,0.04,0.11,0.10,78.44,67.81,256.50,0.19,0.44,-0.75,-0.04,0.01,0.16,-4.00,80.12,235.44,0.37,-0.13,-0.19,4,3
1772045640.976407,2979497,0.02,-0.05,0.12,78.06,67.69,256.25,-0.06,0.62,0.06,-0.02,0.00,0.14,-4.00,80.12,235.44,-0.50,-0.50,0.06,5,3
1772045641.166951,2979688,0.05,0.06,0.13,78.00,67.75,256.37,-1.31,-0.37,-0.94,-0.01,0.00,0.15,-4.00,80.12,235.44,0.37,0.19,0.31,6,3
1772045641.357610,2979878,-0.01,0.01,0.08,78.19,67.75,256.37,-0.13,-0.31,0.56,-0.02,-0.04,0.11,-4.00,80.12,235.44,0.00,0.37,0.13,6,3
1772045641.548237,2980069,0.02,0.07,0.10,78.12,67.75,256.37,-0.13,-0.69,1.12,-0.04,0.02,0.10,-4.00,80.12,235.44,-0.50,-1.12,0.06,5,2
1772045641.738472,2980259,0.03,0.08,0.15,78.00,67.75,256.44,1.56,0.81,0.13,-0.03,-0.02,0.11,-4.00,80.19,235.44,0.19,0.81,0.00,5,2
1772045641.929198,2980450,-0.02,0.00,0.02,77.94,67.69,256.25,0.06,0.19,0.44,-0.02,0.01,0.19,-3.81,80.12,235.50,-0.50,0.06,0.56,5,2
1772045642.119948,2980641,0.05,0.11,0.14,77.56,67.87,256.50,0.88,1.56,0.25,-0.04,0.00,0.15,-3.81,80.12,235.50,0.00,0.44,-0.31,6,2
1772045642.310944,2980831,0.00,0.01,0.12,77.37,67.69,256.31,-0.88,-0.44,-0.31,-0.09,0.07,0.15,-3.75,80.12,235.50,-0.69,-0.50,-0.31,6,2
1772045642.501059,2981022,0.00,0.11,0.07,77.56,67.75,256.44,0.19,-0.69,-0.62,-0.05,0.01,0.16,-3.81,80.12,235.50,0.31,0.06,-0.06,6,2
1772045642.691897,2981213,0.06,-0.02,0.16,77.44,67.56,256.12,-0.31,0.25,0.00,-0.03,0.02,0.15,-3.81,80.12,235.50,-0.31,-0.06,0.31,6,2
1772045642.882564,2981403,0.02,0.06,0.14,77.37,67.62,256.12,0.37,-0.69,0.13,0.00,-0.03,0.17,-3.56,80.12,235.44,0.37,-0.69,-0.25,6,2
1772045643.073374,2981594,0.04,0.05,0.15,77.31,67.50,256.06,0.62,0.44,1.19,-0.04,-0.02,0.16,-4.19,80.19,235.56,0.50,-0.06,-0.62,5,2
1772045643.263764,2981784,0.01,0.01,0.12,77.31,67.31,255.81,1.31,-0.50,1.50,-0.01,0.00,0.15,-4.50,80.19,235.56,-0.19,-0.94,-0.13,5,2
1772045643.454247,2981975,0.03,0.06,0.17,77.25,67.31,255.69,0.81,-0.88,0.62,-0.06,0.01,0.10,-4.44,80.19,235.56,0.00,0.88,0.00,5,2
1772045643.645193,2982166,0.04,0.04,0.14,77.44,67.31,255.62,-0.25,-0.06,-0.56,-0.01,0.00,0.18,-4.37,80.19,235.56,-0.25,0.31,0.50,5,2
1772045643.835437,2982356,0.07,0.10,0.17,77.50,67.44,255.87,0.13,0.06,0.37,-0.01,0.00,0.16,-4.37,80.19,235.56,0.19,-0.06,0.06,5,3
1772045644.026640,2982547,0.02,0.01,0.10,77.75,67.37,255.69,-0.69,0.00,0.00,-0.04,-0.06,0.16,-4.37,80.19,235.56,-0.19,-0.75,-0.19,6,3
1772045644.216860,2982738,0.01,0.11,0.13,77.75,67.44,255.87,-0.44,0.81,-0.13,-0.02,0.00,0.15,-4.44,80.25,235.56,0.13,-0.06,0.13,6,3
1772045644.407632,2982928,0.01,0.04,0.19,77.62,67.44,255.81,-0.81,0.50,-0.56,-0.02,-0.06,0.16,-4.37,80.19,235.62,-0.69,-0.44,0.06,6,3
1772045644.598378,2983119,0.04,0.09,0.18,77.56,67.50,256.00,-1.25,0.44,-0.25,-0.03,-0.01,0.17,-4.37,80.19,235.62,0.06,-0.25,-0.25,7,3
1772045644.788447,2983309,0.00,0.00,0.17,77.56,67.44,255.87,0.50,-0.31,0.94,0.00,0.00,0.25,-4.37,80.19,235.62,0.25,-0.19,-0.06,7,2
1772045644.979558,2983500,0.05,0.08,0.19,77.56,67.44,255.87,-0.13,-0.50,-1.25,-0.05,0.01,0.15,-4.37,80.25,235.62,0.00,0.06,-0.19,7,3
1772045645.169814,2983691,0.00,0.00,0.10,77.62,67.50,255.81,0.19,-0.19,0.37,0.00,0.00,0.21,-4.37,80.25,235.62,-0.19,-0.13,-0.06,7,2
1772045645.360856,2983881,0.03,0.06,0.11,77.56,67.50,255.94,-0.44,0.37,-0.88,-0.02,-0.02,0.11,-4.37,80.25,235.62,-0.50,-0.37,-0.13,6,3
1772045645.550699,2984071,0.08,0.14,0.16,77.06,67.50,255.94,1.69,-0.44,0.88,-0.05,-0.06,0.15,-4.37,80.25,235.62,0.06,0.19,-0.19,5,3
1772045645.742154,2984263,-0.16,-0.03,0.10,77.50,67.37,255.19,-0.25,-0.50,0.37,-0.03,-0.03,0.12,-4.50,80.31,235.62,0.56,-0.13,-0.94,5,2
1772045645.932383,2984453,0.16,0.06,0.10,75.37,67.37,255.62,0.56,2.50,0.37,-0.03,-0.01,0.20,-4.50,80.12,235.62,-0.37,0.37,0.62,4,2
1772045646.122974,2984644,0.04,0.04,0.14,72.94,67.25,255.44,1.00,5.12,-0.81,-0.05,0.00,0.01,-3.94,80.00,235.62,-0.81,-0.06,0.25,3,2
1772045646.313028,2984834,0.21,-0.01,0.18,70.69,67.37,255.62,4.06,-1.81,-0.88,-0.03,-0.01,0.13,-3.81,79.94,235.69,0.56,0.44,0.00,3,2
1772045646.503212,2985024,0.00,0.01,0.03,72.62,67.56,254.75,6.81,-4.37,-0.50,0.00,0.00,0.18,-3.75,79.94,235.62,0.62,0.19,-0.37,3,2
1772045646.694579,2985215,0.06,-0.02,0.05,72.44,67.50,254.31,1.56,1.50,0.69,-0.03,0.03,0.14,-3.87,79.87,235.56,0.13,-0.25,-0.31,3,2
1772045646.885379,2985406,0.04,-0.03,0.05,72.31,67.44,254.06,1.44,1.00,-0.56,-0.01,0.00,0.12,-3.56,79.81,235.56,0.06,0.37,0.37,3,2
1772045647.076242,2985597,0.05,0.07,0.08,72.00,67.44,254.12,0.37,-0.13,0.06,0.02,-0.09,0.17,-3.56,79.81,235.56,-0.13,0.19,0.37,3,2
1772045647.266344,2985787,0.00,0.00,0.03,72.06,67.50,254.19,-0.75,0.19,-1.87,-0.09,0.02,0.09,-3.50,79.81,235.56,-0.62,-0.44,-0.06,3,2
1772045647.456306,2985977,0.10,-0.08,0.09,72.12,67.50,254.12,1.19,-2.06,0.25,-0.03,-0.02,0.10,-3.50,79.81,235.56,0.13,-0.62,-0.31,4,1
1772045647.647582,2986169,0.04,0.00,0.09,72.62,67.56,254.19,-0.50,2.37,-0.75,-0.02,0.00,0.14,-3.50,79.81,235.56,-0.13,0.19,0.06,4,1
1772045647.838659,2986360,0.00,0.06,0.03,72.56,67.62,254.37,0.44,0.56,0.69,-0.02,-0.05,0.13,-3.50,79.75,235.56,-0.31,1.50,-0.13,4,2
1772045648.029821,2986550,0.08,-0.01,0.05,72.37,67.50,254.37,-1.06,-0.25,-1.94,-0.04,0.04,0.14,-3.50,79.75,235.62,0.06,0.44,-0.62,4,2
1772045648.219015,2986740,0.08,0.05,0.08,72.12,67.44,254.37,2.06,0.44,1.94,-0.05,-0.01,0.07,-3.62,79.62,235.56,0.62,0.44,0.37,3,2
1772045648.408862,2986930,0.00,-0.12,0.10,72.25,67.44,254.19,-2.06,2.44,-2.44,-0.01,0.04,0.19,-3.06,79.81,235.69,-2.44,-1.50,0.25,4,2
1772045648.600871,2987122,-0.08,0.14,0.04,72.37,67.81,255.00,3.31,-2.44,1.56,-0.02,-0.04,0.07,-3.06,79.69,235.69,0.75,0.13,0.13,4,2
1772045648.792302,2987313,0.10,-0.01,0.08,71.62,67.69,254.75,-1.06,1.81,-1.25,-0.05,0.01,0.10,-3.25,79.81,235.69,0.69,-1.62,-1.00,3,2
1772045648.982822,2987504,0.01,0.01,0.06,71.81,67.62,254.81,3.75,-1.50,2.69,0.00,-0.07,0.16,-3.87,79.69,235.69,0.37,0.75,0.31,3,2
1772045649.174378,2987695,0.03,-0.01,0.03,72.06,67.50,254.44,-0.56,0.75,0.00,-0.01,0.01,0.17,-3.81,79.62,235.75,-0.56,0.31,0.50,3,2
1772045649.363867,2987885,0.08,0.19,0.16,72.31,67.62,254.50,1.75,-0.69,0.44,-0.01,0.02,-0.03,-4.12,79.69,235.81,-0.62,0.19,-0.56,4,3
1772045649.555299,2988076,0.03,-0.02,0.06,73.25,67.25,253.75,-2.75,-3.00,0.31,0.05,-0.04,0.15,-4.12,79.56,235.81,-0.06,-0.81,0.06,4,4
1772045649.745882,2988267,0.01,0.07,0.03,74.50,67.31,253.69,0.50,-1.75,2.00,-0.03,0.04,0.13,-4.25,79.56,235.75,1.06,0.13,0.06,4,3
1772045649.938467,2988459,-0.02,-0.11,0.09,74.31,66.94,253.06,1.44,2.56,0.25,-0.01,-0.04,0.10,-4.06,79.62,235.69,-0.31,0.25,1.25,4,3
1772045650.129598,2988651,0.02,0.11,0.07,73.25,67.12,253.50,-1.44,1.06,-1.50,-0.01,0.00,0.06,-3.37,79.62,235.69,-0.25,0.31,0.69,5,4
1772045650.322045,2988843,0.02,0.07,0.05,72.81,67.06,253.44,2.06,-0.50,1.19,0.04,-0.13,0.13,-2.37,79.44,235.50,-0.31,0.13,0.81,5,4
1772045650.511214,2989032,0.15,0.23,0.10,72.62,67.06,253.25,-1.12,1.44,0.19,-0.01,0.07,0.03,-2.56,79.62,235.81,0.25,1.50,1.50,5,4
1772045650.701067,2989222,-0.02,-0.14,0.05,73.37,66.81,252.44,-0.56,-3.62,0.88,0.00,-0.04,0.13,-1.75,79.50,235.62,0.50,0.88,0.44,5,4
1772045650.893941,2989415,-0.02,0.05,0.02,74.50,66.94,252.50,-0.06,-1.31,0.25,-0.02,-0.01,0.09,-1.75,79.44,235.56,0.56,-0.06,-0.44,5,5
1772045651.085483,2989606,0.07,0.01,0.09,74.37,66.81,252.31,0.31,0.50,1.25,-0.01,-0.07,0.07,-2.00,79.44,235.56,0.25,-0.25,-0.50,5,5
1772045651.276762,2989798,0.05,0.05,0.10,74.50,66.75,252.44,-2.50,0.56,0.13,0.00,0.01,0.07,-2.25,79.56,235.62,-0.31,-0.31,-0.13,5,4
1772045651.467875,2989989,0.00,0.00,0.08,74.75,66.87,252.50,-1.56,-0.69,-1.06,-0.02,-0.03,0.09,-2.25,79.56,235.62,-0.62,-0.06,0.06,5,3
1772045651.658949,2990180,0.04,0.06,0.07,74.87,67.00,252.87,-0.88,0.25,-0.75,-0.02,0.00,0.10,-2.19,79.56,235.62,-0.06,0.13,-0.19,5,3
1772045651.850309,2990371,0.00,0.00,0.08,74.94,67.06,252.94,0.00,-0.19,0.00,-0.07,0.03,0.12,-2.19,79.50,235.62,-0.94,-0.44,0.00,5,3
1772045652.041989,2990563,0.03,0.04,0.05,74.75,67.06,253.06,-0.31,1.50,-1.50,-0.04,0.00,0.11,-2.19,79.56,235.69,0.19,0.06,0.06,4,2
1772045652.235798,2990756,-0.02,0.00,0.06,74.25,67.06,253.06,0.00,-0.31,-0.44,-0.03,-0.03,0.13,-2.19,79.62,235.69,-0.25,-0.81,0.13,4,2
1772045652.429508,2990950,-0.07,0.06,0.08,74.50,67.12,253.00,0.00,-0.62,-0.25,-0.02,-0.03,0.06,-2.25,79.75,235.69,0.00,-0.50,-0.75,4,2
1772045652.620608,2991142,0.04,-0.07,0.10,74.44,67.00,252.81,0.81,-1.00,1.12,0.00,0.00,0.12,-2.69,79.75,235.75,-0.75,-0.56,-1.12,4,2
1772045652.811526,2991332,0.00,-0.01,0.09,74.87,67.00,252.75,1.94,-1.75,-0.31,-0.07,0.03,0.06,-3.75,79.62,235.94,-0.19,-0.75,-0.44,4,2
1772045653.002361,2991523,0.00,-0.02,0.09,74.56,67.00,252.69,4.37,-0.13,1.62,-0.03,-0.01,0.16,-3.75,79.56,235.87,0.62,0.50,0.69,3,1
1772045653.193606,2991714,-0.08,-0.04,0.07,74.44,66.69,252.25,-1.12,1.06,-1.56,-0.02,0.00,0.12,-3.50,79.69,235.94,-1.12,0.13,0.56,3,1
1772045653.383873,2991905,0.07,0.05,0.07,73.81,67.00,252.81,0.31,1.12,-0.31,-0.03,-0.08,0.13,-3.25,79.69,235.94,-0.37,0.19,0.44,3,1
1772045653.574545,2992096,0.01,0.01,0.08,73.69,67.00,252.81,0.31,0.06,-0.81,0.06,-0.07,0.18,-3.19,79.69,236.00,-0.75,-1.44,0.37,3,2
1772045653.765049,2992286,0.06,0.05,0.08,73.44,67.06,253.00,0.56,0.50,1.50,-0.02,-0.01,0.12,-3.31,79.75,236.00,0.44,0.00,-0.50,4,2
1772045653.956345,2992477,0.06,-0.02,0.07,73.44,66.87,252.75,-0.31,-0.62,0.37,-0.02,-0.05,0.12,-3.31,79.75,235.94,-0.06,-0.50,0.19,4,2
1772045654.146747,2992667,-0.04,0.10,0.06,73.69,66.87,252.87,-0.62,0.13,0.13,-0.02,-0.02,0.15,-3.31,79.75,235.94,-0.06,-0.06,-0.19,4,3
1772045654.337072,2992858,0.02,0.02,0.08,73.69,66.87,252.87,0.06,0.06,0.13,0.00,-0.13,0.10,-3.31,79.75,235.94,-0.62,-0.19,-0.13,4,4
1772045654.527468,2993049,0.05,0.10,0.08,73.69,67.00,253.06,-0.81,0.13,0.00,-0.02,-0.06,0.14,-3.31,79.81,236.00,-0.13,0.13,0.25,4,4
1772045654.718480,2993239,-0.02,0.02,0.07,73.94,66.94,252.94,-1.50,-0.44,0.19,-0.03,-0.02,0.13,-3.25,79.75,236.00,-0.37,-0.25,0.25,4,3
1772045654.909022,2993430,0.03,0.06,0.05,74.00,67.06,253.12,-0.44,0.50,-0.25,-0.03,-0.01,0.13,-3.25,79.75,236.00,0.25,0.31,-0.19,4,4
1772045655.099417,2993620,0.00,-0.02,0.08,74.00,67.00,253.00,-0.06,-0.13,0.56,0.00,-0.04,0.14,-3.25,79.75,236.00,0.50,0.75,-0.13,4,4
1772045655.290100,2993811,-0.01,0.06,0.10,74.00,67.06,253.12,-0.88,0.25,-0.31,-0.01,-0.01,0.18,-3.25,79.81,236.00,0.31,0.31,0.13,4,4
1772045655.480927,2994001,0.00,-0.07,0.10,74.37,67.00,253.00,-0.56,-1.00,-0.37,-0.04,-0.06,0.12,-3.25,79.81,236.00,-0.69,-0.13,0.19,4,4
1772045655.671509,2994192,0.00,0.06,0.08,74.81,67.12,253.12,-1.31,-0.81,-1.12,-0.04,-0.02,0.13,-3.25,79.81,236.06,-0.13,-1.19,0.13,4,4
1772045655.861905,2994383,0.00,0.01,0.10,75.00,67.19,253.12,0.37,1.62,0.50,-0.03,-0.06,0.17,-3.25,79.87,236.06,0.00,0.06,-0.50,4,4
1772045656.052504,2994573,0.01,-0.01,0.13,74.62,67.12,253.12,0.81,0.44,-0.88,-0.02,-0.01,0.15,-3.37,79.94,236.06,0.19,0.13,-0.75,4,3
1772045656.243093,2994764,0.03,-0.08,0.12,74.87,67.12,252.94,0.00,-2.56,1.06,-0.04,0.00,0.10,-3.44,79.94,236.06,-0.06,-0.56,-0.19,4,2
1772045656.433995,2994955,0.07,-0.01,0.12,75.12,67.19,252.81,1.25,1.62,-0.94,-0.04,-0.01,0.17,-3.37,79.94,236.00,-0.19,-0.19,-0.25,5,2
1772045656.624119,2995145,-0.01,0.01,0.10,74.56,67.12,252.87,0.56,1.06,0.50,-0.03,-0.02,0.19,-3.50,79.94,236.06,0.19,0.06,-0.06,6,2
1772045656.814982,2995336,0.06,-0.06,0.09,74.06,67.06,252.87,0.13,1.50,-0.50,-0.08,0.02,0.15,-3.44,80.00,236.06,-0.56,-0.06,0.06,6,2
1772045657.005447,2995526,0.02,-0.01,0.09,73.56,67.06,253.00,1.37,-0.13,0.00,0.00,-0.06,0.20,-3.37,80.00,236.06,-0.75,-0.75,0.00,6,2
1772045657.196427,2995717,0.00,-0.05,0.08,73.56,67.06,252.94,-0.37,-0.69,-0.13,-0.05,-0.04,0.15,-3.37,80.00,236.12,0.13,-0.69,-0.19,6,1
1772045657.386963,2995908,0.02,0.04,0.11,73.56,67.12,253.06,0.94,-0.25,0.62,-0.03,-0.01,0.19,-3.37,80.00,236.12,0.37,0.06,-0.13,6,2
1772045657.577551,2996099,0.00,-0.08,0.08,73.69,67.00,252.81,-0.13,0.00,0.19,-0.06,-0.01,0.13,-3.37,80.06,236.12,0.13,-0.31,-0.25,6,1
1772045657.768287,2996289,0.06,0.06,0.09,73.62,67.06,253.06,0.94,0.50,1.19,-0.02,-0.08,0.21,-3.37,80.06,236.12,-0.13,-0.19,0.19,5,1
1772045657.958690,2996480,0.00,0.02,0.09,73.81,67.00,253.00,-0.44,0.19,-0.44,-0.03,-0.03,0.17,-3.37,80.06,236.12,-0.25,0.00,0.13,5,1
1772045658.149167,2996670,0.06,0.06,0.10,73.87,67.06,253.12,1.00,0.44,0.19,-0.01,-0.01,0.15,-3.37,80.06,236.12,0.00,0.44,0.06,5,2
1772045658.339966,2996861,0.00,0.02,0.11,73.87,67.06,253.12,-0.56,-0.81,0.19,0.02,-0.06,0.18,-3.37,80.06,236.12,-1.00,-1.37,0.31,5,2
1772045658.530445,2997052,0.08,0.07,0.12,74.00,67.19,253.31,0.62,-0.56,0.81,-0.06,-0.01,0.20,-3.37,80.12,236.19,0.00,0.44,0.06,5,2
1772045658.721710,2997242,-0.06,0.02,0.07,74.44,67.19,253.19,-0.94,-0.13,-0.25,-0.02,-0.06,0.21,-3.31,80.06,236.19,-0.31,0.00,0.31,5,2
1772045658.911661,2997433,0.04,0.09,0.12,74.25,67.25,253.37,0.37,0.44,0.25,-0.05,-0.07,0.20,-3.31,80.06,236.19,0.31,0.44,-0.13,5,2
1772045659.102713,2997623,0.04,-0.03,0.14,74.31,67.19,253.25,-0.81,-0.88,-0.06,-0.02,-0.04,0.21,-3.31,80.06,236.19,0.69,1.00,0.06,6,2
1772045659.293325,2997814,0.02,0.08,0.10,74.81,67.31,253.44,-0.69,-0.62,-0.44,-0.02,-0.05,0.19,-3.12,80.00,236.19,0.50,-0.25,0.31,6,2
1772045659.484091,2998005,0.05,0.02,0.12,75.12,67.25,253.31,-1.25,-0.44,-0.25,-0.03,-0.01,0.12,-2.87,79.87,236.12,-0.50,-0.69,-0.44,7,2
1772045659.674827,2998196,0.03,0.01,0.17,75.19,67.31,253.31,-0.25,0.81,-0.06,-0.01,-0.01,0.13,-2.81,79.87,236.12,0.37,-0.13,-0.44,7,3
1772045659.865163,2998386,0.01,-0.03,0.12,75.19,67.19,253.25,-0.31,-0.50,0.50,-0.02,-0.01,0.12,-2.81,79.75,236.12,0.13,-0.31,0.06,8,2
1772045660.055173,2998576,0.07,-0.02,0.13,74.75,67.25,253.37,0.50,2.06,-0.81,-0.06,0.03,0.11,-2.75,79.75,236.19,-0.13,0.44,0.00,8,2
1772045660.246235,2998767,0.06,-0.02,0.15,74.44,67.31,253.44,1.31,-0.37,0.37,-0.03,0.01,0.13,-2.75,79.69,236.19,-0.69,-0.31,0.19,7,2
1772045660.436905,2998958,0.03,-0.06,0.13,74.50,67.31,253.31,0.13,0.31,0.25,-0.04,-0.01,0.13,-2.75,79.69,236.19,-0.31,-0.81,-0.25,7,2
1772045660.627368,2999149,0.04,0.05,0.12,74.50,67.25,253.37,1.31,0.06,1.12,-0.02,-0.03,0.12,-2.81,79.75,236.19,0.19,0.25,0.06,6,2
1772045660.818082,2999339,0.01,0.03,0.13,74.44,67.12,253.12,0.31,-0.06,0.62,0.00,-0.04,0.12,-2.81,79.75,236.19,-0.75,-1.81,0.25,6,2
1772045661.007902,2999529,0.04,0.05,0.16,73.94,67.00,252.94,1.50,1.19,1.87,-0.01,0.00,0.07,-2.87,79.81,236.25,0.00,0.69,0.13,5,2
1772045661.199520,2999721,0.00,0.02,0.12,74.25,66.81,252.56,-0.37,-1.25,-0.13,0.00,-0.05,0.10,-2.87,79.81,236.25,-0.19,-0.06,0.56,5,2
1772045661.389940,2999911,0.04,0.14,0.13,74.62,66.87,252.62,-0.62,-0.06,0.19,-0.01,0.00,0.13,-2.87,79.81,236.25,0.37,0.19,-0.19,6,3
1772045661.580955,3000102,0.05,-0.03,0.14,74.69,66.69,252.31,0.25,-0.13,1.06,-0.02,-0.05,0.10,-3.00,79.81,236.19,0.06,-0.69,-0.56,7,3
1772045661.771251,3000292,0.03,0.06,0.12,74.69,66.69,252.19,-0.69,0.81,0.88,-0.02,-0.02,0.13,-3.25,79.87,236.19,0.19,0.25,-0.31,7,3
1772045661.961523,3000483,-0.03,-0.01,0.13,74.69,66.50,252.00,-1.62,0.31,-0.13,-0.02,0.00,0.10,-3.19,79.87,236.25,-0.37,0.31,0.13,7,3
1772045662.152746,3000674,0.00,0.03,0.14,74.56,66.62,252.19,-0.81,0.50,-0.62,-0.02,0.01,0.15,-3.19,79.87,236.25,-0.31,0.19,-0.06,7,3
1772045662.343107,3000864,0.02,0.00,0.14,74.75,66.62,252.19,-0.25,-0.88,0.19,0.04,-0.07,0.17,-3.19,79.87,236.25,-0.13,0.06,0.13,8,3
1772045662.534363,3001055,0.00,0.00,0.14,75.06,66.69,252.25,-0.50,-0.44,-1.25,-0.06,0.02,0.15,-3.19,79.94,236.25,0.13,-0.19,-0.06,8,3
1772045662.724942,3001246,-0.02,-0.08,0.14,75.25,66.69,252.19,-0.25,-1.25,0.31,-0.02,0.02,0.11,-3.25,79.94,236.25,-0.13,-0.56,-0.31,8,3
1772045662.915028,3001436,-0.03,-0.01,0.13,75.00,66.69,252.31,0.13,1.75,-1.31,-0.04,0.00,0.11,-3.19,79.94,236.25,-0.13,-0.31,-0.44,7,3
1772045663.105727,3001627,0.04,0.01,0.15,74.81,66.81,252.50,0.88,-0.62,0.31,-0.01,-0.01,0.12,-3.25,79.94,236.25,0.00,0.19,0.06,7,3
1772045663.296941,3001818,0.04,0.08,0.14,75.19,66.81,252.37,0.00,-0.75,-0.44,-0.04,0.04,0.11,-3.25,80.00,236.25,-0.37,-1.06,-0.06,5,2
1772045663.487375,3002009,0.03,0.04,0.16,75.44,66.87,252.44,-0.62,0.06,0.25,-0.01,-0.02,0.18,-3.25,79.94,236.25,0.13,1.00,0.06,5,2
1772045663.678557,3002199,0.04,-0.04,0.17,75.44,66.87,252.44,-0.62,-0.25,-0.25,-0.04,-0.01,0.13,-3.25,80.00,236.25,-0.44,-0.69,0.13,5,2
1772045663.868806,3002390,0.04,0.10,0.16,75.50,66.94,252.62,0.50,0.19,0.13,-0.05,-0.01,0.12,-3.25,80.00,236.25,0.44,0.62,0.06,5,2
1772045664.060303,3002581,-0.04,0.00,0.15,75.31,66.81,252.44,-0.25,-0.19,0.13,0.01,-0.06,0.17,-3.31,80.06,236.25,-0.62,-1.81,-0.13,6,3
1772045664.251002,3002772,0.06,0.10,0.18,75.25,66.87,252.69,-0.25,-0.13,1.12,-0.05,0.03,0.13,-3.56,80.12,236.19,0.50,0.06,-0.25,6,3
1772045664.441314,3002963,0.03,-0.01,0.14,75.56,66.69,252.44,-0.50,-0.44,0.75,-0.03,0.00,0.15,-3.62,80.12,236.19,-0.31,0.13,0.19,6,3
1772045664.632850,3003154,0.04,0.08,0.19,75.62,66.75,252.56,-0.50,0.06,-0.44,-0.01,0.01,0.15,-3.62,80.12,236.19,-0.13,0.31,-0.13,7,3
1772045664.824274,3003345,0.00,0.02,0.18,75.62,66.75,252.56,-0.13,-0.44,0.25,0.00,-0.01,0.12,-3.56,80.12,236.19,-0.50,-0.13,-0.06,7,3
1772045665.016182,3003538,0.03,0.10,0.18,75.69,66.81,252.62,-1.00,0.69,0.19,-0.01,0.00,0.15,-3.56,80.12,236.19,-0.13,0.00,0.00,8,3
1772045665.207748,3003729,-0.01,0.04,0.18,75.75,66.81,252.56,-0.94,0.00,0.06,-0.04,0.00,0.18,-3.56,80.12,236.19,-0.69,-0.19,0.06,8,3
1772045665.397367,3003919,0.02,0.06,0.17,75.75,66.87,252.62,-0.31,0.06,-0.50,-0.03,0.00,0.17,-3.56,80.12,236.19,-0.13,0.19,-0.19,7,3
1772045665.589572,3004111,0.02,-0.03,0.19,75.62,66.81,252.56,-0.13,-0.50,0.06,0.00,-0.01,0.25,-3.50,80.12,236.19,-0.31,0.37,1.19,7,2
1772045665.781463,3004303,0.04,0.16,0.18,76.06,66.81,252.81,-2.31,0.94,-1.06,-0.07,0.00,0.14,-2.31,80.12,236.06,0.25,-0.81,-0.31,6,2
1772045665.973023,3004494,0.02,-0.21,0.16,75.62,66.81,252.62,-0.06,-0.75,-0.56,-0.03,0.00,0.13,-3.06,80.19,236.12,0.31,-1.50,-1.25,5,2
1772045666.164338,3004686,-0.02,-0.07,0.14,75.19,67.00,252.81,2.00,1.12,0.13,-0.03,0.04,0.14,-3.50,80.25,236.19,0.75,-0.25,-0.81,4,2
1772045666.355756,3004877,0.03,-0.04,0.12,74.87,66.87,252.62,1.50,-0.75,1.44,-0.05,0.03,0.14,-4.12,80.25,236.25,-0.56,0.06,-0.31,4,2
1772045666.547584,3005069,0.05,-0.01,0.12,74.81,66.75,252.50,0.13,0.56,-0.69,-0.06,0.02,0.13,-4.00,80.25,236.25,0.37,0.94,0.50,4,2
1772045666.736670,3005258,0.10,0.00,0.12,74.31,66.75,252.50,1.69,0.00,1.25,-0.05,0.00,0.18,-4.00,80.25,236.25,0.06,-0.44,-0.06,4,2
1772045666.927106,3005448,0.14,-0.03,0.14,74.56,66.75,252.37,0.25,-0.56,-0.13,-0.02,-0.01,0.16,-4.00,80.25,236.25,-0.19,-0.37,-0.13,5,2
1772045667.118263,3005640,0.02,-0.01,0.12,74.75,66.75,252.50,0.00,-1.06,0.56,-0.02,0.01,0.19,-4.00,80.25,236.25,0.56,-0.31,0.31,5,2
1772045667.310567,3005832,0.02,-0.05,0.11,75.12,66.69,252.37,-0.56,0.37,0.13,-0.07,0.01,0.11,-4.00,80.31,236.31,0.06,-0.50,0.25,5,2
1772045667.501882,3006023,0.06,0.02,0.16,75.19,66.75,252.50,1.25,-0.88,0.62,0.00,-0.04,0.18,-4.00,80.19,236.31,-0.44,-0.31,0.44,4,2
1772045667.694833,3006216,0.05,0.02,0.15,75.31,66.81,252.44,-0.44,0.50,-0.69,-0.02,-0.01,0.15,-3.81,80.12,236.31,-0.06,0.00,0.06,5,2
1772045667.887575,3006409,0.04,0.01,0.15,75.37,66.81,252.50,0.44,-0.25,0.81,-0.01,-0.01,0.11,-3.81,80.00,236.31,0.37,0.37,-0.25,6,2
1772045668.079078,3006600,0.00,-0.02,0.14,75.44,66.69,252.31,0.19,-0.37,0.62,0.00,-0.01,0.16,-3.75,79.94,236.31,-0.44,-1.25,0.06,6,2
1772045668.269779,3006791,0.06,0.05,0.15,75.44,66.69,252.37,0.88,0.75,1.00,-0.04,0.03,0.12,-3.81,79.94,236.31,0.19,0.69,0.13,6,2
1772045668.461040,3006982,0.00,0.00,0.12,75.75,66.62,252.25,-0.06,-1.19,-0.37,0.00,0.00,0.12,-3.81,79.87,236.37,-0.19,-0.31,0.75,6,2
1772045668.652029,3007173,0.03,0.01,0.14,75.75,66.69,252.31,-0.62,0.88,0.44,-0.02,0.01,0.13,-3.75,79.87,236.31,0.31,0.00,-0.25,9,4
1772045668.842878,3007364,0.00,0.00,0.09,75.94,66.75,252.25,-0.88,-0.94,0.13,0.02,0.00,0.12,-3.75,79.87,236.31,0.25,-0.69,-0.37,8,4
1772045669.032935,3007554,0.06,0.06,0.16,75.31,66.75,252.37,0.06,2.06,0.19,-0.01,0.04,0.05,-3.87,80.00,236.31,0.56,-0.31,-0.19,8,4
1772045669.224382,3007745,-0.01,-0.02,0.13,75.06,66.62,252.12,-0.19,-0.44,0.25,-0.01,-0.01,0.11,-3.87,80.00,236.31,-0.50,-0.31,0.00,8,4
1772045669.415064,3007936,0.03,0.06,0.11,75.31,66.81,252.37,-1.50,-0.50,-1.00,-0.02,0.04,0.13,-3.81,80.00,236.31,-0.25,0.31,-0.06,8,4
1772045669.606024,3008127,0.03,0.03,0.13,75.44,66.81,252.44,-0.19,0.31,-0.31,0.01,-0.02,0.16,-3.81,80.00,236.31,-0.13,0.44,0.06,8,4
1772045669.797100,3008318,0.06,0.06,0.15,75.25,66.87,252.50,-0.25,0.81,-1.12,-0.06,0.02,0.15,-3.81,80.00,236.37,0.00,0.31,-0.25,7,4
1772045669.986649,3008508,0.07,0.11,0.13,75.25,66.81,252.25,1.62,-0.50,1.44,-0.04,0.00,0.13,-3.69,80.06,236.44,-1.00,0.44,0.50,7,4
1772045670.177486,3008699,0.00,-0.05,0.11,76.00,66.56,251.56,-0.94,-1.69,0.13,-0.05,0.01,0.12,-3.75,80.06,236.44,1.12,-0.06,-0.56,7,4
1772045670.367954,3008889,0.04,0.02,0.15,76.37,66.62,251.81,-0.81,0.13,0.31,-0.05,0.02,0.13,-3.81,80.06,236.37,0.31,-0.06,-0.19,7,4
1772045670.558884,3009080,0.03,0.00,0.14,76.37,66.62,252.06,-0.56,0.31,-1.81,-0.03,0.03,0.16,-3.75,80.12,236.44,0.44,0.50,-0.06,4,2
1772045670.748592,3009270,0.08,0.00,0.17,76.37,66.69,252.12,1.37,-1.19,1.19,-0.02,0.01,0.14,-3.75,80.06,236.44,0.00,-0.25,0.19,4,2
1772045670.939320,3009460,0.03,0.02,0.15,76.69,66.69,252.06,-0.06,0.25,-0.62,-0.03,-0.01,0.12,-3.75,80.06,236.44,-0.06,-0.37,0.06,4,2
1772045671.129458,3009651,0.03,-0.01,0.16,76.62,66.62,252.06,0.62,-0.19,0.62,0.00,-0.01,0.18,-3.75,80.06,236.44,0.25,0.06,-0.31,4,2
1772045671.318727,3009840,0.00,0.00,0.13,76.62,66.62,252.06,0.88,0.13,0.56,0.02,-0.04,0.20,-3.75,80.12,236.44,-0.81,-1.50,-0.06,4,3
1772045671.510238,3010032,-0.01,0.17,0.20,76.56,66.69,252.25,0.69,0.69,0.62,-0.02,0.05,0.15,-3.81,80.12,236.44,0.19,0.88,0.13,4,3
1772045671.701148,3010222,0.00,0.00,0.10,76.69,66.62,252.12,-0.25,-2.00,-0.81,-0.02,-0.01,0.14,-3.62,80.12,236.50,-0.06,0.44,0.69,4,2
1772045671.891762,3010413,0.05,0.08,0.18,76.62,66.81,252.37,-1.06,1.06,0.50,-0.04,-0.01,0.18,-3.81,80.12,236.56,0.50,-0.19,-0.56,4,4
1772045672.082147,3010604,-0.01,0.00,0.12,76.56,66.69,252.19,0.56,-0.44,0.50,0.03,0.01,0.17,-3.87,80.19,236.50,0.56,0.37,-0.25,4,4
1772045672.272547,3010794,0.02,0.04,0.16,76.12,66.69,252.25,0.50,0.44,0.00,0.00,0.04,0.18,-3.94,80.25,236.50,-0.25,0.00,0.00,4,4
1772045672.464101,3010985,-0.03,0.00,0.09,75.81,66.62,251.94,0.13,-0.75,-0.56,-0.03,-0.02,0.16,-3.81,80.25,236.56,-1.19,-0.06,0.44,5,3
1772045672.654165,3011176,0.02,0.11,0.10,75.37,66.69,252.12,-0.13,1.25,-0.94,-0.04,0.00,0.13,-3.69,80.25,236.69,0.00,-0.06,-0.25,5,3
1772045672.844950,3011366,0.02,-0.02,0.12,74.62,66.56,252.06,0.62,1.00,1.06,-0.02,-0.03,0.16,-3.69,80.25,236.62,0.25,-0.06,-0.44,5,3
1772045673.035424,3011557,0.04,0.02,0.09,74.37,66.50,252.19,-0.06,0.00,-1.06,-0.09,0.04,0.13,-3.75,80.25,236.62,0.19,0.13,-0.13,5,3
1772045673.226075,3011747,0.03,-0.07,0.08,74.50,66.50,252.06,-0.25,-1.44,0.44,-0.04,0.00,0.15,-3.75,80.25,236.62,0.06,0.13,0.06,5,3
1772045673.416989,3011938,0.03,0.00,0.08,74.81,66.56,252.19,-0.81,0.13,-1.25,-0.02,0.01,0.18,-3.69,80.25,236.69,0.06,-0.13,-0.13,5,3
1772045673.607443,3012129,0.01,0.00,0.12,74.81,66.62,252.31,0.06,0.00,0.56,-0.05,-0.03,0.12,-3.69,80.25,236.69,0.44,-0.44,-0.25,5,3
1772045673.798349,3012320,0.04,-0.01,0.13,75.00,66.62,252.44,-1.31,0.25,-0.75,-0.02,0.04,0.15,-3.75,80.31,236.69,0.56,0.25,-0.44,4,2
1772045673.988526,3012510,0.02,0.00,0.12,75.25,66.69,252.56,0.69,-0.94,0.56,-0.05,0.03,0.16,-3.75,80.31,236.69,0.50,-0.13,0.06,4,1
1772045674.179427,3012701,0.02,0.00,0.13,75.44,66.69,252.56,0.00,0.50,-0.56,-0.03,0.00,0.20,-3.75,80.31,236.69,-0.19,-0.25,-0.06,3,2
1772045674.370087,3012892,0.04,0.01,0.16,75.44,66.75,252.62,0.81,-0.06,0.50,-0.05,0.00,0.15,-3.75,80.31,236.69,-0.44,0.00,0.00,3,2
1772045674.560930,3013082,-0.01,0.02,0.12,75.50,66.75,252.62,-0.75,-0.94,0.13,-0.02,0.00,0.15,-3.75,80.31,236.69,-0.75,-0.88,0.37,3,2
1772045674.751439,3013273,0.02,0.03,0.11,75.56,66.81,252.69,1.37,-0.06,0.56,-0.06,0.00,0.15,-3.75,80.31,236.69,-0.25,0.88,-0.06,3,2
1772045674.942264,3013464,0.05,0.02,0.14,75.50,66.75,252.62,-0.37,0.13,-0.25,-0.04,-0.01,0.21,-3.69,80.31,236.69,-0.25,-0.25,0.25,3,2
1772045675.132446,3013654,0.06,0.06,0.11,75.50,66.87,252.81,0.25,0.75,0.06,-0.04,-0.01,0.22,-3.69,80.31,236.69,0.44,0.31,-0.25,3,2
1772045675.323585,3013845,-0.01,0.00,0.15,75.69,66.81,252.62,-0.81,-0.62,0.50,0.02,-0.02,0.20,-3.69,80.31,236.69,0.44,0.13,-0.19,3,2
1772045675.513953,3014035,0.00,0.06,0.11,75.75,66.87,252.75,-0.31,0.37,-0.44,-0.03,0.02,0.19,-3.75,80.37,236.69,0.50,0.19,-0.19,3,2
1772045675.704967,3014226,-0.02,-0.02,0.15,75.62,66.81,252.56,-0.69,-0.94,-0.25,-0.05,0.01,0.15,-3.75,80.37,236.69,-0.50,0.13,0.00,4,2
1772045675.895368,3014417,0.03,0.06,0.13,75.69,66.87,252.69,-0.62,0.00,-0.69,-0.04,0.02,0.17,-3.75,80.37,236.75,-0.44,-0.19,-0.06,4,2
1772045676.085806,3014607,0.02,-0.01,0.13,75.69,66.81,252.56,0.44,-0.37,0.81,-0.03,0.00,0.18,-3.75,80.37,236.75,0.13,-0.19,-0.19,4,2
1772045676.277192,3014798,0.00,0.01,0.13,75.69,66.75,252.50,-0.25,0.06,-0.19,-0.05,0.03,0.21,-3.81,80.44,236.75,0.31,1.19,-0.31,4,2
1772045676.466885,3014989,0.05,-0.04,0.12,75.62,66.62,252.31,0.94,-0.62,0.37,-0.02,0.03,0.14,-3.81,80.19,236.75,0.25,0.00,0.13,3,2
1772045676.657652,3015179,0.04,0.00,0.14,75.75,66.69,252.31,-0.69,0.31,-1.19,-0.05,0.00,0.12,-3.75,80.12,236.75,-0.37,-0.25,0.06,3,2
1772045676.848442,3015370,0.04,-0.02,0.15,75.75,66.75,252.44,1.25,0.06,0.81,-0.02,-0.03,0.13,-3.75,80.00,236.81,-0.06,-0.06,-0.06,2,2
1772045677.038684,3015560,0.01,-0.04,0.11,76.00,66.69,252.37,-1.56,0.31,-0.06,-0.04,0.02,0.10,-3.69,80.00,236.81,-0.25,-1.31,0.31,2,2
1772045677.229037,3015751,0.10,0.04,0.16,75.50,66.75,252.69,0.56,1.31,1.37,-0.01,-0.03,0.11,-3.69,79.94,236.81,0.25,0.81,0.00,2,2
1772045677.420401,3015942,0.01,0.00,0.15,75.81,66.69,252.56,-0.75,-0.50,-0.31,0.00,-0.02,0.05,-3.62,79.94,236.81,-0.13,-0.31,0.19,2,2
1772045677.610794,3016132,0.04,0.08,0.12,75.94,66.69,252.69,0.37,-0.31,0.56,-0.02,0.00,0.11,-3.62,79.94,236.81,0.81,0.25,-0.37,6,4
1772045677.801372,3016323,0.02,0.01,0.17,76.19,66.56,252.44,-0.25,0.62,0.37,0.00,0.00,0.10,-3.69,79.94,236.75,0.00,-0.06,-0.25,6,5
1772045677.991937,3016514,0.02,0.10,0.16,76.06,66.62,252.56,-0.31,0.06,0.13,-0.01,0.01,0.12,-3.69,80.00,236.81,0.25,0.13,0.06,6,4
1772045678.182688,3016704,-0.05,-0.02,0.13,76.12,66.56,252.44,-1.75,-0.50,0.00,0.00,-0.01,0.11,-3.62,80.00,236.81,-0.75,-0.44,0.06,6,4
1772045678.373523,3016895,0.05,0.01,0.15,76.19,66.69,252.56,-0.31,-0.31,0.37,-0.02,-0.01,0.09,-3.62,80.00,236.81,0.19,-0.25,-0.37,7,4
1772045678.563883,3017086,-0.04,0.01,0.14,76.37,66.56,252.44,-0.06,-0.56,0.25,-0.05,0.00,0.11,-3.81,80.00,236.81,0.06,0.37,0.06,7,4
1772045678.754901,3017276,0.03,0.02,0.16,76.31,66.56,252.37,-0.50,-0.37,-0.69,-0.01,0.05,0.12,-3.81,80.00,236.81,-0.06,0.19,-0.37,7,4
1772045678.945341,3017467,-0.01,-0.04,0.14,76.37,66.56,252.37,0.50,-0.50,-0.31,-0.02,0.01,0.10,-3.81,80.00,236.81,-0.31,0.00,0.00,7,4
1772045679.135958,3017657,0.01,0.04,0.13,76.37,66.69,252.56,-0.25,0.56,-1.25,-0.01,0.00,0.11,-3.75,80.00,236.87,-0.06,0.13,0.06,6,5
1772045679.326433,3017848,0.04,-0.14,0.19,76.06,66.69,252.69,-2.00,-0.44,-0.25,-0.03,-0.03,0.11,-4.31,80.00,237.06,-0.25,-0.25,-1.12,6,5
1772045679.516996,3018039,0.01,-0.04,0.16,76.25,66.75,252.94,0.31,0.37,0.44,-0.06,0.02,0.08,-4.56,80.06,237.12,0.25,0.19,-0.13,2,2
1772045679.707582,3018229,0.05,0.04,0.14,75.81,66.75,253.00,2.06,0.44,0.19,-0.02,-0.01,0.14,-4.50,80.06,237.06,-0.13,0.00,0.69,3,2
1772045679.898156,3018420,0.06,0.01,0.15,75.19,66.75,253.00,-0.13,1.37,-1.44,-0.03,0.00,0.11,-4.44,80.06,237.12,-0.31,0.19,0.31,3,2
1772045680.088321,3018610,0.04,0.07,0.12,74.44,66.75,253.12,1.87,1.81,0.50,-0.01,-0.03,0.16,-4.44,80.06,237.12,0.25,0.37,0.06,3,2
1772045680.279486,3018801,0.00,-0.04,0.12,74.19,66.69,252.94,-0.19,0.19,0.00,-0.07,0.00,0.10,-4.44,80.12,237.12,0.19,-0.44,-0.56,4,2
1772045680.470353,3018992,0.05,0.00,0.13,74.25,66.62,252.87,2.06,-0.81,1.25,-0.03,-0.01,0.13,-4.69,80.06,237.19,-0.13,-0.69,0.06,4,2
1772045680.661077,3019182,0.04,-0.01,0.12,74.62,66.62,252.75,-0.31,-0.25,-0.88,-0.02,-0.01,0.14,-4.69,80.06,237.19,-0.37,-0.13,0.19,5,2
1772045680.851315,3019373,0.06,0.07,0.14,74.75,66.75,253.00,0.50,-0.88,0.19,-0.02,-0.03,0.17,-4.69,80.06,237.19,0.37,0.37,0.13,6,2
1772045681.042453,3019564,0.03,-0.03,0.13,75.19,66.75,252.94,-0.13,-0.31,-0.19,-0.06,0.01,0.15,-4.69,80.12,237.19,0.19,0.31,-0.37,6,2
1772045681.232078,3019754,0.07,-0.04,0.14,75.25,66.69,252.81,1.94,-1.25,1.19,-0.02,-0.04,0.15,-4.81,80.12,237.19,0.56,0.00,0.19,6,2
1772045681.423704,3019945,0.04,0.01,0.16,75.94,66.75,252.69,-0.75,-2.19,-0.37,-0.04,-0.02,0.14,-4.81,80.12,237.19,-0.37,-0.37,-0.06,6,2
1772045681.614316,3020136,0.05,0.10,0.14,76.62,66.75,252.87,0.94,-0.50,-0.25,-0.05,-0.02,0.13,-4.81,80.12,237.19,-0.06,-0.06,0.19,6,2
1772045681.805041,3020326,0.01,-0.05,0.16,76.94,66.81,252.81,-1.25,-0.13,-0.75,-0.01,0.02,0.16,-4.81,80.19,237.19,0.50,0.37,-0.50,5,2
1772045681.994994,3020517,0.06,-0.01,0.18,77.19,66.94,253.12,0.62,-1.37,-0.06,-0.03,-0.01,0.17,-4.87,80.19,237.19,0.19,-0.31,0.19,4,2
1772045682.185768,3020707,0.02,0.00,0.17,77.62,67.00,253.12,-0.25,0.19,-1.06,0.00,-0.03,0.13,-4.87,80.19,237.19,-0.37,-0.25,-0.19,4,2
1772045682.376620,3020898,0.05,0.09,0.19,77.56,67.06,253.25,1.25,0.06,0.88,-0.03,0.00,0.13,-4.87,80.19,237.19,0.50,0.37,-0.06,4,2
1772045682.567512,3021089,0.02,-0.03,0.17,77.25,66.81,252.75,1.06,0.13,0.94,-0.10,0.03,0.10,-4.94,80.19,237.19,0.44,0.06,-0.37,3,2
1772045682.757903,3021280,0.02,0.04,0.16,76.94,66.69,252.56,1.94,-0.69,1.37,0.00,0.05,0.17,-5.00,80.19,237.19,0.19,0.19,0.19,3,2
1772045682.947868,3021470,0.03,-0.02,0.15,76.62,66.37,252.00,1.31,0.00,1.06,-0.04,0.00,0.14,-5.00,80.19,237.19,0.13,-0.13,-0.06,3,1
1772045683.138283,3021660,0.02,0.02,0.11,76.50,66.37,251.94,0.81,0.25,0.94,-0.02,0.00,0.17,-5.00,80.19,237.19,0.37,0.44,0.19,3,1
1772045683.330061,3021852,0.03,-0.07,0.10,76.37,66.25,251.62,-1.37,-0.13,-1.12,-0.04,0.05,0.09,-5.00,80.25,237.19,-0.06,0.44,0.06,4,1
1772045683.520810,3022042,0.05,0.00,0.11,76.31,66.37,251.87,0.44,-0.75,-0.31,0.00,-0.05,0.23,-5.00,80.19,237.19,-0.25,-0.06,0.25,4,1
1772045683.712281,3022234,0.03,0.02,0.12,76.37,66.44,252.06,-0.81,0.37,-1.44,-0.04,0.00,0.14,-5.00,80.19,237.19,-0.50,-0.37,-0.19,4,1
1772045683.902609,3022424,0.05,0.06,0.15,76.37,66.56,252.37,0.13,0.00,0.56,-0.04,0.00,0.15,-5.00,80.19,237.19,-0.13,0.06,-0.06,4,1
1772045684.094211,3022616,0.05,-0.04,0.14,76.69,66.50,252.25,-0.56,-0.50,-0.37,-0.02,0.00,0.18,-5.00,80.25,237.25,0.19,0.00,-0.44,4,2
1772045684.286048,3022808,0.05,-0.02,0.12,77.00,66.56,252.37,0.13,-1.62,0.25,-0.01,0.00,0.15,-5.06,80.25,237.25,0.56,-0.19,0.06,5,1
1772045684.478116,3023000,0.00,-0.01,0.10,77.94,66.62,252.44,-1.56,-1.25,-0.50,-0.04,-0.02,0.17,-5.00,80.25,237.25,-0.94,-1.06,-0.31,5,2
1772045684.669260,3023191,0.04,0.09,0.04,78.37,66.75,252.69,0.31,-0.81,0.13,-0.04,0.00,0.17,-5.00,80.25,237.25,0.06,0.44,-0.06,5,2
1772045684.860042,3023382,0.06,-0.06,0.15,78.37,66.75,252.69,0.44,0.06,-0.19,-0.04,0.00,0.15,-5.00,80.31,237.31,-0.06,0.25,0.06,5,2
1772045685.051992,3023574,0.02,0.00,0.15,78.44,66.81,252.81,1.12,-1.00,0.13,-0.04,-0.03,0.21,-4.94,80.25,237.31,-0.06,0.13,0.37,5,2
1772045685.243053,3023765,0.01,-0.01,0.09,78.81,66.87,252.81,-0.62,0.06,-0.69,-0.03,-0.02,0.18,-4.87,80.25,237.37,0.19,0.25,0.06,5,2
1772045685.434939,3023957,0.08,0.04,0.13,78.87,66.94,253.00,0.75,-0.50,0.94,-0.02,0.01,0.13,-5.00,80.25,237.37,-0.94,-1.44,-0.50,5,2
1772045685.626253,3024148,-0.04,-0.01,0.08,80.69,66.87,252.56,0.88,-4.94,0.81,-0.03,0.00,0.10,-5.12,80.37,237.37,0.50,-1.62,-0.37,5,2
1772045685.817330,3024339,0.01,0.01,0.03,81.44,67.00,252.69,-1.87,1.44,0.88,-0.02,0.00,0.24,-5.31,80.25,237.31,0.44,0.13,-0.37,6,1
1772045686.009173,3024531,0.08,0.14,0.09,81.87,66.87,253.44,-0.06,0.19,-1.19,-0.04,0.05,0.14,-5.62,80.19,237.37,-0.31,-0.37,0.37,6,1
1772045686.200111,3024722,0.02,0.05,0.10,81.81,67.00,253.31,0.75,0.44,0.75,-0.01,0.03,0.13,-5.62,80.12,237.37,-0.25,0.37,-0.19,5,1
1772045686.393003,3024915,-0.03,0.01,0.07,81.69,66.87,253.06,0.31,-0.37,0.00,0.03,0.02,0.13,-5.56,80.06,237.37,-0.25,-1.06,0.00,4,1
1772045686.585950,3025108,0.03,-0.02,0.10,81.25,66.81,253.06,1.81,0.50,1.50,-0.05,0.00,0.06,-5.62,80.00,237.37,-0.06,0.00,0.13,4,2
1772045686.777482,3025299,0.00,-0.01,0.10,81.19,66.75,252.81,-0.94,0.50,-0.50,-0.02,0.00,0.13,-5.62,80.00,237.44,-0.62,-0.31,0.37,4,1
1772045686.968245,3025490,0.02,0.07,0.11,81.37,66.81,253.06,-0.31,-0.06,0.44,0.00,0.01,0.15,-5.56,80.00,237.44,-0.69,-0.25,0.13,4,1
1772045687.159281,3025681,0.00,-0.02,0.09,81.31,66.75,252.94,0.62,0.44,0.13,0.00,-0.01,0.12,-5.56,80.06,237.50,-0.50,-1.12,0.19,4,1
1772045687.349669,3025872,0.04,0.04,0.13,81.00,66.81,253.19,1.06,0.25,0.37,-0.02,-0.06,0.12,-5.56,80.06,237.50,0.81,0.69,0.19,3,1
1772045687.540705,3026062,0.03,0.00,0.12,81.19,66.75,253.12,-1.50,-0.25,-0.25,-0.01,0.00,0.09,-5.62,80.06,237.44,-0.37,-0.31,0.13,3,2
1772045687.731379,3026253,0.03,0.07,0.06,81.44,66.87,253.37,0.00,0.19,0.13,-0.04,-0.02,0.14,-5.62,80.06,237.44,0.13,0.44,0.06,3,2
1772045687.922065,3026444,0.00,0.00,0.09,81.44,66.87,253.37,-0.37,-0.06,0.19,0.00,-0.03,0.12,-5.56,80.06,237.50,-1.06,-1.37,0.37,3,2
1772045688.112595,3026634,0.06,0.09,0.16,81.44,66.94,253.56,-0.25,-0.94,0.81,-0.06,-0.01,0.09,-5.56,80.12,237.50,-0.06,0.50,0.25,4,2
1772045688.302954,3026825,0.01,0.00,0.07,82.00,66.94,253.44,-1.19,-1.00,0.25,-0.02,-0.02,0.14,-5.56,80.12,237.50,-0.19,0.00,0.13,4,2
1772045688.493185,3027015,0.03,0.05,0.07,82.06,66.94,253.50,0.50,0.06,0.19,-0.01,-0.02,0.14,-5.56,80.12,237.50,0.31,0.25,-0.25,6,3
1772045688.683861,3027206,0.03,0.00,0.07,82.06,66.81,253.31,-0.50,-0.25,0.44,-0.02,0.00,0.14,-5.56,80.06,237.50,-0.69,0.00,-0.06,7,4
1772045688.874205,3027396,0.03,0.10,0.06,82.12,66.94,253.44,-0.50,0.19,-0.06,0.00,-0.04,0.17,-5.56,80.12,237.50,0.37,-0.31,0.25,7,4
1772045689.065146,3027587,-0.04,0.03,0.05,82.25,66.94,253.31,-1.12,0.75,-0.56,-0.02,0.00,0.17,-5.56,80.19,237.56,-0.37,-0.06,0.13,8,4
1772045689.255291,3027777,0.04,0.04,0.11,81.94,66.94,253.44,0.37,-0.56,0.00,-0.01,0.00,0.14,-5.56,80.19,237.56,0.50,0.19,-0.25,8,4
1772045689.445652,3027968,0.00,0.02,0.08,82.00,66.81,253.12,1.00,-0.31,1.12,0.00,0.00,0.11,-5.62,80.19,237.50,0.44,0.00,-0.37,9,3
1772045689.636595,3028158,-0.02,0.04,0.06,82.00,66.75,253.00,0.06,-0.13,-1.19,-0.04,0.03,0.14,-5.75,80.19,237.56,0.13,0.69,-0.13,9,4
1772045689.827041,3028349,0.03,-0.03,0.18,81.81,66.69,252.75,0.69,0.50,1.12,-0.06,0.03,0.21,-5.69,80.19,237.62,-1.06,0.25,0.19,8,3
1772045690.017984,3028540,-0.07,-0.05,0.05,82.44,66.62,252.37,0.69,-0.56,-1.06,-0.02,0.00,0.14,-5.12,80.06,237.56,-0.31,0.06,-0.06,7,3
1772045690.208610,3028730,0.03,0.14,0.13,82.31,66.69,252.75,0.56,-0.37,1.37,-0.03,0.01,0.14,-5.19,80.06,237.69,-1.00,-1.12,-0.37,7,3
1772045690.398864,3028921,-0.07,-0.16,0.09,82.37,66.19,251.56,2.31,-0.88,1.87,0.00,0.05,0.12,-5.31,80.12,237.69,1.06,0.13,-0.81,5,2
1772045690.589670,3029111,0.06,0.00,0.04,82.44,65.94,251.37,0.37,-2.50,1.62,-0.01,0.02,0.14,-5.69,80.00,237.56,0.06,-1.12,-0.25,4,2
1772045690.779982,3029302,0.00,-0.05,0.08,83.19,65.56,250.81,0.56,-0.19,0.94,0.00,0.01,0.08,-5.69,80.12,237.62,1.19,0.50,-0.06,4,2
1772045690.970601,3029493,0.04,0.01,0.06,83.19,65.56,250.87,-0.88,-1.62,0.50,-0.02,0.01,0.17,-5.81,80.12,237.50,0.69,0.37,0.19,4,2
1772045691.161688,3029683,-0.05,0.00,0.00,83.87,65.56,250.75,1.12,-0.25,0.88,-0.04,0.00,0.03,-5.81,80.12,237.50,-0.19,-0.19,-0.19,4,2
1772045691.352183,3029874,0.02,-0.05,0.10,83.00,65.56,250.75,0.00,1.19,-0.13,0.01,-0.02,0.00,-5.87,80.12,237.50,-0.75,0.13,-0.69,4,2
1772045691.542727,3030065,0.18,0.08,0.21,81.56,65.94,251.62,-1.19,4.19,-2.81,-0.03,0.01,0.17,-6.00,80.19,237.62,-0.69,-0.37,0.50,4,2
1772045691.732954,3030255,0.00,0.00,0.09,81.87,66.00,251.75,0.31,-2.44,1.56,0.00,0.02,0.17,-5.94,80.12,237.62,0.13,0.25,-0.06,6,3
1772045691.924232,3030446,0.07,0.02,0.12,82.37,66.00,251.62,0.56,0.25,-0.25,0.04,-0.08,0.23,-5.62,80.06,237.56,-0.50,-2.00,0.13,7,4
1772045692.115161,3030637,0.03,-0.10,0.08,84.37,66.06,251.75,-2.37,-6.87,1.62,0.01,-0.03,-0.05,-6.87,80.25,237.62,1.56,-1.12,-1.50,8,4
1772045692.305028,3030827,0.12,0.31,0.07,85.19,66.19,252.94,-2.12,1.75,-1.50,0.01,0.02,0.14,-8.56,80.37,237.81,0.88,-0.31,0.69,8,3
1772045692.495684,3031018,-0.03,0.02,0.02,85.12,66.19,252.62,1.94,0.06,1.12,-0.04,0.03,0.11,-8.44,80.25,237.62,0.69,0.31,-0.13,8,4
1772045692.686080,3031208,0.13,-0.11,0.13,84.06,65.87,252.12,0.56,3.87,-0.44,0.00,0.01,0.12,-8.13,80.12,237.69,-0.88,0.75,0.13,8,5
1772045692.876982,3031399,-0.02,0.07,0.10,83.44,66.12,252.31,1.81,0.19,0.44,-0.02,-0.04,0.12,-7.87,80.00,237.75,-0.06,0.81,0.06,8,5
1772045693.068203,3031590,0.06,0.01,0.07,83.37,65.94,252.00,-0.19,-2.50,0.69,-0.02,-0.05,0.04,-7.69,79.87,237.69,-0.44,-0.75,0.44,8,5
1772045693.258246,3031780,0.07,0.09,0.05,84.19,66.00,252.06,-2.87,0.19,0.13,-0.03,0.00,0.09,-7.69,80.00,237.75,0.31,-0.69,-0.31,7,5
1772045693.448811,3031971,0.01,0.01,0.01,84.31,65.87,251.81,2.19,-0.37,3.00,-0.01,0.00,0.05,-8.06,80.00,237.69,0.50,0.31,0.19,6,5
1772045693.639208,3032161,0.02,-0.03,0.13,83.50,65.69,251.44,-0.88,2.69,-1.87,0.00,0.00,0.12,-7.87,80.06,237.69,-0.37,-0.25,0.19,4,3
1772045693.830540,3032352,0.00,0.00,0.08,83.12,65.81,251.69,0.00,-0.06,0.50,-0.03,-0.04,0.05,-7.87,80.06,237.69,-0.31,-0.19,-0.37,4,3
1772045694.021131,3032543,0.00,0.05,0.03,83.06,65.81,251.75,-1.06,-0.50,-0.69,-0.04,-0.01,0.05,-7.87,80.06,237.69,0.19,-0.06,-0.13,4,3
1772045694.211127,3032733,0.01,0.00,0.07,83.00,65.75,251.69,0.44,0.50,0.88,-0.06,0.03,0.07,-7.94,80.06,237.62,0.37,-0.06,-0.19,4,3
1772045694.402170,3032924,-0.01,0.01,0.08,82.75,65.69,251.56,-0.13,1.37,-1.12,-0.04,0.03,0.04,-7.94,80.12,237.62,-0.69,0.00,-0.13,3,2
1772045694.592638,3033114,0.00,-0.10,0.10,82.44,65.69,251.62,0.31,-0.75,-0.56,-0.02,-0.03,0.08,-7.87,80.06,237.62,-0.94,0.06,-0.06,3,2
1772045694.783164,3033305,0.02,0.03,0.05,82.75,65.87,252.00,-1.62,-0.13,-1.75,-0.01,-0.01,0.09,-7.75,80.06,237.75,-0.31,-0.13,0.25,3,2
1772045694.974133,3033496,-0.02,-0.09,0.08,82.75,65.81,251.87,2.12,-0.94,1.75,-0.06,-0.05,0.07,-7.50,80.06,237.69,-0.06,-0.44,-0.81,3,2
1772045695.164702,3033686,0.05,-0.02,0.06,82.75,65.75,251.94,-0.94,1.06,-1.87,-0.02,0.02,0.11,-7.87,80.12,237.81,-0.19,-0.37,-0.62,3,2
1772045695.355394,3033877,0.01,-0.04,0.08,82.44,65.81,252.06,0.88,0.13,-0.06,-0.02,-0.02,0.08,-7.87,80.12,237.81,-0.19,-0.31,0.00,3,2
1772045695.544740,3034067,0.01,0.00,0.10,82.31,65.87,252.12,0.31,0.25,-1.50,0.00,0.00,0.07,-7.81,80.12,237.75,-0.19,-0.37,-0.13,3,1
1772045695.735452,3034257,0.08,-0.07,0.12,81.94,66.00,252.12,1.62,0.69,0.94,-0.02,-0.03,0.07,-7.75,80.06,237.75,0.37,0.37,-0.25,3,2
1772045695.926791,3034449,0.00,-0.02,0.07,81.87,65.94,252.00,0.62,-0.44,0.13,-0.08,0.00,0.03,-7.81,80.06,237.75,1.31,0.19,-0.31,3,2
1772045696.117796,3034640,0.10,-0.04,0.12,81.75,65.94,251.94,1.06,-0.88,0.56,-0.03,-0.02,0.13,-7.75,80.06,237.75,0.25,-0.37,-0.13,4,1
1772045696.308444,3034830,0.00,0.00,0.09,82.12,65.94,251.87,-0.31,0.25,-0.88,-0.02,-0.03,0.12,-7.75,80.06,237.75,-0.56,0.19,0.37,4,1
1772045696.499240,3035021,0.04,0.05,0.08,82.25,66.06,252.12,-0.13,0.13,0.69,-0.04,-0.02,0.08,-7.75,80.06,237.75,0.06,0.19,0.19,5,1
1772045696.690307,3035212,0.01,-0.08,0.09,82.37,66.00,252.06,-0.25,0.44,-0.69,-0.06,0.00,0.11,-7.75,80.06,237.81,0.00,-0.25,0.00,5,1
1772045696.881237,3035403,0.02,0.00,0.06,82.44,66.06,252.12,1.12,-0.56,0.88,-0.02,-0.05,0.15,-7.75,80.06,237.75,0.13,-0.50,0.13,5,1
1772045697.072699,3035594,0.01,-0.02,0.10,82.37,66.06,252.00,-0.13,0.06,-0.44,-0.03,-0.03,0.08,-7.75,80.12,237.81,-0.37,-0.13,0.37,5,1
1772045697.263619,3035786,0.06,0.02,0.07,82.56,66.00,252.12,0.25,-0.19,0.81,-0.03,-0.06,0.11,-7.81,80.12,237.75,0.37,-0.06,-0.31,5,1
1772045697.455425,3035977,-0.02,-0.07,0.03,82.81,65.81,251.87,0.06,-0.06,0.88,-0.02,-0.02,0.10,-7.81,80.19,237.81,-0.13,-1.12,0.06,5,1
1772045697.644530,3036167,0.04,0.08,0.14,82.56,65.87,252.19,-0.75,2.06,0.06,-0.02,-0.05,0.14,-7.62,80.00,237.81,-0.25,1.06,0.13,5,1
1772045697.836890,3036359,0.02,0.06,0.06,82.50,65.87,252.12,-0.56,-0.44,-0.50,-0.02,-0.03,0.09,-7.50,80.00,237.87,-0.25,-0.31,0.25,5,2
1772045698.028759,3036551,0.00,0.05,0.02,82.56,65.87,252.12,1.56,-0.31,1.12,-0.01,-0.02,0.10,-7.50,80.00,237.87,-0.19,0.00,-0.19,5,2
1772045698.220966,3036743,0.00,0.05,0.05,82.50,65.81,252.00,0.06,-0.81,-0.13,0.04,-0.06,0.14,-7.50,80.06,237.87,-0.62,-1.00,0.37,4,2
1772045698.412978,3036935,0.08,0.09,0.09,82.56,65.81,252.06,0.88,-0.56,1.31,-0.02,-0.03,0.08,-7.50,80.06,237.87,0.50,0.88,-0.06,4,2
1772045698.604955,3037127,0.02,0.02,0.09,82.81,65.81,251.94,-0.50,0.31,-0.19,-0.03,-0.02,0.12,-7.50,80.06,237.87,-0.13,-0.31,0.31,5,1
1772045698.795163,3037317,0.02,0.07,0.08,82.87,65.87,252.12,0.19,-0.13,0.56,-0.02,-0.03,0.09,-7.50,80.06,237.87,0.25,-0.19,-0.13,8,4
1772045698.987980,3037510,0.05,0.00,0.13,82.87,65.87,252.00,-0.69,-0.94,-0.25,-0.01,-0.03,0.10,-7.50,80.06,237.87,0.06,-0.44,-0.06,8,5
1772045699.180161,3037702,0.04,0.12,0.09,82.81,66.00,252.12,0.75,0.88,0.06,-0.01,-0.03,0.07,-7.56,80.12,237.87,0.13,0.13,0.00,8,5
1772045699.373567,3037896,-0.04,0.03,0.11,82.69,65.94,251.75,-0.94,0.13,0.25,-0.03,-0.03,0.10,-7.62,80.12,237.81,-0.50,-0.31,0.00,8,5
1772045699.565258,3038088,0.00,0.06,0.05,82.87,65.94,251.94,-1.56,-1.25,-0.56,-0.02,0.04,0.11,-7.62,80.12,237.81,0.13,0.37,0.00,8,5
1772045699.756040,3038278,0.00,0.02,0.13,83.00,65.75,251.56,1.06,-0.62,3.00,0.02,-0.08,0.15,-8.19,79.87,237.81,1.31,0.31,-0.69,8,4
1772045699.947574,3038470,0.02,0.05,0.06,83.37,65.62,251.31,-1.06,0.00,-1.31,-0.07,0.04,0.14,-8.44,80.06,237.81,-0.06,-1.19,-0.13,8,5
1772045700.138795,3038661,0.03,-0.05,0.12,83.25,65.75,251.62,-2.06,0.94,-2.00,-0.03,0.00,0.09,-8.69,79.94,237.81,-0.81,0.00,0.13,8,4
1772045700.329863,3038852,0.01,0.02,0.05,83.37,66.00,252.00,-1.31,0.00,-1.44,-0.02,0.00,0.12,-7.50,79.94,237.81,-0.56,-0.13,0.44,8,4
1772045700.521176,3039043,0.03,0.07,0.12,83.44,66.06,252.31,0.06,0.44,0.06,-0.04,-0.06,0.09,-7.44,79.94,237.87,-0.06,0.00,-0.19,8,5
1772045700.712476,3039235,0.05,0.09,0.13,83.37,66.06,252.31,0.37,0.06,-0.37,-0.03,0.03,0.16,-7.56,80.12,237.87,-0.37,-0.37,-0.56,4,2
1772045700.902033,3039424,0.07,-0.02,0.17,83.12,65.94,252.06,1.81,0.25,0.62,-0.03,0.00,0.12,-7.56,80.06,237.87,0.06,-0.44,-0.31,5,1
1772045701.093501,3039615,-0.05,0.03,0.09,83.19,65.87,251.94,-0.19,0.00,0.13,-0.01,-0.01,0.07,-7.56,80.06,237.94,-0.31,-0.06,-0.06,5,1
1772045701.285777,3039808,0.13,0.01,0.18,82.19,65.87,252.06,1.31,2.81,-0.50,-0.03,-0.02,0.07,-7.50,80.06,237.94,-0.50,0.06,0.44,4,2
1772045701.480425,3040003,0.00,0.10,0.14,82.00,65.87,252.06,0.13,0.81,-0.25,-0.04,-0.04,0.05,-7.50,80.12,238.00,-0.44,-0.69,0.00,4,1
1772045701.672361,3040194,0.12,0.12,0.16,81.62,65.94,252.31,-1.06,-0.50,1.50,-0.03,-0.07,0.14,-7.50,80.12,238.00,-0.13,-0.37,-0.06,4,1
1772045701.862998,3040385,-0.01,0.04,0.11,82.06,65.87,252.12,1.00,0.00,0.81,0.00,-0.05,0.12,-7.50,80.12,238.00,-0.19,0.50,0.19,4,1
1772045702.054194,3040576,0.07,0.07,0.12,81.81,65.87,252.31,0.13,0.37,-0.62,-0.02,-0.03,0.15,-6.75,80.06,238.06,-1.12,0.25,1.12,7,2
1772045702.245077,3040767,0.09,0.16,0.08,81.62,66.19,252.62,-1.12,-0.06,-0.75,0.03,-0.09,0.09,-6.19,80.06,238.06,-0.19,-0.44,-0.56,7,2
1772045702.435336,3040958,0.06,0.14,0.09,81.31,66.37,253.00,-1.31,0.69,0.19,-0.03,0.00,0.06,-7.00,80.12,238.12,1.25,0.06,-0.69,6,2
1772045702.625984,3041148,0.00,-0.01,0.10,81.25,66.19,252.62,0.25,-0.37,1.31,-0.03,-0.01,0.15,-7.56,80.12,238.00,0.19,-0.37,-0.62,6,2
1772045702.816320,3041339,0.00,0.07,0.04,81.44,66.19,252.62,-0.44,-0.94,0.31,0.00,0.01,0.12,-7.62,80.12,238.06,0.00,0.00,0.06,6,2
1772045703.007375,3041529,0.05,-0.03,0.11,81.31,66.12,252.50,0.19,0.88,0.31,0.02,-0.03,0.19,-7.62,80.12,238.06,-0.19,0.62,0.25,6,2
1772045703.197827,3041720,0.00,0.08,0.08,81.25,66.19,252.69,-0.88,0.75,-1.56,-0.08,0.01,0.18,-7.56,80.12,238.12,-0.13,0.19,-0.13,6,2
1772045703.388388,3041910,0.06,0.09,0.14,81.44,66.25,252.94,-5.00,-1.62,-0.19,-0.02,0.00,0.11,-7.69,80.19,238.12,-0.94,-0.56,0.13,6,2
1772045703.578993,3042101,0.01,0.04,-0.02,82.06,66.37,253.06,0.75,0.88,-0.37,-0.05,-0.02,0.19,-7.44,80.19,238.12,-0.13,0.19,-0.06,6,3
1772045703.769551,3042292,-0.01,-0.01,0.06,81.81,66.31,253.00,0.69,0.00,0.88,-0.05,-0.02,0.16,-7.44,80.19,238.12,0.19,-0.25,-0.19,7,2
1772045703.960270,3042482,0.04,-0.02,0.12,81.87,66.31,253.06,0.75,0.06,-1.44,-0.02,0.00,0.20,-7.44,80.25,238.12,0.25,0.44,0.06,5,2
1772045704.150678,3042673,0.07,-0.12,0.09,81.94,66.37,252.94,2.50,-1.19,0.75,-0.03,-0.04,0.17,-7.44,80.19,238.06,0.44,-0.19,0.31,6,2
1772045704.341550,3042863,-0.06,0.01,0.00,82.37,66.37,252.87,-0.75,1.00,-0.81,-0.03,-0.02,0.09,-7.44,80.25,238.12,0.00,-0.37,-0.37,6,2
1772045704.531455,3043054,0.07,0.06,0.14,81.62,66.31,253.00,1.00,0.00,1.37,-0.04,-0.05,0.12,-7.50,80.25,238.12,0.44,0.00,0.00,6,2
1772045704.722721,3043245,-0.04,-0.01,0.03,81.87,66.19,252.75,-0.88,-0.50,0.56,-0.04,0.00,0.09,-7.50,80.25,238.12,-0.50,-1.12,-0.06,6,2
1772045704.913264,3043436,0.06,0.05,0.09,81.75,66.25,252.87,1.19,-0.37,1.06,-0.04,-0.06,0.16,-7.50,80.25,238.12,0.50,1.25,0.13,5,1
1772045705.104052,3043626,0.01,0.02,0.04,81.94,66.25,252.75,-0.31,0.31,-0.50,-0.02,-0.08,0.17,-7.56,80.31,238.12,-0.31,-0.88,-0.19,4,1
1772045705.294375,3043817,0.05,0.08,0.07,82.06,66.25,252.94,1.69,-0.37,0.69,-0.02,-0.04,0.14,-7.62,80.37,238.12,0.56,0.19,0.13,5,1
1772045705.485329,3044007,0.01,0.00,0.10,82.00,66.19,252.69,-0.69,-0.13,0.00,-0.06,-0.06,0.10,-7.62,80.37,238.12,-0.75,-0.69,-0.37,5,1
1772045705.675596,3044198,0.06,0.11,0.06,82.12,66.25,252.87,-0.94,-0.06,0.50,-0.01,-0.04,0.17,-7.69,80.44,238.19,0.44,0.44,0.13,5,1
1772045705.866767,3044389,-0.02,0.04,0.04,82.44,66.19,252.69,-1.25,-0.37,0.25,-0.03,-0.05,0.21,-7.69,80.44,238.19,-0.19,-0.19,0.31,5,1
1772045706.056971,3044579,0.01,0.08,0.04,82.25,66.31,252.87,-0.31,0.81,-1.19,-0.05,-0.01,0.13,-7.69,80.44,238.19,0.13,0.00,-0.31,5,1
1772045706.250428,3044770,0.01,-0.02,0.12,81.81,66.25,252.75,0.81,-0.06,0.44,-0.04,-0.05,0.16,-7.69,80.44,238.19,0.19,0.50,-0.19,5,1
1772045706.438145,3044960,-0.02,0.06,0.07,81.81,66.31,252.75,-0.44,-0.13,-1.75,-0.02,0.00,0.22,-7.75,80.44,238.19,0.37,0.56,-0.44,6,2
1772045706.628742,3045151,0.00,-0.06,0.06,81.87,66.25,252.56,1.12,-0.62,0.94,-0.03,-0.03,0.19,-7.75,80.44,238.19,-0.13,0.13,-0.56,6,2
1772045706.819542,3045342,0.07,0.00,0.08,81.75,66.31,252.69,0.00,-0.19,-0.81,-0.06,-0.02,0.22,-7.69,80.44,238.19,-0.44,0.25,0.19,7,2
1772045707.009771,3045532,0.03,0.03,0.06,81.81,66.31,252.75,1.06,-0.06,0.69,-0.03,-0.07,0.20,-7.69,80.44,238.19,-0.37,0.31,0.31,7,2
1772045707.200640,3045723,0.02,0.02,0.02,81.62,66.37,252.69,-1.62,1.56,-0.25,-0.06,-0.03,0.14,-7.56,80.44,238.19,0.13,-0.88,0.19,6,2
1772045707.391042,3045913,0.06,0.01,0.10,81.37,66.37,252.87,0.88,0.50,1.12,-0.02,-0.03,0.16,-7.31,80.31,238.19,0.44,0.75,-0.06,5,2
1772045707.582032,3046104,0.01,-0.01,0.08,81.37,66.37,252.81,-0.56,-1.00,-0.19,-0.02,-0.05,0.15,-7.06,80.19,238.12,-0.37,-0.06,0.62,5,2
1772045707.772825,3046295,0.00,0.04,0.06,81.81,66.44,252.94,-0.88,0.00,-0.25,-0.03,-0.02,0.14,-6.81,80.06,238.12,-0.13,0.06,-0.19,6,3
1772045707.963299,3046485,0.08,0.05,0.07,81.81,66.44,253.00,-0.37,-0.19,-0.06,-0.03,-0.05,0.07,-6.62,80.00,238.06,-0.19,-0.31,-0.06,6,3
1772045708.153523,3046676,0.04,0.08,0.07,81.81,66.44,253.00,-0.62,0.62,0.62,0.00,-0.04,0.06,-6.62,80.00,238.12,0.50,-0.25,-0.37,6,3
1772045708.344330,3046866,0.00,0.05,0.06,81.94,66.25,252.69,-1.12,-0.50,0.69,-0.01,-0.01,0.09,-6.75,80.00,238.06,-0.31,-0.56,-0.19,5,3
1772045708.534743,3047057,0.00,0.09,0.09,81.87,66.25,252.81,-1.00,0.31,-0.62,-0.03,0.00,0.09,-6.75,80.00,238.12,-0.44,0.25,-0.06,5,3
1772045708.725834,3047248,0.00,0.00,0.13,81.87,66.25,252.81,-0.31,0.00,0.19,-0.04,-0.03,0.07,-6.75,80.00,238.12,-0.06,-0.13,-0.25,6,3
1772045708.915942,3047438,0.07,0.08,0.07,82.00,66.44,253.12,-0.31,0.25,-1.75,-0.01,0.01,0.17,-6.69,80.06,238.12,0.19,0.69,-0.37,7,4
1772045709.106386,3047629,0.07,-0.02,0.13,81.75,66.37,252.94,1.44,-0.25,1.06,-0.02,0.00,0.06,-6.69,80.12,238.12,0.00,-0.37,0.06,7,3
1772045709.297206,3047819,0.00,0.00,0.12,81.94,66.25,252.75,-0.88,-0.37,-0.75,-0.01,0.00,0.09,-6.69,80.12,238.12,0.37,-0.13,-0.31,8,4
1772045709.487516,3048010,0.05,0.00,0.14,82.00,66.25,252.81,0.69,-0.25,0.50,-0.02,-0.04,0.12,-6.69,80.12,238.12,0.00,0.19,0.19,9,5
1772045709.678626,3048201,-0.02,0.06,0.09,82.19,66.25,252.81,-0.62,0.13,-0.75,0.00,-0.11,0.15,-6.62,80.06,238.12,0.06,0.62,0.44,7,5
1772045709.869150,3048392,0.05,0.12,0.10,82.19,66.31,252.94,-0.13,0.44,0.19,0.00,-0.07,0.17,-6.62,80.12,238.12,0.06,0.37,0.13,6,4
1772045710.060214,3048582,-0.01,0.09,0.10,82.12,66.31,252.87,-0.44,0.56,0.56,-0.01,-0.03,0.12,-6.62,80.06,238.12,-0.19,-0.19,-0.13,5,4
1772045710.250717,3048773,0.03,0.13,0.09,82.06,66.37,252.94,-0.62,-0.88,0.06,-0.03,0.01,0.13,-6.62,80.06,238.12,0.50,0.00,-0.31,5,4
1772045710.441463,3048964,0.01,-0.01,0.10,82.19,66.25,252.69,0.00,-0.75,0.50,-0.01,-0.02,0.18,-6.56,80.06,238.12,-0.13,0.50,0.00,5,4
1772045710.632336,3049155,-0.02,0.08,0.03,82.31,66.25,252.75,0.19,0.44,-1.25,-0.06,0.02,0.15,-6.56,80.06,238.12,-0.31,0.25,0.00,5,4
1772045710.823128,3049345,0.00,-0.01,0.08,82.12,66.31,252.75,0.25,-0.19,0.19,-0.02,-0.05,0.13,-6.56,80.06,238.12,-0.31,-0.31,-0.06,5,4
1772045711.013383,3049536,0.03,0.06,0.10,82.12,66.31,252.87,-0.56,0.31,-0.62,-0.04,0.00,0.12,-6.56,80.06,238.19,0.06,-0.13,0.00,5,4
1772045711.204458,3049727,0.03,0.04,0.11,82.12,66.31,252.75,0.56,-1.00,1.00,-0.05,-0.03,0.12,-6.56,80.06,238.19,0.13,-0.25,-0.25,5,4
1772045711.395497,3049918,0.01,0.03,0.07,82.25,66.25,252.69,-0.44,0.13,-1.12,-0.03,0.01,0.14,-6.56,80.12,238.19,0.13,-0.06,-0.25,5,3
1772045711.586096,3050108,0.08,-0.01,0.15,82.06,66.25,252.69,1.25,-0.50,0.62,-0.03,-0.03,0.14,-6.56,80.06,238.19,-0.44,-0.44,0.06,5,2
1772045711.777303,3050299,-0.01,-0.04,0.07,82.50,66.19,252.50,-0.69,0.19,-0.50,-0.02,-0.02,0.14,-6.56,80.12,238.19,-0.19,-0.25,-0.31,5,2
1772045711.968135,3050490,0.04,0.05,0.08,82.31,66.25,252.81,1.69,-0.50,0.81,-0.03,-0.04,0.09,-6.56,80.12,238.19,0.37,0.19,-0.06,5,2
1772045712.159298,3050682,0.00,0.02,0.11,82.19,66.19,252.69,0.00,-0.19,0.62,0.00,0.00,0.11,-6.62,80.12,238.19,-0.19,-1.25,0.19,5,2
1772045712.350498,3050873,0.05,0.05,0.11,82.06,66.19,252.75,0.37,-0.62,1.00,-0.06,-0.01,0.09,-6.62,80.19,238.19,0.25,0.56,-0.13,5,2
1772045712.540473,3051063,0.04,0.04,0.07,82.37,66.19,252.69,-0.50,0.25,-0.37,-0.02,-0.04,0.16,-6.62,80.12,238.19,-0.50,-0.56,0.44,5,2
1772045712.732429,3051255,0.04,0.08,0.10,82.25,66.31,252.87,0.56,0.56,0.50,0.00,-0.03,0.13,-6.62,80.12,238.19,0.19,0.19,-0.31,5,2
1772045712.925143,3051447,0.02,0.00,0.08,82.12,66.25,252.81,-0.69,-0.44,0.06,-0.04,-0.01,0.08,-6.56,80.12,238.19,-0.19,-0.31,-0.31,5,2
1772045713.116295,3051639,0.00,0.09,0.06,82.19,66.31,252.87,-0.25,0.25,0.56,0.00,-0.01,0.11,-6.62,80.19,238.19,0.00,0.13,-0.06,4,2
1772045713.308007,3051830,0.01,0.05,0.11,82.19,66.25,252.81,-1.56,-0.06,-0.19,-0.02,-0.02,0.16,-6.56,80.19,238.25,-0.50,-0.25,0.56,4,2
1772045713.498410,3052021,0.07,0.07,0.09,82.12,66.44,253.00,-0.31,0.25,-0.81,-0.01,0.00,0.12,-6.37,80.19,238.19,0.50,0.25,-0.13,4,2
1772045713.690585,3052213,0.01,-0.02,0.11,82.12,66.44,253.00,0.56,0.00,0.06,0.04,-0.02,0.13,-6.37,80.12,238.19,0.19,-0.13,-0.25,4,2
1772045713.882853,3052405,0.08,0.00,0.15,82.00,66.44,253.00,0.19,-0.31,-0.75,-0.05,0.05,0.11,-6.31,80.12,238.19,0.25,0.44,-0.25,4,2
1772045714.075143,3052598,0.00,-0.05,0.14,82.37,66.37,252.75,0.00,-0.62,0.56,-0.05,-0.02,0.14,-6.31,80.12,238.19,0.06,0.13,0.06,4,2
1772045714.267690,3052790,0.02,0.03,0.07,82.50,66.44,252.87,-1.25,0.50,-1.00,-0.02,0.00,0.17,-6.31,80.12,238.19,-0.13,0.25,0.00,4,2
1772045714.460224,3052983,-0.01,-0.01,0.13,82.44,66.37,252.87,0.62,0.37,0.69,-0.01,-0.02,0.14,-6.31,80.12,238.19,-0.69,0.19,0.25,4,2
1772045714.651178,3053173,-0.41,0.16,0.00,86.06,66.87,253.81,-8.31,-7.50,-3.06,-0.07,-0.01,0.11,-6.19,80.12,238.25,-0.25,-0.37,0.06,5,2
1772045714.842223,3053365,-0.19,0.08,0.09,85.25,66.94,254.12,5.00,3.37,1.25,0.00,-0.09,0.21,-6.19,80.12,238.25,-0.19,-0.50,0.06,4,1
1772045715.033646,3053556,-0.34,0.00,0.02,82.94,66.56,253.31,4.69,1.00,-0.13,-0.05,-0.07,0.15,-6.19,80.12,238.25,0.62,-0.25,-0.50,4,1
1772045715.224771,3053747,0.07,0.00,0.13,81.62,66.62,253.19,1.25,-1.12,-0.06,-0.01,-0.01,0.15,-6.31,80.12,238.25,0.00,-0.44,0.06,5,2
1772045715.415772,3053938,0.01,0.06,0.13,81.62,66.62,253.19,-0.69,-0.13,-0.62,-0.03,-0.11,0.14,-6.31,80.12,238.25,-0.19,-0.44,0.00,5,3
1772045715.605666,3054128,0.06,0.13,0.17,81.31,66.69,253.37,-0.75,0.62,0.06,-0.01,-0.06,0.17,-6.31,80.19,238.31,0.06,0.25,0.00,5,3
1772045715.796968,3054319,0.00,0.06,0.10,81.44,66.69,253.31,-1.56,-1.50,0.06,-0.03,-0.06,0.19,-6.31,80.19,238.31,-0.19,-0.56,-0.25,5,3
1772045715.987524,3054510,0.02,0.10,0.11,81.44,66.69,253.44,-0.75,0.69,0.31,-0.01,-0.01,0.15,-6.37,80.19,238.31,0.25,-0.19,-0.31,5,3
1772045716.178094,3054700,0.01,0.04,0.15,81.56,66.69,253.44,-2.00,-3.12,-0.37,0.03,-0.01,0.16,-6.62,80.19,238.31,-0.50,-0.50,-0.19,6,3
1772045716.368655,3054891,0.04,0.07,0.14,81.81,66.69,253.44,0.25,0.37,-1.06,-0.04,0.00,0.17,-6.62,80.25,238.37,0.06,0.31,-0.25,6,3
1772045716.558828,3055081,0.06,0.11,0.17,82.00,66.69,253.31,3.00,-4.25,-0.88,-0.03,0.02,0.14,-6.69,80.25,238.37,-0.25,-0.31,0.50,6,3
1772045716.749098,3055272,0.05,0.00,0.07,82.19,66.81,253.19,0.31,1.25,-0.56,-0.03,0.00,0.18,-6.69,80.25,238.37,0.06,0.13,-0.50,6,3
1772045716.939549,3055462,0.02,0.00,0.10,82.00,66.69,253.19,0.88,-0.13,0.75,-0.04,-0.08,0.14,-6.69,80.25,238.37,-0.25,-0.50,0.19,6,3
1772045717.129722,3055652,0.01,0.00,0.05,82.00,66.62,253.12,0.25,0.13,-0.19,-0.04,0.01,0.09,-6.75,80.31,238.37,0.37,-0.75,0.19,5,2
1772045717.320154,3055843,0.03,0.01,0.13,81.56,66.69,253.19,1.50,0.19,1.31,-0.02,-0.06,0.17,-6.87,80.31,238.31,0.62,1.12,0.00,5,1
1772045717.510956,3056033,0.02,0.02,0.09,81.44,66.62,253.12,-0.25,0.25,-1.12,-0.04,-0.01,0.16,-6.69,80.25,238.37,-0.88,0.13,0.44,5,1
1772045717.701621,3056224,0.05,0.05,0.11,81.25,66.87,253.37,-0.13,0.81,0.19,-0.03,-0.03,0.20,-6.62,80.25,238.44,0.06,0.37,0.19,6,3
1772045717.892309,3056415,0.03,-0.02,0.07,81.19,66.81,253.31,-0.81,0.13,-0.19,-0.02,-0.04,0.16,-6.56,80.31,238.44,0.19,0.06,-0.06,6,3
1772045718.082514,3056605,0.01,0.10,0.11,81.31,66.87,253.50,0.13,0.37,0.06,-0.04,-0.01,0.15,-6.56,80.37,238.44,0.50,0.44,-0.06,6,3
1772045718.273470,3056796,-0.01,-0.01,0.12,81.31,66.69,253.31,-1.44,0.37,0.19,-0.04,-0.03,0.19,-6.56,80.31,238.44,-0.75,-0.62,-0.13,5,3
1772045718.463825,3056986,0.02,0.07,0.08,81.50,66.81,253.62,-1.12,-0.13,-0.50,-0.02,0.00,0.18,-6.56,80.37,238.44,0.13,-0.06,-0.25,4,3
1772045718.654449,3057177,0.03,-0.03,0.15,81.37,66.75,253.50,0.94,-0.37,0.62,-0.02,-0.02,0.20,-6.56,80.37,238.44,0.00,-0.06,0.06,4,3
1772045718.844783,3057367,0.03,0.00,0.06,81.56,66.69,253.50,0.19,0.06,-0.19,-0.03,-0.03,0.18,-6.56,80.37,238.50,0.13,0.13,-0.31,4,4
1772045719.035372,3057558,0.05,-0.02,0.12,81.44,66.69,253.44,1.31,-0.88,0.56,-0.04,0.00,0.17,-6.50,80.37,238.50,0.06,-0.37,0.00,4,3
1772045719.226167,3057749,0.03,0.00,0.08,81.69,66.69,253.50,0.13,0.25,-0.75,-0.03,-0.03,0.20,-6.50,80.37,238.50,-0.06,-0.06,0.13,5,3
1772045719.416647,3057939,0.04,0.01,0.11,81.75,66.69,253.50,0.69,-0.31,0.50,-0.02,-0.04,0.18,-6.50,80.37,238.50,0.25,0.31,0.06,6,5
1772045719.607429,3058130,0.06,0.03,0.11,81.75,66.69,253.50,-0.75,0.31,-0.31,0.00,-0.02,0.20,-6.50,80.37,238.50,0.37,0.94,0.19,5,4
1772045719.797801,3058321,0.00,0.07,0.10,81.75,66.75,253.62,-0.44,0.44,0.19,-0.02,-0.04,0.17,-6.56,80.37,238.50,0.25,0.00,0.19,5,4
1772045719.988860,3058511,0.01,0.04,0.09,81.87,66.75,253.50,-1.69,-0.69,-0.37,-0.03,-0.05,0.20,-6.62,80.44,238.50,-0.06,-1.25,0.00,6,3
1772045720.179258,3058702,0.02,0.12,0.08,81.81,66.81,253.69,0.25,1.50,-0.31,-0.04,0.00,0.20,-6.69,80.56,238.50,0.75,-0.25,-0.37,7,4
1772045720.369989,3058892,0.04,-0.03,0.20,81.44,66.69,253.37,0.37,-0.25,0.88,-0.04,0.00,0.19,-6.87,80.56,238.37,0.13,0.06,-0.13,7,4
1772045720.560940,3059083,-0.01,0.04,0.07,81.94,66.69,253.37,-1.62,-1.00,-0.19,0.04,-0.03,0.26,-6.94,80.44,238.37,-0.62,-0.88,0.06,7,4
1772045720.750934,3059274,0.00,0.02,0.10,82.25,66.69,253.37,2.31,-0.06,0.94,-0.04,-0.04,0.15,-6.75,80.25,238.37,0.00,0.37,0.00,6,4
1772045720.941806,3059464,0.03,0.11,0.08,82.56,66.69,253.44,-1.44,-2.81,-0.06,-0.03,0.01,0.16,-6.69,80.25,238.37,0.31,-0.50,0.88,6,4
1772045721.132091,3059655,-0.05,0.01,0.02,83.37,66.75,253.37,0.75,1.56,0.44,0.00,-0.02,0.18,-6.44,80.19,238.25,0.06,-0.44,-0.13,6,4
1772045721.323088,3059846,-0.01,-0.01,0.08,83.00,66.75,253.44,-0.19,0.06,-0.31,-0.05,0.02,0.09,-6.37,80.12,238.25,-0.44,-0.19,0.00,4,3
1772045721.513441,3060036,0.03,0.06,0.10,83.00,66.75,253.56,-0.06,0.62,0.56,-0.03,0.00,0.12,-6.69,80.12,238.37,0.50,0.19,-0.81,3,2
1772045721.704169,3060227,0.18,-0.31,0.26,82.94,66.50,253.19,-0.88,-2.87,-0.62,-0.09,0.00,0.10,-6.12,80.06,238.44,-1.69,1.56,1.62,4,2
1772045721.894535,3060417,-0.09,0.16,-0.09,84.94,66.94,254.00,0.37,-1.37,0.00,-0.04,-0.04,0.15,-4.31,79.75,238.19,-1.75,1.25,-0.19,4,3
1772045722.084102,3060607,0.03,0.04,-0.04,85.12,66.81,253.75,1.50,-1.56,0.25,-0.02,-0.05,0.14,-3.81,79.62,238.31,-1.37,0.69,1.44,4,2
1772045722.275186,3060798,-0.05,0.14,0.03,84.37,66.94,253.75,2.06,4.94,-0.44,0.05,-0.08,0.11,-3.25,79.56,238.44,-1.50,-0.69,0.69,4,2
1772045722.466586,3060989,0.09,0.13,0.08,82.56,67.06,253.87,-0.25,-0.13,0.13,-0.01,-0.06,0.08,-3.06,79.56,238.37,0.50,-0.19,0.62,4,2
1772045722.657060,3061180,0.05,0.04,0.06,82.56,67.12,253.81,-1.00,1.69,-0.19,-0.02,-0.03,0.12,-2.87,79.56,238.37,0.13,-0.19,0.25,5,2
1772045722.847687,3061370,0.04,0.06,0.01,82.75,67.12,253.87,-0.62,-0.37,0.50,-0.02,-0.02,0.11,-2.87,79.56,238.37,0.44,0.25,-0.25,6,2
1772045723.038427,3061561,-0.02,-0.02,0.05,82.69,67.06,253.75,0.00,0.37,-0.37,-0.01,0.00,0.17,-2.87,79.62,238.37,-0.19,-0.69,-0.25,6,2
1772045723.229127,3061751,-0.01,0.11,0.00,82.87,67.12,253.87,-0.75,-0.62,-0.50,-0.03,0.02,0.11,-3.56,79.87,238.25,1.62,-1.12,-1.00,6,2
1772045723.419834,3061942,0.00,-0.13,0.07,82.75,67.06,253.62,1.00,-0.37,-0.50,0.00,-0.01,0.19,-3.94,79.94,238.12,1.37,-0.69,-0.94,6,2
1772045723.609889,3062133,0.00,-0.07,0.04,82.94,67.00,253.56,1.81,-0.75,1.00,-0.03,0.00,0.12,-4.31,80.00,238.12,0.50,0.13,-0.31,6,2
1772045723.800316,3062323,0.00,-0.04,0.07,82.81,67.00,253.37,1.31,-0.81,0.44,-0.03,0.00,0.13,-4.31,80.00,238.12,-0.19,0.62,-0.25,5,2
1772045723.991172,3062514,0.03,0.02,0.02,82.62,67.06,253.44,0.94,0.88,-1.00,0.04,0.00,0.18,-4.31,79.94,238.12,-0.31,-1.25,-0.06,6,3
1772045724.181383,3062704,0.05,0.00,0.11,82.06,67.06,253.44,0.37,0.62,0.88,-0.03,0.02,0.17,-4.31,79.94,238.12,0.19,0.00,0.13,5,2
1772045724.372585,3062895,0.00,-0.05,0.05,82.50,67.06,253.31,-0.37,-1.56,0.00,-0.02,-0.02,0.15,-4.25,79.94,238.12,-0.13,-0.62,0.50,5,2
1772045724.562916,3063086,0.02,0.08,0.00,82.94,67.12,253.56,-0.62,-0.31,0.31,-0.03,0.00,0.16,-4.25,80.00,238.12,0.19,-0.13,-0.31,7,4
1772045724.753826,3063276,0.05,0.00,0.07,82.87,67.06,253.37,-0.44,0.31,0.44,-0.02,-0.03,0.10,-4.25,80.00,238.12,-0.19,-0.37,-0.13,7,4
1772045724.944481,3063467,0.03,0.06,0.06,82.81,67.06,253.56,-0.81,0.69,0.06,-0.01,0.01,0.12,-4.50,80.12,238.19,0.62,-0.06,-0.13,7,4
1772045725.135481,3063658,0.00,-0.04,0.06,82.75,66.94,253.31,-0.62,-0.75,0.37,-0.03,0.00,0.14,-4.50,80.06,238.19,-0.31,-0.50,-0.37,8,4
1772045725.326020,3063848,0.01,0.04,0.06,82.94,66.94,253.37,-0.88,-0.31,-0.19,-0.01,0.03,0.12,-4.50,80.06,238.19,-0.13,-0.13,-0.19,8,4
1772045725.516523,3064039,-0.04,-0.06,0.05,82.94,66.87,253.31,0.44,-0.13,0.56,-0.03,0.00,0.11,-4.50,80.06,238.19,-0.31,-0.06,0.13,8,4
1772045725.706828,3064230,0.06,0.01,0.10,82.37,66.94,253.44,0.50,0.44,-1.25,0.00,0.02,0.14,-4.50,80.12,238.25,0.00,-0.37,-0.62,8,4
1772045725.897743,3064421,-0.03,-0.02,0.08,82.25,66.87,253.31,0.69,0.44,0.00,-0.03,0.04,0.16,-4.56,80.12,238.25,0.37,0.06,-0.19,7,4
1772045726.088951,3064611,0.02,-0.01,0.09,82.37,66.94,253.31,0.50,-2.12,0.25,-0.01,-0.01,0.13,-4.56,80.12,238.25,-0.13,-0.25,-0.06,7,4
1772045726.279085,3064802,0.00,-0.01,0.10,82.56,66.94,253.37,0.69,2.19,-0.75,-0.03,0.03,0.20,-4.56,80.12,238.25,0.13,0.37,0.13,7,4
1772045726.470102,3064993,-0.03,0.00,0.07,82.44,66.94,253.44,-0.56,-1.50,0.50,0.01,-0.02,0.16,-4.56,80.12,238.25,-0.56,-1.44,0.19,6,3
1772045726.661093,3065184,0.06,0.02,0.13,82.56,67.00,253.44,0.62,-0.94,1.12,-0.02,-0.01,0.17,-4.56,80.19,238.25,0.00,-0.37,0.13,6,3
1772045726.850834,3065373,-0.05,-0.01,0.02,82.87,66.94,253.44,-0.62,2.12,-0.37,0.00,-0.03,0.20,-5.06,80.37,238.37,-1.37,-1.81,-0.37,6,3
1772045727.041766,3065564,0.02,0.16,0.13,82.56,67.06,253.94,-0.81,-0.56,0.25,-0.03,0.04,0.15,-5.81,80.50,238.44,1.37,0.44,-0.81,6,3
1772045727.232671,3065755,-0.01,-0.02,0.09,82.75,66.81,253.31,1.56,-1.50,2.31,-0.07,0.03,0.22,-6.00,80.37,238.37,-0.69,0.37,0.06,7,3
1772045727.424367,3065947,-0.04,0.12,0.07,83.87,66.69,253.06,-0.19,-1.94,-0.75,-0.07,0.03,0.18,-5.94,80.37,238.37,-0.50,0.81,0.37,7,3
1772045727.616089,3066139,-0.03,-0.02,0.07,84.12,66.69,253.00,-0.13,-1.00,-1.12,-0.03,-0.05,0.16,-5.81,80.25,238.44,-0.69,0.13,0.44,7,3
1772045727.807524,3066330,0.01,0.03,0.13,83.87,66.87,253.25,-1.44,1.06,-1.19,-0.05,0.02,0.17,-5.94,80.31,238.44,-0.25,-1.06,-0.75,7,3
1772045727.999099,3066522,0.00,-0.05,0.20,83.62,66.62,253.12,1.19,0.31,2.94,-0.07,-0.06,0.16,-6.37,80.31,238.50,-0.44,-0.06,0.00,6,2
1772045728.188529,3066711,0.00,0.05,0.09,83.87,66.69,253.00,-1.69,-0.31,-2.00,-0.03,0.00,0.17,-6.12,80.37,238.50,-0.25,0.00,0.00,6,3
1772045728.380511,3066903,0.01,0.04,0.12,83.94,66.62,253.06,0.75,-0.88,1.06,-0.02,0.02,0.13,-6.06,80.25,238.50,0.00,-0.50,-0.31,6,2
1772045728.572457,3067095,-0.02,-0.08,0.14,84.25,66.50,252.81,-1.56,-0.88,0.19,-0.02,0.00,0.15,-5.87,80.25,238.56,-0.88,0.00,-0.19,5,2
1772045728.763653,3067286,-0.03,0.05,0.08,84.56,66.56,253.00,0.56,0.00,0.19,-0.02,-0.04,0.10,-5.81,80.19,238.50,0.19,0.00,-0.44,5,2
1772045728.954598,3067477,0.02,-0.04,0.12,83.94,66.50,253.00,0.44,1.56,-0.31,-0.07,0.06,0.07,-5.87,80.19,238.56,-0.19,-0.31,-0.44,4,2
1772045729.145830,3067669,0.03,-0.02,0.17,83.37,66.50,253.06,2.31,-0.50,1.12,-0.02,0.00,0.11,-5.94,80.12,238.56,-0.44,-0.19,0.56,3,2
1772045729.337186,3067860,0.06,0.00,0.09,83.44,66.50,253.06,-0.69,-0.19,-0.88,-0.02,0.00,0.15,-5.81,80.12,238.56,-0.31,0.13,0.31,2,2
1772045729.528685,3068052,0.03,0.03,0.11,83.50,66.62,253.31,0.62,1.19,-0.13,-0.03,-0.02,0.12,-5.81,80.12,238.56,0.00,0.37,0.00,3,3
1772045729.721671,3068244,0.02,0.00,0.15,83.12,66.62,253.31,-0.62,0.37,-0.19,0.01,-0.07,0.16,-5.75,80.12,238.62,-0.88,-1.31,0.31,2,3
1772045729.914399,3068437,0.02,0.10,0.08,83.00,66.69,253.50,0.50,-0.06,0.69,-0.03,0.00,0.20,-5.75,80.19,238.62,0.00,0.56,0.31,2,3
1772045730.107198,3068630,-0.02,0.03,0.06,82.94,66.69,253.31,0.13,-0.19,-0.56,-0.01,-0.06,0.12,-5.75,80.19,238.62,-0.25,-0.50,0.25,3,3
1772045730.297845,3068821,0.06,0.09,0.15,82.44,66.87,253.62,-0.06,1.56,-0.50,0.00,0.00,0.14,-5.81,80.19,238.62,0.56,0.13,-0.44,3,3
1772045730.488846,3069012,0.00,0.00,0.11,82.37,66.75,253.50,-0.13,-1.69,0.56,-0.06,0.00,0.07,-5.81,80.19,238.56,1.62,1.37,0.13,4,3
1772045730.679594,3069203,0.06,0.08,0.11,82.69,66.87,253.50,-0.19,-0.44,0.19,-0.01,0.00,0.14,-6.06,80.12,238.44,1.44,0.13,-0.62,4,3
1772045730.870498,3069393,-0.02,0.00,0.05,83.37,66.69,253.00,-0.94,-2.94,2.69,-0.01,-0.03,0.16,-6.50,80.12,238.37,0.56,-0.25,0.13,5,3
1772045731.060611,3069584,0.00,0.05,0.09,83.75,66.44,253.00,0.19,0.06,-1.19,-0.03,0.02,0.16,-6.50,80.19,238.37,0.00,-0.25,0.31,5,3
1772045731.251132,3069774,0.04,-0.02,0.07,83.69,66.44,252.94,0.56,0.25,0.75,0.00,-0.07,0.16,-6.50,80.19,238.37,0.00,0.19,0.06,6,2
1772045731.442238,3069965,0.02,0.08,0.08,83.69,66.50,253.06,-1.12,0.13,-1.69,-0.01,0.00,0.16,-6.50,80.31,238.37,0.00,-0.13,-0.13,6,2
1772045731.632940,3070156,-0.04,-0.08,0.06,83.50,66.37,252.87,3.00,0.75,0.62,-0.02,-0.03,0.16,-6.50,80.25,238.37,0.06,-0.19,-0.37,6,2
1772045731.823297,3070346,0.03,0.00,0.08,83.00,66.37,252.87,-0.31,0.31,-0.37,-0.02,0.01,0.09,-6.56,80.31,238.37,-0.13,-0.37,-0.19,5,2
1772045732.013540,3070537,0.07,0.00,0.15,82.94,66.37,253.00,0.50,-0.31,0.69,-0.03,0.00,0.17,-6.56,80.31,238.37,0.25,0.50,-0.06,5,2
1772045732.204331,3070727,0.01,-0.06,0.08,83.25,66.31,252.94,-0.31,-0.13,-0.69,-0.02,0.00,0.15,-6.56,80.31,238.44,-0.06,0.44,-0.19,4,2
1772045732.394958,3070918,0.03,-0.01,0.09,83.12,66.37,253.00,1.62,0.25,0.69,-0.03,-0.02,0.14,-6.50,80.31,238.44,-0.56,-0.44,0.06,3,2
1772045732.585589,3071108,0.04,0.02,0.11,83.12,66.37,253.06,0.25,0.00,-0.31,-0.02,-0.02,0.14,-6.50,80.31,238.44,-0.44,-0.44,0.06,3,2
1772045732.776355,3071299,0.02,0.02,0.11,83.25,66.25,252.94,-1.00,-0.62,1.81,-0.02,-0.02,0.10,-6.50,80.37,238.56,-0.37,-0.19,-0.31,5,3
1772045732.966725,3071489,0.01,0.06,0.07,83.44,66.06,252.81,-0.06,-0.75,0.25,0.04,-0.07,0.18,-6.56,80.37,238.50,-0.31,-1.06,0.31,6,4
1772045733.156940,3071680,0.01,0.09,0.08,83.50,66.12,252.87,0.31,-0.19,0.37,-0.02,-0.02,0.16,-6.62,80.44,238.44,0.50,0.06,0.06,6,4
1772045733.347730,3071871,0.10,0.11,0.08,83.25,66.19,252.81,-0.06,0.56,-0.13,-0.02,-0.01,0.10,-6.69,80.44,238.44,0.69,0.00,0.25,7,3
1772045733.538234,3072061,0.03,0.07,0.12,83.19,66.19,252.69,-0.37,0.94,0.31,-0.03,0.02,0.11,-7.25,80.44,238.37,0.81,-0.25,-0.69,7,3
1772045733.728855,3072252,0.02,0.05,0.11,83.37,66.00,252.56,-0.94,-1.56,0.69,-0.05,0.01,0.18,-7.44,80.37,238.37,-0.25,0.75,0.56,8,3
1772045733.919626,3072442,0.01,0.07,0.06,83.94,66.06,252.44,-1.12,1.00,-0.81,-0.04,0.00,0.14,-7.25,80.31,238.37,-0.25,0.06,-0.44,8,3
1772045734.110191,3072633,0.01,0.07,0.07,83.81,66.06,252.44,0.00,-0.19,0.62,-0.03,-0.03,0.13,-7.25,80.31,238.37,-0.19,0.06,-0.06,8,3
1772045734.301160,3072824,0.05,0.02,0.11,84.00,66.00,252.25,-1.00,-0.37,-0.06,-0.03,-0.02,0.20,-7.50,80.37,238.44,-0.13,0.19,-1.19,8,3
1772045734.491407,3073014,0.01,0.04,0.13,85.44,65.94,252.19,-1.00,-3.12,1.50,-0.03,-0.03,0.11,-8.00,80.37,238.44,0.69,-0.06,0.19,7,3
1772045734.681979,3073205,-0.04,0.04,0.04,86.81,65.81,252.00,-1.25,-2.25,-0.19,-0.02,0.00,0.19,-8.00,80.44,238.44,0.19,-0.13,-0.31,5,2
1772045734.872705,3073395,0.01,0.02,0.07,87.25,65.81,252.00,1.75,-0.37,0.56,-0.03,0.00,0.11,-8.00,80.44,238.44,-0.31,-0.56,-0.25,4,1
1772045735.062707,3073586,0.03,0.01,0.08,86.94,65.81,252.00,0.62,0.88,-0.75,-0.04,0.00,0.15,-8.00,80.44,238.44,0.00,-0.44,0.00,4,2
1772045735.253838,3073777,0.03,-0.01,0.08,86.75,65.87,252.00,1.37,0.19,0.88,-0.04,-0.03,0.08,-8.00,80.44,238.44,0.06,-0.13,-0.31,4,1
1772045735.444193,3073967,0.00,0.00,0.06,86.44,65.75,251.94,-0.19,0.62,0.25,-0.03,0.02,0.09,-7.94,80.44,238.50,-1.00,-1.12,0.44,4,2
1772045735.634644,3074158,0.05,0.07,0.14,86.06,65.87,252.12,0.88,0.44,0.06,-0.06,-0.04,0.07,-7.94,80.50,238.50,-0.31,0.81,0.19,5,2
1772045735.825407,3074348,0.04,0.05,0.08,86.06,65.87,252.19,-0.44,0.37,-0.44,-0.01,-0.02,0.15,-7.81,80.44,238.56,-0.37,0.00,0.37,5,1
1772045736.015615,3074539,0.02,0.11,0.10,86.12,65.94,252.31,0.56,0.44,0.69,-0.06,0.00,0.17,-7.81,80.44,238.56,0.25,0.25,0.06,6,2
1772045736.206667,3074730,0.02,0.01,0.12,85.94,65.81,252.06,-0.62,1.12,-0.31,-0.11,0.04,0.13,-7.75,80.44,238.56,0.19,0.44,-0.06,7,2
1772045736.396676,3074920,0.01,0.12,0.10,85.81,65.87,252.19,-0.31,0.62,0.06,-0.02,0.00,0.20,-7.75,80.44,238.56,0.00,0.44,0.25,7,2
1772045736.587737,3075111,0.02,-0.07,0.15,85.00,65.69,251.87,0.44,1.12,-0.69,-0.05,-0.03,0.10,-7.75,80.44,238.56,-0.75,-0.13,0.00,7,2
1772045736.778513,3075301,0.01,0.03,0.09,84.69,65.87,252.12,-0.56,0.62,-0.81,-0.04,-0.02,0.16,-7.69,80.44,238.62,-0.06,0.06,-0.06,7,2
1772045736.968850,3075492,0.04,0.03,0.14,84.44,65.87,252.25,0.44,-0.81,0.69,-0.04,-0.06,0.14,-7.69,80.37,238.62,-0.13,0.19,0.25,6,2
1772045737.159731,3075683,0.02,0.07,0.08,84.62,65.87,252.25,-0.75,-0.62,-0.06,0.03,-0.06,0.22,-7.75,80.50,238.62,-0.25,-1.56,0.44,7,3
1772045737.349960,3075873,0.00,0.05,0.07,84.62,65.94,252.37,1.56,0.62,0.00,-0.03,-0.02,0.18,-7.75,80.50,238.56,0.25,0.62,0.56,6,3
1772045737.540456,3076063,0.04,0.05,0.18,83.87,66.19,252.44,1.19,0.75,-0.56,0.00,-0.04,0.17,-6.62,80.37,238.44,-0.94,0.25,1.06,6,2
1772045737.731347,3076254,0.02,0.11,0.11,83.81,66.31,252.50,-0.62,0.56,0.31,-0.04,-0.07,0.22,-6.37,80.37,238.44,-0.25,0.25,0.19,6,3
1772045737.921776,3076445,0.01,0.07,0.08,84.12,66.31,252.44,0.25,-0.81,0.56,0.02,-0.04,0.21,-6.37,80.37,238.44,0.00,-0.13,-0.44,6,3
1772045738.112331,3076635,0.01,0.07,0.11,84.25,66.25,252.37,0.19,0.25,-0.37,-0.05,0.02,0.22,-6.62,80.44,238.50,0.44,0.37,-0.62,6,3
1772045738.303154,3076826,0.02,-0.02,0.13,84.25,66.12,252.19,0.75,-1.25,0.94,-0.05,0.00,0.18,-6.62,80.44,238.50,-0.19,-0.25,-0.19,6,2
1772045738.492986,3077016,0.00,0.01,0.09,84.37,66.19,252.19,-1.12,0.00,-1.31,-0.04,0.00,0.18,-6.69,80.44,238.50,0.06,-0.19,-0.25,7,2
1772045738.684182,3077207,0.03,0.00,0.13,84.19,66.25,252.25,0.88,0.25,1.00,-0.04,-0.02,0.14,-6.69,80.44,238.50,-0.13,-0.19,-0.19,7,2
1772045738.875267,3077398,0.06,-0.07,0.14,84.19,66.19,252.19,-0.37,-0.25,-0.37,-0.06,0.00,0.17,-6.75,80.50,238.50,0.13,-0.25,-0.13,7,2
1772045739.065473,3077589,0.02,0.01,0.15,84.25,66.19,252.25,0.81,-0.75,0.62,-0.04,-0.05,0.23,-6.69,80.50,238.50,-0.19,0.00,0.31,6,2
1772045739.256667,3077779,0.01,0.03,0.14,84.50,66.19,252.31,-0.69,0.25,-0.69,-0.03,-0.03,0.17,-6.69,80.56,238.56,-0.44,-0.25,0.25,6,2
1772045739.446903,3077970,0.05,0.07,0.16,84.37,66.25,252.44,0.88,0.62,0.25,-0.01,-0.03,0.17,-6.69,80.56,238.56,0.06,-0.13,0.06,7,3
1772045739.638183,3078161,0.00,0.06,0.19,84.37,66.25,252.44,-1.06,-0.06,0.19,-0.03,-0.10,0.18,-6.69,80.56,238.56,-0.37,-0.62,-0.13,7,4
1772045739.828532,3078351,0.05,0.11,0.18,84.37,66.25,252.44,-0.56,-0.50,1.19,-0.02,-0.02,0.17,-6.87,80.62,238.56,0.62,0.00,-0.37,7,4
1772045740.019451,3078542,0.01,-0.01,0.15,84.50,66.00,252.12,-1.56,0.88,0.56,-0.04,-0.03,0.20,-7.19,80.62,238.62,-0.37,-0.62,-0.13,7,3
1772045740.210297,3078733,0.02,0.09,0.15,84.56,66.06,252.31,-0.56,-0.06,0.44,-0.03,0.01,0.18,-7.19,80.69,238.62,0.25,0.37,-0.06,7,3
1772045740.401723,3078925,0.02,-0.08,0.23,83.94,65.81,251.87,-0.37,0.62,0.50,0.00,-0.03,0.18,-7.25,80.62,238.62,-0.13,-0.37,-0.50,7,3
1772045740.592905,3079116,0.00,0.07,0.16,83.87,65.87,252.12,0.00,-0.44,-1.19,-0.05,0.00,0.18,-7.00,80.56,238.62,-0.13,0.50,-0.31,7,4
1772045740.784321,3079307,0.00,-0.08,0.16,83.75,65.87,252.12,-0.25,-1.44,0.25,-0.05,0.00,0.16,-6.87,80.37,238.62,-0.31,0.00,0.06,7,3
1772045740.973949,3079497,0.00,0.03,0.02,84.12,65.94,252.25,-0.69,0.06,-1.00,-0.02,-0.04,0.14,-6.62,80.31,238.62,0.06,-0.25,0.00,7,4
1772045741.165733,3079689,0.02,0.01,0.12,83.94,66.00,252.25,1.12,0.06,-0.13,-0.02,-0.01,0.09,-6.56,80.25,238.62,0.25,-0.25,-0.13,8,4
1772045741.357293,3079880,0.03,0.07,0.13,83.56,66.00,252.25,0.19,0.44,0.00,0.03,-0.07,0.13,-6.56,80.19,238.56,0.06,-0.44,-0.13,8,4
1772045741.549096,3080072,0.06,0.08,0.15,83.37,66.06,252.25,0.75,-0.44,0.81,0.00,-0.01,0.16,-6.56,80.12,238.56,0.50,0.56,0.13,8,3
1772045741.741163,3080264,0.03,0.01,0.11,83.62,65.94,252.06,-0.75,0.19,-0.25,-0.01,0.00,0.14,-6.56,80.12,238.56,-0.50,-0.37,0.37,7,3
1772045741.932696,3080456,0.06,0.12,0.10,83.69,66.12,252.31,-0.37,-0.44,0.37,-0.01,0.02,0.13,-6.56,80.12,238.56,0.25,0.06,-0.25,7,3
1772045742.125178,3080648,-0.05,0.00,0.07,84.06,65.94,252.00,-0.06,-0.88,0.31,-0.05,0.04,0.10,-6.56,80.12,238.56,0.00,-0.19,-0.19,6,3
1772045742.317826,3080841,0.01,0.09,0.07,84.00,66.00,252.06,0.19,0.62,-0.19,-0.03,0.02,0.13,-6.56,80.19,238.56,0.25,-0.06,-0.13,6,3
1772045742.511277,3081034,0.03,0.02,0.16,83.87,65.94,252.00,-0.56,-0.94,-0.88,-0.03,-0.01,0.13,-6.56,80.19,238.56,-0.25,-0.19,0.56,6,3
1772045742.702974,3081226,0.00,0.13,0.07,84.25,66.19,252.37,-1.81,-0.06,-1.19,-0.03,0.01,0.13,-6.19,80.19,238.62,-0.37,-0.19,0.06,6,3
1772045742.893766,3081417,0.00,0.01,0.12,84.12,66.19,252.44,0.31,0.25,0.31,0.01,-0.05,0.11,-6.19,80.19,238.62,0.25,-0.13,0.06,6,3
1772045743.085204,3081608,0.01,0.04,0.10,84.00,66.25,252.50,-0.81,1.12,-1.31,-0.03,0.04,0.17,-6.37,80.25,238.62,0.06,-0.31,-0.31,5,2
1772045743.276285,3081799,0.02,-0.10,0.15,83.69,66.12,252.31,1.06,-0.44,0.56,-0.04,-0.01,0.11,-6.31,80.25,238.62,-0.25,0.13,0.06,4,1
1772045743.467160,3081990,0.00,0.01,0.11,83.81,66.19,252.44,-0.37,0.31,-1.00,-0.02,-0.02,0.12,-6.31,80.25,238.62,-0.13,0.00,0.00,4,2
1772045743.657263,3082180,0.03,0.03,0.15,83.62,66.19,252.50,0.88,-0.50,0.88,-0.01,-0.02,0.10,-6.31,80.25,238.62,-0.19,0.13,0.00,5,2
1772045743.848070,3082371,-0.04,-0.06,0.09,83.56,66.12,252.44,0.25,1.06,0.06,-0.06,0.00,0.13,-6.31,80.31,238.62,-0.31,-0.13,-0.13,5,2
1772045744.038672,3082562,0.02,-0.01,0.11,83.06,66.19,252.56,1.87,0.44,0.37,-0.02,-0.02,0.17,-6.31,80.25,238.62,-0.37,-0.13,0.31,5,2
1772045744.229215,3082753,0.04,0.00,0.18,82.62,66.19,252.56,0.88,1.44,-0.50,0.00,-0.03,0.15,-6.31,80.25,238.62,0.13,0.00,0.06,4,2
1772045744.419390,3082943,0.10,0.09,0.19,82.37,66.31,253.00,-1.81,-0.81,-0.50,-0.04,0.02,0.10,-6.62,80.25,238.69,0.06,0.00,0.06,4,2
1772045744.610105,3083133,-0.01,-0.07,0.10,82.87,66.25,252.81,0.06,-0.56,0.75,-0.05,-0.02,0.12,-6.62,80.31,238.69,-0.31,-1.19,-0.13,4,2
1772045744.799726,3083323,0.01,0.01,0.09,82.75,66.25,252.81,1.81,0.31,0.88,0.01,-0.06,0.18,-6.62,80.31,238.69,0.19,1.19,0.06,4,1
1772045744.990668,3083514,0.04,-0.01,0.14,82.31,66.25,252.81,0.62,0.56,-0.44,-0.04,-0.03,0.16,-6.56,80.31,238.69,-0.31,0.00,0.31,3,1
1772045745.181259,3083704,0.01,-0.01,0.13,82.19,66.25,252.87,0.00,-0.06,0.62,-0.04,-0.03,0.15,-6.56,80.31,238.69,0.19,0.56,0.06,3,1
1772045745.372063,3083895,-0.03,0.00,0.08,82.25,66.25,252.81,-0.19,0.06,0.25,-0.02,-0.03,0.14,-6.56,80.25,238.69,-0.62,-0.75,0.25,3,1
1772045745.561890,3084085,0.04,0.06,0.11,81.94,66.25,252.94,0.94,0.31,0.31,-0.05,-0.04,0.14,-6.56,80.25,238.69,0.19,1.00,0.00,3,1
1772045745.753023,3084276,0.01,0.00,0.13,81.87,66.25,252.94,-0.75,-0.13,-0.50,-0.01,-0.02,0.16,-6.50,80.25,238.75,-0.50,-0.19,0.37,3,1
1772045745.943481,3084467,0.04,0.07,0.06,82.00,66.37,253.19,0.06,-0.44,0.44,-0.03,-0.03,0.16,-6.50,80.25,238.75,0.44,-0.44,-0.06,6,2
1772045746.134229,3084657,0.01,0.01,0.08,81.94,66.37,253.12,0.62,0.94,-0.44,0.05,-0.08,0.25,-6.50,80.25,238.75,-0.75,-1.00,0.06,7,3
1772045746.324178,3084848,0.06,0.07,0.19,81.37,66.44,253.25,0.00,0.75,0.44,-0.03,0.00,0.19,-6.62,80.31,238.75,0.19,0.56,0.06,8,3
1772045746.515222,3085038,0.01,0.00,0.09,81.56,66.44,253.06,-0.88,-0.19,0.25,0.00,-0.04,0.19,-6.56,80.31,238.81,-0.81,-0.06,0.44,8,3
1772045746.705918,3085229,-0.01,0.05,0.05,81.75,66.62,253.31,-0.50,0.25,-0.75,-0.02,-0.03,0.19,-6.50,80.31,238.81,-0.31,0.62,0.13,8,4
1772045746.896712,3085420,0.03,-0.03,0.13,81.69,66.62,253.25,-0.13,-0.75,0.19,-0.06,-0.09,0.14,-6.50,80.25,238.81,-0.37,-0.81,-0.13,8,4
1772045747.087001,3085610,0.01,0.09,0.13,81.81,66.69,253.37,-0.62,-0.44,0.13,0.00,-0.04,0.19,-6.50,80.31,238.81,0.44,0.13,0.13,8,4
1772045747.277868,3085801,0.00,-0.03,0.08,81.94,66.56,253.12,-0.06,-0.88,1.56,-0.02,-0.08,0.19,-6.50,80.31,238.81,-0.25,-0.69,-0.06,7,4
1772045747.468431,3085991,0.03,0.08,0.13,82.06,66.62,253.25,-0.81,0.75,-0.75,-0.03,-0.03,0.15,-6.56,80.31,238.81,0.00,-0.37,0.06,7,5
1772045747.659082,3086182,0.02,-0.01,0.12,81.81,66.56,253.25,-0.44,-0.13,0.25,-0.03,-0.11,0.15,-6.56,80.31,238.81,-0.62,-0.13,0.19,6,5
1772045747.849472,3086373,0.06,0.11,0.13,81.69,66.69,253.44,-1.25,0.88,0.13,-0.03,-0.06,0.17,-6.44,80.37,238.94,-0.44,-0.06,0.37,4,4
1772045748.040092,3086563,0.00,0.04,0.08,82.00,66.69,253.37,-1.37,-0.50,0.37,0.00,-0.11,0.23,-6.44,80.37,238.94,-0.19,-0.44,-0.19,3,3
1772045748.230473,3086754,-0.01,0.13,0.05,82.31,66.69,253.44,0.31,0.37,0.50,-0.02,-0.03,0.21,-6.19,80.25,238.87,0.00,0.44,0.31,6,5
1772045748.421191,3086945,0.02,0.00,0.11,82.06,66.50,253.19,-0.37,0.56,0.13,-0.03,-0.04,0.08,-5.87,80.12,238.81,-0.19,0.25,0.19,6,5
1772045748.611793,3087135,0.02,0.06,0.18,82.06,66.56,253.25,-1.50,0.56,0.06,-0.01,-0.04,0.13,-5.75,80.06,238.87,-0.31,0.19,0.31,6,5
1772045748.802628,3087326,-0.05,0.01,0.06,82.31,66.56,253.12,-0.25,-0.50,-0.13,-0.02,-0.09,0.14,-5.44,80.00,238.87,-0.75,0.13,0.06,6,5
1772045748.993254,3087516,0.04,0.06,0.14,82.25,66.62,253.25,-0.44,0.37,-0.62,-0.04,-0.03,0.09,-5.12,79.87,238.87,0.37,0.00,-0.44,6,5
1772045749.183463,3087707,-0.02,-0.05,0.24,82.12,66.50,253.19,-1.87,1.12,2.25,-0.10,0.00,0.08,-5.50,79.87,239.06,-1.69,0.13,-0.13,6,5
1772045749.374442,3087898,-0.01,0.12,0.01,82.62,66.56,253.44,-0.88,-2.00,-1.81,-0.02,-0.03,0.16,-5.12,79.87,239.06,0.62,1.00,0.50,6,5
1772045749.564922,3088088,0.04,-0.05,0.09,82.56,66.62,253.37,-0.31,1.00,-0.62,-0.03,-0.08,0.15,-5.12,79.87,239.06,-0.69,-1.25,-0.50,6,4
1772045749.755346,3088279,0.04,0.04,0.15,81.87,66.81,253.69,1.44,2.94,-1.75,-0.03,-0.02,0.15,-5.06,79.94,239.00,0.75,-0.37,-0.37,6,4
1772045749.945682,3088469,0.05,-0.01,0.15,80.81,66.81,253.50,1.31,0.25,1.75,-0.03,-0.04,0.10,-5.31,79.94,238.87,0.37,-0.50,-0.56,7,5
1772045750.136714,3088660,-0.02,-0.05,0.08,81.19,66.56,253.06,0.25,-0.31,-0.31,-0.04,0.02,0.16,-5.37,80.00,238.87,0.25,0.81,-0.25,4,2
1772045750.327452,3088851,-0.01,-0.09,0.06,81.37,66.44,252.81,1.62,-1.31,0.75,-0.03,-0.03,0.13,-5.37,79.94,238.87,-0.69,0.00,0.06,4,2
1772045750.518140,3089041,0.03,0.00,0.09,81.37,66.56,252.87,-0.81,0.94,-1.87,-0.04,-0.02,0.13,-5.31,79.94,238.87,-0.06,-0.06,-0.19,5,2
1772045750.708358,3089232,0.00,-0.02,0.12,81.25,66.62,253.06,0.37,0.37,1.12,-0.05,-0.04,0.11,-5.31,79.94,238.87,0.37,0.13,-0.25,5,2
1772045750.899282,3089423,0.00,-0.04,0.08,81.19,66.56,253.06,-0.56,0.19,-1.31,-0.03,0.00,0.15,-5.37,80.06,238.87,0.31,0.31,-0.37,5,3
1772045751.089752,3089613,0.02,-0.05,0.15,81.00,66.62,253.12,0.88,0.13,0.13,-0.04,-0.01,0.15,-5.31,80.00,238.87,-0.44,-0.81,0.00,6,2
1772045751.280585,3089804,0.05,-0.01,0.15,81.00,66.69,253.25,-0.37,0.44,-1.12,-0.02,-0.03,0.16,-4.94,80.06,238.87,-0.75,-0.13,0.13,6,2
1772045751.470761,3089994,0.05,0.01,0.18,81.00,66.75,253.44,0.69,-0.75,0.13,-0.03,-0.05,0.16,-4.50,79.94,238.87,0.19,0.56,0.50,6,2
1772045751.661561,3090185,0.01,-0.04,0.08,81.69,66.75,253.44,-1.31,-0.50,-0.56,0.00,-0.03,0.19,-4.06,79.94,238.87,0.31,0.69,0.37,6,3
1772045751.851626,3090375,0.02,0.00,0.15,81.44,66.81,253.56,2.87,0.75,0.56,-0.02,-0.04,0.14,-3.94,79.87,238.81,0.81,-0.44,-0.31,5,2
1772045752.042197,3090566,0.02,-0.04,0.21,81.12,66.69,253.37,0.19,0.00,0.44,-0.01,0.00,0.10,-4.19,79.87,238.81,0.13,-0.56,-0.50,5,2
1772045752.233605,3090757,0.01,0.00,0.11,80.94,66.62,253.31,1.06,-0.25,1.19,-0.04,-0.03,0.07,-4.19,79.81,238.81,-0.19,-0.06,-0.31,5,2
1772045752.424044,3090948,0.00,0.03,0.10,80.94,66.56,253.19,0.13,-0.13,0.37,0.00,0.00,0.09,-4.06,79.81,238.87,-0.31,-1.00,0.06,5,2
1772045752.615020,3091139,0.06,0.04,0.15,80.69,66.56,253.25,1.62,-0.19,0.94,-0.03,-0.03,0.11,-4.06,79.75,238.87,0.31,1.00,-0.13,5,2
1772045752.805828,3091329,0.02,0.00,0.09,80.69,66.56,253.12,0.13,-0.06,-0.25,-0.01,-0.02,0.12,-4.00,79.75,238.87,-0.25,-0.06,0.37,5,2
1772045752.995922,3091519,0.00,0.02,0.08,80.81,66.56,253.25,-0.37,0.69,0.25,-0.03,0.00,0.12,-4.00,79.75,238.87,0.31,0.31,-0.13,5,4
1772045753.187498,3091711,0.05,-0.04,0.11,80.75,66.56,253.25,-0.88,-0.56,-0.19,0.05,0.00,0.11,-4.06,79.81,238.87,0.06,-0.19,-0.25,6,4
1772045753.378729,3091902,0.04,0.07,0.13,80.75,66.75,253.56,-0.56,1.19,-0.69,-0.01,0.01,0.11,-4.06,79.87,238.87,-0.19,0.06,-0.13,6,4
1772045753.569144,3092092,0.07,-0.07,0.13,80.94,66.62,253.50,-3.81,-0.50,0.81,-0.03,-0.03,0.12,-3.87,79.81,238.94,-1.81,-0.69,0.44,5,3
1772045753.758557,3092282,0.01,0.04,0.01,82.00,66.75,253.87,-2.19,-1.06,-1.31,-0.01,-0.03,0.12,-3.62,79.81,239.06,0.31,-0.06,-0.25,5,4
1772045753.949042,3092472,0.00,0.03,0.02,82.25,66.81,254.00,0.62,-0.25,0.88,-0.01,-0.04,0.12,-3.75,79.81,239.00,0.56,-0.06,-0.62,5,3
1772045754.140734,3092664,0.02,0.03,0.08,81.94,66.75,253.81,0.81,-0.13,-0.19,-0.04,0.02,0.12,-4.37,79.94,239.00,1.12,0.19,-0.88,5,4
1772045754.332615,3092856,0.00,-0.08,0.07,81.69,66.69,253.50,0.31,0.50,-1.19,-0.03,0.02,0.13,-5.19,79.87,238.94,0.69,-0.31,-0.69,4,4
1772045754.524561,3093048,0.00,0.01,0.01,81.62,66.94,253.87,1.31,-0.31,-2.19,-0.03,0.04,0.10,-5.37,79.94,238.94,-0.06,0.06,0.25,4,4
1772045754.714071,3093238,0.04,-0.04,0.13,81.19,66.94,253.75,2.06,0.56,0.88,-0.03,-0.02,0.15,-5.12,79.94,239.00,-0.69,0.50,0.50,3,4
1772045754.905679,3093429,0.01,-0.03,0.10,81.75,66.94,253.75,-1.37,-1.37,-1.56,-0.02,0.01,0.15,-4.56,79.94,239.00,-0.75,0.13,0.06,3,3
1772045755.098484,3093622,0.03,0.01,0.06,81.94,67.06,254.06,1.50,-0.50,0.25,-0.02,-0.05,0.13,-4.50,79.94,239.00,0.44,0.13,0.25,2,2
1772045755.290064,3093813,0.00,0.00,0.06,82.06,67.06,254.06,-0.50,0.44,-1.12,-0.03,-0.03,0.13,-4.50,79.94,239.00,0.19,-0.13,-0.19,3,2
1772045755.481321,3094005,0.04,-0.02,0.11,81.94,67.12,254.12,0.88,-0.25,0.75,-0.02,-0.04,0.13,-4.50,79.94,239.00,0.06,0.13,0.00,4,2
1772045755.673260,3094196,-0.03,-0.01,0.05,82.06,67.12,254.12,-0.25,-0.25,0.44,-0.05,-0.01,0.11,-4.50,80.00,239.06,-0.25,-0.56,0.00,4,2
1772045755.863151,3094386,0.03,0.00,0.10,82.00,67.12,254.12,1.81,-0.06,1.31,0.00,-0.07,0.20,-4.50,80.00,239.06,-0.13,0.69,0.06,4,2
1772045756.053681,3094577,0.05,0.01,0.10,82.00,67.06,254.06,-0.19,-0.13,-0.75,-0.02,-0.03,0.14,-4.50,80.00,239.06,-0.06,-0.25,-0.06,4,2
1772045756.244400,3094768,0.01,0.05,0.06,82.25,67.12,254.19,0.56,0.19,0.00,-0.03,-0.01,0.14,-4.56,80.00,239.06,0.56,0.25,-0.25,4,2
1772045756.435661,3094959,0.03,-0.02,0.09,82.19,67.12,254.19,-0.94,0.50,-0.31,0.01,0.01,0.16,-4.62,80.00,239.06,0.44,0.44,-0.25,4,2
1772045756.626785,3095150,0.00,0.02,0.08,82.19,67.19,254.31,-0.56,0.25,-0.31,-0.02,0.00,0.15,-4.62,80.00,239.06,0.31,0.13,0.00,4,2
1772045756.817006,3095340,-0.03,-0.03,0.07,82.31,67.25,254.31,-1.44,-1.25,-1.19,-0.05,0.01,0.12,-4.69,80.00,239.06,-0.56,-0.19,-0.25,5,2
1772045757.006536,3095530,0.02,0.04,0.13,82.62,67.50,254.75,-1.87,-0.88,-1.94,-0.04,0.04,0.17,-4.69,80.00,239.06,-0.25,0.13,0.06,5,2
1772045757.197293,3095721,0.00,-0.04,0.09,83.12,67.56,254.81,0.31,-1.75,0.50,-0.05,-0.02,0.16,-4.62,79.94,239.06,0.06,0.37,0.25,5,2
1772045757.388320,3095912,0.02,-0.04,0.04,83.81,67.62,254.87,-0.94,-0.06,-1.00,-0.04,0.03,0.15,-4.62,79.94,239.06,0.25,0.62,-0.44,5,2
1772045757.578684,3096102,0.01,-0.02,0.09,83.94,67.81,255.12,0.44,-0.37,0.37,-0.03,0.01,0.20,-4.62,79.94,239.06,-0.31,0.00,0.44,6,2
1772045757.769437,3096293,0.00,-0.01,0.06,84.25,67.81,255.25,-0.69,-0.50,-0.94,-0.04,-0.02,0.16,-4.56,79.94,239.06,-0.62,-0.25,0.13,5,2
1772045757.959154,3096483,0.02,0.03,0.09,84.19,67.81,255.31,0.50,0.62,0.75,-0.04,-0.02,0.14,-4.50,79.94,239.06,0.19,-0.19,0.00,6,2
1772045758.149676,3096673,-0.03,0.10,0.07,84.12,67.75,255.37,-0.69,0.06,-0.81,-0.02,0.00,0.10,-4.56,80.00,239.19,1.00,-0.31,0.88,6,2
1772045758.339886,3096863,0.03,0.02,0.12,84.00,67.75,255.44,-0.69,-1.12,1.44,-0.03,-0.07,0.17,-4.56,80.06,239.12,0.00,0.56,-0.19,5,1
1772045758.530578,3097054,0.00,0.00,0.07,84.31,67.69,255.37,-1.75,0.44,-0.19,-0.04,-0.03,0.20,-4.50,80.06,239.19,-0.69,-0.25,0.50,5,1
1772045758.720808,3097245,0.03,0.08,0.08,83.81,67.75,255.56,1.44,2.06,0.56,-0.02,-0.02,0.16,-4.50,80.06,239.19,0.75,0.50,0.13,6,3
1772045758.911856,3097435,0.02,-0.06,0.23,82.44,67.50,255.37,-3.94,1.50,-0.37,-0.03,-0.05,0.11,-5.06,80.12,239.31,-0.75,-1.00,-0.19,6,4
1772045759.102040,3097626,0.01,0.12,0.11,82.31,67.81,256.00,-1.50,-0.62,0.44,-0.02,-0.05,0.18,-5.06,80.19,239.31,0.50,0.69,0.06,6,4
1772045759.292817,3097816,-0.05,0.01,0.02,82.69,67.69,255.56,-0.31,-2.06,1.44,-0.03,-0.05,0.18,-5.12,80.19,239.31,-0.19,-0.75,0.00,5,3
1772045759.483197,3098007,0.06,0.07,0.12,82.25,67.69,255.69,-0.13,2.94,-0.06,-0.03,0.01,0.17,-5.44,80.19,239.37,0.88,-0.31,-0.81,5,4
1772045759.673702,3098197,0.04,-0.03,0.10,81.31,67.50,255.44,0.56,0.75,0.81,0.01,0.00,0.19,-5.62,80.19,239.31,0.25,0.69,-0.06,6,4
1772045759.864507,3098388,0.01,0.02,0.09,81.12,67.50,255.50,-1.12,0.44,-0.31,-0.03,0.00,0.17,-5.62,80.25,239.31,0.25,-0.06,0.31,6,4
1772045760.055298,3098579,0.00,0.00,0.07,81.06,67.56,255.37,-0.75,-0.50,-0.56,-0.03,0.00,0.14,-5.62,80.25,239.31,-0.69,-0.44,-0.25,7,4
1772045760.245630,3098769,0.04,0.02,0.09,81.00,67.69,255.56,-0.69,-0.06,-1.25,-0.05,0.03,0.20,-5.62,80.25,239.31,1.06,0.75,-0.13,7,4
1772045760.435525,3098959,-0.11,-0.22,0.08,82.56,67.62,255.12,-1.00,-4.06,0.13,-0.03,-0.03,0.17,-5.87,80.06,239.19,1.44,1.75,-1.12,8,4
1772045760.626414,3099150,0.00,0.08,0.00,84.00,68.00,255.87,-0.88,-2.19,-2.87,-0.05,0.03,0.21,-5.94,79.87,239.19,0.06,1.06,0.00,7,3
1772045760.817445,3099341,0.04,-0.05,0.00,84.00,68.12,256.12,2.19,1.81,0.13,-0.03,-0.04,0.15,-5.81,79.75,239.19,0.31,0.50,0.25,6,2
1772045761.008377,3099532,0.05,0.05,0.09,83.19,68.19,256.25,-1.12,0.88,-1.00,-0.02,0.00,0.06,-5.62,79.69,239.12,0.31,-0.75,-0.62,5,2
1772045761.198176,3099722,0.05,-0.06,0.17,83.00,68.06,256.25,0.19,-0.81,2.06,-0.09,0.00,0.10,-5.87,79.62,239.19,-1.12,-0.88,-0.19,5,2
1772045761.389046,3099912,-0.01,-0.06,0.02,83.56,67.94,256.00,-0.50,1.31,-2.19,-0.04,-0.01,0.15,-5.44,79.56,239.19,0.31,-0.06,-0.56,5,2
1772045761.580060,3100104,0.07,0.01,0.10,83.62,68.25,256.56,0.25,-0.06,0.00,-0.02,0.01,0.09,-5.50,79.56,239.12,-0.69,-0.75,0.00,4,2
1772045761.770633,3100294,-0.01,0.05,0.00,83.62,68.19,256.69,-0.81,-0.19,-0.69,-0.04,0.00,0.15,-4.94,79.56,239.25,-1.19,-0.25,0.94,4,2
1772045761.961239,3100485,0.04,-0.02,0.07,83.44,68.25,256.75,0.75,1.69,0.44,-0.03,-0.01,0.07,-4.12,79.56,239.37,-0.88,0.06,0.19,4,2
1772045762.152112,3100675,0.08,-0.03,0.09,82.94,68.37,256.94,0.44,0.37,-0.81,-0.03,-0.02,0.07,-3.87,79.56,239.37,0.19,-0.19,-0.75,4,2
1772045762.342339,3100866,-0.01,0.01,0.04,83.19,68.37,257.00,0.44,-1.44,1.19,-0.02,-0.02,0.12,-4.12,79.56,239.37,0.75,-0.25,-0.13,4,2
1772045762.533261,3101057,0.03,-0.02,0.07,83.44,68.25,256.75,0.31,-0.06,0.00,-0.02,-0.01,0.10,-4.19,79.56,239.37,-0.19,-0.37,-0.19,4,2
1772045762.723490,3101247,0.02,0.00,0.09,83.37,68.19,256.69,1.44,-0.19,1.00,-0.04,-0.01,0.07,-4.19,79.56,239.37,0.25,0.44,0.13,4,2
1772045762.914234,3101438,0.00,0.04,0.02,83.50,68.12,256.50,-0.13,-1.12,0.37,0.02,-0.04,0.11,-4.19,79.56,239.37,-0.69,-1.19,0.50,4,2
1772045763.104514,3101628,0.06,0.06,0.03,83.62,68.19,256.56,0.62,0.00,0.69,-0.05,-0.03,0.08,-4.19,79.62,239.37,0.25,0.44,-0.06,4,2
1772045763.295302,3101819,0.00,0.01,0.04,83.81,68.12,256.44,-0.69,-0.50,0.06,0.00,-0.03,0.13,-4.19,79.69,239.37,-0.31,-0.81,0.13,4,2
1772045763.485845,3102010,0.00,0.08,0.03,83.81,68.19,256.56,0.94,0.88,0.50,-0.01,0.00,0.11,-4.19,79.69,239.44,0.19,0.25,-0.19,5,3
1772045763.676461,3102200,0.04,-0.04,0.08,83.44,68.12,256.25,0.31,0.44,-0.06,0.00,-0.02,0.13,-4.19,79.69,239.44,0.19,1.12,0.37,5,3
1772045763.866996,3102391,0.01,0.08,0.04,83.31,68.19,256.37,0.06,1.06,-0.25,-0.02,0.02,0.11,-4.12,79.69,239.44,0.62,0.75,-0.13,5,3
1772045764.057923,3102581,0.06,-0.05,0.11,83.12,68.06,256.06,-0.50,-2.31,1.50,-0.04,-0.03,0.06,-4.19,79.56,239.37,-0.50,-0.13,-0.06,5,3
1772045764.248103,3102772,0.02,0.00,0.04,83.81,68.06,256.12,-1.75,-0.94,-0.25,-0.03,0.01,0.13,-4.12,79.56,239.37,0.00,-0.25,-0.37,4,3
1772045764.438883,3102963,0.04,0.01,0.07,83.94,68.06,256.06,0.62,-0.62,0.56,-0.09,0.03,0.11,-4.12,79.56,239.37,-0.81,-0.94,0.00,4,3
1772045764.629585,3103154,0.00,0.09,0.09,84.12,68.06,256.12,0.00,0.94,-0.50,0.00,0.03,0.16,-4.19,79.69,239.37,1.00,0.44,0.13,4,3
1772045764.820771,3103344,0.01,-0.09,0.06,84.12,67.94,255.87,-0.50,-1.19,0.13,-0.05,-0.04,0.11,-4.19,79.69,239.37,-0.37,-0.62,-0.19,3,3
1772045765.011041,3103535,0.00,0.02,0.06,84.37,68.00,256.00,-1.50,0.00,-0.69,-0.01,0.02,0.10,-4.19,79.81,239.37,0.00,-1.19,-0.56,3,3
1772045765.201785,3103726,-0.01,-0.01,0.07,84.31,67.94,256.06,0.25,0.44,0.75,0.00,0.01,0.17,-4.19,79.81,239.37,-0.06,0.00,0.31,4,3
1772045765.391698,3103915,0.04,0.00,0.14,83.87,67.94,256.19,-1.31,-0.13,-2.69,-0.03,0.05,0.10,-4.19,79.87,239.50,0.31,0.44,0.19,3,2
1772045765.583294,3104107,-0.06,-0.10,0.05,84.19,68.00,256.37,-0.06,-1.31,0.62,0.00,-0.02,0.12,-4.12,79.81,239.50,-0.25,-0.19,-0.06,4,2
1772045765.774442,3104298,0.00,-0.01,0.05,84.31,68.06,256.44,-0.94,0.00,-0.69,-0.01,-0.01,0.11,-4.12,79.87,239.50,-0.06,-0.44,-0.50,4,2
1772045765.965576,3104489,0.04,-0.05,0.12,83.75,68.00,256.44,1.25,0.81,1.12,-0.05,0.01,0.07,-4.31,79.87,239.50,0.56,-0.25,-0.75,4,2
1772045766.157126,3104681,0.00,-0.03,0.12,83.69,67.87,256.31,-0.94,-0.44,-1.06,-0.02,0.05,0.15,-4.44,79.94,239.56,0.06,0.25,-0.25,4,3
1772045766.346200,3104870,0.00,-0.07,0.09,83.50,67.87,256.25,1.62,-0.37,0.44,-0.04,0.00,0.13,-4.37,79.87,239.50,0.25,0.06,0.25,5,2
1772045766.538451,3105062,0.02,-0.04,0.09,82.87,67.94,256.44,-0.25,1.69,-1.75,-0.04,0.01,0.15,-3.94,79.94,239.56,-0.88,-0.37,0.37,5,2
1772045766.730366,3105254,0.06,0.06,0.15,82.06,68.19,256.81,-0.25,0.69,-0.69,-0.04,0.03,0.09,-3.94,79.94,239.56,-0.56,-0.50,-0.13,5,2
1772045766.922747,3105446,0.05,0.00,0.07,82.12,68.19,256.81,0.19,-0.94,-0.13,-0.06,0.03,0.13,-3.94,79.94,239.56,0.31,-0.94,-0.37,6,2
1772045767.114120,3105638,0.02,-0.05,0.11,82.19,68.06,256.50,3.37,0.37,3.06,0.00,0.00,0.19,-4.06,79.94,239.44,0.69,-0.37,-0.31,6,2
1772045767.305355,3105829,-0.01,-0.06,0.07,82.00,67.81,256.00,0.62,0.37,0.44,-0.02,0.06,0.12,-4.12,79.94,239.44,0.25,0.06,0.06,6,1
1772045767.496344,3106020,0.04,0.01,0.11,81.69,67.81,256.06,0.56,0.00,0.19,-0.03,0.04,0.12,-4.12,79.94,239.44,0.06,0.25,0.19,5,2
1772045767.688101,3106212,0.04,-0.05,0.07,81.56,67.81,256.00,0.06,0.88,0.13,-0.06,0.07,0.09,-4.06,79.94,239.44,-0.56,-1.12,-0.19,5,1
1772045767.880566,3106404,0.06,0.03,0.12,81.44,67.87,256.19,0.31,-0.94,-0.13,0.01,-0.01,0.16,-4.06,80.00,239.44,0.62,1.00,0.62,5,1
1772045768.073284,3106597,0.00,0.01,0.09,81.81,67.81,256.06,0.75,0.81,0.25,-0.03,0.00,0.15,-4.00,80.00,239.44,0.13,0.13,0.25,4,1
1772045768.267390,3106791,-0.03,0.00,0.10,81.81,67.81,256.12,-1.25,-0.19,-0.44,-0.03,0.03,0.12,-4.06,80.00,239.44,0.31,-0.13,-0.06,4,1
1772045768.457833,3106982,0.05,-0.05,0.15,81.62,67.87,256.25,0.13,-0.62,0.44,-0.01,0.00,0.14,-4.00,80.00,239.50,-0.81,-1.19,0.19,4,1
1772045768.649338,3107173,0.04,0.09,0.11,82.12,67.94,256.50,-0.13,-0.94,0.19,-0.03,0.00,0.09,-4.00,80.00,239.50,0.19,0.69,0.25,5,1
1772045768.840361,3107364,0.06,0.03,0.15,82.31,67.94,256.50,-0.62,-0.50,0.25,-0.02,0.00,0.15,-4.00,80.00,239.50,0.06,-0.31,0.25,5,1
1772045769.031362,3107555,0.03,0.05,0.08,82.62,67.87,256.44,0.31,0.19,1.12,-0.01,0.01,0.13,-4.00,80.00,239.50,0.37,-0.13,-0.37,7,2
1772045769.222286,3107746,0.02,0.05,0.14,83.00,67.81,256.31,-0.62,-1.19,0.00,0.01,-0.04,0.19,-4.00,80.00,239.50,-0.69,-0.81,0.13,7,3
1772045769.412077,3107936,0.02,0.05,0.19,83.31,67.81,256.25,0.25,-0.31,1.44,0.00,-0.04,0.21,-4.00,80.06,239.50,0.06,0.31,0.19,7,3
1772045769.602992,3108127,-0.03,0.07,0.07,83.87,67.75,256.12,-1.12,-0.13,-0.19,-0.01,0.00,0.17,-3.94,80.00,239.50,-0.31,0.19,0.69,7,3
1772045769.793106,3108317,0.04,0.12,0.11,83.81,67.81,256.19,-0.81,0.37,0.31,-0.03,0.02,0.16,-3.87,80.00,239.50,0.25,0.19,0.00,7,4
1772045769.983346,3108508,0.05,0.05,0.12,83.69,67.75,256.06,0.06,0.62,0.88,-0.02,0.00,0.17,-3.87,80.06,239.50,0.44,0.50,0.06,7,4
1772045770.174564,3108698,-0.01,0.07,0.14,83.75,67.62,255.81,-0.25,-0.50,-0.06,-0.04,0.01,0.19,-3.87,80.06,239.50,-0.06,0.56,0.25,7,4
1772045770.365003,3108889,-0.01,0.01,0.14,83.81,67.56,255.62,-1.37,0.00,-0.69,-0.03,-0.01,0.16,-3.87,80.06,239.50,-0.69,0.06,0.19,7,4
1772045770.555409,3109079,0.03,0.11,0.14,83.87,67.62,255.81,-0.19,0.37,-0.31,-0.02,0.00,0.17,-3.81,80.06,239.50,0.19,0.13,-0.37,6,4
1772045770.746261,3109270,0.03,-0.03,0.17,83.87,67.50,255.62,-0.06,-1.06,0.62,-0.09,0.04,0.09,-4.00,80.06,239.56,-2.87,-2.50,-1.81,5,5
1772045770.936539,3109460,0.06,0.12,0.10,83.94,67.62,255.81,-0.56,0.94,-0.88,-0.06,0.05,0.15,-4.31,80.19,239.75,0.25,-0.06,0.19,3,3
1772045771.127326,3109651,0.02,-0.06,0.15,83.50,67.56,255.69,-0.50,-0.06,-0.75,-0.03,0.00,0.19,-4.19,80.19,239.75,-0.25,0.13,0.06,3,3
1772045771.316821,3109840,0.03,0.04,0.08,83.37,67.62,255.81,-0.88,-0.25,0.13,-0.03,-0.02,0.19,-4.50,80.19,239.87,-3.12,-2.06,-2.12,4,3
1772045771.508330,3110032,0.01,0.00,0.14,83.50,67.50,255.75,0.50,1.12,0.37,-0.01,0.00,0.22,-5.37,80.31,240.12,0.00,-0.88,-0.13,4,3
1772045771.698804,3110223,0.00,0.06,0.10,83.12,67.50,255.87,-0.81,0.62,-1.56,-0.05,0.02,0.21,-5.44,80.31,240.06,0.62,0.37,0.44,3,3
1772045771.889644,3110413,-0.01,-0.24,0.12,82.87,67.56,255.87,-2.25,0.19,-2.31,-0.06,0.00,0.10,-5.31,79.94,239.94,-0.13,0.94,-0.56,3,2
1772045772.078738,3110603,0.08,0.13,0.09,82.50,68.19,257.31,0.56,0.88,-2.56,-0.02,0.00,0.14,-4.25,79.69,239.87,-0.19,0.88,1.12,3,3
1772045772.270476,3110794,0.03,-0.01,0.14,81.87,68.37,257.37,-0.50,0.00,-0.13,0.01,-0.07,0.14,-3.81,79.56,239.81,-0.31,0.13,0.19,3,3
1772045772.461793,3110985,0.05,0.09,0.16,81.75,68.44,257.56,-1.87,-0.25,-1.69,-0.05,0.04,0.12,-3.94,79.62,239.87,0.75,0.06,-0.50,3,3
1772045772.652019,3111176,0.01,-0.09,0.07,82.12,68.37,257.31,1.19,-1.87,1.50,-0.04,0.01,0.10,-4.12,79.50,239.75,0.13,0.00,-0.56,3,2
1772045772.842732,3111366,0.01,-0.01,0.03,82.37,68.25,257.12,-1.25,-0.31,-0.94,-0.02,0.05,0.09,-4.12,79.44,239.75,0.00,-0.44,0.00,4,2
1772045773.033288,3111557,-0.01,0.05,0.11,82.50,68.37,257.31,0.62,-0.06,0.06,-0.08,0.01,0.10,-4.12,79.37,239.75,-0.50,0.88,0.31,4,2
1772045773.223545,3111747,0.01,0.05,0.07,82.87,68.37,257.31,-2.25,-2.19,0.00,-0.03,0.00,0.11,-4.06,79.44,239.75,-0.37,0.06,0.00,4,2
1772045773.414788,3111938,-0.03,-0.04,0.03,83.62,68.31,257.00,1.00,-0.88,1.00,-0.04,-0.05,0.12,-4.00,79.37,239.75,-0.37,-0.25,0.00,5,2
1772045773.605089,3112129,0.02,0.10,0.03,83.62,68.25,256.94,-0.19,0.19,-0.69,-0.01,0.00,0.10,-4.00,79.44,239.75,-0.06,-0.37,0.25,6,3
1772045773.795459,3112320,0.08,-0.01,0.06,83.44,68.12,256.69,0.75,0.75,0.56,-0.01,-0.06,0.08,-4.00,79.44,239.75,0.06,0.56,0.19,6,3
1772045773.986362,3112510,0.06,-0.03,0.13,83.44,68.25,256.81,-3.31,-1.12,-1.06,-0.02,-0.04,0.08,-4.37,79.56,239.81,0.37,-0.56,-0.62,6,3
1772045774.176762,3112701,-0.04,0.03,0.02,84.44,68.37,257.00,0.37,-1.00,0.44,-0.02,-0.06,0.12,-4.37,79.56,239.81,0.00,-0.06,0.00,6,3
1772045774.367732,3112891,-0.02,0.02,0.06,84.44,68.25,256.94,-0.50,0.06,0.56,0.00,-0.06,0.11,-4.37,79.56,239.81,0.19,-0.56,-0.06,6,4
1772045774.558148,3113082,0.03,0.05,0.10,83.69,68.25,256.87,-0.25,1.81,0.25,-0.02,-0.09,0.09,-4.37,79.56,239.81,-0.25,-0.69,-0.25,5,5
1772045774.748693,3113273,0.04,0.08,0.11,83.37,68.19,257.00,-2.00,0.13,0.19,-0.01,-0.03,0.10,-4.56,79.62,239.87,0.44,0.13,-0.06,5,5
1772045774.939084,3113463,-0.02,0.00,0.08,83.81,68.19,256.94,-1.50,-1.19,0.81,-0.02,-0.06,0.10,-4.56,79.62,239.87,-0.37,-0.25,0.13,4,5
1772045775.129754,3113654,0.03,0.08,0.04,84.25,68.25,257.12,-1.19,0.19,-0.06,-0.02,-0.03,0.09,-4.56,79.62,239.87,0.25,0.19,0.13,4,6
1772045775.320831,3113845,0.00,0.03,0.10,84.25,68.25,257.19,-0.69,-0.25,0.06,0.00,-0.12,0.11,-4.56,79.62,239.87,-0.31,-0.81,-0.19,3,6
1772045775.510909,3114035,0.02,0.07,0.12,84.31,68.31,257.31,-0.31,0.44,1.12,0.00,-0.02,0.18,-4.62,79.69,239.81,0.06,0.31,0.19,3,5
1772045775.701812,3114226,-0.04,0.01,0.09,84.81,68.19,257.06,-1.12,-0.75,0.00,-0.02,-0.06,0.13,-4.62,79.69,239.81,-0.44,0.00,0.25,2,5
1772045775.891912,3114416,0.00,0.06,0.10,85.00,68.37,257.37,-1.06,0.94,-0.31,-0.03,-0.02,0.18,-4.56,79.62,239.87,0.44,0.19,0.50,4,5
1772045776.083041,3114607,0.02,-0.08,0.12,85.37,68.37,257.37,-0.75,0.00,0.56,-0.03,-0.05,0.13,-4.37,79.62,239.81,-0.62,-0.62,-0.75,4,5
1772045776.273969,3114798,0.00,-0.04,0.07,85.56,68.37,257.44,0.31,-1.37,1.44,0.01,-0.06,0.12,-4.37,79.69,239.87,-0.69,-0.44,-0.06,4,4
1772045776.464589,3114988,0.02,0.11,0.10,85.69,68.50,257.56,-0.37,0.88,-0.19,-0.04,-0.07,0.14,-4.37,79.69,239.87,-0.25,-0.31,-0.25,5,3
1772045776.654803,3115179,0.02,0.07,0.12,85.56,68.50,257.56,0.13,0.81,0.62,-0.01,0.00,0.12,-4.75,79.69,239.87,0.75,0.00,-0.50,5,3
1772045776.844768,3115369,0.01,0.06,0.14,85.12,68.25,257.25,1.00,-0.37,1.69,-0.03,0.01,0.12,-4.81,79.75,239.94,-0.37,0.13,-0.19,6,3
1772045777.035082,3115559,0.03,-0.02,0.18,84.94,67.75,256.50,1.00,0.62,2.12,-0.01,-0.02,0.11,-5.44,79.81,240.06,0.50,-0.44,-1.00,6,2
1772045777.226514,3115750,0.03,0.09,0.13,85.12,67.50,256.06,0.50,-1.56,1.44,-0.02,0.00,0.14,-5.75,79.87,240.06,-0.06,-0.44,0.06,6,1
1772045777.417548,3115941,0.00,-0.06,0.13,85.31,67.00,255.19,0.88,-0.69,2.37,-0.04,0.00,0.10,-6.00,79.87,240.06,0.25,-0.44,-0.69,7,1
1772045777.608451,3116132,0.01,0.01,0.15,85.31,66.81,254.87,-0.13,0.25,-0.50,-0.05,0.04,0.06,-6.06,79.87,240.06,-0.31,-0.25,-0.06,7,2
1772045777.798988,3116323,-0.01,0.07,0.13,85.31,66.87,254.94,-0.75,0.25,0.13,-0.03,0.00,0.13,-6.06,79.94,240.12,-0.13,0.13,0.31,6,2
1772045777.990059,3116514,0.01,0.00,0.15,85.37,66.87,254.87,-0.94,0.13,-0.37,-0.05,-0.03,0.14,-5.94,79.87,240.12,-0.81,-0.56,0.25,6,1
1772045778.180843,3116705,0.01,0.10,0.10,85.44,66.94,255.00,-0.81,0.69,-0.06,-0.03,0.00,0.15,-5.94,79.94,240.12,0.06,-0.25,-0.31,6,1
1772045778.372355,3116896,0.00,0.02,0.14,85.19,66.81,254.87,0.19,-0.25,0.75,-0.02,-0.01,0.08,-6.00,79.94,240.12,0.44,0.13,-0.31,6,2
1772045778.563788,3117088,0.04,0.01,0.17,85.19,66.75,254.87,-1.44,1.00,-0.31,-0.02,0.02,0.13,-6.06,80.06,240.12,0.50,0.37,-0.06,6,2
1772045778.754345,3117278,-0.01,0.00,0.12,85.50,66.81,254.87,-0.69,-1.56,-1.19,-0.05,0.00,0.07,-5.87,80.00,240.12,-0.25,0.44,0.62,6,1
1772045778.944127,3117468,0.09,0.05,0.20,84.75,67.19,255.50,-2.44,1.62,-2.94,0.00,-0.02,0.17,-5.56,79.94,240.12,0.13,0.25,0.13,5,1
1772045779.134653,3117659,0.00,0.04,0.18,84.87,67.56,256.19,-1.25,-1.44,-0.94,-0.02,-0.04,0.20,-5.50,79.94,240.12,-0.37,0.44,0.56,5,2
1772045779.326527,3117850,0.06,0.08,0.12,85.06,67.75,256.50,-1.12,-1.06,-1.44,-0.03,0.00,0.16,-5.44,79.94,240.12,0.19,-0.19,0.06,4,2
1772045779.518843,3118043,-0.02,0.00,0.10,85.62,67.75,256.44,0.19,-1.12,0.50,-0.03,-0.02,0.13,-5.50,79.94,240.12,-0.13,-0.19,-0.06,3,2
1772045779.710769,3118235,0.05,0.00,0.11,85.06,67.69,256.37,-0.94,0.37,-0.62,-0.03,-0.03,0.18,-5.37,79.94,240.19,0.06,0.37,0.19,4,2
1772045779.902390,3118426,0.00,-0.03,0.11,84.81,67.75,256.37,0.62,0.81,0.50,-0.04,-0.06,0.18,-5.37,79.94,240.19,-0.13,0.06,-0.19,4,2
1772045780.093297,3118617,0.05,-0.03,0.12,84.75,67.75,256.44,-0.06,-0.94,-0.81,-0.03,-0.02,0.16,-5.31,79.94,240.19,0.37,-0.25,0.00,5,2
1772045780.285091,3118809,0.06,-0.02,0.11,84.81,67.75,256.37,2.37,-0.19,0.62,-0.01,-0.03,0.15,-5.00,79.81,240.19,0.62,-0.50,-0.25,5,2
1772045780.476658,3119001,0.02,0.00,0.09,84.87,67.69,256.25,0.69,0.25,-0.06,-0.08,-0.04,0.08,-5.00,79.75,240.19,0.00,-1.00,-0.50,5,2
1772045780.669013,3119193,0.11,-0.05,0.23,83.87,67.62,256.12,1.56,1.25,1.44,-0.01,-0.01,0.14,-4.94,79.62,240.12,-0.69,0.50,0.50,4,2
1772045780.862456,3119386,-0.01,0.01,0.07,84.25,67.56,255.87,-0.25,-0.81,-0.50,-0.07,-0.02,0.04,-4.62,79.62,240.19,-0.56,0.25,0.56,4,2
1772045781.055024,3119579,0.00,0.02,0.10,84.12,67.56,255.87,0.94,-0.25,0.75,-0.02,-0.05,0.15,-4.56,79.50,240.19,-0.37,0.62,0.31,4,2
1772045781.245737,3119770,-0.09,0.01,0.03,84.56,67.56,255.75,-0.19,0.13,-0.62,0.00,-0.05,0.14,-4.56,79.56,240.19,-0.31,-0.25,0.19,4,2
1772045781.436926,3119961,0.01,0.00,0.10,84.00,67.62,255.94,1.50,0.56,0.56,-0.02,-0.03,0.10,-4.56,79.56,240.19,0.06,0.25,-0.19,5,2
1772045781.628162,3120152,0.01,-0.03,0.05,84.00,67.56,255.81,-0.06,0.19,-0.88,-0.03,0.00,0.11,-4.56,79.62,240.25,-0.31,-0.06,-0.13,5,2
1772045781.819054,3120343,0.06,-0.01,0.12,83.62,67.56,255.75,2.12,-0.81,1.00,-0.04,0.03,0.07,-4.62,79.62,240.19,1.25,-1.00,-0.69,4,2
1772045782.009163,3120533,0.08,-0.05,0.13,83.50,67.31,255.44,0.81,0.19,1.37,-0.02,-0.05,0.16,-4.75,79.62,240.25,-0.50,0.94,1.19,5,2
1772045782.198596,3120723,0.07,0.14,0.08,83.56,67.44,255.56,-0.06,0.81,-0.37,-0.06,-0.16,0.16,-3.62,79.50,240.25,-1.50,0.69,0.62,5,2
1772045782.389940,3120914,-0.01,0.12,0.06,83.69,67.56,255.87,-2.00,2.75,-0.88,-0.08,0.04,0.05,-4.31,79.62,240.31,1.56,1.12,-1.37,6,2
1772045782.580396,3121105,-0.07,0.08,0.18,82.62,67.37,255.56,5.44,-2.87,2.69,0.01,-0.05,0.10,-3.37,78.50,239.94,2.06,6.00,3.69,6,2
1772045782.771513,3121295,0.04,-0.11,0.01,82.06,67.31,254.12,-0.56,-2.12,-1.81,-0.03,-0.03,0.12,-2.50,78.75,239.12,-2.06,0.81,-0.37,5,2
1772045782.960961,3121485,-0.07,-0.08,-0.05,82.87,67.25,254.44,-0.75,-2.19,-3.44,-0.02,-0.05,0.01,-0.31,78.62,239.25,-2.75,0.13,1.94,6,2
1772045783.151831,3121676,0.18,0.13,0.12,81.81,68.00,255.62,-0.50,2.37,-0.37,-0.03,-0.07,0.00,0.69,78.62,239.31,-0.31,-0.94,0.56,5,2
1772045783.342706,3121867,0.04,0.00,0.05,80.87,68.00,255.56,1.69,2.81,1.69,0.01,-0.09,0.11,0.56,78.69,239.25,0.44,0.06,-0.44,5,2
1772045783.533458,3122058,-0.08,-0.06,0.03,80.62,67.62,255.00,0.56,0.13,1.44,-0.01,-0.04,0.07,0.31,78.81,239.25,0.00,-1.37,-0.69,4,2
1772045783.723833,3122248,-0.03,0.02,0.04,80.62,67.56,255.12,-1.81,1.87,0.25,-0.02,0.00,0.07,0.00,78.94,239.31,-0.06,0.31,-0.06,4,2
1772045783.914397,3122439,0.01,-0.10,0.09,79.81,67.50,255.19,1.25,2.75,-0.31,-0.04,0.00,0.07,0.13,78.94,239.31,-0.31,0.44,0.19,4,2
1772045784.105045,3122629,0.05,0.02,0.00,78.19,67.56,255.62,1.19,4.37,-0.19,-0.02,-0.06,0.13,0.44,78.87,239.44,-1.19,0.44,0.62,4,2
1772045784.295836,3122820,0.02,0.00,0.14,77.50,67.50,255.56,0.56,0.31,-0.44,-0.05,-0.05,0.06,0.56,78.87,239.50,0.00,0.06,-0.13,3,2
1772045784.486433,3123011,0.11,0.05,0.10,77.69,67.56,255.69,0.75,-0.88,1.12,0.00,-0.07,0.08,0.56,78.94,239.50,0.62,0.37,-0.13,3,2
1772045784.677111,3123201,-0.09,0.00,-0.02,78.62,67.37,255.31,0.13,-1.19,-0.88,-0.04,0.00,0.08,0.56,78.94,239.44,-0.13,0.06,-0.56,4,2
1772045784.867755,3123392,0.07,-0.11,0.08,78.69,67.37,255.19,1.37,-1.69,-0.06,-0.02,-0.03,0.08,0.56,78.94,239.44,-0.50,-0.13,-0.06,4,2
1772045785.058461,3123583,0.02,0.00,0.05,79.06,67.37,255.25,-0.62,-0.13,-0.94,-0.03,0.00,0.08,0.56,78.94,239.44,-0.37,-0.31,-0.06,4,2
1772045785.248813,3123773,0.00,0.03,0.07,79.19,67.44,255.37,0.19,-1.19,0.44,0.00,-0.03,0.09,0.56,78.94,239.44,0.75,0.75,0.13,4,2
1772045785.439485,3123964,0.00,0.06,0.10,79.25,67.50,255.44,-1.87,1.62,-0.56,-0.04,-0.03,0.04,0.31,78.94,239.56,-1.31,0.62,-0.94,5,2
1772045785.629822,3124154,0.01,0.01,0.04,78.81,67.44,255.50,0.31,-2.31,0.62,-0.05,-0.09,0.04,0.13,78.94,239.56,0.44,0.62,0.06,5,2
1772045785.820359,3124345,0.03,0.09,0.12,78.87,67.69,255.75,-3.00,-1.06,-1.31,-0.03,-0.01,0.08,0.31,78.94,239.62,-0.88,0.00,0.56,6,3
1772045786.011203,3124536,0.03,0.11,0.08,79.25,67.87,255.87,0.00,-0.62,1.19,-0.09,-0.12,0.05,0.37,78.87,239.62,0.62,0.75,-0.37,6,4
1772045786.202369,3124726,0.06,-0.04,0.08,79.37,67.69,255.56,-0.75,-0.81,0.81,-0.04,-0.01,0.10,0.19,78.94,239.62,0.75,-1.37,-0.75,6,4
1772045786.392440,3124917,0.00,-0.03,0.06,80.37,67.56,255.37,0.94,-3.25,2.12,-0.06,0.02,0.05,0.00,78.94,239.56,0.50,-0.37,0.56,6,4
1772045786.582925,3125107,0.00,0.01,0.01,81.19,67.56,255.19,-1.31,0.19,-0.31,-0.04,0.00,0.08,0.06,79.00,239.56,-0.31,0.00,-0.13,7,3
1772045786.773738,3125298,0.06,-0.08,0.06,81.12,67.50,255.19,1.25,-0.56,0.75,-0.11,-0.08,0.07,0.25,79.00,239.56,-0.62,-0.75,0.56,6,4
1772045786.964178,3125489,0.12,0.06,0.12,81.06,67.56,255.31,0.00,-0.31,0.50,-0.03,-0.07,0.13,0.25,79.00,239.56,0.13,-0.44,0.13,6,3
1772045787.155343,3125679,0.04,-0.06,0.08,81.37,67.44,255.19,-0.37,-0.31,-0.37,-0.01,-0.05,0.10,0.25,79.00,239.56,-0.06,-0.44,0.31,6,3
1772045787.345323,3125870,0.04,0.06,0.09,81.50,67.56,255.37,0.44,0.06,0.00,-0.04,-0.10,0.10,0.25,79.00,239.56,-0.06,0.19,-0.31,6,3
1772045787.536133,3126060,0.00,-0.01,0.09,81.62,67.50,255.25,0.62,-0.06,-1.31,-0.03,-0.08,0.09,0.25,79.06,239.56,0.13,-0.06,-0.31,6,3
1772045787.726075,3126250,0.05,-0.01,0.12,81.44,67.50,255.25,1.75,-0.44,0.56,-0.03,-0.07,0.09,0.25,79.06,239.56,0.31,0.00,-0.19,5,2
1772045787.917400,3126442,0.00,-0.03,0.08,81.56,67.50,255.19,-0.44,0.56,-0.75,-0.06,-0.02,0.10,0.25,79.06,239.56,-0.06,-0.25,-0.06,4,2
1772045788.108012,3126632,-0.01,0.02,0.07,81.75,67.50,255.19,0.69,-1.50,0.69,-0.04,-0.03,0.14,0.31,79.06,239.56,-0.13,0.31,0.62,5,2
1772045788.298515,3126823,0.02,0.01,0.09,81.69,67.62,255.25,-0.69,2.12,-2.50,-0.06,0.01,0.11,0.81,79.00,239.50,-0.13,0.06,-0.25,5,2
1772045788.488694,3127013,0.00,-0.09,0.10,81.31,67.62,255.31,1.25,-2.12,0.62,-0.02,-0.07,0.06,0.81,79.00,239.50,-0.44,-0.13,-0.06,5,2
1772045788.679559,3127204,0.06,0.04,0.10,81.62,67.69,255.50,-1.06,0.25,-0.69,-0.05,-0.08,0.12,0.94,79.00,239.62,-0.62,-0.13,-0.13,5,2
1772045788.870603,3127395,0.03,0.04,0.11,81.62,67.75,255.56,1.00,-0.56,0.69,-0.09,-0.06,0.09,0.94,79.00,239.56,-0.25,-0.44,-0.50,6,2
1772045789.061033,3127585,0.04,0.08,0.07,81.50,67.62,255.44,0.06,0.75,-0.62,-0.07,0.00,0.10,0.69,79.00,239.56,0.37,-0.37,-0.37,6,2
1772045789.252030,3127776,-0.04,-0.09,0.03,81.75,67.50,255.12,-0.31,-1.50,0.81,-0.05,-0.05,0.10,0.62,79.00,239.56,-0.37,0.06,-0.25,6,2
1772045789.441709,3127966,0.01,0.03,0.09,81.94,67.56,255.25,-2.19,0.31,-1.31,-0.02,-0.01,0.09,0.69,79.00,239.56,0.13,0.00,-0.13,6,2
1772045789.631629,3128156,0.04,0.00,0.12,81.81,67.50,255.12,0.25,-0.88,1.44,-0.07,-0.04,0.04,0.69,79.00,239.56,0.19,0.31,0.06,6,2
1772045789.822985,3128348,0.04,0.21,0.06,82.12,67.50,255.19,0.00,0.13,0.44,-0.01,0.00,0.11,0.62,79.19,239.75,-1.19,-0.69,0.37,5,2
1772045790.014624,3128539,-0.08,-0.14,0.05,82.50,67.25,254.37,-0.69,-1.75,-0.37,-0.02,-0.05,0.11,1.00,79.19,239.69,0.19,0.00,0.19,5,2
1772045790.205407,3128730,0.10,0.14,0.06,82.69,67.62,255.19,-3.75,1.06,-2.12,-0.04,-0.01,0.14,1.06,79.31,239.69,-0.06,-0.25,-0.37,6,3
1772045790.395901,3128920,-0.06,0.00,0.01,82.87,67.69,255.37,0.44,-0.25,0.75,0.03,-0.08,0.12,0.75,79.31,239.62,1.31,1.06,-0.56,5,3
1772045790.586756,3129111,0.03,0.00,0.11,82.44,67.62,255.25,-0.56,0.50,0.69,-0.01,-0.03,0.12,0.75,79.31,239.62,0.00,0.00,-0.06,5,3
1772045790.777900,3129302,-0.03,-0.01,0.01,82.69,67.44,255.06,-1.00,-0.94,-0.37,-0.03,-0.07,0.13,0.88,79.25,239.56,-0.44,0.25,0.37,5,3
1772045790.968377,3129493,0.02,0.06,0.03,82.81,67.56,255.25,-1.56,1.00,-0.75,-0.04,-0.02,0.12,1.12,79.12,239.56,-0.25,0.25,-0.31,5,3
1772045791.158833,3129683,0.07,0.03,0.08,82.69,67.62,255.25,1.00,-0.25,0.69,-0.01,-0.07,0.08,1.25,79.00,239.56,0.37,1.31,0.31,5,4
1772045791.348535,3129873,0.01,0.09,0.04,82.69,67.62,255.19,-1.50,0.25,-0.56,-0.01,-0.04,0.08,1.37,79.00,239.56,0.13,0.31,0.06,4,4
1772045791.539256,3130063,0.00,0.00,0.06,82.69,67.56,255.19,-0.50,-0.44,-0.13,-0.03,-0.07,0.08,1.50,78.94,239.56,-0.13,-0.31,0.19,4,4
1772045791.731071,3130255,0.01,0.03,0.03,82.75,67.62,255.25,-1.19,0.62,-0.37,-0.03,-0.01,0.08,1.50,79.00,239.56,0.31,-0.37,-0.37,5,4
1772045791.921482,3130446,0.00,0.00,0.07,82.37,67.56,255.19,0.88,0.56,0.62,-0.11,0.00,0.05,1.44,79.00,239.56,0.31,-0.06,-0.31,6,5
1772045792.113611,3130638,-0.01,0.00,0.11,82.25,67.56,255.06,-0.06,0.62,-0.13,-0.05,-0.01,0.10,1.25,79.06,239.56,0.56,0.19,-0.44,5,4
1772045792.305883,3130830,0.03,0.03,0.09,82.25,67.50,255.00,-0.19,-0.25,1.12,-0.02,-0.05,0.09,1.06,78.94,239.50,-0.44,-0.06,-0.19,5,3
1772045792.497773,3131022,0.00,0.03,0.05,82.62,67.50,255.00,-1.69,-0.31,-0.94,-0.03,-0.02,0.10,1.06,78.94,239.50,-0.37,-0.44,0.06,5,4
1772045792.689403,3131214,0.06,0.02,0.06,82.81,67.44,255.19,-3.25,0.81,0.94,-0.04,-0.01,0.11,0.81,79.00,239.56,0.06,0.06,-0.81,5,5
1772045792.881404,3131406,0.03,0.07,0.06,82.50,67.56,255.56,-0.44,2.19,-1.19,-0.02,-0.03,0.09,0.62,79.00,239.50,0.06,-0.19,0.50,5,4
1772045793.073181,3131598,0.04,0.06,0.08,82.19,67.56,255.56,-0.37,-0.81,-0.19,-0.03,-0.08,0.09,0.62,79.00,239.50,0.13,0.13,0.19,6,3
1772045793.265752,3131790,0.03,0.00,0.05,82.56,67.56,255.37,-0.56,0.50,0.19,-0.03,-0.04,0.09,0.75,79.12,239.56,-0.81,-0.88,-0.31,7,5
1772045793.454801,3131979,0.03,0.06,0.04,82.31,67.69,255.75,-2.19,-0.06,-1.06,0.00,-0.02,0.08,0.81,79.19,239.56,0.37,-0.13,-0.31,7,5
1772045793.644637,3132169,-0.01,0.00,0.11,82.37,67.62,255.81,-0.50,0.94,0.69,-0.03,0.00,0.12,0.75,79.31,239.62,-0.44,0.69,0.44,6,5
1772045793.836912,3132361,-0.05,-0.02,0.04,82.69,67.56,255.50,-1.12,-1.37,-0.81,-0.04,-0.10,0.11,1.44,79.19,239.62,-1.75,-0.06,0.75,6,5
1772045794.028484,3132553,0.04,0.09,0.07,82.44,67.75,255.94,-0.94,2.44,-1.75,-0.04,-0.04,0.11,2.00,79.19,239.81,-0.62,0.19,0.19,6,5
1772045794.221208,3132746,0.03,0.03,0.12,82.00,67.81,256.06,-0.19,-0.88,1.00,-0.08,0.03,0.10,2.00,79.19,239.81,-0.31,-0.06,-0.50,6,5
1772045794.412873,3132937,0.00,0.13,0.12,82.37,67.62,256.31,-5.37,2.31,-0.56,-0.07,-0.02,0.13,3.12,79.12,239.94,0.31,-0.25,0.25,6,4
1772045794.605554,3133130,-0.02,0.03,0.01,82.81,67.81,256.25,1.25,-2.44,-0.69,-0.02,-0.09,0.11,3.06,79.12,239.75,0.81,-0.44,-0.75,6,3
1772045794.796767,3133321,0.05,0.01,0.10,82.56,67.81,256.12,-0.25,1.19,-0.56,-0.03,0.02,0.14,2.37,79.25,239.81,0.81,-0.56,-0.88,6,3
1772045794.987449,3133512,0.01,-0.01,0.06,82.37,67.81,255.94,1.56,-1.12,1.00,-0.07,-0.03,0.12,1.81,79.25,239.69,1.06,-0.19,-0.69,6,4
1772045795.178715,3133703,-0.03,-0.03,0.03,82.69,67.62,255.62,0.00,-0.13,-1.00,-0.03,0.01,0.15,1.56,79.31,239.62,0.37,0.44,-0.56,4,2
1772045795.369387,3133894,0.02,-0.06,0.11,82.56,67.69,255.56,1.19,-1.25,0.88,-0.05,0.00,0.11,1.56,79.25,239.62,-0.88,-0.25,0.00,5,2
1772045795.560051,3134084,0.01,0.00,0.04,82.75,67.69,255.62,-1.06,-0.50,-1.37,-0.03,-0.03,0.13,1.69,79.25,239.75,-0.06,0.13,0.06,5,2
1772045795.750320,3134275,0.04,0.00,0.05,82.81,67.69,255.69,0.75,0.13,1.00,-0.04,-0.05,0.13,1.69,79.25,239.75,0.00,0.13,0.00,5,2
1772045795.941659,3134466,0.02,-0.06,0.09,82.81,67.69,255.69,0.00,0.69,-0.56,-0.06,0.04,0.14,1.75,79.37,239.81,-0.19,-0.44,0.37,4,2
1772045796.132736,3134657,0.03,-0.02,0.06,82.69,67.75,255.75,0.88,-1.00,0.75,-0.04,-0.08,0.16,1.75,79.31,239.81,0.00,-0.37,0.00,3,2
1772045796.323843,3134848,0.02,0.06,0.09,83.00,67.75,255.87,-0.25,-0.69,-0.81,-0.03,-0.07,0.16,1.81,79.37,239.81,-0.31,-0.13,0.00,3,2
1772045796.513834,3135038,0.04,0.00,0.04,83.00,67.75,255.87,-0.37,0.94,1.00,-0.04,-0.04,0.13,1.69,79.37,239.87,0.00,-0.13,-0.50,4,3
1772045796.703987,3135229,0.00,0.01,0.07,82.87,67.62,255.81,-0.44,-0.25,0.25,0.00,-0.11,0.17,1.69,79.37,239.87,-0.37,-0.69,0.25,4,4
1772045796.894479,3135419,0.05,0.11,0.05,82.81,67.69,255.87,-0.06,0.37,0.62,-0.02,-0.06,0.18,1.69,79.37,239.87,0.00,0.37,0.50,3,4
1772045797.085508,3135610,0.00,0.05,0.04,82.69,67.62,255.69,-0.69,0.19,0.13,-0.03,-0.10,0.14,1.75,79.37,239.87,-0.13,-0.06,0.56,4,3
1772045797.276132,3135801,0.05,0.10,0.08,82.69,67.69,255.81,-0.31,0.25,0.13,-0.04,-0.06,0.15,1.75,79.37,239.87,0.88,-0.50,-0.44,3,3
1772045797.466632,3135991,0.00,-0.07,0.07,82.75,67.56,255.62,-0.69,-0.37,0.62,-0.06,-0.04,0.15,1.44,79.37,239.75,0.25,-0.62,-0.88,4,3
1772045797.656553,3136181,0.05,0.12,0.13,82.56,67.75,256.00,0.06,0.56,-1.31,-0.07,0.01,0.17,1.12,79.50,239.81,0.44,0.00,0.06,4,3
1772045797.846427,3136371,-0.03,-0.01,0.08,82.94,67.56,255.62,-0.19,-1.69,0.31,-0.01,-0.01,0.16,1.19,79.50,239.87,-1.19,-0.44,0.62,4,3
1772045798.037871,3136562,-0.01,0.03,0.01,83.44,67.56,255.50,-2.12,0.06,-0.75,-0.07,-0.06,0.16,1.69,79.56,239.87,0.00,0.00,-0.56,5,3
1772045798.228304,3136753,0.03,-0.02,0.15,83.12,67.56,255.56,1.00,0.50,0.69,-0.06,-0.04,0.16,1.62,79.56,239.81,-0.13,0.25,-0.31,5,3
1772045798.419136,3136944,0.00,0.04,0.05,83.31,67.50,255.62,-0.44,-0.50,0.13,-0.04,-0.03,0.15,1.69,79.56,239.87,-0.25,0.00,0.31,4,2
1772045798.609576,3137134,0.05,0.16,0.10,83.06,67.56,255.81,-0.62,0.56,1.00,-0.03,-0.09,0.20,1.69,79.50,239.87,0.19,0.62,-0.19,4,2
1772045798.800322,3137325,0.06,0.01,0.14,83.06,67.56,255.87,-1.00,0.06,-1.19,-0.05,-0.03,0.18,1.69,79.50,239.87,0.13,-0.44,-0.25,4,2
1772045798.991213,3137516,0.03,0.06,0.10,83.62,67.69,256.12,-0.13,-1.25,0.62,-0.06,-0.02,0.17,1.69,79.50,239.87,0.13,0.00,-0.13,3,3
1772045799.181606,3137706,0.01,0.04,0.09,84.25,67.62,255.94,-0.19,-1.06,-0.06,-0.02,-0.12,0.17,1.69,79.50,239.87,0.00,-1.06,0.00,3,3
1772045799.371837,3137897,0.00,0.09,0.10,84.44,67.62,255.87,0.50,0.50,0.75,-0.02,-0.07,0.20,1.62,79.56,239.81,0.62,0.00,0.25,3,3
1772045799.562857,3138087,0.02,-0.03,0.13,84.06,67.44,255.50,0.31,1.06,0.37,-0.04,-0.06,0.19,1.62,79.56,239.81,-0.44,-0.06,-0.13,3,3
1772045799.753315,3138278,0.01,0.10,0.09,84.06,67.50,255.69,0.13,-0.88,-0.06,-0.06,-0.03,0.18,1.62,79.62,239.81,0.44,0.13,0.00,3,3
1772045799.944029,3138469,0.05,-0.02,0.11,83.87,67.37,255.50,0.88,1.25,0.37,-0.10,0.02,0.21,1.62,79.62,239.81,-0.37,-0.06,0.13,3,3
1772045800.134398,3138659,0.01,0.05,0.13,83.75,67.44,255.56,-0.19,0.06,-1.31,-0.08,0.00,0.20,1.69,79.69,239.81,0.00,0.31,0.19,3,3
1772045800.325528,3138850,0.02,-0.05,0.13,83.69,67.37,255.37,-0.13,-0.44,0.13,-0.05,-0.09,0.19,1.69,79.69,239.81,-0.37,-0.06,-0.06,3,3
1772045800.516204,3139041,0.00,0.09,0.07,83.69,67.50,255.50,-0.25,0.94,-0.88,-0.05,-0.04,0.20,1.69,79.69,239.81,-0.44,0.19,-0.31,3,3
1772045800.706816,3139231,-0.01,0.00,0.13,83.44,67.50,255.50,0.31,-1.06,0.31,-0.04,-0.07,0.18,1.69,79.69,239.81,0.19,0.13,0.13,3,3
1772045800.897350,3139422,0.04,-0.06,0.09,83.56,67.50,255.50,-0.13,0.31,0.37,-0.08,-0.02,0.18,1.81,79.62,239.81,0.00,0.06,-0.13,3,2
1772045801.088087,3139613,0.02,-0.02,0.09,83.56,67.50,255.44,1.81,0.13,0.62,-0.03,-0.05,0.17,1.94,79.44,239.81,-0.31,-0.44,0.50,4,2
1772045801.278342,3139803,0.03,0.03,0.14,83.31,67.56,255.56,0.06,0.50,-1.37,-0.04,-0.03,0.14,2.25,79.37,239.87,-0.13,-0.25,0.25,3,2
1772045801.468984,3139994,0.04,0.00,0.15,83.31,67.56,255.56,0.88,-0.13,0.75,-0.03,-0.05,0.15,2.31,79.25,239.87,0.37,0.19,0.00,3,3
1772045801.660089,3140184,-0.01,0.02,0.10,83.44,67.56,255.44,-0.44,-0.75,-0.19,-0.05,-0.06,0.13,2.44,79.19,239.81,0.00,-0.25,-0.25,3,3
1772045801.850311,3140375,0.01,0.04,0.11,83.56,67.62,255.50,0.44,0.19,0.50,-0.01,-0.03,0.15,2.37,79.12,239.81,0.19,0.44,0.00,3,3
1772045802.040976,3140566,0.01,0.02,0.11,83.62,67.56,255.44,-0.81,0.00,0.13,-0.03,-0.01,0.12,2.44,79.12,239.87,-0.56,-0.44,0.44,4,3
1772045802.231204,3140756,0.07,0.14,0.16,83.69,67.56,255.50,1.12,-0.06,2.37,-0.02,-0.03,0.10,3.00,79.06,239.81,0.44,0.69,0.50,5,4
1772045802.422513,3140947,0.03,0.00,0.08,83.62,67.31,255.19,-1.75,-0.56,-0.69,-0.01,-0.04,0.12,3.00,79.00,239.81,-0.19,0.25,-0.19,5,4
1772045802.612888,3141138,0.05,0.10,0.09,83.44,67.56,255.62,-1.12,1.31,-0.62,-0.03,0.01,0.13,2.94,79.12,239.87,-0.13,0.25,-0.62,5,4
1772045802.803984,3141328,-0.01,-0.09,0.10,83.00,67.50,255.50,0.75,0.56,-0.56,-0.04,-0.05,0.09,2.94,79.06,239.94,-1.06,-0.75,-0.37,5,4
1772045802.993913,3141519,0.02,0.08,0.06,82.94,67.56,255.75,-0.75,-1.31,0.88,-0.04,0.04,0.12,3.06,79.19,240.00,0.56,-0.25,-0.50,5,5
1772045803.184695,3141709,0.00,-0.08,0.10,83.06,67.31,255.37,0.88,0.13,0.62,-0.06,-0.05,0.12,2.94,79.12,240.00,-0.31,0.44,0.19,5,5
1772045803.375618,3141900,0.01,0.03,0.09,83.25,67.44,255.56,-0.37,0.50,-2.06,-0.04,0.03,0.14,3.12,79.19,240.12,-0.88,0.13,-0.56,5,4
1772045803.565992,3142091,0.02,-0.04,0.09,82.94,67.44,255.62,1.44,-1.62,1.00,-0.06,-0.01,0.15,3.12,79.19,240.12,0.25,0.06,-0.19,6,3
1772045803.757168,3142282,-0.01,-0.04,0.05,83.31,67.37,255.50,-0.44,0.88,-0.31,-0.04,-0.02,0.16,3.19,79.19,240.19,-0.13,-0.19,-0.25,5,3
1772045803.947296,3142472,0.04,0.00,0.09,83.37,67.31,255.62,1.06,-0.94,0.56,-0.05,-0.02,0.12,3.19,79.19,240.19,-0.06,0.19,0.19,6,3
1772045804.137915,3142663,0.00,0.05,0.04,83.56,67.31,255.62,-1.00,-0.62,-0.37,0.01,-0.03,0.14,3.31,79.31,240.25,-1.19,-1.56,0.25,4,3
1772045804.328459,3142853,0.06,0.13,0.08,83.56,67.37,255.81,1.25,-0.56,2.06,-0.05,-0.02,0.12,3.12,79.37,240.25,0.75,0.50,-0.69,5,2
1772045804.519053,3143044,0.03,0.00,0.12,83.56,67.19,255.37,-0.81,0.88,0.13,-0.03,0.00,0.14,2.87,79.31,240.25,-0.37,-0.69,0.00,5,2
1772045804.709840,3143235,0.02,0.08,0.04,83.69,67.19,255.56,0.37,-0.25,0.56,-0.01,0.03,0.17,2.87,79.44,240.25,0.94,0.50,-0.37,6,3
1772045804.900135,3143425,0.06,0.00,0.06,83.62,67.19,255.37,0.13,-0.56,0.37,-0.01,0.02,0.16,2.87,79.37,240.25,0.00,0.69,0.06,6,4
1772045805.090772,3143616,0.02,0.09,0.07,83.75,67.19,255.44,0.19,-0.25,0.31,-0.06,0.05,0.15,2.87,79.44,240.25,0.37,0.13,0.44,5,4
1772045805.282305,3143807,-0.03,-0.01,0.05,83.69,67.12,255.25,-0.81,-0.56,-0.13,-0.03,0.01,0.17,2.94,79.44,240.31,-0.75,-0.44,0.25,5,3
1772045805.472546,3143997,-0.01,0.06,0.06,83.69,67.25,255.37,-0.75,1.44,-1.56,-0.10,0.05,0.16,3.12,79.37,240.37,0.81,0.13,-0.94,5,3
1772045805.663166,3144188,0.00,-0.05,0.10,83.31,67.19,255.44,2.75,-1.19,2.06,-0.03,0.07,0.17,2.37,79.37,240.19,1.87,-0.56,-0.62,5,3
1772045805.853157,3144378,0.00,0.02,0.06,83.50,67.00,255.12,-0.37,-1.44,0.06,-0.07,0.05,0.15,2.00,79.50,240.19,-0.31,-0.37,-0.31,5,4
1772045806.043350,3144568,0.06,-0.06,0.04,83.62,66.94,255.06,-0.13,-1.50,-0.81,-0.05,0.00,0.15,2.25,79.50,240.12,-0.88,0.19,0.44,6,3
1772045806.234532,3144759,0.03,0.06,0.04,84.06,67.12,255.37,-1.00,-0.13,-1.19,-0.05,-0.01,0.15,2.37,79.50,240.19,0.00,0.06,0.13,6,3
1772045806.425454,3144950,0.03,0.00,0.03,84.06,67.19,255.44,0.56,-0.19,0.62,-0.03,-0.02,0.16,2.37,79.50,240.19,0.19,0.25,0.13,6,4
1772045806.616632,3145141,-0.01,0.00,0.05,84.06,67.19,255.44,0.25,0.19,0.13,-0.08,-0.01,0.13,2.56,79.50,240.25,-0.06,-0.06,0.19,5,2
1772045806.806152,3145331,0.00,0.00,0.07,84.00,67.19,255.50,1.37,-0.19,1.12,-0.01,-0.08,0.21,2.56,79.50,240.25,-0.37,0.25,0.50,5,1
1772045806.997188,3145522,0.04,0.04,0.07,84.00,67.19,255.44,-0.13,-0.06,-0.75,-0.04,-0.02,0.17,2.56,79.50,240.25,-0.56,-0.19,0.19,5,1
1772045807.188086,3145713,0.05,0.05,0.06,84.06,67.31,255.56,1.00,0.13,0.81,-0.04,-0.02,0.18,2.56,79.50,240.25,0.31,0.00,0.13,7,1
1772045807.379851,3145904,0.02,0.01,0.02,84.00,67.25,255.44,-0.81,0.56,-0.69,-0.03,-0.04,0.15,2.62,79.50,240.31,-1.00,-0.25,-0.19,7,2
1772045807.570063,3146095,0.04,0.11,0.09,83.69,67.37,255.62,-0.56,0.94,0.13,-0.01,0.01,0.16,2.62,79.50,240.31,0.81,0.06,-0.31,7,2
1772045807.759988,3146285,-0.01,0.03,0.04,83.69,67.25,255.44,-2.00,0.00,1.06,-0.04,-0.04,0.17,2.19,79.50,240.44,-0.94,-0.25,-0.62,6,1
1772045807.950699,3146475,0.03,0.10,0.03,84.00,67.19,255.50,0.19,-0.94,-0.69,-0.03,-0.01,0.16,2.19,79.50,240.44,0.44,0.00,-0.19,6,1
1772045808.142647,3146667,0.06,-0.02,0.11,83.87,67.12,255.25,0.44,-0.25,1.00,-0.09,0.03,0.20,2.19,79.50,240.44,-0.25,-0.13,-0.06,7,2
1772045808.333142,3146858,0.03,0.05,0.00,84.06,67.12,255.25,-0.13,0.13,-1.06,-0.07,0.02,0.17,2.12,79.50,240.44,0.06,0.25,0.25,7,2
1772045808.524070,3147049,0.01,-0.04,0.07,84.06,67.12,255.12,0.00,-0.69,0.00,-0.04,-0.04,0.15,2.19,79.37,240.44,-0.62,-0.19,0.25,7,2
1772045808.713452,3147238,-0.02,-0.03,0.04,84.25,67.37,255.25,-0.31,-0.56,-4.06,-0.03,0.00,0.12,2.62,79.25,240.37,0.19,0.06,0.50,7,2
1772045808.903998,3147429,0.03,0.03,0.07,84.19,67.62,255.69,-0.31,-0.56,0.62,-0.01,-0.12,0.12,2.69,79.19,240.31,0.13,0.13,0.00,8,2
1772045809.096114,3147621,0.00,0.05,0.04,84.50,67.50,255.69,-0.37,-0.56,-1.19,-0.07,0.01,0.11,2.75,79.19,240.31,0.44,0.00,-0.75,7,2
1772045809.288112,3147813,0.02,-0.04,0.06,84.44,67.37,255.50,1.06,-0.69,1.00,-0.02,-0.02,0.11,2.56,79.12,240.25,0.44,-0.19,-0.50,6,2
1772045809.478055,3148003,0.00,-0.02,0.05,84.37,67.31,255.44,-0.25,0.25,-0.44,-0.04,0.00,0.11,2.56,79.06,240.25,-0.31,-0.06,0.19,6,2
1772045809.670927,3148196,0.01,-0.01,0.07,84.37,67.31,255.44,0.31,-0.81,0.25,-0.05,-0.05,0.11,2.56,79.06,240.25,-0.44,0.13,0.00,6,2
1772045809.863358,3148388,0.03,0.04,0.06,84.50,67.37,255.50,-0.62,-0.06,-1.19,-0.01,-0.01,0.10,2.62,79.12,240.25,-0.13,0.19,-0.37,6,2
1772045810.054579,3148579,0.07,-0.06,0.06,84.44,67.31,255.44,1.06,-0.37,0.62,-0.03,-0.02,0.12,2.56,79.12,240.25,0.31,-0.13,-0.37,5,2
1772045810.246250,3148771,0.03,-0.03,0.06,84.56,67.31,255.44,-0.50,-0.13,-0.75,-0.03,-0.03,0.11,2.56,79.12,240.25,0.13,0.00,-0.13,5,2
1772045810.437467,3148962,0.00,-0.01,0.06,84.62,67.31,255.50,0.44,-0.37,0.37,-0.04,-0.04,0.12,2.56,79.12,240.25,-0.06,0.44,0.06,4,2
1772045810.628931,3149154,0.00,0.02,0.02,84.69,67.31,255.56,0.44,-0.13,-0.31,-0.07,0.00,0.10,2.62,79.12,240.31,-0.25,-0.06,0.00,4,2
1772045810.818561,3149343,0.08,0.02,0.10,84.44,67.31,255.56,1.75,-0.31,0.75,-0.03,-0.07,0.10,2.62,79.12,240.31,-0.13,-0.50,0.13,3,2
1772045811.008691,3149534,0.05,0.01,0.06,84.56,67.31,255.56,-0.19,-0.37,-0.69,-0.03,0.00,0.12,2.62,79.12,240.31,0.13,-0.13,0.25,2,2
1772045811.199566,3149725,0.06,0.05,0.04,84.56,67.31,255.56,1.06,-0.25,1.00,-0.03,-0.05,0.08,2.56,79.12,240.25,0.31,0.13,-0.13,2,2
1772045811.390605,3149915,0.06,0.07,0.08,84.37,67.25,255.44,-1.12,0.37,-0.19,0.02,-0.02,0.14,2.50,79.19,240.25,-0.69,-1.25,0.19,3,2
1772045811.581592,3150107,0.02,0.08,0.03,84.69,67.25,255.44,0.19,-0.25,0.94,-0.05,-0.05,0.12,2.50,79.19,240.25,-0.19,0.19,0.13,3,2
1772045811.772627,3150297,0.01,0.06,0.03,84.69,67.31,255.50,-0.50,0.75,-0.94,-0.02,-0.05,0.10,2.56,79.19,240.31,-0.37,-0.13,0.31,3,2
1772045811.961941,3150487,0.08,0.09,0.13,84.37,67.44,255.69,0.56,0.62,0.50,0.00,0.07,0.07,2.44,79.19,240.31,-0.06,0.56,-2.19,4,3
1772045812.151791,3150677,0.33,0.28,0.12,84.12,67.06,255.81,-2.62,-2.25,1.31,-0.05,0.09,0.03,0.00,79.00,240.81,1.87,0.69,0.37,4,4
1772045812.340984,3150866,0.15,0.17,0.08,84.12,66.94,255.37,-3.69,3.56,1.06,-0.01,0.00,0.15,-0.88,78.94,240.94,1.31,-0.69,0.00,4,4
1772045812.532850,3151057,-0.08,0.01,0.04,84.37,66.94,255.12,-1.81,-1.50,0.37,-0.04,-0.03,0.06,-0.81,78.94,240.87,-0.56,-0.75,0.75,5,3
1772045812.723184,3151248,0.01,0.03,0.02,84.62,67.12,255.37,-1.00,0.37,-1.25,-0.07,-0.01,0.08,0.25,78.94,240.81,-1.12,0.06,1.19,5,4
1772045812.913794,3151439,0.02,0.02,0.07,84.56,67.31,255.62,0.19,0.50,-1.19,0.00,-0.10,0.11,1.69,78.87,240.69,-0.44,-0.25,1.12,5,3
1772045813.104573,3151629,0.04,0.12,0.08,84.12,67.56,255.94,-0.31,1.50,-1.69,-0.06,-0.02,0.08,2.00,78.87,240.56,0.88,-0.25,-0.06,6,3
1772045813.295138,3151820,0.01,-0.06,0.05,83.94,67.50,255.75,0.75,-1.25,0.69,-0.05,-0.05,0.07,1.87,78.87,240.44,0.37,-0.31,-0.19,6,3
1772045813.486005,3152011,0.00,0.00,0.03,84.06,67.50,255.69,-0.50,0.06,-0.44,-0.03,-0.03,0.06,1.87,78.87,240.44,0.25,0.00,-0.31,6,3
1772045813.676418,3152201,0.00,0.01,0.05,84.06,67.44,255.69,0.81,-0.19,1.00,-0.02,-0.04,0.06,1.81,78.87,240.44,0.31,-0.13,-0.06,6,3
1772045813.867005,3152392,0.03,-0.07,0.05,84.06,67.37,255.69,-0.19,0.69,-0.44,-0.03,0.01,0.06,1.94,78.94,240.44,0.19,0.13,0.13,4,2
1772045814.057775,3152582,0.05,-0.07,0.05,84.00,67.44,255.62,2.37,-0.25,1.44,-0.04,-0.08,0.07,1.94,78.94,240.44,-0.25,-0.19,-0.25,4,2
1772045814.248293,3152773,0.01,-0.03,0.00,84.00,67.37,255.56,1.25,-0.50,-0.56,-0.02,-0.03,0.10,2.25,78.94,240.44,-0.62,0.19,0.56,4,2
1772045814.439014,3152964,0.03,0.06,0.02,83.87,67.50,255.75,1.37,0.69,-0.13,-0.04,-0.08,0.11,2.25,78.94,240.50,0.00,0.94,0.19,5,3
1772045814.630312,3153155,-0.03,-0.02,0.05,83.81,67.44,255.69,-0.88,-0.75,-0.19,-0.01,-0.08,0.06,2.31,78.94,240.50,-1.44,-0.75,-0.19,5,4
1772045814.820536,3153345,0.02,0.09,0.02,83.94,67.62,256.00,-0.06,-1.69,-0.69,-0.01,-0.04,0.11,3.00,78.87,240.50,0.25,-0.06,0.31,5,3
1772045815.010828,3153536,0.00,-0.02,0.03,83.94,67.62,255.94,0.69,3.87,1.25,-0.03,-0.11,0.11,3.12,78.94,240.62,-0.88,0.19,0.25,5,3
1772045815.201536,3153726,0.04,0.12,0.05,83.25,67.69,256.25,0.00,0.19,0.37,-0.06,-0.02,0.07,2.81,78.94,240.62,1.12,0.13,-0.69,4,3
1772045815.392199,3153917,0.00,-0.05,0.06,83.19,67.44,255.75,0.50,-0.75,1.62,-0.09,0.00,0.10,2.31,78.94,240.62,-0.37,-0.37,-0.25,4,3
1772045815.583032,3154108,-0.05,0.10,-0.02,83.62,67.44,255.69,0.44,0.75,-1.00,-0.07,-0.02,0.10,2.31,79.00,240.62,-0.06,0.62,-0.19,4,3
1772045815.773737,3154298,-0.01,-0.02,0.04,83.12,67.31,255.44,0.31,-0.69,-0.50,-0.02,-0.03,0.06,2.37,78.94,240.62,-0.69,0.25,0.44,5,3
1772045815.964283,3154489,0.02,0.05,0.03,83.12,67.37,255.56,-0.50,-1.06,-0.62,-0.03,-0.06,0.08,2.37,78.94,240.62,-0.31,-0.31,-0.06,5,3
1772045816.154527,3154680,0.01,0.02,0.04,83.25,67.37,255.56,-0.13,-0.56,0.44,0.01,-0.09,0.15,2.37,78.94,240.62,0.13,0.31,0.56,5,3
1772045816.345593,3154870,-0.02,0.00,0.04,83.37,67.44,255.62,-0.81,-0.37,-1.81,-0.05,-0.02,0.11,2.31,79.06,240.69,0.37,-0.56,-0.50,4,2
1772045816.536015,3155061,0.03,-0.06,0.08,83.25,67.44,255.62,0.69,-0.88,0.31,-0.05,-0.06,0.10,2.31,79.06,240.69,-0.13,0.06,0.06,4,1
1772045816.726751,3155252,0.00,0.03,0.02,83.50,67.50,255.75,-0.88,-0.37,-1.06,-0.03,-0.08,0.10,2.37,79.06,240.69,0.13,-0.13,0.06,4,2
1772045816.917321,3155442,0.01,-0.01,0.02,83.50,67.50,255.81,0.44,-0.31,0.62,-0.05,-0.09,0.11,2.37,79.06,240.69,-0.44,0.37,-0.25,4,2
1772045817.107649,3155633,0.02,0.00,0.03,83.56,67.50,255.81,0.06,0.62,-0.88,-0.02,-0.06,0.11,2.37,79.06,240.69,0.06,0.19,-0.44,5,2
1772045817.298537,3155824,0.05,-0.03,0.06,83.25,67.50,255.81,1.06,-1.50,0.69,-0.04,-0.08,0.11,2.37,79.06,240.69,0.13,0.00,0.13,5,2
1772045817.489169,3156014,0.00,0.00,0.02,83.69,67.50,255.75,-0.62,-0.13,-1.19,-0.01,-0.08,0.12,2.37,79.06,240.75,-0.31,0.00,0.25,5,2
1772045817.679612,3156205,0.01,-0.02,0.05,83.75,67.56,255.87,0.44,-0.56,1.00,-0.04,-0.09,0.12,2.37,79.06,240.75,0.06,0.31,-0.13,5,2
1772045817.870164,3156395,0.00,-0.01,0.00,83.75,67.50,255.75,0.06,-0.50,0.13,-0.06,-0.07,0.14,2.50,79.12,240.75,0.13,-1.19,0.50,5,2
1772045818.060537,3156586,0.03,0.01,0.00,83.56,67.56,255.87,1.87,1.06,0.50,-0.03,-0.09,0.12,2.69,79.06,240.69,0.00,0.69,-0.13,5,2
1772045818.251413,3156777,0.07,0.00,0.07,83.00,67.56,255.81,0.75,0.62,-0.37,-0.04,-0.06,0.08,2.87,79.00,240.69,-0.44,-0.13,0.25,4,2
1772045818.442017,3156967,0.04,0.06,0.01,83.19,67.62,255.94,-0.25,-0.37,0.19,-0.04,-0.05,0.11,3.00,78.94,240.69,0.19,0.31,-0.44,4,2
1772045818.633348,3157158,0.00,-0.02,0.00,83.44,67.56,255.81,0.06,-0.56,0.06,-0.07,-0.09,0.09,3.12,78.87,240.62,-0.13,-0.56,-0.44,3,3
1772045818.823572,3157349,0.05,0.05,0.05,83.25,67.62,255.87,0.25,0.75,0.13,-0.05,-0.06,0.09,3.12,78.94,240.62,0.13,-0.13,-0.31,3,3
1772045819.014278,3157539,0.00,0.00,0.02,83.37,67.56,255.81,-0.06,-1.12,0.31,-0.01,-0.06,0.09,3.12,78.94,240.62,-0.56,-0.37,0.44,3,2
1772045819.205048,3157730,0.03,0.12,0.02,83.62,67.62,255.94,-0.50,0.06,-0.13,-0.03,-0.01,0.12,3.12,78.94,240.62,0.50,0.25,-0.13,5,3
1772045819.395929,3157921,0.05,0.01,0.04,83.56,67.50,255.69,0.13,-0.25,1.00,-0.01,-0.09,0.08,3.12,78.94,240.62,-0.31,-0.56,0.06,5,4
1772045819.587839,3158113,0.05,0.08,0.05,83.44,67.56,255.81,-0.94,1.12,-0.25,-0.02,-0.05,0.09,3.19,79.00,240.62,0.37,-0.31,-0.06,5,4
1772045819.779504,3158304,-0.01,0.04,0.01,83.44,67.56,255.81,-1.44,-0.50,-0.13,-0.04,-0.08,0.10,3.19,79.00,240.62,-0.56,-0.31,0.31,5,4
1772045819.970160,3158495,0.00,0.10,-0.02,83.56,67.62,256.12,-1.12,0.13,-0.94,-0.01,-0.07,0.09,3.19,79.00,240.62,-0.06,0.06,-0.06,5,4
1772045820.159710,3158685,0.03,0.00,0.07,83.37,67.69,256.19,-0.25,0.44,0.00,-0.10,0.02,0.09,3.19,79.00,240.69,-0.62,-0.19,0.00,5,4
1772045820.349693,3158875,0.04,0.07,0.05,83.37,67.75,256.31,-1.31,0.00,-0.75,-0.03,-0.03,0.12,3.25,79.00,240.69,0.19,0.56,-0.06,5,4
1772045820.542534,3159067,0.01,-0.06,0.02,83.56,67.69,256.19,-1.12,-1.12,-0.19,-0.04,-0.08,0.08,3.25,79.00,240.69,-0.50,-0.25,-0.19,6,3
1772045820.734966,3159260,0.02,0.06,0.03,83.69,67.75,256.31,-0.75,1.06,-0.88,-0.04,-0.06,0.10,3.25,79.00,240.69,-0.31,-0.13,-0.13,6,3
1772045820.926661,3159452,0.03,-0.01,0.07,83.56,67.69,256.31,0.13,-0.31,0.50,-0.03,-0.08,0.11,3.25,79.00,240.69,-0.13,0.13,0.06,6,3
1772045821.118540,3159643,0.02,-0.01,0.04,83.75,67.69,256.31,-0.25,-0.19,0.25,-0.07,-0.03,0.10,3.31,79.00,240.75,-0.13,0.31,-0.25,4,2
1772045821.309065,3159834,0.14,0.18,0.09,83.81,67.69,256.25,2.44,-0.81,1.19,-0.04,-0.09,0.15,3.69,78.94,240.62,-0.19,0.25,1.69,5,2
1772045821.499630,3160025,0.00,-0.06,0.05,84.87,67.25,255.25,-1.19,-0.81,0.44,-0.05,-0.07,0.13,3.56,79.00,240.56,0.81,-1.56,-1.44,5,1
1772045821.690487,3160216,0.02,0.03,0.04,85.06,67.19,255.31,1.25,0.06,1.69,-0.05,-0.05,0.13,2.12,79.19,240.62,1.19,-0.44,-1.06,5,2
1772045821.881892,3160407,-0.01,-0.04,0.01,85.00,66.87,254.69,0.44,0.25,0.75,-0.08,-0.08,0.11,1.75,79.19,240.62,-0.62,-0.06,-0.25,5,2
1772045822.073253,3160598,0.03,0.05,0.06,84.56,67.00,254.87,-0.06,0.56,-0.50,-0.01,-0.06,0.14,1.81,79.19,240.69,-0.69,-0.13,0.19,5,2
1772045822.262802,3160788,0.06,0.05,0.10,84.87,67.06,254.69,3.25,-5.69,-0.31,-0.07,-0.05,0.12,1.87,79.19,240.69,-0.44,-0.25,0.44,5,2
1772045822.452762,3160978,-0.04,0.07,0.00,86.25,67.12,254.69,-4.19,0.25,-0.88,-0.04,-0.04,0.14,1.94,79.19,240.75,0.19,0.06,-0.31,5,2
1772045822.643347,3161169,0.02,0.00,0.00,86.31,67.12,254.81,0.31,-0.94,0.37,-0.07,-0.02,0.10,1.94,79.19,240.75,0.37,0.13,0.00,4,2
1772045822.834159,3161360,0.00,0.06,0.04,85.94,67.25,255.00,0.13,2.44,-0.88,-0.03,-0.06,0.15,1.94,79.25,240.75,0.19,0.13,0.06,4,2
1772045823.025297,3161550,0.00,0.00,0.04,85.31,67.25,254.94,-0.13,-0.06,-0.44,-0.03,-0.09,0.16,1.94,79.25,240.75,-0.75,-0.75,0.13,3,2
1772045823.215757,3161741,0.03,0.05,0.06,85.12,67.37,255.19,-1.12,0.75,-1.25,-0.07,-0.09,0.15,2.00,79.25,240.81,0.06,-0.13,0.13,3,2
1772045823.405390,3161931,0.01,0.00,0.04,85.06,67.37,255.25,-0.44,-0.06,0.62,0.00,-0.13,0.16,2.00,79.25,240.81,0.19,-0.50,0.00,3,2
1772045823.596112,3162121,0.00,0.02,0.05,85.00,67.44,255.37,-0.75,0.75,-2.12,-0.06,-0.06,0.13,2.25,79.25,240.75,-0.13,0.19,-0.25,2,2
1772045823.786542,3162312,0.00,-0.04,0.06,84.94,67.50,255.50,1.12,-0.25,-0.06,-0.04,-0.07,0.13,2.50,79.12,240.75,-0.25,0.25,0.06,3,2
1772045823.976895,3162502,-0.01,0.02,0.04,85.06,67.56,255.56,0.00,-0.62,-0.88,-0.04,-0.09,0.11,2.87,79.06,240.75,-0.31,-0.06,0.00,3,2
1772045824.167254,3162693,0.04,0.03,0.10,85.06,67.62,255.69,0.88,0.06,0.50,-0.04,-0.08,0.09,3.06,79.00,240.69,-0.06,0.19,-0.06,3,2
1772045824.357580,3162883,0.00,0.05,0.04,85.06,67.56,255.62,0.37,0.00,0.44,0.00,-0.07,0.10,3.31,78.94,240.69,-0.06,-0.88,0.00,3,2
1772045824.548168,3163073,0.06,0.02,0.11,85.00,67.50,255.56,0.94,-0.37,1.56,-0.07,-0.04,0.07,3.37,78.94,240.69,0.25,0.37,-0.25,3,2
1772045824.739085,3163264,0.03,0.02,0.04,85.25,67.50,255.50,-0.75,-0.06,-0.37,-0.03,-0.07,0.14,3.37,78.87,240.69,-0.50,-0.13,0.31,4,2
1772045824.929038,3163455,0.03,0.11,0.05,85.31,67.62,255.81,0.50,0.50,0.19,-0.02,-0.05,0.11,3.37,78.87,240.69,0.44,0.06,0.19,4,2
1772045825.120196,3163645,0.00,0.00,0.06,85.19,67.62,255.75,-0.50,0.56,-0.75,-0.14,0.00,0.05,3.37,78.87,240.69,-0.25,-0.44,-0.37,4,2
1772045825.310613,3163836,0.04,0.04,0.09,85.19,67.69,255.87,1.06,-0.19,-0.13,-0.05,0.00,0.08,3.25,78.94,240.69,0.81,0.25,-0.19,4,2
1772045825.501170,3164026,-0.01,0.00,0.08,85.00,67.56,255.50,1.37,-0.25,0.31,-0.03,-0.08,0.09,3.50,78.94,240.62,-0.06,0.19,0.94,4,2
1772045825.691979,3164217,0.00,0.09,0.00,85.25,67.62,255.56,-1.19,-0.69,-0.62,-0.04,-0.03,0.12,3.69,78.94,240.62,0.19,-0.25,-0.56,4,2
1772045825.882211,3164407,0.02,0.00,0.05,85.31,67.44,255.25,1.44,-1.25,2.25,-0.05,-0.05,0.09,3.62,78.94,240.62,-0.25,-0.37,0.00,4,2
1772045826.073171,3164598,0.04,-0.03,0.08,85.31,67.12,254.69,1.06,1.44,0.25,-0.04,-0.01,0.10,3.62,79.00,240.62,-0.13,-0.37,-0.25,4,2
1772045826.264052,3164789,0.23,-0.03,0.08,85.19,67.00,254.12,5.31,-3.25,3.44,-0.05,-0.05,0.10,3.81,79.06,240.62,-0.44,-0.13,0.13,4,1
1772045826.454485,3164980,-0.14,0.01,0.00,88.50,66.44,251.50,8.63,-6.31,2.75,-0.05,-0.11,0.11,3.87,79.00,240.56,0.62,0.62,-0.25,4,2
1772045826.644986,3165170,0.13,-0.02,0.05,86.69,66.19,250.87,-1.75,7.94,0.81,-0.01,-0.05,0.17,3.50,78.94,240.50,0.25,0.56,-0.31,4,2
1772045826.835314,3165361,-0.01,0.08,0.06,85.12,66.12,251.12,2.19,1.56,1.25,0.02,-0.05,0.11,3.19,79.00,240.44,-0.75,-0.81,0.69,4,2
1772045827.026117,3165551,0.07,-0.06,0.14,83.31,65.94,251.00,-1.19,3.87,0.25,-0.05,-0.04,0.08,3.37,79.00,240.56,-0.81,0.00,-0.13,4,2
1772045827.216970,3165742,-0.08,-0.07,0.01,83.06,66.00,251.19,-0.13,0.69,0.13,-0.01,-0.09,0.12,3.62,79.00,240.62,-1.25,0.00,0.19,4,2
1772045827.407442,3165933,0.00,0.10,0.06,82.50,66.12,251.69,-0.75,1.87,-0.44,-0.05,-0.02,0.08,3.75,79.00,240.62,-0.13,0.56,0.37,4,3
1772045827.597852,3166123,0.07,0.07,0.05,81.94,66.06,251.94,-0.13,-0.19,-0.75,0.00,-0.07,0.12,3.81,79.00,240.75,0.37,0.62,0.25,4,3
1772045827.788667,3166314,0.05,0.06,0.07,82.00,66.12,252.06,-0.75,-0.06,0.31,0.00,-0.05,0.10,3.69,79.06,240.75,0.44,-0.44,-0.31,4,3
1772045827.979794,3166505,-0.02,-0.01,0.03,82.25,66.06,251.94,-0.69,-1.06,-0.69,-0.04,-0.04,0.10,3.69,79.06,240.75,-0.62,-0.13,0.06,4,3
1772045828.170237,3166695,0.03,-0.01,0.07,82.37,66.19,252.12,-1.25,0.13,-0.69,-0.03,-0.07,0.10,3.69,79.06,240.75,0.19,-0.06,-0.25,5,3
1772045828.360476,3166886,0.01,0.06,0.07,82.37,66.25,252.37,-1.12,0.69,0.19,-0.03,-0.10,0.12,3.69,79.06,240.75,0.06,0.06,-0.25,5,3
1772045828.550971,3167076,0.01,0.08,0.08,82.44,66.25,252.50,-0.75,0.25,-1.06,-0.06,-0.01,0.13,3.56,79.06,240.75,0.37,0.88,-0.31,5,3
1772045828.741626,3167267,0.03,0.02,0.08,82.44,66.31,252.50,-0.88,-0.31,0.06,-0.06,-0.03,0.11,3.56,79.06,240.75,-0.19,0.00,-0.13,5,3
1772045828.932624,3167458,0.01,0.01,0.06,82.62,66.37,252.69,-0.81,0.13,-1.19,-0.05,-0.01,0.11,3.62,79.12,240.81,-0.50,-0.50,-0.19,5,3
1772045829.123001,3167648,0.03,0.01,0.10,82.50,66.44,252.87,0.37,0.06,0.37,-0.03,-0.05,0.12,3.62,79.12,240.81,-0.06,-0.31,0.19,5,3
1772045829.313427,3167839,0.11,0.00,0.13,82.50,66.44,253.06,-1.19,1.06,-0.50,-0.05,-0.04,0.12,3.75,79.12,240.87,0.13,0.00,-0.06,4,2
1772045829.503945,3168029,0.06,0.00,0.11,82.56,66.44,253.06,1.19,-0.81,0.81,-0.06,-0.08,0.14,3.75,79.12,240.87,0.19,-0.50,0.00,4,2
1772045829.695037,3168220,0.05,0.05,0.11,82.62,66.44,253.12,-0.13,0.62,-0.75,-0.04,-0.07,0.14,3.75,79.12,240.87,-0.06,-0.25,-0.06,3,2
1772045829.885472,3168411,0.04,0.07,0.09,82.62,66.44,253.12,0.37,0.19,0.69,-0.04,-0.05,0.13,3.75,79.12,240.87,-0.06,0.13,-0.19,4,3
1772045830.076247,3168602,0.00,0.08,0.08,82.69,66.44,253.12,-0.81,0.06,-0.69,0.01,-0.10,0.18,3.75,79.12,240.87,-0.94,-1.19,0.19,4,3
1772045830.266731,3168792,0.05,0.06,0.11,82.75,66.50,253.25,0.31,0.44,0.69,-0.03,-0.07,0.13,3.81,79.19,240.87,-0.06,0.25,0.31,3,3
1772045830.457261,3168983,0.01,0.09,0.10,82.75,66.44,253.19,-0.94,0.13,0.06,-0.04,-0.08,0.15,3.81,79.19,240.94,-0.25,0.06,0.31,3,3
1772045830.648190,3169174,0.05,0.14,0.10,82.69,66.50,253.37,-0.31,1.00,0.13,-0.03,-0.04,0.13,3.81,79.19,240.94,0.19,-0.06,0.06,3,3
1772045830.838763,3169364,0.01,0.04,0.12,82.69,66.50,253.37,0.00,0.31,-0.50,-0.14,0.00,0.11,3.87,79.19,240.94,-0.75,-0.37,-0.19,3,3
1772045831.029440,3169555,0.03,0.12,0.17,82.50,66.56,253.31,1.06,0.44,-0.06,-0.05,0.00,0.11,3.87,79.19,240.94,0.69,0.19,-0.06,3,3
1772045831.220534,3169746,0.02,0.00,0.14,82.44,66.37,252.94,0.19,-1.00,-0.19,-0.04,-0.07,0.12,3.81,79.19,240.87,0.06,-0.37,-0.13,4,3
1772045831.411446,3169937,0.02,0.05,0.14,82.44,66.44,253.00,-0.37,0.19,-0.13,-0.06,-0.02,0.11,3.81,79.19,240.87,0.00,-0.44,-0.31,4,3
1772045831.600870,3170126,0.05,0.04,0.17,82.31,66.31,252.75,1.19,0.25,1.19,-0.02,-0.04,0.12,3.81,79.19,240.87,-0.06,0.25,0.13,4,3
1772045831.791823,3170317,0.05,-0.02,0.16,82.25,66.19,252.56,-0.50,0.56,-0.75,-0.06,-0.05,0.13,3.87,79.12,240.94,-0.50,0.50,-0.13,4,2
1772045831.982766,3170508,0.04,0.03,0.12,82.19,66.25,252.56,1.50,-0.69,0.56,-0.05,-0.06,0.14,3.87,79.12,240.94,0.13,-0.31,0.00,4,1
1772045832.174850,3170700,0.08,0.05,0.15,82.25,66.31,252.75,-1.25,0.31,-1.12,-0.05,-0.03,0.11,3.94,79.25,240.94,-0.62,-1.00,-0.19,3,2
1772045832.366022,3170892,0.05,0.06,0.16,82.37,66.37,253.00,0.19,0.19,0.37,-0.05,-0.07,0.15,3.94,79.25,240.94,0.25,0.37,0.06,4,3
1772045832.556080,3171081,0.04,0.07,0.15,82.44,66.37,253.06,-0.81,0.81,-0.44,0.00,-0.10,0.17,4.00,79.25,240.94,-1.00,-1.56,0.00,4,3
1772045832.746117,3171272,0.05,0.11,0.16,82.19,66.50,253.25,1.00,-0.25,1.25,-0.01,-0.09,0.16,4.00,79.25,241.00,0.00,0.94,0.25,4,3
1772045832.939036,3171464,0.02,0.06,0.13,82.00,66.44,253.12,-0.13,-0.13,0.13,-0.03,-0.08,0.14,4.06,79.25,240.94,-0.75,-0.44,0.56,4,3
1772045833.131133,3171657,0.04,0.11,0.12,81.75,66.50,253.19,0.62,0.69,0.44,-0.05,-0.07,0.15,4.06,79.25,240.94,0.19,0.31,-0.06,4,3
1772045833.323269,3171848,0.03,0.01,0.13,81.37,66.37,253.00,-0.13,0.37,-0.44,-0.01,-0.06,0.19,4.06,79.25,240.94,0.00,-0.19,0.06,4,3
1772045833.514463,3172040,0.01,0.08,0.10,81.31,66.44,253.06,0.19,0.25,-1.12,-0.10,0.00,0.14,4.06,79.31,240.94,-0.19,-0.31,-0.06,4,3
1772045833.706611,3172232,0.00,-0.08,0.08,81.06,66.44,253.00,-0.56,-0.44,-0.13,-0.09,-0.07,0.18,4.12,79.31,241.00,-0.50,-0.25,-0.06,4,3
1772045833.896833,3172422,0.01,0.06,0.10,81.12,66.50,253.25,-0.56,-0.50,-0.62,-0.03,-0.04,0.15,4.19,79.37,241.00,-0.06,0.06,-0.19,4,3
1772045834.088280,3172614,0.00,0.02,0.07,81.25,66.50,253.25,0.25,-0.88,0.50,-0.03,-0.08,0.16,4.12,79.37,241.00,-0.25,-0.06,-0.06,5,3
1772045834.280484,3172806,0.01,0.02,0.10,81.31,66.50,253.31,-0.88,0.06,0.44,-0.05,-0.06,0.13,4.12,79.44,241.00,-0.31,-1.19,-0.06,4,3
1772045834.473407,3172999,0.05,0.03,0.13,81.37,66.56,253.44,0.75,-0.25,0.88,-0.03,-0.07,0.17,4.06,79.44,241.06,-0.19,0.50,-0.19,4,2
1772045834.666668,3173192,0.07,0.00,0.12,81.19,66.50,253.31,0.19,0.88,0.25,0.00,-0.07,0.19,4.12,79.44,241.06,0.00,-0.13,0.13,4,2
1772045834.857544,3173383,0.03,0.03,0.13,81.06,66.44,253.19,1.25,0.81,1.50,-0.05,-0.04,0.20,4.12,79.44,241.06,0.31,0.25,0.00,4,4
1772045835.049569,3173575,0.02,-0.05,0.14,80.94,66.25,252.87,-0.44,-0.94,-0.31,-0.04,-0.07,0.16,4.12,79.44,241.06,-0.31,0.25,-0.06,5,4
1772045835.240878,3173766,0.03,0.05,0.17,80.94,66.44,253.12,-0.25,0.88,-0.19,-0.04,-0.09,0.18,4.37,79.31,241.06,0.37,-0.44,-0.13,5,4
1772045835.432035,3173957,-0.01,0.06,0.10,81.19,66.37,253.06,-1.19,-1.19,-0.25,-0.03,-0.06,0.13,4.62,79.19,241.00,-0.25,-0.06,0.25,5,4
1772045835.623083,3174149,0.05,0.10,0.14,81.37,66.44,253.19,-1.25,0.50,-0.13,-0.06,-0.03,0.13,4.81,79.12,241.00,-0.31,-0.25,0.00,5,4
1772045835.814830,3174340,0.00,0.01,0.16,81.31,66.44,253.12,0.25,0.19,0.56,-0.07,-0.07,0.09,4.94,79.00,240.94,0.13,-0.06,-0.19,5,4
1772045836.004276,3174530,0.04,0.06,0.18,81.25,66.44,253.19,-0.19,0.37,-1.37,-0.04,-0.02,0.14,5.06,79.00,240.94,0.19,0.37,-0.37,4,4
1772045836.195612,3174721,0.04,-0.04,0.17,81.37,66.37,253.19,0.37,-0.75,0.00,-0.05,-0.02,0.11,5.12,79.00,240.94,-0.13,-0.50,-0.37,5,3
1772045836.388574,3174914,0.04,0.03,0.09,81.56,66.44,253.31,-0.25,0.00,-0.44,-0.03,-0.01,0.10,5.12,79.00,241.00,-0.06,0.00,0.06,5,4
1772045836.582675,3175108,0.05,0.01,0.18,81.50,66.44,253.37,0.37,-0.25,0.37,-0.04,-0.04,0.10,5.12,79.00,241.00,-0.25,0.37,0.06,5,4
1772045836.774719,3175300,0.00,0.04,0.12,81.62,66.44,253.44,-0.37,-0.31,0.37,-0.01,-0.05,0.11,5.19,79.00,241.00,-0.13,-0.75,-0.06,4,2
1772045836.965209,3175491,0.07,0.08,0.18,81.62,66.50,253.44,1.87,-0.31,1.06,-0.05,-0.06,0.09,5.12,79.00,241.00,0.75,0.50,-0.13,4,1
1772045837.156733,3175682,0.04,0.04,0.13,81.69,66.44,253.44,-0.19,-0.31,-0.62,-0.03,-0.03,0.13,5.12,79.06,241.00,-0.50,-0.44,0.19,4,1
1772045837.346759,3175872,0.06,0.10,0.14,81.75,66.50,253.56,0.62,-0.06,0.75,-0.04,-0.04,0.12,5.12,79.06,241.00,0.25,0.56,0.13,6,3
1772045837.537297,3176063,0.06,0.06,0.10,81.87,66.50,253.56,-0.69,0.06,-0.56,0.01,-0.03,0.14,5.12,79.06,241.00,0.56,0.56,0.06,6,3
1772045837.727652,3176253,0.08,0.14,0.14,81.87,66.50,253.56,0.25,0.19,0.75,-0.01,-0.01,0.12,5.12,79.06,241.00,0.81,0.37,0.00,6,3
1772045837.918747,3176444,0.02,-0.14,0.18,81.25,66.31,252.81,0.62,-1.25,-0.19,-0.05,-0.05,0.11,5.12,79.06,241.00,-0.19,-0.37,0.31,6,3
1772045838.109597,3176635,0.00,0.13,0.08,81.81,66.44,253.25,-2.62,-0.88,0.44,-0.02,-0.02,0.14,5.25,79.12,241.00,0.06,-0.19,0.00,6,3
1772045838.299745,3176825,-0.02,0.04,0.09,81.81,66.44,253.37,0.06,-1.00,0.44,-0.04,-0.06,0.16,5.19,79.19,241.06,-0.06,-0.62,0.13,5,3
1772045838.490160,3177016,0.06,0.16,0.06,82.00,66.31,253.56,-0.62,0.94,-0.56,-0.06,0.00,0.13,5.12,79.31,241.12,0.88,0.06,-0.25,5,3
1772045838.680775,3177206,0.00,-0.05,0.10,81.75,66.19,253.12,1.31,-1.56,1.06,-0.04,-0.01,0.13,5.00,79.31,241.06,0.06,-0.13,0.06,5,3
1772045838.871287,3177397,0.03,0.00,0.08,81.75,66.19,253.06,0.62,0.19,-0.69,-0.03,-0.02,0.15,5.00,79.31,241.06,0.00,-0.06,-0.06,5,3
1772045839.062322,3177588,0.04,-0.01,0.14,81.56,66.19,253.12,1.12,0.13,0.37,-0.04,-0.06,0.14,5.00,79.31,241.06,-0.25,0.13,0.00,5,3
1772045839.252665,3177778,0.03,0.00,0.10,81.56,66.19,253.12,0.00,0.06,-0.06,-0.10,-0.01,0.12,5.06,79.31,241.06,0.13,-0.13,-0.50,3,2
1772045839.443536,3177969,0.00,-0.04,0.15,81.62,66.12,253.00,1.44,-1.12,0.81,-0.05,-0.05,0.14,5.06,79.31,241.06,-0.13,-0.37,0.25,4,2
1772045839.633758,3178159,0.02,0.02,0.10,81.94,66.12,252.94,0.37,0.37,0.56,-0.04,-0.05,0.16,5.25,79.31,241.06,-0.06,0.25,0.13,4,2
1772045839.824629,3178350,0.06,0.00,0.19,81.69,66.06,252.81,0.56,1.06,0.56,-0.05,-0.02,0.17,5.25,79.31,241.06,-0.19,0.31,-0.13,4,3
1772045840.015662,3178541,0.04,0.16,0.19,81.81,66.12,252.87,-0.50,-5.31,-0.50,-0.05,-0.06,0.19,5.25,79.31,241.06,-0.56,-0.75,0.44,4,3
1772045840.205800,3178731,0.02,0.12,0.06,82.31,66.19,252.87,-0.69,1.75,0.19,-0.02,-0.07,0.20,5.31,79.31,241.06,0.19,-0.13,0.25,4,3
1772045840.396558,3178922,0.04,0.10,0.08,81.75,66.31,253.12,-1.50,2.12,-0.75,-0.03,-0.02,0.16,5.31,79.44,241.06,-0.31,-0.56,0.13,5,3
1772045840.586947,3179113,0.04,0.03,0.19,80.81,66.37,253.37,-0.06,1.75,0.50,-0.04,-0.03,0.19,5.31,79.44,241.06,0.44,0.19,-0.31,5,4
1772045840.777501,3179303,0.02,0.00,0.08,80.81,66.31,253.25,-0.25,-1.81,0.69,-0.01,-0.05,0.19,5.31,79.44,241.06,0.62,0.75,0.13,5,4
1772045840.968175,3179494,0.00,0.07,0.07,81.06,66.37,253.19,0.25,0.50,0.37,-0.03,-0.01,0.20,5.31,79.44,241.06,0.44,0.31,0.00,5,4
1772045841.159133,3179685,0.01,0.00,0.11,80.87,66.25,253.12,-0.50,-0.44,-0.44,-0.06,-0.03,0.18,5.31,79.44,241.06,-0.62,-0.19,0.56,4,4
1772045841.349769,3179875,0.02,0.04,0.06,80.94,66.37,253.25,-1.19,-0.06,-0.69,-0.03,-0.01,0.17,5.37,79.44,241.06,-0.13,-0.06,-0.06,4,4
1772045841.540304,3180066,0.00,-0.01,0.10,80.87,66.37,253.25,-0.25,-0.25,-0.06,-0.08,0.01,0.16,5.37,79.44,241.06,-0.25,-0.13,-0.19,5,4
1772045841.730638,3180256,0.04,0.09,0.14,80.81,66.44,253.37,-0.81,0.88,-0.94,-0.05,-0.01,0.20,5.44,79.50,241.12,0.37,0.00,0.00,4,3
1772045841.921871,3180447,0.00,-0.06,0.08,80.69,66.37,253.25,-0.37,-0.56,0.13,-0.06,-0.04,0.19,5.44,79.44,241.12,-0.44,-0.37,0.00,5,2
1772045842.112116,3180638,0.01,0.04,0.07,80.75,66.37,253.31,-1.00,0.25,-0.37,-0.05,-0.04,0.19,5.44,79.44,241.12,0.31,-0.06,-0.31,5,3
1772045842.302621,3180828,0.02,-0.01,0.08,80.75,66.31,253.25,0.31,0.13,0.62,-0.08,-0.05,0.17,5.44,79.44,241.12,-0.06,0.06,-0.25,5,3
1772045842.493328,3181019,0.01,0.00,0.11,80.81,66.31,253.25,-0.25,0.31,-1.31,-0.04,-0.01,0.22,5.50,79.50,241.12,-0.06,0.13,-0.19,5,3
1772045842.683588,3181209,0.03,-0.09,0.15,80.69,66.31,253.19,1.19,0.06,0.25,-0.06,-0.03,0.19,5.50,79.50,241.12,0.13,-0.06,0.00,6,2
1772045842.875093,3181400,0.02,-0.02,0.11,80.81,66.37,253.31,-0.19,0.25,-0.62,-0.04,-0.02,0.18,5.50,79.50,241.12,-0.25,-0.25,-0.25,6,2
1772045843.065054,3181591,0.05,-0.02,0.17,80.81,66.31,253.31,1.00,-0.25,1.00,-0.07,-0.05,0.19,5.50,79.50,241.12,0.13,0.37,-0.19,6,3
1772045843.255786,3181781,-0.03,0.09,0.07,81.12,66.31,253.37,-0.75,-0.75,-0.13,0.00,-0.05,0.22,5.50,79.50,241.19,-1.06,-0.94,0.25,5,3
1772045843.445949,3181972,0.06,0.09,0.15,81.19,66.31,253.37,0.75,-0.13,1.00,-0.08,-0.06,0.19,5.56,79.50,241.19,0.50,0.06,0.31,5,3
1772045843.636638,3182162,0.03,0.09,0.13,81.00,66.37,253.37,0.62,0.94,-0.37,-0.03,-0.06,0.22,5.56,79.56,241.19,-0.06,-0.44,0.13,4,3
1772045843.827616,3182353,0.05,0.06,0.18,80.94,66.37,253.37,0.25,-0.88,0.25,-0.06,-0.05,0.19,5.37,79.56,241.12,0.94,0.50,-0.56,4,3
1772045844.017978,3182544,0.02,0.00,0.11,81.37,66.44,253.37,-0.31,-1.37,0.31,-0.07,0.00,0.23,5.25,79.56,241.12,-0.25,0.19,-0.06,4,3
1772045844.208723,3182734,-0.01,0.03,0.05,81.75,66.50,253.37,0.19,-0.19,-1.00,-0.09,-0.01,0.19,5.19,79.50,241.12,0.50,0.37,-0.62,4,3
1772045844.399263,3182925,0.05,-0.07,0.20,81.62,66.50,253.31,-0.37,-0.25,0.31,-0.07,-0.05,0.16,5.19,79.37,241.12,-0.88,-0.06,0.25,3,3
1772045844.589242,3183115,0.02,-0.01,0.09,81.69,66.56,253.37,0.31,-0.44,-1.75,-0.04,0.00,0.14,5.56,79.25,241.19,-0.44,-0.31,0.19,3,3
1772045844.780477,3183306,0.07,0.03,0.11,81.75,66.75,253.69,-0.06,0.50,0.25,-0.06,-0.03,0.12,5.62,79.12,241.19,-0.13,0.25,0.13,4,3
1772045844.971219,3183497,0.05,0.00,0.09,81.69,66.75,253.69,-0.81,0.56,-1.50,-0.04,-0.03,0.12,5.81,79.06,241.19,0.06,-0.13,-0.25,4,3
1772045845.161872,3183688,0.00,-0.02,0.16,81.50,66.81,253.75,1.19,0.81,1.12,-0.01,0.01,0.08,5.87,79.00,241.12,0.31,-0.37,0.00,5,2
1772045845.352460,3183878,0.01,0.00,0.19,81.37,66.62,253.62,-0.31,0.31,0.00,-0.03,-0.04,0.11,5.81,79.00,241.19,0.25,0.19,0.00,5,2
1772045845.543158,3184069,0.00,0.02,0.14,81.44,66.62,253.69,0.50,-0.31,0.62,-0.01,-0.01,0.10,5.81,79.00,241.19,0.13,0.31,0.06,5,2
1772045845.734537,3184260,-0.02,0.03,0.09,81.56,66.62,253.62,-0.25,-0.37,0.50,-0.01,-0.02,0.11,5.87,79.00,241.19,-0.62,-0.88,0.31,5,3
1772045845.924730,3184451,0.07,0.08,0.13,81.44,66.69,253.75,1.12,0.37,1.06,-0.08,-0.05,0.09,5.87,79.00,241.19,0.00,0.25,-0.37,5,3
1772045846.115686,3184641,-0.04,0.02,0.15,81.37,66.62,253.62,1.12,0.25,-0.13,-0.02,-0.06,0.08,5.87,79.00,241.25,-0.31,-0.69,-0.25,4,2
1772045846.306005,3184832,0.05,0.10,0.19,81.37,66.75,253.81,0.50,0.62,1.19,-0.01,-0.02,0.15,5.94,79.06,241.25,0.44,0.50,-0.19,5,3
1772045846.495892,3185021,-0.03,-0.05,0.13,81.37,66.56,253.62,-1.00,0.25,-0.62,0.01,-0.03,0.15,5.69,79.06,241.31,-0.13,0.13,-0.81,5,4
1772045846.687091,3185213,0.06,0.11,0.11,81.56,66.69,254.06,0.00,-1.12,0.44,-0.05,-0.01,0.12,5.50,79.12,241.31,1.12,-0.56,0.19,4,4
1772045846.878589,3185404,-0.06,-0.10,0.08,81.81,66.56,253.56,1.06,-0.75,-0.13,-0.02,-0.01,0.07,5.37,79.19,241.31,-0.19,-0.37,-0.13,4,3
1772045847.068863,3185595,0.12,0.00,0.19,80.87,66.75,253.75,-0.75,-0.06,0.37,-0.05,0.00,0.11,5.12,79.25,241.25,0.88,-0.13,-0.44,4,3
1772045847.258202,3185784,-0.03,-0.06,0.12,80.81,66.56,253.44,1.87,-1.56,1.25,-0.04,0.02,0.14,4.75,79.31,241.19,0.06,0.00,-0.44,4,3
1772045847.448962,3185975,0.04,-0.09,0.07,81.00,66.44,253.25,0.50,-0.69,-0.56,-0.03,-0.01,0.17,4.81,79.31,241.19,-0.13,0.44,0.06,4,4
1772045847.640414,3186166,0.02,-0.01,0.12,80.87,66.50,253.31,0.75,-0.13,0.13,-0.04,0.00,0.12,4.75,79.31,241.19,-0.44,-0.56,0.19,5,3
1772045847.832181,3186358,0.03,0.00,0.09,80.94,66.56,253.44,-0.75,-0.44,-1.12,-0.04,0.00,0.13,4.87,79.31,241.25,-0.06,-0.06,0.31,5,3
1772045848.023481,3186549,0.08,0.04,0.10,80.75,66.62,253.56,1.00,0.25,0.81,-0.05,-0.05,0.14,4.87,79.31,241.25,0.19,-0.06,0.13,6,3
1772045848.215852,3186741,0.03,-0.07,0.11,80.81,66.56,253.44,-0.13,0.25,-0.37,-0.06,-0.01,0.13,4.94,79.37,241.25,-0.06,-0.75,-0.13,5,2
1772045848.408282,3186934,0.02,-0.03,0.14,80.69,66.69,253.56,1.12,-0.31,0.56,-0.01,-0.08,0.19,4.94,79.31,241.25,-0.37,0.00,0.19,5,2
1772045848.598368,3187124,0.01,0.00,0.12,80.94,66.69,253.62,-1.31,0.56,-0.75,-0.04,-0.05,0.16,5.00,79.37,241.31,-0.56,-0.50,0.13,6,2
1772045848.790235,3187316,0.04,0.03,0.11,81.06,66.75,253.94,0.37,0.50,0.56,-0.05,-0.06,0.16,5.00,79.37,241.31,0.19,0.31,-0.06,7,3
1772045848.982102,3187508,0.00,0.03,0.09,80.87,66.69,253.87,-0.13,-0.19,0.00,0.00,-0.06,0.16,5.00,79.37,241.31,-1.00,-1.50,0.25,8,4
1772045849.173384,3187699,0.06,0.09,0.13,80.94,66.75,254.00,-0.31,0.06,0.94,-0.01,-0.03,0.19,5.00,79.37,241.37,0.19,0.44,0.37,7,3
1772045849.366241,3187892,0.00,0.00,0.12,81.00,66.69,253.87,-0.81,-0.19,0.13,-0.05,-0.07,0.16,5.06,79.37,241.37,-0.62,-0.13,0.44,7,3
1772045849.556776,3188083,0.03,0.09,0.15,80.87,66.81,254.06,-0.31,1.00,-0.06,-0.05,-0.05,0.16,5.06,79.37,241.37,0.06,0.31,-0.13,7,3
1772045849.748477,3188274,0.02,0.00,0.12,80.69,66.75,254.00,-0.69,-0.13,-0.25,-0.03,0.00,0.19,5.06,79.37,241.37,-0.37,-0.13,0.13,6,3
1772045849.941363,3188467,0.04,0.01,0.09,80.75,66.81,254.06,-0.37,0.25,-0.69,-0.10,0.03,0.13,5.12,79.37,241.44,-0.37,-0.50,-0.13,6,4
1772045850.134378,3188660,0.02,-0.07,0.12,80.69,66.75,253.94,-0.75,-0.31,-0.31,-0.03,-0.04,0.15,5.06,79.37,241.37,-0.37,-0.37,0.00,6,3
1772045850.325437,3188851,0.03,0.05,0.13,80.69,66.94,254.19,-0.50,0.44,-1.25,-0.03,-0.01,0.14,5.06,79.37,241.37,0.19,-0.31,-0.37,5,4
1772045850.516343,3189042,0.04,-0.01,0.17,80.37,66.87,254.12,1.25,-0.37,0.94,-0.05,-0.04,0.16,5.06,79.37,241.37,0.44,0.00,-0.19,6,4
1772045850.705624,3189231,0.00,0.02,0.10,80.62,66.87,254.00,-0.44,-1.50,0.19,0.00,-0.08,0.20,5.00,79.37,241.37,-0.31,-1.00,-0.06,4,4
1772045850.897171,3189423,0.05,0.02,0.12,80.69,66.94,254.00,0.44,-0.25,0.75,-0.02,-0.01,0.21,5.00,79.37,241.37,-0.06,0.75,0.00,3,3
1772045851.088355,3189614,0.03,0.00,0.11,80.62,66.87,254.00,-0.88,0.25,-0.25,-0.04,-0.03,0.15,5.06,79.37,241.37,-0.56,-0.37,0.25,3,3
1772045851.278691,3189805,0.03,0.05,0.09,80.75,66.94,254.25,-0.37,-0.62,0.50,-0.06,-0.01,0.19,5.12,79.37,241.44,0.31,-0.13,0.19,3,3
1772045851.469346,3189995,0.03,-0.02,0.08,80.94,66.94,254.19,0.13,-0.62,-0.37,-0.09,0.01,0.16,5.12,79.37,241.44,0.19,0.13,0.00,3,3
1772045851.659832,3190186,0.02,0.12,0.05,80.75,67.00,254.25,0.81,1.37,-0.31,-0.05,-0.03,0.19,5.12,79.44,241.44,0.37,0.44,0.19,4,3
1772045851.851106,3190377,0.00,-0.09,0.13,80.00,66.69,253.62,-0.25,0.25,0.81,-0.06,-0.02,0.15,5.12,79.44,241.44,-0.13,-0.88,-0.19,4,3
1772045852.041419,3190567,-0.02,0.00,0.11,80.06,66.75,253.81,-1.81,0.13,-1.25,-0.05,-0.01,0.19,5.19,79.50,241.37,-0.06,-0.56,-0.25,4,3
1772045852.232000,3190758,-0.01,-0.01,0.10,80.31,66.75,253.94,-0.06,-1.00,0.56,-0.06,-0.06,0.17,5.19,79.50,241.37,0.00,0.06,-0.06,4,3
1772045852.422049,3190948,0.05,0.04,0.10,80.37,66.75,254.00,0.25,0.56,-1.87,-0.03,-0.05,0.21,5.56,79.56,241.31,1.00,0.69,0.94,3,2
1772045852.612687,3191139,0.09,0.00,0.13,80.12,66.81,253.87,1.37,0.13,1.06,-0.04,0.00,0.15,5.62,79.56,241.25,0.19,-0.31,-0.25,3,2
1772045852.803660,3191329,0.08,-0.04,0.18,79.94,66.69,253.87,-1.12,0.00,-1.00,-0.05,-0.03,0.21,5.69,79.56,241.31,-0.37,0.06,0.25,3,2
1772045852.994018,3191520,0.00,0.00,0.04,80.37,66.81,254.00,-0.37,0.50,0.56,-0.07,-0.03,0.19,5.69,79.56,241.31,-0.94,0.44,-0.19,2,2
1772045853.184749,3191710,0.00,-0.01,0.16,80.00,66.81,254.12,-0.81,-0.37,-0.69,0.02,-0.03,0.19,5.94,79.44,241.37,-1.37,-1.37,0.81,2,3
1772045853.374933,3191901,0.00,0.05,0.08,80.00,67.00,254.31,0.50,0.81,0.56,-0.07,-0.04,0.16,6.12,79.31,241.44,-0.44,0.62,0.44,2,3
1772045853.565721,3192092,0.05,0.07,0.14,79.94,67.00,254.31,-0.31,-0.13,0.06,-0.03,-0.05,0.14,6.25,79.19,241.37,0.19,-0.19,0.50,2,2
1772045853.756610,3192282,0.05,0.11,0.14,79.94,67.00,254.37,-0.62,0.69,-0.13,-0.03,-0.02,0.16,6.37,79.19,241.37,0.69,-0.50,-0.37,1,3
1772045853.946751,3192473,0.00,0.01,0.09,80.06,67.00,254.37,-0.25,-0.37,0.06,-0.11,0.03,0.06,6.31,79.12,241.25,0.13,0.13,-0.13,2,3
1772045854.137554,3192663,-0.04,-0.07,0.20,79.81,66.94,254.31,-0.62,2.31,1.00,-0.09,-0.01,0.12,5.31,78.94,241.50,-0.19,2.12,-1.87,2,3
1772045854.327344,3192853,-0.07,-0.02,0.03,79.81,66.94,254.37,1.81,-4.25,0.62,-0.05,-0.03,0.03,4.75,78.81,241.37,0.06,1.00,0.69,3,2
1772045854.518499,3193044,0.11,0.06,0.12,79.81,66.94,254.44,-2.44,1.37,-1.69,-0.04,0.03,0.13,4.94,79.00,241.44,0.56,-0.31,0.00,3,3
1772045854.709549,3193235,0.01,-0.06,0.10,80.31,66.87,254.25,-1.19,-0.81,1.56,-0.03,-0.03,0.11,4.87,78.94,241.44,-0.13,0.31,0.44,3,2
1772045854.900122,3193426,-0.01,0.00,0.02,80.81,67.00,254.31,-1.62,0.25,-2.00,-0.03,-0.01,0.14,5.31,79.06,241.37,0.00,-0.13,-0.13,3,3
1772045855.090064,3193616,0.04,0.01,0.08,80.50,67.12,254.62,2.06,0.75,0.50,-0.04,0.00,0.10,5.31,79.06,241.31,0.13,-0.56,0.37,3,2
1772045855.280271,3193806,0.00,-0.03,0.13,80.19,67.06,254.56,-2.69,-1.44,-1.25,-0.02,-0.02,0.11,5.69,79.19,241.31,-1.12,-0.81,0.37,3,2
1772045855.471386,3193997,0.02,0.04,0.01,80.50,67.31,255.06,0.69,-0.69,0.06,-0.05,-0.06,0.15,5.75,79.19,241.37,0.37,0.50,-0.25,3,2
1772045855.662491,3194188,0.02,-0.08,0.08,80.12,67.19,254.81,1.12,1.19,0.56,-0.06,-0.02,0.13,5.81,79.19,241.44,0.06,-0.06,-0.37,3,2
1772045855.853047,3194379,0.04,-0.01,0.10,79.44,67.25,255.00,1.94,-0.19,1.00,-0.04,-0.04,0.14,5.69,79.12,241.44,-0.06,-0.25,0.13,3,2
1772045856.043797,3194569,0.02,-0.06,0.07,79.81,67.12,254.81,-0.19,-0.62,-0.25,-0.05,-0.04,0.12,5.69,79.12,241.44,-0.44,-0.25,-0.06,3,2
1772045856.233653,3194760,0.04,0.03,0.07,79.94,67.25,255.00,1.44,0.37,0.37,-0.04,-0.06,0.13,5.69,79.12,241.44,0.25,0.50,-0.06,3,2
1772045856.424567,3194951,0.00,0.02,0.05,79.87,67.25,254.94,0.69,0.19,0.69,-0.04,-0.05,0.13,5.62,79.12,241.44,0.00,-1.00,0.06,2,2
1772045856.615694,3195142,-0.02,-0.05,0.10,80.06,67.19,255.00,-1.31,0.31,0.06,-0.06,-0.07,0.14,5.81,79.19,241.44,-0.31,0.37,0.50,3,2
1772045856.806015,3195332,0.02,0.02,-0.05,80.12,67.44,255.12,1.00,1.19,-1.44,-0.03,-0.07,0.14,6.37,79.12,241.31,-0.13,-0.62,0.19,3,2
1772045856.996077,3195522,-0.01,0.08,0.08,79.44,67.50,255.25,1.37,2.06,0.00,-0.02,-0.02,0.13,6.44,79.25,241.31,0.56,-0.19,-0.56,4,3
1772045857.186458,3195712,0.02,0.00,0.10,79.06,67.37,255.00,-0.06,-1.31,1.56,-0.06,-0.06,0.13,6.12,79.25,241.25,0.56,-0.37,-0.44,3,4
1772045857.377218,3195904,0.00,0.03,0.05,79.44,67.31,254.87,0.06,0.00,0.56,-0.06,-0.01,0.16,6.06,79.25,241.25,0.06,0.13,0.06,3,3
1772045857.568614,3196094,-0.04,-0.02,0.03,79.69,67.25,254.75,-0.62,-0.94,0.94,-0.06,-0.04,0.14,6.06,79.25,241.31,-0.31,-0.13,0.37,3,3
1772045857.758909,3196285,0.05,0.07,0.02,79.87,67.31,254.94,-0.31,-0.06,-1.06,-0.03,-0.02,0.20,6.12,79.25,241.31,0.06,0.25,0.31,4,3
1772045857.949668,3196476,0.00,-0.01,0.01,80.00,67.31,254.87,0.81,-0.75,0.19,-0.05,-0.07,0.14,6.12,79.25,241.31,-0.37,-0.94,-0.06,4,3
1772045858.140172,3196666,0.04,0.08,0.07,79.75,67.37,254.94,-0.31,1.19,0.37,-0.01,-0.04,0.17,6.19,79.31,241.37,0.44,-0.13,0.00,4,4
1772045858.331074,3196857,-0.05,-0.01,0.05,79.75,67.25,254.75,-0.94,0.00,0.31,-0.03,-0.06,0.15,6.19,79.37,241.37,-0.69,-0.50,-0.06,5,3
1772045858.521578,3197048,0.02,0.07,0.04,79.87,67.25,254.94,-0.94,0.37,-0.13,-0.04,-0.03,0.15,6.19,79.37,241.37,0.19,-0.13,-0.31,5,4
1772045858.711919,3197238,0.00,0.00,0.04,79.81,67.25,254.87,-0.13,0.31,0.31,-0.03,-0.01,0.14,6.19,79.37,241.37,0.06,0.25,-0.19,6,4
1772045858.902572,3197429,0.00,0.04,0.09,79.62,67.31,254.94,-0.75,0.13,-0.37,-0.03,-0.04,0.15,6.19,79.44,241.37,0.37,0.44,0.19,6,3
1772045859.093782,3197620,-0.03,-0.08,0.08,79.44,67.25,254.75,-0.75,0.00,0.06,-0.07,-0.02,0.16,6.19,79.44,241.37,-0.37,-0.06,-0.31,7,2
1772045859.284661,3197810,0.00,-0.01,0.05,79.50,67.25,254.81,-0.75,-0.56,-0.25,-0.02,0.00,0.16,6.19,79.44,241.37,-0.31,-0.06,-0.31,7,2
1772045859.475095,3198001,0.00,-0.04,0.08,79.50,67.25,254.81,-0.37,-0.19,0.25,-0.05,-0.02,0.17,6.19,79.44,241.37,-0.06,-0.13,-0.13,8,2
1772045859.665858,3198192,0.00,-0.06,0.11,79.62,67.25,254.81,-0.25,-0.37,-0.44,-0.05,-0.01,0.15,6.25,79.44,241.44,0.37,0.19,-0.31,7,3
1772045859.855249,3198381,0.01,-0.05,0.11,79.56,67.25,254.75,2.37,-0.19,0.94,-0.04,-0.05,0.19,6.25,79.44,241.44,0.31,-0.31,0.13,7,2
1772045860.045908,3198572,0.03,0.00,0.12,79.25,67.19,254.69,0.69,0.88,-0.62,-0.04,-0.03,0.17,6.19,79.44,241.44,0.19,-0.19,0.00,6,2
1772045860.237378,3198763,0.05,-0.02,0.12,79.00,67.25,254.75,0.94,0.25,0.13,-0.03,-0.01,0.17,6.19,79.44,241.44,0.37,0.19,-0.06,8,4
1772045860.428465,3198954,0.01,-0.02,0.07,79.06,67.25,254.69,-0.69,-0.06,-0.37,0.00,-0.02,0.19,6.19,79.44,241.44,-0.19,-0.13,-0.44,7,4
1772045860.619038,3199145,0.01,0.03,0.12,79.06,67.31,254.81,-0.13,0.50,0.44,-0.02,-0.01,0.17,6.19,79.50,241.44,0.25,0.06,-0.06,7,4
1772045860.809055,3199335,0.01,0.02,0.10,79.06,67.31,254.75,-1.31,0.00,-0.13,-0.05,-0.02,0.19,6.19,79.44,241.44,-0.44,-0.19,0.19,7,3
1772045860.999688,3199526,0.00,0.04,0.10,79.12,67.31,254.81,-0.62,0.37,-0.37,-0.05,-0.02,0.18,6.19,79.44,241.44,-0.06,-0.44,-0.19,7,4
1772045861.191475,3199717,-0.01,-0.04,0.12,79.00,67.25,254.75,-0.19,-0.13,0.62,-0.08,-0.04,0.17,6.19,79.44,241.44,-0.13,-0.13,0.00,7,3
1772045861.382190,3199908,0.05,-0.01,0.12,79.00,67.25,254.87,-0.69,1.19,-0.75,-0.04,-0.03,0.21,6.31,79.50,241.50,-0.13,0.13,-0.31,7,4
1772045861.573518,3200100,0.04,-0.03,0.16,78.87,67.25,254.81,1.31,-0.81,0.69,-0.05,-0.04,0.17,6.31,79.50,241.50,0.50,-0.19,-0.13,7,3
1772045861.764932,3200291,0.03,0.00,0.13,79.00,67.19,254.81,-0.31,-0.62,-0.69,-0.04,-0.02,0.18,6.31,79.50,241.50,0.31,-0.13,0.13,7,3
1772045861.956408,3200483,0.00,0.00,0.12,79.06,67.19,254.81,0.62,-0.44,0.81,-0.04,-0.03,0.18,6.31,79.50,241.50,0.19,0.31,0.00,9,6
1772045862.149298,3200676,0.04,0.05,0.12,79.12,67.12,254.81,-1.06,-0.13,-0.06,0.00,0.00,0.21,6.31,79.50,241.50,0.31,0.31,-0.13,9,5
1772045862.340193,3200867,0.01,0.08,0.11,79.12,67.12,254.81,-0.31,0.69,0.56,-0.03,-0.03,0.18,6.31,79.50,241.50,0.25,0.06,0.25,9,5
1772045862.532694,3201058,-0.02,0.04,0.05,79.19,67.06,254.75,-1.31,-0.25,-0.31,-0.04,-0.04,0.19,6.31,79.50,241.50,-0.25,-0.06,0.19,9,4
1772045862.723894,3201250,0.02,0.06,0.10,79.25,67.06,254.81,-0.75,0.56,-0.25,-0.03,-0.02,0.17,6.31,79.50,241.50,0.31,-0.31,-0.13,8,4
1772045862.915734,3201442,0.02,0.00,0.14,79.06,67.06,254.75,0.25,0.06,0.19,-0.05,-0.02,0.18,6.31,79.50,241.50,0.00,-0.06,0.00,8,4
1772045863.105908,3201632,0.01,0.00,0.10,79.12,67.06,254.81,0.31,-0.06,0.19,-0.09,0.00,0.17,6.31,79.56,241.50,0.31,0.13,-0.19,7,4
1772045863.299228,3201825,0.03,-0.01,0.13,79.12,67.06,254.75,1.69,-0.69,0.88,-0.04,-0.05,0.21,6.31,79.50,241.50,0.00,-0.31,-0.06,7,4
1772045863.490117,3202016,0.03,0.00,0.12,79.19,67.12,254.75,-0.13,-0.44,-0.94,-0.06,-0.02,0.19,6.37,79.50,241.56,0.06,-0.13,0.13,8,4
1772045863.683597,3202210,0.05,0.04,0.10,79.25,67.12,254.81,0.88,-0.06,1.12,-0.07,0.00,0.17,6.31,79.50,241.50,0.94,-0.44,-0.19,8,4
1772045863.875327,3202401,0.00,0.00,0.14,79.31,67.00,254.62,0.06,-0.25,-0.37,-0.09,0.03,0.13,6.25,79.44,241.50,-0.06,-0.56,0.06,5,2
1772045864.066288,3202593,0.08,0.03,0.16,79.31,67.06,254.62,0.25,0.25,0.44,-0.03,0.05,0.23,6.12,79.62,241.37,3.06,-1.44,-0.06,4,1
1772045864.255901,3202782,-0.02,0.03,0.00,79.56,66.87,253.81,4.56,-1.44,0.94,-0.05,0.00,0.15,5.25,79.69,240.69,4.87,-0.25,0.56,4,1
1772045864.444873,3202971,-0.01,0.08,0.23,77.56,66.81,253.00,5.19,4.75,-1.12,-0.01,-0.13,0.15,5.44,79.62,240.06,1.56,1.87,1.37,4,1
1772045864.637852,3203164,0.09,0.02,0.15,75.81,66.75,252.81,0.75,-1.50,2.62,-0.01,-0.06,0.15,5.69,79.50,239.87,-0.25,0.31,-0.56,4,1
1772045864.828904,3203355,-0.02,0.05,0.02,77.00,66.50,252.50,-1.06,-1.62,1.75,-0.03,0.00,0.07,5.19,79.44,240.00,-0.37,-0.81,-0.44,5,2
1772045865.019246,3203546,0.00,0.00,0.07,77.00,66.37,252.31,1.19,1.31,1.06,-0.04,0.01,0.08,5.12,79.37,240.00,0.06,0.50,-0.25,6,2
1772045865.210290,3203736,0.00,-0.04,0.12,76.62,66.25,252.19,0.81,-0.19,0.50,-0.03,0.00,0.08,5.06,79.37,240.00,-0.75,-0.13,0.19,5,2
1772045865.400895,3203927,0.03,0.06,0.10,76.56,66.31,252.37,-0.44,0.37,-0.56,-0.03,0.01,0.11,5.12,79.37,240.06,-0.13,0.13,0.13,5,2
1772045865.591780,3204118,0.00,0.00,0.07,76.56,66.31,252.37,-0.06,0.19,0.13,-0.01,-0.05,0.10,5.12,79.37,240.06,0.25,-0.37,0.25,5,2
1772045865.782110,3204308,0.04,0.04,0.09,76.56,66.37,252.50,0.00,0.69,-1.94,-0.06,0.03,0.10,5.19,79.44,240.06,0.37,-0.06,-0.44,5,2
1772045865.972753,3204499,0.04,-0.03,0.14,76.37,66.44,252.50,0.88,-0.69,0.31,-0.02,0.00,0.09,5.12,79.44,240.06,0.00,-0.19,-0.06,5,2
1772045866.163118,3204689,0.03,0.00,0.10,76.69,66.44,252.50,-1.06,-0.75,-0.56,-0.02,0.01,0.13,5.12,79.44,240.06,0.31,0.06,0.00,6,2
1772045866.353710,3204880,0.04,0.00,0.11,76.75,66.44,252.56,0.50,-0.37,1.12,-0.02,-0.01,0.14,5.12,79.44,240.06,0.19,0.00,0.00,5,2
1772045866.544354,3205071,0.00,0.04,0.03,76.94,66.44,252.56,-0.62,-0.81,0.25,0.03,0.00,0.14,5.19,79.50,240.06,-0.19,-1.06,0.19,6,2
1772045866.734755,3205261,0.00,0.02,0.09,76.87,66.44,252.56,0.75,-0.25,0.44,-0.02,0.05,0.09,5.19,79.50,240.06,-0.88,0.44,0.13,5,2
1772045866.925329,3205452,0.00,0.06,0.07,76.87,66.50,252.75,-1.12,0.13,-2.75,-0.02,0.03,0.16,5.75,79.50,240.00,1.56,0.31,1.94,5,2
1772045867.115757,3205642,-0.10,-0.28,0.05,76.50,66.81,252.81,-0.13,2.87,-4.37,-0.07,0.00,0.04,6.81,79.37,240.00,-4.75,-1.12,-0.56,6,2
1772045867.305598,3205832,0.28,-0.09,0.08,73.31,67.56,254.50,2.75,8.13,-6.44,0.10,-0.06,0.28,7.25,78.94,240.87,-5.50,2.69,-0.19,6,3
1772045867.497853,3206024,-0.27,0.11,0.06,71.56,68.50,256.19,-6.62,7.81,-4.12,-0.13,-0.03,-0.04,8.50,78.12,241.12,-2.56,1.50,-2.25,7,3
1772045867.688153,3206214,0.36,-0.02,-0.04,68.75,68.81,257.81,2.12,-1.44,-0.94,-0.14,0.03,0.05,8.50,77.56,241.62,-7.12,3.75,2.62,7,3
1772045867.878561,3206405,-0.41,0.09,-0.12,70.31,69.31,256.69,13.25,1.25,-5.37,-0.05,0.15,0.13,13.44,76.00,241.62,-6.06,8.63,9.38,8,3
1772045868.068489,3206595,0.28,-0.10,0.11,60.50,70.12,255.87,19.81,10.31,-7.94,0.12,0.11,0.00,15.81,75.12,240.94,0.06,0.13,-1.37,7,2
1772045868.258857,3206785,0.22,0.55,-0.04,55.81,69.56,255.50,1.50,-0.06,2.87,-0.07,-0.15,0.01,14.25,75.56,241.37,6.12,0.88,0.31,7,3
1772045868.450738,3206977,-0.15,-0.19,-0.05,56.38,69.25,254.06,2.62,-1.31,3.87,-0.05,0.09,0.11,10.75,76.87,241.75,2.81,-11.06,-7.75,6,2
1772045868.641262,3207167,-0.16,0.02,-0.09,56.38,68.69,253.62,4.69,6.06,1.00,-0.06,0.08,-0.01,7.25,78.00,242.00,0.19,-1.19,-0.56,6,2
1772045868.831454,3207358,0.05,-0.06,0.12,51.88,68.12,253.25,8.31,4.12,-3.81,-0.03,0.01,-0.01,8.19,77.81,241.56,0.56,0.69,0.88,7,3
1772045869.022575,3207549,0.19,0.15,0.24,49.38,67.94,253.12,2.75,-2.56,-1.69,-0.04,-0.02,0.01,8.38,77.94,241.62,0.06,-0.50,1.44,7,4
1772045869.213186,3207739,0.01,0.08,-0.11,48.94,69.19,252.81,4.81,-1.69,-4.50,0.01,0.00,0.08,10.13,77.56,241.00,-0.44,-0.19,-0.06,7,4
1772045869.404002,3207930,0.06,-0.07,0.10,47.44,69.37,252.62,-0.44,1.44,0.81,-0.02,0.03,0.06,10.25,77.69,241.12,-1.12,-1.25,-0.25,6,3
1772045869.594174,3208120,-0.05,0.12,0.04,48.00,69.62,252.87,-3.56,-1.50,-0.62,0.00,0.00,0.03,10.44,77.62,241.19,0.06,0.62,1.06,7,3
1772045869.784977,3208311,0.00,-0.06,-0.02,49.63,69.75,253.19,-5.87,-2.81,-0.37,-0.01,0.06,0.03,10.13,78.00,241.44,0.19,-0.44,-0.13,7,3
1772045869.975748,3208502,0.00,0.11,0.02,51.56,69.87,254.00,-4.44,0.56,-0.75,-0.03,0.02,0.08,10.56,78.00,241.37,1.00,0.44,0.75,8,4
