host_time_s,t_ms,ax1,ay1,az1,roll1,pitch1,yaw1,gx1,gy1,gz1,ax2,ay2,az2,roll2,pitch2,yaw2,gx2,gy2,gz2,emg1,emg2
1772043371.574045,708116,-0.11,-0.11,-0.12,29.56,68.12,258.37,-6.12,-4.87,0.88,0.11,0.09,0.09,39.94,83.00,119.94,-8.44,-0.94,-0.69,6,2
1772043371.575219,708307,-0.07,-0.05,0.07,31.44,68.50,259.25,-4.31,-2.62,0.06,-0.06,-0.14,-0.07,4.69,83.25,119.87,-2.81,-1.37,1.50,5,3
1772043371.575889,708498,-0.03,0.20,-0.04,32.00,69.19,260.44,-5.00,-2.81,1.00,0.05,0.00,-0.03,4.50,83.25,120.19,-0.56,-2.00,-1.12,5,3
1772043371.576518,708687,0.02,0.08,0.02,32.56,68.81,260.25,-0.25,0.81,-4.06,-0.02,-0.02,0.00,4.56,83.31,120.12,1.69,-0.31,0.25,4,3
1772043371.577167,708877,-0.11,0.08,0.01,32.44,68.81,260.37,-0.19,-2.06,0.69,0.01,-0.04,0.16,4.56,83.19,120.19,1.31,1.00,-0.62,4,3
1772043371.577764,709069,-0.03,0.00,0.00,33.50,69.00,260.00,2.56,-2.69,2.44,-0.01,-0.04,0.01,4.37,83.25,120.25,-1.12,0.19,-0.56,3,2
1772043371.578372,709260,0.11,0.00,0.10,33.06,68.69,259.69,3.62,2.87,-0.13,0.00,-0.05,0.10,4.37,83.25,120.25,1.44,0.13,0.25,3,2
1772043371.578905,709451,0.03,0.01,0.10,32.63,68.56,259.31,0.25,0.44,0.44,0.00,0.03,0.05,4.31,83.31,120.37,0.56,1.19,-0.69,3,2
1772043371.579558,709641,0.04,-0.14,0.09,33.00,68.37,258.69,2.62,-0.75,0.88,0.03,-0.07,0.09,4.31,83.19,120.31,-0.44,0.62,0.25,3,2
1772043371.580166,709831,0.02,0.12,0.01,33.25,68.69,258.81,-0.25,-1.81,-0.50,0.01,-0.04,0.01,39.50,83.12,120.12,2.50,0.13,1.12,3,2
1772043371.580671,710022,0.08,0.03,0.04,33.44,68.81,258.56,-0.88,0.31,0.81,-0.01,-0.01,0.10,39.38,83.12,120.06,2.50,0.50,-0.37,4,2
1772043371.746841,710213,0.04,-0.11,0.05,33.50,68.75,258.31,1.00,1.75,-0.62,0.00,0.02,0.08,39.06,83.06,119.87,-0.25,0.56,-0.69,4,2
1772043371.937302,710404,0.02,0.09,0.04,32.88,68.50,258.31,2.81,1.62,1.31,0.00,-0.01,0.13,38.44,83.06,119.87,1.62,1.44,0.94,4,2
1772043372.127278,710593,0.22,-0.13,0.25,33.06,68.44,257.69,0.13,-0.75,1.87,-0.06,0.00,0.12,38.38,83.00,119.81,-2.12,-1.25,-1.00,4,2
1772043372.319015,710785,-0.12,0.12,0.00,38.00,69.37,258.12,-12.13,-11.75,-0.31,0.03,-0.04,-0.01,4.19,83.19,119.94,-0.13,0.31,-0.62,5,2
1772043372.509628,710976,-0.20,0.17,-0.03,38.69,70.25,259.00,1.56,4.69,-1.56,0.01,0.04,0.30,36.94,83.12,120.06,0.37,-1.50,-0.50,5,2
1772043372.700172,711166,-0.25,-0.15,-0.07,38.06,69.94,258.69,0.88,-2.50,-1.06,0.01,-0.01,0.06,4.06,83.19,119.81,0.81,-2.62,1.12,5,2
1772043372.890560,711357,0.11,0.00,0.14,36.75,70.00,259.19,-1.37,1.37,-3.62,0.00,0.03,0.22,4.25,83.31,119.81,2.25,-1.37,0.62,6,2
1772043373.081728,711548,-0.13,0.11,-0.04,39.88,70.75,259.69,-9.25,-6.87,3.50,-0.02,-0.11,-0.07,4.19,83.56,119.62,-1.75,0.00,-1.81,6,2
1772043373.271167,711737,-0.13,-0.12,0.13,39.88,70.62,260.12,-5.94,0.62,-1.12,-0.07,0.02,0.13,3.62,84.19,121.25,-5.94,0.06,-3.75,6,2
1772043373.462572,711929,0.71,-0.03,0.39,43.44,70.94,261.56,-16.81,-19.81,11.13,0.05,0.00,0.00,3.06,84.12,122.06,-7.19,3.31,-4.81,5,2
1772043373.653250,712119,0.06,-0.11,0.09,54.63,71.50,261.31,-4.44,-3.19,4.56,-0.13,-0.04,-0.12,2.94,84.25,122.94,-1.37,-1.25,0.31,5,3
1772043373.844075,712310,-0.11,0.11,0.10,55.50,71.94,262.12,2.44,9.44,-6.00,-0.02,-0.10,0.03,3.06,84.50,123.25,-2.12,0.13,0.31,4,3
1772043374.033807,712500,-0.10,0.02,-0.01,51.75,72.19,263.62,-12.25,-5.00,-3.81,0.00,-0.10,0.08,3.19,84.25,123.31,0.31,1.69,-2.31,5,3
1772043374.224865,712691,0.00,0.15,-0.23,52.44,72.19,265.50,-7.69,7.06,2.37,0.02,-0.03,0.16,2.81,84.19,124.00,-1.06,-0.56,-0.69,4,3
1772043374.415679,712882,0.12,-0.02,0.31,50.75,70.81,266.06,-0.19,12.69,3.69,0.01,-0.03,0.01,2.81,84.25,124.06,0.31,0.56,-0.44,4,3
1772043374.606483,713073,0.06,0.08,0.22,47.50,70.06,266.31,2.87,-1.00,-0.81,0.05,-0.03,0.00,2.87,84.25,123.81,-0.75,-4.87,0.44,4,4
1772043374.796810,713263,0.00,0.07,0.15,47.81,70.37,265.87,0.62,-4.12,2.12,-0.04,-0.05,0.03,2.81,84.56,123.69,2.37,2.00,0.75,3,4
1772043374.986979,713453,0.33,-0.16,0.14,48.19,70.94,265.44,6.62,-0.19,-6.31,0.05,-0.03,0.18,3.00,84.00,123.31,0.88,2.00,-0.56,4,3
1772043375.178333,713644,-0.10,-0.02,-0.01,48.88,71.94,265.87,-5.12,-2.69,1.12,0.01,-0.05,0.11,2.94,84.00,123.19,0.00,-1.25,-1.06,3,3
1772043375.368822,713835,-0.08,0.01,-0.12,51.00,72.25,266.87,-7.44,-2.69,0.00,0.00,0.01,0.13,2.81,84.19,123.06,0.19,-1.62,-0.13,4,3
1772043375.559144,714025,-0.03,0.07,0.00,51.81,72.50,267.69,1.50,0.13,0.81,-0.03,0.00,0.04,2.81,84.19,123.12,-0.44,-0.31,0.19,4,2
1772043375.750103,714216,0.01,0.02,0.03,51.25,72.31,267.44,-0.13,1.06,-0.75,-0.02,-0.04,0.00,2.94,84.19,123.06,1.06,-0.13,1.19,5,2
1772043375.940653,714407,0.14,0.08,0.09,49.81,72.31,267.69,-0.25,3.12,-0.37,0.01,-0.10,-0.03,3.00,84.12,123.06,0.50,-0.75,0.19,4,2
1772043376.131240,714598,0.08,0.10,0.03,49.25,72.25,267.75,-0.88,0.19,-1.50,0.01,0.02,0.08,3.00,84.19,123.12,0.37,-0.31,-0.37,5,2
1772043376.321859,714788,-0.01,-0.10,0.09,49.31,72.00,267.25,3.00,0.56,0.44,-0.03,-0.02,-0.01,3.00,84.12,123.06,0.06,-0.56,0.25,5,2
1772043376.512191,714979,0.01,0.05,0.06,49.50,72.12,267.31,-2.25,-1.37,0.31,-0.01,0.00,0.07,2.94,84.06,123.25,0.81,-0.31,-0.25,6,3
1772043376.703044,715170,0.01,-0.05,0.01,50.50,72.25,267.12,0.25,-0.88,0.62,0.00,-0.05,0.01,2.94,84.12,123.06,7.37,2.31,-0.31,7,3
1772043376.893833,715360,0.02,-0.12,0.13,50.81,72.12,266.62,4.44,-1.31,7.50,0.00,-0.01,0.08,2.81,84.12,122.62,0.81,0.19,-0.75,7,3
1772043377.084885,715551,-0.14,-0.07,-0.01,54.69,71.50,265.25,-2.87,-5.75,4.50,0.00,-0.06,0.03,2.75,84.19,122.56,-1.06,-0.44,0.31,7,3
1772043377.275159,715742,0.19,-0.01,0.14,53.31,71.44,265.44,3.37,6.25,-4.81,0.01,0.00,0.10,2.81,84.06,122.75,0.06,-0.31,0.31,9,5
1772043377.465568,715932,0.03,-0.03,0.09,52.25,71.50,265.87,-3.37,-0.25,-1.06,0.02,-0.09,0.05,2.81,84.12,122.81,0.25,-1.87,0.25,10,5
1772043377.656462,716123,0.00,0.01,0.14,53.81,71.69,266.37,-5.69,-1.94,0.75,-0.04,0.00,0.00,2.94,84.19,123.06,-0.62,0.31,0.62,9,5
1772043377.847397,716313,-0.13,-0.01,-0.04,55.75,71.94,266.81,-2.94,-3.62,1.69,-0.01,-0.09,0.05,3.00,84.19,123.06,-1.00,0.13,0.13,10,5
1772043378.037772,716504,0.01,0.14,0.01,56.06,71.81,267.31,-3.56,1.56,-0.25,-0.02,-0.04,0.12,3.00,84.12,123.19,-0.37,-0.31,-0.50,10,5
1772043378.228156,716694,-0.04,0.09,0.02,56.81,71.75,267.31,-1.00,-2.44,1.81,0.01,-0.05,0.08,2.94,84.19,123.31,0.00,-0.75,-0.25,11,6
1772043378.418479,716885,-0.09,-0.02,0.03,58.56,71.37,267.00,-4.50,0.37,5.56,0.03,-0.04,0.07,2.81,84.19,123.37,-0.62,1.12,-0.13,9,4
1772043378.609560,717076,-0.30,-0.67,0.08,60.00,70.19,267.25,-23.50,5.00,7.44,-0.03,-0.05,0.02,2.94,84.06,123.31,-1.56,0.13,1.62,9,4
1772043378.800119,717267,0.30,0.46,0.21,61.75,67.56,272.25,-26.94,11.88,-2.69,0.03,-0.02,0.13,3.00,83.75,123.31,-1.31,0.94,-0.62,9,5
1772043378.990638,717457,0.08,0.32,-0.02,60.44,69.12,273.81,21.19,-16.87,-2.50,0.05,-0.03,0.13,3.12,83.62,123.25,0.19,-1.94,1.69,8,5
1772043379.181216,717647,-0.29,-0.19,-0.14,60.88,70.44,269.69,17.56,1.31,-1.37,0.00,-0.02,0.02,3.25,83.56,122.94,-0.37,1.75,-0.37,6,3
1772043379.371587,717838,-0.08,-0.16,0.12,55.19,71.06,267.87,14.25,-10.81,-4.87,0.00,-0.02,0.04,3.25,83.69,122.87,-1.56,-1.87,0.31,5,3
1772043379.562979,718029,-0.06,0.05,-0.02,57.00,71.56,267.37,-3.25,-0.56,-1.06,0.00,-0.04,0.03,3.25,83.75,122.94,-1.19,-0.75,-0.44,6,3
1772043379.753147,718220,0.10,-0.08,0.09,56.19,71.37,267.56,0.31,2.37,2.06,-0.02,-0.02,0.07,3.19,83.81,123.19,-0.44,-1.12,-0.62,5,3
1772043379.943688,718410,-0.02,-0.03,0.03,56.69,71.31,267.31,0.50,0.81,1.50,-0.01,-0.05,0.11,3.06,83.87,123.25,0.19,0.00,0.13,5,3
1772043380.134834,718601,-0.01,-0.07,0.03,56.75,71.19,267.12,-1.37,0.25,-0.19,0.00,-0.05,0.06,3.12,83.81,123.31,-1.06,-0.44,-0.31,4,2
1772043380.325023,718791,0.00,0.02,0.05,56.63,71.19,267.37,0.00,0.69,0.25,-0.01,-0.05,0.05,3.12,83.81,123.37,-0.06,0.19,-0.19,4,2
1772043380.515906,718982,-0.06,0.00,0.02,56.38,71.12,267.37,-0.44,0.50,0.81,0.00,-0.04,0.07,3.12,83.81,123.44,-0.62,-0.25,-0.25,4,2
1772043380.706312,719173,0.00,0.07,0.02,56.31,71.00,267.50,0.50,0.62,1.87,-0.03,-0.03,0.10,3.00,83.81,123.56,0.44,0.62,-0.62,4,1
1772043380.897310,719364,-0.02,-0.07,0.06,56.56,70.75,267.19,-1.00,0.81,1.25,-0.01,-0.02,0.05,2.87,83.81,123.62,0.50,1.81,-0.25,5,1
1772043381.087246,719554,0.03,-0.04,0.14,56.31,70.56,267.31,-0.94,1.37,0.50,-0.01,0.00,0.10,2.87,83.75,123.62,-0.62,0.44,-0.19,5,1
1772043381.277682,719744,-0.09,0.05,-0.02,57.31,70.75,267.50,-1.19,-3.19,0.56,-0.02,-0.01,0.11,2.87,83.69,123.62,-0.13,-0.13,0.19,6,1
1772043381.468743,719935,-0.01,0.00,0.06,57.75,70.81,267.44,0.81,-1.69,0.44,0.03,-0.04,0.10,2.94,83.56,123.56,0.81,0.94,0.94,5,1
1772043381.660013,720126,-0.03,-0.05,0.01,58.13,70.94,267.25,-0.37,-0.88,-0.62,-0.03,-0.02,0.11,3.06,83.50,123.44,0.06,-0.06,0.44,6,1
1772043381.850288,720317,-0.01,0.00,0.02,58.38,71.00,267.31,0.37,-0.25,0.50,0.00,0.00,0.17,3.06,83.44,123.44,0.31,0.19,0.13,7,3
1772043382.041668,720508,-0.05,-0.04,0.05,58.81,71.12,267.25,-0.44,-0.69,-0.25,0.00,-0.06,0.13,3.00,83.50,123.37,-0.81,-2.37,-0.31,7,3
1772043382.231902,720699,-0.02,0.02,0.01,59.00,71.25,267.31,0.00,-1.06,-0.13,-0.04,0.00,0.14,3.00,83.56,123.25,0.56,0.44,0.44,7,3
1772043382.423048,720889,0.00,-0.06,-0.08,58.81,71.31,267.06,1.25,1.19,-0.19,-0.01,-0.03,0.19,3.06,83.50,123.19,0.37,0.94,0.62,7,3
1772043382.613558,721080,0.09,-0.21,0.02,58.50,72.00,266.44,10.56,-2.25,-1.06,-0.04,-0.05,0.17,3.12,83.37,122.94,1.44,0.25,0.69,7,5
1772043382.804338,721271,-0.03,0.21,0.05,61.00,72.50,265.69,8.88,-12.25,-6.69,0.09,-0.02,0.19,3.00,83.62,123.12,-1.12,-0.44,-0.88,6,5
1772043382.993650,721460,0.06,0.08,0.04,59.63,73.37,265.19,-4.00,5.81,4.25,0.01,-0.05,0.09,3.00,83.56,123.12,-0.62,-0.31,0.00,6,6
1772043383.183455,721650,-0.01,0.01,0.03,59.00,72.12,264.62,-1.00,1.44,4.44,0.00,-0.03,0.15,3.00,83.56,123.12,0.06,0.00,0.00,6,6
1772043383.375240,721842,0.00,-0.12,0.11,58.31,71.62,264.31,0.81,8.06,-1.25,0.00,0.00,0.14,3.06,83.81,123.50,-1.69,-1.44,0.00,5,7
1772043383.566582,722033,-0.08,0.08,0.02,55.69,71.37,265.00,0.06,4.31,-1.06,0.00,-0.07,0.07,3.06,83.81,123.56,-0.44,-0.37,-0.81,4,7
1772043383.757219,722224,-0.03,0.03,0.09,54.50,71.06,265.19,-0.50,0.75,0.62,-0.01,-0.05,0.15,3.00,83.81,123.62,0.56,0.75,0.00,3,5
1772043383.946673,722413,-0.07,-0.03,0.00,54.69,71.00,265.06,-0.37,-1.31,0.75,0.00,-0.03,0.15,3.06,83.69,123.56,0.50,0.44,0.44,3,5
1772043384.136537,722603,0.00,0.21,0.15,55.13,71.37,265.06,3.69,-6.44,-1.50,-0.12,0.00,0.00,3.00,83.44,123.00,3.31,-1.94,0.00,3,5
1772043384.328631,722795,-0.11,-0.15,-0.11,56.56,71.31,262.94,7.56,1.12,6.19,0.02,-0.08,0.21,3.12,83.44,122.56,0.37,0.88,0.37,4,6
1772043384.519657,722987,0.02,0.13,0.01,55.50,70.50,262.12,2.25,2.44,0.37,0.10,0.05,0.10,3.00,83.56,122.69,0.94,-0.13,-1.06,4,4
1772043384.711081,723178,0.22,-0.28,0.45,55.19,70.06,261.12,5.44,-6.37,1.50,0.08,-0.03,0.18,3.00,83.75,122.31,1.12,-0.19,0.50,4,3
1772043384.900754,723367,-0.19,-0.05,-0.03,57.13,70.62,261.06,-2.06,2.87,-2.31,0.06,-0.05,0.03,3.06,83.87,122.69,-5.31,-0.62,0.44,7,6
1772043385.089986,723557,0.11,0.10,0.11,55.19,70.94,262.81,-5.87,1.69,-6.12,0.06,-0.07,0.12,3.19,83.81,123.00,-2.00,1.62,0.19,7,6
1772043385.281808,723749,0.10,0.18,0.10,54.56,71.62,264.37,-3.25,1.81,-2.50,0.00,0.02,0.04,3.19,83.75,123.06,1.19,0.50,0.37,8,4
1772043385.474547,723941,-0.08,-0.02,-0.05,54.88,71.81,264.44,-1.00,-0.25,0.69,0.00,-0.06,0.10,3.19,83.69,123.06,-1.37,0.31,0.69,8,4
1772043385.665786,724132,0.00,0.03,0.02,54.50,71.81,264.75,-1.31,0.88,-1.94,0.01,-0.05,0.08,3.31,83.69,123.12,-0.25,-0.75,0.31,8,6
1772043385.856204,724323,-0.02,0.08,-0.02,54.13,71.81,265.00,-0.37,-0.44,0.75,0.03,-0.13,0.14,3.25,83.69,123.19,-0.62,-0.88,-0.94,8,6
1772043386.046003,724513,0.00,0.06,0.02,53.75,71.56,264.94,-0.81,1.81,1.31,0.01,-0.05,0.07,3.19,83.81,123.31,-1.44,-0.75,0.00,9,6
1772043386.239138,724706,-0.17,0.01,-0.04,54.31,71.44,264.75,-0.94,-2.87,-0.13,0.00,-0.03,0.06,3.25,83.87,123.25,-1.12,0.06,0.50,8,6
1772043386.431274,724898,0.00,0.06,-0.06,54.75,71.50,265.12,-0.56,1.44,-1.50,-0.01,0.09,0.27,3.44,83.81,123.31,-1.31,0.00,2.94,7,6
1772043386.620572,725087,0.09,-0.25,0.18,54.00,72.31,264.56,8.19,-0.31,-8.75,-0.02,-0.23,0.11,4.50,83.37,121.69,0.88,-0.19,5.31,6,6
1772043386.809962,725277,0.01,0.25,-0.01,52.50,73.75,265.62,2.62,-1.50,-3.44,-0.04,0.01,0.06,4.94,83.31,121.94,-3.06,-0.31,3.00,4,4
1772043387.000931,725468,-0.08,0.03,0.00,51.25,74.06,265.19,4.62,-1.69,-3.25,-0.02,-0.24,0.00,52.00,82.75,121.19,0.94,-0.25,2.12,3,3
1772043387.193933,725661,-0.05,0.15,0.05,50.06,74.31,265.56,-3.19,2.37,1.44,0.00,-0.07,0.04,52.19,82.69,121.37,-1.25,1.12,-1.56,3,4
1772043387.385319,725852,-0.07,-0.04,-0.01,50.94,74.06,265.56,-0.88,0.00,2.19,-0.01,0.00,0.24,50.75,82.69,121.50,2.75,2.25,0.06,4,4
1772043387.574333,726041,-0.04,0.06,-0.02,53.44,73.87,265.12,1.50,-1.12,4.56,0.00,0.00,0.06,48.25,82.75,121.62,0.00,0.44,-1.44,3,3
1772043387.764519,726231,0.09,-0.12,0.07,53.94,73.37,264.25,0.06,0.62,-0.31,0.00,-0.07,0.05,47.38,82.81,121.62,0.56,-0.62,-0.19,4,2
1772043387.957067,726424,-0.09,0.06,-0.05,54.63,73.56,264.56,-1.94,-1.00,-0.25,0.03,-0.05,0.12,47.25,82.81,121.75,-0.13,0.56,-0.94,4,2
1772043388.147981,726615,0.03,0.01,0.04,54.88,73.50,264.69,-0.06,-0.50,0.19,0.00,0.00,0.07,46.25,82.94,121.87,0.13,-0.37,-1.31,3,2
1772043388.339088,726806,0.00,-0.02,0.00,55.50,73.37,264.56,0.37,0.31,0.50,0.00,-0.01,0.07,45.25,83.00,122.00,0.06,-0.62,-0.81,4,2
1772043388.530288,726997,0.00,0.05,-0.01,55.44,73.19,264.62,-1.00,0.19,0.13,0.01,0.00,0.07,45.19,83.06,122.06,-0.31,0.13,-0.50,6,3
1772043388.721423,727188,0.01,0.02,0.02,55.44,73.12,264.62,-0.62,-0.44,0.88,0.01,-0.07,0.01,44.94,83.12,122.12,-0.75,-1.00,-1.06,7,4
1772043388.912326,727379,0.00,0.04,0.00,55.75,73.06,264.62,-0.81,0.13,1.12,0.00,0.02,0.10,4.75,83.19,122.19,0.88,-0.44,0.56,8,4
1772043389.102575,727569,0.03,0.03,0.07,55.88,73.06,264.56,-2.94,0.94,-0.25,-0.01,0.00,0.05,4.75,83.19,122.25,-0.88,-0.06,-0.31,8,4
1772043389.293129,727760,0.00,0.07,0.00,56.31,73.12,264.69,-0.69,-1.56,-0.06,0.00,-0.05,0.06,4.75,83.19,122.25,0.37,0.00,0.06,7,4
1772043389.484159,727951,0.00,0.04,-0.07,57.06,73.19,264.69,-0.75,-0.62,1.50,0.00,0.02,0.04,4.69,83.25,122.37,0.62,0.25,-0.50,7,3
1772043389.674781,728141,0.00,-0.02,0.05,57.06,72.87,264.44,1.62,0.37,1.75,-0.01,-0.01,0.10,4.56,83.31,122.44,-0.06,-0.13,-0.50,6,3
1772043389.865327,728332,-0.01,0.02,0.00,57.31,72.87,264.44,-0.50,-0.13,0.31,0.00,0.01,0.11,4.56,83.31,122.50,-0.25,0.06,0.06,7,3
1772043390.055620,728522,-0.02,0.02,0.05,56.94,72.81,264.50,-0.13,1.56,0.25,-0.04,-0.03,0.04,4.56,83.37,122.56,-1.44,0.44,-0.81,7,3
1772043390.246097,728713,-0.02,-0.05,0.01,56.94,72.69,264.69,-1.25,-0.50,-0.31,0.00,0.09,0.21,4.50,83.44,122.87,0.69,0.19,-0.19,7,3
1772043390.436645,728903,-0.02,-0.05,0.00,57.31,72.69,264.75,0.13,0.00,1.81,-0.01,0.07,0.14,4.37,83.44,122.94,-0.25,0.50,-0.94,6,2
1772043390.627057,729094,0.02,0.05,0.05,57.75,72.19,264.75,-1.37,1.75,0.62,0.00,0.00,0.03,4.37,83.44,122.94,-0.19,-0.44,1.12,6,1
1772043390.817641,729284,0.00,0.13,0.00,57.50,72.37,264.94,-1.44,0.06,-1.12,0.05,-0.05,0.15,4.50,83.31,122.87,-0.13,0.25,0.13,6,2
1772043391.008090,729475,-0.02,0.12,0.00,57.50,72.37,264.94,0.19,0.56,-0.81,-0.03,0.06,0.00,4.50,83.37,122.75,1.69,-1.06,-0.56,6,2
1772043391.198787,729665,-0.03,-0.14,0.10,57.31,72.12,264.50,2.06,-0.56,1.31,0.01,0.00,0.11,4.50,83.31,122.62,-0.31,0.31,-0.25,7,2
1772043391.389316,729856,-0.11,0.05,0.02,58.38,72.12,264.56,-4.50,-0.94,2.50,-0.02,-0.01,0.06,4.50,83.31,122.62,-0.06,0.25,0.62,7,2
1772043391.579771,730047,-0.03,0.00,0.02,57.94,71.94,264.62,1.62,-0.13,-0.56,-0.01,0.00,0.10,4.56,83.25,122.62,0.13,0.25,0.19,8,2
1772043391.770778,730237,-0.10,-0.02,0.06,57.81,71.94,264.62,0.44,0.62,-1.06,-0.01,0.04,0.17,4.56,83.31,122.62,0.69,0.25,0.62,7,2
1772043391.961098,730428,0.07,0.01,0.17,57.44,72.12,264.81,0.56,0.44,-0.37,-0.02,-0.02,0.09,4.56,83.31,122.62,-0.44,0.69,-1.25,7,2
1772043392.151536,730619,0.00,0.04,0.03,57.69,72.12,264.81,2.37,-1.69,0.06,0.00,-0.04,0.09,4.56,83.31,122.56,0.44,-0.06,0.62,7,2
1772043392.342395,730809,0.00,0.04,0.00,57.88,72.12,264.56,0.44,-0.25,1.00,0.00,-0.04,0.11,4.56,83.31,122.56,0.06,-0.13,-0.69,6,2
1772043392.532985,731000,-0.03,-0.05,0.01,58.13,72.00,264.31,1.50,1.62,1.50,-0.04,-0.04,0.07,4.44,83.37,122.69,0.00,-0.25,0.00,6,2
1772043392.723747,731191,0.02,0.00,0.05,57.50,71.87,264.37,0.69,0.13,0.31,-0.04,-0.02,0.09,4.44,83.44,122.69,-0.06,-0.69,0.00,6,1
1772043392.914201,731381,0.01,0.16,0.02,57.56,71.87,264.37,0.06,-0.56,0.25,0.00,0.00,0.11,4.50,83.37,122.62,-0.56,-0.06,1.25,6,2
1772043393.105167,731572,-0.10,-0.18,0.02,58.38,71.94,263.37,1.12,-1.69,1.25,0.07,-0.05,0.11,4.56,83.31,122.56,-0.75,0.06,-0.81,8,3
1772043393.295702,731763,0.01,0.19,0.01,58.38,71.87,263.62,0.19,2.25,-0.75,0.04,-0.13,0.17,4.50,83.31,122.75,-0.88,-0.75,0.06,8,3
1772043393.486451,731953,0.00,0.14,-0.02,58.44,72.00,263.87,-1.50,0.81,-0.50,0.00,0.01,0.11,4.50,83.31,122.75,-0.13,-0.44,-0.06,8,3
1772043393.677091,732144,-0.01,0.02,0.01,58.19,72.00,263.94,-0.44,0.13,-0.13,0.00,-0.04,0.13,4.50,83.25,122.75,0.06,-0.25,0.37,8,3
1772043393.867764,732334,0.01,0.07,0.06,57.94,72.00,264.06,-1.31,0.81,-0.44,-0.01,0.00,0.06,4.50,83.25,122.75,-0.44,-0.19,-0.25,8,3
1772043394.058265,732525,-0.05,0.09,0.00,57.94,72.06,264.12,-0.37,-0.69,0.37,-0.09,0.08,0.03,4.50,83.25,122.69,-0.50,-0.50,-0.56,7,4
1772043394.248939,732716,-0.01,0.07,0.04,57.81,72.00,264.12,-0.75,0.75,-0.50,-0.02,0.03,0.07,4.50,83.25,122.75,-0.25,0.13,-0.31,7,4
1772043394.439467,732906,0.00,0.00,0.02,57.81,71.87,264.12,-0.37,-0.37,-0.06,0.00,0.03,0.04,4.50,83.25,122.75,0.00,-0.56,-0.25,7,3
1772043394.630794,733097,-0.05,-0.01,-0.01,57.81,71.87,264.19,-0.62,-0.13,-1.75,0.00,0.01,0.09,4.56,83.19,122.75,-0.19,-0.25,0.62,7,4
1772043394.821025,733288,0.00,0.04,0.04,57.69,72.06,264.44,0.06,-2.19,0.31,-0.02,-0.01,0.03,4.56,83.19,122.75,1.06,-0.69,0.25,7,4
1772043395.011255,733478,0.02,-0.03,0.13,57.69,72.06,264.31,1.56,1.56,0.81,-0.04,-0.02,0.03,4.56,83.25,122.62,0.56,0.56,0.31,5,2
1772043395.200975,733668,0.22,0.04,0.10,56.69,72.06,264.50,2.69,3.62,-0.37,0.03,-0.07,0.19,41.19,83.06,122.50,1.25,1.00,0.50,5,2
1772043395.392547,733859,-0.09,0.01,-0.03,57.56,72.06,264.31,-2.75,-2.81,-0.37,0.00,0.00,0.08,41.63,83.06,122.56,-1.06,-1.00,0.06,4,2
1772043395.583267,734050,0.00,0.11,-0.01,58.63,72.25,264.37,1.50,-1.12,0.13,0.00,-0.03,0.13,4.50,83.12,122.56,0.69,-0.69,-0.31,4,3
1772043395.774251,734241,-0.03,0.09,0.04,57.88,72.00,264.00,2.25,3.44,1.19,0.04,-0.05,0.04,4.37,83.25,122.62,-0.50,-1.81,-0.62,4,3
1772043395.964681,734432,0.15,-0.03,0.21,54.94,71.56,263.50,4.06,2.75,0.44,0.04,-0.06,0.04,4.37,83.37,122.50,0.88,-1.44,0.00,5,3
1772043396.155154,734622,-0.01,0.07,0.04,54.56,71.31,263.06,1.94,0.88,1.87,0.01,-0.01,0.08,4.25,83.50,122.62,0.75,-0.19,0.06,5,2
1772043396.346112,734813,-0.01,0.08,0.03,54.63,71.25,262.50,3.75,-1.31,-0.31,0.01,-0.01,0.09,4.25,83.50,122.56,0.19,0.37,-0.25,7,3
1772043396.536597,735004,0.00,0.09,0.09,54.56,71.31,261.81,3.19,-1.75,1.44,-0.01,-0.12,0.10,4.12,83.62,122.44,1.87,0.00,-1.75,6,3
1772043396.727579,735194,-0.02,0.15,-0.03,55.19,71.25,260.94,3.56,-0.81,2.12,0.03,0.14,0.02,3.75,84.00,122.94,1.19,-0.94,-1.50,6,3
1772043396.917736,735385,0.08,-0.09,0.23,54.31,70.50,259.31,10.25,1.37,2.37,0.01,-0.04,0.08,3.69,84.00,122.12,3.94,1.25,1.81,5,3
1772043397.109045,735576,-0.04,-0.05,-0.02,54.06,70.31,258.37,-3.81,-3.94,-1.62,-0.04,0.03,0.07,3.94,83.75,121.94,-1.00,-0.06,0.62,6,3
1772043397.299336,735766,-0.04,0.10,-0.05,55.13,70.81,259.25,-2.75,-0.56,-2.75,-0.01,-0.05,0.05,4.00,83.75,122.06,-1.00,0.19,0.06,6,3
1772043397.489949,735957,0.12,0.16,0.14,53.81,71.00,259.87,0.56,0.00,-0.13,0.00,-0.03,0.02,4.00,83.81,122.00,1.44,-0.19,0.13,7,2
1772043397.680906,736147,-0.06,-0.01,0.00,54.63,71.06,259.69,-1.87,-0.06,0.50,0.00,-0.01,0.04,3.94,83.81,122.12,-1.19,-0.37,-0.88,7,2
1772043397.871235,736338,0.00,0.01,0.03,55.06,71.06,260.00,-1.75,-0.69,-0.13,0.02,0.02,0.05,3.94,83.87,122.31,-1.00,0.19,-0.50,7,1
1772043398.061643,736529,0.01,0.07,0.03,55.63,71.06,260.31,-2.69,-0.06,0.62,0.07,0.02,0.13,3.94,83.87,122.44,0.00,0.25,-0.25,8,2
1772043398.252326,736719,0.00,0.08,0.03,55.94,71.12,260.50,-1.37,-0.44,-0.94,-0.03,0.04,0.04,3.94,83.87,122.50,-0.25,-0.06,-0.25,6,2
1772043398.443582,736910,-0.01,-0.02,0.01,55.94,71.19,260.62,0.31,-0.13,-0.31,-0.03,0.00,0.11,3.94,83.87,122.50,-0.19,-0.75,0.37,7,1
1772043398.634294,737101,0.08,0.03,-0.01,55.81,71.19,260.69,-1.31,-0.56,-2.75,0.00,-0.01,-0.01,4.12,83.81,122.37,-0.13,-1.37,0.94,7,1
1772043398.824469,737291,0.11,0.03,0.10,55.06,71.37,261.06,-0.69,0.00,1.25,-0.04,0.00,0.08,4.19,83.81,122.31,1.12,0.50,-0.06,7,1
1772043399.014777,737482,-0.04,-0.01,0.00,56.25,71.50,260.94,0.44,-1.00,-0.13,0.02,0.02,0.08,4.19,83.75,122.12,1.25,1.31,-0.13,7,2
1772043399.203991,737671,0.03,0.10,0.05,56.06,71.50,260.87,1.87,0.06,0.81,-0.03,0.01,0.08,4.19,83.62,121.94,1.62,0.75,0.00,6,1
1772043399.396293,737863,-0.03,0.00,0.01,56.25,71.56,260.56,-0.44,-0.94,-0.06,-0.01,-0.01,0.10,4.19,83.62,121.81,-0.06,-0.13,0.25,6,1
1772043399.587220,738054,0.05,0.06,0.01,56.06,71.69,260.81,-1.25,1.19,-0.75,-0.06,0.07,0.06,4.19,83.62,121.81,-1.00,-2.56,-0.56,5,2
1772043399.777652,738244,-0.01,-0.03,-0.01,55.94,71.62,260.81,0.06,1.62,0.13,0.00,0.08,0.10,4.12,83.75,121.87,-1.44,-0.56,0.00,5,2
1772043399.968194,738435,-0.05,0.03,0.08,55.25,71.50,260.87,0.44,0.69,-1.06,0.00,0.02,0.08,4.12,83.75,121.87,-0.37,0.13,-0.19,5,2
1772043400.158676,738626,0.00,0.04,0.04,55.19,71.50,260.94,0.19,0.06,-1.00,0.00,-0.01,0.04,4.12,83.75,121.94,-0.06,0.19,0.81,5,1
1772043400.349317,738817,0.05,0.06,0.10,54.94,71.56,261.12,-0.56,0.06,-0.62,-0.01,0.01,0.09,4.19,83.69,121.94,0.00,0.00,0.00,5,2
1772043400.540123,739007,-0.03,0.00,0.02,55.25,71.56,261.06,0.50,0.31,0.13,-0.01,0.01,0.08,4.19,83.75,121.94,0.13,0.44,-0.06,4,2
1772043400.730681,739198,-0.01,0.04,0.05,55.00,71.50,261.00,1.31,-0.25,0.81,0.00,-0.02,0.12,4.19,83.75,121.94,-0.50,-0.37,0.31,4,2
1772043400.921292,739388,-0.02,0.08,0.00,55.00,71.44,261.00,0.00,0.81,-0.31,0.00,-0.02,0.10,4.19,83.75,121.94,-0.56,-0.44,0.44,4,2
1772043401.111381,739578,0.02,0.09,0.01,54.13,71.31,261.12,1.12,2.56,-0.31,0.00,-0.02,0.13,4.19,83.75,121.94,-0.31,-0.88,0.19,4,2
1772043401.302117,739769,-0.10,0.21,-0.03,52.94,71.12,261.12,2.31,3.94,-1.19,-0.01,-0.01,0.09,4.19,83.81,122.00,0.19,-0.06,0.13,4,2
1772043401.493199,739960,0.08,-0.01,0.13,50.44,70.50,260.81,1.56,0.00,2.12,-0.01,-0.10,0.07,4.19,83.81,121.94,0.00,-1.25,0.31,4,2
1772043401.683657,740151,-0.02,0.16,0.03,50.38,70.44,260.56,2.19,1.94,0.25,-0.01,-0.04,0.09,4.25,83.81,121.94,-0.37,0.06,0.44,4,2
1772043401.874462,740341,-0.20,0.05,0.10,49.13,70.31,259.87,4.00,-2.44,-0.06,0.00,-0.05,0.11,4.25,83.81,121.94,0.37,0.13,-0.50,3,3
1772043402.064894,740532,-0.04,0.10,0.00,49.19,70.37,259.69,-0.69,1.44,-0.13,0.00,-0.11,0.13,4.12,83.81,122.06,-1.00,-1.06,-0.50,3,4
1772043402.255042,740722,0.00,0.09,0.13,49.81,70.62,260.00,-4.12,-4.25,-0.88,0.01,0.00,0.08,4.12,83.94,122.12,0.06,0.19,-0.25,3,4
1772043402.446229,740913,-0.05,0.10,0.03,52.13,71.12,260.06,0.75,-4.50,0.44,0.00,-0.04,0.12,4.12,83.87,122.06,-0.25,0.19,0.56,3,3
1772043402.637303,741104,-0.01,0.09,0.03,53.38,71.62,260.06,-1.62,-1.81,-1.56,-0.01,-0.02,0.02,4.19,83.81,122.06,-0.56,-0.19,-0.06,4,4
1772043402.827810,741295,-0.05,0.09,0.14,53.94,71.94,260.44,-1.37,-0.75,-1.00,0.03,-0.05,0.14,4.19,83.75,122.19,-0.37,2.25,-0.37,5,4
1772043403.017909,741485,-0.01,0.09,0.11,54.44,72.12,260.75,-1.56,-1.75,-0.25,0.00,-0.01,0.10,4.19,83.69,122.31,-1.25,1.19,0.25,4,4
1772043403.207818,741675,0.02,0.16,0.06,55.56,72.31,261.06,-2.19,-2.44,-1.06,0.00,-0.04,0.13,4.19,83.56,122.37,0.88,1.00,1.12,5,4
1772043403.399539,741866,-0.02,0.03,0.08,56.81,72.69,261.00,-1.56,-6.31,-1.19,0.00,-0.06,0.10,4.44,83.19,122.06,-0.37,0.62,0.62,5,4
1772043403.590432,742057,-0.06,0.09,-0.04,59.44,73.50,261.50,-1.50,-5.00,-1.94,-0.05,0.02,0.08,4.50,83.19,122.00,0.62,-1.25,0.44,6,4
1772043403.781278,742248,0.03,0.15,0.09,61.38,74.00,261.81,-2.12,-2.62,-1.25,-0.03,-0.04,0.10,4.50,83.19,121.94,0.50,0.00,-0.25,6,2
1772043403.970971,742438,-0.01,0.09,0.04,64.12,74.37,262.00,-1.37,-3.62,-0.50,-0.03,-0.14,0.22,4.50,83.19,121.81,0.81,-1.19,0.94,7,2
1772043404.161326,742628,-0.13,0.28,-0.08,68.44,75.25,262.87,-6.06,-9.31,-3.25,0.00,-0.02,-0.02,45.44,83.00,121.25,-0.37,-0.25,3.25,7,2
1772043404.352768,742820,0.07,0.29,0.02,68.50,75.94,263.87,0.69,3.37,-1.12,-0.02,-0.05,0.10,45.38,82.75,121.25,-0.81,0.19,-1.44,7,2
1772043404.543553,743011,-0.03,0.10,0.02,65.00,75.69,263.12,8.94,6.87,2.12,0.01,-0.05,0.15,44.44,82.69,121.31,0.31,0.81,0.13,7,2
1772043404.734593,743202,-0.04,-0.02,0.06,60.56,74.81,261.75,5.69,6.75,0.75,0.00,-0.09,0.05,45.00,82.62,121.31,-0.62,0.13,1.06,6,2
1772043404.923997,743391,-0.08,0.12,0.00,55.69,74.31,261.50,2.12,5.50,-1.25,0.05,-0.06,0.09,45.31,82.56,121.44,-1.37,-0.13,0.37,7,3
1772043405.114132,743581,0.04,0.03,0.18,53.00,73.94,261.81,-3.37,0.44,-1.37,0.01,-0.14,0.06,46.81,82.69,121.69,-3.25,-2.19,0.13,6,4
1772043405.305793,743773,0.01,0.19,0.05,52.69,74.19,262.69,-2.06,0.25,-1.12,0.01,-0.05,0.10,47.69,82.69,121.81,0.19,0.88,0.31,6,4
1772043405.497336,743964,0.00,-0.02,0.02,53.00,74.25,262.69,-1.50,-0.19,1.12,-0.02,-0.10,0.10,47.31,82.62,121.94,-1.69,0.94,-0.44,5,4
1772043405.688978,744156,-0.03,0.08,0.04,53.31,74.25,263.00,-0.94,0.37,-0.44,-0.04,-0.09,0.13,47.31,82.62,122.12,-0.62,0.62,0.06,5,4
1772043405.879201,744346,-0.05,0.10,0.03,53.75,74.31,263.19,-1.94,-0.88,0.81,0.00,-0.08,0.09,46.81,82.62,122.31,-0.81,-0.19,-0.13,4,4
1772043406.069490,744537,0.03,0.08,0.05,54.00,74.31,263.25,0.62,-1.12,1.19,0.01,-0.14,0.13,46.06,82.56,122.37,0.56,1.31,0.06,4,4
1772043406.262204,744729,-0.06,0.05,0.00,54.94,74.44,263.12,-1.19,-1.19,-0.25,-0.01,-0.06,0.15,46.00,82.56,122.44,-1.44,0.19,0.25,4,4
1772043406.453475,744921,-0.05,0.12,0.01,55.44,74.62,263.37,0.50,-1.19,0.62,0.00,-0.05,0.23,46.19,82.50,122.50,-1.50,0.75,0.75,5,4
1772043406.646023,745113,-0.03,-0.01,0.00,55.88,74.69,263.37,0.81,0.19,-0.06,-0.03,-0.06,0.13,46.94,82.44,122.44,-0.44,-0.50,0.81,5,4
1772043406.837596,745305,0.02,0.19,-0.03,55.94,74.94,263.69,0.56,-1.00,0.81,-0.01,-0.13,0.20,46.38,82.31,122.31,0.62,0.56,-0.06,4,2
1772043407.028240,745495,-0.22,0.29,-0.27,58.06,74.87,262.94,4.87,-1.44,2.94,0.04,-0.07,0.08,46.13,82.37,122.12,0.75,0.81,-0.75,4,2
1772043407.219588,745687,0.21,-0.05,0.40,52.63,73.75,260.81,16.44,3.94,2.56,0.00,-0.07,0.12,44.25,82.19,121.75,3.37,-1.44,-0.44,4,3
1772043407.411430,745878,-0.22,-0.19,0.01,52.88,73.44,258.69,0.50,-1.12,1.75,0.07,-0.05,0.07,44.25,82.31,121.62,-2.06,-1.25,-0.31,4,3
1772043407.603419,746071,0.14,0.17,0.05,52.56,73.31,259.50,-2.31,1.37,-0.69,0.00,0.00,0.07,44.44,82.31,121.69,0.56,-0.13,0.62,4,3
1772043407.796136,746263,-0.01,0.00,0.01,53.25,73.50,259.50,-1.75,-2.75,0.37,-0.02,-0.04,-0.01,44.88,82.31,121.69,-0.94,-1.87,0.81,4,3
1772043407.985696,746453,0.00,0.08,0.04,53.50,73.81,260.00,-2.37,0.88,-2.25,0.00,-0.05,0.15,45.63,82.25,121.75,-0.31,-0.25,0.00,4,4
1772043408.175155,746642,-0.02,0.08,0.01,53.44,73.94,260.56,-2.06,-0.50,-0.31,-0.03,-0.08,0.01,45.44,82.31,121.81,-1.12,-1.87,-0.88,4,4
1772043408.368010,746835,0.00,0.09,0.07,53.75,73.94,260.94,-2.62,-0.19,-0.19,0.00,-0.05,0.06,45.63,82.37,121.87,0.31,-0.44,0.13,3,4
1772043408.561325,747028,-0.09,0.12,-0.11,54.88,73.94,261.50,-2.31,0.25,-0.69,-0.01,-0.05,0.07,46.38,82.44,121.94,-0.50,-0.31,0.75,3,4
1772043408.753501,747221,0.04,0.10,0.06,54.19,74.12,261.94,-1.31,-2.19,-0.94,0.01,-0.04,0.06,46.88,82.37,121.81,0.25,0.06,-0.13,4,4
1772043408.944816,747412,0.05,0.03,0.02,55.81,74.25,261.87,-0.75,-3.06,2.06,0.00,0.00,0.13,46.69,82.37,121.81,0.00,-1.00,-0.69,4,4
1772043409.134233,747601,-0.16,0.26,0.04,63.13,73.69,261.06,-7.44,-4.62,8.25,0.00,0.06,-0.01,47.06,82.37,121.62,4.00,4.12,-0.19,4,4
1772043409.326143,747793,-0.16,-0.04,-0.10,64.06,73.44,260.31,3.50,-0.44,1.25,0.02,-0.05,0.09,39.81,81.87,121.19,0.88,1.44,-1.62,4,3
1772043409.517418,747984,-0.06,-0.06,-0.01,64.94,73.00,260.12,-7.12,0.50,0.94,-0.04,-0.02,0.11,40.31,82.00,121.62,-3.37,-1.44,1.19,4,3
1772043409.708168,748175,-0.06,0.17,-0.05,65.50,73.44,261.37,-2.06,-0.06,-3.12,0.02,0.02,0.11,42.56,82.06,121.94,-1.06,-1.31,0.00,5,4
1772043409.898594,748366,0.01,0.17,0.09,63.88,73.50,261.87,0.44,3.06,-0.69,-0.02,-0.03,0.07,43.00,82.19,122.00,1.00,-0.25,0.00,5,3
1772043410.088225,748555,0.03,-0.01,0.08,61.75,73.25,261.56,1.81,2.37,-0.94,-0.01,-0.04,0.15,43.25,82.19,122.12,0.19,-1.37,0.62,5,2
1772043410.279901,748747,-0.01,0.01,-0.02,60.94,73.37,261.69,-0.37,0.81,-1.62,0.00,-0.06,0.08,44.75,82.25,122.06,-1.31,-0.94,0.13,7,3
1772043410.470488,748938,0.03,0.11,0.06,59.88,73.37,261.94,1.19,0.56,-0.19,0.03,-0.08,0.11,45.44,82.31,122.06,0.44,-1.75,-0.19,7,4
1772043410.661667,749129,0.05,0.06,0.05,58.75,73.31,261.94,0.50,2.44,-0.44,0.01,-0.05,0.09,46.25,82.44,122.06,-0.31,-0.69,-0.06,7,4
1772043410.852973,749320,-0.06,0.00,0.02,58.63,73.25,261.94,-0.88,-0.31,-0.62,0.00,-0.09,0.12,46.75,82.50,122.12,-0.81,-0.44,0.44,7,3
1772043411.043016,749510,0.03,0.08,0.07,58.25,73.37,262.25,-0.56,0.88,-1.50,-0.01,-0.09,0.11,47.38,82.50,122.19,-1.06,-0.81,0.25,8,5
1772043411.233225,749701,0.02,0.09,0.04,57.75,73.31,262.37,-0.06,0.94,0.50,0.05,-0.10,0.14,47.75,82.56,122.19,0.19,0.75,-0.50,9,6
1772043411.424258,749891,-0.01,0.11,0.04,57.19,73.19,262.37,-0.75,0.94,-0.06,0.05,-0.08,0.07,48.06,82.62,122.31,-0.50,0.44,-0.50,10,5
1772043411.615220,750082,-0.13,0.04,0.03,57.31,73.06,262.19,0.37,-1.00,0.75,0.01,-0.05,0.15,48.00,82.62,122.37,-1.75,0.00,-0.25,10,5
1772043411.805855,750273,0.06,0.07,0.05,55.56,72.87,262.56,-0.50,5.69,-1.75,0.00,-0.05,0.21,48.00,82.62,122.50,-1.00,0.13,-0.31,10,5
1772043411.995501,750463,0.07,0.00,0.18,54.75,72.62,262.81,-1.69,-1.00,-0.19,-0.09,0.00,0.06,49.13,82.75,122.62,-1.62,-2.56,-0.44,10,6
1772043412.186554,750653,-0.14,0.12,0.00,56.94,72.81,263.19,-5.00,-0.13,-1.31,-0.01,0.05,0.05,52.63,83.00,123.06,-1.75,-1.00,-0.19,8,4
1772043412.376605,750844,0.03,0.00,0.15,55.31,72.81,263.56,2.06,-1.56,-0.25,0.00,-0.08,0.08,52.88,82.94,122.94,0.62,-0.37,0.25,7,3
1772043412.567021,751034,0.00,0.12,0.02,55.56,72.87,263.44,0.81,-0.75,-0.69,0.01,-0.07,0.06,53.19,82.81,122.75,1.31,0.44,0.62,7,3
1772043412.757558,751225,0.03,0.01,0.06,55.50,72.87,263.25,0.44,-1.75,1.44,0.00,-0.05,0.10,51.88,82.69,122.62,0.31,0.75,-1.12,7,3
1772043412.948041,751416,0.00,0.01,0.05,56.13,72.69,262.94,0.69,0.81,0.37,0.01,-0.02,0.11,50.81,82.75,122.69,0.81,0.06,-0.56,5,2
1772043413.139166,751606,-0.10,-0.07,0.11,56.06,72.50,262.69,1.00,0.56,1.56,-0.02,-0.02,0.21,50.75,82.75,122.69,1.75,0.44,0.25,4,1
1772043413.329730,751797,0.01,0.04,0.05,55.88,72.62,262.75,-0.81,0.56,-0.25,0.00,-0.04,0.10,50.88,82.75,122.62,-1.00,-0.81,-0.25,4,1
1772043413.520056,751987,0.02,0.05,0.07,55.94,72.62,262.75,1.75,-1.00,0.69,0.00,-0.05,0.07,50.88,82.75,122.56,0.25,0.19,-0.13,4,1
1772043413.709546,752177,0.04,-0.07,0.09,56.00,72.56,262.56,1.19,0.25,0.00,-0.04,0.05,0.20,50.63,82.75,122.56,3.19,3.87,-0.19,4,2
1772043413.899214,752366,-0.29,0.06,-0.37,57.19,72.69,262.37,-1.00,-0.25,3.00,0.01,0.24,0.03,5.25,83.19,123.19,-16.44,3.94,0.62,4,1
1772043414.091843,752559,0.11,-0.01,0.43,56.06,70.94,261.25,7.50,7.31,-0.88,0.00,-0.08,-0.16,5.25,83.50,122.81,-2.25,-5.87,0.44,5,2
1772043414.282674,752750,0.00,0.04,0.01,52.69,71.31,261.25,-1.69,-3.00,-1.81,0.04,-0.04,0.08,5.44,83.19,122.62,-1.69,-1.75,-1.12,5,3
1772043414.473459,752940,0.01,-0.01,-0.02,53.06,71.25,261.56,-0.56,1.69,1.31,0.05,-0.02,0.11,5.19,83.37,123.19,-1.87,-1.50,-1.56,6,3
1772043414.662451,753130,0.09,0.05,0.03,52.00,70.69,262.56,-9.06,7.56,1.12,0.03,0.10,0.10,5.12,83.37,123.37,-0.13,2.62,0.44,6,3
1772043414.853150,753320,0.10,-0.02,0.20,50.88,70.56,262.87,4.25,-2.19,-1.00,0.04,-0.12,-0.05,5.12,83.62,123.19,0.94,0.06,0.62,6,2
1772043415.045219,753512,-0.05,0.05,-0.03,51.63,71.00,262.44,-1.06,-5.56,-0.75,0.03,-0.01,0.09,5.12,83.56,123.19,1.06,1.06,-0.62,6,4
1772043415.235946,753703,-0.06,0.04,-0.06,52.69,71.19,262.25,2.00,-1.81,1.69,0.01,-0.14,0.15,5.06,83.50,123.19,-1.00,-1.12,-1.19,5,5
1772043415.426226,753894,0.00,0.26,-0.03,53.13,71.06,262.25,-1.12,2.62,1.25,0.05,-0.03,0.11,4.87,83.81,123.50,0.56,1.06,0.75,5,5
1772043415.616948,754084,-0.14,-0.09,-0.03,52.81,70.81,261.69,-2.12,0.62,0.13,-0.01,0.07,0.00,4.87,83.81,123.56,0.56,0.00,0.94,6,4
1772043415.806711,754274,0.00,-0.06,0.01,51.69,70.75,261.75,-1.56,-0.88,-2.50,0.04,-0.04,0.04,5.12,83.81,123.37,-1.81,-0.56,-0.19,6,4
1772043415.998183,754466,0.03,0.09,0.07,51.38,70.81,262.31,0.25,-0.94,0.50,0.05,-0.04,0.07,5.12,83.81,123.50,1.00,1.06,-0.13,4,4
1772043416.189085,754656,-0.05,0.10,-0.01,51.88,70.94,262.19,-2.06,-0.94,-1.19,0.06,0.00,0.06,5.06,83.81,123.50,0.56,1.31,-1.56,4,4
1772043416.380062,754847,-0.08,-0.12,-0.05,52.19,70.81,262.06,1.69,-1.62,1.56,0.08,-0.03,0.03,5.00,83.69,123.62,-0.06,-2.12,-0.62,4,4
1772043416.570110,755038,0.21,-0.04,0.28,51.50,70.56,261.94,2.44,2.12,1.69,0.02,-0.04,0.11,4.94,83.62,123.50,-0.88,1.31,-0.13,4,4
1772043416.760256,755228,0.00,0.14,-0.05,52.44,70.75,262.12,-1.12,-0.31,-1.06,-0.03,0.00,0.02,5.06,83.37,123.44,1.31,2.44,1.87,4,4
1772043416.951839,755419,-0.06,0.11,0.06,52.13,70.87,262.12,-1.25,0.81,-2.81,-0.01,0.03,0.01,5.25,83.19,123.19,0.06,0.88,-0.19,4,3
1772043417.142434,755610,-0.02,-0.09,0.03,51.50,70.81,262.12,2.37,-0.37,1.25,-0.02,-0.07,0.10,50.13,83.06,123.12,0.00,1.31,-0.25,5,2
1772043417.333152,755800,-0.06,0.00,-0.06,51.94,70.81,262.19,-1.25,-1.19,-1.00,0.02,0.02,0.06,50.00,83.06,123.25,-0.81,0.31,-0.06,5,2
1772043417.523163,755991,0.00,-0.04,0.02,51.94,71.12,262.50,0.19,-1.31,-2.25,0.02,-0.03,0.10,5.19,83.19,123.31,1.44,0.37,-0.81,5,2
1772043417.712744,756180,0.01,-0.05,0.03,51.56,71.56,262.69,4.25,-2.94,-1.69,0.00,-0.01,0.12,5.00,83.44,123.50,1.31,0.88,-0.19,6,2
1772043417.904728,756372,-0.06,0.01,0.01,52.38,72.12,262.75,-0.50,-1.44,-0.37,0.00,0.06,0.03,5.06,83.50,123.37,-0.19,0.88,0.62,7,1
1772043418.095647,756563,0.00,-0.05,-0.10,52.38,72.31,262.81,-1.12,-0.94,-0.44,0.00,-0.01,0.12,5.19,83.25,123.50,-3.94,-0.31,0.75,7,1
1772043418.286273,756753,-0.10,0.09,-0.13,52.13,72.37,263.31,-2.69,1.56,-1.31,-0.01,0.05,-0.03,5.25,83.31,123.81,1.06,-0.88,0.31,6,2
1772043418.476361,756944,0.02,-0.10,0.04,50.25,72.19,263.31,2.69,-1.44,1.37,0.02,-0.08,-0.01,5.31,83.25,123.50,-1.12,0.13,-0.81,7,1
1772043418.666486,757134,0.00,0.11,0.01,50.94,72.06,263.50,-1.00,0.00,1.44,0.00,0.04,0.10,5.12,83.31,123.87,0.69,1.12,-0.13,7,1
1772043418.858165,757326,0.00,-0.06,-0.01,51.31,71.94,263.12,0.94,-0.75,0.81,0.00,0.07,0.14,5.12,83.19,123.69,-0.56,-0.44,0.13,7,1
1772043419.048635,757516,0.03,0.05,0.00,51.31,72.06,263.12,-0.62,1.00,-1.81,0.00,-0.06,0.10,5.12,83.12,123.69,-0.50,0.19,0.06,8,3
1772043419.239218,757707,-0.01,0.10,0.00,51.13,72.06,263.19,0.37,0.62,0.50,0.00,-0.06,0.00,5.12,83.12,123.62,-0.06,-1.56,-0.56,8,3
1772043419.429882,757897,0.01,0.04,0.00,51.06,71.94,263.00,-0.56,-0.31,0.25,-0.01,-0.02,0.09,5.12,83.12,123.56,0.69,0.13,0.19,8,3
1772043419.620720,758088,-0.23,0.08,-0.05,50.94,71.94,262.94,0.56,0.75,0.44,-0.19,-0.09,-0.16,5.12,83.19,123.44,1.00,-2.69,0.75,8,3
1772043419.811802,758279,-0.17,0.04,-0.20,50.44,72.12,263.19,-2.44,-7.87,-1.50,-0.05,-0.07,-0.02,50.69,82.94,122.87,-3.44,-0.13,0.81,7,3
1772043420.002038,758469,-0.05,0.22,0.01,50.44,72.44,264.00,-5.12,2.12,-0.31,0.06,0.16,-0.04,51.19,83.00,123.25,1.19,-2.75,-2.37,7,3
1772043420.192849,758660,-0.08,-0.11,0.09,49.88,71.81,263.37,4.06,-3.25,2.31,0.01,0.04,-0.09,5.19,83.19,123.19,2.44,-3.25,-0.69,8,3
1772043420.382454,758850,0.17,-0.10,0.21,50.31,71.69,262.62,1.62,1.81,2.69,0.02,-0.05,0.12,5.12,83.25,122.94,-0.13,0.50,-0.37,7,3
1772043420.573673,759041,-0.07,0.06,-0.10,51.81,71.87,262.44,-0.75,-0.06,-0.19,0.00,-0.04,0.07,5.12,83.19,122.94,0.19,1.12,0.06,8,3
1772043420.764581,759232,-0.01,0.06,-0.01,51.75,71.81,262.44,1.00,-0.62,1.06,0.03,-0.05,0.09,5.12,83.19,122.94,0.13,0.13,-0.31,7,3
1772043420.955245,759423,0.03,-0.04,-0.05,52.06,71.62,262.19,0.62,-0.94,1.44,0.00,0.07,0.00,5.12,83.25,122.94,1.06,-1.44,-0.25,6,2
1772043421.145608,759613,0.00,-0.10,0.09,52.00,71.50,261.81,3.19,2.31,1.19,0.03,-0.02,0.09,5.06,83.25,122.81,0.13,1.19,0.13,6,1
1772043421.336713,759804,0.00,-0.06,0.03,51.81,71.44,261.81,-0.75,0.00,-1.75,0.02,-0.02,0.03,5.12,83.25,122.94,-0.31,1.12,0.19,6,2
1772043421.526524,759994,0.00,0.04,0.00,51.88,71.62,262.25,0.31,-1.44,-0.06,0.02,-0.02,0.08,5.12,83.19,123.00,-0.44,0.50,0.06,7,2
1772043421.718152,760186,-0.05,0.06,-0.03,52.13,71.69,262.25,-0.19,-1.31,0.37,0.02,-0.03,0.11,5.12,83.19,123.06,-1.87,-1.37,0.37,7,3
1772043421.908387,760376,0.04,0.07,0.04,51.50,71.75,262.56,0.19,0.94,0.13,0.00,0.01,0.04,5.12,83.19,123.06,0.00,0.06,0.75,7,2
1772043422.099598,760567,-0.04,0.03,-0.03,51.19,71.87,262.50,-0.06,-0.25,-0.62,0.01,-0.04,0.07,5.31,83.12,122.94,-0.31,0.25,0.94,7,2
1772043422.290336,760758,0.00,0.10,0.00,50.88,72.00,262.69,-0.37,-0.25,-0.69,0.00,-0.08,0.09,51.75,83.06,122.87,-0.31,-0.44,0.19,7,4
1772043422.480922,760948,0.00,0.08,0.04,50.88,72.00,262.75,-0.44,0.31,0.19,0.00,-0.11,0.05,51.88,83.06,122.87,-1.00,-1.56,-0.44,6,4
1772043422.671748,761139,-0.01,0.00,0.03,50.75,72.00,262.75,-0.75,2.00,1.44,-0.01,-0.03,0.12,5.37,83.12,123.00,0.62,0.06,0.37,7,4
1772043422.862715,761330,0.02,0.12,-0.01,50.88,72.00,262.81,-2.00,-0.44,0.25,0.03,-0.02,0.05,5.37,83.12,123.00,-0.50,0.00,-0.13,7,4
1772043423.053912,761521,-0.01,0.02,-0.01,51.31,72.06,262.75,-0.19,-0.25,-0.19,0.02,-0.06,0.06,5.37,83.19,123.00,-0.56,-1.19,-0.06,6,3
1772043423.242756,761711,0.05,0.08,0.06,51.13,72.12,262.81,1.94,-0.75,0.19,0.03,-0.09,0.09,51.88,83.06,122.94,0.56,1.19,-0.13,5,3
1772043423.433469,761901,-0.04,0.10,0.01,51.25,72.12,262.75,-0.06,0.13,0.75,0.00,0.00,0.09,5.25,83.19,123.06,0.00,0.37,-1.06,4,3
1772043423.625271,762093,-0.03,-0.06,0.06,51.56,71.81,262.31,-0.81,-0.50,0.44,0.02,0.00,0.07,5.19,83.25,123.19,-0.50,-0.69,-0.56,4,3
1772043423.815972,762284,0.03,0.00,0.06,51.56,71.75,262.37,-0.88,1.69,-0.13,-0.01,0.00,0.06,5.19,83.31,123.31,-0.62,0.25,-0.19,4,3
1772043424.007291,762475,-0.06,0.01,0.02,51.56,71.75,262.44,0.06,0.00,-0.13,0.07,0.01,0.19,5.25,83.19,123.25,0.37,1.00,1.75,5,3
1772043424.197137,762664,-0.12,0.05,0.00,51.13,72.12,262.62,-0.44,-1.19,-4.25,0.01,-0.04,0.12,53.69,82.94,122.81,-0.62,0.44,0.75,5,2
1772043424.385883,762854,0.05,0.05,0.09,50.81,72.31,262.81,2.19,-1.62,1.19,0.00,-0.05,0.08,53.13,82.81,122.62,1.31,0.31,0.62,5,1
1772043424.578359,763046,-0.04,0.02,0.00,51.50,72.44,262.56,-0.81,-1.00,-0.88,0.02,-0.06,0.09,52.38,82.75,122.56,-0.50,1.06,0.31,5,1
1772043424.769425,763237,0.32,-0.02,0.10,48.13,72.44,262.87,8.06,8.00,-4.69,0.03,-0.01,0.28,49.88,82.44,122.62,0.56,0.44,-0.31,5,1
1772043424.961080,763428,0.01,-0.09,0.00,48.25,72.50,262.62,-0.75,-3.50,-0.69,-0.02,0.00,0.01,50.13,82.44,122.62,0.00,0.00,-0.19,5,2
1772043425.152653,763620,-0.06,0.03,0.06,49.38,72.75,262.75,-0.25,-0.81,0.94,-0.02,-0.03,0.04,49.81,82.44,122.62,-0.13,1.06,0.13,5,1
1772043425.342844,763810,-0.02,0.00,0.07,49.56,72.69,262.62,-1.06,-1.25,-0.37,0.02,-0.05,0.06,49.00,82.25,122.62,-2.00,0.69,0.37,4,1
1772043425.533440,764001,-0.03,0.12,-0.02,50.00,73.00,263.06,-0.06,-1.87,-1.50,-0.01,-0.05,0.13,49.00,82.12,122.56,-0.31,0.88,0.00,4,1
1772043425.725149,764193,0.01,-0.03,0.00,50.25,72.94,262.87,1.25,2.12,1.75,-0.02,-0.06,0.04,48.63,82.12,122.62,0.56,-0.94,0.25,5,1
1772043425.917808,764386,0.01,0.03,0.07,49.75,72.75,262.81,0.31,0.69,0.81,0.00,-0.03,0.07,48.50,82.12,122.62,-0.44,0.00,-0.31,5,1
1772043426.109603,764577,0.24,0.00,0.17,49.63,72.69,262.75,0.25,0.44,-0.19,-0.07,0.00,0.05,48.25,82.06,122.56,0.19,-0.94,0.19,6,1
1772043426.301185,764769,-0.03,-0.01,0.03,50.50,72.94,262.69,-0.31,0.88,-1.06,0.02,-0.04,0.12,48.56,82.06,122.50,-0.62,-0.50,0.44,6,2
1772043426.491896,764959,-0.05,0.14,0.00,50.13,73.00,262.94,-0.69,0.00,-0.13,0.02,-0.09,0.12,48.81,82.12,122.62,-0.37,-1.44,-0.31,6,2
1772043426.683091,765151,0.04,0.03,0.16,49.56,72.69,262.87,0.88,2.19,2.06,-0.04,0.00,0.09,48.56,82.25,122.75,0.31,-0.06,-0.25,5,2
1772043426.874522,765342,0.01,0.05,0.06,49.94,72.62,262.69,-1.94,-0.06,0.00,0.01,-0.04,0.07,48.31,82.31,122.75,-0.69,0.00,-0.69,5,2
1772043427.067523,765535,-0.02,0.06,0.00,50.31,72.62,262.69,0.44,-0.69,0.88,0.00,-0.03,0.06,48.25,82.31,122.75,-0.44,-0.19,0.13,6,3
1772043427.260796,765728,0.00,0.09,0.03,50.06,72.50,262.69,-0.44,0.75,-0.37,-0.01,-0.06,0.02,48.56,82.37,122.75,0.06,-1.00,-0.50,6,3
1772043427.452626,765921,0.01,0.10,0.07,49.44,72.31,262.50,0.75,2.00,1.06,0.01,-0.03,0.11,48.75,82.44,122.75,0.69,0.06,-0.31,7,3
1772043427.643075,766111,-0.01,0.08,0.02,49.19,72.06,262.19,0.94,0.62,0.88,0.00,-0.01,0.06,48.63,82.44,122.69,0.44,-0.37,0.06,7,3
1772043427.835062,766303,0.05,0.03,0.12,48.25,71.75,261.81,1.81,2.87,1.00,0.01,0.00,0.07,48.50,82.44,122.62,0.75,0.81,-0.69,8,3
1772043428.026512,766494,-0.01,0.08,0.06,48.25,71.37,261.31,1.94,0.13,2.50,-0.06,0.09,0.03,46.56,82.44,122.69,1.81,1.50,-0.81,8,3
1772043428.217224,766685,0.04,0.02,0.12,48.31,70.94,260.37,3.62,1.37,1.87,0.01,-0.03,0.12,46.19,82.50,122.50,1.87,0.75,0.62,7,3
1772043428.408205,766876,-0.01,0.07,0.09,48.13,70.69,259.56,2.50,-0.25,1.87,0.00,-0.01,0.13,45.75,82.44,122.44,0.31,0.13,-0.19,7,2
1772043428.599016,767067,-0.01,0.12,0.07,48.75,70.62,259.00,0.69,-2.37,0.94,-0.01,-0.06,0.12,45.50,82.44,122.44,0.62,0.62,-1.06,7,3
1772043428.789749,767257,-0.03,0.09,0.07,49.88,70.69,258.56,-1.06,0.56,1.25,-0.08,0.11,0.04,43.56,82.69,122.81,-0.75,1.44,-1.37,7,3
1772043428.980738,767448,-0.02,-0.06,0.12,50.31,70.31,258.44,-0.62,-2.12,1.06,0.00,0.09,0.10,42.31,82.75,122.87,1.19,1.06,-1.62,6,2
1772043429.170992,767639,-0.07,-0.08,0.00,52.00,70.19,258.00,0.75,-2.87,3.00,-0.01,0.05,0.11,39.50,82.69,123.12,-1.37,0.62,-0.13,6,2
1772043429.360446,767828,-0.06,0.03,0.06,52.44,70.37,258.31,-1.81,1.37,-4.06,-0.01,0.00,0.14,40.69,82.62,123.19,-1.87,0.00,1.25,6,2
1772043429.551415,768019,-0.01,0.09,0.00,51.81,70.75,259.06,0.06,-0.44,-1.12,-0.05,0.00,0.09,42.25,82.56,123.19,-0.75,-0.19,0.31,5,2
1772043429.742561,768210,0.00,0.15,0.06,51.25,70.87,259.44,-0.19,0.19,-0.31,0.00,0.00,0.07,42.63,82.62,123.25,-0.50,-0.19,0.69,4,2
1772043429.933816,768401,-0.07,-0.02,0.00,51.56,71.06,259.37,-0.19,-1.62,-1.12,0.04,-0.10,0.12,43.50,82.62,123.12,-0.69,-0.25,-0.06,4,2
1772043430.124262,768592,-0.05,0.09,0.00,52.13,71.31,259.75,-2.06,-1.37,-1.06,0.02,-0.03,0.07,43.75,82.62,123.25,-0.31,-0.31,-0.19,4,2
1772043430.314669,768782,0.02,0.03,0.07,52.44,71.37,260.00,-1.56,-0.50,0.19,0.00,-0.06,0.09,43.69,82.62,123.25,-0.13,1.06,-0.56,4,3
1772043430.505287,768973,0.02,0.03,0.12,53.13,71.50,260.25,-2.06,-1.12,-0.06,0.00,0.01,0.11,43.63,82.75,123.37,0.06,0.44,-0.37,4,2
1772043430.696604,769164,-0.07,-0.08,0.04,54.50,71.75,260.31,-1.75,-2.87,-1.19,-0.01,-0.04,0.05,43.63,82.75,123.37,-1.00,-0.25,0.06,4,2
1772043430.886793,769354,-0.06,-0.09,0.05,55.31,72.44,261.44,-6.56,-1.19,-4.56,0.01,-0.11,0.09,43.94,82.69,123.56,0.00,0.19,0.13,6,4
1772043431.077488,769545,0.08,0.24,0.07,55.00,73.31,263.87,-8.88,-1.50,-4.12,0.00,-0.03,0.08,42.69,82.75,123.81,-0.75,-0.25,-1.06,7,4
1772043431.268001,769736,-0.05,0.02,0.06,56.69,73.87,264.50,-1.37,-4.00,0.44,0.03,-0.01,0.06,43.06,82.75,123.75,1.31,1.25,0.69,8,4
1772043431.458336,769926,0.03,0.07,0.02,57.88,74.06,264.44,0.31,-2.12,0.88,0.00,-0.06,0.15,41.88,82.56,123.56,0.13,0.37,-0.19,8,4
1772043431.649244,770117,0.01,0.00,0.06,59.56,74.12,264.06,0.56,-4.44,0.44,-0.02,-0.06,0.10,41.75,82.44,123.50,0.19,-0.25,0.94,9,5
1772043431.839973,770308,-0.06,0.06,-0.01,60.94,74.50,264.06,-0.44,-0.56,-0.94,0.05,-0.09,0.11,42.25,82.31,123.37,0.13,0.31,0.13,10,6
1772043432.030420,770498,0.04,0.12,0.09,60.69,74.75,264.31,-0.25,-1.00,-0.56,0.02,-0.04,0.08,42.00,82.19,123.37,0.37,1.00,0.13,10,5
1772043432.220992,770689,0.00,0.00,0.00,61.75,74.75,264.00,1.00,-2.56,1.44,-0.01,-0.11,0.13,40.88,82.00,123.31,-0.31,1.19,0.62,10,5
1772043432.412134,770880,-0.07,0.04,0.00,63.31,75.00,264.12,-2.87,-2.31,-1.62,-0.01,-0.06,0.17,40.31,81.81,123.37,-0.31,-0.25,-0.06,11,6
1772043432.603024,771070,-0.02,0.09,0.00,63.94,75.31,264.50,-0.94,-1.12,0.06,0.03,-0.11,0.14,40.25,81.75,123.37,-1.19,-1.06,-0.06,11,7
1772043432.793002,771261,0.03,0.13,0.07,63.81,75.37,264.62,-0.56,1.12,0.56,-0.06,-0.02,0.08,40.44,81.75,123.37,-0.13,0.06,0.37,9,5
1772043432.983679,771451,-0.04,0.02,0.01,64.06,75.31,264.44,-0.37,-1.12,0.44,0.00,-0.07,0.06,40.25,81.69,123.31,-0.31,0.25,0.25,8,5
1772043433.174175,771642,0.00,0.13,-0.02,63.25,75.25,264.44,1.25,3.12,0.37,0.02,-0.06,0.13,40.25,81.62,123.31,-0.06,0.00,-0.13,8,5
1772043433.364964,771833,-0.04,0.06,0.02,62.00,74.87,264.00,2.31,0.94,1.00,0.00,-0.10,0.13,40.19,81.62,123.31,-0.75,-1.19,-0.19,7,6
1772043433.555507,772024,0.07,0.06,0.06,60.94,74.62,263.87,0.62,1.06,1.62,-0.01,0.00,0.12,40.06,81.69,123.37,0.06,0.06,-0.19,6,4
1772043433.746548,772214,-0.03,-0.01,0.03,61.63,74.56,263.56,-0.62,-1.06,0.50,-0.03,-0.04,0.12,40.06,81.69,123.37,-0.75,-0.37,0.44,5,4
1772043433.936921,772405,0.00,0.05,0.07,62.63,74.81,263.87,-2.44,-2.81,-0.88,0.01,-0.04,0.12,40.13,81.69,123.44,0.00,-0.25,0.44,6,6
1772043434.127864,772595,-0.09,0.05,0.05,65.00,75.19,264.06,-1.19,-3.06,-0.56,-0.04,-0.11,0.09,40.31,81.62,123.44,-0.62,-0.75,0.37,6,6
1772043434.318320,772786,0.00,0.19,0.07,65.44,75.44,264.44,-1.06,0.75,-0.50,-0.02,-0.09,0.11,40.63,81.62,123.37,-0.94,0.25,0.19,4,5
1772043434.509035,772977,0.03,0.00,0.08,65.50,75.37,264.31,-0.44,0.13,-0.13,-0.02,-0.12,0.14,40.50,81.62,123.44,0.13,0.56,0.50,4,4
1772043434.699492,773167,-0.05,0.13,0.03,65.87,75.50,264.44,-0.13,-0.31,0.31,0.00,-0.11,0.15,40.56,81.62,123.44,0.88,0.19,0.50,5,4
1772043434.890294,773358,-0.06,0.05,0.02,65.37,75.44,264.31,-0.56,0.88,0.56,0.00,-0.09,0.14,40.19,81.50,123.37,-0.06,1.31,-0.69,5,5
1772043435.080634,773549,0.00,0.04,0.13,64.00,75.25,264.19,2.00,2.00,0.56,-0.06,-0.05,0.14,39.88,81.50,123.31,1.00,0.06,0.50,5,4
1772043435.271950,773739,-0.09,0.02,0.04,63.69,75.12,263.87,-0.88,0.06,0.81,-0.03,-0.06,0.07,40.00,81.50,123.25,-0.75,-0.88,-0.19,6,3
1772043435.462776,773930,0.05,0.05,0.08,63.19,75.00,263.87,-0.31,-0.13,-0.50,-0.01,-0.09,0.06,40.38,81.50,123.25,-0.37,-0.81,-0.25,6,3
1772043435.652729,774121,0.00,0.05,0.08,63.19,74.87,263.81,0.62,0.44,1.00,0.07,-0.08,0.14,40.13,81.50,123.25,0.56,-0.19,-0.25,6,3
1772043435.843690,774311,-0.03,0.05,0.07,63.19,74.81,263.62,-0.31,0.56,-0.75,-0.04,0.00,0.07,40.44,81.50,123.25,-0.06,-0.75,-0.19,7,2
1772043436.034173,774502,0.00,-0.09,0.10,63.13,74.81,263.62,0.69,0.37,-0.56,-0.01,-0.10,0.07,40.88,81.50,123.19,0.13,-0.75,0.37,7,1
1772043436.224958,774693,0.00,0.09,0.06,62.94,75.12,263.94,-1.00,0.31,-2.06,0.01,-0.08,0.10,42.31,81.56,123.06,-0.25,-0.81,0.75,7,1
1772043436.415822,774884,-0.01,0.07,0.09,62.81,75.25,264.12,0.31,-0.69,0.75,-0.01,-0.06,0.06,42.50,81.56,123.06,0.37,0.37,-0.50,6,2
1772043436.606174,775074,0.00,-0.04,0.05,63.44,75.12,263.87,1.31,-0.62,1.00,-0.03,-0.02,0.06,42.06,81.56,123.00,1.06,1.06,0.13,6,2
1772043436.796487,775265,0.00,0.00,0.11,63.81,75.12,263.75,0.69,-2.06,0.37,-0.02,-0.03,0.12,41.56,81.50,122.94,0.19,0.37,0.00,5,1
1772043436.987695,775455,-0.03,0.03,0.05,64.75,75.25,263.69,-0.06,-0.69,-1.00,-0.02,-0.08,0.14,41.88,81.44,122.87,-0.81,-0.31,0.62,6,2
1772043437.178211,775646,0.00,0.12,0.09,64.62,75.44,264.00,-0.25,0.88,-0.50,-0.01,-0.09,0.07,42.13,81.44,123.00,-0.62,0.00,0.06,5,2
1772043437.368840,775837,0.03,-0.04,0.12,64.25,75.37,264.00,-0.44,0.37,0.00,-0.01,-0.06,0.03,42.50,81.44,123.06,0.13,-0.13,0.31,5,2
1772043437.559246,776027,0.00,0.04,0.11,64.19,75.50,264.19,0.69,-1.06,0.25,-0.05,-0.07,0.15,42.31,81.44,123.06,0.13,0.37,0.00,5,1
1772043437.750089,776218,-0.02,0.00,0.07,64.81,75.44,264.06,0.37,-0.50,0.62,-0.03,-0.09,0.17,42.13,81.37,123.06,0.13,-0.13,-0.06,5,1
1772043437.940823,776409,0.05,0.03,0.12,65.25,75.56,264.19,-0.88,-0.31,-0.94,-0.03,-0.06,0.12,42.31,81.37,123.00,-0.19,-0.44,0.06,5,1
1772043438.131267,776599,-0.06,0.05,0.09,65.81,75.62,264.31,0.50,0.44,0.88,0.00,-0.08,0.09,42.44,81.31,123.00,0.00,-0.50,0.25,5,2
1772043438.322026,776790,-0.03,0.07,0.12,65.44,75.62,264.31,0.75,0.00,0.75,0.02,-0.10,0.10,42.25,81.31,123.00,-0.06,0.94,0.19,6,1
1772043438.512718,776981,-0.03,0.04,0.07,65.31,75.56,264.31,-0.25,0.88,-0.50,-0.02,-0.07,0.09,42.19,81.25,123.00,-0.69,-0.19,0.31,5,2
1772043438.703341,777171,-0.01,0.07,0.10,64.81,75.56,264.37,0.13,0.06,-0.13,-0.01,-0.02,0.03,42.13,81.19,123.00,0.06,-0.25,-0.06,7,3
1772043438.893937,777362,0.05,0.11,0.12,64.50,75.50,264.44,-1.25,1.06,-0.69,0.00,-0.12,0.11,42.31,81.19,123.12,-0.94,-1.00,0.13,6,4
1772043439.084311,777552,0.00,0.14,0.08,64.37,75.62,264.62,0.25,-0.37,1.56,-0.03,-0.03,0.09,42.25,81.19,123.06,0.31,0.44,0.19,6,4
1772043439.275673,777743,-0.02,0.04,0.08,64.75,75.50,264.37,-0.56,-0.62,-0.37,-0.02,-0.08,0.10,42.44,81.19,123.06,-0.44,-0.69,0.94,6,4
1772043439.465896,777934,0.05,0.13,0.09,64.50,75.81,264.69,-0.88,0.69,-1.25,-0.03,-0.06,0.10,43.38,81.12,122.94,-0.25,-0.19,-0.25,8,5
1772043439.656201,778124,0.00,0.11,0.11,64.50,75.81,264.75,0.44,0.19,0.69,0.03,-0.07,0.11,43.19,81.12,122.87,1.19,-0.31,-0.56,7,5
1772043439.846679,778315,-0.02,0.06,0.11,64.44,75.81,264.62,-0.13,0.13,0.00,0.00,-0.04,0.06,43.38,81.19,122.81,0.44,0.25,0.37,8,5
1772043440.037640,778506,-0.01,0.03,0.10,64.62,75.87,264.56,-0.50,-0.94,-0.56,0.00,-0.09,0.11,43.94,81.12,122.69,-0.19,-0.75,0.88,7,5
1772043440.228478,778696,-0.01,0.17,0.07,64.50,76.12,264.94,-1.75,0.13,-0.81,-0.02,-0.09,0.12,44.44,81.12,122.69,-0.69,-0.06,-0.37,9,6
1772043440.418685,778887,0.09,0.09,0.09,63.94,76.06,265.06,0.25,0.94,0.56,0.00,-0.15,0.01,44.38,81.12,122.81,-0.13,0.44,-0.62,9,6
1772043440.609086,779077,0.00,0.17,0.11,63.31,76.00,265.06,0.19,-1.00,1.31,0.03,0.00,0.09,43.94,81.12,122.81,0.94,0.75,-0.44,8,5
1772043440.799426,779267,-0.04,-0.04,0.07,63.88,75.81,264.50,1.37,-0.37,1.37,0.01,-0.06,0.13,43.38,81.06,122.75,0.19,0.19,-0.31,9,4
1772043440.990747,779459,-0.03,0.06,0.05,64.06,75.75,264.44,-0.31,0.13,-0.06,0.00,-0.05,0.14,43.44,81.06,122.75,0.00,-0.44,0.25,9,5
1772043441.181509,779650,0.01,0.08,0.05,63.88,75.75,264.50,-0.56,0.19,0.62,0.01,-0.11,0.10,43.56,81.12,122.75,-0.13,-1.31,-0.69,9,5
1772043441.372112,779840,0.00,0.08,0.12,63.25,75.69,264.50,0.06,1.06,0.50,-0.04,-0.04,0.09,43.88,81.19,122.75,0.13,-0.19,-0.06,7,4
1772043441.562983,780031,-0.02,0.02,0.09,62.88,75.62,264.37,-0.13,-0.44,0.37,0.00,-0.05,0.14,43.94,81.19,122.75,-0.62,-0.06,0.13,8,3
1772043441.753644,780222,-0.08,0.06,0.03,62.88,75.69,264.44,-0.50,0.94,0.13,-0.01,-0.03,0.14,44.19,81.19,122.87,-0.37,-0.44,0.37,9,5
1772043441.944769,780412,0.03,0.10,0.05,62.19,75.75,264.62,-0.75,-0.25,-0.13,-0.01,-0.13,0.08,44.13,81.19,122.81,-0.31,-0.62,-0.69,9,5
1772043442.135215,780603,0.03,0.11,0.08,62.19,75.62,264.50,-0.25,0.37,0.50,-0.01,-0.05,0.08,44.38,81.25,122.81,-0.13,-0.06,0.13,7,3
1772043442.325655,780794,-0.06,0.12,0.00,62.50,75.62,264.44,-1.00,-1.31,0.50,-0.04,-0.06,0.15,44.00,81.19,122.81,-0.37,0.25,0.25,7,3
1772043442.515136,780983,0.00,0.05,0.09,62.38,75.62,264.37,-0.25,1.50,-0.25,0.00,-0.05,0.11,44.25,81.25,122.81,-0.06,-0.13,-0.31,7,4
1772043442.706021,781174,-0.01,0.05,0.06,61.94,75.50,264.31,0.31,0.44,1.06,-0.01,-0.12,0.04,44.06,81.25,122.87,-0.50,-0.75,-1.00,6,4
1772043442.897051,781365,0.00,0.10,0.10,61.81,75.31,264.19,0.56,0.37,1.75,0.00,-0.03,0.14,43.69,81.37,122.94,0.75,0.37,-0.13,6,4
1772043443.088063,781556,0.00,0.00,0.09,62.06,75.12,263.81,-1.19,-0.62,0.62,0.00,-0.02,0.15,43.81,81.37,123.00,-2.25,0.25,-0.13,5,3
1772043443.279343,781747,0.00,0.07,0.08,62.13,75.25,264.06,-0.56,0.06,-1.69,0.00,-0.07,0.16,43.94,81.37,123.00,0.50,-0.06,-0.06,6,3
1772043443.470663,781939,-0.07,0.06,0.01,62.63,75.25,264.00,0.44,-0.62,0.56,0.03,-0.10,0.12,43.88,81.37,122.94,0.37,-0.75,-0.56,5,4
1772043443.662127,782130,0.03,0.12,0.16,62.06,75.25,264.06,-0.13,-0.13,0.81,0.02,-0.02,0.11,44.13,81.37,122.94,1.37,0.13,0.13,4,3
1772043443.853508,782322,0.01,-0.06,0.06,62.44,75.12,263.56,1.06,-0.88,0.56,-0.02,-0.03,0.12,44.19,81.37,122.69,0.06,-1.00,1.19,4,3
1772043444.043192,782511,-0.10,0.00,0.00,62.81,75.37,263.81,-1.69,-0.31,-1.50,-0.04,-0.03,0.13,45.88,81.25,122.56,-3.19,-1.31,1.62,5,3
1772043444.235130,782703,-0.04,0.15,0.03,61.94,76.19,265.19,-4.00,-2.69,-8.63,-0.01,-0.11,0.17,48.75,80.87,122.37,-1.62,-0.56,2.56,6,3
1772043444.425695,782894,-0.06,0.28,0.04,60.63,77.62,266.75,4.00,-0.31,-5.62,0.02,0.00,0.05,51.31,80.94,122.06,0.50,-1.06,0.13,6,2
1772043444.616494,783085,0.02,-0.06,0.23,57.31,77.37,266.44,2.50,1.50,1.25,-0.09,-0.15,0.15,52.13,80.94,121.94,-1.37,-1.50,-0.31,7,2
1772043444.808788,783277,0.04,0.11,0.07,56.88,77.44,266.69,-0.75,1.50,-0.19,0.00,-0.01,0.11,52.50,80.94,122.06,-0.44,0.56,-0.50,9,3
1772043444.997955,783466,-0.02,0.09,0.01,57.00,77.25,266.50,0.31,-1.19,1.94,0.00,-0.11,0.07,50.44,80.94,122.19,0.56,-0.19,-2.12,9,4
1772043445.189296,783658,0.04,0.11,0.04,57.50,76.75,265.94,2.81,1.94,4.50,0.01,-0.02,0.13,47.69,80.94,122.31,1.06,1.31,-0.81,7,3
1772043445.381377,783850,-0.02,-0.08,0.08,57.94,76.06,264.69,1.19,1.00,2.62,0.00,0.02,0.08,46.06,81.12,122.56,0.31,-0.06,-1.31,7,3
1772043445.573159,784041,-0.05,-0.09,0.05,58.38,75.75,264.31,-0.25,-0.31,0.62,0.04,0.01,0.11,45.31,81.12,122.69,-0.25,-0.62,-0.25,8,4
1772043445.763883,784232,-0.03,0.04,0.09,58.81,75.81,264.31,0.31,-2.62,0.13,0.00,-0.08,0.06,45.13,81.12,122.62,-1.00,-0.56,0.19,8,5
1772043445.955491,784424,0.01,0.09,0.05,59.75,75.94,264.44,-0.06,-0.94,0.69,-0.05,0.05,0.11,44.63,81.00,122.62,0.31,0.19,0.69,8,5
1772043446.148403,784616,-0.02,-0.01,0.01,60.50,76.12,264.19,-0.19,-1.25,-1.06,-0.01,-0.02,0.14,45.56,80.87,122.37,-1.00,-0.56,1.12,7,4
1772043446.340617,784809,0.03,0.15,0.01,60.44,76.37,264.62,-0.75,1.06,-0.37,-0.02,-0.02,0.08,45.88,80.87,122.50,-0.13,-0.06,0.00,6,5
1772043446.533377,785002,0.01,-0.04,0.08,60.25,76.31,264.56,0.06,0.56,0.56,0.00,-0.02,0.05,45.88,80.94,122.56,0.19,1.06,-0.69,6,5
1772043446.725440,785194,0.01,-0.02,0.12,60.63,76.12,264.37,1.37,0.19,1.44,-0.05,-0.01,0.12,44.63,80.81,122.62,0.25,0.00,-0.69,4,3
1772043446.914691,785383,-0.09,0.00,0.02,61.31,76.00,264.12,-0.25,0.31,1.25,0.00,0.03,0.25,44.31,80.87,122.81,-2.44,1.00,0.00,4,3
1772043447.105067,785573,0.00,0.05,0.09,61.00,75.94,264.19,-0.06,0.81,-1.06,-0.04,-0.03,0.15,44.25,80.81,122.87,0.50,0.81,-0.56,4,3
1772043447.297766,785766,-0.04,0.07,0.03,60.94,75.87,264.19,0.31,0.69,-0.94,-0.02,0.00,0.08,44.25,80.94,122.87,0.50,-0.62,-0.69,4,3
1772043447.488965,785957,0.04,-0.06,0.16,60.13,75.62,264.06,0.81,0.37,0.69,0.00,0.00,0.13,44.25,80.94,122.87,-0.25,-0.25,-0.50,4,2
1772043447.679745,786148,-0.03,0.01,0.08,60.19,75.62,264.06,0.00,0.25,-0.50,0.00,0.00,0.14,44.38,80.94,122.94,-0.50,0.06,0.06,5,1
1772043447.870521,786339,-0.04,0.08,0.06,60.06,75.69,264.25,0.19,0.37,-0.50,0.01,0.01,0.14,44.38,80.94,122.94,-0.31,-1.25,-0.13,5,2
1772043448.061698,786530,0.01,0.08,0.10,59.50,75.69,264.37,-1.00,1.37,-1.12,-0.01,0.03,0.07,44.81,81.06,123.00,-0.31,-0.44,-0.56,6,2
1772043448.253027,786721,-0.03,0.00,0.08,59.00,75.56,264.31,0.06,-0.25,-0.31,0.01,0.00,0.07,44.81,81.06,123.00,-0.31,-0.19,-0.56,6,1
1772043448.443890,786912,-0.03,-0.03,0.16,58.69,75.62,264.31,-0.13,0.88,-0.13,0.00,0.00,0.09,44.88,81.06,123.06,-0.94,-0.25,0.19,6,1
1772043448.635378,787103,-0.02,0.05,0.15,58.50,75.69,264.44,-0.13,-0.88,-0.94,0.02,-0.05,0.15,44.81,81.00,123.12,0.31,0.94,-0.50,6,2
1772043448.824731,787293,-0.05,0.04,0.11,58.81,75.56,264.31,0.31,0.56,-0.75,-0.04,0.00,0.08,44.88,81.06,123.12,0.50,-1.06,-0.13,5,2
1772043449.015455,787484,-0.04,0.00,0.10,58.94,75.62,264.25,0.25,-1.06,-0.25,0.00,-0.01,0.15,45.13,81.12,123.12,0.25,0.06,0.19,5,2
1772043449.206319,787675,-0.04,0.02,0.09,58.94,75.69,264.31,0.00,-0.13,-0.50,0.00,0.00,0.07,45.13,81.12,123.12,-0.06,0.13,0.44,6,2
1772043449.396984,787865,-0.01,0.05,0.13,58.56,75.62,264.19,1.81,0.25,-0.19,-0.02,-0.03,0.10,45.56,81.00,122.87,1.06,-0.44,1.00,6,2
1772043449.587387,788056,-0.01,0.01,0.11,58.25,75.69,264.12,0.50,-0.44,-0.25,-0.06,0.00,0.05,46.56,81.00,122.75,0.88,-0.69,0.88,6,2
1772043449.777320,788246,0.00,0.09,0.16,57.94,75.81,264.19,1.81,-1.00,0.56,0.00,-0.05,0.13,46.56,80.94,122.56,0.81,-0.44,0.88,5,2
1772043449.967691,788436,-0.02,0.02,0.06,58.63,76.00,264.12,-2.00,-0.88,-1.12,-0.02,-0.08,0.14,46.81,80.94,122.69,-2.06,-0.56,0.31,6,2
1772043450.158300,788626,-0.02,0.19,0.08,58.75,76.12,264.69,-0.69,0.75,-0.31,0.03,-0.05,0.13,47.13,81.00,122.94,0.19,0.62,-0.13,7,3
1772043450.348713,788817,-0.02,0.07,0.17,58.50,76.00,264.62,0.19,0.00,1.06,0.00,-0.11,0.11,46.69,81.00,123.00,-1.19,-1.44,-0.81,8,3
1772043450.539008,789007,0.01,0.18,0.12,58.50,75.94,264.62,1.00,-0.06,2.44,0.00,-0.02,0.07,46.19,81.12,123.06,-1.56,0.62,-0.88,8,2
1772043450.729861,789198,0.00,0.02,0.11,58.63,75.62,264.25,0.00,-1.25,-0.19,0.00,-0.05,0.15,45.50,81.12,123.19,-0.06,0.75,-0.37,9,2
1772043450.920674,789389,-0.03,0.10,0.06,58.81,75.62,264.31,-0.13,-0.75,0.37,-0.01,-0.05,0.12,45.13,81.19,123.25,0.50,-0.37,-0.25,9,3
1772043451.111175,789579,0.02,0.05,0.09,58.75,75.56,264.19,-0.81,-1.00,0.75,0.02,-0.04,0.23,44.81,81.25,123.31,0.69,1.00,-0.56,8,3
1772043451.301703,789770,-0.01,0.08,0.05,61.00,75.62,263.94,-0.50,-7.81,2.81,0.07,0.03,0.10,45.44,81.37,123.12,1.87,-0.81,1.50,8,3
1772043451.492221,789960,-0.02,0.26,0.11,64.94,75.75,262.87,7.31,-8.63,3.19,-0.03,-0.06,0.02,43.94,81.00,122.00,8.00,-2.87,0.19,7,3
1772043451.682815,790151,-0.15,-0.16,0.07,64.87,75.31,260.56,6.81,5.00,0.69,0.03,-0.04,0.10,44.13,81.06,121.50,-1.25,0.75,0.06,7,3
1772043451.872374,790341,0.08,-0.02,0.15,59.44,74.81,260.50,1.81,4.87,-0.62,0.09,-0.04,0.15,45.00,81.19,121.69,-1.25,-1.62,-0.06,6,3
1772043452.064030,790532,-0.01,0.14,0.14,58.19,74.75,260.81,-1.25,0.56,-0.75,0.00,0.02,0.00,46.00,81.31,121.81,-0.88,-0.44,-0.37,6,3
1772043452.254781,790723,0.00,-0.02,0.10,57.13,74.62,260.94,-1.25,0.69,-0.62,0.00,-0.06,0.07,46.19,81.31,121.94,-2.00,-1.12,-0.44,5,2
1772043452.445164,790913,0.00,0.04,0.05,57.06,74.75,261.69,-3.75,0.06,-1.31,0.00,-0.01,0.13,47.63,81.44,122.37,-2.37,-1.19,0.31,5,3
1772043452.635261,791103,-0.17,0.00,-0.15,57.00,74.94,262.44,-1.50,2.75,-0.37,-0.05,-0.03,0.15,51.63,81.62,122.62,-4.37,-2.75,2.81,5,3
1772043452.824861,791293,0.13,0.25,0.10,53.69,75.06,263.50,-3.12,0.75,-3.00,0.03,0.01,0.08,54.63,81.62,122.56,1.12,-0.13,0.13,4,2
1772043453.016828,791485,0.01,-0.04,0.12,53.31,75.00,263.31,3.25,0.62,3.12,0.00,-0.08,0.13,53.81,81.62,122.44,0.88,1.06,-0.13,5,2
1772043453.207463,791676,-0.02,-0.16,0.01,52.25,74.56,262.75,2.00,3.94,2.69,0.00,-0.12,0.17,57.06,81.56,122.50,-0.62,0.50,0.00,5,2
1772043453.398192,791867,0.02,0.00,0.10,51.56,74.37,262.87,0.25,-1.12,2.00,0.03,-0.02,0.10,56.31,81.56,122.62,-0.44,0.56,-1.12,5,2
1772043453.588983,792057,-0.06,0.00,0.01,52.44,74.37,262.69,0.37,2.00,-1.56,0.01,0.01,0.15,55.69,81.56,122.81,-0.62,0.56,-0.56,6,2
1772043453.778645,792247,0.00,0.06,0.05,51.50,74.25,262.81,0.56,0.00,0.37,0.00,-0.02,0.11,55.06,81.56,122.94,-0.31,1.37,0.31,6,2
1772043453.970282,792439,0.04,0.00,0.07,51.13,74.19,262.81,-1.37,1.06,-0.88,0.02,-0.04,0.13,54.81,81.44,123.06,-0.69,-0.37,0.19,6,2
1772043454.160761,792629,0.05,0.08,0.06,50.75,74.31,263.19,0.69,-0.88,-0.69,0.00,0.00,0.12,54.06,81.31,123.00,0.94,1.00,-0.44,7,2
1772043454.351306,792820,-0.15,-0.03,0.05,51.00,74.25,262.87,0.69,1.87,0.88,-0.01,0.03,0.05,53.19,81.44,123.00,-1.75,0.81,-1.62,7,2
1772043454.541432,793010,0.01,-0.07,0.07,50.94,73.87,262.69,1.69,-2.62,-1.06,0.03,-0.04,0.08,52.06,81.44,123.06,2.37,0.50,0.75,7,2
1772043454.732610,793201,-0.04,-0.03,0.02,51.50,74.12,262.62,-1.87,-1.50,-1.12,0.00,0.00,0.08,52.19,81.37,123.06,-0.31,0.75,-0.19,7,2
1772043454.923535,793392,-0.04,0.00,0.01,51.88,74.19,262.81,-0.06,-1.44,0.00,-0.02,-0.09,0.11,51.25,81.25,123.06,0.81,1.19,-0.62,7,2
1772043455.113781,793582,-0.02,0.04,0.04,52.00,74.19,262.87,-1.50,0.56,0.13,0.00,-0.03,0.13,50.50,81.31,123.19,0.25,1.25,-0.81,7,2
1772043455.304606,793773,-0.04,0.00,0.05,52.19,74.06,262.81,-0.06,-0.37,0.69,0.02,-0.06,0.13,49.69,81.37,123.31,-0.06,0.13,-0.37,7,2
1772043455.495448,793964,-0.03,0.02,0.01,52.13,74.00,262.87,-1.19,1.12,-1.19,0.00,-0.01,0.10,49.75,81.37,123.37,-0.31,-0.62,-0.13,6,1
1772043455.685833,794154,0.02,-0.03,0.05,51.31,73.94,263.06,-0.44,1.25,-0.44,0.06,-0.03,0.12,49.81,81.44,123.37,0.00,1.12,-0.19,5,2
1772043455.876532,794345,-0.03,0.07,0.07,50.56,73.87,263.25,-0.69,0.94,-0.50,0.02,0.02,0.19,50.38,81.44,123.56,-2.37,0.56,0.25,5,2
1772043456.066926,794535,-0.03,0.05,0.07,50.06,73.94,263.44,0.25,-0.25,-1.81,0.01,-0.03,0.15,50.69,81.31,123.50,-0.25,1.37,0.00,4,2
1772043456.257188,794726,-0.01,0.08,0.05,50.19,74.06,263.62,0.19,-1.31,-0.94,0.04,-0.01,-0.02,50.44,81.25,123.44,3.25,1.94,0.62,4,2
1772043456.447756,794916,0.04,0.09,0.13,49.81,74.25,263.50,3.12,-8.56,4.06,-0.02,-0.01,0.14,44.44,80.50,122.75,4.44,4.06,-0.94,4,2
1772043456.638793,795107,-0.12,-0.16,-0.14,55.19,74.37,262.25,-1.75,-0.88,0.81,-0.01,0.01,0.23,41.69,80.19,122.75,-1.50,1.00,-0.19,3,2
1772043456.829881,795298,-0.04,0.06,-0.07,56.13,74.44,262.62,-0.56,-1.31,-0.62,0.00,-0.03,0.09,41.06,80.06,122.94,-0.31,0.06,-0.13,3,2
1772043457.020286,795489,-0.06,0.00,0.05,56.25,74.50,262.62,-1.19,-1.50,-0.44,0.00,-0.06,0.03,41.06,80.00,123.00,-0.62,-0.06,0.19,3,2
1772043457.210272,795679,0.03,0.09,0.04,56.69,74.69,263.00,-2.12,-1.56,-0.19,-0.03,-0.05,0.08,40.63,79.87,123.06,0.06,1.00,-0.13,3,2
1772043457.401135,795870,0.00,0.12,-0.03,57.69,74.75,263.12,-1.75,-1.06,-0.88,0.00,0.00,0.09,40.13,79.75,123.25,-0.94,1.50,-0.31,4,2
1772043457.591945,796060,-0.06,0.00,-0.01,58.00,74.75,263.12,1.31,-1.06,1.00,-0.02,-0.02,0.06,39.25,79.56,123.31,-0.31,1.00,0.44,4,1
1772043457.782694,796251,-0.03,0.01,0.02,58.00,74.87,263.06,-0.44,-0.31,-1.75,0.00,-0.08,0.05,40.06,79.50,123.25,-1.19,-0.37,0.81,5,1
1772043457.972697,796441,0.00,0.06,0.05,57.56,75.12,263.62,-1.50,-0.69,-1.44,0.05,-0.07,0.09,40.50,79.50,123.37,-1.06,-0.13,0.06,5,1
1772043458.163522,796631,-0.02,0.04,0.03,57.69,75.19,263.87,-1.37,-0.06,-1.37,-0.02,-0.03,0.05,40.88,79.56,123.62,-2.12,-1.62,-1.06,6,1
1772043458.354235,796823,-0.08,0.03,0.01,58.06,75.25,264.31,-2.62,0.75,0.00,-0.02,-0.03,0.08,42.38,80.00,124.12,-1.12,-0.56,0.19,7,1
1772043458.545294,797014,-0.02,0.01,-0.04,58.13,75.37,264.50,-0.31,-0.94,-2.94,0.01,-0.07,0.16,42.69,79.81,124.00,0.50,-0.19,0.37,7,1
1772043458.735867,797204,-0.02,0.09,-0.02,57.63,75.50,264.75,0.13,1.31,1.19,-0.04,-0.14,0.14,42.75,79.75,123.94,1.25,-0.94,-0.56,7,1
1772043458.925841,797394,0.02,0.00,0.04,56.88,75.31,264.56,-0.31,1.37,-0.69,0.02,-0.05,0.13,43.06,79.81,123.94,-1.19,-0.94,-1.31,7,2
1772043459.115756,797584,-0.07,0.08,0.07,57.06,75.00,264.44,1.00,1.75,1.44,-0.04,0.00,0.10,43.31,80.00,124.31,-1.31,-1.37,0.25,6,1
1772043459.307547,797776,0.03,-0.03,0.02,57.06,75.12,264.31,-0.81,-1.87,-1.50,0.02,-0.02,0.06,44.19,79.69,124.06,-1.87,0.81,1.69,6,2
1772043459.498317,797967,0.00,0.16,0.01,57.56,75.37,264.69,0.69,-1.44,-0.37,-0.02,-0.06,0.03,44.13,79.37,123.81,2.12,0.94,0.69,5,2
1772043459.688990,798158,-0.02,0.08,0.01,57.38,75.31,264.00,6.06,-1.19,1.19,0.00,-0.12,0.13,43.63,79.00,123.31,3.50,4.12,1.69,5,2
1772043459.880080,798348,-0.06,0.01,0.00,57.44,75.31,263.44,-0.94,0.25,-0.25,-0.01,-0.01,0.11,42.50,78.87,123.06,-0.13,-0.44,-1.31,5,2
1772043460.069548,798538,-0.02,0.01,0.05,57.38,75.25,263.44,0.75,0.25,1.12,0.00,-0.03,0.06,42.50,79.00,123.25,-0.37,-0.06,-0.56,3,2
1772043460.260756,798729,0.03,0.05,0.07,57.31,75.12,263.31,0.00,0.62,0.13,-0.02,-0.02,0.10,41.94,79.00,123.25,0.37,0.94,-0.69,3,3
1772043460.451804,798920,0.03,0.09,0.06,57.44,75.06,263.19,-0.19,-0.06,1.00,-0.04,-0.01,0.07,41.38,79.06,123.25,0.81,0.37,-0.31,3,3
1772043460.642911,799111,-0.04,-0.01,0.00,58.38,75.00,262.87,-0.50,-0.31,0.44,0.00,-0.04,0.10,41.38,79.06,123.25,-1.19,-0.62,-0.19,3,3
1772043460.834085,799302,-0.05,0.07,0.00,58.50,75.06,263.12,-1.12,0.13,-0.75,0.01,-0.01,0.11,41.63,79.06,123.44,-0.81,0.13,-0.13,4,3
1772043461.025075,799494,-0.03,0.12,0.05,58.31,75.06,263.25,-0.37,0.25,0.69,0.06,0.04,-0.21,41.44,79.00,123.50,-1.62,-0.56,1.19,6,4
1772043461.217086,799685,-0.19,-0.17,0.01,58.00,74.94,263.00,0.88,-7.94,-2.12,-0.09,-0.01,0.00,41.56,78.00,123.12,-1.12,-1.94,0.88,6,3
1772043461.406736,799875,0.20,0.23,-0.02,59.06,75.62,263.87,-2.69,0.81,-0.06,-0.06,-0.07,0.26,40.63,77.62,123.44,-1.06,2.87,0.88,7,3
1772043461.597023,800065,-0.14,0.01,-0.06,61.00,75.94,263.56,3.81,-1.87,-0.13,0.00,-0.07,0.09,40.50,77.12,122.81,1.37,-0.31,1.00,7,3
1772043461.786480,800255,-0.02,0.02,0.08,60.00,75.87,263.37,-0.44,1.87,0.56,-0.03,0.00,0.03,41.50,77.44,123.00,-2.69,-2.44,-1.19,7,3
1772043461.975396,800444,-0.01,0.13,0.05,60.13,75.75,263.62,0.75,-1.75,0.94,0.00,-0.03,0.07,40.94,77.37,123.06,1.81,0.88,1.37,7,3
1772043462.167998,800636,-0.01,-0.05,-0.03,60.44,75.81,263.25,-0.75,0.56,-0.69,-0.02,-0.07,0.14,41.00,77.25,122.94,-0.69,-0.13,-0.44,7,3
1772043462.358443,800827,-0.28,0.02,-0.20,60.38,75.87,263.25,5.56,2.06,1.50,-0.01,0.01,0.17,41.94,77.37,122.81,1.06,-2.06,2.19,8,3
1772043462.549434,801018,-0.01,0.00,0.16,56.25,75.50,262.44,5.81,2.62,-2.00,0.02,-0.03,0.00,43.69,77.37,121.81,4.56,-0.56,1.56,8,3
1772043462.739000,801208,-0.03,0.07,0.02,53.81,75.19,261.94,0.19,2.81,1.12,-0.01,-0.01,0.04,43.69,77.69,121.87,0.31,-1.12,-2.37,6,2
1772043462.927859,801397,0.07,0.07,0.07,50.75,74.31,261.31,6.50,7.69,2.25,0.00,-0.07,0.12,43.13,77.81,121.81,0.75,0.19,-0.56,5,2
1772043463.121313,801590,0.04,-0.01,0.18,48.63,73.37,260.50,1.12,-0.06,2.12,-0.04,0.02,0.03,42.00,78.06,122.06,1.25,-0.31,-1.81,6,2
1772043463.312622,801781,-0.02,-0.05,0.08,50.00,73.19,260.06,-0.88,-2.19,0.06,-0.02,0.06,0.03,41.25,78.37,122.19,0.56,0.37,-1.50,5,2
1772043463.502682,801972,0.00,-0.04,0.09,51.19,73.19,259.87,0.06,-2.69,0.81,0.00,0.00,0.09,40.75,78.37,122.31,0.94,0.75,-0.06,6,2
1772043463.693023,802161,-0.19,-0.17,-0.04,52.50,73.37,259.94,-2.00,-0.88,-0.56,0.00,0.06,0.16,41.63,78.50,122.69,-8.56,1.31,-0.62,6,2
1772043463.881868,802351,0.08,0.29,0.02,52.44,73.44,261.37,-1.50,-1.87,0.69,-0.04,-0.02,0.02,41.69,78.44,123.06,0.81,-1.06,1.25,7,2
1772043464.074482,802543,-0.01,-0.02,0.08,52.31,73.50,261.06,-0.69,2.50,-1.37,-0.04,0.01,0.04,42.88,78.56,123.00,0.19,1.81,0.56,7,2
1772043464.267828,802736,0.00,0.00,0.04,51.31,73.56,261.31,-0.06,-2.62,0.81,-0.01,-0.01,0.06,42.38,78.50,123.06,-1.19,-0.13,-1.06,7,2
1772043464.457670,802926,-0.01,-0.02,0.03,52.19,73.56,261.12,1.31,-1.69,-1.31,-0.02,0.00,0.10,42.38,78.44,123.06,0.00,0.69,0.62,7,2
1772043464.650380,803119,-0.04,-0.10,0.06,52.75,73.81,261.25,-1.81,-2.44,-0.44,-0.01,-0.06,0.11,41.75,78.31,123.00,1.12,1.75,0.62,8,2
1772043464.841829,803310,0.00,0.21,-0.01,53.88,73.87,262.19,-2.62,-0.56,-2.56,0.01,0.02,0.13,42.06,78.31,123.00,-0.06,0.25,-0.44,8,2
1772043465.033095,803502,-0.08,-0.05,-0.02,53.56,74.00,261.81,4.19,-0.69,1.62,-0.02,-0.06,0.06,41.88,78.25,122.62,0.62,0.44,-0.31,6,2
1772043465.223659,803692,0.00,0.06,0.05,53.06,73.87,261.69,-1.44,1.00,-0.13,-0.02,0.01,0.10,41.69,78.37,122.81,0.13,0.19,-0.13,6,2
1772043465.414707,803883,-0.02,-0.04,0.04,52.81,73.81,261.62,-0.06,0.75,-0.06,-0.01,-0.02,0.06,41.75,78.37,122.81,-0.37,0.06,-0.62,6,2
1772043465.605380,804074,-0.03,-0.02,0.05,52.75,73.81,261.75,-0.13,0.13,-1.00,0.00,0.00,0.08,41.81,78.37,122.81,-0.31,0.50,-0.50,5,2
1772043465.796023,804264,-0.04,-0.07,0.06,52.75,73.75,261.69,0.69,-0.50,-0.44,0.01,-0.01,0.05,41.88,78.37,122.94,-0.75,-0.06,0.44,5,2
1772043465.986392,804455,-0.05,-0.13,0.00,52.63,74.06,261.94,0.25,-2.75,-4.25,-0.01,-0.02,0.07,43.63,78.06,122.69,0.25,-0.44,1.69,5,1
1772043466.176869,804645,0.06,0.06,0.00,52.31,74.50,262.56,-0.06,-0.75,-0.31,-0.04,-0.10,0.13,44.38,78.12,122.69,0.00,0.19,-0.56,6,2
1772043466.367660,804836,-0.06,-0.07,-0.09,52.88,74.62,262.50,1.19,0.62,-0.69,-0.01,-0.08,0.02,44.38,78.06,122.62,-0.06,-0.06,0.19,6,2
1772043466.557843,805027,0.00,0.07,0.05,51.88,74.50,262.81,0.31,0.88,1.19,0.01,-0.02,0.07,43.94,78.12,122.75,0.25,0.56,-1.50,6,1
1772043466.748671,805217,-0.03,-0.09,0.00,52.81,74.19,262.25,1.25,-0.37,1.69,0.00,-0.04,0.09,42.88,78.19,122.87,0.06,0.13,-0.37,6,2
1772043466.939112,805408,0.01,0.01,0.01,52.81,74.12,262.25,-0.19,0.00,-0.37,-0.01,-0.03,0.14,42.88,78.19,122.87,-0.44,0.00,0.13,5,2
1772043467.128756,805597,-0.02,-0.04,0.00,52.81,74.12,262.31,-1.31,0.81,-0.94,0.03,-0.03,0.11,43.44,78.25,123.00,0.13,-1.56,0.62,5,2
1772043467.319476,805788,-0.03,0.02,0.04,52.00,74.31,262.50,3.19,-1.12,1.12,0.01,-0.11,0.11,43.75,78.12,122.69,0.94,0.31,0.25,5,2
1772043467.511207,805980,0.02,0.01,0.04,52.25,74.37,262.37,-1.06,-0.75,-0.31,-0.01,-0.04,0.13,43.69,78.12,122.62,-0.25,-0.19,0.50,5,1
1772043467.701546,806170,-0.03,-0.04,0.00,52.31,74.50,262.44,0.69,0.31,-0.81,0.00,-0.06,0.14,44.00,78.06,122.56,-0.50,-0.19,0.19,6,3
1772043467.892283,806361,-0.03,0.07,-0.01,52.06,74.50,262.50,0.19,-0.06,-0.06,0.00,-0.11,0.10,44.19,78.06,122.56,-1.00,-1.81,0.37,7,3
1772043468.082507,806551,0.03,0.06,0.06,51.69,74.50,262.62,0.50,1.00,0.62,-0.04,-0.03,0.07,44.38,78.12,122.56,-0.44,-0.13,0.06,6,3
1772043468.273405,806742,0.01,0.05,0.00,51.63,74.50,262.56,-0.81,0.00,-0.44,-0.02,-0.11,0.11,44.38,78.12,122.56,-0.56,-0.25,0.31,6,3
1772043468.463761,806933,0.01,0.10,0.01,51.50,74.62,262.81,-0.31,0.56,0.19,0.00,-0.08,0.13,44.38,78.12,122.56,0.44,0.13,-0.56,8,4
1772043468.654579,807123,-0.01,0.00,0.07,51.88,74.44,262.62,-0.44,1.06,0.75,0.00,-0.12,0.14,43.75,78.25,122.81,-1.00,-0.62,-1.31,9,4
1772043468.845062,807314,0.01,0.05,0.06,52.19,74.31,262.62,0.75,-1.06,2.25,-0.03,-0.03,0.05,43.13,78.31,122.87,0.94,0.19,-0.37,9,4
1772043469.036003,807504,0.03,-0.01,0.02,52.94,74.12,262.25,-0.94,-0.19,0.62,-0.01,-0.08,0.13,42.75,78.37,122.94,-0.19,0.00,-0.06,9,4
1772043469.226754,807695,-0.03,0.08,-0.04,53.19,74.19,262.31,-0.50,0.81,-0.31,-0.01,-0.06,0.10,42.81,78.37,122.94,-0.13,-0.37,-0.44,12,6
1772043469.416868,807886,0.03,0.02,0.07,52.50,74.00,262.31,0.56,1.12,0.69,0.02,-0.08,0.12,42.81,78.37,122.94,0.75,0.44,-0.62,11,7
1772043469.607238,808076,0.05,0.10,0.10,52.00,73.87,262.37,-0.19,1.56,0.50,0.00,-0.04,0.09,43.06,78.50,123.00,0.06,0.19,0.00,10,5
1772043469.798425,808267,0.00,-0.03,0.09,52.13,73.75,262.19,-1.31,0.13,0.19,0.00,-0.07,0.11,43.13,78.50,123.06,-0.44,0.31,-0.25,9,5
1772043469.989105,808458,-0.03,0.09,-0.04,52.69,73.94,262.31,0.62,-0.62,0.75,-0.02,-0.08,0.13,43.13,78.50,123.06,0.62,-0.13,0.00,9,5
1772043470.179431,808648,0.00,0.11,0.04,52.63,73.81,262.12,0.00,0.56,0.44,-0.07,0.01,0.10,42.81,78.50,123.06,0.19,-1.00,-0.81,8,6
1772043470.370408,808839,-0.03,0.05,0.12,52.13,73.56,261.81,1.69,3.19,1.06,-0.04,0.00,0.07,42.50,78.69,123.19,0.25,-1.25,-0.69,6,5
1772043470.560852,809030,-0.02,0.00,0.03,51.56,73.19,261.31,1.62,-0.56,1.06,0.00,-0.02,0.11,42.56,78.69,123.06,1.44,-0.62,-0.06,5,4
1772043470.751446,809220,0.05,0.04,0.12,51.13,72.87,260.75,2.25,1.44,1.00,-0.04,-0.04,0.08,42.63,78.75,123.00,0.19,-0.06,-0.31,5,5
1772043470.941788,809411,-0.02,0.08,0.03,51.38,72.50,259.81,5.25,0.13,4.00,0.03,-0.06,0.09,42.63,78.75,122.94,0.75,0.13,0.44,5,5
1772043471.131923,809601,-0.04,-0.02,0.05,50.88,71.94,257.94,10.44,-0.31,2.00,0.00,0.04,0.15,43.63,78.75,122.75,0.25,-0.62,1.44,3,3
1772043471.323008,809792,-0.11,-0.06,0.02,50.75,71.44,255.87,8.38,-0.56,2.81,-0.01,-0.07,0.14,45.00,78.56,122.44,0.62,-0.81,0.69,4,2
1772043471.513312,809982,0.00,-0.03,0.05,48.75,71.00,253.62,17.62,0.13,1.31,-0.03,-0.16,0.11,45.88,78.50,122.25,0.31,0.81,0.31,4,3
1772043471.704660,810173,0.00,-0.02,0.08,47.50,71.06,253.00,-8.69,1.87,-2.75,-0.01,-0.07,0.12,45.06,78.56,122.44,0.31,0.56,-2.25,4,3
1772043471.894785,810363,-0.06,0.09,-0.03,47.31,71.37,254.06,2.37,-0.50,-1.25,-0.02,0.02,0.08,44.19,78.75,122.37,1.75,-1.25,-1.44,5,3
1772043472.085040,810554,0.09,-0.13,0.19,46.25,70.81,253.75,-1.62,2.44,1.19,-0.04,0.02,0.11,43.25,79.00,122.50,-0.06,-0.88,-1.50,5,2
1772043472.276124,810745,0.00,0.06,0.05,46.75,70.69,254.31,-2.87,0.44,-1.75,-0.02,-0.02,0.05,43.75,79.12,122.62,-1.19,-0.19,0.31,7,2
1772043472.466668,810935,0.10,0.10,0.13,46.38,70.94,254.81,-1.31,-0.88,0.19,-0.03,-0.08,0.14,43.94,79.06,122.81,-0.50,0.25,-0.56,7,2
1772043472.657783,811126,0.04,0.02,0.09,48.44,71.12,255.25,-5.87,-0.50,-1.56,-0.01,-0.01,0.01,43.88,79.25,123.00,-0.31,-0.25,-1.56,7,2
1772043472.847832,811317,-0.02,0.09,-0.03,48.25,71.19,256.00,0.50,2.62,2.00,-0.02,-0.05,0.18,42.81,79.12,123.06,0.75,1.37,-0.44,7,2
1772043473.039047,811508,-0.02,-0.03,0.00,48.31,71.00,255.75,-2.12,-0.56,-0.50,0.00,0.00,0.09,42.75,79.12,123.12,-0.13,-0.50,-0.13,7,2
1772043473.229585,811698,-0.02,0.00,0.07,48.06,71.06,256.00,1.44,1.50,-0.62,-0.01,-0.04,0.11,42.75,79.12,123.12,0.19,-0.19,-0.25,6,2
1772043473.419786,811889,-0.04,0.02,0.05,47.69,71.00,256.12,-0.50,0.69,-1.69,-0.01,0.01,0.10,43.13,79.25,123.19,-0.13,-1.19,-0.37,6,2
1772043473.610896,812080,0.04,0.00,0.12,47.50,71.00,256.19,1.31,-0.19,0.62,-0.02,-0.10,0.11,43.38,79.19,123.12,-1.87,-0.94,0.50,5,2
1772043473.801128,812270,0.03,0.18,0.02,47.69,71.12,256.37,-1.44,0.56,-1.06,0.00,0.00,0.10,44.50,79.44,123.12,1.62,2.12,1.19,5,2
1772043473.992182,812461,-0.02,-0.02,0.04,47.63,71.31,256.50,-2.31,-1.37,-1.87,0.05,-0.01,0.16,44.25,79.19,123.00,-0.81,-1.56,-0.13,5,2
1772043474.182215,812651,0.03,0.16,0.08,47.50,71.50,257.00,0.69,0.75,-1.00,-0.02,-0.01,0.08,44.63,79.25,123.00,0.88,0.88,0.31,4,2
1772043474.373268,812842,-0.08,-0.01,0.04,48.00,71.50,256.56,0.62,-1.06,0.69,0.00,-0.03,0.10,44.38,79.19,122.94,-0.62,-0.75,0.06,4,2
1772043474.564064,813033,0.03,-0.02,0.11,47.88,71.56,256.69,-1.44,-0.62,-1.44,0.00,-0.07,0.15,45.19,79.12,122.87,-0.88,0.37,1.37,4,2
1772043474.754691,813223,-0.04,0.05,-0.01,48.00,71.94,257.06,-0.50,0.37,-0.25,-0.02,0.01,0.09,45.56,79.06,122.87,-1.19,0.13,-0.69,4,2
1772043474.944827,813414,0.00,0.15,0.06,47.50,71.87,257.31,0.31,0.44,-0.56,0.00,-0.06,0.12,45.75,79.12,122.94,-0.13,0.25,0.50,5,2
1772043475.135630,813604,0.02,0.08,0.05,47.56,71.87,257.31,-2.06,-1.06,-0.25,0.00,-0.08,0.12,45.75,79.12,123.00,-0.06,-0.19,-0.56,5,2
1772043475.326038,813795,-0.02,0.04,0.02,48.38,71.94,257.31,-1.56,-1.06,0.56,-0.04,-0.15,0.10,45.38,79.19,123.06,-0.44,1.00,-1.31,6,3
1772043475.516984,813986,0.15,0.26,0.10,47.50,72.37,258.69,-7.00,-0.06,-4.87,0.01,-0.03,0.03,45.00,79.31,123.37,-0.56,0.19,0.88,6,4
1772043475.707626,814176,-0.07,0.13,-0.02,47.63,72.81,259.19,1.31,-0.69,1.81,0.01,-0.04,0.13,45.31,79.25,123.25,1.06,0.13,0.13,7,4
1772043475.897973,814367,-0.04,0.00,0.00,47.88,72.62,258.50,0.81,0.00,0.81,0.00,-0.11,0.13,45.06,79.12,123.12,-0.19,-0.06,0.13,7,3
1772043476.088682,814557,0.00,0.12,0.04,47.69,72.62,258.62,-1.56,0.88,-0.88,-0.02,-0.05,0.15,45.31,79.12,123.19,-0.44,-0.25,-0.13,6,4
1772043476.279260,814748,0.02,0.03,0.06,47.25,72.50,258.69,0.06,-0.31,1.00,0.03,-0.04,0.11,45.06,79.06,123.19,1.06,0.94,-0.75,7,5
1772043476.469995,814939,0.00,0.09,0.08,47.38,72.37,258.56,0.00,1.06,0.94,0.00,-0.04,0.08,45.00,79.12,123.19,0.13,0.37,-0.13,6,4
1772043476.661357,815130,-0.03,0.04,0.03,47.44,72.25,258.31,-0.50,-0.13,0.62,-0.03,-0.05,0.12,44.75,79.06,123.19,-0.25,0.13,-0.13,6,4
1772043476.851837,815321,-0.03,0.04,0.04,47.75,72.12,258.25,-1.31,0.31,-0.31,0.00,-0.02,0.09,44.75,79.06,123.25,-1.00,-0.06,-0.13,6,4
1772043477.042723,815511,-0.06,-0.02,0.05,47.88,72.19,258.31,-0.50,-0.37,-1.31,-0.01,0.00,0.11,44.88,79.00,123.25,-0.75,-0.44,-0.31,6,4
1772043477.233200,815702,-0.04,0.08,0.05,48.00,72.19,258.44,0.37,-0.88,-0.50,-0.01,-0.01,0.03,44.88,79.06,123.25,1.19,-0.44,0.31,5,3
1772043477.423918,815893,0.01,-0.08,0.08,47.50,72.12,258.19,0.94,-0.37,-0.56,0.00,-0.05,0.11,45.25,79.00,123.00,-0.19,-0.69,0.25,5,2
1772043477.614421,816083,0.00,0.05,0.09,47.31,72.19,258.37,0.25,-0.31,-0.56,0.01,-0.02,0.06,45.50,79.00,123.00,-0.06,-0.31,0.69,5,2
1772043477.805174,816274,0.02,0.06,0.11,47.25,72.25,258.44,0.00,-1.06,-0.19,-0.03,-0.07,0.11,45.75,78.94,122.94,0.31,-0.13,0.44,4,3
1772043477.994906,816464,0.01,0.00,0.05,47.88,72.44,258.50,-1.56,-1.25,-1.31,0.00,0.00,0.09,45.88,78.94,122.94,0.06,0.81,-0.31,5,2
1772043478.184783,816654,0.00,0.06,0.07,47.94,72.44,258.50,1.75,0.50,1.44,-0.02,-0.02,0.15,45.44,78.87,122.94,0.69,0.00,-0.44,4,2
1772043478.376701,816845,-0.12,-0.02,0.06,48.13,72.31,258.31,-0.62,0.13,-0.31,0.01,-0.02,0.09,45.63,78.87,123.12,-1.62,-0.19,0.62,5,1
1772043478.567440,817036,0.04,0.20,0.02,47.19,72.44,258.87,-0.81,0.19,-0.50,0.00,-0.04,0.14,45.69,78.87,123.19,0.56,0.37,-0.56,5,2
1772043478.758633,817227,-0.07,-0.12,0.01,47.44,72.31,258.50,0.50,1.37,0.31,-0.03,-0.03,0.14,45.56,78.94,123.19,0.13,-0.13,-0.56,5,2
1772043478.949161,817418,0.04,0.00,0.11,46.44,72.12,258.62,1.25,1.00,0.50,-0.03,0.01,0.11,45.56,79.00,123.19,0.13,-0.56,-0.31,5,1
1772043479.140239,817609,0.00,0.02,0.12,46.25,72.00,258.56,1.12,0.88,-0.37,-0.03,-0.05,0.08,45.63,79.00,123.19,-0.44,-0.19,0.75,5,2
1772043479.332203,817801,0.00,0.05,0.06,45.94,72.12,258.81,-1.12,-0.50,-1.06,-0.01,-0.07,0.06,45.88,78.94,123.25,-0.44,-0.13,0.25,5,2
1772043479.523843,817993,-0.03,0.01,0.00,46.38,72.25,259.06,-2.06,-1.12,0.56,-0.02,-0.04,0.12,45.94,79.00,123.31,-0.37,-0.44,-0.37,5,2
1772043479.713097,818182,-0.05,0.13,-0.03,47.00,72.31,259.31,0.56,0.44,1.37,0.00,-0.07,0.18,45.44,79.00,123.37,0.25,1.56,-0.56,4,2
1772043479.903419,818372,0.00,0.03,0.05,47.19,72.12,259.06,0.19,0.56,1.00,-0.01,-0.03,0.14,45.00,79.06,123.50,-0.06,-0.06,-0.25,5,2
1772043480.095019,818564,-0.08,0.04,0.04,47.13,72.06,259.00,0.06,0.00,-0.69,-0.03,-0.04,0.13,45.06,79.06,123.56,-0.31,0.44,-0.81,6,3
1772043480.286891,818756,0.05,0.08,0.04,47.31,71.94,259.00,0.81,-0.37,1.81,0.00,-0.15,0.10,43.94,79.19,123.69,0.88,-1.06,-0.94,7,4
1772043480.478439,818948,0.01,0.03,0.10,47.44,71.75,258.62,-0.44,0.62,0.62,0.00,0.00,0.12,44.00,79.19,123.62,0.13,-0.37,0.37,7,4
1772043480.670724,819140,-0.02,0.00,0.04,47.38,71.75,258.50,1.25,0.13,0.56,-0.01,-0.03,0.10,43.94,79.19,123.50,0.56,0.00,0.19,7,3
1772043480.862479,819332,0.00,0.02,0.10,47.25,71.75,258.44,0.13,0.37,-0.19,-0.04,-0.05,0.14,43.94,79.19,123.50,0.31,-0.44,0.50,7,5
1772043481.054703,819524,-0.06,0.08,0.06,47.63,71.81,258.44,-0.75,-0.81,0.13,0.05,-0.09,0.20,43.88,79.19,123.50,0.62,1.56,-0.13,7,5
1772043481.244640,819714,-0.09,0.12,0.04,47.88,71.94,258.44,0.62,-0.25,0.81,0.03,0.00,0.15,44.31,79.25,123.50,0.06,0.19,0.81,7,4
1772043481.437472,819906,0.00,0.03,0.09,47.50,71.94,258.37,-0.56,0.19,-1.75,0.00,-0.08,0.12,44.69,79.19,123.37,-1.06,0.44,-0.06,7,4
1772043481.630501,820099,-0.06,0.09,0.01,47.81,72.06,258.50,-0.44,-1.12,-0.37,0.00,-0.09,0.13,44.81,79.19,123.44,-0.50,-0.19,0.69,9,5
1772043481.822735,820292,0.05,0.13,0.02,47.69,72.12,258.62,-1.31,-0.62,-0.13,0.00,-0.14,0.19,44.69,79.12,123.37,0.62,0.50,-0.19,9,5
1772043482.011807,820481,0.01,0.12,0.06,47.81,72.12,258.69,0.00,1.25,1.06,0.01,-0.03,0.14,44.56,79.12,123.37,0.13,0.44,-0.37,8,3
1772043482.205484,820674,-0.02,0.03,0.07,47.88,72.00,258.44,-0.50,-0.37,0.69,0.00,-0.05,0.11,44.38,79.00,123.37,-0.37,-0.50,0.13,7,2
1772043482.396788,820866,0.00,0.10,0.02,47.75,72.06,258.69,-0.88,0.75,-1.00,-0.03,-0.04,0.13,44.38,79.00,123.44,-0.13,-0.06,0.06,8,4
1772043482.588042,821057,0.03,0.02,0.11,47.38,72.00,258.75,-0.37,0.75,0.75,0.01,-0.08,0.09,44.31,78.94,123.44,0.81,-0.81,0.25,8,5
1772043482.779494,821249,-0.01,0.22,0.04,47.25,72.19,259.00,-1.50,0.31,0.56,0.02,-0.01,0.08,44.50,78.94,123.44,0.00,0.56,-0.19,7,4
1772043482.970781,821440,-0.03,0.00,0.06,47.56,72.12,258.75,-0.62,-1.00,0.37,0.00,-0.05,0.13,44.31,78.94,123.37,-0.88,0.44,-0.06,8,3
1772043483.162602,821632,-0.04,0.08,0.03,47.88,72.25,259.00,-1.19,0.00,-1.12,0.01,-0.03,0.11,44.38,78.87,123.50,-0.50,-0.31,0.25,8,3
1772043483.351996,821821,0.00,0.05,0.07,47.69,72.31,259.12,-0.31,0.13,0.37,-0.12,0.00,0.07,44.19,78.94,123.56,-0.37,0.31,-0.81,7,4
1772043483.544540,822014,-0.04,0.10,0.08,47.63,72.19,259.06,-0.44,0.69,-0.19,0.00,-0.01,0.10,44.06,79.00,123.56,0.13,0.56,-0.13,6,4
1772043483.737888,822207,0.01,-0.01,0.07,47.63,72.12,258.87,-0.37,-1.31,0.19,-0.01,-0.02,0.10,43.94,79.00,123.56,0.50,-0.50,0.37,6,3
1772043483.930918,822400,0.00,-0.11,0.09,47.69,72.19,258.75,0.19,1.75,-0.88,-0.03,0.00,0.17,44.75,78.87,123.50,-0.50,-1.00,0.19,6,4
1772043484.121641,822591,-0.02,0.12,0.05,47.63,72.37,259.00,0.44,-1.31,0.88,0.02,-0.08,0.10,44.81,78.87,123.37,0.50,0.50,0.19,7,4
1772043484.313408,822782,-0.01,0.08,0.11,47.63,72.44,258.94,-0.88,-0.37,-2.19,-0.01,-0.03,0.13,45.00,78.94,123.37,0.13,-0.25,0.31,5,2
1772043484.503940,822973,-0.01,-0.02,0.06,48.06,72.62,259.00,0.13,-2.06,0.00,0.00,-0.04,0.09,45.00,78.87,123.31,0.00,0.00,-0.06,5,1
1772043484.694815,823164,-0.03,0.03,0.00,48.63,72.87,259.12,-1.06,-1.50,-0.94,0.00,-0.06,0.14,45.06,78.87,123.37,-0.62,0.19,0.37,4,2
1772043484.885488,823355,-0.01,0.11,0.00,48.69,72.94,259.25,-0.25,0.81,0.50,0.04,-0.11,0.18,44.81,78.81,123.44,-0.06,0.94,0.13,4,2
1772043485.076349,823545,-0.02,0.07,0.08,48.38,72.75,259.06,-0.25,1.00,-1.00,-0.01,-0.04,0.13,44.75,78.75,123.37,0.75,0.00,-0.25,4,2
1772043485.267621,823737,-0.05,-0.05,0.13,48.25,72.62,258.87,0.94,0.31,1.00,-0.02,-0.05,0.13,44.63,78.69,123.37,-1.00,-0.62,-0.56,5,2
1772043485.457816,823927,0.00,0.12,0.02,48.13,72.75,259.19,-1.12,-1.44,-1.56,0.01,-0.09,0.11,44.50,78.56,123.37,-0.56,-0.44,0.13,5,2
1772043485.648287,824117,0.00,0.04,0.05,48.25,72.81,259.25,-0.25,-0.25,0.13,0.06,-0.15,0.11,44.25,78.56,123.50,-2.31,0.75,-3.25,5,2
1772043485.838052,824307,0.11,0.15,0.14,48.19,72.44,259.62,-1.94,1.06,-2.00,0.02,0.01,0.17,43.50,78.81,124.19,2.44,-0.62,0.69,5,2
1772043486.028906,824498,-0.08,-0.14,0.04,47.88,72.62,259.44,2.31,-0.56,0.56,0.00,-0.06,0.12,43.94,78.69,123.81,0.00,0.25,-0.13,4,2
1772043486.219725,824689,-0.05,0.04,0.06,47.63,72.69,259.50,1.00,-1.50,-0.31,0.00,-0.08,0.07,44.06,78.69,123.75,-0.31,0.06,-0.13,4,2
1772043486.410039,824879,0.02,0.08,0.06,47.50,72.69,259.56,0.00,-0.88,0.50,0.00,-0.04,0.13,44.06,78.69,123.75,0.62,0.25,-0.37,4,2
1772043486.600445,825070,0.00,-0.02,0.08,47.50,72.50,259.44,0.31,1.87,0.06,0.00,-0.03,0.12,43.63,78.75,123.87,0.37,0.31,-1.06,5,2
1772043486.791348,825260,-0.02,-0.04,0.11,47.19,72.19,259.25,0.88,0.69,0.88,-0.01,-0.04,0.12,43.38,78.81,123.94,0.31,-0.19,0.44,5,2
1772043486.981913,825451,-0.03,0.14,-0.01,47.38,72.37,259.31,1.37,-2.19,-0.56,-0.01,-0.10,0.12,43.75,78.75,123.62,1.87,-0.06,1.31,4,2
1772043487.172564,825642,0.02,0.00,0.10,47.31,72.44,259.00,0.69,-0.06,0.62,-0.02,-0.04,0.09,43.88,78.69,123.44,-0.50,0.06,-0.62,4,2
1772043487.362990,825832,-0.02,0.00,0.03,47.38,72.44,259.06,0.94,-0.50,0.50,-0.03,0.00,0.06,44.13,78.75,123.44,0.69,-0.88,0.44,4,2
1772043487.553666,826023,0.06,0.00,0.14,47.38,72.50,259.06,0.56,-1.62,0.37,-0.03,-0.04,0.10,43.88,78.75,123.25,0.94,-0.13,0.25,4,2
1772043487.744476,826213,-0.04,0.00,0.00,48.56,72.87,259.06,-1.19,-1.87,-1.31,-0.03,-0.08,0.11,44.13,78.69,123.19,-0.56,0.25,0.94,4,2
1772043487.934887,826404,0.00,0.10,0.04,48.44,73.19,259.75,-2.00,0.06,-1.87,-0.03,-0.07,0.08,44.50,78.62,123.25,-1.06,0.31,0.06,5,2
1772043488.125650,826595,0.01,0.03,0.04,48.88,73.37,260.00,-0.06,-1.87,0.37,-0.02,-0.10,0.11,44.63,78.62,123.25,0.81,-0.44,0.81,5,2
1772043488.316415,826786,-0.05,0.03,0.02,49.31,73.56,260.00,0.25,-0.75,0.75,-0.04,-0.09,0.13,44.44,78.50,123.19,0.13,-0.19,-0.25,4,2
1772043488.506858,826976,0.09,0.04,0.10,48.94,73.44,260.12,-0.44,0.69,-0.31,-0.01,-0.08,0.11,44.31,78.50,123.19,-0.37,0.00,0.00,4,1
1772043488.697180,827167,0.00,0.09,0.04,48.69,73.50,260.31,-0.62,0.50,0.06,0.00,-0.04,0.05,44.25,78.44,123.19,0.19,0.06,-0.25,4,2
1772043488.888115,827357,-0.04,-0.03,0.05,49.00,73.37,260.12,0.37,0.62,1.25,0.00,-0.01,0.05,43.94,78.50,123.25,-0.31,-0.13,-0.81,5,1
1772043489.078829,827548,0.02,0.03,0.11,48.88,73.19,260.12,0.88,0.44,1.31,-0.03,-0.02,0.12,43.44,78.56,123.37,-0.25,-0.37,-0.44,4,1
1772043489.269403,827739,-0.02,0.03,0.06,49.06,73.12,260.00,-0.19,0.31,0.06,-0.03,-0.04,0.12,43.50,78.56,123.44,-0.31,0.06,0.00,5,1
1772043489.460041,827929,-0.03,0.00,0.05,49.06,73.12,260.00,0.69,0.50,0.19,-0.01,-0.03,0.08,43.50,78.56,123.44,-0.06,-0.37,-0.31,5,1
1772043489.650243,828120,0.00,0.00,0.09,48.88,73.06,259.94,0.62,0.75,0.88,0.00,0.00,0.07,43.63,78.62,123.50,0.31,-0.37,-0.37,5,1
1772043489.840796,828310,0.00,-0.02,0.17,48.88,72.94,259.81,1.50,0.37,1.37,0.00,-0.04,0.06,43.44,78.62,123.50,-1.06,0.00,-0.56,5,1
1772043490.031715,828501,0.04,0.08,0.10,49.13,72.87,259.81,-0.81,-1.25,0.19,-0.03,0.00,0.13,43.31,78.62,123.69,0.25,0.25,0.56,5,1
1772043490.222727,828692,-0.08,-0.01,0.07,49.75,73.00,259.75,1.06,-1.37,-0.56,-0.01,-0.04,0.17,44.00,78.56,123.50,-0.13,-0.31,0.37,6,2
1772043490.412812,828882,-0.02,0.06,0.02,49.69,73.12,259.87,1.37,-0.62,1.56,-0.01,0.00,0.07,43.88,78.56,123.44,2.00,-0.62,0.06,6,2
1772043490.603582,829073,0.03,-0.04,0.20,49.44,72.94,259.50,1.62,0.62,0.62,-0.02,-0.03,0.12,43.75,78.56,123.25,0.50,-0.50,-0.19,6,1
1772043490.794398,829264,-0.02,0.03,0.06,49.50,73.00,259.44,-0.50,-0.69,-0.94,-0.01,0.00,0.13,44.13,78.69,123.25,-0.13,-0.69,0.50,6,2
1772043490.984936,829454,0.01,0.00,0.10,49.31,73.12,259.62,-0.50,0.50,-0.81,0.00,-0.04,0.12,44.31,78.69,123.31,-0.44,-0.31,0.13,6,2
1772043491.175571,829645,0.04,0.00,0.02,49.06,73.31,259.81,0.81,-0.44,0.44,-0.01,-0.02,0.12,44.44,78.69,123.25,1.06,0.00,-0.06,6,2
1772043491.366313,829836,0.01,-0.07,0.09,48.88,73.25,259.75,1.31,1.12,0.37,-0.03,0.00,0.11,44.38,78.69,123.25,-0.25,-0.56,-0.25,6,1
1772043491.556959,830026,-0.02,0.02,0.03,48.88,73.19,259.75,-0.06,-0.62,0.19,-0.02,-0.03,0.13,44.25,78.69,123.31,-1.06,1.12,0.19,5,2
1772043491.746958,830217,0.00,0.03,0.11,48.94,73.12,259.75,-0.25,0.62,0.37,-0.05,-0.03,0.14,43.81,78.56,123.37,1.37,1.06,0.06,6,2
1772043491.937733,830407,-0.05,-0.01,0.02,49.13,73.06,259.62,-1.44,0.88,0.00,0.01,0.00,0.14,43.50,78.69,123.44,0.31,1.00,-1.00,5,2
1772043492.128565,830598,-0.05,-0.05,0.10,48.94,72.81,259.50,1.31,0.62,1.56,0.00,0.02,0.10,43.31,78.69,123.50,-0.88,0.06,-0.88,5,1
1772043492.319462,830789,-0.01,0.01,0.10,48.81,72.56,259.44,-0.31,-0.44,-1.19,-0.02,-0.01,0.17,43.19,78.75,123.62,0.94,0.69,0.00,5,2
1772043492.510090,830979,-0.09,0.00,-0.02,49.00,72.62,259.37,0.88,0.88,0.94,0.02,-0.07,0.18,42.88,78.75,123.62,0.31,-0.44,-1.00,5,2
1772043492.699542,831169,0.06,0.15,0.10,48.00,72.50,259.25,6.62,-0.25,-2.56,0.00,-0.01,0.13,44.00,78.87,122.81,5.19,-0.13,1.56,4,2
1772043492.890770,831360,-0.04,-0.23,0.12,47.81,72.25,258.31,-1.62,-2.19,0.44,-0.02,0.06,0.11,44.44,78.81,122.62,-0.13,-1.00,-0.88,4,2
1772043493.081808,831551,0.04,0.07,0.20,47.69,72.44,258.81,-1.69,1.56,0.37,-0.03,-0.02,0.15,44.00,78.81,122.87,-1.06,1.06,-1.00,4,2
1772043493.272633,831742,-0.07,0.01,0.02,48.31,72.44,258.87,0.06,-0.62,0.56,0.06,-0.09,0.16,43.38,78.75,122.94,-0.37,1.37,-0.31,3,2
1772043493.463124,831932,0.00,0.16,0.01,48.88,72.44,259.06,-2.75,0.19,0.25,-0.05,0.02,0.12,42.44,78.81,123.37,-0.31,0.88,-1.19,3,2
1772043493.654103,832123,0.02,-0.07,0.04,49.50,72.12,258.81,-1.56,-1.06,-0.31,-0.03,0.03,0.19,41.94,78.81,123.62,-0.44,-0.13,-0.44,3,2
1772043493.844033,832313,0.01,-0.02,0.06,49.31,72.25,258.94,2.12,0.62,-0.50,-0.03,-0.02,0.13,42.38,78.75,123.50,0.19,-0.69,0.31,3,2
1772043494.034908,832504,0.02,0.01,0.15,49.06,72.31,259.00,-1.06,-0.56,-1.44,0.03,-0.04,0.13,42.75,78.69,123.50,-0.13,0.00,0.88,4,2
1772043494.225798,832695,-0.06,0.11,0.05,49.13,72.69,259.50,-1.94,-1.12,-3.37,-0.01,-0.01,0.14,43.81,78.69,123.37,-0.19,-0.31,0.56,4,2
1772043494.416495,832886,0.03,0.02,0.05,49.13,73.00,259.81,-0.25,-2.06,-0.50,-0.03,-0.02,0.15,43.94,78.62,123.31,0.00,-0.75,0.25,5,2
1772043494.606724,833076,0.00,0.07,0.04,49.31,73.25,260.00,-1.75,-0.44,-1.56,-0.03,-0.04,0.15,44.06,78.56,123.37,-0.75,-0.50,-0.13,5,2
1772043494.797233,833267,-0.01,0.11,0.02,49.13,73.25,260.19,0.56,0.50,1.00,0.00,0.00,0.12,43.75,78.44,123.37,-0.69,0.44,-0.44,5,2
1772043494.988505,833458,0.05,0.13,0.14,49.13,73.00,260.19,-1.50,0.44,-0.56,-0.02,0.03,0.11,43.44,78.44,123.62,1.25,0.44,-0.06,5,1
1772043495.179097,833648,-0.05,-0.02,0.07,49.75,73.00,259.81,0.62,-0.88,1.50,0.02,-0.07,0.07,42.75,78.25,123.44,0.06,-0.13,-0.50,6,1
1772043495.369986,833839,-0.01,0.07,0.06,50.13,73.00,259.81,-1.37,-0.31,-1.00,0.00,-0.01,0.12,42.63,78.19,123.50,-0.13,-0.62,0.50,6,1
1772043495.560497,834030,-0.01,0.08,0.06,50.00,73.06,259.94,-0.19,1.06,0.31,0.04,-0.06,0.13,42.63,78.25,123.50,0.56,0.62,-0.44,6,2
1772043495.751110,834221,0.00,0.15,0.10,49.38,72.94,260.00,-0.25,1.12,0.37,0.01,-0.01,0.11,42.81,78.31,123.50,0.19,-0.13,-0.06,6,2
1772043495.942114,834411,0.04,0.05,0.12,49.25,72.81,259.87,-0.31,-0.37,0.19,0.00,-0.03,0.11,42.88,78.31,123.50,-0.50,-0.69,0.13,6,1
1772043496.132568,834602,0.01,0.10,0.07,49.38,72.94,260.00,-0.44,0.37,-0.88,0.00,0.00,0.06,42.94,78.31,123.50,-0.37,-0.37,0.25,6,1
1772043496.323174,834793,0.00,0.06,0.08,49.31,72.94,260.06,-1.06,0.56,-0.25,0.00,-0.04,0.09,43.06,78.31,123.56,0.25,0.69,0.06,5,2
1772043496.513855,834983,-0.01,0.16,0.09,49.25,73.00,260.19,-0.25,0.06,0.94,0.00,-0.03,0.10,42.94,78.31,123.62,0.37,0.69,-0.56,5,2
1772043496.704861,835174,-0.02,0.05,0.04,49.63,72.87,259.94,-0.50,0.31,0.13,-0.01,0.00,0.15,42.88,78.31,123.62,-0.25,-0.06,-0.31,4,2
1772043496.896636,835366,-0.03,0.12,0.03,49.69,72.87,259.94,-0.06,0.00,0.06,-0.01,0.00,0.08,43.13,78.37,123.56,0.19,-0.81,-0.19,4,2
1772043497.088310,835558,0.01,0.07,0.12,49.06,72.69,259.94,0.37,1.12,0.50,-0.10,0.07,0.03,43.00,78.44,123.62,-0.19,-1.06,-0.56,4,3
1772043497.279940,835749,-0.01,0.04,0.10,48.63,72.62,259.94,-0.50,1.25,-0.62,0.00,0.04,0.09,43.31,78.50,123.62,-0.56,-0.06,0.19,5,2
1772043497.472698,835942,-0.07,0.11,0.08,48.69,72.69,260.00,-0.62,-1.37,-0.81,0.02,-0.01,0.04,43.50,78.50,123.62,0.19,-0.50,0.50,5,2
1772043497.663217,836133,0.01,0.10,0.11,48.75,72.81,260.00,-0.69,-1.87,-0.69,0.00,-0.03,0.11,43.63,78.44,123.50,-0.44,0.31,-0.06,5,2
1772043497.854850,836324,0.00,0.07,0.10,49.13,72.87,260.06,-0.37,-0.31,-0.37,0.06,-0.06,0.10,43.69,78.44,123.56,0.00,-0.69,0.31,5,2
1772043498.046848,836516,0.03,0.18,0.07,49.06,73.00,260.12,-0.31,-0.56,-0.69,-0.02,0.00,0.07,43.44,78.50,123.56,1.56,-0.13,-0.62,5,2
1772043498.238934,836708,-0.01,-0.05,0.10,49.56,72.87,259.75,0.69,-0.94,0.31,0.00,-0.04,0.10,43.31,78.50,123.44,-0.31,-0.31,0.00,5,2
1772043498.431581,836901,-0.05,0.08,0.05,49.75,73.06,259.94,-0.62,-0.69,-1.25,0.00,-0.01,0.13,43.63,78.44,123.37,-0.81,-0.37,0.25,5,2
1772043498.622676,837092,0.00,0.12,0.09,49.31,73.06,260.00,-0.37,0.00,0.13,0.03,0.00,0.14,43.63,78.37,123.50,-0.56,-0.31,-0.50,5,2
1772043498.812221,837282,0.05,0.16,0.15,49.06,73.00,260.12,-0.94,0.81,-1.69,0.00,0.01,0.09,43.88,78.50,123.62,0.44,-0.13,0.19,5,2
1772043499.005627,837475,-0.04,0.02,0.06,49.25,73.06,260.06,-0.69,0.06,-0.13,-0.01,-0.06,0.12,43.94,78.44,123.56,-0.44,-0.19,-0.25,5,1
1772043499.198207,837667,0.01,0.12,0.11,49.25,73.06,260.19,-1.75,-0.81,-1.00,0.01,-0.04,0.08,44.25,78.44,123.75,-0.75,-0.19,0.44,5,1
1772043499.389405,837859,-0.02,0.11,0.04,49.25,73.19,260.44,0.37,-0.75,0.44,0.06,-0.01,0.19,44.13,78.44,123.69,0.31,-0.44,-0.25,5,2
1772043499.581121,838050,-0.02,0.09,0.12,49.06,73.19,260.37,-0.25,0.62,-1.12,-0.04,0.01,0.10,44.38,78.50,123.62,-0.44,-0.62,-0.19,4,2
1772043499.772117,838241,-0.06,0.07,0.11,49.00,73.19,260.37,-0.75,-1.12,0.06,0.00,-0.02,0.14,44.38,78.50,123.62,0.19,-0.19,-0.25,5,1
1772043499.962697,838432,0.00,0.06,0.10,49.25,73.12,260.31,-0.31,-0.50,0.00,-0.02,-0.07,0.18,44.38,78.50,123.62,-0.13,-0.31,-0.06,5,1
1772043500.153632,838623,0.01,0.12,0.10,49.19,73.12,260.31,-0.31,0.62,0.25,0.06,-0.07,0.16,44.31,78.50,123.69,0.00,0.37,-0.75,4,2
1772043500.345838,838815,-0.01,0.10,0.11,49.06,72.94,260.25,-0.31,0.88,-0.19,-0.03,0.02,0.09,43.81,78.69,123.87,-0.44,-0.19,-0.94,5,2
1772043500.539144,839008,-0.01,-0.02,0.16,49.00,72.69,260.06,-0.19,-0.50,-0.69,-0.01,0.00,0.14,43.69,78.62,123.87,-0.06,0.75,-0.56,5,2
1772043500.731533,839201,-0.05,0.03,0.04,49.50,72.81,260.06,-0.13,-1.19,0.25,0.00,-0.03,0.17,43.56,78.62,123.87,0.31,-0.19,0.37,5,2
1772043500.922251,839392,0.02,0.08,0.11,49.56,72.94,260.12,0.25,-0.75,-0.62,-0.01,-0.02,0.17,43.94,78.56,123.75,0.56,0.37,0.37,5,3
1772043501.114765,839584,-0.03,0.12,0.08,49.44,73.00,260.19,-0.13,0.13,-1.44,0.01,0.03,0.17,43.75,78.56,123.69,0.88,-0.31,-0.25,5,3
1772043501.305935,839775,-0.02,-0.05,0.06,49.38,73.00,260.00,1.25,-1.75,0.62,-0.02,-0.02,0.12,43.31,78.50,123.50,0.19,-0.13,0.25,5,2
1772043501.496967,839966,0.00,0.03,0.04,49.50,73.19,260.19,-1.25,-0.56,-2.19,-0.01,-0.03,0.13,43.63,78.37,123.44,-0.62,-0.75,0.69,5,2
1772043501.687775,840157,0.03,0.09,0.06,49.00,73.44,260.56,-0.31,0.44,-0.44,-0.03,-0.05,0.11,43.63,78.31,123.44,-0.06,0.19,-0.19,4,2
1772043501.878210,840348,-0.06,0.09,0.06,48.94,73.44,260.62,-0.94,0.25,-1.62,0.01,-0.02,0.13,43.75,78.25,123.44,-0.25,0.31,-0.13,4,3
1772043502.068673,840538,0.00,0.04,0.10,48.69,73.37,260.62,1.12,-0.62,0.69,0.00,-0.07,0.08,43.56,78.19,123.44,0.69,0.31,-0.13,4,2
1772043502.259953,840729,-0.03,0.04,0.04,48.81,73.37,260.62,-0.56,-0.06,-0.25,0.00,-0.03,0.15,43.56,78.19,123.44,-0.06,-0.19,0.06,4,2
1772043502.450491,840920,0.01,0.09,0.04,48.75,73.37,260.69,0.13,-0.19,0.44,0.01,-0.07,0.10,43.56,78.19,123.44,0.37,0.25,-0.37,5,2
1772043502.641602,841111,-0.07,0.00,0.11,48.81,73.19,260.56,0.13,1.37,-0.06,-0.02,-0.01,0.14,43.81,78.31,123.56,-0.25,-0.69,-0.62,5,2
1772043502.831341,841301,0.06,0.10,0.10,48.56,73.19,260.56,1.00,-1.50,0.62,0.00,-0.03,0.10,43.63,78.31,123.50,0.56,0.13,-0.37,4,2
1772043503.022050,841492,-0.06,-0.01,0.07,49.25,73.12,260.31,0.44,0.19,-0.06,-0.01,-0.06,0.12,43.63,78.31,123.50,-0.19,0.19,0.25,4,2
1772043503.212656,841682,-0.01,0.13,0.07,49.19,73.12,260.50,0.00,0.06,0.31,-0.01,-0.04,0.09,43.63,78.31,123.50,0.13,0.06,-0.75,4,2
1772043503.403427,841873,-0.02,0.05,0.07,49.25,73.06,260.37,-0.25,0.44,-0.62,0.00,0.00,0.07,43.38,78.37,123.56,-0.37,-0.31,-0.81,4,2
1772043503.593665,842063,0.02,-0.03,0.13,49.25,72.87,260.31,-0.44,-0.37,-1.00,0.00,-0.01,0.14,43.44,78.37,123.69,-0.13,0.13,-0.13,4,2
1772043503.784016,842254,-0.06,0.04,0.05,49.56,73.06,260.44,0.25,-1.37,0.56,0.00,-0.05,0.13,43.38,78.37,123.69,0.06,-0.31,-0.13,4,2
1772043503.974926,842444,0.06,0.07,0.16,49.13,73.00,260.44,-0.44,0.94,-0.37,-0.03,-0.05,0.15,43.44,78.37,123.69,0.13,0.00,-0.25,4,2
1772043504.165439,842635,-0.05,0.09,0.04,48.94,73.00,260.50,0.25,0.37,-0.69,0.00,0.01,0.12,43.75,78.50,123.56,0.81,-0.31,-0.19,5,2
1772043504.355959,842826,0.04,0.02,0.15,48.31,72.81,260.19,1.75,-1.87,2.37,-0.03,-0.01,0.12,42.81,78.37,123.37,1.87,0.88,-0.88,5,2
1772043504.546580,843016,-0.04,-0.03,0.05,49.44,72.81,259.87,0.06,0.62,-0.19,-0.03,0.00,0.15,42.63,78.44,123.37,-0.69,-0.75,0.56,5,2
1772043504.735998,843205,0.00,0.08,0.09,48.94,73.00,260.25,-0.88,-0.44,-1.62,-0.02,0.00,0.08,43.25,78.50,123.50,-1.62,-0.37,0.31,6,2
1772043504.927683,843397,0.01,0.00,0.06,48.81,73.12,260.50,-0.44,-1.25,-2.31,-0.05,0.01,0.12,43.88,78.50,123.44,1.37,0.88,0.75,6,1
1772043505.118410,843588,-0.08,-0.03,0.00,48.69,73.44,260.56,1.94,-1.31,0.62,-0.04,-0.05,0.14,43.75,78.50,123.37,-0.19,-0.44,0.25,6,1
1772043505.308978,843778,0.00,0.06,0.05,48.38,73.50,260.81,-1.19,-0.19,-1.87,-0.02,-0.10,0.09,44.25,78.44,123.50,-1.12,-0.13,1.12,6,1
1772043505.499256,843969,0.03,0.14,0.06,47.81,73.69,261.25,-0.69,0.31,0.06,-0.04,-0.07,0.12,44.50,78.37,123.50,0.75,0.50,-0.69,6,2
1772043505.689966,844160,-0.02,0.02,0.06,48.06,73.56,261.00,0.69,0.69,0.31,-0.02,-0.01,0.14,43.94,78.44,123.50,0.94,0.44,-1.00,6,2
1772043505.881226,844351,-0.04,-0.07,0.08,47.94,73.25,260.69,1.12,0.25,0.81,-0.04,-0.01,0.13,43.56,78.37,123.50,0.56,-0.06,-0.44,5,1
1772043506.071630,844541,-0.03,0.00,0.09,47.75,73.25,260.69,-0.81,-0.25,-0.75,0.00,-0.05,0.07,43.50,78.37,123.56,-1.12,-0.13,0.37,5,1
1772043506.261960,844732,0.03,0.06,0.08,47.63,73.37,261.00,-0.25,-0.75,-1.06,-0.04,-0.11,0.09,43.56,78.31,123.62,0.25,0.19,0.25,5,2
1772043506.452788,844922,-0.06,0.07,0.00,47.88,73.56,261.06,-0.44,0.50,-1.31,0.01,-0.03,0.12,43.63,78.25,123.62,-0.13,-0.75,-0.37,5,2
1772043506.643255,845113,0.02,-0.05,0.13,47.38,73.44,261.00,0.62,0.00,-0.19,0.00,-0.04,0.10,43.69,78.25,123.56,-0.19,-0.19,-0.13,4,2
1772043506.834438,845304,0.00,0.02,0.10,47.44,73.44,261.06,-0.62,-0.37,-0.81,-0.01,-0.07,0.10,43.75,78.25,123.56,-0.25,-0.13,0.25,4,2
1772043507.024515,845494,0.00,0.03,0.07,47.38,73.50,261.19,-0.19,-0.31,0.00,0.00,-0.11,0.12,43.75,78.25,123.56,-0.19,0.19,0.00,4,2
1772043507.215413,845685,-0.01,0.10,0.08,47.31,73.50,261.19,-0.44,0.69,-1.69,0.01,-0.04,0.09,44.00,78.31,123.62,-0.13,-0.50,-0.31,4,2
1772043507.405921,845876,0.00,-0.03,0.10,47.00,73.44,261.19,0.19,-0.44,0.13,0.00,-0.06,0.07,44.00,78.31,123.62,-0.25,0.13,-0.13,4,2
1772043507.596559,846066,0.00,0.10,0.09,47.06,73.50,261.31,-1.31,-0.13,-1.00,0.00,-0.06,0.12,44.13,78.25,123.69,-0.25,-0.50,0.56,4,2
1772043507.787080,846257,0.00,0.11,0.00,47.13,73.62,261.44,0.62,0.19,0.06,0.00,-0.13,0.16,44.19,78.25,123.56,1.19,0.37,-0.13,5,2
1772043507.978176,846448,-0.06,0.00,0.04,47.31,73.56,261.19,-0.31,-0.44,-0.31,0.01,-0.02,0.07,44.38,78.25,123.44,0.37,-0.25,-0.19,5,2
1772043508.168521,846638,0.00,-0.01,0.10,47.25,73.56,261.06,1.37,-0.81,0.44,0.00,-0.02,0.04,44.50,78.25,123.37,0.94,-0.44,0.06,6,1
1772043508.359359,846829,0.00,0.02,0.05,47.50,73.81,261.12,-1.56,-2.00,-2.31,-0.02,-0.07,0.10,45.19,78.19,123.19,-0.44,-0.75,1.25,6,1
1772043508.549960,847020,-0.01,0.12,0.03,47.56,74.25,261.69,-0.94,-0.44,-1.06,0.03,-0.08,0.12,45.75,78.12,123.06,-0.13,-0.13,0.00,6,1
1772043508.740635,847210,0.00,0.15,0.06,47.25,74.31,261.81,-0.75,0.88,-1.44,-0.01,-0.07,0.04,46.00,78.12,123.12,0.13,0.37,-0.37,6,1
1772043508.931001,847401,0.04,0.00,0.13,47.19,74.12,261.69,-0.50,-0.06,1.62,-0.01,-0.08,0.06,45.38,77.94,123.19,0.19,1.06,-0.31,6,1
1772043509.121581,847591,-0.01,0.10,0.04,48.13,74.19,261.62,-0.31,-0.88,0.50,0.00,-0.06,0.10,45.00,77.87,123.19,0.44,0.50,-0.19,6,1
1772043509.312086,847782,0.01,0.05,0.06,48.38,74.06,261.50,-0.62,0.94,0.50,0.02,0.02,0.16,44.81,77.94,123.25,0.00,-0.56,-0.62,5,1
1772043509.502976,847973,-0.03,0.10,0.09,48.31,74.00,261.50,0.44,0.81,-0.19,-0.02,0.00,0.10,44.88,78.00,123.19,0.62,-0.13,-0.37,5,1
1772043509.693995,848164,-0.04,-0.03,0.08,48.25,73.94,261.25,0.44,-0.25,-0.19,-0.01,-0.02,0.14,44.75,78.00,123.12,0.19,-0.69,0.25,5,1
1772043509.884318,848354,-0.01,0.04,0.09,47.81,74.00,261.44,-0.81,1.25,-1.94,0.00,-0.03,0.05,45.75,78.06,123.12,-0.69,-0.94,0.75,4,1
1772043510.075044,848545,0.01,0.07,0.11,46.88,74.06,261.75,-0.19,-0.13,-0.94,0.08,-0.06,0.09,46.13,78.06,123.06,-0.19,-0.06,0.56,4,1
1772043510.265511,848735,0.00,0.12,0.07,46.63,74.19,261.87,-1.19,-0.56,-2.00,-0.01,-0.08,0.04,46.44,78.06,123.12,-1.00,0.13,0.00,4,2
1772043510.456009,848926,0.00,0.03,0.09,46.69,74.19,262.00,-0.25,-0.81,-0.31,0.00,-0.08,0.16,46.25,78.00,123.19,0.31,0.56,0.13,3,2
1772043510.647304,849117,-0.04,0.09,0.04,47.31,74.37,262.00,-0.81,-0.75,0.31,-0.01,-0.08,0.13,46.06,78.00,123.25,-0.31,0.00,-0.56,3,2
1772043510.837278,849307,0.02,0.08,0.10,47.25,74.31,262.06,0.06,-0.31,0.88,-0.03,-0.04,0.16,45.94,78.00,123.25,0.62,0.75,-0.75,4,2
1772043511.027737,849498,-0.01,0.00,0.06,47.94,74.25,261.81,0.00,0.31,0.13,0.00,0.00,0.14,45.44,78.06,123.37,0.44,0.69,-1.06,4,2
1772043511.218802,849688,-0.02,-0.01,0.14,48.44,74.06,261.56,1.19,-0.88,1.00,-0.01,-0.02,0.14,45.06,78.06,123.37,0.88,0.00,-0.13,4,2
1772043511.409228,849879,0.01,0.02,0.10,48.81,74.12,261.50,-0.88,-0.69,-1.00,-0.01,-0.06,0.16,45.06,78.06,123.37,0.13,-0.06,0.31,4,2
1772043511.600209,850070,-0.05,0.00,0.08,49.06,74.25,261.62,0.88,0.06,1.00,0.00,-0.04,0.18,45.13,78.06,123.44,-1.87,-0.31,-0.13,4,2
1772043511.790497,850260,0.00,0.08,0.04,49.00,74.25,261.69,0.44,-0.37,-0.69,-0.03,-0.01,0.10,45.50,78.12,123.37,1.75,-0.75,0.88,4,2
1772043511.981019,850451,0.00,-0.04,0.08,48.94,74.19,261.44,1.62,-0.44,1.37,-0.02,-0.06,0.14,45.44,78.12,123.19,0.13,0.19,0.00,5,2
1772043512.171429,850641,0.01,0.02,0.10,48.69,74.31,261.56,-0.94,-0.81,-1.81,0.00,-0.05,0.12,45.88,78.12,123.19,-0.69,-0.69,0.81,5,2
1772043512.362018,850832,0.02,0.11,0.09,48.19,74.56,262.06,-0.75,-0.37,-1.06,-0.02,-0.07,0.21,46.25,78.12,123.12,0.19,0.25,0.31,5,3
1772043512.553143,851023,-0.07,0.00,0.03,48.31,74.69,262.12,0.25,0.50,0.31,-0.03,-0.07,0.12,46.50,78.12,123.19,-1.62,-1.00,0.62,5,3
1772043512.743243,851213,0.05,0.12,0.12,47.56,74.69,262.31,0.19,0.62,0.69,0.01,-0.08,0.09,46.31,78.00,123.19,-0.31,1.37,0.06,5,3
1772043512.934041,851404,0.07,0.06,0.11,48.00,74.56,262.25,-1.25,-0.75,-0.06,-0.01,-0.08,0.15,45.94,77.87,123.25,0.44,0.56,0.62,5,3
1772043513.124714,851595,-0.02,0.12,0.02,48.38,74.81,262.37,0.06,-0.19,0.50,0.00,-0.09,0.16,45.69,77.75,123.19,-0.06,-0.31,-0.69,6,4
1772043513.314312,851784,0.01,0.08,0.11,48.38,74.69,262.25,-0.06,1.50,0.56,0.01,-0.10,0.16,45.19,77.81,123.31,-0.37,-1.31,-0.56,7,5
1772043513.505816,851976,0.00,0.09,0.12,48.44,74.50,262.19,0.06,0.31,1.62,-0.05,0.00,0.05,44.94,77.87,123.37,0.19,0.69,-0.31,6,4
1772043513.696853,852167,0.00,-0.02,0.06,48.94,74.44,261.94,-0.69,-0.37,0.56,-0.03,-0.03,0.11,44.81,77.81,123.37,-0.69,-0.06,0.37,7,4
1772043513.887442,852357,0.00,0.03,0.09,49.00,74.56,262.25,-1.44,0.25,-1.06,-0.01,-0.03,0.09,45.06,77.81,123.50,-0.81,-0.25,0.06,8,5
1772043514.078288,852548,-0.03,0.07,0.11,48.81,74.62,262.44,0.56,-0.50,0.56,-0.02,-0.12,0.06,45.06,77.81,123.50,-0.56,-0.94,-0.50,9,6
1772043514.268157,852738,-0.02,0.06,0.14,48.75,74.56,262.37,-1.69,0.69,0.50,0.00,-0.06,0.14,45.25,77.87,123.56,-0.94,-0.44,0.44,9,5
1772043514.459173,852929,0.04,0.13,0.05,48.94,74.75,262.56,0.06,-1.37,0.37,0.01,-0.10,0.19,45.19,77.81,123.56,0.06,0.37,0.13,9,4
1772043514.650118,853120,-0.01,0.06,0.10,49.06,74.81,262.56,0.00,1.50,-0.88,0.00,-0.07,0.13,45.31,77.81,123.56,-0.56,-0.69,0.50,12,6
1772043514.840784,853311,-0.07,0.07,0.05,48.63,74.87,262.69,0.37,0.19,-1.00,0.02,-0.08,0.11,45.69,77.81,123.44,1.62,0.56,0.50,11,6
1772043515.031284,853501,0.04,0.12,0.16,47.88,74.81,262.69,0.13,0.00,1.25,0.04,-0.05,0.07,45.69,77.81,123.31,0.88,0.50,-0.31,9,5
1772043515.222158,853692,-0.03,0.07,0.14,48.56,74.75,262.37,0.19,-0.94,0.69,0.00,-0.08,0.09,45.63,77.75,123.19,-0.44,-0.31,0.13,9,5
1772043515.413238,853883,0.02,0.11,0.10,48.50,74.81,262.62,-1.69,0.31,-1.06,-0.01,-0.07,0.09,45.69,77.75,123.25,-0.13,-0.19,-0.31,11,6
1772043515.603390,854074,0.04,0.10,0.09,48.50,74.81,262.69,0.37,0.13,1.94,0.02,-0.12,0.15,44.88,77.75,123.37,0.81,1.25,-1.25,11,7
1772043515.794446,854264,0.02,0.12,0.15,48.75,74.62,262.50,-0.69,2.31,-0.25,0.02,-0.03,0.05,44.94,77.87,123.44,-0.06,-0.37,0.06,10,6
1772043515.984046,854454,-0.07,0.06,0.09,48.63,74.62,262.44,-0.88,-1.62,0.56,0.01,-0.04,0.12,44.81,77.87,123.44,-0.56,0.06,-0.31,9,5
1772043516.174089,854644,0.06,0.02,0.18,48.75,74.69,262.56,-0.88,0.00,-0.62,0.02,-0.07,0.15,44.94,77.87,123.56,-0.69,-0.06,-0.75,10,6
1772043516.365821,854836,-0.07,0.12,0.07,50.94,74.75,262.69,-3.25,-2.94,4.12,-0.03,-0.05,0.05,44.38,78.00,123.75,0.56,-1.00,-1.06,10,6
1772043516.556838,855027,-0.03,0.01,0.08,50.94,74.50,262.56,0.50,3.75,-0.88,-0.03,-0.03,0.14,44.19,78.06,123.75,0.25,-0.50,0.06,7,4
1772043516.747632,855218,0.00,0.06,0.11,49.69,74.44,262.62,1.56,0.56,0.44,-0.01,-0.08,0.09,44.44,78.12,123.81,-0.94,-1.00,0.50,7,4
1772043516.936825,855407,0.07,0.10,0.07,48.50,74.37,262.69,1.94,3.69,-3.94,0.00,-0.02,0.22,44.50,78.06,123.94,-0.31,0.50,0.19,10,6
1772043517.126489,855596,-0.21,0.32,-0.17,47.75,74.44,262.69,6.00,3.06,-1.56,0.00,-0.22,0.11,44.25,78.06,123.87,-0.13,1.69,-0.25,10,6
1772043517.318753,855789,0.21,-0.09,0.31,42.50,74.19,262.19,-4.50,-0.69,0.00,0.01,0.01,0.03,43.81,78.12,124.00,-0.25,-1.62,-0.94,8,5
1772043517.509788,855980,-0.14,0.00,-0.02,45.81,74.62,262.44,-0.81,-3.50,0.50,0.00,0.00,0.00,43.69,78.19,124.06,0.31,-0.25,0.06,8,5
1772043517.700557,856171,0.08,0.00,0.10,45.19,74.50,262.50,-0.81,0.88,-0.19,0.00,-0.05,0.13,43.50,78.06,124.06,-0.37,0.19,-0.31,10,6
1772043517.891635,856362,-0.02,0.07,0.01,45.63,74.62,262.62,-0.37,-0.81,0.25,0.05,-0.09,0.11,43.50,78.06,124.00,-0.50,-1.37,0.13,11,6
1772043518.080789,856551,0.08,0.10,0.12,44.38,74.44,262.62,2.50,4.50,0.06,-0.03,0.00,0.12,43.88,78.06,123.81,0.81,-0.44,1.06,10,6
1772043518.272972,856743,-0.04,-0.05,0.10,44.63,74.50,262.37,-2.37,-3.00,0.19,0.01,-0.01,0.00,43.94,78.00,123.75,-1.31,-0.19,0.37,11,5
1772043518.463824,856934,-0.03,0.03,0.00,45.00,74.81,262.69,-0.25,1.12,-2.12,0.00,-0.05,0.14,44.56,77.87,123.62,0.13,0.75,0.81,12,7
1772043518.655519,857125,0.00,0.03,0.03,44.44,74.87,262.81,0.19,-0.88,0.25,0.00,-0.14,0.09,44.88,77.94,123.62,-1.44,-2.50,0.06,11,7
1772043518.846734,857317,0.04,0.09,0.11,44.56,74.94,262.94,0.00,0.19,0.81,0.02,-0.05,0.08,45.13,78.00,123.62,0.31,-0.06,0.31,9,5
1772043519.037861,857508,-0.04,-0.07,0.08,45.81,75.00,262.62,0.06,-2.25,0.62,-0.02,-0.07,0.14,44.94,77.87,123.62,-1.00,0.75,1.12,9,5
1772043519.227814,857698,-0.06,0.00,0.02,47.19,75.62,263.06,-3.50,-2.56,-3.00,0.00,-0.06,0.11,45.63,77.75,123.50,-0.56,-0.31,0.88,9,5
1772043519.418888,857889,0.02,0.02,0.03,45.56,76.19,264.50,-5.37,1.94,-4.37,0.00,-0.03,0.12,46.63,77.69,123.87,-6.06,-2.94,0.69,9,5
1772043519.610838,858081,-0.01,0.19,0.03,43.13,76.56,266.12,-1.50,1.50,-4.44,0.05,-0.01,0.07,49.00,77.81,123.94,-0.13,-0.88,1.31,6,4
1772043519.801731,858272,0.00,0.06,0.10,41.13,76.62,266.25,2.87,0.06,0.00,-0.03,-0.16,0.10,49.81,77.56,123.56,-0.13,0.62,1.62,6,4
1772043519.993477,858463,0.01,0.20,0.05,40.81,76.69,266.31,-1.62,-0.25,-0.69,0.00,-0.08,0.08,50.19,77.44,123.50,-0.62,0.62,-0.56,6,4
1772043520.182556,858653,-0.03,0.02,0.05,42.19,76.62,266.06,-0.37,-2.06,3.31,0.00,-0.05,0.01,48.88,77.50,123.75,0.62,1.00,-1.44,6,4
1772043520.374083,858844,-0.01,0.06,0.09,44.75,76.50,265.56,0.13,-2.37,3.62,0.00,-0.04,0.11,46.25,77.50,124.00,1.06,3.31,-1.62,6,2
1772043520.566135,859036,0.00,0.00,0.00,48.19,76.44,265.00,-1.50,-2.75,2.56,-0.03,-0.02,0.11,43.94,77.37,124.31,-0.37,2.00,-1.12,7,2
1772043520.757821,859228,0.00,0.02,-0.07,50.44,76.44,264.81,-0.94,-1.69,1.87,-0.02,-0.02,0.14,42.25,77.31,124.62,-0.13,1.25,-1.37,6,2
1772043520.947067,859417,-0.01,0.02,0.00,51.63,76.25,264.44,2.50,-1.19,2.50,0.00,-0.02,0.11,41.00,77.25,124.50,1.69,-0.31,0.06,6,1
1772043521.136036,859606,0.07,0.02,0.13,51.75,76.00,263.75,4.19,0.69,1.69,0.00,-0.10,0.14,39.94,77.00,124.06,2.44,1.12,0.62,5,2
1772043521.328972,859799,-0.05,-0.06,-0.11,53.00,76.00,263.12,-0.81,0.00,1.00,0.00,-0.02,0.11,39.44,77.06,124.12,-1.50,-0.88,-1.62,5,2
1772043521.520237,859990,-0.02,0.04,0.01,52.56,75.81,263.31,0.50,2.12,-0.44,-0.01,0.00,0.07,39.44,77.31,124.37,0.00,-1.00,-0.06,6,2
1772043521.712010,860182,0.00,0.00,0.05,51.81,75.69,263.31,-0.50,-0.37,-0.19,-0.04,0.02,0.04,39.88,77.37,124.37,-0.19,-0.62,0.13,5,1
1772043521.902083,860372,-0.02,-0.03,0.04,52.00,75.81,263.44,1.00,0.44,1.37,-0.02,-0.06,0.16,39.81,77.37,124.44,0.06,0.75,0.56,6,1
1772043522.091704,860562,0.01,0.06,-0.01,51.94,75.94,263.56,-1.12,-0.50,-1.62,-0.04,-0.07,0.15,40.06,77.31,124.37,-1.31,0.06,0.81,6,1
1772043522.283156,860753,0.00,0.06,0.02,51.06,76.00,263.81,-0.31,2.06,-1.12,-0.02,-0.04,0.12,40.63,77.31,124.44,-0.56,-0.19,0.25,6,1
1772043522.474239,860944,-0.03,0.00,-0.05,50.56,76.00,263.94,0.25,0.56,0.00,-0.03,-0.05,0.10,40.88,77.37,124.44,0.94,0.19,0.06,5,1
1772043522.665752,861136,0.03,0.00,0.03,50.19,75.87,263.87,1.62,0.13,1.00,-0.04,-0.04,0.14,40.94,77.37,124.44,-0.56,-1.00,-0.19,5,1
1772043522.858214,861328,-0.03,0.00,0.00,50.38,75.81,263.69,-0.31,0.88,-0.13,-0.02,-0.06,0.12,41.19,77.44,124.44,-0.44,-0.56,0.06,5,2
1772043523.050230,861520,0.00,0.07,0.02,49.75,75.75,263.81,-0.62,0.75,-0.44,0.00,-0.06,0.11,41.44,77.50,124.37,-0.31,-0.62,-0.44,5,2
1772043523.241327,861711,0.04,0.04,0.11,49.75,75.69,263.81,-0.69,-0.31,0.50,-0.04,0.00,0.06,41.75,77.62,124.44,-0.06,-0.37,-0.06,6,1
1772043523.435087,861905,0.00,0.00,0.10,49.63,75.62,263.87,0.62,0.56,0.94,-0.03,-0.04,0.10,41.69,77.62,124.56,-1.75,-0.19,-0.37,5,1
1772043523.626615,862096,-0.04,0.06,-0.08,50.38,75.75,264.00,-1.00,-1.75,-1.25,-0.04,-0.05,0.13,41.75,77.62,124.62,0.31,0.44,-0.06,5,1
1772043523.817397,862287,-0.01,0.01,0.02,50.38,75.75,263.94,1.44,0.75,0.75,-0.03,-0.07,0.13,41.75,77.62,124.56,-0.13,-0.56,-0.37,6,1
1772043524.007941,862478,0.01,0.00,0.03,50.00,75.62,263.94,0.06,0.94,0.37,-0.04,0.01,0.09,41.94,77.75,124.62,0.31,0.19,-0.31,6,1
1772043524.198864,862669,0.05,-0.04,0.12,49.81,75.50,263.75,1.94,-0.50,1.06,-0.04,-0.01,0.15,41.81,77.75,124.62,1.00,-0.06,0.25,5,1
1772043524.389470,862860,0.00,0.02,-0.01,50.38,75.56,263.50,2.12,-0.44,0.37,0.00,-0.08,0.16,41.88,77.69,124.37,0.50,0.19,0.69,6,1
1772043524.580735,863051,-0.05,0.09,0.00,50.13,75.56,263.37,0.19,0.31,-0.37,-0.02,-0.05,0.07,42.25,77.75,124.31,-0.19,-1.00,-0.25,6,1
1772043524.771256,863242,0.03,-0.01,0.16,49.44,75.44,263.37,0.81,0.13,0.19,-0.04,0.00,0.02,42.75,77.87,124.31,0.94,0.75,-0.13,5,1
1772043524.961661,863432,0.08,0.00,0.16,49.69,75.37,263.31,1.31,-2.06,0.94,-0.03,-0.03,0.08,42.44,77.87,124.25,0.37,-0.50,0.00,5,1
1772043525.152153,863622,0.00,0.11,0.05,50.94,75.75,263.37,-1.19,-2.44,-0.81,-0.03,-0.02,0.18,42.31,77.81,124.25,-0.06,0.31,0.25,5,1
1772043525.343069,863813,-0.01,0.03,0.01,51.50,75.81,263.44,0.13,1.12,-0.19,-0.03,-0.06,0.17,42.25,77.75,124.31,-0.75,1.06,-0.06,5,1
1772043525.533699,864004,-0.03,0.09,0.08,51.13,75.69,263.44,-0.06,0.31,-0.81,-0.02,0.01,0.14,42.38,77.75,124.37,0.50,0.44,-0.31,5,1
1772043525.724231,864195,0.00,0.00,0.10,51.00,75.56,263.25,1.31,0.13,1.25,-0.03,-0.02,0.14,41.94,77.69,124.31,0.37,1.06,-0.19,5,1
1772043525.915464,864385,-0.03,0.02,0.05,51.25,75.50,263.12,-0.75,-0.25,-0.50,-0.01,-0.02,0.09,41.81,77.56,124.37,-0.94,-0.37,-0.06,5,1
1772043526.105062,864576,0.08,0.19,0.15,50.44,75.44,263.44,0.13,1.19,0.25,0.04,0.00,0.19,41.63,77.50,124.44,0.62,-0.44,0.13,5,1
1772043526.296085,864766,-0.02,0.09,0.02,50.75,75.44,263.19,-0.44,-1.12,-0.31,-0.01,0.00,0.08,41.63,77.50,124.37,-0.62,-0.37,-0.44,5,1
1772043526.486204,864956,0.02,0.10,0.08,50.25,75.37,263.25,0.50,-0.81,-0.06,0.00,-0.01,0.13,41.38,77.44,124.31,0.88,-0.06,-0.37,5,1
1772043526.677019,865147,-0.07,-0.05,0.03,50.88,75.37,263.00,-0.50,-0.31,-0.56,0.00,-0.02,0.10,41.38,77.44,124.31,-0.37,-0.37,0.00,5,2
1772043526.867299,865338,0.03,0.07,0.05,50.50,75.44,263.25,0.19,0.69,0.19,-0.02,-0.04,0.07,41.38,77.44,124.31,-0.25,-0.94,-0.62,5,2
1772043527.057619,865528,0.01,0.10,0.08,50.13,75.37,263.31,-0.62,0.44,0.13,0.01,0.01,0.11,41.38,77.50,124.37,0.06,0.75,0.06,5,2
1772043527.249095,865719,-0.02,0.06,0.05,50.06,75.31,263.19,-0.06,-0.25,-0.25,-0.01,-0.04,0.12,41.38,77.50,124.37,-0.31,-0.37,0.13,5,1
1772043527.439360,865910,0.03,0.08,0.01,49.94,75.37,263.25,-0.37,-0.25,-0.50,0.00,-0.01,0.10,41.44,77.50,124.37,0.81,-0.69,0.25,5,2
1772043527.629593,866100,0.04,0.24,0.01,49.25,75.12,262.87,3.06,3.50,3.44,0.02,-0.07,0.11,40.50,77.62,124.37,2.12,1.56,-2.00,5,2
1772043527.820286,866291,0.13,-0.09,0.16,48.81,74.31,261.56,4.37,0.56,2.81,-0.01,0.06,0.13,40.00,77.81,124.31,0.25,-0.62,0.88,6,2
1772043528.011053,866481,0.01,0.27,0.10,53.50,73.19,261.31,-5.06,2.00,4.62,-0.01,0.01,0.07,40.31,77.81,124.19,-0.25,-0.31,-0.44,6,2
1772043528.201929,866672,0.00,-0.09,0.05,51.31,73.56,260.62,6.50,-0.62,-2.87,-0.01,-0.01,0.11,40.69,77.69,124.06,-0.50,-0.25,1.50,7,3
1772043528.392410,866863,0.00,0.10,0.01,50.75,73.87,261.06,-2.69,-1.44,-2.31,0.05,-0.03,0.14,41.25,77.62,124.12,-0.44,0.75,0.19,7,4
1772043528.582730,867053,0.03,0.13,0.04,50.56,74.25,261.56,-0.62,0.56,-0.69,0.03,-0.05,0.11,41.44,77.56,124.19,-0.37,0.94,0.50,6,3
1772043528.773440,867244,-0.02,0.05,0.06,50.56,74.31,261.62,-1.00,-0.81,0.00,0.00,-0.09,0.13,41.25,77.56,124.19,-0.44,0.00,0.19,6,3
1772043528.964219,867434,0.00,0.09,0.06,50.44,74.44,262.00,-1.50,0.13,-1.00,-0.01,-0.06,0.07,41.31,77.56,124.25,-0.81,-0.44,0.13,6,4
1772043529.155356,867625,-0.02,0.01,0.03,50.63,74.50,262.12,-0.50,-1.69,-0.13,-0.03,-0.07,0.08,41.38,77.56,124.31,-0.81,-0.62,-0.56,6,4
1772043529.345502,867816,0.01,0.15,0.02,50.75,74.50,262.31,-0.06,0.25,1.00,-0.03,-0.03,0.12,41.19,77.56,124.37,0.62,0.06,-0.19,5,4
1772043529.536081,868006,0.12,0.00,0.14,50.19,74.31,262.06,-0.44,-0.56,0.50,-0.02,-0.08,0.13,41.25,77.56,124.37,0.06,-0.75,0.50,5,4
1772043529.727014,868197,-0.23,0.13,-0.19,52.25,74.75,262.19,-1.37,0.06,-0.88,-0.02,-0.01,0.16,41.56,77.69,124.37,-0.06,1.06,-0.25,5,4
1772043529.917641,868388,0.22,-0.02,0.24,49.44,74.12,262.12,0.75,-0.25,1.62,0.01,-0.07,0.15,41.00,77.56,124.37,0.75,0.44,-0.88,4,4
1772043530.108148,868579,-0.08,0.16,-0.01,51.25,74.37,262.12,-0.69,0.50,0.62,0.01,0.01,0.09,40.69,77.69,124.50,0.25,1.00,-0.62,3,3
1772043530.299172,868769,0.06,0.01,0.07,50.94,74.00,261.69,-0.19,-1.31,1.00,-0.01,-0.05,0.12,40.13,77.62,124.56,-0.44,-0.06,-0.37,3,2
1772043530.489598,868960,-0.02,0.09,0.03,51.75,74.06,261.62,-0.81,0.13,-0.06,-0.01,0.00,0.10,40.00,77.56,124.56,-0.31,0.00,0.25,3,3
1772043530.679167,869149,0.01,0.08,0.04,51.75,74.06,261.69,-1.31,-1.50,-0.94,-0.07,0.05,0.10,40.13,77.56,124.50,-0.06,-1.81,0.94,4,3
1772043530.870208,869341,0.02,0.08,0.09,51.56,74.31,261.87,0.81,2.00,-1.56,0.00,0.00,0.14,41.00,77.50,124.25,0.19,0.50,0.56,4,2
1772043531.061780,869532,-0.07,0.05,0.06,50.88,74.25,261.81,1.12,-0.06,-0.19,-0.01,-0.05,0.12,41.00,77.44,124.25,-0.13,-0.50,0.75,5,2
1772043531.252231,869722,0.00,0.06,0.10,50.31,74.31,261.94,-0.62,0.69,-2.12,0.00,-0.04,0.11,41.94,77.37,124.12,-0.62,-0.69,0.94,6,2
1772043531.442851,869913,0.00,0.14,0.09,50.00,74.62,262.31,-1.31,-0.44,-0.69,-0.07,0.01,0.08,42.31,77.37,124.06,-0.37,-0.25,-0.06,6,2
1772043531.633220,870104,0.00,0.10,0.14,49.75,74.56,262.37,0.50,1.31,-0.31,-0.02,-0.03,0.08,42.25,77.37,124.12,0.81,-0.37,-0.31,6,2
1772043531.824060,870294,-0.01,0.03,0.12,49.63,74.44,262.06,0.88,0.44,0.56,0.00,-0.10,0.14,42.13,77.37,124.06,-0.31,-1.06,0.00,6,2
1772043532.015405,870485,0.01,0.15,0.08,49.56,74.37,262.06,-0.25,1.31,-0.19,-0.02,-0.06,0.15,42.44,77.44,124.06,-0.13,-0.56,-0.19,7,3
1772043532.205413,870676,-0.04,0.12,0.01,50.06,74.31,261.75,1.44,-0.75,1.31,0.02,-0.05,0.17,42.44,77.44,123.94,2.06,0.06,0.19,8,4
1772043532.395984,870866,-0.08,0.01,0.13,49.56,74.12,261.00,2.00,2.81,1.44,0.01,-0.05,0.06,42.75,77.56,123.75,-0.31,-0.25,-0.88,7,3
1772043532.585897,871056,0.06,0.19,0.08,49.44,73.75,260.62,2.44,-2.00,1.44,-0.01,-0.01,0.12,42.06,77.56,123.75,2.12,-0.06,0.19,7,4
1772043532.777210,871248,0.05,0.11,0.04,50.31,73.75,259.50,5.44,-2.87,2.12,-0.03,-0.08,0.19,42.06,77.56,123.50,1.06,-1.06,-0.06,7,5
1772043532.968303,871439,-0.09,-0.03,0.07,50.00,73.87,258.25,4.87,0.31,-0.56,0.00,-0.07,0.11,42.44,77.81,123.50,-0.37,-2.94,-0.44,6,5
1772043533.158528,871629,0.05,0.09,0.14,48.38,73.62,258.37,0.69,1.75,0.13,-0.03,0.01,0.03,43.13,78.06,123.50,-0.19,-0.62,0.37,6,5
1772043533.349237,871820,-0.11,0.07,0.00,48.13,73.62,258.50,-0.44,-2.06,-1.19,0.00,-0.05,0.06,43.50,78.12,123.50,0.06,0.37,0.37,5,5
1772043533.540036,872010,0.16,0.04,0.10,47.38,73.62,258.81,-0.50,1.00,-0.81,-0.04,-0.04,0.09,43.25,78.06,123.50,0.75,-0.81,-0.06,5,5
1772043533.730946,872201,-0.03,0.00,0.07,47.19,73.62,259.00,-1.25,1.19,-1.06,-0.01,0.00,0.05,43.94,78.19,123.56,-0.44,-0.31,-0.19,5,5
1772043533.921436,872392,0.00,0.09,0.06,46.44,73.50,259.37,0.13,0.81,1.50,-0.02,-0.03,0.18,43.63,78.12,123.62,-0.19,-0.13,0.25,4,4
1772043534.112013,872582,0.08,0.02,0.07,46.44,73.44,259.19,-1.19,1.62,0.37,0.00,-0.09,0.12,43.63,78.12,123.62,-0.75,-0.62,-0.13,4,4
1772043534.302605,872773,-0.04,0.13,0.06,46.81,73.69,259.44,-1.19,-0.25,0.13,0.07,-0.05,0.16,43.88,78.19,123.62,0.13,0.56,-0.44,4,4
1772043534.493134,872964,-0.04,0.01,0.10,47.19,73.62,259.37,-1.44,0.62,-0.37,-0.01,0.01,0.11,43.94,78.25,123.75,0.50,0.00,-0.44,4,4
1772043534.684241,873154,0.03,-0.02,0.07,47.25,73.56,259.44,-0.56,-0.31,-0.06,-0.01,0.00,0.21,43.69,78.19,123.75,0.13,-0.50,-0.25,3,3
1772043534.874855,873345,-0.06,0.00,0.02,47.63,73.69,259.50,0.00,0.06,-1.00,0.00,-0.03,0.16,44.44,78.19,123.62,-0.88,-0.37,1.06,3,3
1772043535.065686,873536,0.06,0.11,0.08,46.94,73.87,259.87,-0.75,1.44,-1.00,-0.04,-0.08,0.06,44.88,78.19,123.69,-0.94,-1.31,-0.06,3,4
1772043535.256234,873727,-0.01,0.04,0.07,46.75,73.94,260.00,-0.75,-0.56,0.69,-0.03,-0.03,0.10,45.25,78.19,123.75,-1.12,0.25,1.12,3,4
1772043535.446598,873917,0.00,0.14,0.08,46.75,74.06,260.31,-1.81,-0.37,-0.31,-0.01,-0.08,0.09,45.50,78.19,123.81,-0.81,0.62,-0.06,2,4
1772043535.637515,874108,0.04,0.10,0.07,46.94,74.06,260.44,-0.69,-0.44,0.50,-0.02,-0.07,0.15,45.38,78.12,123.87,0.00,0.37,-0.31,2,4
1772043535.828301,874299,-0.05,0.08,0.00,47.63,74.12,260.37,-0.25,0.50,1.31,0.01,0.00,0.21,44.94,78.12,124.00,-0.06,-0.31,-0.50,3,4
1772043536.018689,874489,0.03,-0.03,0.13,47.63,73.94,260.25,1.31,0.56,1.12,-0.02,-0.01,0.12,44.31,78.06,124.00,0.13,-0.31,-0.19,3,4
1772043536.209441,874680,-0.01,0.00,0.05,48.00,74.00,260.12,0.81,0.37,-0.19,-0.02,-0.04,0.13,44.31,78.00,123.87,-0.31,0.00,0.62,3,4
1772043536.400038,874870,-0.04,0.13,0.05,48.00,74.06,260.19,-0.06,-0.62,-0.31,-0.01,0.00,0.12,44.13,77.87,123.81,0.00,0.31,-0.31,3,4
1772043536.590625,875061,0.01,0.00,0.09,48.13,74.00,260.12,0.13,-0.06,-0.06,-0.02,0.05,0.10,44.00,77.94,123.87,-0.13,0.62,-0.31,4,4
1772043536.781493,875252,-0.06,0.01,0.10,48.25,74.06,260.06,-0.56,-1.75,0.19,-0.02,0.00,0.08,43.88,77.87,123.87,-1.06,0.25,-0.56,4,2
1772043536.972061,875442,0.02,0.02,0.08,48.75,74.06,260.19,-0.37,-1.06,-0.25,-0.03,-0.03,0.13,43.63,77.81,124.00,-0.06,1.00,0.13,4,2
1772043537.162619,875633,-0.02,0.09,0.07,49.31,74.19,260.25,-1.25,0.69,0.00,0.00,0.02,0.15,43.38,77.81,124.00,-0.75,0.31,-0.37,4,2
1772043537.353211,875824,-0.02,0.13,0.10,49.06,74.12,260.31,0.06,0.37,-0.75,0.00,0.01,0.12,43.63,77.87,124.00,-0.13,0.44,-0.50,4,2
1772043537.544038,876014,-0.09,0.07,0.09,49.19,74.00,260.12,0.44,-1.44,1.06,0.03,-0.04,0.14,43.25,77.87,124.00,0.56,-0.25,-0.50,4,2
1772043537.734624,876205,0.00,0.07,0.09,49.56,73.87,260.00,-1.50,-0.06,-0.44,0.00,0.00,0.14,43.25,77.87,124.00,0.13,-0.69,-0.19,4,2
1772043537.925113,876396,0.03,0.01,0.13,49.69,73.75,260.06,-4.75,3.37,1.19,0.01,0.00,0.14,42.25,78.06,124.69,-2.12,-0.31,-2.12,5,2
1772043538.115078,876586,-0.01,0.11,0.13,49.25,73.69,260.37,1.62,-0.31,0.69,0.01,-0.02,0.11,42.25,78.12,124.62,1.62,0.62,1.12,5,2
1772043538.305955,876776,0.01,0.04,0.07,49.25,73.62,260.12,-1.37,0.00,-0.50,-0.02,-0.03,0.15,42.38,78.06,124.50,-0.25,-0.44,0.19,5,1
1772043538.497240,876968,0.00,0.08,0.08,49.31,73.69,260.19,-0.81,-0.50,-0.44,-0.02,-0.02,0.16,42.44,78.06,124.50,-0.13,-0.50,0.37,5,1
1772043538.688012,877158,0.00,0.06,0.12,49.25,73.69,260.25,-1.37,-0.25,0.19,-0.12,-0.07,0.05,42.81,78.12,124.50,0.44,-0.06,0.31,6,2
1772043538.878521,877349,0.02,0.17,0.00,49.00,73.87,260.56,-2.06,-0.56,-0.88,-0.02,0.00,0.17,42.69,78.06,124.44,0.00,-0.37,-0.75,6,1
1772043539.068339,877539,0.00,0.03,0.09,49.31,73.81,260.37,1.19,-0.06,2.31,0.00,-0.03,0.13,41.75,78.06,124.50,0.31,0.88,-0.69,6,1
1772043539.259625,877730,-0.03,0.06,0.06,49.69,73.62,260.12,-0.13,0.06,0.13,-0.04,0.00,0.13,41.75,78.06,124.50,-0.50,-0.31,0.50,6,1
1772043539.450421,877921,-1.14,0.41,-0.29,50.63,73.94,260.06,1.56,-3.12,0.75,-0.02,-0.06,0.16,41.00,77.94,124.31,3.44,3.06,-0.19,6,2
1772043539.641233,878112,-0.17,-0.01,-0.02,53.63,73.94,258.94,2.94,0.31,1.69,-0.03,-0.02,0.19,39.56,77.75,124.31,1.00,0.81,-1.62,5,2
1772043539.831534,878302,0.04,0.12,0.04,52.94,73.44,258.75,1.75,-3.00,0.88,-0.01,0.03,0.11,38.44,77.75,124.25,0.44,-0.81,-0.69,5,1
1772043540.021416,878492,0.02,0.01,0.08,51.81,73.12,258.56,-0.25,1.62,0.06,-0.03,0.07,0.11,38.19,77.81,124.31,0.50,-1.81,-0.75,5,2
1772043540.212174,878683,0.12,0.08,0.11,50.63,72.87,258.87,-0.31,0.69,-1.19,-0.05,-0.02,0.05,38.19,77.87,124.31,0.25,-1.56,0.31,5,2
1772043540.403556,878874,0.06,0.00,-0.04,50.50,73.06,259.06,-0.44,2.25,-0.44,-0.02,-0.02,0.18,38.38,77.94,124.25,-0.06,0.44,-0.31,4,2
1772043540.594257,879065,0.01,-0.05,0.01,50.25,72.94,259.00,0.00,-0.25,-0.06,0.00,0.00,0.08,39.63,78.12,124.19,0.56,-2.06,1.37,3,2
1772043540.785135,879256,0.07,0.10,0.09,49.19,73.25,259.44,-0.50,-0.81,-2.62,-0.01,0.00,0.10,41.50,78.19,123.81,0.81,-0.44,0.69,4,2
1772043540.974822,879445,0.05,0.11,0.00,49.63,73.50,259.50,0.88,-3.62,1.69,-0.01,-0.01,0.01,40.94,78.00,123.62,1.06,0.00,-0.13,3,2
1772043541.165762,879636,0.02,0.00,0.02,50.50,73.44,259.12,-0.31,0.37,-0.94,-0.07,0.04,0.08,40.69,77.94,123.62,-0.13,-0.25,-0.19,4,2
1772043541.356983,879827,-0.04,-0.03,0.00,50.00,73.50,259.12,2.69,0.06,0.56,-0.05,0.00,0.13,40.69,77.94,123.62,-0.19,-0.25,-0.37,4,2
1772043541.547735,880018,-0.03,0.08,0.07,49.06,73.44,259.31,2.19,-1.50,-1.62,0.00,-0.05,0.15,41.25,77.94,123.50,0.69,-0.19,0.94,4,2
1772043541.738117,880209,0.06,0.15,0.03,48.75,73.56,259.50,0.13,0.81,0.25,-0.03,0.00,0.08,41.13,78.00,123.50,0.94,0.06,-0.88,4,2
1772043541.928260,880399,0.02,-0.03,0.12,49.06,73.31,259.12,-1.31,1.25,1.25,-0.02,0.03,0.11,40.06,78.12,123.94,-1.12,1.31,-1.81,5,2
1772043542.117967,880589,0.00,0.05,0.06,49.81,73.12,259.00,1.19,-2.25,1.62,-0.06,0.00,0.17,38.69,78.19,124.12,1.00,1.25,-1.00,5,1
1772043542.309952,880780,-0.05,0.07,-0.03,50.50,73.12,258.81,1.25,-1.19,0.56,-0.02,0.00,0.17,38.13,78.19,124.06,-0.50,0.62,-0.37,5,1
1772043542.500984,880972,-0.06,-0.06,0.08,49.88,72.87,258.75,0.37,1.75,-0.50,-0.01,0.00,0.15,37.75,78.25,124.31,0.00,0.25,-0.81,5,1
1772043542.691733,881162,-0.08,0.06,-0.02,49.19,72.87,258.94,1.62,0.00,-1.25,-0.05,0.03,0.08,38.13,78.37,124.37,-0.25,-0.19,0.44,5,1
1772043542.881328,881352,0.09,-0.06,0.15,48.19,72.50,258.81,-0.25,1.94,0.81,-0.01,0.00,0.14,38.25,78.50,124.56,0.19,-0.81,-1.00,5,1
1772043543.071890,881543,0.00,0.05,0.07,48.19,72.50,259.00,0.19,-0.37,0.06,-0.01,-0.05,0.06,38.25,78.50,124.56,-1.06,0.19,-0.25,5,1
1772043543.263509,881734,0.06,0.09,0.02,48.06,72.50,259.12,-0.13,-1.00,0.44,-0.07,0.04,0.07,37.69,78.44,124.75,-0.37,-0.19,-1.06,4,1
1772043543.454140,881925,0.00,0.05,0.02,48.44,72.37,259.00,-0.56,1.69,0.00,0.00,0.04,0.15,37.38,78.50,124.87,0.31,-0.06,0.44,5,1
1772043543.645690,882117,-0.04,0.02,0.00,48.00,72.37,258.81,1.12,-0.19,0.69,0.02,-0.03,0.12,37.44,78.50,124.75,0.75,0.50,0.25,5,1
1772043543.837367,882308,0.01,0.06,0.00,47.94,72.31,258.69,-0.81,-0.81,-0.25,0.08,0.00,-0.03,37.31,78.44,124.75,-0.13,0.81,0.44,7,4
1772043544.026906,882497,0.06,0.09,-0.04,47.81,72.19,258.50,2.75,1.25,2.19,-0.02,-0.13,0.12,34.81,77.75,125.25,-2.31,4.31,-2.87,7,4
1772043544.217623,882688,0.19,0.13,0.17,47.31,71.50,258.06,-1.19,1.94,3.12,-0.07,-0.10,0.02,31.75,77.19,126.31,0.13,1.81,-2.12,6,4
1772043544.408357,882879,0.00,0.12,0.05,48.44,71.19,257.50,-0.69,-0.44,1.94,-0.05,-0.07,-0.07,29.25,76.75,126.50,1.37,4.00,-1.00,6,4
1772043544.598940,883070,0.05,0.03,0.00,49.19,71.06,257.12,-0.31,0.13,0.69,-0.05,0.00,0.09,27.75,76.19,126.81,0.50,-0.06,-0.37,7,5
1772043544.788932,883259,-0.07,0.00,0.03,49.31,71.06,257.12,-1.25,-1.12,0.19,0.00,-0.04,-0.01,28.00,76.31,126.75,-0.37,-3.37,-0.06,8,6
1772043544.977904,883449,0.08,0.09,0.11,48.75,71.12,257.50,-0.81,2.94,-0.56,-0.03,0.00,0.08,28.69,76.56,126.69,0.62,-1.81,0.75,8,6
1772043545.170251,883641,-0.04,-0.04,0.04,48.75,71.12,257.44,-1.19,-0.88,0.00,-0.05,-0.01,0.01,29.31,76.62,126.69,-1.00,0.00,0.44,9,5
1772043545.361519,883832,-0.20,-0.41,-0.07,48.19,71.56,258.25,-4.69,0.62,-6.50,0.01,-0.01,0.01,31.25,76.87,126.62,-4.31,-6.06,1.69,8,6
1772043545.553253,884024,0.10,0.24,0.20,45.56,72.75,262.19,-15.69,-1.37,-7.75,-0.08,0.05,0.00,33.38,77.31,126.50,-0.94,-5.94,-0.56,8,6
1772043545.743260,884214,0.05,0.33,-0.03,44.56,73.87,265.37,-3.62,2.31,-2.06,-0.01,-0.08,0.10,33.00,77.37,126.62,0.00,-1.00,-0.31,5,3
1772043545.932495,884403,-0.05,0.00,0.13,44.00,73.56,265.50,-0.44,3.44,-0.88,-0.01,-0.07,0.05,33.19,77.81,126.75,0.25,0.06,-1.25,6,3
1772043546.124272,884595,-0.02,-0.14,0.08,44.00,73.44,265.50,-2.37,-4.69,0.81,-0.02,0.00,0.10,33.31,77.87,126.87,-1.44,-0.56,-0.25,6,3
1772043546.315036,884786,-0.03,-0.03,-0.06,45.63,73.81,265.69,-0.50,-0.88,-0.56,0.00,0.00,0.14,33.75,78.00,126.75,2.00,-3.31,0.25,6,3
1772043546.506739,884978,-0.04,0.08,0.01,46.13,74.12,266.00,-0.56,0.31,0.19,-0.01,0.00,0.08,34.06,78.06,126.62,0.00,-0.88,0.88,6,2
1772043546.697232,885168,0.14,0.15,0.14,44.94,73.94,265.62,3.75,1.37,1.19,-0.04,-0.08,0.12,35.38,78.19,126.31,1.81,-2.25,1.06,6,2
1772043546.886641,885357,0.00,0.02,0.01,45.56,73.81,264.50,3.87,-1.31,3.44,0.00,0.00,0.13,35.44,78.25,126.06,2.06,-0.62,-0.94,6,2
1772043547.077764,885549,-0.04,0.03,0.01,46.94,73.56,263.31,5.19,0.81,1.50,-0.07,0.04,0.00,35.00,78.37,125.44,9.13,-1.25,0.69,6,2
1772043547.268767,885739,-0.02,-0.21,0.17,46.31,73.25,261.87,4.44,0.37,3.94,-0.03,-0.04,0.11,34.31,78.31,124.81,-1.81,0.31,-0.37,6,2
1772043547.460938,885932,0.00,0.10,0.02,47.50,73.19,261.69,-1.37,-0.88,-0.69,-0.01,0.02,0.07,34.81,78.31,124.94,-1.44,-0.62,1.62,5,2
1772043547.652507,886123,-0.09,0.06,-0.04,47.81,73.56,262.00,0.37,-2.25,-2.12,0.00,0.05,0.07,35.25,78.06,125.06,-2.50,2.00,-0.37,6,2
1772043547.844951,886316,-0.02,0.11,0.00,47.69,73.75,262.19,1.25,-1.06,-0.13,0.00,-0.06,0.11,35.19,78.00,125.19,0.00,-1.06,0.31,6,2
1772043548.035897,886507,0.10,0.06,0.04,47.25,73.69,262.19,1.19,1.06,0.75,-0.07,0.02,0.05,35.44,78.00,125.06,0.88,0.25,0.13,6,2
1772043548.227357,886698,0.08,0.03,0.12,47.13,73.62,262.12,-2.69,1.12,0.06,-0.04,0.04,0.13,35.44,78.00,125.25,0.06,0.19,0.31,7,2
1772043548.419639,886890,-0.09,0.08,-0.07,47.81,73.81,262.19,0.88,0.37,0.19,-0.05,0.00,0.13,35.38,77.94,125.25,-0.44,2.06,-0.56,7,2
1772043548.611652,887082,-0.02,0.03,0.00,48.38,73.69,261.87,1.06,-1.44,2.12,-0.04,0.03,0.07,34.63,77.75,125.31,0.00,-0.62,-0.06,7,2
1772043548.803919,887275,0.04,0.04,0.04,48.56,73.56,261.81,0.88,0.31,1.31,0.00,0.01,0.11,34.44,77.69,125.31,1.00,0.31,0.25,7,2
1772043548.995009,887466,-0.04,0.01,0.03,48.56,73.50,261.62,-1.00,1.37,-0.25,0.00,0.02,0.12,34.69,77.81,125.25,-0.62,-0.13,-0.06,7,2
1772043549.187977,887659,0.11,-0.13,0.17,47.81,73.06,261.25,1.81,5.12,1.75,-0.03,-0.04,0.10,35.06,77.87,125.44,-1.00,-0.94,-0.50,6,2
1772043549.378271,887849,-0.12,0.09,-0.03,47.81,73.06,261.50,-1.19,-0.06,0.50,-0.03,0.06,0.12,35.38,77.94,125.62,-1.62,-0.81,0.19,6,2
1772043549.570645,888042,0.06,0.08,0.12,47.56,73.00,261.81,0.13,0.31,1.19,-0.01,0.01,0.15,35.13,77.94,125.69,0.19,1.87,-0.25,6,2
1772043549.762273,888233,-0.07,0.06,-0.03,48.88,73.12,261.50,0.37,-1.25,0.69,-0.02,0.04,0.09,34.88,77.94,125.62,0.25,0.62,0.44,6,2
1772043549.953125,888424,0.03,0.18,0.02,48.69,73.19,261.37,4.19,-0.75,-0.56,-0.05,0.05,0.10,34.81,77.75,124.94,5.19,0.06,1.37,5,2
1772043550.142862,888614,0.00,-0.23,0.14,48.44,72.94,260.44,0.69,1.56,1.25,-0.03,0.04,0.11,34.94,77.75,124.75,-1.56,-1.56,-0.62,5,2
1772043550.331911,888803,-0.08,0.16,0.00,48.81,73.25,261.12,-0.81,-2.81,-0.06,0.00,0.00,0.10,34.63,77.62,124.94,-2.87,2.69,-0.19,5,1
1772043550.524242,888995,0.06,0.26,0.01,49.25,73.12,261.37,-1.25,-1.12,0.31,-0.06,0.01,0.11,34.13,77.69,125.37,0.06,0.50,0.62,5,1
1772043550.715732,889186,-0.04,0.00,-0.08,49.94,73.31,261.37,-2.75,-0.13,-0.81,0.04,0.00,0.04,34.50,77.69,125.50,-2.44,-0.56,-1.87,5,2
1772043550.906251,889377,0.20,0.11,0.13,48.69,73.00,261.94,0.50,1.25,2.94,-0.02,0.04,0.07,33.56,77.94,125.94,2.87,-2.87,-0.37,5,2
1772043551.095728,889567,0.07,0.01,0.11,49.38,72.87,261.50,-0.37,-1.19,2.06,-0.02,0.03,0.11,33.13,78.00,125.81,2.06,-0.81,-0.50,6,1
1772043551.285028,889756,0.05,0.32,0.08,49.75,73.00,261.44,-0.44,1.19,1.00,-0.07,-0.01,0.06,30.37,78.06,125.56,3.81,2.94,-2.94,6,1
1772043551.477849,889948,-0.09,-0.17,-0.01,51.75,72.75,260.25,3.44,-5.69,5.19,-0.05,-0.03,0.05,27.25,77.81,125.31,3.00,2.87,-2.12,6,1
1772043551.668868,890139,0.00,-0.04,-0.04,54.44,72.37,259.56,-1.19,-0.37,4.06,-0.06,0.15,0.11,23.87,77.75,125.81,0.81,2.12,-2.19,6,1
1772043551.859665,890330,-0.04,-0.07,-0.01,55.94,72.06,259.06,0.69,-1.62,2.19,-0.05,0.11,0.10,21.94,77.50,125.94,0.19,0.88,-0.56,6,1
1772043552.049097,890520,-0.16,0.03,0.05,56.50,71.81,259.06,-5.31,9.31,-2.56,-0.05,0.08,0.18,20.94,77.56,126.56,-2.94,-1.25,-0.69,6,1
1772043552.238209,890709,-0.09,0.01,0.00,55.13,71.81,259.81,0.31,-3.69,-0.69,-0.05,-0.02,0.03,21.69,77.62,126.62,0.13,-2.00,1.00,6,2
1772043552.430719,890902,0.08,0.09,0.15,54.75,71.81,260.06,-5.75,0.56,-3.06,-0.08,0.02,0.05,22.94,78.00,126.81,-0.25,-2.25,0.06,6,1
1772043552.621601,891093,0.44,-0.26,0.20,56.13,72.19,260.75,-7.87,-5.19,1.12,0.00,0.02,0.20,23.81,78.25,127.06,0.31,0.75,-0.69,6,1
1772043552.812564,891283,0.21,0.05,0.19,54.50,73.56,262.12,11.63,14.81,-6.87,-0.01,0.05,0.20,25.56,78.94,126.87,-0.94,-3.12,1.19,6,1
1772043553.002384,891473,-0.09,0.11,-0.05,51.56,73.25,262.50,-3.81,0.31,-0.44,-0.04,-0.02,0.10,26.69,79.50,126.94,-3.19,-5.75,-1.12,5,2
1772043553.191142,891662,0.10,0.00,0.23,49.00,72.94,263.31,-0.44,9.06,-6.00,-0.03,0.15,0.29,28.75,80.37,127.06,0.62,-3.75,1.06,5,2
1772043553.384227,891855,-0.07,0.12,0.01,46.00,73.69,264.56,0.06,-4.75,-2.19,0.00,-0.02,-0.04,31.25,80.69,126.50,-1.87,-4.19,-0.50,5,2
1772043553.575292,892046,-0.29,0.11,0.10,46.88,74.31,266.87,-27.25,3.87,-7.87,-0.03,0.03,-0.01,30.62,81.06,127.00,-1.06,-1.87,-2.81,6,4
1772043553.765646,892237,0.12,0.03,0.10,44.25,74.44,269.12,7.00,0.37,0.81,-0.05,-0.07,0.10,31.25,81.00,127.06,0.06,-1.19,1.06,6,4
1772043553.956347,892427,0.04,0.10,0.03,43.88,74.50,268.75,-1.56,0.81,0.88,0.00,0.01,0.13,31.44,81.06,127.06,0.00,-0.50,0.13,5,4
1772043554.147208,892618,-0.05,-0.10,0.01,44.56,74.44,268.31,0.44,-1.06,-0.19,0.00,0.00,0.06,32.63,81.06,126.87,-0.56,-1.00,1.06,5,4
1772043554.337955,892809,0.07,0.22,0.01,43.69,74.50,268.75,-0.75,2.00,-0.94,-0.02,0.04,0.06,33.38,81.06,126.87,0.50,0.13,-0.31,5,4
1772043554.528546,892999,0.04,-0.07,0.07,43.69,74.31,267.94,4.62,-0.75,4.06,-0.04,0.02,0.00,33.50,81.06,126.81,0.31,-1.31,0.13,5,4
1772043554.719429,893190,0.03,0.00,0.11,44.50,74.19,267.44,-0.94,-0.44,1.50,-0.15,0.08,0.05,33.13,81.19,126.81,-1.50,-1.50,-1.62,6,4
1772043554.908759,893380,-0.07,0.07,0.04,48.44,74.19,266.87,-2.75,-8.94,5.19,-0.11,0.00,0.16,32.13,81.00,126.94,-0.81,2.94,-0.13,6,3
1772043555.099464,893570,-0.08,0.06,-0.15,53.00,74.69,266.37,-1.31,-1.37,0.50,-0.01,0.01,0.16,31.06,80.81,127.06,0.75,0.94,0.44,6,4
1772043555.290950,893762,-0.04,0.05,-0.13,53.69,74.69,266.12,0.37,-2.44,-0.06,-0.04,0.01,0.02,30.75,80.62,126.94,-0.81,0.06,-0.81,5,4
1772043555.481360,893953,0.00,0.19,0.14,56.31,74.31,265.12,2.56,-7.87,10.81,0.02,0.08,0.03,29.12,80.19,126.94,2.50,0.56,1.56,5,2
1772043555.672397,894143,-0.15,-0.23,0.06,61.19,73.00,262.19,5.19,0.37,3.25,0.01,-0.05,0.10,30.12,80.00,126.69,-1.81,-0.25,-0.69,6,3
1772043555.861767,894333,0.00,0.15,0.00,60.56,73.06,262.75,-3.69,0.56,-2.00,0.02,-0.06,0.13,30.56,80.06,126.94,-2.00,-2.50,0.44,6,3
1772043556.052711,894524,0.09,0.14,0.03,60.50,73.37,263.50,-3.12,-0.69,1.62,-0.08,0.07,0.13,30.12,80.12,127.12,-1.25,0.75,-0.44,6,3
1772043556.244024,894715,-0.05,0.01,-0.03,61.88,73.25,263.12,1.62,0.25,0.44,-0.04,0.00,0.07,29.69,80.12,127.19,-0.31,0.62,0.62,6,3
1772043556.434742,894906,-0.01,0.01,0.04,61.00,73.19,262.87,1.12,-0.37,-0.19,-0.05,0.03,0.07,30.44,80.00,127.12,-1.44,0.37,0.19,6,3
1772043556.625700,895096,-0.14,-0.02,-0.01,61.44,73.19,262.50,2.37,-1.81,-1.00,0.00,-0.01,0.00,30.94,79.94,127.12,-0.88,2.25,-0.44,6,4
1772043556.814837,895286,0.16,0.15,0.05,60.88,73.37,262.31,3.25,-4.31,-3.25,-0.06,0.00,0.10,30.44,79.56,126.69,4.50,0.56,2.44,5,4
1772043557.004667,895476,0.00,-0.01,0.00,62.56,74.06,261.62,1.62,-4.62,-0.69,0.00,-0.04,0.13,30.62,79.25,126.12,0.25,2.00,-0.06,6,4
1772043557.197170,895668,0.02,0.04,0.00,64.50,74.31,261.62,2.00,-2.19,-1.44,-0.08,0.02,0.13,29.94,79.12,126.19,1.00,-1.19,-0.31,6,4
1772043557.388347,895859,-0.11,0.09,-0.03,65.81,75.00,261.62,-0.69,-0.25,-1.19,-0.01,0.01,0.06,30.25,79.19,125.94,-0.25,-1.00,-0.37,5,4
1772043557.578570,896050,0.07,0.00,0.06,64.75,74.56,261.31,1.00,1.25,1.69,-0.04,-0.05,0.12,30.19,79.19,126.00,0.88,-0.44,0.13,4,3
1772043557.768671,896239,-0.06,0.04,-0.01,64.75,74.62,261.31,-1.87,1.87,-0.88,-0.01,-0.02,0.10,30.87,79.37,126.06,-1.31,-0.50,-0.31,4,2
1772043557.959635,896431,0.04,0.05,0.05,63.06,74.44,261.56,0.75,3.19,0.62,-0.13,0.03,0.08,30.94,79.31,126.19,1.25,-0.94,-0.31,4,2
1772043558.150603,896622,0.07,0.13,0.04,61.50,74.25,261.56,-2.56,1.31,0.75,-0.04,0.04,0.16,30.69,79.44,126.31,1.00,0.50,-1.06,5,2
1772043558.341743,896812,-0.22,0.08,-0.01,65.94,74.50,261.06,1.81,-11.38,4.81,-0.04,-0.07,-0.12,30.19,79.44,126.19,-0.44,-0.50,-0.69,5,2
1772043558.532018,897003,0.07,-0.01,0.04,66.50,74.25,260.56,-4.44,1.50,1.00,-0.04,0.03,0.09,28.50,79.31,126.44,0.25,-0.37,-2.19,6,2
1772043558.722455,897194,0.00,-0.03,0.01,66.75,74.19,261.00,0.62,-1.06,0.81,-0.02,0.00,0.09,27.56,79.19,126.56,0.69,1.62,0.00,6,2
1772043558.913179,897384,0.00,0.07,0.08,65.56,74.25,261.25,-1.12,3.19,-1.62,-0.01,0.04,0.09,27.25,79.06,126.62,-0.44,0.44,-0.31,7,2
1772043559.104220,897575,-0.03,-0.01,0.00,64.81,74.25,261.37,0.19,0.94,-0.13,-0.02,-0.07,0.08,27.19,79.00,126.62,-0.88,-1.00,0.50,7,1
1772043559.294691,897766,-0.09,0.10,-0.04,63.63,74.31,261.69,-1.00,1.81,-1.81,-0.02,0.00,0.02,28.12,79.06,126.75,-2.37,-0.88,0.25,7,2
1772043559.485004,897956,-0.31,0.13,-0.21,60.25,73.87,261.87,3.75,11.44,3.31,0.00,-0.09,0.18,30.62,78.94,126.44,-2.69,-1.44,2.94,7,2
1772043559.674628,898146,0.08,0.00,0.20,54.19,72.75,261.81,-1.19,-1.81,-2.06,0.00,0.04,0.00,32.63,79.31,126.50,0.13,-3.75,-0.56,7,2
1772043559.866309,898337,0.06,-0.07,0.20,53.75,72.87,261.94,0.31,1.06,-0.88,-0.02,-0.03,0.06,33.69,79.56,126.50,-0.69,-1.00,0.44,6,2
1772043560.057388,898528,-0.02,0.15,0.07,54.63,73.12,262.62,-2.37,-2.62,-2.12,-0.02,-0.02,0.01,34.31,79.62,126.56,-1.00,0.88,0.56,6,2
1772043560.247767,898719,0.07,0.04,0.02,55.50,73.50,262.94,-1.12,-2.44,-0.19,-0.06,-0.03,0.12,33.88,79.44,126.62,0.19,-1.12,-0.25,5,3
1772043560.438508,898909,-0.06,0.12,-0.06,57.19,73.81,263.12,-1.44,0.56,-0.50,-0.01,-0.01,0.05,33.75,79.44,126.69,-0.19,0.19,-0.75,5,3
1772043560.629058,899100,0.00,-0.01,0.11,56.88,73.62,263.00,0.62,0.00,0.56,-0.01,-0.03,0.07,33.31,79.44,126.75,0.19,-0.19,-0.75,4,3
1772043560.818933,899290,0.00,-0.08,0.03,56.94,73.50,262.87,-1.56,1.75,-0.69,-0.03,-0.04,0.09,33.25,79.44,126.81,2.19,-0.31,0.37,4,3
1772043561.009994,899481,0.08,0.04,0.07,56.94,73.62,263.12,-2.69,0.62,1.87,0.03,-0.05,0.11,32.50,79.44,127.00,-0.62,1.50,-1.87,4,3
1772043561.200935,899672,-0.14,0.03,-0.06,57.75,73.50,262.87,1.62,-0.88,-0.62,-0.04,-0.02,0.10,31.56,79.37,126.94,0.88,0.88,-0.19,4,3
1772043561.391391,899863,0.36,0.04,0.17,56.63,73.44,262.81,4.00,-2.94,-2.37,-0.16,-0.06,-0.01,31.31,79.06,126.37,4.00,-0.75,1.00,3,2
1772043561.581700,900053,-0.04,-0.10,-0.03,58.31,73.50,262.00,-2.94,5.31,4.00,-0.04,0.00,0.13,31.44,79.19,126.69,-0.56,0.00,-1.50,4,3
1772043561.772662,900244,0.00,0.09,-0.03,58.56,73.44,262.44,1.25,0.44,1.06,-0.08,-0.05,0.14,30.56,79.19,126.81,-0.19,0.50,0.19,4,3
1772043561.963549,900435,-0.04,0.02,0.02,58.63,73.31,262.19,-1.06,2.06,-1.69,0.00,0.00,0.06,30.87,79.31,126.81,-0.19,-0.44,0.06,5,2
1772043562.153949,900625,0.14,0.11,0.16,56.88,73.06,262.44,-2.12,-1.19,-0.31,0.00,0.00,-0.01,31.12,79.31,127.00,0.19,-0.81,0.37,5,2
1772043562.344305,900816,0.00,0.07,0.01,57.69,73.31,262.56,-1.75,0.00,0.13,0.00,-0.05,0.08,31.12,79.25,127.06,0.56,0.44,0.44,5,2
1772043562.535324,901007,0.00,0.07,0.02,57.50,73.44,262.75,-0.75,1.12,0.50,-0.02,-0.03,0.12,31.06,79.25,127.06,0.13,0.31,-0.50,5,3
1772043562.726013,901197,-0.08,0.01,0.00,57.44,73.31,262.69,1.37,1.19,1.69,-0.03,-0.02,0.09,30.81,79.37,127.19,0.13,-0.62,-0.75,5,2
1772043562.916866,901388,0.05,-0.06,0.13,56.94,73.06,262.56,1.75,0.56,0.37,-0.01,-0.01,0.09,30.87,79.50,127.19,0.69,-1.06,1.06,4,2
1772043563.107229,901578,-0.01,0.00,0.02,56.63,73.25,262.50,1.87,0.13,-1.12,0.00,-0.09,0.03,32.63,79.44,126.75,-0.56,-0.88,1.06,4,2
1772043563.297422,901769,0.01,0.17,0.04,56.44,73.44,262.94,-2.00,-1.31,-0.56,-0.03,0.00,0.02,33.00,79.50,126.81,0.37,0.37,0.13,5,2
1772043563.488592,901959,-0.02,0.07,0.00,57.00,73.56,262.75,0.94,-1.62,0.94,-0.02,-0.09,-0.05,32.88,79.50,126.62,-0.69,-3.06,0.75,5,2
1772043563.679263,902150,0.02,0.22,0.08,56.75,73.50,262.75,-0.19,-1.06,-0.13,0.00,-0.02,0.07,32.94,79.50,126.62,-0.69,1.19,-0.25,5,2
1772043563.870219,902341,-0.03,-0.03,-0.01,57.31,73.44,262.62,-0.88,0.69,0.31,-0.03,-0.05,0.12,32.38,79.50,126.87,-0.62,0.62,0.13,5,2
1772043564.060559,902531,-0.03,-0.05,0.09,57.06,73.56,262.94,-1.69,0.88,-0.88,-0.06,-0.01,0.05,31.94,79.37,127.00,-1.56,0.50,-0.88,5,2
1772043564.251057,902722,-0.03,0.00,-0.03,56.38,73.56,263.50,1.06,0.19,-0.06,-0.12,-0.03,0.05,31.25,79.37,127.12,1.25,-0.25,0.37,5,2
1772043564.441747,902913,-0.07,-0.03,0.01,57.13,73.56,263.12,1.87,-2.19,1.69,-0.01,-0.08,0.11,31.00,79.31,127.06,0.06,0.00,0.44,5,2
1772043564.632238,903104,0.02,0.02,0.00,57.44,73.56,262.94,0.81,2.19,0.37,-0.01,-0.05,0.13,31.12,79.37,127.06,-0.31,-0.50,0.13,5,2
1772043564.823405,903294,-0.05,0.09,0.03,56.69,73.44,262.87,0.06,-0.44,0.06,-0.02,-0.06,0.10,31.44,79.44,127.06,-0.13,-0.25,-0.06,5,2
1772043565.013416,903485,-0.04,0.01,0.09,56.56,73.37,262.94,-0.31,1.25,1.25,-0.03,-0.03,0.17,31.62,79.56,127.19,1.87,0.31,0.00,5,2
1772043565.203613,903675,0.10,0.03,0.13,57.00,73.37,262.81,0.00,-3.94,3.69,0.00,-0.01,0.10,31.12,79.56,127.12,0.50,0.88,-0.88,5,2
1772043565.394903,903866,-0.18,-0.04,0.00,59.56,73.25,261.75,3.62,0.06,2.56,-0.05,-0.11,0.16,30.37,79.56,127.00,-0.25,0.25,-0.75,4,2
1772043565.585588,904057,-0.01,0.12,0.05,57.88,73.00,261.94,-1.06,2.00,-0.69,-0.06,0.00,0.11,29.50,79.62,127.19,0.81,-0.81,-0.44,4,2
1772043565.776451,904248,-0.28,0.05,0.01,56.94,72.81,261.69,1.56,2.25,1.19,-0.07,0.00,0.03,29.44,79.62,127.06,-0.44,-0.06,-0.31,4,2
1772043565.966342,904438,0.02,0.00,0.13,55.50,72.50,261.56,1.50,2.00,0.69,-0.06,-0.03,0.13,29.44,79.62,127.06,-0.37,-0.37,0.31,4,2
1772043566.156965,904628,0.04,0.04,0.05,55.13,72.50,261.62,-1.00,-1.62,-0.88,-0.03,-0.05,0.07,29.87,79.69,127.06,-0.44,-0.69,0.81,3,2
1772043566.348081,904819,0.03,0.11,0.08,54.69,72.62,261.87,-0.19,2.75,-0.37,-0.01,-0.05,0.07,30.31,79.69,127.00,0.13,-0.44,0.06,3,2
1772043566.538790,905010,-0.04,0.05,0.01,54.19,72.50,261.87,-0.06,-1.87,-0.25,-0.04,-0.09,-0.03,30.75,79.81,127.00,-1.87,-1.94,0.06,4,2
1772043566.729261,905201,0.04,0.05,0.08,53.63,72.56,262.12,0.94,1.94,0.31,-0.05,-0.10,0.09,31.12,79.87,127.06,0.31,-0.50,0.94,4,2
1772043566.919694,905391,0.08,-0.04,0.15,53.44,72.62,262.37,-2.56,-0.75,-2.25,-0.02,-0.06,0.03,32.19,79.87,127.00,-0.37,0.13,1.19,4,2
1772043567.109953,905581,-0.05,0.12,0.00,54.44,73.19,263.00,-2.19,-2.31,-0.25,-0.01,0.00,0.03,32.31,79.81,126.94,0.00,0.13,-0.06,4,2
1772043567.301209,905772,-0.05,0.00,0.03,55.06,73.25,262.94,-0.75,-2.62,1.44,-0.05,-0.03,0.06,32.00,79.69,126.94,-0.13,0.31,0.37,5,2
1772043567.491958,905963,0.01,0.07,0.00,56.25,73.44,263.06,-0.13,-1.87,0.69,-0.02,-0.08,0.11,31.69,79.62,127.00,-0.75,-0.50,0.00,5,2
1772043567.682740,906154,0.00,0.06,0.00,56.56,73.44,263.06,-0.69,1.44,-0.75,-0.01,-0.07,0.15,31.87,79.62,127.12,-0.56,-0.25,0.13,5,2
1772043567.872628,906344,0.02,0.03,0.08,55.81,73.37,263.12,1.25,2.19,0.75,-0.06,-0.11,0.09,31.87,79.62,127.12,2.25,-0.13,-0.56,5,2
1772043568.062867,906534,0.02,-0.05,0.12,55.81,73.25,262.94,-1.19,0.81,0.75,0.01,0.00,0.14,31.19,79.75,127.25,0.44,0.25,-1.19,5,2
1772043568.254344,906726,-0.07,0.03,0.06,56.38,73.25,262.62,5.81,-2.69,2.31,-0.04,-0.16,0.11,30.81,79.69,126.75,0.00,1.25,0.00,4,2
1772043568.445223,906916,-0.11,0.29,0.04,56.88,73.00,262.50,-2.62,-0.06,-1.62,-0.01,0.00,0.08,30.56,79.81,127.19,1.12,-0.31,1.56,4,2
1772043568.636256,907107,-0.13,-0.05,0.06,55.94,73.12,262.50,-0.31,-2.75,-0.25,0.07,-0.09,0.09,31.50,79.69,127.00,-2.87,-0.75,0.00,5,2
1772043568.826196,907297,-0.01,0.37,0.02,55.94,73.37,263.19,-2.19,-3.56,-1.87,-0.03,-0.04,0.01,31.69,79.69,127.12,1.00,0.00,0.69,4,1
1772043569.016573,907488,0.11,-0.05,0.10,55.75,73.31,262.87,-0.31,-0.19,0.25,0.00,-0.06,0.09,31.44,79.50,127.06,-0.44,-1.00,-0.75,5,1
1772043569.207621,907679,0.06,0.01,0.16,56.00,73.37,262.94,-0.69,-0.75,-0.50,-0.05,-0.03,0.09,31.56,79.50,127.12,1.37,0.13,0.31,4,2
1772043569.398427,907870,-0.05,-0.05,0.04,56.69,73.62,263.12,-0.81,2.69,0.75,0.05,-0.04,0.13,31.37,79.50,127.31,-1.31,1.62,-1.37,5,2
1772043569.588972,908060,0.07,0.14,0.04,55.94,73.56,263.44,1.69,-0.69,-0.37,0.00,-0.06,0.06,31.50,79.44,127.19,-0.06,0.75,0.81,5,2
1772043569.779143,908250,-0.08,0.06,0.02,56.50,73.50,263.19,-1.62,0.94,-0.25,-0.01,-0.01,0.08,31.37,79.37,127.25,-0.62,0.44,0.00,5,2
1772043569.969550,908441,-0.13,0.01,0.00,56.31,73.56,263.31,0.00,0.81,-1.75,-0.03,-0.04,0.06,32.06,79.25,127.06,-0.62,0.00,0.88,6,2
1772043570.160735,908632,0.05,0.12,0.03,55.63,73.69,263.62,0.06,-1.81,0.06,-0.03,-0.09,0.05,32.25,79.25,127.06,0.19,-1.37,-0.62,7,3
1772043570.351791,908823,-0.06,0.08,0.03,56.13,73.62,263.50,0.31,1.50,1.44,-0.03,-0.08,0.01,32.25,79.25,127.06,-0.25,-0.25,-0.19,7,3
1772043570.542051,909014,0.00,0.14,0.00,55.19,73.37,263.37,-0.19,2.00,0.06,0.00,0.00,0.11,32.38,79.31,127.12,0.06,-0.31,0.44,6,3
1772043570.732351,909204,0.10,0.00,0.08,53.00,72.94,263.06,2.75,2.75,0.31,0.00,-0.06,-0.02,32.63,79.37,126.87,-0.62,-0.81,-0.37,7,4
1772043570.922472,909394,0.06,-0.02,0.12,50.38,72.56,262.69,2.69,3.75,0.75,-0.01,-0.10,0.03,32.00,79.44,127.06,0.81,-1.81,-0.56,6,5
1772043571.113642,909585,0.07,-0.02,0.15,49.44,72.31,262.25,1.69,0.06,0.88,-0.05,0.00,0.04,32.06,79.44,126.94,0.31,0.13,0.13,6,4
1772043571.304875,909776,0.01,0.16,-0.02,50.75,72.37,261.81,2.87,-3.37,1.00,-0.05,0.01,0.12,32.13,79.44,126.94,0.31,-0.88,0.81,6,4
1772043571.495368,909967,-0.12,0.00,0.14,48.50,72.69,259.94,19.87,-0.06,0.00,0.02,-0.02,0.21,32.38,79.31,126.69,0.75,0.56,0.31,5,5
1772043571.685462,910157,-0.04,0.07,0.14,46.88,72.00,258.56,-3.06,2.62,1.75,0.00,-0.01,0.02,32.06,79.37,126.75,-0.81,-1.25,-0.37,5,5
1772043571.875629,910347,0.08,-0.02,0.14,46.75,71.81,259.00,-4.00,-0.44,0.69,0.00,-0.03,0.06,32.00,79.44,126.75,-0.13,0.88,-0.06,3,4
1772043572.067383,910538,-0.02,-0.02,0.04,49.81,72.19,259.94,-11.94,-5.94,-0.37,-0.03,0.00,0.07,32.06,79.50,126.94,-0.62,-0.81,-0.13,4,5
1772043572.258340,910729,0.00,0.09,-0.02,52.81,72.94,261.25,-2.44,-3.37,-1.56,-0.03,-0.05,0.09,32.31,79.50,127.00,-0.88,-0.75,0.31,4,5
1772043572.449077,910920,-0.02,0.13,0.05,53.31,73.25,261.81,-1.81,0.69,-0.50,-0.02,-0.03,0.04,32.50,79.62,127.06,-0.62,-1.00,0.00,4,5
1772043572.639726,911111,0.04,0.08,0.10,53.25,73.25,262.00,0.00,-0.75,1.31,-0.03,-0.06,0.12,32.38,79.56,127.06,0.31,1.31,-0.19,4,3
1772043572.830714,911302,-0.02,0.05,0.00,54.19,73.31,261.94,-1.19,-0.13,0.62,-0.06,0.00,0.06,32.31,79.56,127.06,-0.81,-0.37,-0.44,5,3
1772043573.021149,911493,0.09,0.05,0.08,54.50,73.31,262.12,-0.37,-0.19,0.69,-0.05,0.00,0.14,31.69,79.37,127.12,-0.50,1.37,0.31,5,3
1772043573.211992,911683,-0.04,0.07,-0.01,55.38,73.37,262.25,-1.50,-0.25,0.00,-0.06,0.02,0.05,31.94,79.44,127.12,0.37,0.19,0.06,5,3
1772043573.402620,911874,0.03,0.00,0.12,55.69,73.37,262.19,1.31,-1.94,1.44,-0.04,-0.02,0.08,32.00,79.44,127.12,-0.81,-1.62,0.62,5,2
1772043573.592226,912063,-0.09,-0.23,0.05,56.94,73.44,261.62,1.44,-4.56,-2.75,-0.02,-0.03,0.17,35.88,79.31,126.81,-1.25,-0.88,3.12,5,2
1772043573.782733,912254,0.10,0.27,0.05,56.69,74.37,262.87,-0.75,0.31,-1.44,-0.02,0.00,0.12,36.81,79.19,126.62,-0.06,0.19,-0.50,5,2
1772043573.974374,912446,-0.06,-0.04,-0.01,57.63,74.31,262.50,0.75,0.00,1.56,-0.06,-0.03,0.00,36.19,79.25,126.69,-0.19,0.81,-0.19,5,2
1772043574.165182,912637,0.14,0.07,0.01,57.38,74.25,262.56,1.06,-1.81,-0.56,-0.07,-0.09,0.10,36.13,79.19,126.62,1.56,-1.25,0.62,5,1
1772043574.355931,912827,0.07,0.10,0.08,57.81,74.31,262.56,-2.06,0.81,0.88,-0.04,-0.02,0.14,35.63,79.25,126.87,0.06,0.56,-0.37,5,1
1772043574.545716,913017,-0.03,-0.02,-0.03,58.19,74.37,262.50,1.50,0.31,0.50,-0.06,-0.04,0.14,35.13,79.12,126.87,-0.37,2.06,-0.19,5,1
1772043574.735136,913207,-0.13,-0.07,0.04,58.00,74.25,262.50,-0.13,2.37,0.31,-0.05,0.03,0.20,34.94,79.12,127.06,0.19,0.75,-0.56,5,1
1772043574.926920,913399,0.00,-0.02,0.13,57.00,74.06,262.56,1.81,1.00,1.00,-0.03,0.00,0.17,34.44,79.06,127.00,-0.06,0.75,-0.62,5,1
1772043575.119084,913590,-0.08,0.00,0.00,57.38,74.00,262.37,0.19,-1.31,-0.25,-0.02,-0.02,0.15,34.38,79.06,127.00,-0.81,0.44,0.37,4,1
1772043575.309408,913781,0.01,0.07,0.02,57.13,74.12,262.62,-0.75,0.37,-0.81,-0.02,-0.03,0.19,34.38,79.06,127.06,0.19,0.44,-0.62,5,2
1772043575.501410,913973,-0.04,0.00,0.04,56.94,74.06,262.62,-0.19,1.06,-1.25,-0.03,0.01,0.14,34.44,79.19,127.12,0.25,0.06,-1.19,5,2
1772043575.692092,914164,0.00,-0.07,0.08,56.44,73.87,262.56,1.37,-0.31,0.69,-0.04,0.00,0.18,34.25,79.12,127.06,0.06,-0.06,-0.44,5,1
1772043575.884570,914356,-0.06,0.03,0.01,56.31,73.87,262.56,-0.06,0.50,-0.88,-0.04,0.00,0.10,34.31,79.19,127.06,-0.19,-0.37,-0.06,5,1
1772043576.073375,914545,0.01,0.00,0.18,55.63,73.75,262.69,-0.06,0.94,0.25,0.00,-0.06,0.21,34.25,79.12,127.19,1.56,0.88,0.25,5,2
1772043576.263693,914735,0.00,0.08,0.10,56.25,73.94,262.69,-1.62,0.81,-1.00,-0.04,0.02,0.16,33.81,79.12,127.19,0.37,0.62,-1.00,4,2
1772043576.453796,914925,0.00,-0.10,0.09,56.94,73.87,262.37,1.31,-2.62,1.56,-0.03,-0.01,0.16,33.25,79.06,127.12,-0.44,0.75,-0.69,4,2
1772043576.643485,915115,-0.06,0.06,0.06,58.19,73.87,262.44,-0.88,-1.75,0.19,-0.05,0.00,0.15,32.81,79.00,127.19,0.00,0.00,-0.19,3,2
1772043576.836340,915308,-0.06,-0.01,0.00,59.13,73.94,262.44,-1.06,-1.75,0.00,-0.03,0.03,0.17,33.19,79.00,127.25,0.13,0.00,0.81,3,2
1772043577.028893,915501,-0.02,0.04,0.15,58.81,74.06,262.50,1.56,1.12,-1.25,-0.04,0.04,0.19,33.75,78.81,126.94,0.94,1.25,0.69,4,2
1772043577.219179,915691,-0.03,-0.06,0.08,58.75,74.12,262.25,0.62,-2.50,0.19,-0.02,0.00,0.14,34.13,78.69,126.81,-0.37,0.62,1.12,5,2
1772043577.411571,915883,0.02,0.00,0.09,59.13,74.56,262.75,-0.37,0.06,-3.31,-0.01,0.06,0.22,35.88,78.31,126.62,-2.56,1.44,3.37,6,2
1772043577.603079,916074,-0.03,0.02,0.01,60.88,75.50,263.56,-2.62,-5.75,-2.87,-0.04,0.00,0.16,36.94,77.81,126.25,-1.19,2.44,1.00,5,2
1772043577.793726,916265,0.08,0.24,0.01,62.81,76.12,264.31,0.06,-1.81,-1.44,-0.09,0.00,0.10,35.19,77.25,126.19,2.81,4.56,0.31,5,2
1772043577.984554,916456,-0.04,-0.04,0.06,64.31,76.12,263.69,1.12,-0.50,1.69,-0.07,-0.02,0.07,33.63,76.75,126.12,-0.88,1.37,0.06,5,2
1772043578.174912,916646,0.03,0.09,0.05,64.31,76.06,263.75,0.88,-0.88,1.81,-0.05,-0.02,0.12,34.56,76.69,126.56,-1.50,-0.25,1.12,6,2
1772043578.366335,916838,-0.03,0.05,0.04,64.87,76.00,263.56,-1.25,0.88,-0.19,-0.06,-0.03,0.09,34.44,76.62,126.50,-0.19,0.50,-0.69,6,2
1772043578.556587,917028,0.03,0.15,0.04,64.12,75.94,263.69,0.25,1.69,-1.25,-0.05,0.00,0.11,34.81,76.87,126.81,-0.69,-0.31,-0.06,6,2
1772043578.747307,917219,0.01,-0.02,0.07,64.00,75.87,263.44,-1.06,0.31,-0.56,-0.02,0.06,0.09,34.88,76.94,126.81,0.75,-0.19,-0.37,6,2
1772043578.938674,917410,-0.01,0.00,0.07,64.06,75.81,263.50,-0.69,-0.56,-0.75,-0.04,-0.02,0.02,35.25,77.00,126.81,-1.00,-0.37,0.62,5,2
1772043579.129463,917601,0.05,0.10,0.07,63.69,76.00,263.81,-0.31,-1.50,0.44,0.00,-0.10,0.11,35.13,76.94,126.81,1.25,0.75,0.13,4,2
1772043579.321939,917793,-0.01,0.06,0.05,65.00,76.00,263.75,-0.94,-0.81,-0.37,-0.07,0.03,0.08,34.63,76.87,126.94,0.37,0.56,-0.81,4,2
1772043579.510960,917983,0.02,-0.08,0.07,65.75,75.87,263.44,1.19,-1.37,1.56,-0.02,0.00,0.13,34.06,76.75,126.87,0.56,1.12,-0.44,5,2
1772043579.700990,918173,0.00,0.02,0.09,66.56,75.81,263.25,-0.44,0.88,-0.13,-0.06,0.00,0.08,33.88,76.69,126.94,0.62,0.06,-0.19,5,2
1772043579.892201,918364,-0.01,0.00,0.10,66.75,75.81,263.25,-0.37,-0.88,0.56,0.03,-0.01,0.14,33.69,76.62,126.94,0.19,0.69,-0.25,6,2
1772043580.083808,918555,0.00,0.02,0.07,67.44,75.81,263.25,-0.13,-0.50,-0.94,-0.10,0.00,0.14,33.50,76.56,126.94,0.06,-0.06,0.06,6,2
1772043580.276004,918747,0.07,-0.11,0.08,68.06,75.87,263.19,0.81,-0.44,-0.31,-0.03,-0.06,0.17,33.75,76.56,126.75,0.69,-0.69,1.12,6,2
1772043580.465376,918937,-0.03,-0.06,0.09,68.94,76.19,263.25,-2.06,-1.12,-1.62,-0.03,0.05,0.12,34.69,76.69,126.87,0.00,-1.37,0.37,5,1
1772043580.655170,919127,-0.06,-0.02,0.08,69.12,76.56,263.50,1.50,0.81,-1.00,0.03,-0.05,0.13,35.69,76.69,126.75,-0.31,-0.06,0.00,5,1
1772043580.849102,919321,-0.03,0.08,0.13,68.31,76.75,263.81,0.25,-0.37,-2.12,-0.06,0.00,0.11,36.13,76.81,126.75,0.56,0.00,-0.31,6,2
1772043581.043099,919515,-0.07,-0.01,0.04,68.12,76.69,263.69,1.62,0.06,0.81,-0.04,-0.04,0.16,35.94,76.81,126.62,0.25,0.19,-0.13,6,1
1772043581.234320,919706,-0.02,0.00,0.04,67.81,76.56,263.62,-1.50,0.25,-0.37,-0.03,-0.02,0.09,36.00,76.81,126.69,-0.62,0.75,-0.19,5,1
1772043581.425322,919897,0.05,0.11,0.13,66.81,76.44,263.81,-0.88,1.37,0.69,-0.05,0.04,0.15,35.81,76.75,126.75,0.13,0.19,-0.50,5,2
1772043581.616797,920088,0.03,0.05,0.15,66.69,76.37,263.75,-0.13,0.13,-0.06,-0.05,0.04,0.18,35.94,76.75,126.75,0.25,-0.37,-0.31,5,2
1772043581.807243,920279,0.07,0.00,0.08,67.06,76.31,263.56,-1.19,0.06,-1.06,-0.08,-0.07,0.07,35.69,76.69,126.69,0.69,-1.44,0.06,5,2
1772043581.998182,920470,0.07,0.06,0.17,66.62,76.31,263.75,-3.31,2.56,-0.94,-0.04,0.01,0.13,35.81,76.69,127.00,1.25,-0.75,0.37,5,2
1772043582.189358,920661,-0.08,-0.05,0.07,66.56,76.44,263.94,0.13,0.31,0.19,-0.06,-0.04,0.11,35.94,76.56,126.87,-0.56,-0.44,-0.81,6,2
1772043582.379970,920852,0.02,0.13,0.12,66.31,76.44,264.12,0.00,-0.31,1.00,-0.04,-0.01,0.12,35.63,76.44,126.87,0.94,0.37,0.19,6,2
1772043582.570194,921042,-0.04,0.10,0.06,66.87,76.44,263.69,3.75,-0.50,0.25,-0.03,-0.05,0.11,35.44,76.31,126.31,1.44,0.19,1.19,6,2
1772043582.760751,921232,-0.04,0.10,0.08,66.37,76.37,263.56,-3.44,2.12,-0.56,0.00,0.05,0.08,35.38,76.25,126.44,-0.37,-0.56,-0.75,7,3
1772043582.951482,921423,0.02,0.08,0.12,65.69,76.19,263.56,0.19,1.19,1.06,-0.01,-0.10,0.07,34.75,76.37,126.56,-0.44,-0.50,-0.94,7,4
1772043583.142189,921614,0.00,0.08,0.10,66.00,76.00,263.44,-0.75,-0.37,1.56,-0.06,0.01,0.07,34.44,76.37,126.69,0.00,0.44,-0.25,7,4
1772043583.333403,921805,-0.02,0.03,0.06,67.25,76.00,263.25,-1.62,-1.75,0.00,-0.02,-0.06,0.02,34.63,76.44,126.69,-0.13,-0.81,0.44,6,4
1772043583.523253,921995,0.05,0.12,0.13,67.06,76.06,263.69,-2.81,0.56,0.75,-0.05,0.04,0.11,34.56,76.50,127.00,0.00,-0.50,-0.50,6,5
1772043583.713695,922185,0.00,0.02,0.13,67.37,76.06,263.62,0.88,0.50,0.00,-0.01,-0.03,0.12,34.56,76.50,126.94,-1.12,-1.44,-0.06,6,5
1772043583.904231,922376,0.07,0.13,0.16,67.25,76.00,263.62,0.37,1.31,1.56,-0.06,0.02,0.09,34.63,76.56,126.94,0.75,0.81,-0.06,6,5
1772043584.095180,922567,0.00,0.00,0.13,68.00,75.87,263.19,-0.81,-0.88,0.37,-0.06,-0.02,0.11,34.56,76.56,126.87,-0.75,0.19,0.25,5,5
1772043584.285576,922757,0.00,0.09,0.07,68.44,76.06,263.50,-1.06,1.37,-0.88,-0.07,0.01,0.12,34.69,76.56,127.06,-0.44,0.69,0.13,6,5
1772043584.476107,922948,-0.06,-0.02,0.13,68.12,76.00,263.56,-0.50,1.37,0.81,-0.08,0.03,0.11,34.56,76.44,127.19,-1.56,0.25,-0.19,5,5
1772043584.666666,923138,-0.01,0.02,0.13,67.12,76.00,263.75,1.94,-0.25,0.94,-0.07,-0.01,0.10,34.38,76.37,127.12,-0.62,0.13,0.13,4,3
1772043584.857435,923329,-0.02,0.11,0.10,66.94,75.94,263.75,-0.25,-0.37,-0.50,-0.06,-0.02,0.10,34.44,76.37,127.12,-0.69,-0.44,0.37,4,3
1772043585.047700,923519,0.05,0.08,0.09,66.50,76.12,264.00,-0.44,0.25,-0.69,-0.08,0.00,0.15,34.69,76.44,127.19,-0.37,-0.75,-0.50,4,3
1772043585.238513,923710,-0.13,0.03,-0.09,65.87,76.12,264.06,3.06,2.37,-1.25,-0.01,0.03,0.19,35.69,76.69,126.94,0.94,-2.31,0.44,4,3
1772043585.429111,923901,0.13,0.06,0.14,61.00,75.81,263.81,3.06,3.87,-0.56,-0.02,-0.02,0.26,36.69,77.06,126.81,1.69,-3.62,-1.37,4,2
1772043585.619800,924091,-0.52,0.11,-0.46,58.81,75.44,263.00,11.50,19.87,2.31,0.02,-0.06,0.17,37.94,78.37,126.81,-0.94,-4.87,-1.19,4,2
1772043585.809033,924281,0.14,0.02,0.31,43.44,71.87,261.94,10.63,22.69,-0.25,0.04,-0.02,-0.04,40.19,79.06,127.00,0.13,-5.25,-0.62,5,2
1772043585.998856,924471,0.24,0.00,0.35,35.56,69.50,261.31,5.31,10.06,-1.87,0.00,0.17,0.02,42.88,79.81,126.62,7.37,-4.75,0.31,5,2
1772043586.191093,924663,0.16,-0.18,0.38,33.06,68.75,260.75,0.94,-0.88,-0.13,0.02,0.06,0.05,43.75,80.06,126.44,-1.69,-2.06,-1.50,5,2
1772043586.381733,924854,0.02,0.07,0.05,34.69,69.31,260.81,-0.06,-4.75,-0.44,-0.02,-0.04,0.18,44.25,80.06,126.50,0.19,1.56,1.12,6,2
1772043586.573007,925044,-0.07,-0.02,-0.11,37.69,70.19,260.81,-5.12,-8.38,2.87,-0.09,0.02,0.06,43.44,79.81,126.75,-2.87,1.25,0.56,6,2
1772043586.762376,925234,-0.05,0.15,-0.08,39.88,71.00,261.12,-0.25,3.25,-5.00,-0.11,0.04,0.01,44.44,79.56,126.81,-2.75,-0.44,1.31,7,2
1772043586.952460,925424,-0.12,0.03,0.15,38.50,70.94,261.50,-1.75,-5.75,0.44,0.09,0.00,-0.19,44.38,79.31,127.06,-3.50,-0.25,-0.81,7,2
1772043587.143840,925616,0.42,0.07,0.12,41.13,71.19,261.69,-5.06,-5.62,2.94,-0.24,-0.05,0.11,41.81,78.75,127.44,0.00,6.25,0.19,6,2
1772043587.334907,925807,0.16,0.01,-0.08,45.38,71.81,261.56,-6.12,-3.94,1.87,-0.03,-0.07,0.13,39.56,78.25,127.50,0.19,3.31,-0.94,6,3
1772043587.525854,925998,0.06,-0.02,0.07,49.94,72.44,261.56,-5.56,-7.06,4.56,0.00,-0.03,0.05,37.94,77.94,127.94,-2.31,1.12,-0.37,7,3
1772043587.715797,926187,-0.22,0.14,-0.09,58.56,72.94,261.37,-7.94,-11.19,1.37,0.04,-0.09,-0.05,36.13,77.50,128.25,-2.62,3.31,-1.12,6,2
1772043587.905707,926377,0.00,0.17,-0.12,60.56,73.56,262.56,-9.25,-9.50,-2.62,0.01,0.02,0.03,34.31,77.06,128.37,2.25,0.06,-1.19,6,3
1772043588.097587,926569,0.23,-0.56,0.47,63.69,74.25,263.75,-9.38,-3.50,-4.81,-0.02,0.10,0.04,31.44,77.06,128.56,3.69,-0.56,-3.31,5,3
1772043588.288051,926760,-0.14,0.22,-0.27,69.75,75.94,266.87,-4.87,-3.25,0.31,0.00,0.00,0.01,30.75,76.56,129.06,-10.63,3.12,4.19,4,3
1772043588.479134,926951,0.13,0.18,0.08,68.56,75.75,266.75,-0.06,7.31,-2.75,0.00,-0.18,0.09,35.50,75.94,130.31,-7.94,-0.13,1.75,4,3
1772043588.669100,927141,0.24,0.27,0.06,63.13,75.81,267.62,-0.88,6.69,-1.56,-0.09,-0.07,0.02,36.38,76.00,131.44,-2.44,-0.69,-3.00,4,3
1772043588.858867,927331,0.04,0.11,0.03,62.69,75.50,267.62,1.56,1.69,3.37,0.00,0.07,0.09,35.31,76.37,131.69,7.00,-1.12,-1.94,5,3
1772043589.050413,927522,-0.15,-0.05,0.03,63.38,74.87,266.25,4.31,-0.13,3.37,-0.02,0.03,0.04,33.38,76.69,131.19,4.06,0.06,-1.81,5,3
1772043589.240940,927713,-0.09,-0.12,0.00,63.81,74.31,265.12,4.19,0.81,1.69,-0.05,0.02,0.05,32.75,76.94,130.62,4.56,0.37,0.69,5,2
1772043589.432298,927904,-0.02,-0.10,-0.03,64.06,74.25,264.56,0.81,1.50,-0.62,-0.06,-0.06,0.00,32.75,77.06,130.31,0.25,0.13,0.69,4,2
1772043589.622477,928094,0.03,-0.01,0.06,62.63,74.31,264.81,0.94,0.75,-1.37,-0.01,-0.06,0.04,33.75,77.00,130.25,-1.37,-1.37,1.44,4,2
1772043589.813596,928285,-0.02,0.07,-0.03,62.19,74.62,265.19,0.62,0.06,-0.37,-0.02,-0.01,0.04,34.44,76.94,130.19,0.31,-0.06,0.13,4,2
1772043590.004623,928476,-0.02,-0.03,0.03,62.19,74.62,265.06,-0.50,0.19,-0.44,-0.07,-0.01,0.04,34.50,76.94,130.25,-0.94,-0.37,0.31,5,2
1772043590.194833,928667,0.08,0.07,0.08,61.75,74.69,265.31,-2.12,1.62,-2.37,-0.03,-0.05,0.04,35.31,77.06,130.37,-0.25,-0.75,0.06,6,2
1772043590.385258,928857,0.00,0.07,0.05,61.44,74.87,265.50,0.25,-2.00,1.50,-0.03,-0.10,0.04,34.94,77.06,130.25,1.06,0.25,-0.81,6,2
1772043590.576146,929048,0.06,0.06,0.00,62.25,74.75,265.25,-0.44,1.19,0.81,-0.03,-0.03,0.05,34.25,77.06,130.31,1.06,-0.13,-0.94,7,3
1772043590.766394,929238,-0.11,0.00,-0.03,62.94,74.56,264.94,0.37,0.13,1.81,-0.02,-0.11,0.06,33.44,77.19,130.37,-0.06,-1.50,-0.56,8,3
1772043590.956644,929429,0.01,0.06,0.09,62.25,74.25,264.81,-0.75,0.25,1.56,-0.05,0.04,0.02,33.00,77.25,130.50,0.06,0.62,0.37,7,3
1772043591.147929,929620,0.01,-0.05,0.03,62.38,74.25,264.62,-0.62,0.69,-1.25,-0.05,-0.04,0.08,33.25,77.19,130.50,0.37,-0.37,1.62,8,3
1772043591.338865,929811,-0.02,0.10,0.00,62.13,74.56,265.00,-1.44,0.31,-1.31,0.00,-0.04,0.08,33.75,77.12,130.50,-2.00,0.88,-1.06,9,4
1772043591.529002,930001,-0.09,0.03,-0.02,62.69,74.56,265.00,2.56,-1.19,2.12,0.03,-0.14,0.07,33.19,77.19,130.50,-2.69,-1.69,0.00,10,4
1772043591.719572,930192,0.02,0.18,0.03,62.06,74.37,264.94,0.44,0.31,0.88,-0.08,0.00,0.07,32.94,77.19,130.62,1.12,-0.75,0.13,9,4
1772043591.910781,930383,-0.04,0.01,0.01,62.19,74.25,264.56,-0.31,0.31,0.88,-0.03,-0.07,0.11,33.00,77.25,130.56,-0.56,-0.44,0.06,9,4
1772043592.101197,930573,0.00,0.10,-0.02,62.31,74.37,264.69,0.56,0.06,-0.56,-0.05,-0.03,0.07,33.06,77.31,130.50,0.88,-0.37,0.13,11,6
1772043592.291789,930764,0.01,0.03,0.09,62.06,74.31,264.56,-0.37,0.19,0.06,-0.01,-0.09,0.05,32.94,77.37,130.50,1.81,0.19,-0.81,11,6
1772043592.482216,930954,0.01,0.05,0.07,61.75,74.31,264.37,1.50,0.75,1.50,-0.06,-0.07,0.06,32.75,77.44,130.31,1.00,0.50,-0.44,9,5
1772043592.673189,931145,-0.03,-0.01,0.00,62.06,74.06,263.94,0.56,-0.19,2.12,-0.08,-0.02,0.09,31.94,77.37,130.37,0.19,0.00,-0.25,9,5
1772043592.863528,931335,0.08,0.09,0.08,62.06,73.94,263.94,-2.69,0.56,-1.56,-0.05,-0.04,0.03,32.06,77.44,130.50,-0.62,-1.06,0.50,9,5
1772043593.054085,931526,0.07,0.08,0.09,61.75,74.06,264.19,-1.25,0.19,0.31,0.00,-0.08,0.05,32.19,77.44,130.50,0.81,-0.06,-0.19,8,5
1772043593.244800,931717,-0.03,0.07,0.04,62.13,74.12,264.19,-1.00,1.06,0.37,-0.06,0.00,0.06,32.00,77.50,130.50,0.31,0.62,-0.37,6,3
1772043593.435670,931907,-0.07,0.00,0.03,62.38,74.00,264.00,-0.56,-1.44,0.25,-0.03,-0.05,0.10,31.87,77.44,130.50,-0.94,0.44,-0.56,6,3
1772043593.626018,932098,-0.02,0.02,0.02,62.63,74.00,264.00,0.31,0.19,0.31,-0.03,-0.02,0.09,31.87,77.44,130.50,-0.37,0.06,-0.50,6,3
1772043593.817010,932289,-0.03,-0.02,0.07,62.31,73.94,263.94,0.62,0.56,0.37,0.03,-0.10,0.14,31.87,77.44,130.50,0.56,-0.06,-0.19,7,3
1772043594.007120,932479,-0.03,0.02,0.12,62.00,73.87,264.00,-1.06,1.31,-1.44,-0.08,0.02,0.08,32.00,77.50,130.56,-0.19,0.00,-0.50,4,2
1772043594.198021,932670,-0.07,-0.19,0.10,61.81,73.81,263.87,1.12,-0.37,0.37,-0.07,0.04,0.15,32.13,77.44,130.69,-0.88,0.50,0.50,4,1
1772043594.388763,932861,-0.06,0.00,0.04,62.00,74.00,264.19,-0.62,-0.94,-2.37,-0.04,-0.02,0.09,33.00,77.31,130.56,-0.75,0.19,0.94,4,1
1772043594.579244,933051,0.01,0.05,0.04,61.94,74.31,264.56,0.44,-0.75,-0.75,-0.06,-0.08,0.14,33.75,77.25,130.37,0.06,-0.06,0.88,4,1
1772043594.769985,933242,0.01,0.03,-0.01,62.00,74.37,264.69,-0.31,0.81,-0.06,-0.04,0.00,0.10,34.13,77.31,130.44,0.50,0.37,-0.13,5,1
1772043594.959998,933432,-0.01,-0.02,0.10,61.50,74.31,264.62,1.44,0.25,1.31,-0.06,0.00,0.14,34.13,77.31,130.44,0.44,-0.56,-0.31,5,1
1772043595.151147,933623,-0.08,0.01,-0.03,62.00,74.31,264.56,0.50,0.25,0.25,-0.05,-0.01,0.11,34.19,77.37,130.37,0.25,0.44,-0.31,5,2
1772043595.341763,933814,0.00,0.02,0.02,61.69,74.25,264.56,0.44,-0.50,0.75,-0.02,-0.03,0.12,34.00,77.37,130.37,0.81,-0.31,0.13,5,2
1772043595.532663,934005,-0.01,0.04,0.10,61.50,74.31,264.56,-1.06,0.88,-0.37,-0.04,-0.01,0.12,34.56,77.50,130.50,-3.37,-2.62,0.37,5,2
1772043595.722842,934195,-0.03,0.17,0.03,61.00,74.56,265.00,2.12,-1.06,0.13,-0.02,-0.09,0.17,34.75,77.50,130.44,0.13,1.56,-0.13,5,1
1772043595.913055,934385,-0.01,0.00,0.02,61.50,74.37,264.69,1.06,-0.75,0.81,-0.07,-0.02,0.16,34.44,77.50,130.44,0.19,-0.31,1.12,5,2
1772043596.104537,934576,-0.13,0.00,-0.02,62.00,74.62,264.75,-0.50,-0.31,-1.44,-0.03,0.00,0.15,35.56,77.44,130.25,-1.06,-0.50,0.81,5,2
1772043596.295033,934767,-0.04,0.08,0.00,61.63,74.69,265.00,0.44,0.31,0.31,-0.03,0.01,0.14,36.00,77.50,130.31,-0.81,-2.00,0.31,5,2
1772043596.485801,934958,0.02,0.02,0.10,60.75,74.62,265.00,1.50,0.13,0.69,-0.02,-0.07,0.16,36.06,77.50,130.25,-0.56,0.19,0.62,5,2
1772043596.676821,935149,0.04,0.09,0.06,60.25,74.69,265.12,-0.69,0.94,-1.19,-0.06,-0.04,0.16,36.44,77.50,130.37,-0.75,-0.56,0.69,6,3
1772043596.867401,935339,0.00,0.06,0.03,59.94,74.75,265.31,-0.62,0.94,-0.06,-0.03,-0.06,0.17,36.50,77.50,130.37,0.31,-0.13,-0.31,5,3
1772043597.058520,935530,-0.01,0.03,0.03,59.94,74.69,265.25,-0.19,-0.25,1.50,-0.04,-0.07,0.13,36.31,77.62,130.44,-0.31,-1.12,-0.56,6,2
1772043597.248714,935721,0.02,0.01,0.10,60.25,74.56,265.06,1.62,-0.50,2.62,-0.04,-0.07,0.18,35.63,77.50,130.44,0.56,1.12,-0.56,6,3
1772043597.439598,935912,-0.04,0.02,0.03,61.13,74.37,264.75,0.06,-0.62,1.00,-0.05,-0.02,0.16,35.06,77.44,130.50,-0.50,0.00,0.13,6,3
1772043597.630323,936102,-0.03,0.04,0.02,61.31,74.37,264.69,0.44,-0.19,0.37,-0.05,-0.04,0.11,34.88,77.37,130.50,0.13,0.31,-0.31,6,4
1772043597.820971,936293,-0.09,0.03,0.00,61.44,74.37,264.69,-0.31,1.00,0.19,-0.04,-0.09,0.13,34.50,77.37,130.56,-0.75,-0.88,-0.19,6,4
1772043598.011710,936484,0.00,0.04,0.06,61.25,74.31,264.69,0.13,-0.25,1.25,-0.04,0.02,0.10,34.44,77.31,130.56,-0.44,0.00,-0.13,6,4
1772043598.202450,936674,0.00,0.01,0.00,61.38,74.25,264.62,-0.25,0.06,0.31,-0.04,-0.01,0.14,34.44,77.31,130.62,-0.81,0.06,0.06,5,4
1772043598.393143,936865,0.00,0.10,0.07,61.31,74.31,264.69,0.50,0.37,-0.19,-0.08,0.00,0.07,34.44,77.31,130.62,-1.19,-0.44,-0.06,6,4
1772043598.582769,937055,0.00,0.11,0.04,61.13,74.25,264.75,-1.37,-1.94,-0.75,-0.04,-0.04,0.11,34.63,77.31,130.75,-0.69,-0.25,0.13,5,5
1772043598.773612,937246,-0.03,0.12,0.01,61.38,74.37,264.81,0.75,-0.19,1.00,-0.03,-0.06,0.13,34.50,77.31,130.62,1.56,0.44,-0.06,4,5
1772043598.964960,937437,0.00,-0.02,0.07,61.44,74.25,264.50,-0.81,0.25,-0.56,-0.06,-0.02,0.11,34.56,77.37,130.62,-0.50,-0.75,0.56,4,4
1772043599.156550,937628,0.00,0.07,0.05,61.50,74.37,264.69,-0.44,-0.44,-0.75,-0.06,0.01,0.11,34.94,77.37,130.56,-0.37,-0.13,0.19,6,5
1772043599.346868,937819,-0.03,0.02,0.00,61.75,74.50,264.69,0.50,-1.19,0.50,0.00,-0.08,0.15,34.88,77.37,130.56,0.69,1.19,-0.13,7,5
1772043599.537288,938010,0.01,0.08,0.06,61.75,74.56,264.75,0.25,0.56,0.06,-0.06,-0.03,0.16,35.00,77.44,130.56,0.06,0.31,0.37,6,3
1772043599.727160,938199,-0.08,-0.01,0.03,62.00,74.56,264.56,-0.88,-1.31,0.13,-0.05,-0.04,0.11,35.06,77.37,130.62,-1.25,0.37,0.50,7,3
1772043599.919256,938391,0.00,0.06,0.03,62.13,74.69,264.87,-0.88,-0.25,-1.37,-0.03,-0.05,0.14,35.56,77.37,130.62,0.00,-0.13,0.19,8,3
1772043600.110096,938582,-0.05,0.08,0.03,62.13,74.75,265.00,0.19,0.00,1.12,-0.02,-0.10,0.16,35.50,77.37,130.62,-0.25,-1.37,0.13,8,4
1772043600.301337,938774,0.03,0.06,0.10,62.06,74.69,264.94,0.62,-0.13,1.50,-0.05,-0.06,0.11,35.44,77.31,130.62,0.31,0.37,0.06,7,3
1772043600.491691,938964,-0.02,0.04,0.01,62.50,74.69,264.81,-0.19,-0.13,0.25,-0.06,-0.05,0.14,35.25,77.25,130.56,-0.13,0.06,0.25,7,2
1772043600.683438,939155,-0.01,0.05,0.03,62.44,74.69,264.81,0.25,0.81,0.06,-0.08,-0.05,0.07,35.25,77.19,130.56,-1.44,-0.44,-0.25,7,2
1772043600.875130,939347,0.00,0.03,0.05,62.00,74.62,264.94,0.00,-1.25,-1.06,-0.04,0.00,0.07,35.56,77.19,130.62,0.00,0.37,0.62,8,2
1772043601.066898,939539,0.02,0.04,0.05,62.13,74.69,265.00,1.87,-0.94,0.81,-0.07,-0.03,0.10,35.19,77.06,130.56,1.06,-0.94,0.50,7,2
1772043601.258732,939731,0.00,0.02,0.04,62.44,74.75,264.94,-0.75,0.25,-0.94,-0.04,-0.04,0.11,35.31,77.06,130.56,0.31,-0.37,0.81,7,1
1772043601.450533,939923,0.00,0.00,0.07,62.69,74.94,265.00,0.44,-0.81,0.37,-0.06,-0.06,0.10,35.63,77.00,130.37,-0.06,0.19,-0.37,6,2
1772043601.642032,940114,-0.02,0.06,0.04,63.25,74.94,265.06,0.31,-0.62,-0.69,-0.01,-0.04,0.15,35.75,77.06,130.37,0.56,0.06,0.00,6,2
1772043601.832014,940304,0.02,0.00,0.09,64.25,75.00,264.87,1.37,-3.19,0.44,-0.06,-0.01,0.10,35.88,77.00,130.25,1.06,0.37,0.94,4,1
1772043602.024165,940496,-0.05,-0.07,0.01,65.56,75.25,264.87,-1.19,0.13,-1.69,-0.05,0.00,0.14,35.75,76.87,130.31,0.56,2.94,0.19,4,1
1772043602.216891,940689,-0.09,-0.05,0.05,64.56,75.37,265.12,1.19,-1.94,1.06,0.00,-0.10,0.14,35.69,76.75,130.31,-1.19,-0.50,-0.69,4,1
1772043602.409530,940882,0.00,0.14,0.06,64.50,75.44,265.44,0.00,0.56,-1.31,-0.07,-0.05,0.09,36.06,76.87,130.44,0.00,-0.56,-0.37,5,1
1772043602.599354,941071,-0.03,0.01,0.04,64.37,75.31,265.25,0.00,-0.62,0.75,-0.04,-0.06,0.09,35.75,76.94,130.50,-0.31,0.25,-0.94,5,1
1772043602.793611,941265,-0.03,-0.01,0.06,64.44,75.19,265.12,-0.37,0.25,-0.06,-0.07,-0.07,0.09,35.63,77.00,130.56,-1.19,-0.62,-0.62,5,1
1772043602.984437,941457,0.02,0.10,0.08,64.37,75.12,265.31,-0.56,0.19,0.19,0.00,-0.04,0.17,35.50,77.00,130.75,0.50,-0.31,-0.56,5,1
1772043603.175777,941648,-0.06,0.07,0.05,64.37,75.00,265.12,0.31,0.69,0.37,-0.08,-0.03,0.07,35.00,77.06,130.81,0.37,0.00,-0.94,5,1
1772043603.367426,941839,-0.02,-0.07,0.09,64.37,74.75,264.75,0.44,-0.31,0.44,-0.05,-0.05,0.13,34.75,77.00,130.75,-0.50,-0.06,-0.31,5,1
1772043603.558837,942031,0.00,0.02,0.06,64.50,74.75,264.81,-0.31,-0.50,-0.62,-0.03,-0.02,0.16,34.94,77.00,130.75,0.25,-0.31,0.69,5,1
1772043603.750066,942222,-0.05,-0.04,0.05,65.00,74.81,264.75,-0.06,0.69,0.69,-0.02,-0.03,0.22,35.00,77.00,130.87,-1.12,-0.25,0.19,5,2
1772043603.939451,942412,-0.04,0.11,0.06,64.69,75.00,265.06,-0.25,0.37,-2.12,-0.08,0.00,0.09,35.25,76.94,130.81,0.44,0.44,0.19,4,2
1772043604.130878,942603,-0.09,-0.03,0.06,65.69,75.06,264.75,1.25,-3.19,0.25,-0.04,-0.08,0.08,35.25,76.87,130.62,-0.37,-0.31,0.50,5,2
1772043604.324329,942796,-0.02,0.09,0.05,66.12,75.31,265.06,-1.56,-1.31,-1.69,-0.06,-0.03,0.10,35.88,76.75,130.56,-0.56,-1.00,0.75,4,2
1772043604.516914,942989,-0.02,0.10,0.09,66.12,75.44,265.19,-0.06,0.44,0.44,-0.08,0.00,0.10,36.06,76.75,130.50,-0.25,0.00,-0.25,5,2
1772043604.706430,943179,0.09,0.02,0.16,65.87,75.31,265.06,-1.50,2.44,-0.19,-0.06,-0.05,0.08,36.31,76.75,130.62,0.37,0.00,0.13,5,2
1772043604.897881,943370,0.00,0.06,0.12,66.00,75.31,265.00,-1.44,-0.25,1.19,-0.02,-0.06,0.12,35.56,76.50,130.69,0.44,1.62,-0.19,5,2
1772043605.091303,943563,-0.06,0.00,0.10,67.12,75.31,264.94,-1.44,-0.25,-0.44,-0.05,-0.06,0.09,35.56,76.44,130.62,-0.37,0.13,-0.19,7,3
1772043605.282392,943755,-0.03,0.11,0.11,67.12,75.31,265.06,0.06,1.06,0.69,-0.02,-0.17,0.11,35.44,76.50,130.69,-0.56,-0.94,-0.37,6,3
1772043605.473238,943946,0.00,0.10,0.11,66.62,75.12,264.94,0.19,0.75,1.44,-0.04,-0.02,0.07,35.38,76.50,130.69,0.00,0.37,-0.06,6,3
1772043605.664313,944137,-0.04,0.02,0.09,66.87,75.06,264.75,0.00,0.00,0.37,-0.06,-0.04,0.09,35.31,76.50,130.62,-0.37,-0.31,0.62,6,3
1772043605.855252,944327,0.07,0.09,0.09,66.50,75.06,264.94,-1.75,0.37,-1.44,-0.05,-0.04,0.05,35.81,76.56,130.75,-0.50,-0.44,0.75,7,3
1772043606.045697,944518,-0.01,0.04,0.08,66.50,75.19,265.06,0.25,-0.06,1.12,-0.04,-0.06,0.06,35.94,76.56,130.75,0.69,-0.37,0.00,6,3
1772043606.236207,944709,0.05,0.01,0.16,65.81,75.19,265.12,1.56,0.81,0.50,-0.06,-0.05,0.09,35.81,76.50,130.75,-0.06,0.00,0.31,7,3
1772043606.427175,944900,-0.02,0.04,0.08,66.62,75.25,265.12,0.13,-0.62,0.00,-0.06,-0.07,0.10,35.81,76.50,130.75,0.19,0.25,0.06,7,2
1772043606.618187,945090,0.00,0.00,0.12,66.62,75.25,265.12,0.19,-0.19,0.37,-0.08,-0.03,0.13,35.81,76.50,130.75,0.13,0.19,-0.13,7,3
1772043606.809553,945282,0.00,-0.04,0.10,66.62,75.25,265.12,-0.37,0.06,-0.19,-0.06,-0.01,0.09,36.06,76.56,130.81,-0.75,0.81,-0.62,6,3
1772043606.999530,945472,-0.02,0.01,0.12,66.44,75.12,265.00,2.12,-0.19,1.31,-0.05,-0.02,0.04,35.88,76.62,130.87,-2.12,0.19,-0.50,4,2
1772043607.190629,945663,-0.07,0.09,0.09,66.44,75.19,265.12,-0.06,-1.94,-2.94,-0.04,-0.03,0.09,36.38,76.56,130.87,-0.19,0.56,0.75,4,1
1772043607.380964,945853,0.00,0.12,0.10,66.81,75.37,265.37,0.62,-1.31,0.31,-0.07,-0.05,0.10,36.38,76.56,130.87,0.62,0.13,0.06,4,2
1772043607.572274,946045,0.01,-0.01,0.10,67.12,75.31,265.25,-0.81,0.81,0.37,-0.07,0.00,0.10,36.38,76.56,130.87,0.50,0.00,-0.31,4,2
1772043607.762274,946235,-0.03,0.00,0.16,66.75,75.19,265.12,1.56,0.50,1.44,-0.07,-0.02,0.15,36.25,76.50,130.87,0.00,0.13,-0.81,4,2
1772043607.952485,946425,-0.04,0.00,0.10,67.06,75.06,265.00,0.00,-0.81,0.31,-0.05,-0.04,0.14,35.94,76.50,130.94,0.31,-0.06,0.50,5,2
1772043608.143480,946616,-0.04,0.06,0.16,67.31,75.12,265.00,-0.13,-0.06,-0.13,-0.04,0.00,0.10,35.94,76.37,130.81,1.12,0.62,-0.19,4,2
1772043608.333891,946806,-0.16,0.02,0.00,69.00,75.19,264.62,1.06,-2.50,2.31,-0.08,-0.02,0.09,35.00,76.31,130.75,1.00,-0.50,-0.25,5,2
1772043608.524330,946996,0.05,-0.13,0.16,68.00,74.94,264.50,-2.25,4.06,-0.62,-0.06,0.01,0.16,35.00,76.25,131.00,0.00,-0.19,-0.37,4,2
1772043608.714911,947187,-0.11,-0.05,0.08,68.50,75.06,264.62,1.37,-1.50,1.19,-0.06,-0.07,0.09,35.38,76.25,130.75,-0.50,-0.62,0.31,5,2
1772043608.905295,947377,-0.01,0.10,0.11,68.62,75.31,264.94,-0.37,-2.56,-0.62,-0.04,-0.02,0.13,35.38,76.25,130.75,0.62,0.00,0.13,7,3
1772043609.096359,947568,-0.24,0.06,-0.03,70.75,75.37,264.69,3.12,-2.06,-0.06,0.04,-0.10,0.05,34.88,76.06,130.69,-1.31,0.81,-0.37,7,3
1772043609.285738,947758,0.11,-0.09,0.20,67.75,75.37,264.56,-1.00,4.75,-0.19,-0.08,-0.01,0.09,35.06,76.06,130.81,0.19,-1.25,-0.37,7,3
1772043609.476108,947949,-0.07,0.02,0.11,68.19,75.44,264.75,-2.06,-0.94,0.37,-0.05,0.00,0.05,35.19,76.12,130.81,0.00,0.19,0.25,6,3
1772043609.667545,948140,0.08,0.00,0.04,64.12,75.62,264.94,0.50,3.00,-0.44,-0.04,-0.06,0.12,35.25,76.12,130.75,-0.25,-0.50,-0.31,7,4
1772043609.858557,948331,0.32,0.02,0.09,63.81,75.50,265.00,-2.50,-0.44,1.25,-0.01,-0.11,0.09,35.25,76.19,130.81,-0.50,-1.31,-0.06,6,5
1772043610.048843,948521,-0.01,0.09,0.07,66.12,75.25,264.87,0.00,1.50,1.37,-0.05,0.01,0.07,35.25,76.25,130.75,0.31,0.62,-0.06,6,4
1772043610.239556,948712,-0.04,0.01,0.05,66.87,75.12,264.81,-2.25,-2.12,1.06,-0.01,0.00,0.10,35.13,76.19,130.75,-0.25,0.06,-0.06,6,5
1772043610.430515,948903,-0.09,0.07,0.03,67.94,75.19,265.06,-1.62,-0.37,-0.25,-0.01,-0.01,0.07,35.13,76.19,130.75,0.00,-0.19,-0.50,7,6
1772043610.621101,949093,-0.01,0.03,0.09,66.37,75.00,264.87,1.75,2.00,0.31,0.02,-0.07,0.10,35.00,76.25,130.81,-0.81,-0.88,-0.50,6,7
1772043610.811185,949284,-0.03,0.10,0.05,65.56,74.87,264.75,0.94,1.56,1.37,-0.07,0.01,0.08,35.00,76.25,130.75,0.50,0.81,0.06,4,5
1772043611.002250,949474,-0.04,-0.02,0.00,65.50,74.69,264.44,-0.50,0.06,0.75,-0.03,0.03,0.08,34.94,76.31,130.75,-0.44,-0.56,0.06,5,5
1772043611.192733,949665,-0.08,0.07,-0.02,64.69,74.62,264.50,1.12,1.81,-0.56,-0.03,0.01,0.10,35.00,76.31,130.81,0.00,0.06,0.13,6,6
1772043611.382001,949855,0.01,0.02,0.06,63.06,74.44,264.44,0.19,1.06,0.19,0.02,-0.04,0.12,35.25,76.37,130.81,-0.94,-1.75,0.19,6,6
1772043611.573404,950046,0.00,0.09,0.07,62.69,74.50,264.62,0.19,-0.56,0.69,-0.10,0.03,0.04,35.44,76.44,130.81,0.56,1.00,0.06,6,5
1772043611.764580,950237,0.00,0.02,0.04,63.25,74.56,264.56,-0.94,-1.12,0.44,-0.05,0.00,0.11,35.31,76.37,130.81,-1.25,-0.31,0.19,7,4
1772043611.955182,950427,0.03,0.01,0.04,64.00,74.69,264.75,-1.31,0.69,-1.25,-0.07,0.00,0.06,35.63,76.44,131.00,-0.06,-0.44,0.00,7,5
1772043612.144763,950617,-0.04,-0.03,0.00,64.69,74.81,264.87,0.37,-1.12,1.19,-0.02,0.02,0.09,35.69,76.50,130.94,1.12,-0.81,0.13,7,4
1772043612.335631,950808,0.00,0.02,0.04,65.06,74.94,264.94,0.69,0.00,0.19,-0.03,-0.02,0.15,35.63,76.50,130.87,0.06,-0.69,0.37,7,3
1772043612.527288,951000,-0.04,0.01,0.03,65.12,74.94,264.94,-0.56,0.00,-0.31,-0.01,0.03,0.17,36.38,76.62,131.00,-3.50,-0.94,0.69,7,2
1772043612.717681,951190,0.03,0.15,0.05,64.50,75.25,265.37,2.06,0.62,-2.44,-0.09,-0.01,0.12,36.81,76.62,131.19,0.37,1.69,0.50,7,3
1772043612.908504,951381,-0.04,0.11,0.02,64.25,75.31,265.37,-0.69,-0.88,-1.37,-0.03,0.00,0.08,36.56,76.50,131.19,-0.25,0.37,0.37,7,3
1772043613.098845,951571,0.03,0.03,0.07,64.06,75.19,265.31,1.19,-0.56,1.00,-0.07,-0.02,0.14,36.44,76.44,131.12,1.00,0.62,-0.44,6,2
1772043613.289456,951762,0.00,0.04,0.03,64.50,75.06,265.06,0.50,0.75,0.81,-0.06,-0.04,0.16,36.38,76.44,131.12,0.37,0.00,-0.25,6,2
1772043613.480069,951953,-0.02,0.05,0.06,64.12,75.00,265.06,0.69,0.75,0.56,0.00,0.01,0.18,36.25,76.44,131.12,0.25,-0.13,-0.69,6,2
1772043613.670861,952143,-0.04,0.11,0.06,63.75,74.87,264.94,0.50,0.69,-0.50,-0.06,0.04,0.12,36.25,76.56,131.19,0.31,0.31,-0.44,6,2
1772043613.861498,952334,-0.07,-0.08,0.11,63.69,74.69,264.75,-0.13,-0.69,0.50,-0.06,0.02,0.19,36.25,76.50,131.25,-1.12,0.13,0.37,7,2
1772043614.052037,952524,-0.02,0.06,0.01,64.50,75.00,265.06,-0.44,-2.37,-2.37,-0.08,0.02,0.23,36.75,76.37,131.12,0.13,0.25,0.50,6,2
1772043614.241100,952714,0.01,0.10,0.07,65.19,75.12,264.81,9.56,0.00,0.75,0.04,-0.22,0.21,35.44,75.62,130.31,3.56,3.81,4.37,6,2
1772043614.432992,952905,-0.08,0.18,0.02,65.19,75.25,264.44,-8.13,0.50,-4.50,-0.05,0.13,0.08,37.00,75.87,130.37,-1.44,-2.00,-0.75,7,2
1772043614.623928,953096,-0.01,-0.12,0.09,65.25,75.37,264.87,0.44,-5.50,0.69,-0.04,0.01,0.05,37.38,75.87,130.37,-0.50,-1.00,0.19,7,1
1772043614.814480,953287,-0.04,0.10,0.05,65.81,75.56,265.25,-0.81,3.25,-1.56,-0.04,0.02,0.09,37.81,76.00,130.50,0.13,-0.31,0.00,6,1
1772043615.005160,953477,0.01,-0.04,0.07,63.94,75.50,265.37,0.06,0.44,0.62,-0.06,-0.01,0.05,37.81,76.00,130.56,-0.88,-1.06,-0.62,6,1
1772043615.195598,953668,0.12,0.02,0.12,63.31,75.37,265.62,-1.56,1.94,-1.12,-0.02,0.06,0.16,38.00,76.19,130.87,0.31,0.50,-0.25,5,1
1772043615.386467,953859,0.15,0.09,0.12,63.94,75.50,265.56,1.94,-5.31,1.62,-0.04,0.05,0.16,37.44,76.06,130.75,0.62,-0.69,0.13,5,1
1772043615.577463,954050,-0.33,-0.21,-0.07,69.62,75.62,263.75,2.69,-3.56,1.25,-0.02,-0.06,0.08,38.00,76.12,130.56,0.88,0.81,0.31,5,2
1772043615.767677,954240,0.06,0.11,0.15,68.62,75.69,264.56,-3.37,1.12,-1.31,-0.05,0.01,0.08,37.38,76.19,130.69,0.19,0.06,-1.19,5,2
1772043615.958309,954431,-0.10,0.02,0.00,69.37,75.81,264.81,0.19,-2.37,0.75,-0.04,0.03,0.10,37.19,76.25,130.69,0.31,-0.81,0.00,5,2
1772043616.147967,954620,0.01,-0.02,0.08,69.06,75.69,264.69,1.75,0.94,1.69,-0.05,0.03,0.09,36.81,76.25,130.69,-0.19,1.31,-0.75,5,2
1772043616.339340,954812,0.00,-0.01,0.11,68.75,75.50,264.50,-0.06,0.94,0.81,-0.05,0.00,0.12,36.38,76.19,130.87,-0.81,0.19,0.44,5,2
1772043616.530405,955003,0.00,0.06,0.07,68.50,75.50,264.62,-1.12,-0.56,-0.44,-0.07,-0.01,0.13,36.44,76.19,130.94,0.31,0.25,-0.13,6,3
1772043616.720959,955193,-0.03,0.06,0.05,68.56,75.50,264.69,-0.06,0.69,0.88,-0.02,-0.04,0.14,36.31,76.19,130.94,-0.31,-1.06,0.25,6,3
1772043616.911090,955384,0.05,0.06,0.10,68.00,75.44,264.69,0.13,1.00,1.12,-0.07,0.04,0.10,36.38,76.19,130.94,0.50,0.44,0.06,6,3
1772043617.102208,955575,-0.03,-0.01,0.05,68.50,75.31,264.50,-0.19,-0.75,0.50,-0.06,0.00,0.18,36.31,76.19,130.87,-0.62,-0.13,0.06,7,3
1772043617.292580,955765,0.01,0.07,0.07,68.62,75.37,264.62,-0.94,0.62,-0.31,-0.05,0.01,0.17,36.44,76.19,131.00,0.13,0.00,0.19,7,3
1772043617.483349,955956,0.00,0.03,0.05,68.62,75.37,264.62,-0.50,-0.62,0.31,0.00,-0.07,0.12,36.44,76.19,131.00,-0.69,-0.50,0.19,7,3
1772043617.673755,956146,0.06,0.09,0.11,68.50,75.44,264.81,-0.81,-2.31,0.62,0.01,0.00,0.23,36.69,76.12,131.06,0.13,0.50,1.19,7,3
1772043617.864678,956337,-0.08,0.01,0.07,70.12,75.50,264.56,-1.69,-2.19,1.81,-0.06,-0.01,0.13,36.69,76.06,131.00,0.13,-0.37,-0.50,6,3
1772043618.055237,956528,-0.05,0.05,0.00,69.50,75.50,264.69,1.81,3.12,-0.81,-0.06,-0.02,0.20,36.81,76.12,131.06,-0.56,-0.19,0.19,6,3
1772043618.246035,956718,0.02,-0.01,0.11,67.75,75.37,264.69,0.25,-0.37,0.50,-0.14,0.00,0.07,37.00,76.12,131.12,-0.31,-0.44,-0.19,5,3
1772043618.436362,956909,-0.05,0.11,0.06,67.62,75.44,264.75,0.25,1.12,-0.31,-0.06,0.00,0.13,37.19,76.19,131.12,0.56,0.37,0.25,4,2
1772043618.627255,957100,0.00,0.02,0.06,67.06,75.31,264.62,-0.62,-0.37,-0.06,-0.04,0.00,0.14,37.19,76.19,131.12,0.13,-0.56,-0.13,5,2
1772043618.817704,957290,-0.02,0.06,0.05,67.12,75.31,264.62,-0.19,1.00,-0.69,-0.04,0.00,0.16,37.19,76.19,131.12,-0.06,0.13,-0.25,5,2
1772043619.008243,957481,0.00,0.03,0.07,66.62,75.25,264.69,-0.31,0.19,0.19,0.00,-0.04,0.18,37.13,76.19,131.12,-0.44,-0.44,-0.56,5,2
1772043619.199043,957672,0.00,0.13,0.09,66.37,75.25,264.81,-0.81,0.44,-0.62,-0.09,0.03,0.13,37.25,76.31,131.25,0.31,0.13,-0.44,5,2
1772043619.389851,957862,-0.04,-0.05,0.10,66.37,75.12,264.56,-0.19,-1.31,0.13,-0.05,0.01,0.20,37.00,76.25,131.25,-0.13,0.00,-0.44,5,1
1772043619.580131,958053,-0.06,0.02,0.03,67.37,75.12,264.56,0.19,-0.25,0.00,-0.04,0.00,0.19,37.06,76.31,131.19,0.94,0.50,-0.13,5,1
1772043619.770700,958243,0.00,0.00,0.09,67.37,75.12,264.50,-0.69,-0.50,0.06,-0.08,0.06,0.18,36.94,76.31,131.19,0.75,-0.19,-0.69,5,1
1772043619.961148,958434,-0.02,0.02,0.10,67.31,75.12,264.56,0.00,0.37,-1.44,-0.06,0.09,0.19,37.13,76.44,131.12,0.31,0.31,-0.62,6,1
1772043620.152118,958625,-0.01,-0.03,0.11,67.25,75.19,264.56,1.00,-1.06,0.56,-0.07,0.08,0.17,36.69,76.37,131.12,0.25,0.06,0.25,6,1
1772043620.342989,958815,-0.02,0.00,0.08,67.87,75.37,264.69,-1.25,-0.69,-1.81,-0.08,0.01,0.14,36.81,76.31,131.12,-0.62,-0.56,0.81,6,1
1772043620.533154,959006,-0.01,0.04,0.07,67.87,75.62,265.00,-1.25,-0.56,0.06,-0.08,0.00,0.07,36.81,76.25,131.19,-1.06,0.37,-0.69,6,1
1772043620.723331,959196,-0.03,0.10,0.12,68.00,75.56,265.12,-0.44,0.31,-1.06,-0.04,0.03,0.10,36.50,76.12,131.31,0.37,1.37,0.25,5,2
1772043620.914127,959387,0.05,-0.01,0.14,67.62,75.44,265.06,-0.81,0.81,0.13,-0.04,0.01,0.09,36.31,76.00,131.44,0.06,0.62,-0.25,5,1
1772043621.105075,959578,-0.03,0.03,0.09,68.37,75.50,265.19,-0.37,-1.12,0.81,-0.04,0.00,0.13,36.13,75.94,131.44,0.37,0.00,-0.19,5,1
1772043621.295319,959768,-0.01,0.02,0.11,68.37,75.50,265.12,0.00,0.62,0.00,0.00,0.00,0.15,36.06,75.94,131.44,-0.75,0.62,-0.75,5,2
1772043621.485980,959959,-0.10,0.04,0.11,68.31,75.44,265.12,1.12,0.94,0.25,-0.06,0.04,0.15,36.25,76.06,131.50,-0.69,0.37,-0.13,5,2
1772043621.676631,960149,0.02,-0.07,0.12,67.69,75.31,265.00,-0.13,-0.81,-0.13,0.06,0.06,0.18,35.81,75.87,131.44,3.12,6.12,0.81,5,2
1772043621.866712,960339,-0.15,-0.25,0.07,68.12,75.44,264.69,0.31,-0.88,-1.12,-0.02,0.02,0.18,36.06,75.56,131.06,-3.00,-2.12,-1.37,5,2
1772043622.056873,960530,0.04,0.17,0.11,67.94,75.56,265.44,1.12,-0.25,1.81,-0.12,0.07,0.14,35.44,75.75,131.44,1.06,0.62,-0.06,4,3
1772043622.248790,960721,-0.09,0.01,0.10,68.06,75.37,265.00,-0.88,1.12,-1.31,-0.07,0.04,0.13,35.38,75.75,131.37,-1.06,-1.00,-0.56,4,3
1772043622.439274,960912,0.02,0.03,0.12,67.00,75.31,265.25,-0.75,-0.56,-0.25,-0.06,0.00,0.09,35.19,75.75,131.50,-0.06,0.00,-0.19,4,2
1772043622.630050,961102,-0.03,0.08,0.06,67.69,75.31,265.25,-1.31,-0.31,-0.37,-0.02,0.01,0.09,35.19,75.69,131.50,-1.50,0.44,-0.13,5,2
1772043622.819990,961293,0.01,0.02,0.12,67.62,75.37,265.37,-0.31,-1.56,-0.88,-0.08,0.03,0.06,35.13,75.69,131.56,0.25,-0.37,-0.37,6,3
1772043623.010495,961483,-0.03,0.08,0.06,67.94,75.50,265.50,0.75,1.19,-0.06,-0.08,0.04,0.12,34.56,75.69,131.56,1.81,0.94,-0.44,5,2
1772043623.201858,961674,-0.03,-0.04,0.09,67.62,75.37,265.19,-0.06,-0.75,-0.75,-0.02,0.02,0.09,34.44,75.69,131.44,-0.06,-1.25,-0.31,5,2
1772043623.392316,961865,-0.03,0.04,0.07,67.87,75.56,265.44,-1.12,-0.13,-1.69,-0.06,0.04,0.06,34.75,75.81,131.44,0.13,-0.37,0.06,5,3
1772043623.582732,962055,0.02,0.00,0.07,67.69,75.75,265.69,-1.00,-0.81,-0.44,-0.05,0.04,0.08,34.81,75.81,131.44,0.44,0.31,-0.44,5,3
1772043623.773270,962246,-0.02,0.09,0.11,67.75,75.81,265.81,-0.06,1.00,-0.13,-0.02,0.07,0.08,34.88,75.87,131.37,0.37,1.06,0.31,5,2
1772043623.964337,962437,-0.04,0.00,0.08,67.94,75.81,265.69,-0.62,-0.81,0.62,-0.04,0.04,0.09,34.94,75.81,131.50,-2.12,-0.62,0.13,6,2
1772043624.155051,962628,-0.02,0.06,0.10,68.00,75.94,265.94,-0.06,-0.37,-1.69,-0.04,0.04,0.10,35.63,75.75,131.56,-0.94,0.50,0.75,7,3
1772043624.345330,962818,-0.05,0.08,0.05,68.12,75.94,266.00,1.00,-0.19,1.87,0.00,-0.04,0.11,35.38,75.69,131.62,-0.25,-1.37,-0.06,7,3
1772043624.535611,963009,0.05,0.07,0.12,67.87,75.75,265.81,0.88,1.06,1.69,-0.07,0.03,0.06,35.31,75.69,131.56,0.56,0.44,-0.37,6,3
1772043624.725863,963199,-0.01,0.03,0.12,68.06,75.50,265.37,0.25,-0.13,1.75,-0.04,0.05,0.14,35.00,75.69,131.62,0.31,0.37,-0.50,6,3
1772043624.917246,963390,-0.01,0.05,0.07,68.44,75.31,265.19,0.81,-0.19,1.12,-0.04,0.03,0.13,34.94,75.69,131.56,0.25,-0.13,-0.31,6,3
1772043625.107541,963581,0.00,0.00,0.09,68.62,75.12,264.87,0.94,0.81,1.19,-0.04,0.07,0.12,34.69,75.69,131.56,0.88,0.88,0.00,6,3
1772043625.298274,963771,-0.02,0.00,0.10,69.12,75.00,264.62,1.37,-0.50,1.75,-0.05,0.05,0.18,34.31,75.62,131.50,0.19,0.25,0.25,6,3
1772043625.489104,963962,-0.09,-0.02,0.04,69.25,74.94,264.44,-0.62,0.37,-0.19,-0.03,0.08,0.17,34.25,75.56,131.69,-2.12,0.13,0.44,6,3
1772043625.678967,964152,0.00,0.03,0.14,68.50,75.06,264.81,0.56,-0.62,-1.75,-0.06,0.01,0.14,34.25,75.44,131.69,-0.31,0.81,0.31,6,3
1772043625.869965,964343,-0.04,0.01,0.02,69.00,75.19,264.94,0.19,0.00,0.62,-0.08,0.04,0.08,34.06,75.37,131.69,0.13,-0.13,0.06,6,3
1772043626.061070,964534,0.03,-0.05,0.06,68.44,75.12,265.00,0.00,0.44,-0.37,0.00,0.15,0.06,34.56,75.62,131.94,-3.37,-5.87,-0.56,5,2
1772043626.251750,964724,-0.02,-0.32,-0.06,64.44,75.06,264.62,16.87,8.88,-5.50,-0.08,-0.24,0.25,37.38,75.50,131.50,-4.81,-10.06,0.88,6,1
1772043626.441929,964915,0.26,0.54,0.27,55.44,75.37,265.50,8.31,11.50,-4.00,-0.03,-0.09,0.13,39.13,75.44,130.94,0.81,2.31,0.88,5,2
1772043626.631538,965105,0.07,0.15,-0.05,51.50,74.94,264.69,2.81,7.44,-0.69,-0.13,0.07,0.00,40.13,75.50,131.00,2.37,3.06,1.69,6,1
1772043626.822078,965295,0.20,0.92,0.12,46.81,74.62,263.37,27.62,2.50,4.75,-0.06,0.16,0.17,33.69,72.69,128.37,12.63,17.25,7.12,5,1
1772043627.013924,965487,-0.31,-0.90,-0.02,47.25,72.75,257.12,5.31,2.87,7.25,-0.03,0.09,0.08,30.87,70.25,128.31,1.06,-2.81,-2.62,5,2
1772043627.204599,965677,0.16,0.16,0.23,45.75,72.00,257.31,0.44,5.31,-0.88,-0.06,-0.01,-0.02,30.94,70.56,128.19,1.94,2.56,2.81,5,2
1772043627.395820,965868,-0.04,-0.03,0.01,43.88,71.94,257.62,-2.37,2.56,-3.94,-0.05,0.09,0.01,31.44,70.37,127.81,2.62,-0.13,0.19,5,2
1772043627.585263,966058,-0.12,0.18,-0.03,42.56,72.12,258.50,-1.56,0.06,0.06,-0.08,0.04,0.05,30.62,70.44,127.56,0.25,-3.37,-0.62,4,2
1772043627.775808,966248,0.14,-0.24,0.18,41.81,71.69,258.06,-3.87,-2.19,3.37,-0.07,0.02,0.17,29.87,70.62,127.69,-3.56,-3.06,-6.25,4,2
1772043627.967270,966440,0.38,0.00,0.10,45.06,71.94,258.50,-3.50,-1.94,3.94,0.05,-0.10,0.12,28.81,71.31,128.62,-2.81,-10.56,-4.69,4,2
1772043628.158038,966631,-0.08,0.27,0.09,48.88,72.50,259.12,-7.00,1.69,1.81,-0.04,0.09,0.26,29.12,73.81,129.56,-15.69,-15.38,-8.31,4,2
1772043628.349160,966822,-0.38,0.23,-0.09,48.56,72.62,260.56,-4.25,14.00,-13.06,-0.09,0.06,-0.02,34.63,75.37,130.69,-5.75,-10.75,3.12,4,2
1772043628.538600,967011,0.23,0.00,0.10,44.00,72.81,262.12,4.12,-4.37,-2.06,-0.03,-0.03,0.00,37.56,75.56,130.37,-0.88,-3.94,-4.19,4,2
1772043628.728615,967201,-0.02,0.21,-0.09,46.00,73.25,262.37,1.31,-0.75,4.56,0.00,-0.06,0.05,35.81,76.12,130.62,2.25,-2.50,-3.44,4,2
1772043628.919952,967393,-0.14,0.03,0.10,47.69,72.81,261.50,-0.88,0.50,0.25,-0.13,0.09,0.01,34.94,76.62,130.69,1.25,0.75,-0.75,5,2
1772043629.111273,967584,0.08,-0.17,0.01,48.38,72.56,261.25,-2.31,-2.37,0.56,-0.06,0.03,0.09,33.69,76.37,130.81,-1.87,0.50,-1.69,5,2
1772043629.301934,967775,-0.03,0.01,-0.07,50.88,72.87,261.69,-5.50,-4.06,-0.37,0.01,0.03,0.00,33.38,76.94,131.19,2.25,1.06,0.00,5,2
1772043629.491345,967964,-0.25,-0.24,-0.10,52.63,73.00,262.31,-7.69,0.25,-4.25,0.11,0.00,0.11,32.00,76.37,131.12,0.81,4.56,0.13,6,2
1772043629.681735,968154,-0.04,0.13,0.01,50.31,73.19,264.50,-13.19,-0.81,1.19,-0.04,0.01,-0.01,30.69,76.81,132.44,-8.06,-1.69,-6.56,6,2
1772043629.873138,968346,0.03,0.03,0.06,52.81,72.69,265.37,-2.87,-0.81,0.94,-0.08,0.01,0.06,28.56,77.19,133.37,2.50,0.69,-0.69,6,2
1772043630.064792,968537,-0.10,-0.02,-0.07,54.88,73.06,265.25,-0.56,-3.75,-0.13,-0.06,0.03,0.04,28.00,77.12,133.00,1.00,-0.88,-0.37,6,2
1772043630.255509,968728,-0.04,0.03,-0.07,55.50,73.12,265.31,-0.25,1.06,-0.06,-0.06,0.11,0.12,27.44,77.06,132.94,0.75,0.75,-0.44,6,2
1772043630.445121,968918,-0.01,-0.06,0.03,54.94,73.00,265.19,-1.06,1.62,-1.31,-0.10,-0.06,-0.03,26.62,77.00,132.94,0.13,0.56,-1.00,6,2
1772043630.634604,969108,0.01,0.12,0.06,54.25,73.00,265.62,0.13,-1.31,0.37,-0.01,0.00,0.07,26.06,76.87,133.00,0.06,0.62,0.50,5,2
1772043630.826810,969300,-0.06,-0.03,-0.01,55.31,72.94,265.25,0.69,-3.25,1.87,-0.06,0.03,0.11,25.75,76.75,132.94,0.81,0.19,-0.81,4,3
1772043631.018194,969491,-0.14,-0.21,-0.14,57.31,72.75,264.69,-3.87,-1.37,2.12,-0.05,-0.18,0.01,25.12,77.00,133.19,-2.94,-2.87,-1.37,4,4
1772043631.208707,969682,0.03,0.02,0.13,56.50,72.69,265.50,-1.12,1.31,-1.12,-0.06,0.07,0.10,26.37,77.25,133.50,1.44,-1.25,2.06,3,4
1772043631.398344,969871,-0.19,-0.44,0.04,57.69,72.69,266.19,-23.12,4.81,2.81,-0.06,0.07,0.04,27.06,77.31,133.56,-4.50,-2.25,-1.19,3,4
1772043631.587934,970061,0.01,0.06,0.05,58.69,72.56,267.94,8.50,-6.50,-5.19,-0.03,0.01,0.03,28.56,77.25,133.56,0.13,-0.75,4.12,3,4
1772043631.780080,970253,0.00,0.00,0.00,58.88,73.56,267.94,-3.94,-0.37,-3.50,-0.04,-0.03,0.04,31.94,77.06,133.06,-3.06,-2.69,2.44,3,4
1772043631.971342,970444,-0.02,0.21,-0.10,59.13,74.31,268.75,2.25,-2.25,0.44,-0.01,-0.10,0.07,32.81,77.00,132.94,0.56,1.50,0.56,4,4
1772043632.162507,970635,0.01,0.05,0.00,59.06,74.50,268.06,5.06,-2.31,0.13,-0.02,0.00,0.02,32.75,76.94,132.94,-0.19,-0.50,-0.44,4,4
1772043632.351524,970825,0.02,0.02,0.04,59.56,74.37,267.44,0.37,0.37,2.19,-0.05,0.01,0.06,32.06,76.94,133.06,0.62,0.88,-1.06,4,4
1772043632.542215,971015,0.00,-0.06,-0.01,60.19,74.06,267.00,-0.25,-0.44,2.25,-0.05,0.00,0.04,31.00,77.00,133.12,0.44,0.31,-0.62,5,4
1772043632.734912,971208,0.09,0.01,0.07,59.88,74.00,266.94,-0.25,0.31,-0.44,-0.07,0.03,0.08,31.00,77.06,133.19,0.44,-1.31,-0.06,5,3
1772043632.927355,971400,-0.06,0.04,-0.07,60.63,74.12,267.06,-0.37,0.37,-0.31,-0.03,0.04,0.09,31.25,77.12,133.19,0.81,0.81,-0.50,5,3
1772043633.119896,971593,-0.04,-0.06,-0.02,60.50,73.94,266.81,1.69,-0.31,1.37,-0.03,0.00,0.06,30.75,77.12,133.12,0.56,0.44,-0.37,6,3
1772043633.311578,971785,-0.01,0.06,0.00,60.06,73.81,266.62,1.06,1.06,-1.50,-0.04,0.05,0.06,31.19,77.25,133.12,0.19,-0.19,0.37,7,2
1772043633.502557,971975,0.02,-0.03,0.01,59.31,73.75,266.44,1.56,-0.31,0.37,-0.07,0.02,0.06,31.25,77.31,133.12,-0.81,-0.19,-0.13,7,2
1772043633.693314,972166,0.01,0.00,0.03,59.38,73.75,266.37,-0.13,-0.13,-1.44,-0.08,0.00,0.07,31.31,77.31,133.19,0.31,0.50,0.25,6,2
1772043633.885039,972358,-0.06,0.00,0.00,59.81,73.81,266.37,0.13,-0.44,0.44,-0.07,0.04,0.04,30.94,77.19,133.19,0.06,0.69,-0.62,6,3
1772043634.077923,972551,-0.05,0.04,-0.04,59.94,73.81,266.37,-0.31,-0.06,-0.37,-0.01,0.02,0.09,30.81,77.12,133.19,0.44,0.62,0.00,6,2
1772043634.270397,972743,-0.03,0.00,0.00,59.81,73.75,266.25,-0.19,0.19,0.37,-0.05,0.00,0.14,30.19,77.00,133.25,1.00,0.75,-0.62,6,2
1772043634.462981,972936,-0.07,-0.03,0.00,59.94,73.62,266.06,0.37,0.56,0.00,-0.03,-0.01,0.10,30.37,77.06,133.19,-0.88,-1.06,0.25,5,3
1772043634.652828,973126,0.00,0.09,-0.01,59.06,73.69,266.31,-0.81,0.06,-1.06,-0.03,-0.04,0.10,30.69,77.19,133.25,0.25,-0.06,-0.25,5,3
1772043634.845410,973319,0.02,0.04,0.03,58.94,73.69,266.37,0.13,0.88,1.25,-0.07,0.00,0.13,30.75,77.25,133.25,0.13,0.13,-0.19,5,3
1772043635.037005,973510,-0.05,0.00,0.00,59.06,73.62,266.19,-0.75,-0.31,0.13,-0.06,0.02,0.10,30.94,77.25,133.25,-1.69,-0.56,0.62,6,4
1772043635.228239,973701,0.03,0.12,0.01,58.75,73.75,266.50,-1.00,-0.44,-1.31,-0.02,0.01,0.13,31.06,77.25,133.31,0.00,0.44,0.06,7,5
1772043635.420241,973893,-0.04,0.00,-0.02,59.19,73.81,266.56,-2.81,1.19,-1.00,-0.04,-0.02,0.15,31.06,77.31,133.56,-1.31,-2.19,0.00,7,5
1772043635.609972,974083,-0.06,0.04,0.02,58.94,73.87,266.69,1.69,-1.06,1.37,-0.11,0.00,0.08,31.25,77.31,133.37,-0.37,0.31,-0.31,6,5
1772043635.800361,974274,0.02,0.06,0.01,58.88,73.75,266.56,-0.06,-0.50,1.19,-0.06,0.00,0.15,30.87,77.37,133.50,0.00,-0.13,0.19,7,5
1772043635.991919,974465,-0.03,0.02,0.01,59.06,73.69,266.44,-0.06,1.31,-0.13,-0.06,0.00,0.16,30.87,77.37,133.50,-0.56,-0.62,-0.25,7,6
1772043636.183619,974656,-0.08,0.05,-0.06,58.88,73.62,266.50,-0.75,-0.50,-0.44,-0.05,-0.08,0.11,31.25,77.50,133.50,-1.06,-1.75,-0.31,6,7
1772043636.376407,974850,0.05,0.08,0.12,57.88,73.56,266.62,0.19,2.19,0.13,-0.10,0.05,0.15,31.50,77.56,133.50,0.31,-0.25,0.44,7,6
1772043636.569719,975043,-0.01,0.00,0.04,57.81,73.50,266.44,-0.56,-0.31,-0.31,-0.08,0.00,0.16,31.62,77.62,133.50,-0.25,-0.13,0.37,7,5
1772043636.760142,975233,-0.03,0.04,0.00,58.00,73.56,266.50,0.19,-1.00,0.31,-0.04,0.01,0.15,31.62,77.62,133.50,0.19,0.00,0.06,6,5
1772043636.953265,975426,-0.01,0.02,-0.02,58.63,73.69,266.44,-0.19,-1.25,0.50,-0.03,-0.04,0.14,31.62,77.56,133.50,0.44,0.56,-0.44,6,5
1772043637.144002,975617,0.00,0.05,0.06,58.75,73.75,266.50,-0.37,0.44,0.44,-0.06,0.01,0.14,31.69,77.62,133.56,-0.13,0.44,0.25,5,4
1772043637.335232,975808,-0.06,0.05,-0.06,59.00,73.75,266.37,-0.69,-0.06,0.62,-0.06,-0.01,0.17,31.50,77.56,133.56,-0.62,0.13,0.37,5,3
1772043637.526049,975999,0.00,0.06,0.03,58.50,73.75,266.56,-0.44,0.88,-0.62,-0.04,0.00,0.18,31.50,77.56,133.56,-0.06,-0.31,-0.19,7,5
1772043637.717096,976190,-0.02,0.07,0.02,58.19,73.69,266.56,-0.06,0.50,0.31,0.01,-0.05,0.18,31.44,77.56,133.62,-0.75,-1.00,-0.25,7,5
1772043637.907331,976381,0.04,0.09,0.06,57.88,73.62,266.56,0.19,0.13,1.44,-0.04,0.05,0.18,31.62,77.62,133.62,-1.69,0.06,0.31,6,3
1772043638.098722,976572,0.04,0.13,0.01,58.19,73.69,266.69,-1.75,-1.50,-0.62,-0.06,-0.01,0.15,31.62,77.56,133.69,-0.44,0.50,0.56,7,3
1772043638.289481,976763,-0.05,0.08,-0.02,59.19,73.81,266.62,0.13,-1.25,0.00,-0.08,0.01,0.20,31.50,77.56,133.69,-0.13,0.44,0.13,7,4
1772043638.480620,976953,-0.07,0.00,-0.02,59.56,73.94,266.56,0.25,-1.06,0.31,-0.05,-0.09,0.17,31.44,77.56,133.62,-0.25,-0.69,-0.25,7,4
1772043638.670028,977143,0.03,0.10,0.09,59.19,73.94,266.69,-0.31,1.87,0.00,-0.04,-0.01,0.23,31.62,77.56,133.69,-0.19,0.00,0.44,8,4
1772043638.860814,977334,-0.04,0.03,0.00,59.00,73.94,266.56,-0.06,-0.44,0.44,-0.07,-0.04,0.20,31.69,77.62,133.69,-0.81,-1.06,0.00,7,4
1772043639.051723,977525,0.02,0.08,0.05,58.63,73.94,266.69,-0.06,0.19,-0.37,-0.06,-0.01,0.22,31.81,77.62,133.69,-0.19,-0.25,0.25,8,4
1772043639.242739,977716,-0.04,0.03,0.03,58.63,73.94,266.69,-0.31,0.25,0.25,-0.09,-0.03,0.15,31.75,77.62,133.69,-0.06,-0.75,-0.56,8,4
1772043639.432978,977906,0.01,0.14,0.11,58.69,73.94,266.75,-1.00,0.13,0.94,-0.07,-0.03,0.19,31.81,77.69,133.69,0.19,0.25,0.06,6,3
1772043639.623488,978096,-0.01,0.03,0.04,59.69,73.94,266.50,-1.19,-2.62,0.81,-0.06,-0.03,0.22,31.75,77.69,133.69,-0.37,-0.69,0.13,6,2
1772043639.813870,978287,0.08,0.08,0.06,59.81,73.94,266.62,-0.94,1.81,-0.31,-0.09,0.01,0.22,31.56,77.75,133.75,0.00,-0.25,-0.50,6,2
1772043640.004300,978478,-0.03,0.00,0.06,60.00,73.87,266.50,-0.81,0.00,0.37,-0.11,0.03,0.15,31.62,77.75,133.75,0.00,-0.75,-0.31,6,3
1772043640.195002,978668,0.00,0.09,0.07,59.94,73.94,266.56,-0.75,0.94,0.06,-0.09,0.02,0.21,31.31,77.81,133.75,1.94,0.62,-0.25,7,2
1772043640.385830,978859,-0.05,-0.10,0.03,60.50,73.87,266.19,-0.25,-0.37,0.62,-0.06,-0.02,0.19,30.81,77.62,133.69,-1.25,-0.75,0.00,7,1
1772043640.576023,979049,0.00,0.03,0.04,60.38,74.00,266.44,-0.25,0.13,-1.37,-0.07,-0.01,0.15,31.06,77.50,133.69,-0.81,0.06,0.44,6,2
1772043640.766851,979240,-0.01,0.01,0.07,60.00,74.06,266.56,-0.69,1.19,0.44,-0.07,-0.06,0.13,30.94,77.44,133.81,0.13,0.31,-0.19,7,3
1772043640.957281,979430,0.04,0.15,0.10,59.81,74.12,266.75,-0.75,0.56,-0.06,-0.04,-0.02,0.10,30.75,77.31,133.81,0.75,0.44,0.25,6,3
1772043641.147859,979621,-0.02,-0.03,0.03,60.63,74.06,266.31,-1.12,-3.00,0.81,-0.03,0.00,0.07,30.62,77.19,133.69,0.94,0.31,0.13,5,2
1772043641.338392,979812,-0.01,-0.01,0.07,61.19,74.12,266.31,0.00,-0.37,0.50,-0.06,0.00,0.15,30.50,77.12,133.69,0.44,0.25,-0.25,7,4
1772043641.528000,980001,-0.07,0.21,0.22,60.88,74.12,266.31,0.50,4.44,-3.06,-0.11,-0.01,-0.09,28.87,77.19,133.50,11.56,6.87,-5.94,7,4
1772043641.719377,980193,0.11,-0.10,0.30,60.00,72.75,264.94,7.94,-1.06,18.81,-0.05,0.04,0.30,19.50,76.62,133.62,4.87,5.56,-2.87,6,5
1772043641.910355,980383,-0.30,-0.45,-0.17,66.44,71.31,261.37,-1.12,-10.81,0.81,-0.09,0.00,0.21,18.00,75.37,133.31,-1.94,0.31,0.25,7,4
1772043642.100882,980574,0.00,0.13,-0.02,68.87,71.81,262.37,-3.19,1.37,-3.31,-0.07,0.08,0.17,18.31,75.37,133.62,-0.19,-0.44,0.00,6,5
1772043642.290293,980763,-0.10,-0.05,0.05,68.37,71.87,262.44,1.50,1.62,-0.13,-0.10,0.01,0.00,18.56,75.56,133.69,-1.19,-2.87,0.37,6,5
1772043642.479777,980953,0.03,0.03,0.25,66.19,72.06,262.81,-0.56,1.12,-3.19,-0.06,0.07,0.00,20.75,75.87,133.50,-2.56,-2.31,4.00,7,4
1772043642.672390,981145,-0.01,-0.03,0.09,66.31,72.62,262.94,0.44,-6.81,-4.37,-0.09,0.00,0.00,26.00,75.81,132.87,-2.44,-2.87,6.44,6,4
1772043642.863536,981336,-0.01,0.16,-0.05,68.06,74.00,263.87,-0.81,-3.62,-7.56,-0.02,-0.04,0.09,30.75,75.69,132.31,-3.25,-2.44,2.75,6,4
1772043643.053916,981527,0.09,0.15,0.07,65.87,74.94,265.06,1.00,2.87,-3.06,-0.01,-0.18,0.01,33.06,75.81,131.87,0.50,-1.31,0.88,6,4
1772043643.243924,981717,-0.01,0.29,0.06,64.62,75.19,265.37,-0.31,-0.19,-0.25,-0.03,-0.03,-0.05,33.63,76.06,131.87,1.94,-1.50,-0.62,4,2
1772043643.432881,981906,0.08,0.01,0.09,64.75,75.00,264.75,2.25,-2.75,2.94,-0.03,-0.01,0.01,33.06,76.12,131.50,2.69,0.00,-0.94,4,2
1772043643.625311,982098,-0.05,-0.12,0.07,67.37,74.62,263.75,0.06,0.00,2.62,-0.08,-0.03,0.01,32.00,76.06,131.69,-0.50,1.12,-1.50,4,2
1772043643.816294,982289,0.03,0.03,0.01,68.06,74.44,263.94,-3.19,-1.19,0.81,-0.10,-0.03,0.00,30.75,75.87,132.12,-1.44,3.50,-0.88,4,2
1772043644.006855,982480,-0.17,0.14,-0.05,68.69,74.37,264.12,-0.88,2.50,1.37,-0.11,0.00,0.09,28.75,75.81,132.44,2.06,2.87,-2.37,4,2
1772043644.196316,982669,-0.06,-0.15,0.08,68.06,73.69,263.44,1.56,-0.62,2.62,-0.08,0.01,0.06,26.94,75.75,132.56,1.50,0.69,-0.81,4,1
1772043644.387645,982861,-0.05,-0.17,0.06,68.44,73.50,263.06,-0.06,1.50,-1.37,-0.07,0.04,0.09,27.19,75.81,132.56,-0.88,-0.88,0.62,4,1
1772043644.578796,983052,-0.05,0.02,0.04,67.37,73.75,263.50,0.75,0.75,-1.50,0.01,-0.08,0.11,27.87,75.81,132.44,-0.62,-0.37,0.62,5,1
1772043644.769286,983243,-0.02,0.12,0.04,66.25,73.94,263.87,0.19,1.31,-2.62,-0.12,-0.03,0.02,28.31,75.94,132.44,0.62,-0.69,0.06,5,1
1772043644.959866,983433,0.01,-0.12,0.04,65.62,73.87,263.81,0.50,0.69,0.19,-0.08,-0.07,0.01,28.44,75.94,132.44,0.06,-0.62,-0.56,5,1
1772043645.150419,983624,0.01,0.06,0.06,65.81,73.94,263.87,-0.62,-1.00,0.75,-0.06,-0.04,0.03,28.37,75.94,132.50,0.50,0.00,-0.81,5,1
1772043645.341056,983814,-0.02,0.01,0.02,66.87,73.75,263.56,0.06,-1.19,1.62,0.03,-0.08,0.16,27.56,75.94,132.50,1.25,1.25,-1.06,5,2
1772043645.532023,984005,-0.07,0.01,0.02,67.44,73.56,263.25,0.37,0.00,0.13,-0.08,0.04,0.05,26.87,76.00,132.56,0.62,-0.44,-0.88,5,2
1772043645.722648,984196,-0.04,-0.15,0.06,67.25,73.31,263.00,-0.13,-0.56,0.44,-0.07,0.00,0.04,26.62,76.00,132.62,-1.37,0.37,-0.50,5,2
1772043645.912969,984386,-0.04,0.08,0.00,67.44,73.44,263.31,0.19,-0.31,-1.94,-0.07,-0.02,0.06,27.31,76.06,132.56,0.31,-0.50,1.12,5,2
1772043646.103757,984577,0.06,0.06,0.05,67.19,73.56,263.50,-1.62,0.06,-0.13,-0.09,0.01,0.04,27.50,76.06,132.62,-0.13,-0.50,-0.37,5,2
1772043646.294104,984767,0.00,-0.02,0.02,67.06,73.50,263.50,0.81,1.69,-1.37,-0.04,0.00,0.08,27.75,76.19,132.62,0.19,-0.19,-0.13,5,2
1772043646.485205,984958,-0.05,-0.06,0.05,66.75,73.50,263.44,1.69,-0.75,1.56,-0.05,-0.02,0.05,27.87,76.25,132.62,1.25,0.19,0.19,4,2
1772043646.675940,985149,0.01,0.03,0.04,67.37,73.56,263.44,-1.00,-0.62,-0.37,-0.06,-0.05,0.05,27.87,76.25,132.62,-0.37,-0.19,0.37,3,2
1772043646.866435,985339,-0.01,0.02,0.03,67.75,73.69,263.56,-1.00,-1.00,-0.25,-0.10,-0.03,0.02,27.87,76.19,132.62,-0.25,1.19,0.19,4,2
1772043647.056787,985530,0.00,-0.03,0.05,68.25,73.69,263.69,-0.62,0.69,-0.31,-0.07,0.00,0.06,27.69,76.06,132.62,0.44,1.31,-0.50,4,2
1772043647.247764,985721,-0.06,-0.01,0.05,68.19,73.69,263.69,-0.06,-0.75,0.25,-0.07,0.00,0.12,27.50,76.00,132.69,-0.25,-0.13,-0.06,4,2
1772043647.438528,985912,-0.01,0.01,0.05,68.25,73.69,263.75,0.88,0.81,-0.62,-0.07,-0.04,0.14,27.62,76.00,132.62,-0.44,0.06,0.31,4,2
1772043647.628556,986102,0.00,0.06,0.04,67.81,73.75,263.94,0.56,0.50,0.00,-0.08,-0.08,0.07,27.69,76.00,132.62,0.13,0.00,0.00,5,2
1772043647.819329,986293,0.05,-0.03,0.05,67.44,73.75,263.94,-0.13,1.00,-0.06,-0.06,-0.04,0.00,27.94,76.06,132.69,-0.50,-0.13,0.13,5,2
1772043648.010038,986483,0.00,0.04,0.06,67.06,73.75,264.00,0.88,-1.25,-0.13,-0.08,-0.03,0.09,27.81,76.06,132.69,0.19,0.44,-0.25,5,1
1772043648.200700,986674,-0.06,-0.04,0.07,68.19,73.81,263.87,0.56,-1.62,0.25,-0.06,-0.04,0.09,27.81,76.00,132.69,-0.31,-0.06,0.37,5,2
1772043648.391504,986865,0.01,0.07,0.05,68.37,73.87,264.06,0.00,-0.13,0.19,-0.07,-0.04,0.10,27.81,76.00,132.69,0.19,-0.25,-0.50,5,2
1772043648.581926,987055,-0.02,0.06,0.06,68.25,73.87,264.06,0.62,1.31,0.75,-0.04,-0.06,0.09,27.69,76.12,132.81,-0.56,-1.00,-0.19,5,2
1772043648.772313,987246,0.05,0.11,0.08,67.62,73.75,264.06,1.12,0.31,1.44,-0.03,-0.06,0.11,27.62,76.12,132.81,0.50,0.88,0.19,5,2
1772043648.963156,987436,0.00,0.01,0.06,68.00,73.75,263.87,-0.31,-0.62,0.13,-0.07,-0.06,0.08,27.69,76.12,132.81,-0.31,-0.81,0.81,5,2
1772043649.154052,987627,-0.02,0.09,0.06,68.00,73.94,264.06,-0.19,0.94,-0.44,-0.02,-0.03,0.15,27.94,76.19,132.75,-0.50,-0.25,0.25,7,3
1772043649.344981,987818,-0.03,0.12,0.08,67.50,73.87,264.06,-0.31,0.06,-1.19,-0.01,-0.10,0.10,28.06,76.25,132.75,-0.94,-1.87,-0.13,7,4
1772043649.534936,988008,0.07,0.08,0.12,67.37,73.94,264.12,0.94,-0.06,1.44,-0.10,-0.05,0.08,28.19,76.31,132.75,0.13,0.13,-0.37,7,4
1772043649.725659,988199,0.02,0.07,0.07,68.31,73.94,263.87,0.44,-1.25,0.81,-0.07,-0.07,0.14,28.12,76.31,132.69,-0.62,-0.25,0.50,7,4
1772043649.916071,988389,-0.02,0.14,0.07,68.87,74.00,264.00,-1.12,0.13,-0.37,-0.03,-0.02,0.16,28.00,76.31,132.75,0.00,1.06,-0.75,9,5
1772043650.106755,988580,-0.11,0.12,0.06,69.87,73.94,264.00,1.00,-0.25,1.25,0.00,-0.07,0.12,26.81,76.06,132.81,-0.75,-0.88,-0.50,10,5
1772043650.297345,988771,0.03,0.06,0.11,69.31,73.75,263.81,1.06,0.62,0.81,-0.07,-0.02,0.12,26.75,76.06,132.75,-0.06,-0.13,0.25,9,5
1772043650.488038,988961,-0.03,0.00,0.09,69.19,73.69,263.62,0.13,0.75,0.06,-0.05,-0.04,0.10,26.94,76.12,132.81,-0.62,-0.50,0.50,9,4
1772043650.678679,989152,-0.07,0.02,0.10,68.81,73.81,263.81,-0.25,0.37,-0.25,-0.05,-0.07,0.11,27.31,76.12,132.87,-0.88,-0.56,0.19,10,5
1772043650.869303,989343,0.01,0.17,0.10,68.62,73.94,264.06,0.06,-0.69,-0.13,-0.04,-0.14,0.14,27.37,76.06,132.87,-0.69,-1.37,0.50,9,6
1772043651.059729,989533,0.03,0.08,0.14,68.81,74.00,264.06,0.06,0.37,0.75,-0.09,-0.05,0.07,27.44,76.06,132.81,-0.06,0.44,0.06,8,4
1772043651.250718,989724,-0.04,0.08,0.06,69.12,73.94,264.00,-0.44,-0.50,0.31,-0.06,-0.05,0.11,27.44,75.94,132.81,-0.19,0.19,0.00,7,4
1772043651.441047,989914,0.00,0.10,0.08,68.56,73.94,264.06,0.37,1.00,0.25,-0.05,-0.04,0.13,27.44,75.87,132.81,-0.06,-0.06,-0.25,7,6
1772043651.631674,990105,0.00,0.08,0.09,68.25,73.87,264.00,-0.06,0.31,0.13,-0.02,-0.05,0.12,27.56,75.87,132.81,-1.25,-1.75,0.06,6,6
1772043651.822040,990296,0.01,0.10,0.13,67.94,73.87,264.06,0.81,0.37,1.00,-0.08,-0.01,0.06,27.62,75.94,132.75,-0.62,0.19,-0.13,4,5
1772043652.012884,990486,0.02,-0.03,0.12,67.94,73.81,264.00,-0.44,-0.19,0.00,-0.07,-0.06,0.08,27.75,75.87,132.81,0.25,-0.25,0.75,4,5
1772043652.203622,990677,0.03,0.17,0.13,68.19,74.06,264.25,-0.88,-0.19,0.19,-0.06,-0.05,0.09,27.94,75.87,132.81,0.50,0.25,-0.06,7,6
1772043652.394177,990867,-0.04,0.05,0.11,68.69,74.06,264.19,-1.62,-0.94,0.06,-0.05,-0.04,0.10,27.87,75.87,132.81,0.25,0.94,-0.25,7,6
1772043652.584690,991058,0.00,0.10,0.10,68.56,74.12,264.31,-0.19,0.06,1.00,-0.02,-0.03,0.07,28.06,75.94,132.81,-0.13,-0.37,-0.25,6,5
1772043652.775439,991249,-0.02,0.09,0.09,68.69,74.06,264.25,0.00,0.69,0.19,-0.05,-0.02,0.09,28.00,75.94,132.81,-0.62,-0.25,-0.13,7,4
1772043652.965749,991439,-0.07,0.07,0.07,68.31,74.06,264.31,0.44,0.88,-0.62,-0.05,0.00,0.09,28.19,76.00,132.81,0.31,-0.50,0.13,7,4
1772043653.156895,991630,-0.01,0.02,0.07,67.50,74.00,264.25,-0.19,-0.31,0.19,-0.14,0.00,-0.01,28.37,76.12,132.81,0.13,-0.81,-0.25,8,4
1772043653.346965,991820,-0.03,0.04,0.10,67.19,74.06,264.31,0.13,1.50,0.06,-0.03,0.00,0.16,28.69,76.19,132.81,-0.50,0.56,0.62,8,3
1772043653.537869,992011,-0.01,0.08,0.09,67.50,74.12,264.31,-0.94,-1.44,-0.50,-0.06,-0.05,0.08,28.56,76.12,132.81,-0.50,0.56,0.13,9,3
1772043653.727921,992201,-0.05,0.02,0.09,68.69,74.25,264.37,-1.44,-1.19,-1.19,-0.06,-0.03,0.10,28.62,76.12,132.81,-0.50,0.50,0.25,9,3
1772043653.918318,992392,-0.02,0.10,0.11,69.06,74.37,264.69,-1.31,-1.81,0.00,-0.07,0.00,0.11,28.56,76.06,132.81,-0.13,-0.62,0.00,9,3
1772043654.109662,992583,-0.05,0.08,0.10,68.94,74.50,264.81,-0.06,2.19,-1.50,-0.07,-0.02,0.11,28.69,76.06,132.81,0.00,-0.06,0.25,7,2
1772043654.300599,992774,-0.05,0.02,0.09,68.19,74.37,264.69,-0.25,-0.44,-0.25,-0.05,-0.06,0.13,28.69,76.00,132.81,-0.44,-0.31,-0.13,7,1
1772043654.490802,992964,-0.04,0.04,0.05,68.12,74.44,264.75,0.00,0.37,-0.94,-0.04,-0.04,0.09,28.75,75.94,132.75,0.06,-0.56,0.56,7,2
1772043654.681334,993155,-0.01,0.04,0.10,67.69,74.44,264.81,0.25,1.19,-0.13,0.00,-0.10,0.06,28.87,75.94,132.75,-0.56,-0.06,-0.44,6,2
1772043654.871516,993345,-0.07,-0.09,0.16,66.75,74.44,264.94,-1.19,1.75,-2.56,-0.06,-0.01,0.03,29.44,76.00,132.94,-1.25,0.31,-0.25,5,2
1772043655.062410,993536,-0.06,0.01,0.08,66.37,74.81,265.06,5.81,-3.62,2.25,-0.03,-0.20,0.06,29.56,75.75,132.25,1.44,0.75,0.69,5,2
1772043655.253332,993727,-0.01,0.22,0.06,67.31,74.75,265.12,-2.75,-0.94,-0.69,-0.04,0.00,0.07,29.44,75.62,132.19,1.37,0.81,-0.37,5,2
1772043655.444086,993917,-0.06,-0.11,0.09,67.75,74.56,264.75,-1.12,0.56,0.44,-0.05,-0.02,0.06,28.12,75.56,132.25,0.25,-0.13,-1.87,5,2
1772043655.634668,994108,-0.03,-0.11,0.08,67.62,74.44,264.75,0.50,0.75,0.69,-0.06,0.03,0.03,27.81,75.69,132.37,-0.37,-0.19,-0.56,4,2
1772043655.825197,994299,0.04,-0.05,0.12,66.81,74.37,264.94,0.75,0.00,1.00,-0.06,-0.01,0.08,27.87,75.69,132.56,-1.06,-0.94,-0.50,4,1
1772043656.016271,994490,-0.07,0.05,0.02,67.25,74.31,264.94,0.13,0.94,-0.19,-0.05,-0.03,0.08,28.00,75.75,132.62,-0.25,-0.19,-0.06,3,2
1772043656.206987,994680,-0.02,0.03,0.06,66.75,74.25,265.00,-0.13,-0.06,-0.06,-0.04,-0.02,-0.01,28.19,75.81,132.62,-2.31,-0.62,0.06,4,3
1772043656.397243,994871,0.00,0.09,0.06,66.69,74.31,265.19,-0.13,-1.00,-1.06,0.00,-0.06,0.09,28.37,75.81,132.69,-0.44,-0.88,0.62,4,3
1772043656.587802,995061,0.03,0.03,0.08,67.06,74.37,265.12,0.50,-1.06,0.88,-0.08,0.00,0.04,28.37,75.75,132.62,-0.31,0.06,0.31,5,3
1772043656.778924,995252,-0.01,0.03,0.06,67.81,74.50,265.19,-0.81,-1.19,-1.19,-0.05,-0.04,0.06,28.87,75.75,132.56,-1.00,-0.62,0.94,5,3
1772043656.969519,995443,-0.03,0.16,0.07,67.94,74.75,265.56,-0.19,0.94,-0.13,-0.07,-0.04,0.09,29.06,75.69,132.62,0.00,0.81,-0.19,4,4
1772043657.160165,995634,-0.04,0.02,0.07,67.81,74.50,265.25,0.69,0.37,1.37,0.01,-0.13,0.09,28.69,75.62,132.69,-0.44,-0.88,-0.69,4,5
1772043657.350487,995824,0.05,0.11,0.10,67.12,74.37,265.19,0.62,1.50,1.31,-0.02,-0.01,0.04,28.75,75.69,132.69,0.37,-0.25,0.06,4,5
1772043657.541459,996015,-0.03,0.00,0.06,67.06,74.25,264.94,-0.19,-0.44,0.94,-0.05,-0.04,0.09,28.75,75.69,132.69,-0.75,-0.19,0.25,4,4
1772043657.731015,996204,0.05,0.00,0.06,66.94,74.25,265.06,-0.75,1.31,-1.31,-0.05,-0.04,0.06,28.94,75.69,132.75,-0.25,-0.50,0.19,4,5
1772043657.922359,996396,0.00,0.08,0.06,66.87,74.31,265.12,-0.19,-0.62,1.19,-0.04,-0.12,0.02,28.81,75.69,132.69,0.62,0.13,-0.06,5,5
1772043658.113127,996587,0.01,0.09,0.06,66.94,74.37,265.25,-2.69,0.94,0.37,-0.07,0.00,0.08,28.75,75.75,132.87,-1.31,0.37,-1.06,4,4
1772043658.303995,996778,-0.01,0.06,0.06,67.44,74.25,265.12,1.50,-2.31,0.81,-0.07,-0.09,0.04,28.69,75.69,132.75,-0.19,0.13,0.88,4,4
1772043658.493884,996967,0.05,0.15,0.05,67.44,74.44,265.25,-1.06,1.31,-2.31,-0.04,-0.02,0.03,29.37,75.81,132.69,-0.13,-1.44,0.50,4,5
1772043658.683451,997157,0.04,0.13,0.10,66.44,74.37,265.37,-1.00,2.31,0.19,-0.01,-0.01,0.06,29.44,75.87,132.75,1.06,0.75,-0.31,5,5
1772043658.874866,997349,0.02,0.08,0.10,65.94,74.37,265.31,0.19,0.62,0.31,-0.05,0.00,0.05,29.44,75.87,132.69,0.56,0.75,0.13,5,4
1772043659.066418,997540,-0.03,0.09,0.03,66.56,74.31,265.12,-1.00,-0.69,0.69,-0.04,-0.03,0.04,29.44,75.87,132.75,-2.19,0.37,-0.19,6,3
1772043659.257684,997731,-0.04,0.13,0.06,66.87,74.37,265.25,-0.25,-1.06,-1.62,-0.06,-0.04,0.08,29.56,75.87,132.81,0.37,0.19,0.37,6,3
1772043659.449028,997922,-0.05,0.04,0.04,67.19,74.44,265.25,-0.44,0.62,0.06,-0.01,0.00,0.16,29.62,75.87,132.81,-0.75,-0.88,-0.50,5,3
1772043659.639616,998113,-0.05,0.18,0.07,66.81,74.44,265.31,0.19,-0.25,-0.56,-0.08,-0.01,0.05,29.50,75.94,132.81,0.94,-0.25,-0.13,5,3
1772043659.830284,998304,-0.04,0.02,0.06,66.69,74.31,265.06,-0.31,-0.25,-0.19,-0.04,0.00,0.10,29.56,76.00,132.81,-0.81,-1.19,-0.37,4,2
1772043660.021385,998495,0.07,-0.16,0.13,65.69,74.12,264.69,2.06,1.87,-0.37,-0.05,-0.03,0.10,30.12,76.00,132.69,0.19,-1.31,-0.25,4,2
1772043660.212881,998687,0.00,0.07,0.05,65.50,74.19,264.87,-0.69,0.06,0.00,-0.07,-0.01,0.02,30.25,76.06,132.69,0.31,0.19,0.00,4,3
1772043660.404576,998878,0.00,0.13,0.08,65.62,74.25,265.00,-1.62,-0.13,-1.75,-0.09,0.00,0.08,30.31,76.06,132.75,-0.56,1.06,0.00,4,2
1772043660.596930,999071,0.00,0.00,0.06,66.25,74.31,265.06,0.06,-1.75,-0.19,-0.07,-0.02,0.08,30.00,75.94,132.81,0.69,1.25,0.31,4,2
1772043660.788055,999262,-0.09,0.00,0.07,67.50,74.56,265.31,-3.06,-2.69,-2.87,-0.07,0.00,0.12,30.69,75.87,132.81,-1.19,-0.69,1.12,4,2
1772043660.979692,999454,0.04,0.08,0.10,67.44,74.94,265.94,0.75,0.13,0.25,-0.10,-0.05,0.16,31.06,75.81,132.75,0.50,0.75,-0.75,4,2
1772043661.171898,999645,-0.04,-0.01,0.08,67.56,74.81,265.69,0.13,0.62,-0.56,-0.06,0.00,0.15,30.81,75.87,132.81,-0.25,-0.31,-0.56,5,2
1772043661.363484,999837,-0.04,0.01,0.08,67.31,74.81,265.75,1.12,-0.44,0.75,-0.06,0.00,0.12,30.62,75.75,132.75,1.31,0.69,-0.44,5,2
1772043661.555153,1000029,-0.06,-0.05,0.03,67.44,74.62,265.50,-0.13,-0.19,0.56,-0.06,0.00,0.10,30.37,75.69,132.75,0.13,-0.06,-0.50,5,2
1772043661.745416,1000219,0.00,0.00,0.06,66.94,74.62,265.56,0.62,1.06,0.37,-0.06,0.00,0.12,30.25,75.62,132.75,-0.25,0.25,-0.50,4,2
1772043661.936695,1000410,0.02,-0.10,0.07,66.69,74.50,265.50,-0.13,1.44,-0.25,-0.09,0.02,0.04,30.31,75.69,132.81,1.06,-0.25,0.44,5,2
1772043662.129145,1000603,0.06,0.02,0.10,66.75,74.56,265.56,0.44,-1.87,1.44,-0.06,0.00,0.07,30.00,75.56,132.81,0.44,-0.25,0.06,5,1
1772043662.322167,1000796,-0.04,0.00,0.06,68.06,74.56,265.37,-0.50,-0.75,-0.56,-0.08,0.00,0.12,30.00,75.56,132.75,-0.31,0.19,0.25,5,1
1772043662.513823,1000987,-0.02,0.03,0.05,68.12,74.69,265.56,0.44,-0.25,0.62,-0.06,-0.01,0.10,30.00,75.56,132.75,0.00,-0.13,-0.75,4,1
1772043662.704458,1001178,-0.04,0.05,0.09,67.94,74.56,265.50,0.69,0.88,0.75,-0.02,-0.04,0.13,29.75,75.69,132.87,0.06,-1.50,0.13,4,2
1772043662.894998,1001369,0.14,0.17,0.10,67.25,74.44,265.37,2.50,1.19,3.12,-0.07,-0.02,0.08,29.56,75.81,132.94,1.06,1.00,-0.44,4,1
1772043663.086920,1001560,-0.05,0.00,0.07,68.19,74.06,264.62,-0.75,-0.37,0.31,-0.05,0.00,0.11,29.31,75.81,132.94,-0.62,-0.50,0.19,3,2
1772043663.278315,1001752,-0.04,0.03,0.03,68.00,74.31,264.94,-0.31,0.37,-1.00,-0.06,0.02,0.09,29.75,75.87,132.81,0.00,-0.62,0.31,4,2
1772043663.469075,1001943,0.09,0.09,0.05,65.25,74.25,265.25,1.00,4.87,-0.56,-0.05,-0.12,0.11,29.75,75.87,132.87,0.06,-1.12,-0.50,3,3
1772043663.658976,1002133,0.00,0.10,0.12,65.12,74.37,265.44,-2.50,-5.44,-0.94,-0.02,0.05,0.01,30.37,76.06,132.81,0.25,0.06,1.25,3,3
1772043663.849544,1002323,0.03,-0.02,0.07,66.44,74.56,265.44,-0.62,-0.31,0.13,-0.06,-0.04,0.16,30.69,75.94,132.75,-1.00,0.69,0.50,3,3
1772043664.040847,1002514,-0.03,0.12,-0.01,68.75,74.87,265.81,-2.69,-4.81,-0.31,-0.06,0.00,0.10,30.44,75.75,132.87,-0.13,1.19,0.06,4,4
1772043664.232342,1002706,0.02,0.06,0.07,69.44,74.81,265.75,0.37,1.31,0.81,-0.02,-0.11,0.20,29.94,75.62,132.94,-0.44,-0.50,-0.81,5,5
1772043664.424434,1002898,0.00,0.10,0.11,68.81,74.69,265.75,0.37,1.75,1.31,-0.08,0.03,0.10,29.87,75.62,132.94,0.44,-0.25,0.00,5,4
1772043664.613774,1003088,-0.06,0.00,0.09,68.44,74.44,265.37,-0.13,0.75,1.56,-0.07,0.00,0.07,29.75,75.56,132.94,-0.75,-0.56,0.06,6,4
1772043664.803650,1003278,0.02,0.08,0.14,67.50,74.50,265.56,-0.81,1.06,-1.19,-0.03,0.07,0.18,29.62,75.37,132.94,-0.06,1.37,0.56,7,5
1772043664.996277,1003470,-0.12,0.01,-0.05,68.56,74.62,265.37,0.88,-0.50,0.19,-0.09,0.00,0.19,29.31,75.50,132.62,3.87,-2.50,-0.31,7,5
1772043665.188784,1003663,-0.05,0.09,0.07,67.31,74.37,264.62,5.87,2.06,3.37,-0.02,0.01,-0.04,27.94,75.87,131.62,7.19,-2.06,-1.06,8,4
1772043665.381738,1003855,-0.11,-0.09,0.12,66.25,73.94,263.37,2.69,-0.37,-1.00,-0.02,-0.07,-0.08,28.19,75.75,131.06,-2.87,-0.19,2.00,8,4
1772043665.572928,1004047,0.22,0.07,0.08,65.50,74.44,264.25,-3.87,-1.69,-3.56,-0.07,-0.05,0.09,29.69,75.12,131.50,-6.50,3.31,1.75,9,6
1772043665.762100,1004236,0.07,0.26,0.03,66.62,75.12,265.62,-4.00,0.37,-2.00,-0.03,-0.09,0.20,30.19,74.75,132.00,-3.62,1.87,0.37,9,6
1772043665.952032,1004426,0.04,0.08,0.07,67.50,75.19,265.87,-1.44,-0.56,1.62,0.00,0.09,0.13,29.56,74.62,132.31,-0.06,2.25,-1.12,8,5
1772043666.145136,1004619,-0.15,0.00,0.04,69.00,74.87,265.31,0.19,-3.62,3.56,-0.02,0.04,0.02,27.94,74.56,132.50,1.81,-0.56,-1.31,7,5
1772043666.336444,1004810,-0.01,-0.04,0.13,69.69,74.62,264.87,0.19,0.25,-0.94,-0.04,0.02,0.09,27.94,74.56,132.44,0.37,-0.88,0.88,9,6
1772043666.527481,1005001,-0.01,0.07,0.08,69.31,74.87,265.19,0.31,0.50,-0.75,-0.01,-0.08,0.16,28.44,74.62,132.31,-1.56,-1.87,-0.69,9,6
1772043666.717856,1005192,0.03,0.16,0.12,68.50,74.81,265.31,1.31,1.19,2.00,-0.08,0.05,0.07,28.06,74.81,132.44,0.81,0.00,-0.44,8,5
1772043666.908844,1005383,-0.01,-0.05,0.10,67.94,74.56,264.81,0.00,1.62,-0.25,-0.05,0.01,0.11,27.94,74.87,132.44,-0.62,-1.06,0.00,8,5
1772043667.099549,1005574,-0.06,0.04,0.02,67.62,74.56,264.81,0.81,0.00,0.25,-0.05,0.03,0.08,28.06,74.87,132.44,-0.50,0.06,-0.25,9,5
1772043667.290400,1005764,0.00,0.07,0.04,66.69,74.50,264.81,0.81,0.88,0.50,-0.02,0.00,0.06,28.12,74.94,132.44,-0.94,-1.62,0.25,8,5
1772043667.481266,1005955,0.02,0.02,0.06,66.31,74.44,264.81,0.50,0.75,1.19,-0.01,0.00,0.04,28.12,74.94,132.44,0.19,1.12,-0.06,7,4
1772043667.671715,1006145,0.00,0.00,0.05,66.69,74.37,264.69,-1.06,-1.75,0.81,-0.04,0.01,0.09,28.06,74.87,132.44,-0.13,-0.06,0.13,7,3
1772043667.861803,1006336,0.00,0.08,0.04,67.37,74.44,264.75,-0.19,0.31,0.31,-0.07,0.01,0.12,28.06,74.87,132.44,0.13,0.13,-0.37,8,4
1772043668.052818,1006527,-0.02,0.05,0.02,67.56,74.31,264.62,0.25,0.00,1.25,-0.02,0.01,0.15,27.94,74.94,132.56,-0.88,-1.75,-0.19,7,4
1772043668.243399,1006717,0.15,0.05,0.10,66.25,74.12,264.50,1.44,2.94,1.37,-0.08,0.05,0.06,28.00,75.06,132.56,0.13,0.44,-0.81,6,4
1772043668.434375,1006908,-0.06,0.03,0.03,66.75,74.00,264.25,-0.37,-0.25,0.69,-0.05,0.05,0.10,27.81,75.06,132.62,0.13,0.44,0.06,6,3
1772043668.625375,1007099,0.01,-0.01,0.02,66.56,74.00,264.25,-0.13,0.13,0.56,-0.06,0.02,0.14,27.81,75.06,132.62,-0.19,-0.06,-0.31,6,5
1772043668.814914,1007289,-0.02,0.01,0.03,66.56,73.94,264.25,-0.50,0.88,0.13,-0.04,0.03,0.05,27.69,75.06,132.62,-2.12,-1.69,-0.31,5,5
1772043669.005747,1007480,-0.10,0.11,0.02,66.37,74.06,264.50,0.25,-0.81,-0.13,-0.07,0.00,0.06,27.81,75.06,132.62,-0.25,0.13,0.56,4,5
1772043669.196490,1007670,0.05,0.09,0.02,65.19,74.06,264.62,-0.25,-0.13,-0.13,-0.05,0.00,0.09,27.62,75.00,132.62,0.00,-0.81,0.75,4,4
1772043669.387310,1007861,-0.02,0.10,0.02,65.50,74.12,264.56,-0.75,0.00,-0.37,-0.05,0.05,0.05,27.69,74.94,132.62,0.06,-0.19,-0.37,5,5
1772043669.577643,1008051,0.02,-0.02,0.05,65.75,74.00,264.37,0.31,-1.00,1.31,-0.01,0.02,0.10,27.44,74.87,132.56,1.37,1.12,-0.19,5,5
1772043669.767982,1008242,-0.02,0.04,0.05,66.19,73.94,264.25,-0.37,0.13,-0.06,-0.06,0.07,0.10,27.31,74.87,132.56,0.44,0.13,0.13,5,4
1772043669.958970,1008433,-0.01,0.06,0.02,66.69,73.94,264.12,-0.25,-1.62,0.37,-0.05,0.01,0.11,27.12,74.87,132.56,-0.50,-0.37,0.00,5,3
1772043670.149571,1008623,-0.03,0.02,0.07,67.06,74.00,264.25,-2.12,0.13,-1.19,-0.07,0.09,0.15,27.44,74.94,132.69,-0.75,-0.75,0.75,5,3
1772043670.340143,1008814,-0.05,-0.05,0.07,67.69,74.25,264.50,-2.12,-0.62,-2.56,-0.02,0.06,0.12,28.37,75.00,132.62,-1.19,0.25,-0.19,6,3
1772043670.529609,1009004,-0.12,0.18,0.00,67.75,74.50,264.87,2.75,1.25,-0.62,-0.09,0.01,0.05,28.37,75.06,132.56,0.94,0.31,0.19,6,2
1772043670.720645,1009195,0.02,0.04,0.06,66.44,74.19,264.56,-0.13,0.13,0.25,-0.07,0.03,0.05,27.94,75.06,132.62,0.56,0.13,-0.62,7,1
1772043670.911951,1009386,0.00,0.06,0.00,66.56,74.12,264.44,-0.44,-0.31,0.19,-0.06,0.00,0.19,27.81,75.12,132.56,1.56,-1.44,-0.50,7,2
1772043671.102577,1009576,-0.15,-0.02,-0.04,66.19,74.12,264.25,1.75,4.44,0.00,-0.08,0.01,0.06,27.69,75.69,132.69,-1.06,-2.75,-2.62,7,2
1772043671.293097,1009767,-0.03,-0.11,0.07,62.44,73.81,264.56,4.25,3.06,-4.06,-0.04,0.08,0.04,28.25,76.37,132.87,0.88,-4.19,-0.13,7,2
1772043671.482870,1009956,-0.03,-0.04,0.14,60.63,73.87,264.81,-1.75,-1.75,-0.56,-0.04,0.07,0.07,29.81,77.06,133.06,-1.87,-4.50,-0.94,7,2
1772043671.672707,1010146,-0.14,-0.05,0.00,60.56,73.94,265.56,-10.25,5.31,3.81,-0.10,-0.05,0.04,32.31,77.75,133.56,-6.50,-6.81,0.25,7,2
1772043671.864747,1010338,-0.10,0.15,-0.12,61.00,73.87,266.69,-5.06,-0.94,-4.25,-0.09,0.00,0.12,34.13,78.50,134.12,0.06,-1.94,-1.25,7,2
1772043672.055463,1010529,-0.20,-0.26,0.12,60.19,74.00,267.06,1.81,2.37,2.87,-0.01,0.00,-0.01,34.06,79.00,134.44,1.75,0.19,-2.50,6,2
1772043672.245672,1010720,0.00,0.22,0.13,59.31,73.50,268.00,-1.06,0.81,3.50,-0.01,0.05,0.10,30.12,79.31,134.94,1.56,0.44,-2.87,6,2
1772043672.435426,1010909,-0.06,-0.17,0.00,60.19,73.00,267.06,3.12,-2.87,2.31,-0.02,0.04,0.19,28.12,79.25,134.87,2.00,-0.56,-0.25,6,2
1772043672.626939,1011101,-0.06,0.03,0.02,60.69,72.94,266.75,0.94,0.62,0.44,-0.03,0.09,0.12,27.69,79.19,134.81,0.44,0.25,-0.31,6,2
1772043672.817995,1011292,-0.02,-0.09,0.02,60.38,72.81,266.50,1.37,-0.13,0.75,-0.04,0.07,0.07,28.12,79.31,134.75,0.56,-0.69,1.00,5,2
1772043673.008379,1011482,0.07,0.00,0.11,59.63,72.94,266.50,2.56,0.62,0.44,-0.04,0.00,0.12,28.25,79.25,134.62,-0.31,-0.56,0.56,5,1
1772043673.199060,1011673,0.08,-0.06,0.07,60.25,72.94,266.31,-1.69,-3.06,0.06,-0.09,0.01,0.15,28.87,79.19,134.69,-0.31,-1.06,1.37,5,1
1772043673.388720,1011862,-0.20,-0.12,-0.05,65.62,73.06,265.50,4.25,-8.44,2.56,-0.03,-0.01,0.08,29.75,79.19,134.37,1.37,1.37,0.13,5,1
1772043673.578734,1012053,-0.02,-0.06,-0.05,66.25,73.19,265.44,1.19,2.87,-1.81,-0.07,0.11,0.14,29.12,79.06,134.44,0.50,1.19,0.13,5,1
1772043673.771032,1012245,-0.02,-0.03,0.03,64.31,73.19,265.62,2.87,-0.94,-0.62,-0.02,-0.02,0.11,28.62,78.81,134.37,-0.56,-0.31,0.25,5,1
1772043673.961432,1012435,0.01,-0.03,0.01,64.00,73.31,265.69,-0.06,0.37,-1.50,-0.04,0.00,0.14,29.19,78.81,134.37,-0.81,0.31,1.25,6,1
1772043674.152208,1012626,-0.04,0.05,-0.02,63.94,73.69,266.06,-0.31,0.19,-1.00,-0.06,0.01,0.12,30.00,78.69,134.37,-0.50,0.37,0.31,6,1
1772043674.341826,1012816,-0.02,0.01,0.02,63.50,73.75,266.19,-0.69,0.37,-1.56,-0.04,0.07,0.12,30.25,78.75,134.50,-1.44,0.81,-0.50,5,1
1772043674.533288,1013007,-0.01,-0.05,0.06,62.94,73.75,266.25,0.94,-1.19,-1.31,-0.02,0.01,0.16,30.37,78.69,134.50,0.31,0.69,0.44,5,1
1772043674.724476,1013198,-0.09,-0.03,0.00,63.50,73.94,266.31,0.00,-1.19,-0.44,-0.04,-0.01,0.14,30.25,78.62,134.50,-0.44,-0.19,0.13,5,1
1772043674.914366,1013389,0.01,0.00,0.02,63.56,74.00,266.50,0.13,0.19,-0.31,0.00,-0.04,0.16,30.00,78.56,134.50,0.13,1.37,0.00,5,1
1772043675.105178,1013579,-0.05,0.09,0.03,63.69,74.06,266.56,-0.94,0.00,-1.62,-0.05,0.00,0.09,29.81,78.50,134.56,0.19,0.94,0.13,5,1
1772043675.294648,1013769,-0.01,-0.11,0.06,63.81,73.94,266.37,0.75,-1.12,0.50,-0.06,-0.01,0.16,29.62,78.37,134.56,0.37,1.31,0.56,4,1
1772043675.485545,1013959,-0.05,-0.02,-0.02,64.62,74.12,266.44,-0.19,-0.94,-1.37,-0.06,-0.04,0.14,30.25,78.25,134.37,-0.44,0.44,1.50,5,1
1772043675.677190,1014151,-0.02,0.01,0.00,64.25,74.44,266.75,-0.19,0.25,-1.44,0.00,-0.10,0.15,31.12,78.12,134.25,-0.75,-0.31,0.19,4,2
1772043675.867943,1014342,-0.03,0.10,0.05,63.75,74.56,267.06,-0.06,1.25,-1.94,-0.07,-0.02,0.09,31.69,78.25,134.31,-1.37,-0.44,0.37,4,2
1772043676.058294,1014532,-0.04,0.03,0.03,63.44,74.69,267.19,0.56,-2.31,-1.50,-0.05,-0.06,0.12,32.19,78.12,134.19,0.56,1.19,0.31,4,2
1772043676.249157,1014723,-0.01,-0.01,0.02,64.12,74.75,267.06,0.88,-0.37,0.50,-0.08,-0.06,0.13,31.94,78.06,134.19,-0.31,0.25,-0.44,3,2
1772043676.439718,1014914,-0.03,0.01,0.01,64.75,74.75,267.00,0.50,-1.12,0.88,-0.07,-0.08,0.15,31.81,78.06,134.19,0.62,0.19,-0.44,3,2
1772043676.630587,1015105,-0.03,0.00,0.04,64.81,74.69,266.94,-0.19,0.81,-1.25,-0.06,0.00,0.15,32.06,78.19,134.19,0.37,0.06,-1.00,3,2
1772043676.821194,1015295,-0.02,-0.03,0.11,64.94,74.50,266.56,2.25,-2.25,1.37,-0.07,-0.05,0.13,31.75,78.19,134.12,0.69,0.81,-0.13,4,2
1772043677.011935,1015486,0.00,0.05,0.06,65.69,74.56,266.50,-1.81,-0.88,-0.88,-0.06,-0.02,0.17,31.75,78.19,134.12,-0.13,-0.13,0.00,4,1
1772043677.202198,1015676,-0.01,0.03,0.05,66.37,74.69,266.56,0.81,-0.69,0.56,-0.07,-0.03,0.19,31.44,78.06,134.12,0.62,0.50,-0.31,5,2
1772043677.393121,1015867,-0.01,-0.07,0.02,66.62,74.69,266.50,0.56,0.56,-0.19,-0.09,0.02,0.16,31.44,78.19,134.06,0.44,0.25,-0.13,5,2
1772043677.583553,1016058,-0.01,-0.02,0.08,65.44,74.56,266.37,2.56,0.62,0.25,-0.06,-0.01,0.13,31.37,78.19,134.06,0.06,-1.00,0.19,5,1
1772043677.774283,1016248,-0.01,0.00,0.04,65.19,74.56,266.25,0.81,0.25,-0.88,-0.07,-0.06,0.17,31.62,78.12,134.00,-0.44,1.00,0.88,6,1
1772043677.964867,1016439,0.00,0.06,0.08,65.00,74.62,266.37,0.37,0.25,-0.13,-0.08,-0.04,0.17,31.69,78.06,133.94,0.56,0.25,-0.13,6,1
1772043678.155495,1016629,-0.01,-0.08,0.05,65.25,74.50,266.25,-1.12,0.25,0.62,-0.09,0.00,0.14,31.37,78.12,134.06,0.19,0.13,-1.12,6,1
1772043678.346249,1016820,-0.04,-0.11,0.10,65.31,74.37,266.19,1.12,-0.75,1.44,-0.06,0.00,0.13,31.06,78.06,134.12,-0.19,-0.19,-0.31,6,1
1772043678.536950,1017011,-0.04,-0.01,0.07,65.56,74.37,266.25,0.50,-0.75,0.13,-0.06,-0.07,0.16,30.94,77.94,134.12,-0.50,0.31,0.00,6,1
1772043678.727637,1017201,-0.02,0.05,0.04,66.06,74.44,266.37,-0.13,-0.25,-0.06,-0.08,-0.05,0.11,30.81,77.87,134.06,-0.31,0.25,-0.56,6,1
1772043678.917927,1017392,-0.02,0.04,0.05,66.19,74.37,266.31,0.19,0.50,1.19,-0.07,0.01,0.08,30.56,77.81,134.12,-0.06,-0.75,-0.44,7,2
1772043679.107554,1017582,-0.04,0.00,0.12,66.44,74.25,266.25,0.81,-0.44,1.87,-0.06,-0.05,0.18,29.75,77.75,134.25,0.37,1.37,-0.81,7,1
1772043679.299240,1017773,-0.03,-0.02,0.06,67.19,74.06,266.00,0.06,-0.94,1.19,-0.07,-0.01,0.13,29.25,77.75,134.37,-0.19,0.00,-0.37,7,2
1772043679.490047,1017964,-0.05,-0.12,0.09,67.56,74.06,266.00,-0.50,1.31,0.37,-0.08,-0.01,0.20,29.37,77.75,134.50,-0.06,0.13,-0.37,7,2
1772043679.680440,1018154,-0.04,0.12,0.06,67.50,74.06,266.12,0.75,-0.25,0.75,-0.05,-0.04,0.14,29.37,77.75,134.50,-0.81,-1.75,0.13,8,2
1772043679.870745,1018345,0.00,0.11,0.10,67.37,74.00,266.12,0.25,-0.31,0.44,-0.07,-0.01,0.11,29.56,77.87,134.50,0.44,0.37,-0.25,7,2
1772043680.061459,1018536,0.00,0.04,0.08,67.37,74.00,266.12,0.25,0.37,0.37,-0.05,-0.01,0.12,29.37,77.94,134.50,-0.13,-0.50,-0.19,7,2
1772043680.252128,1018726,-0.01,0.06,0.10,67.31,74.06,266.25,0.25,0.69,-0.75,-0.04,0.02,0.15,29.44,77.94,134.50,0.25,-0.13,0.00,7,3
1772043680.443231,1018917,-0.06,0.06,0.08,67.06,74.06,266.25,-0.25,-0.69,-0.44,-0.03,-0.06,0.10,29.50,78.00,134.50,-0.19,-1.12,0.06,7,3
1772043680.633404,1019108,0.02,0.06,0.13,66.62,74.25,266.44,-0.19,1.12,-0.62,-0.05,-0.02,0.14,30.00,78.06,134.44,0.00,-0.62,0.88,6,3
1772043680.824133,1019298,-0.01,0.04,0.07,66.81,74.31,266.50,-0.75,-0.56,-0.31,-0.07,0.00,0.14,30.69,78.00,134.37,-2.12,-0.31,0.75,6,3
1772043681.014209,1019488,0.00,0.18,0.08,66.87,74.56,267.00,-2.06,-0.75,-1.44,-0.03,-0.01,0.14,31.44,77.94,134.56,-0.37,0.56,0.13,6,4
1772043681.205313,1019679,-0.04,0.17,0.08,66.75,74.62,267.06,0.50,-0.56,2.00,0.00,-0.13,0.18,30.75,77.87,134.56,-0.13,-1.06,-1.06,5,4
1772043681.395742,1019870,0.07,0.17,0.15,66.37,74.44,266.94,0.25,0.56,1.87,-0.08,0.05,0.12,30.06,78.00,134.69,0.75,0.62,-0.37,5,4
1772043681.586419,1020061,0.00,0.02,0.08,67.19,74.19,266.50,-0.69,-1.37,1.44,-0.07,0.01,0.15,29.56,77.94,134.69,0.37,0.00,-0.44,4,4
1772043681.777116,1020251,-0.01,0.01,0.08,67.69,74.19,266.37,-0.13,0.00,0.00,-0.03,0.01,0.18,29.56,77.94,134.69,-0.37,-0.25,0.00,4,5
1772043681.967702,1020441,-0.05,0.05,0.05,67.31,74.12,266.37,-0.31,1.56,-0.44,-0.04,-0.08,0.16,29.75,78.00,134.69,-1.25,-1.62,-0.31,4,6
1772043682.158094,1020632,0.05,0.12,0.14,65.87,74.12,266.62,0.00,1.37,-0.25,-0.04,0.04,0.13,30.31,78.06,134.69,-0.31,-0.06,1.06,4,5
1772043682.349215,1020823,-0.06,0.06,0.05,65.69,74.25,266.69,-1.12,-0.88,-0.69,-0.03,-0.01,0.15,31.12,78.00,134.62,-3.12,0.13,0.88,4,5
1772043682.539438,1021014,-0.02,0.16,0.01,65.62,74.62,267.31,0.31,-1.62,-2.06,-0.05,-0.05,0.16,31.94,77.87,134.50,0.56,0.44,0.88,4,5
1772043682.730149,1021204,0.01,0.30,0.00,65.62,74.75,267.37,1.25,-0.69,-0.31,-0.08,-0.04,0.16,31.19,77.62,134.19,6.12,2.00,0.69,4,5
1772043682.919689,1021394,-0.07,-0.35,0.16,64.87,74.44,266.06,-1.12,3.44,2.50,-0.02,0.00,0.14,30.81,77.62,134.19,-4.06,-1.31,-2.00,4,4
1772043683.110945,1021585,-0.05,0.18,0.01,64.25,74.44,266.94,0.62,-0.06,-2.44,-0.04,-0.04,0.16,31.87,77.75,134.31,0.56,0.56,2.12,5,4
1772043683.302231,1021776,-0.14,0.15,-0.01,64.37,74.69,267.12,-1.87,-2.25,0.56,0.00,-0.02,0.10,31.69,77.62,134.31,-0.75,-0.31,-1.06,6,6
1772043683.492412,1021967,-0.03,0.04,0.03,64.25,74.56,267.19,0.19,2.00,0.50,-0.01,-0.10,0.13,31.44,77.62,134.56,-1.19,1.00,-0.25,7,6
1772043683.682604,1022157,-0.13,0.09,0.04,63.69,74.69,267.75,-5.06,2.19,-1.75,-0.01,0.02,0.08,32.31,77.75,135.12,-3.31,-1.37,0.06,7,5
1772043683.872676,1022347,0.17,0.04,0.09,62.63,74.81,268.62,-3.44,-1.12,-0.13,-0.02,0.02,0.20,32.75,77.75,135.62,-3.44,1.06,-0.62,7,4
1772043684.064031,1022538,-0.13,0.04,-0.03,63.69,74.87,269.06,-3.06,2.44,-0.56,-0.01,0.00,0.17,32.63,77.81,136.37,-3.44,1.19,-0.94,9,5
1772043684.255078,1022729,0.09,0.23,0.02,62.56,74.81,269.56,0.50,-1.25,-1.37,0.00,-0.02,0.16,32.81,77.56,136.31,3.56,-0.75,2.19,8,6
1772043684.445502,1022920,0.01,-0.11,0.08,62.38,74.81,268.87,-0.25,3.75,3.06,-0.09,0.06,0.13,32.19,77.50,136.19,-1.19,0.37,-2.12,9,5
1772043684.635626,1023110,-0.05,-0.04,0.11,62.44,74.56,268.50,4.56,-0.88,0.19,-0.03,-0.03,0.08,31.81,77.50,136.25,-1.50,2.62,0.13,8,5
1772043684.825372,1023299,-0.02,0.10,-0.02,62.75,74.56,268.62,-1.37,-2.81,-2.19,-0.07,0.00,0.08,31.56,77.37,136.31,0.94,-1.19,0.44,8,5
1772043685.017405,1023491,-0.01,-0.01,-0.04,63.38,74.75,268.75,-1.81,-1.44,0.81,-0.07,-0.01,0.04,31.44,77.19,136.31,-1.50,-1.62,-0.94,7,5
1772043685.207986,1023682,-0.01,0.12,0.02,62.88,74.62,268.94,2.87,2.87,2.44,-0.04,-0.14,0.11,30.37,77.31,136.44,1.12,1.19,-1.00,6,3
1772043685.398643,1023873,-0.03,0.22,-0.06,63.25,74.31,268.37,2.31,-1.25,4.25,-0.05,0.02,0.07,28.69,77.50,136.37,3.31,0.56,-1.31,6,3
1772043685.589020,1024063,-0.04,-0.22,0.09,63.94,73.62,267.12,-0.19,-0.06,1.50,-0.02,0.02,0.04,27.87,77.56,136.50,-1.87,-0.56,-0.81,6,3
1772043685.779085,1024253,0.04,-0.05,-0.03,63.94,73.69,267.56,0.81,-0.62,-1.12,0.00,0.02,0.11,28.44,77.62,136.56,-0.06,-0.25,0.62,6,3
1772043685.970165,1024445,0.08,0.08,0.10,63.06,73.75,267.87,2.12,0.69,0.31,-0.13,0.01,0.11,28.37,77.56,136.44,2.87,-0.44,0.50,4,2
1772043686.160983,1024635,0.06,0.21,-0.10,63.81,73.69,267.12,7.56,1.00,5.69,-0.08,0.01,0.13,26.19,77.50,135.75,7.00,5.62,-0.88,4,1
1772043686.352073,1024826,-0.15,-0.30,0.03,64.56,72.69,264.75,0.56,1.19,-0.56,0.00,-0.16,-0.03,26.00,77.44,135.50,-2.12,-0.94,1.12,4,1
1772043686.541780,1025016,0.03,0.26,0.12,62.63,73.31,266.25,-4.94,1.56,-8.13,-0.01,-0.02,0.00,29.37,77.62,135.56,-4.62,-2.37,1.25,4,2
1772043686.731518,1025205,-0.02,0.10,-0.03,61.50,73.94,267.56,-1.00,-2.37,1.25,-0.12,-0.02,0.04,29.69,77.69,135.94,-1.69,1.44,-1.50,4,2
1772043686.923254,1025397,-0.02,0.02,0.00,62.75,73.87,267.50,-0.81,-0.69,0.44,-0.09,-0.04,0.03,29.00,77.69,136.19,-0.31,1.31,0.50,4,1
1772043687.114154,1025588,0.01,0.10,-0.01,63.00,73.94,267.69,-2.56,-0.81,0.06,-0.08,0.02,0.04,28.31,77.44,136.37,0.31,2.12,-0.94,4,2
1772043687.304991,1025779,0.01,0.07,0.00,63.44,73.87,267.69,0.75,0.31,1.44,-0.05,-0.01,0.07,27.19,77.31,136.31,1.00,1.44,-0.37,3,2
1772043687.496078,1025970,-0.01,-0.06,0.01,63.88,73.62,267.12,-0.81,0.37,-0.19,-0.05,0.00,0.02,27.06,77.25,136.31,-0.88,-1.00,0.00,2,2
1772043687.685455,1026160,0.00,0.03,0.05,63.38,73.62,267.37,-1.31,1.12,-1.25,-0.03,0.01,0.05,27.37,77.31,136.50,-0.75,-0.06,-0.06,3,3
1772043687.877183,1026351,-0.06,0.05,0.00,63.19,73.62,267.50,-0.81,-0.37,-0.44,-0.01,-0.10,0.07,27.50,77.31,136.50,-1.56,-1.00,0.00,4,4
1772043688.067658,1026542,-0.05,0.04,0.05,62.94,73.75,267.62,-0.37,1.31,0.44,-0.10,0.02,0.09,27.87,77.31,136.69,-0.56,0.06,0.37,4,4
1772043688.259096,1026733,-0.01,0.09,-0.05,63.13,73.87,267.69,1.12,-0.50,0.56,-0.04,-0.07,0.06,27.94,77.25,136.50,-0.19,-0.13,0.13,5,4
1772043688.448480,1026923,-0.01,0.14,0.02,62.88,73.75,267.69,-0.88,1.87,-0.13,-0.07,-0.03,0.02,27.87,77.37,136.56,0.00,-0.37,-0.50,6,3
1772043688.638060,1027112,-0.02,0.12,0.05,62.50,73.56,267.50,-0.19,0.19,1.12,-0.01,-0.03,0.05,27.44,77.50,136.69,-0.62,-1.50,-0.44,7,4
1772043688.829549,1027304,0.07,0.07,0.12,62.38,73.37,267.37,0.31,-0.13,1.62,-0.05,-0.02,0.09,27.19,77.50,136.75,1.12,0.75,0.13,7,4
1772043689.020969,1027495,0.01,0.07,-0.02,63.69,73.50,267.12,0.00,-5.50,0.69,-0.03,-0.05,0.05,26.87,77.44,136.50,1.44,-0.19,0.62,8,4
1772043689.212634,1027687,0.00,0.05,0.05,65.25,73.69,267.00,-1.69,-0.06,-0.06,-0.04,-0.02,0.10,26.87,77.44,136.50,-0.69,-0.94,-0.50,7,4
1772043689.403904,1027878,-0.03,0.08,0.00,65.44,73.69,267.06,0.56,-0.44,0.69,-0.04,0.00,0.05,27.06,77.56,136.44,-0.31,-2.44,0.31,7,4
1772043689.595067,1028070,0.05,0.08,0.07,64.87,73.62,267.12,0.44,0.81,0.44,-0.04,-0.04,0.15,27.06,77.62,136.50,1.12,0.44,0.25,7,3
1772043689.787632,1028262,-0.05,-0.02,0.03,65.19,73.62,266.94,-0.62,-0.69,-0.44,-0.07,-0.06,0.09,27.06,77.62,136.44,-0.44,-0.44,0.37,7,2
1772043689.976469,1028451,0.03,0.09,0.02,65.25,73.87,267.31,0.13,-0.13,-0.44,-0.08,-0.04,0.09,27.06,77.62,136.50,0.13,1.00,0.06,7,2
1772043690.168760,1028643,0.02,-0.05,-0.01,65.50,73.81,267.19,0.37,1.00,0.44,-0.05,-0.03,0.05,26.94,77.56,136.44,0.62,0.19,0.19,7,2
1772043690.360828,1028835,0.02,-0.02,0.12,64.81,73.75,267.25,1.19,0.44,0.25,-0.08,-0.04,0.09,26.87,77.56,136.44,-0.44,-0.88,0.44,6,2
1772043690.552547,1029027,0.04,0.03,0.03,65.06,73.87,267.31,-0.13,-1.00,-1.19,-0.07,-0.06,0.08,27.44,77.56,136.31,0.06,-0.25,1.31,6,1
1772043690.743365,1029218,-0.01,0.02,0.03,65.19,74.06,267.44,0.37,0.31,-0.94,-0.09,-0.05,0.07,28.19,77.56,136.19,-0.37,-0.44,0.06,5,1
1772043690.935243,1029410,0.00,0.07,0.06,64.75,74.12,267.56,0.94,-0.44,-1.19,-0.02,-0.04,0.04,28.62,77.69,136.12,0.75,-0.06,-0.13,5,1
1772043691.127259,1029602,-0.02,0.18,0.03,64.31,74.06,267.37,2.44,2.06,-0.13,-0.06,-0.10,0.07,28.12,77.56,136.00,3.06,2.19,-0.81,5,1
1772043691.319115,1029794,0.00,0.02,0.09,64.06,73.75,266.69,2.06,-2.62,2.56,-0.11,-0.09,0.07,26.87,77.50,135.87,-0.06,0.44,-1.12,6,1
1772043691.511693,1029986,-0.02,0.02,-0.04,65.69,73.50,266.25,-0.56,-0.81,1.00,0.02,0.00,0.16,25.75,77.44,136.06,-0.19,-0.19,-1.19,6,1
1772043691.702923,1030177,-0.06,0.05,0.00,65.44,73.25,266.06,0.19,2.19,-0.37,-0.10,-0.01,0.04,25.12,77.50,136.25,-0.19,-1.19,-0.81,6,1
1772043691.892874,1030367,-0.06,-0.10,0.07,64.31,72.94,265.87,-1.00,-1.31,-0.13,-0.03,0.04,0.00,25.56,77.75,136.37,0.62,-1.44,0.31,6,1
1772043692.083030,1030557,0.00,-0.16,0.07,63.94,73.12,265.94,-0.19,-0.81,0.06,-0.09,-0.02,0.06,26.31,77.75,136.31,-2.87,-2.94,-1.44,6,1
1772043692.275729,1030750,0.02,0.05,0.07,63.88,73.37,266.50,3.19,-1.06,0.31,-0.11,0.01,0.05,26.81,77.81,136.25,-0.75,-1.56,0.56,6,1
1772043692.467485,1030942,0.00,0.14,0.03,63.63,73.44,266.56,-1.62,1.62,-1.44,-0.11,0.00,0.06,26.94,77.94,136.31,0.00,-0.56,-0.50,6,1
1772043692.658699,1031133,-0.01,0.00,0.02,63.50,73.50,266.56,1.44,-0.69,-0.37,-0.07,-0.07,0.08,27.19,78.00,136.19,-0.69,-1.81,0.00,6,1
1772043692.848359,1031323,-0.04,-0.18,0.07,63.06,73.62,266.81,-1.56,1.19,-4.31,-0.08,0.01,0.08,28.12,78.31,136.37,-2.19,-2.31,0.56,7,1
1772043693.037145,1031512,-0.02,0.08,0.00,62.06,74.19,268.00,1.19,-0.62,0.44,-0.06,-0.15,0.14,29.12,78.31,136.37,1.44,1.31,0.44,7,2
1772043693.229710,1031704,0.10,0.19,0.05,62.38,74.19,268.00,-1.19,0.94,2.56,-0.02,-0.08,0.08,27.75,78.00,136.44,0.75,2.75,-0.06,7,2
1772043693.421300,1031895,-0.05,-0.04,-0.02,64.00,73.87,267.25,-1.50,-2.12,1.19,-0.06,-0.06,0.05,27.31,77.75,136.31,-0.37,0.31,0.13,6,2
1772043693.611844,1032086,-0.06,0.07,-0.01,65.06,74.00,267.37,0.06,-0.62,0.50,-0.04,-0.06,0.06,27.25,77.69,136.25,0.06,-0.06,-0.06,6,2
1772043693.801329,1032276,-0.05,-0.02,0.01,64.94,73.81,267.19,-1.31,0.88,1.12,-0.02,-0.02,0.04,27.25,77.75,136.44,-2.00,-2.25,-0.06,5,2
1772043693.991495,1032466,0.00,0.00,0.08,64.25,73.81,267.44,1.25,-0.88,-0.13,-0.05,-0.11,0.04,27.75,77.75,136.37,0.13,0.25,1.19,4,2
1772043694.183125,1032658,0.00,0.06,0.04,64.19,74.06,267.56,-0.31,0.44,-1.37,-0.06,-0.05,0.06,28.75,77.62,136.19,0.31,0.31,1.81,4,2
1772043694.374163,1032848,-0.07,0.05,-0.01,63.88,74.31,267.75,-1.50,0.50,-0.13,-0.06,-0.07,0.05,29.44,77.56,136.19,-3.06,0.25,-0.62,4,2
1772043694.564708,1033039,0.00,0.08,-0.02,63.56,74.31,268.12,0.94,-0.50,-1.75,-0.04,-0.04,0.04,29.56,77.69,136.31,1.44,0.94,-0.44,4,3
1772043694.755407,1033230,0.02,-0.03,0.06,63.25,74.06,267.75,1.37,-0.13,1.56,-0.06,-0.05,0.06,29.06,77.69,136.31,0.19,-0.62,-0.94,3,2
1772043694.946166,1033420,-0.06,0.03,-0.01,63.63,74.00,267.69,-0.06,-0.37,0.50,-0.04,-0.03,0.08,28.75,77.69,136.44,0.00,-0.06,-0.56,4,2
1772043695.136802,1033611,-0.01,0.01,0.00,63.81,73.87,267.69,-1.19,-0.50,0.62,-0.07,-0.05,0.05,28.25,77.81,136.62,-0.69,-0.56,-0.94,3,3
1772043695.326783,1033802,0.00,0.11,0.03,63.88,73.81,267.75,0.88,1.25,0.13,-0.06,-0.04,0.07,28.12,77.87,136.62,1.44,0.50,0.31,3,2
1772043695.517749,1033992,-0.09,0.02,-0.01,64.37,73.69,267.31,0.19,-1.25,0.69,-0.04,-0.07,0.10,27.69,77.87,136.50,0.06,0.00,-0.31,3,3
1772043695.708404,1034183,-0.05,0.06,0.01,64.37,73.69,267.31,-0.62,-0.19,-1.19,-0.02,-0.03,0.11,27.87,77.94,136.50,-0.37,-0.88,0.25,5,4
1772043695.897926,1034372,-0.02,0.12,0.05,63.94,73.81,267.44,0.06,0.13,-0.19,-0.01,-0.09,0.11,28.12,78.06,136.56,-1.69,-1.31,-0.62,5,4
1772043696.089021,1034564,0.06,0.10,0.06,63.75,73.81,267.50,0.13,-0.69,-0.69,-0.04,0.01,0.11,28.37,78.12,136.50,0.75,0.75,0.31,6,4
1772043696.280100,1034754,-0.03,-0.04,0.03,64.25,73.94,267.25,1.00,-1.56,0.00,-0.06,-0.08,0.07,28.44,77.94,136.31,-0.88,-0.37,1.12,6,4
1772043696.470637,1034945,-0.02,0.16,0.01,64.69,74.19,267.69,-1.31,-0.19,-0.25,-0.05,-0.05,0.11,28.75,77.87,136.44,-0.50,1.19,0.31,6,4
1772043696.661191,1035136,0.01,0.00,0.03,64.81,74.12,267.62,-0.56,-0.94,-0.19,-0.07,-0.03,0.08,28.56,77.75,136.44,0.62,0.81,-0.31,6,4
1772043696.850556,1035325,0.01,0.01,0.03,64.81,74.00,267.44,2.37,-1.00,0.81,-0.08,-0.06,0.07,28.31,77.69,136.19,1.44,-1.25,0.44,6,4
1772043697.042676,1035517,-0.06,0.07,0.05,64.56,73.94,267.37,-1.12,1.69,-0.06,-0.04,-0.02,0.06,28.56,77.69,136.19,-0.13,-0.81,-0.37,7,3
1772043697.232837,1035708,0.02,0.01,0.14,63.63,73.87,267.50,0.37,0.06,0.31,-0.06,0.02,0.06,28.62,77.69,136.25,-1.31,-1.00,-0.44,6,4
1772043697.423345,1035898,0.01,0.16,0.11,63.69,73.94,267.69,-0.13,0.19,-1.62,-0.08,-0.01,0.06,28.69,77.69,136.31,0.44,1.31,0.37,6,3
1772043697.614211,1036089,-0.06,0.00,0.02,64.56,73.94,267.50,-0.75,-2.37,0.13,-0.05,-0.06,0.09,28.37,77.50,136.25,-0.13,0.06,0.06,5,2
1772043697.804674,1036279,0.00,0.08,0.06,65.12,74.12,267.62,-0.88,0.37,-1.06,-0.06,-0.07,0.09,28.44,77.50,136.31,-0.19,-0.25,0.37,6,2
1772043697.995746,1036470,-0.04,0.09,0.02,65.12,74.12,267.69,-0.50,-0.62,0.44,-0.03,-0.14,0.04,28.44,77.56,136.31,0.00,-0.37,-0.69,7,3
1772043698.185922,1036661,0.02,0.11,0.12,64.69,74.06,267.69,-0.31,0.75,1.06,-0.04,-0.06,0.09,28.44,77.62,136.31,0.50,0.00,0.06,7,3
1772043698.376752,1036851,0.01,0.06,0.08,64.87,73.94,267.50,-1.31,0.50,0.56,-0.05,-0.08,0.08,28.31,77.62,136.44,-0.62,-0.13,-0.31,8,3
1772043698.567428,1037042,-0.01,0.07,0.06,64.87,73.94,267.50,0.37,0.13,0.44,-0.04,-0.04,0.08,28.37,77.62,136.44,-1.00,-0.19,-0.31,9,4
1772043698.757353,1037232,-0.05,0.16,0.03,65.00,73.87,267.56,-0.44,-1.06,-0.75,-0.04,-0.12,0.06,28.62,77.75,136.50,-0.56,-1.87,0.25,10,4
1772043698.948630,1037423,0.13,0.15,0.15,64.37,73.87,267.69,0.44,0.62,0.94,-0.09,-0.03,0.05,28.81,77.81,136.50,-0.13,-0.31,-0.06,9,4
1772043699.138992,1037614,0.00,0.05,0.11,64.62,73.94,267.56,-0.37,-0.06,0.06,-0.05,-0.05,0.09,28.87,77.81,136.44,0.19,-0.37,0.44,10,4
1772043699.330002,1037804,-0.02,0.10,0.05,65.19,74.06,267.69,-0.94,-1.00,-0.25,-0.04,-0.02,0.10,28.94,77.87,136.44,-0.06,-0.13,-0.25,11,6
1772043699.520471,1037995,-0.02,0.10,0.04,65.69,74.19,267.69,-0.06,-0.44,0.13,0.00,-0.07,0.14,28.94,77.87,136.44,-1.31,-1.87,0.06,11,6
1772043699.710791,1038186,0.03,0.10,0.12,65.25,74.19,267.81,1.19,-0.50,0.56,-0.05,-0.04,0.12,29.00,77.81,136.44,0.13,0.44,0.50,10,5
1772043699.901863,1038377,0.00,0.07,0.02,66.00,74.31,267.75,-1.12,-0.44,0.06,-0.03,-0.05,0.13,29.19,77.81,136.50,-1.19,-0.25,0.13,9,5
1772043700.092368,1038567,-0.06,0.05,0.06,66.06,74.31,267.87,0.13,0.44,0.44,-0.07,-0.05,0.08,29.25,77.81,136.62,-0.25,-0.37,-0.50,9,5
1772043700.282483,1038757,0.06,0.04,0.05,66.00,74.19,267.75,1.44,0.19,1.94,-0.05,-0.02,0.08,28.62,77.87,136.69,1.50,1.50,-0.56,9,5
1772043700.473168,1038948,-0.02,-0.06,0.10,66.19,73.87,267.37,0.50,-1.37,1.94,-0.07,-0.01,0.09,27.50,77.69,136.62,2.25,0.06,-0.50,7,4
1772043700.664172,1039139,-0.02,0.02,0.05,66.94,74.00,267.44,1.00,-0.31,-0.19,-0.05,-0.03,0.12,27.37,77.56,136.50,-0.88,-0.62,1.12,7,4
1772043700.854787,1039330,0.01,0.08,0.08,66.62,74.12,267.56,0.56,0.31,-0.56,-0.07,-0.03,0.13,27.94,77.56,136.37,0.06,0.25,0.31,8,4
1772043701.045576,1039520,-0.02,-0.14,0.06,66.56,74.12,267.37,1.62,1.00,-0.62,-0.09,-0.07,0.09,28.12,77.62,136.37,-1.31,0.06,-0.62,7,4
1772043701.235639,1039710,0.00,0.08,0.07,65.94,74.19,267.69,2.12,-0.31,-0.37,-0.06,-0.05,0.09,28.50,77.62,136.44,0.88,0.56,1.12,6,2
1772043701.427150,1039901,-0.08,0.02,0.04,65.81,74.19,267.62,-1.00,-0.44,-0.25,-0.08,-0.03,0.14,28.75,77.62,136.50,-0.75,-0.19,-0.31,5,2
1772043701.617322,1040092,0.03,0.06,0.06,65.50,74.25,267.87,0.56,-0.56,0.31,-0.08,-0.07,0.09,28.75,77.62,136.50,-0.31,0.25,-0.50,5,2
1772043701.808191,1040283,0.00,0.00,0.02,65.62,74.25,267.87,-0.19,0.69,-0.44,-0.06,-0.02,0.10,28.94,77.75,136.56,0.56,0.56,-0.19,6,2
1772043701.998275,1040473,-0.04,0.00,0.07,65.25,74.19,267.75,1.69,-0.88,1.44,-0.06,-0.04,0.11,28.75,77.69,136.56,0.75,0.06,-0.81,6,1
1772043702.189256,1040664,0.00,0.02,0.05,65.75,74.06,267.62,-0.19,-0.25,0.06,-0.06,-0.04,0.12,28.44,77.75,136.56,-0.25,0.06,-0.06,6,2
1772043702.380105,1040855,0.03,0.06,0.07,65.69,74.06,267.87,-1.62,0.75,-0.31,-0.06,-0.06,0.09,28.50,77.75,136.69,-0.81,-0.06,-0.50,6,2
1772043702.570774,1041045,0.03,0.02,0.01,66.00,74.00,268.06,-0.44,-0.25,1.37,-0.10,0.00,0.06,28.69,77.81,136.81,-0.19,-0.37,-0.19,5,2
1772043702.761195,1041236,0.00,-0.03,0.09,65.81,73.94,267.94,2.31,-0.94,1.25,-0.07,-0.04,0.15,28.56,77.75,136.81,0.25,-0.88,0.00,5,1
1772043702.951940,1041426,-0.11,0.09,-0.06,66.62,74.00,267.87,0.37,0.31,0.37,-0.05,-0.02,0.16,28.56,77.81,136.87,-1.37,-0.56,-0.94,5,2
1772043703.142279,1041617,0.03,0.10,0.10,65.31,73.81,267.94,0.69,-0.69,-0.37,-0.04,-0.03,0.08,28.50,77.94,136.94,1.19,0.00,0.06,5,2
1772043703.333030,1041808,-0.05,0.00,0.03,65.25,73.81,267.69,0.94,1.75,0.69,-0.02,0.00,0.15,28.56,78.00,136.87,-1.00,-1.87,0.06,5,2
1772043703.523225,1041998,0.01,0.07,0.03,64.75,73.81,267.75,1.37,-2.12,1.12,-0.03,-0.06,0.13,28.50,78.06,136.75,1.31,0.75,0.25,5,2
1772043703.714360,1042189,-0.21,0.00,0.04,68.06,74.00,267.12,2.69,-7.12,0.25,-0.06,-0.05,0.18,29.00,78.06,136.62,-0.06,0.00,1.44,5,3
1772043703.904377,1042379,0.01,0.18,0.12,68.37,74.44,267.12,0.31,3.94,-0.94,-0.06,-0.05,0.17,29.37,77.87,136.31,1.69,3.00,1.12,5,3
1772043704.095105,1042570,-0.14,0.04,-0.04,67.37,74.44,267.06,-1.94,-0.88,-0.44,-0.09,0.02,0.10,29.12,77.75,136.31,-0.62,-2.31,-0.75,4,3
1772043704.285540,1042761,-0.05,0.09,0.06,66.00,74.37,267.19,3.50,4.50,2.12,0.03,-0.06,0.16,28.62,77.69,136.37,0.25,0.75,0.13,4,2
1772043704.476935,1042951,-0.05,-0.02,0.06,64.19,74.00,266.81,-1.00,1.19,-0.50,-0.09,-0.01,0.08,29.00,77.81,136.37,-0.37,-0.44,0.06,4,2
1772043704.667757,1043142,0.07,-0.01,0.04,63.88,74.00,267.00,0.37,-0.37,0.06,-0.08,-0.06,0.09,28.94,77.75,136.44,-0.25,-0.56,-0.19,4,3
1772043704.857737,1043333,0.00,0.03,-0.05,64.75,74.12,267.06,-0.06,1.25,0.00,-0.08,0.01,0.04,29.06,77.75,136.44,0.13,-0.06,0.56,4,2
1772043705.048285,1043523,0.05,0.05,0.08,63.44,74.06,267.06,0.25,0.62,0.62,-0.03,-0.03,0.09,29.00,77.69,136.44,-0.56,-0.69,0.00,4,2
1772043705.239006,1043714,0.03,0.03,0.07,64.56,74.12,267.06,1.37,-1.75,0.81,-0.03,-0.07,0.11,29.00,77.56,136.37,-0.69,0.06,0.00,5,2
1772043705.429749,1043904,0.00,0.16,-0.01,64.87,74.19,267.25,1.75,1.37,0.13,-0.09,-0.04,0.15,28.75,77.56,136.37,-0.06,0.31,-0.06,5,2
1772043705.620527,1044095,0.03,-0.01,-0.01,64.94,74.06,267.12,-0.50,0.69,0.44,-0.08,0.03,0.04,28.37,77.81,136.62,-1.25,-1.75,-2.31,5,1
1772043705.810721,1044285,-0.01,-0.25,0.13,64.44,73.69,266.62,1.50,0.31,2.44,-0.05,0.02,0.10,27.75,77.94,136.87,-1.62,-1.25,-2.00,5,1
1772043706.001201,1044476,-0.03,0.00,0.01,65.44,73.56,266.87,-0.75,-1.37,-0.94,-0.07,-0.05,0.08,27.12,78.00,136.94,0.62,0.81,-0.25,5,2
1772043706.192268,1044667,0.00,-0.08,0.10,66.44,73.62,267.56,-11.38,-2.50,-3.12,-0.05,0.06,0.09,27.12,78.31,137.31,-1.62,-2.25,-1.00,5,2
1772043706.382514,1044857,0.02,0.06,0.08,68.12,74.56,269.25,-1.06,-2.00,-2.69,-0.03,0.01,0.12,27.62,78.25,137.06,1.06,1.37,1.25,5,2
1772043706.573013,1045048,0.07,0.07,0.12,69.50,75.00,269.44,0.25,-4.62,0.69,-0.08,-0.03,0.11,28.31,78.12,136.87,0.81,0.56,1.37,5,2
1772043706.763752,1045238,-0.03,0.00,0.02,72.31,75.37,269.56,-2.19,-2.50,-3.06,-0.09,-0.01,0.08,29.44,78.06,136.62,-0.37,-0.19,1.12,4,2
1772043706.953459,1045428,-0.02,0.23,0.00,72.56,76.00,270.69,-3.37,2.69,-2.19,-0.06,0.00,0.16,29.69,78.00,136.56,-0.25,0.00,0.13,4,2
1772043707.144948,1045620,-0.05,0.08,0.11,71.37,76.00,270.69,0.00,1.44,0.00,-0.08,0.01,0.12,29.75,78.06,136.75,-1.50,0.56,-0.56,4,2
1772043707.336016,1045811,-0.02,-0.04,0.09,70.37,75.87,270.50,1.50,-1.00,-0.19,-0.07,-0.11,0.14,29.25,77.87,136.75,0.06,1.00,0.19,5,2
1772043707.526701,1046001,-0.08,0.02,0.03,70.94,75.81,270.37,-1.31,0.00,-0.25,-0.06,-0.02,0.14,29.31,77.87,136.81,0.19,0.19,-0.19,6,3
1772043707.716435,1046191,0.02,0.01,0.06,70.94,75.81,270.37,0.00,-0.44,1.37,-0.05,-0.09,0.13,29.00,77.94,136.87,-0.56,-1.00,-0.94,6,3
1772043707.906212,1046381,0.02,0.07,0.12,70.44,75.56,270.19,0.94,2.06,1.62,-0.06,-0.01,0.12,28.87,78.00,136.94,0.44,0.50,0.19,6,3
1772043708.098019,1046573,-0.03,0.03,0.03,69.94,75.31,269.75,0.75,0.88,1.12,-0.05,-0.04,0.17,28.87,78.00,136.94,-0.44,-0.44,0.19,7,3
1772043708.289278,1046764,-0.02,0.06,0.02,68.87,75.19,269.69,0.44,2.62,-0.06,-0.04,-0.05,0.15,28.94,78.00,136.94,-0.62,-0.44,-0.19,7,3
1772043708.479803,1046955,0.02,0.03,0.09,67.06,75.00,269.69,0.56,2.00,0.44,-0.07,-0.02,0.10,29.31,78.12,137.06,-0.37,-1.62,0.37,7,3
1772043708.669374,1047144,0.00,0.11,0.05,65.87,75.00,269.75,1.87,1.19,1.37,-0.02,-0.08,0.17,29.25,78.06,137.00,0.62,1.12,0.37,7,3
1772043708.859745,1047334,-0.04,-0.02,-0.05,63.94,74.75,269.44,1.87,2.44,-1.31,-0.08,-0.07,0.16,29.56,78.06,136.87,0.88,-0.06,1.00,7,3
1772043709.051291,1047526,0.05,0.15,0.12,57.56,74.50,269.69,4.06,11.38,-2.31,-0.10,-0.02,0.12,30.06,78.12,136.87,-0.94,-1.44,-0.81,7,4
1772043709.242202,1047717,0.00,0.07,0.12,52.94,74.00,269.62,2.06,3.75,0.75,-0.04,-0.01,0.10,30.31,78.25,136.87,-0.25,-1.69,0.44,7,4
1772043709.432945,1047908,0.06,0.02,0.18,51.19,73.69,269.56,0.37,0.94,0.50,-0.03,-0.04,0.15,30.37,78.25,136.87,0.06,0.44,0.31,6,3
1772043709.622580,1048097,0.00,-0.06,0.10,52.13,73.81,269.44,-1.25,-2.37,0.69,-0.06,0.00,0.15,30.31,78.12,136.94,-1.31,0.56,0.19,5,2
1772043709.812317,1048287,0.00,0.06,0.02,54.31,74.19,269.69,-1.37,-4.62,-0.19,-0.04,-0.11,0.13,30.12,77.94,136.94,0.44,0.69,0.31,5,4
1772043710.004146,1048479,0.28,0.54,0.74,55.19,73.94,269.06,4.87,0.00,9.63,-0.26,-0.15,-0.10,26.37,76.69,136.75,6.00,13.25,-2.50,4,4
1772043710.195841,1048670,-0.23,-0.14,-0.14,65.31,73.50,266.37,-0.06,-6.56,7.00,-0.11,-0.13,0.42,21.37,75.31,136.37,-0.62,8.63,1.12,4,4
1772043710.386714,1048861,0.02,-0.03,-0.32,71.31,73.62,266.06,-7.75,-14.13,-0.06,-0.06,0.03,0.27,19.87,73.50,136.19,0.69,1.62,-0.50,4,3
1772043710.576109,1049051,-0.21,0.03,-0.15,79.06,73.69,266.12,-1.75,-1.94,4.31,-0.03,-0.06,0.12,20.00,73.69,135.94,-0.44,-10.19,0.50,6,5
1772043710.765749,1049240,-0.20,-0.05,0.17,80.31,73.62,266.00,-3.00,3.81,-3.44,0.03,-0.04,-0.09,23.12,74.81,135.75,-4.12,-4.06,1.25,7,5
1772043710.958123,1049433,0.06,0.17,0.43,76.00,74.44,267.75,-4.25,-8.88,-3.50,0.14,0.05,-0.30,26.37,75.87,135.75,-1.50,-8.44,2.00,7,5
1772043711.148982,1049624,0.05,0.10,0.03,76.94,75.37,268.69,-1.06,3.37,-5.31,-0.11,-0.06,0.00,28.25,75.50,135.81,-4.37,0.62,1.69,7,4
1772043711.339579,1049815,0.05,0.15,0.00,74.81,76.12,269.69,0.44,4.25,-4.00,-0.05,-0.01,0.16,29.00,75.25,135.94,-0.69,3.62,0.88,9,6
1772043711.529477,1050004,-0.10,0.12,-0.11,73.81,76.25,269.87,1.12,-0.19,2.62,0.00,-0.13,0.06,28.44,75.12,136.06,-0.19,-0.62,-0.94,9,6
1772043711.718681,1050193,-0.16,-0.07,-0.01,72.00,75.87,269.19,5.12,1.75,0.88,-0.07,0.01,0.08,27.81,75.00,135.94,0.13,2.50,-0.56,9,4
1772043711.911336,1050386,-0.12,-0.02,0.13,69.87,75.50,268.56,1.69,-0.13,1.31,-0.05,-0.02,-0.11,27.62,75.06,135.94,-0.31,-0.88,-0.75,10,4
1772043712.102424,1050577,0.03,0.11,0.06,68.50,75.25,268.69,-0.13,1.62,0.25,-0.03,-0.03,0.03,27.44,75.06,136.12,0.75,-0.13,0.06,10,5
1772043712.293340,1050768,-0.02,-0.04,-0.04,68.69,75.19,268.50,1.00,-0.56,2.12,-0.05,0.00,0.00,27.25,75.12,136.00,0.37,-1.12,-0.69,10,5
1772043712.483797,1050958,-0.01,-0.03,0.10,69.00,74.87,268.25,-0.56,-0.50,2.50,-0.08,-0.03,0.09,26.12,75.25,136.37,-0.94,0.50,-1.75,8,4
1772043712.676768,1051152,-0.03,0.00,0.04,69.81,74.69,268.06,-0.69,0.44,0.00,-0.05,0.00,0.01,25.75,75.44,136.62,0.06,-0.75,-0.44,8,3
1772043712.869519,1051344,-0.05,-0.06,0.13,69.62,74.56,268.00,-1.06,2.25,1.69,-0.12,-0.04,0.10,25.06,75.50,137.06,-1.69,0.13,-2.62,8,4
1772043713.060406,1051536,0.00,0.02,0.01,69.69,74.37,268.37,-0.37,-1.06,-1.75,-0.09,0.01,0.07,24.81,75.75,137.31,0.75,0.31,0.00,7,4
1772043713.251771,1051727,-0.09,-0.14,0.02,69.69,74.37,268.19,2.31,0.06,0.00,-0.07,0.02,0.00,24.87,75.69,137.19,-0.50,0.31,0.13,6,3
1772043713.443756,1051918,-0.03,-0.02,0.10,69.31,74.44,268.19,0.37,-0.88,-1.50,-0.06,-0.03,-0.01,25.25,75.69,137.19,-0.69,-0.13,0.75,7,2
1772043713.634757,1052109,0.02,0.04,0.03,69.19,74.56,268.37,-0.13,-0.69,0.06,-0.05,-0.08,0.00,25.81,75.75,137.31,-0.19,-0.44,-0.19,6,3
1772043713.824237,1052299,-0.05,0.08,0.06,69.06,74.56,268.37,0.25,1.19,1.87,-0.04,-0.01,0.09,25.69,75.81,137.37,0.44,0.19,-0.31,7,3
1772043714.015627,1052490,-0.09,-0.04,-0.01,70.31,74.06,267.31,5.62,-2.06,5.19,-0.06,-0.06,0.05,25.81,75.87,137.37,-0.19,0.25,0.37,7,2
1772043714.207328,1052682,-0.03,-0.02,0.08,69.87,73.81,266.87,-2.12,1.25,-1.75,-0.04,0.00,0.06,26.00,75.94,137.44,-1.12,-0.94,-0.31,7,2
1772043714.399224,1052874,0.01,0.05,0.04,69.44,74.06,267.44,-0.31,-1.12,-1.06,0.00,-0.05,0.04,26.56,76.06,137.37,-0.13,-2.50,0.88,7,2
1772043714.588626,1053064,0.02,0.15,0.09,69.25,74.19,267.62,-0.81,2.12,0.62,0.01,-0.09,0.10,26.37,76.06,137.31,0.56,1.62,-0.19,7,2
1772043714.779883,1053255,0.05,-0.04,0.11,69.37,74.12,267.44,-0.44,-0.56,-0.50,-0.02,-0.02,0.00,26.50,76.12,137.31,-0.69,-0.94,0.06,7,2
1772043714.974485,1053450,0.01,0.05,0.04,69.87,74.25,267.62,0.44,-0.62,-0.19,-0.04,0.01,0.06,26.50,76.12,137.31,0.31,0.13,0.19,7,2
1772043715.164551,1053639,-0.01,-0.14,0.04,70.44,74.31,267.56,0.00,-0.44,-0.69,-0.07,0.07,0.03,26.87,76.25,137.37,-0.62,-2.00,0.31,7,2
1772043715.354355,1053829,0.04,0.00,0.11,69.62,74.56,267.94,0.44,0.19,-1.87,-0.03,-0.03,0.03,28.19,76.37,137.37,-1.69,-2.19,1.37,5,2
1772043715.546735,1054021,0.04,0.11,0.11,70.37,75.00,268.37,-1.25,-3.25,-1.12,-0.04,-0.04,0.02,29.31,76.37,137.12,-0.50,-0.19,0.94,5,2
1772043715.738134,1054213,0.00,0.10,0.02,71.50,75.19,268.50,0.00,0.94,0.25,-0.07,-0.06,0.05,29.31,76.25,137.12,0.88,1.00,-0.44,4,2
1772043715.929221,1054404,-0.01,0.10,0.07,71.00,75.06,268.44,0.31,1.31,-0.06,-0.08,0.02,0.04,28.31,76.25,137.12,1.56,1.06,-1.06,5,1
1772043716.120302,1054595,-0.05,-0.09,0.07,70.87,74.81,268.00,1.31,-0.81,1.44,-0.09,-0.02,0.08,27.56,76.12,137.06,0.19,0.62,-0.50,5,2
1772043716.311042,1054786,-0.05,-0.02,0.02,71.94,74.81,267.94,-0.56,-1.75,-0.62,-0.06,-0.01,0.01,27.50,76.06,137.06,-0.56,0.00,0.00,5,2
1772043716.501412,1054977,0.00,0.07,0.07,71.25,74.81,268.06,0.13,1.06,0.37,0.07,-0.11,0.09,27.56,76.06,137.12,-0.44,-0.62,-0.13,6,3
1772043716.691784,1055167,0.03,0.11,0.16,70.31,74.75,268.12,0.62,1.00,0.88,-0.03,0.00,0.01,27.75,76.12,137.12,-0.31,0.13,0.37,5,3
1772043716.882611,1055358,0.06,0.00,0.12,70.06,74.69,268.00,-0.75,1.25,-0.50,-0.04,-0.05,0.09,27.87,76.12,137.25,-0.75,0.06,0.44,5,2
1772043717.073169,1055548,-0.04,0.08,0.03,70.37,74.81,268.12,0.69,0.06,0.62,-0.06,-0.08,0.05,27.87,76.12,137.25,-0.19,0.31,-0.19,5,2
1772043717.263418,1055739,0.04,-0.05,0.07,70.06,74.75,268.12,0.31,0.81,0.69,-0.07,0.01,0.01,27.87,76.19,137.31,0.13,0.31,-0.06,5,2
1772043717.454479,1055929,0.00,0.00,0.10,69.94,74.69,268.06,1.62,-0.44,1.31,-0.05,-0.05,0.10,27.56,76.06,137.25,0.62,0.44,-0.31,5,2
1772043717.645102,1056120,-0.01,-0.02,0.07,70.12,74.62,267.87,0.06,-0.25,-0.13,-0.10,-0.05,0.06,27.56,76.06,137.25,-0.25,0.06,-0.06,5,2
1772043717.835320,1056311,0.02,0.03,0.10,69.94,74.69,268.00,0.25,1.25,0.00,-0.08,-0.04,0.04,27.56,76.06,137.25,-0.50,-0.44,0.25,5,2
1772043718.026124,1056501,0.02,-0.03,0.11,69.69,74.62,268.00,-0.13,1.00,-0.13,-0.07,-0.01,0.07,27.81,76.19,137.31,0.44,0.31,-0.06,6,2
1772043718.216734,1056692,0.00,-0.04,0.11,69.25,74.56,267.94,1.25,-0.19,1.06,-0.09,-0.05,0.10,27.75,76.12,137.31,0.06,-0.25,-0.25,5,2
1772043718.407580,1056883,-0.05,0.03,0.05,69.87,74.56,267.94,0.25,-0.50,0.00,-0.07,-0.05,0.12,27.75,76.12,137.31,-0.06,-0.13,-0.06,5,2
1772043718.597891,1057073,-0.01,0.00,0.09,69.56,74.56,268.00,0.44,0.94,0.31,-0.07,-0.04,0.12,27.69,76.19,137.37,0.19,-0.06,-0.37,5,2
1772043718.788806,1057264,-0.05,0.00,0.11,69.44,74.50,267.94,0.19,0.19,0.88,-0.04,-0.01,0.01,27.81,76.25,137.37,-0.69,-1.25,0.00,6,2
1772043718.979167,1057454,0.01,0.01,0.15,69.12,74.44,267.94,1.50,-1.00,1.50,-0.07,-0.06,0.11,27.62,76.19,137.37,0.44,1.00,0.00,6,2
1772043719.170137,1057645,-0.01,0.00,0.09,69.94,74.44,267.87,-0.25,-0.37,-0.13,-0.08,-0.03,0.09,27.69,76.19,137.37,-0.62,-0.37,0.75,6,2
1772043719.361092,1057836,-0.03,-0.06,0.16,69.69,74.62,268.12,-1.19,-1.44,-2.31,-0.09,-0.03,0.08,29.00,76.00,137.25,-1.56,-0.44,1.94,6,2
1772043719.551266,1058026,0.01,0.08,0.12,70.81,75.25,268.94,-2.37,-2.25,-1.12,-0.06,-0.04,0.19,30.06,75.81,137.25,-0.44,1.31,0.75,7,3
1772043719.742079,1058217,-0.05,0.10,0.08,72.31,75.56,269.25,-0.37,0.31,-0.75,-0.06,-0.03,0.13,30.25,75.62,137.19,-0.25,1.31,0.94,7,2
1772043719.931614,1058407,0.02,0.13,0.05,72.00,75.81,269.19,4.44,-3.12,-5.62,-0.16,-0.12,-0.03,31.81,75.31,136.25,4.81,0.75,4.25,6,2
1772043720.121842,1058597,0.05,0.00,0.05,71.19,76.37,269.50,-6.81,1.62,1.75,-0.09,0.02,0.08,31.81,75.31,136.37,-2.19,-0.94,-4.31,6,2
1772043720.313088,1058788,0.10,0.24,0.09,72.00,75.81,270.12,-7.69,1.69,6.06,-0.06,0.03,0.15,28.44,75.69,137.75,-2.25,1.87,-5.06,7,2
1772043720.503707,1058979,-0.06,-0.17,0.04,73.50,74.75,269.25,3.62,0.56,2.00,-0.02,0.04,0.09,26.62,75.81,137.94,2.37,2.06,-0.69,6,2
1772043720.694888,1059170,0.03,-0.14,0.13,72.31,74.25,268.62,1.81,-1.37,2.37,-0.05,0.03,0.09,25.69,75.81,138.06,0.37,-0.25,-0.50,6,1
1772043720.885020,1059360,-0.06,-0.02,0.04,72.69,74.12,268.31,1.75,-0.94,-0.56,-0.05,-0.02,0.06,25.94,75.69,137.94,-0.50,-0.06,1.19,6,1
1772043721.075999,1059551,0.01,0.05,0.08,72.31,74.31,268.44,0.19,-0.94,-1.31,-0.05,-0.04,0.09,27.00,75.62,137.81,-0.62,0.19,0.81,7,2
1772043721.266906,1059742,-0.03,0.11,0.01,72.25,74.44,268.62,0.62,0.00,-0.44,0.00,-0.08,0.09,27.31,75.62,137.75,-1.00,-2.37,0.25,7,2
1772043721.457253,1059933,0.05,0.01,0.08,71.94,74.56,268.69,0.25,-0.62,0.06,-0.14,0.01,0.18,27.37,75.69,137.69,0.50,0.25,0.00,7,2
1772043721.648427,1060123,-0.13,-0.19,0.15,80.31,75.06,267.37,8.13,-18.00,3.31,-0.04,-0.09,-0.04,28.31,75.62,137.31,-0.19,-2.62,1.62,7,2
1772043721.838819,1060314,-0.09,0.15,-0.03,84.87,75.44,267.50,-5.75,4.25,-4.12,-0.03,0.00,0.14,28.87,75.69,137.31,-0.44,-0.06,0.00,7,3
1772043722.029498,1060505,-0.10,0.01,-0.01,83.31,75.87,268.50,0.75,2.75,-2.37,-0.03,-0.16,0.09,28.87,75.62,137.31,-0.50,-0.62,0.06,7,3
1772043722.219884,1060695,0.00,0.17,0.09,80.00,76.25,269.31,-0.19,4.81,-1.12,-0.06,-0.06,0.16,29.12,75.69,137.37,1.00,0.62,0.56,7,3
1772043722.410291,1060885,-0.11,0.06,-0.05,79.31,76.19,269.12,1.50,-1.81,0.75,-0.13,0.00,0.00,29.00,75.69,137.37,0.13,-0.62,0.06,7,3
1772043722.601195,1061076,0.17,0.00,0.15,75.62,76.00,268.75,3.56,5.94,0.31,-0.04,-0.06,0.11,28.81,75.62,137.37,-0.19,-0.88,-1.19,8,4
1772043722.791344,1061267,0.00,0.02,0.13,75.50,75.56,268.62,-5.25,-1.19,4.00,0.01,0.00,-0.02,28.06,75.94,137.69,0.94,0.13,-1.25,8,4
1772043722.982246,1061458,0.05,-0.03,0.12,75.62,75.31,268.69,-0.13,3.25,0.56,-0.02,-0.03,0.12,27.69,75.87,137.62,1.00,1.19,0.25,7,4
1772043723.173365,1061648,-0.10,-0.01,-0.02,76.56,75.19,268.56,-0.94,-2.44,-0.56,-0.08,0.01,0.06,27.62,75.87,137.62,-0.56,-0.25,0.25,6,3
1772043723.363613,1061839,-0.09,-0.04,-0.06,76.62,75.37,268.87,-1.06,2.31,-2.19,-0.04,-0.05,0.00,27.69,75.87,137.62,0.37,0.44,0.19,6,3
1772043723.554340,1062030,0.34,0.13,0.26,71.37,75.75,270.81,-7.94,5.06,-2.37,-0.17,0.00,0.00,27.69,75.81,137.69,-0.94,-2.25,0.06,5,3
1772043723.744420,1062220,0.60,0.12,0.22,74.69,75.56,271.62,2.00,-1.69,1.19,-0.01,-0.04,0.13,28.00,75.81,137.50,1.56,1.50,-0.25,5,3
1772043723.935143,1062410,-0.80,0.13,-0.27,80.06,76.19,270.12,15.13,8.75,-7.62,-0.19,-0.01,0.26,27.25,75.62,137.37,0.25,5.00,0.25,4,3
1772043724.126141,1062601,0.17,0.05,0.04,73.12,76.12,269.94,-2.19,2.25,2.50,-0.12,-0.01,0.11,26.75,75.50,137.37,-0.06,0.06,-1.12,5,2
1772043724.316250,1062792,-0.13,0.00,-0.04,73.31,75.81,269.62,-0.62,0.19,2.00,-0.07,0.04,0.05,26.31,75.56,137.50,0.06,0.06,-0.50,5,3
1772043724.507469,1062983,-0.13,0.11,-0.08,74.12,75.62,269.37,2.81,-2.56,-0.19,-0.21,0.04,0.03,26.31,75.56,137.31,7.62,-0.19,1.75,4,2
1772043724.697880,1063173,-0.39,-0.03,0.00,71.62,75.44,268.81,0.06,6.44,0.94,-0.11,0.00,0.11,25.62,75.37,137.00,-2.00,-1.69,-2.37,5,1
1772043724.888333,1063364,-0.12,0.00,-0.13,71.62,75.06,268.87,3.37,-8.94,1.81,-0.04,0.05,0.09,25.00,75.44,137.19,0.25,2.37,-0.69,5,2
1772043725.078962,1063554,0.15,0.58,0.13,73.25,74.62,270.31,-11.13,2.75,2.06,-0.04,0.01,0.10,24.25,75.44,137.44,-2.12,-0.94,0.69,5,2
1772043725.269074,1063745,0.00,-0.10,0.10,70.94,74.75,269.31,8.31,2.62,0.88,0.00,-0.04,0.12,25.00,75.37,137.31,0.44,1.62,0.31,6,2
1772043725.460653,1063936,-0.13,0.09,-0.06,73.25,74.50,268.56,-1.62,-5.94,-0.44,-0.05,0.00,0.06,25.19,75.44,137.37,-2.37,-0.69,0.94,7,2
1772043725.651274,1064126,0.00,0.00,0.06,74.56,74.87,269.00,-2.31,0.44,-2.37,-0.02,-0.02,0.12,26.50,75.37,137.37,-1.56,-0.50,-0.31,7,2
1772043725.841990,1064317,-0.01,0.10,-0.01,74.56,75.12,269.56,-0.50,-0.81,0.25,-0.10,-0.06,0.07,26.37,75.37,137.50,0.37,0.44,-0.19,8,2
1772043726.032421,1064508,-0.02,0.00,0.09,74.75,75.06,269.37,-0.50,0.88,-0.25,-0.06,-0.05,0.12,26.44,75.44,137.50,0.19,0.13,0.62,8,2
1772043726.223013,1064698,0.00,0.08,0.03,75.31,75.19,269.50,-1.00,-0.88,0.62,-0.07,-0.03,0.05,26.44,75.44,137.50,-0.31,-0.69,0.00,7,2
1772043726.413856,1064889,0.00,-0.09,0.05,75.62,75.12,269.50,-2.69,-0.62,-0.13,-0.06,-0.03,0.09,26.81,75.56,137.56,-1.75,-2.12,-0.62,8,4
1772043726.604411,1065079,-0.07,0.04,-0.10,76.37,75.25,270.00,-1.37,3.81,-1.12,0.00,-0.17,0.11,26.50,75.75,137.81,-0.31,-0.13,-1.25,7,4
1772043726.794539,1065270,0.02,-0.01,0.10,74.69,74.87,269.94,3.44,-1.25,1.06,-0.07,0.03,0.00,26.06,75.87,137.94,0.56,0.62,0.50,7,4
1772043726.985603,1065461,-0.09,-0.04,0.02,74.56,74.75,269.44,0.06,1.00,-1.25,-0.03,-0.02,0.09,26.50,75.75,137.81,-1.06,-0.75,1.06,6,4
1772043727.176368,1065651,0.07,0.03,0.09,73.44,75.00,269.75,-0.62,-0.94,-0.31,-0.05,-0.08,0.06,26.94,75.69,137.75,-0.88,-0.50,-0.31,6,4
1772043727.366698,1065842,-0.01,0.08,0.00,73.94,75.00,269.81,0.25,-0.31,1.06,-0.10,-0.01,-0.03,26.94,75.81,137.81,0.19,-1.12,0.13,6,4
1772043727.557220,1066033,0.01,0.02,0.08,73.81,74.94,269.75,0.94,-0.94,1.56,-0.06,-0.04,0.13,26.75,75.75,137.75,0.50,0.25,-0.31,5,4
1772043727.747768,1066223,0.00,0.00,-0.01,74.31,74.81,269.56,0.25,0.88,0.31,-0.06,-0.03,0.09,26.81,75.75,137.75,-0.75,-0.13,0.44,5,3
1772043727.938355,1066414,0.02,0.03,0.05,74.19,74.81,269.56,0.19,1.12,-0.50,-0.10,-0.07,0.09,26.94,75.75,137.81,-0.13,0.31,-0.13,5,4
1772043728.129185,1066605,-0.02,0.01,0.01,74.62,74.81,269.50,0.37,-0.50,-0.31,-0.05,-0.02,0.08,27.12,75.87,137.81,0.13,0.19,-0.37,5,3
1772043728.319867,1066795,-0.23,0.05,-0.04,73.94,74.75,269.44,2.37,1.06,-0.81,-0.05,0.00,0.13,27.06,75.81,137.75,1.31,0.94,0.25,4,2
1772043728.510606,1066986,0.00,-0.05,0.10,72.19,74.62,269.31,-0.50,-3.50,0.13,-0.06,0.00,0.03,27.12,75.87,137.81,-0.62,-1.06,-0.56,5,2
1772043728.701020,1067176,0.03,0.06,0.05,72.69,74.75,269.56,1.50,1.44,-0.31,0.00,-0.03,0.18,27.12,75.94,137.81,0.13,-0.44,0.44,5,2
1772043728.891359,1067367,-0.04,0.09,0.10,73.00,74.81,269.44,-1.19,-1.25,-1.69,-0.08,0.00,0.08,27.25,75.94,137.81,-0.19,-0.25,-0.19,5,2
1772043729.081815,1067557,0.02,-0.02,0.08,73.31,74.81,269.44,0.69,-0.81,0.00,-0.06,-0.05,0.14,27.12,75.87,137.81,0.00,0.25,0.13,5,1
1772043729.273228,1067748,-0.02,0.04,0.00,73.75,74.87,269.44,-0.88,0.06,-0.44,-0.07,-0.03,0.06,27.12,75.87,137.81,-0.44,-0.13,-0.37,5,2
1772043729.463644,1067939,0.00,0.03,0.04,73.69,74.75,269.37,0.13,-0.50,0.44,0.01,-0.08,0.11,27.12,75.87,137.81,0.44,0.31,-0.25,4,2
1772043729.654722,1068130,-0.03,0.05,0.06,73.69,74.75,269.44,-1.06,0.31,-1.56,-0.09,0.01,0.09,27.31,76.00,137.81,-0.06,-0.56,-0.25,4,2
1772043729.844584,1068320,-0.58,0.10,-0.16,73.12,74.87,269.31,10.69,5.44,-9.19,-0.08,-0.02,0.16,27.31,76.00,137.81,-0.31,-0.19,-0.06,4,2
1772043730.034381,1068510,0.12,-0.02,0.10,71.50,75.12,269.31,0.50,-3.69,0.00,-0.08,-0.05,0.12,27.50,76.00,137.87,-0.06,-0.94,-0.06,5,2
1772043730.225910,1068701,-0.03,0.01,-0.01,74.87,75.12,268.94,1.62,-0.81,1.44,-0.05,-0.06,0.09,27.44,76.06,137.87,0.81,1.31,-0.13,5,2
1772043730.416819,1068892,-0.08,0.17,0.01,75.12,74.50,268.62,-1.94,0.25,4.06,0.00,-0.01,0.14,27.50,76.06,137.81,-0.56,-1.94,0.56,4,3
1772043730.607544,1069083,0.01,0.02,0.08,75.75,74.00,267.94,2.69,-0.19,2.69,-0.06,-0.06,0.15,27.25,76.00,137.75,0.75,0.62,0.25,4,2
1772043730.798790,1069274,0.00,-0.01,0.06,75.44,73.87,267.56,-0.75,-0.69,-0.69,-0.06,-0.03,0.16,27.25,75.94,137.69,-0.69,-0.06,0.56,4,2
1772043730.988124,1069463,-0.38,0.11,-0.11,77.12,74.00,268.06,-5.75,-6.00,2.25,-0.08,0.00,0.16,27.50,76.00,137.75,-0.62,0.50,-0.37,4,4
1772043731.179710,1069655,-0.13,0.06,-0.07,78.00,74.06,268.37,-0.19,1.19,-1.62,0.00,-0.08,0.14,27.50,75.94,137.75,-1.56,-1.06,-0.13,3,4
1772043731.370524,1069846,0.09,0.11,0.10,75.12,74.31,269.00,0.81,2.19,-0.06,-0.10,-0.03,0.06,27.56,75.94,137.81,-0.56,-0.75,0.06,4,4
1772043731.561298,1070037,-0.02,-0.05,0.12,73.81,74.25,269.12,-2.50,3.25,-1.62,-0.02,-0.10,0.12,27.69,75.94,137.81,0.62,2.37,0.06,4,4
1772043731.751042,1070226,0.17,0.42,0.14,72.06,75.25,272.00,-11.19,0.69,-5.25,-0.06,0.09,0.09,27.37,76.00,138.00,-1.19,-0.50,1.00,5,5
1772043731.940638,1070416,-0.06,-0.10,0.07,73.06,75.50,271.94,5.31,-2.31,1.81,-0.05,-0.09,0.14,27.87,75.81,137.75,0.31,1.12,-0.31,5,5
1772043732.132480,1070608,-0.02,0.12,0.05,73.56,75.44,271.75,-0.75,-1.12,0.19,-0.02,-0.03,0.01,28.06,75.87,137.81,0.31,0.31,0.56,5,5
1772043732.323678,1070799,-0.01,0.01,0.04,73.87,75.44,271.44,0.62,-0.75,0.81,-0.07,-0.02,0.09,28.00,75.75,137.81,-0.56,-0.19,-0.31,6,5
1772043732.514824,1070990,-0.15,-0.05,-0.07,75.87,75.25,270.69,-1.50,-0.88,0.69,-0.07,-0.05,0.07,28.00,75.75,137.75,0.06,-0.13,-0.56,6,5
1772043732.704930,1071181,-0.02,0.03,0.04,75.50,75.19,270.81,0.25,0.31,0.06,-0.08,-0.03,0.10,27.81,75.75,137.75,0.19,0.37,0.00,6,4
1772043732.894629,1071370,-0.03,0.00,0.04,75.44,75.25,270.81,-0.06,0.13,-1.37,-0.05,0.00,0.02,28.06,75.81,137.81,0.19,-0.13,-0.31,7,3
1772043733.086548,1071562,0.00,-0.07,0.10,75.00,75.12,270.62,1.25,-1.87,1.00,-0.07,0.00,0.07,27.94,75.75,137.81,0.69,0.13,0.00,7,3
1772043733.278468,1071754,0.00,0.02,0.07,75.87,75.06,270.44,-0.31,-1.81,0.37,-0.06,-0.01,0.08,27.94,75.75,137.81,0.37,-0.31,0.19,8,3
1772043733.468421,1071944,-0.10,-0.22,0.04,78.44,74.00,267.50,29.19,-10.75,16.81,-0.03,-0.19,0.11,29.00,75.56,137.62,3.00,2.06,2.69,9,4
1772043733.658921,1072134,-0.12,0.03,-0.05,79.56,72.56,263.56,-4.81,1.31,-2.12,-0.02,0.04,0.18,27.87,75.62,137.62,-2.25,-3.44,-1.75,8,2
1772043733.848099,1072324,0.00,-0.05,0.11,79.12,72.37,263.56,6.06,-1.12,1.25,-0.09,0.03,0.03,27.50,75.69,137.50,2.19,-0.44,-0.56,8,2
1772043734.039872,1072515,0.03,-0.03,0.12,79.25,72.00,262.81,-0.56,-2.69,2.25,-0.03,0.00,-0.01,27.12,75.81,137.50,0.25,-1.06,0.37,8,2
1772043734.231717,1072707,0.01,0.04,0.03,80.81,72.12,263.00,-2.81,-1.62,-1.00,-0.05,-0.01,0.11,27.06,75.75,137.44,-0.50,-0.06,0.37,8,2
1772043734.421915,1072897,0.30,-0.16,0.31,82.19,72.44,263.81,-7.94,-2.87,-1.62,-0.07,0.00,-0.13,26.87,75.69,137.50,-1.62,-2.94,-1.56,8,2
1772043734.610691,1073087,0.18,0.33,0.20,88.12,72.69,264.56,1.25,-4.25,1.12,0.00,0.00,0.10,27.06,75.75,137.81,1.44,1.87,0.31,8,2
1772043734.800483,1073276,-0.41,0.01,-0.22,93.94,72.31,263.62,-3.75,-3.06,-1.50,-0.05,-0.03,0.11,26.44,75.50,137.69,-0.81,1.81,0.06,8,2
1772043734.992937,1073468,-0.06,0.12,-0.06,93.25,72.56,264.44,0.44,1.00,-1.12,-0.04,-0.04,0.05,26.56,75.44,137.62,0.13,-1.00,0.00,8,2
1772043735.185124,1073660,-0.06,-0.05,0.04,90.25,72.69,264.25,3.69,8.25,-2.44,-0.04,-0.06,0.17,26.44,75.50,137.75,-0.69,-3.00,-1.25,8,2
1772043735.376314,1073852,-0.14,0.09,0.10,86.37,72.94,264.75,1.06,4.56,-2.00,-0.03,0.00,-0.09,26.87,75.87,138.00,-0.25,-0.88,-0.81,7,1
1772043735.565567,1074041,0.28,0.05,0.31,81.31,73.44,265.62,1.62,6.25,-3.00,-0.08,-0.03,0.14,26.87,75.75,137.94,-0.25,-0.31,1.06,6,1
1772043735.757500,1074233,-0.08,0.02,-0.01,80.94,73.56,265.69,-0.44,0.00,-0.56,-0.04,-0.05,0.00,27.12,75.75,138.00,-0.13,-0.56,0.25,7,1
1772043735.949916,1074425,0.02,0.04,0.04,80.62,73.56,265.75,-0.06,-0.25,0.37,-0.06,-0.05,-0.01,27.19,75.75,138.00,0.13,0.13,-0.19,7,2
1772043736.141555,1074617,0.08,-0.05,0.08,80.00,73.50,265.75,0.88,3.44,0.69,-0.07,-0.03,0.00,27.37,75.81,137.94,0.31,-1.87,0.06,7,1
1772043736.332693,1074808,0.02,0.04,0.07,79.31,73.50,265.94,-0.69,1.37,0.69,-0.03,-0.08,0.07,27.25,75.75,138.00,0.19,0.37,0.69,6,1
1772043736.524221,1075000,-0.01,0.00,0.02,79.87,73.56,266.00,-1.69,-1.62,0.06,-0.08,-0.06,0.07,27.19,75.69,138.00,-0.06,0.62,0.44,5,1
1772043736.715621,1075191,0.00,0.03,-0.02,80.37,73.69,266.19,-0.37,0.37,-0.19,-0.08,-0.04,0.10,27.12,75.69,138.00,-0.50,-0.19,-0.50,4,2
1772043736.905814,1075381,0.00,0.03,0.02,79.94,73.62,266.25,-0.62,1.62,0.69,-0.05,-0.15,0.01,26.69,75.81,138.19,-0.25,-1.62,-1.06,4,3
1772043737.097221,1075573,-0.02,0.05,0.05,78.94,73.62,266.25,0.31,1.56,0.56,-0.03,-0.07,0.06,26.81,75.94,138.12,0.44,-0.50,-0.44,4,3
1772043737.290590,1075766,-0.01,0.04,0.02,78.62,73.50,266.19,-0.31,-0.37,0.25,-0.05,-0.03,0.07,26.56,75.94,138.19,0.00,-0.37,-0.19,4,3
1772043737.482985,1075959,0.00,0.01,0.07,78.31,73.44,266.06,0.19,0.62,-0.25,-0.05,0.00,0.02,26.56,75.94,138.19,-0.50,-0.44,0.19,4,3
1772043737.673119,1076149,-0.05,0.01,0.00,78.31,73.44,266.12,0.19,-0.37,0.25,0.00,-0.05,0.12,26.62,75.94,138.25,-0.81,0.00,0.44,4,3
1772043737.864736,1076340,-0.01,0.16,0.04,77.81,73.56,266.31,-0.06,-0.13,-3.00,-0.10,-0.02,0.05,26.81,76.00,138.25,0.88,0.81,0.25,4,3
1772043738.057805,1076533,-0.07,-0.06,0.03,78.19,73.50,266.12,0.44,-2.12,0.94,-0.06,-0.05,0.03,26.69,75.94,138.25,-0.31,0.06,-0.31,4,3
1772043738.249388,1076725,-0.05,0.02,-0.09,78.94,73.62,266.25,-0.75,-0.50,-0.75,-0.05,-0.05,0.08,26.56,75.87,138.25,0.00,-0.06,-0.69,4,3
1772043738.440215,1076916,-0.02,0.05,0.01,78.44,73.50,266.31,0.13,1.25,1.06,-0.08,-0.09,0.09,26.19,75.94,138.37,0.56,0.50,-0.81,4,3
1772043738.631927,1077107,-0.04,-0.01,0.10,77.50,73.31,266.25,-0.19,2.25,-1.62,-0.05,0.01,0.09,26.00,76.12,138.50,0.13,-0.31,-0.81,4,2
1772043738.822758,1077298,-0.02,-0.06,0.08,77.00,73.25,266.12,0.88,-0.94,0.69,-0.07,-0.05,0.13,25.94,76.12,138.50,0.37,0.00,0.25,4,2
1772043739.013146,1077488,-0.04,0.01,-0.01,77.69,73.25,266.19,-0.88,-0.62,-0.50,-0.07,-0.05,0.05,26.06,76.06,138.50,-0.88,-0.56,0.81,4,2
1772043739.204144,1077679,-0.08,0.05,0.00,77.75,73.44,266.37,0.37,-1.31,-0.81,-0.05,-0.05,0.05,26.44,76.06,138.44,-0.37,0.25,-0.06,5,2
1772043739.395390,1077871,0.05,-0.02,0.09,77.44,73.50,266.56,0.56,0.00,0.31,-0.07,-0.04,0.01,26.69,76.12,138.44,0.88,0.19,0.25,5,2
1772043739.588298,1078064,0.01,0.06,0.06,77.25,73.56,266.87,-0.44,-0.25,0.81,-0.09,-0.06,0.09,26.56,76.06,138.37,0.13,-0.13,0.31,5,2
1772043739.779408,1078255,-0.03,-0.09,0.05,77.75,73.56,266.75,-1.62,-0.25,0.06,-0.10,-0.08,0.19,26.62,76.00,138.44,-0.94,0.00,0.69,4,2
1772043739.969922,1078445,0.12,0.47,0.05,76.87,73.44,269.56,-17.00,4.87,-1.75,-0.09,-0.02,0.08,26.87,76.12,138.56,-0.62,0.75,-0.44,4,3
1772043740.163526,1078639,0.00,-0.06,0.01,77.12,74.00,270.00,3.75,-1.62,0.62,-0.03,-0.22,0.12,26.81,75.87,138.37,0.37,0.13,-0.13,4,4
1772043740.355215,1078831,0.00,0.02,0.05,77.12,74.19,269.50,4.19,-1.81,-0.44,-0.05,-0.03,0.10,26.94,75.87,138.37,0.44,-0.37,0.37,3,4
1772043740.546710,1079022,-0.14,-0.11,-0.08,78.94,73.94,268.94,0.19,-2.75,-0.25,-0.08,-0.04,0.07,27.19,75.87,138.37,0.50,-0.19,0.75,4,3
1772043740.736778,1079213,0.04,0.01,0.04,78.81,74.12,269.12,0.94,0.62,0.25,-0.08,-0.06,0.11,27.31,75.81,138.31,0.00,0.00,-0.31,4,3
1772043740.928114,1079404,0.01,-0.02,0.06,78.69,74.06,268.87,1.06,-0.13,0.31,-0.07,-0.06,0.05,27.31,75.81,138.31,0.69,-0.13,0.06,4,3
1772043741.118834,1079595,0.00,0.07,0.04,78.37,74.06,268.87,0.00,1.44,-1.19,-0.05,0.01,0.06,27.19,75.81,138.31,1.25,0.06,-0.44,4,3
1772043741.310162,1079786,0.00,-0.18,0.04,77.69,73.87,268.37,1.19,0.37,0.31,-0.06,-0.19,0.02,27.00,75.87,138.25,-0.31,-1.44,-1.25,5,3
1772043741.500872,1079977,0.09,0.17,0.00,77.00,73.94,269.06,-3.37,2.06,-0.94,-0.11,0.02,0.03,26.56,76.19,138.62,2.50,0.00,-0.37,5,3
1772043741.691517,1080167,0.00,-0.22,0.11,76.37,73.62,268.44,0.94,0.06,1.81,-0.07,-0.02,0.09,26.06,76.12,138.50,0.00,-0.06,-0.75,6,3
1772043741.882544,1080358,0.02,-0.10,0.02,76.69,73.56,268.37,-0.25,0.00,-0.37,-0.08,0.00,0.02,26.12,76.19,138.56,-0.44,0.31,0.56,5,2
1772043742.072404,1080548,0.06,0.00,0.09,76.19,73.62,268.62,-0.06,0.81,-0.69,-0.06,-0.05,0.08,26.37,76.06,138.62,-0.13,0.37,0.44,5,1
1772043742.263393,1080739,0.00,0.01,0.01,76.62,73.69,268.56,-0.19,-1.12,0.75,-0.08,-0.08,0.07,26.37,76.00,138.62,0.25,-0.25,0.50,6,1
1772043742.454371,1080930,0.11,0.11,0.04,76.62,73.81,268.87,-1.44,1.25,-0.56,-0.06,-0.07,0.13,26.31,76.00,138.62,0.25,-0.19,-0.19,6,2
1772043742.644845,1081121,0.00,0.01,0.00,76.94,73.75,268.75,-0.19,1.00,1.06,-0.03,-0.07,0.10,26.12,76.06,138.69,0.31,-1.31,-0.19,7,2
1772043742.835117,1081311,0.03,0.04,0.11,76.50,73.62,268.69,0.50,-0.69,1.56,-0.08,-0.04,0.03,26.00,76.06,138.62,-0.31,-0.06,0.13,6,2
1772043743.025516,1081501,0.04,0.02,0.04,76.69,73.56,268.50,0.06,-0.06,0.50,-0.05,-0.10,0.13,26.00,76.06,138.62,-0.62,-0.06,0.25,6,2
1772043743.216167,1081692,-0.01,0.05,0.00,77.00,73.62,268.50,0.37,1.25,0.06,-0.07,-0.04,0.08,26.00,76.06,138.62,-0.31,0.13,-0.13,7,2
1772043743.407157,1081883,0.02,0.00,0.05,76.62,73.56,268.56,-0.75,-0.50,-0.94,-0.08,-0.05,0.00,26.06,76.06,138.69,-0.19,-1.25,0.25,7,2
1772043743.597401,1082073,-0.05,-0.06,0.11,76.75,73.56,268.31,3.75,0.25,1.81,-0.04,-0.03,0.12,26.75,75.94,138.50,-0.75,0.81,1.94,7,2
1772043743.788120,1082264,0.03,-0.01,0.09,76.81,73.69,268.25,-3.56,-2.12,-3.56,-0.07,-0.09,0.04,27.94,75.81,138.37,-1.56,-0.44,1.44,8,2
1772043743.978148,1082454,0.19,0.39,0.01,77.44,74.19,268.69,8.19,-3.19,5.06,-0.05,-0.29,0.01,29.50,75.62,138.31,1.62,2.25,0.69,8,2
1772043744.169332,1082645,-0.01,0.17,-0.05,78.56,73.75,267.69,-4.62,2.62,-1.12,-0.09,-0.02,0.08,28.56,75.62,138.37,0.00,-0.31,-0.56,8,2
1772043744.358520,1082834,0.06,-0.09,0.02,77.31,73.81,267.94,1.50,2.19,-0.50,-0.09,0.02,0.01,28.87,75.81,138.31,0.62,-0.69,-0.62,7,1
1772043744.549202,1083025,0.09,0.03,0.11,75.87,73.75,268.12,0.94,0.69,1.62,-0.03,-0.04,0.06,28.19,75.87,138.44,0.37,-0.44,-0.25,6,1
1772043744.740669,1083216,0.03,-0.10,0.03,76.25,73.62,267.87,-1.06,-1.06,-1.44,-0.08,-0.05,0.04,28.50,75.87,138.44,-0.88,-0.81,1.06,7,1
1772043744.931065,1083407,0.03,0.09,0.04,76.44,74.12,268.62,-1.25,0.19,-1.94,-0.07,-0.01,0.13,29.19,75.81,138.31,-0.31,0.06,0.19,8,3
1772043745.121666,1083597,-0.07,0.06,-0.06,76.87,74.25,268.75,0.31,-0.69,0.62,0.03,-0.12,0.08,29.00,75.75,138.31,-1.06,-0.50,-0.37,8,3
1772043745.312184,1083788,0.08,0.08,0.07,76.37,74.12,268.75,0.25,0.75,1.19,-0.08,-0.01,0.05,28.75,75.75,138.37,0.69,0.94,-0.69,8,2
1772043745.502776,1083978,0.02,-0.06,0.04,76.87,74.00,268.50,-1.19,-0.69,0.81,-0.04,-0.02,0.13,27.75,75.69,138.44,0.31,0.31,-0.94,7,2
1772043745.693668,1084169,-0.01,-0.01,0.03,77.37,73.94,268.56,-0.06,0.69,0.69,-0.05,-0.02,0.10,27.69,75.75,138.44,0.06,-0.06,-0.25,7,3
1772043745.884259,1084360,0.02,-0.02,0.01,77.31,73.81,268.44,-0.31,-0.25,0.50,-0.06,-0.08,0.04,27.69,75.75,138.44,-0.25,-0.69,-0.13,8,3
1772043746.074208,1084550,0.09,0.04,0.10,76.75,73.87,268.56,0.00,1.25,0.00,-0.04,-0.03,0.11,27.94,75.81,138.50,-0.62,0.31,0.50,8,3
1772043746.265310,1084741,-0.02,0.00,-0.05,77.31,73.81,268.37,-0.37,-0.56,-0.25,-0.08,-0.08,0.15,27.94,75.81,138.50,-0.25,0.25,0.56,8,3
1772043746.455749,1084931,0.02,0.04,0.00,77.37,73.87,268.44,-0.62,-0.44,-0.56,-0.06,-0.04,0.10,28.00,75.75,138.44,-0.25,-0.13,0.25,8,3
1772043746.646341,1085122,0.02,0.02,0.03,77.37,73.87,268.44,-0.50,0.13,-0.44,-0.07,-0.10,0.09,28.00,75.81,138.50,0.13,0.44,-0.06,7,3
1772043746.836961,1085313,0.01,0.10,0.03,77.37,73.94,268.56,-0.37,0.37,-0.37,-0.07,-0.05,0.07,28.25,75.87,138.50,0.56,0.81,0.25,5,2
1772043747.027707,1085503,0.12,0.03,0.08,76.56,73.87,268.50,-1.00,3.06,-0.62,-0.07,-0.08,0.12,28.19,75.87,138.56,-0.62,-0.94,-0.06,5,2
1772043747.218135,1085694,0.01,0.08,0.04,76.50,73.87,268.50,-0.13,0.69,-0.06,-0.06,-0.04,0.06,28.37,75.94,138.56,0.44,0.13,-0.25,5,2
1772043747.408876,1085885,0.01,-0.02,0.05,76.56,73.75,268.37,-0.06,-1.50,1.00,-0.08,0.00,0.19,28.19,75.94,138.56,0.62,-0.25,-0.31,5,2
1772043747.599454,1086075,-0.01,0.07,0.03,76.94,73.81,268.31,-0.13,1.44,-1.37,-0.10,0.01,0.13,28.25,76.00,138.56,0.25,-0.56,0.00,5,2
1772043747.790460,1086266,0.04,-0.08,0.10,76.62,73.62,268.06,-0.37,-1.06,0.31,-0.06,-0.02,0.06,28.19,75.94,138.50,-0.44,-0.44,-0.19,4,1
1772043747.980753,1086456,-0.02,0.02,0.00,77.25,73.75,268.19,-0.50,-0.37,-1.31,-0.05,0.00,0.11,28.37,75.87,138.44,-0.25,-0.19,0.19,4,1
1772043748.170121,1086646,0.04,0.13,0.07,77.06,73.94,268.19,2.25,-0.94,-0.06,-0.12,-0.09,0.02,27.50,75.62,138.31,1.62,0.62,0.44,4,2
1772043748.360899,1086837,0.01,-0.01,0.01,77.25,73.75,268.00,-2.62,1.06,-1.25,-0.12,0.06,0.10,27.31,75.69,138.50,1.00,1.00,-0.56,4,2
1772043748.552045,1087028,0.00,-0.08,0.09,77.31,73.69,267.87,0.13,0.06,1.69,-0.07,0.00,0.08,27.00,75.56,138.44,-0.13,0.06,-0.31,4,2
1772043748.743535,1087219,0.00,0.00,0.02,77.37,73.56,267.81,-0.25,-0.56,-0.69,-0.08,-0.01,0.09,27.00,75.56,138.44,-0.37,-0.50,0.19,4,2
1772043748.933960,1087410,0.11,0.00,0.13,76.75,73.62,268.00,-0.94,1.75,-0.50,-0.01,-0.06,0.05,27.19,75.62,138.50,-0.31,-0.13,-0.25,5,2
1772043749.124711,1087600,-0.08,0.06,0.00,77.25,73.62,268.00,-0.50,-0.37,-0.75,-0.06,-0.02,0.11,27.25,75.62,138.50,0.37,0.37,-0.06,5,2
1772043749.314930,1087791,0.03,-0.08,0.06,77.37,73.62,267.87,0.56,-2.00,0.00,-0.06,-0.04,0.13,27.25,75.62,138.50,0.75,0.37,0.50,5,1
1772043749.505918,1087982,-0.05,0.06,-0.02,78.44,73.75,267.87,0.62,-1.44,-1.12,-0.07,-0.03,0.07,27.81,75.62,138.31,0.25,-0.88,0.62,5,1
1772043749.696666,1088172,0.09,0.09,0.13,77.44,73.75,268.00,-0.37,1.00,0.00,-0.09,-0.02,0.06,28.00,75.69,138.31,0.31,-0.13,-0.37,5,1
1772043749.887064,1088363,0.07,-0.01,0.08,77.12,73.75,267.94,-0.56,0.62,-1.12,-0.07,0.01,0.10,28.12,75.69,138.37,0.00,-0.13,-0.25,6,1
1772043750.077632,1088553,0.03,-0.02,0.05,77.12,73.81,267.94,1.00,-0.88,0.19,-0.05,-0.05,0.10,28.06,75.69,138.37,0.06,0.44,-0.19,6,1
1772043750.267095,1088743,0.02,0.01,0.03,76.81,73.81,267.94,0.88,1.69,-0.44,-0.06,-0.04,0.16,28.06,75.62,138.31,1.12,3.00,1.19,6,1
1772043750.458881,1088935,0.03,0.11,0.09,76.19,73.75,268.00,-0.69,1.00,-0.44,-0.06,0.00,0.11,28.19,75.50,138.37,-1.06,-1.00,-0.56,6,1
1772043750.649551,1089125,0.14,-0.18,0.12,75.62,73.69,267.94,1.50,-0.81,1.56,-0.08,0.00,0.03,28.31,75.50,138.37,-0.25,-0.69,-0.81,5,1
1772043750.840044,1089316,0.02,0.02,0.00,76.12,73.75,268.06,2.06,-1.19,0.88,-0.08,-0.04,0.09,28.19,75.56,138.37,1.00,-0.94,-0.31,5,1
1772043751.030732,1089507,0.04,0.00,0.05,76.25,73.69,267.87,0.25,2.12,0.19,-0.09,-0.03,0.14,27.94,75.62,138.37,-0.06,0.06,-0.25,5,1
1772043751.221074,1089697,0.03,0.05,0.05,75.94,73.69,268.00,-0.06,0.75,-0.37,-0.04,0.01,0.09,28.00,75.62,138.37,0.00,0.44,0.31,6,2
1772043751.412346,1089888,0.00,0.07,0.00,75.94,73.69,268.00,-0.19,-1.06,-0.69,0.00,-0.05,0.11,28.06,75.62,138.37,-1.37,-1.75,0.62,7,2
1772043751.602690,1090079,0.10,0.11,0.05,75.75,73.87,268.19,0.88,-0.37,0.69,-0.06,-0.03,0.07,28.37,75.62,138.37,-0.13,0.13,0.00,7,2
1772043751.793657,1090269,-0.01,-0.03,0.04,76.00,73.87,268.00,-0.19,0.25,0.69,-0.07,-0.03,0.10,28.50,75.62,138.44,-0.94,-0.50,-0.06,7,2
1772043751.983803,1090460,0.06,0.14,0.00,76.25,73.94,268.25,0.13,-0.50,0.19,-0.05,-0.03,0.09,28.37,75.62,138.44,0.00,0.69,-0.69,8,3
1772043752.174632,1090650,-0.01,0.08,0.02,76.56,73.75,268.00,0.19,-0.50,1.44,-0.01,-0.10,0.10,27.81,75.62,138.56,-0.62,-1.19,-0.25,8,3
1772043752.364809,1090841,0.09,0.02,0.10,76.44,73.62,267.87,0.81,0.25,1.44,-0.06,-0.01,0.03,27.87,75.69,138.56,0.81,0.62,0.00,8,3
1772043752.556158,1091032,0.00,-0.10,0.02,76.19,73.50,267.56,1.12,-0.50,-0.31,-0.07,-0.06,0.12,28.12,75.56,138.37,-0.75,0.06,0.75,8,3
1772043752.746799,1091222,0.01,0.08,-0.02,76.25,73.75,267.94,-1.00,-0.37,-0.56,-0.04,-0.05,0.10,28.62,75.62,138.44,-0.25,-0.37,-0.19,9,5
1772043752.936885,1091413,0.02,0.10,0.03,76.00,73.75,268.00,0.44,0.94,0.13,-0.01,-0.13,0.13,28.62,75.69,138.44,-1.31,-1.81,-0.31,8,5
1772043753.127153,1091603,0.10,0.14,0.07,75.31,73.75,268.19,-1.06,0.75,1.00,-0.09,0.01,0.05,28.69,75.81,138.56,0.56,0.62,0.44,7,4
1772043753.318161,1091794,0.00,0.04,0.03,75.62,73.69,268.00,-0.88,-1.81,0.00,-0.04,-0.02,0.13,28.56,75.81,138.56,-0.75,0.06,0.31,6,4
1772043753.508947,1091985,0.06,0.08,0.05,75.94,73.75,268.06,0.69,0.25,-0.13,-0.07,-0.06,0.13,28.56,75.81,138.56,0.44,0.13,0.37,7,5
1772043753.699998,1092176,0.04,0.09,0.03,75.87,73.75,268.00,-0.75,-0.25,-0.19,-0.06,-0.08,0.05,28.56,75.81,138.56,-0.06,-0.31,-0.50,6,5
1772043753.890246,1092366,0.12,0.03,0.12,75.56,73.75,268.00,1.12,-0.44,1.19,-0.07,-0.07,0.10,28.44,75.69,138.50,0.69,-0.06,-0.19,5,5
1772043754.080888,1092557,-0.02,0.07,-0.09,76.25,73.62,267.62,2.06,-0.25,1.56,-0.05,-0.09,0.20,28.19,75.62,138.37,0.31,-0.13,-0.06,4,4
1772043754.271283,1092747,0.02,0.12,0.00,74.81,73.44,267.31,1.87,3.37,0.75,-0.05,-0.01,0.13,28.12,75.69,138.37,0.44,-1.00,-0.81,4,5
1772043754.462261,1092938,0.11,0.01,0.13,72.50,73.00,266.75,2.00,3.25,1.31,-0.08,-0.01,0.08,27.69,75.81,138.56,0.81,0.56,-0.69,5,5
1772043754.652631,1093129,0.04,0.06,0.14,71.37,72.81,266.56,0.50,0.50,0.25,-0.05,0.02,0.06,27.69,75.94,138.56,0.56,0.37,0.81,5,3
1772043754.843428,1093320,0.01,0.06,0.02,71.56,72.81,266.31,0.56,-1.12,0.06,-0.05,-0.05,0.16,28.06,75.81,138.37,0.06,0.25,1.06,5,3
1772043755.034439,1093510,-0.02,0.08,0.00,71.81,72.94,266.31,-1.12,-0.06,-0.94,-0.09,-0.02,0.04,28.56,75.75,138.31,-0.88,-1.06,-0.25,5,3
1772043755.224341,1093701,0.04,0.09,0.06,70.87,72.87,266.44,1.31,1.06,0.25,-0.12,0.00,0.03,28.62,75.75,138.37,0.25,-0.62,-0.19,6,3
1772043755.415534,1093891,0.00,0.13,0.00,69.62,72.87,266.44,0.56,5.31,-1.25,-0.09,-0.01,0.16,28.37,75.87,138.50,-0.25,-0.19,-0.44,6,2
1772043755.606240,1094082,0.02,0.07,0.05,66.94,72.69,266.44,0.88,1.69,-0.31,-0.05,-0.01,0.00,28.62,76.06,138.50,-0.88,-1.25,-0.69,6,2
1772043755.796577,1094273,0.12,0.07,0.07,66.06,72.50,266.56,-0.62,-0.06,-0.31,-0.05,0.02,0.02,28.81,76.19,138.62,-0.06,0.37,0.06,7,2
1772043755.987270,1094463,-0.02,0.00,-0.01,66.37,72.56,266.50,-1.00,0.13,-0.19,-0.01,0.00,0.14,29.00,76.19,138.81,-2.44,0.94,0.00,7,2
1772043756.177536,1094654,0.01,0.19,-0.04,65.19,72.62,267.06,0.94,3.25,-2.00,-0.04,-0.03,0.13,29.25,76.25,138.94,-0.06,0.56,0.25,7,2
1772043756.368522,1094845,0.00,0.07,-0.03,63.56,72.31,266.81,1.56,1.81,0.75,-0.07,-0.02,0.05,29.12,76.25,138.94,0.13,-0.75,-0.62,6,1
1772043756.559222,1095035,0.01,-0.04,0.04,61.63,72.06,266.37,1.06,3.37,-0.06,-0.07,0.00,0.12,29.12,76.31,138.94,-0.44,-0.88,-0.25,5,2
1772043756.749603,1095226,0.05,0.00,0.06,60.63,71.94,266.50,0.37,0.31,-0.88,-0.09,-0.01,0.07,29.31,76.37,138.94,-0.13,-0.19,0.62,5,2
1772043756.939922,1095416,-0.03,0.12,0.00,61.00,72.19,266.69,0.19,-1.56,-1.69,-0.06,0.00,0.07,30.12,76.44,138.81,0.37,-0.69,1.19,4,2
1772043757.131094,1095607,0.05,0.01,0.02,60.38,72.25,266.56,0.06,0.69,-0.88,-0.06,-0.05,0.05,30.81,76.50,138.69,-0.88,-1.25,-0.31,4,2
1772043757.321887,1095798,0.10,0.13,0.12,59.94,72.25,266.81,-1.44,-0.69,-0.75,-0.08,-0.03,0.05,31.25,76.56,138.81,-1.12,-0.69,0.56,3,2
1772043757.512281,1095988,0.03,0.19,-0.01,60.75,72.44,266.94,-1.87,-2.00,-1.19,-0.13,-0.03,0.09,31.50,76.56,138.75,1.37,0.88,-0.37,3,3
1772043757.703064,1096179,-0.11,0.07,-0.10,61.81,72.62,266.87,-0.13,-1.94,-0.19,-0.07,0.02,0.04,31.12,76.56,138.62,1.50,-0.37,-0.75,3,3
1772043757.892180,1096368,0.13,-0.03,0.15,61.44,72.50,266.62,1.75,-2.44,1.00,-0.06,0.00,0.13,30.62,76.50,138.37,1.31,-0.56,-0.62,3,2
1772043758.082901,1096559,0.05,0.14,-0.05,63.00,72.50,266.19,2.94,-0.13,1.44,-0.05,-0.09,0.10,30.06,76.69,137.94,2.50,1.81,0.37,3,2
1772043758.274785,1096751,-0.04,-0.05,-0.04,63.63,72.31,265.56,-2.12,-1.06,-0.44,-0.09,0.01,-0.02,30.06,76.50,138.00,-1.87,-1.44,0.62,3,2
1772043758.464895,1096941,0.10,0.15,0.05,62.94,72.69,266.25,0.00,1.94,-1.37,-0.05,-0.05,0.03,30.62,76.50,138.00,0.25,1.19,0.13,4,2
1772043758.656003,1097132,-0.03,0.08,-0.05,63.06,72.75,266.19,-0.69,-0.94,0.69,-0.03,-0.08,0.03,30.50,76.44,138.00,-0.31,0.31,0.19,4,2
1772043758.846221,1097322,0.00,0.09,-0.04,63.00,72.75,266.31,-1.44,0.50,-0.19,-0.06,-0.02,0.09,30.62,76.50,138.06,-1.25,0.06,-0.31,4,2
1772043759.037354,1097513,0.00,0.18,-0.06,63.31,72.81,266.44,-0.31,-0.06,-0.19,-0.06,-0.13,0.06,30.56,76.56,138.06,1.00,0.00,-0.62,4,2
1772043759.227736,1097704,0.00,0.14,0.02,63.25,72.62,266.25,-0.44,0.69,1.50,-0.03,-0.04,0.04,29.94,76.69,138.12,0.94,0.88,-0.94,5,2
1772043759.418567,1097895,-0.02,0.02,0.04,63.81,72.31,265.75,-0.31,-2.25,1.62,-0.03,-0.03,0.00,29.31,76.62,138.19,-0.62,-1.00,0.13,5,1
1772043759.609209,1098085,0.03,0.13,-0.03,64.31,72.37,265.81,-1.12,-1.12,-0.56,-0.04,-0.04,0.07,29.31,76.62,138.19,0.06,-0.31,0.37,5,1
1772043759.799728,1098276,0.07,0.05,0.00,64.62,72.44,265.87,-1.06,-0.62,0.19,-0.03,-0.10,0.02,29.25,76.62,138.19,0.19,-0.88,-0.62,6,2
1772043759.990168,1098467,0.11,0.11,0.10,64.56,72.37,265.87,-0.50,1.19,1.12,-0.05,-0.09,0.08,29.19,76.69,138.25,-0.25,0.75,0.25,5,2
1772043760.181454,1098657,-0.09,0.09,-0.04,65.31,72.37,265.69,-0.19,-0.31,-0.06,-0.05,-0.06,0.08,29.19,76.69,138.25,-0.19,0.00,0.62,5,1
1772043760.371984,1098848,0.03,0.10,-0.02,65.00,72.50,265.81,-0.69,-1.56,0.13,-0.06,-0.06,0.04,29.25,76.62,138.25,0.00,-0.44,-0.56,8,3
1772043760.562276,1099039,0.03,0.08,0.02,64.81,72.37,265.81,0.19,1.12,0.13,-0.07,-0.08,0.10,29.00,76.69,138.31,0.00,-0.06,-0.37,8,3
1772043760.752745,1099229,-0.06,0.14,-0.01,65.12,72.50,266.00,-1.50,0.25,-0.44,-0.03,-0.04,0.03,29.19,76.69,138.44,-0.06,0.31,0.06,8,3
1772043760.943502,1099420,0.07,0.10,0.03,64.75,72.37,266.06,0.50,-0.19,1.25,-0.03,-0.04,0.12,28.94,76.69,138.37,0.31,-0.50,-0.81,8,3
1772043761.134323,1099611,0.03,0.07,0.06,65.00,72.25,265.87,0.06,1.06,0.44,-0.04,-0.02,0.08,28.31,76.81,138.56,0.13,0.13,-1.06,8,3
1772043761.324642,1099801,0.02,0.02,0.02,65.12,72.00,265.56,1.94,0.06,1.19,0.00,-0.02,0.07,27.69,76.69,138.37,1.94,2.25,0.19,7,4
1772043761.515642,1099992,-0.01,0.06,0.05,65.12,71.87,265.12,-1.12,-0.62,0.13,-0.04,0.02,0.00,27.56,76.62,138.37,0.50,0.50,0.50,7,4
1772043761.706275,1100183,0.05,0.01,0.07,65.00,71.81,264.87,0.69,-0.31,0.25,-0.05,-0.05,0.06,28.25,76.50,138.19,-1.19,-0.19,1.25,7,3
1772043761.896628,1100373,0.08,0.08,-0.01,65.44,72.00,265.00,-1.62,-0.81,-2.00,-0.07,0.01,0.06,29.44,76.37,138.12,-0.75,-0.06,0.94,8,4
1772043762.087789,1100564,0.04,-0.04,0.05,65.44,72.19,265.12,-0.44,-0.81,0.19,-0.05,-0.17,0.02,30.12,76.12,138.19,-2.81,1.06,1.25,9,5
1772043762.278516,1100755,0.02,0.13,-0.01,65.25,72.69,265.87,-2.69,3.37,-3.94,-0.02,-0.03,0.14,31.31,75.81,138.19,-1.12,3.06,3.12,6,3
1772043762.469348,1100945,0.03,-0.01,-0.06,64.94,73.12,266.50,-6.12,-4.06,-1.75,-0.09,-0.05,0.03,32.94,75.75,138.50,-4.00,-2.75,0.13,7,2
1772043762.658919,1101135,0.20,0.29,0.00,65.12,73.75,267.56,2.06,4.31,-0.69,-0.03,0.07,0.01,34.06,76.31,138.94,-1.69,-3.50,-2.31,8,4
1772043762.849099,1101325,0.18,-0.08,0.08,64.06,72.69,266.06,3.19,-2.56,6.12,0.05,0.07,0.13,31.75,76.31,139.12,6.69,3.81,-2.12,9,4
1772043763.040882,1101517,-0.13,-0.03,0.03,65.81,71.81,263.87,8.50,-2.06,8.75,0.00,-0.04,0.00,27.12,76.06,138.31,5.44,-0.94,-2.06,9,4
1772043763.231547,1101708,-0.13,-0.06,0.16,66.56,70.81,261.69,2.94,-1.31,2.56,0.00,-0.05,-0.04,25.81,76.12,137.81,2.75,-0.50,0.56,10,4
1772043763.422175,1101899,-0.08,0.12,0.03,66.81,70.87,261.50,-1.81,-3.37,-0.62,0.11,-0.03,0.15,25.06,75.69,137.25,3.37,3.94,0.88,11,5
1772043763.612241,1102088,0.32,-0.07,0.06,67.44,71.12,261.75,-3.62,0.69,-2.12,-0.03,-0.02,0.30,24.75,74.87,137.12,0.06,1.81,2.06,11,5
1772043763.802733,1102279,-0.39,0.14,-0.14,70.12,71.75,262.06,-0.06,2.31,0.00,-0.12,-0.05,-0.08,25.69,75.19,137.12,-2.19,-2.12,1.12,9,4
1772043763.994242,1102470,0.13,0.06,0.19,65.62,71.81,262.94,-3.12,3.12,-5.31,-0.13,-0.05,-0.09,28.25,75.37,137.19,-2.87,-1.06,2.69,9,4
1772043764.185083,1102661,0.12,0.05,0.00,64.00,72.50,264.06,-0.06,0.37,-2.44,0.07,-0.28,0.16,30.75,75.62,136.81,-3.12,-3.62,-1.12,9,4
1772043764.375814,1102852,-0.01,0.22,-0.07,65.12,72.75,264.69,-2.75,-3.25,0.62,0.17,-0.10,0.27,30.69,75.50,136.94,1.75,-1.06,0.37,8,5
1772043764.565382,1103042,0.03,0.12,0.00,65.81,73.00,264.69,3.50,1.31,2.62,-0.02,-0.14,-0.01,30.37,75.50,136.69,-0.50,-0.44,0.13,7,3
1772043764.755792,1103232,-0.08,0.11,0.00,65.56,72.62,264.31,-2.06,0.50,1.62,-0.22,0.16,-0.12,30.00,75.75,137.00,2.50,0.81,-1.19,7,3
1772043764.947308,1103424,0.22,-0.11,0.07,65.37,72.12,263.37,4.69,-1.50,3.31,-0.10,0.05,0.12,28.06,75.75,136.44,6.31,2.06,-0.19,7,3
1772043765.138365,1103615,-0.07,-0.22,-0.08,67.25,71.75,261.75,3.87,-1.94,0.13,0.00,-0.01,0.00,27.50,75.75,135.69,5.50,-2.06,0.94,6,3
1772043765.328886,1103805,0.04,0.00,0.07,66.25,71.87,261.25,4.37,-2.12,0.31,0.00,-0.10,-0.03,28.06,75.75,134.94,0.37,-1.81,0.75,5,2
1772043765.518519,1103995,0.05,0.00,0.08,65.62,72.06,261.44,-3.25,2.25,-3.25,0.01,-0.08,0.02,29.44,75.94,135.06,-3.00,-0.13,1.44,5,2
1772043765.709206,1104185,0.01,-0.06,0.02,64.94,72.56,262.62,-4.69,-0.37,-2.19,0.01,-0.16,0.08,30.69,75.94,135.62,-7.19,-1.31,-2.00,5,2
1772043765.900591,1104377,0.05,0.28,0.00,65.62,73.06,264.37,-2.75,0.19,-3.06,-0.05,-0.01,0.01,30.75,76.12,136.44,-0.69,0.94,-1.19,5,2
1772043766.091588,1104568,0.09,-0.13,0.04,65.25,72.87,264.50,-1.81,1.44,1.87,-0.04,-0.11,0.11,29.31,76.19,137.06,-1.19,1.12,-3.50,5,2
1772043766.282300,1104759,0.04,0.14,0.02,66.06,72.56,264.94,-1.37,1.19,3.75,-0.08,0.05,0.01,27.12,76.56,137.75,0.62,-0.44,-3.00,5,2
1772043766.471967,1104948,-0.04,-0.19,0.07,66.50,71.81,264.06,2.25,1.00,3.44,-0.13,0.14,0.02,25.56,76.75,137.94,0.37,-1.62,-1.19,5,2
1772043766.662081,1105139,0.00,-0.02,0.08,66.19,71.37,263.62,-1.00,0.69,-1.44,-0.06,0.07,0.00,25.50,76.81,138.00,0.25,1.81,1.31,5,2
1772043766.853948,1105330,0.05,-0.12,0.11,65.81,71.62,263.69,-2.19,-2.94,-2.94,-0.06,-0.04,0.04,26.94,76.50,137.75,-2.12,-0.75,1.56,4,2
1772043767.044944,1105521,0.03,0.04,-0.02,66.87,72.12,264.37,-2.87,-1.44,-2.62,-0.06,-0.06,0.11,28.06,76.37,137.75,0.44,0.50,1.31,5,3
1772043767.235479,1105712,0.00,0.02,0.00,67.44,72.62,264.62,0.25,-1.69,0.25,0.00,-0.04,0.06,28.37,76.31,137.50,0.88,0.13,-0.25,6,4
1772043767.426425,1105903,0.01,0.09,0.05,67.25,72.75,264.75,-0.25,1.44,-0.50,-0.01,-0.01,0.06,28.62,76.44,137.44,0.69,0.62,0.00,6,4
1772043767.616113,1106092,0.03,0.21,0.06,67.44,73.25,264.19,17.50,-10.56,-5.44,-0.07,0.02,0.10,28.31,76.37,137.25,1.19,-0.13,1.19,7,3
1772043767.807658,1106284,-0.11,-0.04,-0.03,68.69,74.19,262.75,-4.44,1.44,2.62,-0.06,-0.05,0.04,29.75,76.31,136.69,-1.44,-0.31,0.25,9,4
1772043767.998184,1106475,0.11,0.17,0.04,67.50,73.62,263.69,-2.94,1.75,-1.12,0.05,-0.02,0.10,28.75,75.94,136.31,3.50,0.25,1.31,9,5
1772043768.189307,1106665,-0.03,-0.09,0.08,66.94,73.94,263.62,0.00,-0.06,1.25,-0.01,-0.08,-0.09,29.62,75.75,135.94,-2.06,-1.81,0.69,9,4
1772043768.378596,1106855,0.08,0.08,0.09,66.31,73.94,264.19,-5.56,3.62,-1.12,-0.04,-0.03,0.04,30.62,76.00,136.50,-2.19,-0.56,0.06,10,3
1772043768.568984,1107045,-0.03,0.03,0.01,66.44,74.06,264.69,-1.37,-0.75,0.69,-0.03,-0.06,0.06,30.69,75.94,136.62,-1.00,0.37,-0.50,10,4
1772043768.760433,1107237,0.06,-0.04,0.01,66.94,74.00,264.81,-0.56,0.44,0.75,-0.04,0.00,0.02,30.56,76.19,136.87,-0.75,-1.94,-2.50,10,3
1772043768.951400,1107428,0.08,0.10,0.04,67.00,73.75,265.37,-2.00,-1.44,2.19,-0.02,0.00,0.03,29.56,76.44,137.50,1.37,-0.56,-1.00,9,2
1772043769.142208,1107619,0.09,-0.20,0.09,68.25,73.69,265.19,-1.19,-1.94,-1.81,-0.11,-0.03,0.10,28.75,76.31,137.12,2.12,0.19,0.06,9,2
1772043769.333419,1107810,-0.01,0.03,0.01,69.56,74.12,265.56,1.44,0.19,0.37,-0.04,0.02,0.05,28.87,76.37,137.06,0.19,0.75,0.25,9,2
1772043769.523219,1108000,-0.03,-0.10,0.06,68.69,74.06,264.94,4.37,-0.69,-1.56,-0.04,-0.05,0.06,29.12,76.19,136.56,0.37,0.13,0.37,9,2
1772043769.714986,1108191,0.09,-0.05,0.06,67.62,74.00,264.87,-0.37,-0.06,-0.44,-0.09,0.01,0.07,29.25,76.25,136.62,-0.56,-0.50,-0.31,8,1
1772043769.905937,1108382,0.00,-0.16,0.12,69.44,73.81,264.50,0.00,-4.56,2.75,-0.09,-0.06,-0.03,29.50,75.94,136.94,-2.94,-1.56,-0.37,7,1
1772043770.096056,1108572,0.07,0.05,0.02,72.00,74.12,264.87,-2.94,-1.00,-0.62,0.00,-0.11,0.16,28.94,75.81,137.25,-0.06,3.75,-0.81,7,1
1772043770.285491,1108762,-0.08,0.11,-0.01,72.00,75.00,265.37,0.25,0.37,-2.81,-0.05,0.00,0.06,28.56,75.75,137.31,-0.50,-0.25,0.56,7,1
1772043770.476031,1108952,0.08,0.00,0.11,69.56,74.87,265.62,-0.88,1.06,-0.13,-0.02,-0.01,0.04,28.56,75.75,137.25,-0.19,-2.00,-1.12,7,1
1772043770.667382,1109144,0.05,-0.03,0.10,68.75,74.75,265.69,0.06,2.37,0.62,-0.06,-0.03,0.06,28.50,75.81,137.25,0.50,-0.56,-0.75,8,2
1772043770.858135,1109335,0.04,0.05,0.04,68.56,74.56,265.69,0.25,0.31,2.06,-0.06,-0.07,0.08,27.75,75.87,137.37,1.25,0.62,-1.19,8,2
1772043771.048962,1109526,0.00,0.05,0.05,68.50,74.25,265.25,1.50,1.25,1.81,-0.07,-0.02,0.04,26.94,75.81,137.37,1.06,2.31,-0.31,8,2
1772043771.238551,1109715,-0.05,0.00,0.05,67.62,73.75,264.25,3.69,1.81,3.50,-0.03,-0.01,0.12,26.62,75.69,137.44,-1.62,0.25,0.13,7,2
1772043771.429195,1109906,0.02,0.00,0.04,66.62,73.25,263.69,-0.25,0.81,-0.81,-0.06,-0.04,0.02,26.81,75.69,137.44,0.44,0.75,-0.44,7,2
1772043771.620718,1110097,0.04,0.01,0.01,66.81,73.25,263.94,-1.19,0.13,1.31,-0.06,0.02,-0.03,26.50,75.87,137.62,0.06,-1.56,-0.13,7,2
1772043771.812720,1110289,0.06,-0.02,0.05,66.87,73.31,264.00,0.62,-0.56,0.81,-0.05,-0.02,0.06,26.37,75.81,137.62,-0.62,0.13,0.00,6,2
1772043772.005108,1110481,0.03,0.00,-0.01,67.19,73.31,263.94,-0.06,0.75,-0.25,-0.07,-0.03,0.13,26.50,75.81,137.69,-1.06,-0.06,-0.25,6,2
1772043772.196223,1110673,-0.01,-0.01,0.02,67.37,73.25,263.81,0.94,-0.62,0.81,0.00,-0.05,0.12,26.75,75.87,137.75,0.37,0.19,-0.62,6,3
1772043772.385338,1110862,0.00,0.04,0.06,67.19,73.19,263.81,0.56,0.37,-1.12,-0.08,0.00,0.08,26.75,76.00,137.69,0.50,0.00,-0.56,5,3
1772043772.578203,1111054,-0.02,-0.07,0.04,67.06,73.12,263.75,0.06,-0.62,-0.25,-0.07,-0.01,0.08,26.75,76.00,137.69,-0.62,-0.75,-0.62,4,2
1772043772.770344,1111247,0.01,-0.09,0.06,67.25,73.12,263.81,-1.94,-1.00,-0.75,-0.06,0.00,0.03,27.00,76.06,137.87,-0.75,-0.56,-0.44,8,4
1772043772.961966,1111438,0.00,0.02,0.02,67.50,73.31,264.37,-1.06,-0.37,-0.31,-0.04,-0.02,0.15,27.00,76.00,137.87,0.13,-0.13,-0.50,8,4
1772043773.153625,1111630,-0.01,0.06,0.06,67.37,73.37,264.50,-0.25,1.12,0.13,-0.05,-0.02,0.09,27.12,76.06,137.87,0.00,0.19,0.00,7,4
1772043773.345814,1111822,-0.05,0.03,0.04,67.31,73.31,264.31,-0.44,-0.19,0.62,-0.05,-0.02,0.11,27.12,76.06,137.87,-0.25,-0.13,0.25,8,5
1772043773.535371,1112012,-0.01,0.16,-0.01,66.94,73.31,264.31,1.69,0.69,0.37,-0.07,-0.01,0.12,27.00,76.06,137.75,1.37,-0.44,-0.25,8,4
1772043773.728038,1112205,-0.03,-0.03,0.03,65.06,72.75,263.31,6.37,5.00,2.37,-0.01,-0.04,0.14,26.81,76.06,137.62,-0.13,-2.25,-0.44,9,5
1772043773.920503,1112397,0.11,0.03,0.21,62.69,72.31,263.00,0.81,0.81,1.69,-0.03,0.00,0.05,26.50,76.19,137.69,0.94,1.00,0.00,9,4
1772043774.114023,1112590,0.00,-0.14,0.04,63.31,72.12,262.62,-1.44,-1.75,0.06,-0.09,0.00,0.08,26.62,76.19,137.81,-1.00,-0.56,0.25,9,4
1772043774.303501,1112780,0.01,0.11,-0.07,64.50,72.56,263.31,-1.62,-1.25,-0.37,-0.12,-0.10,-0.05,26.62,76.19,137.81,0.00,-1.81,0.31,10,4
1772043774.492500,1112969,0.04,0.15,-0.04,63.19,72.81,263.94,-2.62,0.88,-4.12,-0.09,0.00,0.14,28.25,76.37,137.75,0.50,-1.31,2.06,11,5
1772043774.685940,1113162,0.55,-0.22,0.28,59.75,73.12,264.69,-0.13,7.56,-3.94,-0.03,0.01,0.10,30.69,76.56,137.56,-2.87,-2.81,0.75,8,2
1772043774.877041,1113354,0.11,0.07,0.02,58.38,73.56,265.87,-2.69,0.81,-2.44,0.07,0.09,0.05,32.25,77.06,137.69,0.69,-0.62,0.31,8,2
1772043775.068178,1113545,-0.23,0.07,-0.01,57.50,73.44,265.56,5.69,2.00,1.50,-0.04,0.03,0.14,32.88,76.87,137.37,-1.37,0.19,1.94,8,3
1772043775.259970,1113736,-0.17,-0.10,-0.08,55.25,73.06,265.00,-0.50,2.37,-3.62,-0.14,0.02,0.08,32.88,76.37,137.31,-0.13,-1.00,-1.50,7,2
1772043775.449315,1113926,-0.03,-0.04,0.05,51.50,72.44,265.69,1.62,9.44,1.75,-0.07,-0.07,-0.04,31.87,76.50,137.62,-1.56,-0.31,-1.87,7,2
1772043775.640074,1114117,0.23,0.04,0.28,46.63,71.44,266.94,-5.19,10.56,-4.94,-0.03,0.00,0.13,31.44,76.56,137.94,-0.94,0.00,-0.25,7,3
1772043775.831508,1114308,-0.02,-0.02,-0.01,45.38,71.44,267.94,-2.12,-1.87,-0.44,-0.02,-0.10,0.06,31.44,76.75,138.19,-2.06,-3.19,-1.44,7,4
1772043776.021836,1114498,-0.23,-0.31,0.01,44.69,71.31,269.25,-18.31,7.37,-2.87,-0.09,0.00,0.07,30.75,77.12,138.81,-2.62,-2.50,-2.37,7,4
1772043776.210792,1114688,0.09,0.27,0.13,42.81,70.75,272.12,1.75,0.44,-2.69,-0.05,0.04,0.06,31.44,77.50,139.12,0.00,-1.56,0.75,7,4
1772043776.400346,1114877,0.01,-0.09,0.09,41.94,70.62,271.62,3.56,0.31,1.19,-0.06,-0.02,0.05,31.69,77.62,139.12,-0.69,-0.44,-1.50,7,3
1772043776.592510,1115069,0.08,-0.13,0.01,41.94,70.50,271.19,2.06,0.44,1.69,-0.09,0.00,0.08,32.00,78.00,139.25,1.12,-0.94,0.25,6,4
1772043776.783954,1115260,0.19,-0.10,0.17,41.81,70.56,270.94,-0.56,-1.81,1.87,0.00,-0.01,0.09,32.06,78.06,139.19,-0.06,-1.37,-0.56,5,3
1772043776.974622,1115451,0.12,-0.08,0.23,46.13,71.25,270.50,-5.12,-13.56,3.25,-0.07,0.00,0.10,32.31,78.31,139.25,0.37,-0.56,-0.19,5,3
1772043777.164145,1115641,-0.15,0.11,-0.12,56.06,72.81,270.44,-5.31,-14.88,1.50,-0.07,-0.02,0.09,31.62,78.25,139.19,1.62,3.81,0.62,5,3
1772043777.353168,1115830,-0.01,0.07,-0.04,58.94,73.50,270.50,0.00,1.12,-3.56,-0.08,0.00,0.05,30.12,77.75,139.06,0.25,1.25,0.37,5,3
1772043777.545557,1116022,0.04,0.01,0.00,58.25,73.44,270.31,2.50,-1.19,1.87,-0.07,-0.03,0.13,30.19,77.31,138.87,0.56,1.19,0.75,5,2
1772043777.736809,1116213,-0.02,-0.02,-0.06,59.06,73.31,269.62,1.25,2.12,0.81,-0.06,-0.03,0.10,30.06,77.31,138.87,-0.25,0.56,-0.06,8,4
1772043777.927508,1116404,0.07,-0.01,0.05,57.56,73.06,269.37,1.00,2.00,-0.13,-0.01,0.00,0.09,30.00,77.31,138.87,0.44,-0.25,-0.94,8,4
1772043778.117747,1116595,0.04,0.06,0.05,56.69,72.87,269.37,0.56,2.50,0.31,-0.01,0.01,0.07,30.12,77.44,138.87,0.37,-0.31,0.00,7,4
1772043778.308945,1116785,-0.03,-0.06,0.04,56.25,72.69,269.00,-0.50,0.88,0.31,-0.04,-0.04,0.09,30.19,77.44,138.87,-0.62,-0.44,-0.13,6,4
1772043778.499556,1116976,0.02,0.04,0.06,55.88,72.75,269.31,-0.56,-0.50,-0.50,-0.02,0.00,0.06,30.37,77.44,139.00,-0.25,-0.13,-0.06,7,5
1772043778.690148,1117167,-0.03,0.14,0.07,56.06,72.81,269.19,1.75,-3.62,-0.31,0.02,0.00,0.09,30.44,77.50,138.94,-0.37,-2.50,0.75,8,6
1772043778.880614,1117357,-0.05,0.01,0.01,56.25,72.94,269.00,-0.13,2.37,0.06,-0.05,-0.02,0.08,30.50,77.44,138.87,-0.44,1.00,0.31,7,6
1772043779.071281,1117548,0.02,0.00,0.05,55.25,72.81,269.06,-1.37,-0.37,0.31,-0.06,-0.05,0.12,30.56,77.44,138.87,-0.62,-0.69,0.25,7,5
1772043779.260860,1117737,0.23,0.00,0.04,55.88,72.94,269.25,-0.81,-0.50,0.00,-0.05,-0.01,0.00,30.81,77.56,138.87,-0.50,-2.06,-0.50,7,5
1772043779.452263,1117929,0.12,-0.09,0.05,56.00,72.87,269.06,1.69,2.06,1.00,-0.06,0.04,0.09,31.31,77.75,138.87,1.62,-0.25,-0.19,8,5
1772043779.643055,1118120,0.02,-0.04,0.07,55.06,72.75,268.75,2.75,-0.13,0.88,-0.05,-0.02,0.05,31.50,77.87,138.69,-1.62,-1.62,-0.94,5,3
1772043779.833507,1118310,0.06,0.04,0.05,55.19,72.75,268.75,-0.13,0.00,-0.88,-0.03,-0.09,0.05,32.00,78.37,138.75,3.31,1.44,-2.12,5,2
1772043780.022570,1118500,0.05,0.06,0.00,55.06,72.94,269.00,0.44,0.19,0.62,-0.14,0.34,0.00,29.62,78.25,138.81,5.56,0.81,-0.50,5,2
1772043780.213550,1118690,0.01,0.12,0.03,54.69,73.00,269.19,-0.37,2.44,-0.69,-0.07,0.02,0.08,29.87,78.31,138.75,0.06,-0.81,1.12,5,2
1772043780.405333,1118882,0.06,0.00,0.07,53.69,72.94,269.25,-2.00,-1.31,-0.88,-0.09,0.02,0.10,30.19,78.19,138.75,-2.25,0.94,1.19,5,2
1772043780.595792,1119073,-0.02,0.31,-0.01,54.94,72.81,268.81,5.00,1.94,7.75,0.05,-0.05,0.08,32.50,77.62,138.56,0.31,2.44,4.81,5,1
1772043780.786694,1119263,0.05,-0.21,0.09,54.75,71.87,267.12,-2.75,-2.06,-0.44,-0.02,0.05,0.01,32.88,77.19,138.31,0.13,0.31,-1.00,5,1
1772043780.977326,1119454,0.05,0.07,0.10,55.63,72.25,267.81,-1.25,-1.81,-0.50,-0.03,-0.01,0.07,32.56,77.06,138.31,-1.44,1.12,0.81,5,1
1772043781.167056,1119643,-0.11,-0.08,-0.11,57.75,72.75,268.25,-5.19,-5.62,-2.69,0.00,-0.10,0.07,32.63,77.06,138.50,-3.00,-0.13,-1.56,5,2
1772043781.358472,1119835,0.16,0.37,0.11,57.44,73.37,270.87,-11.44,2.94,-5.25,-0.04,0.09,0.10,32.69,77.25,138.81,-1.75,-2.69,1.19,4,2
1772043781.548742,1120026,0.03,0.10,0.12,56.25,73.87,272.06,0.44,0.62,-1.56,-0.04,0.00,0.04,33.69,77.31,138.81,0.00,0.56,0.13,4,2
1772043781.739522,1120216,0.04,0.01,0.00,56.44,73.87,271.62,3.00,-3.06,1.19,-0.05,-0.07,0.07,33.50,77.25,138.81,0.31,0.44,-0.19,5,2
1772043781.930233,1120407,0.02,0.07,-0.02,57.31,73.87,271.12,0.62,-0.50,0.94,-0.02,-0.02,0.06,33.19,77.31,138.81,0.56,-0.31,-1.25,4,3
1772043782.120675,1120598,0.00,0.03,0.09,57.25,73.56,270.69,3.25,1.00,2.56,0.03,-0.07,0.11,31.75,77.19,138.75,1.00,-0.56,-0.69,4,3
1772043782.311703,1120789,0.10,0.11,0.04,57.13,73.37,270.25,-0.81,0.19,2.25,-0.09,0.00,0.13,30.69,77.25,138.87,0.69,1.12,-0.62,3,3
1772043782.502516,1120979,0.01,-0.04,-0.03,57.81,73.12,269.69,0.31,0.69,1.81,-0.03,-0.02,0.12,30.25,77.31,138.94,-0.31,-0.44,-0.56,4,4
1772043782.692909,1121170,0.07,-0.07,0.07,57.63,72.87,269.44,-0.37,1.12,1.00,-0.04,-0.03,0.07,29.75,77.31,139.00,0.31,0.25,-0.81,4,4
1772043782.882426,1121359,-0.04,0.00,0.06,57.63,72.69,269.44,2.19,-1.06,0.50,0.00,0.00,0.11,29.81,77.44,139.06,-0.69,-1.62,0.81,4,4
1772043783.073348,1121550,0.07,0.06,0.07,57.69,72.81,269.37,0.00,-1.56,1.81,-0.06,-0.05,0.13,29.81,77.37,139.06,0.37,0.50,0.06,4,4
1772043783.264973,1121742,0.00,-0.01,0.01,59.00,72.81,269.06,-0.50,-1.00,0.06,-0.06,-0.03,0.09,29.87,77.37,139.06,-0.25,-0.06,0.31,6,4
1772043783.455096,1121932,0.07,0.09,0.08,58.94,72.94,269.31,-0.56,0.50,0.19,-0.03,0.00,0.11,29.87,77.37,139.06,0.31,0.44,-0.44,7,5
1772043783.646424,1122123,-0.09,0.06,-0.13,59.38,72.87,269.19,0.31,-0.06,-0.19,-0.01,-0.11,0.17,29.87,77.44,139.12,-1.75,-1.81,-0.56,8,5
1772043783.836202,1122313,0.12,0.13,0.18,58.06,72.75,269.31,0.44,0.75,0.88,-0.08,0.00,0.05,30.12,77.56,139.19,0.44,0.31,-0.25,8,4
1772043784.027291,1122504,0.00,0.03,0.09,58.56,72.69,269.06,-1.69,-0.44,0.62,-0.07,-0.01,0.12,29.94,77.62,139.19,-0.13,-0.50,0.06,8,4
1772043784.218174,1122695,-0.04,0.01,0.02,58.75,72.81,269.31,-0.62,0.06,-0.19,-0.07,0.04,0.20,30.00,77.62,139.25,-1.44,0.50,-0.25,8,4
1772043784.408528,1122885,0.00,0.04,0.02,59.00,72.81,269.37,0.94,-1.56,0.13,-0.03,-0.17,0.14,29.69,77.50,139.31,0.88,0.88,-0.56,8,4
1772043784.598939,1123076,0.00,0.03,0.05,59.44,72.75,269.25,0.25,-0.88,1.25,-0.03,0.00,0.11,29.62,77.50,139.19,0.75,0.62,0.25,8,4
1772043784.789523,1123266,0.02,-0.01,0.03,59.75,72.69,269.12,-1.50,-0.06,0.13,-0.04,-0.01,0.22,29.69,77.56,139.25,-0.69,-1.50,0.56,8,4
1772043784.979957,1123457,-0.02,0.02,0.07,59.75,72.87,269.31,-1.31,0.69,-1.62,-0.06,0.02,0.12,30.87,77.56,139.19,-1.06,-0.37,0.69,8,4
1772043785.170988,1123648,0.08,0.03,0.04,59.69,72.94,269.56,-0.37,-1.12,0.00,-0.03,-0.05,0.16,30.81,77.50,139.25,1.06,1.69,0.19,7,5
1772043785.361591,1123838,-0.01,0.11,0.05,59.81,73.06,269.62,-0.75,1.37,-0.69,-0.04,0.00,0.11,31.12,77.56,139.25,-0.06,0.25,0.13,6,3
1772043785.552525,1124029,0.02,0.01,0.07,59.94,73.00,269.50,-0.50,-2.44,1.62,-0.06,-0.01,0.05,31.00,77.56,139.31,-1.19,-0.75,-0.44,5,3
1772043785.742904,1124220,0.00,0.09,-0.01,60.44,72.94,269.44,0.19,-0.37,-1.25,-0.04,-0.02,0.15,31.25,77.56,139.31,0.56,0.81,0.75,4,3
1772043785.933289,1124410,0.02,0.06,0.04,60.44,72.94,269.37,-0.75,-1.00,0.56,-0.14,0.06,0.07,31.31,77.56,139.25,-0.25,-1.31,-0.31,4,4
1772043786.124070,1124601,0.03,0.07,0.07,60.75,73.00,269.31,0.06,0.62,-0.31,-0.08,0.02,0.16,31.37,77.56,139.25,0.62,0.44,0.13,5,3
1772043786.314803,1124792,0.03,-0.01,0.00,60.94,72.94,269.06,1.00,1.06,0.50,-0.08,-0.01,0.17,31.37,77.56,139.25,-0.56,-0.44,-0.31,5,3
1772043786.505376,1124982,0.04,0.06,0.06,60.69,72.94,269.12,0.19,0.69,-0.75,-0.07,0.01,0.12,31.69,77.69,139.25,-0.13,-0.25,0.13,6,3
1772043786.695731,1125173,0.12,0.01,0.22,60.31,72.81,269.12,-1.75,-1.06,1.25,-0.14,0.06,0.10,31.50,77.62,139.25,-0.69,0.44,-0.31,6,3
1772043786.886473,1125363,0.02,0.13,0.00,61.38,73.06,269.19,-0.25,-0.25,-0.19,-0.07,0.00,0.19,31.37,77.50,139.31,0.69,1.25,0.81,6,3
1772043787.077571,1125554,0.00,0.01,0.00,61.69,73.06,269.06,-1.44,-0.06,-0.50,-0.07,0.00,0.17,31.25,77.37,139.19,-0.62,-0.44,-0.37,6,2
1772043787.267849,1125745,-0.01,0.08,0.02,61.56,73.12,269.31,-0.81,0.19,0.00,-0.04,0.02,0.13,31.56,77.50,139.25,0.00,-0.88,-0.06,7,2
1772043787.458747,1125935,-0.03,0.00,0.04,61.19,73.12,269.31,-0.62,-0.25,0.06,-0.12,0.01,0.11,31.56,77.50,139.25,-0.62,-1.31,-0.13,7,2
1772043787.648986,1126126,0.05,0.08,0.09,61.06,73.19,269.44,-0.25,1.31,-0.19,-0.03,0.00,0.15,31.87,77.56,139.31,0.06,0.06,0.00,8,2
1772043787.838639,1126316,0.07,0.06,0.16,61.19,73.19,269.31,1.56,0.37,-1.12,-0.09,0.04,0.15,32.25,77.31,138.94,3.50,2.69,3.06,8,2
1772043788.030756,1126507,0.07,-0.12,0.00,61.94,73.69,269.00,-2.19,-1.44,-0.25,-0.06,0.00,0.20,32.63,77.06,138.62,-2.37,-0.62,-0.69,8,2
1772043788.221088,1126698,0.02,0.16,-0.05,62.75,73.81,269.56,-0.69,-1.06,-0.19,-0.10,0.07,0.10,32.38,77.00,138.81,-0.25,-0.31,0.19,7,2
1772043788.411540,1126888,0.01,0.11,0.02,62.44,73.75,269.44,-0.94,0.94,-0.88,-0.04,0.05,0.11,32.31,77.06,138.87,0.25,0.37,-0.19,7,2
1772043788.601813,1127079,0.05,-0.07,0.08,62.19,73.69,269.25,1.25,-1.69,-1.75,-0.06,-0.03,0.08,32.38,76.87,138.69,0.50,0.19,0.37,6,2
1772043788.791228,1127268,0.03,0.00,0.01,62.31,73.81,269.25,1.19,5.00,-0.13,0.00,-0.02,0.17,32.13,76.81,138.69,-0.44,-1.37,-0.06,6,2
1772043788.983063,1127460,0.04,0.07,0.12,61.56,73.69,269.25,0.06,-0.19,0.19,-0.08,0.01,0.19,32.31,76.81,138.69,0.00,0.56,0.13,6,2
1772043789.173819,1127651,0.00,0.11,0.02,61.38,73.62,269.06,0.00,-0.25,-0.06,-0.05,0.01,0.11,32.31,76.81,138.69,0.31,0.37,-0.06,5,3
1772043789.364827,1127841,-0.11,0.00,-0.02,62.00,73.56,268.87,-0.81,-2.50,-0.06,-0.03,0.04,0.08,32.38,76.87,138.69,-0.31,-0.69,-0.13,4,2
1772043789.554892,1128032,0.09,0.04,0.12,61.44,73.50,269.00,-0.62,1.31,-1.19,-0.03,0.01,0.10,32.50,76.87,138.75,-0.25,-0.19,-0.06,4,2
1772043789.744995,1128222,0.06,0.10,0.10,61.31,73.56,269.12,0.31,-0.94,0.37,-0.08,-0.04,0.15,32.50,76.87,138.75,0.06,0.62,0.19,4,2
1772043789.936603,1128414,-0.01,0.08,0.01,61.56,73.62,269.12,-0.94,1.69,-1.75,-0.08,0.03,0.15,32.63,76.94,138.81,0.25,0.56,-0.37,4,2
1772043790.127117,1128604,-0.05,-0.04,0.04,61.56,73.56,269.12,0.13,-2.50,0.37,-0.04,0.01,0.12,32.50,76.94,138.87,-0.19,0.13,-0.81,4,2
1772043790.317543,1128794,0.06,-0.01,0.02,62.06,73.50,269.19,0.13,-0.56,0.00,-0.03,0.00,0.12,32.44,76.94,138.87,0.50,-0.13,0.00,4,2
1772043790.508030,1128985,0.07,0.03,0.05,62.31,73.56,269.19,-0.56,-1.00,0.19,-0.07,-0.02,0.10,32.31,76.94,138.87,1.00,1.31,0.00,5,2
1772043790.697979,1129175,0.04,-0.04,0.07,63.25,73.56,269.31,-2.94,2.44,0.31,-0.07,0.02,0.15,31.56,77.00,139.19,0.50,-0.13,-1.75,6,2
1772043790.889406,1129367,0.04,0.02,0.11,62.94,73.31,269.25,1.94,-0.13,1.81,-0.05,0.04,0.15,31.19,77.06,139.25,1.44,0.25,-0.25,6,2
1772043791.079959,1129557,0.00,-0.03,0.01,63.38,73.25,269.00,0.62,0.00,-0.50,-0.04,0.04,0.15,31.44,77.19,139.19,0.00,-0.37,0.06,6,1
1772043791.270556,1129748,0.02,0.05,0.07,63.31,73.31,269.06,0.88,-0.69,0.81,-0.06,0.03,0.11,31.44,77.19,139.19,0.56,0.19,-0.19,7,1
1772043791.461392,1129938,0.00,-0.01,0.04,63.50,73.19,268.94,0.00,0.25,-1.19,-0.06,0.05,0.11,31.56,77.25,139.25,0.31,1.06,-0.31,6,2
1772043791.651405,1130128,0.02,-0.01,0.10,63.38,73.25,268.94,0.56,-1.44,0.56,-0.06,0.02,0.14,31.56,77.25,139.25,0.31,0.06,-0.13,6,2
1772043791.843000,1130320,-0.07,-0.07,-0.04,64.19,73.31,269.00,-2.19,0.13,-0.06,-0.10,0.05,0.09,31.81,77.31,139.37,-1.19,-0.31,-0.56,7,1
1772043792.033303,1130510,0.23,0.13,0.26,62.13,72.69,270.06,-4.44,3.00,0.50,0.00,-0.04,0.14,30.75,77.00,139.31,-0.88,-1.44,0.37,7,2
1772043792.224134,1130701,-0.05,-0.02,0.08,62.31,72.75,270.69,-6.12,0.31,-3.31,0.02,-0.04,0.06,31.50,77.25,139.50,0.00,0.25,1.62,6,2
1772043792.413840,1130891,0.06,0.22,0.14,60.75,73.25,273.19,-11.13,4.75,-5.19,-0.10,0.05,0.17,31.81,76.75,139.37,-0.88,-0.37,0.81,7,2
1772043792.604118,1131081,-0.10,0.10,-0.03,62.13,73.56,274.19,-0.75,0.13,0.50,-0.07,0.01,0.09,32.63,76.75,139.25,-1.00,-0.37,-0.06,6,2
1772043792.795450,1131273,0.02,0.02,0.11,60.81,73.37,274.12,1.44,2.37,0.13,-0.08,0.11,0.08,32.81,76.81,139.37,-0.25,-1.19,-0.25,5,2
1772043792.986464,1131464,0.00,0.06,0.03,59.75,73.31,273.94,1.44,0.81,-0.06,-0.05,0.05,0.06,32.94,76.87,139.37,-0.44,0.13,-0.44,5,2
1772043793.177265,1131654,0.00,-0.03,0.13,59.69,73.06,273.31,2.25,-2.12,1.31,-0.04,0.00,0.08,32.88,76.87,139.37,0.00,-0.37,0.44,4,2
1772043793.368270,1131845,0.01,0.03,0.02,60.88,73.12,273.06,-0.25,-0.88,-0.31,-0.05,-0.02,0.07,32.94,76.87,139.44,0.00,-0.37,-0.25,4,2
1772043793.557476,1132035,0.05,0.03,0.05,60.81,73.06,273.00,-0.19,0.88,1.31,-0.09,-0.03,0.14,32.31,76.94,139.56,1.37,0.37,-0.88,4,2
1772043793.748929,1132226,-0.02,-0.11,0.07,61.31,72.87,272.50,0.56,0.75,-0.13,-0.06,0.04,0.09,32.13,77.12,139.56,0.13,0.06,-1.06,5,2
1772043793.940042,1132417,0.01,-0.05,0.14,61.63,72.69,272.19,1.56,-2.25,1.87,-0.01,-0.01,0.14,31.94,77.06,139.56,-0.19,-0.69,-0.13,5,2
1772043794.131481,1132608,-0.16,0.07,-0.08,65.31,73.19,271.94,1.94,-9.31,-0.19,-0.05,0.04,0.06,32.75,76.75,139.19,1.12,1.62,2.81,5,2
1772043794.321987,1132799,0.16,0.01,-0.01,66.37,73.50,271.69,0.81,-0.25,0.50,-0.07,-0.03,0.30,32.44,76.19,138.87,0.50,0.81,-0.31,4,3
1772043794.511497,1132988,-0.17,0.13,-0.09,67.37,73.62,271.25,3.06,0.19,1.50,0.00,-0.07,0.03,32.75,76.37,138.75,-0.75,-3.56,-0.19,4,3
1772043794.702680,1133180,0.22,0.19,0.16,63.69,73.06,270.62,4.50,5.31,-0.13,-0.04,0.05,0.03,32.88,76.56,138.81,-1.06,-0.19,-0.75,4,3
1772043794.893785,1133371,0.00,-0.22,0.01,60.56,72.94,269.19,4.87,2.69,1.75,0.05,-0.02,-0.02,32.81,76.31,138.75,-1.00,0.50,1.19,4,3
1772043795.084119,1133561,0.11,0.21,0.09,59.19,72.75,269.31,-1.06,3.81,-0.50,0.07,0.05,0.20,32.88,75.87,138.62,-0.69,1.62,1.50,4,3
1772043795.273574,1133751,-0.08,0.02,0.05,59.75,72.62,269.12,-1.87,0.56,1.00,0.00,0.00,0.05,32.94,75.81,138.62,-0.31,0.37,-0.50,4,3
1772043795.463281,1133940,0.13,0.08,0.09,59.81,72.50,269.50,-4.75,-1.81,0.25,-0.03,0.04,-0.03,33.06,75.94,138.75,0.37,-1.06,-0.06,5,3
1772043795.655287,1134132,-0.47,0.20,-0.07,59.69,72.37,269.94,3.50,7.19,-3.12,-0.07,0.01,0.19,33.06,75.94,138.75,-0.81,0.44,-0.31,5,3
1772043795.847055,1134324,-0.03,0.11,0.07,58.25,72.19,270.06,-0.44,-1.25,-0.06,-0.01,0.04,0.08,33.13,76.00,138.75,-0.25,-0.06,-0.56,5,3
1772043796.038281,1134515,0.14,-0.09,0.10,59.00,72.19,269.87,-0.25,-2.69,1.50,-0.04,0.00,0.12,32.88,75.94,138.75,0.25,-0.13,0.31,5,3
1772043796.228787,1134706,0.02,0.12,0.05,66.44,71.87,268.81,-5.00,-15.25,19.56,-0.01,0.00,-0.09,33.88,76.19,138.75,-0.19,-1.50,0.69,6,2
1772043796.419067,1134896,-0.04,-0.26,0.05,68.81,70.44,266.44,5.94,2.69,-2.94,-0.01,0.03,0.11,33.19,76.12,138.87,0.25,0.00,-1.19,6,1
1772043796.610093,1135087,0.06,0.03,0.00,68.06,70.75,267.06,-2.50,-0.88,-0.13,-0.03,0.02,0.11,33.25,76.25,138.94,-0.25,-0.19,0.00,5,1
1772043796.802432,1135279,0.03,-0.01,0.01,68.50,71.06,267.75,-4.50,2.75,-2.56,-0.06,0.02,0.08,32.63,76.31,139.06,-0.25,0.00,-1.56,6,2
1772043796.995118,1135472,-0.03,0.01,0.00,68.00,71.31,268.69,0.44,0.62,-1.62,-0.08,0.02,0.07,32.69,76.37,139.12,0.06,0.56,0.44,7,2
1772043797.186686,1135664,0.04,0.14,0.04,67.31,71.50,269.06,-0.62,0.37,-1.25,-0.07,0.01,0.08,32.69,76.37,139.19,0.69,1.25,-0.31,8,1
1772043797.378533,1135855,-0.01,-0.02,0.00,67.50,71.44,268.81,0.50,-0.88,-0.25,-0.04,0.00,0.06,32.56,76.37,139.12,-0.31,-0.56,0.00,7,1
1772043797.568732,1136046,0.13,0.09,0.00,67.44,71.44,268.87,0.56,1.12,-0.37,-0.05,0.03,0.07,32.81,76.50,139.06,1.19,-0.19,0.06,7,2
1772043797.760201,1136237,0.14,0.06,0.06,69.31,72.37,267.25,21.37,-15.63,-5.19,-0.04,0.00,0.04,32.00,76.50,139.06,1.44,-0.25,-1.19,8,3
1772043797.951649,1136429,0.02,-0.23,0.12,70.56,74.00,263.75,20.12,-6.62,-2.37,0.04,-0.13,0.15,31.56,76.50,139.31,-0.19,0.62,0.56,8,3
1772043798.143017,1136620,-0.07,0.07,0.16,71.94,74.37,262.19,4.12,-6.06,2.37,-0.02,0.11,0.09,30.69,76.50,139.37,-2.25,-0.56,-1.06,8,3
1772043798.332331,1136809,0.00,-0.09,0.02,73.69,74.06,261.06,2.56,-0.19,0.31,-0.04,-0.09,0.11,30.37,76.12,139.06,1.00,0.81,0.50,9,3
1772043798.522265,1137000,0.07,0.16,0.02,73.06,74.00,261.37,-3.69,3.06,-0.94,0.00,0.02,0.01,30.50,76.37,139.25,0.56,0.31,0.25,10,3
1772043798.713957,1137191,-0.01,-0.11,0.16,71.75,73.75,261.44,-1.81,2.00,2.00,0.00,-0.01,0.08,30.44,76.31,139.25,0.13,-0.94,-1.19,9,3
1772043798.905122,1137382,0.09,0.02,0.09,71.56,73.56,261.81,-2.00,2.06,-1.37,-0.15,0.01,0.07,30.31,76.37,139.37,-0.25,0.50,0.06,8,3
1772043799.098449,1137575,0.04,-0.06,0.06,71.87,73.56,262.19,-3.87,0.50,2.00,-0.04,0.00,0.06,30.25,76.37,139.37,-0.13,-0.25,0.31,8,3
1772043799.289310,1137766,0.00,-0.04,0.06,72.62,73.44,262.69,-2.81,0.69,-1.31,-0.06,-0.02,0.09,30.81,76.31,139.31,0.06,-0.75,0.44,9,3
1772043799.482044,1137957,-0.07,-0.17,0.10,71.62,73.62,264.19,-12.25,7.62,-1.06,-0.08,-0.04,0.11,30.44,76.31,139.37,0.62,-0.13,-1.00,9,3
1772043799.670696,1138148,0.05,0.35,0.08,70.00,73.50,267.37,-6.06,2.00,0.44,0.04,0.02,0.08,30.87,76.56,139.62,-3.00,-2.12,0.13,9,2
1772043799.864576,1138342,-0.05,0.02,0.08,68.87,73.69,267.87,-0.13,2.69,0.69,-0.05,0.00,0.05,30.56,76.50,139.56,-0.88,0.56,-0.81,8,2
1772043800.055882,1138533,-0.06,-0.07,0.01,67.56,73.50,268.50,-5.37,5.75,-2.06,-0.05,0.01,0.08,30.69,76.50,139.62,-0.13,0.44,0.44,8,2
1772043800.246755,1138724,0.00,-0.01,-0.01,65.75,73.19,269.87,-6.75,4.94,0.25,-0.06,0.02,0.07,30.69,76.56,139.75,-0.62,0.31,-0.75,8,2
1772043800.437772,1138915,-0.10,0.08,-0.07,64.44,72.56,271.87,-22.37,12.13,1.69,0.02,-0.03,0.01,30.56,76.62,139.75,-1.44,-0.88,-0.25,7,3
1772043800.626749,1139104,0.06,0.10,-0.06,61.38,72.37,273.69,4.19,-1.81,-6.12,0.03,0.01,0.00,30.75,76.50,139.44,7.31,4.25,2.31,7,2
1772043800.818633,1139296,0.13,0.38,0.00,58.19,73.25,274.12,7.12,3.19,-0.44,-0.06,-0.03,-0.03,28.25,75.75,138.87,-1.06,-0.69,-3.12,8,2
1772043801.009315,1139487,0.13,0.06,0.14,53.69,72.19,272.50,8.25,13.44,-0.31,-0.07,-0.01,0.05,27.12,76.00,138.94,6.06,2.25,0.69,7,3
1772043801.199789,1139677,-0.05,-0.25,0.20,44.19,72.19,269.12,40.75,3.56,-2.87,-0.10,0.12,0.33,25.69,75.00,138.12,5.44,8.75,3.31,6,2
1772043801.389792,1139867,-0.03,-0.17,-0.08,42.63,71.12,265.37,4.25,-2.00,7.69,-0.03,-0.09,0.21,24.56,74.00,137.69,-3.19,-0.75,-0.81,5,3
1772043801.579406,1140057,-0.10,0.25,-0.07,43.38,70.75,264.81,0.00,4.25,-1.75,-0.11,0.07,-0.10,24.62,74.44,138.06,2.69,-2.00,1.06,4,2
1772043801.771453,1140249,0.10,-0.13,0.17,39.50,70.19,264.06,8.75,4.19,-0.44,-0.10,-0.03,0.14,25.81,74.50,137.94,-2.00,-0.56,1.19,4,2
1772043801.962392,1140439,0.08,0.05,0.08,37.06,70.00,263.94,-1.25,0.50,-2.87,-0.08,0.11,-0.02,26.37,74.62,138.25,-2.06,-0.88,-0.56,7,4
1772043802.152654,1140630,0.11,0.05,0.04,36.44,69.94,264.00,4.12,-2.19,0.25,-0.05,-0.12,0.00,26.56,74.25,138.00,0.44,-0.94,1.25,6,5
1772043802.343404,1140820,0.11,0.10,0.06,36.13,70.00,263.94,-4.25,2.31,-1.56,-0.05,0.04,0.06,27.19,74.62,138.19,-1.25,-1.37,-0.75,6,5
1772043802.532839,1141010,0.00,-0.04,0.03,36.19,69.94,264.19,-2.87,0.50,0.37,0.00,-0.02,0.01,27.06,74.87,138.44,-1.50,-1.56,-1.31,6,4
1772043802.724621,1141202,0.07,0.12,0.13,36.00,69.94,264.87,-3.62,0.06,-2.31,-0.01,-0.12,0.09,27.19,74.75,138.25,1.87,-1.00,0.13,6,4
1772043802.915105,1141392,0.07,0.00,0.00,37.63,70.56,265.25,-4.50,-5.87,1.87,0.00,-0.17,0.09,26.44,74.50,138.00,0.56,-0.94,-1.56,6,4
1772043803.105869,1141583,-0.02,0.15,-0.01,39.88,70.94,265.87,-8.44,1.37,-5.81,-0.04,0.08,0.25,26.19,75.31,138.50,-1.94,-3.75,-3.12,6,5
1772043803.294755,1141772,0.08,0.03,0.04,40.00,70.75,266.31,0.81,1.37,1.50,0.00,0.01,0.04,25.31,75.69,138.75,3.81,2.81,0.69,6,4
1772043803.486041,1141963,-0.06,-0.06,-0.01,40.13,70.62,265.81,-0.62,-0.19,-0.75,-0.09,0.05,-0.01,25.50,75.87,138.69,-2.31,-2.25,-1.50,6,4
1772043803.677235,1142155,0.13,0.14,0.13,38.06,70.44,266.06,4.25,2.94,-0.50,-0.05,-0.11,0.12,25.75,75.25,138.19,2.94,5.37,4.56,7,4
1772043803.868383,1142345,-0.12,0.05,-0.05,37.44,70.69,265.69,-4.81,0.13,-4.75,-0.09,0.05,-0.01,26.87,75.31,138.12,-0.56,-0.62,-2.19,4,3
