host_time_s,t_ms,ax1,ay1,az1,roll1,pitch1,yaw1,gx1,gy1,gz1,ax2,ay2,az2,roll2,pitch2,yaw2,gx2,gy2,gz2,emg1,emg2
1772044173.461389,1510002,0.35,0.84,0.47,65.87,67.75,289.00,-15.81,-15.00,-16.81,0.04,0.06,-0.35,13.25,74.75,189.94,-11.50,-10.38,-4.81,1,5
1772044173.462161,1510191,-0.10,0.15,0.12,72.19,70.56,291.25,2.37,-9.75,-6.19,0.06,0.09,-0.06,11.00,75.25,191.87,0.25,4.62,-1.50,1,5
1772044173.462758,1510381,-0.14,0.38,-0.04,73.37,72.06,289.25,43.69,-8.94,-0.19,0.00,0.01,0.04,8.31,75.00,192.06,5.37,1.50,-5.37,1,5
1772044173.463306,1510573,-0.35,-0.94,0.25,72.69,72.31,280.62,30.25,-11.25,7.75,0.02,0.26,-0.17,2.12,76.00,193.00,5.62,-3.56,-7.50,1,5
1772044173.463826,1510764,-0.10,0.27,-0.06,73.00,70.00,274.87,32.69,1.94,8.31,-0.02,0.06,0.08,0.25,75.75,193.12,-0.81,5.56,3.62,1,5
1772044173.464336,1510955,-0.33,-0.11,-0.12,65.37,68.37,266.81,49.00,6.37,6.44,0.03,-0.08,0.07,3.50,74.81,193.31,-3.56,3.81,2.19,2,6
1772044173.464850,1511144,0.20,-0.29,0.27,54.63,66.81,261.69,15.25,9.13,0.19,0.01,0.12,-0.27,2.06,75.12,192.44,15.88,-3.50,-2.00,2,6
1772044173.465354,1511334,0.08,-0.21,0.50,51.19,64.94,259.62,12.06,17.19,10.13,0.11,-0.22,0.11,-1.62,75.56,191.56,-1.44,9.94,0.75,2,5
1772044173.465861,1511526,-0.25,-0.26,0.07,51.19,63.75,257.81,-5.25,-9.94,1.87,-0.20,0.12,-0.06,0.06,75.06,191.31,9.63,-0.37,4.69,2,3
1772044173.466366,1511718,-0.06,-0.10,-0.16,53.00,64.94,257.19,16.69,-1.50,2.81,0.05,0.03,-0.03,0.13,74.87,189.75,-0.94,2.69,-3.06,3,3
1772044173.466874,1511908,-0.01,-0.41,0.00,52.25,63.88,253.69,5.06,-3.75,0.81,-0.03,-0.20,-0.04,2.00,74.12,191.25,-13.38,5.62,2.62,3,4
1772044173.611246,1512098,-0.18,-0.16,0.07,51.69,65.25,254.50,-3.00,0.06,-14.25,0.00,0.09,0.06,4.87,73.87,192.37,-5.69,-2.44,-2.25,3,3
1772044173.800917,1512287,0.14,-0.29,0.36,51.69,66.62,259.69,-39.50,-1.25,-11.00,-0.05,0.09,-0.07,3.75,74.12,193.06,-2.37,-0.75,-0.75,3,3
1772044173.992955,1512479,-0.04,0.43,0.05,57.88,69.00,264.87,-7.12,-9.38,-9.19,-0.03,-0.01,-0.02,5.31,74.00,193.44,-2.81,3.31,2.94,3,4
1772044174.183884,1512671,0.09,0.11,-0.06,62.06,70.94,266.00,-4.00,-11.81,-2.75,-0.03,-0.03,0.14,6.50,73.56,193.06,4.00,4.00,2.19,3,3
1772044174.375006,1512862,-0.21,0.10,-0.17,67.25,72.00,266.00,2.87,-4.19,-1.56,0.00,0.05,0.01,7.62,73.31,192.69,-2.81,1.37,2.56,3,2
1772044174.564418,1513051,0.16,0.21,-0.24,60.38,71.94,265.25,22.56,21.06,-3.00,-0.04,-0.03,0.24,9.69,72.56,192.31,-1.37,2.69,3.19,4,3
1772044174.753605,1513240,0.05,-0.27,0.11,53.06,70.69,262.56,7.94,5.62,6.25,0.07,0.00,0.07,9.88,72.94,191.94,0.19,-5.25,-2.31,4,4
1772044174.946323,1513433,0.22,0.08,0.34,59.00,68.87,264.75,-47.81,-3.31,4.56,-0.03,0.07,-0.22,8.38,73.50,192.12,-2.69,-5.06,-3.25,4,4
1772044175.138356,1513625,0.18,0.05,-0.01,64.75,70.19,267.37,3.81,-9.56,-6.62,-0.01,0.02,0.08,9.25,73.44,192.37,-1.31,2.00,2.44,4,4
1772044175.330777,1513817,-0.01,0.03,0.02,70.19,71.37,267.19,-3.37,-12.25,1.44,-0.03,0.00,0.01,9.44,73.25,192.31,0.37,-0.75,-0.19,4,4
1772044175.522373,1514009,-0.12,0.00,-0.01,76.50,71.94,267.19,-5.06,-6.69,-4.00,-0.07,0.06,-0.10,9.75,73.25,192.06,1.00,-1.00,0.50,3,3
1772044175.711584,1514198,-0.02,-0.16,0.00,78.50,72.81,268.94,-10.38,-0.50,-1.31,-0.04,-0.08,0.06,9.63,73.31,192.19,-1.75,0.56,-0.81,3,3
1772044175.901558,1514388,0.00,-0.25,0.24,82.00,72.00,273.12,-59.88,7.50,1.62,-0.06,0.13,0.08,9.13,73.69,192.69,-2.56,-2.37,-0.13,3,3
1772044176.094589,1514581,-0.14,0.50,-0.19,87.94,71.44,280.31,2.00,-8.50,5.31,0.01,0.19,0.09,10.00,73.00,193.37,-13.63,4.06,-5.56,3,3
1772044176.287172,1514773,0.20,1.05,0.06,84.81,71.19,280.00,16.75,-2.25,-9.69,-0.05,0.23,-0.07,9.81,72.12,193.94,2.94,7.50,8.13,3,4
1772044176.477779,1514964,-0.23,0.10,0.05,81.94,73.06,272.31,56.44,-17.12,6.44,-0.02,-0.08,-0.27,14.19,69.94,190.62,2.37,-0.13,0.69,2,2
1772044176.667189,1515154,0.08,-0.29,0.09,78.75,72.06,264.56,20.00,-6.12,2.37,-0.04,-0.11,0.02,14.06,70.56,190.37,5.19,-3.00,-0.06,2,2
1772044176.856486,1515343,-0.28,0.04,-0.18,81.69,72.06,262.62,4.81,-1.75,3.37,-0.02,0.08,0.22,12.31,71.12,190.06,1.00,-3.19,-2.44,2,2
1772044177.048960,1515535,-0.17,-0.17,-0.02,81.44,71.25,262.94,-9.69,7.31,1.19,-0.10,-0.01,0.05,12.31,71.31,190.56,-2.94,0.37,0.13,2,1
1772044177.240179,1515727,-0.03,0.04,-0.02,78.44,71.56,267.87,-33.44,15.56,-4.19,0.01,0.10,0.02,12.44,71.75,191.94,-10.06,-1.75,-3.31,2,2
1772044177.431467,1515918,0.10,0.05,0.14,76.75,71.25,274.00,-24.50,0.88,-0.81,0.00,0.03,0.04,13.13,71.56,193.75,-8.94,-1.00,-2.81,2,2
1772044177.620629,1516108,0.20,0.44,0.44,77.50,70.44,285.25,-98.62,40.19,2.06,-0.04,0.07,0.10,11.69,72.06,194.62,-0.62,-3.37,-2.44,2,2
1772044177.809987,1516297,0.11,0.33,0.21,78.94,68.75,293.56,-6.00,-4.25,-2.00,-0.07,0.09,-0.19,12.13,72.19,194.75,1.31,1.06,1.69,2,2
1772044178.002154,1516489,0.35,0.11,0.13,82.44,69.12,294.69,-5.69,0.75,4.12,-0.03,0.18,0.20,12.31,72.87,194.25,2.69,-5.00,-0.75,2,2
1772044178.192824,1516680,-0.16,0.27,0.42,82.25,67.37,293.81,2.12,6.19,9.31,0.00,0.08,0.07,11.63,73.06,193.62,6.12,2.75,1.37,2,2
1772044178.384197,1516871,0.28,0.04,-0.01,82.25,67.06,292.69,6.37,-19.37,-4.31,0.06,-0.23,-0.28,10.06,73.00,190.87,13.38,-9.06,-8.50,2,3
1772044178.573492,1517060,0.03,0.05,0.00,85.31,67.25,291.62,2.44,-2.94,5.50,-0.09,0.04,0.03,6.00,74.56,190.75,2.37,-2.87,-0.37,2,3
1772044178.762877,1517249,0.03,0.20,0.12,85.56,67.44,290.75,2.00,-1.69,-3.44,-0.05,-0.02,0.04,6.56,74.44,190.62,-2.69,0.69,0.56,2,3
1772044178.954868,1517442,-0.05,-0.07,0.08,85.37,67.69,290.62,3.25,0.69,-0.50,0.00,0.00,0.00,7.50,74.06,190.87,0.13,3.19,0.94,2,3
1772044179.145867,1517633,0.13,-0.06,0.12,83.81,68.12,290.50,5.19,-1.25,-0.94,0.02,0.00,0.02,7.81,73.69,190.50,1.25,1.50,0.69,3,3
1772044179.336665,1517824,-0.07,0.13,0.01,84.31,68.00,290.06,3.00,1.12,0.06,-0.05,0.02,0.00,7.75,73.56,190.50,0.37,3.19,0.56,6,3
1772044179.526227,1518013,1.11,2.14,0.69,82.31,68.06,285.56,97.00,-35.00,-2.44,-0.07,0.12,-0.02,8.94,72.69,190.06,0.13,8.25,8.75,6,3
1772044179.718066,1518205,-0.58,-1.46,-0.03,81.25,71.31,263.62,74.50,-18.00,-7.12,0.04,-0.20,-0.07,12.69,70.81,188.62,-1.19,0.19,-0.25,6,3
1772044179.909056,1518396,-0.06,-0.37,0.12,74.87,72.12,258.31,22.37,2.06,-3.50,-0.05,-0.23,-0.27,13.56,70.50,188.69,0.31,4.56,5.37,6,3
1772044180.099560,1518586,0.26,0.40,0.09,72.19,72.06,258.19,-0.69,7.50,-1.75,0.00,-0.12,0.06,14.56,70.12,188.50,-1.56,4.56,3.00,6,3
1772044180.290453,1518777,-0.02,-0.01,-0.12,71.00,71.87,257.37,1.25,-2.87,0.31,-0.01,0.00,-0.07,15.19,69.87,188.19,0.69,-1.62,-2.00,6,3
1772044180.479534,1518966,-0.46,0.60,-0.48,63.63,71.50,255.94,39.75,32.63,1.56,-0.08,-0.11,0.28,15.56,69.75,188.25,-0.50,7.44,7.12,6,3
1772044180.669238,1519156,0.05,-0.67,0.38,45.94,68.25,249.12,37.56,12.06,6.50,-0.13,0.00,-0.27,17.25,68.62,188.37,-3.94,5.19,1.94,6,2
1772044180.861550,1519348,0.19,-0.21,0.39,41.63,66.44,247.19,0.62,2.87,0.00,-0.10,-0.36,0.15,17.56,68.31,188.94,1.37,-12.38,-8.88,6,2
1772044181.052806,1519539,-0.09,0.30,-0.18,42.38,67.25,249.31,-11.00,2.31,-3.56,-0.06,-0.08,0.04,15.00,69.37,188.44,4.56,-8.81,-7.12,6,2
1772044181.243429,1519730,0.77,-1.29,0.98,48.31,66.69,253.62,-88.19,-3.56,5.12,-0.09,-0.13,-0.15,13.75,70.62,188.87,-1.69,-6.81,-4.12,3,2
1772044181.432708,1519919,-0.51,1.67,-0.04,73.81,68.37,270.50,-104.31,5.50,-8.00,0.08,0.06,-0.01,11.75,72.75,189.81,1.37,-3.44,-0.75,3,2
1772044181.622412,1520109,0.17,1.04,0.10,80.75,68.50,284.06,-52.75,8.94,-5.37,0.05,-0.10,0.28,11.50,73.25,189.94,1.31,-2.81,-1.94,3,2
1772044181.814797,1520301,-0.11,0.29,0.00,84.31,70.81,289.62,-0.69,-6.06,-3.69,-0.02,0.00,-0.07,11.38,73.56,190.00,-0.69,1.69,0.37,4,2
1772044182.005530,1520492,0.24,0.04,0.20,84.06,71.12,288.87,3.56,-4.25,3.87,0.05,-0.06,-0.09,11.13,73.50,190.00,-0.69,-2.75,-2.44,4,3
1772044182.195543,1520683,0.19,0.44,0.07,85.44,70.81,285.62,30.12,-9.13,1.87,0.00,0.03,0.10,10.25,73.00,189.50,4.25,8.50,1.81,4,3
1772044182.385414,1520872,0.11,-0.09,0.07,83.50,71.06,278.37,35.56,-8.00,-2.62,-0.12,0.13,-0.01,9.69,71.75,189.06,-0.06,3.25,0.50,4,3
1772044182.575731,1521063,-0.18,-1.07,0.38,86.87,71.94,270.25,43.25,-29.31,6.25,-0.04,-0.20,0.10,11.31,70.81,188.62,1.44,5.31,2.44,4,3
1772044182.768024,1521255,-0.29,0.40,-0.31,92.06,72.12,268.00,4.12,1.19,-4.06,-0.05,0.27,-0.12,11.94,71.00,188.81,-7.00,-0.62,1.00,4,4
1772044182.958445,1521445,0.31,0.80,-0.13,65.19,72.25,263.12,89.75,59.81,-3.31,0.12,-0.41,0.53,14.31,69.62,189.12,-22.19,4.75,5.12,4,4
1772044183.149052,1521636,0.52,-1.11,0.74,37.88,69.44,252.50,46.75,11.50,-8.75,0.00,-0.10,-0.35,16.62,69.25,189.62,2.62,0.56,0.25,4,4
1772044183.339096,1521826,0.21,-0.51,0.58,34.81,69.12,251.69,-9.81,-1.25,15.50,-0.12,-0.01,-0.03,14.94,70.00,189.37,7.31,-10.31,-4.81,4,4
1772044183.529348,1522016,-0.43,-0.07,0.40,50.06,67.94,254.25,-81.00,2.25,1.81,-0.08,0.05,0.45,12.50,71.06,190.25,0.56,-11.69,-10.94,4,4
1772044183.721340,1522208,-0.07,0.15,-0.17,67.69,68.94,261.25,-10.00,-47.69,1.37,0.09,-0.51,0.39,11.63,72.37,190.69,-6.50,-4.69,-7.00,4,4
1772044183.911871,1522399,-0.40,0.77,0.00,84.62,72.06,262.19,-3.44,8.69,-16.19,-0.11,-0.17,0.56,10.63,71.75,191.06,-2.69,16.19,7.87,4,4
1772044184.102553,1522589,0.36,-0.54,0.19,81.50,72.19,262.12,-8.63,-4.69,0.81,0.00,-0.01,0.34,11.69,71.44,191.19,-3.56,-7.81,-1.06,5,5
1772044184.292985,1522780,-1.19,0.68,-0.54,92.81,71.12,263.06,-18.56,-12.94,1.19,-0.07,-0.09,0.08,12.50,71.06,191.44,-1.19,3.37,1.44,5,5
1772044184.482929,1522970,0.57,-0.01,0.26,76.37,71.06,261.87,62.06,30.06,-3.56,0.41,-0.32,0.76,14.13,70.87,191.62,-1.31,1.87,2.87,5,5
1772044184.674279,1523161,0.57,-0.42,0.66,55.00,70.69,255.56,30.94,34.25,-13.38,0.13,0.05,0.15,13.94,71.31,191.81,1.37,-5.37,-3.00,5,4
1772044184.865155,1523352,0.48,-0.58,0.67,47.00,69.25,255.00,-12.00,10.38,-0.81,0.04,-0.10,0.35,13.75,71.81,192.00,-1.87,0.56,-0.81,6,5
1772044185.055496,1523542,0.51,-0.25,0.62,53.88,68.56,258.37,-40.38,-24.87,5.31,-0.11,0.05,-0.10,14.06,71.87,191.94,4.94,3.00,4.19,7,6
1772044185.245602,1523732,-0.70,0.49,-0.46,74.31,70.50,261.00,-17.12,-16.19,0.88,-0.19,0.02,-0.33,13.31,72.56,192.25,1.75,1.75,-1.94,7,6
1772044185.436373,1523923,-0.31,-0.67,0.09,80.69,72.25,263.19,-30.06,-3.56,-6.37,0.00,0.00,-0.07,13.13,72.06,192.69,-3.50,2.75,-1.00,7,6
1772044185.627483,1524114,-0.04,0.74,0.16,90.87,72.06,268.87,-15.69,-33.94,6.00,0.13,-0.15,0.10,12.50,71.56,192.62,3.44,1.31,1.19,6,6
1772044185.817839,1524305,-0.51,0.24,-0.46,99.00,71.37,265.75,25.31,16.06,-0.62,0.00,-0.10,0.21,12.25,71.25,192.44,3.75,5.19,1.87,7,6
1772044186.008437,1524495,0.27,-0.14,0.50,63.44,70.62,259.69,75.87,66.37,-2.31,-0.12,-0.41,0.72,12.63,70.50,192.87,-6.06,0.69,-1.12,6,6
1772044186.198384,1524685,-0.12,-0.39,0.12,49.44,67.62,255.37,-8.31,4.94,2.81,0.07,0.11,-0.05,10.94,70.75,193.50,0.75,-0.69,-3.25,6,6
1772044186.389478,1524876,-0.02,-0.73,0.46,56.63,67.94,257.37,-47.94,-25.69,9.00,-0.05,-0.02,0.01,9.50,71.37,193.75,0.69,-4.62,-2.62,9,8
1772044186.580672,1525067,0.10,0.61,-0.11,72.75,68.44,263.37,-24.19,-6.50,-1.81,-0.02,-0.03,-0.01,9.44,71.94,193.44,-1.94,-1.75,1.19,8,8
1772044186.771058,1525258,-0.01,-0.14,0.09,76.69,69.87,263.44,17.00,-8.38,-3.25,-0.08,-0.16,0.20,10.50,71.94,193.31,3.37,1.12,1.50,8,8
1772044186.961883,1525448,-0.03,-0.41,0.00,81.50,70.00,261.50,-8.13,-13.69,3.62,-0.08,-0.15,-0.41,10.63,72.75,193.50,-0.50,-0.88,-0.75,7,7
1772044187.150837,1525638,0.00,0.22,0.04,85.87,71.00,264.81,-17.44,-0.75,-6.62,0.00,0.03,0.16,10.94,73.06,193.37,0.06,0.19,2.31,7,7
1772044187.342303,1525829,-0.01,-0.13,0.33,88.75,70.69,263.62,32.06,-24.56,8.69,0.00,-0.14,-0.14,13.00,72.37,192.94,0.44,4.87,5.31,6,7
1772044187.534026,1526021,0.14,-0.70,0.21,91.94,69.50,261.87,-26.06,-1.87,-0.56,-0.09,-0.10,-0.04,14.00,72.00,192.56,-2.06,-3.12,-0.25,6,6
1772044187.724018,1526211,0.67,1.11,0.12,95.12,69.50,268.75,1.31,10.00,-11.88,-0.02,-0.03,0.17,14.31,72.37,192.75,-0.62,2.94,1.75,5,5
1772044187.914484,1526401,-0.26,0.67,-0.16,94.00,71.37,266.12,32.44,-0.44,-4.87,-0.01,-0.02,-0.08,15.19,71.94,192.25,-1.37,2.31,3.94,5,5
1772044188.103714,1526591,0.32,0.02,0.22,70.75,72.44,259.87,64.94,61.94,-16.06,-0.15,0.00,0.23,17.00,70.94,191.69,0.81,4.25,2.94,7,5
1772044188.295546,1526782,0.61,-0.36,0.65,47.69,70.69,255.19,16.25,-1.75,1.75,-0.06,0.00,-0.03,16.94,70.50,191.50,2.69,-1.69,-2.44,4,3
1772044188.486642,1526974,-0.19,-0.33,0.20,59.75,72.94,252.62,-11.13,-39.25,7.19,-0.05,0.32,-0.04,15.69,71.12,191.69,0.37,1.50,0.94,4,3
1772044188.677675,1527164,-0.14,-0.29,0.22,79.44,73.00,254.62,-32.13,-10.00,1.00,-0.12,-0.07,-0.30,14.94,70.31,191.44,-0.69,-4.44,-3.81,5,3
1772044188.867148,1527354,-0.16,0.47,0.06,87.69,72.44,260.56,-37.44,12.63,4.56,-0.10,0.03,0.09,14.25,71.12,191.94,-2.19,0.31,-0.69,5,3
1772044189.057224,1527544,-0.21,-0.44,-0.02,88.00,71.81,265.94,-26.50,11.00,4.44,-0.02,0.07,-0.15,13.56,71.25,192.25,-1.81,-1.62,-0.62,5,3
1772044189.248237,1527736,0.41,2.16,0.34,87.62,68.87,280.87,-65.75,32.69,7.44,0.00,0.01,0.19,12.81,71.69,192.56,-0.37,2.44,1.06,5,3
1772044189.439592,1527927,-0.03,0.03,0.01,88.37,68.94,283.19,-1.06,0.56,-1.19,-0.08,0.02,0.15,13.00,71.69,192.44,0.44,-0.44,-0.44,5,3
1772044189.630484,1528117,-0.02,0.36,0.10,86.81,69.50,282.56,22.75,-0.88,-5.75,-0.03,0.01,-0.03,13.25,71.69,192.19,1.44,-0.19,0.69,5,3
1772044189.820165,1528307,0.18,-0.46,0.39,80.31,71.00,275.62,66.87,-18.75,0.69,-0.09,-0.19,0.05,13.81,71.37,191.81,0.81,2.50,1.00,5,3
1772044190.009673,1528497,0.06,-0.27,0.17,81.12,70.56,267.81,14.75,-7.12,-3.12,-0.04,0.08,0.06,12.94,71.37,191.62,2.12,-0.13,-0.81,4,3
1772044190.202017,1528689,-0.23,0.03,-0.10,82.94,71.00,266.06,6.50,-1.50,-0.13,-0.04,0.07,-0.06,12.50,71.37,191.56,-0.25,1.00,-0.06,3,2
1772044190.392750,1528880,-0.05,0.55,-0.09,72.06,70.12,262.69,53.25,26.31,-1.87,-0.08,-0.12,0.21,13.88,71.00,191.44,-2.87,0.56,2.56,4,2
1772044190.583709,1529071,0.37,-0.51,0.33,53.13,69.37,255.56,40.81,5.75,-1.87,-0.02,-0.02,-0.05,15.63,70.31,191.06,-2.31,2.25,2.75,3,2
1772044190.773346,1529260,0.13,-0.20,0.17,50.38,68.56,253.25,-2.31,4.37,-1.00,-0.02,0.01,0.00,16.19,70.62,191.37,-0.37,0.69,0.06,3,2
1772044190.963431,1529451,0.03,0.02,0.00,50.63,68.44,254.69,-12.06,-1.56,0.62,-0.09,0.06,0.02,16.56,70.62,191.37,-0.44,0.88,1.31,2,2
1772044191.155511,1529642,0.13,-0.21,0.15,55.88,68.87,256.62,-23.69,-14.75,1.62,-0.04,-0.11,0.01,17.00,70.37,191.19,-1.00,-6.00,-4.94,4,3
1772044191.346439,1529833,0.01,0.11,-0.10,67.50,70.25,261.19,-45.38,-8.13,-2.12,-0.03,-0.09,0.06,15.38,71.62,191.94,1.25,-1.87,-2.31,4,3
1772044191.536920,1530024,0.13,0.33,0.17,80.06,71.06,266.75,-23.50,-26.62,-2.31,-0.03,0.05,0.01,14.31,72.12,192.06,2.44,-1.00,-0.94,4,3
1772044191.726487,1530213,-0.33,0.22,-0.23,91.37,72.37,267.56,10.63,-5.62,-6.12,-0.03,-0.06,0.01,14.50,71.94,191.87,-0.62,1.00,1.44,4,3
1772044191.916391,1530403,0.15,-0.07,0.02,90.00,73.12,266.94,3.75,-2.00,-1.62,0.00,-0.04,0.00,14.63,71.94,191.81,0.88,-0.69,-0.62,4,3
1772044192.108214,1530595,0.03,0.06,0.05,92.56,73.25,267.06,-0.81,-3.94,-1.94,-0.06,0.06,-0.05,13.88,72.12,191.94,1.81,0.50,-0.88,4,2
1772044192.299283,1530787,0.10,-0.03,0.04,93.19,73.87,266.87,4.31,-3.00,0.81,-0.01,0.00,0.08,13.56,72.06,191.87,0.62,-0.50,-0.25,4,2
1772044192.490212,1530977,-0.36,0.55,-0.31,93.06,73.62,266.25,7.56,8.63,2.69,0.03,0.22,-0.13,13.88,72.12,191.87,-3.50,-0.37,1.75,4,3
1772044192.679733,1531167,1.19,-0.67,0.55,64.37,71.75,259.75,67.00,46.19,0.88,-0.01,-0.23,0.41,14.94,71.56,191.87,-1.31,-4.06,-3.44,4,3
1772044192.869571,1531356,-0.12,-0.25,0.51,61.13,70.69,256.25,-14.06,-4.44,3.37,-0.03,-0.12,-0.20,13.50,72.12,192.00,-2.37,-6.69,-5.69,4,3
1772044193.061558,1531548,0.09,-0.05,0.15,66.19,71.37,259.69,-24.56,-6.69,-5.44,-0.04,-0.04,0.17,11.75,72.87,192.69,-1.56,-0.44,-1.56,2,3
1772044193.252909,1531740,-0.23,0.15,-0.24,77.81,73.12,266.00,-45.81,-8.88,-7.50,-0.07,0.03,0.02,12.19,73.19,193.00,-2.69,-1.25,1.69,2,2
1772044193.444102,1531931,0.02,0.38,-0.13,87.50,75.00,273.94,-25.50,-1.31,-8.31,-0.11,-0.05,0.10,13.00,73.19,193.06,-0.69,1.00,0.69,2,2
1772044193.633292,1532121,-0.09,0.33,-0.11,89.12,76.00,278.56,-14.88,8.25,5.50,0.00,0.04,0.13,13.06,72.94,193.06,-0.37,4.00,1.69,2,2
1772044193.822491,1532310,0.41,0.57,0.12,83.44,73.37,282.12,-24.25,12.13,11.50,-0.12,-0.03,0.06,13.00,72.69,192.94,1.00,0.13,0.00,2,3
1772044194.014889,1532502,-0.13,-0.16,0.08,85.12,72.50,283.25,-19.69,1.00,5.19,-0.02,0.02,0.01,12.63,72.81,192.87,1.12,-1.87,-1.44,3,4
1772044194.206070,1532693,0.12,-0.25,0.04,85.62,71.50,284.44,-6.00,-3.25,3.00,0.00,0.06,0.09,12.56,73.00,192.94,-0.50,-3.12,-0.56,4,4
1772044194.398025,1532885,0.12,0.04,0.18,87.12,70.50,284.94,-8.06,-0.88,8.00,-0.08,-0.19,0.01,12.31,72.94,193.00,0.69,1.12,0.69,4,5
1772044194.588828,1533076,-0.12,-0.02,0.04,87.94,69.81,285.37,-13.25,0.62,3.37,-0.12,-0.17,-0.23,12.31,73.06,193.06,0.56,-0.19,0.25,4,4
1772044194.777687,1533265,0.21,0.50,0.17,87.50,69.94,283.12,56.63,-16.56,-8.69,0.09,0.07,0.09,12.13,72.81,192.81,2.12,4.00,2.06,4,4
1772044194.969187,1533456,-0.02,-0.50,0.12,86.50,70.37,274.94,21.50,-8.00,-0.56,-0.01,0.00,0.06,12.31,72.56,192.56,1.31,0.37,0.06,4,4
1772044195.159944,1533647,-0.08,0.00,-0.05,86.75,70.44,271.56,15.81,-3.87,-0.44,0.02,-0.09,0.15,12.44,72.56,192.50,0.62,1.37,1.19,4,4
1772044195.352425,1533839,-0.21,-0.11,-0.05,74.56,71.12,264.87,86.81,28.56,-7.37,-0.08,-0.22,0.37,14.25,72.00,192.25,-1.56,4.81,2.94,4,4
1772044195.544091,1534031,0.02,-0.44,0.20,56.19,69.44,257.69,22.37,11.13,4.06,-0.11,0.03,-0.10,13.81,71.69,192.56,-5.94,0.19,-4.62,5,4
1772044195.736087,1534223,0.23,-0.33,0.44,52.56,68.12,256.50,-1.69,-5.00,-0.13,0.13,0.01,-0.03,11.94,71.50,192.87,-0.75,1.12,-5.00,4,4
1772044195.926531,1534413,-0.23,0.58,0.01,66.06,68.87,261.44,-70.12,-19.37,-2.00,-0.03,-0.08,-0.19,11.38,72.00,193.00,2.31,-3.87,0.50,3,3
1772044196.115138,1534602,0.18,0.43,0.03,75.00,70.00,268.12,-23.37,3.62,-2.25,0.02,0.05,0.18,11.69,72.37,193.25,-0.44,-0.75,1.81,2,3
1772044196.307667,1534795,0.02,0.01,0.00,76.75,71.00,268.81,14.75,-8.69,-2.50,-0.05,0.00,0.00,12.25,72.12,192.94,-0.13,1.37,1.25,2,2
1772044196.499088,1534986,-0.15,-0.25,0.06,78.31,71.56,266.37,6.81,-6.44,-2.37,-0.05,0.06,0.04,12.31,72.12,192.94,0.25,-1.00,-0.62,2,2
1772044196.689839,1535177,-0.29,0.14,-0.21,78.56,71.69,265.75,4.50,5.37,-0.13,-0.03,0.02,-0.04,12.44,72.12,192.94,-1.37,-0.06,0.00,3,3
1772044196.879614,1535367,0.00,0.01,0.00,61.13,70.62,261.75,61.69,34.31,-4.00,-0.02,-0.35,0.35,13.13,71.75,192.87,-1.12,-0.81,0.62,3,3
1772044197.069014,1535556,0.22,-0.54,0.36,45.75,68.62,255.94,23.62,6.56,-0.44,0.22,-0.19,0.05,12.88,71.75,193.06,-1.25,4.06,0.56,3,4
1772044197.260810,1535748,-0.26,0.04,0.00,44.31,67.87,255.37,-11.75,1.50,3.62,0.13,0.07,-0.33,12.75,71.81,193.62,-8.19,0.88,4.00,3,4
1772044197.451662,1535939,0.30,0.20,0.01,42.75,66.25,255.81,2.56,4.81,4.44,-0.17,-0.14,0.15,16.37,69.44,193.87,-11.75,7.31,-3.75,3,4
1772044197.642245,1536130,0.20,0.08,-0.19,41.38,64.81,253.69,11.06,10.81,4.56,-0.20,0.07,0.08,13.56,68.62,195.25,0.88,0.81,-2.69,3,4
1772044197.833040,1536320,-0.39,-0.40,0.25,37.75,63.31,251.06,15.69,0.69,-1.31,-0.05,-0.04,0.05,13.94,68.44,195.50,-0.37,0.56,0.56,3,4
1772044198.022588,1536510,0.17,-1.14,0.71,41.81,62.75,251.75,-60.44,-21.56,8.06,0.03,-0.03,-0.23,13.06,69.31,195.37,0.25,-9.13,-6.12,4,4
1772044198.214205,1536701,-0.18,0.78,-0.01,64.50,66.06,260.81,-53.69,-18.19,-11.25,-0.02,0.03,0.00,12.44,71.00,196.81,-4.25,-3.87,1.62,4,4
1772044198.404628,1536892,-0.02,0.20,-0.08,70.00,69.37,265.94,3.31,-0.06,-11.75,-0.09,-0.13,0.26,14.25,70.87,196.87,2.19,3.31,1.75,4,5
1772044198.595377,1537083,-0.29,0.00,0.03,71.69,70.62,266.87,-5.25,-16.44,-2.87,0.02,0.12,-0.18,14.69,71.06,196.69,-0.13,-5.37,-2.62,3,3
1772044198.784776,1537272,-0.01,0.00,0.12,71.44,71.37,266.87,13.06,8.38,-1.19,-0.13,-0.07,0.18,14.38,71.06,196.94,-2.12,4.31,1.62,3,4
1772044198.974599,1537462,-0.72,0.53,-0.40,61.25,70.31,263.75,48.19,27.06,1.06,-0.02,-0.06,0.06,15.69,70.44,196.62,0.19,6.37,3.12,3,3
1772044199.166441,1537654,0.27,-0.45,0.68,42.06,66.75,257.56,42.38,19.31,4.50,-0.10,0.06,0.14,15.31,69.81,196.25,5.25,6.31,1.25,3,3
1772044199.357617,1537845,-0.04,-0.49,0.29,39.13,64.56,253.19,9.44,-0.69,8.13,-0.09,0.04,-0.02,14.38,69.37,196.06,1.12,2.94,-0.88,2,3
1772044199.548086,1538035,0.13,-0.86,0.16,42.63,64.25,252.44,-22.94,-14.94,2.62,-0.01,-0.20,0.00,13.94,68.81,195.06,4.62,0.19,1.69,2,3
1772044199.738014,1538225,0.22,0.51,0.09,57.75,66.62,259.06,-60.00,-10.63,-7.00,0.05,0.16,0.17,13.38,69.81,195.12,-2.31,-5.06,-2.19,3,3
1772044199.928250,1538415,-0.18,0.03,0.05,69.81,68.50,265.56,-41.13,-7.06,-6.06,0.02,0.19,0.06,13.38,71.12,196.44,-2.56,-0.88,-0.56,3,3
1772044200.120094,1538607,0.45,1.12,-0.07,74.25,70.00,272.44,-8.50,2.75,-8.63,-0.11,-0.06,0.14,14.69,70.69,196.25,-0.69,3.87,4.12,3,3
1772044200.310463,1538798,-0.03,-0.26,0.08,75.06,71.62,269.19,27.19,-15.63,3.00,0.00,-0.01,0.04,16.06,70.12,195.75,1.19,2.06,0.62,3,3
1772044200.501457,1538988,-0.12,-0.16,-0.01,78.25,71.19,266.19,0.37,-3.37,3.44,0.06,-0.10,0.06,15.88,69.87,195.56,-0.13,-2.12,-0.06,3,3
1772044200.691783,1539179,0.08,0.03,0.07,78.31,71.06,266.25,0.50,3.25,-1.81,-0.03,-0.02,0.09,16.00,69.94,195.50,0.00,-0.44,0.50,3,2
1772044200.881584,1539369,-0.97,0.56,-0.91,78.75,70.69,265.25,11.38,4.50,6.12,0.18,0.26,-0.39,16.19,69.94,195.50,-3.81,2.37,2.00,3,2
1772044201.073123,1539560,1.97,-0.14,1.49,46.75,66.94,262.44,66.00,52.38,-9.69,-0.02,0.01,0.03,16.56,68.87,195.87,-2.62,-4.81,-2.81,4,3
1772044201.263550,1539751,-0.07,-0.38,0.52,35.19,64.56,257.37,16.75,9.25,6.44,0.00,0.13,-0.35,16.37,69.50,196.25,-1.69,-3.06,-2.50,4,3
1772044201.454125,1539941,0.45,-0.57,0.60,35.75,63.38,256.06,-16.31,-16.56,5.94,-0.08,-0.08,-0.03,14.94,68.94,195.50,7.19,3.25,1.81,3,3
1772044201.644692,1540132,-0.15,0.10,-0.26,48.81,65.44,257.87,-35.00,-20.06,10.50,-0.17,0.09,0.21,13.81,69.50,195.81,-2.94,-7.44,-4.25,2,3
1772044201.835512,1540323,-0.21,0.45,-0.39,62.00,67.06,259.44,-2.12,-19.12,-0.13,0.00,-0.21,-0.02,14.50,69.44,195.31,-0.31,1.00,0.62,3,3
1772044202.026553,1540513,-0.38,-0.92,-0.04,67.87,68.69,260.37,-47.63,3.69,-1.06,-0.11,0.09,-0.31,13.50,70.06,196.12,1.19,-3.69,-2.50,3,4
1772044202.216680,1540704,0.72,2.15,0.31,77.00,66.50,275.69,-92.81,27.31,8.00,-0.04,-0.21,-0.17,13.69,70.62,196.12,-1.00,-4.00,0.13,3,4
1772044202.407069,1540894,-0.09,0.34,-0.06,78.94,66.87,280.19,18.94,-4.44,-3.62,0.00,-0.08,0.00,14.19,70.44,195.75,1.19,1.94,1.44,4,4
1772044202.597084,1541085,0.25,-0.33,0.25,74.44,67.87,274.62,47.00,-18.62,0.62,-0.03,-0.05,0.00,14.69,70.12,195.56,0.00,0.44,1.44,4,4
1772044202.787560,1541275,0.03,-0.23,0.15,74.94,67.37,268.56,13.69,-2.69,0.00,-0.01,-0.02,0.04,14.75,70.12,195.44,1.37,0.31,-0.81,4,5
1772044202.979111,1541466,-0.13,0.06,-0.04,75.37,68.56,265.94,26.56,-16.50,-3.50,-0.03,-0.02,0.02,14.81,70.06,195.37,-0.13,0.37,0.94,3,3
1772044203.169505,1541657,-0.32,0.48,-0.29,74.19,69.06,261.94,21.56,8.31,1.25,-0.01,0.02,-0.04,14.94,70.00,195.31,-1.31,-0.06,-0.69,3,3
1772044203.359744,1541847,0.21,0.06,0.17,55.81,67.50,256.62,66.50,26.37,0.88,-0.15,-0.09,0.11,14.94,69.31,195.44,-1.62,4.94,0.06,3,3
1772044203.550311,1542038,0.12,-0.50,0.32,44.56,65.00,250.94,6.25,11.44,3.37,0.03,0.07,-0.02,13.88,68.87,195.69,3.75,2.44,-0.06,3,2
1772044203.740716,1542228,0.17,0.04,0.14,44.19,64.69,250.75,-2.75,-4.56,1.37,-0.05,0.09,0.11,12.94,68.50,195.31,6.62,6.81,5.44,3,2
1772044203.932227,1542420,-0.15,-0.58,0.02,49.75,65.06,250.00,-15.56,-15.94,4.50,-0.05,0.15,0.19,13.00,68.75,195.19,1.69,-1.69,2.06,3,2
1772044204.122941,1542610,-0.16,0.15,-0.19,56.31,66.31,251.56,-3.69,-5.62,-0.50,-0.02,-0.09,-0.06,13.19,68.75,195.00,-3.06,-1.06,-3.69,2,2
1772044204.312639,1542800,-0.07,0.05,0.00,58.31,66.62,252.00,-3.87,0.13,-1.62,-0.02,-0.12,0.07,13.06,68.81,195.37,0.25,0.62,1.94,2,2
1772044204.503969,1542991,-0.05,0.14,-0.06,60.19,67.19,253.44,-10.31,-3.75,-1.87,-0.02,0.01,-0.01,13.06,69.12,195.44,0.50,-1.69,-0.62,2,2
1772044204.694153,1543182,-0.25,0.37,-0.22,59.44,67.37,254.37,8.56,12.44,-2.69,-0.06,0.06,0.09,13.00,69.00,195.44,0.62,1.50,1.69,4,3
1772044204.885027,1543372,0.26,-0.46,0.33,48.88,65.81,253.12,15.50,12.25,-1.75,0.00,-0.11,-0.06,13.13,68.62,195.31,-0.37,0.25,-3.12,4,4
1772044205.074938,1543563,0.01,0.16,0.08,46.06,65.06,252.81,2.81,4.31,-0.44,-0.09,0.00,-0.08,12.19,68.69,195.62,2.00,3.19,0.06,3,4
1772044205.265432,1543753,0.11,-0.08,0.02,45.25,64.94,252.06,3.44,-0.13,0.81,-0.05,0.00,0.06,11.75,68.31,195.37,4.12,2.50,-0.06,3,4
1772044205.456730,1543944,0.18,-0.26,0.53,49.44,65.56,252.87,-46.75,-26.87,5.56,-0.06,0.16,0.27,11.19,68.37,195.31,1.25,-3.37,-0.75,4,6
1772044205.647356,1544135,-0.41,0.38,-0.36,60.69,68.25,256.81,-8.19,-7.50,-5.31,0.01,0.10,0.01,11.38,68.75,195.62,-4.62,-1.37,-2.12,4,7
1772044205.837951,1544326,0.29,0.04,0.02,59.38,68.87,257.69,4.50,1.87,-0.50,-0.05,-0.17,0.04,11.44,68.44,195.75,0.88,2.94,0.37,4,5
1772044206.028065,1544515,-0.07,-0.10,0.07,59.88,68.87,257.31,-4.56,0.25,-0.62,-0.04,0.07,0.01,11.06,68.56,195.75,2.50,-0.44,0.81,4,5
1772044206.218270,1544706,0.06,0.01,0.11,59.88,68.94,258.31,-3.87,-0.06,-0.50,-0.03,0.09,0.07,11.13,68.69,195.69,-0.50,0.56,0.50,5,6
1772044206.409746,1544897,-0.09,0.09,-0.11,60.75,69.06,258.81,1.12,-0.88,-0.19,0.07,-0.08,0.12,11.63,68.62,195.75,-2.44,-2.25,0.75,5,7
1772044206.600184,1545088,0.04,0.20,0.03,59.19,69.25,259.12,3.25,3.44,-0.88,-0.03,0.05,-0.04,12.13,68.56,195.56,0.56,0.81,1.00,4,5
1772044206.790971,1545279,0.11,0.00,0.04,54.44,68.50,257.87,18.37,11.38,2.31,-0.02,-0.06,0.12,12.38,68.37,195.44,0.13,-0.06,0.37,4,5
1772044206.980853,1545468,0.17,-0.07,0.23,50.81,67.12,255.62,11.13,7.31,3.12,-0.04,-0.08,0.02,12.38,68.37,195.31,1.06,0.25,-0.69,5,5
1772044207.171085,1545659,0.02,-0.21,0.22,50.06,66.37,254.44,-3.31,0.69,1.87,-0.11,0.11,-0.03,11.94,68.56,195.37,1.50,-2.19,-0.06,5,6
1772044207.363103,1545850,-0.18,0.27,0.45,64.44,67.94,261.56,-97.94,-18.37,1.75,-0.14,0.23,-0.07,11.50,69.25,195.44,-2.31,-4.37,-2.25,4,4
1772044207.553884,1546041,-0.17,-0.26,-0.16,80.37,69.81,267.37,-1.31,-2.37,-8.31,0.00,-0.20,0.18,13.50,69.25,195.69,-0.88,1.69,1.19,4,3
1772044207.744439,1546232,0.11,0.77,-0.11,81.94,70.50,269.25,12.00,-7.31,-3.00,-0.02,-0.09,0.15,14.44,69.12,195.69,-0.19,1.19,2.69,5,4
1772044207.933907,1546421,0.04,-0.15,0.03,79.44,71.62,264.87,35.44,0.88,1.12,-0.03,0.01,0.02,14.38,69.31,195.50,0.75,-2.25,-3.75,5,4
1772044208.123883,1546611,0.21,-0.19,0.35,73.44,70.94,261.94,4.25,1.50,4.37,-0.01,0.01,-0.09,13.38,69.37,195.50,1.69,-0.94,0.06,3,2
1772044208.315611,1546803,0.00,0.09,0.11,72.87,70.69,261.56,2.06,0.56,-1.69,-0.02,0.01,0.05,13.25,69.56,195.56,-0.44,0.13,0.13,3,2
1772044208.506638,1546994,-0.32,0.28,-0.27,70.94,71.00,261.06,11.25,5.62,1.06,0.03,0.03,0.06,13.44,69.44,195.50,0.31,1.25,0.94,3,3
1772044208.697597,1547185,0.36,0.00,0.45,53.56,68.69,257.12,50.31,33.00,2.87,-0.05,-0.06,0.13,13.75,68.94,195.56,0.37,1.69,-0.69,3,3
1772044208.887422,1547375,0.13,-0.18,0.37,46.13,66.69,253.69,0.31,5.31,4.62,-0.10,0.13,-0.17,13.19,68.81,195.50,-0.62,-0.88,0.13,3,2
1772044209.076954,1547565,0.02,-0.52,0.42,44.31,66.06,251.81,16.12,2.19,-2.12,-0.06,0.04,0.11,14.75,68.50,195.19,-3.00,2.56,3.25,3,2
1772044209.269198,1547757,0.22,-0.56,0.48,49.31,66.75,252.62,-39.63,-26.87,-1.25,-0.02,0.08,-0.13,15.63,68.12,195.12,-0.31,3.00,3.44,3,2
1772044209.460527,1547948,0.08,0.18,-0.05,60.56,70.19,258.06,-26.00,-15.50,-11.94,0.00,0.03,0.05,15.94,68.56,195.44,-0.56,-3.62,-2.62,3,2
1772044209.651638,1548139,-0.07,0.24,-0.19,68.19,72.37,262.75,-23.12,-1.12,3.50,-0.12,-0.14,0.11,15.94,68.44,195.50,-2.12,4.50,1.12,3,2
1772044209.841433,1548329,-0.79,0.09,-0.18,77.81,71.75,263.25,-5.44,0.25,1.19,-0.13,-0.11,0.27,15.94,68.44,195.62,2.19,2.25,1.25,3,2
1772044210.030626,1548518,-0.14,0.04,-0.01,77.00,71.81,263.69,0.13,-3.62,0.62,0.01,-0.13,0.01,15.69,68.62,195.50,0.25,-0.94,-0.81,3,3
1772044210.222478,1548710,0.11,0.12,0.17,75.50,71.87,263.56,4.25,3.25,-0.31,0.03,0.04,-0.01,15.75,68.69,195.50,-0.44,-1.06,0.25,3,3
1772044210.413669,1548901,-1.07,0.98,-0.59,64.94,70.87,261.19,51.19,48.38,2.00,-0.12,-0.18,0.25,15.94,68.25,195.75,-3.06,3.56,1.25,3,3
1772044210.604491,1549092,0.25,-0.61,0.52,43.56,66.87,254.31,21.94,3.37,10.44,0.04,-0.05,-0.14,14.81,67.87,195.81,5.31,-1.75,-6.12,4,3
1772044210.793915,1549282,0.14,-0.15,0.41,42.63,65.12,251.69,5.25,0.88,0.81,0.11,0.09,0.14,12.38,68.37,195.94,8.00,-0.25,0.25,4,4
1772044210.983550,1549471,-0.17,-0.39,0.07,42.75,65.00,250.81,-1.75,-3.06,3.69,-0.06,0.01,0.00,11.56,68.37,195.75,-1.31,-0.19,-1.06,4,4
1772044211.176694,1549664,0.25,-0.38,0.71,49.69,66.06,252.25,-40.38,-35.56,-0.06,-0.02,-0.03,-0.23,12.19,68.37,195.62,-2.12,-5.87,0.56,3,4
1772044211.367526,1549855,-0.25,0.17,-0.17,61.75,70.06,257.69,-24.50,-9.50,-13.06,-0.10,0.01,0.16,13.75,68.31,195.50,-4.25,-3.31,0.25,3,4
1772044211.558347,1550046,0.00,0.32,0.01,68.69,71.69,262.94,-30.44,0.25,0.00,-0.04,-0.01,-0.07,14.38,68.69,195.94,-1.50,0.13,-0.25,3,4
1772044211.748552,1550236,-0.19,0.13,0.03,71.50,72.75,265.62,5.69,-6.06,1.56,0.03,-0.05,-0.02,14.69,68.62,195.75,0.88,1.12,1.00,3,3
1772044211.939427,1550427,0.03,0.02,0.08,72.37,72.44,264.87,2.75,-3.00,2.25,-0.03,0.01,-0.01,14.38,68.62,195.62,1.31,0.31,0.00,3,3
1772044212.133321,1550621,-0.24,-0.03,-0.10,72.06,71.94,263.50,7.87,6.25,1.37,-0.09,0.01,0.14,14.25,68.50,195.62,0.13,0.50,0.06,3,3
1772044212.324848,1550812,-0.58,0.35,-0.18,65.37,71.00,261.00,28.25,16.12,0.81,-0.03,0.07,-0.10,14.44,68.56,195.62,-0.37,1.75,1.06,3,3
1772044212.514255,1551002,0.38,-0.45,0.59,47.38,68.69,256.00,36.13,12.19,5.31,-0.06,0.01,-0.10,14.00,67.94,195.62,2.56,2.94,-1.75,2,2
1772044212.705783,1551194,0.20,-0.28,0.29,44.75,66.62,252.44,10.31,4.06,4.50,0.00,-0.03,-0.05,12.94,67.50,195.50,2.87,2.12,0.44,3,2
1772044212.896672,1551384,0.11,-0.17,0.04,43.31,66.31,250.56,13.31,-0.56,1.56,0.08,-0.06,0.20,12.75,67.25,195.25,1.00,0.88,1.44,4,3
1772044213.087856,1551575,0.11,-0.15,0.23,41.69,65.75,249.31,-0.62,3.81,2.19,-0.04,-0.06,-0.06,13.00,67.12,195.31,-1.62,-0.44,0.00,4,3
1772044213.277438,1551765,-0.08,-0.10,-0.02,41.50,65.37,249.31,0.44,3.19,-0.75,-0.06,0.00,0.00,13.25,67.25,195.37,-0.56,-2.25,0.06,4,3
1772044213.466682,1551954,0.26,-0.09,0.06,41.75,65.06,250.12,-11.63,-0.69,2.62,0.06,-0.03,-0.08,13.19,67.44,195.31,-0.44,0.00,-1.87,4,3
1772044213.658692,1552146,0.35,-0.18,0.32,44.00,65.19,250.56,-8.75,-8.25,-3.31,0.01,-0.22,0.12,13.19,67.19,195.19,4.06,-0.25,1.19,4,3
1772044213.849907,1552337,-0.26,0.09,0.43,55.75,68.00,254.75,-64.69,-29.12,-3.19,-0.12,0.19,0.03,12.44,68.25,195.56,1.87,-1.75,5.69,4,3
1772044214.041032,1552528,-0.79,-0.31,-0.20,71.19,70.56,262.44,-39.81,-4.19,0.19,0.02,0.14,0.05,13.44,69.19,196.00,-8.44,-4.56,-3.31,4,3
1772044214.230236,1552718,0.43,0.38,0.13,71.94,70.44,269.94,-19.25,-3.19,-6.31,-0.15,-0.11,0.01,14.44,69.00,196.25,-3.06,2.87,2.94,4,3
1772044214.419629,1552907,-0.24,0.33,0.21,76.37,70.44,278.31,-99.31,34.38,4.50,0.00,-0.12,0.03,14.63,69.62,196.50,1.50,-7.12,-5.00,4,3
1772044214.611387,1553099,0.19,-0.02,0.15,74.31,70.31,287.44,-7.37,1.25,-0.44,0.00,0.00,0.10,14.19,70.25,196.75,0.19,-1.06,0.19,3,2
1772044214.803135,1553290,-0.11,0.34,0.02,76.37,70.00,287.81,-0.06,-1.81,3.62,0.09,-0.08,-0.11,14.44,70.31,196.75,-0.50,-0.56,-0.81,3,3
1772044214.993468,1553481,0.49,-0.41,0.57,63.06,70.31,277.25,124.56,3.62,-0.13,0.05,-0.15,0.22,14.63,69.62,196.75,-7.75,5.00,0.00,3,3
1772044215.184269,1553672,-0.01,-0.57,0.40,52.00,69.25,262.87,42.19,-10.06,10.06,0.00,0.00,-0.04,14.69,69.31,197.19,0.69,-1.31,-1.00,3,3
1772044215.373716,1553861,0.00,-1.17,0.52,56.94,69.25,258.12,-13.69,-13.56,0.75,-0.07,-0.18,0.03,14.19,69.44,197.31,0.69,-0.88,-1.75,3,2
1772044215.565472,1554053,-0.25,0.85,-0.32,69.12,71.44,262.56,-5.19,-20.81,-11.19,-0.05,0.16,-0.25,14.63,69.81,197.31,-7.62,-1.75,4.06,3,3
1772044215.755701,1554244,0.48,0.28,0.27,75.25,72.94,260.81,15.50,-24.87,0.13,-0.13,-0.04,-0.01,16.12,68.56,197.37,1.75,5.31,0.62,3,3
1772044215.947068,1554434,-0.04,0.51,-0.13,84.19,73.00,260.50,-28.25,21.50,4.12,0.18,-0.07,0.07,15.44,68.62,196.87,-4.25,-1.31,-1.50,3,3
1772044216.136615,1554624,-0.17,-0.29,-0.15,84.56,73.19,260.06,8.63,-10.31,-0.69,-0.05,-0.15,0.30,16.62,68.87,197.44,-5.81,1.69,1.56,3,3
1772044216.326301,1554814,-0.44,1.84,-0.71,76.06,71.12,260.56,28.87,33.69,10.38,0.00,0.35,-0.05,17.81,68.44,198.19,-9.25,5.37,5.87,4,3
1772044216.517736,1555006,0.21,-1.01,0.46,52.75,68.75,251.50,44.38,8.75,-4.75,0.00,0.15,-0.18,19.62,67.50,198.37,0.62,-4.06,-1.06,4,4
1772044216.708785,1555197,-0.03,0.46,0.02,47.63,68.50,250.12,-1.25,1.25,-1.06,-0.05,0.00,0.19,19.81,67.50,198.50,-1.75,1.00,-1.62,4,3
1772044216.899531,1555387,0.35,-0.04,0.17,46.06,67.44,248.56,9.69,7.37,7.87,-0.13,-0.14,0.11,18.94,67.00,198.62,2.87,3.37,-0.88,4,3
1772044217.089269,1555577,0.20,0.08,0.00,43.06,66.69,246.06,22.25,-0.94,-0.44,0.00,0.09,-0.01,18.56,66.81,198.31,3.69,-0.56,0.50,4,3
1772044217.279751,1555767,0.40,-0.71,0.21,40.63,65.81,243.12,-6.31,12.44,6.69,0.03,-0.16,0.02,18.06,67.00,198.12,1.12,-1.94,-2.00,4,3
1772044217.471079,1555959,-0.28,0.19,0.07,44.50,64.56,245.87,-15.69,9.81,-3.12,-0.11,-0.18,0.13,17.87,67.06,198.19,-0.19,3.87,2.69,4,4
1772044217.662001,1556149,-0.24,-1.15,0.64,51.81,64.87,253.56,-130.50,-12.50,-8.00,-0.10,0.13,-0.02,16.69,68.44,198.75,5.12,-6.50,-0.19,4,4
1772044217.852451,1556340,0.37,1.64,-0.01,67.56,66.19,267.87,11.88,-16.69,-13.19,-0.08,0.10,0.55,16.62,69.19,199.12,-4.31,1.44,1.06,4,4
1772044218.042642,1556530,0.64,0.70,0.03,75.50,68.19,268.25,-23.31,-12.25,7.81,-0.09,-0.04,0.03,17.12,68.62,198.87,-0.44,3.12,-0.06,5,5
1772044218.232921,1556721,0.64,0.70,0.19,80.44,68.81,267.56,-18.62,19.81,12.31,-0.06,0.01,0.01,17.44,68.37,198.94,0.69,-4.75,-3.12,4,5
1772044218.423616,1556912,0.88,1.08,0.22,69.44,68.44,266.94,16.62,25.81,5.69,0.06,0.10,-0.27,17.12,68.56,198.94,-0.13,-1.44,-0.44,4,4
1772044218.614171,1557102,0.30,-0.73,0.26,57.38,67.50,260.44,13.31,10.31,13.25,0.00,-0.03,0.03,17.25,68.25,198.69,2.37,-1.00,-2.44,4,5
1772044218.805929,1557293,-0.11,-0.15,-0.12,53.06,66.75,255.62,51.56,16.44,-0.31,-0.19,-0.08,-0.03,17.12,68.25,198.62,-1.69,-0.81,-0.37,4,4
1772044218.996356,1557484,-0.54,-0.20,-0.32,49.69,65.06,253.69,-13.88,-5.87,2.44,-0.05,-0.13,-0.08,16.44,68.62,199.00,-0.75,0.31,-0.69,3,4
1772044219.186374,1557674,0.56,0.18,0.74,54.63,65.50,258.37,-50.00,-15.06,-4.00,-0.16,0.26,0.07,15.88,69.50,199.56,5.25,5.37,5.50,4,5
1772044219.377112,1557865,-0.08,0.31,0.17,66.81,66.75,263.31,-20.12,-0.62,-2.81,0.18,-0.18,0.46,16.56,69.81,199.31,-3.69,-9.19,-4.31,5,4
1772044219.567197,1558055,0.71,0.01,0.23,69.81,69.19,267.94,-25.12,-4.50,-10.94,-0.04,-0.01,0.37,14.69,71.12,199.56,2.25,0.50,-0.44,5,4
1772044219.758292,1558246,-0.07,0.74,-0.38,78.37,69.69,268.94,19.37,-5.31,3.87,0.13,-0.03,0.30,14.56,71.50,199.62,3.44,0.75,0.37,5,4
1772044219.948826,1558437,-0.12,0.50,-0.03,75.62,69.19,262.62,45.69,2.19,0.06,-0.04,-0.06,0.00,14.94,71.50,199.44,-2.81,0.50,1.50,5,3
1772044220.139489,1558627,-0.51,-0.05,-0.13,58.81,67.94,254.69,67.81,53.50,-8.44,0.00,-0.14,0.40,15.94,71.37,199.25,1.31,2.62,1.87,4,3
1772044220.329713,1558818,-0.02,-0.25,0.58,44.50,65.50,251.56,0.50,5.50,2.62,-0.08,0.01,-0.09,17.94,71.75,199.06,-3.19,1.69,4.81,4,3
1772044220.520254,1559008,0.70,-0.70,0.37,46.19,65.19,253.56,-32.81,-8.06,-1.44,-0.09,0.10,-0.12,20.19,72.44,199.06,-3.69,-2.31,-0.62,4,3
1772044220.711472,1559199,0.25,0.41,-0.18,57.88,67.94,258.06,-13.81,-14.13,1.19,-0.05,-0.28,-0.16,20.00,72.50,199.25,0.69,-7.31,-5.75,4,3
1772044220.901992,1559390,-0.36,0.38,-0.01,72.94,70.00,258.19,10.13,2.75,-12.81,-0.02,0.19,-0.47,17.94,72.56,199.87,0.44,10.81,1.06,4,4
1772044221.092661,1559581,1.61,-0.70,1.49,59.94,69.94,262.31,-40.19,16.19,5.69,0.00,-0.08,0.17,16.62,71.25,200.00,2.25,-6.00,-7.00,5,5
1772044221.282445,1559770,0.22,0.78,-0.48,67.81,67.94,267.25,-18.25,2.19,5.69,0.46,0.00,0.61,16.37,71.87,199.25,8.25,-0.13,-0.75,5,5
1772044221.472602,1559960,0.46,0.43,-0.26,68.31,68.00,265.44,24.00,5.25,1.81,-0.39,-0.10,0.11,17.56,72.37,198.44,3.31,-7.56,4.31,6,5
1772044221.664116,1560152,0.00,-0.41,0.46,63.88,67.69,261.25,16.06,-7.19,5.06,0.08,0.33,0.71,17.06,74.75,197.81,17.19,-15.25,-9.31,9,8
1772044221.855542,1560343,-0.55,-1.70,1.14,65.56,68.06,261.25,-27.06,26.81,-19.81,-0.24,-0.17,-0.11,15.81,75.81,197.81,-2.00,10.44,-4.69,9,9
1772044222.045995,1560534,0.00,1.15,0.64,72.37,68.44,278.25,-99.56,22.31,9.94,-0.17,0.40,-0.55,15.50,78.19,199.62,-2.50,-6.06,0.25,8,9
1772044222.235350,1560723,0.37,1.13,0.06,82.19,70.31,284.12,39.44,-24.12,-20.50,0.31,-0.12,0.50,16.69,76.69,199.31,2.81,2.12,1.31,8,10
1772044222.425351,1560913,-1.61,0.48,-0.60,99.06,71.62,275.19,39.00,-26.75,-5.31,0.11,0.08,0.10,15.88,76.06,198.75,-1.25,11.50,5.37,9,10
1772044222.617317,1561105,0.86,0.07,0.03,86.87,71.69,270.75,19.37,11.88,9.00,-0.04,0.27,0.02,15.56,75.75,198.69,-1.62,-18.25,-4.62,9,11
1772044222.809219,1561297,0.39,0.12,0.44,72.69,70.25,265.62,46.44,25.37,-2.37,0.09,0.20,0.19,15.75,77.25,198.44,7.44,-13.75,-1.06,10,11
1772044222.999648,1561488,-0.63,0.31,0.16,62.56,69.44,261.50,20.31,7.19,-3.50,0.08,0.15,0.24,15.50,78.94,196.94,0.37,19.25,-0.37,9,10
1772044223.189281,1561677,-0.28,0.22,0.18,56.81,68.87,258.19,24.12,0.75,7.00,-0.36,0.02,-0.04,15.00,77.75,196.37,8.50,-5.81,-3.56,8,10
1772044223.378997,1561867,-0.98,0.18,-0.46,55.75,68.62,255.69,-3.75,-8.31,-1.19,-0.28,0.26,-0.28,15.75,79.31,196.94,-13.31,7.19,5.62,8,10
1772044223.570622,1562059,0.77,0.04,0.88,51.50,69.06,256.62,-4.31,-11.44,2.56,0.03,0.00,-0.09,18.31,77.37,196.81,3.19,4.62,1.94,4,8
1772044223.763827,1562251,-0.16,-0.67,-0.51,65.00,71.31,257.19,-25.50,-33.38,-0.56,-0.66,0.06,-0.50,15.63,78.25,197.06,-6.12,3.94,0.44,5,7
1772044223.953467,1562442,0.97,0.07,0.82,73.31,72.19,262.19,-22.69,3.94,2.50,0.14,-0.10,0.18,18.00,75.00,197.56,5.87,24.06,6.87,6,8
1772044224.143160,1562631,0.00,1.08,-0.54,80.50,71.56,265.06,-14.44,-5.50,7.75,0.07,0.33,-0.04,18.87,75.31,197.37,-9.69,-6.12,1.00,7,7
1772044224.332148,1562820,0.55,-0.47,0.22,74.75,70.87,259.94,43.56,0.56,-1.44,0.02,-0.31,0.39,22.12,72.75,196.69,-5.87,11.63,5.94,6,7
1772044224.525055,1563013,-1.16,1.37,-0.67,71.31,71.00,256.06,32.44,13.13,-4.06,0.02,0.21,-0.29,23.81,71.81,196.69,-6.19,8.13,5.50,7,7
1772044224.718605,1563206,0.77,-0.40,0.49,51.88,70.25,251.81,10.31,-3.12,8.06,0.04,0.18,-0.17,23.69,71.87,197.87,-4.12,-5.87,-5.06,6,5
1772044224.907725,1563396,-0.01,0.13,0.18,52.44,68.69,249.94,1.75,5.31,3.75,0.03,0.08,-0.19,23.12,71.56,198.00,-0.44,-0.56,-3.06,6,5
1772044225.097424,1563585,0.50,-0.46,0.66,54.44,68.81,249.62,-11.56,-21.06,5.37,-0.05,-0.04,-0.06,22.06,71.62,197.81,0.37,-2.00,-1.44,5,5
1772044225.288988,1563777,-0.49,0.50,-0.09,72.87,70.69,252.81,-43.31,-20.19,-2.37,0.15,-0.26,0.54,22.00,71.19,196.94,4.31,1.87,2.75,5,5
1772044225.482227,1563970,-0.89,0.52,-0.56,89.31,71.87,259.06,-38.50,-39.69,-1.25,-0.16,0.20,0.03,21.06,71.87,196.69,2.06,-0.06,-0.81,5,4
1772044225.673455,1564161,0.18,0.47,-0.06,101.37,71.50,262.31,-1.06,-2.75,1.00,-0.07,-0.15,0.34,22.31,71.69,196.56,-2.19,-0.75,-0.69,5,4
1772044225.863010,1564351,-0.64,1.16,-0.65,104.87,70.56,259.87,16.19,-0.19,3.75,0.01,0.28,-0.39,22.37,71.44,196.44,-2.62,5.75,3.69,4,3
1772044226.052366,1564540,1.69,-0.61,1.47,73.50,70.62,252.56,61.25,43.75,2.37,-0.03,-0.14,0.24,23.56,69.81,196.37,-3.87,-5.75,-3.19,3,4
1772044226.244238,1564732,-0.13,-0.15,0.52,60.88,69.12,247.62,7.94,3.56,3.25,-0.02,0.08,-0.08,23.00,70.25,196.75,0.69,-2.37,0.13,3,4
1772044226.435657,1564923,0.27,-0.02,0.32,56.06,69.44,247.06,11.63,6.44,-8.81,-0.02,-0.07,-0.06,22.62,70.50,197.00,-2.50,0.69,-4.62,3,4
1772044226.626509,1565114,-0.11,-0.93,0.76,57.69,69.37,247.69,-36.06,-15.44,4.56,-0.02,-0.03,0.00,21.12,71.06,197.94,0.37,-0.62,-0.69,2,3
1772044226.815588,1565304,0.06,1.03,0.00,79.06,71.06,256.12,-56.63,-18.06,-3.94,0.12,0.21,0.00,22.19,71.94,197.37,6.12,-3.00,1.69,2,3
1772044227.005083,1565493,0.13,-0.11,0.15,88.37,72.56,260.81,-13.50,0.37,-7.56,-0.02,0.12,0.62,22.37,72.94,198.56,0.25,-7.00,-4.44,2,3
1772044227.196984,1565685,0.45,1.00,0.11,92.37,72.81,265.94,-12.81,-2.00,-0.44,-0.21,0.28,-0.15,22.00,73.06,198.81,-2.06,0.50,1.69,2,2
1772044227.387984,1565876,0.20,-0.40,0.30,88.56,73.81,264.50,-0.88,16.44,6.25,0.04,-0.17,0.17,23.00,72.62,198.44,1.44,0.62,0.13,2,3
1772044227.578580,1566067,-0.74,0.58,-0.23,78.81,72.50,262.81,27.06,15.88,2.56,0.00,0.06,-0.10,23.06,72.69,198.44,-2.25,0.19,2.37,3,3
1772044227.768135,1566256,0.39,0.03,0.46,54.00,69.37,256.81,47.75,12.38,10.94,0.04,-0.11,-0.07,22.94,72.37,198.62,-1.50,-5.06,-4.62,3,3
1772044227.957516,1566445,0.24,-0.20,0.44,48.81,68.06,251.12,17.81,-0.88,2.62,-0.01,-0.19,-0.03,20.94,72.00,198.31,6.56,1.19,-1.25,3,2
1772044228.149602,1566638,-0.17,-2.68,0.99,50.38,67.31,253.25,-106.19,17.00,3.19,-0.08,-0.09,-0.19,18.31,73.50,198.94,0.56,-13.44,-9.06,3,2
1772044228.340961,1566829,-0.33,1.38,0.20,75.25,67.62,270.56,-63.94,-31.37,-13.31,0.01,-0.13,-0.33,17.94,74.75,199.06,-0.13,-3.75,-0.06,3,2
1772044228.531607,1567020,-0.05,-0.46,0.44,86.00,69.62,276.50,-57.81,8.44,-2.00,-0.06,-0.11,0.28,18.37,75.50,199.87,2.87,0.88,-0.06,4,2
1772044228.721348,1567209,0.16,0.95,0.00,93.31,69.50,288.87,-79.81,27.75,3.87,-0.08,-0.17,-0.06,18.12,75.37,199.56,-3.56,-8.63,-3.94,5,3
1772044228.910974,1567399,-0.38,-1.77,0.32,93.50,71.69,291.12,22.12,-6.00,-23.87,0.01,-0.13,0.19,17.75,75.31,199.56,2.19,0.19,-1.75,7,3
1772044229.102405,1567590,-0.55,1.76,0.39,89.25,70.62,284.69,159.25,-20.00,-13.69,-0.14,0.18,-0.23,19.25,74.50,199.12,-3.00,14.56,10.75,7,3
1772044229.293878,1567782,-0.71,-1.36,0.63,63.63,71.50,257.31,143.56,-9.25,-4.75,-0.22,-0.03,0.01,20.75,73.31,199.31,-7.12,-1.56,1.12,7,3
1772044229.484167,1567972,0.20,-0.15,0.60,46.06,70.19,249.19,1.31,18.75,-0.88,0.00,0.10,0.00,21.62,72.75,199.50,-1.69,-0.13,1.56,9,5
1772044229.674527,1568163,0.66,-0.62,0.70,44.81,69.62,250.00,-10.69,-12.44,1.19,0.04,-0.22,0.23,22.19,71.87,198.62,5.50,-1.00,3.62,9,5
1772044229.864457,1568352,-0.60,0.76,-0.36,65.87,71.75,254.50,-43.25,-32.38,-3.06,0.01,0.13,0.20,21.19,72.31,198.44,-1.37,-1.06,-0.31,9,5
1772044230.055558,1568543,0.30,-0.66,0.20,77.44,73.50,256.31,-10.19,-15.94,2.37,-0.06,0.07,-0.24,21.81,72.31,198.56,1.50,-4.75,-1.81,9,5
1772044230.246567,1568735,-0.38,0.46,-0.21,82.94,73.19,258.87,-11.69,9.50,1.87,0.00,0.09,-0.05,21.50,72.25,198.25,-1.25,-0.37,1.25,8,5
1772044230.436891,1568925,0.00,0.36,-0.08,63.19,71.94,258.25,49.00,52.19,4.81,-0.10,-0.25,0.44,22.94,71.37,198.25,-3.69,7.56,2.94,8,6
1772044230.627785,1569116,0.35,-0.39,0.50,46.13,69.00,251.75,31.56,-1.81,0.75,-0.04,-0.06,-0.06,22.75,70.87,198.25,0.50,-0.62,-2.69,8,5
1772044230.817276,1569305,0.12,-0.02,0.02,41.31,67.44,250.37,-6.75,33.25,5.94,-0.05,0.01,0.18,21.87,71.00,198.06,3.19,-1.62,-2.50,7,6
1772044231.008028,1569496,-0.51,-0.98,0.00,39.69,67.87,246.25,31.62,-17.87,1.62,0.03,-0.14,-0.22,21.06,70.87,197.44,1.37,4.19,2.19,6,5
1772044231.199076,1569687,1.26,0.92,0.57,40.88,64.50,248.00,-13.63,15.06,2.56,-0.07,0.10,0.00,20.31,71.25,198.06,1.00,0.50,-1.37,6,5
1772044231.389907,1569878,0.13,-0.35,0.30,40.00,66.06,248.62,-23.25,12.13,2.12,0.08,-0.08,0.13,21.69,71.19,198.50,-5.50,-0.69,-1.31,4,3
1772044231.580493,1570068,0.25,-0.18,0.32,42.94,66.56,250.69,-9.25,-10.88,-4.56,-0.02,0.05,0.01,23.06,70.69,198.56,0.69,7.25,9.50,4,2
1772044231.770132,1570258,0.23,-0.60,0.69,49.81,68.37,253.62,-44.44,-15.31,1.94,-0.06,-0.24,0.12,25.44,69.25,196.31,1.87,-5.81,-1.69,4,3
1772044231.960672,1570449,0.29,0.39,0.09,60.75,71.25,258.44,-14.00,-17.50,-11.19,-0.05,-0.17,-0.10,23.94,70.12,196.62,0.19,-5.94,-8.75,3,4
1772044232.152178,1570640,-0.50,-1.36,0.34,73.87,73.37,263.44,-55.38,-12.63,-21.81,-0.14,0.14,0.18,21.44,72.06,197.06,10.00,-2.37,-2.00,4,4
1772044232.342861,1570831,0.05,-0.03,0.03,81.25,75.62,269.87,22.37,-21.62,4.69,0.08,-0.09,0.07,21.56,72.50,197.62,-0.25,1.44,-3.81,3,3
1772044232.533161,1571022,0.21,0.32,0.07,84.25,75.06,267.12,9.00,12.31,7.94,0.00,-0.17,0.24,21.06,72.00,197.31,-1.87,1.31,0.88,3,3
1772044232.723382,1571211,-0.03,0.01,0.05,75.25,73.87,263.62,18.75,18.25,1.19,-0.10,-0.12,0.17,21.06,72.56,197.81,-1.31,-1.75,-2.19,5,5
1772044232.913091,1571401,0.26,-0.05,0.21,65.75,72.62,261.56,9.06,13.13,1.56,-0.16,0.36,-0.13,20.06,74.50,198.69,1.87,0.56,-3.94,6,5
1772044233.104794,1571593,-0.02,-0.52,0.37,61.00,71.12,260.44,1.31,1.81,0.25,0.14,-0.08,0.07,19.06,74.19,199.12,-3.81,1.25,-3.44,6,5
1772044233.295905,1571784,0.12,0.36,0.21,59.06,71.00,262.31,-6.62,2.94,1.06,-0.01,0.08,-0.09,18.06,73.62,199.31,-0.62,1.81,1.81,5,5
1772044233.486639,1571975,0.06,-0.01,0.14,59.44,70.87,261.81,2.31,-5.00,2.12,-0.06,0.10,0.01,18.06,73.37,199.25,1.31,0.44,1.25,6,5
1772044233.676371,1572165,0.16,-0.14,0.15,60.19,70.44,260.69,6.12,2.37,2.31,0.01,-0.01,0.05,18.37,73.50,199.25,-0.56,-1.81,-1.25,5,5
1772044233.866274,1572354,0.05,-0.02,0.21,59.69,70.00,259.62,1.81,-0.62,3.56,-0.05,0.03,0.02,18.25,73.44,199.31,-1.06,-0.62,-0.06,5,4
1772044234.058081,1572546,0.05,0.03,0.13,60.25,69.69,259.06,1.31,-1.06,1.06,-0.02,-0.02,0.06,18.50,73.37,199.25,-0.06,0.50,0.94,5,4
1772044234.250323,1572738,-0.32,0.39,-0.26,59.06,69.75,258.87,11.06,10.75,-2.75,-0.08,-0.02,0.07,18.69,73.19,199.19,-1.44,1.44,-0.25,6,4
1772044234.441824,1572930,0.11,-0.26,0.24,51.31,68.37,256.87,11.38,2.37,5.12,0.04,0.00,0.09,18.25,73.06,199.12,1.06,-0.88,-1.62,6,4
1772044234.631590,1573120,0.02,0.05,0.24,50.63,67.31,255.31,3.19,-0.44,0.88,-0.01,-0.07,-0.06,17.62,73.12,199.06,1.06,2.06,-0.62,3,2
1772044234.820846,1573309,0.16,-0.41,0.37,53.19,67.44,255.06,-19.25,-13.38,1.00,-0.04,-0.01,0.01,17.25,73.12,199.12,0.81,-0.25,-0.13,5,3
1772044235.013014,1573501,-0.21,0.61,-0.32,66.25,69.25,258.56,-20.44,-12.75,-4.19,0.05,-0.13,0.12,18.56,73.06,198.56,1.56,0.44,4.75,5,3
1772044235.205067,1573693,0.06,0.25,0.02,71.69,70.69,260.81,-10.19,-1.44,-3.62,-0.12,0.09,0.04,18.75,73.06,198.75,0.69,0.88,0.94,5,3
1772044235.398051,1573886,-0.04,0.13,-0.10,73.37,71.37,262.25,-2.37,3.94,-2.06,-0.04,0.02,0.08,18.62,72.81,198.69,-1.06,-1.25,-1.00,5,3
1772044235.587082,1574075,-0.33,0.92,-0.36,70.44,71.31,262.50,14.63,9.56,0.75,-0.06,0.20,-0.10,18.62,72.62,198.81,-0.13,7.44,2.94,5,3
1772044235.776290,1574265,0.49,-0.69,0.26,54.13,69.19,256.87,32.38,5.81,7.56,-0.07,0.03,-0.09,17.06,71.44,198.62,3.44,-1.56,-4.81,5,4
1772044235.969756,1574458,0.20,-0.28,0.30,51.50,67.75,253.94,11.38,-2.06,-0.19,0.00,-0.02,-0.17,14.31,71.06,198.62,2.56,-0.88,-4.81,4,4
1772044236.161081,1574649,0.14,-0.04,0.03,53.69,68.19,254.50,-16.06,-6.87,-2.69,0.04,0.03,-0.22,12.13,71.44,198.94,-2.69,-0.75,-3.81,4,4
1772044236.352185,1574840,0.17,0.05,0.00,61.19,70.12,258.56,-46.06,-24.44,-8.56,-0.23,0.02,-0.22,11.19,71.56,199.06,3.56,2.37,1.37,4,4
1772044236.541744,1575030,-0.14,0.44,-0.14,71.31,72.19,262.19,-2.87,-2.94,-3.44,-0.17,0.08,0.21,12.75,71.44,199.37,-4.31,-1.81,3.00,4,4
1772044236.730608,1575219,-0.18,0.42,-0.31,70.94,71.81,261.25,9.44,3.81,4.25,-0.05,-0.05,0.05,15.06,70.87,199.00,-1.94,0.81,3.44,2,3
1772044236.922836,1575411,-0.06,0.30,-0.37,59.06,70.25,257.94,47.06,35.50,1.75,-0.12,-0.05,0.13,17.19,70.69,198.81,-5.37,-1.62,2.75,2,4
1772044237.113825,1575602,0.09,-0.33,0.39,44.56,66.94,252.31,24.44,7.37,3.81,-0.03,0.01,-0.05,18.00,70.81,198.81,2.19,0.50,-0.75,3,4
1772044237.304381,1575793,0.16,0.22,0.23,43.69,66.12,249.37,11.88,-6.25,7.37,0.04,0.09,-0.25,18.12,71.00,198.81,0.13,-1.94,0.69,3,4
1772044237.495057,1575983,0.23,-0.80,0.47,43.25,66.19,246.62,8.81,-0.88,-1.56,-0.06,-0.02,0.13,18.56,70.69,198.50,0.94,1.37,0.44,3,5
1772044237.684857,1576173,0.47,-1.46,0.75,49.88,66.75,250.94,-75.56,-6.06,-4.56,0.00,-0.02,-0.14,18.12,70.69,198.25,3.06,-6.00,-4.06,3,5
1772044237.876083,1576364,-0.55,0.80,-0.01,68.00,71.31,262.00,-12.25,-26.56,-22.87,0.10,0.03,0.01,19.56,71.12,198.37,-4.94,2.37,7.00,3,5
1772044238.066984,1576555,-0.08,0.34,-0.22,78.94,75.06,264.94,-9.19,-21.19,-5.69,-0.05,-0.04,0.02,21.81,70.19,198.00,-4.31,-2.06,-1.44,3,5
1772044238.257181,1576746,0.06,0.16,-0.14,86.06,75.81,266.06,4.00,-0.44,0.19,0.07,-0.09,0.13,22.25,70.37,198.19,1.81,0.62,-0.19,3,5
1772044238.446761,1576935,-0.58,0.52,-0.28,81.19,75.81,265.94,6.31,25.37,-0.31,-0.01,0.09,0.10,21.69,70.69,198.19,-1.00,-0.94,0.75,3,5
1772044238.637524,1577126,-0.04,0.34,0.29,55.75,73.31,262.37,51.00,40.56,5.12,0.00,-0.08,0.13,22.25,70.69,198.62,-0.56,-0.62,0.31,3,5
1772044238.828864,1577317,0.00,-0.10,0.37,42.13,67.94,254.25,24.69,4.87,20.31,-0.10,-0.14,-0.25,21.06,70.94,198.87,5.69,-0.19,-6.00,2,3
1772044239.019196,1577508,0.01,-0.37,0.41,41.69,65.12,249.19,6.37,5.50,8.94,-0.05,0.11,-0.02,17.44,71.31,198.94,8.81,2.69,-0.88,2,3
1772044239.210040,1577698,1.18,-1.04,1.21,45.19,65.12,248.31,-27.00,-29.94,6.87,0.09,0.16,-0.04,15.25,71.31,198.62,1.81,-4.19,-3.44,2,3
1772044239.399704,1577888,-0.15,-0.37,-0.02,66.06,69.50,252.31,-28.62,-13.50,-12.31,-0.08,0.01,0.42,16.81,71.75,198.81,-3.12,-4.62,6.06,2,2
1772044239.588828,1578077,-0.18,0.32,-0.19,75.12,71.94,259.94,-35.06,0.13,-9.06,0.01,0.00,0.30,19.37,71.44,198.87,-9.06,-2.56,-1.62,2,2
1772044239.781529,1578270,-0.18,0.37,-0.26,79.56,73.50,263.44,9.25,-2.12,0.81,0.08,-0.42,-0.03,21.25,70.56,198.81,-3.56,3.75,-0.13,2,2
1772044239.972032,1578460,-0.15,0.35,-0.01,72.94,73.25,262.50,9.06,10.25,-0.13,-0.09,0.07,0.04,20.19,71.31,199.37,1.87,-3.44,-3.31,3,2
1772044240.162406,1578651,-0.18,0.29,-0.16,63.13,72.31,260.25,23.31,13.56,5.06,0.02,0.02,-0.07,19.12,71.56,199.00,2.56,1.75,0.88,3,3
1772044240.352356,1578841,0.57,-0.56,0.55,43.06,68.37,254.12,56.50,40.38,4.12,-0.09,-0.13,0.03,18.94,71.31,199.06,-2.00,0.37,-2.87,3,3
1772044240.541884,1579030,0.10,-0.29,0.36,37.75,66.19,249.69,8.75,0.69,1.81,0.00,0.00,-0.09,17.44,71.19,198.94,9.88,3.50,-0.25,2,3
1772044240.734401,1579223,0.06,-1.64,0.71,40.13,67.12,248.94,-21.69,-14.38,0.25,0.04,-0.03,0.00,15.50,71.75,199.19,-0.44,-2.12,-3.56,2,3
1772044240.924962,1579413,-0.17,0.48,0.31,53.31,68.62,260.87,-112.00,13.31,-14.88,0.07,0.04,-0.13,16.25,72.69,198.87,3.00,-4.37,4.37,3,3
1772044241.115893,1579604,0.46,1.21,0.14,59.31,69.81,275.87,-29.19,-0.56,-15.38,-0.06,0.33,-0.01,17.75,73.62,199.69,-3.31,-0.75,1.06,3,3
1772044241.305675,1579794,0.06,0.37,-0.35,57.31,73.37,276.75,31.62,-13.13,4.25,-0.32,-0.17,0.06,19.69,72.50,199.44,-7.25,6.00,2.31,3,4
1772044241.495208,1579984,-0.32,-0.16,0.18,48.00,71.56,266.44,82.37,22.37,11.75,-0.17,-0.34,0.18,21.19,71.69,199.50,0.31,6.62,2.62,2,4
1772044241.687217,1580176,-0.33,-0.39,0.65,38.19,68.44,255.25,42.94,-12.19,19.06,0.05,0.05,-0.09,20.00,71.19,199.37,3.19,1.50,-1.12,2,4
1772044241.878057,1580367,0.15,-1.14,0.57,35.81,68.62,250.31,13.19,12.06,-2.44,-0.08,-0.01,0.04,19.31,70.87,198.75,3.75,2.81,3.94,2,3
1772044242.068707,1580557,0.16,-1.58,1.08,39.31,67.87,254.12,-92.69,-2.06,-0.81,0.01,0.15,-0.06,20.31,70.87,198.25,1.44,0.81,1.56,1,3
1772044242.258705,1580747,-0.30,0.78,0.00,58.38,71.19,268.50,-36.38,-22.37,-25.31,0.03,0.08,-0.02,20.44,71.69,198.44,-5.31,-4.50,-1.87,2,4
1772044242.448223,1580936,-0.10,-0.17,0.15,65.12,75.69,272.19,4.25,-21.25,-7.31,0.03,-0.10,0.12,21.06,71.56,199.00,-3.06,0.56,-1.19,2,3
1772044242.640180,1581129,-0.35,0.53,-0.35,69.44,75.44,269.87,30.25,-4.94,7.94,0.06,-0.13,0.01,21.50,71.44,199.12,1.06,0.81,1.56,2,3
1772044242.831169,1581320,0.89,-0.56,0.71,53.19,73.00,261.87,55.44,27.00,5.44,-0.05,-0.05,0.28,21.19,71.12,198.87,2.69,-2.81,-1.25,2,3
1772044243.021755,1581510,-0.26,-0.25,0.52,49.75,71.12,256.31,-2.37,-2.44,6.19,0.02,0.14,-0.20,19.87,71.87,198.69,2.44,-2.94,-2.44,2,4
1772044243.211309,1581700,0.83,-0.72,0.87,47.94,70.62,255.81,2.56,-3.06,-1.37,0.13,-0.08,0.01,18.62,72.31,198.69,4.69,-0.69,-1.81,2,4
1772044243.401688,1581889,-0.08,-0.33,0.37,57.25,71.06,259.06,-59.69,-4.75,-0.88,-0.23,-0.02,0.08,17.81,72.25,198.19,-2.81,-7.44,-3.62,3,5
1772044243.593415,1582082,-1.25,-0.94,0.19,71.94,72.50,270.00,-110.69,21.50,0.13,0.07,0.19,-0.12,17.87,73.94,199.19,-1.44,-3.75,-0.31,4,5
1772044243.783713,1582272,0.82,1.83,0.33,76.06,67.94,290.19,-43.13,12.88,3.62,0.02,0.01,-0.04,18.50,74.06,199.37,-1.94,2.50,3.19,4,5
1772044243.974700,1582463,-0.23,0.57,-0.05,77.37,68.94,289.87,15.94,-6.31,-3.56,0.02,-0.11,-0.03,19.31,73.31,199.06,-0.88,0.25,-0.37,4,6
1772044244.164371,1582653,0.81,0.53,0.89,66.69,70.81,280.94,117.44,-38.31,-15.19,0.01,0.29,0.00,19.31,73.12,199.31,-3.25,3.44,2.50,4,5
1772044244.354132,1582843,0.27,0.06,0.60,71.37,68.56,267.44,19.87,-20.69,34.69,0.00,-0.03,-0.21,19.06,72.56,199.25,5.12,-2.94,-3.75,5,5
1772044244.546057,1583035,0.32,0.65,0.24,73.62,70.06,265.06,-12.31,6.62,11.88,-0.03,0.12,0.00,18.00,72.69,198.87,0.00,-1.00,-0.56,4,5
1772044244.736691,1583225,-0.42,0.85,-0.18,69.87,70.37,262.31,44.56,2.75,2.19,0.09,0.07,-0.01,19.12,72.31,198.94,-4.50,3.19,3.94,6,5
1772044244.927517,1583416,0.33,-0.87,0.60,52.25,69.25,253.44,44.94,-0.69,2.69,-0.01,-0.06,-0.09,20.94,71.44,199.12,0.50,-1.94,-0.88,6,4
1772044245.117070,1583605,0.25,0.38,0.35,48.56,68.44,251.69,-0.81,4.37,4.37,-0.03,0.23,-0.29,20.31,71.69,199.37,-2.19,-1.62,-0.13,6,3
1772044245.306344,1583795,0.36,-0.18,0.35,44.50,67.12,249.69,23.56,11.44,-0.50,-0.13,-0.19,0.15,20.81,70.81,199.37,3.19,4.62,3.81,5,2
1772044245.499258,1583987,-0.72,-0.61,-0.06,38.63,69.44,251.12,-45.38,21.87,1.75,0.05,-0.10,-0.22,22.00,69.87,198.50,-8.31,-1.12,-2.37,5,2
1772044245.690038,1584178,0.41,-1.97,0.75,46.06,67.81,253.06,-8.06,-43.00,-20.87,-0.08,-0.01,-0.26,21.25,71.00,199.37,5.12,1.19,0.94,5,2
1772044245.880979,1584369,-0.38,0.86,-0.21,63.19,71.31,261.56,-41.81,-4.69,-12.31,-0.02,0.12,0.18,21.00,71.19,198.81,5.50,-0.13,3.94,4,1
1772044246.070661,1584559,-0.60,-0.46,-0.17,62.56,72.44,264.37,-1.31,11.44,-0.88,0.02,-0.02,0.21,20.87,71.87,199.62,-1.87,-0.81,-3.94,4,1
1772044246.259700,1584748,-0.66,0.80,-0.34,48.25,70.56,262.81,61.69,20.56,-5.31,0.08,-0.30,0.34,20.56,71.00,199.31,-0.94,5.62,2.87,4,2
1772044246.451342,1584940,0.12,-0.89,0.69,33.13,67.50,254.69,32.50,9.13,7.87,0.10,0.29,0.05,20.75,70.69,199.31,0.69,17.19,13.75,5,1
1772044246.643289,1585131,0.04,-0.28,0.57,33.19,65.06,252.56,-8.31,-4.44,-3.37,-0.24,-0.32,0.10,24.56,70.31,198.75,-0.13,-10.56,-4.94,4,2
1772044246.834354,1585323,-0.09,1.64,0.20,49.06,68.31,260.69,-91.56,-30.69,-3.75,-0.39,0.02,-0.30,26.75,69.37,197.12,2.19,11.38,14.06,4,3
1772044247.023785,1585512,0.01,0.65,-0.18,62.19,72.56,266.75,-7.87,-14.63,-1.19,-0.15,-0.47,0.27,26.69,68.12,195.75,2.69,-3.37,-3.12,5,4
1772044247.213111,1585702,-0.41,0.41,-0.54,66.62,72.87,265.81,11.00,11.56,7.37,0.02,-0.10,0.07,25.37,69.56,196.69,-1.87,-4.44,-5.94,5,4
1772044247.405008,1585894,0.13,-0.04,0.34,47.00,69.62,259.50,71.06,35.00,2.44,-0.01,-0.05,0.21,23.69,70.12,197.62,2.50,1.19,-1.94,4,4
1772044247.596190,1586085,-0.16,-1.01,0.28,37.13,66.81,251.69,24.56,5.94,7.87,-0.07,0.15,-0.12,22.50,70.37,198.06,1.62,-0.44,-1.31,4,4
1772044247.787408,1586276,0.02,-0.76,0.28,35.88,65.00,250.44,-11.81,7.62,-1.81,0.01,0.09,-0.07,22.12,70.62,198.00,0.69,-1.19,-1.44,4,4
1772044247.976812,1586465,0.10,0.70,-0.10,39.81,63.56,253.81,-11.81,-3.06,1.94,-0.05,0.07,0.15,21.94,70.62,198.12,1.50,4.06,3.00,5,4
1772044248.166303,1586655,0.12,-0.69,0.03,40.38,63.63,252.81,3.37,-2.06,0.56,-0.05,-0.05,0.15,22.12,70.37,198.25,0.50,-2.25,-1.62,5,4
1772044248.358723,1586847,-0.44,0.07,0.18,49.06,66.31,256.69,-52.38,-29.00,-5.62,-0.10,0.45,-0.09,21.31,71.50,198.56,-2.69,-12.19,-6.25,4,5
1772044248.549804,1587038,0.14,0.08,0.02,52.69,68.31,261.06,-2.94,-4.87,-1.81,0.17,0.01,-0.01,22.25,71.81,198.44,-5.69,-0.94,-2.81,3,4
1772044248.741440,1587230,-0.09,0.35,-0.28,53.00,69.06,261.50,3.12,3.31,-1.56,-0.06,0.00,0.08,23.06,71.31,198.50,-0.25,1.31,4.44,3,3
1772044248.930842,1587419,-0.09,0.23,-0.17,46.31,68.87,260.31,30.12,16.69,-3.56,-0.02,0.00,0.23,23.37,71.25,198.44,0.50,-2.81,-2.69,2,3
1772044249.120161,1587609,-0.18,0.02,0.11,39.13,67.12,257.25,20.50,8.88,6.44,-0.05,0.05,-0.05,22.62,71.50,198.37,3.50,1.19,-0.25,2,2
1772044249.311641,1587801,0.20,-0.43,0.45,34.81,64.75,253.75,14.38,1.37,7.56,-0.11,0.17,0.06,21.87,71.44,198.31,1.69,4.94,2.31,2,2
1772044249.503990,1587993,0.10,-0.48,0.27,37.75,63.88,251.62,-10.88,-12.06,2.44,-0.09,0.00,0.08,21.62,71.31,198.25,6.37,4.69,1.31,2,2
1772044249.696845,1588185,0.30,-0.66,0.48,45.94,66.50,254.94,-47.00,-20.00,-9.13,0.01,0.18,-0.07,20.94,71.75,198.44,-1.87,-5.69,-3.25,2,2
1772044249.888844,1588377,0.03,0.68,-0.30,55.69,69.81,261.69,-17.37,-4.06,-6.50,-0.02,-0.19,0.07,22.06,71.81,198.12,-1.00,1.44,2.12,2,2
1772044250.077793,1588566,-0.25,0.32,-0.24,59.56,70.19,264.25,-17.69,2.94,0.75,-0.03,0.15,0.02,21.94,72.31,198.87,-0.06,1.81,1.06,2,2
1772044250.267353,1588756,0.23,0.38,0.10,53.44,69.44,265.00,21.81,13.44,-1.69,0.00,0.01,0.05,22.06,72.12,198.69,0.19,-2.19,-2.25,2,2
1772044250.460274,1588949,0.03,-0.17,0.14,46.19,67.50,260.69,31.81,4.94,8.25,0.00,-0.14,0.09,21.94,72.25,198.81,1.69,-1.25,-0.56,2,2
1772044250.651448,1589140,0.12,-0.18,0.17,43.38,66.37,256.87,12.13,5.56,1.94,0.00,0.01,0.10,20.87,72.69,198.75,2.62,-1.00,-1.31,2,2
1772044250.842552,1589331,-0.08,-0.33,0.11,43.31,66.19,255.06,6.81,-1.87,1.94,-0.03,0.08,0.00,20.44,72.94,198.69,1.31,0.69,0.25,2,2
1772044251.033534,1589522,0.08,-0.13,0.11,43.25,65.87,254.69,0.50,-1.50,-1.19,0.00,-0.02,0.03,20.31,72.81,198.62,-1.06,-0.75,-0.25,2,2
1772044251.223110,1589711,0.16,-0.07,0.13,44.06,66.44,254.87,-2.06,-2.94,-2.00,-0.02,-0.01,0.07,20.31,72.87,198.69,-0.31,-1.81,-0.94,2,2
1772044251.413984,1589903,-0.03,0.03,0.02,46.63,66.94,256.00,-13.50,-2.25,0.31,0.00,0.06,0.15,20.37,73.00,198.37,2.87,1.75,0.81,2,2
1772044251.605346,1590094,-0.15,-0.13,-0.27,49.75,67.37,256.81,-6.50,-13.75,4.87,-0.13,0.16,0.00,21.12,73.75,198.50,-3.50,-5.00,-2.00,2,2
1772044251.796077,1590284,-0.24,0.27,0.00,52.13,68.19,257.50,-1.00,-2.62,-0.31,-0.12,-0.11,-0.19,21.31,74.12,198.94,-3.19,-1.62,1.75,2,2
1772044251.985763,1590474,0.07,-0.06,0.08,49.50,68.25,257.94,7.87,4.69,-2.81,-0.09,0.16,0.30,22.56,73.75,198.31,5.69,2.25,-0.44,2,2
1772044252.175418,1590664,0.70,-0.02,0.28,46.56,67.50,257.81,-0.69,11.75,-4.00,-0.07,0.09,-0.44,21.44,74.00,198.56,3.37,-2.19,-1.56,2,2
1772044252.366816,1590856,-0.01,0.58,-0.27,44.63,66.75,257.31,17.12,8.25,4.44,-0.03,0.01,-0.26,21.50,73.75,198.50,-4.87,5.94,2.50,2,2
1772044252.557866,1591046,-0.18,-0.61,0.08,39.19,65.37,253.50,20.37,-3.00,7.37,0.03,0.16,0.14,20.81,73.56,199.12,0.19,-0.37,-2.87,2,2
1772044252.748227,1591237,0.45,-0.34,0.59,39.13,64.94,252.25,2.25,-4.50,0.13,-0.02,0.01,0.09,20.12,73.12,199.00,2.56,0.25,-0.31,2,3
1772044252.938005,1591427,-0.51,0.22,-0.37,47.19,67.06,253.50,-18.75,-5.81,-2.75,-0.02,0.03,0.01,20.37,73.37,199.00,-1.19,1.50,2.12,2,3
1772044253.129447,1591618,0.12,0.09,-0.08,47.81,67.31,255.12,-5.44,-2.44,-1.62,-0.04,-0.02,0.03,21.12,73.25,199.06,-0.94,-0.62,0.13,3,3
1772044253.320103,1591809,-0.10,0.22,-0.08,47.63,67.62,256.12,-1.31,4.81,-4.56,-0.01,0.01,0.06,21.37,73.19,199.06,1.56,0.50,0.13,2,3
1772044253.510212,1591999,0.12,0.00,0.03,44.56,67.50,256.37,3.75,2.31,1.06,0.02,0.00,0.06,21.06,73.25,199.00,0.25,0.25,-1.25,2,3
1772044253.701053,1592190,0.08,-0.20,0.17,43.31,66.75,255.31,4.94,-0.19,1.19,0.04,-0.11,-0.05,20.87,73.12,198.94,0.88,1.37,0.31,3,4
1772044253.891712,1592380,-0.12,0.10,0.02,42.44,66.75,254.87,5.06,0.25,-1.62,-0.05,0.02,0.10,20.75,73.19,199.06,-0.13,0.56,0.31,3,4
1772044254.081427,1592570,0.65,-0.32,0.24,39.81,66.25,254.12,5.81,2.06,-0.37,0.01,-0.10,0.09,20.87,73.00,198.94,0.81,-1.56,-0.88,3,4
1772044254.273350,1592762,-0.08,-0.38,0.05,42.38,66.37,255.25,-30.37,5.87,-3.94,-0.11,0.06,-0.04,21.00,73.50,199.00,-2.25,-3.44,-2.06,3,4
1772044254.463702,1592952,0.04,0.34,-0.15,44.31,66.94,257.75,16.69,-9.44,-8.94,-0.09,0.08,-0.02,21.19,73.56,199.19,0.75,2.12,1.50,3,4
1772044254.653717,1593143,-0.11,0.39,0.01,41.94,66.81,256.69,7.19,8.13,-0.56,0.00,0.07,0.01,21.31,73.44,199.31,1.75,1.25,0.37,3,4
1772044254.843452,1593332,0.24,-0.17,0.22,35.25,65.50,253.81,29.62,10.81,6.12,0.04,-0.16,0.17,21.12,73.12,199.19,2.25,3.37,1.12,2,3
1772044255.034382,1593523,0.01,-0.24,0.26,36.06,65.25,251.87,-1.37,-4.81,3.37,-0.02,0.12,0.06,21.87,72.50,198.81,-6.37,0.88,5.81,3,3
1772044255.225908,1593715,0.10,-0.17,0.26,41.63,65.62,254.00,-61.56,-8.63,1.25,-0.04,0.14,-0.03,24.00,72.00,198.81,-1.69,0.56,1.62,3,3
1772044255.416688,1593905,0.08,0.14,-0.02,48.75,67.62,258.62,0.75,-7.31,-6.69,-0.01,-0.51,0.01,26.87,70.44,198.31,-4.56,1.62,0.13,2,4
1772044255.606973,1594096,-0.07,0.21,0.05,50.75,69.12,261.12,-31.00,2.75,-6.06,0.01,0.00,0.19,24.69,71.44,199.19,5.06,-2.56,-4.94,2,3
1772044255.796416,1594285,-0.39,0.90,-0.37,52.38,69.25,264.12,14.81,0.69,-0.25,0.00,0.05,0.02,22.81,71.87,199.44,1.75,5.06,0.19,2,3
1772044255.987143,1594476,0.02,-0.44,0.14,42.31,67.44,257.56,47.38,2.50,10.00,0.01,-0.08,0.06,21.00,71.25,199.50,3.06,2.44,-1.31,2,3
1772044256.178665,1594668,0.18,0.07,0.08,39.50,66.00,252.62,18.31,2.25,6.06,-0.02,0.11,-0.12,19.62,71.19,199.69,-5.44,0.62,-1.62,2,3
1772044256.369557,1594858,0.03,-0.16,0.20,36.38,65.62,250.00,1.75,-0.19,2.87,-0.01,-0.18,-0.18,20.31,70.19,199.06,-4.00,1.00,-1.06,2,3
1772044256.560325,1595049,0.24,-0.97,0.49,39.19,65.06,251.25,-39.13,-4.50,-0.19,-0.11,-0.12,-0.17,20.75,70.25,199.50,-1.50,-0.50,0.31,2,3
1772044256.749810,1595238,-0.47,0.85,-0.04,52.81,67.75,261.69,-65.44,-4.31,-18.12,-0.03,-0.02,0.03,21.06,70.37,199.44,-1.94,-0.81,1.00,2,3
1772044256.940257,1595429,-0.03,1.21,-0.48,52.75,70.81,269.44,18.50,8.31,-0.94,0.02,-0.04,0.14,22.50,70.31,199.62,-0.88,4.25,3.56,2,3
1772044257.131690,1595620,-0.27,-1.10,0.15,35.13,69.87,261.37,88.81,-15.69,5.19,0.05,-0.20,0.28,23.81,68.31,198.94,-4.44,2.62,3.06,2,3
1772044257.322295,1595811,-0.09,-0.50,0.43,33.50,67.62,254.69,-1.69,0.56,6.62,0.00,0.20,-0.25,24.25,68.19,198.75,0.37,-0.50,1.12,2,2
1772044257.512657,1596001,0.26,-0.20,0.42,35.19,66.94,255.37,-12.75,-3.62,1.37,-0.05,-0.12,0.11,24.94,67.75,198.06,0.00,1.56,1.75,2,2
1772044257.702776,1596191,-0.42,-0.26,0.07,47.31,69.31,257.69,-45.94,-34.63,2.19,-0.09,0.09,-0.04,24.12,68.56,198.56,1.56,-4.31,-2.50,2,2
1772044257.893756,1596382,-0.27,0.14,-0.16,56.00,71.25,261.75,-14.63,2.44,-3.94,0.00,0.01,-0.01,23.31,69.62,198.94,0.00,-6.00,-7.50,2,1
1772044258.084901,1596574,-0.13,0.07,-0.16,55.38,71.31,263.75,-5.62,2.12,-0.56,-0.01,0.00,0.00,21.94,70.44,199.37,1.94,-2.06,-1.50,2,2
1772044258.275608,1596764,-0.04,0.37,-0.05,48.63,70.56,263.25,38.00,22.19,-0.69,-0.08,-0.09,0.21,21.56,70.62,199.50,0.25,-0.13,-0.50,2,2
1772044258.465593,1596954,-0.45,-0.18,0.05,39.50,69.00,257.69,38.81,7.31,3.37,-0.05,0.06,-0.03,21.06,70.81,199.50,2.31,-0.25,-0.31,2,2
1772044258.654999,1597144,0.38,-0.74,0.58,34.13,67.81,254.25,-5.31,4.19,1.25,0.01,0.03,0.02,19.94,71.37,199.56,2.56,-4.37,-3.69,2,2
1772044258.846673,1597335,-0.32,0.06,0.20,43.50,69.19,257.12,-24.44,-12.19,-4.62,-0.01,-0.09,0.10,19.75,71.25,199.00,0.19,2.75,1.50,2,2
1772044259.038083,1597527,-0.09,0.20,-0.18,49.50,71.12,260.25,-12.25,-6.25,-4.37,-0.02,-0.05,0.15,19.87,71.19,199.25,-1.81,2.50,0.31,2,2
1772044259.228220,1597717,-0.25,0.29,-0.41,51.31,71.87,261.56,1.62,0.25,-1.44,-0.02,-0.02,0.00,20.06,71.00,199.44,0.25,0.19,0.25,2,3
1772044259.418482,1597907,-0.03,-0.16,0.00,47.69,71.06,260.12,10.44,11.50,4.50,-0.03,0.05,-0.03,19.87,71.00,199.25,-1.12,-3.56,-1.94,2,2
1772044259.608693,1598098,0.24,0.03,0.40,38.19,68.56,257.44,43.00,20.69,-2.62,-0.07,-0.04,0.20,20.75,70.69,199.12,-3.37,-0.44,1.31,2,2
1772044259.799794,1598289,0.08,-0.28,0.38,32.31,67.19,254.37,5.37,4.37,4.06,-0.03,0.13,-0.03,21.06,70.44,199.50,-3.12,2.69,1.06,2,3
1772044259.991206,1598480,-0.15,-0.05,0.15,33.81,66.94,253.69,-4.50,-5.31,1.37,-0.02,-0.04,-0.06,21.69,70.12,199.31,-3.06,-0.31,-1.81,2,3
1772044260.181299,1598670,0.24,-0.02,0.09,36.38,67.44,253.81,-2.25,-13.56,6.19,-0.04,0.00,-0.03,21.62,69.94,199.37,1.87,-0.50,1.37,3,3
1772044260.371670,1598860,-0.02,-1.32,0.27,42.81,68.75,254.37,-36.25,-1.62,-2.00,-0.09,0.02,0.01,21.25,70.06,199.12,0.88,-5.00,-5.75,4,5
1772044260.561371,1599050,-0.51,-2.47,1.52,61.00,68.06,269.75,-169.19,-7.25,-3.44,0.21,-0.05,-0.58,19.25,72.06,200.12,6.81,-11.25,-10.63,4,6
1772044260.752742,1599242,1.67,2.46,1.20,83.06,65.50,304.81,-124.19,38.69,-2.37,0.15,0.40,-0.15,19.87,73.69,200.87,-5.62,-3.56,-0.13,4,6
1772044260.943519,1599432,0.81,1.41,0.71,82.94,70.75,309.06,93.44,-29.00,-16.25,0.00,-0.01,0.06,21.44,72.94,201.00,-4.69,0.19,1.62,4,5
1772044261.134812,1599623,0.19,-1.20,0.75,82.00,74.37,286.19,98.87,-55.63,-6.69,-0.02,-0.06,-0.02,22.19,72.37,201.12,-1.94,1.75,-2.37,4,5
1772044261.324296,1599813,-0.14,-0.12,0.20,88.81,74.62,275.12,48.44,-29.19,-1.94,0.10,0.22,0.00,20.50,72.75,201.19,2.19,-3.37,-1.12,4,5
1772044261.513501,1600002,-0.31,-0.12,-0.02,91.69,74.06,269.56,15.81,0.13,2.75,0.02,0.19,-0.14,19.00,72.69,201.12,-0.75,4.19,0.31,4,5
1772044261.705651,1600195,0.34,-0.38,0.47,81.50,73.87,265.50,23.00,7.94,-1.62,0.00,-0.12,0.02,19.00,72.06,201.19,-1.94,-4.31,-2.94,4,5
1772044261.896782,1600386,-0.16,0.02,0.11,78.62,73.69,263.56,6.37,7.06,1.62,0.00,-0.02,0.01,18.19,72.12,201.00,0.81,-2.31,-1.31,5,5
1772044262.087568,1600577,-0.42,-0.14,0.15,77.62,72.87,262.62,-5.00,-2.06,3.25,-0.01,0.11,0.07,17.44,72.62,201.12,2.75,2.31,0.00,4,5
1772044262.277263,1600766,0.30,-0.21,0.44,79.44,72.25,262.00,-4.62,-15.25,6.56,-0.31,0.16,-0.39,17.31,72.37,201.00,1.06,-2.37,1.00,3,3
1772044262.466681,1600956,-0.26,0.36,-0.31,82.69,71.94,260.31,16.69,0.44,1.50,-0.04,0.14,-0.07,18.25,71.69,200.19,-5.12,0.81,2.75,3,3
1772044262.658850,1601148,0.01,-0.72,0.43,61.94,71.50,254.69,46.13,10.38,-2.75,-0.04,0.02,-0.08,19.94,70.69,199.75,-2.94,4.50,2.69,3,3
1772044262.849847,1601339,0.30,-0.31,0.39,55.69,70.75,252.44,4.12,7.06,-1.56,0.00,0.00,0.07,20.75,70.44,200.12,-1.19,2.37,0.81,3,4
1772044263.041350,1601530,0.34,-0.91,0.60,57.81,70.62,253.44,-41.25,-9.19,-0.19,-0.02,0.05,-0.09,20.31,70.31,200.69,-3.19,-2.69,-3.81,3,5
1772044263.230775,1601719,-0.02,0.61,-0.09,68.81,72.19,260.25,-26.69,-7.62,-5.75,-0.05,0.06,-0.13,20.00,70.81,200.94,-3.44,-5.37,-1.75,3,5
1772044263.419951,1601909,-0.08,0.33,0.01,73.06,72.81,262.06,-1.19,2.19,1.75,-0.04,0.08,-0.13,20.00,71.00,200.94,0.31,-3.62,-0.62,3,5
1772044263.611989,1602101,-0.37,0.36,-0.05,67.31,72.62,260.87,24.75,16.06,-1.56,-0.08,0.01,0.15,20.31,71.06,200.87,-0.62,0.62,0.94,3,5
1772044263.803498,1602292,-0.24,0.03,-0.01,48.75,70.69,256.44,40.81,19.62,3.81,-0.05,-0.06,0.17,20.25,71.00,201.00,-2.06,-0.88,-1.69,3,5
1772044263.995422,1602484,0.35,-0.67,0.39,38.88,68.75,251.62,21.19,9.31,1.12,0.05,-0.01,-0.03,19.62,71.31,201.12,2.06,-0.25,-1.94,3,5
1772044264.186280,1602675,0.13,-0.28,0.43,39.13,68.00,250.06,-4.94,-5.31,4.87,-0.12,0.19,-0.18,18.75,71.75,201.25,0.00,-3.62,-1.37,4,5
1772044264.376078,1602865,0.69,-1.22,0.66,41.56,68.00,250.12,-28.25,-13.63,7.25,0.08,0.02,-0.09,18.56,71.81,201.19,1.81,-3.44,-2.37,3,4
1772044264.566827,1603056,0.04,0.10,0.37,54.88,69.56,256.44,-34.88,-10.50,-11.75,0.05,0.00,0.06,19.44,71.75,201.06,-4.00,3.50,4.50,3,4
1772044264.757713,1603246,-0.18,0.39,-0.30,62.38,72.50,262.50,-16.12,-5.06,-7.94,0.05,-0.16,0.06,20.56,71.62,201.37,-2.87,1.81,-0.31,3,4
1772044264.950420,1603439,-0.29,0.15,-0.25,62.06,73.69,264.62,0.13,4.94,-1.31,0.01,-0.03,-0.01,20.94,71.62,201.56,1.37,-1.12,-1.87,3,3
1772044265.142302,1603631,-0.23,0.27,0.01,53.75,72.25,264.12,17.25,16.50,4.25,0.06,0.07,0.15,20.25,71.81,201.44,1.94,-0.75,-0.81,3,3
1772044265.333797,1603823,-0.20,0.12,0.22,41.63,69.06,259.56,37.44,18.87,9.00,-0.01,-0.02,-0.02,19.69,71.69,201.25,2.12,-0.13,0.44,3,3
1772044265.523158,1604012,0.36,-0.67,0.65,32.56,66.00,253.12,32.31,5.06,8.88,0.01,0.13,-0.07,19.37,71.81,201.12,2.25,-2.81,-1.31,3,3
1772044265.712241,1604202,0.00,-0.21,0.35,32.75,64.81,250.19,1.87,1.06,6.44,0.09,0.08,-0.11,19.19,71.62,200.81,-0.88,0.75,1.12,3,3
1772044265.904896,1604394,0.19,0.01,0.17,34.06,64.31,249.12,-0.31,-4.06,3.81,0.00,-0.18,0.07,20.00,71.00,200.50,-2.50,2.44,1.87,3,3
1772044266.096602,1604585,-0.40,-0.21,-0.07,38.63,65.31,249.37,-19.50,-3.62,-0.19,-0.06,-0.02,0.00,20.19,70.69,200.37,-1.94,2.19,0.25,3,2
1772044266.287251,1604776,-0.03,-0.07,0.71,48.19,66.00,255.19,-84.44,-18.44,-8.25,-0.06,0.16,-0.03,19.94,71.19,200.81,0.00,-3.00,-0.13,3,2
1772044266.476810,1604965,-0.03,0.36,-0.20,54.88,69.81,261.81,1.94,-11.31,-10.00,0.06,-0.08,-0.01,21.31,71.12,200.50,-1.37,1.12,-0.13,4,2
1772044266.665911,1605155,-0.10,-0.03,-0.23,55.25,71.31,261.62,4.81,-1.69,0.13,-0.05,-0.10,0.06,20.37,71.12,200.75,2.81,0.00,-1.06,3,1
1772044266.858014,1605347,-0.10,0.16,0.01,51.50,70.69,260.81,14.25,12.56,-0.50,-0.10,0.07,0.01,19.25,71.50,200.56,3.69,-3.31,-1.81,4,1
1772044267.048733,1605538,0.03,-0.13,0.27,41.19,68.56,257.75,27.69,15.88,2.12,-0.03,0.07,-0.02,18.12,72.06,200.56,1.12,0.25,-1.19,4,2
1772044267.242208,1605729,-0.20,-0.26,0.24,33.75,66.31,253.87,17.06,2.81,6.56,0.09,-0.01,0.01,17.81,72.06,200.62,-1.25,-1.56,-1.37,4,2
1772044267.428670,1605918,0.25,-0.33,0.29,31.12,64.50,251.87,10.38,7.69,1.25,0.03,0.02,0.00,17.69,72.00,200.62,0.44,1.37,1.06,4,2
1772044267.619040,1606108,-0.03,-0.19,0.13,29.25,63.81,250.94,6.31,2.19,-0.50,-0.09,-0.02,0.10,18.69,71.44,200.37,-2.31,4.19,3.50,4,2
1772044267.811083,1606300,-0.06,0.03,0.04,29.31,64.00,250.56,-4.31,-0.31,-0.13,-0.07,0.00,-0.02,19.44,71.19,200.56,-1.94,2.00,1.44,3,2
1772044268.001705,1606491,0.13,0.12,0.01,30.94,63.94,251.06,-8.75,-1.37,4.44,0.01,-0.06,-0.02,19.87,70.81,200.44,-0.31,1.56,0.31,3,2
1772044268.192619,1606681,-0.08,-0.04,0.08,34.19,64.25,251.31,-11.69,-6.12,3.25,-0.01,-0.01,0.05,19.81,70.75,200.37,0.69,1.06,1.37,3,2
1772044268.381958,1606871,0.22,-0.44,0.25,38.06,64.81,252.19,-18.44,-10.31,0.44,-0.05,-0.03,0.10,20.00,70.62,200.25,1.31,1.94,2.19,2,2
1772044268.572251,1607061,-0.01,0.19,0.24,46.06,67.00,255.69,-23.81,-15.44,-9.38,-0.03,-0.18,0.10,20.94,69.87,199.62,-0.25,7.37,5.75,2,3
1772044268.764601,1607253,-0.04,0.37,-0.26,52.19,69.81,260.06,-30.50,-15.50,-5.37,-0.01,-0.10,-0.03,21.62,69.94,200.12,-5.12,-0.44,-1.06,3,3
1772044268.955126,1607444,-0.17,0.75,-0.39,60.00,71.81,264.00,-12.31,-4.69,-6.62,0.08,-0.06,-0.15,22.00,69.94,200.12,-0.62,-3.69,-2.06,3,2
1772044269.145064,1607634,0.31,0.58,-0.17,55.13,72.00,264.87,13.88,19.00,0.37,-0.03,-0.25,0.26,21.81,69.25,199.81,5.94,12.19,4.50,3,3
1772044269.335529,1607824,-0.56,0.63,-0.26,48.00,69.50,260.62,38.94,18.94,12.50,-0.13,-0.21,0.02,20.37,69.25,200.19,-0.37,-1.44,-2.37,3,3
1772044269.525408,1608015,-0.22,-0.68,0.49,35.06,65.56,253.87,26.25,4.56,6.87,-0.03,0.04,-0.09,18.19,70.37,200.37,5.56,-5.50,-6.00,3,3
1772044269.717118,1608206,0.10,-0.09,0.33,34.94,63.94,252.06,0.94,-1.87,3.50,-0.04,0.03,-0.01,16.37,70.75,200.31,0.88,1.06,-1.06,5,4
1772044269.907564,1608397,0.06,-0.24,0.24,36.13,64.06,251.50,-10.00,-6.69,0.44,0.00,-0.14,0.02,16.31,70.69,200.62,-2.44,1.75,0.06,5,5
1772044270.098655,1608587,-0.03,0.50,0.28,43.88,66.12,255.06,-47.81,-24.56,-7.50,0.05,-0.04,-0.40,16.25,70.62,200.69,-4.37,-2.37,-2.69,5,5
1772044270.289393,1608778,0.19,0.77,-0.59,52.56,68.75,259.69,-19.25,-20.69,-1.19,0.11,-0.24,-0.74,18.12,70.75,199.81,-5.31,-4.56,-3.44,6,5
1772044270.479044,1608968,0.70,0.32,-0.11,56.25,69.06,259.94,-3.31,-0.06,2.12,-0.22,-0.22,-0.31,18.06,70.94,200.37,0.62,2.37,6.19,8,5
1772044270.670571,1609159,0.09,-0.18,0.39,62.06,69.62,258.06,-3.50,-21.75,6.37,-0.15,0.35,-0.32,17.62,71.19,200.50,-1.06,-12.88,-9.06,8,5
1772044270.860566,1609350,-0.10,-0.12,0.12,71.94,70.37,258.06,-17.12,-13.50,-3.25,0.01,-0.04,0.04,18.37,71.62,200.25,0.62,1.87,2.87,8,5
1772044271.051159,1609540,-0.17,0.08,0.00,78.06,71.62,261.75,-21.87,1.00,-4.25,-0.08,0.04,-0.10,19.12,71.81,200.31,-3.37,-3.25,0.44,8,5
1772044271.241224,1609731,0.10,0.36,0.17,78.50,71.75,266.94,-34.00,10.06,-1.56,-0.03,-0.04,0.25,19.25,72.19,200.87,0.31,-1.94,1.19,9,6
1772044271.432011,1609921,-0.06,0.17,-0.02,82.12,72.62,271.25,-5.87,-10.31,-4.75,-0.04,-0.10,0.06,20.06,72.31,200.37,1.81,-2.87,0.62,9,7
1772044271.623103,1610112,0.01,0.20,-0.02,86.31,73.56,272.69,-1.31,-5.25,-1.69,-0.01,0.01,0.05,20.00,72.44,200.12,0.56,-1.06,-0.31,7,5
1772044271.812837,1610302,-0.02,0.17,0.01,88.87,73.69,271.56,12.69,-7.12,0.88,0.00,-0.05,0.10,19.87,72.37,199.94,2.12,1.12,0.75,6,5
1772044272.003676,1610493,-0.26,-0.02,0.11,91.75,73.50,267.75,16.12,-5.44,3.12,-0.01,0.05,-0.04,19.44,72.19,199.75,0.62,1.31,0.31,7,6
1772044272.194787,1610684,-0.01,-0.16,0.04,90.06,72.94,265.00,7.56,-0.62,1.56,0.04,-0.17,0.16,19.25,72.00,199.75,0.56,-0.75,-0.25,7,7
1772044272.385380,1610874,-0.11,0.03,0.03,89.56,72.69,264.87,-5.50,4.56,0.31,-0.07,0.07,0.17,19.06,72.25,199.81,-1.50,-0.56,0.19,6,6
1772044272.576306,1611065,-0.01,0.11,0.05,86.75,72.69,265.94,-0.31,5.75,-0.13,-0.01,-0.01,0.05,19.37,72.31,199.94,-0.50,1.25,0.75,5,5
1772044272.766423,1611255,0.04,0.17,0.08,83.37,72.44,266.19,-1.19,0.56,2.12,-0.02,0.05,-0.04,19.44,72.37,199.94,-0.62,-0.56,-0.19,5,6
1772044272.956530,1611446,-0.15,0.17,-0.05,83.31,72.00,265.25,5.31,-0.50,5.31,0.01,0.03,0.02,19.62,72.19,199.62,0.06,-1.00,0.94,5,6
1772044273.147521,1611637,0.20,0.06,0.20,79.81,70.69,262.81,16.62,2.62,8.81,-0.01,0.02,-0.09,20.75,71.62,199.44,-3.44,2.19,2.00,4,5
1772044273.338444,1611827,-0.21,-0.23,-0.01,78.75,69.62,258.37,9.38,-4.12,2.25,-0.05,-0.06,-0.09,20.62,71.25,199.31,1.00,-1.81,-1.12,3,4
1772044273.528911,1612018,0.10,0.06,0.18,78.12,68.87,258.12,-8.13,-1.25,2.62,-0.03,0.00,0.05,20.44,71.44,199.37,0.88,-0.56,0.37,3,4
1772044273.718988,1612208,0.06,0.09,-0.06,79.31,68.81,258.69,-1.75,0.19,0.44,-0.03,0.00,-0.04,20.37,71.56,199.50,-1.19,-0.88,0.25,3,4
1772044273.909321,1612399,0.12,0.18,0.00,79.12,69.00,258.81,3.00,-3.06,-1.62,-0.02,-0.03,0.05,20.56,71.31,199.31,-1.00,1.94,0.50,2,2
1772044274.100468,1612590,-0.04,-0.05,0.07,80.06,69.50,257.37,7.50,-7.81,1.87,-0.04,-0.12,0.27,20.94,70.87,199.12,1.00,2.94,1.75,2,2
1772044274.291023,1612780,0.13,0.14,-0.03,83.31,69.19,256.25,-1.94,-5.50,2.69,0.06,-0.06,-0.15,20.75,70.69,198.75,2.44,2.94,0.37,2,2
1772044274.481911,1612971,-0.18,-0.12,-0.17,83.50,68.81,255.00,7.31,9.31,0.37,-0.11,-0.02,0.01,20.37,70.25,198.94,-1.37,3.37,0.00,2,2
1772044274.672034,1613161,-0.02,0.20,-0.13,74.37,69.06,254.56,21.37,12.88,-3.37,-0.05,-0.18,0.12,20.37,69.19,198.56,0.06,0.81,-0.31,2,2
1772044274.862286,1613351,-0.10,-0.06,-0.06,63.56,68.37,252.44,20.50,18.44,-0.69,-0.05,0.21,0.00,20.06,69.62,198.50,-1.69,-2.75,-1.75,2,2
1772044275.053294,1613543,0.45,-0.47,0.28,53.69,66.37,250.50,5.69,4.37,2.50,-0.03,0.03,0.15,19.75,69.87,199.00,1.37,-2.19,-1.69,2,2
1772044275.244275,1613734,0.18,-0.28,0.34,52.94,66.06,249.87,3.87,2.19,-2.75,-0.06,-0.09,0.02,20.31,69.87,199.19,-2.56,0.06,1.87,2,2
1772044275.435197,1613924,0.40,-0.46,0.42,53.69,67.06,251.12,-13.75,-5.44,-5.94,-0.04,-0.26,0.24,21.75,69.44,199.31,-4.62,-0.62,3.37,2,3
1772044275.625215,1614114,-0.50,0.32,-0.28,63.44,69.87,256.75,-36.00,-4.69,-14.69,-0.06,-0.15,-0.13,22.44,68.87,198.87,-2.06,-3.81,-4.62,2,3
1772044275.814930,1614304,0.25,0.28,0.03,63.25,71.81,262.69,-14.88,7.31,-9.31,-0.13,0.07,0.16,20.87,69.62,200.12,-2.94,-1.87,-1.87,2,3
1772044276.006529,1614496,-0.10,-0.03,-0.02,64.00,71.81,263.81,1.69,0.81,1.87,-0.05,-0.09,0.02,21.31,69.44,200.31,-0.31,1.00,0.31,3,3
1772044276.197720,1614687,-0.40,-0.73,-0.12,65.00,71.94,264.31,-13.88,3.00,-0.37,-0.03,-0.11,0.13,20.81,69.44,200.19,3.56,0.31,-0.19,3,3
1772044276.388068,1614877,-0.10,-0.01,0.03,65.37,70.69,267.56,-10.56,3.31,0.81,-0.03,0.00,0.11,20.56,69.62,200.12,0.19,-1.12,0.19,4,3
1772044276.577798,1615067,0.35,0.69,0.17,65.12,70.31,269.44,8.00,-9.31,-0.50,-0.01,0.05,-0.08,20.87,69.75,200.06,-0.56,0.44,1.37,4,3
1772044276.767925,1615257,-0.22,-0.11,-0.01,67.06,71.62,264.69,27.50,-15.81,3.06,-0.08,-0.05,-0.02,21.37,69.50,199.87,0.06,0.25,-1.69,3,3
1772044276.959158,1615449,-0.02,0.00,-0.10,66.94,71.69,260.94,14.44,0.88,1.44,0.00,0.06,0.08,19.87,69.56,199.94,4.12,2.62,0.50,3,2
1772044277.150731,1615640,-0.14,-0.59,0.00,63.38,70.56,259.19,-7.19,11.75,3.81,0.00,-0.02,-0.17,19.25,69.37,199.94,-1.37,-3.25,-2.12,3,2
1772044277.341355,1615831,0.20,1.61,-0.08,60.19,68.19,263.94,13.25,20.81,4.00,-0.10,-0.02,0.10,18.94,69.56,200.62,-2.50,4.25,1.69,3,2
1772044277.531113,1616020,0.55,-1.10,0.43,45.00,68.06,256.94,55.69,-10.94,8.56,-0.11,-0.14,-0.19,20.00,69.06,200.44,-2.75,-3.25,-0.06,3,2
1772044277.720978,1616210,0.47,-0.23,0.18,48.50,68.44,252.81,-1.56,-9.31,5.87,-0.09,0.13,-0.42,19.06,69.19,200.62,-3.12,-3.62,-3.06,3,2
1772044277.912705,1616402,-0.27,0.23,0.48,58.31,68.37,257.31,-62.38,7.00,2.81,0.01,0.03,-0.08,18.56,69.44,200.69,-2.50,-3.00,-0.88,3,2
1772044278.103884,1616593,0.75,-1.00,0.23,55.00,68.37,262.44,9.63,-7.75,-13.50,0.02,-0.19,0.19,18.81,69.62,201.12,0.50,-4.87,-2.19,3,2
1772044278.295031,1616784,-0.20,-0.55,0.58,65.56,69.69,271.00,-112.75,0.81,-6.81,-0.46,0.06,-0.21,17.56,70.37,201.62,1.06,-9.69,-6.44,2,3
1772044278.483923,1616973,0.74,1.23,0.23,74.25,71.19,293.12,-80.75,47.69,-1.31,-0.09,-0.09,0.15,17.81,71.87,201.87,0.25,-3.50,2.94,3,3
1772044278.673656,1617163,0.34,0.36,0.31,70.87,71.69,298.75,15.75,-1.50,-9.81,-0.07,-0.17,-0.06,19.00,71.94,201.56,1.94,-2.69,0.69,3,3
1772044278.866122,1617356,0.44,2.23,0.26,71.81,73.62,296.94,53.25,-14.75,1.31,-0.03,0.21,0.23,19.37,72.56,201.44,-0.94,0.50,2.25,3,3
1772044279.057233,1617547,-0.13,-0.78,0.35,75.50,74.56,279.37,55.38,-22.75,11.25,-0.01,-0.15,-0.14,19.81,71.50,200.75,2.37,4.56,0.19,4,3
1772044279.248117,1617737,-0.03,-0.29,0.04,76.12,73.81,271.25,20.31,-5.81,3.31,0.00,0.11,0.05,19.19,71.19,200.50,0.88,-2.00,0.06,4,3
1772044279.438631,1617928,-0.41,0.75,-0.28,68.12,72.81,266.19,46.56,18.00,3.75,0.09,-0.11,0.32,19.12,70.75,200.69,-1.00,5.25,0.25,3,3
1772044279.628337,1618117,-0.13,-0.99,0.42,54.69,71.12,258.44,10.56,-6.37,4.12,0.02,-0.03,-0.24,19.12,70.56,200.75,-1.37,1.00,-0.81,3,2
1772044279.819739,1618309,0.30,0.11,0.33,53.94,70.62,260.44,-14.69,6.75,-4.06,-0.09,0.11,-0.04,19.00,70.87,201.06,-2.44,-1.81,-0.69,3,2
1772044280.010521,1618500,0.05,0.42,0.00,56.19,70.87,262.69,-10.94,-4.94,-0.81,-0.08,0.01,0.03,19.62,70.44,200.87,-3.00,0.13,0.81,3,2
1772044280.201492,1618691,-0.39,0.50,-0.25,52.50,70.81,261.37,41.00,16.00,-4.25,-0.04,-0.03,0.17,20.12,70.37,201.19,-1.69,0.88,0.44,3,2
1772044280.391839,1618881,0.24,-0.82,0.47,40.44,69.06,256.31,13.13,0.37,6.87,0.01,0.08,-0.07,20.00,70.31,201.25,1.37,-0.69,-0.44,2,2
1772044280.581637,1619071,-0.06,-0.02,0.18,43.06,68.44,255.75,-5.00,-0.44,2.19,-0.12,0.10,0.07,20.12,70.44,201.19,0.88,0.31,1.37,2,2
1772044280.774930,1619264,-0.04,-0.07,-0.04,45.44,68.25,255.44,-0.06,-5.06,4.56,-0.07,-0.12,0.13,20.19,70.00,200.62,3.31,2.69,1.50,2,2
1772044280.964981,1619454,0.18,-0.65,0.29,51.06,67.94,255.62,-30.44,-7.69,0.31,-0.01,0.24,-0.07,19.94,70.00,200.37,0.62,-2.69,-0.75,1,1
1772044281.155291,1619644,0.17,0.01,0.02,58.38,69.44,260.50,-13.88,-6.00,-10.06,-0.06,-0.09,0.13,20.31,69.75,200.31,-4.87,1.44,2.06,2,1
1772044281.346108,1619835,-0.06,0.27,-0.17,60.94,71.56,263.44,-5.44,-1.25,-7.19,-0.04,-0.04,0.05,22.06,69.31,200.37,-2.69,3.12,3.94,2,2
1772044281.536986,1620026,0.08,0.17,-0.11,60.63,72.56,264.94,-4.69,-2.44,-4.44,-0.05,-0.09,0.00,22.75,69.12,200.12,1.19,-5.37,-3.56,2,2
1772044281.729076,1620219,0.17,0.20,0.16,61.94,73.00,265.87,0.44,-3.19,2.56,-0.04,0.16,0.13,21.75,70.25,200.50,4.00,-3.19,-0.62,4,4
1772044281.919069,1620408,-0.26,0.01,-0.01,65.94,72.75,264.44,5.75,-1.81,5.25,-0.08,0.01,-0.01,20.69,70.37,200.19,1.75,-0.25,-1.75,4,4
1772044282.109923,1620599,-0.08,0.08,-0.11,65.75,71.81,262.81,6.69,0.88,3.94,-0.02,-0.03,0.09,20.56,70.37,200.12,0.37,0.62,0.75,4,4
1772044282.302229,1620792,-0.39,0.32,-0.34,60.44,70.69,260.00,29.87,15.50,4.69,-0.02,-0.10,0.10,20.37,70.37,200.44,-2.44,1.06,-1.12,4,3
1772044282.493183,1620983,0.01,-0.27,0.29,52.19,68.75,255.81,6.87,0.75,4.50,0.02,0.05,-0.12,19.44,70.62,200.62,3.25,-3.44,-3.56,5,5
1772044282.684178,1621173,0.53,-0.38,0.64,54.06,68.75,254.94,-2.44,-17.94,0.94,-0.01,-0.11,0.03,17.87,70.75,200.62,1.62,-4.19,-3.94,5,5
1772044282.873858,1621363,-0.69,0.10,-0.36,69.37,71.81,257.31,-27.81,-13.31,-5.56,-0.02,0.06,0.00,16.94,70.94,200.81,-4.06,-0.75,-0.75,5,6
1772044283.063013,1621552,0.29,-0.01,0.10,71.62,72.69,261.44,-14.31,2.44,-5.69,-0.03,-0.08,0.16,17.56,70.00,200.94,-1.37,5.56,1.87,5,6
1772044283.255096,1621744,-0.09,0.45,-0.11,76.00,73.25,264.44,-9.88,-0.94,-1.50,-0.12,0.01,0.11,17.94,69.69,201.12,-0.62,-1.62,0.94,5,5
1772044283.446100,1621935,-0.02,-0.10,0.06,77.94,73.56,264.69,-0.19,-3.06,0.37,-0.02,0.15,-0.04,18.87,70.06,200.87,0.00,-1.37,2.00,5,5
1772044283.636747,1622126,-0.29,-0.01,0.04,80.94,73.31,264.56,-3.00,-5.56,3.06,-0.04,0.00,0.02,19.56,69.75,200.62,-0.69,-1.00,-0.13,3,3
1772044283.827236,1622317,0.10,0.13,-0.01,82.12,73.12,264.94,-2.25,-0.69,1.94,-0.06,-0.07,0.06,19.69,69.75,200.62,0.69,0.13,0.37,3,3
1772044284.016485,1622506,-0.10,0.04,-0.07,82.06,72.87,264.12,7.50,1.50,1.00,-0.01,0.00,0.05,19.44,69.81,200.44,2.19,0.00,0.00,3,3
1772044284.208292,1622698,-0.33,0.14,-0.20,79.00,72.50,262.81,12.00,8.13,1.50,0.01,0.02,-0.06,19.25,69.81,200.37,-1.37,-0.44,-0.25,3,3
1772044284.398974,1622888,0.26,-0.05,0.17,59.13,71.12,258.75,51.25,25.75,-0.56,-0.04,-0.13,0.29,20.06,69.44,200.56,-2.50,0.00,0.44,2,2
1772044284.589729,1623079,-0.18,-0.46,0.17,46.69,69.06,253.31,18.06,7.56,0.81,-0.05,0.00,-0.13,20.19,69.31,200.50,-1.62,0.75,1.31,2,1
1772044284.779292,1623269,0.14,-0.15,0.36,42.31,67.69,252.62,-1.12,4.31,-1.00,-0.05,0.09,0.10,20.69,69.31,200.56,-0.37,2.12,3.06,2,1
1772044284.969456,1623459,0.20,-0.26,0.10,45.25,67.69,252.87,-14.00,-9.06,3.31,-0.07,0.03,0.07,21.50,68.62,200.12,-1.56,4.06,3.87,2,1
1772044285.161286,1623650,-0.06,-0.41,0.03,57.44,68.62,255.25,-47.44,-18.12,-2.75,-0.06,-0.05,0.03,21.62,68.94,200.19,2.12,-4.75,-4.56,2,1
1772044285.351921,1623841,-0.19,0.25,-0.20,68.44,71.69,262.00,-15.13,-4.75,-14.56,0.00,-0.01,0.08,21.56,69.31,200.06,-1.19,-0.25,1.00,2,1
1772044285.542561,1624032,-0.03,0.27,-0.12,68.44,73.44,265.06,-3.69,0.31,-1.25,-0.02,-0.04,0.06,22.50,69.12,200.19,-2.00,1.94,2.12,2,2
1772044285.732347,1624222,0.12,0.01,0.03,67.31,73.37,265.87,-10.94,2.37,0.19,-0.02,0.01,0.03,22.56,69.06,200.25,1.31,-1.81,-1.69,1,1
1772044285.922939,1624412,-0.09,0.04,0.10,68.69,72.81,267.19,-10.00,-0.06,1.44,-0.05,0.01,-0.07,22.25,69.37,200.31,0.06,-2.31,-0.88,1,1
1772044286.113838,1624603,0.03,0.00,0.05,70.12,72.94,268.37,-3.19,3.87,-1.56,0.01,0.03,0.07,22.37,70.06,200.56,-1.87,-1.56,-1.12,1,1
1772044286.304527,1624794,-0.34,0.25,-0.26,71.81,73.31,269.12,-1.00,-6.44,-3.69,-0.06,0.02,-0.01,22.31,70.00,200.44,1.44,3.31,1.00,1,1
1772044286.495240,1624985,-0.68,1.45,-0.20,64.31,73.06,264.62,73.12,28.25,4.31,-0.12,0.04,0.14,22.94,69.44,200.75,-8.06,5.25,5.87,1,2
1772044286.685555,1625175,1.02,-1.90,0.50,37.69,67.31,252.44,37.13,29.94,18.25,-0.05,-0.10,-0.18,23.50,68.37,200.81,2.12,0.13,-3.87,2,2
1772044286.876298,1625366,-0.08,-0.62,0.41,38.19,65.00,248.81,-17.19,-8.13,8.56,-0.07,0.26,-0.08,20.94,69.06,200.94,2.75,-5.06,-4.19,2,2
1772044287.066928,1625556,0.02,-1.53,0.56,45.44,65.44,253.12,-82.62,-4.75,-1.75,-0.13,0.07,0.13,19.75,69.87,201.31,1.37,-4.06,-1.94,2,3
1772044287.257081,1625747,0.02,1.10,0.47,66.06,66.25,273.62,-136.37,12.31,-18.31,0.08,0.05,0.13,19.37,70.94,201.25,-0.94,-7.56,-0.75,2,3
1772044287.448101,1625938,0.22,0.69,0.10,74.44,68.87,287.06,-3.25,-14.44,-8.81,-0.03,-0.02,-0.04,19.81,71.25,201.37,0.37,2.50,1.31,2,3
1772044287.638690,1626128,0.32,0.78,0.25,77.31,70.75,284.69,60.44,-16.31,-8.88,-0.04,-0.02,0.14,20.25,71.31,201.37,-1.19,0.62,1.12,2,3
1772044287.829230,1626319,-0.33,-0.16,0.06,76.81,72.25,272.69,48.19,-20.37,5.75,-0.09,0.04,-0.09,20.75,70.81,201.19,1.25,1.69,0.50,2,3
1772044288.019576,1626509,-0.15,-0.30,-0.04,80.19,72.06,265.31,19.31,-27.12,-4.44,-0.03,0.05,0.11,20.19,70.69,200.81,0.25,0.25,0.81,2,3
1772044288.209946,1626699,-0.04,0.01,-0.04,82.00,72.12,262.19,11.13,-2.81,4.50,-0.12,0.00,-0.03,20.75,70.37,200.75,-1.94,1.87,1.37,2,3
1772044288.400824,1626891,0.05,0.15,-0.05,79.37,72.00,260.56,6.12,5.69,0.37,0.01,-0.08,-0.13,21.37,70.06,200.75,-0.44,0.44,0.56,2,2
1772044288.591547,1627081,-0.35,0.03,-0.17,71.94,71.56,260.56,-1.69,19.56,0.13,0.00,0.00,0.11,21.50,69.87,200.56,-0.37,2.50,1.44,3,2
1772044288.782234,1627272,0.62,0.53,0.13,53.44,68.69,259.94,52.38,37.50,-0.13,-0.08,-0.11,0.26,22.00,69.50,200.75,-2.44,2.62,0.94,3,2
1772044288.972461,1627462,-0.14,-0.76,0.22,46.75,67.12,253.75,16.25,-14.38,7.81,-0.05,0.00,-0.10,21.75,69.19,200.81,2.94,-1.06,-0.50,3,2
1772044289.162412,1627652,0.09,-0.15,0.35,54.69,67.31,255.00,-47.69,-10.13,-2.56,-0.02,0.17,-0.05,21.94,69.06,200.06,2.44,5.81,6.25,5,4
1772044289.354152,1627844,0.08,0.28,-0.26,62.06,70.00,261.87,-29.50,-8.94,-7.31,-0.01,0.01,0.09,21.69,69.37,200.75,-2.81,2.50,0.62,5,5
1772044289.545219,1628034,-0.29,0.06,-0.10,68.69,71.44,265.81,-19.25,-3.31,-3.44,0.05,-0.03,0.06,22.31,69.37,201.12,0.19,-3.69,-2.00,5,5
1772044289.735842,1628225,0.80,1.13,0.28,66.37,71.00,273.44,-40.94,10.31,4.12,-0.02,-0.04,0.27,22.31,69.94,201.25,-0.44,-0.62,-0.19,5,4
1772044289.925894,1628415,-0.55,-0.19,-0.07,74.06,71.81,272.75,15.00,-20.87,3.31,-0.17,-0.03,-0.01,21.94,70.00,201.31,1.00,-0.13,-2.06,6,6
1772044290.115095,1628605,0.03,0.30,0.12,79.12,72.00,271.94,3.75,-18.31,-2.62,0.04,-0.06,0.00,21.44,70.44,201.44,0.31,-0.31,0.50,6,6
1772044290.307302,1628797,-0.35,-0.49,-0.24,84.19,72.69,270.69,-11.25,12.25,5.37,0.00,-0.08,0.11,21.12,70.62,201.44,-0.75,-0.37,-1.50,6,6
1772044290.498149,1628988,0.44,-0.04,0.45,81.00,70.87,278.56,-82.62,30.12,9.31,0.09,-0.03,-0.01,21.12,71.44,201.81,-2.37,-3.12,-1.87,6,7
1772044290.689080,1629179,0.57,0.38,0.26,82.37,69.81,288.25,-22.75,-2.00,4.56,-0.09,0.04,0.10,21.12,71.69,201.94,0.94,-0.06,1.25,6,7
1772044290.878211,1629368,0.37,0.21,0.18,83.37,69.06,288.56,7.87,5.19,-0.13,0.01,0.02,0.15,21.06,71.69,201.87,1.06,0.37,0.25,6,6
1772044291.068217,1629558,0.34,-0.61,0.32,80.69,69.62,287.00,10.13,5.31,-3.50,-0.05,0.00,-0.02,21.12,71.69,201.81,-0.44,-0.31,-0.37,4,5
1772044291.260113,1629750,-0.01,0.37,0.14,80.19,69.44,287.44,1.31,-0.94,2.31,0.00,-0.05,-0.05,21.31,71.69,201.87,-0.31,0.37,0.62,4,4
1772044291.452234,1629942,0.08,0.29,0.11,80.44,69.87,286.87,4.75,-9.69,-0.13,-0.06,0.05,0.02,21.25,71.69,201.81,-0.37,0.37,0.31,4,4
1772044291.642367,1630132,0.03,0.00,0.08,81.25,69.75,285.62,0.37,-1.12,0.75,-0.03,0.06,0.09,21.37,71.62,201.69,0.62,-1.62,0.13,4,4
1772044291.831706,1630322,0.36,1.66,0.24,81.69,70.12,283.12,63.63,-21.94,-6.56,0.00,0.12,0.07,21.69,71.56,201.44,1.50,3.50,2.37,3,3
1772044292.021455,1630511,0.22,-1.15,0.23,77.00,73.19,267.94,61.50,-23.75,-0.06,-0.01,-0.03,-0.18,21.56,70.69,201.12,-1.12,1.81,-1.69,3,2
1772044292.214582,1630704,-0.31,-0.04,-0.11,80.25,72.12,262.75,-1.31,7.19,5.69,-0.05,0.05,0.12,21.37,70.69,201.19,-0.37,-1.62,0.69,3,2
1772044292.406233,1630896,0.29,0.41,-0.10,64.56,70.44,260.44,55.13,33.88,-0.50,-0.07,-0.10,0.35,22.06,70.31,201.25,-1.50,3.37,1.31,3,2
1772044292.596385,1631086,-0.14,-0.18,0.10,51.19,68.81,254.56,14.69,6.37,6.12,-0.23,0.09,-0.15,22.00,70.00,201.62,-1.87,0.06,0.31,4,2
1772044292.785893,1631276,0.15,0.09,0.15,49.25,68.06,252.94,5.87,0.13,1.75,-0.06,-0.01,0.11,21.19,69.94,201.81,0.69,-0.69,-0.75,3,2
1772044292.975357,1631465,0.24,0.01,0.11,49.06,67.87,252.12,0.69,-0.44,0.69,-0.01,-0.13,0.01,21.44,69.37,201.44,0.50,2.37,1.06,3,2
1772044293.168715,1631658,0.44,-0.71,0.33,50.50,68.19,251.69,-10.56,-3.50,-0.25,-0.02,-0.11,0.00,20.50,69.37,201.25,4.87,-0.81,-2.06,3,2
1772044293.361868,1631851,-0.01,0.78,-0.23,63.38,69.50,256.87,-44.56,-18.56,-9.63,0.06,-0.04,-0.10,20.44,70.06,200.69,5.31,2.56,4.25,3,2
1772044293.551011,1632041,2.16,-0.20,1.09,66.94,69.62,262.75,-50.00,34.00,19.69,-0.03,0.03,0.50,20.81,70.37,201.37,-4.50,-9.44,-8.81,4,2
1772044293.740292,1632230,1.61,-0.24,0.20,73.37,69.50,263.69,29.50,34.38,-7.25,0.08,-0.63,0.51,21.69,70.06,201.25,-2.94,8.25,5.37,4,2
1772044293.933250,1632423,-0.15,0.25,-0.02,69.06,70.00,262.12,11.81,11.00,-4.25,-0.13,0.03,0.20,21.81,70.56,201.69,1.69,2.69,1.75,4,3
1772044294.124439,1632614,0.12,0.34,0.00,59.38,69.44,260.19,31.56,10.44,0.37,-0.08,0.05,0.01,21.62,70.12,201.37,-0.94,-0.19,0.00,3,3
1772044294.315643,1632805,0.19,-0.82,0.29,45.88,68.06,253.62,49.50,12.56,-0.75,-0.18,0.04,0.15,22.12,70.06,201.50,0.06,-1.69,-2.19,3,3
1772044294.506490,1632996,-0.06,-0.20,0.20,42.88,67.25,251.44,-2.50,0.69,1.69,-0.02,0.09,-0.08,21.87,70.25,201.50,-0.50,0.62,1.25,3,3
1772044294.695761,1633186,0.04,-0.12,0.22,43.81,66.94,251.75,-5.25,-3.25,-2.69,-0.08,0.11,0.02,22.62,70.06,201.44,0.37,3.87,3.06,4,3
1772044294.887194,1633377,0.90,-0.71,0.37,45.94,68.06,253.75,-24.56,-16.75,-2.44,0.05,0.06,0.06,23.94,68.06,200.25,-3.50,11.00,12.81,5,3
1772044295.078583,1633568,-0.20,0.32,-0.21,62.44,71.56,261.94,-62.31,-9.75,-8.69,-0.04,0.16,-0.22,26.12,67.06,199.81,-1.69,-11.00,-10.13,6,5
1772044295.268815,1633758,0.00,0.65,0.06,72.87,73.81,270.62,-30.94,-13.88,-2.25,-0.08,0.10,-0.08,25.25,68.25,200.69,1.69,-2.12,-0.94,6,5
1772044295.458284,1633948,0.00,0.49,-0.44,71.75,74.06,271.25,29.81,21.62,6.62,-0.06,-0.28,0.26,25.06,68.25,200.87,-1.94,-2.31,-4.81,5,5
1772044295.647877,1634138,0.00,-0.30,0.12,62.00,72.12,265.69,20.56,0.62,4.75,-0.01,-0.11,-0.22,23.12,69.19,201.50,2.69,-6.69,-7.94,5,5
1772044295.839751,1634329,-0.58,-0.08,0.07,67.12,72.06,262.44,2.00,-18.56,4.75,-0.02,0.29,-0.28,19.75,71.00,202.12,4.31,0.62,-4.56,5,5
1772044296.030485,1634520,-0.06,0.43,0.05,58.31,70.00,257.44,77.06,52.50,2.00,-0.19,-0.40,0.38,18.87,70.12,202.31,-1.81,9.00,4.81,5,5
1772044296.221266,1634711,-0.67,-1.34,0.26,50.81,68.00,249.62,-23.94,-32.06,9.38,0.01,0.01,-0.50,18.69,69.87,201.62,4.62,-0.44,1.75,5,5
1772044296.411485,1634901,-0.47,0.51,0.00,66.50,71.06,259.56,-74.62,-7.94,-13.44,-0.14,0.44,-0.02,17.75,71.50,202.00,-1.62,-6.44,-3.06,5,5
1772044296.600841,1635091,-0.07,0.37,0.04,70.75,71.69,267.31,-19.69,-4.00,2.69,-0.05,-0.12,0.16,19.06,71.31,202.31,-1.62,4.06,3.25,5,5
1772044296.792417,1635282,-0.25,0.80,-0.36,69.25,71.62,267.31,29.00,20.12,1.50,-0.04,-0.09,0.05,20.50,70.75,202.25,-3.81,3.50,3.50,5,4
1772044296.983260,1635473,-0.72,0.02,-0.07,53.75,70.19,260.62,42.63,4.56,7.37,-0.08,0.00,0.09,20.87,70.69,202.31,3.06,2.06,-0.06,3,3
1772044297.174172,1635664,-0.08,-0.39,0.33,49.44,68.37,255.75,3.06,-2.44,7.37,0.04,0.00,-0.04,20.87,70.69,201.94,1.31,-2.00,0.69,3,3
1772044297.363691,1635854,0.40,-0.51,0.28,51.38,67.87,255.75,-15.50,-9.81,-2.94,0.00,0.00,0.07,20.75,70.87,201.75,1.44,0.00,-1.37,3,2
1772044297.553687,1636043,-0.99,0.39,-0.15,68.44,70.06,261.50,-61.56,-5.81,-12.88,-0.03,0.29,0.23,19.06,71.37,201.94,0.06,-5.62,-2.00,3,2
1772044297.745276,1636235,0.57,-0.29,0.39,74.25,68.12,265.37,11.19,-12.06,2.75,-0.07,-0.08,-0.02,21.87,72.50,203.00,-0.37,-3.75,-5.25,3,2
1772044297.936412,1636426,-0.19,0.44,0.00,79.37,69.81,265.56,-3.31,-1.12,-0.56,-0.14,-0.04,-0.12,21.06,72.44,202.94,-1.50,2.56,2.69,3,2
1772044298.127073,1636617,0.35,-0.19,-0.05,79.62,69.56,263.75,25.81,-7.75,-0.88,-0.02,-0.38,0.30,22.25,71.56,202.87,0.56,12.38,1.56,3,2
1772044298.317311,1636807,-0.39,0.69,-0.31,75.94,70.31,261.19,29.31,12.81,5.12,0.21,-0.03,0.00,21.75,71.50,202.19,0.56,-9.44,4.56,3,2
1772044298.507151,1636997,0.61,-0.69,0.86,58.00,68.44,255.06,40.75,13.69,-6.25,-0.15,0.14,0.17,24.62,70.56,202.19,-8.00,0.13,2.12,4,2
1772044298.698097,1637188,0.65,-0.86,0.44,54.81,68.25,252.19,-1.06,2.94,4.44,0.10,-0.05,0.11,26.25,69.50,202.31,-1.25,4.87,3.50,4,3
1772044298.889253,1637379,0.53,0.04,0.44,57.25,68.00,255.56,-32.94,-5.69,-1.87,0.07,-0.32,0.11,27.19,68.94,201.81,0.94,-4.31,2.25,4,3
1772044299.080242,1637570,-1.02,0.78,-0.02,75.31,71.75,260.87,-38.38,-35.81,-8.25,-0.08,-0.05,-0.05,26.87,69.62,201.00,9.00,-3.50,-4.56,5,4
1772044299.270394,1637760,-1.65,0.71,-0.73,93.62,71.06,263.00,-28.75,-18.19,9.63,-0.07,0.30,0.00,24.75,72.00,201.75,3.81,-3.56,-3.50,5,4
1772044299.460118,1637950,-0.15,0.24,-0.03,89.87,72.25,263.81,20.19,6.25,-7.19,0.11,-0.17,0.32,23.12,72.12,201.75,-0.44,1.87,-1.00,5,4
1772044299.651109,1638141,-0.21,0.42,-0.05,75.75,72.31,259.87,46.88,27.75,3.75,-0.04,-0.33,0.22,23.50,72.12,202.06,-1.94,-0.06,-2.31,8,6
1772044299.841985,1638332,-0.02,-0.46,0.32,59.13,70.19,253.69,26.56,5.12,2.06,-0.03,0.00,-0.09,21.19,72.69,202.56,3.87,-1.00,-4.69,8,6
1772044300.032314,1638523,0.45,0.03,0.27,57.56,69.56,252.37,-11.25,2.12,3.69,0.00,0.01,0.14,19.62,73.12,202.62,0.06,-0.88,-0.44,8,6
1772044300.223282,1638713,-0.06,-0.36,0.32,65.19,70.19,252.31,-19.19,-26.50,-5.81,0.02,-0.32,0.29,19.87,72.50,202.12,2.00,6.06,4.62,7,7
1772044300.413045,1638903,0.62,-0.02,0.04,72.69,71.87,255.69,-24.12,12.50,-2.31,-0.03,-0.05,0.12,21.44,72.62,202.37,-2.69,0.31,2.37,8,7
1772044300.603573,1639094,0.40,0.17,0.19,72.75,70.44,260.94,-39.38,22.94,5.06,0.07,-0.26,0.30,22.06,72.50,202.56,0.06,-2.00,-1.31,8,7
1772044300.794710,1639285,0.05,0.40,0.08,70.44,70.31,264.06,27.00,8.81,-16.06,-0.38,0.49,0.25,22.25,72.87,202.87,1.62,4.56,1.00,7,7
1772044300.985723,1639475,-0.40,-0.24,0.10,67.81,72.25,263.81,-31.00,7.37,4.44,0.04,-0.13,-0.10,21.19,71.44,202.06,-0.56,-5.19,-4.19,7,7
1772044301.176121,1639666,-0.16,0.51,-0.18,68.25,71.87,265.12,29.75,0.56,1.00,-0.09,-0.16,0.23,21.62,71.69,202.19,-5.69,0.00,2.81,7,7
1772044301.365913,1639856,0.14,-0.11,0.20,54.69,70.37,259.25,48.56,21.62,1.37,-0.08,-0.08,0.22,21.06,72.19,202.56,2.69,-7.94,-7.37,6,7
1772044301.556507,1640046,-0.15,-0.50,0.37,50.38,68.94,256.12,-8.50,-4.06,3.25,0.05,0.08,-0.04,20.06,73.06,202.62,2.19,-0.19,-0.56,3,4
1772044301.747694,1640238,0.06,0.18,0.08,55.25,68.44,258.81,-21.94,-4.25,1.25,0.01,0.06,0.07,19.62,73.44,202.81,-3.06,-1.00,-0.44,3,4
1772044301.938493,1640428,-0.46,0.95,-0.39,58.19,68.37,260.56,14.69,17.25,1.37,-0.01,0.09,0.15,20.94,73.12,202.94,-2.81,3.81,5.06,4,4
1772044302.129039,1640619,0.16,-0.27,0.09,48.44,67.06,256.69,22.87,1.37,2.75,0.01,0.01,0.06,22.31,72.25,202.81,0.56,3.81,1.19,4,4
1772044302.319045,1640809,-0.13,-0.36,0.27,47.25,67.00,253.87,10.69,-2.69,1.25,-0.05,0.10,-0.06,23.44,70.81,202.00,1.25,12.38,11.63,3,3
1772044302.509299,1640999,0.31,-1.71,0.05,51.69,67.19,257.69,-70.62,-3.62,-6.37,-0.18,-0.08,0.31,26.31,69.44,200.81,3.37,-1.19,4.31,3,2
1772044302.701004,1641191,1.76,0.17,0.50,68.56,67.06,272.19,-68.06,8.25,-1.62,0.19,-0.14,0.51,26.50,69.87,200.44,-0.50,-5.12,-3.69,4,2
1772044302.892223,1641382,0.02,0.43,-0.10,76.75,67.31,278.62,-2.31,38.88,-8.13,-0.20,-0.03,0.30,26.31,70.56,200.81,0.62,2.37,-1.44,4,3
1772044303.082789,1641573,0.48,0.85,0.23,74.12,68.56,277.44,55.81,-1.50,-13.69,-0.16,0.00,0.09,26.50,70.62,201.06,0.00,0.50,-0.94,4,3
1772044303.272409,1641762,-0.08,-0.49,0.15,71.31,70.19,268.62,33.19,-9.75,4.06,-0.02,-0.03,-0.09,25.94,70.75,201.25,3.00,-1.00,-1.94,4,3
1772044303.462180,1641952,-0.01,0.14,0.09,71.19,70.62,264.50,26.44,-11.63,-4.87,-0.02,0.00,0.01,25.19,70.87,201.12,-0.06,-0.94,-1.44,5,4
1772044303.654086,1642144,-0.40,0.28,-0.20,69.50,71.62,261.44,15.88,-0.25,1.00,-0.07,0.06,0.08,23.94,71.44,201.69,-1.31,-1.00,-3.50,5,4
1772044303.845838,1642336,0.38,-0.12,0.15,56.69,70.06,258.19,33.50,16.19,-1.44,-0.07,-0.01,0.09,23.06,71.31,201.94,0.94,1.25,-0.50,4,4
1772044304.037248,1642528,-0.04,0.11,0.12,49.38,68.75,255.50,10.69,7.25,0.06,-0.09,0.10,0.00,23.44,71.06,201.87,-1.19,2.00,2.06,4,3
1772044304.226872,1642717,0.00,0.11,-0.04,45.69,67.87,253.87,12.00,4.50,4.62,0.01,0.00,-0.01,23.62,71.00,201.94,-1.00,-0.25,1.44,4,3
1772044304.416214,1642906,0.45,-0.20,0.18,44.13,67.25,252.44,2.37,-0.37,2.69,-0.05,0.03,0.03,23.81,70.81,201.81,1.25,0.56,0.94,4,4
1772044304.609434,1643099,-0.43,-0.03,0.00,53.94,69.00,252.87,-23.25,-19.50,-2.12,-0.06,-0.05,-0.03,23.62,70.87,201.56,-2.56,-4.81,-2.94,3,3
1772044304.802663,1643292,0.08,0.07,-0.05,61.00,70.81,256.44,-23.94,-7.12,-5.19,-0.05,-0.07,0.09,23.81,71.31,201.87,-1.25,-0.81,-0.44,3,3
1772044304.993739,1643484,-0.31,0.40,-0.33,66.12,71.87,259.69,0.94,5.19,-0.94,0.00,0.02,-0.04,24.25,71.31,201.87,-1.25,2.75,1.62,3,3
1772044305.183102,1643673,0.45,0.44,0.15,50.25,69.69,257.44,48.75,30.69,4.00,-0.17,0.01,0.36,24.81,70.69,201.81,-1.44,0.37,0.81,2,2
1772044305.372641,1643863,-0.09,-0.36,0.42,44.00,67.12,250.94,11.69,1.25,8.56,0.01,0.01,-0.22,24.12,70.75,201.94,2.12,-1.75,-2.94,2,2
1772044305.565238,1644055,0.14,-0.06,0.18,43.56,65.94,249.81,-0.81,0.56,1.50,0.02,0.06,-0.02,23.31,71.06,202.12,0.56,1.69,0.69,2,2
1772044305.756124,1644246,0.33,0.12,0.11,46.81,65.37,250.44,-20.06,-1.44,3.37,-0.05,0.05,0.03,22.94,70.87,202.25,-0.69,1.06,0.88,2,2
1772044305.947219,1644437,0.21,-0.07,0.21,53.25,66.44,252.00,-19.87,-17.62,3.06,0.00,-0.02,-0.03,23.00,70.56,202.12,-0.75,-2.69,-3.06,2,2
1772044306.136507,1644626,-0.33,0.49,-0.09,68.19,69.62,256.62,-38.31,-20.62,-15.56,-0.06,0.07,0.06,21.75,71.06,202.31,0.56,-1.25,0.13,2,2
1772044306.327164,1644817,-0.05,0.08,0.00,74.37,71.75,259.37,-0.19,-11.31,-1.50,0.02,-0.06,0.01,22.75,70.81,202.06,-0.13,1.62,1.19,2,2
1772044306.518815,1645008,-0.24,0.32,-0.15,79.69,72.44,259.94,-3.06,-3.06,-0.19,-0.02,-0.05,0.01,22.87,70.87,202.00,-0.50,-1.44,-0.06,2,2
1772044306.708865,1645199,0.08,0.13,0.06,74.25,72.56,259.31,20.00,13.75,0.19,-0.03,-0.09,0.05,23.44,70.94,201.87,0.69,0.31,-0.25,1,2
1772044306.899470,1645390,-0.26,0.49,0.05,67.25,71.75,256.37,19.94,4.19,3.75,0.02,0.14,-0.20,23.06,71.00,201.81,-1.19,1.75,1.75,2,2
1772044307.090350,1645580,1.09,-0.58,0.53,46.19,68.44,250.56,49.25,41.06,8.75,-0.01,-0.29,0.28,24.56,69.87,201.62,-1.69,1.31,-1.12,2,2
1772044307.279557,1645770,0.28,0.19,0.62,53.44,66.75,249.50,-53.00,-36.94,3.56,-0.11,0.38,-0.22,23.06,70.12,201.44,7.75,5.25,1.19,2,2
1772044307.471735,1645961,-0.53,-0.34,0.20,71.75,70.31,255.94,-57.88,-12.19,-8.88,0.04,-0.16,0.14,23.37,70.31,201.69,-5.37,-4.06,-2.75,3,2
1772044307.661945,1646152,0.49,-0.13,0.17,76.69,69.94,267.25,-52.25,15.88,4.75,0.15,-0.04,0.24,23.56,70.94,202.37,-2.37,-1.62,-1.44,3,2
1772044307.852368,1646342,0.01,0.00,0.10,81.19,69.81,277.69,-65.69,29.06,-10.19,-0.03,0.07,0.01,23.75,71.81,202.75,-2.00,-5.25,-3.50,3,2
1772044308.041552,1646532,0.34,0.85,0.34,85.56,70.94,287.56,-15.06,-3.81,-6.25,0.00,-0.03,0.15,23.37,72.56,203.25,1.19,2.00,0.69,3,2
1772044308.231033,1646721,-0.01,1.57,-0.09,90.00,70.75,287.87,13.81,-3.19,4.87,-0.12,0.00,0.10,23.19,72.19,203.00,-1.06,3.12,2.81,3,2
1772044308.423891,1646914,0.43,-1.42,1.10,82.19,72.50,269.50,140.12,-71.56,-7.75,-0.05,-0.15,-0.02,24.25,71.12,202.56,5.44,5.75,2.75,3,2
1772044308.614510,1647105,-0.78,0.18,-0.07,94.81,72.19,257.81,10.69,0.19,1.12,-0.09,0.04,0.19,23.56,71.12,202.44,-4.06,0.00,1.87,4,1
1772044308.805260,1647295,0.13,-0.11,-0.04,89.69,73.31,255.94,18.75,-11.25,-5.87,0.09,0.19,0.00,23.62,70.87,202.37,-0.56,0.44,1.19,4,2
1772044308.994859,1647485,-0.58,0.72,-0.27,76.56,72.37,252.50,47.88,89.12,11.63,0.00,-0.21,0.28,25.56,69.56,202.31,-3.87,14.13,9.69,4,2
1772044309.184816,1647675,0.72,-1.11,0.66,40.19,67.62,247.69,12.06,-8.38,-0.81,0.01,-0.05,-0.09,25.44,68.75,202.12,2.56,-3.06,-3.00,4,2
1772044309.376647,1647867,0.14,-0.24,0.24,41.69,69.19,245.69,33.25,-7.44,-3.44,0.02,0.07,-0.05,25.12,69.31,202.50,1.81,4.19,1.31,3,2
1772044309.567334,1648057,0.98,-1.63,0.81,40.88,68.87,246.12,-68.94,11.88,2.44,-0.04,-0.13,0.20,24.81,69.12,202.31,3.00,-0.31,0.94,3,3
1772044309.758120,1648248,0.66,2.06,0.37,68.75,69.87,256.19,-21.12,-57.75,-10.25,0.06,0.31,-0.03,24.37,69.69,202.50,-2.87,-7.12,-4.00,3,2
1772044309.947924,1648438,-0.57,-0.42,-0.29,89.06,73.31,253.81,-13.81,3.56,-0.75,-0.06,-0.11,0.15,24.19,69.69,202.44,0.00,-3.44,-1.37,3,2
1772044310.138233,1648628,0.18,0.25,-0.07,86.19,72.75,257.87,-20.12,8.06,6.81,-0.07,-0.02,-0.01,24.25,69.94,202.44,0.37,-1.19,-0.62,3,2
1772044310.329920,1648820,-0.09,-0.29,-0.04,81.00,73.19,259.00,5.12,24.75,-4.75,-0.02,-0.09,0.08,24.25,69.81,202.37,-0.13,-0.37,-0.75,4,2
1772044310.519804,1649010,0.69,0.94,0.23,60.88,71.44,258.56,55.31,43.63,0.00,0.00,-0.14,0.41,24.94,69.50,202.44,-2.37,4.87,2.31,4,3
1772044310.710573,1649201,0.19,-1.12,0.45,42.63,69.87,251.44,15.19,1.87,0.31,-0.03,-0.06,-0.10,24.94,69.37,202.50,1.87,-1.62,-0.88,3,3
1772044310.899989,1649390,0.05,-0.72,0.63,53.50,69.37,253.31,-67.37,-20.37,10.19,-0.07,0.06,-0.28,24.12,69.87,202.44,5.00,-1.37,-1.31,4,4
1772044311.089392,1649579,0.11,0.77,-0.22,67.56,70.75,262.37,-23.00,-7.75,-8.63,0.00,0.10,0.15,22.87,70.75,202.69,-1.37,-2.69,0.00,4,4
1772044311.281888,1649772,0.91,-0.33,0.11,69.00,72.56,263.25,9.38,-4.31,-10.31,-0.33,-0.20,0.16,22.56,70.44,202.62,2.75,1.62,-3.69,4,4
1772044311.472813,1649963,-0.93,-0.34,0.03,81.56,74.19,265.31,-23.94,-4.25,-5.87,0.18,-0.21,0.00,21.56,71.69,203.25,1.69,-1.50,0.25,5,5
1772044311.663532,1650154,0.94,0.89,0.36,77.44,75.37,271.06,-6.00,2.19,0.44,-0.10,0.09,0.26,21.31,71.94,203.37,1.62,-0.62,-0.56,4,5
1772044311.853354,1650343,-0.35,0.14,-0.05,84.37,74.31,268.37,13.38,-5.87,10.56,0.25,-0.14,-0.03,21.69,71.87,203.81,-5.94,0.81,2.94,4,5
1772044312.042578,1650533,-0.01,0.53,0.07,82.75,74.12,265.81,8.13,-0.56,-1.56,-0.14,-0.15,0.07,23.31,71.50,203.56,1.87,3.50,0.94,3,5
1772044312.234749,1650725,-0.14,-0.46,0.15,75.81,73.00,266.69,-35.31,30.37,8.56,-0.21,-0.05,0.30,21.25,71.87,203.37,4.87,1.31,-0.75,3,5
1772044312.425758,1650916,0.09,0.35,0.20,74.87,70.56,267.06,21.87,-23.56,2.62,-0.10,-0.03,0.11,21.19,72.06,203.81,-2.12,2.00,1.75,3,4
1772044312.617400,1651108,0.69,-0.28,0.24,78.62,71.25,262.81,13.38,11.88,-5.19,0.05,-0.10,0.18,21.37,71.19,203.44,1.19,0.62,-0.19,3,4
1772044312.806779,1651297,0.00,-0.45,0.28,79.50,71.25,264.69,-38.75,-4.56,0.13,0.08,0.18,-0.06,22.31,72.00,204.44,-6.12,3.50,1.06,2,3
1772044312.995900,1651486,0.15,0.97,0.50,78.87,72.12,272.06,-7.81,11.50,-8.56,-0.17,0.08,0.05,20.81,71.75,203.87,18.19,-2.62,0.06,3,4
1772044313.188404,1651678,-0.55,-0.81,-0.10,76.56,73.25,272.87,-26.94,4.19,11.88,-0.10,-0.16,0.27,20.12,72.06,203.37,-0.81,0.62,-0.94,2,4
1772044313.379900,1651870,0.65,-0.93,0.19,76.69,67.00,269.69,3.25,-8.44,23.81,0.06,-0.26,0.07,22.12,72.25,204.00,-8.88,4.06,-1.25,1,3
1772044313.572965,1652063,-0.28,-0.13,-0.08,81.62,67.31,269.44,-1.81,-8.13,-14.13,0.01,-0.02,-0.13,22.00,72.06,204.31,1.50,-2.37,-2.81,2,3
1772044313.764581,1652255,-0.36,-0.83,0.80,82.25,68.25,278.06,-137.31,52.25,12.25,0.13,-0.03,0.48,19.94,72.62,204.94,-2.00,-6.12,-6.56,3,6
1772044313.953730,1652444,-0.69,0.68,0.12,88.62,68.00,294.19,-15.00,-21.37,-24.87,0.09,0.09,-0.20,19.37,73.19,205.94,0.62,-3.69,-0.44,3,6
1772044314.143505,1652634,0.04,1.43,0.16,88.81,71.00,295.81,45.06,-25.31,-12.31,0.02,0.03,0.06,20.00,73.19,205.62,-0.25,-0.25,2.19,4,6
1772044314.336825,1652827,-0.14,-0.59,0.38,82.12,72.94,279.25,106.94,-49.81,-12.06,0.05,-0.01,0.13,21.44,71.81,204.69,4.06,3.31,2.37,5,5
1772044314.528217,1653018,0.03,0.34,-0.05,84.81,74.31,270.87,-4.50,-2.56,13.88,-0.05,0.07,0.03,21.37,71.25,204.19,-2.12,0.00,-0.50,6,6
1772044314.719311,1653209,0.01,-0.31,-0.25,87.69,74.25,265.62,6.62,14.81,7.25,-0.15,-0.23,0.06,21.37,70.69,203.94,-0.69,-2.12,-0.13,5,5
1772044314.908444,1653399,0.78,-0.68,0.37,79.69,73.56,261.12,30.12,11.81,-5.19,0.05,-0.20,0.33,21.87,70.69,203.94,0.06,-1.62,-1.75,5,4
1772044315.097475,1653588,-0.81,0.44,-0.29,72.12,72.62,258.00,42.44,21.62,0.50,-0.10,-0.08,0.18,22.12,70.62,203.87,1.25,4.31,3.50,5,5
1772044315.289645,1653780,0.40,-0.33,0.42,53.50,70.50,254.50,1.87,5.06,5.87,0.00,-0.02,0.04,21.81,70.75,203.81,3.50,-1.87,-1.06,5,5
1772044315.480741,1653971,0.16,-0.82,0.59,55.94,70.31,253.94,-18.25,-16.44,2.69,-0.05,0.08,-0.18,21.50,71.12,203.56,4.81,1.75,2.44,6,5
1772044315.671526,1654162,0.27,0.72,-0.27,60.94,73.25,261.37,-34.44,-4.87,-23.25,-0.06,0.18,0.16,20.37,71.06,202.37,3.25,-1.81,0.62,4,3
1772044315.861029,1654351,-0.33,0.01,-0.27,68.12,74.87,265.06,-5.62,-5.94,5.44,-0.04,0.14,0.09,21.37,71.12,202.31,-2.37,-0.37,1.62,4,3
1772044316.050891,1654541,0.02,-0.14,0.00,64.87,73.81,263.81,10.88,8.88,3.00,0.03,-0.14,-0.01,22.44,70.62,202.44,-2.31,-2.50,-1.31,4,3
1772044316.242671,1654733,-0.17,0.16,0.00,61.13,73.00,262.94,3.31,2.25,2.62,-0.06,0.11,-0.10,21.94,71.00,203.00,-2.00,1.94,-1.81,3,3
1772044316.433172,1654924,-0.22,0.33,-0.08,57.56,71.94,261.50,13.88,8.94,5.44,-0.03,0.02,0.00,21.19,70.81,203.37,-0.37,3.12,0.56,2,3
1772044316.623617,1655114,0.76,-0.11,0.16,41.63,68.50,256.00,58.75,28.31,5.62,-0.11,-0.15,0.03,21.87,70.00,203.12,0.00,1.81,2.56,2,3
1772044316.813291,1655303,-0.11,-0.63,0.22,39.06,66.81,250.37,-2.69,-0.69,-0.19,-0.21,-0.02,0.05,21.44,70.25,203.25,4.56,1.31,0.44,2,3
1772044317.003907,1655494,-0.64,0.09,0.33,54.56,68.56,255.44,-88.12,-35.50,2.50,-0.07,0.00,-0.24,20.87,70.44,202.75,3.12,-7.81,-3.81,2,3
1772044317.195405,1655686,-0.18,0.67,-0.17,70.81,70.62,262.44,-9.63,-17.87,-2.31,0.00,-0.16,0.06,21.06,70.75,202.69,2.00,3.00,1.62,3,2
1772044317.385918,1655876,-0.48,0.52,-0.42,73.37,71.75,262.19,10.94,4.62,2.69,-0.02,0.01,0.06,22.25,70.69,202.87,-4.44,0.37,1.94,3,2
1772044317.576507,1656067,0.29,0.07,0.17,54.88,70.31,258.25,60.44,36.81,-3.87,-0.06,-0.16,0.22,22.94,70.25,202.94,-1.06,2.06,-0.37,3,2
1772044317.766850,1656257,0.09,-0.48,0.41,42.31,68.25,252.62,18.50,-0.25,0.00,0.00,0.02,-0.06,22.81,70.25,203.06,0.50,1.19,0.06,3,2
1772044317.956817,1656447,0.08,0.07,0.19,41.31,67.87,251.50,5.00,0.56,1.12,-0.06,0.00,0.19,23.00,70.25,203.06,0.62,1.94,3.19,3,2
1772044318.148536,1656639,-0.25,-0.33,-0.08,41.38,67.69,250.06,3.81,3.44,2.75,-0.05,0.02,0.09,23.19,69.75,202.87,-1.31,-0.81,-1.69,3,2
1772044318.338833,1656829,0.23,-0.26,0.07,41.44,66.56,250.19,-5.19,3.62,1.94,-0.04,0.04,0.00,23.12,70.00,202.94,0.56,-1.31,-2.81,2,1
1772044318.529371,1657019,0.91,-0.53,0.66,44.44,67.25,251.06,-12.50,-29.44,-0.75,-0.07,-0.10,0.13,22.31,70.12,203.12,-1.75,-1.94,-1.37,2,2
1772044318.718791,1657209,-0.51,0.07,-0.23,64.25,70.44,252.56,-24.12,-2.56,-7.50,-0.09,-0.20,0.05,22.50,70.62,203.50,2.50,1.19,1.87,3,2
1772044318.909913,1657400,-0.12,0.30,-0.13,66.50,71.69,257.00,-11.50,2.56,-2.62,0.00,0.03,0.02,22.69,70.81,203.44,-1.37,0.13,0.56,4,3
1772044319.101115,1657591,-0.10,0.31,-0.21,60.06,71.37,258.12,16.12,24.87,-2.19,0.05,-0.13,0.23,22.87,70.50,203.37,-1.56,-2.00,-0.50,4,4
1772044319.291528,1657782,0.23,-0.15,0.38,48.75,69.69,256.44,13.81,2.62,0.81,-0.01,0.02,-0.11,22.50,70.69,203.44,0.88,-2.06,-1.94,4,4
1772044319.481577,1657972,-0.05,-0.02,0.20,46.94,69.19,255.19,2.44,4.31,0.25,0.00,0.01,-0.02,22.00,71.06,203.56,0.13,-0.56,-0.56,4,3
1772044319.671897,1658162,0.06,-0.11,0.12,46.25,68.87,254.81,-0.50,-2.44,2.37,-0.03,0.01,0.00,22.00,71.00,203.56,-0.06,0.31,0.56,4,3
1772044319.863110,1658353,0.04,-0.05,0.07,46.31,68.75,254.44,1.94,3.37,-0.94,-0.05,-0.03,0.06,22.12,70.87,203.56,-0.25,0.13,0.13,4,4
1772044320.053823,1658544,-0.21,0.26,-0.09,44.63,68.44,254.50,7.50,6.56,-0.31,-0.01,0.01,0.05,22.19,70.87,203.50,-0.75,0.62,0.56,4,4
1772044320.244154,1658735,0.21,-0.26,0.20,38.75,66.87,252.94,15.38,8.00,0.44,-0.05,-0.08,0.05,21.94,70.75,203.56,0.37,-0.50,-0.81,5,4
1772044320.434294,1658925,-0.16,0.17,0.08,39.06,66.75,252.37,-3.31,1.25,-0.81,0.01,0.06,0.06,22.00,70.75,203.44,-0.37,-0.19,0.25,5,4
1772044320.624225,1659114,-0.01,-0.32,0.05,37.69,66.50,251.75,2.87,-1.00,3.37,-0.06,0.07,-0.17,21.75,70.75,203.62,-1.87,-0.13,-0.88,4,4
1772044320.815617,1659306,0.22,-0.28,0.16,39.88,66.50,251.37,-7.44,-8.38,-1.56,-0.01,-0.08,0.11,21.06,70.56,203.75,2.81,-0.94,-2.06,3,2
1772044321.006859,1659497,-0.16,0.08,0.13,48.31,68.56,253.81,-25.75,-16.37,-3.00,-0.04,0.12,0.13,20.94,71.00,204.00,-2.19,-1.44,1.19,2,2
1772044321.197941,1659688,-0.03,-0.03,-0.34,52.56,70.12,257.12,-18.12,0.13,-4.37,0.08,-0.21,-0.13,22.31,70.87,203.62,-3.44,-2.12,-4.37,2,2
1772044321.387258,1659877,-0.19,0.44,-0.08,50.44,70.44,260.56,-6.87,13.75,-0.19,-0.02,0.02,-0.10,21.94,71.25,204.06,-0.25,2.37,2.44,4,3
1772044321.576310,1660067,0.21,0.16,0.07,39.44,67.69,259.87,28.62,30.19,4.19,0.00,-0.03,0.35,22.00,70.87,204.00,-0.81,-1.69,-1.31,3,3
1772044321.768533,1660259,-0.03,-0.44,0.35,35.81,65.44,255.50,16.87,-2.06,8.25,0.00,0.06,-0.06,21.69,70.87,203.94,1.06,0.75,-0.19,3,3
1772044321.959612,1660450,0.14,0.00,0.15,38.25,64.87,253.37,-1.19,-8.81,7.19,-0.02,-0.04,-0.01,21.06,71.00,204.12,0.19,0.31,0.69,3,3
1772044322.150858,1660641,0.01,-0.61,0.17,45.56,65.19,254.37,-46.81,-5.75,-2.12,-0.02,0.00,0.02,20.44,71.31,204.25,0.25,-4.19,-2.94,5,4
1772044322.340202,1660830,-0.23,0.68,-0.10,59.38,67.50,262.69,-42.94,-18.37,-14.63,0.02,-0.06,0.00,20.62,71.81,204.25,1.00,-0.94,3.87,5,4
1772044322.529868,1661020,-0.13,0.37,-0.10,64.62,70.00,269.81,-38.25,10.44,-4.94,-0.08,0.03,0.06,21.25,72.19,204.56,0.37,0.25,0.37,5,4
1772044322.722119,1661212,-0.29,-0.60,0.26,67.75,68.62,278.87,-96.19,27.37,10.13,0.07,-0.05,-0.07,21.44,72.25,204.25,1.87,-7.50,-2.19,5,4
1772044322.913106,1661404,0.64,0.67,0.49,73.00,65.25,293.12,-47.88,13.50,-7.75,-0.07,-0.11,0.05,21.12,73.00,204.19,1.62,1.25,-0.13,6,6
1772044323.104089,1661595,0.11,0.62,0.36,76.87,65.44,301.87,-54.94,15.25,1.12,-0.11,-0.09,0.05,19.56,73.69,204.75,0.44,-1.56,-3.44,6,6
1772044323.293282,1661784,0.96,2.28,0.76,73.19,65.62,305.00,60.31,0.31,-4.69,0.01,0.23,-0.03,18.62,73.50,204.87,-0.31,4.69,2.75,5,5
1772044323.483029,1661973,-0.26,-0.09,0.73,63.00,68.75,283.06,145.75,-36.19,-4.37,-0.14,-0.14,0.21,19.44,72.62,204.87,-3.56,3.00,2.56,5,5
1772044323.674809,1662165,0.13,-0.56,0.19,52.00,69.12,267.00,46.63,9.13,4.19,-0.16,-0.02,0.38,19.69,72.25,205.12,1.69,2.87,-0.56,6,6
1772044323.866364,1662357,0.40,0.06,0.22,52.75,69.00,262.87,7.44,-16.37,7.19,-0.04,0.05,-0.07,19.06,72.31,205.06,-1.00,-1.12,-1.19,7,6
1772044324.058421,1662549,-0.47,0.25,-0.17,63.38,71.00,261.12,-7.44,-18.37,-2.69,0.08,0.02,0.05,18.87,72.37,205.00,1.37,1.25,1.81,5,5
1772044324.248854,1662739,0.28,0.16,-0.05,66.75,71.69,261.00,-0.25,-1.56,3.56,-0.07,-0.01,0.00,19.19,72.31,205.06,0.00,0.75,0.31,5,4
1772044324.439226,1662930,-0.18,0.22,-0.14,66.69,71.56,260.06,12.38,7.81,0.56,-0.03,0.11,-0.04,19.87,72.19,204.75,0.25,1.69,1.19,5,4
1772044324.629879,1663121,0.70,-0.24,0.49,51.19,69.69,257.37,30.69,12.19,5.19,0.08,0.08,-0.26,19.69,71.25,204.31,2.37,2.75,-0.37,6,5
1772044324.820314,1663311,0.36,-0.23,0.54,47.75,68.44,255.00,0.75,5.37,1.56,-0.11,-0.24,0.43,21.12,69.87,204.06,-5.56,4.62,5.00,4,3
1772044325.013934,1663504,0.09,0.21,0.01,51.56,68.75,255.19,-5.19,-4.19,-3.06,-0.26,-0.21,0.05,26.62,68.06,202.87,-10.50,1.56,8.75,4,3
1772044325.205481,1663696,0.70,0.13,0.10,55.69,70.31,256.31,-1.87,-17.06,-2.69,0.16,0.00,0.43,28.19,66.62,200.69,4.31,-5.31,-3.37,5,4
1772044325.397219,1663887,-0.25,0.20,0.01,64.94,71.50,256.12,-14.25,-7.62,-3.44,-0.15,-0.17,-0.28,26.06,68.56,202.62,-1.81,-7.12,-8.63,5,4
1772044325.586669,1664077,-0.11,0.47,-0.37,70.37,72.50,259.44,-18.81,4.62,-2.94,0.05,-0.22,0.38,24.06,70.31,203.50,1.31,8.50,3.37,4,3
1772044325.775973,1664266,0.26,0.15,0.03,68.62,71.62,260.00,-4.12,-0.94,9.81,-0.22,-0.03,-0.29,22.37,72.12,205.19,-3.31,-18.94,-10.25,4,4
1772044325.967759,1664459,-0.08,0.51,0.57,67.56,70.06,259.62,5.00,-3.06,2.31,0.00,0.39,-0.29,21.69,72.81,206.31,8.63,6.44,3.37,3,4
1772044326.158617,1664649,0.16,0.92,0.49,61.69,70.25,257.00,46.38,-0.75,5.12,0.20,-0.43,0.04,19.75,68.81,204.00,19.12,26.06,8.19,4,4
1772044326.349680,1664840,0.48,-0.90,-0.06,54.38,65.69,248.25,24.94,22.87,6.69,0.03,-0.19,0.32,19.94,70.19,203.62,-6.00,1.00,2.19,4,4
1772044326.538932,1665030,0.43,0.28,0.08,50.69,66.00,248.69,-1.25,3.75,-6.12,0.07,0.00,0.24,20.56,69.69,203.69,3.25,4.31,0.69,3,4
1772044326.728780,1665219,-0.12,-0.10,-0.09,51.00,66.44,247.87,10.31,-3.62,4.44,-0.03,0.12,-0.08,19.94,69.31,203.94,-3.62,-5.25,-1.37,4,3
1772044326.920972,1665411,0.16,-0.17,0.21,50.44,66.25,246.62,9.06,-3.06,-14.63,-0.08,-0.01,-0.28,22.00,69.62,204.25,-4.69,-2.00,0.00,4,3
1772044327.111578,1665602,0.33,0.05,0.22,44.94,69.31,248.94,-7.31,-1.06,-10.19,0.15,-0.13,0.22,23.25,69.37,204.37,-0.81,5.06,2.50,3,2
1772044327.302387,1665793,-0.12,0.36,-0.21,47.75,69.69,250.69,-10.13,-0.37,11.56,0.00,-0.04,0.21,23.37,68.19,203.94,-2.94,7.12,5.81,3,1
1772044327.491794,1665982,0.08,-0.52,0.14,52.88,68.31,249.56,-11.75,-2.56,3.87,-0.20,0.02,0.03,25.81,66.94,203.31,-3.19,1.75,5.06,3,2
1772044327.681673,1666172,0.13,0.13,0.98,67.25,69.19,252.94,-67.06,-37.63,5.56,-0.07,0.29,-0.46,28.87,67.81,202.75,0.69,-10.13,2.00,4,2
1772044327.874108,1666364,-0.37,0.95,-0.59,90.75,71.06,259.81,-12.06,-10.94,-10.31,-0.07,-0.09,0.14,29.06,67.37,202.75,-3.94,6.81,0.62,4,2
1772044328.064574,1666555,0.41,0.26,-0.04,95.50,72.75,261.25,8.06,-3.87,-2.37,-0.09,-0.27,0.16,28.50,67.19,203.12,2.75,-3.19,-4.87,3,1
1772044328.255127,1666745,-0.58,0.39,-0.11,99.25,72.69,259.25,15.19,1.50,-1.62,-0.02,0.24,-0.21,26.50,68.87,203.37,5.37,-7.56,-7.25,3,2
1772044328.444588,1666935,0.07,0.00,0.09,79.56,71.75,255.37,37.69,38.88,9.56,-0.13,0.14,0.09,25.19,68.94,203.31,-3.00,0.13,-1.00,4,2
1772044328.635101,1667126,-0.22,0.14,0.25,62.25,70.00,250.69,38.00,17.94,-7.12,-0.02,-0.17,0.07,25.25,68.81,203.50,-1.56,-2.37,-1.62,4,2
1772044328.826393,1667317,0.11,-0.16,0.46,48.94,69.94,247.50,11.94,6.50,-4.37,0.06,0.14,-0.06,25.50,69.19,203.69,0.56,0.81,1.37,4,2
1772044329.017319,1667508,-0.02,-0.18,0.30,44.81,69.69,248.00,-11.19,-5.56,-4.06,0.04,0.02,0.14,27.37,68.31,203.19,-5.50,4.44,6.75,4,2
1772044329.207976,1667698,0.48,-0.26,0.27,50.19,69.75,251.44,-50.44,-4.19,13.69,-0.10,-0.16,0.00,30.94,68.19,203.06,-5.81,-8.06,-0.25,4,3
1772044329.398714,1667889,0.16,0.85,-0.02,66.50,71.00,258.56,-36.13,-13.50,-8.06,-0.13,-0.42,0.36,31.00,67.94,202.87,1.12,-2.12,-2.44,4,3
1772044329.588899,1668079,-0.16,0.74,-0.35,79.56,73.69,262.25,-3.50,-14.06,-5.25,-0.05,0.00,-0.02,30.25,69.25,203.31,0.94,-3.69,-3.44,4,2
1772044329.779798,1668270,-0.19,-0.03,-0.05,81.12,74.75,261.50,4.81,12.88,7.62,-0.11,-0.13,0.26,29.06,69.94,203.75,0.75,-0.75,-1.69,3,2
1772044329.970060,1668461,0.06,0.17,0.17,79.06,73.50,260.19,8.06,-12.44,-1.62,-0.08,0.04,-0.12,28.37,70.81,204.00,4.31,-4.81,-3.50,3,2
1772044330.160197,1668651,-0.19,-0.27,0.15,81.50,74.37,258.25,7.56,-2.00,1.62,0.10,0.15,-0.11,27.37,71.19,203.81,1.06,1.56,1.94,3,2
1772044330.351054,1668842,-0.08,-0.72,0.19,78.75,73.37,257.87,-15.88,9.19,1.81,0.06,-0.05,0.08,27.75,71.31,204.44,-1.81,1.19,-0.31,3,2
1772044330.541651,1669032,-0.27,1.05,-0.14,80.25,72.00,264.00,-37.94,9.75,1.37,0.00,0.02,-0.01,27.56,71.87,204.87,-1.37,-2.94,-1.94,2,2
1772044330.732359,1669223,0.26,-0.01,0.10,73.12,73.00,266.19,25.50,9.69,1.06,0.00,-0.07,0.10,27.12,71.81,204.94,1.37,0.00,-2.81,2,2
1772044330.922607,1669413,-0.13,-0.17,0.08,67.62,72.12,263.12,14.50,1.12,4.25,0.00,0.05,-0.04,25.81,72.19,205.12,1.87,-0.88,-2.44,2,2
1772044331.112934,1669604,-0.80,-0.26,-0.03,63.63,70.81,260.56,11.94,11.75,3.94,0.08,-0.36,0.49,25.75,72.69,205.37,1.12,-5.19,-2.50,2,2
1772044331.304038,1669795,-0.08,0.83,0.21,59.69,68.94,265.94,-35.44,24.94,-1.62,0.01,0.01,-0.04,25.25,74.25,205.81,0.31,-4.50,-1.69,1,2
1772044331.494755,1669985,-0.20,0.51,-0.05,54.81,69.25,267.56,25.75,2.12,-2.06,0.10,-0.04,-0.02,25.81,74.44,206.37,-5.06,1.00,-0.56,2,2
1772044331.685186,1670176,0.33,-1.55,0.67,40.44,68.81,261.19,37.25,-8.44,4.19,-0.04,0.03,0.03,25.37,73.69,206.44,4.00,0.06,0.00,2,2
1772044331.875607,1670366,-0.72,-1.26,0.49,53.06,70.37,261.19,-65.06,-20.19,-0.50,0.08,0.25,-0.08,23.44,73.94,206.31,6.00,-3.56,-4.50,2,2
1772044332.065456,1670556,0.29,1.01,-0.01,65.06,71.31,273.37,-37.88,0.44,-14.25,-0.14,-0.12,0.29,24.12,75.06,207.31,-3.69,2.94,1.06,2,3
1772044332.256928,1670748,-0.35,0.71,-0.39,70.06,72.75,275.75,8.75,-5.37,-0.81,0.03,-0.08,0.15,25.81,74.44,207.00,4.06,1.69,4.50,3,3
1772044332.447810,1670939,1.37,-0.46,0.57,54.94,72.87,270.87,55.56,9.88,0.25,0.08,-0.09,0.10,25.69,72.81,205.69,5.12,-0.81,0.56,3,4
1772044332.638978,1671129,-0.40,-0.21,0.25,47.06,71.56,262.56,64.75,30.87,-0.44,-0.04,-0.15,0.12,25.87,72.94,205.81,-2.31,2.25,-0.56,3,4
1772044332.827990,1671319,0.41,-0.30,0.54,37.69,69.31,258.31,1.81,6.37,3.56,0.00,0.05,0.16,25.56,73.06,206.00,-1.50,0.06,0.06,3,4
1772044333.018237,1671509,-0.01,-0.46,0.00,41.38,69.69,256.81,4.62,-13.44,3.69,-0.17,-0.03,0.06,25.44,72.44,206.00,-0.94,4.75,2.94,3,4
1772044333.210358,1671701,-0.91,-2.33,0.53,46.50,69.50,259.56,-81.19,19.37,3.25,-0.24,-0.02,-0.23,26.37,72.75,206.56,-8.25,-9.81,-4.94,3,4
1772044333.401117,1671892,-0.96,1.13,1.18,69.00,61.69,286.44,-205.87,73.62,16.87,-0.25,0.36,-0.13,27.94,73.69,206.81,0.69,2.25,2.00,4,4
1772044333.592459,1672083,-0.11,-0.31,0.49,75.12,59.63,305.62,-38.69,2.00,-12.56,-0.32,-0.32,-0.34,30.81,72.81,206.56,-5.19,-10.75,-6.81,5,4
1772044333.781471,1672272,0.99,2.81,0.41,74.50,62.81,313.87,34.69,-3.56,-29.19,-0.11,0.23,-0.16,30.62,73.00,206.06,7.75,8.31,9.25,5,4
1772044333.971083,1672462,1.44,-0.63,1.85,62.19,68.62,293.44,164.69,-76.06,-2.00,-0.09,-0.41,0.14,31.94,70.50,205.44,-2.81,13.38,5.75,5,4
1772044334.163197,1672654,0.27,-0.42,0.50,71.81,72.50,275.31,42.06,-15.31,-2.81,0.00,-0.04,0.07,31.69,69.94,205.12,2.06,-3.00,-1.94,5,3
1772044334.354690,1672845,0.11,-0.47,0.06,82.87,74.44,270.81,11.63,-12.06,-2.37,-0.26,0.20,0.35,29.50,71.44,205.56,1.37,-5.12,-6.31,5,4
1772044334.545500,1673036,-0.32,-0.07,0.00,86.69,73.69,268.19,12.69,-5.50,3.06,0.17,-0.13,0.34,27.19,72.81,206.25,6.87,2.06,-2.00,4,4
1772044334.735146,1673226,-0.34,-0.01,0.02,87.31,73.44,265.94,10.94,4.56,-1.69,-0.04,0.04,0.09,26.25,73.44,206.75,-0.13,-1.50,-0.75,4,4
1772044334.924525,1673415,-0.19,0.52,0.02,71.37,73.56,262.87,53.56,30.69,-12.38,-0.05,-0.04,-0.20,26.87,74.31,207.12,-4.31,-11.88,-4.44,4,3
1772044335.117219,1673608,0.59,-0.07,0.53,43.50,72.56,257.75,23.56,4.75,-6.44,0.01,0.01,-0.03,26.69,74.69,207.25,4.50,1.69,-2.25,4,4
1772044335.308396,1673799,-0.57,-0.78,0.15,31.00,77.75,257.50,-21.12,-4.06,5.44,-0.04,0.14,-0.01,26.25,73.75,206.44,-2.19,8.31,4.37,4,4
1772044335.499435,1673990,-0.45,1.46,-0.04,51.44,77.94,264.44,-20.19,-42.56,-14.19,-0.04,-0.27,0.24,23.75,71.25,205.62,-0.13,14.88,11.50,3,4
1772044335.690056,1674181,-0.06,-0.13,0.01,68.75,79.81,264.75,-4.31,-11.38,2.19,-0.11,0.00,0.06,25.37,71.12,205.44,0.06,-2.50,-0.94,3,4
1772044335.880605,1674371,-0.32,0.04,-0.14,77.12,79.50,265.19,-6.31,1.87,7.00,0.00,-0.04,0.06,24.12,71.75,205.62,1.81,-2.81,-3.31,2,3
1772044336.074176,1674565,-0.54,0.29,-0.22,71.81,77.87,264.44,13.81,22.12,6.31,-0.06,0.06,0.00,23.75,72.12,205.81,-0.37,2.19,2.31,2,3
1772044336.263499,1674754,0.68,-0.37,0.36,45.63,73.81,259.75,35.38,30.50,8.13,0.02,-0.25,0.07,24.00,71.69,206.12,-2.44,-0.75,-3.37,3,3
1772044336.453713,1674944,0.24,-0.50,0.65,43.75,71.87,256.81,-9.56,-4.81,6.25,-0.02,0.00,-0.11,23.19,72.12,206.56,-1.69,-3.12,-2.94,3,3
1772044336.646274,1675137,-0.45,-0.44,0.30,59.81,72.62,260.25,-60.00,-27.12,-4.62,-0.11,0.15,-0.31,22.69,73.12,207.06,-2.25,-5.31,-1.50,3,3
1772044336.837265,1675328,-0.02,1.12,-0.10,76.69,75.00,274.44,-43.56,-14.31,-2.12,0.07,0.01,0.11,22.81,73.56,207.06,-4.25,-4.19,2.81,2,3
1772044337.027964,1675519,-0.33,0.91,-0.52,82.37,76.12,275.50,31.62,7.31,-2.69,0.00,-0.03,0.03,24.31,73.19,206.87,-2.87,1.31,2.37,2,3
1772044337.217102,1675708,0.77,-0.15,0.40,57.06,74.12,266.75,68.00,36.56,6.56,0.11,-0.27,0.30,25.44,72.37,206.87,0.37,2.25,0.25,2,3
1772044337.407102,1675898,-0.46,-0.07,0.28,44.94,72.12,258.81,33.13,12.06,5.00,-0.06,0.17,0.00,24.56,72.75,207.19,-1.06,0.44,-1.25,2,2
1772044337.598909,1676090,0.14,-0.65,0.65,37.63,69.56,254.69,9.56,-2.56,3.19,-0.06,0.17,0.00,23.75,72.31,206.87,1.87,3.25,3.56,2,3
1772044337.789874,1676281,-0.33,-0.72,0.18,43.50,70.19,254.56,-31.00,-21.19,-7.00,0.00,0.07,0.08,24.87,71.25,206.62,-7.06,8.50,5.12,2,3
1772044337.980899,1676472,0.00,0.51,0.17,55.81,73.37,261.81,-34.56,-25.81,-4.87,-0.01,-0.18,-0.02,29.00,69.19,206.69,-8.69,4.06,5.37,4,5
1772044338.170665,1676661,0.09,0.65,-0.20,67.12,76.50,265.94,-17.50,-7.81,-4.75,-0.01,-0.29,0.00,30.62,68.81,207.25,-0.88,-5.56,-3.62,3,4
1772044338.360352,1676851,-0.25,0.45,-0.13,71.06,77.94,267.62,4.19,5.50,4.06,0.03,0.07,0.05,29.56,70.37,207.31,7.62,-3.31,-3.37,3,4
1772044338.551741,1677043,-0.64,0.45,-0.11,58.19,75.69,264.19,41.25,38.81,8.69,-0.12,-0.04,0.15,28.00,70.81,207.25,0.44,2.81,-0.25,4,4
1772044338.742825,1677233,-0.32,-0.86,0.39,46.44,71.81,257.19,14.25,-1.94,11.69,-0.02,0.02,-0.12,26.31,71.12,207.75,2.37,-2.87,-5.37,4,4
1772044338.933765,1677424,0.30,-0.33,0.57,49.25,69.87,256.31,-15.38,-14.06,6.37,0.02,0.07,-0.01,24.50,71.75,208.31,-0.06,-1.31,-3.87,4,4
1772044339.123691,1677614,0.13,0.20,0.23,59.25,71.12,258.94,-37.88,-15.44,-2.19,0.00,0.00,-0.15,23.87,71.87,208.31,-2.12,-3.69,-1.31,4,3
1772044339.313997,1677805,0.08,0.05,0.00,71.12,72.69,262.75,-21.37,-15.56,-4.19,0.00,-0.04,-0.10,24.56,72.12,207.94,2.00,-2.31,0.31,4,3
1772044339.504814,1677996,-0.32,0.29,-0.22,79.44,73.62,265.19,-2.00,-0.62,-1.37,0.10,0.00,0.05,25.12,72.19,207.62,0.62,1.37,1.94,4,3
1772044339.695199,1678186,0.17,0.32,0.13,65.56,73.81,263.75,46.25,36.38,-4.37,0.00,-0.10,0.30,25.37,71.94,207.62,-0.94,1.94,0.19,5,3
1772044339.886168,1678377,0.21,-0.82,0.65,48.31,71.50,257.31,27.00,4.19,6.37,0.06,-0.01,-0.16,25.06,71.56,207.50,2.06,-1.06,-1.12,3,2
1772044340.076993,1678567,-0.10,-1.66,0.89,50.63,70.31,256.75,-55.69,-8.56,-6.37,-0.04,-0.12,-0.10,24.12,72.37,207.31,5.25,-10.69,-7.56,5,4
1772044340.266967,1678758,0.54,0.97,0.19,62.75,70.94,269.87,-58.50,8.69,2.06,0.08,-0.02,0.07,23.81,73.31,207.56,-3.69,-1.50,-0.69,5,4
1772044340.457558,1678948,-0.04,0.27,0.16,71.94,70.56,275.50,-31.44,0.25,2.37,0.00,0.04,-0.11,23.81,73.56,207.69,-1.62,-0.94,-0.56,4,4
1772044340.648268,1679139,-0.27,-1.27,0.24,74.94,69.87,279.56,-46.69,17.75,5.44,0.00,-0.09,-0.01,24.25,73.69,207.69,3.06,-2.62,-1.81,4,5
1772044340.839023,1679330,0.22,0.37,0.18,74.19,68.00,288.69,-14.25,11.00,0.88,0.02,0.06,-0.02,23.69,74.06,207.75,-1.12,-1.81,-0.44,4,5
1772044341.029851,1679521,0.15,-0.21,0.36,70.00,67.56,288.06,11.50,2.50,-0.56,0.00,-0.05,-0.16,23.62,73.87,207.75,0.75,-0.75,-0.13,4,5
1772044341.220147,1679711,0.24,-0.09,0.39,69.44,68.44,286.87,7.87,-15.06,-7.81,0.02,0.13,-0.05,22.94,74.19,207.87,0.94,-1.31,-1.37,4,5
1772044341.410207,1679901,0.34,0.64,0.25,74.69,70.19,286.06,13.81,-17.44,-4.31,-0.01,0.05,-0.03,22.94,74.12,207.50,1.87,0.50,2.12,3,5
1772044341.600494,1680091,-0.39,-0.30,0.13,83.06,73.19,276.31,67.87,-35.88,-10.13,0.00,0.02,-0.02,23.62,73.75,206.94,2.37,2.37,1.44,5,7
1772044341.791351,1680282,-0.18,-0.30,0.05,87.00,73.31,268.06,17.00,-10.50,3.81,0.03,0.00,0.00,23.06,73.31,206.56,1.75,1.31,0.25,5,6
1772044341.982363,1680473,-0.09,0.11,-0.05,86.44,72.56,265.69,6.69,3.56,1.50,0.01,0.10,-0.07,23.12,73.31,206.56,-2.44,-1.19,-0.06,3,5
1772044342.173020,1680664,0.20,-0.14,0.22,77.25,72.44,263.12,24.44,7.50,-1.25,0.02,-0.10,0.09,23.37,73.12,206.69,0.69,-0.50,-0.69,3,4
1772044342.363360,1680854,0.60,-0.54,0.37,76.50,71.94,261.00,-13.19,-19.31,10.88,-0.02,0.22,-0.14,22.62,73.62,206.94,-2.37,-1.94,-4.69,3,4
1772044342.553402,1681044,0.16,-0.14,0.82,94.50,68.44,270.44,-120.37,42.69,29.81,-0.18,-0.01,0.25,20.00,74.06,207.37,0.81,-1.69,-3.87,3,4
1772044342.744380,1681236,0.24,0.79,0.23,102.25,64.94,281.56,-32.25,4.56,10.31,-0.01,0.00,0.10,19.75,74.37,207.94,-0.69,2.62,0.56,3,4
1772044342.935282,1681427,0.24,1.06,0.00,100.19,65.75,282.19,48.25,5.94,-2.50,-0.02,0.05,0.06,20.06,73.94,207.69,-1.87,2.12,2.62,4,3
1772044343.126438,1681617,-0.63,-0.16,0.64,83.19,67.81,267.31,137.37,11.06,-23.37,-0.11,-0.28,0.25,21.50,73.12,207.37,-0.75,0.06,0.75,5,4
1772044343.315557,1681807,0.22,-0.66,0.60,62.69,67.44,254.87,17.25,2.31,8.56,0.00,0.06,-0.09,21.94,73.19,207.62,2.12,-1.25,-2.00,5,4
1772044343.506007,1681996,-0.07,-0.65,0.32,67.06,68.06,253.94,-18.31,-22.19,-8.38,-0.02,0.07,-0.09,21.31,73.75,207.75,-0.75,-4.69,-1.56,3,2
1772044343.697909,1682188,-0.21,-0.06,-0.06,75.31,70.56,257.81,-14.75,-4.75,-5.87,0.00,0.01,0.15,21.62,73.94,207.75,-1.12,-1.75,-0.62,3,1
1772044343.888463,1682379,-0.22,0.18,-0.14,78.12,71.00,259.87,-1.25,2.75,-2.37,-0.03,-0.01,0.06,22.25,73.87,207.75,0.75,1.37,1.31,3,1
1772044344.079310,1682570,-0.19,-0.14,0.17,74.25,71.37,260.00,5.87,4.44,-2.37,0.05,0.00,0.10,22.06,73.94,207.81,0.25,0.94,-0.81,3,1
1772044344.268977,1682760,0.02,-0.24,0.18,71.31,71.12,259.81,1.25,3.12,-0.88,-0.04,0.06,0.05,21.37,74.06,208.19,-0.06,2.12,-1.31,3,2
1772044344.458423,1682949,-0.21,0.25,-0.06,68.75,70.94,260.12,6.31,7.00,-2.75,-0.05,0.05,0.14,21.50,73.94,208.50,-2.56,-0.62,1.31,3,1
1772044344.650764,1683142,0.23,-0.28,0.17,59.50,70.56,258.37,9.81,-4.12,3.50,0.21,0.20,-0.16,22.25,73.19,208.31,-1.87,8.94,3.00,3,1
1772044344.843091,1683334,-0.43,0.40,-0.03,62.19,69.94,253.81,23.81,-2.94,15.31,0.03,-0.14,-0.27,23.12,71.75,208.19,-1.37,1.31,2.75,2,1
1772044345.033106,1683524,0.14,-0.12,0.14,56.13,68.62,250.06,12.69,6.81,-4.75,-0.09,0.20,0.18,23.12,71.37,208.00,1.69,1.69,4.75,2,1
1772044345.222981,1683714,-0.10,-0.52,0.27,50.88,68.06,248.94,3.19,9.69,-7.06,-0.04,-0.20,0.15,26.62,69.94,207.37,-12.50,-5.06,2.12,1,1
1772044345.412143,1683903,0.24,-0.26,0.25,50.25,68.31,251.81,-34.19,-0.44,-13.31,0.00,-0.03,-0.01,28.12,70.12,207.87,-0.44,3.56,3.81,1,1
1772044345.605716,1684096,-0.02,0.25,-0.08,53.38,70.87,257.87,-18.87,-3.81,-11.56,-0.07,-0.05,0.07,27.62,71.19,208.31,3.00,-8.75,-8.56,1,1
1772044345.797690,1684289,0.14,0.07,0.00,54.94,72.12,261.62,-10.88,0.19,-0.25,0.00,-0.03,0.11,27.00,71.62,208.06,1.12,-3.31,-2.50,1,2
1772044345.990008,1684481,0.00,0.23,-0.05,56.75,71.94,262.62,-3.31,2.31,-0.37,-0.01,-0.02,0.00,26.50,72.12,208.31,0.25,-0.19,-0.44,1,1
1772044346.180295,1684672,0.07,0.10,0.10,55.06,71.75,262.62,1.25,2.69,0.31,0.00,0.00,0.00,26.37,72.25,208.44,0.94,-0.75,-0.69,1,1
1772044346.371985,1684863,0.03,0.05,0.11,54.38,71.50,262.25,-0.06,-0.56,2.12,0.02,0.04,-0.08,25.87,72.50,208.62,-1.75,-1.00,-1.25,1,1
1772044346.562469,1685054,-0.48,0.56,-0.26,51.69,70.75,260.69,33.75,10.31,0.00,-0.03,0.07,0.13,26.56,71.87,208.56,-2.19,8.69,7.19,1,1
1772044346.753379,1685244,0.01,-0.34,0.10,40.50,69.75,256.87,4.69,-4.87,2.81,-0.01,0.09,-0.17,26.56,71.37,208.44,1.25,-2.37,-1.62,1,1
1772044346.942332,1685434,0.01,-0.06,0.22,41.25,69.37,256.62,0.50,4.50,1.37,0.06,0.03,0.07,27.94,70.19,207.62,-2.31,7.19,8.88,1,1
1772044347.132127,1685623,0.15,-0.10,0.11,41.56,69.31,256.31,0.25,-6.87,1.50,-0.02,-0.25,-0.01,29.56,69.31,207.44,-1.69,-1.56,-2.44,1,1
1772044347.324205,1685815,-0.36,0.28,-0.17,48.50,71.37,257.81,-19.50,-11.75,-8.13,-0.06,-0.01,-0.01,28.50,70.19,207.75,2.56,-2.00,-3.56,1,1
1772044347.515100,1686006,-0.07,0.10,-0.02,51.63,72.12,260.87,-15.25,-0.88,1.06,0.00,0.08,0.06,26.75,71.12,208.12,4.44,-2.87,-3.12,1,2
1772044347.705492,1686197,-0.31,0.36,-0.31,53.81,71.75,262.19,1.56,8.63,2.75,-0.03,0.06,0.02,25.87,71.31,208.00,0.56,-0.19,-0.19,1,2
1772044347.895836,1686387,-0.09,0.25,0.06,47.06,70.56,260.81,21.81,3.06,1.50,-0.05,0.12,0.00,25.94,71.37,207.87,0.06,1.06,1.56,2,2
1772044348.085246,1686577,0.10,-0.34,0.23,39.63,69.56,256.94,20.37,4.94,0.88,0.01,0.01,-0.08,26.19,71.25,207.87,1.37,0.06,-1.12,2,2
1772044348.276677,1686768,0.10,-0.09,0.16,35.56,68.81,255.19,16.69,4.69,-0.62,-0.05,0.04,0.12,26.12,71.31,207.87,0.25,2.00,1.06,2,2
1772044348.467732,1686959,0.18,-0.18,0.13,35.19,68.56,254.25,-8.38,0.31,2.62,0.00,0.00,0.01,26.50,71.19,207.81,-0.06,-1.31,-1.12,2,2
1772044348.658307,1687149,0.13,-0.35,0.22,38.69,68.81,255.50,-18.06,-2.37,2.44,-0.02,-0.11,0.00,26.87,70.94,207.62,0.88,1.94,1.50,2,2
1772044348.848709,1687339,-0.11,0.33,-0.13,47.31,69.75,258.94,-16.62,-3.81,-4.37,-0.04,-0.06,0.07,27.25,71.00,207.62,0.37,-1.56,-1.31,2,2
1772044349.038099,1687529,0.05,-0.03,0.05,50.25,71.00,261.69,-23.87,-4.87,-3.06,-0.02,0.02,0.08,26.56,71.62,207.87,0.75,-3.81,-2.31,2,2
1772044349.229174,1687720,-0.10,0.35,-0.11,55.06,71.62,265.12,-8.75,0.31,-2.06,-0.01,0.03,0.00,26.31,72.19,208.00,1.75,-1.19,-1.69,2,2
1772044349.420160,1687911,0.17,-0.12,0.09,51.31,71.44,265.69,8.13,4.75,1.81,0.00,-0.06,0.07,25.94,72.25,208.00,0.31,-0.56,-1.50,2,2
1772044349.610849,1688102,-0.14,0.06,0.07,49.25,71.00,264.87,2.94,3.87,-0.75,-0.02,0.13,-0.02,25.75,72.56,208.12,0.13,0.37,0.13,2,2
1772044349.800873,1688292,0.09,-0.16,0.19,45.69,70.44,264.25,7.69,-0.88,0.31,0.00,0.00,0.10,26.00,72.31,207.94,0.25,1.12,1.00,2,2
1772044349.991039,1688482,-0.02,0.01,0.15,46.44,70.37,263.75,-3.56,-1.37,-1.87,-0.04,0.08,-0.09,27.31,71.69,207.44,-4.69,3.00,5.94,2,2
1772044350.182039,1688673,0.00,-0.28,-0.03,46.44,70.37,264.06,0.81,-2.50,2.37,-0.07,0.00,0.21,28.62,71.37,207.69,-3.81,-5.19,-7.56,2,2
1772044350.373375,1688864,0.24,-0.18,0.18,48.31,70.37,264.44,0.06,3.87,-0.13,-0.11,-0.18,0.11,27.25,72.00,208.50,-0.81,-11.19,-8.50,2,2
1772044350.564151,1689055,-0.03,0.25,-0.02,49.88,70.56,266.31,-12.50,-1.75,-1.69,0.04,-0.09,-0.08,26.06,74.12,208.94,0.25,-4.12,-3.12,2,1
1772044350.754064,1689246,0.18,0.07,0.06,50.38,70.50,267.06,0.69,-1.94,2.06,-0.03,0.16,0.16,25.56,74.62,209.69,0.81,2.00,-0.62,2,2
1772044350.944158,1689435,-0.11,-0.15,0.12,51.81,70.19,265.62,8.25,1.69,2.37,-0.03,0.15,0.02,25.25,74.69,210.12,-4.62,-0.50,-1.50,3,2
1772044351.134691,1689626,-0.08,0.00,0.08,52.56,69.94,264.56,-0.44,-8.81,3.50,0.03,0.03,0.18,25.12,74.37,210.25,-0.31,0.94,1.44,3,3
1772044351.326044,1689817,-0.28,0.11,-0.15,56.00,70.56,264.31,-0.13,-0.88,-1.75,0.00,-0.04,0.15,24.50,73.69,209.94,2.19,4.50,1.00,3,3
1772044351.516213,1690008,0.01,-0.03,0.07,53.81,70.94,264.25,10.75,4.25,-1.62,0.00,0.01,-0.04,24.00,72.81,209.69,1.06,1.69,1.00,4,3
1772044351.706991,1690198,-0.04,-0.02,0.05,51.44,70.87,263.62,2.62,1.06,-2.12,0.03,0.08,-0.04,23.81,72.87,209.25,0.88,-2.87,-0.81,3,3
1772044351.896640,1690388,-0.03,0.06,0.13,49.00,70.62,263.94,1.37,2.69,-1.00,-0.04,0.13,-0.11,24.37,73.06,209.12,-0.50,5.31,5.44,3,3
1772044352.087440,1690578,0.13,-0.20,-0.10,47.44,70.62,263.94,0.13,-3.87,-0.56,0.02,-0.02,-0.03,25.50,72.62,209.00,-2.37,-3.06,-3.25,3,3
1772044352.278733,1690770,0.05,-0.09,0.03,48.44,70.87,264.44,-0.31,-2.12,0.37,-0.03,0.16,-0.04,25.62,72.75,209.25,0.94,1.06,1.06,3,3
1772044352.469465,1690961,0.44,-0.09,0.07,48.25,70.87,264.56,-3.00,1.06,0.75,0.00,-0.05,0.05,25.12,72.87,209.31,0.88,-0.62,-1.19,3,3
1772044352.660013,1691151,0.00,0.00,0.00,52.06,71.00,264.50,-2.50,-2.44,0.50,0.01,0.05,-0.02,25.37,73.00,209.31,0.19,0.25,0.06,3,3
1772044352.849826,1691341,0.25,-0.05,0.15,51.00,71.06,264.56,4.69,1.81,-0.31,0.00,-0.10,0.10,25.81,72.50,209.12,-0.81,0.25,1.00,2,2
1772044353.040080,1691531,-0.57,1.29,-0.39,46.81,70.62,262.75,44.88,11.94,-1.31,0.04,0.05,0.53,26.50,71.94,209.12,-3.31,9.06,4.87,2,2
1772044353.231504,1691723,0.11,-0.12,0.30,37.19,69.50,256.37,17.25,6.06,7.56,0.15,-0.10,-0.10,24.62,70.94,209.56,2.69,4.56,-4.06,2,2
1772044353.423405,1691914,-0.31,-0.41,-0.24,40.50,68.94,253.31,-5.12,-12.31,8.44,-0.05,0.15,-0.24,22.69,70.31,208.56,2.06,-3.37,0.62,2,1
1772044353.614981,1692106,-0.96,-0.07,0.14,52.38,69.50,256.00,-66.87,-32.88,0.13,0.10,0.25,-0.28,21.37,71.31,209.19,-11.13,-18.69,-10.75,3,4
1772044353.804167,1692295,0.20,-0.13,0.01,60.13,71.37,261.44,-14.94,-9.25,-1.44,-0.04,0.04,0.55,22.75,72.06,210.37,-1.44,-1.06,0.31,6,6
1772044353.993606,1692485,0.31,0.52,-0.51,61.25,72.25,263.75,-7.37,2.00,-4.19,-0.38,-0.11,0.03,21.31,71.69,210.19,6.69,6.00,-0.25,8,7
1772044354.189501,1692677,-0.17,0.74,0.80,59.38,71.25,263.25,2.37,-13.19,11.00,-0.18,0.49,-0.85,20.19,72.69,210.50,10.56,8.31,3.75,8,7
1772044354.376915,1692868,0.33,-0.13,0.41,61.69,71.44,261.87,0.56,-19.81,1.06,0.09,-0.07,0.18,20.69,72.12,209.00,5.44,-2.87,4.81,9,7
1772044354.567873,1693059,-0.38,-0.28,-0.54,74.44,72.25,261.00,-12.75,-6.62,9.38,-0.02,0.00,0.00,22.25,72.00,207.62,0.06,-8.69,-5.44,9,8
1772044354.757391,1693248,-0.02,0.04,0.24,80.25,70.31,261.37,-5.87,-1.87,7.06,-0.01,0.22,-0.26,20.19,73.56,209.06,-2.87,-1.50,-3.69,9,8
1772044354.946125,1693438,0.16,0.03,0.19,78.12,70.56,262.62,-7.87,5.37,-10.56,0.00,-0.08,0.04,21.31,73.06,208.56,1.56,0.31,4.06,9,8
1772044355.139137,1693630,0.03,0.01,0.06,76.94,72.44,266.31,-11.44,2.62,-6.12,-0.05,0.16,0.04,22.06,73.25,208.50,-2.06,-2.19,-0.50,9,8
1772044355.332285,1693823,-0.18,0.01,-0.08,78.25,72.94,269.12,-12.94,-1.87,1.56,0.29,-0.10,-0.37,23.12,72.62,207.94,-2.81,1.75,-0.44,9,8
1772044355.524276,1694016,0.84,1.05,0.52,77.12,72.44,274.94,-42.50,5.06,-7.81,0.08,0.09,0.04,23.56,73.50,208.56,-2.56,0.19,1.69,8,6
1772044355.713382,1694205,0.18,0.65,0.18,87.12,74.12,274.94,39.63,-30.94,-1.56,0.00,-0.04,0.06,24.69,72.44,208.25,1.31,5.69,4.69,5,4
1772044355.902933,1694394,0.00,-0.17,0.05,100.81,74.06,264.06,52.63,-34.19,-3.50,-0.09,0.07,0.00,24.62,71.81,207.12,6.19,0.31,1.62,4,4
1772044356.096278,1694587,-0.57,-0.59,-0.05,109.37,72.44,255.44,19.62,-9.44,-0.06,0.04,-0.22,0.11,24.37,71.06,206.19,3.31,6.62,3.75,3,4
1772044356.287309,1694779,0.14,0.35,0.01,106.00,72.50,257.19,-29.31,14.00,0.50,-0.01,0.05,0.03,25.12,71.12,206.44,-3.06,-2.00,-0.50,3,3
1772044356.478042,1694969,0.07,0.22,0.14,103.69,73.69,261.44,-12.19,6.75,-2.00,-0.03,0.04,0.01,25.00,71.37,206.87,-0.19,-1.81,-2.06,3,4
1772044356.667414,1695159,0.06,0.22,0.11,101.62,74.19,264.12,-5.00,4.94,-0.94,0.01,-0.02,0.08,25.19,71.56,206.75,0.31,-2.31,-1.00,3,5
1772044356.857162,1695348,0.05,0.05,0.05,101.50,74.25,264.56,-3.19,-2.56,1.75,-0.02,-0.08,-0.04,25.06,71.75,206.87,-0.13,-2.94,-1.12,3,5
1772044357.049498,1695541,-0.54,-1.05,0.10,104.81,74.06,265.37,-15.69,-0.56,-3.81,0.06,-0.11,-0.19,24.56,72.12,206.81,5.00,-2.62,-3.00,4,5
1772044357.239651,1695731,0.35,1.03,0.15,103.19,76.19,274.56,-6.06,7.44,-5.75,0.00,0.13,0.03,23.75,72.75,207.25,-5.00,1.81,1.37,3,5
1772044357.430524,1695922,0.04,0.03,0.09,104.25,76.69,272.31,19.00,-14.44,0.44,0.00,-0.10,-0.04,24.62,71.75,207.00,-2.12,2.19,2.31,4,6
1772044357.620021,1696111,-0.15,0.19,-0.04,110.87,75.81,268.50,14.69,-11.00,1.25,0.09,-0.01,0.06,25.19,71.37,206.87,0.06,-1.12,0.88,4,6
1772044357.809868,1696301,-0.15,-0.03,-0.01,109.56,75.50,266.06,5.56,8.31,3.37,-0.02,-0.03,0.06,25.06,71.31,206.81,0.31,0.88,-0.31,4,5
1772044358.002249,1696493,-0.05,-0.06,0.01,104.69,75.81,265.87,-1.62,4.37,-1.75,0.00,0.03,0.05,24.69,71.37,206.87,-0.69,-0.69,-0.44,5,5
1772044358.192609,1696684,0.01,0.16,0.11,101.37,76.37,266.50,4.50,3.06,-1.31,-0.01,0.05,-0.02,24.62,71.37,206.94,-0.25,1.19,0.31,5,5
1772044358.383414,1696875,0.01,0.07,-0.01,98.50,76.37,265.37,9.81,0.44,3.12,-0.07,0.04,-0.04,24.75,71.25,207.00,-0.19,-0.25,0.81,5,5
1772044358.573451,1697065,0.07,-0.23,0.14,96.25,76.00,263.31,5.56,-0.37,3.56,-0.01,-0.02,0.01,24.62,71.31,206.87,1.56,0.06,-0.62,5,4
1772044358.763152,1697254,0.04,-0.14,0.17,94.94,75.50,262.87,-4.94,2.44,0.62,0.00,0.00,0.05,24.50,71.37,206.94,-1.56,-1.56,-0.81,5,3
1772044358.954809,1697446,0.02,0.14,0.01,95.94,75.75,264.69,-9.38,0.56,-2.25,0.02,0.05,0.02,24.62,71.50,207.00,-1.19,-1.62,-0.69,5,3
1772044359.145428,1697637,0.00,-0.01,-0.04,96.25,76.12,265.87,2.06,4.12,-1.69,-0.05,0.00,0.01,24.56,71.44,207.00,0.94,3.81,0.75,5,4
1772044359.336426,1697828,0.34,-1.12,0.23,91.00,76.37,266.94,-17.25,12.56,3.56,-0.07,-0.33,-0.39,24.12,71.37,207.06,-0.44,-12.13,-5.31,3,2
1772044359.525836,1698017,1.10,1.81,0.43,93.12,75.81,282.44,-81.81,18.62,9.13,-0.02,0.12,-0.01,22.94,74.00,207.69,-2.19,-4.19,-1.50,3,2
1772044359.715324,1698207,0.03,0.51,0.13,97.87,74.19,279.69,73.00,-9.56,4.37,-0.05,0.00,0.17,24.25,73.25,207.62,-2.75,8.75,5.44,3,2
1772044359.908019,1698399,-0.28,-0.35,0.13,95.31,73.31,266.00,51.13,-3.06,1.19,-0.04,-0.05,-0.03,25.50,71.81,207.31,-0.44,6.81,2.69,2,2
1772044360.098739,1698590,0.25,-0.12,0.33,89.75,72.56,258.75,27.81,-9.63,6.37,-0.05,-0.01,0.00,25.81,70.62,206.81,0.69,4.81,5.37,2,1
1772044360.289063,1698780,-0.50,0.29,-0.45,90.56,71.81,254.62,16.69,1.81,0.25,0.05,0.05,-0.03,26.44,68.81,206.12,-2.00,4.62,4.25,2,1
1772044360.478519,1698970,0.13,-0.20,0.14,67.81,72.00,250.37,48.31,50.44,-11.94,-0.04,-0.47,0.18,26.94,67.06,205.94,-0.25,6.69,0.94,1,1
1772044360.668527,1699160,0.44,-0.01,0.13,49.44,70.19,249.44,-4.37,4.31,2.06,-0.03,-0.05,-0.13,24.94,67.44,206.19,8.25,-2.69,-8.44,2,2
1772044360.860600,1699352,-0.10,-0.53,0.49,51.00,68.69,250.62,-28.75,10.13,3.31,-0.16,0.09,0.07,22.75,69.69,207.12,-0.19,-0.69,4.12,2,2
1772044361.051528,1699543,0.17,-0.08,0.34,61.56,67.37,258.06,-87.50,-13.00,-0.94,-0.03,0.01,0.07,24.00,69.69,207.00,-2.94,-6.44,-1.06,2,1
1772044361.241992,1699733,0.31,1.20,-0.16,76.19,69.87,269.69,-24.12,-5.12,-6.44,0.02,0.02,-0.18,25.37,70.06,207.06,-5.94,-2.25,-0.13,2,2
1772044361.431146,1699923,0.22,0.27,0.09,79.31,71.50,271.44,0.94,-3.12,-3.19,-0.02,-0.06,0.06,25.81,69.69,207.00,1.44,2.44,2.00,2,2
1772044361.621636,1700113,-0.07,-0.11,0.09,80.62,72.44,271.06,1.19,0.06,-1.75,-0.05,0.00,0.02,25.69,69.62,207.00,0.81,-3.37,-3.06,2,2
1772044361.813243,1700305,-0.24,-0.62,0.25,83.87,71.06,277.25,-94.37,28.94,16.87,0.04,0.03,0.05,25.12,70.12,206.94,2.19,-2.94,-1.75,1,2
1772044362.004234,1700496,0.41,0.01,0.39,85.06,68.06,288.87,-41.38,8.75,6.75,0.01,-0.03,0.01,24.94,70.62,207.19,-0.50,-3.19,-2.50,1,2
1772044362.194970,1700686,0.30,1.45,0.00,89.62,67.87,291.75,20.44,-16.31,-5.00,0.10,0.20,-0.07,24.06,71.44,207.75,-0.69,-1.75,-2.94,1,2
1772044362.384441,1700876,1.18,-1.77,0.67,86.31,70.44,276.12,104.37,-37.50,-5.69,-0.01,-0.34,0.10,24.00,70.75,208.19,-3.25,2.94,0.00,2,3
1772044362.574045,1701065,-0.17,0.15,0.08,95.94,69.94,266.75,35.31,-2.94,-5.87,0.12,-0.10,0.46,24.00,71.12,208.31,5.06,-3.87,-0.62,1,2
1772044362.766082,1701257,-0.29,-0.10,-0.44,98.31,70.56,260.75,27.31,-17.31,2.06,-0.35,0.31,-0.55,22.37,71.44,208.44,2.44,3.12,-4.75,1,3
1772044362.957480,1701449,-0.37,0.35,0.06,90.81,71.44,257.25,31.37,45.63,-11.31,-0.28,-0.05,0.30,22.56,70.00,208.06,-2.25,4.56,4.31,2,3
1772044363.149503,1701641,-0.52,-0.60,0.09,59.88,71.19,253.56,49.13,30.44,-5.19,0.15,-0.30,0.19,24.56,70.37,208.62,-10.50,4.06,1.62,3,3
1772044363.338976,1701830,0.87,0.44,0.64,47.19,69.87,252.56,-5.31,7.75,-4.12,0.01,-0.07,0.04,25.50,70.12,209.25,0.00,-2.37,-1.31,3,3
1772044363.528490,1702020,-0.51,-0.61,-0.13,47.50,71.00,251.75,5.12,-8.06,0.81,0.05,0.13,0.37,25.81,72.19,209.19,4.37,-11.50,-0.37,3,3
1772044363.720043,1702212,-0.46,-0.12,0.33,52.69,71.44,254.06,-35.69,-5.81,-7.75,0.23,0.16,0.12,26.62,71.00,208.50,-0.75,19.19,7.25,4,3
1772044363.912954,1702404,0.27,-0.02,0.10,66.12,72.44,257.62,-15.88,-38.75,20.44,-0.14,0.03,-0.11,27.19,67.56,207.69,-9.25,-5.75,3.31,5,3
1772044364.106371,1702597,-0.14,-0.42,0.19,82.69,72.00,258.56,-32.31,-8.50,-12.25,-0.20,0.03,-0.40,28.56,68.31,208.87,-1.37,-1.00,-7.31,5,3
1772044364.297331,1702789,0.07,-0.03,0.00,94.06,74.75,264.56,-2.12,-9.88,0.06,0.01,-0.35,0.50,28.25,68.19,208.87,7.69,-1.50,-3.87,5,3
1772044364.487126,1702979,-0.25,0.08,-0.28,100.62,72.69,265.75,-22.56,4.31,15.25,0.32,0.13,-0.13,27.25,70.44,209.44,-6.81,-6.37,3.19,5,3
1772044364.676264,1703168,-0.34,0.45,0.55,102.06,67.69,266.69,-23.87,-9.00,16.50,0.22,0.18,0.21,29.87,68.44,207.62,5.50,3.31,0.56,5,3
1772044364.868767,1703360,-0.35,0.03,-0.49,106.62,68.94,268.31,1.50,-15.50,-5.75,-0.03,-0.08,0.33,28.37,68.50,207.19,4.06,-10.13,-5.69,5,3
1772044365.059888,1703551,-0.54,0.57,-0.29,107.44,70.31,266.87,30.00,13.50,-9.56,0.05,0.10,-0.25,28.44,68.94,207.75,-6.50,-4.00,-0.81,4,3
1772044365.250447,1703742,0.44,-0.41,1.12,72.00,73.25,261.56,65.12,46.81,-16.12,-0.10,0.04,-0.10,30.44,69.44,208.50,-0.06,0.75,-2.31,4,3
1772044365.439686,1703931,0.55,-0.19,0.59,53.56,73.12,259.44,3.00,-7.87,1.44,0.06,0.02,0.00,29.00,68.56,207.87,6.81,-2.62,-2.50,4,3
1772044365.628631,1704121,1.03,0.26,0.43,62.38,72.62,259.75,-18.00,-1.81,5.31,0.00,0.15,0.30,28.56,67.56,207.06,4.12,15.06,6.56,3,3
1772044365.821258,1704313,-0.20,-0.64,0.06,77.87,73.25,257.69,-18.19,-27.87,14.06,-0.05,0.00,0.00,28.19,67.87,206.37,0.00,-10.38,-8.94,3,3
1772044366.012577,1704504,-0.42,-0.46,-0.26,94.56,71.37,261.00,-59.44,6.44,8.50,0.04,-0.15,-0.07,27.69,69.44,207.62,-2.37,-14.13,-10.00,3,3
1772044366.202667,1704694,0.01,-0.78,0.66,94.50,71.37,274.69,-81.37,41.31,2.50,-0.33,0.04,0.21,26.94,72.12,209.56,1.12,-2.50,-4.06,4,4
1772044366.392709,1704884,-0.70,0.84,0.82,89.87,69.25,298.06,-148.12,65.00,14.94,0.26,0.08,-0.21,23.69,73.62,210.75,-0.75,-11.94,-13.88,4,5
1772044366.582447,1705074,0.42,1.15,1.00,80.94,63.81,316.75,-59.94,43.63,3.81,-0.01,0.77,0.52,14.81,75.37,214.12,3.00,-3.87,0.31,6,6
1772044366.774125,1705266,0.90,2.63,1.28,73.87,67.00,316.12,132.37,-43.19,-17.31,-0.04,0.02,-0.07,19.25,75.44,213.31,-4.31,5.56,8.88,6,6
1772044366.964799,1705456,-0.10,-1.47,0.86,62.06,72.25,288.94,105.19,-40.13,1.31,-0.04,-0.07,0.27,21.25,74.12,212.56,1.50,4.12,2.44,6,6
1772044367.155227,1705647,-0.61,0.11,-0.05,74.12,74.87,277.62,46.13,-33.50,-3.19,-0.06,0.00,0.08,21.31,73.69,212.12,2.50,7.87,5.06,7,6
1772044367.344569,1705836,0.01,0.32,0.04,74.56,75.31,269.56,45.75,9.19,10.75,-0.08,0.00,0.00,22.37,71.94,211.31,-0.56,10.63,6.06,7,7
1772044367.535190,1706027,0.17,-0.12,0.29,55.69,73.00,260.37,57.06,35.25,-3.19,0.00,0.06,0.22,22.50,70.75,211.25,-0.62,4.31,1.75,7,7
1772044367.726527,1706218,0.33,-0.54,0.32,40.44,69.31,255.25,23.31,1.94,6.69,0.01,-0.21,0.12,22.69,69.81,211.00,0.75,3.75,0.25,8,6
1772044367.917474,1706409,0.17,-0.31,0.29,42.88,69.12,253.25,-14.81,-15.25,3.62,-0.05,-0.05,0.03,22.31,70.12,211.25,0.06,-2.37,-2.00,9,6
1772044368.107634,1706599,-0.42,0.15,0.06,58.81,71.62,256.56,-44.63,-26.75,-4.94,0.04,0.24,0.09,21.37,71.37,211.94,2.00,-1.56,0.25,8,6
1772044368.297390,1706789,0.18,0.36,-0.04,65.94,73.50,262.06,-14.06,1.44,-2.69,0.00,-0.04,0.05,23.00,72.06,212.06,-5.31,-11.94,-0.19,8,5
1772044368.488247,1706980,0.72,0.24,0.29,65.87,73.69,264.06,-5.69,-7.94,2.19,-0.08,-0.01,-0.14,23.87,71.94,212.06,2.19,1.00,2.19,6,3
1772044368.679714,1707171,-0.38,0.19,-0.12,79.50,74.31,263.87,-4.69,-16.44,1.62,-0.10,0.16,0.03,24.00,72.00,211.56,0.44,-0.94,-0.94,6,4
1772044368.870130,1707362,-0.02,-0.19,-0.04,81.81,74.25,263.37,4.62,7.94,2.06,-0.06,-0.05,0.02,24.37,71.87,211.44,0.25,-0.69,1.69,6,4
1772044369.060070,1707552,-0.14,0.01,0.00,76.94,73.62,263.81,-1.19,1.69,1.94,-0.05,0.04,-0.21,24.44,72.19,211.87,-1.12,0.94,0.13,5,3
1772044369.249853,1707741,0.35,0.02,0.28,76.25,73.87,265.37,-8.88,0.19,-9.50,-0.06,-0.08,0.16,23.94,72.75,211.69,7.37,-4.50,-6.00,4,3
1772044369.441125,1707933,-0.04,0.09,-0.01,82.12,74.62,267.19,0.25,-3.87,6.56,-0.10,0.14,0.07,21.19,73.00,211.75,1.19,5.31,0.25,5,3
1772044369.632176,1708124,-0.34,0.22,-0.17,83.87,74.00,265.44,9.56,1.00,3.12,-0.03,0.02,-0.01,22.00,72.50,211.62,-2.62,1.94,2.44,4,2
1772044369.822917,1708314,-0.29,0.67,-0.11,71.75,73.81,262.94,37.13,30.37,-3.19,-0.08,-0.20,0.37,23.06,71.69,211.50,-0.37,5.37,3.06,3,3
1772044370.012399,1708504,-0.61,0.34,-0.09,61.19,73.12,259.81,4.94,5.31,2.50,0.01,0.09,-0.14,22.62,71.69,211.69,-1.62,0.00,0.00,3,3
1772044370.201649,1708694,0.16,-0.35,0.37,51.38,71.75,257.25,5.31,-1.25,5.37,0.03,0.01,0.07,22.44,71.25,211.62,3.06,1.44,0.37,3,3
1772044370.394143,1708886,0.00,-0.64,0.26,56.19,71.56,256.62,-16.12,-17.19,2.12,0.00,0.04,-0.10,22.06,71.50,211.69,-0.19,-3.06,-0.25,3,3
1772044370.585375,1709077,-0.14,-0.17,-0.03,65.87,72.75,261.75,-44.06,2.50,-9.25,0.03,-0.06,0.14,22.19,71.69,211.56,0.31,-3.81,-1.69,3,3
1772044370.775941,1709268,0.13,0.29,0.16,72.00,70.81,270.25,-63.63,15.75,12.81,-0.02,-0.17,0.00,22.37,72.06,211.69,1.19,0.37,-0.50,3,3
1772044370.965635,1709457,0.17,0.40,0.16,73.12,70.75,276.56,0.94,-1.81,-3.06,-0.03,0.00,-0.01,22.25,72.25,211.62,-0.44,0.37,0.94,3,3
1772044371.155012,1709647,-0.02,-0.01,0.02,74.44,71.62,275.19,10.63,-6.69,-1.19,0.00,0.00,0.06,22.44,72.19,211.50,0.56,0.62,0.69,3,4
1772044371.347132,1709839,-0.14,-0.15,0.02,75.56,71.69,272.94,12.75,-5.50,1.37,0.01,0.00,0.02,22.62,72.19,211.44,0.25,-1.31,-0.06,3,3
1772044371.538808,1710030,-0.49,-1.40,0.10,75.81,71.56,272.31,-31.12,7.62,0.06,-0.04,-0.08,-0.01,22.12,72.37,211.62,0.50,-1.69,-1.56,3,4
1772044371.731130,1710223,0.42,0.89,0.30,75.81,68.25,285.81,-86.19,45.00,8.69,-0.04,0.08,0.14,21.31,73.37,211.81,0.62,-2.37,-1.00,2,2
1772044371.923099,1710415,0.14,0.35,0.17,75.12,67.06,292.19,2.31,-3.19,-1.69,-0.03,0.00,-0.03,21.37,73.50,211.87,0.37,0.31,-0.13,2,2
1772044372.115180,1710607,0.02,-0.13,0.18,74.81,67.50,291.50,3.19,-0.44,0.50,-0.04,0.00,0.00,21.50,73.50,211.81,0.75,0.31,0.00,2,3
1772044372.304618,1710796,0.52,0.29,0.17,76.87,68.31,290.75,12.81,-25.19,-5.12,0.02,-0.05,-0.01,21.12,73.50,211.62,0.94,-2.00,-0.75,2,3
1772044372.493809,1710986,0.03,-0.43,0.49,75.00,73.37,279.62,131.50,-30.69,-19.81,0.05,0.03,-0.01,21.62,73.19,211.81,-2.62,5.31,4.56,2,2
1772044372.686982,1711179,-0.02,-0.38,0.26,72.31,74.31,270.31,12.38,-0.69,2.56,-0.03,0.05,-0.03,21.44,72.94,211.69,0.56,-0.94,0.00,2,2
1772044372.877950,1711370,-0.40,0.60,-0.31,71.06,73.56,267.87,27.19,8.81,4.87,-0.02,0.09,0.07,22.19,72.81,211.69,-1.56,4.50,3.00,2,2
1772044373.068785,1711561,1.44,-0.90,0.57,48.75,70.94,260.94,58.88,40.94,5.50,0.06,-0.49,0.47,23.06,71.19,211.50,-2.56,2.12,0.62,1,1
1772044373.258482,1711750,-0.06,-0.13,0.36,46.06,69.56,256.56,4.06,3.87,2.06,-0.02,0.07,-0.09,23.06,71.19,211.69,-2.44,1.25,1.31,2,1
1772044373.447339,1711939,0.20,-0.16,0.19,43.75,69.19,256.12,2.00,0.00,-1.50,0.02,0.03,0.06,23.25,71.06,211.81,-0.50,1.87,1.56,3,2
1772044373.640157,1712132,-0.08,-0.54,0.30,45.69,69.44,256.12,-9.81,1.00,-6.37,-0.20,-0.05,-0.01,26.94,68.69,210.69,-16.00,6.37,15.38,3,2
1772044373.831043,1712323,0.13,-0.62,0.12,48.50,70.94,261.19,-43.81,-15.44,-19.56,-0.06,0.03,0.19,32.50,66.69,209.50,-2.37,-0.94,11.50,3,3
1772044374.021818,1712513,-0.10,1.31,-0.44,59.63,75.44,272.56,-35.31,-14.00,-11.63,-0.03,-0.15,0.00,34.38,66.19,208.81,-1.56,-2.44,-2.69,3,3
1772044374.211050,1712703,-0.03,0.53,-0.20,64.56,78.25,276.00,-1.75,-4.94,0.81,0.01,-0.06,0.09,32.63,67.87,209.62,4.69,-9.38,-11.44,3,3
1772044374.400908,1712893,-0.34,0.00,-0.04,66.44,77.56,273.75,14.81,2.81,7.69,-0.02,0.07,-0.08,29.37,70.31,210.44,8.19,-11.63,-8.94,3,3
1772044374.592940,1713085,-0.18,0.33,-0.04,57.06,74.94,269.31,31.44,18.94,13.56,-0.06,0.05,0.23,27.75,71.50,210.50,0.25,-0.75,-1.50,3,3
1772044374.783553,1713275,0.28,-0.87,0.47,47.69,70.81,261.00,36.81,4.50,12.19,-0.01,-0.08,-0.06,26.75,71.50,210.56,2.31,-1.87,-3.44,3,3
1772044374.974194,1713466,0.04,-0.29,0.40,49.31,68.69,257.94,-17.19,-1.94,1.56,-0.04,0.17,-0.11,25.56,72.56,210.81,2.75,-7.19,-5.31,2,4
1772044375.164717,1713656,0.30,-0.22,0.06,51.38,69.37,259.56,2.69,-2.81,-4.12,0.01,-0.19,0.21,25.19,72.75,210.75,0.31,0.56,0.31,2,4
1772044375.354664,1713846,-0.19,-0.27,0.06,58.75,71.12,261.06,-25.50,-13.44,-9.00,-0.03,0.02,-0.17,25.19,73.12,210.81,1.37,0.69,0.69,1,3
1772044375.545859,1714038,0.05,0.12,0.05,63.44,74.19,267.56,-34.06,-6.69,-20.25,-0.02,0.02,0.10,25.44,73.50,210.94,-1.81,-1.69,0.25,1,2
1772044375.736460,1714228,0.03,0.45,-0.15,67.37,77.00,274.62,-17.25,-1.44,-3.81,-0.02,-0.08,-0.04,26.56,73.50,211.12,-1.12,0.50,0.19,1,2
1772044375.926399,1714418,-0.01,0.18,0.03,67.56,77.87,276.56,6.37,2.44,3.12,0.00,-0.06,0.01,26.50,73.44,211.06,1.25,0.37,-0.50,1,2
1772044376.117444,1714609,-0.10,-0.12,0.14,66.75,76.81,274.62,7.12,-0.19,7.31,-0.01,0.07,-0.04,26.12,73.50,210.94,1.25,0.50,-0.19,1,2
1772044376.307596,1714799,-0.05,-0.15,0.11,65.75,75.50,272.50,5.19,1.81,4.56,-0.01,-0.01,0.06,25.81,73.44,210.94,-1.37,-0.13,0.44,1,2
1772044376.498530,1714990,-0.45,0.67,-0.44,61.88,74.50,270.37,33.13,14.88,4.62,0.00,-0.03,0.13,26.00,73.12,211.06,-2.50,1.56,0.88,1,1
1772044376.688933,1715181,-0.13,-0.98,0.45,50.56,72.44,265.25,-8.56,-7.06,12.69,0.00,-0.03,-0.15,25.50,72.87,211.12,4.62,0.31,-1.87,2,3
1772044376.879326,1715371,0.07,-0.26,0.48,58.94,69.19,268.50,-50.88,8.25,7.06,-0.03,-0.07,0.06,23.94,73.56,211.37,3.50,-1.87,-0.88,2,3
1772044377.069953,1715562,0.08,0.59,-0.01,67.62,68.75,275.87,-44.69,-8.06,9.19,-0.02,0.15,0.09,23.37,73.94,211.31,-1.94,-2.81,0.81,3,3
1772044377.260857,1715752,-0.06,-0.09,-0.02,73.25,69.37,277.31,20.87,-5.69,-10.38,0.03,-0.16,0.11,24.06,73.50,210.94,0.37,0.88,-0.25,3,3
1772044377.451779,1715943,-0.01,-0.97,0.03,72.19,70.94,276.50,-5.44,-2.75,-4.12,-0.07,-0.02,0.10,24.31,73.69,211.06,0.50,-1.87,-0.69,3,3
1772044377.641473,1716133,-0.02,0.22,0.26,75.56,69.69,286.56,-88.81,39.88,5.44,0.00,0.10,0.21,23.87,74.50,211.44,0.31,-1.25,-1.94,2,3
1772044377.831757,1716324,0.12,0.40,0.18,74.75,68.56,295.06,-15.88,3.25,-5.31,0.00,-0.02,-0.09,23.87,74.56,211.69,-1.00,1.06,-0.06,3,3
1772044378.022541,1716515,0.43,1.05,0.18,72.37,70.75,295.31,49.06,-16.94,-12.06,0.03,0.00,0.07,24.00,74.44,211.75,-1.19,0.69,1.06,3,3
1772044378.213582,1716705,-0.31,-1.04,0.17,71.69,74.31,283.00,72.81,-26.25,-1.44,0.00,-0.06,0.00,24.31,74.12,211.50,1.31,1.19,-0.56,3,4
1772044378.404333,1716896,-0.15,-0.49,0.09,74.94,74.12,273.37,26.31,-12.31,3.25,0.00,0.01,0.12,24.06,74.06,211.37,0.37,-0.31,0.44,3,4
1772044378.594021,1717086,-0.32,0.09,-0.20,75.56,73.69,269.00,21.31,3.81,1.62,-0.03,0.06,0.04,24.25,73.94,211.37,-0.75,1.87,0.94,2,3
1772044378.784209,1717276,0.19,-0.51,-0.06,60.13,72.00,262.81,49.75,30.25,2.19,0.01,-0.39,0.26,24.94,72.94,211.31,-2.56,6.06,1.56,2,2
1772044378.976020,1717468,-0.18,0.21,0.07,53.06,70.94,260.81,6.50,10.63,-2.50,-0.01,0.12,-0.04,24.50,73.06,211.37,0.13,-0.75,-0.25,2,2
1772044379.166851,1717659,0.21,-0.26,0.24,47.81,70.50,260.12,-3.44,-2.62,-0.56,0.00,0.10,0.17,24.44,73.44,211.37,1.56,-1.19,-0.37,2,3
1772044379.357564,1717850,0.29,-0.66,0.14,53.63,71.19,260.31,-18.69,-20.25,0.81,0.01,0.13,-0.12,24.62,73.37,211.31,2.69,3.94,2.12,2,3
1772044379.547485,1718039,-0.17,0.31,-0.12,65.50,73.75,263.75,-12.06,-11.00,-7.31,-0.01,0.00,0.13,25.12,73.12,211.31,-5.44,-5.31,-1.62,2,2
1772044379.737205,1718229,0.15,0.24,-0.05,69.44,74.75,265.69,-5.75,-0.50,-0.62,0.04,-0.12,0.04,25.37,73.31,211.62,1.44,-0.69,-0.88,2,2
1772044379.929407,1718421,-0.11,-0.31,0.01,70.50,74.81,267.06,-17.44,4.56,-0.94,0.04,-0.10,-0.11,24.94,73.69,211.25,5.19,-2.37,-1.75,2,3
1772044380.120155,1718612,0.66,0.41,0.36,67.31,74.69,271.56,-4.44,5.81,-1.81,0.00,0.18,0.12,24.19,74.69,211.75,-1.06,-1.69,-0.62,2,3
1772044380.311212,1718803,0.15,-0.11,0.15,68.50,75.31,270.37,2.25,-4.25,1.94,-0.03,-0.02,0.02,24.31,74.50,211.87,-1.50,0.75,-0.06,2,3
1772044380.500351,1718992,-0.09,0.17,-0.11,70.81,75.37,269.94,1.94,-2.75,0.44,-0.02,0.01,0.14,24.56,74.25,211.81,0.25,0.50,0.25,2,2
1772044380.689890,1719182,-0.77,0.84,-0.40,64.62,74.31,267.50,38.00,26.06,7.69,-0.06,0.01,0.11,24.44,73.62,211.87,-4.25,7.19,3.25,2,2
1772044380.882140,1719374,-0.05,-0.22,0.42,43.69,70.69,259.00,53.06,11.75,6.00,0.00,0.06,-0.06,24.94,72.06,211.87,-4.50,8.88,5.25,3,3
1772044381.073752,1719565,0.05,-0.53,0.35,40.81,67.75,253.56,-8.81,-1.62,-1.62,-0.05,0.07,-0.04,25.44,72.00,212.06,-0.06,-3.06,-2.25,3,3
1772044381.264684,1719756,-0.04,0.33,0.36,50.88,69.25,258.25,-67.69,-19.19,-2.25,-0.02,0.12,0.02,24.94,72.75,212.12,1.69,-6.81,-4.00,4,4
1772044381.454292,1719946,0.03,0.57,-0.28,60.88,71.12,263.94,-2.31,-6.87,-0.44,0.05,-0.21,0.10,25.00,72.87,212.25,-1.06,1.44,0.81,4,4
1772044381.643623,1720135,-0.12,0.04,-0.07,62.69,71.62,262.62,4.87,-3.81,1.81,-0.02,-0.04,0.02,25.00,72.81,212.25,-0.44,0.44,0.37,4,4
1772044381.837048,1720329,-0.03,0.17,0.02,63.06,71.69,262.12,-0.37,-0.50,0.88,0.01,-0.03,0.11,24.69,72.94,212.44,0.44,0.62,-0.13,4,4
1772044382.027951,1720520,-0.04,-0.04,-0.02,64.44,71.81,261.87,0.37,-4.56,1.69,-0.03,-0.01,0.04,24.37,73.12,212.31,1.50,-2.50,-1.69,3,4
1772044382.218377,1720710,0.25,0.02,0.13,65.94,71.81,262.50,-12.94,2.00,-1.31,-0.05,0.03,-0.02,24.12,73.62,212.12,1.19,-5.31,-3.19,4,4
1772044382.409467,1720902,0.07,0.30,0.09,68.25,72.12,264.75,-6.62,-2.56,0.31,0.01,0.01,0.07,22.94,73.69,212.12,4.06,3.81,0.62,3,3
1772044382.602288,1721094,-0.31,0.28,-0.16,69.37,72.31,264.50,3.37,4.19,1.44,-0.03,0.00,-0.05,22.06,73.19,212.06,0.44,4.62,1.06,3,3
1772044382.793607,1721286,0.03,0.41,-0.17,57.00,71.12,263.44,25.25,25.37,0.94,-0.05,-0.02,0.23,22.06,72.75,211.94,-0.94,1.81,0.75,3,3
1772044382.983135,1721475,-0.12,-0.33,0.32,46.25,69.19,258.81,26.19,1.00,1.44,0.01,0.07,-0.07,22.00,72.44,211.81,1.25,2.56,1.44,3,3
1772044383.172743,1721665,0.15,-0.22,0.42,42.38,68.00,256.75,2.00,1.06,-0.37,-0.03,0.12,0.00,23.06,71.81,211.50,-2.12,5.31,6.19,2,2
1772044383.365419,1721857,0.24,-0.70,0.60,49.00,68.87,258.87,-57.31,-24.19,-1.06,-0.07,-0.16,-0.13,25.37,70.75,211.19,-4.19,-2.75,-0.88,2,1
1772044383.556024,1722048,0.10,0.91,-0.09,64.87,71.44,266.81,-32.44,-16.19,-6.00,0.03,0.01,0.22,25.44,71.56,211.69,-0.06,-0.69,0.13,2,2
1772044383.746757,1722239,-0.02,0.34,-0.09,76.81,74.00,268.50,10.38,-22.56,-1.62,0.00,-0.06,0.16,25.06,71.44,211.44,0.81,-1.25,-0.81,2,2
1772044383.937304,1722429,-0.17,-0.21,-0.03,85.56,74.06,265.06,8.00,-7.00,3.50,-0.03,0.06,0.14,24.94,71.12,211.06,1.25,1.06,0.75,2,2
1772044384.126714,1722619,0.04,0.03,0.01,87.75,73.62,264.19,-2.81,-4.62,2.56,0.00,0.01,0.03,25.00,71.25,210.94,1.25,-1.94,-0.25,2,2
1772044384.318310,1722810,0.18,-0.10,0.14,87.06,73.31,264.19,-1.94,1.25,1.56,-0.05,-0.07,0.02,24.69,71.31,210.75,0.94,-1.37,-0.13,2,2
1772044384.509269,1723001,-0.06,0.15,-0.09,88.00,73.19,264.44,-0.31,6.87,-0.81,-0.10,0.08,-0.12,25.00,71.69,210.81,-2.25,-2.31,-0.75,2,2
1772044384.699643,1723192,0.05,0.07,-0.03,73.94,72.81,262.44,44.19,38.88,-1.50,-0.09,-0.35,0.47,25.31,71.25,211.06,-1.31,3.19,0.19,2,2
1772044384.889563,1723381,-0.09,-0.63,0.32,62.56,71.94,259.00,-2.94,-2.00,-1.31,0.00,0.16,-0.13,24.62,71.69,211.25,2.37,-1.50,-0.25,2,3
1772044385.079650,1723572,0.12,0.05,0.37,62.75,71.37,263.56,-43.56,8.13,-5.62,0.03,-0.17,0.08,24.12,72.12,211.12,-1.75,-7.50,-6.25,2,2
1772044385.270963,1723763,-0.04,0.21,-0.06,69.50,71.94,269.81,-32.13,-6.06,1.06,0.02,-0.05,0.14,23.94,73.00,211.75,-0.75,-2.12,1.00,2,3
1772044385.461357,1723953,0.08,0.31,0.04,74.87,72.50,273.56,-9.06,0.69,-2.50,-0.02,-0.06,0.02,24.19,73.06,211.69,-0.50,0.19,0.00,2,2
1772044385.652596,1724144,-0.03,0.10,-0.06,76.50,72.94,274.87,-7.56,-1.25,0.88,0.00,-0.01,0.02,23.94,73.25,211.87,-0.69,-1.81,-1.06,2,2
1772044385.842812,1724335,0.09,0.16,0.02,76.87,72.62,275.87,-4.12,3.25,2.31,0.00,-0.03,0.09,23.56,73.44,212.06,-0.06,0.13,-0.31,3,2
1772044386.033549,1724526,0.00,0.01,-0.01,75.75,72.31,275.19,7.25,-0.75,1.50,0.03,-0.08,0.06,23.50,73.37,212.06,1.00,-0.19,-0.75,2,2
1772044386.224031,1724716,0.09,0.07,0.14,74.75,72.00,273.62,7.12,-0.50,1.19,-0.01,-0.01,0.02,23.00,73.62,212.19,0.75,-0.25,-0.81,2,2
1772044386.414201,1724906,-0.04,-0.05,0.06,74.56,72.00,271.19,16.12,-5.06,1.50,0.00,-0.05,0.09,23.00,73.50,212.00,0.88,0.56,0.31,2,2
1772044386.605077,1725097,-0.26,0.58,-0.31,73.00,71.56,268.75,25.06,9.44,5.00,0.01,-0.01,0.05,23.44,73.44,212.06,-2.87,1.56,1.81,3,2
1772044386.795455,1725288,0.50,-0.37,0.19,55.31,70.19,262.56,56.88,21.69,-1.25,0.06,-0.03,0.21,23.44,72.50,211.87,0.31,6.37,1.37,4,2
1772044386.986340,1725478,-0.15,-0.68,0.29,46.06,68.69,256.37,21.12,7.31,3.69,0.02,0.02,-0.16,23.19,72.19,211.94,-0.56,-0.94,-1.75,5,3
1772044387.176873,1725669,0.18,-0.46,0.32,44.38,67.37,256.06,-15.00,-0.06,-3.44,-0.01,-0.04,0.01,23.31,72.12,211.94,-1.94,4.12,3.69,5,3
1772044387.366971,1725859,-0.27,0.44,0.36,57.75,67.19,267.31,-128.94,15.94,0.81,-0.09,-0.07,0.18,24.31,71.94,211.62,-3.56,-5.31,0.06,5,3
1772044387.557916,1726050,0.05,0.96,-0.08,69.37,68.06,279.44,-23.31,-7.94,-13.50,0.03,0.08,0.03,25.06,72.87,212.12,0.69,-1.31,-1.25,5,3
1772044387.748158,1726240,0.06,0.18,0.09,70.62,71.25,282.19,8.38,-7.87,-0.19,0.01,-0.07,0.00,25.06,72.75,212.12,1.56,0.56,0.31,5,3
1772044387.938887,1726431,-0.07,-0.21,0.04,73.50,72.25,278.69,31.12,-15.94,-0.56,-0.02,0.03,0.05,24.75,72.75,211.87,1.94,0.44,0.06,5,4
1772044388.129231,1726621,-0.03,-0.13,0.12,74.87,72.19,274.00,14.19,-6.87,5.00,0.00,-0.07,0.12,24.31,72.62,211.62,0.13,-0.31,0.06,5,3
1772044388.319663,1726811,-0.14,-0.15,-0.01,75.75,71.31,271.31,3.69,-0.19,2.87,0.08,-0.03,-0.12,24.25,72.62,211.56,-1.06,-3.44,-2.12,5,3
1772044388.510571,1727003,-0.17,0.62,-0.20,71.87,70.94,270.56,21.94,13.25,1.62,-0.07,0.08,0.07,24.00,72.94,211.69,-1.44,0.00,0.13,6,5
1772044388.701566,1727194,0.26,-0.85,0.41,57.50,69.81,264.50,26.81,-3.12,4.19,0.02,-0.05,-0.06,23.75,72.81,211.75,2.75,-1.12,-2.06,4,5
1772044388.892148,1727384,0.00,-0.14,0.17,57.63,68.94,263.56,-7.69,4.12,-2.44,0.03,0.09,0.01,22.56,73.44,211.87,1.44,-1.00,-1.44,3,4
1772044389.081982,1727574,0.10,-0.18,0.33,57.81,69.00,265.31,-11.69,-2.69,-0.62,0.01,-0.23,0.03,22.12,73.00,211.62,0.44,1.81,-0.19,3,4
1772044389.271975,1727764,-0.07,0.05,-0.16,64.31,69.50,268.62,-29.87,-4.44,0.37,0.00,0.01,0.08,22.50,73.19,211.81,-1.06,-1.25,0.81,3,4
1772044389.464178,1727956,-0.06,0.12,-0.08,69.44,70.25,272.06,-10.75,-3.19,-2.37,-0.01,-0.05,-0.09,22.75,73.31,211.81,-0.06,-1.25,0.56,3,4
1772044389.654851,1728147,0.01,-0.38,0.03,70.75,70.44,274.12,-18.44,3.62,1.69,-0.05,0.00,-0.04,22.94,73.94,212.25,-2.06,-5.31,-4.00,3,4
1772044389.845777,1728338,-0.06,0.26,0.30,74.31,67.87,282.56,-98.62,37.38,19.87,-0.02,-0.01,0.27,22.12,74.44,212.81,1.06,-2.44,-1.06,3,3
1772044390.034951,1728527,0.33,0.14,0.22,76.19,65.12,290.75,-12.94,3.31,2.12,0.05,-0.03,0.06,22.44,74.50,212.62,1.69,-0.31,0.31,3,4
1772044390.224776,1728717,0.07,-0.25,0.10,76.06,65.56,290.56,11.81,-1.94,-1.50,0.00,-0.02,0.06,22.12,74.31,212.44,-0.06,-0.13,-0.06,5,5
1772044390.416872,1728909,-0.04,0.01,0.14,75.94,65.62,290.25,0.31,0.00,0.31,0.04,-0.01,0.07,22.19,74.37,212.44,-0.06,-1.19,0.37,4,4
1772044390.609042,1729101,0.21,0.14,0.13,75.50,65.81,290.25,6.31,-4.06,-2.56,-0.01,-0.01,0.08,22.12,74.31,212.25,1.50,1.06,0.75,4,4
1772044390.799286,1729292,0.04,0.05,0.22,75.37,68.56,286.25,59.19,-29.56,-12.63,0.00,0.01,0.02,21.56,73.94,212.06,0.62,2.00,-0.13,4,4
1772044390.989172,1729481,0.13,-0.69,0.14,81.56,71.12,276.62,42.19,-39.94,-5.56,0.04,-0.04,-0.18,20.37,73.50,211.87,-0.13,4.87,-0.69,5,4
1772044391.178091,1729670,0.00,-0.17,0.09,89.50,71.87,271.62,15.50,-10.19,-2.56,-0.11,0.14,0.11,19.69,73.06,211.69,-0.50,-3.44,0.25,5,4
1772044391.370957,1729863,-0.41,-0.01,-0.24,90.06,71.50,268.44,24.06,6.69,0.19,0.00,-0.02,0.26,20.19,72.87,211.62,-1.69,0.69,0.37,5,4
1772044391.565117,1730057,-0.06,-0.20,-0.15,76.00,71.37,263.62,51.44,28.12,-6.00,-0.03,-0.07,0.03,21.12,72.62,211.87,-4.12,-1.06,-1.00,5,3
1772044391.754042,1730246,0.25,-0.51,0.43,57.44,70.69,260.00,10.75,12.25,-1.94,-0.05,0.05,0.03,20.19,72.62,211.94,1.62,-1.50,-2.56,5,4
1772044391.942960,1730436,0.02,0.00,0.10,54.19,69.94,259.25,13.38,1.37,-1.75,0.00,0.05,0.00,19.87,72.62,212.06,0.31,1.81,1.37,5,3
1772044392.135254,1730627,-0.13,-1.56,0.24,57.19,70.44,257.75,-26.37,-14.19,7.25,-0.01,0.21,-0.30,19.12,73.06,212.50,5.31,-2.12,-2.50,4,2
1772044392.327855,1730820,0.25,-0.81,0.56,62.56,70.94,261.06,-15.06,0.25,5.00,0.05,-0.24,0.11,19.56,72.69,212.62,-0.62,0.13,-0.13,3,2
1772044392.519257,1731011,-0.19,0.36,0.18,77.69,69.56,266.37,-42.00,-15.31,2.87,-0.08,0.04,-0.18,19.00,72.81,212.75,-1.69,-1.06,0.37,4,2
1772044392.708981,1731201,-0.43,-0.70,-0.14,82.44,69.44,271.44,-36.44,12.25,2.06,-0.01,-0.07,0.16,19.69,73.00,212.62,-0.19,-3.06,-0.50,4,3
1772044392.897981,1731390,-0.06,0.52,0.12,81.06,66.56,281.69,-77.94,27.31,14.06,0.01,0.02,-0.01,19.87,73.56,212.94,0.94,-3.69,-0.94,3,3
1772044393.090202,1731582,0.23,0.06,0.58,82.44,65.81,289.37,-3.56,-10.31,-7.62,0.02,0.20,-0.05,19.37,74.12,213.37,-2.50,-0.31,0.31,3,3
1772044393.281148,1731774,0.59,0.33,0.56,85.12,65.12,294.62,-26.31,26.12,3.87,-0.18,0.20,0.06,19.00,74.50,213.56,0.94,-6.00,0.44,3,4
1772044393.471774,1731964,0.11,0.51,0.02,82.25,65.75,297.25,10.31,3.00,-7.81,0.02,0.22,0.14,20.19,74.06,213.06,-2.69,4.50,7.12,4,5
1772044393.661248,1732154,0.48,2.10,0.54,75.87,66.81,291.37,107.12,-8.06,-9.63,0.11,-0.13,0.05,22.94,72.44,212.44,-5.37,0.19,2.56,5,5
1772044393.851203,1732343,-0.05,-1.96,0.95,50.31,69.50,269.50,94.94,-20.87,5.00,0.09,-0.53,-0.13,23.00,71.62,212.31,0.44,-13.00,-7.12,4,5
1772044394.042603,1732535,-0.40,-0.83,0.08,43.63,72.94,261.56,0.06,-3.62,6.69,0.00,0.00,0.01,22.44,72.56,212.12,-0.19,-1.37,0.44,4,5
1772044394.234146,1732726,-0.01,-0.48,0.15,47.00,71.50,261.00,-6.00,-4.37,6.12,-0.03,-0.08,0.15,21.94,72.50,212.19,4.37,6.25,1.94,7,7
1772044394.425108,1732917,0.00,-1.18,0.46,54.06,71.00,261.00,-33.06,-8.56,6.81,0.01,-0.10,-0.18,22.25,72.25,212.00,-1.50,-8.19,-3.69,6,6
1772044394.614585,1733107,0.03,0.54,0.13,70.25,70.62,273.81,-100.06,10.50,-2.37,0.18,0.11,0.13,20.56,74.00,212.44,-2.81,-6.87,-3.81,6,6
1772044394.804398,1733297,0.46,-0.31,0.34,75.81,68.94,287.31,-80.94,26.00,1.94,-0.05,-0.15,0.13,20.87,74.75,212.94,1.81,-2.06,-1.75,6,6
1772044394.995697,1733488,0.15,0.82,0.08,79.50,70.56,295.50,15.38,-6.31,-11.56,0.03,0.21,-0.13,20.44,75.19,213.06,-1.50,-1.69,0.69,5,6
1772044395.186996,1733679,-0.31,-1.14,0.52,75.50,73.44,283.19,110.94,-28.12,-4.69,0.01,-0.23,0.04,21.31,74.44,212.75,2.25,5.75,1.19,5,6
1772044395.377757,1733870,-0.38,-0.24,0.16,76.25,73.12,273.25,19.56,-13.44,2.31,-0.01,0.13,-0.01,20.81,74.44,212.62,0.50,-1.81,0.00,4,5
1772044395.567839,1734060,-0.03,-0.05,0.10,75.37,72.87,268.94,27.19,9.25,2.31,-0.02,-0.01,0.08,20.94,74.12,212.37,-1.19,-0.06,-0.31,4,4
1772044395.757406,1734250,-0.16,-0.51,0.11,61.06,71.69,264.50,43.69,32.69,-8.13,-0.06,-0.12,0.21,21.06,74.12,212.62,0.37,1.31,0.06,4,5
1772044395.948526,1734441,0.12,-0.24,0.52,48.88,70.31,262.31,8.75,8.06,0.94,0.01,0.04,0.14,20.44,74.37,212.75,0.44,-1.44,-2.25,5,5
1772044396.140015,1734632,-0.30,-0.68,0.26,51.00,69.37,261.37,-12.88,-9.94,3.56,0.11,-0.03,0.03,20.87,73.81,212.50,-1.62,2.62,2.94,2,3
1772044396.330703,1734823,-0.03,0.08,0.32,60.94,70.75,264.75,-38.88,-26.44,-5.75,-0.02,0.08,-0.03,21.69,74.06,212.81,1.06,-1.94,-0.06,3,3
1772044396.521122,1735013,0.09,0.19,0.12,68.87,73.62,269.12,-8.06,-0.06,-4.62,0.01,-0.08,0.06,22.81,74.00,212.69,-1.06,1.31,0.94,3,3
1772044396.711568,1735204,-0.25,0.16,-0.15,70.44,74.06,270.00,-0.19,-0.50,1.44,-0.01,-0.01,0.01,22.19,73.69,212.44,1.44,1.31,-0.19,3,3
1772044396.901794,1735394,-0.38,0.44,-0.12,62.13,73.06,267.94,40.63,24.19,1.75,-0.02,-0.01,0.14,22.00,73.31,212.44,-0.37,4.56,0.62,4,3
1772044397.092625,1735585,0.08,-0.70,0.50,47.00,69.87,262.19,18.12,7.00,7.50,0.00,0.03,-0.08,21.25,73.12,212.37,2.06,-2.87,-2.31,4,3
1772044397.283161,1735776,0.02,0.32,0.34,50.19,67.87,261.19,-23.62,-4.06,3.50,0.02,0.25,-0.03,20.94,73.56,212.44,-0.37,1.62,2.94,4,2
1772044397.473680,1735966,0.29,-0.41,0.13,51.44,68.31,261.87,0.50,-3.44,1.19,0.11,-0.16,0.07,22.31,72.69,212.37,-3.00,3.06,0.25,4,3
1772044397.663687,1736156,-0.17,-1.83,0.55,61.25,68.31,266.44,-112.12,-4.50,0.88,0.03,-0.24,0.02,21.12,72.50,212.56,1.56,-7.69,-7.44,3,3
1772044397.854176,1736346,-0.12,0.85,0.64,77.50,69.62,291.75,-122.87,43.19,-33.19,0.18,0.23,-0.02,17.81,74.50,212.94,2.00,-16.06,-17.75,3,3
1772044398.045562,1736538,0.53,1.16,0.36,76.25,73.69,304.37,6.50,-1.75,10.63,0.05,-0.24,-0.07,18.31,75.12,213.81,-6.44,3.62,3.37,3,3
1772044398.236266,1736729,-0.07,1.72,0.11,82.12,71.75,302.69,8.00,-6.37,16.87,-0.02,-0.05,0.07,18.87,74.94,213.94,1.00,3.69,1.44,3,3
1772044398.427364,1736920,0.95,1.39,0.43,82.81,72.44,295.19,44.88,-16.25,5.31,-0.04,0.38,0.01,19.50,74.69,213.62,-5.31,-2.56,-0.44,3,3
1772044398.616570,1737109,-0.55,-0.62,0.33,82.94,72.69,276.69,74.81,-24.25,5.75,0.11,-0.09,0.09,20.06,73.50,213.06,2.44,5.12,2.75,2,3
1772044398.806693,1737299,-0.07,0.02,0.10,81.50,71.37,269.12,16.50,-2.19,-3.31,0.01,0.01,0.10,20.12,73.31,212.75,2.19,1.62,1.50,2,3
1772044398.998635,1737491,-0.34,1.46,-0.48,78.87,70.94,266.19,47.00,9.69,5.25,-0.04,-0.10,0.17,20.50,73.06,212.87,-1.56,9.25,5.81,2,3
1772044399.189563,1737682,0.00,-0.62,0.16,62.13,70.06,257.62,31.62,6.81,0.81,-0.06,-0.12,0.00,21.19,72.12,212.75,1.94,1.00,-0.75,2,3
1772044399.380621,1737873,0.07,0.19,0.08,57.81,69.44,255.81,2.56,3.50,0.62,0.07,0.10,-0.12,19.87,72.62,212.81,-1.87,-0.81,-2.12,2,3
1772044399.570254,1738062,0.17,-0.21,0.24,55.13,69.37,255.25,-3.44,-7.00,-1.25,-0.05,0.03,0.11,19.94,72.75,213.00,0.00,-1.19,-0.69,2,3
1772044399.759915,1738252,-0.09,0.10,-0.18,59.94,70.56,255.69,0.13,-9.13,-1.81,0.08,0.00,0.08,20.37,72.81,212.94,0.88,-4.44,-4.00,3,3
1772044399.951967,1738444,-0.04,0.25,-0.21,61.38,71.12,256.37,0.69,5.12,2.62,-0.01,-0.03,0.07,20.37,73.00,213.06,0.56,1.69,1.56,3,2
1772044400.143799,1738636,-0.07,0.30,-0.16,53.56,69.94,255.25,21.81,24.44,-1.44,-0.06,0.03,0.05,20.69,72.75,212.94,-1.75,3.12,2.25,2,2
1772044400.335738,1738828,0.12,-0.31,0.34,42.94,67.87,253.06,5.25,0.31,0.62,-0.02,0.06,-0.11,21.00,72.50,213.19,0.50,-2.19,-1.87,2,2
1772044400.525243,1739018,0.22,-0.11,0.39,44.81,67.87,253.50,-15.63,-8.50,2.44,-0.08,0.00,-0.09,20.37,72.81,213.31,1.44,-0.94,-0.88,2,2
1772044400.714558,1739207,-0.33,0.32,-0.10,55.00,70.00,255.56,-21.00,-18.06,-3.44,-0.07,0.04,0.14,20.06,73.19,213.19,1.19,2.31,2.00,2,2
1772044400.907670,1739400,0.04,-0.36,-0.05,61.38,70.56,257.06,-17.62,-2.56,0.88,-0.09,-0.02,0.09,19.75,73.50,213.75,3.12,-1.19,2.44,2,2
1772044401.100520,1739593,-0.22,0.42,-0.20,66.50,71.31,261.06,-15.31,0.06,-3.00,-0.03,0.03,-0.03,20.56,73.56,213.06,-1.44,-3.00,-1.81,2,2
1772044401.291552,1739784,-0.17,0.31,-0.22,60.44,71.44,262.12,20.75,16.06,1.44,0.00,0.05,0.04,20.25,73.56,213.19,-1.12,2.81,0.13,2,2
1772044401.481421,1739974,0.50,-0.18,0.44,44.50,69.37,258.12,31.75,13.44,1.75,0.07,0.08,0.11,20.37,73.31,213.37,-5.50,-6.25,-2.00,2,2
1772044401.670289,1740163,0.05,-0.68,0.67,43.56,67.94,251.44,10.81,9.56,5.87,0.00,0.05,0.15,21.25,73.06,213.12,1.06,9.75,6.69,2,2
1772044401.863438,1740356,0.06,-0.33,0.36,44.06,66.56,250.56,-11.63,-2.31,-0.81,-0.06,0.01,0.27,23.12,72.50,213.06,-3.87,2.75,2.12,2,2
1772044402.054430,1740547,-0.17,-0.03,0.16,57.75,64.50,248.87,-50.38,-29.31,17.81,0.02,-0.03,-0.17,25.44,71.37,212.75,-2.06,6.75,4.69,2,3
1772044402.245224,1740738,0.24,0.26,-0.09,67.31,65.50,253.00,-17.19,-6.06,-9.63,-0.02,-0.02,0.12,25.87,70.75,212.25,1.44,0.75,-1.12,2,3
1772044402.434705,1740927,0.06,0.09,-0.09,71.62,67.62,256.87,-18.12,-7.31,-5.12,0.05,-0.06,0.15,25.06,71.12,212.00,1.75,-5.56,-4.12,2,3
1772044402.623599,1741116,-0.04,0.29,-0.18,75.12,68.75,258.19,6.37,1.94,1.25,0.01,0.00,0.02,24.50,71.69,212.25,1.25,1.81,0.37,2,3
1772044402.816210,1741309,-0.46,0.37,-0.21,67.19,68.37,255.94,39.63,22.31,-1.56,0.02,0.03,0.21,24.12,71.81,212.50,-0.94,0.75,-0.25,2,3
1772044403.007077,1741500,0.19,-0.53,0.44,52.13,66.75,252.12,11.88,6.75,1.75,0.04,0.04,-0.12,22.94,72.06,212.75,1.87,-2.81,-6.19,3,3
1772044403.197435,1741690,0.11,0.01,0.49,49.13,65.69,251.56,6.44,4.12,-0.94,-0.04,0.19,0.10,21.12,72.56,213.37,1.44,4.50,4.31,3,3
1772044403.387276,1741880,-0.03,-0.50,0.16,49.25,65.37,251.19,-9.00,-3.19,-0.13,-0.10,-0.13,0.12,22.75,71.56,212.75,-2.75,2.12,2.50,2,3
1772044403.576474,1742069,1.06,1.46,0.27,53.63,65.44,259.19,-85.12,23.75,3.87,-0.01,0.28,0.08,21.87,72.25,213.12,-1.00,0.37,2.06,2,3
1772044403.769432,1742262,-0.42,-0.38,-0.02,63.19,68.81,263.00,8.75,-30.44,-13.44,0.12,-0.18,-0.05,24.50,71.37,212.25,-1.87,-8.69,-4.12,2,4
1772044403.960216,1742452,-0.68,-1.81,-0.09,72.69,74.31,267.37,-27.06,-14.06,-35.13,-0.08,-0.31,0.18,23.44,72.62,212.37,9.19,-1.12,-1.06,2,3
1772044404.150513,1742643,0.27,1.46,0.00,70.69,79.19,284.25,-44.44,2.94,-3.25,-0.01,0.16,-0.17,21.50,74.12,213.19,-3.62,-7.69,-5.00,2,3
1772044404.339756,1742833,0.10,0.78,0.04,69.06,78.75,285.06,30.19,13.13,17.87,-0.03,0.00,0.01,21.50,74.19,213.44,-1.25,1.62,2.25,2,3
1772044404.529529,1743022,-0.60,0.23,-0.19,54.56,75.00,273.75,72.00,25.06,17.75,-0.01,0.00,0.28,22.69,73.50,213.12,-1.56,2.69,1.44,2,3
1772044404.721889,1743214,-0.09,-0.62,0.62,41.94,68.94,260.81,42.00,8.19,23.62,0.02,0.14,-0.17,21.56,73.44,213.25,2.56,-3.19,-3.50,3,3
1772044404.912593,1743405,0.22,-0.44,0.48,39.63,64.69,254.50,10.00,8.13,6.81,-0.01,0.09,-0.01,20.37,73.81,213.19,0.06,-2.81,-1.25,2,3
1772044405.103359,1743596,0.24,-0.07,0.11,40.94,63.06,253.00,-6.31,-1.31,7.69,0.00,-0.05,-0.03,20.44,73.75,213.19,-2.19,0.00,-0.50,3,3
1772044405.293358,1743786,0.18,-0.13,0.27,44.69,63.13,252.25,-6.06,-12.69,2.81,0.09,0.03,0.08,20.06,73.62,213.81,0.31,7.06,1.56,3,2
1772044405.483458,1743976,-0.08,-0.20,0.15,56.69,67.00,254.19,-44.69,-52.69,-8.63,0.02,0.11,-0.32,20.44,73.75,213.69,2.50,-2.62,1.87,3,3
1772044405.674991,1744168,-0.14,0.10,0.02,69.69,72.75,264.31,-46.94,0.31,-26.25,0.03,-0.07,0.28,23.44,72.94,212.62,-7.06,-1.75,3.44,2,2
1772044405.865742,1744358,0.03,0.66,-0.11,77.25,77.06,273.19,-22.31,-14.06,-16.94,0.14,-0.10,-0.14,24.75,72.62,212.87,-3.25,7.00,0.13,3,3
1772044406.056003,1744549,-0.45,0.88,-0.39,83.56,78.94,274.62,28.81,5.31,8.38,-0.04,0.11,-0.05,23.94,72.12,213.19,-2.31,1.94,3.06,3,3
1772044406.245684,1744738,0.44,-0.01,0.43,57.50,74.25,264.75,60.50,32.63,28.12,0.04,-0.14,0.13,25.50,71.00,212.50,-1.12,-0.37,2.44,3,2
1772044406.435376,1744928,-0.55,-0.78,0.40,50.63,69.50,252.44,35.06,-18.37,20.19,0.02,0.11,-0.26,24.44,71.19,212.44,3.75,-2.81,-2.69,3,2
1772044406.628034,1745120,-0.23,-0.04,0.18,50.75,69.12,248.44,18.12,-8.31,-8.63,-0.10,0.18,0.12,23.37,72.00,212.75,-0.56,-3.12,-0.31,3,3
1772044406.818375,1745311,-0.35,-0.50,0.11,46.56,70.37,246.00,14.81,-2.00,-4.44,-0.03,-0.05,-0.01,24.00,71.62,212.69,-1.81,1.75,0.94,4,3
1772044407.008899,1745501,-0.07,-0.03,0.05,44.69,70.19,247.31,-21.44,11.50,-0.50,0.08,-0.04,0.03,24.19,71.75,212.94,-0.94,-3.75,-1.87,4,3
1772044407.198333,1745691,0.30,-0.05,0.41,45.75,69.94,250.56,-13.56,-11.44,-2.50,-0.02,0.00,0.00,23.87,71.94,212.87,3.00,1.94,1.44,5,3
1772044407.388055,1745880,-0.22,0.05,-0.11,55.00,71.56,253.56,-24.56,-1.81,-2.19,-0.01,0.04,0.09,24.12,72.00,212.75,-2.69,-2.56,-1.06,5,3
1772044407.580108,1746073,-0.03,-0.17,0.12,62.19,70.94,257.06,-43.38,3.62,11.88,0.00,-0.03,0.01,24.06,71.87,212.87,1.31,0.50,0.19,7,4
1772044407.771540,1746264,-0.17,0.33,-0.05,72.12,69.94,261.87,-18.37,-7.12,-1.06,-0.02,-0.06,0.05,24.19,72.19,212.81,-0.44,-3.19,-0.13,7,5
1772044407.962215,1746455,0.12,0.04,-0.10,74.37,70.56,262.37,6.87,-2.12,0.50,-0.06,0.12,-0.43,24.12,72.37,212.94,-0.06,0.94,-1.06,6,5
1772044408.151521,1746644,0.05,0.46,0.00,68.31,70.37,260.87,25.31,22.75,-1.31,0.06,-0.07,0.20,23.06,71.37,212.87,-1.31,-0.69,2.12,6,5
1772044408.341019,1746834,-0.56,0.07,-0.24,56.69,69.00,255.31,43.75,10.75,4.56,-0.55,0.00,-0.41,20.37,69.19,213.87,0.44,1.69,8.81,7,5
1772044408.533279,1747026,0.69,-0.61,0.88,44.19,67.87,252.50,8.88,10.44,-8.94,-0.11,-0.11,-0.25,21.56,71.00,214.19,1.12,-8.56,0.13,6,5
1772044408.724428,1747217,-0.14,-0.55,0.02,46.38,69.50,256.06,-22.31,11.25,-15.69,-0.01,-0.01,0.29,25.00,71.75,212.50,1.37,3.37,4.69,5,4
1772044408.915496,1747408,0.14,0.36,0.34,59.75,73.69,263.25,-44.31,-56.00,5.37,0.05,0.04,0.00,26.00,71.19,211.62,-4.87,-14.44,-2.69,5,4
1772044409.105192,1747598,-0.39,0.43,-0.27,81.69,76.25,267.56,-18.25,5.56,-25.12,-0.08,0.15,-0.03,25.56,72.62,212.44,2.75,-0.44,-2.50,7,6
1772044409.294640,1747787,-0.18,0.64,-0.87,75.25,78.69,270.94,7.94,13.63,3.56,-0.36,-0.14,-0.22,23.87,72.56,212.94,-2.94,-5.69,-4.94,7,6
1772044409.486816,1747979,1.74,-0.25,0.89,62.38,75.19,266.56,20.87,12.81,20.75,-0.50,-0.06,-0.02,21.87,73.06,213.19,5.69,-6.19,-6.87,5,5
1772044409.678914,1748172,-0.07,-0.65,0.25,71.31,72.06,262.37,-7.75,23.25,14.31,0.03,-0.15,-0.36,21.44,75.25,211.31,-0.56,15.56,4.44,5,4
1772044409.871343,1748364,-2.11,2.88,-0.67,70.12,70.25,270.37,-55.13,41.56,-15.94,-0.33,0.14,-0.28,20.62,74.44,211.44,-7.94,14.69,4.62,5,4
1772044410.063829,1748556,0.60,-1.37,0.50,44.44,67.44,270.81,14.06,8.94,14.75,-0.19,-0.32,0.12,27.94,73.69,214.31,-17.94,-3.00,-1.31,5,4
1772044410.253300,1748746,-0.39,-1.82,0.45,55.88,67.12,278.94,-125.75,7.19,-18.69,-0.90,0.26,-0.83,27.62,77.12,217.25,-11.06,-22.87,-5.81,4,4
1772044410.442422,1748935,1.43,2.26,0.60,68.81,70.19,306.81,-78.44,26.00,-10.69,0.18,0.33,0.27,22.25,79.62,216.44,4.69,-5.25,-2.87,4,4
1772044410.635449,1749128,2.34,1.00,1.48,72.50,72.56,303.56,93.12,-58.25,9.06,0.09,0.33,0.18,18.87,79.87,216.25,-5.69,20.00,0.25,4,4
1772044410.827275,1749320,-0.02,-0.95,0.19,89.31,70.75,282.75,63.63,-4.87,1.87,0.00,-0.05,0.41,15.00,77.75,215.56,4.56,-2.94,-0.88,5,5
1772044411.018117,1749511,-0.44,0.00,-0.11,87.06,70.87,275.75,33.06,-9.06,-9.88,0.00,-0.12,0.36,17.00,77.87,215.19,-2.00,5.94,2.06,3,3
1772044411.207518,1749700,-0.33,0.52,-0.11,81.81,71.50,271.94,21.06,3.12,1.62,0.07,0.22,-0.02,18.19,77.81,215.50,-4.81,-1.00,1.12,3,3
1772044411.396906,1749889,-0.60,-0.02,-0.19,65.56,69.69,265.12,41.44,16.75,16.06,-0.07,-0.15,0.14,20.50,77.06,215.87,-2.25,8.25,5.75,3,3
1772044411.589105,1750082,0.32,-0.36,0.34,49.69,67.19,260.25,18.75,4.81,4.06,0.04,-0.23,-0.02,20.62,76.31,216.50,-2.00,-2.00,-3.94,3,3
1772044411.780123,1750273,0.11,0.11,0.11,49.38,66.62,258.87,3.75,-4.31,-1.87,-0.01,-0.17,-0.13,19.69,75.81,216.00,4.06,7.62,5.12,3,3
1772044411.971094,1750464,0.54,-0.31,0.34,47.88,68.94,258.75,24.94,-22.50,-22.44,-0.11,0.01,0.29,17.94,75.06,215.81,3.25,2.50,-0.75,3,3
1772044412.160409,1750653,-0.06,0.31,0.20,49.75,72.50,260.81,-22.69,12.81,-4.06,0.05,-0.06,0.22,20.44,74.50,215.12,-3.69,4.06,6.31,3,4
1772044412.349641,1750842,0.18,0.03,-0.21,52.25,73.56,263.94,-16.75,-12.56,1.12,-0.04,0.12,0.11,22.06,74.00,214.25,10.06,-2.69,0.75,3,3
1772044412.541860,1751035,-0.33,0.21,-0.28,59.00,74.44,265.12,0.44,1.56,2.94,0.06,-0.11,-0.04,21.06,74.25,211.69,10.56,-0.37,4.00,3,4
1772044412.732642,1751226,0.44,0.00,0.16,56.06,71.87,264.12,-11.88,19.81,20.06,0.03,-0.36,0.03,22.37,73.50,210.56,-3.37,0.75,2.19,3,4
1772044412.923769,1751416,0.18,-0.10,0.08,54.56,70.62,262.75,15.00,-4.31,-6.44,0.04,-0.10,0.06,23.44,73.56,210.44,0.25,-6.06,-2.37,3,3
1772044413.113175,1751606,-0.34,0.05,-0.18,53.81,71.62,261.81,9.44,1.81,-1.31,0.02,-0.04,0.19,23.12,74.25,211.06,-2.31,-3.06,-3.06,3,3
1772044413.302855,1751796,-0.27,0.07,-0.05,49.50,71.00,260.81,13.69,8.88,-1.44,-0.02,0.12,0.00,22.19,74.50,211.81,-0.81,1.75,0.50,3,3
1772044413.494662,1751988,0.27,-0.16,0.21,39.81,69.12,258.19,26.56,14.63,2.87,0.02,0.00,0.12,22.69,73.69,211.87,-0.37,3.56,2.56,3,3
1772044413.685950,1752178,-0.01,-0.04,0.11,37.06,68.25,255.87,3.12,-0.94,3.44,-0.05,-0.08,-0.11,22.94,73.12,211.81,-1.87,2.62,1.69,4,3
1772044413.876152,1752369,0.00,-0.13,0.05,38.56,67.94,255.00,-1.19,0.75,2.94,0.02,0.05,0.10,24.37,72.31,211.50,-0.13,9.13,8.94,3,3
1772044414.065836,1752559,-0.15,-0.36,0.17,42.00,68.31,255.37,-19.06,-16.06,2.81,0.00,-0.16,0.07,27.06,70.75,210.69,-4.81,-2.56,1.81,3,3
1772044414.256367,1752749,0.06,0.17,0.00,47.25,69.94,258.06,-13.56,-5.19,-5.00,-0.03,-0.12,0.05,28.44,70.75,210.94,-1.69,-2.19,-2.44,3,3
1772044414.448318,1752941,-0.10,0.32,-0.23,49.50,71.12,260.37,-8.63,-0.19,-0.50,-0.06,-0.03,0.01,27.19,72.06,211.87,0.94,-5.75,-5.50,3,2
1772044414.638574,1753131,-0.01,0.12,-0.08,48.19,70.37,261.00,0.94,13.75,1.25,0.02,0.00,0.12,25.56,73.19,212.19,3.69,-2.81,-2.87,2,1
1772044414.829166,1753322,0.00,-0.06,0.13,41.44,68.31,259.87,21.50,16.62,2.44,-0.13,0.00,0.07,24.50,73.81,212.31,0.62,-0.13,-0.25,2,1
1772044415.019127,1753512,0.17,-0.30,0.33,35.38,66.06,257.12,4.62,4.44,5.31,-0.04,0.04,-0.12,23.87,73.94,212.50,1.62,-0.31,-1.44,2,1
1772044415.209622,1753702,0.00,-0.30,0.28,35.31,65.12,256.75,-2.00,1.87,-1.44,0.00,0.03,-0.17,24.62,72.87,211.94,-0.81,15.06,11.94,2,2
1772044415.401225,1753894,0.11,-0.74,0.40,38.81,66.44,258.81,-39.13,-28.56,-7.12,-0.06,0.17,-0.06,28.81,70.44,210.69,-1.75,5.12,8.44,2,2
1772044415.591839,1754084,0.08,0.31,-0.15,51.00,69.81,264.94,-25.56,-14.94,-3.75,0.01,-0.08,0.06,30.44,69.75,210.50,1.69,-1.06,-3.19,2,3
1772044415.782204,1754275,0.31,0.29,-0.06,57.25,73.19,268.25,-4.50,-19.00,-2.00,-0.01,0.00,0.04,28.94,71.00,210.87,2.56,-15.88,-12.13,2,3
1772044415.971545,1754464,-0.52,0.44,-0.38,65.19,74.00,267.87,7.75,13.69,2.81,-0.02,0.03,0.21,25.94,73.12,211.50,4.44,-4.25,-3.94,2,2
1772044416.162949,1754656,-0.19,0.03,0.05,54.44,70.94,264.19,35.81,27.37,12.31,-0.03,-0.02,0.14,24.69,73.37,211.44,0.62,0.69,1.12,2,2
1772044416.354222,1754847,-0.08,-0.52,0.43,44.31,67.87,258.81,17.25,5.37,2.12,0.00,0.03,-0.06,23.69,73.56,211.81,-0.94,-2.06,-3.44,4,3
1772044416.544841,1755037,0.14,-0.03,0.21,42.44,66.87,257.62,3.62,-2.87,2.87,-0.01,-0.04,-0.01,23.37,73.62,212.06,-1.19,2.69,2.37,4,3
1772044416.734995,1755228,0.01,-0.19,0.00,43.88,67.25,256.81,-2.31,-5.56,-0.31,-0.06,-0.09,0.03,24.62,72.87,211.62,-1.37,4.19,4.50,4,3
1772044416.924798,1755417,-0.73,-1.17,0.27,48.13,68.31,259.62,-60.50,5.50,-13.19,-0.02,-0.23,0.04,25.69,72.75,211.37,2.31,-7.62,-3.69,4,3
1772044417.115628,1755608,0.07,0.93,-0.09,51.88,68.75,270.19,-15.56,-12.63,-10.81,0.01,0.18,0.03,26.06,74.44,212.50,-1.00,2.37,1.25,4,3
1772044417.306603,1755800,0.01,0.03,-0.04,54.19,70.44,270.25,3.44,-5.44,3.44,0.00,-0.01,0.03,25.62,74.06,212.56,1.00,0.31,-0.56,5,3
1772044417.497392,1755990,-0.18,0.42,-0.36,55.69,70.50,268.81,16.25,8.25,0.13,-0.01,0.02,0.11,25.37,74.06,212.31,1.19,-0.75,-0.56,4,3
1772044417.687263,1756180,0.18,-0.09,0.22,44.19,68.94,263.81,57.06,22.37,6.87,-0.02,-0.05,0.10,24.44,73.81,212.31,0.56,2.87,-0.50,4,3
1772044417.877642,1756371,-0.01,-0.48,0.62,38.06,65.94,256.62,14.81,0.94,12.69,0.00,0.18,-0.24,23.31,73.81,212.25,0.56,0.69,-0.19,4,3
1772044418.068738,1756562,0.05,-0.25,0.31,38.44,64.19,254.12,3.69,-0.13,4.81,-0.05,0.06,0.14,23.25,73.44,212.31,-1.25,1.69,0.13,4,3
1772044418.259864,1756753,0.08,-0.63,0.11,42.00,64.19,252.94,-14.38,-16.56,4.37,-0.03,-0.12,-0.02,23.19,72.94,212.25,0.69,1.19,1.12,3,2
1772044418.450302,1756943,0.01,0.04,-0.10,50.81,66.25,256.87,-41.50,-10.13,-16.00,-0.01,0.04,0.06,23.69,73.50,212.31,0.31,-2.69,0.06,3,2
1772044418.640565,1757133,0.14,0.79,-0.07,56.44,69.00,263.94,-18.44,-3.31,-10.31,-0.04,0.08,0.08,24.56,74.12,212.62,-0.81,-1.37,0.69,3,2
1772044418.830497,1757323,-0.17,0.26,-0.23,54.81,71.25,265.37,9.69,2.62,-2.00,0.03,-0.16,0.12,24.75,73.75,212.50,0.13,-0.19,0.25,3,2
1772044419.021612,1757515,0.00,0.00,-0.07,49.88,70.19,263.44,13.38,8.44,3.75,0.01,0.01,0.06,24.06,74.06,212.56,2.44,-1.12,-2.37,2,2
1772044419.212586,1757706,0.05,-0.19,0.21,45.75,68.31,261.06,10.25,6.56,5.87,0.01,0.11,-0.01,22.94,74.62,212.75,1.31,-2.87,-2.06,2,1
1772044419.403233,1757896,0.03,-0.01,0.16,43.31,66.81,259.50,12.75,7.81,1.00,-0.01,-0.02,0.08,22.87,74.44,212.62,-0.75,1.31,0.44,2,1
1772044419.592945,1758086,0.03,-0.24,0.16,41.31,66.12,257.87,2.56,-1.69,2.69,-0.03,-0.05,0.00,22.75,74.37,212.69,0.19,-0.13,-0.13,2,2
1772044419.782835,1758275,-0.01,-0.09,0.02,42.44,66.25,257.75,-4.94,-1.37,-2.25,-0.02,0.00,-0.03,22.62,74.75,212.87,1.12,-1.69,-2.19,2,2
1772044419.974382,1758467,0.03,-0.03,0.22,43.00,66.50,258.44,-1.69,-2.87,2.94,-0.03,0.00,0.00,22.50,74.44,212.44,0.56,5.25,4.37,1,2
1772044420.165956,1758659,0.14,-0.19,0.09,46.19,66.62,259.31,-21.81,-6.44,-2.87,0.00,-0.02,0.12,22.94,74.69,212.56,-1.37,-2.44,-0.69,1,2
1772044420.356929,1758850,-0.17,0.31,-0.29,50.25,68.06,261.81,-5.56,-1.25,-2.62,-0.02,0.02,0.05,23.25,74.87,212.81,-1.81,0.25,0.56,1,2
1772044420.546138,1759039,0.08,0.37,-0.12,45.94,67.87,261.44,24.50,13.00,2.12,-0.04,-0.09,0.19,23.69,74.31,212.75,0.06,4.94,2.00,1,2
1772044420.735601,1759229,-0.01,-0.76,0.42,36.63,66.06,257.00,27.06,7.00,5.12,-0.06,0.03,0.02,24.50,72.75,212.00,-1.81,12.25,10.06,1,2
1772044420.928222,1759421,0.27,-0.57,0.86,36.63,63.63,255.25,-4.44,-1.56,-4.69,-0.04,-0.22,-0.06,30.50,69.94,211.75,-12.00,4.69,6.81,1,2
1772044421.119247,1759612,0.55,0.11,0.18,39.38,67.75,260.31,-38.50,-23.94,-19.94,-0.05,-0.36,0.22,31.94,68.69,212.06,-2.62,5.87,4.06,2,2
1772044421.310664,1759803,0.08,0.50,-0.25,45.88,73.12,266.75,-14.81,-13.44,-12.75,-0.06,-0.20,0.12,32.56,68.31,212.19,0.25,-5.75,-5.81,2,2
1772044421.500187,1759993,-0.07,0.45,-0.28,50.94,76.06,270.19,-7.06,-4.19,4.56,-0.11,0.00,-0.06,29.81,70.94,213.06,7.94,-9.06,-10.25,2,1
1772044421.688959,1760182,-0.05,0.22,-0.04,52.31,74.87,268.87,10.75,11.31,10.38,0.00,0.13,0.12,26.44,72.19,212.94,5.19,0.00,-1.31,2,1
1772044421.881129,1760374,-0.46,-0.07,0.07,46.13,71.31,263.12,40.44,24.31,10.88,-0.04,-0.07,0.09,25.31,71.81,212.75,1.56,3.19,0.37,3,1
1772044422.072911,1760566,0.48,-0.79,0.40,38.81,68.50,257.81,7.81,-6.37,-1.56,-0.09,0.05,-0.12,25.06,71.75,212.75,-1.19,-0.56,-1.00,3,1
1772044422.264489,1760758,0.24,0.07,0.30,38.38,68.87,258.25,-5.12,1.06,-3.19,0.01,-0.02,0.03,26.50,70.94,212.31,-3.31,5.69,6.62,3,1
1772044422.455486,1760948,0.05,-0.27,0.28,42.13,70.12,259.62,-17.44,-19.62,-2.19,-0.04,-0.19,-0.16,28.37,70.00,211.81,-0.06,-4.00,-3.25,2,1
1772044422.645402,1761138,-0.13,0.38,-0.23,48.38,72.69,263.62,-26.37,-3.37,-4.87,-0.01,0.03,0.18,27.69,71.56,212.37,3.69,-4.69,-2.25,3,1
1772044422.836015,1761329,-0.34,0.16,-0.53,52.19,73.19,265.81,-2.06,3.12,3.94,0.00,-0.10,0.13,27.44,72.50,212.44,2.37,-3.25,-3.12,2,1
1772044423.026634,1761520,-0.25,0.34,-0.15,46.00,71.62,264.62,20.44,16.62,3.75,0.06,-0.02,0.19,26.87,73.00,212.87,-0.13,-1.00,-0.69,2,1
1772044423.219504,1761713,0.08,-0.39,0.42,36.88,68.69,260.75,22.50,8.75,4.87,0.00,0.07,-0.10,25.75,73.25,212.94,2.94,-1.31,-2.50,2,1
1772044423.411724,1761905,-0.01,-0.15,0.33,33.69,66.19,257.81,7.56,6.31,4.37,0.00,0.00,-0.10,24.56,73.50,213.19,-0.31,-0.25,-2.12,2,1
1772044423.602513,1762096,0.17,-0.10,0.15,32.69,64.62,256.87,2.56,4.87,3.06,-0.01,0.00,0.11,24.19,73.50,213.44,1.00,2.25,-0.37,3,1
1772044423.792096,1762285,0.06,-0.11,0.08,34.81,64.37,255.75,0.37,-4.69,7.50,0.00,0.06,-0.02,23.44,73.19,213.56,-1.81,2.62,-0.25,3,1
1772044423.981612,1762474,0.17,-0.35,0.19,36.75,64.50,255.12,-3.12,-5.25,2.12,0.03,-0.14,0.02,24.37,71.81,213.25,-5.81,-0.13,-2.25,3,1
1772044424.173842,1762667,0.41,0.31,0.01,40.56,65.44,257.12,-20.50,-7.62,-5.75,0.04,-0.12,0.05,25.19,71.81,213.31,3.44,4.06,4.50,3,1
1772044424.365249,1762858,0.16,-0.28,0.11,44.88,67.75,259.44,-15.50,-8.75,-6.06,-0.02,0.07,0.17,25.69,72.06,213.31,1.75,-2.75,-1.81,3,1
1772044424.556238,1763049,-0.09,-0.32,-0.12,51.19,70.06,263.19,-25.19,-10.88,-12.94,-0.03,-0.22,0.02,25.94,71.87,212.31,3.94,-3.06,1.06,3,1
1772044424.745385,1763238,0.20,0.27,0.16,57.19,71.81,269.94,-37.75,-0.13,-5.50,-0.06,0.10,0.12,26.37,73.06,212.62,0.88,-3.56,-0.69,3,1
1772044424.936164,1763429,-0.16,0.40,-0.04,63.38,73.44,273.75,-2.19,-10.06,1.19,0.00,-0.03,-0.05,26.19,72.94,212.31,-0.62,1.06,0.94,2,1
1772044425.127339,1763620,0.09,-0.03,0.06,67.50,73.50,272.87,-0.81,-5.81,2.50,-0.02,0.05,0.06,26.44,72.81,212.06,1.75,1.12,-0.50,2,1
1772044425.318245,1763811,-0.52,1.38,-0.29,68.19,73.44,271.31,33.56,12.19,4.87,0.07,0.28,-0.05,27.00,70.81,211.37,-10.56,21.69,17.94,2,1
1772044425.508983,1764002,0.74,-1.27,0.81,45.56,69.06,258.31,76.31,13.88,19.25,-0.04,-0.38,-0.05,31.25,66.37,211.00,-5.56,2.25,1.12,2,1
1772044425.698440,1764191,0.07,-0.33,0.16,43.19,68.81,254.44,-9.50,0.50,-8.50,0.02,-0.13,-0.02,31.00,66.75,210.94,0.50,-2.56,-1.44,2,1
1772044425.888044,1764381,0.24,-0.18,0.15,43.38,70.00,257.81,-14.94,-0.56,-5.94,-0.07,0.16,0.19,30.94,67.37,211.00,2.19,1.37,2.44,2,1
1772044426.080459,1764573,0.12,-0.26,0.00,46.94,70.75,260.19,-13.31,-3.19,-1.62,-0.05,-0.11,0.02,31.06,66.94,210.87,-2.31,-2.12,-1.87,2,1
1772044426.271364,1764764,-0.20,0.23,-0.08,52.69,72.75,264.12,-15.88,-4.50,-12.00,-0.08,-0.16,0.08,31.44,67.06,211.00,-0.19,-5.19,-5.19,2,1
1772044426.461895,1764955,-0.05,0.27,-0.28,53.88,74.37,267.19,-8.56,-3.81,-3.87,-0.05,-0.06,0.16,30.31,69.31,212.19,3.37,-5.69,-5.19,2,1
1772044426.650971,1765144,-0.25,-0.06,0.00,56.94,75.12,266.94,3.62,-4.06,3.25,-0.03,0.06,0.00,28.69,70.44,212.50,4.75,-2.75,-3.44,2,1
1772044426.840708,1765334,0.01,-0.15,0.12,56.44,74.37,266.25,1.94,4.31,5.62,0.00,0.00,0.08,26.81,70.69,212.50,0.88,1.00,-1.56,2,2
1772044427.033131,1765526,-0.18,0.04,-0.09,56.75,73.06,265.06,3.87,4.12,3.81,-0.03,-0.04,-0.04,26.69,70.69,212.56,-1.06,1.62,0.81,2,1
1772044427.223969,1765717,-0.08,-0.13,0.05,54.06,72.06,263.81,3.31,-0.25,3.50,-0.01,-0.01,0.01,26.87,70.62,212.50,0.56,-0.44,-0.25,2,2
1772044427.414237,1765907,0.08,0.01,-0.11,50.88,71.19,262.75,17.75,16.94,0.69,-0.08,-0.09,0.14,26.81,70.87,212.75,0.06,0.75,-0.81,2,2
1772044427.603866,1766097,0.15,-0.17,0.25,45.19,69.50,261.00,1.62,7.19,3.94,-0.04,0.11,0.00,26.25,71.00,212.75,2.44,2.44,1.94,2,2
1772044427.794379,1766287,0.78,-0.58,0.62,47.44,69.37,260.44,-12.00,-24.87,-2.06,-0.06,0.00,0.02,25.81,71.31,212.69,1.44,-10.31,-4.56,1,2
1772044427.986338,1766479,-0.24,0.08,-0.10,64.50,72.69,262.75,-22.00,-22.37,-0.94,0.03,0.15,-0.06,25.87,71.81,212.25,-0.62,-1.69,0.81,1,1
1772044428.176767,1766670,-0.28,0.25,-0.49,75.62,73.37,265.87,-18.37,5.75,-0.69,-0.03,-0.16,0.11,27.12,71.19,212.06,-1.06,3.94,2.87,2,2
1772044428.367278,1766860,-0.14,-0.17,-0.08,70.62,73.69,268.62,-5.81,18.37,-1.25,-0.02,0.00,0.07,27.50,70.87,212.06,0.37,-3.00,-1.69,2,1
1772044428.557280,1767050,0.01,0.76,-0.11,60.19,71.44,270.06,24.12,26.75,2.19,-0.08,0.01,0.02,27.25,71.12,212.37,-2.25,1.87,-0.06,2,2
1772044428.748426,1767241,0.31,-0.54,0.53,41.63,69.37,263.50,59.81,8.06,5.12,-0.01,-0.07,-0.08,27.06,70.81,212.69,-0.25,0.31,-1.00,2,2
1772044428.939215,1767432,-0.09,-0.47,0.27,37.75,67.25,256.94,16.12,3.19,5.94,-0.01,0.16,-0.09,27.75,69.81,212.06,-1.69,10.31,10.13,1,2
1772044429.129526,1767623,0.21,-0.39,0.31,35.56,65.87,255.44,-4.56,4.12,-3.94,-0.02,-0.02,0.07,30.44,68.06,211.44,-5.25,2.12,4.87,2,2
1772044429.319918,1767813,0.02,0.07,-0.07,38.25,66.69,258.12,-25.31,-6.62,-7.81,-0.01,0.11,0.09,32.63,67.19,211.06,-1.56,7.31,11.81,2,2
1772044429.510559,1768004,0.16,0.03,-0.21,40.75,69.25,262.12,-14.38,-7.75,-9.06,-0.01,0.01,0.07,32.88,67.31,210.94,4.81,-12.00,-13.25,2,2
1772044429.701334,1768194,-0.14,0.41,-0.36,42.94,71.62,265.12,-1.56,1.06,-1.12,-0.05,-0.02,0.13,31.00,69.25,211.50,1.12,-5.50,-4.12,2,2
1772044429.891846,1768385,-0.18,0.17,-0.05,40.50,70.44,263.87,12.63,11.06,3.81,0.03,0.02,0.03,30.00,70.25,212.00,2.44,-1.56,-2.31,2,2
1772044430.082307,1768575,0.15,0.20,-0.12,32.31,68.00,261.12,33.13,15.63,4.81,-0.02,-0.14,0.29,27.81,70.75,212.62,5.50,-0.69,-5.81,2,1
1772044430.272599,1768766,0.26,-0.72,0.62,26.44,64.94,256.69,7.37,8.38,6.69,0.01,0.21,-0.06,23.75,71.75,212.87,6.87,-0.69,-3.06,3,2
1772044430.463671,1768957,0.13,-0.64,0.46,28.06,63.88,255.31,-6.69,-9.06,1.81,-0.03,0.45,-0.06,22.19,72.31,213.19,-1.19,4.62,2.12,3,2
1772044430.654285,1769147,1.46,-0.82,0.80,28.00,63.44,259.87,-36.38,9.19,-8.94,-0.11,-0.08,0.28,23.62,71.00,212.81,-3.56,0.94,1.25,3,2
1772044430.845160,1769338,-0.34,0.72,0.08,42.44,69.56,267.25,-17.81,-45.56,-20.69,0.00,0.00,-0.05,25.19,70.06,212.50,-4.69,5.62,6.50,3,2
1772044431.035014,1769528,-0.16,0.03,-0.16,51.44,74.75,269.56,-22.44,-20.00,-2.75,0.02,0.00,0.05,26.50,69.69,212.69,1.00,0.06,-0.81,3,2
1772044431.225359,1769719,-0.10,0.50,-0.29,65.25,76.06,273.44,-25.06,-9.44,4.87,-0.03,0.16,0.00,26.00,69.62,212.56,0.88,3.69,2.19,3,2
1772044431.416561,1769910,-0.05,0.17,-0.06,66.44,76.25,273.25,28.06,8.00,4.87,-0.10,-0.02,0.20,26.75,69.25,212.56,-3.12,-0.75,-1.12,3,2
1772044431.606747,1770100,-0.42,0.18,-0.09,60.69,74.81,267.37,30.12,7.87,7.44,0.00,0.08,-0.18,26.69,69.25,212.44,3.62,1.31,0.75,3,2
1772044431.797654,1770291,-0.23,0.01,0.33,47.25,71.12,259.69,56.50,23.12,15.81,-0.06,-0.15,0.12,26.69,69.19,212.25,0.88,0.62,0.81,3,2
1772044431.987894,1770481,0.36,-0.70,0.61,40.56,66.44,251.37,16.37,-1.12,14.50,0.02,-0.09,-0.11,25.31,69.37,212.06,6.44,-0.56,-4.06,3,2
1772044432.178211,1770671,-0.22,-0.47,0.24,45.06,65.75,249.87,-18.31,2.19,-2.94,-0.08,0.11,0.09,23.81,69.94,212.25,-2.44,1.12,1.00,3,2
1772044432.369340,1770863,0.60,0.78,0.44,51.50,62.44,255.37,-65.62,15.69,5.56,-0.06,-0.07,0.12,22.75,70.06,213.19,-0.06,1.62,-2.25,3,2
1772044432.560378,1771054,0.24,0.12,0.47,56.13,65.25,257.25,25.37,-38.00,-21.12,-0.03,-0.04,0.11,23.50,70.19,213.44,-1.19,-1.75,0.19,3,2
1772044432.751123,1771244,-0.39,-0.16,0.17,71.37,71.87,259.19,-52.38,-31.62,-20.62,0.00,0.05,-0.36,24.94,70.19,211.75,13.38,0.94,10.94,3,2
1772044432.940594,1771434,-0.46,1.04,-0.36,88.87,74.69,267.56,-28.56,1.75,1.31,-0.20,0.06,0.15,27.12,69.87,211.31,-6.69,1.94,3.56,3,2
1772044433.130626,1771624,-0.38,0.72,-0.42,88.06,74.56,266.81,30.25,1.94,0.00,-0.06,-0.16,0.19,27.81,69.44,211.75,-2.75,1.06,0.06,3,2
1772044433.322287,1771816,0.00,-0.17,0.20,81.94,73.75,262.44,-4.25,8.00,4.12,0.00,0.21,-0.14,27.50,70.00,212.25,1.50,-4.50,-3.31,3,3
1772044433.513292,1772007,-0.84,0.94,-0.47,67.44,71.94,260.06,60.50,48.75,5.12,-0.08,-0.26,0.38,27.19,69.44,212.12,-1.75,4.87,2.56,3,2
1772044433.704099,1772197,0.54,-0.66,0.63,43.38,67.87,251.62,39.19,8.19,4.19,0.03,-0.03,-0.27,26.87,69.31,212.00,3.44,-2.50,-1.56,2,2
1772044433.893559,1772387,0.00,0.37,0.26,39.94,67.19,249.31,4.62,4.56,1.50,-0.04,0.09,-0.08,26.75,69.69,212.00,-2.44,-0.25,-0.19,3,2
1772044434.083597,1772577,0.48,-0.28,0.27,41.50,67.12,248.81,-23.81,-7.75,8.13,-0.04,-0.03,-0.03,26.00,69.81,211.75,5.87,-5.00,-3.75,4,3
1772044434.275593,1772769,-0.42,0.29,-0.39,51.00,67.56,248.56,5.25,0.62,-2.00,-0.09,-0.16,0.28,25.56,70.06,211.56,3.50,4.00,3.62,4,3
1772044434.466929,1772960,0.00,-0.37,0.04,46.81,68.12,248.06,7.69,7.06,-7.12,-0.08,-0.05,0.34,25.00,70.37,212.25,-2.87,-1.56,-2.06,4,3
1772044434.657895,1773151,-0.49,-0.94,0.17,51.06,68.50,251.12,-64.62,2.87,4.37,0.02,-0.18,-0.14,25.62,70.62,212.00,-0.88,-1.50,1.37,4,3
1772044434.847222,1773340,0.06,1.75,0.06,68.94,68.62,263.56,-49.38,-23.56,-6.12,0.06,0.21,-0.32,25.69,71.56,212.25,-0.94,-2.50,-1.50,3,3
1772044435.036229,1773530,0.46,0.72,0.04,73.81,72.25,265.19,27.25,-17.00,-10.38,0.00,-0.14,0.09,26.06,71.06,212.31,-4.75,2.19,2.37,3,3
1772044435.228358,1773722,-0.44,0.20,-0.36,75.19,73.44,259.62,30.37,2.87,0.62,0.00,-0.05,0.12,26.19,70.87,212.62,-0.69,0.19,-1.25,4,2
1772044435.419741,1773913,-0.58,0.66,-0.46,62.38,71.94,255.31,44.38,36.00,1.87,-0.04,-0.06,0.18,26.37,70.44,212.56,0.19,3.69,1.00,5,4
1772044435.610925,1774104,0.51,-0.48,0.46,39.25,67.44,249.50,30.25,17.37,6.06,0.00,-0.05,-0.16,25.31,70.37,212.69,3.00,-3.69,-3.62,5,4
1772044435.800381,1774294,0.16,0.10,0.38,35.88,65.56,247.31,4.37,3.87,2.94,-0.05,0.14,-0.06,24.50,70.75,212.62,0.19,-0.06,0.56,4,4
1772044435.989492,1774483,0.08,0.00,0.00,35.94,65.37,246.06,2.87,-3.19,1.50,0.00,-0.01,0.05,24.87,70.25,212.50,-1.19,4.06,4.31,3,3
1772044436.183204,1774677,0.13,-1.21,0.03,37.31,64.25,247.44,-42.31,26.12,0.81,-0.08,-0.33,0.16,27.31,69.12,211.94,-1.44,1.69,1.37,3,3
1772044436.375697,1774867,-0.38,1.20,-0.01,53.50,65.50,255.37,-26.31,-44.31,-16.50,-0.03,0.02,0.03,26.25,70.00,212.06,6.12,-0.50,-0.94,3,3
1772044436.565302,1775058,0.00,0.23,-0.21,60.06,70.62,259.31,-22.44,-1.44,-8.13,-0.06,-0.01,0.11,25.56,70.25,212.06,-0.44,-2.75,-3.12,3,3
1772044436.755890,1775249,-0.26,0.46,-0.24,64.31,71.75,261.87,2.44,-4.81,2.81,-0.06,-0.01,-0.06,25.25,70.44,212.25,-1.06,0.56,1.06,4,3
1772044436.947482,1775441,-0.03,0.24,-0.09,57.31,70.81,259.31,26.94,13.25,-0.25,-0.09,0.01,0.05,25.56,70.44,212.31,-2.31,-1.56,-1.50,4,4
1772044437.139911,1775633,0.11,-0.17,0.19,43.94,68.69,254.44,43.00,16.00,5.12,-0.06,-0.02,-0.02,25.12,70.50,212.31,1.37,-1.31,-2.12,3,4
1772044437.328914,1775822,0.27,-0.35,0.52,35.88,66.25,249.56,15.69,0.62,5.00,0.01,0.05,-0.07,24.69,71.12,212.25,2.25,-3.62,-1.62,3,3
1772044437.519352,1776012,0.07,-0.46,0.24,36.69,65.69,248.44,-10.44,-1.50,-1.00,-0.01,-0.02,0.09,23.81,71.69,212.31,2.06,-1.19,-4.31,3,3
1772044437.711328,1776205,0.64,0.28,0.68,45.69,65.31,253.50,-69.37,-16.00,2.94,0.04,0.10,-0.01,21.75,72.25,212.69,2.44,-2.81,-2.69,3,3
1772044437.902643,1776396,-0.02,0.46,-0.14,57.19,68.19,258.62,-4.00,-11.00,-7.87,0.03,-0.04,0.10,21.50,72.00,212.50,-0.44,2.87,0.00,2,4
1772044438.093357,1776587,0.10,-0.12,0.03,61.50,69.87,259.62,-13.25,-5.44,0.62,-0.01,0.06,0.00,21.37,71.94,212.50,-0.88,0.37,1.56,3,3
1772044438.282936,1776776,0.05,0.28,0.02,64.69,69.87,261.69,-10.56,0.56,-0.88,-0.04,0.05,-0.03,22.37,72.00,212.62,-1.94,-0.50,0.19,3,3
1772044438.472703,1776966,-0.02,0.07,0.09,63.81,71.37,261.00,28.62,-10.63,-1.75,-0.17,-0.14,-0.09,23.25,71.37,212.44,-2.50,3.75,3.12,3,3
1772044438.664651,1777158,-0.27,0.42,-0.08,64.56,71.56,260.19,-11.19,3.50,0.19,-0.04,-0.02,-0.46,23.81,71.31,212.06,3.56,-4.94,-2.25,2,3
1772044438.855427,1777349,-0.36,-0.15,-0.25,62.88,71.56,260.06,3.00,-10.56,2.31,0.22,0.18,-0.35,23.44,71.44,211.44,-1.00,2.44,1.69,2,3
1772044439.046205,1777540,0.08,-0.10,0.15,59.06,71.44,260.19,1.12,-0.25,8.13,0.41,-0.23,-0.15,23.25,72.00,211.75,-9.06,-8.94,-7.62,2,3
1772044439.235651,1777729,0.00,0.95,-0.02,50.31,70.25,259.19,45.75,29.56,7.50,-0.24,-0.09,-0.18,21.87,72.25,211.87,-6.56,0.69,-3.25,2,3
1772044439.425799,1777919,-0.11,-0.59,-0.04,43.88,67.62,252.94,8.63,1.81,2.19,0.00,-0.13,-0.14,20.19,72.37,212.25,8.69,6.00,-0.25,2,2
1772044439.617241,1778111,0.05,-0.25,0.31,43.75,67.31,252.56,-8.69,0.75,-2.25,-0.04,0.21,0.06,18.06,72.94,213.00,0.88,0.31,1.87,2,2
1772044439.808330,1778302,-0.53,0.36,-0.09,50.00,68.87,255.00,-15.06,-9.88,-7.62,-0.20,0.04,0.14,22.12,70.87,211.75,-11.81,19.44,22.50,2,2
1772044439.999150,1778492,0.05,-0.19,-0.10,48.88,69.94,255.87,-0.94,-2.25,-3.50,0.00,-0.13,-0.11,28.00,68.37,211.44,-8.13,5.44,4.37,2,2
1772044440.189733,1778683,0.06,0.35,-0.14,47.31,70.94,257.56,-7.00,-2.50,-5.31,-0.02,-0.10,0.00,29.19,67.75,211.37,1.12,-1.62,-1.75,1,2
1772044440.379291,1778873,-0.07,0.18,-0.09,47.25,71.44,259.00,-5.31,5.81,0.69,-0.04,0.11,0.03,28.62,68.75,211.62,4.81,2.50,1.19,1,2
1772044440.570397,1779064,-0.35,0.29,-0.12,45.06,70.69,257.87,28.25,3.44,6.00,-0.01,-0.06,0.09,27.50,68.81,211.44,1.00,-2.94,-3.62,1,2
1772044440.761022,1779255,-0.21,0.22,-0.01,40.25,69.94,254.62,14.25,7.75,0.37,-0.03,0.07,0.01,26.19,69.75,211.94,1.75,-2.44,-3.06,1,2
1772044440.951732,1779445,-0.28,-0.01,0.00,32.44,68.37,251.00,42.81,15.44,4.94,-0.10,-0.15,0.06,25.81,69.69,211.94,-0.69,3.25,2.06,1,2
1772044441.141942,1779635,0.11,-0.65,0.33,27.19,66.06,247.37,-4.31,-0.75,2.94,-0.02,0.11,-0.11,25.56,69.75,212.00,1.00,-1.44,-0.31,1,2
1772044441.332398,1779826,0.26,-0.41,0.43,30.75,66.06,249.44,-28.37,-7.75,-2.44,-0.17,0.03,-0.14,25.94,69.62,211.94,-1.00,6.56,5.81,1,1
1772044441.523345,1780017,0.41,-0.27,0.48,43.19,67.62,257.62,-97.94,-14.81,0.19,-0.03,0.05,-0.03,28.44,68.44,211.37,-5.87,2.00,8.13,2,2
1772044441.713904,1780207,0.13,0.68,0.02,57.56,70.56,266.37,-14.56,-12.00,-7.44,0.05,-0.09,0.03,31.19,67.12,210.94,-4.06,-1.06,-2.75,2,3
1772044441.905267,1780398,-0.09,0.60,-0.17,63.25,73.31,269.37,-4.75,-5.19,-5.31,-0.03,-0.19,0.00,30.69,67.44,211.44,-2.37,-2.75,-3.19,2,3
1772044442.095019,1780588,0.27,0.22,-0.02,60.25,74.31,268.94,21.69,7.44,-0.13,-0.05,0.08,0.15,29.75,68.31,212.06,2.69,-0.44,-0.31,2,3
1772044442.285753,1780779,-0.03,-0.16,0.17,57.38,73.37,264.87,15.50,-0.06,5.19,0.01,-0.01,0.04,29.06,68.50,212.12,-0.62,-1.69,-1.75,2,3
1772044442.476228,1780970,-0.01,-0.06,0.14,57.19,72.94,262.44,9.75,-2.19,2.00,-0.04,0.08,-0.01,28.69,68.75,212.37,-0.50,0.00,-0.44,2,2
1772044442.666132,1781160,-0.03,0.00,-0.04,54.38,72.31,260.44,13.50,4.50,3.62,0.00,-0.05,0.04,28.69,68.44,212.25,0.56,1.25,0.62,3,3
1772044442.857371,1781351,0.08,0.18,0.03,45.94,71.37,257.94,35.63,15.13,-6.69,0.04,-0.02,-0.02,28.75,67.75,211.81,-0.50,2.31,1.75,3,3
1772044443.048148,1781542,-0.11,-0.03,0.16,35.44,69.81,253.94,22.62,8.13,-0.25,-0.04,0.03,-0.03,28.31,67.81,211.69,0.62,-1.25,-1.94,3,4
1772044443.238524,1781732,-0.36,0.22,-0.10,27.19,67.75,251.62,23.00,23.75,-0.75,-0.10,-0.01,0.20,27.62,68.06,211.81,2.69,0.31,0.50,3,4
1772044443.428925,1781922,0.55,-0.60,0.61,19.56,63.88,248.44,11.75,2.19,7.50,-0.02,0.13,-0.04,26.94,68.25,211.19,8.69,-4.75,-3.00,3,4
1772044443.618650,1782113,0.05,0.24,0.15,21.44,63.88,247.06,4.56,2.31,3.31,0.06,0.02,0.09,25.19,69.06,210.00,13.13,-1.75,0.13,3,3
1772044443.810411,1782304,0.53,-1.09,0.52,23.81,63.94,245.37,-22.69,-18.50,8.56,0.05,-0.14,-0.33,23.31,69.62,208.75,8.13,-6.19,-5.06,3,3
1772044444.001139,1782494,-0.32,0.01,0.30,41.44,66.50,253.06,-78.31,2.69,-11.44,0.00,0.10,0.04,21.81,71.12,209.50,-3.25,-7.56,-4.56,3,3
1772044444.191642,1782685,0.12,1.22,0.09,54.13,66.94,266.69,-70.56,6.19,-0.62,-0.07,0.09,0.03,21.75,71.75,210.81,-8.94,-1.81,-2.56,3,3
1772044444.382128,1782875,-0.26,-0.02,-0.03,59.50,69.62,271.00,6.75,-16.87,-8.75,-0.02,0.06,-0.04,22.44,71.87,211.56,-2.19,1.12,-0.25,2,3
1772044444.571643,1783065,-0.13,0.38,-0.13,62.81,70.50,271.50,-0.75,1.06,4.19,-0.03,0.04,0.02,22.25,71.62,211.56,0.69,2.00,1.25,2,3
1772044444.763227,1783257,-0.02,-0.51,0.24,56.00,70.12,267.12,48.50,-0.13,4.25,0.00,-0.17,0.01,22.75,71.00,211.31,2.19,0.56,0.25,2,3
1772044444.954286,1783448,-0.01,-0.28,0.28,53.31,69.25,263.12,8.56,-1.62,0.50,-0.01,0.04,0.01,22.25,71.12,211.00,0.06,-1.25,-0.31,2,3
1772044445.145203,1783639,-0.16,0.00,0.12,57.00,69.25,263.37,-18.69,-5.94,-4.44,-0.03,0.15,-0.04,21.69,71.56,211.19,1.69,2.37,-0.19,2,3
1772044445.334528,1783828,-0.47,0.90,-0.36,53.81,70.12,264.19,29.31,14.81,-1.69,0.00,-0.05,0.29,22.56,70.69,210.94,-5.00,5.87,5.69,2,2
1772044445.524308,1784018,-0.17,-0.26,0.09,38.19,67.81,256.62,55.44,5.62,5.94,-0.03,-0.14,-0.02,24.87,69.62,210.62,-2.37,0.00,0.81,2,2
1772044445.716423,1784210,-0.30,-0.65,0.22,30.12,66.50,251.94,-2.81,7.12,0.00,-0.12,0.10,-0.08,22.94,70.25,211.00,0.88,-5.87,-6.37,1,2
1772044445.907604,1784401,0.23,-0.55,0.62,32.63,65.81,252.37,-9.06,-13.31,5.19,-0.02,-0.05,-0.04,21.62,70.37,211.00,0.37,-2.19,-4.37,1,2
1772044446.098880,1784592,-0.61,0.57,0.13,51.00,69.31,259.25,-75.44,-15.81,-12.44,-0.13,-0.02,0.02,20.94,70.87,210.94,-0.62,-2.50,-0.56,1,2
1772044446.287849,1784781,-0.01,0.87,-0.12,62.25,71.62,267.69,-15.06,-11.31,-4.19,0.00,0.08,0.09,21.81,71.62,211.75,-2.25,1.00,1.94,1,2
1772044446.477363,1784971,0.19,1.09,-0.16,65.56,72.44,267.44,24.50,-3.12,6.19,-0.11,-0.21,0.18,22.06,71.00,211.69,-3.06,4.69,3.06,1,2
1772044446.669290,1785163,0.44,-0.18,0.30,67.25,72.12,262.94,-7.50,-1.31,3.94,0.00,0.06,-0.17,21.75,70.81,211.12,6.50,4.25,1.50,2,2
1772044446.861354,1785355,-0.38,-0.09,0.21,73.44,72.81,261.75,5.25,-17.00,-1.94,0.01,-0.04,0.17,20.31,71.19,211.12,2.62,0.62,-2.37,2,2
1772044447.052143,1785546,-0.32,-0.28,0.40,84.06,72.94,260.62,-15.44,-18.50,6.00,-0.13,0.11,-0.14,18.87,71.37,211.56,0.37,1.62,-1.00,3,2
1772044447.241629,1785735,-0.26,-0.03,-0.13,92.75,72.44,262.31,-7.12,-5.06,-1.87,0.05,0.02,0.18,18.50,70.87,211.37,-2.19,5.44,0.94,3,3
1772044447.430784,1785924,0.34,0.49,-0.01,94.44,73.12,261.44,27.37,-10.13,-2.37,-0.13,0.00,0.20,19.56,70.56,211.56,-1.69,0.44,0.81,3,3
1772044447.624030,1786117,-0.37,-1.71,0.21,97.37,73.06,254.25,4.81,-7.19,-0.69,0.02,-0.04,-0.16,20.00,70.44,211.44,2.19,-2.87,-0.25,3,3
1772044447.816694,1786310,0.30,0.84,0.26,99.87,73.12,262.75,-42.63,10.44,1.25,0.06,-0.09,0.31,19.87,70.87,211.44,-1.12,-4.31,-1.87,4,3
1772044448.006508,1786500,-0.21,-0.62,0.23,103.56,72.31,261.44,29.94,-9.06,-2.37,-0.04,-0.30,0.22,20.37,70.69,211.25,4.37,7.69,7.06,4,3
1772044448.196238,1786690,-0.33,-0.33,0.20,107.94,71.87,261.56,-25.31,-0.37,-2.75,0.01,0.26,-0.11,19.75,71.12,210.81,4.87,-1.75,0.62,4,3
1772044448.386761,1786881,0.45,0.46,0.44,111.87,71.56,264.06,13.56,-13.44,6.31,-0.04,0.07,0.11,20.06,71.44,211.44,-6.50,7.75,7.31,4,3
1772044448.580916,1787074,-0.47,-1.51,-0.12,115.56,71.62,258.12,-12.31,-0.44,-3.19,0.02,-0.12,0.07,22.25,69.94,210.94,0.62,-3.25,-0.56,4,5
1772044448.771784,1787265,-0.32,0.18,-0.17,116.37,71.50,264.62,-17.94,14.88,-3.94,-0.03,-0.04,0.10,22.69,70.37,211.06,-0.94,1.37,1.62,5,4
1772044448.962701,1787456,0.32,0.13,0.20,108.25,74.44,268.81,-2.50,12.94,-9.25,-0.05,0.00,0.00,22.81,70.37,211.12,-1.06,-1.00,0.13,4,5
1772044449.152127,1787646,0.20,-0.01,0.35,105.94,75.50,269.75,-0.13,0.44,-5.00,-0.07,0.00,-0.01,23.19,70.56,211.19,1.87,-1.69,0.19,3,5
1772044449.343426,1787837,0.13,-0.04,0.15,112.44,76.19,268.75,26.19,-24.00,-4.00,0.00,0.11,-0.07,22.87,71.12,211.25,-0.06,1.25,-0.37,3,5
1772044449.534469,1788028,-0.26,-0.24,-0.04,120.12,74.19,264.69,-7.69,-4.81,3.69,-0.09,-0.08,-0.07,22.19,70.81,211.19,0.31,1.50,-0.56,4,5
1772044449.725128,1788218,-0.17,-0.10,0.01,122.19,73.25,265.25,-2.62,-3.44,3.37,0.05,0.06,-0.04,22.62,70.69,210.87,-2.75,-2.75,0.44,4,5
1772044449.914295,1788408,-0.04,0.00,-0.08,121.94,73.44,265.56,1.37,2.81,-2.69,0.03,-0.04,0.11,23.37,70.31,210.81,-2.25,-1.37,-0.13,4,6
1772044450.103983,1788597,-0.01,-0.23,0.16,121.50,73.87,266.56,-9.63,7.37,-2.50,-0.01,-0.07,0.00,23.50,70.37,210.81,1.25,-2.37,-1.56,4,6
1772044450.295402,1788789,0.09,0.17,0.12,121.37,74.81,271.31,-25.50,13.81,-4.81,0.05,-0.01,0.12,22.87,71.19,211.19,-1.44,-2.25,-2.31,5,7
1772044450.486635,1788980,0.22,0.18,0.08,121.37,76.56,275.31,-3.94,-2.75,-3.00,-0.06,-0.03,0.21,22.50,71.00,211.31,1.12,1.25,1.56,3,5
1772044450.677471,1789171,-0.14,0.10,-0.06,123.44,75.81,274.19,10.75,-3.12,5.00,0.00,-0.08,-0.03,23.81,70.75,211.19,-2.94,1.56,3.69,3,5
1772044450.867233,1789361,0.84,0.95,0.56,120.69,73.50,266.31,55.38,-36.19,41.44,-0.04,0.07,-0.27,25.56,70.31,211.25,-2.56,3.69,4.00,4,5
1772044451.057034,1789551,-0.23,-0.76,0.03,117.62,69.75,255.12,8.25,9.19,-4.81,-0.07,0.01,0.12,24.94,69.87,210.87,4.62,2.19,-1.00,3,4
1772044451.248723,1789742,0.30,-0.04,0.31,114.44,71.75,258.75,-18.87,9.56,-2.19,-0.03,0.12,0.07,24.37,70.00,211.00,0.06,-1.19,-1.50,3,4
1772044451.439616,1789933,-0.03,0.15,0.01,116.44,71.94,261.44,-1.19,-0.81,-2.75,0.00,-0.05,-0.11,24.12,70.00,211.19,0.06,1.31,0.37,5,5
1772044451.630508,1790124,0.13,-0.15,0.11,117.44,72.37,261.37,4.81,-2.56,-4.25,-0.06,-0.06,0.04,24.37,70.00,211.12,-0.25,-2.50,-0.06,4,5
1772044451.820453,1790314,-0.24,0.09,-0.10,119.50,72.62,261.00,8.75,2.69,-5.56,0.03,-0.05,0.04,24.94,69.87,211.00,-1.50,1.25,0.75,5,4
1772044452.009934,1790504,0.07,-0.18,0.17,115.37,73.56,259.94,3.87,5.44,-1.94,0.00,-0.09,0.00,24.94,69.81,211.19,1.44,-0.62,-0.13,5,4
1772044452.201242,1790695,-0.24,0.20,-0.07,114.25,73.81,260.62,-2.06,5.69,1.25,-0.08,0.15,0.20,24.62,70.25,211.31,0.62,-0.13,1.94,5,3
1772044452.392582,1790886,-0.77,0.34,-0.36,94.44,74.81,258.31,54.88,66.62,-3.00,0.00,-0.12,-0.12,25.94,69.06,210.81,-6.87,6.25,3.12,5,3
1772044452.583344,1791077,0.98,-0.50,0.99,48.50,72.56,253.06,17.81,19.00,8.06,-0.03,-0.03,-0.23,25.44,68.31,211.25,1.75,0.56,-1.56,5,3
1772044452.773503,1791267,0.15,-0.35,0.24,46.75,71.44,252.25,-15.44,4.37,1.50,-0.06,0.07,0.31,25.06,68.06,210.44,5.87,-1.12,2.25,4,3
1772044452.963116,1791457,0.21,-0.50,0.57,52.31,70.75,254.31,-24.69,-7.94,2.19,-0.08,0.12,0.12,24.50,68.81,211.06,-3.31,0.62,-2.12,4,3
1772044453.154297,1791648,-0.33,0.04,-0.10,65.31,73.12,258.31,-20.37,-20.12,-14.31,0.00,0.00,-0.04,24.69,68.94,211.50,-2.69,-1.12,-0.69,4,3
1772044453.345149,1791839,-0.18,0.00,-0.08,71.81,75.81,262.81,-23.44,0.37,-6.81,0.00,0.01,0.16,24.87,69.06,211.62,2.81,0.06,-0.06,2,1
1772044453.535829,1792030,-0.04,0.01,0.08,73.19,76.06,265.56,2.81,-3.44,2.37,0.00,-0.03,-0.02,24.87,68.94,211.50,0.19,0.69,0.06,2,1
1772044453.726635,1792220,0.18,-0.33,0.15,74.56,75.81,264.94,-4.87,-4.94,1.31,-0.01,-0.03,0.16,24.81,68.94,211.50,0.19,0.19,0.44,1,1
1772044453.916270,1792410,-1.86,-0.19,-0.02,89.44,75.69,267.44,-47.31,-24.31,2.00,0.09,-0.01,0.32,24.62,69.75,211.75,4.62,-2.12,-2.50,2,2
1772044454.106742,1792601,0.59,0.50,0.05,96.87,74.94,277.25,-41.00,-18.06,9.50,-0.14,0.03,0.04,24.94,70.87,212.62,-5.25,7.69,3.00,2,2
1772044454.298352,1792792,-0.12,1.06,-0.09,112.44,73.81,279.56,3.75,11.44,-14.25,-0.06,0.28,0.02,25.50,70.81,213.12,-1.25,0.06,-1.50,3,2
1772044454.489036,1792983,-0.24,-0.18,0.11,98.81,77.25,271.19,80.62,4.37,-9.94,-0.07,-0.30,0.40,26.19,69.62,212.81,-3.12,5.31,4.69,3,2
1772044454.679525,1793173,-0.35,0.51,-0.19,97.00,76.50,261.75,25.44,-12.88,7.87,0.01,0.04,-0.11,26.56,69.44,212.87,3.19,5.56,4.19,3,2
1772044454.869966,1793363,-0.27,-1.10,-0.44,92.44,76.56,252.81,59.69,1.25,-6.50,0.01,-0.05,0.37,25.12,67.94,212.75,-8.63,-3.62,-5.12,3,2
1772044455.059843,1793554,1.37,0.08,1.29,50.56,74.37,250.56,18.75,75.94,-8.00,0.19,0.01,-0.17,23.69,68.81,213.81,4.44,0.56,-1.31,4,2
1772044455.251183,1793745,0.79,-0.34,0.64,33.56,70.19,250.37,13.38,5.19,3.50,0.15,-0.16,0.98,23.50,67.19,212.62,11.00,-0.13,3.00,4,3
1772044455.442272,1793936,-0.58,-0.13,-0.68,44.75,69.56,246.56,1.87,1.75,16.62,0.11,-0.01,-0.49,24.50,68.69,212.87,-5.94,5.19,5.00,4,3
1772044455.633050,1794127,0.42,-0.61,0.68,43.88,69.81,246.56,-9.81,-13.25,-7.44,-0.08,0.05,-0.18,23.62,68.31,213.50,3.25,4.75,1.50,5,3
1772044455.822300,1794316,0.39,0.91,0.34,61.56,71.62,253.69,-78.62,-32.63,2.81,-0.11,-0.03,0.52,22.12,69.12,213.94,0.13,-2.44,5.50,6,4
1772044456.012991,1794506,-0.69,0.04,-0.03,86.56,73.56,258.94,-24.37,-30.31,-8.19,-0.06,-0.26,0.23,25.31,69.37,213.81,-5.94,-6.19,-4.31,5,6
1772044456.204519,1794698,-0.68,-0.14,0.03,104.44,75.25,263.81,-14.63,-11.56,-12.00,0.22,-0.19,-0.14,25.31,68.75,213.75,6.44,8.94,4.06,5,7
1772044456.395890,1794890,-0.02,0.69,-0.08,116.50,76.31,269.62,-11.25,-17.37,4.94,-0.05,-0.10,0.61,25.44,67.94,213.12,-2.19,1.19,5.69,5,7
1772044456.586585,1795080,-0.05,0.09,-0.05,127.19,71.81,266.44,0.44,-31.37,13.63,-0.10,-0.01,-0.07,26.56,67.75,213.31,-0.25,4.75,1.62,5,7
1772044456.776124,1795270,-0.54,0.03,-0.42,133.50,68.94,262.50,21.56,-8.13,-10.38,-0.04,0.04,0.02,26.69,67.25,213.06,-0.88,4.87,2.12,5,7
1772044456.965804,1795460,-0.27,-0.03,-0.02,131.06,69.50,259.94,4.50,10.88,6.00,-0.01,0.08,0.07,26.25,66.94,212.56,5.25,-3.56,-1.25,5,7
1772044457.157727,1795652,-0.54,0.70,-0.19,113.56,72.00,258.62,35.69,64.75,-2.62,0.07,-0.22,0.07,26.62,66.75,212.06,-3.00,1.50,2.19,5,7
1772044457.349555,1795843,0.48,-0.29,0.36,67.87,74.12,254.25,43.19,46.38,-11.69,-0.04,-0.05,0.03,27.06,66.69,212.06,1.19,-1.87,-0.81,5,7
1772044457.540897,1796035,0.01,-0.35,0.44,49.69,72.31,250.50,19.44,4.00,1.81,-0.05,0.03,-0.07,26.31,67.25,212.12,0.88,-0.81,0.19,4,6
1772044457.730397,1796224,0.00,-0.56,0.20,57.31,69.50,247.81,-47.19,-11.81,67.81,0.08,-0.40,-0.26,27.12,67.50,212.12,2.56,1.75,0.00,4,4
1772044457.919784,1796414,0.17,0.00,0.30,77.75,69.87,251.19,-36.69,-33.50,-30.19,-0.34,-0.02,0.10,24.56,66.06,211.25,6.69,17.81,7.19,4,3
1772044458.113288,1796607,-0.43,0.50,-0.40,100.06,71.31,255.37,-18.25,-24.25,27.19,0.04,0.10,-0.17,25.44,65.31,211.12,-7.31,-2.62,0.62,4,2
1772044458.305834,1796800,0.04,-0.12,-0.01,102.62,69.44,253.50,5.44,3.00,-7.31,0.02,-0.11,0.08,26.69,65.12,211.19,0.25,-0.25,0.06,4,2
1772044458.497659,1796992,0.02,0.01,0.07,103.87,70.81,255.50,-10.25,2.56,-7.19,0.00,0.00,0.01,26.94,65.56,211.12,-0.19,-3.12,-0.81,3,2
1772044458.686970,1797181,-0.27,0.00,0.05,107.06,71.81,258.62,-10.44,-0.88,-7.12,0.00,0.00,-0.09,27.25,66.19,211.37,0.44,-1.81,-1.19,3,2
1772044458.876285,1797370,-0.31,0.23,0.08,104.69,75.12,263.69,-2.12,25.69,-29.19,-0.20,0.18,0.08,26.06,66.69,211.69,2.06,-0.25,-1.50,3,2
1772044459.069473,1797563,0.03,-0.04,0.13,97.50,77.31,265.25,-2.19,-2.00,7.31,0.05,-0.07,-0.03,26.06,66.75,211.87,-0.44,-2.62,-2.81,3,2
1772044459.260379,1797754,0.59,0.89,0.30,101.31,78.81,268.44,-14.63,-1.50,-23.37,0.03,0.08,-0.12,25.12,67.50,211.94,-3.94,-8.75,-1.56,3,3
1772044459.451304,1797945,-0.26,0.51,-0.12,106.69,78.75,268.00,11.75,8.44,5.56,-0.02,0.06,-0.12,26.06,67.69,212.12,-1.44,2.44,2.56,2,3
1772044459.642094,1798136,-0.94,0.54,-0.32,80.25,78.12,262.62,47.75,45.31,4.50,-0.13,-0.12,0.22,27.00,67.06,212.06,-3.56,1.87,1.56,3,3
1772044459.831232,1798325,0.22,-0.16,0.27,47.75,73.62,255.44,28.56,13.13,11.50,-0.05,0.06,-0.30,27.19,66.62,212.00,1.94,3.56,1.94,3,3
1772044460.022090,1798516,0.32,0.16,0.31,42.69,71.37,251.31,15.00,11.69,5.50,-0.09,0.03,0.14,26.37,66.62,212.00,2.81,3.81,0.44,3,3
1772044460.213365,1798707,0.26,-0.24,0.23,39.94,70.06,248.44,0.75,-0.19,6.06,-0.02,-0.01,-0.08,25.19,66.62,212.25,-1.12,-0.62,-4.25,3,3
1772044460.403995,1798898,0.18,-0.48,0.39,45.56,70.12,248.12,-20.87,-17.94,5.19,-0.02,-0.21,0.03,24.81,66.19,212.12,-0.56,0.00,-2.56,4,4
1772044460.593217,1799087,-0.70,0.64,-0.33,68.75,71.94,253.12,-42.75,-26.00,-2.25,-0.14,0.15,-0.05,24.56,66.87,212.50,1.12,3.25,4.12,4,4
1772044460.782810,1799276,0.06,0.23,-0.16,75.19,73.87,257.00,-6.19,-2.12,-2.25,-0.04,-0.05,0.10,25.75,66.62,212.19,-0.94,-0.56,1.31,4,4
1772044460.975206,1799469,-0.26,-0.12,-0.09,77.50,74.25,258.75,-18.75,2.19,-1.56,0.00,-0.03,-0.03,25.87,66.69,211.94,1.12,-2.56,-1.44,4,4
1772044461.165652,1799660,0.10,0.22,0.12,76.94,74.37,262.56,-12.31,5.06,-0.62,-0.03,-0.07,0.04,25.75,67.00,212.00,0.06,-1.81,-0.62,4,4
1772044461.355971,1799850,0.07,0.05,0.14,76.62,74.25,264.31,-4.62,1.81,0.37,0.00,-0.03,0.00,25.62,67.25,212.19,-0.37,-1.37,-1.25,5,4
1772044461.546628,1800041,-0.05,0.12,-0.01,77.94,74.31,265.62,-5.94,0.19,0.13,0.02,-0.01,0.00,25.69,67.44,212.19,0.13,-0.31,0.25,4,3
1772044461.737151,1800231,0.04,0.16,0.00,77.87,74.37,266.37,-2.37,1.87,0.37,-0.03,-0.01,0.03,25.62,67.50,212.19,0.00,-0.31,-0.44,4,3
1772044461.927789,1800422,0.04,0.02,0.03,75.31,74.19,266.12,4.31,5.00,1.12,-0.07,0.01,0.01,25.62,67.62,212.25,0.31,-0.19,0.13,3,3
1772044462.118485,1800612,0.30,-0.02,0.18,69.31,74.00,265.56,12.75,8.00,-0.50,0.00,-0.07,0.04,25.62,67.62,212.31,-0.13,-1.31,-1.06,3,3
1772044462.309030,1800803,0.03,0.03,0.14,67.81,73.62,264.94,-2.25,1.25,0.69,-0.03,-0.06,-0.02,25.50,67.69,212.25,-0.69,2.12,2.00,3,2
1772044462.499550,1800993,0.00,-0.02,0.06,68.75,73.75,265.37,-3.75,-3.81,0.69,-0.01,-0.04,0.07,25.69,67.69,212.31,-0.50,0.44,0.75,5,3
1772044462.689214,1801183,0.00,0.12,0.05,71.81,74.00,265.81,-3.87,-4.00,-0.44,0.02,-0.02,0.03,25.69,67.75,212.37,-0.13,-2.25,-0.31,5,3
1772044462.881030,1801375,-0.79,-3.00,0.37,75.06,74.06,267.19,-60.25,3.37,5.19,0.15,-0.12,-0.20,25.69,67.87,212.31,2.19,-4.12,-3.81,5,3
1772044463.071183,1801565,0.38,1.56,0.32,81.87,69.44,285.87,-64.37,17.75,9.56,-0.06,-0.02,0.05,25.12,69.37,212.94,-2.31,-1.81,0.25,5,2
1772044463.262195,1801756,0.30,-0.18,0.26,86.19,68.25,290.94,-29.75,-6.62,9.63,-0.32,-0.20,-0.19,25.31,70.25,213.75,-3.06,-4.25,-3.56,5,2
1772044463.451526,1801945,0.39,-0.47,0.40,92.44,66.12,294.50,-36.19,-11.19,8.88,-0.32,-0.03,0.51,25.56,70.87,214.75,-5.12,-2.00,-3.75,5,3
1772044463.640805,1802135,0.37,-0.32,0.06,100.12,65.00,300.69,-46.06,7.56,7.62,-0.04,0.04,0.25,24.31,71.75,217.12,-21.06,2.37,-8.19,4,3
1772044463.833303,1802327,-0.38,0.46,-0.14,107.81,64.31,308.37,-31.25,-2.44,2.75,0.00,0.19,-0.08,26.06,72.00,220.12,-16.19,-0.06,2.81,4,3
1772044464.023983,1802518,-0.13,0.00,0.65,106.25,64.87,311.06,3.37,9.75,-4.75,-0.10,-0.06,-0.17,29.94,71.31,221.25,-5.69,-5.81,2.94,5,4
1772044464.214311,1802708,0.13,0.39,0.39,103.31,66.25,310.44,20.00,-5.44,-8.31,0.05,-0.49,0.21,30.50,69.56,219.31,9.63,9.75,5.87,5,4
1772044464.404140,1802898,0.35,0.21,0.16,103.81,67.50,309.94,-4.69,-8.88,4.00,-0.12,0.00,-0.01,28.87,69.06,218.62,3.31,-0.75,-2.50,4,3
1772044464.594212,1803088,-0.38,-0.23,0.05,109.50,65.81,309.25,-2.56,-9.88,0.06,-0.09,-0.06,0.17,26.94,69.62,218.94,2.12,-5.31,-7.50,4,3
1772044464.786375,1803280,-0.12,-0.03,-0.03,118.25,68.69,309.87,24.56,-34.13,-48.00,0.05,0.24,-0.19,24.25,71.50,220.12,5.25,-2.19,-0.69,4,3
1772044464.976461,1803471,0.72,0.71,1.14,126.81,71.94,301.62,150.19,-39.69,-31.06,-0.08,-0.11,0.37,25.31,70.19,218.75,4.00,15.94,12.25,4,3
1772044465.167412,1803661,-0.87,-0.77,-0.05,127.87,69.00,275.25,67.81,-16.12,4.81,-0.07,0.04,0.04,25.62,69.37,217.37,7.94,-5.06,-4.06,3,4
1772044465.356731,1803851,-1.13,0.18,-0.41,117.56,67.00,263.12,43.88,17.37,7.94,-0.10,0.01,0.11,24.06,70.00,216.62,9.25,-0.06,3.19,3,4
1772044465.546428,1804040,-1.35,0.55,-0.69,90.87,70.25,252.75,106.25,45.31,-23.62,-0.01,-0.43,0.54,24.12,68.50,214.81,-3.56,-0.50,2.50,4,4
1772044465.738359,1804233,0.63,-0.97,0.81,57.50,70.19,246.50,12.88,12.69,0.25,-0.03,0.31,-0.25,23.37,69.25,215.50,-4.12,1.06,-3.31,5,5
1772044465.929539,1804424,0.00,-1.06,0.71,55.19,70.31,245.50,6.31,4.31,-4.06,0.13,0.13,-0.30,23.94,69.19,215.00,-4.44,-3.75,-1.44,5,6
1772044466.120354,1804614,0.62,-0.73,0.58,54.19,69.94,249.62,-39.69,3.87,-4.69,-0.11,-0.06,0.39,25.00,69.94,216.44,-7.31,0.13,0.56,6,6
1772044466.310028,1804804,-0.74,0.28,0.06,79.81,71.25,255.69,-47.00,-44.19,-0.50,-0.08,0.08,-0.12,25.94,69.19,216.19,1.06,-2.75,-1.81,6,6
1772044466.499448,1804993,0.28,-0.41,-0.26,100.25,73.75,261.25,-19.31,-33.25,-6.31,0.06,-0.10,-0.02,24.37,69.69,215.81,1.12,-13.25,-11.94,5,6
1772044466.691572,1805185,-1.04,1.02,-0.25,127.44,73.94,267.56,-23.37,-2.12,-31.81,-0.12,0.05,0.34,23.00,68.87,216.56,-5.69,16.75,14.50,5,5
1772044466.883412,1805377,-0.01,0.07,0.00,103.69,74.06,265.31,-1.06,13.25,57.06,-0.04,-0.03,0.16,27.19,68.00,216.19,9.00,-21.31,-6.25,5,5
1772044467.075512,1805569,-1.07,-0.59,0.16,98.00,65.25,254.81,10.25,-9.88,30.00,-0.15,-0.51,-0.31,24.81,68.56,215.56,15.13,-8.56,-3.44,5,4
1772044467.267004,1805761,-0.28,-1.11,0.05,104.75,69.12,253.37,20.37,-62.25,-65.37,-0.90,1.16,-1.12,19.56,70.56,216.19,1.69,-13.13,-5.00,5,4
1772044467.456446,1805950,0.11,0.22,0.43,133.00,74.06,264.69,-52.19,-1.50,-16.12,-0.08,-0.02,0.41,18.25,70.06,213.69,19.37,-2.44,-3.81,5,3
1772044467.647113,1806141,-0.10,-1.36,-0.83,141.44,69.87,271.50,-47.25,-22.37,15.94,-0.38,-0.48,-0.91,22.94,71.25,214.31,-24.62,-16.81,2.87,6,2
1772044467.840473,1806334,-1.02,0.79,-1.66,162.37,68.81,284.44,-34.19,-9.38,-3.06,0.43,0.32,-1.16,26.44,69.31,213.75,-11.44,7.37,16.19,6,1
1772044468.031630,1806526,0.61,0.27,0.77,143.56,75.00,281.69,36.88,36.81,24.81,0.20,-0.73,1.12,27.75,67.94,213.62,0.00,-2.94,-2.31,6,1
1772044468.223222,1806717,-1.59,0.58,0.51,123.81,71.44,270.19,13.88,-0.19,23.00,-0.70,0.41,-1.36,26.81,67.81,214.25,5.00,15.63,3.31,7,2
1772044468.412941,1806907,3.42,-0.80,1.73,97.12,68.44,273.50,-62.75,56.63,43.00,-0.09,-0.15,1.49,23.75,68.06,212.31,-11.69,-32.69,-15.06,8,2
1772044468.601935,1807096,0.31,-0.80,0.27,107.19,64.56,272.75,33.56,-21.56,-31.69,0.49,0.37,0.82,27.19,71.75,215.44,10.13,8.38,-1.19,8,2
1772044468.793825,1807288,-2.13,1.57,-0.81,124.37,71.06,272.25,38.25,10.75,-36.44,0.03,0.16,-0.20,25.81,71.25,216.31,-9.00,20.44,11.38,8,3
1772044468.984548,1807479,2.16,-2.06,1.81,91.37,71.94,263.25,32.69,11.13,33.75,0.51,0.46,-1.32,28.31,72.12,218.37,7.62,10.38,0.19,9,3
1772044469.175369,1807670,0.77,1.29,1.17,75.00,73.69,259.62,95.37,72.19,-9.13,0.28,0.32,0.10,30.00,65.69,214.81,-37.69,58.13,60.63,9,3
1772044469.365920,1807860,-1.11,-0.84,-1.13,62.56,71.75,251.00,-11.00,-23.50,17.19,-0.20,0.47,0.14,34.56,62.19,211.69,-2.87,-13.63,-6.19,8,4
1772044469.555470,1808049,0.46,-1.58,0.30,76.00,72.31,253.12,-54.25,-30.87,-4.87,-0.22,-1.26,0.71,35.19,63.00,212.37,-2.81,-12.88,-10.69,7,4
1772044469.746584,1808241,-0.81,3.67,0.33,109.94,75.06,276.81,-77.75,10.56,-26.25,-0.02,0.56,0.34,33.56,67.94,215.19,4.50,9.13,5.00,7,5
1772044469.937139,1808432,0.51,0.20,0.58,100.62,77.87,277.62,25.06,7.12,5.00,-0.24,0.09,0.18,32.44,68.12,215.31,5.06,2.69,-2.12,7,5
1772044470.128150,1808622,-0.27,0.09,-0.25,101.94,75.62,271.44,22.31,-22.87,17.31,-0.20,-0.06,0.05,30.69,68.25,214.94,5.31,2.31,-1.25,5,4
1772044470.317505,1808812,-0.26,-0.21,0.05,102.87,73.06,264.94,16.31,-2.00,6.50,0.01,0.06,-0.30,29.62,69.00,214.87,2.19,-2.69,-2.37,4,4
1772044470.507563,1809002,1.02,-0.14,-0.28,98.75,72.31,262.75,7.69,0.19,8.75,-0.18,0.07,-0.29,28.50,69.56,215.00,0.94,-4.94,-2.44,4,4
1772044470.699294,1809194,-1.10,0.61,-0.50,102.06,71.00,260.94,-4.44,0.50,2.37,0.10,0.04,0.17,27.81,69.62,215.00,1.06,1.12,-0.75,5,5
1772044470.889885,1809384,0.94,-0.77,0.62,77.94,71.37,259.31,31.56,20.87,4.87,0.06,-0.06,-0.11,26.81,70.00,215.06,6.06,-6.62,-5.50,5,5
1772044471.080685,1809575,0.66,-0.07,0.51,78.12,70.75,257.81,-5.00,-9.13,4.94,-0.01,0.02,-0.23,24.62,70.12,213.81,19.62,3.94,5.25,5,5
1772044471.270876,1809765,-0.12,-0.22,-0.32,91.87,70.75,257.37,-13.13,-14.81,4.50,0.09,-0.01,0.37,23.06,70.00,212.37,-0.56,4.12,-2.62,7,5
1772044471.460911,1809955,-0.98,0.24,-0.48,99.56,70.06,257.94,-2.75,-9.56,-1.06,0.16,0.29,0.16,23.62,70.06,212.25,-3.19,-5.06,1.06,7,5
1772044471.652221,1810147,0.88,0.09,0.54,89.00,72.19,258.87,16.87,25.87,-20.06,-0.04,0.18,0.09,25.25,69.94,211.81,4.06,-0.81,-1.19,6,5
1772044471.843030,1810337,0.31,-0.13,0.21,77.12,73.81,258.94,15.81,4.00,-0.37,-0.21,0.15,0.22,24.37,69.12,211.50,-2.56,-7.31,-2.69,6,5
1772044472.033702,1810528,-0.13,-0.28,0.07,72.94,72.69,255.37,9.38,6.12,4.19,-0.07,-0.17,-0.12,27.12,70.12,212.19,-5.87,-4.62,-2.62,6,5
1772044472.223441,1810718,0.00,0.11,-0.04,68.06,72.06,255.25,0.94,1.12,6.69,-0.10,0.06,-0.11,26.87,70.31,212.56,-1.31,-0.06,-0.06,6,5
1772044472.413586,1810908,0.05,0.00,0.01,67.06,71.19,254.62,-5.87,4.50,0.88,0.00,0.13,0.03,27.06,70.31,212.56,-3.19,-2.06,-0.56,9,7
1772044472.605335,1811099,1.12,-0.48,0.63,60.38,66.87,252.87,-5.56,21.19,23.19,-0.07,-0.12,-0.04,28.94,69.94,212.94,0.37,-4.19,-4.25,7,5
1772044472.795797,1811290,0.23,0.03,0.22,62.88,66.06,252.31,-3.00,-6.37,-4.56,0.02,0.01,-0.09,28.69,70.56,213.25,-4.31,-0.62,0.25,7,5
1772044472.986309,1811480,-0.84,-0.68,-0.60,65.06,68.56,254.56,-22.25,5.87,-11.75,-0.16,-0.33,0.07,28.00,70.50,214.37,-11.00,-2.62,-8.94,8,5
1772044473.175959,1811670,0.57,0.21,0.63,59.50,69.31,259.31,0.50,-24.12,-14.63,0.07,0.00,-0.37,27.87,71.12,215.87,-2.50,2.62,0.56,7,5
1772044473.367029,1811861,-0.73,0.43,-0.02,73.56,73.69,259.62,-5.75,-32.69,1.62,-0.12,0.11,-0.28,27.12,70.25,217.00,-2.94,5.37,-0.37,7,5
1772044473.558041,1812052,-0.14,0.25,-0.05,82.75,73.06,259.87,-3.62,-4.69,2.75,-0.14,0.01,0.49,27.31,69.75,216.37,-2.31,0.75,3.25,7,6
1772044473.748277,1812243,-1.64,-2.36,0.02,74.62,69.06,247.87,69.00,26.87,29.25,-0.06,-0.51,-0.09,29.87,66.19,215.87,9.50,10.19,2.37,7,5
1772044473.938379,1812433,0.63,-0.35,0.42,54.06,66.06,246.37,-2.94,3.25,-10.69,-0.17,0.01,0.33,27.19,66.37,214.87,7.87,-3.44,-2.25,7,5
1772044474.128026,1812622,-0.15,-0.20,0.22,55.88,66.87,247.69,-5.44,-3.81,-2.81,0.03,0.06,0.07,27.25,66.37,214.50,-3.75,4.19,6.06,8,6
1772044474.319636,1812814,0.01,-0.49,0.29,59.06,67.25,249.50,-35.06,-9.38,-8.44,0.01,-0.07,0.41,30.25,67.06,214.75,-7.56,-16.69,-1.87,5,4
1772044474.510714,1813005,-0.35,1.06,-0.15,72.25,70.56,256.94,-13.81,-15.44,-15.56,0.03,-0.24,0.06,32.44,67.00,214.94,-5.31,2.56,-1.25,5,4
1772044474.700952,1813195,0.41,0.66,0.05,73.25,72.94,259.75,-6.81,7.69,-4.31,0.04,-0.35,0.12,31.56,67.69,215.75,4.69,-3.31,-3.44,5,4
1772044474.891004,1813385,-0.30,0.23,-0.01,76.69,72.87,259.69,-3.94,-7.44,5.69,0.02,0.13,0.01,30.50,68.87,215.44,4.31,-5.19,-2.44,4,4
1772044475.080301,1813575,0.04,0.29,0.08,74.37,72.56,259.25,13.38,11.06,0.37,-0.01,0.04,0.21,29.37,69.44,215.31,1.56,0.25,-0.69,4,4
1772044475.272042,1813767,0.28,0.08,0.16,63.31,71.25,256.94,19.31,23.25,2.50,0.00,-0.15,-0.07,28.62,69.25,215.31,-0.25,1.00,-1.81,3,4
1772044475.463013,1813958,0.25,0.23,0.22,56.50,70.25,255.50,1.69,2.69,1.94,-0.05,0.12,-0.14,27.69,69.69,215.75,0.06,-1.50,-3.00,3,2
1772044475.654032,1814148,0.20,-0.35,0.44,57.75,70.00,254.75,-8.13,-11.69,4.44,0.01,-0.11,-0.02,26.62,69.69,216.12,0.88,2.81,-0.19,3,2
1772044475.844224,1814338,-0.13,0.44,-0.29,68.50,70.94,257.81,-26.44,-8.69,-7.31,-0.03,-0.19,-0.01,27.19,69.81,216.06,-1.00,-0.81,2.19,3,2
1772044476.033819,1814528,0.17,0.20,0.07,73.69,72.37,260.56,-4.12,-3.69,-2.12,-0.05,-0.01,0.02,28.62,70.19,216.19,0.69,-0.19,0.37,3,2
1772044476.225267,1814720,0.03,0.01,0.06,76.06,73.31,261.06,0.81,-5.06,1.69,0.04,-0.09,0.04,27.56,70.19,216.25,1.06,-1.06,-2.44,3,2
1772044476.416351,1814911,0.10,0.02,0.07,79.06,73.19,261.50,-6.12,-0.13,0.25,0.00,0.00,0.04,27.12,70.69,216.56,0.19,-0.81,-0.50,3,2
1772044476.607607,1815102,-0.05,0.02,0.00,79.75,73.25,261.94,2.87,-2.25,1.06,0.00,-0.02,-0.07,27.25,70.75,216.56,-0.19,-0.50,0.13,3,2
1772044476.796960,1815291,0.06,0.04,0.12,80.56,73.37,261.62,1.44,-2.75,-2.00,-0.03,-0.02,-0.02,27.19,70.75,216.56,0.50,-0.13,0.44,3,2
1772044476.986428,1815481,-0.17,0.18,-0.13,81.81,73.81,261.94,-1.44,0.81,0.81,0.10,-0.03,-0.25,27.19,70.75,216.50,1.50,2.62,0.69,3,3
1772044477.178350,1815673,0.15,1.22,-0.21,66.25,73.50,263.87,25.06,47.13,-7.75,0.02,-0.15,0.23,27.56,70.12,216.06,-3.62,0.88,4.69,3,3
1772044477.369765,1815864,-0.10,-0.62,0.27,45.00,72.44,259.94,16.81,3.12,-1.50,0.00,0.04,-0.22,28.50,69.75,215.87,-1.06,-1.62,0.50,3,3
1772044477.561339,1816056,0.58,-0.41,0.65,43.44,71.19,259.62,-17.12,-4.44,3.44,0.09,0.00,0.03,28.87,70.12,215.87,2.56,-0.56,0.94,3,3
1772044477.751958,1816246,-0.10,0.99,0.00,62.06,72.94,264.94,-47.56,-23.25,-1.25,-0.08,0.19,0.15,27.94,70.69,215.75,3.69,0.94,1.06,4,3
1772044477.942254,1816436,-0.12,-0.11,-0.25,78.37,74.44,265.69,3.69,-23.94,5.94,0.03,-0.08,0.06,28.19,70.37,215.56,-0.75,-0.25,-1.44,4,3
1772044478.133233,1816627,-0.05,0.12,-0.04,88.75,73.75,263.75,-3.19,-14.00,4.81,-0.09,0.10,-0.08,27.25,70.50,215.94,2.25,1.69,-0.44,3,3
1772044478.323482,1816818,-0.08,0.21,-0.04,92.44,73.37,263.12,2.81,2.87,0.37,-0.01,-0.08,0.20,27.25,70.50,215.87,0.19,-1.12,0.25,3,3
1772044478.515802,1817010,0.20,-1.20,0.61,89.50,73.25,263.00,-15.94,4.25,-1.81,-0.07,-0.19,0.12,26.25,70.69,216.00,4.19,-1.19,-5.44,3,3
1772044478.707943,1817202,0.17,0.55,-0.11,93.12,73.37,267.31,7.50,-4.87,-0.56,0.07,-0.20,0.14,26.81,70.62,216.06,-1.44,7.62,3.87,3,3
1772044478.899685,1817394,-0.42,0.22,-0.32,92.06,73.44,264.81,12.63,6.00,4.87,-0.07,-0.05,0.03,26.94,70.06,215.87,0.13,2.12,-0.25,3,2
1772044479.088798,1817583,0.02,-0.15,0.27,83.44,73.12,262.12,11.69,4.69,0.69,-0.06,0.10,0.00,27.00,70.31,215.94,0.13,-2.75,-1.75,3,2
1772044479.279108,1817774,0.11,0.11,0.31,80.56,73.00,261.37,2.56,0.31,0.44,-0.01,0.10,-0.10,26.56,70.75,216.19,0.37,-0.31,-0.81,3,2
1772044479.471436,1817966,-0.14,-0.04,0.06,83.19,72.75,261.31,-8.69,-3.75,0.81,-0.02,0.09,-0.05,26.44,70.87,216.25,-1.06,-0.94,0.00,2,2
1772044479.662394,1818157,0.13,0.01,-0.06,82.50,73.06,262.12,2.75,-1.94,-0.69,-0.34,-0.15,0.11,26.62,70.75,216.25,0.50,-1.69,-1.31,2,2
1772044479.853147,1818348,-0.05,0.44,0.17,82.37,73.44,262.25,1.31,-2.87,-0.75,0.00,0.02,0.00,26.87,70.75,216.06,-3.81,-0.06,1.12,2,2
1772044480.042453,1818537,0.05,0.19,0.18,82.19,73.44,261.94,-2.56,0.31,-2.56,-0.04,-0.04,0.00,26.81,71.06,216.37,0.19,2.31,1.19,2,2
1772044480.232046,1818726,-0.10,0.01,-0.09,82.44,73.37,262.06,-2.69,1.19,1.94,0.11,0.00,-0.22,27.12,71.12,216.56,-3.06,-3.69,-0.69,2,2
1772044480.423827,1818919,0.17,-0.14,0.01,77.62,73.37,262.75,2.12,11.50,1.31,-0.11,0.04,0.13,27.19,71.50,216.56,-1.94,1.19,0.13,2,2
1772044480.614772,1819109,-0.02,0.05,0.11,74.81,72.87,262.56,0.50,1.56,-0.62,0.00,0.05,-0.01,27.00,71.31,216.50,1.25,6.25,1.19,2,2
1772044480.805634,1819300,-0.14,0.03,0.13,76.75,72.87,262.75,-4.19,-4.62,3.50,0.01,0.10,0.06,26.37,71.25,216.50,-2.69,-1.81,-1.31,2,2
1772044480.995359,1819490,0.26,-0.12,0.07,76.25,72.69,263.12,-1.81,-0.13,-0.94,-0.19,-0.09,0.29,26.00,71.12,216.62,1.31,-0.25,-2.25,2,2
1772044481.186548,1819679,-0.11,-0.14,0.12,86.12,72.69,263.19,-7.75,-19.44,-5.87,-0.02,0.02,-0.11,25.37,71.69,216.87,-1.56,-3.75,-1.62,2,2
1772044481.376758,1819871,0.39,0.40,0.08,86.75,75.19,266.62,-2.25,5.81,-9.13,0.01,0.03,0.09,24.94,71.69,217.00,-1.06,-1.19,0.19,2,2
1772044481.567760,1820062,-0.12,0.01,-0.07,88.50,75.25,266.50,-0.19,-6.06,3.25,-0.03,-0.04,-0.16,25.19,71.44,216.87,0.81,0.81,0.81,3,2
1772044481.758253,1820253,-0.31,0.62,-0.38,88.44,74.87,265.12,16.44,6.06,5.75,0.00,0.04,0.04,25.69,70.87,216.69,-1.44,5.50,6.12,4,2
1772044481.947910,1820442,0.26,-0.51,0.29,71.19,73.25,259.62,20.37,20.62,13.50,0.13,-0.25,-0.17,25.62,70.12,216.94,-2.37,-1.50,-8.50,4,2
1772044482.137723,1820632,-0.32,0.39,-0.02,60.13,70.94,256.75,34.88,25.94,-7.12,0.05,-0.11,0.26,25.12,70.44,217.25,0.00,4.37,1.87,3,2
1772044482.329619,1820824,0.01,-0.54,0.41,48.50,69.44,254.50,-3.75,-0.56,3.81,0.02,0.56,0.12,26.06,69.56,216.62,-6.56,17.62,17.56,3,3
1772044482.520761,1821015,0.23,-1.28,0.73,53.00,69.44,255.62,-36.75,-15.38,-6.19,0.00,0.10,-0.01,31.06,67.00,216.12,-5.56,-5.19,-0.75,3,3
1772044482.711348,1821206,-0.91,-0.22,-0.03,75.12,73.12,260.69,35.75,-79.00,-11.56,0.12,-0.19,-0.75,32.38,66.94,216.25,7.75,4.50,3.25,3,4
1772044482.901167,1821395,-0.06,0.64,-0.26,87.50,74.56,262.12,-9.75,2.75,-2.37,-0.01,-0.05,0.42,30.06,67.12,215.81,4.31,-1.81,-1.37,3,4
1772044483.091219,1821585,-0.07,-0.13,-0.38,92.25,74.37,262.94,-3.06,2.94,4.19,-0.18,0.00,0.01,28.50,67.44,215.50,5.75,-3.00,-4.56,3,3
1772044483.282872,1821777,-0.81,0.63,-0.30,93.19,73.94,262.69,9.63,15.00,1.37,0.03,0.25,-0.17,27.00,68.31,215.87,-1.25,-1.62,-0.50,3,4
1772044483.473326,1821968,0.62,-0.71,0.78,62.69,73.25,258.56,40.06,23.50,-7.12,0.00,0.04,-0.10,27.00,68.25,216.12,-0.75,-3.31,-3.19,4,5
1772044483.663931,1822158,-0.04,0.05,0.29,53.38,71.94,256.75,6.25,6.25,3.69,0.09,0.10,-0.04,26.87,68.62,216.50,-2.06,-1.56,-1.00,3,5
1772044483.853766,1822349,0.27,0.00,0.15,49.81,71.00,256.12,-1.87,1.87,3.00,0.04,-0.18,0.06,26.81,68.37,216.75,0.44,4.31,1.37,3,5
1772044484.044901,1822540,0.10,-0.20,0.06,52.81,70.94,255.81,-7.12,-4.75,3.12,-0.05,0.09,0.00,26.69,68.31,216.87,0.25,0.00,0.25,3,4
1772044484.235941,1822730,0.19,-0.29,0.30,59.38,71.12,256.75,-26.37,-13.88,0.81,-0.02,0.16,0.12,26.06,68.50,217.00,2.50,-4.25,-2.56,4,5
1772044484.426262,1822921,-0.25,0.61,-0.29,74.37,72.81,261.25,-15.44,-16.62,-1.50,0.02,0.06,0.13,25.69,68.94,216.87,-1.81,-0.56,1.31,5,5
1772044484.616695,1823111,0.10,0.11,-0.03,79.25,73.37,261.37,1.81,-2.94,-0.13,-0.13,-0.10,-0.08,26.12,68.62,216.56,-0.94,3.06,-0.75,5,4
1772044484.807035,1823301,-0.09,0.00,-0.03,81.06,72.81,260.12,2.00,-5.94,3.75,-0.10,-0.06,-0.01,26.12,68.25,216.81,1.00,0.81,1.50,5,4
1772044484.997859,1823492,-0.05,0.14,0.22,81.31,72.69,259.25,6.75,-2.69,0.37,-0.02,-0.02,0.02,26.31,68.50,216.87,1.00,-0.69,-1.12,6,4
1772044485.188635,1823683,-0.22,0.04,0.10,81.69,72.62,258.50,1.56,1.69,1.56,-0.05,-0.29,0.19,26.06,68.62,217.00,2.94,-2.75,-1.19,6,4
1772044485.378634,1823873,-0.14,0.12,0.02,79.37,72.69,258.56,4.37,0.62,-0.94,-0.05,0.03,-0.09,25.81,68.87,217.12,-1.44,3.44,3.31,4,3
1772044485.568980,1824064,0.29,0.10,0.19,78.25,73.50,258.12,2.12,-8.25,-5.19,0.09,0.04,-0.26,25.75,69.19,217.19,1.37,-2.62,-2.94,4,3
1772044485.759957,1824255,-0.01,0.40,-0.08,77.56,73.81,257.94,5.44,5.06,0.25,0.04,-0.01,0.00,25.69,69.37,217.25,2.44,-0.13,-0.13,4,2
1772044485.950583,1824445,1.07,-0.32,0.39,57.63,72.44,255.56,37.50,43.31,-4.56,-0.02,-0.12,0.25,25.94,69.06,217.00,-0.75,0.31,0.13,4,2
1772044486.141545,1824636,0.01,-0.15,0.27,49.81,70.81,253.37,-3.37,3.12,-0.88,-0.03,0.08,-0.11,25.87,69.37,217.12,-0.81,-1.00,0.19,3,2
1772044486.331404,1824826,0.06,-0.13,0.12,49.13,70.87,254.31,-2.62,2.31,-4.19,0.08,-0.05,0.09,26.69,69.37,217.19,-1.06,0.50,2.31,3,2
1772044486.522039,1825016,-0.02,-0.06,-0.04,50.31,71.44,255.50,-9.06,-2.75,-2.06,-0.06,0.15,-0.09,28.31,68.75,216.87,-3.94,3.37,4.81,3,1
1772044486.712705,1825207,0.40,-0.34,0.35,53.19,71.87,257.12,-14.56,-11.25,2.69,0.05,0.07,-0.09,30.62,67.44,216.37,-2.94,1.56,3.44,2,1
1772044486.903486,1825398,-0.07,0.19,-0.30,63.75,73.69,259.19,-8.50,-13.69,-5.87,0.04,-0.04,0.04,30.75,67.69,216.75,0.56,-3.94,-5.12,2,2
1772044487.094022,1825588,-0.07,0.06,-0.06,68.25,75.00,260.31,-3.81,0.69,1.25,-0.01,0.00,0.06,29.06,68.81,216.94,4.25,-5.12,-5.19,2,2
1772044487.284062,1825779,-0.31,0.18,-0.04,65.50,74.19,260.06,8.56,12.19,0.25,-0.05,0.06,-0.05,28.00,69.37,217.00,1.31,-0.31,-0.62,2,2
1772044487.474044,1825969,0.50,-0.15,0.33,48.31,72.31,258.00,27.50,23.87,-4.37,-0.01,-0.26,0.17,27.87,69.12,216.94,2.44,-0.62,-2.06,2,2
1772044487.665984,1826160,-0.28,-0.91,0.08,36.56,75.19,253.75,16.06,-1.94,-4.12,0.04,-0.07,-0.03,27.44,69.31,217.12,-1.56,-0.37,-1.25,2,2
1772044487.856333,1826351,0.27,0.30,0.24,39.50,74.00,253.81,-5.37,-2.69,6.12,-0.10,-0.03,0.00,26.69,69.37,217.50,-1.69,3.37,1.37,2,2
1772044488.047242,1826542,0.22,-0.27,0.28,50.13,74.94,254.06,-40.75,-23.69,6.31,-0.03,0.10,0.13,26.44,69.69,217.62,3.12,-1.94,-0.44,3,2
1772044488.236812,1826731,-0.12,0.11,-0.16,63.50,75.25,257.87,-13.00,3.19,4.94,-0.07,-0.04,0.24,27.37,69.69,217.31,-1.69,-0.69,1.00,2,2
1772044488.426652,1826921,-0.03,0.20,0.00,66.81,74.87,259.44,-14.00,-1.87,1.44,0.00,-0.02,-0.07,27.25,69.62,217.25,1.37,-0.75,-1.25,3,2
1772044488.618440,1827113,0.32,-0.07,0.10,66.56,74.62,260.62,-0.62,5.00,0.88,0.16,0.14,-0.23,27.19,69.87,217.19,-0.25,-1.00,-0.19,3,2
1772044488.809469,1827304,-0.39,0.61,0.42,71.06,73.94,260.12,0.56,-4.19,8.38,-0.31,-0.12,0.06,26.94,68.62,217.25,3.00,1.00,-0.25,3,2
1772044488.999844,1827495,0.06,0.00,0.27,60.13,72.19,256.87,39.63,22.06,2.75,-0.05,0.00,0.14,27.31,68.31,216.94,1.44,8.00,6.44,3,2
1772044489.189932,1827684,0.34,-0.48,0.22,48.38,71.00,253.00,13.50,1.87,-0.88,-0.02,-0.15,-0.05,28.87,67.12,216.25,-3.44,-5.50,-1.50,3,3
1772044489.379516,1827874,0.54,-0.66,0.56,55.44,71.56,253.81,-41.13,-16.87,3.56,-0.01,-0.23,-0.01,29.87,67.69,216.12,-1.25,-3.81,-0.62,3,3
1772044489.571579,1828066,0.12,0.93,-0.07,78.44,73.69,260.50,-29.44,-23.31,-10.81,0.04,-0.12,-0.21,29.25,69.50,216.87,2.69,-4.81,-5.69,4,3
1772044489.762932,1828257,-0.09,0.96,-0.24,101.81,78.87,266.19,-17.12,-5.75,-15.13,0.02,-0.03,0.28,28.56,69.12,216.75,-5.56,6.00,5.37,4,3
1772044489.953691,1828448,0.03,0.47,-0.09,108.31,78.69,267.06,5.37,-4.69,6.31,-0.03,-0.04,-0.14,29.37,67.94,216.87,-1.56,7.62,3.81,4,3
1772044490.143067,1828638,-0.26,0.16,-0.34,108.37,78.19,264.56,18.37,7.44,3.44,-0.05,0.01,0.22,29.00,67.37,216.69,3.62,1.00,0.69,5,5
1772044490.332372,1828827,-0.31,0.29,-0.12,88.50,78.19,259.62,37.25,23.75,2.06,0.00,-0.03,0.18,29.00,66.75,216.44,-2.31,2.62,2.94,4,5
1772044490.525679,1829020,-0.11,-0.26,0.07,57.81,75.50,252.75,35.06,30.50,9.00,0.00,-0.15,-0.01,29.12,66.12,216.50,0.56,0.25,-1.69,4,5
1772044490.716546,1829211,0.70,-0.63,0.68,49.50,72.56,250.06,-16.75,-12.00,8.75,0.00,-0.13,-0.08,27.81,67.00,216.44,6.62,-6.25,-5.56,4,5
1772044490.906921,1829402,0.16,0.91,0.18,67.06,71.56,255.56,-79.69,14.31,24.00,-0.09,0.10,0.19,26.25,68.62,216.56,2.37,-5.69,-1.50,5,5
1772044491.097751,1829592,-0.22,0.04,-0.19,77.69,71.31,259.81,1.19,-21.62,-7.56,0.00,-0.12,0.04,26.50,69.06,216.31,0.50,-1.19,0.81,6,5
1772044491.288785,1829783,-0.05,-0.06,-0.05,84.44,72.75,260.19,-4.75,-5.31,-3.50,-0.02,-0.10,0.03,27.12,69.44,216.25,-0.88,-2.75,-0.25,6,5
1772044491.482080,1829977,-0.16,0.14,-0.09,89.19,73.50,262.12,-6.75,-3.25,-5.94,0.02,-0.06,0.07,27.44,69.62,216.19,0.81,0.81,1.00,5,4
1772044491.671130,1830166,-0.19,0.15,-0.17,89.50,74.37,263.75,0.94,3.50,-2.81,-0.01,0.04,0.00,27.56,69.56,216.12,0.37,1.37,1.69,7,6
1772044491.862446,1830357,-0.03,-0.17,0.03,83.25,74.75,263.44,3.56,1.87,-1.69,0.04,0.02,-0.07,27.56,69.31,216.12,0.69,-0.31,-0.88,7,6
1772044492.054056,1830549,-0.17,0.35,-0.10,74.69,74.87,262.75,19.31,15.69,-1.31,0.00,0.07,-0.05,27.50,69.06,216.12,-0.88,2.56,0.56,7,5
1772044492.245144,1830740,0.34,-0.68,0.50,56.88,73.56,259.81,6.37,6.81,-1.31,-0.01,0.07,-0.02,26.50,68.81,216.12,2.81,-1.06,-1.37,7,5
1772044492.435978,1830931,-0.02,-0.08,-0.09,57.31,73.19,259.31,0.25,-4.62,0.00,0.03,0.05,0.10,26.19,69.06,216.25,-1.75,-1.56,-1.62,9,7
1772044492.625288,1831120,0.71,0.62,0.38,66.12,73.12,259.06,-13.88,-13.00,10.19,-0.05,0.05,0.22,26.00,68.87,216.31,-4.12,2.37,3.19,10,7
1772044492.815438,1831310,-0.58,-0.35,-0.14,80.12,73.37,255.87,-8.88,-12.56,1.81,-0.02,-0.05,0.00,26.75,68.25,216.12,-1.00,-0.62,0.06,9,7
1772044493.006964,1831502,-0.04,0.10,-0.13,84.62,73.44,257.75,-10.88,-7.87,2.50,0.00,0.00,0.01,27.19,68.19,216.12,-1.56,-2.87,-1.12,8,7
1772044493.197922,1831692,-0.22,0.02,-0.12,87.56,73.56,259.00,-6.81,2.19,-2.62,0.06,0.00,-0.06,27.19,68.44,216.12,0.69,-2.19,-1.69,8,7
1772044493.388420,1831883,0.12,0.25,0.04,82.12,74.00,260.44,1.50,10.50,-1.37,-0.14,0.10,-0.19,27.12,68.69,216.25,-0.06,-0.75,0.06,9,7
1772044493.578474,1832073,-0.04,-0.10,0.20,71.56,73.81,260.75,-1.94,13.25,2.50,0.01,0.28,-0.19,27.00,68.87,216.50,-1.56,2.62,3.56,7,5
1772044493.768402,1832263,0.25,-0.22,0.27,54.75,72.06,258.25,59.75,21.50,-10.81,0.13,-0.11,0.34,28.87,67.50,216.50,-4.87,-2.44,-1.44,7,5
1772044493.960028,1832454,-0.34,-0.27,0.02,41.94,71.87,254.25,4.00,7.56,-0.50,-0.04,-0.16,-0.34,28.62,68.06,216.69,4.81,-4.75,-4.25,6,4
1772044494.150496,1832645,0.39,-0.38,0.39,43.19,71.19,254.00,-13.88,-8.13,5.37,-0.13,0.21,0.07,26.44,69.19,217.44,5.00,0.81,-2.31,6,4
1772044494.341457,1832836,-0.11,-0.14,0.24,61.19,72.06,256.62,-51.56,-20.69,6.06,-0.05,0.31,0.16,25.25,69.44,217.19,1.44,-1.81,0.06,4,3
1772044494.531960,1833027,-0.16,-0.31,0.11,76.25,73.69,260.31,-8.50,-17.44,-5.37,0.05,-0.26,0.35,24.87,68.19,217.44,2.19,5.06,3.69,3,2
1772044494.721818,1833217,-0.26,0.24,-0.24,89.25,74.75,262.81,-14.56,-12.94,0.25,-0.06,-0.08,-0.01,25.94,67.94,217.37,0.69,1.31,3.37,4,3
1772044494.912728,1833407,-0.14,0.25,-0.08,94.56,75.44,264.50,-2.00,-0.37,-0.75,-0.04,-0.05,0.11,26.19,67.94,217.00,2.69,1.50,0.06,3,2
1772044495.103187,1833598,-0.17,-0.23,0.07,91.31,75.12,263.56,2.87,2.50,1.75,-0.02,-0.02,0.02,26.00,68.25,217.12,-0.19,-1.75,-1.50,3,2
1772044495.294103,1833789,-0.46,-0.62,0.09,87.81,75.00,264.44,-16.87,20.75,-3.31,0.00,-0.13,0.09,26.19,68.56,217.25,0.56,0.25,0.31,2,2
1772044495.484642,1833979,1.16,0.90,0.37,71.50,73.37,271.87,-25.75,23.44,6.69,-0.05,-0.05,0.14,25.69,68.87,217.56,-0.19,-0.81,-0.31,3,2
1772044495.674819,1834170,-0.46,0.06,0.00,77.81,74.19,269.56,29.94,-18.19,-5.81,0.17,-0.03,0.05,25.75,68.75,217.44,2.00,2.00,1.50,3,3
1772044495.864996,1834360,0.14,0.06,0.24,81.00,74.56,266.00,10.69,-10.44,4.00,0.00,-0.02,0.14,25.56,68.56,217.25,1.56,0.94,1.25,3,3
1772044496.055371,1834550,0.00,-0.01,0.07,81.69,74.12,263.81,6.00,2.69,0.81,-0.01,-0.03,0.07,25.56,68.50,217.12,0.69,0.56,0.31,3,3
1772044496.246614,1834742,-0.60,1.04,-0.42,76.94,74.00,262.31,23.19,9.44,4.50,0.13,0.55,-0.20,25.81,68.31,217.37,-10.69,6.87,4.37,3,3
1772044496.437325,1834932,1.01,-0.86,0.62,50.06,69.56,254.75,56.13,36.75,-2.81,-0.04,0.00,-0.10,26.31,67.44,217.25,5.75,-3.44,-1.62,4,3
1772044496.627759,1835123,0.02,-0.28,0.43,41.13,67.62,251.06,1.06,0.19,2.69,0.00,0.20,-0.23,24.87,68.19,217.19,2.06,-7.69,-6.31,3,4
1772044496.818119,1835313,0.31,-2.31,1.19,42.88,67.19,252.94,-57.13,-10.06,-10.94,-0.03,0.36,0.17,23.69,70.06,217.25,2.19,-8.31,1.31,3,3
1772044497.008494,1835503,0.20,0.96,0.00,53.75,71.69,265.31,-44.63,-20.37,-15.50,0.10,-0.09,0.14,26.75,70.37,217.37,-7.31,-1.56,0.44,4,3
1772044497.199524,1835694,0.11,0.59,-0.02,61.75,76.06,271.37,-10.88,-8.56,-4.56,0.00,-0.08,-0.26,27.44,70.00,218.06,-3.50,5.44,1.56,4,3
1772044497.389960,1835885,-0.21,0.26,-0.27,64.44,77.37,271.69,13.50,5.94,-0.25,-0.04,0.02,0.21,27.19,69.50,217.69,3.62,0.75,0.31,4,3
1772044497.581109,1836076,-0.45,0.47,-0.01,52.13,75.44,267.19,49.75,27.50,8.19,-0.19,-0.18,0.29,26.25,69.19,217.37,1.25,2.94,0.88,4,3
1772044497.770796,1836266,-0.57,-0.99,0.32,40.13,73.37,259.31,18.06,-16.50,5.94,-0.05,0.07,-0.24,25.19,69.62,217.06,2.00,-0.50,0.62,4,3
1772044497.960516,1836456,-0.11,0.00,0.26,40.69,72.94,257.62,15.56,2.00,1.31,-0.05,-0.03,0.16,26.31,68.94,216.81,-4.81,2.75,3.81,4,3
1772044498.152576,1836647,0.32,-1.32,0.42,40.06,72.37,255.50,-22.56,-8.38,5.37,0.01,-0.09,-0.19,26.87,68.94,217.12,1.56,-2.81,-3.50,4,3
1772044498.343513,1836838,-0.39,0.71,0.09,57.50,73.87,265.37,-56.44,-7.75,-15.69,-0.03,0.17,0.08,26.31,69.94,217.12,2.50,4.69,4.31,3,2
1772044498.534227,1837029,0.22,0.24,0.01,62.13,76.87,272.94,-16.44,-8.31,-8.94,0.00,0.00,0.20,26.69,70.25,217.37,-2.37,-0.37,0.06,3,2
1772044498.723933,1837219,-0.17,-0.10,-0.08,68.37,78.31,273.62,2.87,-4.81,-3.62,-0.01,-0.01,-0.02,27.44,70.12,217.44,0.37,-0.56,-0.44,3,2
1772044498.912901,1837408,0.00,0.01,0.11,66.06,78.12,272.87,12.56,4.06,5.00,-0.02,0.00,0.13,27.19,70.06,217.31,1.25,0.44,-0.31,3,2
1772044499.105257,1837600,0.03,-0.32,0.16,63.25,76.50,269.06,15.44,3.31,6.19,-0.01,-0.03,0.00,26.87,70.06,217.19,0.81,0.00,-0.31,2,2
1772044499.296921,1837792,0.05,-0.20,0.15,61.63,75.31,266.37,4.31,0.62,2.31,-0.03,0.03,-0.02,26.75,70.06,217.19,0.44,0.19,0.37,3,2
1772044499.487918,1837983,-0.16,-0.02,-0.05,62.69,75.00,265.19,5.25,-0.31,2.69,-0.09,0.03,0.05,26.69,69.87,217.25,-0.62,2.81,0.06,2,2
1772044499.677206,1838172,-0.56,0.61,-0.20,56.94,73.25,261.94,33.25,18.50,15.56,-0.07,0.11,-0.03,27.00,69.12,217.12,-5.25,2.31,1.37,2,2
1772044499.866552,1838361,-0.20,-0.69,0.26,50.38,69.00,252.62,35.44,-2.50,15.31,0.04,-0.08,-0.11,26.44,68.50,217.06,5.25,-0.81,-3.56,2,2
1772044500.059532,1838554,0.03,-0.27,0.40,49.25,67.12,248.12,10.81,-2.94,6.00,0.06,0.10,-0.02,24.81,68.75,217.19,2.25,0.13,-1.37,2,2
1772044500.252517,1838747,0.10,-0.44,0.10,50.13,66.81,246.44,-2.00,-1.62,0.37,-0.12,0.05,0.19,23.56,68.44,217.44,-0.62,2.37,-1.81,2,2
1772044500.442266,1838937,0.02,-0.19,-0.06,52.44,66.75,246.75,2.69,-6.62,-0.13,0.00,-0.07,0.02,24.94,67.81,217.25,-5.37,0.50,3.50,3,2
1772044500.631535,1839126,0.51,-0.15,0.43,54.31,68.12,248.19,-15.63,-5.69,-12.69,0.00,-0.03,0.10,25.56,68.25,217.50,3.25,-1.00,-0.37,4,3
1772044500.822731,1839317,-0.49,0.33,-0.07,66.00,71.81,253.81,-37.13,-26.69,-12.06,-0.05,0.15,-0.11,25.44,69.06,217.50,-0.56,-0.88,1.37,4,3
1772044501.016181,1839511,0.15,-0.03,0.16,73.06,74.19,259.81,-30.06,-4.50,-2.12,0.00,-0.03,0.06,26.00,69.31,217.81,-2.50,-2.94,-1.25,5,3
1772044501.207194,1839702,-0.24,0.65,-0.45,78.81,74.50,263.19,2.44,0.31,-0.50,0.02,-0.04,0.15,26.06,69.06,217.62,-1.00,2.37,0.62,5,4
1772044501.396686,1839892,0.09,-0.07,0.23,75.00,74.50,261.19,15.06,-1.06,3.81,0.01,-0.04,0.05,26.00,69.00,217.62,0.19,-2.19,-1.12,5,3
1772044501.587101,1840083,-0.21,0.08,0.02,73.69,73.87,259.31,6.81,9.25,0.13,0.00,0.07,0.02,25.69,69.19,217.69,0.00,0.31,0.25,5,3
1772044501.778856,1840274,0.31,0.05,-0.07,61.06,72.87,257.75,31.94,35.94,-1.69,-0.04,0.06,0.11,26.50,68.37,217.44,-4.19,8.06,5.87,5,3
1772044501.969555,1840465,0.52,-0.80,0.83,49.50,71.37,254.44,3.69,10.19,-2.87,-0.10,0.07,-0.17,27.50,67.19,217.56,0.37,-6.56,-2.06,5,3
1772044502.160169,1840655,-0.08,-1.42,0.75,56.13,70.19,261.31,-114.75,13.50,6.44,0.07,-0.14,0.46,28.31,68.12,217.31,0.81,-13.13,-4.75,4,4
1772044502.349605,1840845,-0.32,1.39,0.27,77.06,68.81,282.00,-113.00,10.44,-1.12,0.00,0.12,-0.15,29.25,69.44,217.56,-2.06,2.75,3.62,3,4
1772044502.539324,1841034,0.26,0.81,0.31,84.06,68.75,293.81,-45.63,1.87,-4.94,-0.03,0.10,0.03,29.69,69.31,217.50,-1.62,-3.25,-0.06,3,4
1772044502.730835,1841226,0.63,2.52,0.49,86.00,71.19,292.62,121.56,-33.63,-23.75,-0.15,0.09,0.19,31.06,68.06,216.75,-2.56,11.06,10.44,3,3
1772044502.921927,1841417,-0.35,-0.89,0.12,86.00,75.06,273.31,45.38,-15.31,6.81,0.00,-0.02,-0.16,32.00,66.87,216.19,1.56,1.44,1.62,2,3
1772044503.112640,1841608,0.05,-0.14,0.20,86.81,74.87,268.81,5.75,-0.69,0.81,-0.03,0.10,-0.01,32.19,66.69,215.75,1.06,-1.81,-0.13,2,3
1772044503.302418,1841797,0.25,-0.10,0.18,86.00,74.44,267.75,3.81,-1.44,2.50,-0.10,-0.10,0.03,31.87,66.50,215.75,-1.62,-7.00,-8.81,3,3
1772044503.492152,1841987,-0.15,0.14,0.02,88.62,74.31,267.06,6.56,-4.94,-0.94,0.00,-0.01,-0.06,30.31,68.06,216.81,3.00,-3.19,-4.87,2,3
1772044503.683266,1842179,0.05,0.01,0.09,86.75,74.37,266.44,3.00,4.62,3.87,-0.04,0.11,0.02,28.87,68.75,216.87,0.94,-2.00,-2.19,3,3
1772044503.874836,1842370,-0.86,0.62,-0.39,78.94,73.44,264.06,34.13,29.44,-0.25,-0.01,0.07,-0.04,28.56,68.56,216.87,-3.37,3.62,-0.37,3,3
1772044504.065312,1842560,1.00,-0.62,0.70,46.25,70.44,258.06,51.88,29.56,3.37,-0.01,-0.18,0.14,27.75,67.62,217.06,2.31,0.00,-2.37,3,3
1772044504.255034,1842750,-0.06,-0.07,0.33,42.56,68.31,253.50,12.44,0.19,3.37,0.00,0.15,-0.25,27.06,68.12,217.12,2.75,1.06,0.69,4,3
1772044504.444870,1842940,-0.05,-0.23,0.31,41.63,68.31,251.87,-3.31,-1.06,2.87,-0.03,0.37,0.00,29.56,66.50,215.94,-5.69,9.94,16.81,4,3
1772044504.636586,1843131,0.08,-0.83,-0.15,45.00,67.37,253.25,-36.25,-2.12,3.44,-0.06,0.13,-0.01,32.69,65.75,215.31,-2.69,-8.25,-5.81,4,3
1772044504.827670,1843323,0.22,0.46,-0.32,48.56,68.87,258.62,2.37,-8.25,-9.06,-0.01,-0.25,0.15,32.25,66.12,215.69,-0.37,0.13,-1.87,4,3
1772044505.018500,1843513,-0.22,0.42,-0.16,48.81,69.87,258.31,5.94,-0.62,2.50,-0.09,0.12,-0.27,31.50,67.06,216.37,1.94,-7.50,-8.56,4,2
1772044505.208399,1843704,0.17,0.07,0.07,41.44,69.87,256.50,31.87,6.37,-6.31,-0.08,0.02,0.00,28.37,68.62,217.06,5.56,-9.63,-12.13,4,2
1772044505.397841,1843893,0.21,-0.25,0.15,37.31,69.31,253.75,1.62,2.87,1.69,-0.02,0.16,0.08,25.62,70.12,217.62,4.31,1.75,2.50,5,2
1772044505.589121,1844084,0.06,-0.53,0.11,39.75,68.37,253.19,-11.13,0.25,2.56,0.02,-0.01,-0.02,26.06,70.12,217.56,-0.56,-0.94,0.37,5,3
1772044505.780670,1844275,0.02,-0.84,0.92,54.13,68.12,260.12,-137.12,-4.50,24.87,-0.01,-0.15,-0.23,26.31,70.37,217.75,-0.44,-3.81,-1.75,5,3
1772044505.970809,1844466,-0.38,1.07,0.09,81.44,67.19,276.87,-62.06,-2.31,-13.75,0.05,-0.01,0.04,26.12,71.37,218.12,-0.56,0.56,0.37,5,3
1772044506.161595,1844657,0.09,-0.66,0.36,84.06,68.19,287.50,-89.31,42.06,-2.44,-0.14,-0.21,0.22,26.12,71.31,218.25,2.50,-3.37,-5.31,5,4
1772044506.350889,1844846,0.80,1.69,0.22,88.31,71.75,296.37,64.31,-10.06,-27.12,-0.10,0.14,0.04,25.62,72.12,218.56,-3.06,5.56,4.81,5,4
1772044506.541364,1845037,-0.15,-0.20,0.09,88.00,73.75,285.19,28.19,-17.31,3.44,0.00,-0.12,0.18,26.12,71.50,218.25,2.19,0.81,0.50,5,4
1772044506.732911,1845228,-0.59,-0.02,-0.14,92.12,73.00,282.44,-12.44,4.56,5.69,0.00,0.00,0.03,25.87,71.81,218.06,1.06,-4.00,-1.06,5,4
1772044506.923705,1845419,0.23,-0.64,0.31,86.81,71.12,285.75,-31.75,20.25,10.56,0.00,-0.01,0.04,25.56,72.06,218.00,1.62,-2.19,-0.37,5,4
1772044507.114358,1845610,1.08,0.70,0.62,84.44,68.50,295.25,-58.75,24.62,15.56,-0.02,0.26,0.19,25.81,72.56,218.19,-2.06,-1.50,-1.00,6,6
1772044507.304110,1845799,-0.21,-0.01,0.15,87.37,66.19,294.06,9.88,4.94,2.25,0.08,-0.11,0.07,25.81,72.06,218.12,0.06,-0.19,-1.44,6,6
1772044507.494176,1845990,-0.07,2.83,-0.01,80.62,66.06,291.56,58.94,14.88,1.37,-0.03,0.10,0.00,25.31,72.12,218.44,2.50,4.06,0.94,6,6
1772044507.686036,1846181,-0.08,-1.96,1.20,51.56,66.62,269.50,134.62,-38.13,9.56,0.06,-0.32,-0.29,25.19,70.94,217.69,4.81,2.12,-0.69,6,5
1772044507.876594,1846372,0.24,0.42,0.31,46.88,67.44,263.44,12.06,14.13,-4.00,-0.05,0.14,0.20,23.69,71.50,218.00,0.50,-0.13,0.88,7,6
1772044508.067715,1846563,0.09,-0.24,0.24,46.06,67.12,261.87,-2.44,-7.75,2.87,-0.02,-0.09,0.06,23.94,71.31,217.87,1.44,1.56,0.88,6,6
1772044508.257366,1846752,-0.42,0.23,-0.07,58.81,69.62,263.94,-20.06,-31.69,-8.38,0.02,-0.02,0.02,24.50,71.12,217.50,-1.75,-2.25,1.19,5,6
1772044508.447145,1846942,0.01,0.33,-0.13,64.94,71.75,266.44,-10.56,-4.69,0.31,0.02,-0.01,0.06,25.94,71.31,217.75,-1.12,1.12,2.62,5,5
1772044508.638903,1847134,-0.30,0.33,-0.15,65.87,72.37,267.50,1.25,3.37,-1.81,-0.02,0.00,0.03,26.00,70.87,217.50,-0.37,0.50,-0.19,5,6
1772044508.829857,1847325,0.09,0.03,0.01,60.94,71.87,267.31,4.81,2.50,1.31,0.00,-0.02,0.03,25.75,70.75,217.44,2.12,2.12,-0.25,5,6
1772044509.021169,1847517,-0.16,0.66,-0.10,57.44,71.37,266.50,21.44,7.75,2.75,0.00,-0.02,0.09,25.87,70.44,217.37,-2.56,3.56,1.56,3,4
1772044509.210742,1847706,0.44,-0.64,0.34,44.44,69.81,261.50,36.50,9.00,-2.81,-0.01,-0.03,0.07,26.25,69.87,217.50,-1.37,-0.06,0.69,3,3
1772044509.399772,1847895,0.01,-0.17,0.22,42.19,69.19,259.19,2.44,-0.25,1.19,0.01,0.06,-0.13,26.69,69.87,217.50,-1.25,2.00,2.87,3,3
1772044509.592426,1848088,0.24,-0.20,0.25,42.94,68.75,259.87,-13.19,-3.81,0.56,-0.03,0.05,0.02,28.19,69.00,217.25,-2.81,2.81,2.31,2,4
1772044509.784629,1848280,-0.18,0.24,0.00,52.44,71.31,262.50,-16.69,-18.94,-8.38,0.00,-0.22,0.13,28.87,68.12,216.87,-1.94,-1.19,-1.44,3,4
1772044509.976660,1848472,-0.22,0.47,-0.23,62.88,73.94,265.44,-17.25,-11.88,-2.12,-0.06,-0.05,0.11,28.87,68.81,217.06,1.62,0.00,0.69,3,3
1772044510.166196,1848661,-0.15,0.16,-0.13,69.31,74.31,266.81,-9.69,-4.56,3.81,-0.02,0.16,0.10,28.50,69.37,217.00,1.75,-2.62,-0.94,2,3
1772044510.355521,1848851,-0.24,0.36,-0.13,69.56,73.50,266.62,7.06,11.13,3.19,0.03,-0.03,0.01,28.44,69.31,217.00,-0.88,-0.06,-0.75,3,3
1772044510.548746,1849044,0.09,0.14,0.00,56.94,71.87,264.31,33.56,18.37,1.19,-0.05,-0.04,0.05,28.25,69.37,217.12,-0.44,0.56,-1.19,3,3
1772044510.741049,1849236,0.29,-0.80,0.45,51.56,69.56,261.31,-9.31,6.25,8.75,0.04,-0.02,-0.09,27.50,69.44,217.06,3.12,-0.88,-2.37,3,3
1772044510.932108,1849427,0.22,-1.07,0.94,63.75,67.94,271.37,-156.62,29.75,12.31,0.03,-0.12,0.02,26.81,70.44,217.37,2.31,-4.25,-4.62,4,3
1772044511.121804,1849617,0.18,1.27,0.25,79.31,64.81,290.56,-53.13,9.31,2.06,-0.06,0.04,0.01,26.75,71.31,217.75,-2.94,0.37,0.37,4,3
1772044511.311549,1849807,-0.08,0.70,0.12,83.81,65.44,295.00,-7.37,-2.69,-5.31,-0.01,0.01,0.13,27.00,71.19,217.75,-1.44,-0.19,-0.19,3,3
1772044511.503425,1849999,-0.03,0.22,0.08,85.62,65.87,293.94,10.06,-8.06,0.75,-0.03,-0.09,0.12,26.75,71.12,217.50,2.06,-0.19,0.13,3,3
1772044511.694454,1850190,-0.30,0.29,0.64,85.62,68.62,282.37,122.19,-49.69,-23.75,0.02,0.03,-0.02,27.19,70.94,217.44,-1.50,2.44,1.94,3,2
1772044511.885157,1850380,-0.07,-0.28,0.08,85.56,70.69,271.06,26.00,-7.75,-4.56,0.03,0.03,0.02,26.37,70.94,217.19,3.44,-0.69,-1.19,3,3
1772044512.074060,1850570,0.06,0.06,0.13,84.06,71.06,268.00,16.69,2.50,0.75,-0.03,0.00,0.11,25.87,71.00,217.25,1.25,1.44,1.06,3,3
1772044512.263850,1850759,-0.17,0.03,-0.05,79.44,71.37,265.75,18.62,8.13,-7.12,-0.01,0.03,0.09,25.50,70.81,217.37,0.50,3.00,-0.37,3,3
1772044512.456132,1850951,-0.20,0.29,-0.06,70.81,71.56,263.37,29.94,14.94,-2.12,0.02,-0.04,0.06,25.75,70.12,217.31,-3.62,2.81,2.00,3,3
1772044512.646905,1851142,0.51,-0.34,0.31,52.25,70.06,259.62,28.31,19.87,-5.25,-0.03,-0.15,0.10,26.37,69.75,217.37,-0.75,0.37,0.25,2,3
1772044512.837249,1851333,0.11,-0.23,0.18,47.69,69.25,258.31,0.94,3.50,1.31,0.02,0.04,-0.10,26.62,70.31,217.56,3.87,7.19,4.25,2,3
1772044513.026916,1851522,0.19,-0.30,0.29,48.19,68.94,259.12,-16.19,-3.12,1.06,-0.01,0.08,0.10,27.12,69.69,217.12,-0.62,7.37,4.44,2,3
1772044513.216545,1851712,0.02,0.31,-0.21,57.38,70.12,262.81,-31.50,-14.25,-6.12,-0.03,0.00,0.12,27.06,69.94,217.44,-1.87,-3.94,-2.94,2,2
1772044513.409014,1851904,-0.05,0.08,-0.10,65.62,71.87,266.06,-7.00,-5.56,1.12,0.00,-0.05,0.06,27.31,69.94,217.44,1.00,0.69,-0.62,3,3
1772044513.599763,1852095,-0.07,-0.03,0.02,67.69,72.00,266.87,-4.31,0.44,1.19,-0.01,-0.01,0.04,26.87,69.94,217.44,0.00,-0.81,-0.88,2,3
1772044513.790244,1852286,0.02,-0.35,0.05,68.06,71.87,267.87,-12.63,1.00,0.25,-0.07,0.00,0.00,26.62,70.25,217.62,1.06,-0.88,-1.37,3,3
1772044513.979859,1852475,0.00,-0.13,0.07,69.25,71.06,272.25,-35.50,16.37,0.00,-0.04,-0.08,0.09,26.37,69.94,217.56,-0.31,6.56,3.44,3,2
1772044514.169461,1852665,0.04,0.25,0.04,67.81,71.75,276.44,5.50,-4.75,-7.06,-0.04,0.01,0.20,28.37,68.25,217.00,-5.94,13.56,14.94,2,2
1772044514.361900,1852857,-0.03,0.36,0.02,67.62,73.00,275.87,7.06,-3.06,-10.19,-0.04,0.03,-0.03,30.56,67.19,217.12,-2.50,0.19,1.25,4,3
1772044514.552560,1853048,0.17,-0.01,0.00,64.81,74.44,274.94,14.38,-3.75,-0.69,-0.06,-0.08,0.00,31.00,67.00,217.06,0.06,-4.75,-4.12,3,3
1772044514.742865,1853238,0.15,0.09,0.15,67.12,74.50,272.44,12.13,-12.81,7.25,0.05,0.03,-0.17,30.00,68.12,217.31,4.56,-4.87,-4.81,3,3
1772044514.932780,1853428,-0.07,-0.09,0.07,70.81,73.75,269.31,2.31,1.31,6.00,-0.03,0.03,0.11,28.56,68.81,217.25,1.94,-2.19,-1.12,3,3
1772044515.123249,1853619,-0.04,0.03,-0.04,69.50,72.44,267.56,8.44,6.37,3.81,-0.01,0.03,0.06,28.37,68.81,217.25,-0.50,0.94,-0.37,3,4
1772044515.314803,1853810,0.24,-0.19,0.06,60.06,71.50,264.62,40.06,19.87,-4.31,-0.04,-0.14,0.16,28.44,68.62,217.25,-0.37,0.50,0.06,3,3
1772044515.505250,1854001,-0.01,-0.31,0.26,52.81,71.19,262.12,1.69,0.06,-1.19,0.00,0.14,-0.10,28.50,68.75,217.25,0.44,-0.13,-0.50,2,3
1772044515.695798,1854191,0.07,0.06,0.22,53.19,70.94,262.81,-8.50,-1.31,0.06,-0.06,-0.12,0.04,28.81,68.00,216.81,-2.06,5.44,4.62,2,3
1772044515.885601,1854381,0.00,-0.04,-0.24,57.69,71.56,263.87,-12.81,-11.06,-0.75,-0.01,0.02,0.15,29.06,68.44,217.19,1.25,-2.06,-0.44,2,3
1772044516.075067,1854570,-0.21,-0.02,-0.18,62.81,72.69,264.44,4.06,-3.87,-1.19,0.00,0.04,0.03,28.94,68.56,217.12,0.88,-1.00,-1.56,4,5
1772044516.267207,1854763,0.08,-0.12,-0.01,60.75,72.44,264.19,4.50,4.19,0.19,0.01,-0.03,0.06,28.69,68.69,217.12,-0.44,-1.75,-1.62,4,5
1772044516.457887,1854953,-0.01,0.22,-0.06,57.56,72.06,263.94,9.06,8.88,0.37,0.02,-0.02,0.12,28.50,68.81,217.31,-2.19,0.94,-1.00,4,4
1772044516.648644,1855144,0.17,-0.13,0.21,58.06,72.19,262.50,-3.62,-11.56,0.62,0.00,0.04,-0.04,27.19,68.75,217.62,2.37,1.06,-2.94,4,4
1772044516.838332,1855334,0.33,-0.12,0.24,66.56,73.00,262.44,-7.25,-16.62,5.81,-0.01,0.17,-0.02,25.50,68.81,217.69,4.69,-0.13,-1.12,4,4
1772044517.027710,1855523,-0.16,-0.03,0.14,83.37,72.62,261.69,-10.56,-20.19,7.12,-0.03,0.05,0.02,24.62,67.94,217.00,3.12,6.06,3.69,4,4
1772044517.220156,1855715,-0.16,-0.57,0.05,94.62,74.00,260.69,-1.75,-14.81,-8.31,0.03,0.04,0.14,26.37,67.06,216.56,-6.12,-3.12,3.44,4,4
1772044517.411092,1855906,-0.32,0.46,-0.36,106.50,73.19,263.69,-20.44,-7.56,3.19,0.07,-0.03,0.02,28.31,66.69,216.75,-4.87,1.12,1.12,4,4
1772044517.601970,1856097,-0.68,0.67,-0.40,108.87,74.44,265.06,33.81,28.81,-1.69,0.00,-0.15,0.17,29.50,66.06,217.12,-5.31,5.50,3.56,4,4
1772044517.791550,1856287,0.54,-0.64,0.64,74.56,75.37,259.75,27.12,17.62,2.31,-0.06,0.15,-0.19,29.12,65.69,217.19,1.69,-5.12,-4.44,5,4
1772044517.980878,1856476,0.02,-0.18,0.55,66.19,73.50,257.12,3.62,6.06,2.69,0.07,0.13,-0.19,27.87,66.56,217.50,2.31,-3.25,-4.75,3,2
1772044518.173343,1856669,-0.01,-0.21,0.29,62.63,72.50,256.81,-0.88,2.12,3.56,-0.01,0.03,0.10,26.37,67.06,218.00,-0.62,-1.12,-1.69,3,2
1772044518.364453,1856860,-0.10,-0.26,0.00,67.87,71.62,257.50,-24.56,-10.94,0.94,0.02,-0.08,-0.05,26.37,67.12,217.75,2.25,4.87,3.75,3,2
1772044518.555139,1857051,0.00,0.02,0.04,72.75,72.25,260.37,-9.38,1.37,-2.19,-0.03,0.01,0.08,26.87,67.69,217.81,-0.50,1.50,1.87,3,3
1772044518.744924,1857240,-0.05,-0.05,0.02,72.94,72.37,261.44,-2.87,-1.25,0.13,-0.03,-0.03,-0.08,26.87,67.56,217.69,0.69,-2.31,-0.81,4,3
1772044518.934150,1857429,0.41,-0.48,0.15,70.44,72.25,262.75,-9.88,9.69,-2.31,0.12,-0.13,0.18,27.31,67.81,217.50,0.00,-1.75,-0.81,4,3
1772044519.126327,1857622,-1.06,-1.25,0.57,79.06,71.19,270.94,-109.19,34.31,8.38,0.00,0.00,0.15,27.19,69.62,218.37,-2.25,-10.44,-2.75,5,3
1772044519.318907,1857814,1.09,1.90,0.67,78.62,67.25,295.31,-96.50,45.19,13.00,-0.15,0.14,-0.02,27.87,70.81,218.19,-3.69,-7.25,-4.69,5,3
1772044519.510961,1858006,-0.17,0.56,0.09,78.75,65.87,301.62,1.50,10.44,-2.25,0.18,-0.04,-0.09,27.87,71.19,218.50,-0.88,0.56,0.13,4,3
1772044519.703307,1858199,-0.40,0.48,0.20,77.94,66.00,300.44,1.69,-7.94,1.37,-0.04,0.04,-0.15,27.87,71.37,218.50,0.75,0.44,-0.13,4,3
1772044519.892602,1858388,-0.11,0.27,0.12,76.81,65.56,299.56,1.62,5.12,-2.00,0.00,-0.07,-0.20,27.19,70.81,217.94,2.94,-2.31,-1.37,4,3
1772044520.082158,1858578,-0.20,-0.35,0.07,78.06,67.94,297.62,36.13,-5.81,-10.44,-0.04,0.02,0.24,27.12,71.00,218.06,1.06,3.12,1.44,4,3
1772044520.275095,1858771,0.44,0.57,0.29,73.19,67.56,297.87,-5.75,-18.62,3.06,0.00,0.03,-0.04,26.50,71.06,217.87,0.81,-2.25,0.94,4,3
1772044520.466464,1858962,0.14,1.15,0.20,78.56,69.00,293.75,44.56,-19.50,-4.19,0.00,0.18,0.09,27.06,71.00,217.69,-1.87,1.50,0.50,4,3
1772044520.657943,1859153,-0.19,-0.45,0.28,78.37,69.50,284.75,-3.50,-4.50,16.69,0.00,-0.11,-0.12,26.81,70.25,217.50,1.50,-1.87,-2.25,3,2
1772044520.847057,1859343,0.00,-0.01,0.16,79.81,68.62,282.06,17.37,-6.87,1.37,-0.02,-0.03,0.06,26.37,70.37,217.31,0.19,0.56,2.06,3,2
1772044521.037845,1859533,-0.06,-0.01,0.04,79.44,68.50,279.25,13.13,-2.56,-0.56,0.00,-0.01,0.12,26.50,70.37,217.25,0.00,0.06,-0.31,3,3
1772044521.229266,1859725,0.00,-0.01,0.16,77.31,68.06,277.81,-2.62,6.69,2.25,-0.07,-0.01,-0.06,26.56,70.37,217.37,-1.00,-1.12,-0.37,3,3
1772044521.419414,1859915,-0.06,0.52,0.04,73.81,67.81,277.00,16.25,6.19,0.44,0.00,0.03,-0.02,26.81,70.31,217.44,-1.19,1.62,1.25,3,3
1772044521.610008,1860106,0.15,0.09,0.14,60.31,67.56,272.12,62.06,8.38,-0.31,0.04,-0.05,0.15,26.75,69.62,217.50,-1.25,3.12,0.88,3,3
1772044521.800049,1860295,-0.10,-0.63,0.23,50.25,66.50,264.37,30.37,0.56,2.56,-0.05,-0.09,0.08,26.50,69.37,217.50,3.12,-0.37,-0.81,3,3
1772044521.990438,1860486,0.03,-0.09,0.47,53.00,66.12,263.44,-18.25,-8.25,3.06,-0.06,0.02,-0.12,26.19,69.62,217.19,1.25,0.94,0.62,2,3
1772044522.181660,1860677,0.06,0.32,-0.15,59.69,66.81,265.87,-18.81,-10.25,0.62,-0.09,0.01,0.11,26.31,70.00,217.44,-2.12,0.00,0.75,3,3
1772044522.372718,1860868,-0.10,0.03,-0.32,64.87,68.06,266.12,-1.37,-7.00,-1.19,0.00,-0.04,0.06,26.69,69.69,217.50,0.37,-0.88,-1.00,2,3
1772044522.562780,1861058,-0.05,0.24,-0.05,65.06,68.25,266.75,0.19,6.69,0.25,-0.01,0.13,0.00,26.62,69.81,217.50,0.00,0.75,0.19,2,3
1772044522.752428,1861248,0.10,-0.05,0.22,55.19,67.50,264.31,42.00,15.81,-2.87,-0.07,0.21,-0.15,28.06,68.50,216.50,-0.56,9.06,14.94,3,3
1772044522.942702,1861438,0.26,-1.02,0.22,48.44,66.44,261.62,-6.25,-6.37,0.00,0.09,0.06,0.04,30.75,67.69,216.06,-0.19,-3.56,-0.88,2,2
1772044523.134460,1861630,0.05,0.26,0.08,53.38,68.25,264.87,-12.81,-6.62,-4.37,-0.06,0.09,-0.03,31.31,67.37,215.69,2.00,2.87,2.69,2,1
1772044523.325409,1861821,0.04,-0.07,-0.36,57.19,69.44,266.75,-8.19,-9.06,0.25,-0.01,-0.06,0.00,31.06,67.87,215.94,1.81,-7.31,-7.37,2,1
1772044523.515668,1862011,0.02,0.17,-0.17,58.31,69.94,267.62,0.69,8.13,-0.37,0.02,0.00,0.09,28.94,69.44,216.50,3.75,-6.44,-6.25,2,2
1772044523.705148,1862201,0.11,-0.13,0.33,54.25,68.81,267.56,2.37,7.19,2.25,-0.04,0.02,-0.08,27.50,70.62,216.87,0.81,-4.81,-3.56,2,3
1772044523.895365,1862391,-0.03,0.10,0.23,52.63,67.81,267.25,5.50,4.44,1.94,-0.03,0.04,-0.02,27.37,70.50,216.87,-2.62,4.75,4.12,2,3
1772044524.087429,1862583,0.00,-0.83,0.13,52.81,67.75,266.50,-19.75,-9.50,-1.31,0.04,-0.12,0.04,28.31,69.69,216.94,-3.44,0.25,0.06,2,3
1772044524.278196,1862774,-0.04,0.89,0.22,63.63,67.37,278.37,-116.00,30.62,-1.69,0.05,0.03,0.23,28.56,69.87,216.81,-0.13,-2.19,-0.75,2,3
1772044524.468997,1862964,0.33,0.39,0.17,68.19,65.87,289.00,-14.81,-1.19,1.06,-0.08,-0.02,-0.02,28.75,69.94,217.12,-0.75,-0.19,-0.25,2,3
1772044524.659193,1863155,-0.17,0.62,-0.11,69.25,66.19,289.37,7.75,3.31,-0.50,-0.01,0.06,-0.06,28.81,69.94,217.12,0.25,-1.00,0.00,2,3
1772044524.849937,1863345,0.42,1.06,0.38,56.44,66.19,282.31,113.50,-6.37,-7.12,-0.05,0.04,0.20,28.69,69.75,217.06,-0.19,-0.06,-0.06,1,3
1772044525.040596,1863536,-0.27,-1.54,0.35,40.88,67.81,267.06,46.13,-6.19,4.75,0.03,0.01,-0.13,27.81,70.12,217.31,4.12,-3.62,-4.31,1,3
1772044525.230919,1863727,0.06,-0.03,0.24,39.63,66.87,264.69,5.75,2.62,4.50,-0.03,0.05,0.03,27.06,70.69,217.44,-0.31,-0.37,0.44,2,3
1772044525.421496,1863917,0.07,-0.16,0.03,40.00,66.62,262.81,5.12,-5.50,3.50,-0.05,0.01,-0.09,27.19,70.50,217.44,-0.62,2.56,1.19,2,2
1772044525.611365,1864107,-0.04,-0.19,0.04,41.63,66.69,262.25,-6.06,1.56,-0.56,-0.08,-0.13,0.05,28.00,69.69,217.12,-0.62,6.00,4.00,1,2
1772044525.801833,1864297,0.08,0.11,0.08,43.44,67.00,263.00,-4.06,-5.00,0.69,-0.03,-0.13,0.15,28.06,69.44,217.50,-2.50,2.00,-2.94,1,3
1772044525.993432,1864489,-0.03,-0.13,0.11,50.19,68.06,263.81,-35.06,-19.62,1.56,0.00,0.14,0.04,27.31,69.87,218.19,-0.75,-5.62,-0.88,1,3
1772044526.184281,1864679,-0.11,0.33,-0.16,57.25,69.75,267.56,-10.38,-3.62,-2.75,0.02,-0.03,0.08,27.87,70.00,217.75,-1.19,-4.00,-0.50,2,3
1772044526.374623,1864870,0.09,0.12,-0.19,57.44,69.94,268.37,-0.75,-0.06,-0.50,0.04,-0.08,-0.04,28.00,69.87,217.56,2.62,0.88,-0.44,2,3
1772044526.564188,1865060,-0.01,-0.03,0.18,56.44,69.62,268.56,-2.06,7.00,0.88,0.00,0.05,0.03,27.75,70.19,217.62,-0.31,-1.50,0.13,2,3
1772044526.755537,1865251,0.07,-0.33,0.20,55.56,69.06,269.44,-13.56,-0.56,-0.44,-0.03,0.03,0.03,27.62,70.25,217.69,0.25,-0.50,-1.06,2,3
1772044526.946502,1865442,-0.16,-0.58,0.13,61.44,67.94,274.69,-73.44,16.06,1.19,-0.02,-0.05,0.08,27.31,70.62,217.94,0.06,-2.87,-2.19,3,3
1772044527.136865,1865632,0.75,2.91,-0.02,70.37,65.81,287.44,-17.31,4.31,-2.69,-0.09,0.16,0.17,26.69,71.12,218.44,-2.25,3.62,1.56,2,4
1772044527.326974,1865823,0.25,-0.24,0.49,67.12,69.50,277.94,83.37,-38.38,-5.69,0.02,-0.14,-0.11,26.25,69.62,218.37,1.75,7.44,0.88,2,4
1772044527.516577,1866012,0.02,-0.03,0.14,71.37,70.87,269.19,18.12,-19.19,0.31,-0.01,0.07,0.05,24.81,69.44,218.25,5.56,-1.87,-1.44,3,4
1772044527.708385,1866204,-0.08,0.13,-0.13,75.25,71.00,266.81,6.25,-1.75,7.25,-0.09,-0.07,-0.12,24.19,69.44,217.56,-0.75,-2.31,0.50,3,3
1772044527.899087,1866395,0.12,0.08,-0.09,72.69,70.19,265.31,5.62,6.62,-1.75,-0.17,-0.17,0.04,24.62,69.06,217.37,-0.06,-2.06,1.69,3,3
1772044528.089649,1866585,-0.01,0.20,0.05,70.25,70.37,265.25,0.00,5.81,-3.87,-0.02,0.00,-0.07,25.31,69.44,217.56,-1.31,-2.19,1.37,3,3
1772044528.279508,1866775,0.04,0.17,0.02,68.00,70.56,265.81,-0.69,2.31,-0.50,0.00,0.04,0.04,25.81,69.44,217.62,-1.00,-1.31,0.44,3,3
1772044528.469966,1866966,0.10,0.16,-0.12,66.44,70.62,265.69,9.06,2.50,0.75,0.07,-0.11,0.05,26.19,69.12,217.37,-1.50,-0.81,-0.69,3,3
1772044528.661153,1867157,0.97,-1.26,0.54,56.75,69.81,260.12,83.19,23.75,-6.12,0.03,-0.38,0.28,26.56,68.75,217.50,2.75,-1.00,-1.25,3,3
1772044528.851909,1867348,0.48,-0.18,0.54,54.94,68.56,257.31,-17.31,-3.69,3.06,0.00,0.35,-0.06,25.69,68.94,217.31,2.25,4.56,5.12,2,3
1772044529.042774,1867538,0.03,-0.28,0.00,63.56,70.06,260.12,-29.44,-6.19,-8.44,-0.08,-0.04,0.12,26.69,68.75,217.31,-0.62,2.81,1.94,2,2
1772044529.232863,1867728,-0.18,0.31,-0.42,71.56,71.12,264.37,-16.81,-3.06,0.69,-0.12,-0.10,0.15,27.62,68.62,217.69,-2.69,-0.13,1.50,2,2
1772044529.422173,1867918,-0.21,0.37,-0.19,73.44,71.69,266.44,-0.37,2.44,-2.06,-0.01,0.02,-0.04,27.69,68.87,217.69,0.37,-3.06,-2.25,2,2
1772044529.613915,1868110,-0.30,0.59,-0.13,62.75,71.44,265.12,52.81,19.69,-4.56,-0.02,0.05,0.26,27.56,68.94,217.56,-0.13,2.12,1.44,2,2
1772044529.804984,1868301,0.15,-0.50,0.36,48.19,69.75,258.56,18.75,3.44,8.94,-0.01,0.06,-0.06,27.31,68.37,217.56,-1.06,3.75,3.00,2,2
1772044529.996111,1868492,0.06,-0.31,0.36,47.00,68.62,255.56,14.19,-1.37,-1.06,-0.16,0.06,-0.08,30.31,66.31,216.81,-6.25,14.38,17.19,3,2
1772044530.185682,1868681,0.02,-1.06,0.20,49.06,69.37,256.94,-44.13,-5.87,-5.94,-0.12,-0.30,0.08,32.50,65.25,215.87,5.19,-7.75,-7.06,4,2
1772044530.374984,1868871,0.74,1.22,0.39,62.44,69.25,269.87,-92.56,-8.25,-4.00,0.05,-0.16,-0.07,31.19,66.31,215.62,5.25,-1.75,-1.19,4,1
1772044530.567497,1869063,-0.06,0.85,-0.19,78.81,74.25,275.87,11.69,-31.56,-29.87,-0.01,0.18,0.10,28.87,68.00,215.37,7.25,-2.44,-4.69,5,1
1772044530.758537,1869254,-0.30,0.11,-0.19,91.25,76.62,273.12,18.94,-12.13,16.25,-0.01,0.02,0.06,27.25,68.31,216.00,-3.50,-0.56,-4.56,6,2
1772044530.949425,1869445,0.86,2.27,0.40,89.75,71.75,264.37,57.69,-7.69,33.06,0.01,-0.09,-0.17,26.00,68.37,216.87,-2.31,3.56,-3.94,7,2
1772044531.138904,1869635,-2.68,-3.49,-0.87,84.37,76.31,248.25,16.19,38.13,-25.56,0.12,-0.19,0.15,25.69,66.81,217.31,-8.63,2.62,1.25,7,2
1772044531.328296,1869824,1.10,2.09,0.64,61.63,67.25,256.37,5.75,0.00,8.81,-0.12,0.27,-0.14,25.87,67.50,218.44,-1.81,0.56,-1.56,6,2
1772044531.520674,1870016,-0.08,-0.81,0.32,59.56,69.50,251.00,2.69,-0.19,-1.62,0.05,-0.12,0.07,26.62,66.37,218.06,0.19,-0.19,1.56,6,3
1772044531.711755,1870208,0.53,0.54,0.33,69.56,68.62,254.62,-44.94,-14.69,7.75,-0.07,0.17,0.10,26.81,66.50,217.94,0.81,5.12,6.00,6,3
1772044531.904083,1870400,-0.09,0.37,-0.39,84.87,69.00,256.44,-13.88,-20.56,-5.06,0.04,0.17,0.00,26.62,66.87,217.87,3.06,-3.81,-1.12,5,3
1772044532.094322,1870590,-0.09,0.28,-0.10,90.37,69.56,257.44,-3.19,0.88,1.44,0.00,0.00,0.04,26.69,67.19,217.81,0.06,-0.44,-1.19,4,3
1772044532.285093,1870781,-0.06,0.13,-0.03,86.94,68.75,257.75,-7.19,16.00,10.50,-0.03,-0.06,0.09,26.81,67.19,217.87,-1.25,-0.75,-0.56,5,3
1772044532.477233,1870973,-0.03,0.51,-0.04,83.81,67.50,257.25,12.69,-1.19,-0.25,-0.01,0.16,-0.02,26.31,67.56,218.12,0.56,0.31,-0.13,4,3
1772044532.666740,1871163,0.43,0.25,0.23,73.75,68.75,253.25,52.75,20.69,-5.81,-0.08,-0.08,0.17,26.56,67.25,218.31,-2.75,1.12,0.44,3,3
1772044532.859756,1871355,0.73,-0.64,0.41,61.88,68.50,247.62,28.31,-2.19,-9.00,-0.03,-0.02,-0.15,25.94,67.37,218.44,1.94,-1.25,-2.00,2,2
1772044533.051199,1871547,0.00,-0.96,0.30,63.19,71.06,249.19,-42.56,4.69,-0.44,0.05,-0.11,0.08,25.94,68.00,218.44,0.25,-1.69,0.44,2,2
1772044533.242545,1871738,0.20,0.99,0.10,74.50,69.06,257.87,-33.06,-7.87,3.37,-0.01,0.06,-0.04,26.06,68.44,218.44,-0.56,2.44,3.19,2,3
1772044533.433305,1871929,0.02,0.12,-0.07,77.62,69.44,258.75,2.94,0.75,-0.69,-0.05,0.04,0.15,26.94,68.37,218.44,-0.56,0.19,0.13,2,2
1772044533.623902,1872120,0.04,0.02,0.02,73.75,69.56,258.06,15.81,7.69,-1.62,-0.02,-0.06,0.05,26.87,68.12,218.37,0.00,-0.37,-0.25,2,2
1772044533.814825,1872310,0.42,-0.25,0.29,70.37,69.37,256.94,4.87,-5.31,-0.13,0.00,-0.03,-0.04,27.00,68.19,218.37,0.19,-1.87,-2.00,2,2
1772044534.005823,1872502,-1.27,-2.92,0.31,75.75,69.62,260.94,-84.94,18.81,-0.75,0.28,-0.42,0.02,27.25,68.56,218.19,7.62,-0.81,6.75,2,2
1772044534.195791,1872692,0.87,1.77,0.40,79.62,65.25,284.06,-72.62,32.50,4.37,-0.06,0.05,0.08,31.62,68.37,216.19,-1.44,0.62,5.06,2,2
1772044534.385273,1872881,0.20,0.35,0.16,77.12,66.94,287.44,27.81,4.06,-9.75,0.03,-0.27,0.09,32.06,67.69,216.12,-1.00,1.69,-1.50,2,2
1772044534.574886,1873071,0.16,-0.20,0.65,68.06,69.37,280.94,90.56,-17.44,-11.19,0.01,-0.36,0.03,32.38,66.44,215.75,-3.12,7.06,5.44,2,2
1772044534.766949,1873263,-0.16,0.04,0.01,66.31,70.56,274.00,-2.12,-2.37,4.44,-0.06,0.00,0.04,31.75,67.19,216.19,3.37,-2.12,-2.56,2,2
1772044534.957641,1873453,-0.10,0.12,-0.06,67.94,70.19,273.37,5.37,-4.56,3.37,0.00,0.02,0.05,31.12,67.62,216.19,1.06,-1.75,-1.37,2,2
1772044535.148315,1873644,0.07,-0.08,0.08,67.06,69.87,271.44,12.31,-2.81,2.81,-0.02,-0.04,0.11,30.31,67.94,216.31,1.94,-0.06,-0.69,2,2
1772044535.337512,1873833,-0.07,-0.02,0.04,66.94,69.44,269.44,7.69,0.50,2.81,0.00,0.04,0.00,30.00,68.25,216.37,0.25,-1.31,-1.06,2,1
1772044535.527546,1874023,-0.15,0.54,-0.15,63.19,69.25,266.81,42.94,5.19,-2.81,-0.02,0.06,0.02,30.00,68.25,216.50,-1.00,1.69,0.06,4,1
1772044535.719951,1874216,-0.02,-0.75,0.21,51.19,69.12,260.50,25.56,-2.31,3.06,-0.04,-0.05,-0.01,29.69,67.94,216.62,1.00,-2.19,-1.69,4,2
1772044535.910454,1874406,-0.20,0.09,0.37,53.75,68.81,260.12,-24.37,-11.44,3.94,0.09,0.14,-0.17,29.31,68.50,216.56,1.06,-3.62,-1.87,3,2
1772044536.100959,1874597,0.13,0.04,0.00,59.06,69.25,262.00,-9.06,-5.31,1.31,-0.06,-0.04,0.10,29.12,68.69,216.75,-1.56,-0.81,-2.69,3,1
1772044536.291083,1874787,-0.23,-0.04,-0.12,65.44,69.50,263.37,-23.50,-2.50,1.31,0.00,0.09,-0.02,28.62,69.19,217.12,1.00,-1.69,-1.81,3,2
1772044536.480758,1874977,-0.11,0.12,-0.06,65.19,70.25,265.75,6.37,-1.69,-7.31,0.00,0.00,0.02,28.56,69.19,216.94,1.56,0.31,0.56,3,2
1772044536.672723,1875169,0.26,-0.01,0.16,60.00,70.87,265.37,15.63,4.69,-3.25,-0.01,-0.01,0.09,28.31,69.31,217.06,0.88,-0.81,-0.94,4,2
1772044536.863007,1875359,-0.52,0.85,0.05,56.50,70.50,263.50,41.75,7.19,-4.75,-0.11,0.00,0.24,29.31,68.50,216.94,-7.37,14.25,14.31,5,2
1772044537.053786,1875550,0.10,-0.69,0.13,47.63,70.25,258.25,2.44,-3.25,0.62,-0.01,-0.06,-0.06,32.50,66.44,216.69,-2.62,0.19,-0.81,7,5
1772044537.244077,1875740,0.32,0.21,0.17,50.50,70.87,260.25,-14.94,-6.25,-1.44,0.03,0.11,-0.14,33.00,66.19,216.62,-0.94,-3.37,-1.50,7,5
1772044537.434279,1875930,0.10,0.02,-0.08,53.81,71.69,261.75,-5.25,-3.56,0.37,-0.04,-0.07,0.06,32.56,66.87,216.69,4.69,-9.00,-10.25,6,5
1772044537.625605,1876122,0.04,0.14,-0.06,55.75,71.69,262.37,0.06,3.37,3.50,-0.02,-0.01,0.09,30.31,68.37,217.00,2.75,-2.87,-2.56,5,5
1772044537.816067,1876312,0.01,0.00,-0.03,53.06,70.62,261.19,18.19,13.81,0.31,-0.02,-0.06,0.07,29.75,68.69,217.06,-0.19,0.94,-0.69,6,6
1772044538.006613,1876502,0.24,-0.10,0.19,47.13,69.37,259.19,12.88,5.75,1.19,-0.05,-0.13,-0.07,29.44,68.69,217.12,-0.37,-1.25,-1.81,5,6
1772044538.197289,1876693,0.13,0.06,0.26,45.44,69.19,258.69,-3.87,-3.81,1.06,0.04,0.09,-0.05,29.12,69.00,217.37,0.25,0.06,-0.69,5,6
1772044538.387689,1876883,0.00,-0.10,0.17,49.06,69.25,259.12,-15.00,-12.13,2.50,0.00,-0.02,0.08,29.06,68.87,217.37,-0.19,-1.87,-0.62,5,5
1772044538.578750,1877074,-0.11,0.05,-0.22,55.75,70.62,261.12,-11.31,-8.94,-1.37,0.00,0.06,0.01,29.50,69.12,217.44,-1.12,-0.81,-0.31,5,6
1772044538.769034,1877265,0.13,0.00,0.00,58.75,71.25,262.87,-12.19,-2.56,0.31,-0.04,-0.09,-0.10,29.37,69.06,217.56,-1.06,-0.56,-1.31,4,6
1772044538.959312,1877455,0.08,0.35,0.03,61.06,71.50,264.75,-7.25,-1.56,2.12,-0.09,0.11,-0.04,29.37,69.25,217.69,0.88,-0.25,0.44,2,4
1772044539.150112,1877646,0.14,-0.08,0.00,61.25,71.44,264.56,2.25,0.94,1.56,-0.03,0.00,0.07,29.25,69.31,217.62,-0.13,-0.88,0.06,2,4
1772044539.340534,1877837,-0.13,0.10,-0.05,60.63,71.37,264.31,2.69,4.37,-2.81,0.00,0.04,0.02,29.44,69.37,217.62,0.13,0.44,0.13,4,5
1772044539.531527,1878027,-0.17,0.31,-0.07,54.19,71.12,263.81,24.50,10.94,-1.06,0.00,-0.09,0.13,29.37,68.94,217.50,-2.00,2.37,0.62,5,6
1772044539.721304,1878217,0.06,-0.24,0.21,47.63,70.06,260.44,12.69,0.88,5.44,0.06,0.05,-0.08,28.69,68.87,217.81,0.06,0.69,-2.00,5,5
1772044539.911817,1878408,0.19,-0.11,0.18,47.75,69.25,258.44,4.87,-2.87,4.00,-0.04,-0.04,0.05,28.00,68.62,217.87,0.50,1.19,-0.94,6,4
1772044540.102734,1878599,0.03,-0.26,0.12,51.56,69.25,258.25,-20.19,-8.25,0.00,0.03,0.10,0.22,27.75,69.00,218.06,2.37,3.06,1.62,6,4
1772044540.293541,1878790,0.07,0.16,-0.03,54.06,70.44,260.69,-3.81,-2.69,-1.19,0.00,0.03,0.08,28.00,69.06,218.12,-1.37,1.12,1.69,6,4
1772044540.484364,1878980,-0.03,0.18,-0.03,54.38,70.75,261.06,-1.69,0.00,-0.19,-0.05,0.03,0.05,28.19,68.94,218.12,0.31,0.31,-0.75,6,4
1772044540.674067,1879170,0.03,-0.03,0.06,53.13,70.37,260.87,3.25,3.12,0.13,-0.05,-0.04,0.01,28.25,68.81,218.00,-0.37,0.25,0.31,5,3
1772044540.864180,1879360,-0.02,-0.03,0.01,51.69,70.12,260.56,3.00,1.56,0.25,-0.05,0.02,0.04,28.12,68.87,218.06,0.00,0.44,0.19,5,3
1772044541.055921,1879552,0.02,-0.11,0.07,50.81,70.00,260.31,-1.06,0.94,-1.62,0.00,-0.11,0.10,28.19,68.94,218.19,-1.75,-1.75,-1.87,4,3
1772044541.246582,1879743,0.00,0.10,0.00,50.75,70.12,261.19,-4.37,-1.69,-2.37,0.01,-0.16,0.00,28.37,68.81,218.00,1.50,-0.44,0.25,2,2
1772044541.437497,1879934,0.10,-0.01,0.07,51.44,70.31,261.81,-3.56,-0.56,0.06,-0.03,0.01,0.16,28.56,69.12,218.12,0.19,-1.62,0.19,2,2
1772044541.627445,1880123,-0.02,0.12,-0.01,54.00,70.56,262.31,-3.19,-0.62,-0.19,-0.01,-0.03,0.00,28.69,69.19,218.06,-0.37,0.19,0.25,2,2
1772044541.816766,1880313,0.03,0.03,0.05,53.19,70.44,262.44,1.44,2.94,0.37,-0.04,0.01,0.14,28.56,69.12,218.25,0.50,1.62,0.56,2,3
1772044542.009003,1880505,0.37,-0.21,0.05,48.25,70.06,260.44,28.50,4.94,-2.87,0.00,-0.16,0.17,29.00,68.50,218.00,-1.44,2.81,3.31,2,4
1772044542.200008,1880696,0.01,0.53,0.19,47.19,69.87,259.37,9.00,2.50,0.75,-0.08,-0.14,-0.02,31.19,67.06,217.31,-5.19,2.12,2.06,2,4
1772044542.391424,1880887,-0.01,0.13,-0.01,45.94,70.44,259.19,-3.37,-1.37,-2.50,-0.05,-0.01,0.16,31.94,66.69,217.31,-1.81,3.19,5.37,3,4
1772044542.580638,1881077,0.27,-0.13,0.19,47.38,70.31,259.62,-7.69,-5.87,1.81,-0.05,-0.16,0.05,32.50,66.50,217.31,0.06,-8.38,-8.38,3,4
1772044542.770172,1881266,0.03,0.20,-0.02,52.38,71.62,261.00,-4.12,-0.25,-1.19,0.00,0.06,0.03,31.00,67.94,218.00,2.12,-3.94,-4.87,3,4
1772044542.961875,1881458,0.10,0.01,0.03,52.31,71.62,261.19,-0.13,2.69,1.37,0.00,0.09,0.04,29.50,68.50,218.12,3.06,1.37,-1.19,3,4
1772044543.153441,1881650,0.10,-0.13,0.08,50.00,70.87,260.31,7.50,5.00,1.19,-0.02,0.03,0.05,28.69,68.19,218.12,0.37,0.19,-0.62,4,3
1772044543.344443,1881841,-0.02,-0.08,0.06,48.19,70.37,259.56,3.25,0.69,0.50,-0.02,0.04,0.04,28.69,68.06,218.19,-1.06,-0.19,0.19,4,4
1772044543.533621,1882030,0.04,-0.02,0.10,46.75,70.25,259.31,3.00,1.25,0.06,-0.03,0.13,0.11,29.12,67.56,218.00,-2.12,4.94,4.94,4,3
1772044543.723342,1882219,-0.06,-0.15,-0.02,46.81,70.19,258.75,-0.31,-3.12,-1.44,-0.03,0.05,-0.03,30.31,66.87,217.94,-2.56,0.88,2.19,3,2
1772044543.915900,1882412,0.26,0.00,-0.08,44.88,70.44,259.19,8.19,4.87,-3.62,-0.04,-0.04,0.03,30.56,66.94,218.12,1.56,-1.69,-2.31,3,2
1772044544.106740,1882603,0.02,-0.04,0.09,43.13,70.12,258.81,0.25,1.94,2.37,-0.04,0.04,-0.04,29.94,67.31,218.00,1.56,-1.25,-1.12,3,2
1772044544.297845,1882794,0.11,-0.07,0.21,43.00,69.62,258.75,-1.62,-0.31,0.62,-0.03,-0.05,0.10,29.94,67.31,217.87,0.00,-0.94,-0.50,3,3
1772044544.488640,1882985,-0.05,0.02,-0.05,45.00,69.94,259.06,-4.50,-4.81,1.19,0.01,-0.06,-0.01,30.00,67.37,217.94,-1.12,-1.00,0.06,4,3
1772044544.679171,1883175,-0.16,0.07,0.00,45.88,70.19,259.31,1.06,1.81,-0.88,0.01,-0.03,0.16,30.12,67.44,218.12,-0.13,0.75,0.25,3,3
1772044544.872842,1883369,-0.27,0.20,-0.18,44.06,70.19,258.56,23.87,0.62,-2.19,0.04,0.11,0.00,30.50,67.25,217.94,0.13,4.25,6.00,3,3
1772044545.062554,1883558,-0.01,-0.41,0.20,41.00,69.69,256.56,-1.31,-0.31,3.94,0.00,-0.22,-0.05,32.25,65.94,217.62,-3.19,-5.50,-6.44,3,4
1772044545.252070,1883748,0.12,0.57,0.04,41.88,70.06,258.00,-9.31,2.75,-3.62,-0.14,-0.08,0.16,31.12,66.75,218.19,1.12,0.13,-0.25,3,4
1772044545.444748,1883941,-0.11,0.03,0.06,43.19,69.94,258.69,-6.44,1.81,4.19,-0.12,0.17,0.21,30.44,67.31,218.44,0.50,-0.75,-1.75,3,4
1772044545.636334,1884132,-0.25,-0.05,0.04,46.69,69.75,258.75,-4.56,-10.00,4.50,0.02,-0.09,-0.04,29.94,67.19,218.50,-5.06,-1.87,-4.31,3,4
1772044545.826742,1884323,0.26,0.07,0.02,47.31,69.87,259.50,-6.06,2.31,-5.31,0.04,-0.23,0.27,30.37,67.56,219.37,1.75,3.44,4.62,3,4
1772044546.016367,1884513,0.20,0.36,0.12,48.31,70.69,260.81,-1.12,4.75,-6.56,-0.03,-0.01,0.01,30.75,67.56,219.06,1.87,-1.37,1.19,3,4
1772044546.205811,1884702,0.15,0.02,0.18,47.06,70.75,261.00,-0.62,-1.00,0.81,-0.02,0.03,0.10,30.31,67.75,218.62,3.69,0.81,0.37,3,3
1772044546.398073,1884894,-0.16,-0.06,0.11,52.38,71.06,260.69,-8.88,-7.94,2.06,-0.08,-0.21,0.25,30.06,68.00,217.94,8.13,-2.12,0.94,2,3
1772044546.589428,1885085,-0.31,-0.11,0.00,63.94,72.37,263.94,-38.88,-18.56,-2.62,0.03,0.10,-0.31,28.25,69.56,218.06,5.06,-9.81,-12.88,2,3
1772044546.779754,1885276,0.25,0.31,0.13,72.69,73.50,269.81,-14.94,2.62,0.19,-0.02,-0.02,0.09,26.12,70.87,218.87,-1.50,3.62,3.94,3,3
1772044546.969445,1885465,-0.20,0.19,-0.05,74.31,74.19,271.50,-7.75,-1.94,-5.87,0.09,0.00,-0.04,27.37,70.37,218.56,1.31,1.25,1.12,3,4
1772044547.160316,1885657,0.18,0.10,0.15,70.56,74.62,273.12,1.87,4.75,2.87,-0.02,-0.06,0.16,26.75,70.06,218.44,1.25,0.50,-1.06,3,3
1772044547.351491,1885848,-0.06,0.02,0.03,71.56,73.56,272.06,-1.00,-3.12,9.13,0.00,-0.01,0.00,26.25,69.94,218.31,0.00,0.00,-0.25,3,3
1772044547.541954,1886038,-0.15,-0.25,0.00,75.06,72.37,271.31,-12.81,2.62,5.75,0.00,0.01,0.06,25.37,70.00,218.19,2.87,-3.37,-1.87,4,4
1772044547.732765,1886229,-0.23,-0.05,0.21,78.06,69.37,278.06,-90.81,32.44,18.94,0.01,-0.05,-0.08,24.69,70.87,218.25,2.69,-5.81,-2.81,5,4
1772044547.922523,1886419,0.26,0.45,0.20,79.25,67.12,285.37,-0.31,-6.75,0.19,-0.06,-0.05,-0.01,24.37,71.19,218.25,0.94,0.88,0.94,5,4
1772044548.112558,1886609,0.26,0.66,0.40,84.19,68.81,281.44,52.19,-44.06,-4.06,0.04,0.06,-0.16,24.87,71.00,218.00,0.50,3.19,3.44,4,4
1772044548.304162,1886800,-0.40,-0.42,-0.06,89.12,69.75,270.94,33.88,-4.62,-5.81,-0.06,-0.05,-0.03,24.69,70.37,217.31,3.44,0.62,0.13,5,4
1772044548.494508,1886991,-0.04,-0.37,-0.05,86.50,70.12,266.87,11.06,0.75,-1.75,0.00,-0.02,0.16,24.56,70.37,217.19,-0.25,-1.25,1.31,5,4
1772044548.685535,1887182,-0.03,0.09,0.08,84.69,70.31,266.81,-1.25,7.81,-0.56,-0.01,0.02,-0.01,24.75,70.50,217.25,-1.00,0.88,0.69,4,4
1772044548.875611,1887372,0.04,0.11,0.06,82.69,70.44,266.56,7.25,-4.56,-1.37,-0.02,-0.03,-0.11,24.87,70.25,217.25,0.56,2.50,0.37,4,3
1772044549.066181,1887562,0.00,-0.05,-0.03,82.31,71.19,265.06,9.19,0.31,-2.00,-0.04,0.09,0.08,24.56,69.94,217.25,-0.25,5.00,2.81,4,3
1772044549.256803,1887753,-0.19,-0.11,-0.06,81.37,71.12,263.75,6.00,0.94,1.06,-0.06,0.02,0.06,24.81,69.25,217.19,-2.31,1.00,0.62,4,2
1772044549.447429,1887944,0.07,-0.19,0.04,78.94,70.94,263.56,-1.06,3.62,2.94,-0.03,0.06,0.04,25.25,69.25,217.19,-1.94,-3.00,-0.13,2,1
1772044549.638364,1888134,0.04,0.21,0.02,80.00,69.50,265.37,-30.62,13.06,4.62,-0.09,0.00,-0.05,25.62,69.62,217.25,-0.62,-2.69,-1.00,2,1
1772044549.828628,1888325,0.23,0.28,0.09,77.81,69.56,268.44,1.69,0.50,-3.06,-0.08,0.00,-0.06,25.81,69.87,217.31,0.37,-0.56,0.19,2,1
1772044550.019365,1888516,-0.09,-0.10,0.09,79.00,70.44,266.50,16.94,-11.44,0.25,-0.04,0.01,-0.09,26.25,70.12,217.44,0.31,-0.13,0.31,2,1
1772044550.209660,1888706,-0.11,-0.18,0.00,78.94,70.69,264.75,7.25,3.19,-1.87,-0.01,-0.07,0.24,26.19,70.00,217.31,0.75,2.44,2.69,2,1
1772044550.400104,1888896,0.17,-0.07,0.07,75.75,70.87,263.62,18.06,-2.06,-1.56,0.00,-0.06,0.13,26.94,69.62,217.12,-1.31,-0.81,-1.19,1,1
1772044550.591103,1889087,0.13,0.00,0.10,73.31,71.56,261.69,13.25,-1.00,-4.00,-0.14,0.05,-0.11,26.06,69.69,217.81,-4.31,-0.94,-2.19,2,1
1772044550.781559,1889278,-0.01,0.16,-0.02,66.19,71.94,260.44,19.94,16.87,-4.12,-0.06,-0.41,0.02,28.25,68.19,217.31,-2.81,6.31,6.00,2,1
1772044550.972506,1889468,-0.04,-0.06,-0.34,55.38,71.87,259.00,21.12,17.31,-2.37,-0.07,-0.06,0.12,27.94,67.94,217.44,-2.12,-2.62,-4.87,2,1
1772044551.162458,1889659,0.01,-0.56,0.23,48.63,69.62,257.69,-10.38,12.13,4.44,-0.05,0.01,-0.16,27.12,68.69,217.81,1.62,-2.75,0.00,2,2
1772044551.352525,1889849,-0.13,-1.88,0.74,53.06,66.19,266.00,-128.62,38.63,8.50,-0.05,-0.17,0.33,27.81,68.81,217.62,5.62,5.69,5.62,2,3
1772044551.543650,1890040,0.66,1.70,0.39,69.81,61.56,286.69,-78.00,10.63,-10.88,0.00,0.06,0.26,28.69,69.00,217.25,-0.31,-2.87,0.13,2,3
1772044551.734769,1890231,-0.04,0.40,0.19,71.06,64.50,291.69,4.75,1.87,-11.63,-0.06,-0.13,0.04,29.81,68.37,217.44,-3.00,-0.44,-0.62,2,3
1772044551.925543,1890422,0.35,0.20,0.12,69.06,66.37,292.25,11.81,-12.56,-5.69,0.00,-0.04,0.00,28.94,68.75,217.44,4.56,-0.94,-1.06,3,3
1772044552.114900,1890611,0.32,0.88,0.44,69.81,70.06,285.06,111.31,-44.06,-15.88,-0.09,0.09,0.05,28.25,69.12,217.31,2.25,2.19,1.94,3,3
1772044552.305095,1890801,-0.52,-2.05,0.65,77.37,73.81,267.44,48.06,-36.50,-2.94,0.23,0.06,-0.27,28.12,68.31,216.81,2.00,-5.00,-5.69,3,4
1772044552.496861,1890993,-0.49,0.15,-0.17,92.94,73.81,267.37,-10.00,-13.50,7.75,-0.07,0.06,-0.05,27.31,68.62,216.50,0.13,1.81,2.19,3,4
1772044552.688043,1891184,0.16,-0.12,-0.13,94.00,73.81,266.94,6.87,9.19,-3.62,-0.07,-0.13,0.37,28.00,67.81,216.50,-1.87,5.37,2.87,3,3
1772044552.879038,1891375,-0.23,0.15,-0.17,93.19,73.87,266.19,4.50,1.44,-1.12,0.02,0.06,-0.22,28.31,67.56,216.69,-1.69,-0.56,-0.56,3,3
1772044553.068561,1891565,-0.15,0.18,-0.06,82.37,74.19,264.81,26.56,22.06,-0.81,-0.04,-0.12,0.26,28.37,67.62,216.94,-0.06,-1.62,-2.06,3,3
1772044553.257746,1891754,-0.20,-0.06,0.10,68.44,73.00,261.19,19.62,16.25,6.37,0.01,0.04,-0.14,28.00,67.94,217.12,-0.06,-0.19,-1.06,3,3
1772044553.449794,1891946,0.60,-0.51,0.13,57.75,70.87,258.12,17.75,8.50,4.75,-0.06,0.03,0.01,26.94,68.19,217.94,-5.94,4.50,-1.37,3,2
1772044553.641441,1892138,-0.20,-0.20,0.39,60.13,69.69,256.19,-13.69,-1.56,5.12,-0.13,0.00,-0.02,25.81,68.12,218.56,3.69,-2.44,-0.62,4,3
1772044553.832131,1892328,0.24,0.10,0.13,68.87,70.31,258.87,-28.37,-15.56,3.12,0.02,0.08,0.14,25.56,68.25,218.56,-2.50,-3.56,-3.00,6,4
1772044554.021675,1892518,-0.36,-0.43,0.02,79.81,70.00,260.44,-30.00,-3.75,-5.37,0.04,-0.07,-0.16,25.62,68.69,218.94,2.62,-3.94,0.13,6,4
1772044554.210718,1892707,0.40,0.81,0.26,80.81,70.62,267.81,-11.38,2.94,-4.19,-0.03,0.10,0.00,26.44,69.37,218.62,-0.13,-1.37,2.31,5,4
1772044554.403671,1892900,-0.04,0.05,0.07,82.50,71.62,266.56,15.56,-8.81,-3.87,-0.02,-0.07,0.07,26.56,68.94,218.31,-0.19,1.44,1.75,5,3
1772044554.596981,1893093,0.18,-0.40,0.14,82.75,72.00,264.31,4.69,-3.75,-0.37,-0.08,0.07,-0.05,26.69,68.62,218.12,1.44,-0.62,-0.69,5,4
1772044554.786433,1893283,0.10,-0.03,0.19,84.37,71.87,264.12,-1.00,0.37,1.06,0.00,-0.05,0.01,26.75,68.50,217.94,0.00,2.19,1.69,5,4
1772044554.975998,1893472,-0.16,0.03,0.02,86.44,71.94,264.19,-5.94,-0.37,-0.37,0.02,-0.03,0.10,26.75,68.56,218.00,0.56,-0.25,0.06,5,4
1772044555.167148,1893663,-0.11,-0.04,0.15,82.56,71.56,266.62,-27.62,26.00,2.87,-0.12,0.02,0.24,26.75,68.94,218.37,-1.81,-2.44,-2.56,5,3
1772044555.360925,1893857,-0.25,0.29,-0.17,81.00,70.25,267.62,19.19,-2.69,0.56,0.06,-0.05,-0.14,27.31,68.75,217.81,0.75,0.75,1.00,5,3
1772044555.552097,1894049,0.63,-0.49,0.22,64.06,69.69,262.00,69.31,32.00,-7.75,-0.13,-0.28,0.52,27.37,68.00,217.87,-0.69,5.56,1.62,5,2
1772044555.741829,1894238,-0.04,-0.65,0.54,64.31,69.50,258.06,-19.31,-19.75,1.94,-0.07,-0.08,-0.20,26.81,68.12,218.00,0.50,-6.25,-5.37,2,2
1772044555.931153,1894427,-0.17,0.75,-0.01,75.69,71.12,263.06,-25.31,-1.31,-7.44,-0.01,0.06,0.14,26.37,69.00,218.25,-1.31,2.06,2.00,2,1
1772044556.123383,1894620,0.00,0.03,-0.16,75.87,72.44,264.56,5.19,-3.94,-1.50,-0.03,-0.15,0.08,26.81,68.56,218.44,-1.00,2.00,0.62,2,1
1772044556.314507,1894811,0.07,-0.26,0.05,78.00,73.19,264.62,-3.31,-6.19,-4.37,0.01,0.00,-0.07,27.12,68.75,218.31,1.44,-5.81,-3.50,2,1
1772044556.505485,1895002,-0.08,-0.49,0.21,82.12,74.31,269.87,-51.38,10.13,-12.19,0.02,0.14,-0.09,26.00,69.50,218.06,1.81,-2.62,-2.50,2,1
1772044556.694667,1895191,0.13,0.40,0.09,84.25,75.69,276.06,9.50,-9.38,-2.31,0.00,-0.07,0.01,26.06,69.37,218.19,-0.25,4.06,2.00,2,1
1772044556.883824,1895380,0.02,0.02,-0.07,88.87,75.81,272.69,18.19,-7.62,4.56,0.00,-0.07,0.04,25.81,68.62,217.94,1.62,3.50,1.31,2,1
1772044557.075851,1895572,0.07,0.23,-0.12,91.94,74.31,267.12,28.75,-19.87,13.81,0.07,0.00,0.05,25.12,67.69,218.19,-0.19,6.69,1.50,2,1
1772044557.267410,1895764,-0.13,-0.32,0.10,93.00,72.75,261.87,-0.75,-3.06,3.12,-0.05,0.15,-0.09,24.50,67.75,217.87,2.81,-2.12,-1.25,2,1
1772044557.457827,1895954,0.05,0.05,0.03,92.37,72.81,262.62,-2.37,4.75,-1.25,-0.02,0.02,-0.01,24.44,67.87,217.75,-0.69,0.00,0.75,2,1
1772044557.647853,1896144,-0.08,0.10,-0.06,90.44,72.94,263.37,-2.00,4.31,-1.69,-0.01,0.02,-0.03,24.94,67.81,217.81,-2.44,-0.69,0.25,3,1
1772044557.837156,1896334,-0.54,0.72,-0.55,82.37,73.19,262.94,31.00,27.00,-0.44,0.03,-0.07,0.36,25.69,67.56,218.06,-4.06,3.75,3.31,3,1
1772044558.028818,1896525,0.34,-0.33,0.40,56.88,71.50,258.31,28.06,17.37,2.06,0.00,0.04,-0.12,25.75,67.37,218.50,-1.06,-2.25,-4.12,2,1
1772044558.220152,1896717,0.35,-0.23,0.53,51.13,69.87,256.19,2.69,4.94,3.87,-0.02,-0.03,-0.01,24.94,67.62,218.87,1.44,-1.81,-1.00,2,1
1772044558.410971,1896907,-0.12,-0.29,0.17,58.50,70.37,258.25,-45.63,-9.44,-2.62,-0.07,-0.08,0.16,25.06,68.00,218.69,2.62,-0.75,1.81,2,1
1772044558.600933,1897097,-0.09,0.18,-0.10,67.56,71.50,263.75,-13.56,-0.31,-2.87,-0.12,-0.06,0.12,25.94,68.31,218.56,0.37,1.12,2.50,2,1
1772044558.791412,1897288,-0.06,0.06,-0.03,70.12,72.19,265.19,-3.31,-7.62,-0.25,0.00,0.05,-0.06,26.19,68.37,218.44,0.25,-1.00,0.00,2,1
1772044558.981835,1897478,0.17,-0.03,0.15,70.44,72.50,265.62,1.44,-0.25,0.00,-0.02,0.01,0.10,26.19,68.37,218.44,0.50,-0.94,-0.25,2,1
1772044559.172785,1897669,0.00,-0.02,0.11,72.87,72.37,265.12,0.06,-6.56,1.75,0.00,-0.03,-0.02,26.25,68.44,218.44,0.56,0.19,0.69,2,2
1772044559.363476,1897860,0.01,0.06,0.06,76.19,72.50,264.69,0.19,-6.37,1.94,-0.01,0.02,0.01,26.25,68.44,218.37,0.19,0.19,0.37,2,2
1772044559.554074,1898050,0.03,-0.10,-0.01,79.62,72.25,263.94,2.12,-4.25,0.75,-0.05,-0.02,0.10,26.25,68.25,218.25,0.31,1.56,0.13,1,1
1772044559.743582,1898240,0.04,0.01,0.05,82.00,72.50,263.62,2.94,-5.44,-0.44,-0.05,-0.06,0.08,25.81,67.94,218.19,1.37,1.31,0.94,1,2
1772044559.934558,1898431,-0.08,-0.02,-0.01,84.75,72.75,262.94,3.69,-2.00,-0.06,-0.03,0.02,0.01,25.50,67.75,218.12,0.06,1.56,0.50,2,2
1772044560.125737,1898622,-0.37,0.61,-0.38,82.81,72.62,262.44,13.56,14.19,4.37,-0.06,0.09,-0.11,25.44,67.50,218.25,-4.75,2.87,1.12,2,2
1772044560.316305,1898813,0.45,-0.35,0.21,59.75,70.94,257.44,53.25,34.00,-2.81,0.00,-0.17,0.21,26.50,66.87,218.37,-2.00,-4.00,-2.56,2,2
1772044560.506754,1899003,-0.15,-0.49,0.43,46.00,69.06,253.12,11.75,11.44,-4.62,0.00,0.12,-0.16,27.44,66.69,218.00,-2.12,1.87,5.75,2,2
1772044560.696157,1899193,0.34,-0.91,0.67,41.75,68.94,254.00,-18.87,-14.06,-15.31,0.04,0.35,0.00,28.31,67.50,218.56,1.25,2.06,4.69,1,2
1772044560.887317,1899384,-0.40,0.90,-0.14,47.81,73.87,261.25,-25.69,-17.19,-18.75,-0.23,-0.29,0.18,31.12,64.62,216.06,-7.50,6.31,7.69,4,5
1772044561.078752,1899575,0.10,0.00,-0.35,56.44,75.62,263.06,-24.69,-16.06,1.25,-0.06,-0.07,-0.02,30.81,65.19,216.81,1.81,-3.25,-3.87,4,5
1772044561.269403,1899766,-0.02,0.13,0.00,69.00,75.12,267.06,-39.38,3.81,6.25,-0.03,-0.05,0.02,29.56,66.69,217.25,7.56,-7.31,-5.31,4,5
1772044561.460228,1899956,-0.09,0.21,0.02,76.44,75.12,270.00,-2.94,-16.25,-1.37,-0.02,0.00,-0.05,27.44,68.31,216.94,9.50,-6.75,-5.25,4,5
1772044561.649773,1900146,-0.40,-0.17,-0.11,87.94,75.44,268.75,1.75,-12.50,5.25,-0.18,0.27,-0.31,25.69,69.12,216.62,1.12,-3.62,-2.00,4,5
1772044561.839926,1900336,0.18,-0.11,0.00,84.69,74.00,267.62,4.44,9.44,3.50,-0.09,-0.06,0.08,25.44,69.06,216.75,-1.31,0.31,-0.37,4,5
1772044562.031943,1900528,-0.16,-0.20,-0.02,82.87,73.81,267.69,-8.75,6.37,-2.50,-0.02,0.00,-0.02,25.81,69.25,217.00,-2.19,-1.56,-1.12,4,5
1772044562.222558,1900719,0.67,0.36,0.36,81.69,73.31,270.19,-10.44,-12.19,6.44,-0.03,-0.02,0.06,25.81,69.50,217.37,0.75,-1.19,-2.50,4,5
1772044562.413218,1900910,-0.93,1.03,-0.72,89.69,73.25,269.12,14.13,27.25,2.12,-0.10,0.46,0.01,25.69,69.37,217.81,-11.13,5.25,3.12,4,5
1772044562.603390,1901099,-0.53,-1.34,0.13,76.69,71.19,260.62,15.88,-27.19,6.56,-0.03,0.04,-0.11,25.50,68.81,217.94,7.12,0.31,0.69,5,6
1772044562.792847,1901289,0.26,0.29,0.13,74.31,70.62,263.56,-17.94,24.56,3.06,0.03,-0.33,0.17,25.75,69.00,217.87,-0.81,-5.00,-3.81,3,4
1772044562.984676,1901481,-0.06,0.18,-0.18,74.56,72.06,263.87,27.56,-17.81,-11.19,-0.04,0.12,0.13,24.62,69.75,218.12,-0.44,2.75,2.81,3,3
1772044563.176116,1901672,-0.04,-0.07,0.08,76.12,72.69,261.00,-1.31,-2.94,0.25,-0.02,0.03,-0.03,25.37,69.56,218.19,-0.50,-0.69,-0.81,3,3
1772044563.367218,1901864,0.02,-0.12,0.01,76.81,73.56,261.87,-7.12,-3.37,-2.81,-0.04,-0.01,0.02,25.50,69.50,218.06,0.44,-0.62,0.19,3,3
1772044563.556779,1902053,-0.05,0.11,-0.06,79.31,73.94,263.25,-5.87,-1.00,-1.37,-0.04,-0.05,0.02,25.50,69.44,218.06,-0.44,0.56,0.25,2,3
1772044563.745977,1902242,0.02,-0.04,-0.06,80.00,74.00,264.00,-3.37,0.31,0.00,-0.05,-0.05,0.04,25.56,69.44,218.12,0.00,0.62,-0.62,3,3
1772044563.938237,1902434,-0.73,-0.51,-0.06,78.94,74.31,267.69,-47.69,20.87,-3.44,-0.01,-0.03,-0.01,25.31,69.69,218.31,-0.37,-2.37,-0.94,3,3
1772044564.129945,1902627,0.20,0.75,0.04,76.37,72.81,274.87,-1.31,-2.81,-2.06,-0.03,-0.08,0.01,25.56,69.87,218.44,0.81,1.44,1.25,2,3
1772044564.322298,1902819,0.04,-0.01,0.02,77.06,73.87,274.25,3.25,-3.00,-1.75,-0.04,-0.04,0.02,25.56,69.81,218.31,0.31,0.50,0.62,2,4
1772044564.512055,1903008,-0.01,0.34,-0.11,77.62,74.25,274.19,5.37,-0.56,-0.62,-0.04,0.00,-0.07,25.25,69.69,218.37,-0.81,-0.13,-1.44,2,3
1772044564.701263,1903198,-0.21,0.53,-0.09,68.25,73.25,268.31,67.69,25.25,6.69,-0.10,-0.16,0.25,25.37,68.81,218.44,-1.75,5.69,2.87,2,2
1772044564.894325,1903391,-0.27,-0.78,0.31,56.44,71.62,259.81,8.44,-8.00,3.75,0.00,-0.05,-0.20,25.25,68.56,218.25,2.44,0.25,0.06,1,2
1772044565.086601,1903583,0.06,0.06,0.07,58.13,71.44,261.19,-16.37,-0.25,-2.56,-0.05,0.05,0.12,25.19,69.06,218.44,-1.37,0.00,0.50,2,3
1772044565.278315,1903775,-0.17,-0.49,-0.06,63.44,71.69,266.75,-63.38,7.37,-0.88,-0.14,0.11,0.10,25.37,69.19,218.50,-0.88,-1.62,0.06,2,3
1772044565.468183,1903965,0.13,0.94,0.16,69.69,70.00,279.69,-77.81,27.31,1.69,-0.06,0.06,0.06,26.00,69.44,218.56,-1.50,-1.94,-0.69,2,3
1772044565.659149,1904155,0.20,0.32,0.11,70.62,69.81,286.81,-16.37,-1.87,2.62,-0.04,-0.07,-0.05,26.19,69.37,218.62,-1.06,-0.88,-0.69,2,3
1772044565.850020,1904347,0.09,0.00,0.13,73.06,69.44,287.81,-4.37,-0.06,2.75,-0.02,0.00,0.06,26.25,69.50,218.62,1.87,-0.06,-0.25,2,3
1772044566.041032,1904538,0.39,0.65,0.17,74.75,69.62,287.25,18.56,-14.25,-1.69,0.00,0.02,0.09,26.00,69.62,218.56,0.25,0.31,0.31,2,3
1772044566.232466,1904729,-0.30,-0.66,0.25,75.69,72.44,278.00,68.19,-29.37,-8.25,0.00,-0.09,-0.05,26.00,69.06,218.44,1.94,3.87,0.31,2,2
1772044566.421971,1904919,0.17,-0.69,0.02,81.62,73.31,271.69,12.75,-17.75,1.31,0.00,0.00,0.22,25.12,68.87,218.06,3.37,3.31,3.31,2,2
1772044566.611575,1905108,0.13,0.23,-0.02,88.12,70.19,270.81,10.06,1.81,-5.69,-0.07,0.05,0.17,24.50,68.94,218.12,3.00,5.44,2.37,3,2
1772044566.802995,1905300,0.01,0.48,-0.30,83.50,71.37,268.06,41.69,2.44,-4.56,-0.22,0.07,-0.03,25.37,68.44,218.12,-3.00,1.06,2.81,3,2
1772044566.993861,1905490,0.49,-0.83,0.44,62.81,71.19,259.50,56.13,18.25,-0.37,0.01,-0.12,-0.02,27.25,67.56,218.31,-2.62,-0.06,-2.19,2,1
1772044567.184797,1905681,-0.21,-0.06,0.23,60.63,70.56,256.56,-10.88,-1.81,3.44,0.04,0.19,-0.27,26.37,68.19,218.50,1.75,-2.44,-1.37,2,1
1772044567.374971,1905872,0.17,-0.42,0.06,55.50,69.81,256.06,18.81,9.75,-1.44,-0.01,-0.07,0.25,26.50,68.06,218.44,-0.44,0.69,-0.06,3,1
1772044567.564792,1906061,-0.23,-0.15,0.01,54.75,70.00,254.56,10.94,-2.25,-5.12,0.03,0.02,-0.16,26.69,68.06,218.62,-1.87,-0.06,-0.25,3,1
1772044567.755023,1906252,0.32,0.39,0.24,53.50,71.06,252.81,33.88,-26.56,4.06,0.00,0.12,0.07,26.87,67.81,218.75,-1.69,6.56,2.62,3,1
1772044567.945960,1906443,-0.37,-0.63,0.07,62.75,72.06,251.62,-43.50,-5.81,0.88,0.02,0.29,-0.18,26.12,66.75,218.69,-1.12,5.06,3.94,3,1
1772044568.136839,1906633,0.43,-0.01,0.12,66.00,72.25,258.87,-33.31,2.00,-3.06,-0.05,-0.03,-0.03,27.56,66.25,218.62,-1.81,-3.19,-1.44,2,1
1772044568.326310,1906823,-0.08,-0.18,0.02,70.94,72.69,264.81,-35.94,-0.31,-2.62,0.07,-0.07,-0.05,27.25,66.81,218.62,2.44,-4.44,-2.56,2,2
1772044568.515789,1907012,-0.20,0.19,-0.03,77.06,74.19,271.94,-33.56,-2.56,-13.38,0.00,0.11,0.14,26.81,68.06,218.62,3.62,-3.81,-1.81,2,2
1772044568.707757,1907205,0.03,0.18,0.00,81.87,75.25,275.94,-0.19,0.75,1.69,-0.04,0.06,-0.07,27.12,68.06,218.69,-2.81,2.31,1.37,2,2
1772044568.898514,1907395,-0.12,0.50,-0.08,75.75,74.81,274.50,16.37,12.63,2.19,-0.01,0.00,0.02,27.81,67.56,218.81,-3.44,1.37,1.62,2,2
1772044569.089107,1907586,-0.26,-0.15,0.04,55.06,71.31,264.94,91.44,29.25,22.44,-0.12,-0.33,0.18,28.94,67.12,219.25,-2.69,2.12,1.87,2,2
1772044569.278700,1907775,-0.33,-0.95,0.48,44.88,69.00,255.31,4.31,-5.75,4.31,0.05,0.09,-0.47,28.69,66.62,218.56,3.37,6.06,4.31,2,2
1772044569.468732,1907965,0.17,-0.53,0.36,48.25,69.19,258.75,-48.50,-6.44,-4.00,-0.03,0.22,0.05,28.00,68.37,219.00,1.06,-12.25,-7.56,2,2
1772044569.661025,1908157,-0.25,1.00,-0.01,58.81,70.75,265.75,-23.19,-14.13,-0.69,0.01,0.11,-0.15,28.19,68.81,218.87,-2.94,-5.06,-2.69,1,2
1772044569.851163,1908348,-0.02,-0.18,0.14,62.63,70.25,263.06,9.69,-9.31,7.87,0.03,-0.29,0.22,28.19,67.81,218.81,3.81,9.31,3.44,1,2
1772044570.042167,1908539,-0.07,-0.22,0.02,69.56,70.00,261.81,-23.12,-15.63,-3.12,-0.06,0.22,0.00,27.56,68.00,218.94,1.37,-2.81,-1.87,2,2
1772044570.232729,1908729,-0.09,0.33,0.06,78.25,71.50,265.25,-13.69,-10.25,-3.25,-0.03,0.15,0.08,27.06,67.87,218.94,-0.75,-0.31,-1.12,2,2
1772044570.422761,1908920,0.07,-0.08,0.05,81.19,71.37,265.94,-5.62,3.06,0.13,0.00,-0.10,0.06,27.37,67.75,219.25,-0.81,0.94,0.94,2,2
1772044570.613878,1909111,0.00,0.11,0.01,81.87,71.75,267.00,-0.56,0.37,-0.06,-0.05,0.00,-0.03,27.50,67.75,219.25,-0.44,0.19,0.00,2,2
1772044570.804493,1909301,-0.01,0.01,-0.01,81.06,71.69,266.69,5.44,2.62,-1.81,-0.04,-0.03,0.05,27.56,67.75,219.25,-0.13,0.19,0.62,2,2
1772044570.994475,1909492,-0.21,0.27,-0.15,77.50,71.69,265.44,18.19,10.19,0.31,0.00,0.02,0.11,27.69,67.81,219.31,0.06,0.94,0.00,2,2
1772044571.184502,1909681,0.10,-0.22,0.19,69.94,70.50,262.25,9.75,3.94,3.94,-0.05,-0.06,0.01,27.50,67.75,219.44,1.37,-0.69,-1.50,2,2
1772044571.374136,1909871,0.15,0.16,0.03,68.44,70.06,261.25,7.87,0.88,-0.13,0.00,-0.02,-0.08,27.44,67.94,219.56,-0.19,-1.50,-0.56,4,2
1772044571.566545,1910063,-0.02,-0.16,0.01,67.19,70.12,259.94,-1.06,-4.56,2.56,0.00,0.04,-0.14,27.12,68.37,220.00,-0.94,3.56,0.75,3,2
1772044571.757159,1910254,-0.15,0.04,-0.07,67.44,69.75,259.94,3.12,1.81,0.37,0.02,-0.01,0.02,26.69,68.25,220.06,-1.44,1.75,0.13,3,1
1772044571.947664,1910444,0.26,0.04,0.11,60.81,69.62,259.37,11.25,12.13,-3.75,-0.08,0.05,0.15,26.12,68.50,221.00,-4.00,-2.69,-0.31,3,1
1772044572.137664,1910634,-0.25,-0.18,0.00,59.06,69.06,257.87,-0.25,-8.44,7.69,-0.01,-0.07,-0.03,25.94,68.19,221.06,1.56,2.00,0.13,3,1
1772044572.327264,1910824,0.16,-0.15,0.24,60.94,68.69,257.25,-0.44,-1.75,3.25,0.02,-0.16,0.13,25.37,68.12,221.06,0.25,-2.12,-1.00,4,2
1772044572.519540,1911016,-0.11,0.05,-0.31,65.06,69.37,258.37,-11.25,-1.44,-6.87,0.01,0.05,0.00,25.44,68.25,220.81,-2.00,-4.19,-1.62,4,2
1772044572.709922,1911207,0.22,0.10,0.19,65.75,69.94,260.12,-4.87,4.81,-3.69,-0.05,-0.14,0.17,26.31,68.31,221.00,1.37,2.81,2.44,4,1
1772044572.900489,1911397,-0.02,0.06,-0.11,66.12,70.31,260.87,0.69,6.31,-1.12,-0.01,-0.03,0.06,26.31,68.44,221.00,0.69,0.31,0.13,4,2
1772044573.090338,1911587,0.06,0.01,0.04,62.25,70.00,260.75,9.56,6.06,-0.69,0.00,-0.07,0.08,26.31,68.44,220.94,0.31,-0.13,-0.25,4,2
1772044573.280133,1911777,-0.04,0.07,0.18,60.44,69.75,260.19,-2.25,1.94,-2.12,0.00,0.32,-0.05,26.44,68.87,221.00,-2.19,1.37,4.12,3,2
1772044573.472640,1911969,0.14,-0.14,0.03,60.06,69.69,260.37,-8.00,-6.75,-1.37,-0.05,-0.02,-0.06,27.25,68.56,220.81,-0.50,-3.87,-4.25,3,2
1772044573.662989,1912160,0.11,0.15,-0.16,63.75,70.25,261.75,-2.81,0.31,3.06,0.03,-0.05,0.07,26.69,68.69,220.69,1.69,-0.69,-0.44,3,2
1772044573.853829,1912351,0.04,-0.04,0.07,64.31,70.00,261.37,-0.50,2.37,0.25,0.01,0.03,-0.05,26.37,68.94,220.69,-0.13,-0.94,-0.75,3,2
1772044574.043451,1912540,0.05,-0.06,0.05,64.19,70.00,261.56,-1.19,-1.37,-1.12,0.00,0.05,0.01,26.56,68.94,220.69,0.37,1.25,1.00,2,2
1772044574.234098,1912731,0.05,-0.02,-0.01,64.69,70.31,261.81,0.25,-1.19,0.25,-0.04,-0.03,0.05,26.50,68.69,220.62,0.31,0.19,0.00,1,2
1772044574.425714,1912922,-0.08,0.09,-0.10,65.81,70.37,261.62,0.69,-1.50,2.00,-0.01,-0.08,0.06,26.62,68.69,220.75,0.31,-0.62,-0.37,1,2
1772044574.616235,1913113,0.00,0.00,0.06,65.69,70.50,261.62,0.19,-1.19,-0.62,-0.03,0.01,0.02,26.44,68.69,220.69,-0.06,0.88,0.31,1,3
1772044574.807342,1913304,-0.07,-0.05,0.02,66.62,70.81,261.62,1.62,-2.19,-2.87,-0.04,-0.08,-0.01,26.44,68.50,220.69,-0.13,-0.44,0.06,1,2
1772044574.996438,1913493,-0.10,0.14,-0.10,66.94,71.12,262.06,0.75,2.50,0.00,-0.02,-0.07,0.11,26.37,68.44,220.69,-0.13,0.62,0.19,1,3
1772044575.186214,1913683,0.07,-0.09,0.04,64.00,70.75,261.50,4.87,3.37,0.19,-0.03,0.00,0.04,26.44,68.62,220.81,-0.19,-0.31,0.25,1,3
1772044575.378151,1913875,0.05,0.00,0.09,61.38,70.50,261.12,3.31,3.00,-0.69,-0.02,0.03,-0.02,26.37,68.62,220.81,-0.06,0.44,0.31,1,3
1772044575.569325,1914066,0.29,-0.10,0.14,58.38,70.00,260.50,7.12,1.06,0.44,0.15,-0.12,0.06,26.19,68.50,220.81,0.37,-1.37,-1.25,1,3
1772044575.760341,1914257,0.16,0.09,0.22,58.88,69.75,259.81,-1.94,4.25,0.94,-0.03,-0.17,-0.11,25.62,68.62,221.00,0.81,2.81,2.12,1,3
1772044575.950098,1914447,0.56,-0.61,0.42,62.06,70.06,259.81,-13.88,-14.13,-4.19,-0.12,-0.14,0.16,25.50,68.81,221.06,0.69,-3.50,-1.44,1,2
1772044576.139493,1914636,-1.57,0.61,-0.90,94.25,74.69,265.62,-28.50,-25.37,-17.06,0.06,0.26,-0.03,25.56,69.19,220.19,-5.31,-2.94,2.62,1,3
1772044576.331262,1914828,0.72,0.03,0.50,87.25,76.12,269.62,-10.38,12.19,0.94,0.00,-0.07,0.00,26.69,67.75,220.37,3.56,-0.25,-0.56,1,3
1772044576.523313,1915020,0.21,0.11,0.15,89.12,74.50,271.37,-21.31,0.56,15.25,0.00,0.01,-0.04,26.69,68.00,220.25,2.19,-2.25,-0.62,1,2
1772044576.715210,1915212,-0.50,-0.39,0.00,88.75,72.31,272.50,-24.12,7.25,12.19,0.00,-0.11,0.04,25.69,68.62,220.50,0.00,-6.44,-5.44,1,2
1772044576.905331,1915402,0.36,0.69,-0.06,85.12,70.19,275.81,-1.87,9.25,4.56,0.00,-0.18,-0.04,26.25,68.75,220.56,-0.88,3.00,3.75,1,2
1772044577.094893,1915592,0.08,0.16,0.15,81.06,70.44,273.31,17.06,-7.56,0.06,0.01,0.17,-0.11,26.37,68.87,220.44,-0.75,-2.31,-0.06,1,2
1772044577.285981,1915783,0.19,-0.04,0.28,71.25,70.44,267.94,61.94,29.81,-6.31,-0.19,-0.16,0.34,27.25,68.44,220.81,-7.44,0.00,1.50,1,3
1772044577.478567,1915976,-0.23,-0.33,0.22,62.94,69.56,264.81,-11.94,7.00,5.25,0.04,0.00,-0.09,28.44,67.81,220.69,-0.31,2.81,5.12,1,3
1772044577.671239,1916168,-0.45,0.05,0.03,66.19,68.50,269.81,-73.31,1.81,-4.00,-0.14,0.23,0.08,29.19,69.50,221.00,0.75,-10.88,-4.81,2,3
1772044577.862551,1916359,0.79,0.87,0.15,64.44,69.62,275.50,66.00,-5.50,-27.87,-0.01,-0.25,-0.05,29.06,69.50,221.06,-2.12,-5.19,-6.44,2,4
1772044578.052407,1916549,0.01,-0.05,0.85,57.63,73.12,272.19,-46.00,13.56,26.81,-0.41,-0.76,-0.18,27.00,68.87,222.06,1.75,4.12,0.13,2,4
1772044578.241631,1916739,-0.88,0.67,-0.45,74.31,70.00,272.87,7.69,-14.38,2.62,-0.18,0.10,0.00,26.12,69.25,222.19,4.00,0.94,6.37,3,4
1772044578.433573,1916930,-0.02,-0.25,0.05,73.56,70.81,269.56,17.50,-11.81,-8.56,-0.16,0.05,0.20,26.62,69.12,221.37,3.06,-7.50,-1.25,2,3
1772044578.624505,1917121,-0.11,-0.18,0.03,76.75,71.62,269.56,-11.44,-0.50,-2.62,0.02,0.08,-0.19,27.12,70.25,220.94,3.44,-2.06,-0.50,3,4
1772044578.815026,1917312,-0.19,-0.13,0.21,73.31,72.37,271.87,-8.50,14.00,-0.88,0.00,0.08,-0.18,27.12,70.44,221.06,-3.62,0.00,0.25,4,3
1772044579.004415,1917501,0.64,0.15,0.66,63.19,69.44,278.62,-68.25,18.81,6.12,0.01,0.03,-0.01,26.94,70.44,221.31,3.12,-3.37,-3.75,4,4
1772044579.194080,1917691,0.13,-0.23,0.19,67.31,70.94,283.56,7.56,-24.81,-24.50,0.14,-0.03,-0.34,26.06,71.19,221.44,1.19,-5.12,-1.50,4,3
1772044579.386346,1917883,-0.05,1.56,0.21,76.81,75.94,287.69,-11.63,-11.38,-13.19,-0.20,0.38,-0.02,25.62,71.50,221.69,1.00,4.00,4.62,5,4
1772044579.577182,1918074,0.17,-0.39,0.08,78.81,80.62,279.06,46.31,-21.87,-1.25,0.05,-0.22,-0.01,28.06,69.44,221.00,-4.44,1.19,1.75,5,5
1772044579.767695,1918265,-0.30,0.31,-0.16,89.06,79.44,273.69,10.75,1.06,12.31,-0.06,-0.07,-0.04,28.44,68.50,220.81,-1.69,4.19,2.75,4,4
1772044579.956827,1918454,-0.19,0.41,-0.05,81.94,77.44,269.25,20.69,11.25,15.19,0.07,0.04,0.21,28.50,68.19,220.56,3.87,1.75,3.12,4,4
1772044580.148625,1918646,-0.17,-0.23,0.01,63.06,74.37,261.69,61.25,40.31,5.19,-0.03,-0.08,0.06,28.31,67.94,220.06,-1.12,0.75,-0.06,4,4
1772044580.339428,1918836,-0.35,-0.43,-0.01,36.81,70.44,254.94,58.19,23.44,-17.12,-0.01,-0.13,0.38,28.56,68.25,220.37,2.62,1.56,0.44,4,4
1772044580.530099,1919027,0.44,-0.35,0.40,30.06,69.31,253.62,-6.12,-1.25,5.12,-0.02,0.13,-0.21,27.56,68.56,220.69,-0.62,1.50,-2.50,3,4
1772044580.720560,1919217,-1.63,-0.23,-0.90,41.81,70.87,255.44,-36.50,-5.62,13.44,-0.20,-0.47,0.57,27.81,68.31,221.06,-8.38,6.37,6.12,3,4
1772044580.910009,1919407,-0.24,-0.25,0.04,51.06,68.56,256.31,-13.81,-32.50,-0.81,-0.03,0.15,-0.08,27.06,68.44,221.06,5.25,-1.25,-2.50,3,4
1772044581.101535,1919598,-0.35,0.06,-0.17,60.19,70.62,257.25,-2.44,-0.56,-1.87,-0.01,0.11,-0.02,27.00,68.81,221.06,-0.19,1.06,1.00,3,3
1772044581.292017,1919789,0.15,-0.19,0.10,58.63,70.94,257.19,0.37,-10.13,3.31,0.00,-0.24,-0.03,27.12,68.12,220.75,1.06,2.81,1.81,2,2
1772044581.482793,1919980,0.11,0.19,0.05,64.00,71.75,257.44,-4.44,-7.69,-4.50,-0.03,0.04,0.08,27.31,68.75,220.94,3.81,0.50,1.00,2,2
1772044581.673579,1920170,-0.08,-0.04,-0.05,69.69,73.69,257.50,1.25,-9.94,4.37,0.01,0.01,-0.06,27.06,68.44,220.62,-0.69,-2.00,-1.37,2,2
1772044581.862920,1920360,-0.32,0.17,-0.29,70.25,72.94,256.37,9.25,9.94,-3.56,-0.09,0.02,0.00,27.37,68.56,220.69,-0.69,0.69,1.81,2,2
1772044582.053736,1920551,1.48,-0.64,0.58,51.13,72.00,254.50,25.44,21.69,-2.75,-0.01,-0.23,0.15,27.56,68.06,220.50,3.37,-5.37,-3.75,1,2
1772044582.245047,1920742,0.02,-0.07,0.26,51.13,71.62,253.87,-12.38,-1.12,-1.06,0.01,0.07,-0.18,27.19,68.94,220.50,1.62,1.94,1.50,2,2
1772044582.435681,1920933,0.05,0.08,-0.01,52.75,72.44,255.87,-11.56,-7.06,0.44,0.01,0.07,0.09,26.94,69.31,220.62,-1.06,-0.06,0.56,2,2
1772044582.626209,1921123,-0.55,0.06,-0.53,55.13,72.50,256.44,8.63,11.75,-1.87,-0.09,-0.01,0.10,27.87,68.81,220.69,-1.69,3.81,2.50,2,3
1772044582.815709,1921313,0.58,-0.14,0.27,40.56,69.81,255.50,19.25,16.81,4.44,-0.04,-0.12,0.11,28.19,68.06,220.81,-1.75,0.62,-2.31,1,2
1772044583.006122,1921504,0.11,-0.12,0.39,39.25,67.56,252.81,6.31,4.56,2.87,0.00,0.01,-0.16,28.06,68.19,221.06,0.13,2.31,3.69,2,2
1772044583.198202,1921695,0.29,-0.48,0.40,39.69,67.62,253.37,-27.37,-15.81,-2.12,-0.06,-0.21,-0.17,28.62,68.19,220.81,2.87,-7.44,-4.37,1,2
1772044583.388633,1921886,-0.44,0.53,-0.28,53.81,71.00,258.31,-23.75,-21.00,-6.50,-0.11,0.03,0.23,28.69,69.00,220.69,-2.94,4.75,9.19,1,3
1772044583.578878,1922076,-0.04,0.08,-0.13,57.75,73.62,260.87,-7.87,-7.50,-7.69,-0.05,0.13,-0.07,29.31,69.31,221.19,0.56,0.94,-1.44,1,2
1772044583.768573,1922265,-0.07,0.00,0.06,60.13,74.81,263.87,-21.62,1.25,-2.69,-0.01,0.00,-0.05,29.06,69.37,221.19,1.25,-2.56,-2.50,1,2
1772044583.959386,1922457,0.02,0.22,0.06,64.87,75.12,267.44,-15.13,-7.37,3.25,-0.05,0.08,0.04,28.37,69.75,221.00,1.94,0.13,0.81,1,2
1772044584.150793,1922648,-0.01,0.11,-0.06,70.19,74.75,267.94,-3.56,-2.37,6.12,0.00,-0.12,0.08,28.69,69.25,220.62,0.25,2.81,1.50,1,3
1772044584.341264,1922838,-0.09,0.10,-0.16,69.31,74.25,267.06,9.69,7.94,-0.81,0.00,-0.05,0.06,28.44,69.06,220.75,-0.37,1.12,-0.50,1,2
1772044584.531060,1923028,0.00,0.07,-0.08,58.75,73.56,264.75,28.00,18.81,0.31,-0.02,-0.06,0.05,28.00,68.69,220.81,-1.06,4.44,0.69,1,2
1772044584.721425,1923219,0.02,0.01,0.14,47.81,71.75,260.94,24.00,11.19,-0.37,-0.07,0.04,-0.01,27.75,68.56,220.87,-0.13,0.00,-0.37,1,2
1772044584.912669,1923410,0.32,-0.28,0.26,37.75,69.75,257.50,23.37,14.94,3.62,-0.03,-0.03,0.09,27.87,68.50,220.94,0.19,0.37,-0.06,1,2
1772044585.103099,1923601,0.06,-0.15,0.15,36.50,68.00,255.06,2.81,1.44,4.44,-0.02,0.08,0.03,27.87,68.56,220.94,0.56,0.88,0.13,1,2
1772044585.294386,1923791,0.10,-0.15,0.10,36.69,67.37,254.44,-1.56,1.81,2.00,-0.03,-0.02,0.11,28.00,68.56,220.87,-0.25,-0.62,-0.62,1,2
1772044585.484380,1923981,-0.07,-0.14,0.31,41.81,67.81,255.37,-26.56,-19.31,2.31,0.00,-0.09,-0.10,28.00,68.50,220.75,0.56,-1.75,-0.50,2,2
1772044585.674460,1924171,0.11,-0.09,0.18,48.06,70.25,259.06,-21.50,-8.81,-8.00,0.00,-0.10,0.09,28.37,68.56,220.75,-1.12,-0.81,-0.56,2,4
1772044585.866140,1924363,0.09,0.38,-0.11,55.50,72.50,264.75,-35.13,-10.38,-5.69,-0.04,-0.01,-0.02,28.81,68.81,220.87,-2.19,-2.44,-0.37,2,4
1772044586.057096,1924554,-0.06,0.30,-0.10,61.31,74.50,269.44,-14.06,-0.37,-4.87,0.02,0.01,0.01,28.81,68.87,221.00,-0.31,-0.44,-0.94,2,3
1772044586.247431,1924745,-0.04,0.34,-0.14,60.38,74.81,270.69,5.87,5.06,2.75,-0.02,-0.01,0.04,28.75,68.94,221.06,-0.56,0.44,0.69,2,3
1772044586.437023,1924934,-0.20,0.24,-0.09,49.81,73.31,266.31,49.25,20.44,5.12,-0.04,-0.20,0.20,28.81,68.56,221.06,-0.50,1.87,-0.62,2,3
1772044586.626377,1925123,-0.03,-1.16,0.51,43.50,70.75,262.06,-16.19,2.31,5.25,0.00,0.07,-0.16,27.31,69.06,221.19,4.50,-4.50,-4.44,2,3
1772044586.818630,1925316,-0.59,-0.63,1.00,56.19,68.25,275.37,-165.19,39.38,4.31,-0.08,0.03,-0.01,26.00,70.25,220.94,6.56,-5.37,-3.12,2,3
1772044587.009709,1925507,0.63,1.09,0.29,64.00,65.62,295.31,-37.63,9.25,-7.19,-0.02,0.05,0.11,24.87,70.81,221.06,-1.25,0.19,0.25,2,3
1772044587.201659,1925699,0.28,-0.29,0.36,67.81,67.00,297.19,1.19,-25.87,0.25,-0.05,-0.31,0.08,25.00,69.87,220.62,1.94,6.50,3.94,2,3
1772044587.391979,1925889,0.12,1.59,-0.11,74.31,68.25,293.87,64.12,-16.75,-6.81,0.01,0.34,0.19,25.06,70.37,220.81,-1.44,6.50,3.44,1,3
1772044587.582099,1926079,-0.44,-0.98,0.49,74.31,72.19,278.06,68.00,-43.63,-4.00,0.02,-0.11,-0.13,26.31,68.62,220.87,-1.87,0.56,0.00,2,2
1772044587.773363,1926270,-0.45,-0.51,0.11,90.44,73.62,270.25,11.56,-24.75,-4.56,-0.04,-0.02,0.12,25.44,68.87,220.75,2.75,-0.62,0.44,2,2
1772044587.964042,1926461,-0.79,0.17,-0.41,101.56,74.06,268.75,4.87,-15.38,-7.69,-0.03,0.45,-0.16,24.81,68.87,220.56,-6.19,-1.12,0.56,2,2
1772044588.156388,1926654,0.07,0.54,0.21,87.56,73.81,264.19,39.00,5.69,8.69,0.04,0.01,-0.12,26.44,67.81,221.12,-4.19,2.62,2.19,1,2
1772044588.349234,1926846,0.08,-0.92,0.45,66.94,71.94,255.69,28.75,10.88,5.44,-0.06,0.13,-0.15,26.62,67.56,221.37,1.50,-0.81,-2.00,1,2
1772044588.540561,1927038,0.69,-0.12,0.64,60.00,69.75,253.94,-6.12,3.31,9.69,0.00,0.02,-0.03,25.94,68.00,221.62,3.00,-4.50,-3.56,1,2
1772044588.731737,1927229,0.06,-0.60,0.46,66.25,69.44,253.12,-10.63,-21.00,-5.31,0.00,-0.09,0.02,25.06,68.37,221.69,0.69,-0.13,-0.50,1,2
1772044588.922395,1927419,-0.22,-0.23,-0.37,72.94,73.31,258.25,-17.44,-2.25,-25.62,-0.03,-0.05,0.14,25.37,68.37,221.81,-5.69,1.69,2.50,1,2
1772044589.113590,1927611,-0.23,0.16,0.11,75.75,76.62,265.81,-30.62,-3.50,-17.81,0.05,0.00,0.14,25.94,68.94,222.12,5.25,-8.50,-2.75,2,2
1772044589.304828,1927802,0.00,0.59,-0.31,80.44,79.19,272.44,-9.63,-11.88,2.06,-0.24,0.31,-0.50,26.37,70.25,222.00,-6.25,1.37,-2.44,2,2
1772044589.494271,1927992,1.76,1.35,1.10,89.87,75.31,273.37,-16.00,45.94,20.31,-0.20,-0.03,0.08,26.44,68.69,222.87,0.06,9.25,4.69,2,1
1772044589.683916,1928181,-1.22,0.78,-0.34,78.94,73.37,268.56,37.69,17.31,4.62,-0.08,0.45,-0.26,28.69,67.81,221.87,-8.94,21.81,21.69,2,1
1772044589.873298,1928371,0.46,-1.01,0.39,52.56,71.25,261.00,43.31,11.63,2.50,-0.05,-0.06,0.01,31.06,65.25,221.87,0.19,-5.56,-6.25,2,1
1772044590.065164,1928562,0.09,-0.12,0.47,52.56,71.06,258.44,7.81,-12.19,-3.06,-0.05,0.05,-0.20,30.44,65.87,222.25,-0.13,-0.62,1.00,2,1
1772044590.256116,1928753,0.09,0.61,-0.25,69.00,71.69,261.31,-67.75,-25.87,21.81,0.13,0.07,0.11,29.56,67.25,222.25,-0.88,-9.31,-2.50,3,2
1772044590.446409,1928944,-0.14,0.44,0.39,80.12,71.87,263.87,1.81,-2.00,-16.00,-0.30,0.12,0.04,31.19,66.94,222.81,-7.62,7.06,4.56,3,2
1772044590.635783,1929133,0.50,-0.14,0.36,79.62,69.69,259.25,4.56,-0.69,18.81,-0.04,0.02,0.00,32.81,65.31,222.25,8.38,5.94,0.56,3,1
1772044590.825739,1929323,-0.01,-0.08,0.04,84.94,68.69,257.44,-0.81,-15.00,2.44,-0.02,-0.03,0.01,31.31,64.81,221.12,3.31,0.06,0.62,3,2
1772044591.017667,1929515,0.10,0.00,0.02,89.25,68.56,257.19,-8.38,2.06,-2.19,-0.02,-0.09,0.21,31.12,64.94,220.75,1.19,1.87,0.88,3,1
1772044591.208773,1929706,-0.31,0.42,-0.30,88.94,69.62,258.94,7.31,9.25,-5.19,0.01,-0.09,0.05,31.06,64.87,220.69,-1.31,-1.19,-0.88,3,2
1772044591.399050,1929896,-0.26,0.65,-0.07,75.06,71.19,258.81,33.50,36.94,-16.44,0.00,-0.03,0.10,31.31,64.62,220.62,-1.44,1.75,1.50,4,2
1772044591.588591,1930086,0.40,-0.28,0.47,50.13,71.06,256.37,16.94,8.88,-1.75,0.00,0.00,-0.11,31.56,64.50,220.87,0.81,-1.06,-2.31,5,3
1772044591.778794,1930276,-0.21,0.10,0.14,48.25,70.50,255.75,-2.44,-2.19,-6.25,0.00,-0.05,0.14,33.06,63.50,219.87,-4.62,7.69,15.44,5,2
1772044591.970629,1930468,0.12,-0.19,0.19,50.06,70.75,257.50,-25.62,-12.31,0.62,-0.08,0.29,-0.18,35.44,62.94,219.31,-2.00,0.69,4.62,5,2
1772044592.161844,1930659,-0.29,0.28,-0.07,60.94,72.44,260.19,-12.88,-19.87,-2.56,0.01,-0.16,-0.01,36.19,62.13,219.12,-1.12,-1.56,-4.00,6,3
1772044592.352237,1930849,-0.03,0.31,-0.15,66.25,74.19,262.06,-6.75,-2.19,1.25,-0.03,-0.08,0.05,35.38,63.13,219.87,2.25,-6.00,-7.31,6,3
1772044592.542110,1931039,-0.18,0.15,-0.01,69.19,73.75,262.12,-2.87,-1.31,4.44,0.06,-0.06,0.01,33.31,64.87,220.25,7.50,-6.37,-4.62,6,3
1772044592.732127,1931229,0.02,-0.08,0.14,69.00,72.87,261.81,3.12,-0.25,4.37,-0.02,0.11,0.11,32.19,65.81,220.06,2.31,-1.19,-0.06,6,3
1772044592.923316,1931421,-0.09,0.01,0.02,69.44,72.37,261.19,1.25,1.37,0.94,-0.04,-0.03,0.04,32.13,65.87,220.06,-1.62,0.75,0.44,6,3
1772044593.114027,1931612,0.02,0.11,0.01,67.69,72.31,261.44,1.37,2.44,-1.25,-0.02,-0.02,0.05,32.31,65.81,220.19,0.37,0.25,0.06,5,3
1772044593.304753,1931802,0.11,-0.01,0.04,65.62,72.12,261.06,2.25,2.56,0.50,-0.02,0.00,-0.01,32.06,66.12,220.25,1.62,-1.31,-1.69,4,3
1772044593.494631,1931992,0.00,-0.03,0.14,64.94,71.87,260.50,1.56,0.25,1.56,-0.02,0.07,0.04,31.94,66.19,220.06,0.56,3.37,3.50,3,3
1772044593.686228,1932183,0.11,-0.20,0.04,65.50,71.81,260.44,-9.69,-3.00,-0.94,0.00,-0.02,0.04,32.25,66.25,220.12,0.06,-0.88,-0.81,3,3
1772044593.876947,1932374,0.00,-0.12,0.08,69.44,72.25,263.19,-21.31,-1.12,-3.37,0.10,0.03,0.01,31.87,65.75,219.81,-0.56,10.75,6.00,3,3
1772044594.067142,1932564,0.24,-0.23,0.15,75.31,73.50,267.69,-24.25,-15.13,-8.56,0.07,0.08,-0.07,31.81,64.87,219.62,0.00,0.25,-2.75,3,3
1772044594.257456,1932755,0.34,0.89,0.02,86.19,74.69,274.62,-27.12,8.19,2.94,-0.08,-0.14,0.18,31.87,64.69,219.87,-3.50,0.31,1.81,2,2
1772044594.448257,1932945,-0.14,0.33,-0.18,90.56,74.94,275.94,3.19,-4.50,3.00,-0.05,-0.04,0.01,32.00,64.75,220.00,0.75,-2.12,-2.62,2,2
1772044594.638702,1933136,-0.18,0.02,0.20,90.56,73.94,273.06,16.25,0.06,7.50,-0.02,0.03,-0.14,31.87,65.25,220.12,1.31,-2.31,-0.56,4,3
1772044594.829837,1933327,-0.05,-0.02,0.07,84.06,73.06,269.62,15.81,6.25,3.56,0.00,-0.02,0.02,31.75,65.69,220.12,-0.50,-2.19,-1.62,4,3
1772044595.019895,1933517,-0.58,0.84,-0.04,71.87,72.25,265.81,62.38,32.81,-8.25,-0.09,-0.03,0.17,31.75,65.75,220.12,-1.62,3.00,2.94,4,3
1772044595.210470,1933708,-0.01,-0.87,0.37,47.75,69.87,258.19,32.31,14.13,8.81,-0.04,-0.15,-0.02,32.38,65.37,220.12,1.19,-0.75,-1.19,4,3
1772044595.401044,1933899,0.12,0.05,0.26,46.06,67.87,256.19,-6.19,0.31,2.25,0.01,0.12,-0.03,31.94,65.94,220.06,0.81,-1.62,0.19,4,2
1772044595.591860,1934089,0.00,-0.39,0.34,49.38,68.50,256.19,-9.69,-23.31,0.69,-0.01,-0.03,0.04,32.69,65.44,219.87,-2.81,-0.62,0.31,4,2
1772044595.783061,1934280,0.00,-0.12,0.00,58.88,71.62,257.94,-16.94,-34.56,-9.44,0.31,-0.09,-0.35,33.19,65.25,220.06,0.25,0.50,-1.62,4,3
1772044595.972782,1934470,0.27,0.83,0.00,65.56,77.06,267.25,-43.25,1.69,-29.44,-0.04,0.23,0.20,33.50,67.12,220.75,-8.13,-1.25,3.37,3,3
1772044596.163132,1934661,0.30,0.62,0.00,73.81,80.56,273.87,-4.62,-11.56,-7.25,-0.03,-0.02,0.02,34.00,66.00,220.69,0.81,2.19,-0.94,4,3
1772044596.354196,1934852,-0.31,0.29,-0.28,84.75,81.25,273.50,9.75,6.31,5.50,-0.07,-0.10,0.12,33.25,65.62,220.69,2.50,0.81,-1.31,3,3
1772044596.544854,1935042,-0.13,0.01,-0.01,81.00,79.50,270.31,10.31,1.37,12.06,-0.03,0.07,-0.01,31.69,65.87,220.56,3.50,1.31,-0.81,2,2
1772044596.735420,1935233,-0.67,0.24,-0.15,71.69,76.56,265.31,32.44,28.25,12.31,-0.05,0.02,0.11,31.69,65.44,220.31,-2.00,2.06,3.00,2,2
1772044596.925691,1935423,0.50,0.17,0.32,53.44,70.50,259.50,18.56,22.87,23.12,-0.05,-0.01,0.01,31.69,65.37,220.44,2.37,-2.12,-4.25,2,2
1772044597.115859,1935613,-0.05,-0.07,0.26,51.81,67.69,254.06,14.75,1.19,11.69,-0.02,0.00,-0.03,30.37,66.12,220.94,2.19,-0.62,-2.75,3,2
1772044597.307175,1935805,1.38,-0.65,0.80,49.81,66.50,250.62,5.06,-18.19,0.69,-0.02,0.08,0.11,28.81,66.62,221.25,5.12,-2.37,-2.37,3,2
1772044597.498270,1935995,-0.42,-0.57,-0.06,62.75,70.25,250.87,-27.81,-11.94,-7.31,-0.05,0.00,0.07,28.94,66.87,221.25,-4.31,1.44,2.44,3,2
1772044597.689251,1936186,-0.04,-0.07,-0.25,70.06,73.62,255.87,-6.87,-16.44,-21.12,-0.03,-0.10,0.19,30.19,66.12,221.06,-5.12,-0.13,1.75,3,2
1772044597.878871,1936376,-0.11,0.23,-0.09,75.19,75.81,259.44,-15.00,1.31,-6.62,-0.05,0.05,-0.07,31.50,65.94,221.12,-0.44,1.94,1.69,3,3
1772044598.068616,1936566,-0.03,0.11,0.14,71.69,76.37,262.56,-7.31,6.50,-2.56,-0.06,0.04,0.06,31.37,66.12,221.00,1.62,0.25,0.25,3,3
1772044598.260048,1936758,0.00,-0.12,0.10,69.00,75.69,263.00,-4.31,0.88,3.50,-0.01,0.02,0.00,31.31,66.06,220.81,0.19,-0.62,-0.13,3,2
1772044598.451328,1936949,0.02,-0.04,0.08,69.25,75.25,263.25,-0.13,-1.12,0.88,-0.03,0.02,0.00,31.37,66.12,220.81,0.13,-0.94,-0.50,3,2
1772044598.642217,1937140,-0.24,0.26,-0.08,69.69,75.00,262.94,4.94,3.44,3.37,-0.02,0.29,-0.16,31.69,65.75,220.56,-3.94,5.69,6.75,3,2
1772044598.831496,1937329,0.35,-0.35,0.23,55.88,72.31,258.12,46.50,29.19,6.31,0.32,-0.31,0.37,33.19,63.56,220.50,-2.87,-0.13,-2.94,3,3
1772044599.021493,1937519,-0.50,-0.02,-0.47,50.00,70.19,254.00,10.06,8.56,9.50,-0.14,-0.14,0.02,33.56,63.88,221.69,-4.12,0.37,-2.06,3,3
1772044599.213451,1937711,0.04,-0.42,0.50,40.31,69.37,255.25,-7.87,9.50,-22.06,0.09,0.12,0.13,33.19,65.19,222.19,5.87,-5.87,-4.75,4,3
1772044599.404878,1937902,0.02,-1.55,0.98,37.31,71.56,264.56,-84.19,-19.81,-34.50,0.14,-0.19,0.15,30.94,65.94,220.87,15.31,-9.44,-8.25,4,3
1772044599.595703,1938093,-0.21,0.94,-0.37,42.19,76.37,278.81,-27.69,-13.19,-20.25,0.04,0.00,0.08,29.62,68.56,222.44,-3.44,0.37,-0.44,5,3
1772044599.785510,1938282,-0.19,0.15,-0.14,34.69,80.44,285.06,-16.19,-14.75,-19.00,0.08,-0.04,-0.01,30.56,68.56,222.44,-3.62,-1.31,-0.25,5,2
1772044599.974065,1938472,0.20,0.39,0.07,2.50,83.12,291.00,-18.31,-4.31,-15.06,0.00,0.00,0.14,30.87,68.81,222.69,-0.50,1.06,1.62,6,4
1772044600.166214,1938664,-0.05,0.62,-0.07,1.31,83.87,293.25,14.38,6.37,10.06,-0.03,0.00,-0.04,31.00,68.56,223.06,-3.87,1.94,1.25,7,4
1772044600.357734,1938855,-0.43,0.05,-0.06,22.81,80.87,284.75,61.88,26.62,22.56,-0.03,-0.12,0.11,31.75,67.37,222.69,-4.31,5.81,4.62,7,4
1772044600.548882,1939046,-0.10,-0.82,0.54,21.69,74.94,271.00,45.50,2.69,26.69,0.02,-0.15,-0.13,32.44,66.12,222.37,0.25,-1.12,-1.25,7,4
1772044600.738479,1939236,-0.18,-0.41,0.32,31.94,71.75,263.44,0.19,0.13,17.62,0.03,-0.02,-0.04,30.12,67.19,222.87,5.50,-1.56,-8.06,7,3
1772044600.927615,1939425,0.33,-0.87,0.42,42.31,70.00,262.62,-40.69,-11.88,8.94,-0.13,0.00,0.07,29.19,68.00,223.00,2.81,-1.12,0.50,7,3
1772044601.119607,1939617,-0.06,0.41,-0.01,61.69,70.75,268.94,-46.81,-13.50,2.50,-0.06,-0.03,0.21,28.94,68.50,222.69,0.50,-2.56,0.37,6,3
1772044601.311247,1939809,-0.21,0.33,-0.17,73.44,72.81,271.81,6.56,-14.00,-7.19,0.02,-0.02,-0.03,29.25,68.31,222.06,1.50,-0.25,0.81,5,3
1772044601.501868,1940000,-0.13,0.15,0.00,74.62,74.06,270.12,18.50,0.31,-0.81,0.00,-0.04,0.07,29.25,68.31,222.06,0.50,0.50,-0.06,4,3
1772044601.692241,1940190,-0.55,0.42,-0.20,68.19,73.50,266.25,33.25,14.94,4.06,0.00,0.07,-0.01,29.25,67.87,221.94,-1.62,6.06,2.87,4,3
1772044601.882262,1940380,0.43,-0.42,0.51,49.44,70.87,259.50,40.88,11.31,7.00,0.01,-0.07,-0.10,29.62,66.44,221.75,-1.69,1.87,1.25,3,2
1772044602.076269,1940574,0.00,-0.32,0.19,48.06,69.00,255.25,0.88,1.06,4.37,-0.01,0.00,-0.07,30.56,66.12,221.44,-2.31,-1.81,0.37,3,1
1772044602.266288,1940764,0.41,0.04,0.33,48.56,68.62,255.50,-3.31,-5.87,0.13,-0.01,-0.09,0.15,32.25,64.75,220.87,-5.44,10.88,9.88,2,2
1772044602.456689,1940954,-0.36,0.02,-0.13,57.06,71.44,256.87,-26.81,-19.31,-17.19,0.01,0.00,0.14,32.38,64.75,221.06,0.25,-8.69,-4.06,3,2
1772044602.648975,1941146,0.26,0.15,-0.11,62.31,72.87,259.50,-8.81,-9.38,9.75,-0.10,0.12,-0.36,33.19,64.81,221.56,-1.94,0.50,-5.19,4,2
1772044602.840320,1941338,-0.39,0.28,-0.14,78.06,70.69,259.00,-31.87,-8.31,29.50,0.07,-0.04,-0.04,31.37,65.00,222.12,1.12,0.06,-0.19,3,2
1772044603.031198,1941529,-0.16,0.24,-0.11,82.50,67.50,258.62,-0.50,7.75,5.87,-0.07,-0.03,0.11,30.56,65.37,222.00,3.06,-2.50,-2.06,4,3
1772044603.220789,1941718,0.08,0.19,0.11,79.94,66.25,256.75,9.75,-4.69,7.50,0.00,0.05,-0.10,29.75,65.75,222.19,-0.06,-1.31,-1.62,4,3
1772044603.410871,1941908,0.22,-0.02,0.28,80.50,65.31,253.00,15.69,-9.69,5.81,-0.03,-0.02,0.06,29.50,65.94,221.87,6.75,-5.81,-0.25,4,3
1772044603.602320,1942100,-0.07,-0.29,-0.08,83.25,65.69,249.37,16.12,-15.75,-4.37,0.14,0.00,0.20,28.87,66.62,221.31,0.88,1.31,-3.37,3,3
1772044603.793271,1942291,-0.09,-0.54,0.32,83.81,67.37,248.62,-3.44,-3.62,-13.88,-0.11,-0.07,0.04,28.31,66.62,221.44,4.12,-6.44,0.06,3,3
1772044603.983773,1942482,0.11,0.00,-0.21,85.19,69.25,250.75,11.56,1.81,-15.38,0.02,-0.22,0.18,29.75,66.81,221.31,-1.50,4.44,1.44,3,3
1772044604.173802,1942671,-0.19,0.24,-0.25,82.81,71.12,252.69,-1.75,5.06,-4.37,0.08,0.05,-0.11,29.62,66.94,221.62,-4.19,0.44,-0.81,2,3
1772044604.364748,1942863,0.17,0.08,0.01,66.31,71.31,253.19,29.44,49.25,-15.13,0.01,-0.21,0.27,30.44,66.19,221.75,-0.62,0.31,0.62,2,3
1772044604.555766,1943053,0.00,-0.15,0.18,44.81,69.56,253.31,5.62,4.87,-3.37,0.00,0.12,-0.14,30.56,66.62,221.87,-0.69,-2.69,-0.75,2,3
1772044604.746102,1943244,0.20,-0.47,0.38,43.69,69.06,254.12,-19.56,-2.56,-2.87,0.00,0.16,-0.13,30.75,66.69,221.87,-0.44,0.88,2.37,2,3
1772044604.936821,1943434,0.33,1.83,0.29,63.75,67.50,261.87,-91.50,-5.69,18.25,-0.01,0.06,0.12,31.06,66.94,222.06,-1.06,-2.12,-1.00,2,3
1772044605.127083,1943625,0.01,0.27,-0.06,74.44,68.25,265.69,-0.31,-17.19,-11.88,-0.02,0.01,-0.01,31.25,66.94,222.00,3.44,-3.62,-2.81,3,3
1772044605.317053,1943815,-0.06,0.31,-0.19,78.00,71.69,265.75,20.62,-8.44,-7.87,-0.04,0.00,0.08,30.94,67.25,221.94,0.19,2.44,1.25,2,2
1772044605.507953,1944006,-0.01,0.04,-0.12,74.75,72.00,262.81,20.81,10.50,0.44,-0.04,0.00,-0.01,30.94,67.31,221.94,0.88,-1.50,-2.19,3,3
1772044605.698323,1944196,0.18,0.00,0.14,66.25,71.25,260.56,13.00,7.31,4.25,-0.03,0.02,-0.02,30.25,67.69,222.12,0.44,-0.75,-0.44,2,2
1772044605.889580,1944387,-0.37,0.41,-0.24,60.56,70.06,258.37,26.31,14.50,-1.25,0.02,-0.04,0.06,30.44,67.56,222.00,-0.75,1.62,0.81,3,2
1772044606.079942,1944578,0.39,0.01,0.24,45.19,68.00,254.37,38.75,10.63,5.06,-0.04,-0.03,-0.01,30.12,67.37,222.12,-0.37,-1.44,-2.44,3,2
1772044606.270288,1944768,0.09,-0.34,0.22,43.06,66.56,248.81,8.88,1.25,4.50,0.00,0.19,-0.11,29.81,67.75,222.31,1.31,-0.31,0.25,2,2
1772044606.461540,1944959,-0.06,-0.71,0.51,42.94,66.56,249.50,-20.31,-2.12,-7.69,-0.14,-0.36,-0.07,30.81,66.81,221.56,-3.81,-13.00,-10.81,2,2
1772044606.651369,1945149,-0.05,1.14,0.38,55.88,68.37,259.12,-89.94,-18.87,-9.69,0.04,0.00,-0.08,31.06,67.75,222.19,-0.94,-1.00,0.88,2,1
1772044606.842949,1945340,-0.05,0.45,-0.14,68.12,73.00,266.75,-8.44,-23.56,-14.25,-0.01,-0.07,0.11,31.19,67.81,222.37,1.87,-0.62,-0.25,2,3
1772044607.033218,1945531,-0.11,0.27,-0.21,77.31,75.62,269.50,-11.88,-5.62,-0.44,0.00,-0.08,0.03,30.94,68.00,222.25,1.81,-3.56,-2.62,3,3
1772044607.223270,1945721,-0.20,0.39,-0.15,78.37,75.94,270.19,6.75,10.88,2.56,0.00,0.00,0.09,30.06,68.31,222.31,0.19,-0.19,-0.75,3,3
1772044607.413822,1945911,-0.08,0.54,-0.06,61.00,74.12,265.87,62.44,34.69,9.81,-0.04,-0.13,0.16,30.25,67.94,222.37,-1.69,3.75,2.25,3,3
1772044607.603785,1946102,0.19,-0.79,0.58,43.25,70.12,255.56,42.69,6.00,13.50,0.00,0.03,-0.07,30.06,67.44,222.31,2.69,-1.56,-2.81,3,3
1772044607.795263,1946293,0.20,-0.04,0.36,43.63,67.50,250.87,10.44,-1.69,11.50,0.03,-0.06,-0.05,30.06,67.50,221.50,3.75,2.44,-0.13,4,3
1772044607.986015,1946484,0.01,-0.13,0.04,45.56,66.94,248.44,-3.12,-2.56,4.81,-0.14,0.00,0.24,29.12,67.62,221.00,4.19,1.87,5.56,4,3
1772044608.176982,1946674,-0.86,-0.77,-0.10,54.94,68.00,250.37,-47.69,3.06,-17.31,-0.08,0.08,0.20,28.25,68.31,221.12,5.12,-0.31,0.31,4,3
1772044608.366884,1946864,0.07,0.27,0.05,53.75,69.25,257.81,-10.38,-4.94,-4.81,-0.03,0.10,-0.04,28.37,68.81,221.50,-5.06,-3.12,-2.31,4,3
1772044608.556784,1947054,-0.04,0.17,-0.04,53.44,70.19,259.12,0.56,0.50,-3.06,0.02,-0.04,-0.06,29.19,68.56,221.75,-0.25,3.25,2.12,4,3
1772044608.748425,1947246,0.16,0.06,-0.03,49.81,69.94,259.12,11.06,10.00,-1.44,0.00,0.03,0.08,28.81,68.44,221.81,-0.25,-0.19,-1.50,3,2
1772044608.938955,1947437,0.11,-0.03,0.08,43.38,68.44,256.94,23.31,14.56,6.06,0.00,-0.06,0.10,28.44,68.19,222.00,0.06,1.25,-1.00,3,1
1772044609.129996,1947628,0.19,-0.03,0.30,41.56,66.50,255.00,-12.06,2.75,8.44,0.01,0.11,-0.08,26.94,68.62,222.31,1.06,-3.37,-3.37,3,1
1772044609.319775,1947817,0.18,-0.33,0.40,45.44,66.44,255.31,-15.56,-15.31,-1.00,-0.03,0.00,0.04,26.94,68.62,222.31,-1.25,0.37,1.69,2,1
1772044609.509813,1948007,0.00,-0.11,-0.13,55.81,69.50,257.12,-17.81,-29.31,-5.25,0.00,0.06,-0.11,28.06,68.50,222.06,-2.75,-4.44,-0.06,2,1
1772044609.701469,1948199,0.23,0.27,-0.06,64.81,71.87,262.12,-38.25,5.37,-4.25,0.00,-0.14,0.12,29.06,68.25,221.62,0.19,-0.25,-0.25,2,1
1772044609.892514,1948390,-0.37,0.54,-0.38,67.31,72.50,264.81,17.00,10.13,2.56,-0.02,0.00,-0.01,29.19,68.31,221.75,-1.19,1.50,1.19,2,1
1772044610.083316,1948581,0.38,-0.18,0.21,50.56,70.50,260.06,51.31,21.69,4.31,-0.01,-0.14,0.16,29.12,68.00,221.75,0.31,0.00,-1.44,4,3
1772044610.272872,1948771,0.03,-0.40,0.36,43.38,68.75,253.56,27.25,0.13,5.12,0.03,-0.04,-0.03,28.25,68.37,221.81,0.75,-2.75,-2.19,4,3
1772044610.462247,1948960,0.07,-0.49,0.23,39.69,68.00,250.69,3.31,7.44,3.69,-0.05,0.02,0.10,28.19,68.31,221.69,-1.31,2.56,2.62,4,3
1772044610.654563,1949152,0.10,-0.61,0.25,41.69,67.12,250.25,-18.94,-2.75,0.81,0.00,0.03,-0.01,29.56,67.44,221.31,-3.44,5.19,7.44,5,3
1772044610.846581,1949344,-0.27,0.48,-0.10,50.88,68.69,254.44,-28.87,-15.31,-4.00,-0.01,0.02,-0.01,31.50,66.56,221.12,-2.81,0.94,1.00,6,5
1772044611.037387,1949535,0.02,0.23,-0.19,53.50,70.19,256.75,-4.50,-4.12,-3.31,-0.01,-0.21,0.11,31.69,66.44,221.44,1.81,-1.81,-3.00,6,6
1772044611.226824,1949724,-0.22,-0.02,-0.05,56.25,70.75,258.50,-23.87,-0.50,-1.44,-0.04,0.06,0.00,30.31,67.81,221.87,3.69,-5.44,-5.19,6,6
1772044611.415512,1949914,0.00,0.23,0.03,57.25,70.69,260.62,8.31,0.25,0.31,-0.01,0.01,0.07,29.69,68.31,222.00,-0.56,2.06,1.31,6,6
1772044611.608028,1950106,0.14,-0.22,0.06,53.25,70.37,259.19,10.94,2.37,-2.69,-0.02,0.01,0.04,29.56,68.25,222.06,0.56,-1.19,-0.94,6,6
1772044611.800600,1950298,-0.07,0.23,-0.04,50.50,70.06,259.12,10.75,12.69,-2.00,0.00,-0.12,0.14,29.25,68.37,222.25,-0.44,1.19,-0.94,6,6
1772044611.992782,1950491,0.04,-0.12,0.20,48.00,69.31,258.00,-0.06,0.13,1.44,-0.05,0.00,0.09,28.75,68.56,222.50,0.81,0.13,-0.13,4,5
1772044612.182789,1950680,0.08,-0.22,0.16,50.75,69.62,258.25,-6.25,-9.50,-0.06,-0.01,0.05,-0.05,28.62,68.75,222.56,-0.88,-2.25,-1.94,4,4
1772044612.375133,1950873,-0.01,0.23,-0.11,55.81,70.94,260.06,-7.06,-10.81,-5.19,0.00,-0.08,0.17,28.62,68.75,222.44,1.44,-0.50,0.00,4,4
1772044612.566266,1951064,-0.08,0.22,-0.10,58.56,72.00,261.00,1.06,0.31,0.44,-0.05,-0.02,0.02,28.94,68.87,222.37,1.69,2.94,2.44,4,4
1772044612.757353,1951255,-0.04,0.02,0.03,55.31,71.87,260.25,7.19,5.94,1.37,-0.04,0.02,-0.02,28.87,68.87,222.37,1.12,-0.37,-1.31,2,2
1772044612.947173,1951445,0.36,-0.21,0.23,51.56,71.06,259.00,9.56,2.06,3.56,0.00,-0.09,0.08,28.44,68.94,222.25,1.62,-1.44,-1.37,2,2
1772044613.136549,1951634,-0.05,-0.18,0.14,53.88,70.87,257.94,-4.06,-0.62,0.88,0.00,0.00,0.04,28.31,69.00,222.19,-1.44,-0.13,0.62,2,2
1772044613.328469,1951826,0.08,0.15,-0.02,53.88,70.94,258.87,-1.06,1.81,-0.75,-0.01,-0.11,0.13,28.56,68.87,222.31,0.31,0.56,0.44,4,3
1772044613.520047,1952018,-0.03,0.03,-0.01,53.38,70.94,258.94,-0.62,2.12,-1.00,-0.02,-0.10,-0.01,28.50,68.94,222.31,0.06,-2.37,-1.00,4,4
1772044613.710289,1952208,-0.16,0.52,-0.13,50.13,70.62,258.87,19.31,7.31,0.69,0.00,0.00,0.13,28.69,68.87,222.31,-1.62,2.25,1.62,5,4
1772044613.899673,1952398,0.02,-0.33,0.21,42.94,69.56,255.94,10.69,3.25,2.81,-0.04,0.02,0.02,29.19,68.31,222.25,-2.56,3.00,4.25,4,3
1772044614.089476,1952587,-0.20,-0.24,0.20,42.63,69.31,255.75,-6.81,-1.25,-6.75,0.09,0.21,-0.11,30.81,67.69,221.62,0.06,-6.69,2.81,5,4
1772044614.281480,1952779,0.27,-0.30,0.24,45.94,71.06,259.31,-30.62,-30.12,-10.13,-0.01,0.00,0.11,32.13,67.94,221.81,2.19,-4.25,-6.50,5,4
1772044614.472964,1952971,-0.20,0.56,-0.24,57.63,75.94,265.19,-17.12,-11.13,-8.81,-0.03,0.09,0.12,30.75,68.81,222.25,-2.31,-0.19,-0.62,5,4
1772044614.663169,1953161,0.29,0.06,-0.03,59.69,76.81,266.31,0.56,3.12,1.56,-0.05,-0.02,-0.06,30.75,68.56,222.56,-2.00,6.12,1.44,5,4
1772044614.852339,1953351,0.33,0.13,0.12,60.88,75.94,264.56,8.06,-2.44,9.81,-0.02,0.06,0.00,30.62,67.44,222.87,-2.44,4.37,2.00,5,4
1772044615.041736,1953540,0.00,0.04,0.02,61.38,74.56,259.81,29.44,2.44,11.31,-0.05,-0.13,0.15,30.94,66.37,222.69,0.00,3.37,1.75,5,4
1772044615.234106,1953732,-0.09,-0.33,0.01,56.31,72.19,253.56,20.25,12.44,5.75,-0.05,0.02,-0.01,30.69,66.37,222.69,2.12,-1.50,-1.62,3,3
1772044615.425368,1953923,0.21,-0.20,0.31,53.31,70.62,251.56,-0.75,4.62,3.50,-0.01,0.11,0.00,30.00,66.81,222.81,2.25,-2.44,-2.00,3,2
1772044615.616265,1954114,0.18,-0.12,0.25,52.81,70.31,252.00,-6.87,-2.25,-7.19,-0.04,0.02,0.08,30.00,66.87,222.94,-1.81,-1.00,-0.25,3,2
1772044615.805893,1954304,-0.07,0.05,-0.13,52.69,71.31,254.62,-15.25,9.25,-9.44,-0.04,0.09,0.06,30.62,66.75,223.00,-3.06,3.19,2.81,3,2
1772044615.995420,1954493,0.11,0.04,-0.11,50.38,72.12,256.81,3.94,-1.62,-6.37,-0.02,0.00,-0.01,31.37,66.25,223.12,-1.31,1.37,2.25,3,1
1772044616.187126,1954685,0.19,-0.19,0.31,49.69,73.12,257.25,1.06,-9.75,0.81,0.02,-0.28,0.14,32.19,65.81,222.75,2.00,-9.63,-9.94,2,1
1772044616.378705,1954876,-0.25,0.34,-0.01,61.13,74.44,258.87,-19.50,3.75,2.56,-0.07,-0.13,0.15,31.00,66.69,222.81,1.44,-4.75,-3.87,2,1
1772044616.569293,1955067,-0.42,0.06,-0.01,70.94,72.12,260.50,-36.13,-7.25,25.00,-0.02,-0.02,-0.07,30.81,67.25,222.81,7.06,1.75,3.12,2,1
1772044616.759397,1955257,0.01,0.52,-0.22,79.56,69.06,262.19,-17.69,2.81,2.06,-0.02,-0.04,0.16,29.69,67.31,222.00,7.31,-3.50,-2.94,2,1
1772044616.948822,1955447,-0.29,-0.44,-0.19,78.94,71.50,260.50,23.44,-6.06,-6.19,0.00,0.02,-0.01,29.50,67.50,221.94,-2.81,0.25,1.00,3,1
1772044617.139928,1955638,0.63,0.26,0.23,72.31,70.69,258.56,17.37,17.69,2.87,0.06,-0.08,-0.06,29.94,67.31,222.31,-3.00,5.31,0.19,3,1
1772044617.331468,1955829,0.15,0.05,0.39,73.50,68.56,256.94,-29.31,3.50,16.94,-0.05,0.06,-0.08,28.75,67.69,222.62,5.62,-4.44,-4.44,3,1
1772044617.522064,1956020,-0.21,0.48,-0.25,80.12,66.06,257.12,8.94,-10.75,7.25,0.00,0.13,0.00,26.62,68.19,222.44,3.00,-0.06,-3.19,3,1
1772044617.712257,1956210,0.05,-0.03,-0.01,73.75,66.50,251.37,50.50,9.94,-6.69,-0.02,-0.30,0.08,25.75,67.94,222.81,-2.06,2.31,1.19,3,1
1772044617.901956,1956400,-0.15,-0.23,0.13,64.06,67.44,247.00,14.00,4.06,-4.37,-0.06,0.08,-0.06,25.25,68.12,223.12,1.94,-1.37,-1.50,2,1
1772044618.092724,1956591,0.07,0.15,0.21,58.00,67.06,246.12,17.37,6.87,-1.81,0.00,-0.03,0.04,24.62,68.25,223.25,-0.94,2.31,0.44,2,1
1772044618.284466,1956782,0.14,-0.43,0.15,54.50,66.81,244.31,7.56,-2.19,0.00,-0.04,-0.02,0.03,24.31,68.12,223.62,-0.19,0.69,-1.56,2,1
1772044618.475069,1956973,0.10,-0.03,0.18,54.13,66.31,244.94,-4.44,6.69,-0.31,-0.09,0.02,0.09,24.56,68.37,224.00,-1.50,-1.06,1.19,2,1
1772044618.665568,1957163,-0.22,0.00,-0.08,56.00,66.69,245.87,-4.81,-8.38,4.25,0.05,-0.20,-0.12,25.87,67.81,223.25,-0.69,0.06,6.56,2,1
1772044618.855032,1957353,0.08,-0.40,0.24,57.56,67.56,247.75,-22.06,-1.62,-9.44,0.00,-0.10,0.14,29.06,66.94,222.69,-0.69,2.00,4.06,2,1
1772044619.046018,1957544,-0.20,-0.32,0.05,69.94,70.94,255.37,-57.56,-38.38,-19.25,-0.16,0.18,-0.31,29.00,66.87,222.44,-0.31,6.00,6.19,2,2
1772044619.236938,1957735,-0.15,0.60,0.25,85.62,74.69,265.06,-29.44,7.00,-0.88,-0.09,0.07,0.06,31.87,66.06,222.87,-6.56,5.87,3.50,2,2
1772044619.427775,1957926,-0.57,0.80,-0.57,89.25,73.87,266.87,9.69,4.31,3.06,-0.05,-0.16,-0.08,32.19,65.19,223.00,-2.44,4.94,2.75,2,2
1772044619.618160,1958116,0.12,-0.34,0.17,67.00,73.75,260.75,60.38,23.25,-8.13,0.00,-0.38,0.12,32.94,63.69,222.81,-0.69,0.56,1.19,2,2
1772044619.808104,1958306,0.08,0.41,0.17,53.31,74.00,258.00,2.50,9.19,-1.94,-0.07,0.06,0.06,32.56,64.50,223.06,-0.25,0.19,-0.94,2,2
1772044619.998586,1958496,0.15,-0.54,0.27,52.56,73.12,256.37,0.81,-4.37,4.69,-0.12,0.00,-0.01,32.00,64.56,223.12,-0.37,-1.12,-1.81,3,3
1772044620.190008,1958688,0.41,-0.19,0.27,57.06,73.50,257.25,-20.12,-7.25,2.81,-0.08,0.05,0.14,32.06,65.06,223.25,1.19,0.88,3.94,5,5
1772044620.381262,1958879,-0.38,0.15,-0.22,72.62,74.06,259.12,-19.25,-10.94,4.87,-0.02,-0.25,0.21,33.81,63.44,221.44,3.31,-4.69,-4.06,5,5
1772044620.571865,1959070,0.42,-0.01,0.07,75.87,73.37,260.00,-1.75,0.13,5.19,0.03,-0.20,0.12,33.50,64.94,222.25,1.94,-1.00,-1.62,5,5
1772044620.761172,1959259,0.05,0.18,-0.06,79.37,72.50,259.19,1.06,2.37,2.37,-0.06,0.06,0.03,32.00,65.94,222.44,3.00,-1.25,-1.75,5,5
1772044620.951356,1959449,-0.03,0.00,0.14,80.25,71.50,258.12,-1.44,-3.31,5.25,-0.06,0.00,-0.03,31.56,66.12,222.31,2.06,0.44,0.31,6,7
1772044621.143384,1959641,-0.04,-0.11,0.02,82.44,70.81,257.31,0.13,-1.25,3.19,0.04,-0.02,0.01,31.37,66.06,222.25,0.37,-2.19,-0.81,6,7
1772044621.334115,1959832,0.41,0.54,0.31,79.19,70.56,259.25,-19.31,-5.56,4.75,0.04,0.00,0.04,31.06,66.31,222.31,2.00,-1.94,-0.62,6,6
1772044621.525349,1960023,-0.53,-0.34,0.01,83.06,71.44,258.50,0.00,-5.50,-0.56,0.03,-0.07,0.04,30.94,66.50,222.25,1.06,-1.31,-1.44,7,7
1772044621.714707,1960213,0.10,0.12,0.09,81.56,71.37,259.06,3.75,-1.00,-0.13,-0.08,-0.06,0.02,30.94,66.69,222.37,0.25,-0.88,-1.06,7,7
1772044621.904354,1960402,-0.12,0.07,0.13,80.50,71.44,258.94,-1.62,-2.69,0.31,-0.02,0.08,-0.07,30.75,66.94,222.44,0.13,-1.25,-0.50,6,7
1772044622.096667,1960595,0.19,0.07,0.10,80.00,71.56,259.19,0.06,-0.13,0.75,-0.01,-0.02,0.00,30.81,66.94,222.44,-0.25,-0.44,0.00,4,4
1772044622.288470,1960787,0.14,0.10,0.04,79.62,71.50,259.00,1.56,1.44,0.13,-0.02,-0.03,0.01,30.75,66.87,222.37,0.44,0.13,0.00,4,4
1772044622.481364,1960979,0.01,-0.04,0.31,80.50,71.56,258.75,-3.56,-4.50,1.25,-0.16,0.02,-0.03,30.56,67.00,222.00,4.62,-3.12,0.50,4,4
1772044622.670827,1961169,-0.12,0.05,-0.14,83.44,71.25,259.87,-14.06,-0.88,0.13,0.01,0.07,0.01,30.19,67.37,221.62,1.44,-0.25,-1.19,4,4
1772044622.859688,1961358,0.09,0.01,0.01,83.44,72.00,261.50,1.87,0.94,-4.12,0.00,0.00,0.06,29.81,67.12,221.56,1.19,1.69,0.06,3,3
1772044623.053397,1961552,0.00,0.04,0.00,82.87,72.44,261.75,1.00,-0.75,-1.06,0.00,0.02,0.03,29.44,67.06,221.56,0.44,-0.50,-1.06,3,2
1772044623.245309,1961744,-0.06,0.03,0.00,80.50,72.50,261.62,5.44,6.19,-0.56,-0.03,0.06,0.02,29.44,67.06,221.62,-1.12,1.25,0.25,3,2
1772044623.436504,1961935,0.02,0.03,0.06,73.94,72.62,261.00,9.00,6.12,-2.25,-0.02,0.08,-0.02,29.50,67.12,221.81,-0.88,0.25,0.13,3,2
1772044623.627599,1962126,0.11,-0.12,0.14,68.62,72.37,260.06,3.56,1.12,-0.56,0.00,0.05,-0.01,29.44,67.25,221.87,0.31,-0.81,-0.56,3,2
1772044623.818006,1962317,0.03,0.00,0.05,68.50,72.19,259.94,0.13,0.37,0.62,-0.05,0.01,0.06,29.50,67.25,221.87,0.00,0.50,0.37,3,2
1772044624.008720,1962507,0.00,0.01,0.06,68.44,72.06,259.94,-1.19,0.19,1.31,0.03,-0.06,0.00,29.37,67.19,221.69,2.19,0.62,-1.44,3,3
1772044624.199562,1962698,0.17,0.00,0.00,69.12,71.87,260.00,-0.69,0.44,-2.87,0.13,0.12,-0.21,29.62,67.31,221.31,1.44,-0.56,1.00,3,2
1772044624.390670,1962889,0.31,0.22,0.03,66.69,72.06,260.06,2.25,4.31,-1.19,0.08,-0.01,-0.01,29.50,66.75,220.75,1.62,3.19,-0.88,3,2
1772044624.581315,1963079,0.44,-0.20,0.06,64.62,71.37,259.06,0.56,-0.31,3.06,0.00,0.13,-0.31,29.00,66.44,220.75,-1.25,0.69,-1.00,3,2
1772044624.770668,1963269,0.42,0.13,-0.23,63.00,71.25,258.81,2.19,5.62,-2.56,0.11,-0.07,-0.09,29.44,66.19,220.62,0.19,5.12,1.37,3,2
1772044624.961299,1963460,0.69,0.07,0.38,49.00,69.56,257.94,38.19,51.19,-9.31,-0.14,-0.34,0.58,29.69,66.31,221.37,-0.44,7.19,5.50,3,2
1772044625.151762,1963650,0.52,-0.12,0.61,38.88,68.00,255.75,7.44,12.00,0.44,0.01,-0.03,0.00,29.62,66.87,221.94,-1.06,-0.62,1.69,2,2
1772044625.342465,1963840,0.09,0.10,0.61,39.81,68.06,255.00,-0.69,-0.81,-0.37,-0.09,0.24,0.19,29.37,67.12,222.31,-0.81,-2.25,-2.12,2,3
1772044625.531803,1964030,-0.66,-0.27,-0.05,48.88,69.50,254.94,-23.75,-28.06,5.81,0.00,0.00,0.03,29.25,67.31,222.81,-3.25,2.94,0.94,3,3
1772044625.721728,1964220,0.03,0.09,-0.38,54.75,70.81,257.81,-8.00,-4.56,-2.12,0.00,-0.05,0.10,30.19,66.81,222.56,-3.19,-3.94,-1.06,4,3
1772044625.913805,1964412,-0.18,0.32,-0.20,54.75,71.62,259.12,-0.25,4.69,-3.75,0.04,0.03,-0.11,30.37,66.94,222.62,0.56,-1.44,-0.62,4,2
1772044626.104034,1964602,0.56,-0.17,0.53,45.13,70.75,258.12,17.25,7.06,0.81,0.01,0.14,0.04,30.19,66.94,222.50,2.00,-1.62,1.75,4,2
1772044626.295005,1964793,0.03,-0.95,0.46,40.81,70.31,254.37,18.81,1.94,-0.88,-0.01,-0.18,0.05,32.06,65.62,221.81,-8.38,0.62,1.81,3,2
1772044626.484904,1964983,0.06,-0.02,0.20,43.25,69.62,254.31,-22.44,-2.69,-5.56,-0.01,-0.02,0.04,32.75,65.69,222.31,-3.06,-0.56,0.44,3,2
1772044626.674681,1965173,-0.22,0.50,-0.06,50.44,71.44,258.12,-20.87,-15.94,-5.19,-0.05,0.21,0.08,33.81,65.31,222.19,-2.00,4.94,7.62,4,3
1772044626.866799,1965365,0.07,-0.02,-0.22,54.06,72.44,259.75,-7.19,-4.50,-2.19,-0.03,0.04,0.01,34.00,65.25,222.37,2.87,-1.06,-1.87,3,2
1772044627.057409,1965556,-0.02,-0.05,-0.11,54.44,73.06,260.31,3.62,0.56,1.44,0.00,0.01,0.07,33.56,65.56,222.31,2.19,-6.50,-4.94,3,2
1772044627.247782,1965746,-0.31,0.52,-0.11,50.63,72.50,259.94,23.87,14.94,1.69,0.00,0.01,0.08,32.56,66.06,222.37,1.56,1.69,-0.81,3,2
1772044627.437532,1965936,0.09,-0.25,0.30,43.88,70.62,256.19,5.44,3.44,8.50,-0.04,0.08,-0.06,31.75,66.31,222.50,1.19,-1.87,-1.50,3,1
1772044627.628377,1966127,0.20,-0.23,0.27,46.50,70.06,255.00,-2.81,-11.69,2.56,-0.01,0.08,0.04,31.37,66.56,222.62,0.56,-0.69,-0.62,2,2
1772044627.819954,1966318,-0.07,0.07,-0.29,53.50,71.37,255.44,-10.06,-3.56,0.19,-0.08,-0.01,0.17,31.44,66.44,222.69,-2.06,-0.31,0.25,2,2
1772044628.010407,1966509,-0.15,0.12,-0.26,54.63,71.81,256.31,2.31,6.19,-3.37,0.00,-0.05,0.07,31.56,66.50,222.75,0.69,0.19,-0.62,2,2
1772044628.200667,1966699,0.10,0.01,0.13,47.69,71.19,256.25,15.44,14.19,-2.75,0.01,0.04,0.04,31.25,66.69,222.81,0.69,-0.69,-1.19,2,2
1772044628.390918,1966889,0.03,-0.10,0.22,40.81,70.00,254.87,16.00,9.56,-1.62,-0.03,-0.01,0.02,31.06,66.75,222.81,0.00,0.06,-0.19,3,2
1772044628.580340,1967079,0.06,0.00,0.24,39.25,69.06,254.19,-7.50,0.56,1.75,-0.01,0.11,-0.06,31.19,66.69,222.75,-1.75,1.87,2.81,3,2
1772044628.772482,1967271,-0.01,-0.20,0.13,41.63,69.25,254.50,-8.81,-7.56,2.06,0.07,0.13,0.06,32.94,65.69,222.44,-4.44,1.19,5.06,3,2
1772044628.963049,1967461,0.19,0.15,0.13,44.25,70.12,256.00,-7.50,-5.12,-1.81,0.00,-0.08,0.18,35.69,63.88,221.81,-8.63,10.88,12.56,3,2
1772044629.154106,1967652,-0.14,-0.17,-0.28,48.56,71.69,257.12,-17.19,-7.87,-8.50,-0.07,0.31,-0.19,34.88,65.19,222.87,8.88,-10.00,-12.25,3,2
1772044629.343560,1967842,0.15,0.22,0.01,48.13,73.12,261.00,-3.44,1.94,0.06,-0.01,-0.01,0.16,33.50,65.69,222.56,3.00,-8.31,-7.12,3,2
1772044629.533851,1968032,-0.08,0.21,0.00,48.69,72.56,261.25,1.50,3.50,2.06,0.02,0.02,-0.08,32.81,66.31,222.75,-0.25,1.25,0.31,3,2
1772044629.725673,1968224,0.36,0.01,0.17,45.06,71.56,260.75,2.12,7.00,-1.19,-0.06,0.01,0.06,32.75,66.31,222.87,-0.13,-0.31,-0.31,3,2
1772044629.916111,1968415,0.02,-0.01,0.08,42.75,71.12,260.12,5.00,4.44,2.25,0.00,-0.03,0.11,32.50,66.44,222.87,1.50,-2.00,-1.87,3,2
1772044630.106752,1968605,0.05,0.18,0.22,43.13,70.69,259.56,0.25,-2.19,1.25,0.01,-0.02,-0.05,32.31,66.19,222.44,0.56,2.50,2.06,4,2
1772044630.296261,1968795,-0.23,0.00,-0.28,44.56,71.00,259.00,-2.44,-3.69,3.12,0.00,0.01,0.13,31.94,66.81,222.94,1.56,1.19,0.50,4,3
1772044630.486097,1968984,-0.18,0.27,-0.11,43.75,70.62,258.75,4.94,3.19,-0.19,0.01,-0.01,0.02,31.94,66.75,222.87,-0.50,-2.81,-0.56,5,3
1772044630.678231,1969177,0.38,-0.09,0.22,36.50,69.06,257.00,20.37,12.25,3.87,0.02,-0.10,0.14,31.44,66.81,223.00,1.75,-4.81,-5.62,5,3
1772044630.869476,1969368,0.93,-0.40,-0.28,37.63,69.06,255.37,-4.87,-18.87,-2.50,0.61,-0.81,-0.61,30.69,64.56,220.94,3.25,1.06,-12.25,5,3
1772044631.060247,1969559,-0.32,0.53,0.38,46.75,70.06,253.69,-5.19,16.69,12.81,0.01,0.65,-0.05,26.75,68.19,223.62,-4.44,0.44,10.31,5,4
1772044631.249755,1969748,-0.19,-0.40,0.26,39.94,67.94,248.81,40.50,-8.88,4.81,-0.01,-0.13,-0.01,31.37,65.19,221.25,7.62,1.44,14.13,5,4
1772044631.439030,1969937,-0.09,-0.01,-0.08,36.63,66.31,245.56,10.13,10.44,7.31,0.01,0.07,0.12,31.12,65.69,217.37,23.56,-4.87,6.56,5,4
1772044631.631594,1970130,-0.35,-0.36,-0.20,33.94,65.00,243.12,18.81,4.75,0.81,-0.12,-0.14,-0.08,31.56,65.37,213.37,7.44,-1.94,5.56,5,4
1772044631.822843,1970321,-0.04,-0.15,-0.18,28.75,63.44,241.81,16.31,10.06,-6.31,0.02,-0.01,-0.08,31.44,65.87,212.12,8.44,-3.75,-3.25,5,5
1772044632.013404,1970512,0.48,-0.39,0.25,23.06,62.06,241.62,11.63,1.25,-3.56,0.00,0.05,-0.14,31.12,66.12,211.44,0.13,-4.69,-4.06,5,4
1772044632.202982,1970701,0.06,0.05,0.17,21.69,62.13,242.31,-6.44,2.81,-6.12,0.13,0.09,-0.04,30.69,67.06,212.31,-0.94,-1.12,-3.37,4,3
1772044632.392352,1970891,0.11,-0.01,0.21,21.31,61.75,243.37,-5.37,-2.00,1.25,0.00,0.01,-0.08,30.37,67.06,212.69,-2.87,2.19,2.25,3,2
1772044632.584578,1971083,0.01,-0.09,-0.10,23.25,62.00,244.19,-12.06,-1.25,-3.19,0.05,0.08,0.01,30.69,66.87,212.69,0.44,0.81,0.94,3,2
