host_time_s,t_ms,ax1,ay1,az1,roll1,pitch1,yaw1,gx1,gy1,gz1,ax2,ay2,az2,roll2,pitch2,yaw2,gx2,gy2,gz2,emg1,emg2
1772042902.658598,239158,0.07,0.04,-0.05,39.50,72.12,252.00,5.69,-15.13,4.25,0.09,0.11,0.02,26.50,79.69,106.81,0.19,-2.62,0.88,8,4
1772042902.659393,239348,-0.14,0.01,-0.03,44.88,73.06,249.00,15.69,-10.63,2.94,0.09,-0.08,-0.03,28.75,79.81,106.12,2.37,-2.94,0.94,8,4
1772042902.660156,239537,-0.18,-0.02,-0.02,43.75,75.12,247.56,11.13,-10.50,-15.31,0.02,0.07,-0.03,28.69,80.31,105.81,1.69,-0.88,-1.37,7,4
1772042902.660922,239729,0.01,0.16,0.08,40.81,76.06,248.37,-7.19,3.12,4.75,-0.09,0.12,0.05,28.94,80.81,106.06,1.81,-6.31,-0.75,7,4
1772042902.661490,239920,0.14,0.21,0.12,44.00,73.69,248.81,-10.75,11.88,11.81,0.01,-0.06,-0.01,30.25,81.00,105.87,-1.31,0.25,-1.25,7,5
1772042902.662224,240111,-0.13,-0.04,-0.03,44.25,72.81,248.31,4.37,-2.19,-2.81,-0.01,0.03,0.04,28.31,81.25,106.31,1.12,-1.44,-1.00,7,5
1772042902.662977,240302,-0.10,0.00,0.08,40.69,72.94,248.50,4.19,2.94,-2.00,-0.01,0.07,0.02,27.69,81.25,106.25,1.06,0.56,0.25,5,4
1772042902.663554,240492,-0.07,-0.05,0.03,39.56,72.62,248.00,2.69,1.44,1.87,0.00,0.06,0.00,27.87,81.19,106.31,-2.06,-0.50,-0.56,5,3
1772042902.664042,240686,0.01,0.08,0.05,39.50,72.50,247.94,2.37,-0.69,0.75,0.00,-0.02,0.00,28.06,81.19,106.25,-1.12,0.69,0.56,4,3
1772042902.664533,240878,-0.02,0.05,-0.04,39.69,72.44,247.87,-1.31,0.75,-0.25,-0.01,0.05,0.01,28.62,81.25,106.50,-0.31,0.31,-0.06,4,3
1772042902.665007,241069,-0.08,-0.02,0.04,39.44,72.31,247.87,1.12,0.13,0.81,-0.02,0.03,0.03,28.50,81.19,106.50,-0.31,0.88,0.13,4,3
1772042902.805254,241260,0.02,0.04,0.02,39.31,72.25,247.81,0.37,0.37,0.13,0.00,0.00,0.02,29.00,81.12,106.37,-0.62,-0.25,1.19,4,2
1772042902.996142,241450,0.03,0.05,0.07,39.31,72.25,247.81,-1.37,-0.25,-0.44,-0.02,0.03,0.03,29.81,81.06,106.37,-1.25,0.06,0.37,4,3
1772042903.186454,241641,0.00,0.02,0.02,39.56,72.25,247.87,-1.12,0.19,0.00,-0.01,0.01,0.02,30.06,81.12,106.50,0.69,0.19,-0.06,4,3
1772042903.377087,241831,0.07,-0.15,0.09,40.75,72.25,247.81,-5.12,-3.12,2.81,0.00,0.03,0.10,30.19,81.12,106.50,0.44,-1.19,0.56,4,2
1772042903.566791,242021,-0.23,0.11,-0.08,47.88,72.50,248.56,-12.88,-1.25,2.19,-0.02,0.02,-0.06,30.75,81.25,106.50,4.19,2.87,0.50,4,2
1772042903.758364,242212,0.00,0.12,0.08,46.13,73.50,250.25,-0.19,-0.31,-9.31,-0.01,0.03,0.03,28.50,81.06,106.00,-3.31,-0.44,-0.81,4,2
1772042903.949066,242403,0.10,-0.15,0.03,47.06,73.87,251.62,-19.06,-2.00,2.37,-0.01,-0.02,0.00,29.44,81.37,106.37,-0.62,-1.62,-0.31,4,2
1772042904.139458,242594,0.10,0.28,0.04,50.44,73.31,254.25,-9.31,7.50,-0.19,-0.02,0.11,0.08,29.25,81.56,107.25,0.75,0.44,-0.62,4,2
1772042904.328833,242783,0.15,0.01,0.04,48.69,72.94,254.81,-2.31,0.94,3.50,-0.06,0.02,0.09,29.00,81.56,107.19,-2.37,-1.50,0.50,5,2
1772042904.520674,242975,-0.14,0.01,0.00,49.94,73.31,254.69,-0.37,-1.75,-2.31,0.01,0.03,-0.03,30.25,81.87,107.25,-0.44,-0.56,0.31,4,2
1772042904.711469,243166,0.02,0.30,0.07,49.19,73.50,256.31,-8.81,2.25,-1.00,-0.04,0.07,0.00,30.25,82.06,107.50,-2.94,-0.69,-0.44,4,2
1772042904.901898,243356,0.13,-0.10,0.13,48.44,73.62,256.31,3.44,-4.87,1.19,-0.02,-0.05,0.11,30.00,82.00,107.50,1.19,-0.81,0.13,4,2
1772042905.092692,243547,-0.15,0.01,-0.06,52.19,74.37,255.94,-1.50,-4.62,1.06,0.00,0.03,0.04,30.31,82.12,107.56,-0.88,-0.06,0.44,4,2
1772042905.283073,243737,0.02,0.08,0.08,51.63,74.50,255.81,6.31,2.00,-3.31,-0.01,-0.05,0.02,31.37,82.06,107.50,0.19,-0.13,0.13,3,2
1772042905.473269,243927,-0.02,0.15,0.04,47.25,75.19,255.25,12.56,-2.62,-4.62,0.01,0.00,0.04,30.25,82.12,107.56,-0.62,-2.25,-0.69,3,2
1772042905.664005,244118,0.07,-0.16,0.15,47.88,75.75,253.25,7.12,-12.75,6.12,0.01,0.01,0.12,30.19,82.12,107.75,-1.31,0.81,-0.13,3,2
1772042905.854613,244309,-0.26,0.01,-0.12,61.38,75.94,250.87,-0.37,-11.81,12.56,-0.01,0.00,0.01,31.94,82.12,107.56,-0.69,-0.25,2.25,3,2
1772042906.045572,244500,-0.16,-0.14,0.03,66.44,75.44,249.44,-2.06,0.56,-5.50,0.00,-0.03,0.04,33.25,81.94,107.19,0.56,0.81,0.25,4,3
1772042906.235991,244690,-0.05,0.23,-0.03,62.94,76.37,251.37,-3.00,3.75,-6.19,0.02,-0.18,0.10,33.50,82.06,107.37,4.69,-0.44,-0.81,4,4
1772042906.425769,244880,0.22,0.36,0.10,47.44,76.12,250.44,47.25,34.69,-4.31,0.05,0.05,0.54,28.87,81.44,106.19,10.13,8.19,1.69,4,4
1772042906.617026,245071,-0.06,-0.41,0.01,40.00,73.87,245.69,6.81,-1.00,4.37,0.00,0.02,0.09,24.37,80.62,104.56,2.31,-0.06,-1.06,4,4
1772042906.807711,245262,-0.25,-0.17,0.15,42.25,73.87,244.94,-3.12,2.50,-2.75,-0.07,0.06,0.12,26.50,80.87,105.00,-6.06,-5.25,1.69,4,4
1772042906.998828,245453,0.14,-0.18,0.02,45.63,74.44,247.94,-42.25,-14.38,0.44,0.02,-0.06,-0.10,29.44,81.44,104.81,2.12,-2.94,0.06,5,4
1772042907.189012,245643,-0.03,0.44,0.00,53.38,75.56,253.12,-1.44,9.81,-7.94,-0.01,0.14,0.00,29.12,81.62,105.12,2.25,1.37,0.00,5,4
1772042907.379651,245834,0.08,-0.09,0.13,46.56,75.25,253.31,7.19,1.69,1.62,-0.02,0.02,0.05,28.94,81.56,104.87,-2.75,-0.25,-0.25,6,4
1772042907.570273,246024,-0.02,0.22,-0.08,48.00,75.25,252.44,2.50,-5.37,6.00,0.00,0.05,0.04,28.87,81.56,105.12,-0.31,0.81,0.44,6,4
1772042907.760934,246215,-0.02,-0.17,0.11,52.44,74.56,249.87,7.50,-2.06,7.44,-0.05,-0.04,-0.01,29.25,81.62,105.31,-2.50,-0.44,-0.13,6,4
1772042907.951998,246406,0.00,-0.05,-0.07,55.00,74.69,249.37,-5.94,-5.31,-3.12,-0.06,0.01,0.21,29.00,81.75,105.94,-3.44,1.06,-1.87,5,3
1772042908.142720,246596,-0.27,0.27,-0.40,57.69,75.75,251.06,-5.94,-4.87,-0.25,-0.10,-0.09,-0.13,24.50,82.06,106.44,3.19,-5.81,-9.06,6,3
1772042908.332996,246787,0.44,0.01,0.65,51.56,74.06,250.50,11.00,19.94,6.19,-0.07,-0.02,-0.07,18.69,82.94,107.31,0.19,0.50,1.25,6,3
1772042908.523351,246978,0.09,-0.10,0.19,47.00,72.94,248.87,4.94,-4.25,-5.62,-0.07,0.13,0.02,22.37,82.94,106.56,3.44,-3.19,2.94,6,3
1772042908.713485,247168,0.02,0.13,-0.04,44.56,73.69,249.12,6.06,4.06,-0.37,0.04,-0.02,0.14,25.19,82.81,106.00,1.06,1.62,2.37,6,2
1772042908.904971,247359,0.08,-0.12,0.04,43.69,73.69,248.62,-0.62,-2.25,0.62,0.01,-0.02,0.03,26.12,82.62,105.75,-2.00,-0.19,0.62,6,2
1772042909.095680,247550,-0.16,0.25,-0.06,47.56,74.19,249.62,-7.81,-1.31,-1.56,0.00,0.05,0.08,25.94,82.50,106.12,-0.50,1.69,-0.25,6,2
1772042909.286336,247740,0.03,-0.03,-0.01,47.19,74.50,250.06,2.12,-0.69,0.94,-0.02,0.00,0.07,26.50,82.37,106.00,-1.37,-2.12,0.69,5,2
1772042909.476847,247931,0.02,0.21,-0.03,48.06,74.81,250.19,-0.19,-1.19,1.44,0.02,-0.01,0.03,26.75,82.37,105.94,0.50,0.06,-0.37,5,2
1772042909.667071,248121,0.02,0.00,0.06,50.25,74.62,249.44,-1.87,-3.81,5.12,-0.02,-0.02,0.03,26.94,82.50,105.94,-2.31,-1.75,-0.88,4,3
1772042909.858234,248312,-0.05,0.00,0.00,53.63,74.44,249.00,-3.56,-5.19,-2.00,0.00,0.09,0.03,26.62,82.62,106.44,-0.44,0.94,-0.31,4,3
1772042910.048741,248503,0.03,0.00,-0.02,54.31,74.87,249.37,0.88,0.50,0.31,0.00,0.03,0.05,27.31,82.62,106.44,-1.87,-1.25,0.25,3,2
1772042910.239627,248694,0.08,0.05,0.05,54.19,74.87,249.62,-1.00,-0.25,1.00,-0.01,0.05,0.08,27.37,82.62,106.56,0.44,0.69,-0.06,2,2
1772042910.430388,248885,0.02,0.00,0.02,54.88,74.81,249.50,1.25,-0.94,0.50,-0.01,-0.01,0.04,28.06,82.50,106.31,-0.06,0.31,0.56,2,3
1772042910.620021,249074,-0.01,0.13,-0.06,55.19,74.94,249.62,-2.37,0.81,-0.19,0.01,0.00,0.07,28.37,82.56,106.37,0.19,0.37,0.06,3,4
1772042910.811609,249266,-0.15,0.05,-0.15,53.50,74.62,249.69,1.00,6.87,-0.75,0.00,0.01,0.06,28.44,82.69,106.50,-1.00,-2.25,0.06,3,4
1772042911.001951,249457,-0.04,0.12,0.02,47.31,73.87,249.62,5.75,6.00,0.62,-0.04,0.06,0.01,28.75,82.69,106.37,0.81,1.00,0.88,3,4
1772042911.193038,249648,0.15,-0.22,0.18,42.31,72.62,248.50,5.81,4.69,0.25,0.04,0.00,0.08,28.69,82.62,106.31,-0.94,-0.62,0.50,3,4
1772042911.382683,249837,0.03,0.01,0.04,42.19,72.69,248.62,-2.50,-2.25,-1.87,-0.03,0.07,0.13,30.25,82.50,106.06,2.25,-0.50,1.50,3,3
1772042911.572921,250027,0.04,-0.06,0.19,47.19,73.31,249.50,-19.44,-11.69,5.81,-0.07,0.02,-0.07,30.12,82.62,106.00,-0.44,-0.19,-0.62,3,3
1772042911.764945,250219,-0.23,0.19,-0.06,51.88,73.75,250.62,1.25,-2.56,-2.37,-0.03,0.08,-0.01,29.94,82.50,106.12,-1.19,-1.44,-0.37,4,3
1772042911.955689,250410,0.26,-0.08,0.10,48.25,74.19,250.25,14.06,3.12,-7.25,0.01,0.06,0.22,28.19,82.12,106.19,-0.75,1.25,0.31,4,3
1772042912.146949,250601,-0.17,0.06,-0.07,50.56,74.75,250.44,-10.94,-5.69,-1.31,0.01,0.02,0.06,29.19,82.37,106.44,-1.75,-0.81,-0.62,5,3
1772042912.337504,250792,-0.04,0.17,-0.02,51.56,75.19,251.56,-0.50,0.69,0.94,0.00,0.03,0.08,29.19,82.37,106.56,0.50,0.31,0.19,6,3
1772042912.527295,250981,-0.02,-0.04,-0.04,54.75,75.12,251.19,-2.81,-5.19,2.94,0.02,0.01,0.07,29.62,82.50,106.62,-0.13,-0.44,-0.56,5,1
1772042912.719009,251174,0.07,0.03,0.00,56.44,75.12,251.31,-0.88,-0.31,1.37,-0.03,0.02,0.10,28.94,82.56,106.81,0.06,0.56,0.00,5,1
1772042912.911683,251366,-0.07,-0.03,-0.01,57.31,75.00,251.06,-0.31,0.75,1.00,0.02,0.01,0.11,29.00,82.62,106.87,-1.19,0.13,0.19,5,1
1772042913.103686,251558,-0.31,0.15,-0.19,57.94,75.00,251.31,-1.37,2.31,0.88,-0.02,0.06,0.08,29.19,82.62,106.94,-1.19,1.12,0.00,5,3
1772042913.293632,251748,-0.11,0.04,-0.10,55.25,74.44,251.31,2.12,2.75,-1.12,0.09,0.05,0.05,29.19,82.62,107.00,0.75,0.94,-0.25,6,3
1772042913.486014,251941,0.05,0.28,0.08,47.13,73.56,251.00,19.37,21.19,-1.31,0.00,0.05,0.23,28.81,82.44,106.75,2.31,0.88,0.75,6,3
1772042913.677581,252132,0.06,-0.18,0.21,41.06,71.81,248.75,1.25,1.44,1.31,-0.04,0.06,-0.01,28.56,82.37,106.37,1.87,-1.37,1.06,5,3
1772042913.868709,252323,-0.11,-0.02,0.00,43.56,72.25,248.81,-7.56,-9.56,-0.50,-0.01,0.05,0.02,28.94,82.12,106.12,-0.31,2.81,0.31,5,3
1772042914.059562,252514,-0.02,0.17,-0.05,46.50,72.94,250.06,-7.37,-3.69,-0.31,-0.02,0.06,0.00,28.12,81.75,105.94,-0.13,0.06,0.62,4,3
1772042914.249480,252704,-0.03,-0.09,-0.02,47.50,73.25,250.37,-0.06,-2.31,0.44,-0.07,0.01,0.02,28.12,81.56,106.12,-3.62,1.12,-0.19,3,3
1772042914.440645,252895,0.09,0.00,0.03,48.00,73.31,250.87,-5.87,-0.50,-0.50,-0.01,0.04,0.08,28.06,81.56,107.19,-5.81,-0.69,-0.94,3,3
1772042914.631028,253085,0.04,-0.13,0.11,50.69,73.56,251.87,-12.31,-6.37,2.25,-0.05,0.07,0.02,29.06,81.69,107.81,-2.00,-1.37,2.31,4,3
1772042914.821678,253276,0.06,0.66,-0.10,59.56,72.75,255.25,-19.62,1.37,4.25,-0.03,-0.05,0.06,31.81,81.62,107.69,-1.94,1.69,0.62,5,4
1772042915.012602,253467,0.07,-0.03,0.01,60.38,73.81,256.19,-4.25,-7.75,-3.19,-0.02,-0.15,0.11,32.25,81.44,107.62,-0.56,-1.19,0.50,6,3
1772042915.201898,253656,-0.03,0.19,-0.05,65.19,75.00,257.19,-3.25,-8.00,-2.81,0.05,-0.03,0.04,33.38,81.56,107.62,0.00,-1.56,-0.37,6,3
1772042915.393025,253847,-0.08,0.04,0.03,66.75,75.37,256.87,5.25,2.69,1.94,-0.04,-0.02,0.01,33.63,81.62,107.62,-0.44,-0.37,0.31,5,3
1772042915.583734,254038,0.07,0.03,0.06,64.06,75.12,256.06,4.62,1.00,-1.69,0.00,0.01,0.05,33.69,81.62,107.62,-0.19,0.00,-0.25,7,4
1772042915.774731,254229,-0.13,0.28,-0.10,61.63,75.12,255.44,12.31,6.12,-0.37,-0.01,-0.08,0.05,33.31,81.56,107.56,1.25,1.06,-0.06,8,4
1772042915.964137,254419,0.21,-0.16,0.24,52.25,74.69,253.19,14.69,5.56,-0.75,0.01,-0.08,0.15,33.44,81.44,107.25,1.87,-0.25,-0.19,8,4
1772042916.153345,254608,-0.11,0.00,0.16,51.00,74.44,252.12,3.06,0.13,1.87,-0.04,-0.12,0.15,32.75,81.25,106.87,-1.12,2.44,0.75,8,4
1772042916.345683,254800,-0.09,0.04,0.03,53.44,74.37,252.25,-18.25,-8.50,3.31,-0.04,0.00,0.08,33.50,81.25,107.25,-2.87,-2.31,-0.69,8,5
1772042916.536927,254991,-0.06,-0.02,-0.06,57.69,75.00,253.00,4.12,-2.00,0.25,0.00,-0.10,0.09,33.88,81.25,107.00,-0.06,-0.37,0.25,7,5
1772042916.727705,255182,-0.08,0.17,-0.09,59.19,75.44,253.12,-2.75,-5.37,-1.12,0.01,0.06,0.10,34.38,81.56,107.12,1.00,-1.06,-1.00,7,5
1772042916.916760,255371,0.02,0.01,-0.05,63.50,75.44,252.44,2.00,-6.19,3.37,0.10,0.06,0.12,32.44,82.06,107.94,-1.62,5.94,-2.50,6,4
1772042917.106095,255561,-0.02,-0.09,0.01,63.69,75.06,251.75,4.06,3.37,0.19,0.03,0.04,0.03,31.62,82.00,107.81,1.44,-1.37,0.94,5,4
1772042917.298507,255753,0.09,-0.04,0.10,60.81,74.69,251.69,-2.62,1.87,0.13,-0.01,0.00,-0.01,32.75,81.94,107.56,-0.06,-0.37,0.75,4,5
1772042917.489724,255944,0.07,0.13,0.02,60.38,74.94,252.19,0.06,2.69,0.06,-0.02,0.07,0.01,34.38,82.19,107.19,3.56,-1.44,-1.06,3,3
1772042917.680437,256135,-0.05,0.03,0.04,60.44,74.50,251.69,-0.25,1.12,1.75,-0.02,-0.01,0.06,31.44,82.31,107.31,1.19,0.69,-1.69,3,3
1772042917.870029,256324,0.02,-0.13,-0.08,59.50,74.06,251.25,2.00,1.44,0.13,-0.01,-0.03,0.09,31.75,82.00,107.25,-0.31,-1.19,2.56,3,3
1772042918.061407,256515,-0.10,0.11,-0.07,59.13,74.44,251.56,-1.44,-1.19,-1.56,-0.06,0.07,0.03,33.75,82.00,107.06,-1.00,0.56,-0.62,2,3
1772042918.252064,256707,0.09,0.01,0.10,56.31,74.06,251.62,6.31,8.19,-1.44,0.00,0.10,0.01,34.25,82.12,107.37,1.87,-1.75,0.13,2,2
1772042918.442941,256898,0.04,0.01,0.11,51.88,73.87,250.81,13.44,3.81,-1.00,0.06,-0.09,0.17,37.00,81.69,105.94,1.37,-1.19,1.56,2,2
1772042918.633280,257088,0.09,-0.12,0.03,50.00,73.81,249.44,1.00,0.75,0.88,0.00,0.00,0.04,36.13,81.69,105.87,1.31,0.88,-1.56,2,2
1772042918.823349,257278,0.11,-0.05,0.31,53.88,73.44,249.44,-14.50,-9.06,8.19,0.07,0.06,-0.10,35.19,81.50,105.75,-1.62,-0.56,2.37,2,3
1772042919.013020,257467,-0.12,0.18,-0.21,60.31,73.87,250.12,0.56,-3.87,-3.81,-0.17,0.01,0.14,35.00,81.25,105.37,5.31,3.12,0.56,2,3
1772042919.205009,257659,-0.12,-0.03,-0.15,61.88,74.12,249.37,3.69,-4.12,2.19,-0.03,-0.07,-0.03,33.69,81.12,104.75,4.19,-1.31,-2.25,3,2
1772042919.396114,257850,-0.27,0.07,-0.22,64.25,73.81,248.81,-7.25,-9.13,7.94,-0.35,0.14,0.49,28.19,81.31,105.56,-5.62,6.56,-2.00,3,2
1772042919.587012,258041,-0.51,-0.12,-0.07,70.75,72.00,246.25,15.88,5.94,13.81,-0.05,-0.44,-0.23,37.63,83.06,106.56,-10.69,-17.69,2.25,4,3
1772042919.777417,258232,-0.11,0.10,0.11,64.50,72.19,245.50,-12.69,-5.31,-8.13,0.16,-0.06,0.31,4.31,84.44,107.06,4.37,-10.19,0.13,4,3
1772042919.966682,258421,0.00,0.24,0.24,64.81,73.56,248.12,-2.19,5.44,-1.31,0.04,0.05,0.02,4.19,85.19,107.12,-6.19,2.56,-2.06,5,2
1772042920.157789,258612,0.06,0.39,-0.16,58.19,73.06,248.87,13.56,21.00,-5.87,0.06,0.00,0.03,4.00,85.62,107.25,8.06,-0.69,-0.13,6,4
1772042920.348881,258803,0.18,-0.02,0.28,44.13,71.44,247.62,17.31,15.06,-2.12,0.18,-0.07,0.19,3.56,85.69,106.19,8.50,1.37,-3.87,6,4
1772042920.539518,258994,-0.01,0.07,0.07,41.69,70.25,246.00,5.31,-3.37,9.81,0.02,0.00,0.00,2.37,86.00,106.81,0.62,5.12,-3.44,6,4
1772042920.730035,259185,0.05,-0.34,0.10,45.50,69.19,242.75,2.87,-4.25,9.38,0.03,-0.03,-0.02,2.19,85.69,106.19,1.62,-1.75,0.06,6,4
1772042920.920378,259375,-0.15,-0.01,-0.03,51.69,69.12,241.87,-11.50,-14.63,2.44,0.04,0.04,0.04,2.19,85.81,105.87,1.19,-1.50,0.44,7,5
1772042921.111518,259566,-0.16,-0.04,0.07,55.63,69.81,242.44,-4.37,-0.94,-2.69,0.06,-0.05,-0.01,2.06,86.06,106.19,-1.56,-2.44,-0.69,6,6
1772042921.302499,259757,0.02,0.08,-0.01,56.00,70.31,243.69,-4.62,-5.50,-0.75,0.02,-0.01,0.06,2.06,86.00,106.12,3.19,-2.69,0.00,7,6
1772042921.493158,259947,-0.22,0.02,-0.12,59.56,70.87,244.25,-4.75,-3.25,-1.50,0.00,-0.05,0.04,2.06,85.87,106.12,-2.44,0.56,-0.44,6,6
1772042921.683252,260138,0.00,0.17,0.01,60.06,71.19,245.25,-0.44,2.69,0.31,-0.01,0.02,0.05,2.00,85.87,106.37,0.37,-0.06,-0.44,7,7
1772042921.873612,260328,-0.11,-0.02,0.02,59.69,71.00,244.87,1.06,-1.75,0.75,0.03,0.00,0.05,2.00,85.81,106.25,-0.75,-0.69,0.13,6,7
1772042922.064524,260519,-0.05,0.08,-0.01,59.38,71.12,245.19,-0.44,2.12,-1.50,0.07,0.00,0.02,2.06,85.81,106.31,-0.44,-0.31,1.19,5,6
1772042922.255457,260710,-0.31,0.29,-0.19,55.63,71.06,245.31,14.94,12.69,-6.87,-0.02,-0.01,0.19,2.31,85.62,105.94,1.50,2.50,1.87,5,6
1772042922.446002,260900,0.19,-0.24,0.21,47.56,70.37,244.50,-0.56,2.25,-1.12,0.01,0.00,0.04,2.56,85.44,105.75,-0.69,-0.75,0.69,5,6
1772042922.636447,261091,0.00,-0.04,0.01,48.44,70.62,244.94,-3.19,-5.44,0.50,0.01,0.04,0.03,2.81,85.37,105.62,0.56,-0.31,3.12,6,6
1772042922.826980,261281,0.05,0.23,0.05,52.00,71.25,246.44,-13.06,-5.00,-0.81,-0.02,0.04,-0.02,3.00,85.25,105.31,-0.69,-1.12,-0.19,5,4
1772042923.017110,261472,-0.02,-0.04,-0.02,54.50,71.87,246.75,-0.81,-5.19,2.50,0.06,0.01,0.04,2.87,85.69,105.62,0.19,1.81,0.00,5,4
1772042923.208607,261663,0.34,-0.27,0.75,58.06,72.25,247.06,-8.63,-10.31,-2.31,-0.03,0.22,-0.38,3.00,85.56,105.37,2.62,-5.37,0.50,5,4
1772042923.399531,261854,-0.27,0.09,-0.27,65.31,73.37,247.94,-0.69,1.25,-1.87,0.00,-0.02,0.02,3.25,85.12,105.12,-2.31,1.44,-0.25,6,4
1772042923.590192,262045,0.12,0.11,0.00,62.19,73.62,248.69,-0.25,5.62,-0.81,0.02,-0.01,0.13,3.31,85.06,105.25,-0.81,0.44,0.69,6,3
1772042923.779775,262234,-0.03,0.05,-0.02,60.44,73.44,248.56,1.37,2.81,0.75,0.00,-0.01,0.05,3.31,85.06,105.25,-0.56,-1.00,0.06,7,3
1772042923.969927,262425,0.02,0.04,0.10,58.81,73.12,248.44,-1.00,2.00,0.37,0.00,0.05,0.02,3.31,85.12,105.50,-2.12,0.00,-0.69,7,3
1772042924.161485,262616,0.00,0.00,0.03,58.50,72.87,248.44,0.88,1.62,0.75,-0.04,0.05,0.10,3.25,85.19,105.87,-1.12,0.13,-0.69,8,3
1772042924.352616,262807,-0.07,0.09,0.00,57.81,72.75,248.44,0.81,1.25,-0.88,0.00,0.05,0.04,3.12,85.25,106.00,1.00,0.31,-0.19,7,3
1772042924.543693,262998,0.00,-0.11,0.05,55.38,72.44,248.12,4.37,4.62,-0.13,0.00,0.02,0.08,3.19,85.19,105.81,0.50,-0.50,-0.06,7,2
1772042924.732947,263188,0.04,-0.04,0.09,52.25,72.12,247.81,4.00,2.12,-1.50,0.02,0.02,0.03,3.25,85.19,105.69,0.56,-0.75,0.37,6,3
1772042924.923161,263378,-0.17,0.27,-0.09,49.31,71.81,247.56,8.63,9.38,-1.69,0.00,-0.22,0.26,3.25,85.19,105.62,0.94,0.62,-1.00,6,2
1772042925.115076,263570,0.01,-0.17,0.13,42.81,71.00,246.31,9.06,4.25,-0.69,0.02,0.12,-0.13,3.00,85.37,105.37,9.00,5.06,2.19,6,2
1772042925.306525,263761,-0.02,-0.30,0.10,41.63,70.56,245.50,0.06,-6.12,2.31,0.02,-0.07,-0.02,3.00,85.00,105.12,-8.13,-1.50,-3.31,5,2
1772042925.497517,263952,0.07,0.14,0.04,44.25,70.69,246.25,-5.50,-3.50,-0.44,-0.01,0.00,0.04,2.87,85.06,105.81,0.50,0.75,1.56,4,2
1772042925.687124,264142,0.00,0.01,0.00,46.25,71.50,246.69,-5.19,-3.44,0.50,-0.02,0.00,0.06,2.87,85.12,105.87,-1.81,-0.25,-1.44,4,2
1772042925.876402,264331,-0.10,0.20,0.05,48.88,71.50,247.19,-0.31,0.94,1.75,-0.05,0.00,0.00,2.69,85.81,106.12,-3.50,-9.25,-3.37,4,2
1772042926.068690,264523,0.07,-0.03,0.18,49.38,71.50,246.87,1.37,-1.62,2.87,0.02,-0.01,0.00,2.75,85.75,105.69,-1.12,-0.88,-1.87,3,2
1772042926.260621,264715,-0.15,0.05,-0.12,52.88,71.81,246.69,-3.44,-2.81,1.12,0.00,0.00,0.08,2.75,85.50,105.87,1.56,0.94,1.75,4,1
1772042926.453291,264908,-0.02,0.00,-0.02,52.75,72.12,246.87,1.12,0.31,-0.75,0.01,0.00,0.03,3.00,85.31,105.44,-0.56,-0.75,0.13,4,2
1772042926.644184,265099,-0.03,0.03,0.00,52.00,71.94,246.94,2.12,4.62,1.06,-0.01,0.01,0.04,3.00,85.31,105.37,1.06,0.88,0.31,5,1
1772042926.833993,265288,0.00,0.15,0.03,49.88,71.44,246.81,0.37,1.56,-0.88,0.03,-0.02,0.25,2.94,85.31,105.31,0.25,-1.44,-0.81,6,1
1772042927.027481,265482,-0.01,-0.07,0.17,49.44,71.12,246.12,2.94,1.62,3.37,0.07,-0.06,0.04,2.81,85.37,105.56,0.75,3.94,1.94,6,1
1772042927.218600,265673,-0.08,0.20,-0.02,49.75,71.06,246.12,-4.81,-1.69,-1.56,-0.02,-0.01,0.12,2.81,85.37,105.69,0.44,0.62,0.50,5,1
1772042927.409432,265864,-0.03,0.01,-0.04,51.25,71.50,246.44,-3.56,-3.62,-0.44,0.00,-0.04,-0.05,2.81,85.25,105.50,2.12,1.94,1.12,5,1
1772042927.598999,266053,-0.02,0.02,-0.03,51.38,71.69,246.81,-1.81,-1.87,-2.00,0.03,0.00,0.06,2.81,85.25,105.50,1.19,-1.37,-1.06,5,1
1772042927.788459,266243,-0.19,0.03,-0.02,54.69,72.50,247.50,-8.56,-7.37,-0.75,-0.01,-0.01,0.04,2.50,85.44,105.75,-2.44,-2.06,-2.12,4,1
1772042927.980367,266435,0.02,-0.04,0.13,54.19,72.62,248.56,0.56,8.56,0.44,0.00,-0.05,0.05,2.37,85.81,106.25,-3.56,-1.00,1.00,4,1
1772042928.171729,266626,0.05,-0.13,0.05,52.63,72.44,249.69,-9.06,-0.50,-4.81,-0.02,0.01,-0.03,2.44,86.12,106.87,-1.25,-1.37,-0.13,4,1
1772042928.362002,266817,0.05,0.22,0.05,52.38,73.06,252.19,-4.69,0.50,-1.37,0.01,0.00,0.07,2.44,86.06,106.94,0.00,1.06,0.81,5,1
1772042928.553005,267008,-0.08,0.00,-0.06,52.44,73.25,252.25,0.50,-0.69,-1.06,0.02,-0.03,0.09,2.62,85.81,106.75,-0.25,0.75,1.19,4,1
1772042928.742068,267197,-0.10,0.25,-0.11,50.81,73.31,252.44,3.06,4.56,-0.06,-0.02,0.00,0.09,2.75,85.69,106.56,0.88,1.50,0.44,4,2
1772042928.933619,267389,0.01,0.09,0.05,43.56,72.31,250.69,24.37,12.75,-0.75,-0.03,0.00,0.14,2.81,85.50,106.31,1.69,1.06,0.06,4,2
1772042929.124515,267579,-0.06,-0.08,0.08,37.38,71.44,247.12,24.94,-1.75,1.06,0.00,0.00,0.07,2.75,85.44,106.00,1.75,-0.50,0.06,4,2
1772042929.315084,267770,0.00,-0.33,0.14,36.88,71.06,244.81,-5.69,2.56,4.06,-0.01,-0.01,0.07,2.87,85.37,105.81,-1.44,0.06,0.75,5,2
1772042929.504737,267959,0.00,-0.23,0.19,44.94,70.81,247.19,-45.19,-9.31,4.00,-0.08,0.00,0.00,2.87,85.50,105.87,-2.31,-1.87,-1.37,5,2
1772042929.693777,268148,0.00,0.60,-0.07,52.06,71.69,252.37,-10.19,0.00,-3.81,0.00,0.02,0.14,2.81,85.62,106.44,-0.13,2.12,1.12,5,3
1772042929.886486,268341,0.02,-0.12,0.01,51.69,72.69,252.31,5.50,-3.81,-1.06,0.02,-0.13,0.31,3.06,85.12,105.94,2.00,2.25,1.06,5,2
1772042930.077666,268532,0.08,0.12,-0.10,53.69,73.62,252.31,-0.13,-7.69,-3.31,-0.02,0.00,0.13,3.00,84.94,105.31,4.69,-0.75,-1.69,5,3
1772042930.268317,268723,-0.38,-0.09,-0.17,58.25,74.37,250.56,15.38,-8.44,4.12,0.02,-0.13,0.03,3.00,85.00,105.06,1.12,-0.31,1.00,6,4
1772042930.457759,268912,-0.10,0.28,-0.01,52.88,74.00,249.44,8.00,15.81,-5.75,0.01,0.01,0.05,2.94,85.06,104.94,-1.94,-1.81,-0.81,6,3
1772042930.646987,269102,0.34,0.03,0.29,40.69,72.75,248.00,26.75,8.38,-1.44,-0.01,-0.03,0.15,2.87,85.06,105.06,1.50,-2.50,0.50,7,4
1772042930.839669,269295,-0.04,-0.15,0.12,38.06,72.31,245.69,-3.37,3.37,1.19,0.10,-0.04,0.02,2.75,85.00,105.31,1.19,4.75,0.44,7,4
1772042931.031797,269485,0.09,-0.09,0.14,39.69,72.06,245.56,-3.75,-2.06,2.56,0.06,-0.13,-0.09,2.62,84.50,104.94,6.25,0.88,-2.69,8,4
1772042931.221583,269676,-0.09,-0.07,0.10,43.75,71.56,246.06,-11.38,2.06,9.63,-0.04,0.11,0.37,2.00,84.62,106.00,-3.50,-1.75,-1.37,7,4
1772042931.411234,269866,-0.06,-0.09,0.02,49.94,70.62,246.44,-8.75,-6.75,6.50,-0.04,-0.14,0.07,2.19,85.00,105.75,-8.81,-3.50,1.25,8,4
1772042931.600628,270055,0.00,0.04,0.04,56.00,71.75,247.94,-17.44,-7.62,-6.44,0.01,0.03,0.07,2.31,85.37,107.50,-7.06,0.37,-0.44,8,4
1772042931.793102,270248,-0.09,0.28,-0.06,56.19,73.31,251.06,-1.37,0.13,-3.44,0.01,-0.04,0.05,2.56,85.19,107.31,0.31,-0.94,1.69,7,5
1772042931.983449,270438,0.08,0.10,0.03,54.75,73.62,251.87,-0.75,0.88,-1.81,0.04,-0.05,0.11,2.81,85.00,106.87,1.25,0.69,1.06,6,4
1772042932.174356,270629,-0.01,0.08,-0.03,54.50,73.81,251.87,2.25,1.44,0.81,-0.01,-0.05,0.05,2.87,84.94,106.75,0.56,0.37,0.25,6,3
1772042932.363749,270819,-0.05,0.17,-0.02,52.56,73.50,251.31,7.81,4.44,0.13,0.00,0.00,0.07,2.81,84.87,106.56,2.50,1.06,-0.13,6,3
1772042932.553096,271008,0.13,0.10,0.02,46.13,72.50,249.00,28.69,12.19,3.50,0.04,-0.02,0.29,2.75,84.56,106.00,3.87,0.75,0.06,5,3
1772042932.746054,271201,0.12,-0.34,0.30,41.13,70.87,245.56,5.00,4.87,0.94,0.00,-0.12,0.30,2.87,84.44,104.87,2.50,1.50,-1.06,6,2
1772042932.936621,271392,0.20,0.12,-0.02,41.63,70.62,245.56,-3.56,7.31,1.56,0.03,-0.05,0.21,2.50,84.44,105.56,3.56,0.25,0.25,5,2
1772042933.127466,271582,0.25,-0.21,0.41,42.94,69.87,245.50,-12.56,0.00,5.81,0.04,0.01,0.22,2.50,84.44,105.87,-0.37,-2.00,0.44,5,2
1772042933.317692,271772,-0.34,0.02,-0.08,51.38,70.87,246.87,-12.13,-12.31,-1.87,-0.02,0.00,-0.12,2.50,84.75,105.87,-3.31,-1.56,-0.06,4,2
1772042933.506669,271962,0.04,-0.09,0.06,51.69,72.25,249.94,-16.12,3.56,-9.50,0.01,-0.14,0.06,2.62,84.69,106.25,0.06,2.25,0.88,5,2
1772042933.699108,272154,0.34,1.16,0.12,46.63,73.19,257.37,-17.87,1.75,-5.44,0.00,-0.01,0.08,2.62,84.37,106.31,-1.75,-1.19,2.50,5,2
1772042933.890347,272345,-0.10,-0.03,-0.05,48.69,74.00,256.87,4.94,-3.87,2.50,0.03,-0.04,0.02,2.87,84.31,106.12,-0.31,-0.37,-1.25,6,3
1772042934.080552,272535,0.00,0.13,-0.03,50.31,73.94,256.06,1.50,-1.44,3.19,0.02,-0.03,0.08,2.69,84.37,106.44,-0.31,-1.00,0.25,7,3
1772042934.270058,272725,-0.14,0.30,-0.18,50.25,73.75,255.19,7.56,3.50,1.50,-0.01,-0.01,0.04,2.56,84.50,106.37,0.94,0.44,-0.81,7,3
1772042934.459092,272914,-0.01,0.08,0.06,42.69,72.37,251.94,32.94,9.44,4.87,0.00,-0.04,0.05,2.50,84.37,106.00,3.62,0.06,0.50,7,3
1772042934.652007,273107,0.00,-0.34,0.21,37.81,70.81,246.94,17.94,1.81,3.56,0.05,-0.04,0.05,2.31,84.25,105.56,4.69,-0.69,-1.94,6,4
1772042934.842772,273298,0.00,-0.05,0.09,38.69,69.87,245.25,3.19,2.50,5.69,0.06,-0.04,0.09,1.94,84.25,105.50,2.19,2.31,-0.19,7,4
1772042935.034047,273489,-0.05,-0.07,0.06,39.69,69.50,244.44,-1.75,-4.50,0.56,0.04,-0.01,-0.09,1.87,84.19,105.37,-1.87,1.25,-0.94,7,4
1772042935.223508,273678,0.10,-0.25,0.28,43.50,69.25,245.00,-24.62,-8.25,1.69,-0.01,-0.01,0.22,1.87,84.19,105.94,3.25,0.13,2.81,7,4
1772042935.413082,273868,-0.22,0.28,-0.16,52.94,70.87,248.94,-21.19,-5.62,-6.37,0.00,-0.05,0.00,2.19,84.19,105.87,-6.87,0.44,-0.13,7,4
1772042935.605138,274060,0.16,0.30,0.00,51.50,72.69,252.31,-7.00,-1.62,-5.94,0.02,-0.08,0.11,2.31,83.75,106.19,1.19,1.81,1.87,7,4
1772042935.796595,274251,-0.18,0.10,-0.16,54.25,73.37,253.00,-4.94,-2.00,-0.50,0.00,-0.04,0.03,2.37,83.75,106.62,-2.25,-0.31,-0.94,6,3
1772042935.987178,274442,0.03,0.11,-0.03,53.75,73.31,253.25,4.94,2.00,1.87,-0.02,-0.08,0.08,2.31,83.75,106.62,0.94,-0.13,-0.37,5,3
1772042936.176586,274632,0.02,-0.07,0.04,51.31,72.75,251.94,7.50,4.62,1.06,0.00,-0.02,0.10,2.31,83.75,106.62,0.44,-1.12,-0.50,4,3
1772042936.366639,274822,0.00,0.07,0.09,49.69,72.19,251.19,3.00,2.19,1.69,-0.03,0.00,0.01,2.19,83.87,106.62,0.88,-0.62,-0.69,4,4
1772042936.558371,275014,0.01,0.04,-0.07,48.19,71.50,250.37,4.87,5.06,3.25,0.02,-0.04,0.06,2.19,83.94,106.50,2.00,0.31,-0.19,5,2
1772042936.749791,275205,-0.02,-0.03,0.02,43.13,70.12,248.69,17.44,6.12,3.31,-0.06,0.02,0.10,1.94,83.94,106.44,-0.13,-0.88,-2.44,4,2
1772042936.941179,275396,0.04,-0.03,0.05,39.75,68.62,245.94,16.69,7.56,4.31,0.00,-0.05,0.01,1.75,84.00,106.25,0.62,-1.19,0.13,4,2
1772042937.130824,275586,-0.21,-0.07,0.46,46.38,68.87,243.44,-19.87,-38.50,15.00,0.00,0.00,-0.29,1.81,84.56,106.25,2.12,-0.37,0.88,4,2
1772042937.320401,275775,-0.23,-0.11,-0.08,54.81,69.94,244.25,-5.94,8.25,-10.00,-0.01,-0.04,0.06,1.81,84.50,106.12,-2.19,-0.25,0.19,5,3
1772042937.512212,275967,0.14,0.00,0.09,50.63,70.87,248.12,-17.06,1.50,-9.75,0.00,-0.02,0.14,2.00,84.25,106.37,-0.44,0.94,1.12,5,2
1772042937.704331,276159,-0.01,0.53,-0.09,52.38,72.25,252.56,-14.75,-0.94,-4.69,-0.01,-0.03,0.07,2.12,84.25,106.44,-1.62,0.25,0.81,5,2
1772042937.895914,276351,-0.12,0.08,-0.10,51.69,72.81,253.00,7.31,2.75,0.88,-0.03,-0.07,0.05,2.31,84.12,106.25,0.50,-0.13,0.00,5,2
1772042938.086563,276542,0.06,0.10,0.04,45.63,72.00,251.37,23.37,14.13,0.44,-0.01,-0.03,0.16,2.25,84.06,106.25,0.94,1.06,0.13,6,2
1772042938.276191,276731,-0.01,-0.20,0.13,41.50,70.56,248.62,2.37,2.62,1.94,0.01,-0.09,0.14,2.12,84.25,106.19,1.25,-1.00,-2.31,6,2
1772042938.466877,276922,0.03,-0.11,0.27,41.94,69.94,248.19,0.31,2.12,3.87,0.04,-0.02,0.11,2.12,84.25,106.06,-0.81,0.88,0.56,6,2
1772042938.659989,277115,0.00,-0.24,0.10,45.06,70.00,248.50,-15.50,-8.69,-1.37,0.00,-0.02,0.08,2.19,84.12,106.19,-0.75,0.75,1.00,5,2
1772042938.852243,277307,0.00,0.20,-0.08,51.19,71.62,251.19,-8.88,-7.37,-5.19,-0.02,0.00,0.10,2.37,83.94,106.44,-2.62,1.06,1.00,5,3
1772042939.043843,277499,-0.07,0.14,-0.08,53.19,73.00,252.44,-1.25,-3.81,-2.87,-0.05,-0.04,0.04,2.56,83.81,106.44,-0.56,-1.25,1.25,5,3
1772042939.234443,277689,-0.02,0.05,0.04,53.13,73.62,252.56,1.94,-0.88,-0.88,-0.02,-0.01,0.06,2.75,83.81,106.25,-0.06,0.50,0.88,4,2
1772042939.425031,277880,-0.05,0.07,-0.03,53.31,73.69,252.44,0.75,0.50,0.31,-0.02,-0.02,0.09,2.75,83.75,106.25,-0.81,0.37,0.19,5,3
1772042939.616104,278071,0.03,0.06,-0.04,53.00,73.69,252.44,0.19,0.25,-0.06,-0.05,-0.03,0.16,2.75,83.69,106.19,1.19,-0.56,-0.69,5,3
1772042939.806696,278262,-0.16,0.08,-0.09,54.00,73.50,252.12,0.06,1.75,2.62,0.00,0.02,0.10,2.50,83.94,106.44,-0.75,-0.25,-1.56,4,3
1772042939.997319,278452,-0.22,0.24,-0.11,51.19,72.69,251.69,6.25,10.44,-1.00,-0.04,0.00,0.01,2.31,84.12,106.50,2.06,0.00,-0.94,3,3
1772042940.186851,278642,0.08,0.14,0.10,39.88,70.75,249.81,28.25,15.44,0.94,-0.01,-0.03,0.17,2.25,84.00,106.12,3.19,-0.25,-0.31,3,3
1772042940.375964,278831,0.16,-0.28,0.30,34.44,68.75,246.12,13.19,3.12,6.69,0.00,0.00,0.05,2.12,84.06,105.62,2.50,0.13,-0.75,3,3
1772042940.568174,279023,0.01,-0.03,0.09,35.56,68.25,244.87,-2.31,0.88,3.50,-0.01,0.06,0.15,1.75,84.19,106.00,-0.25,0.44,-1.75,3,3
1772042940.759056,279214,-0.04,-0.34,0.06,38.44,68.31,244.25,-3.94,-8.31,4.87,-0.07,0.00,0.13,1.69,84.25,105.87,2.31,-2.06,1.37,3,2
1772042940.950164,279405,-0.09,0.24,-0.13,43.19,68.81,245.37,-8.00,-0.94,-2.50,0.03,-0.04,-0.02,1.75,84.50,105.31,-1.37,-2.81,0.75,4,1
1772042941.139265,279594,0.02,-0.04,0.11,42.63,68.81,246.00,-5.44,1.87,-1.81,0.00,0.01,0.09,1.75,84.87,105.87,-3.50,-0.69,-0.81,3,1
1772042941.330198,279785,-0.02,0.10,0.00,42.19,69.06,246.75,1.44,-3.19,-0.37,0.00,-0.10,0.07,1.81,84.87,105.75,-0.37,0.31,0.94,5,1
1772042941.521772,279977,-0.03,0.14,-0.07,42.00,69.19,247.12,-4.06,3.44,-2.56,0.01,-0.01,0.16,1.87,84.87,106.00,-0.69,-1.50,-0.37,5,2
1772042941.712320,280167,-0.04,0.12,-0.07,40.50,69.12,247.62,2.62,3.56,-0.25,0.00,-0.04,0.04,1.81,85.00,105.87,1.50,-0.06,-0.37,5,1
1772042941.902738,280358,0.02,-0.21,0.10,36.25,68.56,246.50,16.87,1.50,-1.56,-0.04,0.01,0.08,1.81,85.06,105.87,0.94,-1.62,0.37,6,1
1772042942.093321,280548,0.04,-0.18,0.13,33.94,68.19,245.37,-1.44,0.44,-0.06,-0.01,0.00,0.06,1.94,85.06,105.56,-0.44,-0.62,0.31,6,1
1772042942.284027,280739,0.04,-0.13,0.10,35.63,68.12,246.37,-13.25,-0.94,0.62,0.00,-0.03,0.07,2.00,85.00,105.69,-0.56,0.94,1.25,6,2
1772042942.474741,280930,-0.04,0.42,0.01,40.63,68.56,248.81,-15.25,-7.62,-2.37,-0.03,0.00,0.10,2.12,85.00,105.81,-1.25,0.62,0.56,6,2
1772042942.665625,281120,-0.02,-0.10,-0.10,41.00,69.62,249.44,2.00,-3.00,-1.37,-0.02,-0.05,0.16,2.37,84.56,105.56,-0.81,0.69,0.81,6,2
1772042942.855828,281311,-0.01,0.13,-0.06,41.44,70.25,249.87,-1.81,0.00,-2.12,0.00,-0.01,0.09,2.50,84.50,105.62,-0.81,0.13,0.56,6,2
1772042943.046405,281501,0.00,0.05,-0.03,41.00,70.44,250.25,-0.56,-0.62,0.13,-0.03,-0.02,0.11,2.56,84.44,105.62,0.37,0.44,-0.44,6,2
1772042943.236225,281691,-0.12,0.20,-0.14,40.56,70.19,250.00,4.44,5.00,-0.31,-0.01,-0.06,0.10,2.37,84.56,105.75,1.56,1.00,-1.37,5,3
1772042943.427808,281883,0.16,-0.27,0.22,36.06,69.37,248.50,9.31,3.19,4.25,-0.04,-0.02,0.09,2.12,84.56,105.81,1.69,-0.88,-1.31,5,2
1772042943.618391,282073,-0.01,-0.13,0.07,36.69,68.69,247.50,0.88,-1.56,2.37,-0.01,0.00,0.04,1.87,84.69,105.94,-1.31,-0.25,-0.88,5,3
1772042943.808687,282264,0.10,0.21,0.16,37.75,68.69,247.50,-3.62,-3.00,2.19,-0.17,0.00,0.04,1.75,84.31,106.00,4.69,7.00,1.69,5,3
1772042943.998953,282454,0.11,-0.23,0.26,41.56,69.56,246.81,-4.62,-11.75,-1.19,0.00,-0.10,0.33,2.25,83.75,104.75,-0.81,-0.31,0.37,5,3
1772042944.189498,282644,-0.22,0.49,-0.15,50.75,72.25,248.00,-10.94,-22.94,-6.25,-0.07,0.19,-0.03,1.69,83.94,105.37,13.44,1.25,2.06,5,3
1772042944.380731,282836,-0.18,-0.09,0.01,53.81,74.50,246.75,21.31,-2.50,4.12,0.03,-0.14,-0.08,2.19,83.75,102.56,5.75,5.62,2.19,5,3
1772042944.571945,283027,-0.08,-0.17,-0.13,54.13,73.69,244.62,-8.19,-4.25,3.44,-0.08,0.08,0.09,2.06,83.44,103.06,-4.06,-1.25,-2.94,7,3
1772042944.762510,283217,-0.04,0.16,-0.18,58.63,73.75,245.44,-4.06,-3.25,2.94,-0.02,0.00,-0.07,1.62,83.69,103.69,-0.44,-1.37,-2.44,7,4
1772042944.951354,283407,-0.06,0.01,-0.01,59.81,73.31,244.94,0.06,2.75,0.19,0.03,0.01,0.01,1.62,83.31,103.62,4.25,3.94,1.00,7,4
1772042945.143184,283598,-0.27,0.11,-0.13,55.81,73.12,245.06,6.62,10.06,-1.94,0.00,-0.05,0.00,1.75,83.12,103.12,0.81,0.75,1.19,7,3
1772042945.337085,283789,0.41,0.00,0.23,42.63,71.44,244.37,22.44,19.25,-3.50,-0.12,-0.01,-0.01,16.44,83.12,102.94,-5.81,-5.25,0.00,7,3
1772042945.524774,283980,0.15,-0.06,0.22,37.81,69.75,242.19,3.87,0.62,2.44,-0.01,0.00,0.05,2.00,83.56,103.31,7.25,-2.37,3.12,8,3
1772042945.715018,284170,0.01,-0.06,0.26,37.19,69.50,241.37,0.69,3.06,-4.37,-0.02,0.01,0.00,2.50,83.81,102.62,1.37,0.62,1.62,8,2
1772042945.905183,284360,-0.13,-0.13,0.10,36.38,69.56,241.94,-4.50,-1.00,0.31,-0.01,0.01,-0.01,2.50,83.94,103.06,-4.94,-0.13,-0.88,9,2
1772042946.095799,284551,0.05,-0.06,0.09,37.31,69.37,243.06,-12.13,-2.81,1.62,0.00,-0.01,0.21,2.56,83.81,103.50,0.50,-2.62,-0.06,10,4
1772042946.287619,284743,-0.02,0.10,0.04,41.31,69.87,244.50,-10.38,-5.06,1.62,0.02,-0.03,0.03,2.50,84.19,103.56,-2.44,-1.25,-0.62,10,4
1772042946.477949,284933,0.10,0.13,0.09,43.06,70.31,245.19,-1.69,-1.87,-1.62,0.01,0.00,0.10,2.50,84.37,103.69,1.44,0.81,0.13,8,4
1772042946.668409,285123,-0.03,-0.02,-0.01,44.69,70.81,245.12,-0.88,-2.94,-1.00,0.00,-0.02,0.00,2.50,84.37,103.37,1.12,-1.44,0.81,7,3
1772042946.858933,285314,-0.03,0.12,0.00,44.31,71.12,245.62,-0.56,2.06,-2.81,-0.01,0.00,0.04,2.62,84.31,103.31,-0.31,-0.88,-0.62,8,4
1772042947.049470,285505,-0.03,0.08,-0.03,41.19,70.62,245.62,9.38,7.75,-0.19,0.01,-0.01,0.15,2.56,84.37,103.19,2.75,-0.19,0.44,7,5
1772042947.240358,285696,0.02,0.06,0.13,36.81,69.81,244.81,9.25,5.75,-3.50,0.02,0.01,0.03,2.75,84.56,102.25,2.81,-0.62,0.69,7,5
1772042947.431483,285886,-0.04,-0.06,0.09,34.63,69.62,244.31,-2.31,-1.12,0.69,0.00,0.02,-0.04,2.69,84.81,102.06,-1.25,-1.44,-1.56,7,4
1772042947.621595,286077,-0.02,-0.05,0.20,36.63,69.69,244.75,-11.25,-2.56,1.94,-0.02,-0.03,-0.09,2.94,84.75,101.31,5.94,2.00,1.50,6,5
1772042947.811148,286266,-0.10,0.12,-0.08,40.25,70.44,246.25,-5.31,-3.37,-3.06,0.02,0.05,0.03,2.94,84.75,101.50,-2.00,0.56,-0.25,6,5
1772042948.002409,286458,0.07,0.03,0.09,39.81,70.56,246.87,-1.62,1.00,-0.88,-0.01,0.00,0.05,2.81,84.87,102.06,-2.81,-0.81,-2.12,4,3
1772042948.193872,286649,-0.07,-0.03,0.00,40.69,70.62,247.25,-3.31,1.00,-1.75,-0.03,0.05,0.00,2.62,85.06,103.12,-3.19,0.00,0.19,4,2
1772042948.384283,286840,-0.05,0.23,-0.08,38.81,70.62,247.87,6.62,4.81,-4.00,-0.01,0.00,0.01,2.75,84.94,103.06,0.44,1.00,-0.13,4,3
1772042948.574466,287030,0.17,-0.15,0.20,34.31,70.06,246.94,7.37,1.06,1.75,-0.01,0.00,-0.01,2.75,85.00,103.00,-0.56,-0.81,-0.56,4,3
1772042948.764769,287220,0.00,-0.06,0.00,34.56,70.00,246.69,-1.37,-0.81,-2.19,-0.02,0.01,0.00,2.75,85.06,103.06,0.75,0.25,0.13,4,2
1772042948.956137,287411,0.05,0.05,0.09,34.06,70.00,246.75,3.00,0.75,1.25,-0.01,-0.02,0.07,2.75,85.00,102.94,-0.31,0.06,-0.06,4,1
1772042949.147136,287602,0.04,0.00,0.08,34.69,69.94,246.44,-1.87,-0.88,-0.25,0.00,0.02,0.09,2.75,84.94,103.06,-1.37,-0.69,-0.06,3,2
1772042949.337713,287793,-0.10,0.01,-0.02,36.88,70.31,247.00,-11.31,-5.87,2.87,0.00,0.00,0.01,2.75,84.87,103.19,-0.06,-0.31,0.25,3,2
1772042949.528350,287983,-0.08,-0.11,-0.09,38.38,70.56,247.50,-0.62,0.06,0.56,-0.06,0.00,0.02,2.69,85.00,103.25,2.00,-1.50,-0.19,3,2
1772042949.718852,288174,0.02,0.10,0.01,38.31,70.50,247.69,-0.44,-0.06,0.19,-0.01,-0.01,0.07,2.62,85.06,103.19,1.06,-0.06,0.25,4,2
1772042949.909701,288365,-0.03,0.02,0.02,38.00,70.44,247.50,1.19,3.19,-0.25,-0.02,-0.01,0.06,2.62,85.12,103.19,-0.62,-0.56,0.06,4,2
1772042950.100119,288556,0.03,0.09,0.00,36.06,70.00,247.56,3.75,5.25,-0.75,0.00,0.01,0.06,2.62,85.12,103.12,0.75,-0.62,-0.62,4,3
1772042950.290830,288746,0.05,-0.04,0.06,33.75,69.25,246.69,8.38,4.06,1.50,0.05,-0.01,0.08,2.56,85.19,103.06,1.12,0.37,-0.94,4,3
1772042950.480860,288936,0.01,0.01,0.17,33.50,68.87,246.19,-1.94,1.44,1.25,-0.02,0.05,0.02,2.37,85.44,103.37,-0.94,0.00,-1.25,4,3
1772042950.671385,289126,0.21,-0.08,0.23,37.44,68.87,246.75,-21.56,-5.37,3.69,-0.02,-0.02,0.05,2.12,85.50,103.81,1.00,-1.12,-0.56,4,3
1772042950.862821,289318,-0.03,-0.01,-0.05,40.50,69.69,247.37,3.62,-0.37,-0.88,0.01,-0.03,0.15,2.19,85.37,103.81,-0.37,0.56,0.31,4,3
1772042951.053830,289509,-0.02,0.14,-0.02,40.56,69.81,247.31,0.44,-2.12,-0.25,-0.04,-0.03,0.09,2.12,85.37,103.75,0.25,0.56,-0.50,4,3
1772042951.244267,289700,0.02,0.03,0.03,41.06,69.81,247.12,-0.25,0.44,0.75,-0.06,0.05,0.04,2.00,85.56,103.87,1.62,-0.81,-0.94,4,3
1772042951.434110,289889,-0.04,-0.02,0.04,40.69,69.81,246.75,4.62,-1.12,1.75,-0.02,-0.03,0.09,1.94,85.56,103.75,0.88,0.13,0.25,4,2
1772042951.623629,290079,-0.06,0.07,-0.04,39.75,69.56,246.37,3.00,4.50,-1.94,0.00,-0.06,0.18,2.00,85.62,103.62,1.12,-2.62,0.50,3,2
1772042951.815749,290271,0.08,-0.09,-0.01,33.69,69.31,245.44,18.19,3.56,-1.37,0.00,0.08,-0.02,1.94,86.00,103.37,1.06,-2.12,0.13,5,3
1772042952.007159,290462,0.17,0.04,0.16,32.06,68.37,244.75,-0.06,0.56,-1.37,0.00,-0.08,-0.10,2.12,86.00,102.81,-1.19,-8.13,-2.25,4,2
1772042952.197729,290653,0.04,0.09,0.25,31.50,68.19,245.00,-1.62,2.37,4.00,0.01,0.06,0.05,1.81,86.69,103.31,-1.81,-0.50,0.25,5,2
1772042952.387420,290843,0.16,-0.27,0.18,34.00,68.37,245.00,-11.69,-10.38,-2.37,0.00,-0.02,0.01,1.94,86.87,103.37,0.00,-1.62,0.25,5,2
1772042952.576814,291032,0.00,0.38,-0.11,37.88,69.94,247.12,-2.06,-2.00,-4.62,0.00,-0.03,0.05,2.06,86.69,103.37,0.50,1.00,1.75,5,2
1772042952.769166,291224,0.11,0.04,0.10,36.38,70.25,247.44,1.06,1.50,-1.31,-0.06,-0.02,0.16,2.37,86.19,103.12,-2.81,-0.88,-0.19,6,3
1772042952.960378,291416,-0.20,0.15,-0.08,37.38,70.50,247.87,-8.44,0.81,-0.75,0.00,0.02,0.03,2.25,86.50,103.50,0.94,1.75,0.50,5,3
1772042953.151773,291607,-0.09,-0.04,-0.11,36.88,70.06,248.25,1.37,0.88,-0.81,-0.01,-0.02,0.03,2.19,86.44,103.56,-1.00,-0.75,-0.94,6,3
1772042953.340795,291796,0.05,0.20,0.00,33.56,69.44,248.06,14.19,10.50,-0.81,0.00,-0.02,0.07,2.12,86.50,103.62,0.50,-0.37,-0.94,6,3
1772042953.529784,291985,0.07,-0.15,0.23,30.62,68.12,246.37,1.25,3.87,3.94,0.00,-0.02,0.00,1.87,86.62,103.87,0.06,0.37,-2.00,7,3
1772042953.721673,292177,0.00,-0.09,0.05,31.62,67.87,245.75,2.31,-2.19,1.37,0.00,0.06,0.01,1.75,86.69,103.87,0.13,0.94,0.19,5,3
1772042953.913907,292369,-0.11,-0.04,-0.05,32.31,68.06,245.31,-0.50,-0.13,-0.31,-0.01,-0.02,0.06,1.75,86.56,103.81,0.75,0.81,0.75,5,2
1772042954.105421,292561,0.01,-0.04,0.02,32.13,67.94,245.56,-3.12,1.25,-1.62,0.06,-0.05,0.06,1.81,86.50,104.00,-0.50,0.62,0.37,5,3
1772042954.294992,292750,0.16,-0.15,0.19,32.38,68.19,246.12,-5.12,-4.12,0.75,0.00,-0.09,-0.01,1.87,86.44,104.00,-1.00,-0.31,0.31,6,3
1772042954.484689,292940,-0.12,0.36,-0.11,37.69,69.06,247.50,-9.88,-7.50,-1.37,-0.02,0.07,-0.02,1.94,86.44,104.00,0.06,-0.44,1.25,5,3
1772042954.676543,293132,0.20,-0.26,0.03,36.50,69.62,247.81,2.12,-3.25,-4.12,0.00,-0.05,-0.09,2.62,85.69,103.31,-1.31,0.62,1.62,5,2
1772042954.867787,293323,0.00,0.34,-0.17,35.88,70.37,248.87,-2.56,-2.56,-1.62,-0.06,-0.02,0.07,2.56,85.62,103.69,0.81,2.06,-0.75,5,2
1772042955.058930,293514,0.04,-0.04,-0.05,35.06,70.31,248.62,3.87,3.56,1.00,0.01,-0.04,0.14,2.56,85.44,103.50,-0.06,-0.69,-0.50,6,2
1772042955.248314,293704,0.00,0.19,-0.03,33.63,69.62,248.19,5.81,6.37,0.75,0.04,-0.04,0.09,2.37,85.69,103.62,0.00,-2.37,-1.31,6,3
1772042955.437628,293893,-0.02,-0.26,0.12,31.44,68.62,246.75,3.06,-1.06,2.25,-0.05,0.02,-0.07,2.25,86.00,103.50,0.75,-3.12,0.44,5,3
1772042955.629762,294085,0.06,-0.33,0.14,32.13,68.44,246.81,-5.75,-1.00,0.69,0.00,-0.01,0.03,2.25,86.19,103.69,-2.19,-1.81,-1.37,6,3
1772042955.821073,294276,-0.22,0.37,-0.10,37.06,69.06,248.37,-6.19,-7.87,-0.13,0.00,0.02,0.00,2.12,86.31,104.00,-0.69,0.94,0.44,7,4
1772042956.013361,294468,0.07,-0.07,0.00,37.25,69.44,248.50,-1.19,-0.31,-1.56,0.00,-0.07,0.09,2.25,86.19,104.00,-1.87,-1.31,-0.31,7,4
1772042956.205285,294661,0.00,0.12,-0.07,37.56,69.81,249.19,-0.75,0.50,0.25,0.00,-0.04,0.09,2.25,86.12,104.06,0.44,-0.31,0.13,7,4
1772042956.397741,294853,-0.01,0.11,-0.12,36.19,69.50,248.94,7.19,7.75,-0.62,0.04,-0.05,0.13,2.25,86.19,104.00,1.37,-0.13,0.13,7,4
1772042956.586916,295042,0.12,0.00,0.07,31.62,68.50,247.44,15.13,6.75,1.00,-0.02,-0.04,0.12,2.19,86.25,103.75,2.62,-1.00,-0.69,7,4
1772042956.776030,295232,0.00,-0.02,0.08,30.75,67.69,246.12,2.06,2.12,2.06,0.03,0.00,0.08,1.94,86.62,103.94,-0.44,0.44,-1.44,7,4
1772042956.969250,295425,0.01,0.00,0.03,30.87,67.37,245.62,2.37,-0.75,2.25,0.01,0.00,0.05,1.75,86.75,103.94,1.00,0.37,-0.31,6,3
1772042957.161116,295617,-0.02,-0.02,0.01,31.37,67.31,244.87,2.12,-1.19,0.75,-0.01,-0.01,0.04,1.75,86.75,103.62,0.69,0.19,-0.25,5,3
1772042957.352800,295808,-0.04,-0.02,0.01,31.50,67.25,244.56,0.31,-0.44,-0.06,0.00,-0.03,0.07,1.75,86.75,103.56,-0.06,-0.37,0.25,5,3
1772042957.542705,295999,0.02,-0.02,0.06,31.44,67.19,244.50,0.19,0.00,0.62,-0.02,0.01,0.05,1.75,86.69,103.56,0.88,0.88,0.00,4,3
1772042957.734341,296190,0.02,-0.05,0.00,31.50,67.31,244.31,1.06,-0.81,-0.88,-0.03,-0.04,0.13,1.69,86.75,103.50,0.00,0.56,-0.25,3,2
1772042957.926115,296381,-0.07,-0.08,0.19,34.00,67.69,244.75,-23.94,-11.63,6.19,0.00,-0.02,-0.02,1.69,86.81,103.44,-1.00,-2.31,-1.00,4,1
1772042958.117652,296573,-0.16,0.06,-0.14,37.75,68.19,245.94,-1.69,0.31,-1.44,0.02,0.00,0.17,1.69,86.69,103.69,-0.25,0.50,0.62,4,1
1772042958.306803,296762,0.05,0.00,0.00,37.50,68.44,246.44,-0.75,-1.37,-1.69,-0.02,-0.04,0.04,1.75,86.69,103.69,0.06,-0.25,0.31,4,2
1772042958.497034,296952,-0.08,0.07,-0.10,37.06,68.37,246.56,1.50,4.75,-0.69,0.02,-0.05,0.06,1.75,86.81,103.75,-0.81,-0.69,-0.94,5,1
1772042958.687458,297143,0.06,0.02,0.11,32.31,67.19,246.19,12.69,8.75,-0.75,-0.01,-0.06,0.11,1.50,86.87,104.06,0.75,-0.81,-1.12,5,1
1772042958.878209,297334,0.21,-0.14,0.19,29.44,66.12,244.81,8.25,1.44,1.69,-0.04,0.01,0.03,1.37,87.00,104.06,-0.94,-2.31,-0.50,5,1
1772042959.068628,297524,0.10,-0.02,0.06,29.50,66.12,244.37,-1.44,0.06,-0.06,0.00,0.07,0.16,1.37,87.00,104.19,3.19,1.56,0.06,5,2
1772042959.259150,297714,0.00,-0.30,0.11,31.31,66.37,244.12,-6.12,-8.50,7.25,0.00,-0.15,-0.12,1.31,87.06,103.81,-5.25,-2.94,-1.06,6,2
1772042959.448633,297904,-0.06,0.51,-0.12,38.25,67.56,245.87,-10.88,-4.37,-4.50,-0.04,0.10,0.06,1.31,87.12,104.19,0.25,0.81,1.75,6,2
1772042959.637743,298093,-0.09,-0.10,-0.09,37.25,67.94,245.75,4.25,-1.12,1.56,-0.01,-0.09,0.12,1.69,86.75,103.69,0.13,1.19,1.56,5,2
1772042959.829543,298285,-0.01,0.07,-0.09,36.19,67.94,245.75,0.37,0.13,-2.06,0.00,-0.01,0.01,1.75,86.75,103.62,0.62,-1.37,0.56,7,5
1772042960.020456,298476,0.08,0.02,0.07,33.00,67.50,245.62,13.38,6.06,-2.81,0.06,-0.07,0.13,1.81,86.69,103.56,-0.06,-1.69,-1.12,7,5
1772042960.211318,298667,0.07,0.03,0.18,31.37,66.87,245.12,-2.69,1.19,1.87,0.00,0.02,0.07,1.56,86.87,104.06,-2.50,0.37,-1.62,7,5
1772042960.400804,298857,0.02,0.02,0.10,32.31,66.81,244.94,-0.13,-2.75,1.12,0.00,-0.02,0.06,1.44,86.62,104.25,-0.56,1.37,0.00,7,5
1772042960.590283,299046,0.14,-0.43,0.17,35.31,67.12,245.25,-18.81,-6.00,-0.19,0.01,-0.03,0.15,1.50,86.37,104.62,0.44,0.62,0.62,6,5
1772042960.782630,299238,0.00,0.13,-0.05,39.00,68.31,247.62,-0.31,0.13,-3.56,0.01,-0.05,0.25,1.56,86.25,104.69,-0.06,1.00,0.94,7,5
1772042960.973729,299429,-0.06,0.08,-0.05,38.25,68.75,247.75,3.25,0.56,-1.12,-0.02,-0.04,0.02,1.69,86.12,104.44,-0.31,-0.19,0.44,8,5
1772042961.164343,299620,0.00,0.18,-0.02,36.63,68.37,247.56,4.06,5.31,-0.31,0.00,-0.11,0.02,1.75,86.12,104.37,-0.19,-0.75,0.31,7,4
1772042961.353829,299809,-0.06,0.04,0.02,31.75,67.56,246.37,17.12,5.75,-2.12,0.01,-0.07,0.11,1.81,86.25,104.37,-0.44,-1.50,-0.37,8,4
1772042961.544757,300000,0.01,0.03,0.04,29.50,67.19,245.62,-3.44,1.62,1.25,0.02,-0.09,0.11,1.75,86.25,104.37,-0.94,0.31,-0.56,8,4
1772042961.736451,300192,0.01,0.05,0.06,30.50,67.19,246.00,-4.50,0.00,-1.31,-0.01,-0.02,0.08,1.69,86.44,104.69,-0.31,-0.44,-0.25,6,2
1772042961.926873,300382,0.14,-0.08,0.15,32.50,67.50,246.62,-13.00,-8.19,4.75,0.00,-0.13,0.04,1.81,86.37,104.50,-0.13,0.69,0.25,6,2
1772042962.117811,300573,-0.27,-0.17,-0.05,37.81,69.75,247.44,-11.69,-14.25,-5.25,0.00,-0.06,0.00,1.75,86.56,105.19,-1.12,0.44,1.62,5,2
1772042962.307105,300763,0.01,0.26,-0.10,39.81,71.56,250.06,-7.75,-3.75,-4.94,0.00,-0.04,0.12,2.00,86.31,105.19,-0.19,1.56,1.25,6,3
1772042962.498721,300954,-0.08,0.12,-0.13,39.88,72.31,250.50,4.50,0.62,0.88,-0.04,-0.12,0.09,2.25,86.00,104.87,-1.00,-0.13,0.75,7,4
1772042962.689455,301145,0.00,0.08,-0.02,39.00,72.00,250.06,0.50,1.25,0.31,0.00,-0.06,0.11,2.31,85.94,104.87,0.37,-0.06,-0.25,7,4
1772042962.879740,301336,0.00,0.00,0.04,38.38,71.69,249.69,0.50,1.19,1.25,0.00,-0.06,0.08,2.31,85.94,104.87,0.13,-0.31,0.13,6,3
1772042963.070742,301526,-0.10,0.12,-0.15,35.88,71.12,249.37,12.00,12.31,-2.37,0.02,-0.05,0.10,2.31,85.94,104.69,0.94,-0.56,0.06,7,3
1772042963.260307,301716,0.25,-0.27,0.24,29.44,69.12,248.00,7.12,7.44,1.56,-0.01,-0.06,0.08,2.31,85.94,104.56,0.69,-1.69,-0.88,7,3
1772042963.450643,301906,0.29,0.30,0.47,29.81,68.56,247.56,-0.81,-4.31,5.50,0.05,-0.08,-0.05,2.12,86.06,104.56,2.31,4.06,-1.12,7,3
1772042963.642777,302098,-0.22,0.13,-0.01,37.81,69.75,246.87,-17.56,-20.00,4.87,-0.02,0.02,-0.03,1.94,86.00,104.56,-1.94,1.19,1.00,7,3
1772042963.833446,302289,0.10,-0.02,-0.11,42.31,71.31,247.37,-1.94,-1.62,-3.12,-0.01,-0.01,0.22,2.37,85.31,104.44,-2.00,2.12,1.31,8,3
1772042964.023749,302479,-0.04,0.06,-0.08,42.38,71.87,248.19,-2.62,0.69,-0.88,-0.02,-0.06,0.07,2.44,85.00,104.69,-0.94,0.62,0.06,7,3
1772042964.213940,302669,-0.20,0.16,-0.24,41.56,71.75,248.62,2.25,6.37,-1.69,0.06,-0.09,0.13,2.50,85.00,104.69,-0.50,-1.81,0.37,7,2
1772042964.404826,302860,0.14,-0.01,0.15,33.44,70.19,248.25,12.88,16.81,0.81,-0.02,-0.05,0.04,2.37,85.19,104.75,0.69,-1.12,-1.06,6,2
1772042964.595820,303051,-0.02,-0.09,0.16,30.69,68.44,247.12,2.87,1.69,2.25,0.00,-0.01,-0.03,2.19,85.56,105.00,-0.75,-2.00,-0.81,6,1
1772042964.786172,303242,0.06,0.00,0.11,30.25,68.00,246.87,0.37,-0.13,-0.13,-0.01,-0.01,0.05,2.19,85.62,104.94,0.62,0.75,0.56,6,2
1772042964.976717,303432,0.03,-0.12,0.10,31.25,68.12,246.87,-7.31,-5.25,0.81,0.00,-0.03,0.03,2.19,85.56,105.00,0.56,0.37,0.25,7,2
1772042965.166868,303622,0.00,0.06,0.10,35.81,69.00,248.12,-11.06,-4.31,-2.62,0.00,-0.01,0.01,2.19,85.62,105.06,-0.25,1.56,1.06,7,2
1772042965.357369,303813,-0.02,0.15,0.07,37.50,70.06,249.37,-4.81,-6.31,1.06,-0.02,-0.04,0.00,2.44,85.12,104.94,-0.62,3.87,1.19,6,2
1772042965.549144,304004,-0.06,-0.02,-0.12,39.13,70.87,249.31,-0.94,-6.19,-1.00,-0.03,-0.05,0.16,2.69,84.62,104.75,-0.31,2.37,1.37,7,2
1772042965.739360,304195,-0.09,0.03,-0.24,39.75,71.56,249.56,0.44,-1.37,-1.94,-0.01,-0.01,0.14,2.87,84.31,104.62,-0.13,-0.06,0.69,6,2
1772042965.929658,304385,0.01,-0.01,-0.04,37.94,71.31,249.62,2.87,5.19,0.37,-0.04,-0.01,0.06,2.87,84.50,104.62,-0.19,-2.06,0.31,6,2
1772042966.120110,304576,0.01,0.01,0.05,35.94,70.56,249.62,2.12,5.12,-0.25,0.02,0.00,0.05,2.94,84.81,104.75,-1.50,-2.75,0.19,5,1
1772042966.310532,304766,-0.16,0.18,0.00,32.31,70.00,249.44,17.31,10.75,-4.56,0.01,-0.07,0.12,3.06,84.94,104.56,-0.25,0.50,1.31,5,2
1772042966.501995,304958,0.16,-0.05,0.25,27.12,69.00,248.69,-2.19,5.69,-0.13,0.00,-0.02,0.08,3.06,85.00,104.62,-0.19,-0.19,-1.19,6,2
1772042966.692500,305148,0.42,-0.22,0.58,29.81,69.00,249.19,-17.50,-16.12,5.25,-0.03,-0.10,-0.10,2.94,85.00,104.81,-0.94,-1.00,-1.06,5,2
1772042966.882767,305338,-0.32,0.40,-0.26,41.38,71.75,250.81,-10.63,-13.38,-1.31,-0.03,0.00,0.10,2.94,84.81,104.94,-0.19,2.94,0.56,5,2
1772042967.073552,305529,-0.05,-0.10,-0.13,43.81,72.87,251.06,0.88,-1.00,0.37,0.00,-0.06,0.19,3.06,84.31,104.81,-0.06,1.56,1.12,5,2
1772042967.264268,305720,-0.13,0.06,-0.16,43.63,73.06,251.12,1.50,3.25,-1.37,0.00,-0.07,0.07,3.19,84.19,104.69,-0.44,0.25,0.06,6,2
1772042967.455265,305911,-0.19,0.16,-0.15,40.56,72.37,251.00,4.94,7.69,-0.19,-0.06,0.04,0.07,3.12,84.25,104.75,0.00,-0.88,-0.94,6,2
1772042967.645014,306101,0.08,0.00,0.12,35.69,71.00,250.25,8.56,7.31,-0.50,0.01,-0.01,0.07,3.06,84.50,104.75,0.50,-1.31,-1.19,7,2
1772042967.835468,306291,0.07,-0.06,0.20,31.62,69.69,249.12,9.31,8.13,1.06,0.00,-0.03,0.08,2.87,84.75,104.87,-0.19,-1.94,-0.88,7,2
1772042968.026810,306482,0.07,-0.07,0.15,31.12,69.12,248.62,-3.62,0.25,-0.50,-0.02,0.00,0.06,2.81,84.94,105.00,-0.69,-0.62,-0.37,7,2
1772042968.217329,306673,-0.11,0.10,0.09,35.69,69.75,249.56,-17.25,-11.25,3.00,0.05,0.00,0.02,2.75,85.06,105.19,-0.81,0.75,-0.25,7,2
1772042968.408245,306864,-0.33,-0.19,-0.26,40.06,70.69,250.75,-10.56,0.56,-3.00,0.02,0.00,0.24,2.81,85.06,105.69,-6.62,0.37,0.69,6,1
1772042968.598029,307054,0.14,0.35,0.00,40.13,70.94,253.56,-8.00,-3.06,-4.56,0.00,-0.03,0.09,3.06,84.87,106.00,0.25,0.19,1.37,5,1
1772042968.788350,307244,-0.10,0.15,-0.11,39.63,71.62,253.69,5.75,2.87,0.00,0.00,-0.07,0.07,3.31,84.69,105.75,0.06,-0.13,0.62,5,1
1772042968.979394,307435,0.05,-0.06,0.10,37.75,71.19,252.56,6.75,-1.00,3.31,0.00,-0.06,0.11,3.44,84.56,105.44,2.87,0.00,0.13,5,1
1772042969.170455,307626,0.00,0.02,-0.04,37.13,71.19,251.75,4.00,2.69,-0.25,-0.01,0.00,0.04,3.31,84.81,105.25,-0.31,-1.69,-1.00,5,1
1772042969.361158,307817,-0.01,0.08,0.05,34.88,71.00,250.87,10.13,0.56,1.50,-0.02,-0.08,0.00,3.19,84.81,105.00,2.19,-0.69,-1.12,5,1
1772042969.551001,308007,0.00,-0.20,0.18,35.75,70.50,249.56,-5.06,0.31,3.94,0.00,-0.01,0.03,2.87,85.06,105.69,-2.50,1.25,-2.37,5,1
1772042969.741300,308197,0.00,0.11,-0.04,37.25,70.44,249.94,0.06,-1.12,1.56,0.00,-0.03,0.06,2.62,85.00,105.94,1.00,0.44,-0.44,7,2
1772042969.932836,308389,0.07,0.00,0.03,38.06,70.37,249.50,-1.19,-1.19,1.25,0.04,-0.04,0.15,2.50,85.00,106.06,-1.31,-1.69,-0.75,7,2
1772042970.123225,308579,-0.13,0.11,0.00,40.88,70.44,249.94,-3.94,3.50,0.50,-0.03,0.00,0.15,2.50,85.00,106.06,3.19,1.75,1.50,8,2
1772042970.314667,308770,-0.04,-0.06,0.00,40.38,70.62,250.19,2.62,-0.13,-1.81,-0.02,-0.03,0.13,2.81,85.00,105.31,0.56,-0.69,2.25,8,3
1772042970.504472,308960,-0.15,0.21,-0.07,39.31,70.94,250.62,-1.06,0.37,-1.69,0.00,0.00,0.06,2.94,85.00,105.25,-0.75,0.56,-0.81,8,4
1772042970.694596,309150,-0.10,0.11,-0.09,38.50,70.37,250.31,5.19,4.94,2.94,0.00,-0.05,0.08,2.75,85.00,105.44,-0.06,-0.31,-1.44,8,4
1772042970.885934,309342,0.17,0.02,0.11,33.88,68.94,249.12,15.19,9.69,-0.62,0.02,-0.01,0.16,2.56,85.06,105.50,-0.37,-0.31,-0.62,8,4
1772042971.076744,309533,-0.02,-0.05,0.04,31.81,68.19,247.94,0.31,2.00,1.19,0.00,0.00,0.07,2.37,85.19,105.56,1.31,-0.75,-1.06,7,4
1772042971.267657,309723,0.00,-0.02,-0.01,31.37,67.69,247.56,2.69,2.12,0.75,0.01,-0.08,0.09,2.19,85.31,105.50,1.00,-0.75,-1.12,8,6
1772042971.457092,309913,0.00,0.09,0.00,30.87,67.19,247.37,1.31,4.75,0.88,0.04,-0.04,0.14,1.87,85.56,105.81,1.19,0.81,-2.06,7,6
1772042971.647316,310103,0.07,-0.05,0.15,30.12,66.37,246.81,2.06,1.94,2.81,0.02,-0.03,0.04,1.56,85.87,106.06,0.13,0.50,-1.31,6,5
1772042971.839268,310295,0.12,-0.12,0.16,31.06,66.25,246.25,-1.37,-4.25,1.00,0.00,-0.01,0.12,1.44,85.87,106.19,-0.19,-1.00,0.44,6,5
1772042972.030500,310486,-0.25,0.16,-0.09,36.69,67.37,247.06,-13.50,-8.56,-2.69,-0.01,0.01,0.08,1.56,86.00,106.25,-0.69,0.62,1.19,6,5
1772042972.220931,310677,0.04,0.09,-0.03,37.44,68.31,248.69,-3.19,1.69,-3.00,0.00,-0.08,0.19,1.87,85.81,105.94,0.44,0.25,2.12,6,5
1772042972.410896,310867,-0.01,0.13,0.00,36.50,68.62,249.56,-1.69,-0.44,-3.94,-0.03,-0.06,0.04,2.06,85.81,105.87,-0.31,-0.50,0.31,5,4
1772042972.601280,311057,0.05,0.04,0.04,35.81,68.75,250.19,-0.62,0.88,-0.50,0.00,-0.06,0.04,2.06,85.87,105.94,-0.62,-0.69,-0.31,5,3
1772042972.792921,311249,-0.03,0.03,-0.03,35.88,68.75,250.50,-2.12,1.00,-1.62,0.02,-0.04,0.04,2.06,85.94,106.12,-1.25,-1.19,0.13,4,3
1772042972.983671,311440,0.03,0.13,-0.02,32.31,68.31,250.56,12.63,5.62,-1.19,0.03,-0.07,0.22,2.00,86.06,106.25,0.00,0.69,-0.88,4,4
1772042973.174635,311631,0.00,0.03,-0.01,31.31,67.94,249.37,2.37,1.37,2.25,-0.02,-0.06,0.09,1.81,86.25,106.37,0.25,-2.69,-2.19,3,2
1772042973.363892,311820,0.06,-0.03,0.13,31.50,67.62,248.81,2.12,0.62,3.69,0.00,-0.10,0.05,1.50,86.44,106.62,-1.06,0.44,-1.56,3,2
1772042973.554231,312010,0.14,-0.31,0.22,32.88,67.31,248.50,-7.62,-2.37,0.25,-0.04,-0.06,-0.01,1.31,86.37,107.00,-2.12,0.88,-0.75,2,3
1772042973.746308,312202,-0.11,0.46,-0.07,38.00,67.81,250.94,-15.00,-0.37,-2.44,-0.01,0.08,0.12,1.12,86.12,107.69,-3.87,1.25,-0.19,2,4
1772042973.937516,312393,-0.12,-0.18,-0.12,37.69,68.12,251.50,-0.37,-1.69,0.44,0.03,-0.16,0.13,1.25,85.87,107.62,-1.62,-1.00,-0.75,2,4
1772042974.128106,312584,-0.07,0.23,-0.14,37.13,67.94,252.06,4.87,1.31,-2.31,0.00,-0.02,0.06,1.37,85.94,107.37,2.50,-1.50,2.56,3,4
1772042974.317275,312773,0.13,0.19,0.07,32.69,67.37,251.37,15.81,9.06,-2.69,0.00,-0.02,0.10,1.69,86.06,106.87,-0.69,-1.62,1.12,3,4
1772042974.507292,312963,0.25,0.23,0.14,29.25,67.31,250.25,6.56,0.37,-1.56,-0.03,-0.09,0.08,1.75,86.25,106.75,0.37,-2.56,-0.37,3,4
1772042974.699180,313155,0.07,-0.13,0.00,29.00,67.75,249.50,-1.56,2.19,2.94,0.04,-0.05,0.04,1.62,86.62,106.75,1.12,4.00,-0.13,4,4
1772042974.890899,313347,-0.08,-0.25,0.01,31.94,67.62,250.25,-20.19,-6.31,2.75,0.04,0.12,0.06,1.19,87.25,108.25,-4.94,-1.75,-2.69,3,4
1772042975.081328,313537,0.06,0.23,0.09,34.31,68.25,251.94,5.87,0.94,-2.69,0.00,-0.15,0.00,1.44,87.00,107.81,0.88,-0.94,2.37,4,4
1772042975.271232,313727,-0.02,0.02,-0.05,33.00,68.62,251.87,-3.12,-1.00,-4.37,0.00,-0.07,0.10,1.62,87.06,107.81,-0.06,-2.06,-0.25,4,4
1772042975.460355,313916,-0.13,0.19,-0.10,31.44,68.75,252.37,5.56,5.06,1.56,-0.01,-0.11,0.02,1.62,87.19,107.56,0.50,0.94,0.06,4,3
1772042975.652222,314109,0.06,-0.09,0.02,28.75,67.81,251.06,10.88,4.44,-0.50,0.00,0.00,0.10,1.62,87.12,107.56,1.00,0.69,0.37,5,2
1772042975.843972,314300,-0.03,-0.13,0.10,27.31,67.37,250.19,1.12,0.06,1.19,-0.01,-0.03,0.08,1.69,86.94,107.31,0.62,1.37,0.06,5,2
1772042976.034873,314491,-0.02,-0.01,0.00,27.69,67.50,250.06,1.06,-0.81,-0.06,0.00,-0.05,0.10,1.81,86.75,107.06,0.88,1.44,1.19,5,2
1772042976.224227,314680,0.00,0.01,-0.06,27.56,67.62,249.94,1.31,-0.13,0.13,-0.01,-0.03,0.11,1.94,86.50,106.81,0.69,0.94,0.56,5,2
1772042976.413827,314870,-0.03,-0.07,-0.01,27.44,67.44,249.50,1.37,-0.50,1.44,-0.02,-0.04,0.01,1.87,86.50,106.87,0.13,-0.75,-0.31,5,2
1772042976.606703,315063,0.11,0.00,0.08,27.50,67.31,249.37,1.62,0.31,1.31,-0.01,-0.09,0.10,1.87,86.50,106.94,0.31,1.25,-0.06,4,2
1772042976.797735,315254,0.01,-0.16,0.09,29.75,67.81,249.25,-9.88,-5.75,3.19,-0.01,0.00,0.12,1.87,86.44,107.06,-0.50,1.62,1.19,5,2
1772042976.988601,315445,-0.07,0.25,-0.22,29.37,68.37,249.94,18.31,3.69,-6.50,0.00,0.03,0.21,2.00,86.37,107.19,-1.00,0.06,0.88,4,2
1772042977.178036,315634,0.03,-0.04,0.07,27.37,68.12,249.62,-5.94,0.94,0.56,-0.02,-0.06,0.06,2.12,86.31,107.00,-0.88,-0.88,0.75,5,2
1772042977.367283,315823,0.11,-0.07,0.21,31.50,68.69,251.19,-28.00,-9.94,2.31,0.05,-0.10,-0.04,2.12,86.37,107.12,-0.31,0.94,0.37,5,1
1772042977.558969,316015,0.03,0.11,-0.14,33.88,69.75,253.12,1.44,-0.75,-1.12,-0.02,-0.04,0.03,2.25,86.12,107.12,0.69,0.06,1.81,5,1
1772042977.751490,316208,0.08,0.00,0.00,32.50,69.75,253.06,0.94,1.00,-1.19,0.00,-0.04,0.05,2.44,85.94,106.94,-0.56,-0.06,-0.50,5,3
1772042977.942589,316398,-0.04,0.07,-0.04,32.19,69.62,253.12,2.25,1.75,0.56,-0.01,-0.08,0.03,2.44,86.00,106.94,-0.37,-1.56,-0.56,6,3
1772042978.132922,316589,0.09,0.00,0.08,31.19,69.25,252.94,-0.06,2.31,1.00,0.00,-0.03,0.07,2.44,86.06,106.94,-0.31,-0.31,-0.31,6,3
1772042978.325572,316781,-0.04,-0.03,0.02,31.31,69.12,252.87,-0.88,0.69,0.31,0.02,-0.01,0.06,2.44,86.06,107.06,-1.25,-0.37,0.69,6,3
1772042978.518321,316974,0.05,0.08,0.06,30.75,69.12,253.19,-1.69,0.19,-1.94,0.00,-0.02,0.08,2.62,85.94,107.06,-0.69,-0.25,1.12,6,3
1772042978.707507,317164,0.05,0.01,-0.11,30.37,69.25,253.50,-2.12,-0.56,-0.06,0.03,-0.02,0.14,2.56,86.19,107.31,2.00,0.44,-1.25,6,3
1772042978.896795,317353,0.03,0.29,0.12,29.00,68.81,253.50,6.19,10.06,2.12,0.00,0.06,0.07,2.44,86.25,107.50,-1.75,0.06,-0.50,6,3
1772042979.088469,317545,-0.11,-0.16,0.01,25.69,67.94,251.56,16.31,1.50,-1.75,0.00,0.04,0.02,2.25,86.75,108.00,-0.19,-3.94,-1.19,6,3
1772042979.280618,317737,0.04,-0.01,0.18,24.00,67.56,250.56,0.88,0.56,1.50,0.00,-0.07,0.01,2.25,86.94,107.69,-0.56,0.94,0.44,6,3
1772042979.472156,317928,-0.03,0.19,-0.11,23.56,67.25,250.44,5.31,3.37,1.00,-0.02,-0.02,0.09,2.25,86.75,107.75,-0.31,0.69,-0.56,5,4
1772042979.661230,318117,0.05,-0.19,0.18,23.62,66.44,249.19,-0.75,-0.31,1.87,0.00,0.02,0.07,2.06,86.87,108.06,0.06,1.31,-1.25,4,3
1772042979.850678,318307,0.09,-0.04,0.07,25.75,66.62,248.81,-1.50,-5.87,3.81,0.05,-0.08,0.02,1.94,86.62,108.00,0.62,1.37,-1.56,3,2
1772042980.042972,318499,-0.01,-0.03,0.07,30.00,66.94,249.19,-20.37,-4.12,2.00,-0.05,-0.01,0.26,1.69,86.50,108.62,-2.87,2.37,-1.81,3,2
1772042980.234497,318690,-0.10,0.11,-0.08,32.00,67.56,250.75,-4.87,1.25,-0.56,0.04,-0.01,0.14,1.31,86.87,109.62,1.44,0.06,-0.69,3,2
1772042980.425776,318882,-0.01,-0.17,-0.05,31.56,67.25,250.81,3.69,1.12,-1.00,-0.02,-0.01,0.10,1.50,86.81,109.12,1.50,-3.69,1.12,4,2
1772042980.614527,319071,0.14,0.00,0.04,30.06,67.19,251.00,5.06,0.25,-0.44,0.04,-0.03,0.05,1.87,86.69,108.25,1.31,0.25,2.19,4,2
1772042980.804298,319260,0.06,0.05,0.11,28.94,67.12,251.06,-0.94,1.75,-2.75,0.01,-0.05,0.01,2.06,86.69,108.12,-1.75,-0.88,-0.13,4,2
1772042980.996586,319453,0.00,0.14,0.03,28.37,67.12,251.50,1.12,0.56,0.44,0.04,-0.02,0.02,2.19,86.62,108.12,2.00,2.25,1.50,4,2
1772042981.187948,319644,0.11,-0.04,0.12,26.75,66.81,250.69,11.31,0.56,0.50,0.02,-0.03,0.04,2.31,86.31,107.56,1.81,-0.81,0.06,5,2
1772042981.378991,319835,0.07,0.00,0.07,26.56,66.62,249.87,-0.62,1.31,1.50,-0.04,-0.03,0.03,2.12,86.50,107.69,-1.75,-0.25,-2.31,5,2
1772042981.568000,320024,0.10,0.13,0.06,27.25,66.69,249.62,3.31,0.31,4.06,0.00,-0.14,0.14,1.87,86.62,107.87,-2.62,-2.00,-0.56,5,2
1772042981.757721,320214,-0.12,-0.06,0.18,32.75,67.62,250.25,-38.94,-13.25,2.12,0.00,0.15,-0.18,1.44,87.37,108.87,2.12,2.62,-1.00,6,2
1772042981.950588,320406,-0.03,0.25,-0.11,36.63,68.44,253.31,0.81,0.13,-3.31,-0.01,-0.05,-0.01,1.56,87.06,108.81,-0.19,-1.37,1.69,6,2
1772042982.141125,320597,0.31,-0.01,0.06,33.81,68.37,253.44,0.19,4.31,-1.69,0.00,-0.02,0.16,1.81,86.75,108.81,0.25,-1.19,0.25,5,2
1772042982.332097,320788,-0.13,0.09,-0.04,32.69,68.25,253.44,4.87,7.44,-0.19,0.01,-0.10,0.07,1.81,86.94,108.62,0.69,-0.19,0.25,5,2
1772042982.522632,320979,0.24,-0.04,0.20,28.44,67.19,252.62,13.56,0.69,-0.62,0.04,-0.01,0.08,1.81,86.94,108.44,0.13,-0.88,-1.00,6,2
1772042982.711841,321168,-0.07,-0.05,0.06,27.12,67.00,251.31,4.94,2.56,2.81,-0.04,0.06,-0.02,1.69,87.12,108.25,3.69,0.44,0.75,6,2
1772042982.903462,321360,0.00,-0.08,0.08,25.69,66.25,249.81,14.25,1.56,3.06,-0.02,-0.05,0.09,1.87,86.75,107.56,1.87,0.94,1.19,6,2
1772042983.094513,321551,0.00,-0.17,0.09,25.25,65.87,248.25,-2.37,-0.50,0.75,0.02,0.04,0.03,1.87,86.69,107.50,-0.56,0.25,0.19,6,2
1772042983.285269,321741,-0.04,-0.04,0.10,26.31,66.12,248.56,-3.19,-2.81,-0.19,0.00,0.00,0.08,1.94,86.56,107.31,-0.06,0.94,0.56,6,2
1772042983.474923,321931,-0.07,0.05,-0.04,30.06,66.81,249.69,-18.69,-7.69,-0.81,0.00,0.19,0.00,1.87,86.81,107.94,-2.50,0.06,-0.25,6,2
1772042983.664977,322121,0.05,0.05,-0.12,31.00,67.81,251.19,0.19,-3.44,-2.00,-0.02,-0.07,0.13,1.94,86.87,107.94,-1.62,-2.50,-0.25,5,2
1772042983.856520,322313,-0.01,0.26,-0.09,30.75,68.31,251.87,1.31,2.81,-0.56,-0.01,-0.10,-0.01,2.06,86.94,107.75,0.19,0.94,0.37,5,2
1772042984.047554,322504,0.08,-0.03,0.05,29.25,67.44,251.62,-0.19,5.75,2.19,0.06,-0.05,0.05,1.94,86.87,108.00,-1.56,-0.56,-1.25,5,2
1772042984.238421,322695,0.02,0.04,0.01,28.56,66.62,251.50,1.56,3.50,0.31,-0.02,-0.01,0.12,1.75,87.19,108.25,-0.50,-2.00,-0.94,4,2
1772042984.429095,322885,-0.07,0.00,0.11,28.19,66.19,251.37,0.00,3.31,-1.44,-0.06,0.04,-0.03,1.62,87.44,108.44,-0.37,-0.19,-0.50,4,1
1772042984.618120,323075,0.00,0.00,0.17,26.75,65.56,251.25,5.87,3.31,-0.37,0.02,-0.02,0.03,1.75,87.37,108.31,1.00,1.81,0.88,4,1
1772042984.809869,323266,-0.02,-0.02,0.01,24.81,65.37,250.50,9.94,0.56,-0.69,-0.05,-0.04,0.14,1.81,87.12,108.06,0.56,-1.00,0.50,4,2
1772042985.000768,323457,0.09,0.00,0.07,24.12,65.50,249.87,-1.75,-0.88,0.06,-0.01,0.01,0.04,1.81,87.25,108.12,-0.19,0.13,-0.75,5,2
1772042985.191876,323648,-0.04,0.03,0.14,28.00,65.81,250.56,-27.44,-5.31,4.62,0.00,0.04,-0.14,1.81,87.25,108.19,-2.06,-0.31,-0.25,5,2
1772042985.381544,323838,0.03,-0.08,0.15,29.44,66.56,251.87,4.44,-5.19,-3.31,-0.03,0.02,0.01,2.25,86.56,107.87,0.44,3.37,3.44,6,1
1772042985.571744,324028,0.03,0.06,-0.08,29.81,68.00,252.31,-3.12,-10.94,-1.75,-0.03,0.02,0.13,2.69,85.81,107.44,-0.94,2.44,1.87,7,2
1772042985.762769,324219,-0.07,0.17,-0.28,30.87,69.37,252.69,1.94,0.88,-2.00,0.00,0.00,0.15,3.00,85.37,107.12,0.06,0.50,1.44,7,2
1772042985.953867,324410,-0.01,0.07,-0.06,29.56,69.19,252.56,2.00,2.62,-0.81,0.03,0.00,0.09,3.12,85.31,107.06,-0.31,-1.50,-0.69,6,1
1772042986.144767,324601,0.03,-0.02,0.12,28.50,68.56,252.25,2.25,2.06,0.75,0.02,0.01,0.02,3.00,85.44,107.12,0.62,-1.31,-1.06,6,2
1772042986.335359,324792,0.03,0.36,-0.16,27.37,67.94,251.94,12.56,8.13,0.06,-0.07,0.08,0.05,2.75,85.75,107.31,1.62,0.50,0.06,6,2
1772042986.525654,324982,-0.06,-0.18,0.15,25.50,67.00,250.25,-5.06,1.37,0.44,-0.01,0.08,0.00,2.62,86.06,107.44,-0.31,-0.69,-1.44,5,2
1772042986.716356,325173,0.02,-0.19,0.31,28.44,66.81,251.25,-19.50,-6.56,1.94,0.00,0.00,-0.03,2.62,86.00,107.50,0.37,1.06,0.81,5,2
1772042986.907100,325363,-0.04,0.16,-0.08,32.00,68.00,253.06,-2.12,-4.81,-3.94,0.00,0.02,0.06,2.94,85.56,107.31,-0.56,1.81,2.12,4,2
1772042987.098002,325554,0.10,0.02,-0.02,31.69,69.00,253.69,-0.81,-3.62,-2.37,0.04,-0.03,0.09,3.25,85.06,107.12,-1.00,1.19,1.19,5,2
1772042987.288957,325745,-0.04,0.14,-0.12,32.25,69.87,254.25,-1.81,-1.44,-3.00,-0.01,0.04,0.09,3.56,84.81,107.00,-0.81,0.44,1.00,4,2
1772042987.479273,325936,0.02,0.04,-0.09,31.25,70.12,254.69,0.75,0.62,-1.87,0.00,0.02,0.15,3.69,84.69,106.87,-0.25,-0.81,-0.06,4,2
1772042987.669976,326126,-0.07,0.16,-0.09,29.69,70.00,254.81,6.69,5.81,-0.44,-0.01,0.00,0.05,3.69,84.75,106.81,0.13,-1.12,-0.44,4,2
1772042987.859964,326316,0.01,0.02,0.03,27.31,69.12,253.81,5.81,3.81,1.75,0.02,0.04,0.07,3.56,85.00,106.87,1.06,0.37,-0.75,4,2
1772042988.051182,326507,0.07,-0.24,0.16,26.44,68.31,252.56,6.12,0.81,2.94,-0.04,0.05,0.00,3.37,85.25,106.94,0.62,-1.69,-1.19,4,2
1772042988.241721,326698,0.12,0.03,0.09,26.69,68.12,252.00,1.81,-0.81,1.69,-0.02,0.06,0.09,3.19,85.31,106.94,0.88,0.50,0.13,4,1
1772042988.432543,326889,-0.06,-0.09,0.02,27.81,68.31,251.50,-2.12,-1.19,-0.44,0.00,0.04,0.04,3.25,85.19,106.94,-0.56,0.62,1.00,4,1
1772042988.622999,327079,0.10,0.06,0.08,27.37,68.50,252.12,-1.56,-0.06,-0.50,0.01,0.02,0.17,3.31,85.12,106.94,-0.56,0.00,-0.06,4,2
1772042988.813630,327270,-0.06,-0.04,-0.05,28.19,68.75,252.44,-3.94,-0.25,-1.75,0.00,0.06,0.05,3.31,85.19,107.12,-1.00,-0.62,0.13,4,1
1772042989.004263,327461,0.10,0.07,0.07,27.06,68.56,253.06,3.12,2.19,0.88,0.00,-0.03,0.06,3.37,85.19,107.06,-0.69,-0.94,-0.31,4,1
1772042989.195101,327651,0.05,0.01,0.02,26.69,68.31,253.00,-2.19,1.31,-1.37,0.00,-0.03,0.09,3.31,85.25,107.31,-1.25,-1.31,-0.62,4,2
1772042989.385708,327842,0.10,0.02,0.13,26.12,68.25,253.62,-0.13,2.06,-0.62,-0.01,0.04,0.11,3.31,85.31,107.50,-0.50,-1.19,-0.81,5,2
1772042989.576438,328033,-0.02,0.05,0.01,26.44,68.12,253.81,-1.06,0.56,-0.37,0.00,0.04,0.04,3.31,85.44,107.56,0.50,-0.62,-0.31,5,2
1772042989.766428,328223,0.09,-0.06,0.05,26.31,68.12,253.62,-0.13,-2.44,0.88,-0.01,0.07,0.13,3.31,85.44,107.62,0.50,0.62,-0.06,5,2
1772042989.957563,328414,0.01,-0.06,0.08,26.69,68.12,253.31,1.00,-0.62,0.69,-0.03,0.03,0.05,3.31,85.50,107.56,-1.44,-1.06,0.62,5,2
1772042990.148224,328605,0.08,0.14,0.06,26.62,68.31,253.69,-0.31,-1.00,-0.88,-0.01,0.01,0.13,3.50,85.37,107.37,0.75,-0.19,1.06,5,2
1772042990.338871,328795,-0.04,0.02,-0.02,26.62,68.56,253.62,0.06,2.19,-2.56,0.03,0.02,0.24,3.50,85.37,107.44,-0.94,-0.56,-1.87,5,2
1772042990.528922,328985,-0.07,-0.05,-0.08,25.81,68.56,253.62,6.31,-3.62,1.44,0.06,-0.02,0.08,3.62,85.37,107.19,2.69,1.81,0.69,5,2
1772042990.719140,329176,0.02,-0.22,0.18,22.44,68.81,251.75,6.00,-1.19,1.62,0.00,-0.06,0.00,3.31,85.25,107.56,1.25,1.50,-2.31,5,2
1772042990.910792,329367,-0.17,-0.14,0.06,26.31,68.81,251.62,-15.75,-6.37,5.62,-0.01,0.07,0.15,2.94,84.87,108.31,-0.62,5.12,-1.94,5,3
1772042991.101341,329558,0.03,0.08,-0.03,31.44,69.81,253.50,-10.00,0.44,-2.94,-0.05,0.02,0.29,2.69,84.31,109.06,4.50,2.50,-0.13,5,2
1772042991.292090,329748,0.36,-0.17,0.04,31.62,70.00,254.25,1.50,2.50,-0.56,-0.02,-0.02,0.24,2.69,83.87,108.87,2.19,1.87,0.13,5,2
1772042991.482485,329939,-0.26,-0.05,-0.14,32.44,70.37,254.06,0.69,-1.37,0.37,-0.02,0.00,-0.02,2.69,83.87,109.12,-7.25,3.81,-1.56,5,2
1772042991.672330,330129,0.10,0.02,0.22,31.56,69.87,254.56,-1.50,-0.88,0.31,-0.03,-0.06,0.27,2.69,83.12,109.62,7.50,1.75,0.56,5,2
1772042991.864131,330320,0.18,-0.14,0.04,32.38,70.00,254.56,-3.25,-0.13,0.69,-0.08,-0.01,-0.03,2.69,83.12,109.50,0.31,-2.94,-0.88,6,2
1772042992.054672,330511,0.03,-0.19,0.09,33.88,70.06,255.06,-9.19,0.56,2.44,0.02,-0.01,0.09,2.69,83.31,109.50,0.00,-2.62,-0.13,7,2
1772042992.245475,330702,-0.02,0.09,-0.04,33.75,69.75,255.81,6.37,3.06,-1.00,-0.05,0.00,0.09,2.87,83.44,109.25,0.19,-0.56,1.69,7,2
1772042992.435249,330892,-0.03,0.71,-0.05,29.87,69.37,255.06,15.88,6.81,-1.94,0.00,0.04,0.09,3.00,83.50,109.00,1.37,-0.19,1.19,8,3
1772042992.625530,331082,-0.17,-0.08,0.07,23.31,68.69,251.50,14.69,2.25,3.44,0.02,-0.02,0.07,3.12,83.56,108.75,-0.25,-1.37,-0.69,8,3
1772042992.817018,331273,0.02,-0.22,0.15,20.12,68.12,249.37,10.38,2.31,4.00,0.02,-0.04,-0.06,3.12,83.81,108.44,-1.69,-2.81,-1.12,7,3
1772042993.007936,331464,0.10,-0.06,0.12,21.69,67.50,249.19,-15.50,-1.69,2.69,-0.04,-0.11,0.13,3.06,83.94,108.37,1.69,0.75,1.19,7,3
1772042993.199129,331655,-0.03,0.34,0.19,28.94,67.56,251.62,-49.88,-10.94,0.25,0.05,0.17,-0.12,2.94,84.19,108.81,-2.62,-1.94,-0.69,8,4
1772042993.389555,331846,0.14,0.11,-0.01,31.19,68.50,254.81,-0.50,-0.69,0.37,0.02,-0.07,0.11,3.44,83.69,108.44,0.25,0.50,2.37,7,4
1772042993.579149,332035,0.07,0.05,-0.10,30.00,68.75,255.31,-1.62,1.94,-3.19,0.00,-0.05,0.02,3.62,83.75,108.62,-2.69,-1.62,0.06,8,4
1772042993.770834,332227,-0.03,0.74,-0.19,27.62,68.62,255.75,16.06,8.00,-1.37,-0.06,0.00,0.00,3.62,83.94,108.50,-0.37,-3.94,-0.25,7,4
1772042993.961543,332418,0.19,-0.44,0.31,20.62,67.37,251.12,21.94,1.94,8.31,0.03,-0.03,0.02,3.44,84.25,108.50,2.06,-2.44,-3.69,6,4
1772042994.152492,332609,-0.06,-0.19,0.21,22.69,66.44,248.87,-3.19,1.00,4.75,-0.06,0.12,-0.04,2.81,84.81,108.75,1.69,-0.19,-1.25,6,4
1772042994.341924,332798,-0.17,0.15,0.05,26.56,66.12,249.56,-13.69,-3.19,0.00,-0.01,0.08,0.00,2.62,84.87,109.06,-3.37,-0.25,-1.50,5,3
1772042994.531447,332988,0.28,0.02,0.15,27.19,66.25,250.37,-0.81,-1.56,-0.88,0.00,-0.03,0.10,2.75,84.50,109.12,-0.75,0.37,1.31,5,3
1772042994.723693,333180,-0.11,0.17,-0.16,27.81,67.31,251.00,-2.50,-2.87,-0.62,0.02,-0.02,0.11,3.00,84.31,109.06,-3.62,2.06,0.69,5,4
1772042994.914790,333371,0.07,0.27,-0.21,26.87,67.31,251.37,3.19,4.56,0.56,0.00,-0.10,0.01,3.00,84.25,108.87,2.25,-2.62,-1.44,5,4
1772042995.105675,333562,0.07,-0.41,0.22,23.37,66.37,249.19,15.25,3.62,2.19,0.05,0.02,-0.04,2.87,84.62,108.94,1.50,-0.75,-0.88,3,3
1772042995.295773,333752,-0.10,0.12,0.19,25.00,65.69,248.94,-14.75,-2.06,2.37,0.00,0.03,-0.02,2.62,84.94,109.19,-0.75,0.75,-0.69,4,4
1772042995.484656,333941,0.03,0.10,0.00,27.75,66.37,250.62,-8.19,-1.31,-4.87,0.01,0.03,0.02,2.69,84.81,109.25,-1.50,0.44,1.00,4,4
1772042995.677116,334133,-0.13,0.10,-0.15,28.81,67.12,251.94,-7.81,-3.81,0.19,-0.01,0.00,-0.02,3.00,84.56,109.06,0.06,-0.37,1.44,5,4
1772042995.869654,334326,0.06,0.15,-0.10,29.06,67.50,252.81,-1.25,0.94,0.31,0.04,-0.03,0.10,3.06,84.50,109.06,-1.31,-0.44,-0.31,6,3
1772042996.060100,334516,-0.07,0.11,-0.11,28.06,67.37,252.94,3.00,1.81,-0.06,0.00,-0.03,-0.04,3.06,84.75,108.94,1.00,-1.87,-0.25,6,3
1772042996.249218,334706,0.07,-0.01,0.11,25.00,66.56,252.19,13.19,4.12,0.37,-0.02,0.02,0.04,2.94,85.00,109.00,0.31,-2.06,-1.50,6,3
1772042996.438497,334895,0.13,-0.16,0.12,24.50,65.81,251.31,-0.06,1.81,0.88,-0.03,0.05,-0.06,2.62,85.37,108.94,2.06,-0.75,-1.19,6,4
1772042996.631751,335088,0.07,-0.04,0.19,24.87,65.69,251.37,-2.37,-1.06,1.06,-0.01,0.07,-0.15,2.69,85.31,108.87,0.00,1.31,1.62,5,3
1772042996.825363,335282,-0.04,-0.10,0.04,25.75,66.06,251.69,-4.37,-6.31,-4.00,0.00,0.00,0.00,3.00,84.87,108.81,-2.56,1.81,0.94,6,3
1772042997.014502,335471,0.00,0.28,-0.20,26.06,67.31,253.37,-5.12,-3.56,-3.06,-0.04,0.01,0.15,3.25,84.56,108.81,0.31,1.19,1.44,7,3
1772042997.203894,335660,-0.03,0.02,-0.07,25.69,67.75,253.69,1.19,4.87,0.62,-0.01,-0.03,0.15,3.25,84.44,108.81,0.94,0.37,-1.31,7,2
1772042997.394536,335851,0.05,0.43,0.06,24.87,66.81,253.19,8.25,4.75,0.44,0.00,0.05,0.03,3.00,84.69,109.19,1.19,-0.88,-0.69,8,2
1772042997.588559,336045,-0.09,-0.40,0.16,21.12,66.50,250.69,1.25,2.00,3.62,0.05,-0.04,0.10,3.12,84.75,108.94,-0.44,-0.44,-0.88,7,2
1772042997.780057,336236,0.30,-0.51,0.32,24.31,66.56,251.50,-18.94,-5.87,3.56,0.03,-0.08,-0.03,2.81,85.25,109.06,0.50,-3.19,-1.25,7,2
1772042997.969385,336426,-0.04,0.61,-0.09,30.00,68.06,254.56,-4.37,-1.62,-4.31,-0.01,0.06,0.05,2.69,85.19,109.12,-2.12,0.81,0.19,6,2
1772042998.159906,336617,0.07,-0.03,-0.08,29.06,68.12,254.12,3.44,2.44,0.06,0.00,-0.02,0.07,2.75,85.12,109.19,0.75,-0.13,0.69,6,2
1772042998.352541,336808,-0.12,-0.04,-0.06,28.44,67.94,254.00,-0.25,-0.56,-0.88,-0.02,-0.11,0.16,2.94,84.94,108.94,-1.69,-1.44,-0.06,7,2
1772042998.542378,336999,-0.03,0.15,-0.02,27.50,67.94,254.50,1.81,1.00,0.75,0.00,0.00,-0.09,3.00,85.12,108.75,1.56,0.94,0.19,8,2
1772042998.733756,337190,-0.03,-0.10,0.01,27.25,67.44,254.19,-2.81,-0.37,0.06,-0.01,0.11,-0.18,2.81,85.31,109.37,0.69,0.25,0.44,7,2
1772042998.923094,337379,0.05,-0.21,0.10,26.50,67.31,254.31,2.31,-1.75,0.75,-0.04,-0.04,0.08,3.12,85.06,109.12,-4.37,-1.94,-0.31,6,2
1772042999.114100,337570,0.10,0.11,-0.05,27.62,67.87,254.75,-3.00,-6.50,2.44,-0.05,-0.03,-0.07,2.94,85.19,109.37,-0.62,0.13,-0.13,6,2
1772042999.305270,337762,0.01,0.15,0.16,29.87,68.44,254.56,-3.37,-5.00,0.00,-0.01,0.03,-0.03,2.75,85.31,110.12,-3.31,-1.81,-1.50,5,3
1772042999.495798,337952,-0.17,0.02,0.00,31.00,69.62,254.75,5.87,-12.13,3.06,0.02,0.02,-0.02,2.87,85.00,109.62,0.00,2.25,1.69,5,3
1772042999.686560,338143,0.06,-0.02,-0.18,32.06,70.31,253.87,2.19,0.31,1.00,-0.04,0.00,0.22,3.00,84.75,109.37,-0.56,-0.75,-0.44,4,3
1772042999.875925,338332,0.07,0.12,-0.13,31.25,70.25,253.31,8.06,2.44,-0.69,-0.04,0.01,0.18,2.94,84.69,109.31,3.06,-0.31,0.06,4,3
1772043000.065494,338522,-0.06,-0.16,0.18,30.00,70.25,251.94,7.75,0.94,2.37,0.04,-0.05,-0.05,2.87,84.94,109.12,-2.87,-2.00,-2.94,4,4
1772043000.257404,338714,0.07,0.16,0.23,29.81,69.44,251.94,-2.75,4.19,2.75,-0.04,-0.02,0.08,2.50,85.12,109.62,-0.44,1.44,-1.19,3,4
1772043000.448921,338905,0.20,-0.11,0.16,30.75,69.19,251.75,-2.81,-1.06,0.25,-0.02,0.00,0.03,2.37,85.00,109.87,-0.06,0.56,-0.37,4,4
1772043000.639779,339096,-0.07,-0.16,0.06,33.69,69.75,252.19,-12.88,-5.50,1.31,-0.05,-0.04,0.00,2.44,84.87,109.94,0.13,0.25,0.44,4,4
1772043000.829243,339286,-0.06,0.14,-0.09,36.25,70.12,254.00,-8.81,0.56,-1.37,0.00,0.00,0.07,2.44,84.87,110.37,-1.69,-0.25,0.50,4,4
1772043001.018377,339475,0.23,0.12,0.11,35.44,70.37,254.62,3.37,-5.19,-0.06,0.04,-0.02,0.06,2.75,84.69,109.94,2.06,-1.12,2.00,4,4
1772043001.210286,339667,0.09,-0.14,0.13,35.19,70.94,254.12,0.19,2.75,-2.50,-0.03,-0.06,0.01,3.06,84.56,109.50,0.00,0.69,1.19,5,3
1772043001.401717,339858,-0.10,0.15,-0.07,35.00,71.31,255.19,-0.19,2.50,-0.75,0.00,0.00,0.10,3.56,84.25,108.87,1.12,1.50,2.44,5,3
1772043001.592838,340049,0.11,0.05,0.02,34.75,71.62,255.25,-1.19,-3.69,0.81,-0.09,0.03,-0.02,3.50,84.06,108.81,-0.31,0.44,-1.81,6,3
1772043001.782749,340239,-0.11,0.23,-0.32,39.06,71.87,255.37,-7.69,-6.00,6.75,-0.14,0.07,-0.23,3.25,84.56,108.50,-1.87,-6.06,-1.37,6,2
1772043001.971584,340429,-0.03,0.06,0.04,39.00,70.69,254.37,9.13,7.19,-2.12,0.02,0.18,0.12,3.37,84.44,107.62,10.88,3.19,4.50,7,2
1772043002.163753,340620,0.18,-0.49,0.35,35.63,70.50,253.37,0.25,-5.44,3.62,0.00,-0.02,-0.06,3.50,84.19,106.56,-4.12,-0.88,-2.94,7,2
1772043002.354847,340812,-0.20,0.21,-0.10,42.88,70.75,254.75,-22.94,-1.75,0.50,0.12,0.12,0.02,3.25,84.25,107.44,6.44,8.38,3.00,6,2
1772043002.545878,341002,0.25,0.36,0.11,41.56,71.00,256.69,13.13,-5.75,-0.62,-0.05,-0.03,0.06,3.56,83.56,106.00,-0.37,0.88,1.56,6,2
1772043002.736234,341192,-0.10,-0.20,-0.03,44.94,72.06,254.37,-1.69,-7.62,5.25,0.03,-0.02,-0.05,3.50,83.81,106.69,-7.87,-1.25,-3.31,6,1
1772043002.926607,341383,-0.04,0.15,-0.04,49.50,72.00,254.75,-8.31,-0.62,-0.44,0.01,0.04,0.06,3.06,84.06,108.12,0.44,1.00,0.50,6,2
1772043003.117214,341574,0.03,0.01,0.11,48.44,72.19,255.37,2.75,3.19,-3.19,-0.01,0.00,0.09,3.31,83.81,108.31,-5.69,0.81,0.62,7,3
1772043003.308535,341765,-0.07,0.19,-0.04,47.38,73.12,255.25,5.12,-4.87,-2.31,0.06,-0.07,0.06,3.50,83.62,108.69,-1.62,-0.50,1.75,7,3
1772043003.498604,341956,0.03,0.03,0.04,46.69,73.44,254.50,3.69,-1.44,0.94,0.00,-0.03,0.05,3.75,83.50,108.50,1.69,0.25,0.37,7,3
1772043003.689380,342146,0.02,0.03,0.02,47.94,73.50,254.00,-1.50,-0.62,2.94,0.00,0.01,0.08,3.62,83.56,108.56,0.37,0.69,-0.13,8,3
1772043003.878891,342336,0.01,0.10,0.02,49.25,73.31,254.31,-4.06,0.31,-1.12,0.02,0.02,0.02,3.56,83.44,108.56,-1.94,1.44,-0.81,9,4
1772043004.070314,342527,0.08,0.24,-0.03,49.50,73.44,254.69,1.12,-3.19,-0.06,-0.02,-0.10,0.00,3.56,83.19,108.50,0.50,-1.06,0.25,10,4
1772043004.261343,342718,-0.05,-0.02,-0.02,49.94,73.75,254.06,1.12,0.81,-0.37,0.03,0.01,0.10,3.56,83.19,108.56,0.37,1.62,0.25,10,4
1772043004.452240,342909,-0.11,-0.05,0.02,48.94,73.37,254.31,-3.00,3.62,-0.31,-0.03,0.05,0.05,31.69,83.12,108.81,-0.75,0.00,0.81,10,4
1772043004.642784,343099,-0.14,-0.03,-0.03,47.56,73.44,255.00,0.06,0.94,-1.31,0.03,-0.03,0.08,33.63,83.00,108.56,-2.00,0.31,0.75,11,5
1772043004.832560,343289,0.06,0.14,-0.01,45.75,73.31,255.69,-0.50,1.00,-1.25,0.04,-0.09,0.12,33.81,82.94,108.69,-1.25,-1.50,0.31,11,5
1772043005.023171,343480,-0.04,0.08,0.00,45.13,73.37,255.69,3.12,0.06,0.69,0.02,-0.06,0.05,34.44,83.00,108.56,0.94,1.19,0.81,9,4
1772043005.214535,343671,0.02,0.07,0.14,45.13,73.37,255.37,-1.50,-0.81,1.87,0.00,-0.02,0.03,34.50,83.06,108.69,-1.75,-0.37,-0.50,8,3
1772043005.405335,343862,-0.09,0.03,-0.06,47.19,73.56,255.00,1.56,-4.75,1.37,0.00,0.02,0.16,34.25,83.00,108.69,-0.19,1.81,-0.31,8,5
1772043005.595888,344052,-0.21,-0.01,-0.10,51.00,73.50,255.06,-11.44,-5.12,3.81,0.05,-0.03,0.13,34.31,83.00,108.81,-3.06,-2.19,0.00,7,5
1772043005.786041,344243,-0.13,0.26,0.04,53.50,73.31,256.56,-5.31,5.19,-1.62,-0.02,0.08,0.08,34.75,83.06,109.00,0.56,0.31,0.44,6,4
1772043005.976833,344433,-0.03,-0.02,-0.04,53.06,73.06,256.87,2.31,-1.87,0.81,0.00,-0.05,0.10,34.75,83.06,108.94,-0.50,-0.06,0.50,5,4
1772043006.167363,344624,0.05,0.08,0.05,52.69,73.19,257.00,-0.88,1.00,-2.12,-0.01,0.00,0.06,3.87,83.12,108.94,0.44,-0.25,0.00,5,5
1772043006.358155,344815,-0.05,0.08,0.00,51.94,73.19,257.12,2.44,1.56,0.75,0.01,-0.10,0.08,3.87,83.19,108.87,-0.50,-1.44,-1.37,5,5
1772043006.548559,345006,0.00,0.02,0.06,50.88,72.81,256.50,2.06,0.31,2.50,0.01,0.00,0.07,3.69,83.44,108.94,0.44,-0.88,-0.56,4,5
1772043006.738895,345196,-0.06,0.00,0.08,50.88,72.56,255.81,2.06,0.56,1.31,0.00,0.00,0.12,3.62,83.44,108.87,-0.56,0.75,-0.37,4,4
1772043006.929491,345386,0.07,-0.15,0.08,49.63,72.37,255.00,9.44,-1.50,-0.69,0.00,0.02,0.12,3.50,83.56,109.19,1.37,-0.25,0.00,4,5
1772043007.120652,345577,-0.03,-0.02,0.04,49.50,72.44,254.56,-0.06,1.37,0.13,0.04,0.04,0.10,3.44,83.56,109.19,-0.62,-0.56,-1.00,4,5
1772043007.311071,345768,0.04,0.05,0.08,48.69,72.31,254.81,1.81,0.25,-0.94,0.01,-0.03,0.07,3.50,83.75,109.06,0.81,0.13,0.69,4,4
1772043007.501807,345959,0.02,0.04,0.06,48.44,72.25,254.69,-0.62,1.06,0.00,-0.01,0.01,0.06,3.50,83.75,109.12,0.00,-0.37,-0.25,4,4
1772043007.692900,346149,-0.06,-0.12,0.01,48.44,72.25,254.62,-0.06,-1.50,-0.69,-0.02,-0.03,0.08,3.44,83.87,109.31,-3.37,-1.94,-2.06,4,4
1772043007.882626,346340,0.01,0.14,0.09,48.38,72.12,255.19,-0.94,0.69,-1.81,-0.08,0.11,0.06,3.37,83.94,109.50,2.12,-0.75,1.62,5,4
1772043008.076437,346531,-0.09,-0.08,0.04,48.06,72.25,254.81,1.50,0.44,-2.06,0.00,0.00,0.05,3.62,83.81,109.00,-0.81,-0.44,0.00,6,3
1772043008.264016,346721,0.06,0.04,0.10,47.63,72.19,254.94,1.31,-1.62,-0.06,0.00,0.00,0.01,3.62,83.75,108.94,1.19,0.81,0.37,6,2
1772043008.454986,346912,0.02,0.04,0.04,47.88,72.25,254.69,-0.37,-0.88,-0.37,0.01,-0.02,0.09,3.62,83.75,108.94,0.13,0.94,-0.19,7,2
1772043008.644397,347101,0.00,0.01,0.06,47.75,72.25,254.37,3.19,-2.06,1.06,0.00,0.02,0.17,3.56,83.62,108.69,1.62,0.56,-0.13,8,3
1772043008.835089,347292,0.01,0.05,0.12,48.06,72.12,253.56,3.44,0.25,0.75,-0.02,0.04,0.09,3.37,83.75,108.81,0.88,-0.06,-1.44,8,2
1772043009.027719,347484,-0.05,-0.04,0.07,48.44,71.87,252.81,2.56,-0.75,1.75,0.00,0.00,0.11,3.31,83.69,108.62,-0.37,0.06,-0.69,7,1
1772043009.217322,347674,-0.04,0.08,0.07,48.13,71.69,252.62,-1.25,2.94,0.19,-0.01,0.04,0.16,3.19,83.75,108.75,1.12,0.00,-0.75,7,2
1772043009.408237,347865,-0.04,0.06,0.07,46.94,71.37,252.25,6.44,3.12,0.69,0.04,-0.03,0.10,3.25,83.56,108.19,1.94,0.69,0.50,6,2
1772043009.597807,348055,0.01,0.09,0.16,42.44,71.25,250.81,17.12,1.31,-2.06,0.02,0.04,0.12,3.37,83.44,107.62,3.69,1.44,0.44,5,2
1772043009.788426,348245,0.04,-0.10,0.04,39.31,70.75,249.19,7.25,5.06,-1.06,0.00,0.02,0.16,3.37,83.31,107.00,4.62,-2.19,1.37,4,2
1772043009.980116,348437,-0.13,-0.07,0.06,37.00,70.37,248.50,3.00,3.87,0.25,0.00,-0.03,0.14,3.50,83.44,106.44,0.25,-1.00,0.00,6,4
1772043010.171132,348628,0.16,0.04,0.19,37.06,70.37,248.75,-4.06,-2.87,1.19,-0.01,-0.06,0.04,3.56,83.56,106.19,0.88,-0.75,-0.13,6,5
1772043010.361994,348819,-0.07,-0.01,0.16,39.94,70.62,249.87,-20.87,0.69,-0.94,-0.01,0.04,0.11,3.31,83.75,106.87,-1.50,0.44,-2.06,6,5
1772043010.551539,349008,-0.05,0.07,-0.01,42.50,71.06,251.50,3.37,-0.81,-0.31,0.00,-0.04,0.23,3.25,83.69,107.25,-1.19,0.88,0.75,5,5
1772043010.742039,349199,0.08,0.00,-0.06,41.25,70.87,251.44,-0.62,4.62,-2.19,0.19,-0.02,-0.01,3.12,83.81,107.62,-4.94,-2.81,-2.94,5,6
1772043010.933320,349390,0.32,0.01,0.34,40.13,70.75,252.06,-7.50,-3.37,-1.69,0.01,-0.06,0.13,2.94,84.12,108.87,-3.62,-4.75,-1.87,5,7
1772043011.124455,349581,-0.18,0.22,-0.17,40.38,71.62,252.81,4.62,1.25,3.06,-0.02,-0.08,-0.07,2.81,84.25,108.62,-1.75,-1.94,-1.69,5,7
1772043011.315028,349772,0.05,0.21,-0.01,37.13,70.75,251.75,18.81,10.25,-3.06,-0.02,0.00,0.23,2.50,84.19,109.00,-1.31,2.31,-1.87,5,6
1772043011.504312,349961,-0.08,-0.17,0.09,35.94,69.87,250.06,-0.50,-2.62,3.62,0.00,0.01,0.14,2.44,84.25,108.87,2.62,0.25,1.81,5,6
1772043011.695000,350152,0.06,-0.31,0.15,37.19,69.94,250.00,-4.69,-1.44,0.31,-0.01,0.00,0.09,2.75,84.12,108.37,-0.94,-1.06,0.19,5,6
1772043011.886666,350343,-0.11,0.34,-0.03,39.88,70.75,251.81,-12.25,-10.13,1.75,-0.04,0.02,0.06,2.75,84.12,108.19,0.75,-2.69,0.75,3,4
1772043012.077990,350535,-0.17,-0.15,-0.10,41.19,71.19,251.69,1.19,3.56,0.56,0.01,-0.01,0.11,2.87,84.19,108.12,-3.44,-0.69,-1.37,3,3
1772043012.268541,350725,0.04,0.20,0.03,40.50,70.87,252.44,-3.75,1.75,2.25,-0.02,-0.04,0.13,2.50,84.37,109.00,-2.25,0.56,-1.94,3,4
1772043012.460126,350917,0.00,0.01,0.12,41.31,70.56,252.19,-0.25,1.00,-0.88,-0.01,-0.05,0.13,2.37,84.50,109.25,-0.44,-0.06,-0.44,3,4
1772043012.649247,351106,0.09,0.31,0.02,41.25,70.62,251.94,9.69,-0.88,3.94,-0.03,-0.01,0.17,2.56,84.44,108.94,1.44,-0.19,2.81,4,2
1772043012.841682,351298,-0.03,-0.17,0.08,42.69,70.62,250.31,-4.31,-2.06,-2.94,-0.01,0.01,0.07,2.75,84.37,108.69,-1.00,-0.56,-0.44,4,2
1772043013.032521,351490,0.02,0.00,0.00,42.88,71.00,251.12,-0.13,-1.31,-0.81,0.00,-0.01,0.05,2.81,84.44,108.75,0.00,-1.19,0.88,4,1
1772043013.224049,351681,0.03,-0.03,0.04,42.56,71.31,251.37,-0.94,-1.12,-4.31,-0.03,0.03,0.14,3.25,84.44,108.56,-1.69,-1.19,1.19,4,2
1772043013.414355,351871,0.00,0.09,0.01,41.81,71.75,252.12,1.69,2.31,-0.37,-0.01,-0.04,0.06,3.37,84.31,108.44,-0.19,-0.19,-0.13,4,1
1772043013.603335,352060,0.11,0.03,-0.01,38.88,71.00,251.50,13.13,8.94,0.50,-0.02,-0.05,0.17,3.37,84.19,108.44,0.69,1.62,0.56,5,2
1772043013.796110,352253,0.15,-0.14,0.17,36.69,70.44,250.56,-3.31,-1.37,0.88,0.04,0.00,0.24,3.31,84.12,108.50,-0.13,0.19,-1.19,5,2
1772043013.987812,352444,-0.67,0.60,0.00,47.00,73.25,252.12,-24.94,-53.19,-12.06,-0.04,0.29,-0.25,2.75,84.25,108.81,6.12,2.44,-1.31,5,2
1772043014.180631,352637,-0.33,-0.15,-0.28,57.63,75.75,253.06,-0.88,7.87,1.81,-0.01,-0.08,0.26,3.19,83.50,108.06,-1.69,1.50,1.87,6,2
1772043014.369567,352826,0.13,-0.15,0.01,53.75,75.62,252.94,2.69,1.12,-3.87,-0.01,-0.04,0.23,30.44,83.00,107.69,1.12,1.12,1.94,6,1
1772043014.558726,353016,-0.16,0.17,-0.16,53.63,75.81,253.50,-0.56,2.87,0.62,0.08,-0.01,0.09,3.56,83.31,107.31,1.56,-5.94,-1.56,6,2
1772043014.752287,353209,0.12,0.05,0.13,51.06,74.75,252.81,2.44,4.25,2.62,-0.11,0.05,-0.12,3.37,84.12,107.00,4.87,-4.25,-0.75,5,2
1772043014.943915,353401,0.12,-0.21,0.26,49.06,74.00,251.31,11.56,2.62,-0.25,-0.01,-0.14,0.20,3.37,84.00,106.44,3.56,-1.81,1.12,5,2
1772043015.135233,353592,0.18,0.24,0.03,49.38,74.00,251.31,-2.81,3.31,-0.50,-0.10,-0.04,0.16,3.50,84.06,106.06,-1.12,3.50,-1.00,5,2
1772043015.325737,353783,-0.06,-0.05,0.01,51.13,74.00,251.44,-3.00,-0.19,1.81,0.03,0.04,0.05,3.31,83.75,106.44,2.75,1.00,-0.19,5,2
1772043015.514855,353972,-0.10,0.10,-0.14,51.69,74.19,251.00,2.00,0.62,1.56,-0.03,-0.05,0.17,3.12,83.81,106.12,3.44,1.12,0.06,5,2
1772043015.706533,354163,0.02,-0.09,0.11,50.63,73.62,250.50,-1.50,4.25,-0.31,0.00,0.01,0.02,3.06,84.00,106.25,-2.06,-1.87,-0.94,5,2
1772043015.897267,354354,-0.16,0.10,0.00,48.38,73.19,251.06,0.06,4.75,-0.94,-0.03,0.04,0.00,3.00,84.12,106.56,-1.25,2.06,0.56,5,2
1772043016.088087,354545,0.26,-0.14,0.21,44.13,72.25,250.81,5.00,6.62,0.75,0.00,-0.01,0.06,3.06,84.06,106.81,-0.19,-1.00,-0.37,5,2
1772043016.277395,354734,-0.19,0.26,-0.16,43.56,72.00,250.56,7.31,2.31,2.06,-0.03,0.06,-0.03,3.00,84.12,106.62,3.37,0.88,1.19,5,2
1772043016.467971,354925,0.03,-0.42,0.26,40.88,70.81,248.06,6.87,-0.75,3.56,-0.01,-0.05,0.05,3.12,84.00,106.00,1.12,0.69,0.37,5,1
1772043016.659362,355116,0.11,0.05,0.10,42.63,70.94,248.19,-7.81,-5.00,0.81,0.01,0.03,0.06,3.12,84.00,106.19,-1.62,0.31,0.44,5,2
1772043016.850229,355307,-0.03,0.09,0.00,45.94,71.56,248.94,-3.81,-3.12,-0.56,0.00,0.02,0.06,3.12,84.00,106.37,-0.62,1.37,0.00,5,3
1772043017.041089,355498,-0.05,0.04,0.00,46.63,71.81,249.19,-1.87,-1.81,0.00,0.00,-0.09,0.05,3.06,83.94,106.50,-3.00,-1.81,-1.19,5,3
1772043017.230272,355687,0.05,0.03,0.06,47.38,72.06,249.94,-5.06,-1.62,-0.56,0.00,0.03,0.11,3.06,84.00,107.00,-2.31,0.25,0.37,4,3
1772043017.419387,355876,-0.09,0.08,-0.02,50.13,72.44,251.31,-15.94,-0.13,0.13,0.00,0.00,0.11,3.19,84.00,107.37,-2.25,0.37,0.50,4,2
1772043017.611851,356069,0.06,0.11,0.02,49.50,72.75,252.44,5.37,2.19,0.19,-0.01,0.05,0.08,3.19,84.00,107.56,2.25,-0.56,0.50,6,3
1772043017.803052,356260,-0.01,-0.07,0.00,48.56,72.62,251.81,1.25,-0.62,0.81,0.03,-0.07,0.09,3.12,83.94,107.37,-1.25,-0.13,-1.44,5,4
1772043017.993556,356451,0.01,0.17,-0.01,48.38,72.56,251.94,0.56,1.87,-0.06,0.00,0.02,0.09,3.12,84.06,107.50,0.13,-0.44,0.19,6,4
1772043018.184323,356641,-0.05,0.13,-0.02,47.38,72.37,251.44,5.06,1.06,0.62,0.02,0.03,0.06,3.12,84.00,107.31,0.50,-0.31,-0.19,6,4
1772043018.374891,356832,-0.03,0.14,-0.04,43.69,71.75,250.00,21.62,11.25,-1.75,-0.03,0.03,0.19,3.12,83.87,107.25,0.94,0.44,0.13,6,4
1772043018.565627,357023,0.19,-0.07,0.20,37.19,70.44,247.50,14.69,5.94,1.62,-0.08,0.05,0.15,3.12,83.81,107.19,1.50,-0.69,-0.62,6,4
1772043018.755949,357213,0.01,-0.08,0.24,35.94,69.81,246.12,2.87,-0.37,1.06,0.03,0.01,0.00,3.00,83.75,107.19,0.31,5.37,-2.50,6,3
1772043018.946977,357404,0.05,-0.05,0.10,37.25,69.69,245.81,-2.81,-3.06,3.56,-0.02,0.00,0.16,2.69,83.50,107.56,0.00,-1.25,-0.13,6,3
1772043019.136198,357593,0.44,-0.33,0.51,42.81,70.06,246.12,-16.50,-7.75,1.06,-0.03,0.02,0.16,2.87,83.87,107.31,2.00,-7.37,1.50,6,3
1772043019.325595,357783,-0.65,0.36,-0.61,50.94,72.00,248.62,-15.94,0.13,3.81,-0.08,0.10,0.00,3.37,83.81,106.37,-1.56,5.75,4.81,7,3
1772043019.518619,357975,0.19,0.00,0.21,49.50,71.31,249.50,-2.87,-2.94,-4.00,-0.09,0.04,0.03,3.87,83.50,106.19,-1.31,-0.88,-0.62,4,2
1772043019.709363,358166,-0.11,0.19,-0.06,50.25,72.25,251.25,-10.75,-0.81,-3.12,0.05,0.01,0.09,3.69,83.81,106.69,-1.81,-1.06,-0.62,4,2
1772043019.899663,358357,-0.04,0.07,-0.04,49.19,72.25,251.87,3.19,2.12,-0.06,0.02,0.02,0.10,3.69,83.75,106.81,0.69,-0.06,0.50,4,2
1772043020.089076,358546,0.11,-0.25,0.17,49.13,71.37,251.06,3.62,0.75,7.06,0.03,-0.09,0.00,3.94,83.69,106.75,-0.19,-4.12,2.37,3,3
1772043020.278738,358736,0.04,0.33,0.00,48.69,71.69,251.31,-5.25,-0.25,-4.62,0.05,-0.07,0.00,4.12,83.62,106.75,-1.94,-1.75,-1.06,3,3
1772043020.471005,358928,-0.02,0.23,-0.03,47.06,71.87,252.00,4.37,3.25,0.62,0.03,0.00,0.00,4.06,83.62,106.62,2.25,0.62,-0.50,3,3
1772043020.661933,359119,0.16,0.17,-0.02,41.94,71.12,249.75,28.19,6.19,3.94,0.01,0.02,0.11,3.94,83.44,106.25,3.37,0.56,-0.69,4,3
1772043020.852731,359310,-0.02,-0.39,0.15,38.81,70.12,245.50,11.38,2.25,2.50,0.01,0.15,-0.03,3.62,83.50,106.06,1.12,-1.12,-1.56,4,3
1772043021.043644,359500,0.01,-0.11,0.17,39.63,69.25,244.62,-1.69,-2.56,1.81,-0.04,0.11,0.06,3.50,83.62,106.12,-1.06,-0.37,-0.37,4,3
1772043021.234033,359691,-0.05,-0.11,0.06,44.06,69.94,245.81,-24.81,-8.88,-2.31,-0.03,0.08,0.02,3.56,83.62,106.31,-0.44,0.31,0.50,4,3
1772043021.424644,359882,0.08,0.25,-0.09,47.88,71.31,249.19,-6.56,-1.12,-5.44,0.00,0.07,0.08,3.69,83.56,106.31,-2.31,0.25,0.81,4,3
1772043021.615445,360072,-0.05,-0.22,0.12,49.38,71.37,249.06,-2.37,2.44,1.31,-0.03,0.08,0.14,3.69,83.62,107.37,-2.94,-2.19,-3.19,4,3
1772043021.805904,360263,-0.01,0.06,-0.10,48.88,71.62,250.00,1.94,0.19,-0.88,0.01,-0.13,0.07,3.62,83.69,107.37,0.44,0.19,0.62,4,3
1772043021.995598,360453,0.00,0.04,0.04,47.81,71.62,250.19,-1.19,3.12,-2.19,-0.02,0.04,0.03,3.62,83.87,107.37,0.50,-0.88,-1.37,4,3
1772043022.186040,360643,0.02,0.06,0.02,47.19,71.56,250.37,1.81,-0.50,1.25,0.00,0.03,0.06,3.50,83.94,107.44,1.12,-0.13,-0.06,5,2
1772043022.377692,360835,-0.01,0.00,0.00,46.75,71.50,250.00,2.31,0.19,-0.06,0.00,0.01,0.07,3.44,83.94,107.31,0.56,-0.50,-0.44,4,2
1772043022.568043,361026,0.00,0.00,0.01,46.31,71.37,249.75,1.44,1.06,0.75,0.00,0.06,0.01,3.44,84.00,107.31,0.69,-0.37,-0.56,4,3
1772043022.758838,361216,-0.02,-0.02,0.00,46.00,71.06,249.31,3.44,1.87,1.31,-0.02,0.06,0.01,3.44,84.00,107.31,0.69,1.00,0.37,4,2
1772043022.948096,361406,0.05,-0.10,0.09,44.88,70.81,248.69,3.37,2.19,0.37,0.00,0.01,0.11,3.37,83.94,107.19,1.44,0.62,0.56,4,2
1772043023.139846,361597,-0.03,-0.03,0.00,44.38,70.81,248.37,0.06,-0.62,0.06,0.00,0.01,0.06,3.37,84.00,107.12,0.06,0.75,0.19,4,2
1772043023.330941,361788,0.06,0.01,0.08,44.50,70.94,248.44,0.37,-2.37,0.37,0.00,0.02,0.08,3.37,83.81,107.00,0.25,0.31,-0.56,5,3
1772043023.521787,361979,-0.30,-0.14,-0.07,45.94,72.62,246.69,37.63,-29.87,-13.56,0.06,0.03,-0.02,3.12,83.81,106.37,7.75,-3.94,-1.37,5,4
1772043023.711995,362169,-0.06,-0.23,0.01,46.63,73.06,243.62,1.81,4.12,4.56,-0.01,0.03,0.00,2.87,83.69,105.87,3.44,1.25,-1.94,5,4
1772043023.901471,362359,-0.01,-0.12,0.12,46.75,72.50,243.06,0.69,-2.87,4.44,0.02,0.00,0.00,2.69,83.69,105.25,1.25,-0.56,0.13,4,3
1772043024.091495,362549,-0.05,-0.13,0.04,49.31,72.56,242.94,-7.81,-2.37,-1.75,0.09,-0.01,0.13,2.56,83.75,105.81,-5.25,1.19,-1.31,5,5
1772043024.283714,362741,-0.04,0.06,-0.01,51.19,72.69,244.50,-8.88,0.44,-1.62,0.02,-0.01,0.12,2.62,83.87,107.00,-4.31,-1.06,0.88,6,5
1772043024.474455,362932,-0.02,0.09,0.02,52.13,73.19,246.00,-3.75,2.81,-2.00,0.00,0.03,0.00,2.81,83.75,107.31,-1.06,-0.19,0.37,5,5
1772043024.665064,363122,0.00,0.05,-0.01,50.75,73.06,246.56,-1.31,1.94,1.00,-0.01,-0.03,0.02,2.81,83.87,107.37,-0.81,-1.12,0.13,6,5
1772043024.855553,363313,-0.02,0.07,0.00,49.94,73.00,246.81,-1.87,1.75,-1.19,0.04,-0.06,0.08,2.81,84.00,107.44,-0.69,-1.19,0.37,6,6
1772043025.045850,363503,-0.46,0.28,-0.24,47.69,72.87,247.25,5.06,12.63,-1.81,0.00,-0.02,0.18,2.81,84.00,107.37,0.88,-0.06,1.06,7,6
1772043025.237091,363694,0.14,-0.10,0.17,41.25,71.56,246.75,3.44,1.19,0.69,-0.01,0.01,-0.03,2.81,84.06,107.19,0.75,-0.25,-0.81,7,4
1772043025.427625,363885,0.00,-0.08,0.11,41.44,71.37,246.44,-0.06,-0.75,1.44,0.00,0.02,0.05,2.81,84.06,107.19,-0.94,-0.31,0.25,8,4
1772043025.618319,364075,-0.01,0.03,-0.01,41.50,71.44,246.56,-0.62,-1.12,-0.81,0.01,-0.01,0.10,2.87,84.00,107.12,-1.19,0.25,0.37,10,6
1772043025.808758,364266,0.11,0.09,0.10,41.56,71.50,246.75,0.69,-0.56,-0.37,0.01,-0.14,0.06,2.94,84.06,107.25,-1.50,-1.75,0.13,11,6
1772043025.998696,364456,0.01,0.12,0.00,43.50,71.69,247.50,-13.56,0.13,1.06,0.00,0.01,0.08,2.87,84.25,107.62,-1.19,0.19,0.00,10,4
1772043026.190193,364647,-0.03,0.00,-0.03,44.81,71.75,248.00,2.75,-2.44,1.06,0.01,-0.02,0.08,2.87,84.25,107.62,0.25,-0.44,0.25,10,4
1772043026.380821,364838,-0.03,0.00,0.04,44.81,71.75,247.81,0.19,0.62,-0.75,0.01,-0.04,0.05,2.87,84.25,107.62,-0.06,-0.94,-0.44,10,4
1772043026.571265,365029,-0.02,0.06,-0.04,45.13,71.75,248.00,-2.69,-0.62,0.06,0.01,0.01,0.05,2.75,84.37,107.94,0.13,0.88,-1.00,9,4
1772043026.761294,365219,0.02,-0.01,0.07,45.06,71.75,248.12,1.44,-0.31,-0.56,0.00,-0.02,0.08,2.69,84.37,107.87,0.69,1.12,0.13,8,3
1772043026.952668,365410,-0.06,0.03,-0.03,45.00,71.75,248.06,0.81,0.62,-0.69,-0.02,-0.02,0.10,2.69,84.37,107.87,-0.25,-0.50,0.25,7,3
1772043027.142969,365601,0.09,0.07,0.06,42.88,71.37,247.94,6.12,4.06,-0.75,0.00,-0.03,0.00,2.75,84.37,107.81,0.50,-0.69,0.13,6,3
1772043027.333669,365791,-0.08,-0.06,0.08,40.56,70.75,247.25,1.50,0.88,2.50,-0.02,-0.02,0.04,2.50,84.19,107.94,-0.81,0.75,-3.00,6,3
1772043027.524404,365982,0.09,0.05,0.15,40.88,70.37,247.06,-0.50,-4.37,1.31,-0.02,-0.06,0.02,2.19,84.25,108.31,0.06,-0.31,-1.31,4,2
1772043027.714414,366172,0.03,-0.03,0.06,43.19,70.56,246.94,-5.75,-1.12,0.19,0.01,-0.07,0.20,2.06,84.12,108.62,1.56,1.12,-0.75,4,2
1772043027.904917,366362,-0.13,-0.13,0.00,44.38,70.75,247.12,0.44,-0.88,0.69,-0.03,-0.07,0.17,2.06,84.06,108.56,1.69,0.81,0.13,5,1
1772043028.096239,366553,-0.10,0.05,-0.04,43.75,70.87,247.25,2.75,1.56,1.12,0.07,-0.14,0.06,2.12,84.06,108.37,-0.69,0.69,-0.94,5,2
1772043028.287127,366744,0.18,0.13,0.13,43.00,70.37,247.31,-1.44,0.37,-1.00,-0.08,-0.05,-0.01,1.87,84.06,108.69,0.88,-2.31,-1.06,4,2
1772043028.477668,366935,0.10,-0.23,0.04,43.63,70.19,246.87,-0.06,0.31,-1.50,-0.02,-0.04,0.15,1.94,84.00,108.62,1.50,1.37,0.56,4,2
1772043028.667375,367125,-0.09,0.00,-0.08,43.94,70.44,247.06,-0.06,0.75,1.37,-0.03,-0.07,0.05,1.87,83.81,108.75,1.62,1.00,-1.62,4,2
1772043028.857907,367315,0.10,-0.21,0.19,42.88,69.87,246.62,1.37,0.69,-0.31,0.00,-0.07,0.05,1.87,83.75,108.75,1.25,0.69,-0.62,4,2
1772043029.049644,367507,-0.10,-0.04,0.01,44.00,70.12,246.62,0.62,-2.37,3.56,-0.06,0.00,0.06,1.75,83.94,108.81,-1.56,-1.94,-0.62,4,2
1772043029.240404,367698,0.00,0.09,-0.13,44.56,70.25,246.94,1.94,-0.69,-3.25,0.00,-0.07,0.07,1.94,83.94,108.37,0.69,-0.62,2.12,4,2
1772043029.431037,367888,0.34,-0.04,0.19,42.50,70.12,247.06,3.81,4.06,-2.25,-0.03,-0.06,0.07,2.12,84.00,108.19,1.56,-1.87,1.87,4,1
1772043029.620675,368078,0.04,-0.03,0.00,40.13,70.37,246.75,16.75,3.37,-5.25,-0.02,-0.07,0.12,2.25,83.87,107.94,-1.56,-0.69,0.00,4,2
1772043029.810036,368267,0.04,0.01,0.15,39.13,70.06,246.94,-12.13,-0.37,1.69,-0.02,-0.11,0.02,2.12,84.00,108.25,-1.12,-0.62,-1.87,3,2
1772043030.002276,368459,-0.13,0.23,-0.09,42.50,70.50,248.19,-4.56,-2.87,-1.37,-0.04,-0.03,0.13,1.94,84.00,108.62,-0.62,1.50,-0.31,4,2
1772043030.193373,368650,0.07,-0.06,-0.02,42.88,70.56,248.25,-2.94,-2.06,0.69,-0.02,-0.09,0.11,2.00,83.87,108.62,1.62,-0.37,1.00,5,1
1772043030.384435,368842,0.00,-0.01,-0.03,43.69,71.12,248.56,-2.25,-1.19,-1.62,0.00,-0.06,0.03,2.12,83.87,108.56,-0.44,-1.19,0.44,5,1
1772043030.573587,369031,0.20,0.00,0.34,43.75,71.44,248.94,0.69,-2.25,-2.62,-0.01,-0.14,-0.07,2.06,83.94,108.44,2.87,4.37,-3.06,6,1
1772043030.763768,369221,-0.12,0.20,-0.25,46.00,72.00,249.06,-1.94,-0.13,6.69,0.00,-0.06,0.12,1.50,83.56,108.81,-0.69,-0.81,-0.81,6,1
1772043030.956112,369413,-0.06,-0.23,-0.14,47.81,71.37,248.19,-1.31,-1.25,-2.81,-0.03,-0.01,0.15,1.69,83.44,108.87,-0.75,-0.50,0.37,6,2
1772043031.146844,369604,-0.16,0.13,-0.20,45.94,71.37,248.94,5.00,10.81,-1.19,-0.03,0.00,0.01,1.75,83.69,108.94,1.00,-1.37,-0.25,5,2
1772043031.338075,369795,0.25,-0.26,0.25,38.25,69.81,248.06,9.56,7.87,-1.25,0.00,-0.07,-0.08,1.94,83.87,108.44,1.00,-1.69,1.37,5,2
1772043031.529030,369986,-0.02,0.00,0.06,36.13,69.25,247.87,1.25,0.00,0.13,-0.03,-0.01,-0.02,2.00,84.12,108.37,0.13,-2.50,0.13,4,1
1772043031.718364,370176,0.31,0.00,0.33,35.19,68.94,247.81,0.37,-0.13,1.50,0.00,-0.13,0.07,2.00,84.12,108.31,0.88,-0.50,-0.13,5,1
1772043031.910296,370367,-0.08,-0.11,-0.01,38.94,69.94,247.62,-9.56,-13.13,1.19,-0.01,-0.01,0.05,2.00,84.25,108.50,-0.25,-0.06,0.25,5,1
1772043032.102059,370559,-0.08,0.09,-0.15,43.00,71.25,248.44,-1.44,-2.81,-0.44,-0.04,-0.04,0.11,2.12,84.19,108.44,-0.81,1.12,0.37,7,2
1772043032.294419,370752,-0.17,0.07,-0.24,43.75,71.44,248.56,-0.06,0.00,-0.31,-0.01,-0.07,0.07,2.19,84.12,108.44,-0.31,-0.75,0.62,7,3
1772043032.486143,370944,0.07,0.03,0.09,42.56,71.31,248.62,0.00,1.44,-1.19,0.00,-0.05,0.00,2.25,84.25,108.37,0.19,-0.31,0.50,7,3
1772043032.677945,371135,0.00,0.04,0.07,42.13,71.31,248.62,-0.37,-0.31,-0.37,0.00,-0.07,0.00,2.25,84.25,108.37,0.37,-0.62,0.31,7,3
1772043032.867054,371324,0.02,0.04,0.00,42.25,71.37,248.69,-2.25,-0.37,-0.25,0.00,-0.05,0.07,2.31,84.25,108.56,-1.62,0.50,-0.37,7,2
1772043033.059178,371517,-0.02,0.10,-0.10,42.69,71.44,248.81,0.44,-1.31,-0.13,0.00,-0.05,0.08,2.31,84.19,108.50,1.00,0.13,0.69,9,3
1772043033.250651,371708,0.01,0.11,0.03,42.13,71.37,248.75,0.19,2.25,-0.88,0.00,-0.03,0.04,2.31,84.31,108.50,0.31,-0.19,-0.19,9,3
1772043033.442684,371900,-0.01,0.02,-0.02,41.00,71.06,248.50,2.75,2.31,0.94,-0.01,-0.06,0.07,2.31,84.37,108.37,-0.13,-0.88,-0.06,9,3
1772043033.632545,372090,0.08,-0.01,0.05,40.25,70.87,248.31,-0.44,-0.88,-1.87,0.00,-0.05,0.06,2.31,84.37,108.37,-0.31,0.25,0.00,9,3
1772043033.823022,372280,-0.05,-0.01,0.00,41.13,71.12,248.44,-1.00,-2.44,1.62,-0.01,-0.04,0.09,2.25,84.31,108.44,0.13,0.94,-0.50,8,3
1772043034.014584,372472,-0.03,0.06,0.00,41.63,71.19,248.62,-0.31,1.69,0.56,-0.03,-0.04,0.11,2.25,84.19,108.56,-1.25,0.06,0.50,5,2
1772043034.207999,372665,0.00,-0.04,-0.02,41.56,71.25,248.87,-3.56,-1.81,-1.81,-0.05,-0.11,0.05,2.31,84.31,108.56,-2.37,-0.81,0.56,6,2
1772043034.400663,372858,-0.04,0.19,0.05,41.00,71.56,250.94,-14.56,2.00,-4.12,-0.01,-0.05,0.05,2.31,84.31,108.87,-1.44,-0.62,-0.44,7,2
1772043034.592647,373050,0.00,0.06,0.00,41.63,71.81,252.62,-2.75,-2.69,-0.06,0.02,-0.07,0.12,2.31,84.31,109.12,-2.00,-0.37,-0.50,7,2
1772043034.782053,373239,-0.11,0.12,-0.11,42.56,72.06,253.06,-2.12,0.31,-0.50,0.01,-0.07,0.14,2.25,84.50,109.50,-1.50,-0.31,-0.50,6,2
1772043034.972050,373429,-0.02,0.00,-0.04,42.13,71.87,253.06,0.94,0.88,0.62,0.00,-0.06,0.07,2.31,84.75,109.62,-0.25,-1.94,0.00,5,2
1772043035.165373,373623,-0.31,0.40,-0.28,39.31,71.37,252.69,17.19,12.94,-0.37,0.00,-0.06,0.17,2.31,84.81,109.56,1.06,1.12,0.44,7,3
1772043035.356666,373814,0.07,-0.34,0.24,32.25,69.56,249.44,12.69,-0.44,4.50,0.00,-0.13,0.00,2.31,84.81,109.19,1.25,-1.56,-0.56,8,3
1772043035.547328,374005,0.01,0.12,0.10,33.13,69.06,248.75,-1.50,0.25,1.56,0.01,0.00,0.10,2.12,84.94,109.25,0.56,0.88,0.06,8,4
1772043035.738443,374196,0.01,-0.13,0.06,33.75,69.00,248.25,0.13,-2.31,0.44,-0.02,-0.07,0.09,2.25,84.81,109.12,0.00,0.44,0.88,9,4
1772043035.927786,374385,0.02,0.00,0.01,34.81,69.62,248.87,-8.81,-4.37,-4.00,-0.04,0.08,0.01,2.69,84.31,108.62,0.37,1.50,5.12,11,5
1772043036.119698,374577,0.11,0.01,0.04,37.50,70.06,250.87,-19.69,-2.37,-4.69,0.01,-0.03,0.05,3.19,83.87,108.62,-3.12,-4.19,-2.50,11,5
1772043036.310204,374768,0.00,0.18,-0.03,37.88,70.81,253.19,0.44,-0.81,0.31,0.00,-0.09,0.10,3.06,84.19,109.06,-1.56,-0.25,0.06,9,5
1772043036.501080,374958,-0.03,0.14,-0.04,38.56,70.87,253.12,-2.25,-1.19,-0.31,0.00,-0.01,0.11,2.94,84.37,109.44,0.25,0.37,-0.19,9,5
1772043036.691582,375149,-0.07,-0.02,-0.01,38.94,71.06,253.06,1.37,-0.88,0.13,0.00,-0.02,0.07,2.94,84.37,109.37,0.69,0.25,-0.19,12,7
1772043036.880779,375338,-0.05,0.10,-0.09,38.38,71.00,252.94,3.81,2.06,0.56,0.02,0.00,0.13,2.87,84.31,109.37,1.50,1.00,-0.69,12,7
1772043037.072302,375530,0.09,-0.05,0.12,36.13,70.37,251.56,12.13,3.87,1.94,0.02,0.01,0.03,2.81,84.37,109.19,1.06,-0.69,-0.75,10,6
1772043037.263367,375721,-0.13,-0.05,-0.06,33.88,69.44,249.81,11.44,7.50,1.25,-0.02,-0.02,0.15,2.81,84.25,108.94,1.75,1.25,1.69,9,5
1772043037.454034,375911,-0.09,0.05,0.05,32.06,68.69,249.06,-0.56,1.12,0.75,-0.03,-0.04,0.00,2.81,84.06,108.94,-3.31,2.87,-3.69,10,5
1772043037.643431,376101,0.32,0.03,0.23,33.13,68.44,249.19,-4.56,-3.94,4.12,0.00,-0.10,0.08,2.06,83.62,110.12,-1.31,1.94,-4.12,10,6
1772043037.832882,376290,0.10,-0.10,0.05,39.94,68.94,249.37,-16.12,-11.31,3.69,0.05,-0.03,0.11,1.62,83.87,110.87,0.69,-1.50,-0.75,8,5
1772043038.025123,376483,-0.05,0.02,-0.12,44.00,70.00,250.06,0.94,-2.37,-0.81,0.02,-0.10,0.10,1.87,83.81,110.37,0.25,-1.62,2.00,8,4
1772043038.216180,376674,0.00,0.12,-0.09,42.69,70.25,250.25,1.12,1.31,-3.50,-0.01,-0.08,0.04,2.06,83.75,110.12,-0.62,0.44,-1.00,8,4
1772043038.406533,376864,0.02,0.02,0.06,41.25,69.75,250.37,0.75,5.56,0.81,0.02,-0.07,0.18,1.81,83.75,110.69,2.31,1.75,-0.94,8,5
1772043038.596381,377054,0.05,-0.25,0.18,41.13,69.37,250.12,-1.25,-2.12,1.06,-0.01,0.03,0.08,1.81,84.00,110.62,0.37,-2.12,0.88,5,3
1772043038.787555,377245,-0.12,0.13,-0.15,41.50,69.81,250.37,2.44,0.44,-0.50,0.00,-0.04,0.09,2.00,84.00,110.19,0.69,-1.06,0.69,5,3
1772043038.978636,377436,0.15,0.27,-0.08,36.13,68.94,249.44,23.87,14.44,-4.44,-0.04,-0.07,0.26,2.12,83.87,109.75,3.75,-0.56,1.50,5,3
1772043039.169443,377627,-0.16,-0.26,0.12,33.25,68.00,247.12,1.44,0.00,1.62,-0.01,-0.04,-0.02,2.25,84.06,109.50,-0.50,1.06,-1.06,5,3
1772043039.359932,377817,-0.03,0.10,0.11,33.44,67.81,247.44,0.06,-0.75,0.31,-0.04,0.00,0.00,2.12,84.19,109.56,-0.69,-0.06,-0.44,4,3
1772043039.549418,378007,-0.02,-0.14,0.01,34.44,67.94,247.62,-7.37,-3.19,1.19,-0.01,0.00,0.15,2.25,84.12,109.56,-0.19,1.25,1.62,5,2
1772043039.740376,378197,-0.03,0.14,0.07,38.19,68.19,250.25,-37.88,-1.12,-4.37,-0.02,0.01,0.04,2.44,84.12,109.62,-2.19,-2.00,0.31,5,2
1772043039.931689,378389,-0.10,0.26,-0.19,42.00,68.75,253.37,-10.88,0.75,13.06,0.00,-0.19,0.10,2.81,84.12,109.81,-1.94,-0.06,1.81,5,3
1772043040.122173,378580,0.07,0.05,0.00,42.69,68.31,253.00,5.87,-2.75,-7.00,0.03,-0.02,0.08,2.81,84.12,109.94,-0.25,-0.19,2.00,5,3
1772043040.312831,378770,-0.02,0.12,-0.02,42.69,68.94,253.50,-9.69,1.56,-0.19,-0.04,0.00,0.04,3.12,83.87,109.50,0.00,0.56,-0.06,5,3
1772043040.503294,378961,0.00,0.11,-0.03,42.56,69.19,254.37,0.56,0.13,-0.06,0.01,-0.02,0.08,3.12,83.87,109.50,0.37,0.06,0.13,5,3
1772043040.693400,379151,-0.21,0.36,-0.20,40.50,69.06,253.87,15.13,6.81,-0.56,-0.01,0.03,0.02,3.00,84.00,109.50,3.06,0.00,-0.69,5,4
1772043040.884627,379342,0.15,-0.48,0.32,33.56,68.12,250.44,21.87,-2.25,4.25,0.04,-0.07,0.02,2.94,84.00,109.19,1.87,-1.19,-1.94,5,4
1772043041.075188,379533,-0.11,0.04,0.05,34.19,67.69,248.81,-2.00,1.19,0.94,0.01,0.02,0.06,2.56,84.25,109.44,0.13,1.25,-1.00,5,4
1772043041.266121,379724,0.10,-0.25,0.16,34.88,67.69,248.69,-2.69,-6.00,0.81,-0.02,-0.02,0.07,2.56,84.12,109.37,-1.44,-0.75,0.06,5,4
1772043041.455862,379913,-0.18,0.15,-0.08,39.44,68.62,250.00,-15.25,-3.69,-2.37,-0.01,-0.01,0.06,2.56,84.12,109.56,-1.69,-0.44,0.62,5,4
1772043041.647057,380105,0.12,0.16,0.06,39.88,69.19,251.94,-2.56,-1.44,-2.62,0.03,-0.04,0.09,2.75,84.06,109.44,0.62,1.06,1.25,5,4
1772043041.838277,380296,0.04,0.09,-0.01,39.88,69.87,252.44,-1.37,-1.94,-1.06,-0.01,0.00,0.06,2.87,84.06,109.44,-0.94,-0.75,-0.25,6,3
1772043042.028755,380486,-0.01,0.05,-0.03,41.13,70.31,252.50,-0.37,-1.87,-0.44,-0.03,0.00,0.07,2.87,84.12,109.69,-0.69,-0.62,0.06,6,3
1772043042.219015,380677,-0.05,0.05,-0.01,41.00,70.69,252.44,1.12,-1.00,-1.44,0.01,0.00,0.02,2.94,84.12,109.69,-0.06,-0.25,0.31,7,3
1772043042.409394,380867,-0.08,0.19,-0.09,40.44,70.69,252.37,3.12,2.25,0.75,0.00,-0.01,0.10,2.87,84.19,109.69,0.88,-0.31,-0.88,8,3
1772043042.599966,381058,0.34,0.00,0.25,35.44,69.56,251.12,23.69,15.63,-0.25,-0.03,-0.01,0.24,2.81,84.19,109.56,1.56,-1.06,-0.19,8,2
1772043042.791337,381249,-0.12,-0.13,0.12,34.94,69.37,249.44,-4.44,-0.75,0.06,0.01,-0.02,0.02,2.75,84.31,109.37,-0.81,-0.13,-0.69,7,2
1772043042.981485,381439,0.08,0.01,0.21,35.75,69.31,250.12,-3.31,1.19,-0.69,-0.01,0.00,0.12,2.69,84.37,109.44,-0.06,0.00,0.62,7,2
1772043043.172301,381630,-0.09,-0.10,0.02,38.25,69.69,251.12,-15.13,-2.12,-2.44,-0.06,0.06,0.03,2.75,84.44,109.87,-4.81,-0.69,-0.25,6,2
1772043043.361581,381819,0.00,0.18,0.04,39.81,70.19,253.56,-8.56,-1.62,-3.81,-0.01,0.00,0.07,2.87,84.50,110.50,-3.25,-0.50,0.81,6,2
1772043043.552910,382010,-0.04,0.01,-0.01,40.44,70.81,254.75,-4.37,-1.87,-2.75,0.00,-0.01,0.13,3.12,84.31,110.69,-1.75,-0.25,1.56,5,1
1772043043.744132,382202,0.11,0.33,0.03,41.00,71.50,255.56,1.37,-6.19,0.13,0.00,-0.01,0.03,3.44,84.19,110.69,-0.56,-0.37,1.00,5,1
1772043043.934473,382393,0.00,0.04,0.01,42.00,71.87,255.06,-1.00,1.25,0.81,0.00,0.00,0.07,3.50,84.12,110.62,0.37,0.50,-0.44,5,1
1772043044.125092,382583,-0.01,-0.01,-0.05,42.06,71.75,255.06,0.88,2.00,-1.00,0.02,0.00,0.10,3.44,84.06,110.56,1.75,0.81,-0.06,4,2
1772043044.314377,382772,-0.02,0.22,-0.05,37.69,71.31,254.12,28.94,14.31,1.75,-0.10,0.02,0.23,3.44,83.94,110.25,2.12,1.56,0.19,4,2
1772043044.506445,382964,-0.08,-0.20,0.06,33.00,69.81,250.31,13.44,3.62,3.62,-0.01,0.00,0.00,3.31,83.94,110.00,0.56,0.37,-1.12,4,2
1772043044.697446,383155,-0.09,-0.10,0.16,31.19,68.94,249.06,-0.56,2.06,0.50,-0.01,0.04,0.04,3.25,83.87,109.81,1.44,2.25,1.31,4,2
1772043044.888352,383346,-0.10,-0.08,0.01,31.56,68.75,249.25,-3.44,-3.06,-0.62,-0.04,0.08,0.01,3.19,83.94,110.06,-1.50,-2.25,-0.81,5,2
1772043045.078083,383536,0.07,-0.06,0.06,32.19,68.94,249.75,-2.25,-1.25,1.06,0.01,-0.07,0.10,3.25,83.87,110.00,0.37,1.37,1.81,5,2
1772043045.267959,383725,-0.16,-0.02,0.06,33.88,69.56,250.75,-14.13,-4.37,-4.37,-0.04,-0.10,0.02,3.87,83.37,109.31,0.13,-0.19,1.87,5,2
1772043045.459612,383917,0.10,0.14,0.03,36.13,70.25,253.44,-17.06,-6.44,-0.44,0.00,0.05,-0.04,3.87,83.44,109.56,-2.50,-1.44,-1.94,5,2
1772043045.650865,384108,-0.02,0.04,-0.05,37.88,70.81,254.44,1.00,-1.37,0.56,-0.05,0.03,0.08,3.75,83.56,109.87,-0.75,-1.94,-1.50,5,2
1772043045.841065,384299,-0.02,0.00,0.00,38.13,70.62,254.12,2.87,0.31,1.37,0.00,0.06,0.09,3.62,83.75,110.12,-0.50,-0.88,-1.06,4,2
1772043046.031523,384489,-0.02,-0.05,0.04,37.88,70.31,253.44,4.06,1.50,0.25,-0.01,0.00,0.07,3.50,83.87,110.19,0.75,-0.69,-0.25,5,2
1772043046.220521,384679,0.00,0.09,-0.04,35.50,69.81,252.62,11.44,7.31,-1.31,0.00,0.03,0.15,3.50,83.81,110.00,1.75,-0.25,0.25,4,2
1772043046.412823,384871,-0.04,-0.16,0.15,32.56,68.94,251.12,4.94,1.81,2.62,0.02,-0.01,0.08,3.44,83.94,109.87,1.19,0.75,-1.06,4,2
1772043046.604046,385062,0.08,-0.16,0.12,33.06,68.69,250.56,-0.62,-2.00,2.50,-0.05,0.06,0.04,3.25,84.06,110.00,1.00,-0.25,-0.37,5,2
1772043046.794548,385252,-0.16,0.13,-0.05,37.06,69.31,251.31,-8.69,-4.00,1.44,-0.02,0.00,0.03,3.25,84.00,109.87,1.56,1.81,0.88,5,2
1772043046.984711,385442,-0.03,-0.12,-0.04,38.25,69.75,251.44,-1.12,-3.31,-1.37,-0.02,0.01,0.09,3.44,83.75,109.62,0.94,0.00,1.75,5,1
1772043047.174497,385632,-0.01,0.05,-0.04,38.44,70.31,251.94,-2.56,-1.75,-0.50,-0.01,0.01,0.14,3.62,83.69,109.50,-2.56,-0.50,-0.69,6,3
1772043047.366155,385824,0.10,-0.06,0.10,39.13,70.44,252.44,-3.12,-0.88,-0.62,0.04,-0.03,0.16,3.56,83.69,109.94,-1.81,0.50,-1.06,6,3
1772043047.557000,386015,-0.09,0.12,-0.04,39.81,70.75,253.06,-0.69,3.06,0.00,0.01,0.05,0.05,3.50,83.87,110.12,-0.31,-0.62,-0.31,5,3
1772043047.747574,386206,-0.13,0.22,-0.14,37.56,70.00,252.75,10.69,9.50,-0.94,-0.02,0.03,0.22,3.50,83.81,110.00,0.88,0.75,0.00,5,3
1772043047.938483,386396,-0.09,-0.23,0.07,34.69,69.19,251.31,-0.56,0.44,0.19,0.00,0.02,-0.02,3.50,83.94,110.00,0.50,0.44,-0.31,5,3
1772043048.128065,386586,0.04,0.01,0.06,33.56,68.75,251.44,2.56,3.56,1.00,0.00,0.01,0.10,3.37,84.06,110.12,0.94,-0.56,-0.44,5,3
1772043048.319714,386778,0.12,0.00,0.09,35.06,68.25,251.69,-6.50,-2.12,1.44,-0.05,0.08,0.14,3.19,84.19,110.31,-0.25,0.94,-0.44,5,2
1772043048.510604,386968,-0.15,0.28,0.01,42.13,68.75,254.19,-40.38,-2.00,3.69,-0.01,0.06,0.13,3.00,84.31,110.69,-1.94,0.69,-1.75,5,2
1772043048.701639,387159,-0.15,0.05,-0.03,42.31,69.81,255.69,23.56,-13.56,-2.44,-0.02,0.05,0.16,3.06,84.19,110.69,-0.88,-0.94,2.06,5,2
1772043048.890960,387349,0.03,-0.19,0.05,39.81,70.69,253.94,0.50,0.75,-2.75,0.00,0.02,0.04,3.50,83.87,110.31,0.06,-0.81,1.25,6,3
1772043049.080403,387538,-0.18,-0.01,0.00,41.38,71.12,254.44,-5.62,-3.00,1.69,0.01,0.02,0.04,3.87,83.75,110.50,-4.50,-1.87,2.50,6,2
1772043049.272720,387730,0.00,0.45,-0.02,39.06,71.37,255.50,-1.87,3.87,-10.13,0.00,0.04,-0.03,4.19,83.75,110.37,1.69,-0.69,-0.13,6,1
1772043049.463520,387922,0.13,0.00,0.10,35.25,70.75,255.12,12.06,5.62,4.00,0.03,-0.02,0.12,4.12,83.62,110.12,2.31,-0.13,-0.94,6,1
1772043049.654575,388112,-0.04,-0.14,0.02,33.25,69.94,252.94,11.31,2.62,2.06,0.02,0.02,0.09,4.06,83.62,109.81,1.75,-0.13,-0.56,6,1
1772043049.844243,388302,-0.13,0.11,-0.02,31.56,69.25,251.50,8.50,7.75,3.50,-0.01,-0.02,0.07,3.75,83.75,109.62,2.75,-0.81,-2.00,6,1
1772043050.034117,388492,-0.17,-0.21,0.04,32.13,68.50,250.06,0.44,-1.06,3.62,-0.03,0.08,0.03,3.44,83.87,109.87,-0.13,0.13,-0.75,5,1
1772043050.226149,388684,-0.01,-0.10,0.10,32.94,68.31,249.87,-0.81,-0.88,-0.19,0.00,0.01,0.15,3.44,83.81,109.87,1.00,1.44,0.69,5,1
1772043050.417201,388875,-0.13,-0.18,0.00,35.38,68.75,250.37,-13.75,-4.31,-0.94,0.03,0.00,-0.03,3.44,84.00,110.06,0.62,1.37,1.69,5,1
1772043050.608087,389066,-0.05,0.15,0.00,35.13,69.19,252.75,-7.62,0.50,-7.06,0.01,0.02,0.09,3.81,83.62,109.87,-3.81,-0.94,1.37,7,4
1772043050.797409,389255,0.37,0.25,0.19,33.25,68.81,254.94,-6.75,7.50,-4.00,0.03,0.03,0.21,3.75,83.75,110.50,0.37,-0.50,-1.56,7,4
1772043050.986883,389445,-0.08,0.17,-0.01,32.69,68.81,255.19,4.62,0.62,3.37,0.03,0.00,-0.01,3.62,83.94,110.44,1.37,-0.19,-1.25,7,3
1772043051.178579,389636,0.16,-0.15,0.20,30.44,67.94,252.75,18.19,1.75,5.25,-0.02,-0.01,0.06,3.37,84.00,110.37,2.56,-0.31,-1.37,8,3
1772043051.369995,389828,-0.05,-0.17,0.07,31.44,67.37,250.69,-1.44,1.31,1.87,0.01,0.03,0.01,3.06,84.06,110.56,0.56,1.50,-2.06,7,3
1772043051.561681,390020,0.02,-0.04,0.08,32.19,67.19,250.44,1.50,-1.56,2.25,-0.01,-0.01,0.06,2.81,84.06,110.56,0.81,1.37,-0.25,7,3
1772043051.751082,390209,0.07,-0.12,0.04,32.56,67.06,250.19,-0.81,1.81,0.31,-0.02,0.02,0.07,2.69,84.00,110.69,0.19,-0.31,-0.56,7,3
1772043051.940660,390398,0.02,-0.35,0.22,33.81,67.00,250.50,-12.25,-1.94,1.81,-0.03,0.01,0.11,2.75,84.00,110.94,-2.69,1.00,-0.37,7,3
1772043052.132936,390591,-0.06,0.32,-0.01,38.19,67.75,253.44,-16.19,-4.19,-4.00,0.02,0.02,0.14,2.87,84.06,111.12,-4.19,-0.75,1.25,7,3
1772043052.323954,390782,0.00,0.10,-0.05,39.25,68.87,254.69,-0.81,-5.19,-4.25,-0.02,-0.01,0.11,3.31,83.87,110.87,1.81,0.69,3.00,8,5
1772043052.515911,390974,-0.10,0.17,-0.15,38.88,70.06,255.00,4.44,-2.44,-3.62,0.07,-0.01,0.06,3.62,83.75,110.50,1.00,1.00,0.00,7,4
1772043052.706606,391165,-0.16,0.28,-0.08,36.06,70.06,254.56,10.88,6.31,0.88,0.02,0.02,0.08,3.62,83.75,110.31,1.19,0.62,-0.50,6,3
1772043052.897549,391356,0.21,-0.15,0.17,32.38,68.62,252.37,13.06,4.75,4.50,-0.04,0.00,0.09,3.50,83.87,110.12,1.56,-1.56,-1.06,5,3
1772043053.087630,391546,0.11,-0.01,0.15,32.38,67.81,251.00,-2.19,1.06,1.62,0.03,0.06,0.04,3.12,84.00,110.37,2.00,3.69,-1.81,5,3
1772043053.278411,391736,0.03,-0.38,0.26,34.50,67.69,250.69,-8.88,-8.81,3.50,0.01,-0.06,0.09,2.94,83.81,110.56,1.31,-0.25,-2.31,5,4
1772043053.471269,391929,-0.07,0.20,-0.19,41.44,68.75,252.75,-17.62,-1.94,-1.75,-0.03,0.04,0.16,2.69,84.00,111.06,-0.31,1.19,-0.13,5,4
1772043053.663581,392121,-0.13,-0.13,-0.25,42.31,69.50,254.19,3.06,-1.56,-5.19,-0.05,-0.01,0.13,2.87,83.81,110.75,0.13,-0.69,0.31,5,4
1772043053.854698,392313,0.09,0.09,0.06,39.88,70.06,255.19,-1.44,0.50,-1.25,-0.01,0.02,0.04,3.19,83.87,110.75,-1.12,-0.37,1.87,6,4
1772043054.045655,392503,-0.04,0.11,-0.09,39.63,70.31,255.37,-0.56,-1.31,-0.56,0.00,0.00,0.06,3.31,83.87,110.62,0.00,-0.13,-0.13,5,4
1772043054.235001,392693,0.07,0.22,-0.12,38.13,69.94,255.00,10.50,6.25,2.25,-0.03,0.02,0.01,3.25,83.94,110.69,1.75,-0.81,-0.75,4,2
1772043054.426263,392885,0.16,-0.28,0.18,33.06,68.69,252.06,22.50,6.37,6.56,0.00,0.00,0.10,3.06,83.94,110.37,2.69,-1.06,0.31,3,2
1772043054.617524,393075,0.06,-0.15,0.14,33.94,67.81,250.00,-2.94,-1.62,-0.88,-0.07,0.10,0.18,2.69,83.87,110.56,2.56,4.00,-2.87,2,3
1772043054.808352,393266,-0.13,-0.39,0.07,36.38,68.06,249.81,0.06,-4.19,4.81,0.01,-0.01,0.05,2.37,84.00,110.94,-4.31,-0.13,-0.88,3,4
1772043054.997917,393456,0.04,-0.09,-0.02,40.69,68.44,251.75,-27.12,-4.06,-1.62,0.02,-0.14,0.06,2.44,84.12,111.00,-3.06,-4.75,0.69,3,5
1772043055.188070,393646,0.29,0.55,0.07,41.50,68.87,255.94,-7.75,9.69,-4.37,0.00,0.01,0.22,2.56,84.31,111.25,-0.06,0.62,1.00,4,4
1772043055.379739,393838,-0.03,0.06,-0.09,40.38,69.12,255.69,9.88,-3.44,1.44,0.15,-0.10,0.07,2.94,84.37,111.12,-0.19,-0.88,1.62,5,4
1772043055.570450,394029,0.00,0.15,0.04,39.88,69.31,255.12,0.88,-2.75,-2.87,0.04,-0.02,-0.02,3.00,84.19,110.81,0.94,-0.62,0.44,4,4
1772043055.761405,394219,0.04,0.16,-0.03,38.75,69.62,254.69,7.94,-0.37,-0.50,-0.12,0.04,0.09,3.12,84.12,110.56,2.37,0.69,-0.06,4,4
1772043055.950723,394409,0.02,-0.14,0.08,37.25,69.56,253.12,7.94,-0.81,2.44,0.00,0.00,0.03,3.06,84.12,110.31,1.44,-0.06,-0.69,5,4
1772043056.141405,394600,-0.04,-0.02,0.02,37.44,69.37,252.44,1.94,0.88,0.19,-0.02,0.01,0.10,3.00,84.19,110.19,0.19,-0.62,0.56,5,4
1772043056.333006,394791,0.00,-0.01,-0.05,36.56,69.19,252.31,0.81,1.81,-0.25,-0.05,0.00,0.06,3.06,84.12,110.25,-1.37,0.13,-0.25,5,4
1772043056.523392,394982,0.04,0.11,0.02,35.00,68.75,252.12,5.94,3.19,0.69,-0.01,0.04,0.02,3.06,84.06,110.19,0.62,0.31,-0.25,5,3
1772043056.714240,395172,0.08,-0.03,0.15,32.69,68.00,251.06,8.19,4.12,0.06,0.02,-0.05,0.07,3.00,84.00,110.06,1.75,0.88,-1.00,5,2
1772043056.904466,395362,-0.04,-0.03,0.06,32.44,67.69,250.56,-1.00,0.37,0.94,-0.18,0.35,-0.47,2.50,84.75,110.94,-7.31,-12.00,-4.06,5,2
1772043057.094433,395553,-0.04,-0.26,0.05,33.69,67.31,249.94,5.56,-6.00,4.00,0.06,-0.06,0.08,2.62,84.25,110.50,1.19,0.37,0.19,4,2
1772043057.285851,395744,0.16,0.12,0.06,34.06,67.75,249.81,-2.81,1.19,-0.75,0.00,-0.04,0.19,2.62,83.87,110.37,2.25,2.00,-0.69,5,2
1772043057.478157,395935,0.00,-0.11,0.09,35.31,68.31,249.94,-4.87,-3.62,-1.50,0.00,-0.06,-0.05,2.56,83.94,110.31,-1.44,-0.25,-1.87,5,2
1772043057.667737,396126,0.15,-0.02,0.00,37.50,68.69,251.06,-7.81,-3.12,0.69,-0.02,-0.05,0.12,2.37,83.81,110.56,-0.62,-2.25,-0.75,5,2
1772043057.857093,396315,-0.07,-0.12,-0.06,41.00,69.25,251.94,-12.63,-1.75,-1.50,0.01,0.02,0.04,2.37,84.19,111.12,-0.94,-2.12,0.19,5,1
1772043058.047625,396506,-0.09,0.13,-0.10,40.00,69.50,253.12,6.81,2.12,0.19,0.00,-0.04,0.05,2.50,84.06,110.87,-0.25,-0.94,0.88,6,2
1772043058.239011,396697,-0.09,0.12,-0.18,35.75,68.62,252.19,14.63,12.69,-3.25,-0.06,-0.02,0.09,2.69,84.06,110.56,2.37,1.00,1.50,6,2
1772043058.430051,396888,0.04,-0.16,0.20,31.00,67.69,250.81,6.87,-0.94,2.06,0.01,-0.02,-0.08,2.75,84.19,110.31,0.75,0.69,-0.13,7,2
1772043058.620738,397079,0.04,-0.06,0.07,31.69,67.44,250.31,-2.25,-1.69,1.19,0.01,-0.04,0.15,2.69,84.06,110.37,-0.75,-4.31,-0.19,7,2
1772043058.809767,397268,0.16,0.06,0.14,32.88,67.62,250.75,-4.81,-0.75,-0.13,0.02,0.00,0.00,2.87,83.94,109.75,5.06,2.62,1.69,8,3
1772043058.999787,397457,-0.07,-0.08,-0.03,34.44,68.31,250.81,-1.62,-8.13,0.25,-0.01,-0.11,0.04,2.94,83.75,109.62,-2.19,-2.44,-1.44,8,3
1772043059.191923,397650,-0.07,0.18,-0.07,37.19,69.12,251.37,-8.94,-2.69,1.62,-0.03,-0.02,0.22,2.81,83.75,109.94,3.44,2.69,-0.44,7,3
1772043059.382817,397841,-0.01,-0.14,-0.07,39.00,69.37,251.56,-1.87,-2.69,1.19,0.00,0.00,0.10,2.81,83.75,110.12,-0.62,-0.44,0.50,7,3
1772043059.573847,398032,-0.04,0.08,-0.06,39.38,69.75,252.25,-1.06,1.50,-2.37,-0.02,0.06,-0.04,2.75,83.94,110.31,-0.06,-2.44,-1.31,7,5
1772043059.764090,398222,0.11,-0.16,0.07,37.69,69.19,252.44,2.87,3.87,0.25,0.05,-0.03,0.02,2.75,84.00,110.12,0.06,-0.25,-0.19,8,5
1772043059.954493,398413,0.01,0.14,0.09,36.38,68.94,252.69,1.00,1.50,-0.50,-0.01,0.03,0.02,2.75,84.12,110.19,1.19,0.25,0.06,8,5
1772043060.145778,398604,-0.01,-0.04,0.00,36.00,68.75,252.31,1.56,-0.31,0.44,-0.01,-0.02,0.03,2.75,84.12,110.06,0.31,-0.88,-0.06,8,5
1772043060.336228,398794,-0.05,0.00,0.00,35.69,68.62,252.31,0.62,2.31,-0.94,-0.01,0.00,0.09,2.75,84.19,110.06,-0.75,-0.19,-0.19,8,5
1772043060.526509,398985,0.00,0.00,0.08,35.38,68.50,252.37,0.13,-1.00,0.31,-0.01,-0.03,0.11,2.81,84.12,110.00,-0.69,0.06,0.00,8,5
1772043060.717076,399175,0.06,0.07,0.04,35.56,68.75,252.50,-0.19,0.94,-2.56,0.00,0.00,0.05,2.87,84.19,110.00,-0.50,-0.44,0.19,7,4
1772043060.907749,399366,-0.06,0.03,0.00,35.13,68.62,252.50,1.25,1.81,0.31,-0.01,-0.02,0.05,2.87,84.19,110.06,0.81,-0.13,-0.50,6,3
1772043061.098549,399557,0.16,-0.03,0.10,32.63,67.87,251.81,12.00,4.50,0.56,0.00,-0.04,0.07,2.87,84.19,109.87,1.25,-1.37,0.19,7,3
1772043061.289219,399747,0.01,0.06,0.13,31.87,67.56,251.00,-0.44,1.75,1.06,-0.01,-0.02,0.01,2.69,84.31,110.06,-0.56,0.00,-2.31,7,3
1772043061.479966,399938,0.03,0.00,0.02,32.38,67.37,250.37,4.37,-0.06,3.75,-0.02,-0.02,0.01,2.50,84.19,110.19,-0.19,-2.06,-0.06,7,2
1772043061.670203,400129,0.05,0.02,0.13,32.25,67.12,249.94,-1.56,1.94,-0.88,0.01,-0.05,0.13,2.50,84.19,110.19,-0.44,1.19,0.06,6,1
1772043061.860960,400319,0.00,0.00,0.00,32.38,67.25,250.00,-0.13,-0.81,0.25,-0.03,-0.06,0.04,2.50,84.12,110.19,0.25,0.81,1.06,6,1
1772043062.051854,400510,0.04,-0.15,0.12,33.88,67.75,250.56,-13.25,-6.37,-0.06,0.02,-0.03,-0.06,2.50,84.12,110.37,-2.62,0.56,-1.37,5,1
1772043062.242479,400700,0.05,0.11,-0.02,36.13,68.12,252.19,-2.94,-1.69,-1.06,0.03,-0.06,0.05,2.44,84.12,110.50,-1.62,-2.44,0.19,6,1
1772043062.433002,400891,0.04,0.16,-0.04,36.31,68.44,252.62,-2.50,0.50,-2.19,-0.01,-0.02,0.11,2.50,84.25,110.62,1.94,-0.94,0.62,6,2
1772043062.623760,401082,-0.10,0.04,-0.08,35.25,68.37,252.50,3.37,4.81,1.00,-0.01,-0.08,0.08,2.56,84.37,110.44,-1.12,-0.94,-0.19,6,1
1772043062.812980,401271,0.08,0.18,-0.01,31.94,67.50,251.94,13.69,7.94,-3.06,0.00,-0.01,0.12,2.56,84.44,110.44,2.06,-0.69,0.25,7,2
1772043063.004553,401463,0.08,-0.27,0.20,27.94,66.62,250.31,7.56,3.62,3.31,0.02,-0.09,0.07,2.50,84.56,110.25,0.81,0.37,-0.88,6,2
1772043063.195541,401654,0.00,0.10,0.10,28.44,66.12,249.94,-2.12,-0.94,-0.37,-0.02,-0.03,0.01,2.31,84.81,110.50,-0.44,0.00,-0.88,6,2
1772043063.386137,401844,0.15,-0.23,0.22,32.44,66.50,250.44,-25.50,-10.63,7.00,0.01,-0.06,0.03,2.25,84.81,110.44,-0.37,0.13,-0.69,5,2
1772043063.576933,402035,0.00,0.07,-0.06,36.63,67.37,251.87,-1.81,-2.94,-1.87,0.00,-0.06,0.12,2.37,84.69,110.50,-1.87,0.00,0.88,6,2
1772043063.767279,402226,0.11,0.07,-0.03,36.38,68.00,252.37,0.06,0.19,-2.06,0.00,-0.09,0.07,2.37,84.62,110.62,0.44,-0.06,-0.06,6,2
1772043063.958154,402416,-0.12,0.11,-0.10,36.13,68.19,252.19,4.06,1.37,0.62,0.01,-0.09,0.06,2.37,84.75,110.56,0.69,-1.31,0.19,6,2
1772043064.148396,402607,0.07,0.06,0.08,33.50,67.75,251.62,9.13,5.94,0.88,0.01,-0.08,0.14,2.37,84.81,110.44,1.25,0.56,-0.75,6,3
1772043064.339063,402797,0.00,-0.06,0.04,32.19,66.94,250.50,2.44,3.06,1.56,0.00,-0.07,0.08,2.19,85.00,110.50,0.56,-0.81,-0.31,6,2
1772043064.530024,402988,0.03,0.02,0.10,31.37,66.50,250.37,0.88,3.44,-0.56,-0.01,-0.04,0.06,2.19,85.12,110.44,-0.50,-0.62,0.25,6,2
1772043064.719493,403178,0.06,0.00,0.20,31.37,66.50,250.56,-2.25,-1.94,-1.06,-0.08,-0.02,0.00,2.19,85.12,110.44,0.19,0.94,0.37,7,3
1772043064.911147,403369,0.00,0.05,0.08,32.81,67.25,251.25,-6.12,-5.87,-1.50,0.00,-0.04,0.04,2.37,84.87,110.37,-0.88,1.37,1.19,7,3
1772043065.101740,403560,-0.16,0.25,-0.29,33.56,68.12,251.87,1.87,0.56,-1.37,-0.04,-0.12,0.17,2.56,84.62,110.25,-0.25,1.06,0.50,7,3
1772043065.292245,403751,0.07,0.02,-0.02,31.06,67.50,251.25,4.87,6.37,1.69,0.04,-0.12,0.06,2.62,84.37,110.12,-0.06,-1.50,-0.44,7,3
1772043065.482134,403941,0.07,0.05,0.18,29.94,66.50,250.81,0.06,4.44,-0.31,0.00,-0.06,0.05,2.37,84.81,110.69,1.75,0.81,-2.50,6,2
1772043065.672213,404131,0.05,-0.22,0.31,29.87,66.00,250.25,2.37,-1.31,2.62,0.02,-0.08,0.00,2.12,84.94,110.81,0.00,0.31,-1.87,5,2
1772043065.864163,404322,0.01,0.20,0.04,33.63,66.37,250.69,-17.25,-10.25,1.56,-0.03,-0.06,0.02,1.94,84.75,111.00,1.37,1.37,-0.06,5,2
1772043066.055084,404513,-0.03,-0.09,-0.12,36.63,67.56,251.19,-1.69,-3.44,0.25,-0.02,-0.04,0.15,2.06,84.50,111.12,-0.56,0.75,2.12,6,2
1772043066.245627,404704,-0.04,0.10,-0.17,36.75,68.12,251.56,0.44,-2.31,-2.12,-0.03,-0.08,0.05,2.44,84.25,110.69,-0.69,-1.12,0.94,5,2
1772043066.435591,404894,-0.03,0.16,-0.04,35.88,68.12,251.75,1.12,2.94,-1.44,0.02,-0.05,0.07,2.50,84.44,110.62,-0.31,-3.19,0.50,6,3
1772043066.625299,405084,-0.04,0.13,0.28,33.56,67.50,251.75,6.00,6.25,3.44,-0.14,0.07,-0.13,2.56,84.69,110.50,1.81,4.50,2.06,5,2
1772043066.817291,405276,0.16,-0.22,0.10,31.44,66.69,250.31,5.00,-1.12,-1.12,-0.03,-0.09,0.12,2.81,84.31,110.12,-2.12,1.12,1.75,6,2
1772043067.007942,405466,0.08,0.07,-0.10,31.19,67.37,250.94,-2.62,-3.94,-4.25,-0.02,-0.07,0.12,3.25,83.87,109.94,-0.75,0.19,1.37,6,2
1772043067.199089,405657,-0.01,-0.02,-0.06,32.44,68.37,252.06,-12.38,-5.44,-2.25,-0.05,0.06,-0.07,3.44,83.94,110.12,1.06,-0.62,-0.06,7,2
1772043067.389601,405848,0.06,0.06,0.09,32.56,68.87,253.56,1.75,-1.19,-0.13,0.00,0.05,-0.08,3.44,83.94,110.06,-0.50,0.37,0.88,7,2
1772043067.579801,406038,-0.05,-0.03,-0.04,32.75,69.06,253.37,-0.25,-3.69,-0.94,0.02,-0.03,0.07,3.56,83.69,109.94,-0.31,1.31,0.25,7,2
1772043067.771108,406229,-0.03,0.04,-0.16,33.06,69.31,253.44,0.69,-0.88,-0.06,0.01,-0.07,0.13,3.69,83.50,109.94,0.37,-0.62,-0.25,6,2
1772043067.961216,406420,0.02,0.03,-0.02,32.50,69.12,253.25,2.69,3.12,1.69,-0.01,-0.07,0.02,3.56,83.62,109.94,0.94,-0.75,-1.37,6,2
1772043068.151833,406610,-0.04,0.24,-0.01,31.69,68.31,252.69,5.19,8.50,0.62,-0.01,-0.03,0.08,3.25,83.94,110.12,1.00,0.62,-1.62,5,2
1772043068.341987,406800,0.06,-0.11,0.23,29.75,67.06,251.31,5.62,3.44,4.31,0.01,-0.02,0.00,2.87,84.19,110.44,0.56,0.25,-2.69,5,2
1772043068.534305,406992,-0.01,-0.07,0.09,30.69,66.62,250.56,-0.75,-2.25,1.75,-0.01,-0.04,0.00,2.56,84.25,110.75,0.44,0.56,-1.25,5,2
1772043068.724224,407182,0.02,0.00,-0.07,31.94,66.87,250.56,-1.44,-2.31,0.75,-0.01,-0.03,0.16,2.37,84.25,110.87,0.81,0.50,-0.50,5,2
1772043068.915224,407373,-0.02,-0.12,-0.02,32.88,67.06,250.37,-0.75,-0.88,-0.50,-0.01,-0.02,0.05,2.37,84.37,110.87,-0.62,-0.13,-0.13,5,2
1772043069.105572,407564,-0.06,-0.01,0.04,32.44,67.12,250.75,0.13,-0.19,-0.69,-0.01,-0.04,0.07,2.50,84.37,110.87,-0.81,-0.44,1.31,5,2
1772043069.295773,407754,0.05,0.05,0.04,31.94,67.31,251.12,-0.94,-0.13,-1.25,-0.04,-0.07,-0.02,2.56,84.37,110.87,-2.00,-3.50,-0.88,6,2
1772043069.485787,407944,0.02,-0.19,0.19,32.25,67.56,251.37,-5.44,-4.37,1.00,-0.04,-0.27,0.09,2.87,84.06,110.19,-1.81,-0.19,0.88,5,2
1772043069.677396,408136,0.03,0.35,-0.11,35.69,68.19,253.06,-6.81,-1.12,-2.19,0.03,-0.01,0.11,2.56,84.50,110.87,-2.00,-1.56,-1.56,6,2
1772043069.867430,408326,0.03,0.02,-0.01,35.81,68.25,253.31,1.75,1.00,-0.44,0.02,-0.06,0.11,2.56,84.44,110.94,1.06,0.50,1.06,6,2
1772043070.058326,408516,-0.03,0.01,0.00,34.88,68.25,253.31,0.56,2.81,-1.37,-0.02,-0.03,0.07,2.69,84.44,110.94,-1.56,-1.62,-0.13,5,2
1772043070.249117,408707,-0.08,0.43,-0.10,33.13,67.94,253.44,7.06,3.94,0.50,0.01,-0.03,0.11,2.69,84.44,110.87,0.69,0.62,-0.19,7,2
1772043070.439539,408898,-0.03,-0.31,0.11,29.69,67.19,251.56,8.19,-0.31,1.94,-0.04,-0.05,-0.02,2.75,84.56,110.75,0.06,-2.00,-1.12,7,3
1772043070.630310,409089,0.07,0.02,0.10,29.25,66.81,251.50,0.13,-0.19,0.81,0.02,0.02,-0.02,2.62,84.69,110.81,0.13,0.37,-0.25,7,3
1772043070.820589,409279,0.00,-0.02,0.05,29.69,66.81,251.25,0.56,-2.19,0.25,-0.01,-0.03,0.06,2.62,84.62,110.75,0.00,0.31,0.88,7,2
1772043071.011296,409470,0.06,-0.06,0.04,30.00,67.19,251.44,-3.00,-3.31,-1.75,-0.01,-0.02,0.07,2.87,84.50,110.56,0.19,0.69,1.12,7,2
1772043071.201887,409660,-0.21,0.26,-0.10,34.31,67.94,252.94,-11.88,-2.94,-1.75,0.05,-0.02,0.02,2.94,84.44,110.62,1.75,2.87,0.94,7,2
1772043071.393017,409851,-0.04,0.03,0.01,33.81,68.31,253.75,1.75,-0.75,-2.94,0.00,-0.04,0.09,3.12,84.25,110.50,-0.50,-0.75,0.37,7,3
1772043071.583751,410042,-0.17,0.14,-0.27,33.06,68.31,253.94,2.12,2.25,-0.13,-0.02,-0.01,0.11,3.00,84.44,110.75,0.25,0.31,-1.12,7,2
1772043071.773644,410232,0.10,-0.24,0.18,29.06,67.44,252.37,13.69,2.44,2.94,-0.01,-0.10,0.00,3.00,84.50,110.62,1.50,-2.06,-0.56,7,2
1772043071.964264,410423,0.13,0.05,0.19,29.37,66.94,251.87,-4.44,-0.19,0.62,-0.01,-0.01,0.03,2.62,84.69,111.06,-0.56,0.62,-2.31,6,2
1772043072.155336,410614,-0.19,0.10,-0.01,34.00,67.44,252.25,-9.56,-8.63,5.44,-0.05,-0.06,0.06,2.37,84.75,111.31,0.62,1.06,-0.56,4,1
1772043072.345889,410804,0.02,-0.04,-0.06,35.69,67.87,252.31,-0.62,-0.25,1.19,-0.03,-0.07,0.22,2.31,84.69,111.44,0.50,0.62,0.31,4,1
1772043072.537007,410995,-0.07,0.07,-0.17,35.88,68.06,252.25,1.94,0.62,-0.44,0.00,-0.08,0.11,2.37,84.62,111.37,-0.25,-1.31,-0.06,4,1
1772043072.727553,411185,0.07,0.20,0.02,33.00,67.69,251.75,15.88,5.94,-1.62,-0.01,-0.08,0.12,2.37,84.81,111.12,1.31,-1.81,0.50,5,3
1772043072.917987,411376,-0.07,-0.05,0.10,31.25,67.06,250.31,0.06,0.37,0.37,-0.02,-0.06,-0.05,2.25,85.12,111.12,1.06,-1.75,-2.12,5,3
1772043073.108469,411567,0.09,-0.09,0.15,30.81,66.87,250.31,1.50,0.88,1.62,0.03,-0.06,0.05,2.06,85.19,111.37,-4.19,1.25,-2.44,6,3
1772043073.299236,411757,-0.03,-0.06,0.15,33.06,67.00,250.56,-13.06,-7.87,4.50,-0.02,0.00,-0.02,1.75,85.19,112.06,-1.50,0.69,-0.06,6,2
1772043073.490034,411948,-0.03,0.02,-0.04,35.94,67.75,251.31,-1.00,-5.06,-3.75,0.00,-0.03,0.07,2.19,84.94,111.62,1.50,1.31,3.50,7,3
1772043073.680193,412138,0.00,0.01,-0.13,36.44,68.62,252.19,-8.50,-3.69,-2.69,-0.05,-0.08,0.08,2.56,84.62,111.19,-0.31,0.25,-0.37,7,3
1772043073.870513,412329,-0.07,0.12,-0.11,37.00,69.06,253.37,-1.69,2.62,-1.81,0.00,-0.03,0.07,2.56,84.69,111.31,-0.31,-0.88,-0.44,7,3
1772043074.061350,412520,0.06,0.04,0.10,35.25,68.56,253.50,2.69,2.25,0.44,-0.01,-0.02,0.03,2.56,84.81,111.12,0.81,-0.81,0.00,7,3
1772043074.252227,412711,0.00,0.01,0.03,34.63,68.31,253.44,-0.31,0.19,-1.06,-0.01,-0.04,0.05,2.56,84.87,111.12,-0.13,-0.75,0.13,6,3
1772043074.442874,412901,0.05,0.07,0.00,32.13,68.06,253.12,17.69,6.75,-0.13,-0.01,-0.02,0.13,2.62,84.75,111.06,0.69,-0.31,1.12,6,3
1772043074.633087,413092,0.09,-0.18,0.14,30.62,67.31,251.75,-2.12,1.56,-0.25,0.00,-0.01,0.03,2.62,84.87,111.12,0.13,-0.44,-0.19,4,2
1772043074.823315,413282,0.22,-0.07,0.27,32.38,67.75,252.87,-13.56,-6.06,1.19,0.01,-0.02,0.06,2.75,84.69,110.94,-0.37,1.12,1.87,4,2
1772043075.014824,413473,-0.02,0.16,-0.11,36.88,69.44,254.25,-0.31,-4.62,-3.19,-0.01,-0.04,0.12,3.06,84.44,110.81,-1.00,1.19,2.31,3,2
1772043075.205246,413664,0.01,0.11,-0.21,36.38,70.06,254.56,0.75,1.44,-1.19,0.01,-0.02,0.11,3.25,84.25,110.87,-0.44,0.13,-0.13,3,2
1772043075.395981,413855,-0.07,0.10,-0.02,35.00,69.81,254.25,5.75,3.50,2.37,0.01,-0.06,0.05,3.19,84.37,110.75,-0.44,-1.81,0.06,3,2
1772043075.585838,414045,0.06,0.10,0.04,31.81,68.87,253.44,10.06,6.50,0.75,-0.06,0.01,0.08,3.12,84.50,110.75,1.37,-1.06,-0.25,4,2
1772043075.776317,414235,-0.03,-0.06,0.09,30.12,68.00,252.06,5.00,2.31,2.56,-0.04,-0.07,0.02,2.94,84.69,110.50,1.31,1.50,-1.00,4,2
1772043075.967810,414426,-0.14,0.06,0.05,29.12,68.25,251.25,8.38,-2.37,6.25,-0.04,0.01,0.06,2.81,84.56,110.31,-2.12,-3.06,-0.06,5,4
1772043076.158324,414617,0.37,0.44,0.22,31.19,68.00,250.44,-3.81,-6.75,-1.44,0.05,0.06,0.16,2.56,84.87,110.31,4.87,1.56,0.19,5,4
1772043076.349302,414808,-0.23,-0.14,-0.06,34.25,69.37,250.62,1.12,-4.87,0.50,-0.05,0.05,0.01,2.75,85.06,109.62,-1.19,-3.06,0.75,5,4
1772043076.539383,414998,-0.20,-0.05,0.20,35.56,68.94,251.37,-10.94,5.75,-0.25,-0.03,-0.03,0.09,2.69,85.37,110.62,-9.50,4.87,-3.12,5,4
1772043076.729375,415188,-0.15,0.18,-0.11,37.50,68.25,253.94,-23.19,-1.31,2.81,0.00,-0.06,0.13,2.25,85.31,112.00,-5.00,-0.13,0.06,4,4
1772043076.920787,415379,0.18,0.22,0.00,39.88,68.00,255.94,-4.87,-0.13,-4.12,-0.02,-0.02,0.12,2.56,84.94,112.06,-0.31,1.00,0.75,5,3
1772043077.111694,415570,0.01,0.03,0.01,39.94,68.50,256.37,-0.75,-0.37,-0.75,0.01,-0.05,0.10,2.56,84.94,112.31,-1.06,1.31,-1.00,5,4
1772043077.302989,415761,-0.01,0.08,0.08,40.00,68.69,256.56,0.13,-1.19,1.69,0.00,-0.03,0.09,2.50,84.87,112.44,0.19,0.06,0.50,5,3
1772043077.492102,415951,-0.02,0.05,-0.04,40.00,68.87,256.56,1.19,0.25,-2.62,-0.02,-0.02,0.08,2.62,84.81,112.25,-0.13,0.00,0.50,5,3
1772043077.682934,416141,0.09,-0.03,0.12,39.00,69.00,256.56,0.44,-0.19,0.56,-0.02,-0.03,0.07,2.62,84.75,112.25,-0.75,-0.25,0.50,5,3
1772043077.874462,416333,0.06,-0.15,0.03,39.13,69.12,256.62,-2.25,-0.31,-1.94,-0.02,0.00,0.04,2.69,84.75,112.31,-0.88,-0.19,1.00,5,1
1772043078.065468,416524,-0.02,0.07,-0.01,38.69,69.44,257.37,-1.37,0.69,-1.50,-0.01,-0.06,0.17,2.87,84.62,112.31,-2.12,-0.25,1.00,5,1
1772043078.255806,416715,0.01,0.14,-0.01,38.31,69.44,257.56,1.44,1.19,-0.44,0.00,-0.09,0.13,2.94,84.69,112.37,0.31,0.00,0.56,6,1
1772043078.445402,416904,-0.16,0.26,-0.04,33.44,69.19,255.62,37.44,6.56,0.75,-0.03,-0.02,0.23,3.00,84.50,111.94,4.19,2.06,1.00,7,1
1772043078.635504,417094,0.14,-0.46,0.28,29.06,67.62,250.75,12.75,-1.50,6.81,0.00,-0.05,-0.01,2.87,84.56,111.25,4.94,-1.81,-1.81,7,1
1772043078.827304,417286,-0.05,0.19,0.03,29.75,67.50,249.87,2.62,-0.81,2.19,0.00,-0.01,0.00,2.62,84.69,110.87,-1.06,1.44,-0.31,7,1
1772043079.018480,417477,0.04,0.06,0.02,30.44,67.19,249.19,-2.19,-3.56,2.81,-0.01,-0.07,-0.01,2.31,84.56,111.06,-1.81,1.12,-2.00,7,1
1772043079.210443,417668,0.05,0.04,0.00,32.31,67.19,249.00,-3.25,-0.69,2.19,-0.05,-0.07,0.10,2.00,84.44,111.44,0.81,-0.06,-1.06,6,1
1772043079.398900,417857,-0.07,0.01,-0.04,33.69,67.25,248.69,-1.44,-0.81,1.81,-0.01,-0.04,0.04,1.87,84.44,111.56,0.50,-0.37,0.00,6,1
1772043079.588914,418047,-0.01,0.08,0.01,34.00,67.25,248.87,-2.31,-1.06,-0.25,-0.05,-0.06,0.00,1.81,84.56,111.75,-3.56,-3.44,-2.81,6,1
1772043079.780956,418239,0.12,-0.49,0.26,35.50,67.37,249.69,-18.94,-3.75,2.50,-0.01,-0.23,0.05,2.06,84.31,111.56,-6.12,-4.62,-1.87,6,2
1772043079.971900,418431,0.05,0.65,-0.03,40.38,68.00,254.00,-14.63,4.81,-5.12,0.05,0.07,0.18,1.87,84.50,112.44,-0.44,1.50,1.25,7,3
1772043080.163334,418621,-0.06,-0.07,-0.04,39.13,68.37,254.75,4.00,-1.56,-1.12,-0.01,-0.15,0.00,2.31,84.44,111.75,-1.31,-3.69,1.12,8,4
1772043080.352265,418811,0.08,0.18,-0.03,37.69,68.44,255.31,-0.19,3.12,-3.12,0.00,-0.03,0.10,2.44,84.50,111.87,-0.13,-0.69,0.00,8,3
1772043080.541751,419000,-0.02,-0.04,0.05,37.00,68.31,255.19,1.37,1.75,-0.13,0.00,-0.06,0.04,2.44,84.62,112.00,-1.12,-1.00,0.00,8,3
1772043080.733729,419192,-0.05,0.14,-0.01,36.13,68.19,255.50,0.50,1.44,-1.56,0.01,-0.01,0.00,2.44,84.75,112.06,0.44,-0.06,-0.06,9,3
1772043080.925005,419384,-0.10,0.24,-0.09,32.63,67.75,254.62,22.00,5.12,1.50,-0.05,-0.01,0.12,2.44,84.62,111.87,1.44,1.50,0.06,8,3
1772043081.116205,419575,-0.03,-0.38,0.13,29.25,67.06,251.31,10.94,0.25,2.31,0.00,-0.05,0.07,2.31,84.75,111.69,1.37,-0.62,-1.50,8,3
1772043081.306095,419765,0.09,0.17,0.05,30.06,66.56,250.94,-1.25,-0.25,2.87,-0.06,0.11,-0.05,1.87,85.12,111.94,-0.13,-1.62,-1.06,8,3
1772043081.495371,419954,-0.23,-0.16,0.03,35.19,66.56,251.19,-20.81,-13.81,-2.62,-0.04,0.04,-0.06,2.62,84.69,111.62,-6.69,-1.44,2.06,7,3
1772043081.687576,420146,0.18,0.35,-0.03,35.31,68.62,254.81,-8.88,-1.75,-4.69,0.01,-0.05,0.18,3.00,84.31,111.62,-1.25,0.56,1.00,6,3
1772043081.880090,420339,-0.14,0.27,-0.29,35.69,69.50,255.44,1.75,1.06,-2.56,-0.05,-0.12,0.08,3.12,84.19,111.56,0.81,0.31,0.50,5,2
1772043082.070399,420529,0.09,0.22,-0.06,28.94,69.06,254.44,30.25,13.13,0.50,-0.02,-0.08,0.27,3.19,84.00,111.37,2.25,-0.56,-0.37,4,1
1772043082.260906,420720,0.22,-0.29,0.36,26.44,67.44,250.94,2.19,-0.56,7.81,0.06,-0.02,0.15,2.69,84.37,111.69,-0.44,-0.88,-4.19,4,2
1772043082.451064,420909,-0.57,-0.32,-0.07,31.62,67.87,248.81,-2.62,-15.00,5.75,-0.03,0.07,-0.08,2.50,84.56,111.81,1.56,3.31,-0.19,4,2
1772043082.644106,421103,0.00,-0.32,0.12,34.63,68.37,248.81,-6.37,-0.88,0.69,0.01,-0.03,0.27,2.50,84.19,111.50,-0.81,1.62,-0.25,3,2
1772043082.833924,421292,-0.26,0.22,-0.22,39.81,68.94,251.31,-21.44,-1.00,-6.00,-0.05,0.06,0.03,2.62,84.12,112.00,-4.06,-0.69,1.87,3,2
1772043083.023804,421483,0.11,0.16,0.13,36.31,69.50,254.25,-0.50,4.44,-8.38,0.00,-0.09,0.09,3.19,83.81,111.50,-0.69,0.13,2.37,3,2
1772043083.215515,421674,-0.03,0.13,-0.03,33.88,69.81,255.25,-1.62,-0.06,-1.44,-0.01,-0.11,0.03,3.37,83.75,111.44,-1.00,-0.81,-0.19,4,2
1772043083.406642,421865,-0.04,0.12,0.00,32.81,69.37,255.50,2.44,6.75,0.50,-0.02,0.01,-0.01,3.19,84.00,111.75,0.62,-1.44,-1.31,4,2
1772043083.598813,422058,0.19,0.34,0.16,28.62,68.00,254.25,21.75,10.69,5.75,-0.03,0.02,0.08,3.00,84.56,112.00,-4.81,-9.19,1.75,4,2
1772043083.788221,422247,0.17,-0.36,0.30,29.62,65.69,251.12,-17.06,12.25,9.75,-0.01,-0.06,-0.01,2.62,85.00,112.25,1.62,1.00,-4.75,4,2
1772043083.978074,422437,-0.30,-0.02,0.06,34.19,65.19,252.37,-11.56,-8.06,0.56,0.00,0.04,-0.03,2.12,84.94,112.50,-0.62,1.31,-0.94,4,3
1772043084.170142,422629,0.00,0.01,0.02,35.31,66.06,253.12,-3.06,-6.56,-2.56,0.02,-0.05,0.07,2.12,84.75,112.56,-3.06,-2.44,0.25,3,3
1772043084.361595,422820,0.00,0.09,-0.04,35.88,67.12,253.37,1.75,-6.12,-2.31,0.02,-0.05,0.03,2.37,84.69,112.06,2.44,0.31,1.94,3,3
1772043084.553185,423012,-0.08,-0.06,-0.05,35.06,67.69,252.81,5.62,3.69,-1.56,-0.03,-0.06,0.07,2.56,84.69,111.94,-1.00,-1.12,0.31,3,3
1772043084.743645,423203,0.05,0.02,0.07,31.25,67.00,252.25,11.88,4.12,-0.19,-0.01,-0.03,0.06,2.56,84.75,111.94,0.75,0.06,-0.75,3,4
1772043084.933142,423392,0.01,-0.16,0.00,30.06,66.44,251.06,-0.25,0.44,3.25,0.00,-0.16,0.18,2.19,84.75,112.37,-1.94,4.37,-3.87,4,4
1772043085.124491,423583,0.17,-0.24,0.34,31.75,66.50,250.62,-4.19,-4.69,5.69,0.02,-0.01,0.16,1.94,85.00,112.81,2.50,1.19,0.06,4,4
1772043085.315526,423774,-0.23,-0.06,0.07,35.44,67.12,250.50,0.06,-0.31,-0.19,0.01,-0.04,0.06,2.00,85.12,112.75,-0.75,0.37,1.37,5,4
1772043085.506178,423965,0.08,0.04,0.01,34.81,67.37,251.12,-1.62,-2.94,-4.19,0.00,-0.07,0.14,2.37,84.81,112.25,0.37,0.31,1.37,6,4
1772043085.697236,424156,-0.08,0.13,-0.12,34.69,67.94,251.75,-1.44,0.00,-0.31,-0.10,-0.03,0.00,2.44,84.81,112.19,-0.81,-0.13,-0.13,7,3
1772043085.886193,424345,-0.25,0.19,-0.12,33.63,67.50,251.75,3.69,5.44,0.44,0.00,-0.05,0.07,2.37,84.69,112.37,-1.94,1.87,-1.19,6,2
1772043086.077908,424537,0.17,-0.20,0.16,30.94,66.50,250.56,5.81,-1.94,3.87,-0.03,-0.08,0.04,2.19,84.50,112.44,1.12,-1.69,-0.94,7,2
1772043086.268933,424727,0.14,-0.17,0.13,32.56,66.50,249.69,-3.56,-6.00,-0.56,-0.02,-0.04,0.03,2.06,84.44,112.44,-0.56,-1.81,-1.25,7,2
1772043086.459608,424918,-0.12,0.14,-0.11,37.06,67.50,250.50,-8.94,-4.56,-2.50,-0.05,-0.02,-0.03,1.94,84.62,112.69,0.69,-0.06,0.81,6,2
1772043086.649739,425109,-0.04,0.00,0.01,37.38,67.75,251.31,-3.87,0.62,-2.00,0.02,-0.02,0.13,2.12,84.69,112.62,1.00,-1.06,0.81,6,2
1772043086.839296,425298,-0.03,0.31,-0.19,36.00,67.62,252.06,3.69,5.12,-1.00,-0.01,-0.07,0.04,2.12,84.62,112.19,2.81,-0.81,0.25,6,2
1772043087.030816,425490,0.11,-0.32,0.23,30.75,66.69,250.62,15.63,3.12,0.62,0.00,-0.07,0.05,2.19,84.69,112.00,-0.19,-1.25,-0.62,6,2
1772043087.221645,425680,-0.09,0.13,0.01,29.94,66.31,249.69,2.00,4.25,2.56,-0.03,-0.07,0.06,1.94,84.87,112.12,0.06,0.25,-1.87,5,2
1772043087.412100,425871,-0.02,0.03,0.05,29.62,65.62,248.87,4.94,0.13,2.31,-0.06,-0.13,0.01,1.94,84.56,111.62,2.12,1.06,1.19,5,3
1772043087.601819,426061,-0.03,-0.08,0.01,28.87,65.69,247.94,4.81,-0.19,0.06,0.02,-0.03,0.11,1.87,84.44,111.69,-0.37,-0.69,-1.81,5,2
1772043087.791566,426251,0.00,-0.05,0.10,28.31,65.37,247.31,6.19,1.06,2.06,-0.04,-0.07,0.05,1.75,84.44,111.75,0.56,1.06,0.62,5,2
1772043087.983742,426442,0.07,-0.24,0.14,28.06,65.37,246.69,-3.81,-1.19,-0.62,0.00,-0.11,0.17,1.75,84.12,112.00,-4.37,-0.37,-2.31,8,3
1772043088.174768,426633,-0.42,0.25,-0.21,34.63,66.75,249.00,-24.06,-0.62,-2.87,0.02,-0.08,0.08,1.69,84.44,112.37,-1.69,-1.50,2.25,9,4
1772043088.365242,426824,0.25,0.22,0.06,34.69,66.62,251.81,-3.94,0.94,-4.62,-0.05,0.00,0.16,2.12,84.44,111.94,2.44,-2.19,2.94,9,3
1772043088.555131,427014,-0.18,-0.04,-0.06,33.69,67.19,252.12,1.62,3.06,-2.87,0.02,-0.03,0.12,2.50,84.50,111.87,-5.06,1.06,-0.88,9,3
1772043088.745211,427204,0.08,0.38,-0.05,30.06,67.00,252.50,16.44,3.31,-3.06,-0.05,-0.06,0.06,2.56,84.69,111.69,2.25,-2.37,1.56,10,4
1772043088.936357,427395,0.06,-0.12,0.02,26.44,66.87,250.44,9.88,-1.31,1.69,0.08,-0.06,0.00,2.50,84.87,111.37,2.12,0.06,-2.06,10,4
1772043089.127401,427586,0.00,0.02,0.15,26.44,66.19,249.44,-0.94,2.87,3.31,0.01,0.00,-0.05,2.00,85.31,111.87,0.69,-0.50,-2.44,9,4
1772043089.318336,427777,-0.01,-0.09,0.10,26.87,65.56,248.81,1.00,0.37,3.00,-0.01,-0.07,0.05,1.69,85.50,112.00,0.37,0.50,-1.44,8,4
1772043089.508672,427967,-0.02,-0.13,0.09,28.00,65.37,248.37,-4.00,-2.25,0.69,0.00,-0.04,0.08,1.50,85.56,112.31,-1.44,-0.31,-1.62,8,4
1772043089.699483,428158,0.02,-0.11,0.12,30.06,65.69,249.00,-8.81,-4.19,0.75,0.00,-0.01,0.06,1.37,85.56,112.56,0.00,0.00,0.44,7,4
1772043089.890369,428349,0.03,0.06,0.08,31.62,66.25,250.25,-6.31,-0.88,-4.75,-0.03,0.00,0.08,1.37,85.56,112.62,-0.75,-1.06,-0.31,5,3
1772043090.080885,428540,-0.02,-0.10,0.02,31.75,66.75,251.50,-5.19,-1.31,-3.37,0.00,-0.05,0.11,1.37,85.62,112.69,-1.12,-0.56,0.37,5,2
1772043090.271789,428730,0.00,0.02,-0.02,31.56,67.31,252.81,-3.31,-1.25,-4.62,-0.02,-0.07,0.07,1.62,85.62,112.62,-1.19,-0.69,1.12,5,2
1772043090.462004,428921,0.02,0.12,0.00,30.87,67.75,253.75,-1.19,-0.56,-0.69,0.00,-0.09,0.08,1.81,85.62,112.69,-0.44,0.56,0.62,5,2
1772043090.652570,429112,0.00,0.04,0.03,30.69,67.81,253.87,-0.25,0.37,-1.37,-0.01,-0.07,0.08,1.87,85.50,112.62,-0.25,0.81,0.88,4,2
1772043090.843626,429302,0.00,-0.10,0.05,30.31,67.87,254.06,-0.94,-0.50,-1.75,0.00,-0.05,0.08,2.12,85.31,112.56,-2.06,-0.44,1.44,4,1
1772043091.033866,429493,0.02,-0.01,0.10,29.50,68.19,254.69,-1.87,0.56,-3.81,-0.01,-0.02,0.06,2.56,85.12,112.56,-2.00,-0.56,2.06,4,2
1772043091.224619,429683,0.01,0.08,0.01,28.62,68.50,255.19,0.44,-0.56,-1.94,-0.07,-0.05,0.09,2.87,84.94,112.37,-1.06,-0.06,0.69,4,2
1772043091.415131,429874,0.02,0.05,-0.01,28.37,68.62,255.37,0.19,0.31,-0.13,0.01,-0.04,0.09,3.00,84.87,112.37,-0.37,0.06,-0.19,5,2
1772043091.605774,430065,-0.10,0.07,-0.06,28.56,68.50,255.19,1.25,1.19,0.81,0.00,-0.05,0.13,3.00,84.87,112.37,0.37,0.00,-0.50,5,2
1772043091.795943,430255,0.10,0.10,0.08,28.12,67.94,254.69,4.25,3.69,1.44,0.01,-0.03,0.14,2.94,84.87,112.37,0.81,-0.62,-0.81,5,2
1772043091.986218,430445,-0.03,0.03,0.00,28.31,67.50,254.06,0.75,1.62,1.00,-0.03,0.00,0.10,2.75,84.94,112.44,0.75,0.13,-1.06,5,2
1772043092.177341,430636,-0.04,0.11,0.03,28.62,67.25,253.75,-0.37,0.81,0.50,-0.04,0.01,0.08,2.50,85.19,112.62,1.44,-0.69,-0.94,6,2
1772043092.367633,430827,-0.01,-0.14,0.05,25.06,66.94,251.87,34.38,8.69,0.06,0.01,-0.05,0.15,2.56,85.12,112.00,0.13,0.37,1.31,7,2
1772043092.558463,431017,0.20,0.00,0.15,23.25,65.75,249.56,-4.56,-0.94,3.00,-0.01,-0.04,0.06,2.31,85.25,112.06,1.87,-1.81,-2.44,7,2
1772043092.749178,431208,-0.02,-0.55,0.26,29.62,66.00,250.62,-45.75,-4.94,3.94,0.01,-0.06,0.05,1.94,85.75,112.75,-4.25,0.06,-3.00,8,2
1772043092.939136,431398,0.09,0.65,-0.07,35.56,66.62,256.25,-14.44,-1.81,-4.62,0.00,0.02,0.06,1.62,85.94,113.44,0.50,0.06,0.25,8,1
1772043093.130163,431589,0.00,0.09,0.01,34.44,66.87,256.44,6.56,1.06,0.88,0.00,-0.10,0.05,1.69,85.81,113.37,-0.25,-0.88,0.25,7,1
1772043093.321137,431780,-0.06,0.08,0.00,32.88,66.87,255.44,9.56,0.75,-0.75,0.04,-0.10,0.06,1.81,85.81,113.19,-0.13,-0.37,0.56,7,2
1772043093.511785,431971,-0.10,-0.05,0.03,30.62,66.69,254.25,5.12,-0.50,1.25,0.01,-0.07,0.05,1.87,85.81,113.12,0.69,-0.50,-0.13,8,3
1772043093.701862,432161,0.07,0.01,0.07,30.25,66.37,253.94,-0.75,1.56,-1.19,0.04,-0.05,0.13,1.87,85.81,113.12,-0.81,-1.75,0.00,9,4
1772043093.892479,432351,-0.06,-0.02,0.06,30.06,66.50,254.12,-1.94,-2.00,-0.56,-0.03,-0.02,0.09,1.94,85.81,113.06,-0.62,0.13,-0.37,8,3
1772043094.083563,432542,0.00,-0.20,0.10,30.75,66.87,254.94,-11.81,-1.62,-2.81,0.00,-0.08,0.01,1.94,85.94,113.19,-2.25,-1.31,0.50,8,3
1772043094.274177,432733,0.05,0.34,-0.02,30.69,67.25,257.50,-5.81,2.37,-5.19,0.01,-0.04,0.08,2.12,85.87,113.12,0.50,0.31,0.50,9,5
1772043094.464670,432924,-0.05,0.18,-0.09,29.19,67.12,257.81,5.44,3.62,1.12,0.02,-0.11,0.08,2.19,85.75,113.06,0.69,1.62,-0.62,9,5
1772043094.654924,433114,0.16,-0.34,0.24,22.56,66.19,254.44,38.56,1.25,3.00,0.03,-0.06,0.06,2.31,85.62,112.75,3.06,-0.31,0.88,9,5
1772043094.845144,433304,0.03,0.00,0.17,22.69,65.31,251.69,-0.13,-0.62,4.69,0.02,-0.08,0.07,2.12,85.37,112.62,-1.25,0.44,-2.62,9,5
1772043095.036534,433496,-0.02,-0.01,-0.02,24.00,65.12,250.94,1.50,0.13,1.50,0.04,-0.07,0.15,2.00,85.06,112.56,2.62,-2.50,-0.75,10,6
1772043095.227323,433686,0.03,-0.07,0.00,24.50,64.31,251.00,-10.56,6.69,1.87,0.04,-0.12,0.11,2.00,84.81,111.75,4.69,0.19,0.06,9,6
1772043095.418347,433877,0.13,-0.15,0.38,29.12,63.63,253.75,-41.25,-2.31,-3.94,-0.05,0.01,-0.13,1.75,85.06,112.56,-2.94,0.81,-2.00,7,4
1772043095.608142,434067,0.13,0.22,-0.07,32.31,65.12,257.00,1.44,-6.56,-5.50,-0.05,-0.07,0.15,1.94,84.81,112.69,2.25,-3.25,2.56,7,4
1772043095.798063,434257,0.01,0.10,-0.07,32.00,66.25,257.12,2.75,-0.06,-2.56,0.01,-0.05,0.20,2.44,84.81,112.25,-0.19,0.13,1.25,6,4
1772043095.989566,434449,0.39,0.00,0.38,32.00,67.81,256.94,1.69,-21.62,0.25,-0.07,-0.01,-0.08,2.37,85.12,112.19,0.06,-7.06,-2.19,6,4
1772043096.180621,434640,-0.04,0.05,0.02,35.81,70.19,256.62,-1.25,-1.44,-0.25,-0.11,0.06,0.19,2.37,85.37,111.69,6.44,-0.50,3.50,5,2
1772043096.371657,434830,-0.51,-0.22,-0.07,37.56,70.69,256.31,-4.69,-5.31,2.69,-0.09,0.00,-0.02,2.56,84.81,111.19,-7.37,4.87,-4.62,5,2
1772043096.561037,435020,-0.06,0.03,-0.08,39.25,70.19,256.81,-1.75,8.75,4.81,-0.01,-0.06,0.08,2.12,85.19,112.12,-3.56,1.00,0.00,5,2
1772043096.750955,435210,0.12,0.09,-0.14,39.00,69.31,256.94,-4.00,-3.12,-3.19,-0.03,-0.01,0.16,2.31,85.00,112.31,0.94,0.00,0.69,5,3
1772043096.942960,435402,-0.20,0.00,-0.06,39.56,69.75,257.25,-0.31,0.56,0.19,-0.01,-0.02,-0.02,2.50,85.31,112.00,-2.75,-1.94,0.13,5,2
1772043097.133894,435593,0.09,0.11,0.12,37.75,69.25,257.56,2.19,-1.06,-0.19,0.00,-0.02,-0.04,2.56,85.44,111.94,-0.44,-1.75,0.69,5,2
1772043097.324867,435784,-0.03,0.08,0.03,37.13,69.12,257.81,-2.00,4.25,-2.50,0.00,-0.02,-0.01,2.62,85.56,112.12,-0.88,-0.19,0.75,5,2
1772043097.514294,435973,0.04,0.01,0.10,35.50,68.69,258.50,-0.31,2.56,-1.19,0.02,-0.02,0.10,2.62,85.50,112.19,-2.00,0.62,-1.44,5,2
1772043097.704154,436163,-0.06,0.04,-0.01,35.56,68.44,258.81,2.56,-0.19,2.06,-0.01,-0.02,0.00,2.50,85.69,112.44,0.50,-0.19,-0.06,5,2
1772043097.895843,436355,0.08,0.02,0.10,35.13,68.31,258.69,0.25,-0.75,0.56,0.03,-0.06,0.00,2.44,85.62,112.50,-1.94,1.12,-2.37,5,2
1772043098.087453,436546,-0.01,0.02,-0.05,35.88,68.31,258.56,-4.00,0.44,0.19,0.00,-0.06,0.00,2.12,85.81,113.25,-0.31,-0.13,0.37,4,2
1772043098.278083,436737,0.16,0.07,0.16,35.38,68.31,258.94,-0.06,-0.94,0.00,-0.03,-0.03,0.17,2.37,85.56,113.00,1.94,1.50,2.12,4,3
1772043098.467808,436927,-0.20,-0.03,-0.05,36.69,69.06,258.50,1.19,-4.00,1.69,-0.01,-0.07,0.11,2.50,85.37,112.56,-0.25,0.94,0.00,3,4
1772043098.656859,437116,-0.27,0.12,-0.18,37.69,69.31,258.31,5.87,0.69,1.25,0.09,-0.02,0.28,2.50,85.25,112.12,1.62,3.87,0.56,3,3
1772043098.849364,437308,0.02,-0.11,0.12,37.56,69.19,257.50,-3.00,-4.69,1.81,-0.02,-0.03,-0.03,2.62,85.06,111.62,1.50,-0.31,2.94,3,3
1772043099.040258,437500,0.01,0.03,0.02,38.06,69.44,258.75,-10.19,4.19,-6.75,0.00,0.03,0.00,3.12,84.81,111.00,3.50,1.19,2.37,3,4
1772043099.231708,437691,0.03,-0.01,0.05,37.13,69.81,260.37,-3.31,-7.31,-0.56,0.02,-0.16,0.01,3.37,84.44,110.81,-4.44,-0.13,-0.50,4,4
1772043099.421048,437880,-0.06,0.24,-0.02,39.31,70.50,261.75,-11.94,0.75,-3.19,-0.03,-0.03,0.04,3.50,84.56,111.56,-3.31,1.12,0.88,4,4
1772043099.609618,438069,0.08,0.26,0.05,37.13,70.56,263.00,4.19,4.00,-1.69,0.00,0.00,0.16,3.62,84.06,111.44,1.81,1.00,0.00,4,4
1772043099.801650,438261,0.09,-0.10,0.09,35.75,70.19,261.37,11.13,-1.06,4.56,-0.04,-0.04,0.09,3.50,84.00,111.37,2.25,1.00,-0.69,5,6
1772043099.994311,438454,0.11,-0.15,0.01,36.88,70.19,259.62,5.50,-1.69,2.50,0.00,-0.07,0.13,3.31,84.12,111.56,0.88,-1.69,-0.75,6,6
1772043100.185140,438644,-0.07,-0.12,-0.01,37.75,70.19,258.69,4.25,0.31,1.94,0.02,0.04,0.13,3.19,84.19,111.56,-1.31,0.25,-1.00,6,5
1772043100.374356,438834,0.02,-0.03,0.00,37.81,69.87,258.12,2.75,-1.25,0.50,0.01,-0.02,0.06,3.12,84.25,111.44,-0.31,-0.62,0.44,7,4
1772043100.563344,439023,-0.06,0.13,0.01,38.00,69.94,257.94,1.44,-1.19,1.12,0.01,0.00,0.05,3.12,84.31,111.50,1.56,0.06,0.00,9,6
1772043100.757512,439217,0.00,-0.04,0.03,38.00,69.69,257.25,3.37,0.62,1.19,0.02,-0.06,0.12,3.00,84.37,111.50,-0.31,-1.19,-0.50,9,6
1772043100.950771,439410,-0.01,0.00,0.04,37.88,69.56,256.94,-0.19,0.19,1.19,0.01,0.04,0.12,3.00,84.50,111.56,-0.88,-0.50,-0.25,10,5
1772043101.139591,439599,0.01,0.04,0.00,38.13,69.56,256.69,2.69,0.06,0.25,0.01,0.01,0.11,2.94,84.44,111.25,2.62,0.88,0.19,9,5
1772043101.329286,439788,-0.11,-0.01,0.08,38.69,69.56,255.87,4.12,0.62,3.56,0.00,-0.06,0.01,2.87,84.25,110.81,0.31,0.94,-0.50,9,6
1772043101.519840,439979,0.00,-0.03,0.09,38.81,69.37,255.12,1.06,-1.50,0.88,0.00,-0.08,0.10,2.75,84.12,110.81,2.12,0.75,-0.94,9,6
1772043101.713656,440173,-0.34,0.07,-0.23,39.69,69.62,254.62,5.44,1.19,0.62,-0.01,-0.05,0.14,2.62,84.12,110.25,4.44,0.62,0.25,8,5
1772043101.904747,440364,0.13,-0.04,0.16,38.63,69.12,253.62,4.12,4.87,1.37,0.03,0.01,0.02,2.56,84.25,109.94,3.37,-0.88,0.06,7,5
1772043102.094629,440554,-0.04,0.24,-0.15,36.63,68.50,252.31,18.69,-0.44,3.75,-0.05,-0.21,0.02,25.00,83.12,109.75,-15.00,26.50,-2.00,9,7
1772043102.284035,440743,-0.14,0.04,-0.18,33.63,68.00,250.50,0.06,-4.00,4.12,-0.04,-0.13,0.16,17.81,82.25,111.00,-2.50,1.31,-2.50,8,8
1772043102.476269,440936,0.14,-0.06,0.22,33.06,67.31,249.62,3.06,1.75,1.31,0.03,0.22,0.02,16.06,81.75,111.37,1.62,-0.50,-1.19,6,7
1772043102.668110,441127,-0.04,-0.22,0.12,33.75,67.06,248.81,1.56,-1.56,3.12,-0.02,-0.06,-0.01,15.44,82.00,111.44,-2.19,-3.12,-0.88,7,6
1772043102.859372,441318,0.02,-0.23,0.09,36.19,67.19,249.12,-12.31,-6.81,0.69,-0.06,-0.07,0.02,16.25,82.12,111.44,-1.81,-2.31,-0.44,7,7
1772043103.049221,441508,0.04,0.31,-0.01,38.69,68.31,251.31,-3.37,1.31,-6.06,0.00,-0.05,0.10,17.00,82.25,111.50,-0.13,0.25,0.62,8,7
1772043103.239736,441699,0.08,0.00,0.08,37.94,68.56,251.75,0.56,0.31,-1.00,0.02,-0.05,0.05,18.56,82.25,111.31,0.25,-0.94,0.69,8,6
1772043103.431202,441890,-0.01,-0.04,0.04,38.13,68.81,251.81,-0.69,-1.50,0.00,-0.01,-0.04,0.04,19.25,82.37,111.31,-1.25,-1.12,-0.56,9,6
1772043103.621370,442081,0.02,0.03,0.00,38.38,68.87,252.19,-2.75,1.19,-0.44,-0.01,-0.03,0.01,22.31,83.00,111.25,0.06,-6.44,1.19,11,8
1772043103.811884,442271,0.12,0.11,0.09,37.63,68.81,252.50,-2.44,1.00,-0.69,0.00,-0.02,0.04,2.69,83.31,111.19,-0.62,-0.62,-0.62,10,8
1772043104.002469,442462,-0.04,0.15,-0.02,37.69,68.94,252.75,-1.37,1.25,-0.44,0.03,0.00,0.07,2.56,83.44,111.31,-1.19,0.37,0.00,8,6
1772043104.192959,442652,-0.01,0.07,0.00,37.13,68.69,252.75,1.25,1.62,-0.94,0.00,-0.02,0.01,2.62,83.44,111.37,0.00,0.44,-0.13,8,5
1772043104.383851,442843,0.17,-0.07,0.20,34.31,67.94,251.87,9.06,4.00,2.06,-0.01,-0.05,0.10,2.56,83.37,111.31,0.13,-1.31,-0.13,7,5
1772043104.574458,443033,-0.05,0.00,0.05,34.25,67.81,251.25,-0.50,-0.69,-0.13,-0.09,0.04,0.00,2.56,83.50,111.37,-2.50,-0.75,-0.31,7,5
1772043104.764611,443224,0.04,0.10,0.08,33.88,67.94,251.31,0.44,-0.37,-1.69,-0.01,-0.03,0.05,2.69,83.50,111.37,1.12,0.00,0.56,7,4
1772043104.954292,443413,0.06,-0.16,0.14,34.13,68.12,251.50,-5.25,-0.13,-1.12,0.03,0.00,0.05,2.62,83.56,111.87,-5.50,-0.50,-1.56,6,4
1772043105.143633,443603,0.03,0.29,-0.04,35.38,68.44,253.06,-2.62,-3.12,-2.31,-0.04,0.07,0.09,2.87,83.62,111.37,0.37,-2.87,1.69,6,4
1772043105.336181,443795,0.02,0.09,-0.04,35.13,68.94,253.25,-0.44,-0.56,-1.25,-0.04,-0.02,0.12,3.00,84.00,111.00,0.37,-2.00,0.13,6,5
1772043105.526887,443986,0.05,0.04,0.08,34.69,69.06,253.44,-1.19,3.37,-1.87,-0.04,0.01,0.09,3.06,84.31,110.94,0.44,-0.56,0.13,4,3
1772043105.717618,444177,0.07,-0.04,-0.02,33.38,69.00,253.56,7.81,1.94,0.62,0.01,-0.18,-0.03,3.19,84.25,110.06,0.13,-1.50,0.13,4,3
1772043105.907117,444366,0.10,0.19,0.03,32.94,68.44,253.62,-6.00,4.37,-2.44,-0.05,0.08,0.04,2.94,84.50,111.00,-0.37,-0.94,-1.31,3,3
1772043106.096364,444556,-0.26,0.09,-0.03,31.25,68.19,253.06,18.75,4.62,3.25,0.01,0.01,0.31,2.87,84.31,110.87,-1.75,3.75,-0.06,3,3
1772043106.288336,444748,0.16,-0.33,0.07,28.62,67.44,251.06,3.69,2.94,1.81,-0.07,-0.04,0.02,2.87,84.19,110.50,2.37,-0.56,0.25,3,2
1772043106.479908,444939,0.08,0.02,0.06,29.06,67.44,251.19,-5.56,-1.00,-1.00,-0.03,0.00,0.13,2.81,84.19,110.69,0.19,-1.44,0.00,4,2
1772043106.670757,445130,-0.24,0.08,-0.15,33.19,68.25,252.12,-15.13,-5.62,0.75,0.00,0.10,0.08,2.81,84.37,110.81,-1.44,-1.25,0.56,3,2
1772043106.860119,445319,0.07,0.08,0.02,33.25,68.44,253.31,-1.56,1.19,-1.75,0.02,-0.04,0.12,2.94,84.44,110.81,-1.50,-0.56,-0.19,3,2
1772043107.051444,445511,-0.07,0.16,0.02,32.88,68.44,253.87,-0.62,1.00,-0.37,0.02,0.00,0.09,2.94,84.44,111.00,0.94,-0.75,-0.25,2,3
1772043107.242272,445702,0.14,0.04,0.04,30.06,67.87,253.37,17.87,8.94,-0.25,0.01,0.00,0.16,2.94,84.37,110.87,0.00,1.69,-0.25,3,2
1772043107.433291,445893,0.05,-0.06,0.06,29.06,67.00,252.19,-5.81,0.81,1.81,-0.01,0.00,0.04,2.75,84.44,111.00,-1.25,-1.37,0.13,3,2
1772043107.623830,446083,0.01,-0.10,0.14,30.00,67.25,252.94,-7.31,-0.81,-1.81,-0.02,0.02,0.04,2.94,84.50,110.87,-0.37,1.12,1.37,4,2
1772043107.813661,446273,-0.22,0.27,-0.16,33.50,67.94,254.62,-14.00,-8.13,-1.12,0.02,0.00,0.06,3.00,84.50,111.12,-2.31,-1.50,-0.69,4,2
1772043108.003276,446463,0.17,0.03,0.09,33.06,68.56,255.37,0.13,-6.56,0.69,0.06,-0.04,0.02,3.12,84.56,111.19,-3.75,0.50,0.50,4,2
1772043108.194894,446654,-0.05,0.13,-0.03,33.75,69.25,255.31,1.37,-3.75,0.50,0.00,-0.06,0.00,3.31,84.37,110.81,-1.94,-1.81,1.44,5,2
1772043108.386279,446845,0.20,0.06,0.11,34.31,69.50,255.69,-9.44,-5.50,-3.44,0.10,-0.01,-0.06,3.62,84.50,110.69,-2.25,-0.50,1.62,5,2
1772043108.577344,447036,-0.07,0.29,-0.10,35.94,70.56,256.87,-5.25,-3.06,-1.44,0.02,-0.06,-0.09,3.62,84.44,111.25,-3.00,0.00,-1.31,6,2
1772043108.766736,447226,0.11,0.20,0.02,36.25,70.50,257.19,-0.13,-1.06,-0.56,0.01,0.02,0.02,3.44,84.37,111.56,3.37,0.56,-0.19,6,2
1772043108.957734,447417,-0.09,0.00,-0.06,36.50,70.50,256.50,3.94,0.94,1.62,0.02,-0.02,0.04,3.50,84.19,111.25,-0.81,-0.19,-1.06,7,2
1772043109.148689,447608,-0.05,0.09,-0.01,35.25,70.06,255.81,5.25,3.69,1.62,-0.02,-0.02,-0.03,3.44,84.19,111.12,3.50,-0.81,-0.50,7,2
1772043109.339302,447799,0.05,-0.12,0.06,32.06,69.19,254.25,13.81,2.06,2.12,0.07,-0.01,0.11,3.37,84.06,110.87,0.00,-0.88,-0.44,7,2
1772043109.529917,447989,0.10,-0.20,0.30,32.13,68.62,252.25,0.69,-2.62,0.00,0.02,0.04,-0.03,3.31,84.25,110.94,1.31,-0.94,-1.81,6,2
1772043109.720579,448180,-0.05,0.08,-0.02,34.56,69.25,252.62,-1.25,-2.06,0.50,0.00,0.02,0.09,3.06,84.25,111.00,1.12,0.88,0.37,6,2
1772043109.910232,448369,-0.02,-0.11,0.00,35.38,69.62,252.69,-1.81,-1.56,-3.25,-0.01,0.01,0.16,3.25,84.19,110.87,-1.75,0.13,-0.13,6,2
1772043110.101310,448561,-0.12,0.00,-0.02,36.81,70.25,253.94,-10.31,-3.00,-0.50,-0.08,0.03,-0.01,3.25,84.31,111.12,-1.37,0.62,1.31,5,2
1772043110.292377,448752,0.27,0.25,-0.07,40.88,71.31,255.56,-9.25,-8.81,-9.63,-0.03,0.05,0.08,3.44,84.44,111.44,-1.50,1.87,0.25,5,2
1772043110.482722,448942,0.06,0.05,-0.11,40.69,71.87,256.37,2.87,2.12,2.06,0.02,-0.03,0.04,3.62,84.19,111.31,0.19,0.13,0.62,5,2
1772043110.673682,449133,0.00,0.02,-0.03,39.88,71.81,256.06,0.62,2.19,-0.06,0.03,-0.02,0.10,3.69,84.12,111.25,-1.25,-0.44,-0.25,4,2
1772043110.863689,449323,-0.05,0.00,-0.02,39.25,71.56,256.00,1.50,1.69,0.44,0.08,0.00,0.10,3.69,84.19,111.31,0.94,-0.69,0.31,4,2
1772043111.054367,449514,0.00,0.05,0.04,38.44,71.37,255.94,0.31,0.81,-1.62,-0.02,0.01,0.04,3.75,84.31,111.31,-0.31,-0.44,0.19,4,3
1772043111.245379,449705,0.00,0.02,0.00,37.75,71.19,255.87,2.25,1.00,0.56,0.00,-0.02,0.04,3.69,84.37,111.25,0.56,-0.50,-0.37,4,2
1772043111.436175,449896,-0.25,0.39,-0.17,36.50,70.81,255.44,7.94,6.12,-0.19,-0.01,-0.04,0.03,3.69,84.31,111.06,2.50,2.50,0.06,4,2
1772043111.626232,450086,0.09,-0.28,0.24,31.62,69.44,253.31,9.75,1.00,3.87,0.08,-0.07,0.06,3.56,84.19,110.56,3.12,0.25,-1.94,4,2
1772043111.816375,450276,0.11,-0.18,0.19,34.06,69.25,252.44,-7.06,-8.56,2.00,-0.01,0.07,-0.01,3.25,84.31,110.81,-1.00,-0.81,-1.75,5,2
1772043112.007843,450467,0.01,0.00,0.00,36.88,69.81,252.87,0.25,-0.19,-1.25,-0.02,-0.03,0.14,3.25,84.25,110.81,-0.75,-0.56,0.69,5,2
1772043112.198421,450658,0.13,0.03,0.03,37.25,70.25,253.37,-3.50,-2.81,-1.75,0.00,0.04,0.01,3.25,84.31,111.06,-1.00,0.00,-0.81,5,2
1772043112.389244,450849,-0.03,0.03,-0.10,38.38,70.50,253.62,-1.12,-2.31,3.00,0.05,-0.02,0.00,3.00,84.31,111.00,4.12,-0.19,-1.12,6,2
1772043112.579347,451039,0.04,0.06,0.02,38.94,70.50,253.31,1.50,-0.62,1.69,-0.02,-0.02,0.04,2.75,84.37,110.62,1.25,0.88,-0.31,6,2
1772043112.770428,451230,-0.01,-0.04,-0.02,39.56,70.44,252.94,-0.94,0.56,-1.06,0.01,-0.03,0.09,2.81,84.31,110.50,-0.06,0.19,0.75,6,2
1772043112.960304,451420,0.01,0.23,-0.05,39.56,70.50,253.06,0.56,0.81,5.81,-0.04,-0.06,0.00,2.56,84.31,110.50,1.81,-0.13,-2.81,7,2
1772043113.151434,451611,0.01,-0.15,0.03,40.63,69.94,251.87,-0.19,1.69,-0.94,0.00,-0.04,0.07,2.31,84.56,110.37,-0.44,-0.31,0.13,8,2
1772043113.342210,451801,0.00,0.04,-0.02,40.31,70.06,252.25,-3.56,-1.25,-3.56,0.00,-0.01,0.00,2.44,84.69,110.56,-0.75,-1.50,-0.13,7,2
1772043113.532522,451992,0.01,-0.17,-0.02,40.31,70.25,252.62,1.56,-0.19,0.75,0.00,-0.07,0.05,2.44,84.69,110.56,1.50,0.31,0.25,7,2
1772043113.722198,452182,-0.18,0.17,-0.14,39.19,70.12,252.56,5.50,6.81,-0.69,0.00,-0.05,0.07,2.56,84.62,110.19,2.06,1.75,0.56,7,2
1772043113.912655,452372,0.05,-0.22,0.25,35.06,68.87,251.25,9.31,0.88,1.00,0.06,-0.10,0.13,2.62,84.50,110.06,-0.13,0.13,0.37,6,2
1772043114.104481,452564,-0.13,0.16,-0.02,35.38,69.44,251.62,-5.06,-0.56,-3.87,-0.05,-0.03,0.04,2.62,84.56,110.12,0.13,2.50,-0.06,6,2
1772043114.295226,452755,0.16,-0.45,0.11,38.25,69.81,252.69,-21.31,-6.44,2.56,0.04,-0.12,0.11,2.56,84.56,110.62,-5.31,-0.75,0.19,5,2
1772043114.485854,452945,0.02,0.71,-0.15,42.88,70.69,256.19,-0.13,2.94,-5.31,-0.01,0.05,0.18,2.75,84.81,111.94,-7.44,-1.12,3.06,5,2
1772043114.675486,453135,0.11,-0.15,0.12,42.00,70.37,255.44,1.19,1.69,0.69,-0.02,-0.07,0.09,3.00,84.56,112.06,-1.12,-0.37,-1.56,5,2
1772043114.866079,453325,-0.09,0.01,0.00,42.81,70.81,255.87,-3.69,-0.75,-1.19,-0.08,0.00,0.23,2.87,84.69,112.31,-0.88,0.19,0.13,5,2
1772043115.057678,453517,0.01,0.02,0.02,42.81,71.06,256.50,-2.44,-0.25,-2.06,-0.01,-0.02,0.09,3.00,84.56,112.37,-0.31,0.56,1.12,5,2
1772043115.248573,453708,-0.08,0.04,-0.10,43.00,71.37,256.81,0.62,-0.75,-0.88,-0.01,-0.12,0.15,3.19,84.44,112.25,-0.62,0.25,0.75,5,2
1772043115.439383,453899,-0.05,-0.05,-0.03,43.44,71.44,256.19,7.50,-7.12,5.25,0.02,-0.13,0.06,3.44,84.37,112.25,-1.37,-0.44,-0.31,5,3
1772043115.628936,454088,-0.12,0.11,-0.10,44.38,71.44,255.62,-1.69,2.31,-2.31,0.02,-0.11,0.06,3.37,84.44,112.19,0.88,-2.12,0.44,5,3
1772043115.819119,454279,-0.01,0.05,0.05,42.00,71.19,255.75,3.00,1.81,-0.62,0.00,-0.06,0.05,3.44,84.44,111.87,1.06,1.00,-0.50,5,3
1772043116.010369,454470,0.06,0.36,-0.07,37.06,70.50,254.69,27.87,16.06,2.56,-0.01,-0.11,0.25,3.37,84.12,111.69,2.56,0.75,0.31,6,3
1772043116.201509,454661,0.04,-0.49,0.26,33.75,68.75,251.06,1.94,-0.81,1.50,-0.03,0.00,0.02,3.31,84.12,111.37,1.25,0.25,-1.19,5,3
1772043116.392483,454852,-0.04,0.02,0.14,37.13,69.06,251.87,-18.06,-5.56,1.94,0.00,0.05,0.09,3.12,84.25,111.62,-2.81,-1.44,-1.25,5,3
1772043116.582089,455042,-0.01,0.05,0.00,40.25,69.75,253.31,-1.37,-1.25,-4.50,0.01,-0.03,0.08,3.19,84.25,111.56,0.00,0.37,1.44,5,3
1772043116.772701,455232,-0.11,-0.64,0.17,39.31,70.44,254.81,-12.06,-0.25,-13.81,-0.01,0.06,0.08,3.19,84.19,111.94,-3.44,-0.31,-1.12,5,3
1772043116.964226,455424,0.04,0.42,-0.13,37.31,72.00,258.87,-1.81,-3.25,-2.62,0.02,-0.06,0.03,3.62,84.06,112.31,-2.75,0.00,1.94,5,3
1772043117.155201,455615,0.04,0.07,0.01,37.19,72.37,258.94,1.50,-1.81,1.87,-0.01,-0.07,0.06,3.62,84.06,112.25,0.25,-0.56,-1.12,5,3
1772043117.345944,455806,-0.02,-0.10,-0.05,38.63,72.25,258.31,0.62,0.44,1.50,0.00,0.00,0.04,3.50,84.25,112.50,-0.88,-0.56,-1.31,5,2
1772043117.535136,455995,0.02,-0.01,0.01,38.81,71.87,258.25,0.88,1.44,1.69,0.00,0.00,0.07,3.31,84.50,112.87,0.44,-0.88,-0.13,5,1
1772043117.726114,456186,-0.02,-0.07,0.05,38.88,71.69,257.81,0.44,0.56,0.44,-0.01,-0.05,0.03,3.31,84.50,112.87,-1.00,-0.56,0.50,4,1
1772043117.917631,456377,0.00,-0.02,-0.01,38.50,71.75,258.12,-1.31,0.37,-1.37,-0.01,-0.02,0.03,3.37,84.56,113.00,-0.44,-0.50,0.69,7,3
1772043118.108760,456569,-0.06,0.11,-0.08,37.81,71.62,258.25,1.50,2.12,0.69,0.06,-0.04,0.00,3.37,84.56,112.94,1.50,1.06,-0.50,7,3
1772043118.299537,456759,0.21,-0.27,0.38,34.63,70.44,256.81,14.69,1.62,4.25,0.04,-0.12,-0.04,3.37,84.56,112.69,2.19,0.25,-0.06,8,3
1772043118.488822,456949,0.00,0.04,0.11,35.56,70.25,256.06,-3.81,-2.81,-0.19,0.00,0.05,-0.02,3.37,84.50,112.69,-0.19,-1.00,0.13,8,2
1772043118.678587,457138,0.02,-0.11,0.05,36.44,70.69,256.12,1.75,-3.81,-1.12,0.00,-0.03,0.05,3.69,84.12,112.19,0.69,0.37,1.00,8,2
1772043118.870743,457330,0.02,0.03,-0.06,36.88,71.31,256.37,-0.44,-2.75,-0.19,0.01,-0.04,0.05,3.81,84.00,112.00,0.06,-0.56,0.19,7,3
1772043119.061717,457521,0.02,-0.08,0.05,37.25,71.44,256.31,0.31,1.06,0.13,-0.04,0.03,0.01,3.94,83.81,111.81,0.06,2.69,2.62,7,3
1772043119.253325,457713,-0.12,0.20,-0.20,37.19,71.75,256.56,-6.19,0.37,-2.00,0.09,0.03,0.00,3.75,84.06,112.19,-1.69,-1.69,-5.81,7,3
1772043119.442625,457902,0.03,-0.25,0.10,38.19,70.87,256.37,3.75,-2.44,4.87,0.01,0.00,0.06,3.87,83.94,111.81,1.50,1.37,4.12,7,4
1772043119.632228,458092,-0.11,-0.02,0.01,38.75,71.75,256.31,-4.19,-1.81,-6.87,0.04,-0.01,0.14,4.25,83.62,111.75,-1.06,1.94,0.44,7,4
1772043119.824512,458284,-0.06,0.23,-0.12,37.38,72.37,257.75,-0.50,-3.69,-1.19,0.01,-0.14,0.00,4.31,83.62,111.62,-0.81,-2.50,-0.50,4,3
1772043120.015800,458476,0.13,0.05,0.08,35.50,72.56,258.19,-1.00,1.87,-0.13,0.01,0.00,-0.04,4.25,83.81,111.75,-0.19,0.13,0.13,4,3
1772043120.207940,458667,-0.10,0.05,-0.06,35.25,72.44,258.06,-0.19,1.62,0.75,0.01,-0.01,0.00,4.25,83.81,111.75,0.06,-0.06,-0.81,4,3
1772043120.396957,458857,-0.40,0.39,-0.58,32.31,71.37,257.31,15.69,16.06,6.25,0.04,-0.07,0.34,4.19,83.69,111.62,3.12,4.25,0.88,5,3
1772043120.586707,459046,-0.11,-0.99,0.71,29.44,68.06,254.62,-25.00,1.94,6.87,-0.06,0.06,-0.01,4.12,83.75,111.62,-0.81,0.56,-2.37,4,4
1772043120.778984,459239,-0.13,-0.25,0.33,32.44,68.44,256.19,4.25,-6.87,-3.44,0.01,0.00,-0.04,4.25,83.81,111.50,0.13,0.56,1.31,4,3
1772043120.971155,459430,0.04,-0.25,0.19,34.31,69.56,256.81,-11.63,-16.44,-3.44,0.00,-0.10,-0.10,4.44,83.62,111.44,-3.94,-2.37,-0.19,5,3
1772043121.162344,459622,0.11,0.25,-0.16,36.56,71.50,259.06,-2.06,0.25,-7.75,-0.06,0.00,0.11,4.56,83.44,112.00,0.44,0.81,0.13,6,3
1772043121.351958,459811,0.02,-0.01,0.06,32.81,72.19,259.81,-1.12,1.12,-1.81,-0.08,0.03,0.08,4.75,83.37,112.19,-2.00,-0.19,-0.75,6,3
1772043121.541043,460001,0.18,0.14,0.20,32.69,72.12,260.19,-1.62,-1.50,0.56,0.00,-0.10,0.04,4.56,83.37,112.44,1.94,2.12,-2.31,7,3
1772043121.734125,460194,-0.13,-0.14,0.01,34.75,72.44,259.75,2.94,-3.31,1.37,0.00,0.05,0.05,4.37,83.37,112.25,0.25,0.50,-0.31,8,2
1772043121.926594,460386,-0.02,0.00,0.01,35.50,72.50,259.62,-1.12,-1.37,0.25,0.02,0.11,0.03,4.31,83.37,112.31,0.56,-0.19,-0.56,7,2
1772043122.117688,460578,-0.04,-0.05,0.01,36.00,72.37,259.25,1.75,0.19,1.62,0.00,0.04,0.10,4.31,83.37,112.19,0.37,0.06,-0.50,6,2
1772043122.308533,460768,-0.06,0.00,0.01,36.00,72.12,258.75,1.69,2.12,-0.88,0.00,0.02,0.10,4.37,83.44,112.12,0.94,-0.06,0.50,5,2
1772043122.499511,460959,-0.02,-0.07,0.06,35.00,71.81,258.56,2.25,1.25,0.69,-0.01,0.00,0.00,4.37,83.50,112.06,-0.62,-0.88,-0.25,6,2
1772043122.690355,461150,-0.06,0.15,-0.04,33.25,71.31,258.00,10.00,5.50,0.13,0.00,-0.03,0.04,4.37,83.37,112.06,-0.62,1.50,0.25,6,2
1772043122.880759,461341,0.09,-0.26,0.25,30.50,70.00,256.00,6.06,1.25,4.00,-0.01,-0.04,0.01,4.37,83.37,112.12,-0.06,0.06,-1.50,6,2
1772043123.071608,461531,-0.03,-0.03,0.05,31.50,69.69,255.62,-2.00,-0.44,-0.75,0.04,0.04,0.09,4.06,83.56,112.56,0.31,0.19,-0.88,6,2
1772043123.261074,461721,0.10,-0.16,0.24,32.44,69.81,255.87,-5.50,-5.19,0.94,0.00,0.00,-0.04,4.06,83.62,112.62,-1.94,-0.44,-0.44,6,2
1772043123.450267,461910,-0.06,0.19,-0.01,34.81,70.44,256.87,-5.56,-1.19,-1.25,0.00,0.00,0.08,4.00,83.56,112.81,-2.12,-1.06,0.94,6,2
1772043123.642478,462102,0.13,-0.01,0.03,35.13,70.62,257.19,-1.25,-0.31,-1.62,-0.01,-0.04,0.11,4.12,83.50,112.81,1.75,-1.62,0.94,5,2
1772043123.833731,462293,0.00,-0.07,0.01,35.56,71.19,257.44,-1.81,-0.13,-0.13,-0.04,-0.04,0.01,4.25,83.62,112.75,-0.25,-0.75,0.69,5,2
1772043124.024057,462484,-0.09,0.28,-0.08,35.13,71.37,257.75,4.94,2.25,1.56,-0.03,-0.04,0.12,4.37,83.50,112.62,0.62,0.62,1.75,5,2
1772043124.214939,462675,0.01,-0.01,0.05,34.88,71.06,256.94,-1.62,-1.62,-0.75,0.00,-0.05,0.03,4.44,83.56,112.50,-0.37,0.00,0.06,5,2
1772043124.405536,462865,-0.02,0.03,0.00,34.88,71.37,257.19,0.94,1.56,-0.75,0.00,-0.09,0.05,4.44,83.56,112.50,0.06,-0.75,-0.56,4,2
1772043124.596152,463056,0.04,0.03,0.02,33.94,70.81,256.94,2.94,2.87,3.19,0.02,-0.10,0.09,4.31,83.69,112.50,0.62,-1.87,-0.69,4,2
1772043124.786411,463247,0.18,0.07,0.10,32.63,69.87,256.12,7.19,8.69,4.56,0.05,-0.13,0.12,4.00,83.81,112.62,0.62,0.88,-2.75,4,2
1772043124.977183,463437,0.11,-0.04,0.20,32.63,68.94,254.81,2.87,-0.62,4.25,0.00,-0.03,0.00,3.50,84.06,112.81,0.31,1.75,-2.00,4,2
1772043125.166617,463626,-0.03,-0.08,0.08,35.56,69.00,254.44,-10.19,-4.44,1.37,0.01,0.00,0.03,3.25,84.25,113.31,1.31,0.37,-0.88,4,4
1772043125.356300,463816,-0.01,-0.15,0.06,37.19,69.44,254.94,-0.62,-3.87,-0.94,-0.03,-0.04,0.10,3.37,84.12,113.19,0.00,-1.19,1.19,3,4
1772043125.548868,464009,0.02,0.07,0.00,37.69,70.25,255.62,-2.25,-2.31,-3.19,-0.01,-0.05,0.08,3.69,84.00,112.81,-0.56,-0.56,2.50,4,4
1772043125.739656,464199,0.02,0.03,-0.03,37.69,70.94,256.06,-0.62,-1.94,-1.69,0.00,-0.11,0.08,4.06,83.81,112.44,-0.44,-0.25,1.62,4,4
1772043125.930171,464390,-0.05,0.04,-0.05,37.56,71.81,256.25,5.25,-2.50,-2.81,0.05,0.00,0.07,4.19,83.75,112.31,0.69,-0.44,0.25,5,5
1772043126.120936,464581,-0.02,-0.02,0.06,37.25,71.62,256.12,-0.13,-1.94,-0.62,0.02,-0.03,0.04,4.19,83.69,112.19,0.56,0.88,-0.50,6,5
1772043126.310098,464770,-0.06,0.18,-0.07,36.50,71.56,256.31,2.69,3.75,0.44,0.02,-0.05,0.19,4.12,83.69,112.25,1.37,1.19,0.25,5,5
1772043126.502041,464962,-0.14,0.08,-0.14,35.56,70.94,255.62,2.81,3.19,0.75,-0.03,-0.07,0.14,4.06,83.75,112.19,-0.69,0.37,-1.37,5,5
1772043126.692576,465152,-0.09,0.16,-0.12,32.81,69.69,254.94,3.00,8.50,2.69,-0.09,-0.17,0.23,3.81,84.00,112.56,-0.44,1.31,-1.62,4,5
1772043126.883127,465343,0.09,-0.11,0.42,30.94,67.94,253.87,0.37,1.00,2.50,-0.04,-0.03,-0.15,3.37,84.25,112.81,2.56,0.06,-2.25,5,5
1772043127.074134,465534,-0.10,-0.12,0.19,32.94,67.94,253.94,-12.38,-8.25,-0.19,-0.02,0.01,-0.07,3.12,84.50,113.06,0.81,0.69,-0.13,6,3
1772043127.263214,465723,0.07,0.00,0.00,35.63,69.00,255.06,-2.56,-9.31,-1.50,-0.01,0.00,0.12,3.31,84.25,112.94,0.06,1.00,2.37,6,3
1772043127.455394,465915,0.27,-0.02,0.10,38.13,70.62,255.56,-3.31,-10.44,-3.19,-0.02,-0.10,0.12,3.81,83.75,112.37,-1.00,-2.94,1.19,6,3
1772043127.646147,466106,-0.18,0.17,-0.25,43.06,73.06,256.56,-3.94,-5.94,-3.12,-0.04,-0.10,0.02,4.12,83.62,112.19,-1.44,-0.50,1.37,7,4
1772043127.836155,466296,0.05,0.14,0.00,42.63,73.50,257.06,1.37,2.69,-1.12,0.00,-0.10,0.11,4.31,83.56,112.06,1.19,0.88,0.88,6,2
1772043128.026607,466487,-0.03,0.04,-0.06,42.00,73.37,256.69,2.94,0.31,2.37,0.01,-0.11,0.02,4.37,83.37,111.75,0.50,-0.37,-0.19,5,2
1772043128.215994,466676,0.08,0.11,-0.01,40.75,72.81,256.12,3.69,5.87,1.69,0.01,0.07,0.05,4.31,83.37,111.62,2.06,-0.06,-0.56,6,2
1772043128.407954,466868,0.00,0.10,-0.03,37.75,71.50,254.62,14.75,7.44,4.25,0.00,-0.06,0.06,4.19,83.37,110.62,9.56,-1.94,-0.81,5,3
1772043128.598735,467059,-0.25,0.06,0.11,35.38,70.19,251.37,22.81,7.94,5.87,-0.02,0.04,-0.03,3.56,83.94,110.00,0.94,-1.19,-3.87,6,2
1772043128.789222,467249,0.06,-0.12,0.22,33.31,68.06,248.06,5.37,0.31,5.69,0.01,-0.05,-0.13,3.25,84.06,110.25,1.19,0.69,-0.81,5,2
1772043128.979739,467439,-0.05,-0.76,0.31,34.44,67.87,247.81,-18.81,-1.19,-2.50,0.29,0.03,-0.05,3.19,84.06,110.62,0.81,-3.06,-1.69,8,4
1772043129.169192,467629,0.16,0.43,-0.03,38.56,67.81,252.37,-10.19,-0.31,-0.88,0.03,0.05,0.17,3.31,84.00,110.75,-3.00,-1.31,2.06,7,5
1772043129.361132,467821,0.06,-0.06,-0.03,37.94,68.87,252.56,3.37,-2.25,-3.37,-0.02,-0.10,0.07,3.75,83.81,110.50,-0.31,0.69,1.69,8,4
1772043129.552037,468012,-0.13,0.21,-0.07,38.81,69.62,254.37,-21.50,4.25,-7.25,0.02,-0.02,0.01,3.94,83.94,110.81,-6.00,-2.06,0.19,7,4
1772043129.742587,468202,-0.05,0.06,0.01,36.75,70.00,257.25,-1.87,-2.06,-3.81,-0.04,-0.11,0.07,4.25,83.81,111.56,-5.81,0.56,1.94,8,4
1772043129.932335,468392,0.13,0.42,0.00,35.06,70.69,259.25,-8.31,0.75,-7.25,0.03,0.08,0.10,4.37,83.81,112.12,-1.37,1.75,0.25,8,5
1772043130.121994,468582,-0.27,0.05,-0.14,33.00,70.69,259.25,10.19,7.50,2.37,-0.01,0.05,0.05,4.25,83.69,111.94,5.06,3.37,-0.31,7,4
1772043130.313741,468774,0.16,-0.10,0.11,29.81,69.19,256.69,20.87,-2.44,4.12,0.00,-0.08,0.06,4.25,83.37,111.19,2.25,0.37,0.31,7,4
1772043130.504907,468965,-0.09,-0.12,0.02,28.50,69.12,254.19,8.25,0.06,-0.25,-0.04,-0.06,0.06,41.00,83.06,110.56,-1.56,-0.81,-0.13,8,4
1772043130.694692,469155,0.12,0.03,0.05,28.06,68.87,253.62,0.88,2.19,1.19,0.05,0.09,0.08,40.19,82.56,110.06,12.88,13.19,8.88,9,5
1772043130.884704,469345,0.02,-0.07,0.29,26.75,69.12,253.50,5.19,-2.81,-1.50,0.00,-0.32,0.00,41.69,81.06,107.00,0.00,-0.69,-0.37,5,3
1772043131.074238,469534,0.34,-0.10,0.11,29.50,70.00,254.00,-18.50,-7.62,0.75,0.00,0.05,0.38,39.56,81.06,107.81,-1.62,-0.81,-2.12,6,2
1772043131.266975,469727,-0.19,0.48,-0.36,42.88,71.00,255.75,-16.44,-0.56,3.25,-0.07,0.02,0.08,37.75,82.00,109.75,-4.56,0.37,-2.69,5,3
1772043131.457529,469918,0.00,0.01,-0.07,41.13,71.00,256.12,6.44,5.81,-2.19,0.04,-0.05,0.05,37.63,82.06,110.00,3.19,2.37,2.19,6,4
1772043131.648743,470108,-0.02,-0.04,0.04,38.19,70.87,255.87,2.50,-0.06,-1.56,0.01,-0.04,-0.02,39.56,81.87,109.37,-0.88,-1.25,-0.88,6,3
1772043131.838908,470299,0.03,0.02,0.02,38.00,70.87,255.81,0.75,0.00,0.81,-0.02,-0.05,0.03,39.25,82.00,109.56,-0.62,-0.94,-0.69,6,3
1772043132.028854,470489,-0.19,0.31,-0.22,36.25,70.69,255.37,12.63,7.50,-2.25,0.00,0.01,0.07,39.25,82.00,109.56,0.56,0.25,-0.31,6,3
1772043132.219962,470680,0.31,-0.30,0.25,30.06,69.25,253.00,13.00,4.50,4.94,0.09,-0.12,0.04,38.44,82.06,109.50,0.37,-1.56,-1.62,6,3
1772043132.410974,470871,-0.05,-0.10,0.05,30.75,68.69,251.75,-2.37,4.69,-2.31,-0.01,0.10,0.00,37.31,82.37,109.81,0.94,0.44,-1.00,5,3
1772043132.601567,471062,0.14,-0.31,0.20,30.50,68.25,251.87,-1.31,-3.12,0.75,0.29,0.05,0.15,37.56,82.81,110.19,1.31,-1.62,-0.88,4,3
1772043132.791267,471251,0.11,-0.12,0.01,33.31,68.75,252.75,-12.19,-6.00,0.50,0.03,-0.14,0.22,35.38,82.87,110.94,-4.25,-1.69,-3.50,5,3
1772043132.980452,471441,-0.06,0.41,-0.10,37.13,69.94,254.87,-7.12,0.88,2.37,0.00,0.02,0.00,3.75,83.19,111.19,0.50,1.37,2.50,5,3
1772043133.172788,471633,0.04,-0.14,0.00,36.94,69.69,254.31,2.62,-0.50,-3.12,-0.05,0.03,0.02,4.12,83.19,110.94,0.06,-3.25,1.31,5,2
1772043133.363731,471824,-0.01,0.13,-0.05,36.00,70.12,254.81,3.12,0.13,1.37,0.00,-0.10,0.13,37.38,82.81,110.50,0.81,0.50,1.31,5,2
1772043133.554677,472015,0.00,0.02,-0.01,36.19,70.12,254.44,0.44,0.62,-0.37,0.00,0.01,0.05,37.81,82.87,110.44,-0.75,0.56,0.81,5,2
1772043133.744445,472204,-0.08,0.17,-0.10,35.69,70.12,254.50,0.81,2.37,-0.81,-0.03,0.05,0.07,38.13,82.81,110.50,-0.44,-0.44,-0.69,7,3
1772043133.933672,472394,0.19,-0.07,0.13,32.50,69.06,253.44,12.75,5.81,2.81,0.00,-0.13,0.06,37.25,82.75,110.44,-0.69,-1.56,-0.56,8,4
1772043134.125529,472586,0.02,0.00,0.10,31.56,68.62,252.44,-0.75,2.37,0.31,0.05,0.02,0.06,37.38,82.81,110.50,0.88,1.00,0.19,7,3
1772043134.317200,472777,-0.08,-0.04,-0.01,31.69,68.37,252.25,-1.25,0.94,0.62,-0.03,0.00,0.08,37.44,82.81,110.69,-0.69,0.00,0.44,8,3
1772043134.508357,472969,0.00,0.09,0.03,31.25,68.31,252.50,-1.75,2.00,-1.12,0.01,-0.01,0.08,37.88,82.75,110.75,0.25,1.44,0.75,7,3
1772043134.698264,473158,0.02,-0.12,0.14,31.19,68.37,252.50,-2.37,-0.94,0.25,-0.06,0.07,0.07,37.75,82.75,111.00,-3.75,-0.69,-1.37,7,3
1772043134.887718,473348,-0.08,0.29,0.00,33.69,68.87,253.44,-4.19,-1.50,-0.94,-0.01,0.05,0.10,37.44,82.87,111.19,-0.81,0.81,-0.13,7,3
1772043135.079642,473540,0.00,-0.02,-0.02,34.44,69.19,253.31,0.56,-2.94,0.06,-0.01,-0.02,0.10,37.06,82.81,111.06,0.50,-0.31,-0.25,6,3
1772043135.271484,473731,-0.07,-0.03,-0.01,35.13,69.50,253.37,-1.12,0.00,-1.44,0.00,0.00,0.06,37.50,82.87,111.19,-1.25,-0.88,0.31,6,3
1772043135.463225,473923,-0.01,0.06,0.00,34.50,69.56,253.81,0.75,2.50,-0.94,0.00,-0.01,0.04,37.75,82.94,111.19,0.37,-0.06,0.25,5,3
1772043135.654651,474115,-0.03,0.09,-0.10,32.31,68.81,253.56,9.81,10.50,-0.13,-0.02,-0.03,0.14,37.50,82.94,111.19,1.50,1.25,0.19,4,2
1772043135.846940,474307,0.00,-0.08,0.14,30.25,67.81,252.56,2.75,0.69,1.44,-0.02,0.00,0.03,37.13,83.00,111.12,0.19,-0.25,-0.56,3,2
1772043136.037500,474498,0.00,-0.03,0.07,30.31,67.69,252.31,0.69,0.00,0.44,0.00,0.01,0.09,36.81,83.00,111.19,0.13,0.19,0.31,4,2
1772043136.229659,474690,0.08,-0.02,0.08,30.87,67.87,252.37,-1.94,-2.94,0.13,0.00,0.02,0.09,36.75,83.00,111.19,0.19,0.25,-0.19,5,3
1772043136.421370,474881,-0.13,0.16,-0.06,33.75,68.62,252.94,-8.44,-3.19,-0.88,-0.01,-0.10,0.04,36.81,83.06,111.31,0.00,-1.31,0.19,5,4
1772043136.612195,475072,0.11,0.01,0.08,33.56,68.94,253.56,-1.50,-1.37,0.37,-0.01,0.02,0.10,37.63,83.06,111.31,0.62,-0.06,-0.06,5,3
1772043136.802448,475263,-0.01,0.00,0.03,34.50,69.25,253.56,-2.50,-0.06,1.44,0.00,0.00,0.12,4.06,83.12,111.56,-0.06,-0.06,0.94,5,3
1772043136.991734,475452,0.02,-0.04,0.06,35.13,69.69,254.00,-4.06,-3.25,-3.00,0.00,0.00,0.03,4.19,83.19,111.44,-1.25,-1.81,0.00,5,3
1772043137.183177,475643,0.02,0.18,-0.04,35.56,69.87,254.75,-6.31,-0.94,-0.19,-0.01,0.03,0.14,37.44,83.06,111.94,-0.50,0.25,-0.25,6,3
1772043137.373843,475834,-0.11,0.20,-0.15,35.31,70.00,254.75,3.12,2.87,-0.13,-0.01,0.00,0.07,37.19,83.06,111.75,0.62,0.44,-0.13,7,3
1772043137.564479,476025,0.08,-0.20,0.15,32.56,68.81,253.62,6.81,4.62,1.62,0.01,-0.04,0.08,36.94,82.94,111.62,1.00,-1.06,-0.25,7,3
1772043137.754743,476215,0.01,0.06,0.08,31.75,68.44,253.19,1.69,2.12,0.25,0.00,0.02,0.05,37.25,83.00,111.56,0.75,0.19,-0.19,7,3
1772043137.944120,476405,0.02,0.04,0.10,31.25,68.12,252.44,8.94,-1.12,1.94,0.06,0.05,0.11,36.50,82.94,111.37,1.69,1.25,0.06,8,3
1772043138.135741,476596,0.03,0.05,0.03,31.06,68.06,251.12,6.62,-0.81,0.31,0.01,-0.03,0.12,35.50,82.75,111.25,0.94,3.44,-0.19,8,2
1772043138.326708,476787,-0.02,-0.19,0.01,26.37,69.50,249.12,23.37,-5.75,-0.75,0.00,0.00,0.11,34.25,82.50,110.94,1.31,-0.75,1.37,8,1
1772043138.517695,476978,-0.05,-0.31,0.10,27.81,69.06,247.69,-11.44,3.31,-0.06,-0.03,-0.04,0.07,36.06,82.50,110.81,-1.31,-0.50,0.06,8,2
1772043138.707007,477167,0.02,0.34,0.02,30.81,68.87,250.94,-20.87,0.00,-1.81,-0.08,0.07,0.14,35.94,82.31,111.12,-5.56,-2.44,0.00,8,2
1772043138.897786,477358,0.09,0.18,0.01,31.37,69.37,253.00,-2.50,-0.13,-1.87,-0.03,-0.02,0.08,37.81,82.56,111.06,-0.25,0.56,0.00,7,2
1772043139.088884,477549,0.01,0.12,-0.04,31.75,69.69,253.12,0.13,-2.06,0.75,0.00,-0.05,0.09,37.81,82.56,111.12,-0.25,-0.44,0.25,7,1
1772043139.280221,477740,0.01,0.04,-0.02,31.81,69.81,253.00,0.06,1.00,-0.13,-0.03,-0.02,0.05,38.13,82.62,111.12,-0.44,-0.25,-0.37,7,1
1772043139.470197,477931,-0.08,0.15,-0.08,30.56,69.25,253.00,4.00,6.12,0.62,0.00,0.00,0.13,38.19,82.62,111.12,1.37,0.37,0.13,7,1
1772043139.659911,478120,0.00,-0.12,0.15,28.31,68.25,252.12,2.81,1.75,2.06,-0.01,0.00,0.06,38.44,82.75,111.00,-0.69,-2.31,-0.56,7,2
1772043139.850613,478311,0.06,-0.07,0.12,28.50,68.12,252.06,-1.62,-1.06,0.69,0.00,0.03,0.04,38.19,82.94,111.25,0.25,0.62,-0.13,6,1
1772043140.042067,478502,-0.01,-0.08,0.02,29.44,68.56,252.31,-1.25,-3.56,-0.94,0.00,0.00,0.04,38.81,82.87,111.19,-0.94,0.25,1.31,6,2
1772043140.232828,478693,0.06,0.03,0.06,29.69,69.19,252.94,-4.00,-3.94,-1.31,-0.01,-0.05,0.08,39.69,82.75,111.12,-0.31,0.31,0.25,8,3
1772043140.423634,478883,-0.13,0.15,-0.13,31.81,69.87,253.56,-2.06,-0.81,-0.94,-0.02,-0.07,0.07,39.50,82.69,111.19,-0.62,-1.06,0.75,8,3
1772043140.612825,479073,0.08,0.01,0.03,31.56,69.94,253.69,-2.00,-0.13,0.19,0.02,-0.02,0.12,40.25,82.75,111.19,-0.56,-1.56,-0.75,8,3
1772043140.804112,479264,-0.01,-0.01,0.01,31.87,69.94,253.75,1.31,0.50,1.00,0.00,-0.09,0.10,40.13,82.81,111.19,-0.94,-0.50,-0.06,8,3
1772043140.995155,479455,-0.01,0.20,-0.05,31.31,69.75,254.06,-0.88,2.69,-1.37,0.00,0.02,0.08,40.63,82.87,111.31,0.37,0.31,-0.37,7,3
1772043141.185571,479646,0.07,-0.05,0.06,29.69,68.94,253.56,5.31,2.94,1.19,0.01,-0.01,0.10,40.00,82.87,111.25,1.25,0.62,-0.94,6,4
1772043141.376068,479837,0.05,-0.01,0.15,29.50,68.62,253.25,-1.69,0.31,0.37,0.00,0.03,0.10,39.69,83.00,111.50,0.62,0.37,-0.37,6,4
1772043141.566824,480027,0.10,-0.12,0.15,31.00,69.00,253.31,-7.37,-5.62,2.06,0.00,-0.07,0.06,39.00,83.00,111.56,0.56,0.88,-1.31,6,4
1772043141.756424,480217,-0.13,-0.01,-0.08,32.75,69.37,253.69,-0.19,0.94,0.25,0.05,0.03,0.14,38.00,83.00,111.94,-3.87,1.31,-1.56,6,4
1772043141.948055,480408,0.09,0.09,0.05,32.63,69.06,254.00,-2.56,-3.94,-0.13,-0.01,0.00,0.07,37.13,83.00,112.25,-0.75,-2.06,-0.37,5,4
1772043142.139032,480599,0.12,-0.04,0.09,33.50,69.25,254.37,-1.81,7.12,-0.69,-0.02,0.00,0.02,4.12,83.25,112.50,-0.56,-0.31,-0.25,4,3
1772043142.329350,480790,0.03,0.03,0.09,33.13,69.44,254.87,-1.06,-1.87,-0.37,-0.01,0.04,0.08,4.12,83.31,112.50,0.75,-0.44,-0.50,3,2
1772043142.518722,480979,-0.12,0.03,-0.09,33.81,69.69,254.75,2.69,-0.31,-0.75,-0.02,-0.06,0.11,37.81,83.06,112.25,1.50,-0.31,0.50,4,2
1772043142.708644,481169,0.05,0.13,0.03,32.38,69.44,254.62,4.00,3.56,1.25,0.00,0.06,0.09,4.06,83.12,112.06,1.87,0.44,-0.31,6,4
1772043142.901107,481361,0.17,-0.12,0.11,30.44,68.50,253.44,9.69,4.69,1.44,-0.01,-0.03,0.15,36.19,83.06,111.81,-0.13,-3.50,-0.50,6,4
1772043143.091523,481552,-0.02,0.00,0.06,30.94,68.56,252.94,-0.81,0.00,0.50,0.00,0.11,0.00,4.00,83.25,111.69,0.31,0.50,0.25,6,4
1772043143.282323,481743,0.09,-0.06,0.12,31.19,68.62,253.00,-1.94,-2.87,-0.13,0.00,0.01,0.07,4.06,83.19,111.75,-1.12,0.00,1.00,6,3
1772043143.473107,481933,0.01,0.08,-0.05,32.94,69.56,253.81,-7.19,-3.37,-2.31,0.01,0.01,0.12,37.88,83.06,111.75,-1.12,0.19,0.06,6,4
1772043143.663119,482123,-0.16,0.15,-0.12,33.63,70.06,254.69,-0.44,1.19,-0.94,0.00,-0.10,0.08,37.06,83.00,111.94,-2.00,0.50,-1.56,6,4
1772043143.853922,482315,0.09,0.00,0.06,33.19,69.75,254.87,-0.44,-1.56,0.69,0.00,0.00,0.05,36.50,83.12,112.06,0.75,0.37,0.06,7,4
1772043144.045124,482505,0.03,0.05,-0.02,33.88,70.00,254.81,-1.50,0.62,-0.62,-0.01,0.00,0.11,36.13,83.12,112.12,-0.50,0.44,-0.62,6,4
1772043144.235282,482696,-0.10,0.09,-0.16,34.00,69.87,254.69,1.56,2.12,0.50,0.00,0.01,0.09,36.00,83.12,112.06,1.44,0.56,-0.56,7,4
1772043144.425280,482886,0.20,-0.03,0.09,31.62,68.81,253.94,9.25,5.87,2.75,-0.07,0.08,0.13,3.81,83.19,111.94,1.62,-1.00,-0.94,6,4
1772043144.616388,483077,0.00,-0.04,0.14,30.94,68.06,252.94,1.87,1.00,0.88,0.01,0.07,0.04,3.69,83.44,111.94,0.25,-0.62,-0.81,4,2
1772043144.807248,483268,0.03,0.01,0.15,31.00,67.81,252.62,-0.62,-1.87,0.75,0.00,0.02,0.10,3.56,83.37,112.00,0.62,0.44,0.06,5,2
1772043144.998172,483459,-0.04,-0.12,0.02,32.00,68.19,252.56,-3.81,-2.94,-1.44,0.00,0.03,0.09,3.62,83.31,112.19,-3.44,0.88,-0.25,6,2
1772043145.188681,483649,-0.07,0.28,-0.16,33.44,68.87,253.69,-4.06,-5.12,-0.56,0.04,0.00,0.10,3.62,83.19,112.12,-0.88,-0.50,1.75,6,2
1772043145.378138,483838,0.06,0.07,0.07,33.69,69.37,253.94,-3.31,-1.75,-4.37,-0.03,0.01,0.12,34.75,83.12,111.94,1.00,-1.69,-0.13,6,2
1772043145.569014,484029,-0.07,-0.41,-0.04,34.56,69.94,254.87,-9.50,-5.00,-4.56,0.00,0.05,0.15,3.62,83.25,112.69,-1.94,1.19,-3.44,6,1
1772043145.760162,484221,0.18,0.57,-0.02,33.38,70.44,258.00,-5.75,3.31,-2.06,0.00,0.00,0.08,3.75,83.31,112.87,2.12,-0.37,4.06,7,1
1772043145.951130,484411,-0.04,0.17,-0.10,30.56,70.25,257.56,11.44,5.00,1.62,-0.03,-0.01,0.09,3.94,83.19,112.12,1.62,-0.31,-1.00,7,1
1772043146.141411,484602,0.18,-0.30,0.29,27.12,68.81,255.19,13.06,4.56,4.69,-0.01,-0.02,0.00,3.94,83.25,111.94,1.75,-0.75,0.69,7,1
1772043146.332048,484793,0.03,0.00,0.09,27.19,68.31,254.37,0.13,-0.37,0.94,0.00,0.09,0.07,3.81,83.37,112.00,0.13,-0.37,-0.56,7,1
1772043146.523038,484984,0.08,-0.12,0.08,27.81,68.31,253.81,1.87,-2.12,0.81,-0.02,-0.02,0.04,3.87,83.31,111.87,-0.50,0.81,0.69,7,1
1772043146.713876,485174,0.16,-0.01,0.14,28.56,68.62,254.19,-7.56,-2.25,-1.00,-0.03,0.02,0.09,33.50,83.12,112.31,1.44,0.81,-0.81,7,1
1772043146.904490,485365,-0.11,0.02,-0.14,31.81,69.19,254.94,-0.56,-0.75,2.19,-0.01,0.08,0.13,33.94,83.12,112.44,-0.37,-1.37,1.62,7,1
1772043147.094627,485555,0.07,0.03,0.00,31.69,69.44,255.19,-0.44,-3.44,-1.00,0.00,-0.04,0.01,35.31,83.00,111.94,-0.69,-0.69,0.13,7,1
1772043147.285012,485745,-0.05,0.08,0.01,32.25,69.69,255.37,-2.00,1.94,-0.81,0.00,0.00,0.07,4.06,83.12,112.12,-0.75,-0.31,1.19,7,1
1772043147.476011,485936,0.02,0.13,-0.03,31.44,69.62,255.69,-0.44,-0.88,-0.37,0.00,0.02,0.10,37.38,83.06,112.06,0.62,0.00,-0.31,7,2
1772043147.666781,486127,0.10,0.18,-0.02,30.94,69.25,255.31,6.25,6.12,2.62,0.00,-0.05,0.13,4.06,83.12,111.94,0.00,-1.25,-0.13,8,2
1772043147.857098,486318,0.06,0.00,0.06,30.50,68.56,254.25,0.44,0.75,2.12,-0.06,0.10,-0.01,3.87,83.25,112.06,-0.37,0.37,-1.31,8,2
1772043148.047316,486508,0.08,-0.01,0.12,31.00,68.37,253.75,0.06,-2.62,2.31,0.00,0.02,0.00,3.81,83.25,112.06,-0.31,0.25,0.19,8,2
1772043148.237040,486697,-0.02,-0.04,0.02,33.13,69.00,253.75,-7.81,-7.37,-1.00,0.00,0.04,0.05,3.81,83.19,112.19,-1.81,-0.69,-0.56,9,2
1772043148.428888,486889,0.04,0.02,-0.01,34.88,69.56,254.37,1.06,-3.06,-0.37,-0.02,-0.01,0.09,34.44,83.12,112.25,0.13,-0.50,0.31,8,3
1772043148.619641,487080,-0.02,0.12,0.00,35.19,69.87,254.44,-1.56,-0.19,0.31,0.00,0.01,0.09,3.81,83.12,112.25,-0.88,-0.06,0.37,8,3
1772043148.810189,487271,0.00,0.05,0.00,35.31,69.94,254.37,-0.44,-1.56,-0.13,-0.03,0.01,0.10,34.81,83.06,112.25,-0.75,-0.19,0.25,8,3
1772043149.000539,487461,0.00,0.11,-0.06,35.44,70.00,254.37,-0.06,0.75,-0.31,0.00,0.00,0.10,34.81,83.06,112.25,0.37,0.25,-0.19,8,3
1772043149.190809,487651,-0.07,0.10,-0.09,35.06,69.75,254.19,1.94,3.31,0.88,0.00,-0.03,0.13,3.81,83.12,112.25,1.12,0.69,-0.62,7,3
1772043149.381867,487842,0.18,-0.05,0.13,33.06,68.75,253.37,4.37,3.94,0.62,-0.01,0.00,0.08,3.75,83.25,112.19,0.88,-1.69,-1.25,6,2
1772043149.572516,488033,0.04,0.06,0.08,32.88,68.37,252.87,2.44,0.62,1.81,0.00,0.08,0.13,3.56,83.31,111.94,4.25,2.25,0.56,6,2
1772043149.763120,488224,-0.01,-0.07,0.03,33.38,68.37,252.06,1.44,-2.37,1.12,0.00,0.00,0.10,31.50,83.12,111.69,-0.81,0.69,-0.69,6,2
1772043149.953304,488414,0.02,0.06,0.05,33.88,68.56,252.19,-1.31,0.19,-1.31,-0.01,0.05,0.13,3.50,83.19,111.87,0.56,-0.06,0.50,7,3
1772043150.144453,488605,0.03,0.01,-0.02,33.50,68.75,252.31,0.94,-0.62,-0.94,0.01,-0.05,0.13,3.69,83.12,111.75,-1.37,-2.62,0.81,7,3
1772043150.335053,488796,0.06,0.14,0.07,32.81,68.87,252.75,-1.94,0.44,-1.69,-0.03,0.04,0.14,3.75,83.19,111.81,-0.06,0.25,0.75,7,2
1772043150.525859,488986,0.07,-0.03,0.08,33.13,69.12,252.94,-2.62,-2.19,-0.19,-0.01,-0.04,0.09,3.87,83.19,111.75,-1.50,0.00,0.62,7,2
1772043150.716480,489177,-0.03,0.17,-0.02,34.38,69.75,254.06,-3.37,0.44,-2.44,0.00,0.00,0.13,3.87,83.19,112.12,-1.44,-0.19,0.31,6,2
1772043150.906374,489367,-0.02,0.03,0.00,34.69,69.81,254.69,-4.56,-0.62,0.19,-0.01,0.01,0.10,3.87,83.31,112.25,-1.44,0.00,-0.37,6,2
1772043151.096580,489557,0.00,0.11,0.01,34.50,69.81,255.19,-0.75,2.19,-1.87,-0.01,0.00,0.11,3.87,83.44,112.44,-0.62,-0.44,-0.50,6,2
1772043151.287792,489748,-0.07,0.28,-0.14,33.00,69.19,255.19,5.94,10.31,-1.06,0.00,0.00,0.21,3.87,83.44,112.31,2.50,0.00,0.56,6,2
1772043151.478792,489939,0.04,-0.13,0.19,29.75,68.12,254.00,4.62,1.25,1.56,0.00,-0.02,0.07,3.94,83.50,112.00,-0.88,-0.62,-0.88,6,2
1772043151.669769,490130,-0.12,0.06,0.01,30.69,68.56,253.87,-1.50,-10.44,-0.81,0.07,0.15,0.01,3.81,83.87,112.37,-0.81,-2.75,0.88,6,2
1772043151.859559,490320,0.22,-0.21,0.00,31.56,69.12,253.87,0.25,-6.06,0.13,-0.01,0.09,-0.04,3.94,84.25,112.44,-1.69,-3.62,-1.25,5,2
1772043152.049082,490509,0.00,0.04,0.22,31.25,69.94,254.69,-1.00,-1.12,2.62,-0.02,-0.26,0.26,3.87,84.12,112.37,-5.44,0.00,-0.69,5,1
1772043152.241276,490701,-0.39,0.79,-0.23,36.44,70.81,255.94,-18.25,-0.06,-2.37,-0.18,0.11,-0.05,3.62,85.19,114.44,-9.06,-9.13,3.69,5,2
1772043152.432256,490893,0.17,-0.11,0.29,38.13,68.75,255.12,-0.69,3.00,-5.37,0.01,-0.06,0.10,4.25,84.75,114.06,3.00,1.94,-0.62,6,3
1772043152.623102,491083,-0.05,0.20,-0.12,34.94,69.62,256.69,-0.31,-0.75,-1.62,0.01,-0.10,0.17,4.19,84.50,113.87,2.25,0.50,1.19,6,3
1772043152.812433,491273,0.03,0.03,-0.01,33.56,69.50,256.37,7.25,0.81,-1.31,0.00,-0.01,0.04,4.37,84.19,113.31,2.31,0.50,-0.13,6,3
1772043153.001732,491462,-0.01,0.17,-0.02,31.06,69.00,255.25,13.50,5.69,1.62,0.04,-0.06,0.24,4.31,84.00,113.00,1.75,1.81,0.13,6,3
1772043153.193870,491655,0.26,-0.08,0.10,28.94,68.37,253.62,4.06,0.94,2.19,0.01,-0.05,0.20,4.19,83.94,112.75,1.81,0.31,-1.87,5,4
1772043153.385413,491846,-0.30,-0.07,-0.13,27.62,70.69,251.81,16.44,-0.69,-2.06,-0.08,0.13,0.09,4.12,83.94,112.69,0.62,1.00,3.06,5,4
1772043153.576280,492037,0.19,-0.27,0.22,27.44,70.25,251.25,-18.62,-1.25,2.19,-0.03,0.06,0.07,4.37,83.69,112.37,0.56,0.44,-0.75,5,4
1772043153.765969,492226,-0.01,0.34,-0.07,36.25,69.87,254.37,-34.00,5.00,6.00,-0.01,-0.04,0.06,4.37,83.56,112.44,-2.19,-0.44,-0.13,5,4
1772043153.955503,492416,0.01,0.31,-0.05,39.38,69.25,257.19,-16.06,2.81,-0.13,0.02,-0.02,0.12,4.50,83.44,112.62,-0.81,0.81,0.19,5,4
1772043154.147761,492608,-0.01,0.16,-0.04,38.63,69.56,258.25,2.50,-0.69,-0.44,-0.02,0.03,0.11,4.50,83.37,112.69,0.25,-0.50,0.00,5,4
1772043154.338566,492799,-0.07,0.34,-0.10,36.25,69.56,257.44,18.94,3.56,-3.56,-0.03,0.06,0.11,4.56,83.37,112.56,1.19,0.50,0.62,4,2
1772043154.530547,492991,-0.01,-0.16,0.11,32.13,69.12,255.25,8.25,0.56,1.19,0.01,0.03,0.08,4.62,83.25,112.31,-0.06,0.00,-0.13,5,2
1772043154.720981,493182,0.08,-0.03,0.14,32.13,69.31,254.75,-2.44,-6.87,-0.37,0.02,0.00,0.10,4.69,83.19,112.12,0.13,0.62,0.44,5,2
1772043154.910631,493371,0.00,0.00,-0.01,34.69,70.25,255.06,-5.25,-4.94,0.19,0.02,-0.04,0.09,4.69,83.19,112.12,-0.69,0.56,0.06,6,2
1772043155.102237,493562,-0.14,-0.05,-0.09,36.63,70.69,256.06,-10.00,1.87,-5.12,-0.04,0.02,0.15,4.69,83.25,112.37,-2.19,0.25,-1.12,7,2
1772043155.292532,493753,0.03,0.20,0.00,35.75,70.94,257.50,2.50,-2.19,-0.06,-0.01,-0.06,0.09,4.69,83.12,112.44,0.44,-0.06,0.25,7,2
1772043155.484971,493945,-0.05,0.12,-0.04,35.38,71.00,257.12,4.25,0.81,-0.13,-0.01,-0.01,0.15,4.69,83.19,112.37,0.69,0.31,-0.31,7,2
1772043155.676062,494137,0.03,-0.06,0.04,32.56,70.56,255.69,13.50,3.37,2.25,-0.03,-0.07,0.11,4.69,83.12,112.19,0.81,-0.37,-0.25,6,2
1772043155.868190,494329,0.18,-0.07,0.10,31.69,69.87,254.56,-1.81,0.88,-0.13,-0.02,0.01,0.12,4.50,83.31,112.31,1.94,0.75,-0.19,7,2
1772043156.057263,494518,-0.24,0.09,0.07,34.50,71.06,254.62,-3.75,-16.81,0.88,0.01,-0.12,0.06,43.81,82.75,111.12,1.94,0.37,2.50,7,2
1772043156.247286,494708,-0.06,0.00,-0.06,36.44,72.06,254.87,-8.44,-0.69,-1.44,-0.01,0.07,0.13,45.13,83.00,111.75,-4.12,-1.87,-2.31,8,2
1772043156.438987,494900,0.07,0.03,0.00,37.75,72.00,256.00,-5.44,-1.44,1.62,0.00,-0.06,0.15,43.31,83.06,112.19,-0.56,0.25,-0.19,8,2
1772043156.631600,495092,-0.07,0.09,0.00,39.50,72.50,256.37,-1.19,-0.75,-0.69,0.03,-0.01,0.08,43.88,83.06,112.25,-0.50,-2.06,0.25,7,3
1772043156.822478,495283,0.02,0.09,-0.01,38.88,72.44,256.44,2.69,1.87,1.75,0.01,-0.02,0.08,43.19,83.00,112.06,1.37,0.56,-0.50,6,2
1772043157.013969,495475,0.00,0.01,-0.09,36.88,71.62,255.50,10.25,10.44,0.50,-0.02,-0.06,0.21,42.31,83.00,112.06,1.19,-0.37,-0.13,6,2
1772043157.204356,495665,0.00,0.04,0.02,33.19,70.31,254.62,5.19,8.94,-0.19,-0.01,0.02,0.02,41.88,83.12,112.00,2.00,1.25,-1.00,5,3
1772043157.395860,495857,0.00,-0.05,0.14,30.81,69.00,253.69,4.75,5.25,2.69,0.01,-0.02,0.10,4.31,83.25,112.06,1.37,-1.81,-1.50,5,4
1772043157.587359,496048,-0.02,-0.02,0.10,30.56,68.50,253.00,1.19,-0.44,1.81,0.06,0.04,0.11,4.12,83.37,111.94,1.25,-0.31,-1.06,6,4
1772043157.779446,496240,0.08,-0.06,0.15,30.69,68.37,252.56,1.25,0.69,1.12,0.00,0.00,0.15,4.00,83.19,111.87,-0.56,2.44,-1.19,5,4
1772043157.968466,496429,0.07,0.08,-0.11,31.69,68.69,252.44,1.81,-5.25,0.13,0.02,-0.05,0.02,3.94,83.19,111.31,0.94,-0.69,2.06,5,4
1772043158.161240,496622,0.15,0.01,0.42,32.19,68.69,252.94,-19.19,-2.31,-0.31,0.02,0.08,0.00,3.81,83.12,112.19,0.69,-0.06,-1.31,4,4
1772043158.352864,496813,-0.11,0.06,-0.03,35.81,69.62,254.50,-1.75,-4.25,-0.37,-0.01,0.00,0.04,3.87,83.31,111.87,-1.56,-0.88,1.44,4,4
1772043158.546368,497007,0.03,0.18,-0.02,35.56,70.00,255.00,0.06,-0.88,-2.00,-0.03,-0.01,0.06,4.12,83.12,111.81,-0.56,-0.94,0.13,4,3
1772043158.738259,497199,0.05,0.07,0.04,34.69,69.69,255.00,0.37,5.06,-0.13,0.02,0.01,0.06,4.06,83.19,112.06,-0.06,0.19,-0.94,4,3
1772043158.929785,497390,0.10,0.07,0.17,31.56,68.75,254.56,10.63,8.56,1.06,-0.04,-0.15,0.12,4.00,83.19,111.94,-1.06,-0.75,-1.37,4,3
1772043159.119344,497580,-0.07,-0.14,0.00,31.44,68.50,253.50,-4.06,-12.44,5.87,0.00,0.06,-0.09,3.81,83.31,112.44,-1.50,-2.44,-0.69,5,2
1772043159.307994,497769,-0.07,-0.05,0.01,33.19,69.00,253.25,1.81,3.44,0.19,0.04,-0.09,0.08,35.13,83.06,112.25,-1.00,0.37,1.56,5,1
1772043159.501296,497962,0.01,0.06,-0.05,32.13,69.00,253.69,-2.06,-1.87,-2.31,0.00,-0.09,0.06,37.44,82.87,112.12,-0.50,-1.06,1.44,5,1
1772043159.692415,498153,0.14,0.06,0.13,31.62,69.25,254.31,-2.87,-0.44,0.44,0.00,-0.04,0.07,37.81,82.87,112.19,-0.81,0.25,-0.75,6,1
1772043159.883487,498344,-0.19,0.07,-0.05,34.50,69.69,254.50,-5.81,-4.31,0.69,-0.07,-0.01,-0.02,36.88,83.00,112.44,0.06,1.25,-1.06,7,1
1772043160.072362,498533,0.14,0.03,0.05,35.25,69.81,254.87,0.13,-1.56,0.31,-0.01,0.00,0.12,36.06,83.00,112.56,1.37,0.37,-0.75,7,1
1772043160.263443,498724,-0.06,0.00,-0.02,36.13,69.87,254.56,0.81,0.37,0.69,0.00,-0.01,0.07,35.38,83.06,112.56,-0.37,-0.06,-0.88,6,1
1772043160.454696,498916,-0.06,0.11,-0.05,35.25,69.56,254.75,0.62,2.56,-1.56,0.00,0.01,0.02,35.31,83.06,112.69,0.50,0.19,0.00,6,1
1772043160.645768,499106,-0.04,0.14,-0.04,31.31,68.56,253.94,15.50,10.88,4.19,0.00,-0.03,0.11,34.19,83.00,112.50,2.87,-0.19,-1.19,6,1
1772043160.836393,499297,-0.06,-0.09,0.00,30.25,67.25,251.94,1.37,-2.56,3.19,0.00,0.00,0.04,3.44,83.25,112.44,1.37,-1.37,-3.25,6,1
1772043161.026643,499487,0.39,-0.34,0.48,31.62,66.87,251.19,-5.50,-5.44,3.06,-0.03,0.06,0.13,3.06,83.69,112.81,0.31,-0.88,-1.87,6,1
1772043161.215644,499676,-0.40,0.20,-0.11,42.25,68.56,252.44,-21.56,-7.62,-1.75,-0.04,0.00,-0.02,2.75,84.06,113.44,-1.37,-1.00,-1.31,6,1
1772043161.407333,499868,0.10,0.02,0.05,41.25,68.44,254.00,-0.13,1.00,-3.00,0.00,-0.04,0.15,2.87,84.06,113.31,1.00,-0.19,1.56,7,2
1772043161.598596,500059,-0.03,0.00,-0.04,39.25,68.62,254.25,2.50,2.75,-0.88,0.01,-0.13,0.13,3.00,84.06,113.25,-1.37,-1.37,-0.37,8,3
1772043161.789176,500250,0.14,0.03,0.17,38.06,68.06,254.44,-1.37,2.94,0.81,-0.02,-0.01,0.18,2.81,84.06,113.62,0.75,-0.62,-0.50,8,3
1772043161.978795,500439,0.22,-0.22,0.08,39.06,68.25,254.37,-4.56,-4.50,0.75,-0.02,-0.01,0.15,2.81,84.12,113.56,-0.44,-1.56,-0.06,8,3
1772043162.169550,500630,-0.04,0.13,0.00,44.88,69.00,255.19,-12.00,-6.69,1.00,-0.03,0.00,0.00,2.87,84.31,113.75,-0.75,-0.50,-0.06,8,3
1772043162.360515,500822,0.04,0.03,0.07,44.63,69.06,255.31,6.12,2.94,-2.37,-0.10,0.00,0.11,3.00,84.25,113.50,1.75,0.37,0.88,8,3
1772043162.551342,501012,-0.03,0.10,0.05,42.94,68.94,255.06,2.12,2.94,-0.50,-0.01,0.00,0.08,3.06,84.25,113.44,0.00,1.19,-0.50,8,3
1772043162.742166,501203,0.00,-0.02,0.05,42.19,68.75,254.75,1.06,-0.81,0.25,0.00,-0.03,0.12,3.00,84.06,113.25,1.44,0.19,-0.19,8,3
1772043162.932308,501394,-0.02,0.01,0.00,41.50,68.69,254.62,2.12,3.31,-1.31,0.00,0.00,0.11,3.00,84.06,113.25,0.56,0.25,0.62,8,3
1772043163.123166,501584,0.00,-0.05,0.09,39.63,68.44,254.44,3.31,0.50,-0.06,-0.01,-0.03,0.08,3.00,84.06,113.19,0.31,0.19,0.06,8,3
1772043163.313825,501775,0.03,0.01,0.04,39.44,68.44,254.44,-1.12,-0.19,-1.56,0.00,0.01,0.10,3.06,84.06,113.19,0.75,1.06,0.31,7,2
1772043163.504397,501965,0.01,0.03,0.05,39.25,68.62,254.56,0.00,-1.06,0.31,0.00,-0.03,0.10,3.06,83.94,113.12,-1.00,-0.69,-0.06,6,1
1772043163.695323,502156,-0.03,-0.10,0.03,39.81,68.75,254.50,0.62,-1.06,-0.56,-0.01,-0.05,0.12,3.19,83.87,113.19,-2.69,-0.88,0.56,6,1
1772043163.884539,502345,-0.06,0.17,0.08,39.69,68.94,255.12,-1.06,-0.50,1.31,-0.03,-0.06,0.14,3.12,83.94,113.56,-2.62,0.19,-1.06,6,1
1772043164.074426,502535,0.11,-0.11,0.02,40.88,68.87,255.00,-0.94,-1.06,2.75,-0.05,0.00,0.00,3.06,84.06,113.62,0.75,-0.50,0.56,6,1
1772043164.266470,502727,-0.10,0.05,0.01,41.44,69.00,255.00,0.19,-0.94,0.81,0.00,-0.05,0.10,3.06,83.94,113.44,0.25,0.56,-0.19,6,1
1772043164.457357,502918,-0.02,0.61,-0.11,39.75,68.75,254.44,24.00,4.75,-3.50,-0.03,-0.08,0.21,3.00,83.87,113.25,0.19,0.19,0.37,7,1
1772043164.647865,503109,-0.12,-0.34,0.05,33.75,68.69,251.19,12.19,1.75,-0.19,0.00,-0.01,0.08,3.06,83.81,113.25,1.00,-0.19,-0.88,6,1
1772043164.837793,503299,-0.05,0.07,0.07,33.88,68.25,251.19,-5.31,0.19,3.19,0.03,-0.07,0.07,2.87,83.94,113.31,-1.56,-1.69,-0.31,6,2
1772043165.027954,503489,0.07,0.05,0.10,34.56,67.94,251.50,-1.69,-0.37,-1.19,-0.04,-0.02,0.10,2.94,83.94,113.37,-2.50,-1.62,0.37,6,2
1772043165.219719,503681,-0.09,0.00,-0.02,35.44,68.37,252.19,-9.81,-2.31,-1.00,0.00,-0.09,0.10,3.06,83.94,113.37,0.00,2.12,2.37,5,2
1772043165.410179,503871,0.05,0.09,0.03,36.00,68.69,253.62,-3.94,-1.00,-3.94,0.00,-0.07,0.07,3.37,83.69,113.37,-1.31,-0.13,0.62,6,2
1772043165.600919,504062,-0.03,-0.09,0.10,37.94,69.19,255.19,-22.25,-7.75,1.12,-0.01,-0.20,0.11,3.44,83.50,113.69,-2.00,0.50,-0.56,6,3
1772043165.790996,504252,-0.11,0.58,-0.04,41.81,69.94,258.12,-2.75,1.25,-4.00,0.01,-0.09,0.05,3.56,83.62,113.44,3.00,-0.50,1.19,6,3
1772043165.982040,504443,-0.02,-0.16,0.02,39.25,70.06,257.19,9.69,-2.56,1.06,0.00,-0.07,0.11,3.69,83.44,113.25,0.37,-0.31,0.69,5,3
1772043166.173245,504634,-0.04,0.05,-0.07,37.94,70.19,256.44,6.31,2.37,-2.31,-0.03,-0.08,0.05,3.75,83.44,113.25,0.50,-0.88,-0.37,5,3
1772043166.363181,504824,0.12,0.07,0.08,34.25,69.50,255.44,16.19,9.88,0.44,0.04,-0.04,0.14,3.69,83.50,113.19,0.81,0.44,-0.50,6,3
1772043166.553706,505015,-0.03,-0.03,0.10,30.81,68.62,253.75,7.56,2.94,2.06,-0.02,-0.01,0.00,3.69,83.56,112.81,3.19,0.37,-0.37,5,3
1772043166.744373,505205,0.20,-0.22,0.25,30.06,67.94,252.62,4.50,0.19,1.37,-0.01,-0.04,0.10,32.63,82.87,112.56,-1.19,-3.37,-0.56,6,3
1772043166.934953,505395,-0.09,0.02,-0.01,30.94,68.37,252.62,-1.50,-0.88,-0.31,0.01,-0.06,0.10,3.75,83.19,112.69,-1.44,-0.37,-0.13,6,3
1772043167.126077,505587,-0.06,0.14,-0.03,34.06,68.75,253.69,-19.50,-6.81,0.69,0.00,-0.02,0.02,3.75,83.25,113.06,-1.37,-1.06,-0.81,7,3
1772043167.315925,505777,-0.02,0.01,0.00,34.94,69.31,254.75,3.31,1.81,-0.56,0.01,-0.02,0.08,3.75,83.31,113.19,0.25,1.12,0.19,6,3
1772043167.506616,505967,-0.07,0.27,-0.17,32.38,68.81,254.19,22.06,9.38,-4.00,-0.04,-0.04,0.16,3.75,83.12,112.87,1.81,0.00,0.25,6,2
1772043167.697835,506158,-0.14,-0.17,0.07,29.50,67.94,252.31,-2.44,1.87,0.56,-0.01,0.00,-0.03,3.81,83.25,112.75,-0.50,-0.50,-1.12,6,2
1772043167.888223,506349,0.01,0.04,0.09,29.31,67.69,252.62,0.25,-1.06,2.00,-0.06,0.01,0.05,3.56,83.31,112.94,-0.25,-0.56,-1.00,7,2
1772043168.079138,506540,0.17,-0.12,0.13,30.37,67.75,252.50,-5.37,-2.81,-0.44,0.00,-0.08,0.10,3.50,83.19,113.00,0.13,1.50,0.88,7,2
1772043168.269361,506730,-0.34,0.22,-0.11,35.50,68.25,253.87,-13.13,0.06,-1.44,-0.03,-0.01,0.16,3.50,83.25,113.44,2.37,1.62,-0.25,7,1
1772043168.459608,506920,0.01,-0.05,-0.05,34.88,68.44,254.81,1.44,-1.12,-1.81,0.00,-0.03,0.07,3.87,83.25,113.06,-0.56,-1.19,2.00,7,1
1772043168.650562,507112,-0.08,0.48,-0.21,32.06,68.62,255.25,14.25,6.31,-2.81,0.00,-0.07,0.18,35.00,83.06,112.75,1.06,0.88,0.06,7,1
1772043168.841161,507302,-0.07,0.30,0.00,28.25,68.06,253.00,21.75,-2.31,0.44,-0.03,0.00,0.00,3.75,83.44,112.87,0.75,1.19,-1.50,6,1
1772043169.032179,507493,0.13,-0.24,0.28,24.62,67.69,250.69,-2.37,6.25,2.25,-0.01,-0.09,0.06,3.56,83.25,112.19,6.00,1.25,-1.44,6,1
1772043169.222216,507683,-0.01,-0.09,0.14,28.75,67.12,251.31,-19.12,-5.75,3.25,0.01,0.03,0.00,3.25,83.44,112.69,0.19,1.19,-0.62,6,1
1772043169.412147,507873,0.04,0.01,0.00,30.31,67.81,252.75,-1.81,-2.44,0.00,0.02,-0.06,0.17,3.50,83.25,112.56,-0.81,0.06,1.25,5,2
1772043169.603874,508065,-0.08,0.19,-0.14,31.25,68.44,253.12,-2.50,-1.75,-2.56,-0.01,0.00,0.05,3.56,83.25,112.62,0.75,1.62,0.19,5,2
1772043169.794218,508255,0.02,-0.04,0.01,30.62,68.19,253.06,3.06,2.19,0.19,-0.02,-0.09,0.09,3.62,83.25,112.50,-0.88,-1.19,0.19,5,2
1772043169.985177,508446,0.00,0.09,0.00,30.00,68.19,253.25,-1.62,-1.69,-1.00,0.00,-0.03,0.05,3.62,83.31,112.50,0.25,-0.50,-0.06,5,2
1772043170.174990,508636,0.07,0.00,0.10,29.81,68.00,253.31,-0.31,1.81,0.69,-0.06,0.01,0.05,3.50,83.44,112.69,0.06,-0.31,-0.56,5,2
1772043170.365538,508826,-0.06,0.00,0.11,30.37,67.94,253.44,-5.81,-1.56,-1.31,-0.02,-0.03,0.04,3.44,83.50,112.94,0.06,-0.37,-0.75,4,2
1772043170.556765,509018,0.05,-0.05,0.06,32.06,67.87,254.25,-6.50,-0.25,-0.13,-0.01,0.00,0.09,3.37,83.56,113.19,0.31,0.81,-0.88,5,2
1772043170.747532,509208,-0.18,0.14,-0.25,32.50,68.19,254.62,5.31,2.37,-0.37,-0.04,-0.09,0.11,3.37,83.50,113.00,0.56,0.88,0.50,5,2
1772043170.938419,509399,0.11,-0.14,0.20,29.81,67.62,253.50,7.75,0.37,0.44,0.03,-0.06,0.10,3.44,83.56,112.94,1.25,-0.62,-0.37,5,2
1772043171.128844,509590,0.00,0.03,0.11,29.75,67.44,253.12,0.37,0.69,0.56,-0.02,0.00,-0.02,3.19,83.81,113.12,-0.37,-0.88,-1.31,5,2
1772043171.319495,509780,0.03,-0.09,0.12,30.37,67.50,253.00,-0.50,-2.94,0.62,0.00,-0.03,0.07,3.12,83.75,113.12,-0.50,1.25,-0.31,5,2
1772043171.510004,509971,0.03,-0.02,0.07,31.44,67.94,253.06,-2.87,-4.69,-1.31,0.00,-0.01,0.08,3.25,83.50,113.06,0.37,1.75,0.62,5,1
1772043171.700990,510162,-0.18,0.01,-0.17,33.81,68.94,253.56,-5.44,-5.75,0.75,-0.01,-0.08,0.14,3.25,83.25,113.00,0.13,1.87,0.13,6,2
1772043171.892127,510353,-0.06,0.06,-0.11,34.75,69.44,254.12,-2.81,-0.06,-3.50,-0.01,-0.03,0.12,3.25,83.25,113.06,0.25,-0.06,0.00,6,2
1772043172.081117,510542,0.05,0.00,0.06,33.69,69.44,254.62,1.00,1.87,-0.69,-0.02,-0.04,0.09,3.25,83.31,113.00,-0.06,-0.06,0.69,6,1
1772043172.271444,510732,0.00,-0.01,0.05,33.25,69.62,254.94,-2.06,-1.94,-2.44,-0.01,-0.06,0.04,3.44,83.25,113.06,-1.69,0.69,1.06,7,1
1772043172.463081,510924,0.06,0.05,0.07,33.06,70.00,255.56,-0.44,-0.88,-0.56,0.03,-0.09,0.11,31.62,82.87,113.12,-1.31,1.06,1.12,7,1
1772043172.654301,511115,0.00,0.05,-0.07,33.25,70.25,255.69,-0.25,0.69,-1.87,-0.01,-0.09,0.09,32.44,82.75,113.12,-0.25,0.00,0.88,7,1
1772043172.845003,511306,-0.02,0.00,-0.07,32.31,70.00,255.62,1.87,2.69,-0.31,-0.01,-0.14,0.12,33.38,82.62,112.94,0.31,-0.69,0.13,7,1
1772043173.034649,511496,0.05,0.01,0.05,30.87,69.50,255.37,2.56,4.06,-0.19,-0.01,-0.08,0.02,34.19,82.56,112.87,-0.62,-0.88,-0.44,6,1
1772043173.225095,511686,0.00,0.05,0.09,30.19,69.06,255.19,1.19,0.44,1.37,-0.06,0.01,0.00,33.88,82.75,113.00,-0.13,-0.69,-1.31,6,1
1772043173.416634,511878,0.02,0.01,0.11,30.62,68.94,254.87,0.88,-1.06,1.31,-0.03,-0.02,0.06,33.06,82.81,113.00,0.25,0.13,-0.62,5,1
1772043173.607859,512069,-0.06,0.00,-0.03,31.44,69.00,254.56,-0.06,-1.00,0.19,0.00,-0.05,0.07,32.81,82.75,113.00,0.25,0.00,0.06,5,1
1772043173.798813,512260,-0.01,0.06,0.00,31.37,69.06,254.62,-0.88,0.94,-0.88,0.02,-0.08,0.06,32.81,82.69,113.00,0.19,-0.56,-0.19,4,2
1772043173.991333,512452,0.13,0.05,0.09,31.12,68.94,254.62,-1.25,-0.19,-0.13,-0.01,0.00,-0.03,32.13,82.69,113.12,-0.50,-1.31,-1.62,4,2
1772043174.181979,512643,-0.03,0.00,0.06,31.75,68.87,254.69,-1.62,-0.25,-0.81,0.00,-0.03,0.00,31.00,82.81,113.44,-0.50,0.50,-0.75,4,2
1772043174.374937,512836,-0.02,-0.05,0.06,32.63,68.75,255.06,-8.94,-0.06,1.25,0.00,-0.07,0.10,28.12,82.69,114.00,-2.81,1.62,-1.94,4,2
1772043174.563926,513025,-0.12,0.27,0.00,35.75,68.69,256.81,-6.25,3.69,-1.56,0.00,0.00,0.23,26.75,82.75,114.62,-2.00,2.69,0.44,5,1
1772043174.753570,513215,-0.07,0.00,-0.07,35.00,68.87,257.12,3.06,-0.75,1.44,-0.03,-0.03,0.11,28.19,82.69,114.25,-0.31,-0.44,0.75,5,2
1772043174.944131,513405,0.06,0.17,0.04,34.56,68.87,257.00,1.87,1.44,-1.62,-0.02,-0.10,0.01,28.69,82.81,114.19,0.19,-0.94,-0.75,6,2
1772043175.134650,513596,0.12,0.03,0.13,34.13,68.69,256.75,0.25,0.06,-1.69,-0.01,-0.06,0.04,29.37,82.81,113.87,2.81,-2.31,1.81,6,2
1772043175.327027,513788,0.05,0.02,0.08,33.50,68.75,256.87,-3.87,4.69,-2.75,0.01,0.00,0.06,30.75,82.87,114.25,-4.56,3.06,-2.69,6,2
1772043175.516422,513978,-0.02,-0.07,0.15,33.31,68.37,257.19,2.62,0.13,4.50,-0.01,-0.09,0.10,27.06,82.81,114.75,2.06,3.06,-1.44,6,2
1772043175.706324,514168,0.15,0.05,-0.07,34.06,68.31,256.81,1.25,-1.06,1.44,-0.07,0.01,0.03,25.25,82.56,114.50,2.87,-1.94,1.19,6,2
1772043175.897025,514358,-0.02,-0.13,0.00,34.13,68.56,255.81,7.44,-0.25,1.56,0.00,0.01,0.12,25.12,82.44,114.25,1.44,-1.44,-0.13,5,2
1772043176.088046,514549,0.03,-0.03,0.09,34.44,68.44,255.25,2.00,-2.37,-0.06,-0.02,-0.10,0.00,26.75,82.75,113.81,1.12,-2.37,2.25,5,1
1772043176.280570,514742,0.16,0.14,0.10,33.75,68.50,255.62,-6.37,4.06,-4.19,-0.03,0.08,0.19,27.87,82.81,114.25,3.50,-0.81,0.44,6,1
1772043176.470096,514931,0.00,-0.23,0.10,33.69,68.81,255.94,2.75,-3.87,3.69,-0.06,0.05,-0.05,30.69,83.00,114.06,-3.81,-0.19,-1.62,6,1
1772043176.660015,515121,0.03,0.14,-0.02,32.31,68.31,255.94,10.88,7.31,2.50,0.01,-0.09,0.13,30.31,82.94,113.75,0.56,0.50,1.25,6,1
1772043176.853761,515315,-0.04,-0.03,0.00,31.50,67.87,254.75,-1.69,-0.75,0.50,-0.01,-0.05,0.00,29.69,82.81,113.62,0.62,-0.13,-0.75,5,1
1772043177.044682,515506,0.04,-0.03,0.11,31.94,67.87,254.81,-3.25,0.13,0.44,-0.04,-0.02,0.08,28.31,82.87,113.94,0.13,1.62,-0.94,5,2
1772043177.235847,515697,-0.15,0.17,-0.07,35.75,68.19,256.44,-26.37,-1.87,1.12,0.00,0.04,-0.04,26.94,83.06,114.37,-1.69,-0.62,-1.00,5,2
1772043177.426467,515888,0.01,-0.05,0.02,35.44,68.37,257.37,10.56,-1.75,0.88,0.00,-0.08,0.07,26.31,82.94,114.37,-0.31,0.25,0.06,4,1
1772043177.617378,516079,0.03,-0.07,0.06,35.00,68.31,256.69,-2.19,0.44,-0.75,0.01,-0.05,0.11,26.12,82.87,114.50,0.31,-0.13,0.56,5,1
1772043177.808018,516269,-0.11,0.22,-0.13,34.63,68.56,256.81,6.19,1.19,1.19,-0.02,-0.09,0.06,27.69,82.87,114.12,0.44,0.31,0.37,6,1
1772043177.998404,516459,0.06,-0.09,0.04,30.69,68.19,255.00,17.81,3.81,1.75,-0.07,-0.02,-0.03,24.75,82.81,114.44,0.00,0.25,-2.19,6,2
1772043178.188972,516650,-0.02,-0.14,0.15,30.06,67.37,253.12,0.62,1.19,4.94,-0.03,-0.04,0.00,22.37,82.75,114.56,0.56,1.56,-1.87,6,2
1772043178.379553,516841,0.14,-0.06,0.02,31.37,67.25,252.75,-2.81,-2.12,1.31,-0.06,-0.03,0.02,20.44,82.75,114.81,0.00,-0.81,-0.37,6,2
1772043178.568909,517030,0.24,-0.12,0.03,33.19,67.56,253.00,-7.81,-4.12,-0.62,0.02,-0.07,0.16,18.44,82.31,114.94,2.69,-0.50,-1.00,6,2
1772043178.760015,517221,-0.02,0.14,-0.11,37.13,68.56,254.81,-8.81,4.44,-2.56,0.00,0.03,0.10,18.69,82.62,115.31,3.06,0.13,2.31,5,2
1772043178.951128,517412,0.03,-0.14,-0.02,35.19,68.69,255.37,5.62,2.19,-1.06,0.02,-0.10,0.00,23.25,82.50,114.56,-3.94,-3.12,1.06,5,2
1772043179.141535,517603,0.10,0.14,0.00,33.69,68.69,255.87,-1.69,-0.69,-1.25,0.00,-0.08,0.07,24.94,82.62,114.44,1.00,-2.31,1.62,5,2
1772043179.331008,517792,0.01,-0.01,0.06,32.50,68.75,256.44,-3.31,4.00,-4.31,0.00,-0.02,0.07,28.12,82.81,114.44,-1.50,-0.69,0.37,5,2
1772043179.522264,517983,0.01,-0.08,0.05,31.25,68.87,257.50,-1.94,-1.62,-1.06,0.00,0.00,0.00,29.19,83.06,114.56,-0.88,-0.69,-0.19,5,2
1772043179.713648,518175,-0.02,0.04,-0.03,30.87,69.12,258.12,1.56,-0.50,-1.87,-0.02,-0.03,0.03,30.25,83.00,114.50,-0.56,0.44,1.50,4,2
1772043179.904195,518365,-0.02,0.07,0.03,30.31,69.19,258.19,-0.37,-0.94,-1.25,-0.03,-0.03,-0.04,31.50,82.94,114.19,1.62,-1.25,1.87,5,2
1772043180.094657,518556,-0.01,0.01,0.04,29.81,69.37,258.31,-0.56,-1.19,-1.00,0.00,0.06,0.06,32.31,82.56,113.75,-3.19,-2.94,-1.62,4,2
1772043180.284206,518745,0.04,-0.26,-0.03,30.00,69.37,258.31,3.44,1.62,2.06,-0.07,-0.04,0.12,32.94,82.69,114.00,-5.31,-4.87,-1.75,5,2
1772043180.474283,518936,0.27,0.10,0.13,29.37,69.19,258.87,1.06,1.44,1.37,-0.01,-0.04,0.08,33.19,82.87,114.06,-0.56,-0.06,1.50,4,1
1772043180.666076,519127,-0.03,0.07,-0.06,30.19,69.56,258.62,-3.12,-1.56,-2.69,0.00,0.00,0.09,34.63,82.81,114.06,-0.50,-0.37,0.81,5,2
1772043180.856816,519318,0.31,-0.07,0.30,30.00,70.00,259.00,0.06,-7.94,-0.13,-0.02,-0.07,0.06,35.50,82.69,113.94,0.37,-1.44,-0.31,5,2
1772043181.047778,519509,-0.05,0.27,-0.04,33.63,72.00,259.25,-3.94,-8.63,-0.62,0.00,-0.08,0.08,34.06,82.87,113.62,4.12,1.62,-0.88,6,2
1772043181.237712,519699,-0.17,-0.10,-0.26,37.69,72.87,258.62,2.69,-8.56,4.81,-0.06,-0.11,-0.26,33.56,82.69,112.94,-2.31,2.75,-1.25,6,2
1772043181.427950,519889,-0.21,0.11,-0.24,39.69,72.69,258.25,-3.56,-1.56,3.25,0.01,0.07,-0.10,30.87,82.81,113.25,-0.56,-3.94,0.13,5,2
1772043181.618964,520080,0.24,-0.09,0.14,38.75,71.81,258.25,-6.00,2.94,-1.87,0.02,0.06,0.08,31.06,82.87,113.75,-0.94,0.56,-1.81,6,2
1772043181.809823,520271,-0.17,0.12,-0.12,38.81,71.87,259.00,2.50,2.19,-0.06,0.00,-0.13,-0.03,30.69,83.00,113.31,0.37,-1.44,-0.50,6,3
1772043182.000473,520462,0.03,0.02,0.11,37.06,71.25,259.06,-4.00,2.37,0.00,-0.05,0.05,0.03,3.37,83.19,113.81,-1.00,0.37,-1.56,6,2
1772043182.191380,520653,-0.01,-0.09,0.00,36.88,71.12,259.31,1.37,-0.25,0.19,-0.01,-0.01,0.10,3.31,83.19,113.87,-0.88,0.31,1.19,5,2
1772043182.381776,520843,0.00,0.11,-0.02,36.13,71.25,259.62,-1.19,0.31,-1.87,0.00,0.02,0.01,30.87,83.12,113.94,-0.62,0.19,0.62,5,4
1772043182.572603,521034,0.00,0.12,0.01,35.69,71.31,259.69,1.75,-2.25,0.06,-0.04,-0.11,-0.02,31.19,83.06,113.75,-1.31,-0.75,-0.13,4,4
1772043182.762623,521224,0.03,0.13,0.00,35.75,71.19,259.37,0.25,0.06,0.50,0.00,0.00,0.11,31.31,83.06,113.87,1.37,0.19,0.19,4,4
1772043182.953915,521415,0.05,-0.09,0.06,36.31,71.06,258.87,-1.69,-0.56,0.94,-0.01,0.00,0.06,30.87,83.06,113.81,1.12,-1.06,-0.31,4,4
1772043183.144002,521605,-0.06,-0.14,0.09,36.50,70.94,259.00,-4.12,3.37,0.19,-0.01,0.04,0.17,3.37,83.19,114.25,-1.69,0.06,-0.88,5,5
1772043183.334171,521795,-0.05,0.00,-0.03,36.81,71.06,259.56,0.56,-1.12,0.06,0.00,-0.11,0.07,3.37,83.25,114.19,-1.69,-1.87,0.25,5,5
1772043183.524602,521986,0.03,0.14,0.08,36.06,71.06,260.00,-1.44,2.00,-0.31,0.01,0.00,0.07,3.37,83.31,114.25,-0.31,0.44,0.19,4,5
1772043183.715165,522177,-0.04,0.02,-0.03,36.13,71.06,259.87,1.31,-2.19,0.62,0.00,-0.09,0.06,3.37,83.31,114.12,0.56,0.81,0.56,5,5
1772043183.906682,522368,-0.01,0.04,0.00,36.25,71.12,259.75,-0.50,1.50,-0.25,-0.04,-0.01,0.06,3.37,83.31,114.12,1.19,-0.25,-0.25,4,5
1772043184.097483,522559,0.03,-0.07,0.02,35.69,70.94,259.31,5.06,-1.12,1.44,0.00,-0.07,0.07,3.37,83.25,113.87,0.37,-1.00,-0.69,5,5
1772043184.287800,522749,-0.06,-0.02,-0.02,35.94,70.81,258.69,2.44,0.19,0.37,0.00,0.00,0.13,3.31,83.31,113.75,0.19,0.44,0.25,6,4
1772043184.478492,522940,-0.04,-0.07,0.00,35.75,70.75,258.25,3.25,-1.06,1.25,0.00,-0.03,0.13,3.37,83.31,113.50,1.62,-0.19,1.25,6,4
1772043184.668939,523130,-0.12,-0.05,-0.01,35.25,70.87,257.69,3.37,0.44,-1.56,0.00,-0.03,0.10,3.56,83.31,113.19,-0.37,-0.62,0.69,7,3
1772043184.859883,523321,-0.07,0.06,0.03,35.31,71.00,257.69,-0.44,-1.94,-0.75,-0.07,0.00,0.04,3.56,83.44,113.19,-0.06,0.06,0.31,7,4
1772043185.050272,523512,0.08,0.08,0.07,34.81,71.00,257.81,0.56,0.19,-0.69,0.00,-0.07,-0.01,3.56,83.44,113.19,-0.88,0.31,-0.88,6,2
1772043185.241411,523702,-0.02,0.03,-0.01,35.44,70.94,257.50,-0.06,-1.81,1.25,-0.03,-0.03,0.08,3.37,83.37,113.37,-0.19,0.31,-0.81,6,2
1772043185.431481,523893,-0.03,0.00,-0.02,36.38,71.12,257.50,-2.25,-1.12,-1.50,-0.02,0.02,0.13,3.37,83.44,113.37,1.06,-0.94,0.13,6,2
1772043185.621640,524083,-0.04,0.23,0.00,36.94,70.81,258.12,-1.56,2.12,1.37,0.03,-0.02,0.14,3.31,83.44,113.31,-0.88,1.37,-1.06,6,2
1772043185.813130,524274,-0.01,-0.08,-0.04,37.38,70.75,257.69,0.37,-3.25,1.94,-0.10,-0.06,0.10,3.12,83.50,113.37,1.50,-1.44,-0.19,6,1
1772043186.003280,524465,0.07,-0.03,0.06,38.38,70.75,257.31,-1.00,0.50,0.94,0.00,0.00,0.10,3.06,83.56,113.56,-0.69,0.00,-1.50,5,1
1772043186.193891,524655,0.18,0.05,0.09,39.31,70.31,257.12,-0.13,0.75,2.62,-0.04,-0.10,0.10,3.00,83.56,113.44,1.37,-0.88,0.00,5,1
1772043186.384158,524846,0.03,0.05,0.00,38.56,69.94,256.87,0.06,4.19,0.19,0.01,-0.09,0.10,2.94,83.62,113.44,0.25,-0.50,-1.31,5,2
1772043186.574409,525036,-0.08,0.05,0.07,39.00,69.81,256.56,0.00,-1.56,1.19,0.00,0.01,0.01,2.75,83.75,113.62,0.75,2.56,-3.44,5,2
1772043186.765821,525227,0.41,0.06,0.16,39.13,69.37,256.06,2.75,-1.37,2.69,-0.02,-0.12,0.02,2.56,83.94,113.19,8.75,-3.12,2.75,5,2
1772043186.957038,525418,-0.15,-0.08,-0.07,39.56,70.31,255.37,2.44,2.69,-0.37,-0.01,-0.09,0.06,2.75,83.56,112.25,-1.31,0.56,-2.94,4,2
1772043187.147551,525609,-0.15,-0.04,0.01,39.94,69.69,255.12,0.13,1.56,3.37,0.00,-0.03,0.08,2.25,83.75,113.12,-1.50,1.44,-2.19,4,2
1772043187.337534,525799,-0.01,0.07,-0.02,39.50,69.19,254.94,1.75,0.62,-2.81,0.02,-0.10,0.01,2.19,83.62,113.25,-0.88,0.88,-0.25,4,2
1772043187.527515,525989,0.08,-0.19,0.03,36.56,68.50,254.56,3.31,8.06,1.12,-0.06,-0.01,0.25,2.06,83.37,113.94,-3.31,-1.69,0.31,4,2
1772043187.719320,526180,-0.08,-0.01,0.07,35.69,68.50,254.87,-0.25,-3.94,-1.00,-0.03,-0.08,-0.09,2.19,83.37,113.56,-1.94,0.56,-1.75,4,2
1772043187.909945,526371,0.00,0.15,0.04,37.31,68.56,255.19,-4.56,-0.94,0.37,-0.04,-0.02,0.09,2.00,83.56,114.19,0.88,-0.44,0.31,5,2
1772043188.101013,526562,0.06,-0.15,0.07,37.44,68.56,255.37,-3.06,0.13,-2.81,-0.02,-0.05,0.12,2.00,83.56,114.25,-1.25,-1.19,-0.88,5,2
1772043188.290732,526752,-0.07,0.23,0.02,37.69,68.31,257.62,-22.12,10.44,-1.12,-0.03,0.00,0.17,2.00,83.56,114.31,-0.81,-0.56,-0.25,5,2
1772043188.480243,526942,0.09,0.32,0.00,38.38,68.19,259.56,-3.31,1.50,-1.25,-0.03,-0.04,0.13,2.19,83.56,114.06,1.12,1.12,0.94,5,2
1772043188.672162,527134,0.06,-0.02,0.04,37.38,69.19,259.00,6.50,-5.94,2.37,0.00,-0.06,0.03,2.31,83.50,113.75,0.62,0.81,0.69,6,2
1772043188.863498,527325,-0.09,-0.14,-0.04,39.00,69.37,257.94,-0.75,0.44,0.06,-0.02,-0.01,0.01,2.25,83.50,113.94,-1.00,0.13,-0.81,6,2
1772043189.054351,527516,0.04,0.09,0.11,38.31,69.19,258.06,3.44,-2.06,1.44,-0.05,-0.06,0.04,2.25,83.50,113.87,-0.56,-1.06,0.06,6,2
1772043189.243792,527705,0.03,-0.08,0.12,38.13,69.19,257.37,0.50,0.62,-1.81,-0.03,-0.06,0.04,2.31,83.56,113.87,0.81,-0.62,0.94,6,2
1772043189.434437,527896,-0.05,0.00,0.02,37.69,69.31,257.50,0.06,0.94,-0.37,-0.04,-0.04,0.05,2.44,83.62,113.69,-0.06,0.69,0.31,6,2
1772043189.626007,528087,0.00,0.06,-0.02,37.81,69.31,257.44,2.50,-0.81,-0.44,-0.06,-0.04,0.04,2.44,83.69,113.62,0.62,-0.50,-0.19,6,2
1772043189.817234,528279,-0.18,0.27,-0.15,34.94,69.31,256.37,26.06,7.44,-2.87,-0.05,-0.04,0.18,2.44,83.56,113.69,0.06,0.56,0.06,6,2
1772043190.009262,528470,0.05,-0.35,0.15,31.62,68.31,253.87,-2.00,-2.44,2.69,-0.03,-0.01,0.07,2.37,83.62,113.75,0.00,-0.13,-1.19,5,2
1772043190.198726,528660,0.24,-0.18,0.20,34.56,68.50,254.50,-12.06,-6.12,1.87,0.00,-0.05,0.03,2.25,83.75,114.00,-2.00,-1.12,-0.94,5,2
1772043190.387642,528849,0.00,0.13,0.00,37.13,69.19,255.87,-4.94,0.31,-1.81,-0.01,0.00,0.16,2.25,83.75,114.50,-0.69,1.06,1.56,5,2
1772043190.579979,529041,0.03,-0.01,0.00,37.06,69.50,256.25,0.13,-2.44,-3.44,-0.02,-0.07,0.11,2.62,83.62,114.19,-0.06,-0.13,1.25,4,2
1772043190.771518,529233,0.12,0.03,0.02,36.94,70.06,257.00,-4.75,0.37,-3.00,-0.10,-0.05,0.14,2.50,83.25,114.25,1.44,0.00,-0.13,4,2
1772043190.961945,529423,-0.05,0.06,0.00,36.88,70.44,257.44,0.75,0.81,1.12,-0.05,-0.03,0.12,2.44,83.37,114.25,-1.19,-1.44,-1.25,5,3
1772043191.150942,529613,-0.02,-0.04,0.08,37.50,70.06,257.06,2.50,1.44,2.25,-0.05,-0.05,0.10,2.31,83.62,114.37,0.62,0.69,0.06,5,3
1772043191.341815,529803,0.00,0.05,-0.02,37.19,69.94,256.87,0.00,0.19,0.13,-0.03,-0.07,-0.03,2.31,83.81,114.19,1.81,-1.75,-0.88,5,2
1772043191.533994,529996,0.04,0.11,0.04,36.88,69.62,256.81,1.62,-2.75,2.56,-0.02,0.00,0.12,2.00,83.87,114.25,1.94,-0.37,0.50,6,2
1772043191.726484,530188,0.03,0.03,-0.03,37.81,70.06,256.44,-2.06,-2.56,-1.50,-0.03,-0.06,0.11,2.12,83.69,113.94,0.69,-0.06,-0.56,6,2
1772043191.918994,530380,-0.06,-0.03,-0.07,38.94,70.37,256.56,0.75,-0.94,0.88,-0.06,-0.07,0.04,2.06,83.81,113.94,0.94,0.44,-0.06,5,1
1772043192.108185,530570,-0.08,0.13,-0.01,37.94,69.94,256.62,1.00,4.75,-0.37,0.01,-0.07,0.02,2.06,83.69,114.00,-2.00,0.25,-0.37,5,1
1772043192.300136,530762,0.42,-0.01,0.39,33.69,68.06,255.50,16.69,13.38,3.00,0.00,-0.10,0.16,2.12,83.25,114.19,1.44,-1.44,0.44,4,1
1772043192.491665,530953,-0.08,-0.05,0.07,32.44,67.44,253.87,-0.19,3.06,1.44,-0.06,-0.07,0.00,2.06,83.37,114.37,-1.12,0.56,-1.81,4,2
1772043192.682835,531144,0.14,-0.15,0.14,33.13,67.25,253.87,-2.37,-3.00,1.62,-0.02,-0.03,0.09,1.81,83.37,114.81,-0.44,0.25,-1.00,5,2
1772043192.873526,531335,-0.11,0.05,-0.03,37.19,68.12,255.19,-21.00,-8.25,-2.69,-0.04,0.03,0.02,1.81,83.50,115.12,0.69,-1.81,1.00,5,1
1772043193.062896,531524,0.05,0.05,0.00,37.63,69.37,257.06,-0.75,-2.31,-3.31,-0.01,-0.02,0.08,2.25,83.50,114.81,-0.06,-1.50,2.37,5,1
1772043193.254218,531716,0.04,0.04,0.09,37.38,70.06,257.62,-1.56,-3.69,-2.87,-0.05,-0.08,0.16,2.56,83.69,114.50,-2.56,-4.31,0.56,5,1
1772043193.445028,531907,-0.07,-0.04,0.15,39.25,71.06,258.62,-6.31,1.00,-4.50,-0.03,0.04,0.10,3.06,84.00,115.19,-3.56,1.69,8.19,4,2
1772043193.635646,532097,-0.14,0.40,-0.05,36.50,72.75,260.94,-0.88,-2.44,-12.56,0.12,0.01,0.21,38.44,82.50,113.75,5.62,15.13,9.56,4,2
1772043193.825271,532287,-0.10,0.01,-0.27,34.81,74.12,261.50,3.62,-4.56,1.37,0.00,-0.02,0.11,37.56,81.75,112.69,1.56,-0.13,-2.69,4,2
1772043194.014306,532476,0.11,-0.07,0.14,35.75,73.62,260.62,1.62,0.44,2.19,-0.03,-0.04,0.04,35.75,82.00,112.62,2.06,-1.81,-1.00,4,2
1772043194.206621,532668,-0.03,-0.01,-0.04,36.25,73.62,260.31,-0.19,0.62,-0.94,-0.01,0.03,0.01,35.88,82.19,112.62,0.75,0.06,-1.00,5,2
1772043194.397540,532859,-0.02,0.05,0.02,35.81,73.31,260.12,2.62,1.87,3.56,-0.03,0.06,0.05,34.44,82.31,112.81,0.06,-0.44,-1.75,5,1
1772043194.588398,533050,-0.25,0.31,-0.20,34.94,72.37,259.19,8.56,10.94,2.69,0.01,0.06,0.01,32.94,82.31,113.00,-0.44,2.12,-0.25,6,1
1772043194.777979,533240,0.28,-0.30,0.39,29.75,69.69,256.62,13.31,8.38,5.50,-0.01,-0.09,0.05,32.13,82.12,113.06,0.75,-0.75,-1.37,6,2
1772043194.967197,533429,0.07,0.08,0.16,30.44,69.31,255.94,-5.50,-10.00,-0.62,-0.05,0.09,-0.05,29.81,82.44,113.31,1.37,0.56,-2.06,6,2
1772043195.159257,533621,-0.03,-0.15,0.04,34.00,70.31,256.25,-8.69,-7.69,1.81,0.00,0.01,0.01,28.81,82.37,113.25,0.06,-0.25,-0.19,6,1
1772043195.350631,533812,0.02,0.07,-0.12,36.19,71.19,257.19,-2.94,-0.25,-1.81,-0.04,0.00,0.04,29.00,82.31,113.37,-0.37,-0.94,1.50,6,1
1772043195.541733,534003,0.04,0.13,-0.03,35.38,71.50,257.81,-2.62,-0.06,-2.37,-0.03,0.06,0.06,30.25,82.31,113.44,-1.87,-2.12,-0.50,6,2
1772043195.732008,534194,0.05,0.07,0.06,35.13,71.50,258.06,-0.69,0.13,0.31,-0.01,0.01,0.05,30.50,82.50,113.62,0.25,-0.06,-0.75,6,1
1772043195.922733,534384,-0.02,-0.01,0.00,35.75,71.50,257.81,0.69,-1.44,0.69,-0.01,0.04,0.06,30.25,82.50,113.56,0.13,-0.31,-0.19,6,1
1772043196.113542,534575,-0.01,0.01,-0.01,35.94,71.50,257.75,-0.44,0.37,-0.62,0.00,0.03,0.05,30.44,82.50,113.62,-0.06,0.06,-0.50,6,1
1772043196.304185,534766,-0.02,0.02,0.05,36.00,71.44,257.69,0.19,-0.31,0.56,-0.10,0.09,0.04,30.37,82.56,113.56,0.06,-0.88,-0.37,5,1
1772043196.494808,534956,-0.04,0.01,0.01,36.19,71.44,257.62,-0.37,-0.94,-0.37,-0.03,0.05,0.03,30.56,82.56,113.56,-0.44,-0.13,-0.44,5,2
1772043196.685152,535147,-0.03,-0.01,-0.02,36.31,71.50,257.69,0.31,-0.44,0.00,0.00,0.05,0.07,30.62,82.62,113.56,0.31,-0.50,0.13,5,2
1772043196.875402,535337,-0.01,0.13,0.00,35.44,71.12,257.62,2.44,4.37,0.25,-0.01,0.03,0.05,30.75,82.62,113.56,0.69,0.75,0.25,4,2
1772043197.066303,535528,0.14,0.07,0.09,33.13,70.12,256.87,7.94,5.25,1.62,0.08,-0.02,0.13,29.94,82.50,113.37,1.19,0.62,-0.50,4,2
1772043197.256973,535719,0.09,-0.09,0.17,33.25,69.81,256.00,-2.25,-3.31,-0.13,0.00,0.11,0.02,29.62,82.56,113.37,2.69,1.75,0.37,4,2
1772043197.447648,535909,-0.07,0.01,0.01,35.50,70.56,256.37,-1.00,-2.06,-1.25,0.00,0.02,0.10,29.62,82.56,113.25,-0.88,-0.56,0.50,4,2
1772043197.637156,536099,0.17,0.12,0.39,35.81,71.00,256.87,-3.44,-2.12,-3.50,-0.04,0.25,0.05,29.62,82.44,113.19,6.69,9.56,-2.31,4,2
1772043197.827498,536289,-0.41,-0.06,-0.41,41.25,72.00,256.44,-3.50,-16.31,5.31,0.04,-0.15,0.03,20.56,81.81,113.12,-2.19,-3.06,-2.87,4,2
1772043198.019101,536481,0.05,0.08,-0.03,45.19,72.37,256.87,-4.56,4.06,-5.44,-0.05,-0.02,0.25,23.00,81.56,113.62,-3.37,-1.00,3.06,4,3
1772043198.210224,536672,-0.02,0.10,-0.10,43.75,73.56,258.69,-3.62,0.37,-4.00,0.00,0.04,0.12,25.44,81.37,113.62,-2.69,-1.25,-0.88,5,2
1772043198.401144,536862,-0.07,0.06,-0.15,43.50,73.62,259.37,-2.06,2.56,1.12,-0.14,0.00,-0.13,24.81,81.75,114.31,-3.31,-5.44,-2.31,5,2
1772043198.590566,537052,0.21,-0.02,0.18,40.94,72.81,259.81,-2.19,3.06,-3.19,0.08,0.02,0.13,26.25,82.19,114.69,0.31,-2.62,-0.13,6,2
1772043198.780076,537242,0.01,-0.10,0.10,40.38,73.06,260.19,0.81,2.62,-1.37,0.00,0.03,0.08,27.56,82.50,114.75,-2.06,-0.19,-0.06,6,2
1772043198.971945,537434,-0.17,0.04,-0.09,40.31,73.12,260.56,2.62,0.37,-0.75,0.01,-0.04,0.08,28.56,82.56,114.81,-1.19,0.06,1.50,7,2
1772043199.163247,537625,-0.12,0.21,-0.17,39.00,72.94,260.69,0.56,1.69,-0.94,0.01,0.03,-0.01,29.81,82.56,114.69,0.69,-0.62,-0.37,6,2
1772043199.353911,537816,-0.20,0.17,-0.09,35.31,71.56,259.69,20.25,20.56,2.44,-0.15,0.08,0.32,27.69,82.31,114.62,0.56,1.31,0.13,6,2
1772043199.544291,538006,0.08,-0.03,0.21,30.44,69.87,258.31,-7.62,-1.94,-3.50,-0.03,0.10,-0.03,28.06,82.56,114.56,-0.37,-0.88,-0.31,6,2
1772043199.734804,538197,-0.04,-0.09,0.02,31.12,70.44,258.81,2.12,-1.56,0.31,0.03,-0.01,0.07,29.44,82.56,114.37,-0.50,-0.62,0.88,6,2
1772043199.925565,538387,-0.04,0.00,0.09,33.31,70.81,259.06,-12.25,-6.81,1.06,0.00,-0.03,0.04,29.50,82.44,114.19,-1.44,1.06,0.25,6,2
1772043200.116589,538578,0.00,0.11,0.03,35.19,71.44,259.81,1.69,-0.50,-1.25,-0.08,0.00,0.05,30.06,82.31,114.12,0.31,-0.69,2.06,5,2
1772043200.307298,538769,0.06,0.00,0.04,35.44,71.94,259.75,-2.62,-3.31,-1.69,-0.01,0.02,0.01,31.31,82.37,114.00,0.31,-0.44,0.00,5,2
1772043200.497817,538960,0.04,0.00,-0.01,36.69,72.62,259.94,0.25,-2.25,-0.44,-0.04,0.00,0.03,31.12,82.31,114.00,0.00,-0.19,0.25,5,2
1772043200.687734,539149,0.00,0.04,0.00,36.94,72.94,260.00,-0.56,0.56,-0.81,-0.03,-0.06,0.04,31.31,82.31,114.00,-1.37,-0.06,-0.13,6,3
1772043200.879075,539341,0.02,0.07,0.01,37.00,72.94,260.19,-0.75,0.25,0.44,-0.01,-0.04,0.05,31.00,82.25,114.06,0.31,0.69,-0.44,6,4
1772043201.070122,539532,-0.08,0.00,-0.02,37.75,72.81,260.00,-1.87,-0.19,3.50,0.00,0.02,-0.02,30.62,82.44,114.37,-1.00,-1.37,-1.50,7,4
1772043201.260664,539722,0.00,0.03,0.05,37.75,72.50,259.81,0.50,-0.06,-0.31,-0.03,-0.06,-0.05,30.44,82.50,114.44,-0.37,-0.94,0.69,7,4
1772043201.451018,539913,0.07,0.22,-0.01,36.38,72.19,259.94,1.00,5.56,-1.37,-0.02,-0.01,0.03,31.37,82.50,114.37,-0.13,0.44,0.06,9,5
1772043201.640678,540102,0.06,-0.09,0.10,33.31,71.44,259.06,6.06,1.37,3.56,0.02,-0.11,0.02,30.37,82.50,114.50,-0.81,-2.00,-1.37,10,6
1772043201.831714,540294,0.09,0.10,0.12,33.63,71.00,258.44,-0.62,0.19,2.81,-0.01,-0.04,0.02,27.25,82.62,114.94,-0.81,2.44,-2.81,10,6
1772043202.023049,540485,0.15,-0.12,0.13,35.56,70.69,257.81,-1.69,-3.62,4.44,0.02,0.00,0.08,22.69,82.44,115.37,-0.13,-0.06,-0.37,10,5
1772043202.213692,540675,0.08,-0.03,-0.06,39.06,71.00,257.94,-4.44,2.00,-3.25,-0.04,0.00,0.22,22.37,82.25,115.56,2.19,0.75,0.06,11,6
1772043202.404589,540866,0.00,-0.01,-0.06,39.19,71.44,258.50,-1.06,-1.06,-0.13,0.00,-0.04,0.11,23.12,82.31,115.56,0.13,-1.50,1.25,11,7
1772043202.594857,541056,-0.07,0.04,-0.02,38.81,71.87,258.56,2.25,-1.69,-0.62,0.00,-0.04,0.03,25.62,82.25,114.87,0.06,-0.94,1.25,8,5
1772043202.785735,541248,0.04,0.10,0.06,38.63,71.87,258.50,-1.06,0.88,-0.56,0.00,-0.05,0.03,26.25,82.31,114.81,0.44,-0.50,0.56,8,5
1772043202.976402,541438,0.00,0.06,0.02,38.69,72.06,258.62,-1.44,0.50,-0.44,-0.02,-0.03,0.03,26.69,82.25,114.87,-0.75,-0.37,-0.69,10,7
1772043203.166825,541629,-0.01,0.03,-0.04,39.13,72.06,258.81,-0.81,-1.37,1.50,0.02,-0.01,0.01,25.37,82.31,115.00,1.62,1.12,-0.94,10,7
1772043203.357115,541819,0.00,0.03,0.07,39.56,72.00,258.62,-0.62,0.44,0.50,0.01,0.00,0.04,25.00,82.37,115.06,-0.19,0.19,-0.06,8,6
1772043203.547674,542009,-0.13,0.15,-0.15,39.63,71.94,258.50,2.06,3.37,-0.25,-0.02,-0.05,0.01,24.94,82.44,115.00,1.00,0.44,0.37,7,6
1772043203.738118,542200,0.17,-0.02,0.09,36.25,70.69,257.69,10.13,5.94,0.94,-0.06,-0.10,0.17,24.25,82.25,114.81,2.87,0.00,-0.69,7,6
1772043203.929684,542391,-0.10,-0.35,-0.09,38.00,71.12,256.62,-3.56,-29.37,0.37,-0.17,0.63,-0.92,21.44,82.94,115.19,-0.62,-9.88,-4.87,7,6
1772043204.119636,542582,0.11,0.03,0.14,42.31,72.25,256.94,2.69,0.50,2.81,0.13,-0.07,0.07,21.44,82.00,113.69,8.44,1.56,-0.19,6,5
1772043204.310252,542772,-0.17,0.15,0.04,43.50,72.44,256.75,-6.87,1.94,0.69,-0.02,-0.24,0.19,21.12,81.44,113.00,1.31,4.37,0.56,5,5
1772043204.499852,542962,-0.12,0.22,-0.15,43.88,72.44,257.62,-8.56,6.19,-1.69,-0.03,0.00,0.10,21.25,82.12,114.31,0.19,1.56,1.06,5,5
1772043204.690468,543152,-0.16,0.02,0.02,41.19,72.19,258.06,0.88,3.00,-2.25,0.11,0.07,-0.01,24.75,82.37,114.00,-4.69,2.06,3.62,6,5
1772043204.882203,543344,0.03,-0.17,0.22,38.94,71.56,258.31,-3.75,1.44,-9.31,-0.02,0.02,0.00,35.00,82.00,114.12,-4.75,-1.12,3.00,4,3
1772043205.073143,543535,0.12,0.32,-0.04,37.06,72.62,260.75,-3.62,-1.37,-1.56,-0.02,-0.05,0.02,36.75,82.06,114.31,-2.50,-0.44,0.31,4,3
1772043205.263585,543725,-0.06,0.06,-0.06,37.50,72.94,260.94,0.00,0.25,-2.44,-0.01,-0.05,0.03,38.19,81.87,114.25,-0.13,0.50,0.94,4,3
1772043205.453503,543915,0.03,0.03,0.03,36.81,73.06,261.06,1.50,-0.31,0.62,0.02,-0.02,0.07,38.13,81.81,114.19,0.56,0.00,-0.44,5,3
1772043205.644636,544106,-0.02,0.02,0.03,37.50,73.00,260.81,0.25,-0.88,-0.06,-0.01,0.02,0.00,38.00,81.87,114.25,0.25,-0.25,-0.31,5,3
1772043205.835540,544297,-0.10,0.03,-0.09,37.44,72.94,260.56,2.69,2.12,0.88,-0.01,0.01,-0.01,37.75,81.87,114.19,0.44,0.62,-0.50,6,2
1772043206.025995,544488,0.48,-0.13,0.38,32.75,71.56,259.31,17.75,5.62,2.19,0.00,-0.08,0.03,36.56,81.62,113.94,1.25,-2.25,0.13,6,2
1772043206.217179,544679,-0.05,-0.04,0.01,33.81,71.69,258.31,-3.06,-0.50,-0.62,-0.02,0.02,0.00,35.88,81.69,114.00,-0.88,-0.69,-1.12,7,2
1772043206.407589,544869,0.08,-0.06,0.12,34.50,71.69,258.62,-0.13,-0.69,0.31,-0.02,0.02,0.07,35.44,81.81,114.06,0.62,0.69,-0.56,6,2
1772043206.597464,545059,-0.04,-0.11,0.02,36.19,72.12,258.62,-3.12,-4.75,1.44,0.01,0.06,0.05,34.88,82.00,114.25,-0.94,-1.19,-1.00,6,2
1772043206.788996,545251,-0.09,-0.01,-0.04,38.31,72.56,258.81,-1.37,-3.56,-0.88,-0.01,0.00,0.04,35.31,82.06,114.31,-0.25,0.00,0.81,6,2
1772043206.979506,545441,0.03,0.04,0.03,38.38,73.00,259.25,-0.56,-1.75,-0.44,0.00,-0.01,0.02,35.69,81.94,114.19,-0.19,0.37,0.13,6,2
1772043207.170651,545633,0.00,0.08,-0.02,39.38,73.31,259.31,-1.25,-1.87,0.75,0.01,-0.01,0.04,35.75,81.94,114.19,-0.19,-1.12,0.69,7,3
1772043207.359929,545822,0.08,0.09,0.03,40.13,73.44,259.19,1.37,-1.75,1.75,0.02,-0.05,0.06,35.63,82.00,113.81,3.12,0.50,-0.06,6,3
1772043207.550101,546012,-0.10,0.03,-0.03,41.56,73.50,258.56,-0.75,1.25,2.19,0.00,-0.04,0.03,33.25,82.12,113.87,-0.56,0.56,-2.00,6,3
1772043207.741514,546204,-0.06,0.25,0.02,39.81,72.37,258.12,8.13,10.00,1.50,0.01,0.07,0.11,31.19,82.06,114.06,2.00,2.37,-0.13,8,4
1772043207.932669,546395,-0.08,0.14,-0.03,37.31,71.19,256.06,13.25,4.31,4.37,0.02,-0.09,0.15,29.37,81.94,113.50,3.37,-1.12,-1.12,8,4
1772043208.123372,546585,0.09,-0.18,0.18,35.88,70.00,253.75,4.44,3.62,5.12,-0.04,0.06,0.00,26.06,82.00,113.69,1.87,1.25,-2.31,7,4
1772043208.313070,546775,0.07,-0.35,0.26,37.13,69.00,252.62,-3.37,-0.19,5.06,-0.01,-0.03,0.16,24.31,82.06,113.81,1.06,-0.13,0.06,8,4
1772043208.502951,546965,-0.09,0.23,-0.19,41.25,69.44,253.69,-5.62,-3.00,-3.25,-0.01,0.06,0.13,25.56,82.37,113.94,-1.06,-1.37,0.56,10,5
1772043208.695477,547157,0.02,0.07,0.01,40.44,69.75,254.31,1.69,-0.37,-1.56,0.02,-0.11,0.05,27.31,82.62,113.75,-1.06,-2.75,0.44,9,5
1772043208.887612,547349,0.09,0.13,0.12,39.63,69.75,254.81,-3.31,0.81,-0.37,-0.03,0.02,0.03,28.06,82.87,113.94,-1.25,-1.31,-0.56,10,5
1772043209.080608,547542,-0.02,-0.02,-0.04,39.94,69.81,255.25,-5.19,0.00,-0.94,-0.02,-0.06,0.15,27.94,83.12,114.44,-2.69,-1.06,-1.12,9,5
1772043209.269800,547731,-0.04,-0.02,-0.04,40.50,70.06,256.81,-11.94,2.12,-5.87,-0.05,0.05,0.07,3.19,83.75,115.87,-9.38,-3.06,-0.88,9,7
1772043209.458912,547921,-0.05,0.26,-0.01,39.19,70.44,258.94,-1.62,0.94,-1.56,0.01,-0.02,0.06,3.12,84.06,116.44,-0.06,-1.69,-0.88,7,7
1772043209.650934,548113,0.07,0.03,0.10,38.63,70.12,258.69,1.31,1.00,2.19,0.01,-0.01,0.03,3.00,84.12,116.37,1.44,0.44,-0.37,5,6
1772043209.843324,548306,-0.01,0.29,-0.15,37.25,69.56,257.69,15.63,10.63,0.31,0.00,-0.02,0.13,3.19,83.87,115.87,1.87,0.94,1.56,5,5
1772043210.035133,548497,0.11,-0.20,0.16,32.06,68.37,255.44,10.31,1.69,2.19,-0.01,-0.02,0.04,3.25,83.69,115.37,1.31,-0.50,-0.75,6,6
1772043210.225252,548687,0.19,-0.29,0.28,32.81,68.00,254.69,-2.31,-5.12,3.25,0.00,0.01,-0.02,3.12,83.62,115.25,2.25,-0.50,-0.62,7,6
1772043210.414199,548876,-0.01,-0.08,0.06,38.06,68.44,255.62,-14.44,-3.69,-0.19,0.00,0.06,0.00,3.12,83.44,115.00,2.87,2.94,0.50,6,5
1772043210.607172,549069,0.00,-0.02,-0.05,40.94,69.00,257.62,-13.50,-2.50,-0.44,0.00,-0.02,0.11,3.19,83.25,115.12,-4.69,-0.13,-0.37,7,5
1772043210.798139,549260,-0.03,0.22,-0.04,42.81,69.94,259.69,-6.87,-5.44,-4.19,0.00,-0.02,0.07,3.31,83.12,115.44,-0.62,0.06,1.06,7,6
1772043210.989468,549451,-0.10,0.17,-0.08,43.81,71.00,260.62,-2.50,-2.94,-0.94,0.00,-0.09,0.02,3.37,83.19,115.37,-1.12,-1.62,-0.44,7,6
1772043211.179573,549642,0.00,0.11,0.03,44.25,71.25,260.62,0.88,-1.69,1.19,0.01,0.01,0.09,29.50,83.06,115.25,0.81,0.81,-0.06,6,5
1772043211.370605,549832,0.01,-0.02,0.01,44.88,71.31,259.94,4.37,-1.19,0.75,-0.03,-0.02,0.09,29.12,83.00,115.12,-0.62,-0.13,0.44,7,4
1772043211.560968,550023,-0.02,0.04,0.00,44.38,71.50,259.69,1.25,-0.37,-1.50,-0.02,0.00,0.07,29.25,83.00,115.19,0.00,0.25,0.19,7,4
1772043211.751680,550214,-0.25,0.40,-0.27,42.44,71.44,259.31,13.50,8.25,0.81,-0.03,0.00,0.16,28.69,82.87,115.06,1.06,0.13,0.50,7,5
1772043211.942506,550405,0.14,-0.19,0.17,35.25,69.81,256.50,17.31,8.13,4.94,0.03,-0.17,-0.05,26.56,82.75,114.87,4.50,1.75,-2.81,7,4
1772043212.133669,550596,0.42,0.11,0.47,34.19,68.19,255.56,-2.12,9.25,-0.69,0.00,0.03,0.13,22.31,82.94,115.12,-1.56,-0.31,0.00,6,4
1772043212.323251,550785,0.04,-0.15,0.18,36.81,68.44,255.69,-10.56,-6.12,2.06,-0.05,-0.06,0.10,22.56,82.94,115.25,4.06,1.06,-0.31,5,4
1772043212.514100,550976,0.00,-0.13,0.01,40.56,69.37,256.37,-1.31,-3.44,-0.88,-0.03,0.00,0.14,23.25,82.94,115.56,-1.06,0.44,1.31,5,3
1772043212.704942,551167,-0.06,0.13,-0.07,42.19,70.75,257.44,-3.12,-9.13,-3.00,-0.01,-0.09,0.08,24.44,82.62,115.19,-0.94,0.69,1.50,4,2
1772043212.895342,551357,-0.06,0.05,-0.10,43.69,71.81,258.31,-3.69,0.62,-4.31,-0.04,-0.03,0.14,25.06,82.44,115.31,-0.75,1.06,0.81,4,2
1772043213.085950,551548,0.02,0.15,-0.03,43.19,72.44,259.50,-2.31,-3.06,-1.37,-0.05,-0.02,0.09,25.44,82.37,115.37,-0.62,0.56,-0.13,5,3
1772043213.276399,551738,-0.08,0.08,-0.07,44.19,72.75,259.56,0.88,-1.62,1.44,-0.02,-0.02,0.12,25.31,82.37,115.44,-0.75,-0.75,0.44,5,2
1772043213.466842,551929,-0.02,0.10,-0.02,44.31,72.69,259.50,0.81,0.13,0.37,0.01,-0.06,0.13,25.31,82.37,115.44,0.56,0.50,0.31,5,2
1772043213.657276,552120,-0.14,0.25,-0.26,43.44,72.37,258.94,6.87,7.31,2.56,0.00,-0.07,0.15,25.56,82.37,115.37,1.56,0.44,1.25,6,2
1772043213.847741,552310,0.05,0.01,0.01,36.94,70.44,256.50,21.81,10.50,3.56,-0.01,0.01,0.23,26.06,82.25,114.69,4.12,-1.00,0.81,6,3
1772043214.037706,552500,-0.01,-0.24,0.26,33.00,68.50,252.94,18.06,4.37,6.12,-0.03,-0.01,-0.01,27.00,82.31,114.12,-1.50,-3.25,-1.00,7,3
1772043214.228502,552691,0.29,-0.28,0.49,33.13,67.31,251.62,-7.62,-2.81,0.81,0.00,0.01,0.00,27.81,82.56,114.19,-0.44,-0.56,0.56,7,3
1772043214.420267,552882,-0.16,0.20,-0.16,39.31,69.12,254.75,-31.87,-10.13,-8.44,0.00,-0.04,-0.04,28.44,82.62,114.50,-4.56,-0.19,-0.31,7,3
1772043214.610128,553072,0.33,0.16,0.06,37.75,70.75,258.69,3.62,2.31,-6.12,0.00,-0.04,0.09,28.75,82.19,114.94,-0.50,0.13,1.94,10,5
1772043214.801161,553263,0.04,0.08,-0.06,38.19,71.31,259.06,-2.12,-2.94,-0.81,0.03,-0.16,0.07,29.06,82.00,114.81,-0.19,0.81,-1.00,9,4
1772043214.991487,553454,0.00,0.07,0.00,39.69,71.69,259.37,-2.81,-1.19,-0.19,0.01,-0.01,0.09,29.00,82.00,115.00,0.19,0.50,0.13,9,4
1772043215.181165,553643,-0.03,0.01,0.00,40.69,72.00,259.56,-0.81,-1.62,0.25,-0.02,-0.06,0.09,29.06,82.00,115.00,-1.44,-0.25,0.06,9,4
1772043215.373134,553835,-0.05,0.08,-0.07,41.31,72.31,259.87,-1.87,-2.06,-1.31,-0.02,-0.06,0.08,29.12,81.94,115.19,-0.75,0.13,-0.06,11,5
1772043215.563209,554026,-0.17,0.27,-0.27,41.00,72.44,259.94,3.94,3.50,1.06,0.02,-0.12,0.00,29.00,81.87,115.12,0.88,0.44,-0.75,11,6
1772043215.753970,554216,0.03,-0.06,0.12,35.06,70.81,257.87,21.25,9.31,3.69,-0.02,-0.06,0.13,28.31,81.81,114.87,3.25,-1.87,-0.44,10,5
1772043215.943518,554406,-0.09,-0.14,0.06,34.00,69.75,255.75,1.75,4.44,2.31,0.00,0.00,-0.08,27.87,82.06,114.56,-1.37,-2.12,-2.00,10,5
1772043216.132987,554595,0.18,-0.09,0.35,33.50,68.87,255.87,-5.37,-1.00,-0.69,-0.01,0.05,-0.03,27.31,82.25,115.06,-0.50,0.75,0.37,13,7
1772043216.325667,554788,-0.18,0.13,0.15,36.94,69.69,257.31,-17.31,-8.69,-2.69,0.04,-0.01,-0.04,26.19,81.50,114.87,0.56,5.56,1.25,13,7
1772043216.516609,554979,-0.03,0.10,-0.19,39.25,71.37,258.94,-2.50,-10.56,-2.12,0.02,-0.07,0.22,26.12,81.00,114.87,-0.69,1.81,1.37,11,5
1772043216.707447,555169,0.01,0.07,-0.12,42.13,72.56,259.00,-1.81,-6.37,-0.06,-0.02,-0.07,0.04,26.19,80.44,114.69,-0.56,0.94,0.81,11,5
1772043216.896768,555359,-0.07,0.05,-0.02,43.69,73.12,259.06,-0.81,-0.06,-1.25,0.00,-0.03,0.06,26.56,80.31,114.94,-1.87,1.19,-0.19,13,7
1772043217.087536,555549,0.02,0.04,-0.07,43.56,73.31,259.37,-0.81,-3.19,-0.31,0.01,-0.05,0.16,26.31,80.12,115.00,0.62,-0.31,-0.13,14,7
1772043217.279082,555741,-0.01,0.07,-0.09,44.31,73.56,259.31,1.12,0.50,0.44,0.00,-0.07,0.15,26.62,80.06,114.94,-0.13,-1.25,0.69,11,6
1772043217.469768,555932,-0.11,0.16,-0.16,42.69,73.31,259.06,5.69,8.06,0.00,-0.01,-0.07,0.00,27.37,80.19,114.69,1.12,-0.88,0.13,12,6
1772043217.660243,556123,0.12,-0.02,0.07,36.81,71.94,257.62,12.63,7.81,2.25,-0.01,-0.06,0.10,26.94,80.25,114.56,2.50,-1.56,-1.00,13,7
1772043217.849940,556312,-0.03,0.02,0.12,37.25,70.69,255.62,3.06,-2.94,13.69,0.04,-0.14,-0.09,27.00,80.50,114.19,2.12,1.44,0.31,14,8
1772043218.039704,556502,0.07,-0.20,0.22,38.31,69.94,254.31,-3.00,0.19,-1.56,0.00,0.14,-0.02,25.94,80.56,114.12,1.81,2.00,-0.06,11,6
1772043218.232200,556694,0.05,-0.11,0.15,40.88,70.44,254.94,-8.25,-9.81,-0.50,-0.03,-0.02,0.06,25.50,80.19,113.87,-2.25,0.31,-0.19,10,5
1772043218.423227,556885,-0.05,0.18,-0.14,44.31,71.94,256.44,-3.87,-3.19,-3.44,0.03,-0.02,0.21,25.06,79.94,114.12,-0.25,-0.31,-0.62,11,7
1772043218.613659,557076,0.01,-0.08,-0.07,45.75,72.56,256.94,-1.00,-1.81,-0.56,-0.01,-0.10,0.07,25.69,80.06,114.19,-2.69,-3.00,-0.13,11,8
1772043218.803228,557265,0.17,-0.16,0.11,45.50,72.87,257.87,-3.94,4.31,-3.31,0.01,-0.06,0.16,25.69,80.37,114.56,-2.00,-1.37,-1.75,9,5
1772043218.992707,557455,0.05,0.11,0.04,44.81,73.50,259.87,-6.62,0.50,-4.19,0.03,-0.06,0.02,27.94,80.62,115.00,-2.19,-1.62,1.12,8,5
1772043219.185323,557647,-0.01,0.27,-0.06,43.50,74.00,261.25,-2.12,0.13,-2.25,0.02,-0.06,0.04,29.56,80.75,115.19,-0.94,-0.50,-0.19,7,6
1772043219.375666,557838,-0.31,0.42,-0.36,41.00,73.62,260.94,14.13,12.13,3.75,0.02,-0.11,0.20,29.19,80.75,115.12,1.31,-0.19,-0.19,7,6
1772043219.566156,558029,0.01,-0.24,0.13,35.56,71.50,257.75,11.81,4.12,6.44,0.01,-0.10,0.06,28.19,80.87,114.94,3.00,-1.81,-2.62,5,4
1772043219.756006,558218,-0.03,-0.07,0.04,35.38,70.19,256.19,2.37,4.31,3.50,-0.01,0.00,0.07,26.06,81.44,115.06,2.06,-2.50,-2.81,4,5
1772043219.945275,558408,0.02,0.00,0.10,34.63,69.00,255.19,6.12,6.44,5.00,-0.02,0.02,0.01,23.94,82.12,115.00,3.81,-2.87,-2.50,4,5
1772043220.137899,558600,0.05,-0.08,0.17,34.00,67.62,253.50,6.69,3.50,5.37,0.01,0.00,0.00,22.31,82.87,114.81,2.37,-5.81,-2.00,4,5
1772043220.328802,558791,-0.06,0.08,0.10,33.94,66.87,252.12,7.75,1.37,3.12,0.04,-0.02,-0.04,2.31,83.50,114.56,2.62,-1.94,-0.13,3,3
1772043220.519233,558982,0.05,0.00,0.11,32.06,66.75,250.12,18.94,-3.37,0.00,0.00,-0.03,-0.06,2.31,83.69,114.12,2.06,-0.69,1.25,4,3
1772043220.709562,559172,0.02,-0.40,0.20,30.75,66.56,248.31,-8.69,4.06,2.44,0.02,-0.01,-0.08,2.50,83.56,113.94,-1.87,0.50,0.00,6,4
1772043220.899258,559361,0.20,-0.32,0.47,34.63,66.31,250.75,-36.13,-11.94,-3.69,0.00,-0.04,-0.08,2.50,83.31,114.19,-4.44,-1.94,0.37,7,4
1772043221.091175,559553,0.07,0.22,-0.01,40.75,68.81,255.06,-10.94,-11.06,-7.44,-0.05,0.02,0.02,24.37,82.87,114.37,-1.00,1.87,2.62,7,4
1772043221.282028,559744,-0.01,0.23,-0.23,43.25,71.00,257.06,-4.87,-4.56,-2.94,-0.01,-0.11,0.14,26.06,82.37,114.31,-2.37,1.56,1.25,8,4
1772043221.472574,559935,-0.15,0.30,-0.28,42.63,71.75,257.94,4.62,8.56,-2.12,0.01,-0.04,0.13,26.50,82.25,114.56,-0.37,-0.06,-0.50,9,5
1772043221.661829,560124,0.07,0.10,0.08,35.00,70.44,256.62,22.62,9.63,4.75,0.03,-0.06,0.12,26.19,82.44,114.56,-0.31,-4.12,-0.69,10,4
1772043221.851543,560314,0.00,-0.16,0.16,32.75,68.62,253.75,4.00,6.69,4.31,-0.02,0.02,-0.03,26.00,82.94,114.37,2.25,-2.56,-0.81,10,4
1772043222.044236,560506,-0.04,-0.09,0.20,31.69,67.44,253.00,0.31,4.56,0.81,0.02,-0.01,-0.03,2.87,83.31,114.50,-0.88,-0.37,-1.37,10,4
1772043222.234589,560697,0.18,0.04,0.35,31.00,66.81,253.06,0.31,-0.44,-0.13,0.05,-0.02,0.01,23.94,83.06,114.44,0.88,2.62,1.31,11,5
1772043222.425745,560888,-0.16,0.06,0.09,36.06,67.69,254.12,-26.62,-10.88,-1.69,0.02,0.00,-0.05,23.56,82.94,114.69,-5.50,-1.06,-0.62,10,6
1772043222.614996,561077,0.11,0.12,0.04,38.88,69.37,256.62,-3.44,-8.94,-1.87,-0.02,0.00,0.10,23.87,82.37,114.81,-1.50,2.75,2.31,8,5
1772043222.805843,561268,-0.18,0.15,-0.34,41.81,71.00,257.12,-2.31,-6.56,-2.75,-0.01,-0.12,0.16,24.94,81.87,114.69,-0.19,0.44,1.25,7,4
1772043222.997623,561460,-0.14,0.29,-0.29,40.19,71.50,257.44,9.81,11.19,-1.44,-0.04,-0.04,0.11,25.75,81.87,114.62,-0.19,-2.06,-0.81,9,4
1772043223.188257,561650,-0.09,-0.16,0.11,34.44,69.62,255.69,10.19,7.06,4.94,0.03,-0.08,-0.02,26.06,82.50,114.69,-1.00,-5.06,-2.87,9,4
1772043223.378638,561841,0.41,-0.27,0.95,32.94,67.75,254.87,-4.94,4.06,0.31,0.01,0.09,-0.14,2.94,83.25,115.06,0.69,-1.81,-0.81,7,3
1772043223.568373,562031,-0.21,0.08,0.08,37.38,68.87,255.62,-3.37,-9.19,-2.12,-0.03,0.00,0.01,25.87,83.12,115.00,-1.19,2.31,1.50,7,3
1772043223.757784,562220,0.03,-0.01,0.05,39.38,70.00,256.37,-6.62,-6.69,-3.00,0.00,-0.01,0.07,26.25,82.50,115.00,-1.06,3.62,1.25,6,3
1772043223.950343,562413,0.00,0.02,-0.03,41.94,71.50,257.62,-5.94,-9.38,-3.12,-0.08,0.04,0.03,26.44,81.94,114.87,-1.50,1.56,1.44,7,3
1772043224.141215,562604,0.03,0.12,-0.03,44.50,72.81,258.31,1.75,-7.37,0.25,-0.04,-0.09,0.03,28.81,81.44,114.75,-1.87,2.19,2.37,7,2
1772043224.332549,562794,-0.01,0.05,-0.04,46.75,73.62,258.44,-2.94,-5.62,-3.75,-0.03,-0.06,0.07,29.81,80.75,114.56,-0.88,2.00,2.62,7,2
1772043224.521986,562984,-0.07,0.03,-0.13,47.56,74.50,259.00,0.50,-1.25,-3.00,-0.01,-0.10,0.15,30.94,80.25,114.19,-0.37,0.19,0.37,8,2
1772043224.711891,563174,0.04,0.28,-0.17,43.81,74.44,259.25,9.56,14.56,1.31,-0.06,-0.04,0.13,30.56,80.37,114.25,0.94,-1.12,-0.88,8,2
1772043224.903607,563366,-0.16,-0.03,0.00,37.13,72.06,257.00,14.88,13.50,2.19,-0.02,-0.07,0.10,29.87,80.81,114.19,2.62,-1.75,-2.75,7,2
1772043225.094140,563557,-0.07,0.00,0.12,33.00,69.69,254.87,7.00,8.44,6.06,0.02,0.00,0.03,26.69,81.56,114.75,1.75,-1.12,-4.56,7,1
1772043225.285358,563748,0.17,-0.11,0.42,32.50,67.94,253.44,2.00,-0.69,2.25,-0.01,0.01,-0.09,21.44,82.00,115.62,-7.06,1.06,-4.94,8,2
1772043225.475013,563937,0.02,-0.26,0.50,34.44,68.00,253.00,-12.75,-5.75,3.81,-0.03,0.03,-0.12,18.19,82.31,116.06,3.37,-3.94,-0.50,8,2
1772043225.664614,564127,-0.21,-0.08,-0.02,39.63,68.81,253.75,-3.94,-6.31,-1.37,0.00,0.00,0.13,21.19,82.62,115.75,-0.69,0.44,2.44,8,2
1772043225.856549,564319,-0.05,0.23,-0.10,39.94,69.75,254.56,-0.31,-2.94,-2.37,-0.05,-0.03,0.00,23.50,82.44,115.19,2.37,0.31,2.69,8,2
1772043226.047998,564510,0.00,0.09,-0.03,39.44,70.00,254.50,2.12,0.13,-1.31,-0.02,-0.06,0.01,26.44,82.37,114.75,-0.50,-1.44,0.94,7,2
1772043226.238592,564701,0.10,0.01,0.14,37.88,69.75,254.56,1.25,2.31,0.88,0.03,-0.04,-0.02,26.75,82.44,114.75,0.75,0.06,-0.31,7,2
1772043226.427978,564891,-0.06,0.14,0.01,36.81,69.37,254.12,6.06,4.37,-0.06,-0.06,0.04,0.08,26.25,82.31,114.69,1.94,1.62,-0.69,7,2
1772043226.617395,565080,0.15,-0.04,0.05,33.69,68.50,252.81,12.06,2.94,2.62,-0.03,0.02,0.04,25.19,82.19,114.69,0.06,-0.50,-1.44,6,2
1772043226.809814,565272,0.28,0.06,0.17,31.62,67.56,251.31,8.69,6.50,2.00,-0.03,-0.01,0.09,24.00,82.31,114.87,-0.94,-1.50,-2.25,6,2
1772043227.001022,565464,-0.06,-0.21,0.05,29.44,67.37,249.81,8.19,3.25,0.25,-0.03,0.02,0.04,23.56,82.56,115.00,1.31,-1.00,0.25,5,3
1772043227.192737,565655,0.21,-0.55,0.57,30.87,67.19,250.31,-32.13,-9.19,0.81,-0.03,0.00,-0.17,23.62,82.69,115.00,0.00,-1.06,-1.19,5,3
1772043227.382002,565844,0.13,0.52,-0.25,36.00,67.50,254.87,-9.50,14.56,-6.69,-0.08,0.08,0.34,24.12,82.62,115.44,-0.75,0.62,3.19,5,3
1772043227.571582,566034,0.06,-0.01,0.02,33.94,67.62,255.50,3.44,-5.87,-3.44,-0.02,-0.13,0.04,29.19,82.25,114.19,0.88,-1.06,2.81,4,2
1772043227.763909,566226,-0.10,0.19,0.03,34.56,68.62,256.12,-5.12,-1.19,-2.00,-0.03,0.00,-0.06,30.81,82.62,114.44,-1.62,-0.06,-1.00,5,3
1772043227.954747,566417,-0.09,0.15,-0.04,34.19,68.56,256.25,3.50,2.19,2.00,-0.04,0.05,-0.01,29.75,82.56,114.44,1.31,1.87,-0.50,6,3
1772043228.146343,566609,0.10,-0.14,0.06,32.13,67.69,254.62,13.88,1.56,3.37,-0.02,0.00,0.06,28.44,82.25,114.25,-0.56,-0.13,0.69,6,2
1772043228.337187,566799,0.00,-0.20,-0.02,31.50,67.50,253.19,-1.56,-0.06,-0.56,0.10,0.01,0.03,29.56,82.25,114.19,-0.75,-2.00,0.19,8,3
1772043228.526281,566989,-0.03,0.04,0.16,31.06,67.56,253.75,-2.12,1.12,-1.37,0.05,-0.05,0.04,30.62,82.50,114.25,-1.94,-2.12,0.69,8,3
1772043228.717687,567180,0.05,-0.17,0.27,34.44,68.12,255.25,-33.38,-12.94,1.44,0.00,0.04,-0.17,31.81,82.56,114.37,-1.50,-1.06,-0.06,8,3
1772043228.909804,567372,0.00,0.20,-0.09,37.44,69.69,257.87,8.44,-0.44,-3.87,-0.01,-0.05,0.08,32.06,82.44,114.37,-0.81,1.00,1.25,8,2
1772043229.102474,567565,-0.01,-0.01,-0.05,36.81,70.06,257.56,-2.87,-2.87,-0.06,-0.02,-0.07,0.08,31.81,82.25,114.56,-1.69,-0.31,-0.69,8,2
1772043229.293855,567756,0.39,-0.11,0.27,38.06,70.50,258.00,-2.56,-2.94,-0.56,-0.05,-0.05,0.03,31.69,82.50,114.81,-0.94,-3.25,-1.31,9,2
1772043229.485429,567948,-0.16,0.19,-0.21,40.06,71.62,258.62,0.81,5.62,0.44,-0.01,-0.01,0.03,31.44,82.62,114.94,0.37,0.06,0.31,9,2
1772043229.675813,568138,-0.04,0.12,0.03,37.19,70.56,258.00,5.56,6.50,1.62,-0.02,-0.02,0.00,31.25,82.62,115.00,0.56,1.00,-0.25,8,2
1772043229.867733,568330,0.25,-0.09,0.25,32.13,68.94,256.00,22.25,9.25,3.81,0.00,-0.07,0.06,30.25,82.44,114.75,1.75,-0.19,-0.75,7,2
1772043230.059437,568522,-0.09,-0.04,0.02,31.94,68.12,254.00,-1.00,3.56,3.50,-0.01,0.00,-0.02,28.62,82.62,114.87,-0.13,0.00,-1.75,7,2
1772043230.249619,568713,0.07,0.01,0.18,31.75,67.44,253.56,2.06,0.88,3.62,0.00,0.00,0.04,26.75,82.62,114.94,1.37,0.88,-0.25,5,1
1772043230.439601,568902,-0.01,-0.14,0.09,33.88,67.62,253.19,-6.50,-3.06,2.19,-0.02,0.04,0.01,26.00,82.56,115.06,-3.19,1.50,0.19,5,1
1772043230.629349,569091,-0.17,0.39,-0.22,39.31,68.19,255.31,-21.81,-7.00,-1.06,0.06,0.07,-0.01,25.50,82.56,115.37,-7.19,-3.25,-1.75,4,2
1772043230.820192,569283,0.09,-0.39,0.07,37.50,68.50,255.87,5.12,1.31,-2.19,-0.02,-0.03,0.03,29.31,82.62,115.44,3.50,-0.62,2.44,5,2
1772043231.011601,569474,-0.05,0.07,-0.04,36.44,69.12,256.69,-2.81,-2.69,-2.00,0.01,0.00,-0.03,31.06,82.75,115.31,-2.25,-1.75,0.56,5,2
1772043231.201732,569664,0.06,0.08,0.00,35.63,69.37,257.06,2.56,0.62,-2.56,-0.01,-0.06,0.01,34.06,82.69,115.00,1.56,0.25,1.75,5,2
1772043231.392200,569855,0.00,0.20,-0.07,32.94,69.50,256.75,10.50,3.19,0.19,-0.05,0.00,-0.02,33.94,82.56,114.75,0.81,1.81,-0.31,4,2
1772043231.581583,570044,0.17,-0.22,0.37,30.37,68.44,254.56,8.81,-1.75,5.94,0.03,0.01,0.00,33.25,82.44,114.69,2.06,0.37,-0.81,4,2
1772043231.773377,570236,-0.03,-0.02,0.04,31.69,68.25,253.62,1.81,2.44,1.37,-0.02,0.01,-0.01,31.12,82.44,114.44,-2.19,0.44,-1.62,4,2
1772043231.964106,570427,0.14,-0.04,0.15,32.38,67.87,253.44,-2.06,-2.00,1.69,0.01,0.03,0.10,29.00,82.37,114.87,0.13,0.81,-0.37,5,2
1772043232.155044,570617,-0.03,0.01,-0.05,37.50,68.62,254.25,-22.00,-9.50,0.25,-0.05,0.00,-0.10,28.12,82.44,115.00,-3.37,-0.06,-1.37,4,2
1772043232.345038,570808,0.00,0.09,-0.07,38.63,69.25,255.87,-2.19,1.12,-3.44,0.00,0.08,0.14,28.87,82.37,115.37,0.37,0.50,1.19,5,2
1772043232.535037,570997,-0.02,-0.08,-0.02,38.38,69.62,256.12,0.56,-4.00,-1.00,-0.01,0.00,0.01,30.37,82.31,115.00,-0.88,-0.25,0.62,5,1
1772043232.726189,571189,0.02,0.15,0.01,38.44,70.06,256.75,-1.44,-1.00,-2.56,0.00,-0.03,0.01,31.50,82.31,115.06,-0.37,-0.13,0.75,5,1
1772043232.916910,571380,0.00,0.12,-0.08,37.56,70.25,256.94,3.69,2.12,0.00,-0.03,-0.03,0.10,31.50,82.31,115.06,0.69,0.06,-1.00,5,1
1772043233.107402,571570,-0.15,0.23,-0.18,35.25,69.50,256.19,11.06,10.94,0.31,0.00,0.02,0.14,29.87,82.44,115.12,1.62,0.88,-1.56,6,2
1772043233.296813,571760,0.03,-0.07,0.08,31.19,67.75,254.25,7.50,5.62,6.56,0.04,-0.16,-0.06,26.69,82.44,115.06,1.12,3.81,-3.44,6,2
1772043233.487740,571950,0.06,0.00,0.14,31.50,66.56,252.81,5.81,-1.19,7.94,0.00,-0.02,-0.09,20.69,82.19,115.06,1.06,-0.94,-1.00,7,2
1772043233.679774,572142,-0.12,-0.23,0.09,35.88,66.94,252.25,-19.94,-13.00,-1.12,-0.01,0.05,-0.02,19.50,82.69,115.37,-2.06,-2.87,-1.69,7,2
1772043233.870032,572332,-0.10,0.05,-0.10,39.69,68.00,253.87,-0.69,-0.13,-1.81,-0.06,0.00,0.06,21.37,83.00,115.50,2.44,1.25,1.56,6,2
1772043234.061000,572523,0.00,-0.06,-0.02,38.81,68.37,254.12,0.13,-2.50,-0.13,-0.02,-0.07,0.01,22.44,82.87,115.25,-2.81,-2.00,-0.25,7,3
1772043234.250289,572713,0.00,0.01,0.08,39.06,68.81,254.81,-3.81,-2.69,-3.87,-0.02,-0.04,0.08,24.19,83.00,115.50,-1.50,-0.88,1.31,6,2
1772043234.441493,572904,0.00,0.12,-0.04,38.81,69.50,256.00,-2.87,2.06,-3.00,0.00,-0.03,0.15,26.12,83.00,115.62,-0.88,0.19,0.69,6,3
1772043234.632181,573095,0.05,0.00,0.04,37.88,69.56,256.44,0.25,1.06,0.25,-0.06,0.03,0.01,26.31,83.06,115.62,0.62,0.13,-0.19,6,3
1772043234.823184,573286,0.00,-0.07,0.04,38.00,69.62,256.50,-0.06,-1.12,0.13,-0.02,0.04,0.07,26.19,83.06,115.69,-1.25,-0.56,0.75,6,3
1772043235.013712,573476,-0.12,-0.30,0.00,38.38,70.06,257.75,-13.81,0.37,-8.75,0.00,-0.06,0.05,3.19,83.12,115.87,-2.62,-1.06,0.56,5,2
1772043235.204076,573667,0.10,0.52,0.00,36.94,70.62,262.00,-10.69,2.56,-5.87,-0.01,-0.04,0.06,3.25,83.19,116.19,-0.69,0.25,0.81,5,2
1772043235.394623,573857,0.06,-0.06,0.08,35.44,70.81,262.50,1.69,1.56,-0.25,-0.04,-0.05,0.03,3.44,83.12,116.06,-0.06,1.06,0.00,4,2
1772043235.585546,574048,-0.01,0.02,0.03,35.31,70.81,262.50,0.00,-0.25,0.19,-0.01,-0.02,0.10,30.37,83.06,116.19,-1.00,-0.13,0.69,4,2
1772043235.776369,574239,-0.02,-0.06,0.00,35.25,70.81,262.56,-0.50,-0.37,-2.00,-0.01,-0.07,0.10,32.31,83.00,116.12,-1.00,-0.31,0.94,5,2
1772043235.966588,574429,-0.11,0.27,-0.10,34.06,70.94,263.06,2.31,2.31,-1.94,-0.05,0.01,0.01,34.06,83.00,116.06,0.00,-0.94,0.69,5,2
1772043236.156162,574619,0.17,-0.36,0.25,27.87,70.25,259.56,35.06,0.94,3.06,-0.04,-0.15,0.08,35.44,82.87,115.62,2.56,-0.62,0.25,5,2
1772043236.347835,574810,0.00,-0.02,0.07,28.31,69.56,257.12,-2.19,2.06,1.31,-0.01,-0.05,0.05,34.63,82.94,115.56,-0.31,-0.31,-0.37,5,2
1772043236.538763,575001,0.22,-0.31,0.20,29.12,69.56,257.62,-9.88,-3.81,-0.56,0.01,-0.10,0.15,34.88,82.94,115.62,-0.31,0.44,-0.06,5,3
1772043236.729157,575192,-0.17,0.57,-0.15,35.81,70.50,260.25,-10.56,-4.87,-1.44,-0.01,-0.09,0.07,34.50,83.06,115.81,0.94,2.19,0.69,5,3
1772043236.919292,575382,0.01,0.11,-0.03,34.31,70.87,260.25,4.56,1.50,-0.50,0.00,-0.15,0.13,34.69,82.87,115.56,1.25,0.50,0.06,5,3
1772043237.109078,575572,-0.11,0.13,0.00,33.94,70.62,259.37,5.62,1.75,4.50,-0.02,-0.05,0.10,33.25,83.00,115.81,-1.56,-0.62,-1.62,6,3
1772043237.300739,575763,-0.07,-0.08,0.02,34.44,70.25,258.25,0.37,-3.06,1.06,0.00,-0.07,0.02,32.75,83.06,115.75,0.06,-0.31,-1.00,8,5
1772043237.491414,575954,0.02,0.10,0.04,34.44,70.12,258.31,-2.44,2.19,1.62,0.03,-0.03,0.15,3.44,83.19,116.31,-1.94,1.37,-2.44,9,5
1772043237.682247,576145,-0.16,-0.03,0.05,36.63,69.81,258.62,-8.31,-0.37,1.94,-0.03,0.00,0.04,3.06,83.37,117.00,1.81,2.25,-1.37,8,5
1772043237.872860,576335,0.14,-0.01,0.03,36.94,69.69,259.12,-0.94,2.25,-0.50,-0.02,-0.07,0.07,3.00,83.19,117.00,-0.50,-1.25,0.06,8,5
1772043238.062669,576525,-0.07,0.02,-0.11,37.31,69.81,259.31,-2.31,-0.56,-3.37,-0.03,-0.03,0.09,3.06,83.31,117.00,1.75,0.06,0.88,11,7
1772043238.253395,576716,-0.08,-0.03,-0.01,36.69,69.87,259.69,-1.19,2.56,-0.25,0.01,-0.04,0.05,3.12,83.44,117.00,-1.81,-1.94,0.56,11,8
1772043238.444529,576907,-0.02,0.30,-0.05,35.25,69.75,260.31,0.69,2.06,-2.75,0.01,-0.04,0.05,3.31,83.50,116.87,1.62,0.00,1.00,11,6
1772043238.635383,577098,0.28,-0.59,0.38,29.56,69.50,258.12,26.06,2.25,3.50,-0.03,-0.15,0.12,3.50,83.31,116.31,1.56,-0.88,0.50,11,6
1772043238.825982,577289,-0.09,0.18,-0.01,33.13,69.56,257.87,-16.12,1.12,-0.56,0.00,-0.03,0.03,3.50,83.31,116.25,0.75,2.25,0.25,14,8
1772043239.016555,577479,0.03,0.08,0.01,34.19,69.69,258.94,2.06,-1.56,-0.50,0.00,-0.10,-0.02,3.50,83.25,116.25,0.62,-0.62,-0.50,13,9
1772043239.207421,577670,-0.07,0.04,-0.05,34.75,69.69,258.62,-1.44,-1.56,1.69,0.01,-0.02,0.13,3.37,83.37,116.50,0.94,0.50,-1.06,10,7
1772043239.398155,577861,-0.19,0.12,-0.11,35.00,69.50,258.12,4.44,2.37,-0.06,-0.04,-0.04,0.10,3.25,83.37,116.31,2.75,0.69,0.31,10,6
1772043239.588276,578051,0.09,-0.29,0.14,33.13,69.00,256.81,0.75,-6.81,2.12,0.00,0.00,0.11,3.25,83.37,116.06,1.12,2.06,-0.75,10,7
1772043239.779084,578242,-0.10,0.03,0.00,36.19,69.44,257.19,-8.63,-0.62,0.56,0.05,-0.23,0.00,3.12,83.37,116.25,-0.62,-2.37,-0.62,11,8
1772043239.968496,578431,0.22,0.22,0.12,35.81,69.37,258.62,-8.38,3.87,-0.81,-0.02,0.04,0.08,2.87,83.62,117.06,0.44,0.94,-0.94,7,5
1772043240.160375,578623,0.00,-0.38,0.14,37.00,69.12,258.50,-3.00,-5.00,2.75,-0.02,-0.05,0.08,2.87,83.56,116.69,0.13,-1.25,-0.37,7,5
1772043240.350942,578814,0.17,0.36,-0.12,39.00,69.06,259.19,7.62,5.25,-3.44,0.01,-0.01,0.25,2.94,83.44,116.69,1.50,0.25,1.44,7,5
1772043240.541582,579004,-0.05,0.45,-0.17,36.25,68.94,258.00,20.00,4.06,-4.44,-0.06,-0.06,0.08,3.12,83.31,116.19,3.62,0.06,0.37,7,5
1772043240.732016,579195,0.15,-0.27,0.28,30.69,68.44,255.37,6.12,7.37,7.69,-0.01,-0.03,0.03,3.00,83.37,116.12,-2.00,0.50,-1.69,4,3
1772043240.921615,579384,0.03,-0.16,0.10,32.50,67.69,254.56,-2.81,-6.75,1.50,0.00,-0.05,-0.01,2.81,83.31,116.31,-2.37,0.06,0.37,5,2
1772043241.113563,579576,-0.20,0.44,-0.14,37.81,68.50,256.12,-15.06,-4.50,-3.00,-0.01,0.00,0.07,2.87,83.50,116.62,-0.69,1.12,-0.19,6,4
1772043241.304189,579767,0.15,0.02,-0.02,37.94,68.87,256.81,1.56,-1.44,-0.62,0.00,-0.13,0.10,2.94,83.37,116.50,0.75,0.19,0.00,7,4
1772043241.494765,579958,0.02,0.09,-0.01,37.75,68.87,256.69,0.88,2.31,0.75,0.00,-0.03,0.07,2.81,83.44,116.50,0.44,-1.19,-0.19,6,3
1772043241.685093,580148,0.01,-0.12,0.03,37.19,68.75,256.31,1.12,-2.31,0.44,0.00,-0.02,0.04,2.94,83.50,116.25,-0.19,-0.62,0.81,6,3
1772043241.874867,580338,0.02,0.22,-0.05,36.81,69.06,256.56,1.31,0.75,-2.87,0.01,0.03,0.06,3.12,83.56,116.00,1.31,-1.31,1.50,5,4
1772043242.066081,580529,0.14,0.00,0.06,33.50,69.06,255.75,20.44,2.56,-2.00,0.00,-0.11,0.06,3.19,83.56,115.87,-1.87,-2.94,-0.62,5,5
1772043242.257213,580720,0.10,0.05,0.08,30.81,68.56,254.69,-2.37,4.81,-0.62,0.01,-0.01,0.09,3.06,83.75,116.12,-1.31,0.56,-1.62,6,5
1772043242.448012,580911,0.09,-0.12,-0.02,31.25,68.44,254.69,-1.87,-5.25,2.06,0.51,0.04,1.05,2.81,83.87,116.31,-3.25,21.50,8.13,5,5
1772043242.638597,581101,-0.06,0.03,0.31,33.50,68.94,254.81,-2.06,4.87,1.44,0.07,-0.02,-0.01,23.94,83.06,116.00,-7.87,0.37,-2.81,5,5
1772043242.828359,581291,-0.36,0.06,-0.27,37.56,69.25,255.87,-14.19,-4.37,-4.00,-0.01,0.01,0.13,2.31,83.56,118.06,-1.94,-4.37,-0.62,4,6
1772043243.019402,581482,-0.07,0.25,-0.08,37.06,69.44,257.94,-2.37,-0.69,-0.94,0.00,-0.16,0.03,2.50,84.00,117.75,0.00,-1.94,1.06,3,4
1772043243.210158,581673,0.02,0.32,-0.15,35.75,69.56,258.31,3.25,3.87,0.62,0.00,0.00,0.06,2.62,84.06,117.25,3.56,0.62,1.50,3,4
1772043243.401138,581864,0.00,-0.03,-0.04,32.75,68.56,256.62,15.63,2.62,2.62,-0.01,-0.02,-0.06,2.87,83.94,116.25,1.50,-0.37,1.44,3,4
1772043243.591116,582054,0.13,0.00,0.21,28.31,67.87,254.06,18.56,0.44,0.81,-0.03,0.00,-0.05,2.94,83.69,115.81,2.62,-0.56,-0.06,3,3
1772043243.781481,582245,0.05,-0.06,0.15,27.50,67.31,252.12,1.94,1.44,2.12,-0.01,0.00,0.06,2.87,83.81,115.56,-0.50,0.81,0.88,3,2
1772043243.973006,582436,0.00,-0.05,0.03,27.75,67.31,251.75,0.50,-2.87,1.50,-0.02,-0.01,0.11,2.94,83.62,115.62,-1.12,-0.62,0.94,4,1
1772043244.164320,582627,-0.13,0.13,-0.11,33.00,68.06,253.31,-30.00,-3.25,-2.62,-0.02,-0.02,0.06,3.00,83.69,115.75,-2.87,-0.94,-0.88,3,1
1772043244.354066,582817,0.18,0.11,0.02,34.06,68.69,256.25,0.06,0.37,-0.56,0.00,-0.05,0.04,3.25,83.62,115.50,1.00,-0.31,1.44,4,1
1772043244.544969,583008,0.01,0.04,0.00,33.19,68.75,256.37,0.19,1.25,-0.06,-0.02,-0.01,0.03,3.25,83.62,115.56,-1.44,-1.00,-1.00,4,1
1772043244.734621,583198,0.14,0.00,0.01,31.69,68.19,256.19,4.69,7.31,0.31,0.00,-0.02,0.06,3.19,83.69,115.69,0.69,-0.44,0.06,5,1
1772043244.925895,583389,-0.11,0.10,-0.01,29.75,67.50,255.69,7.25,4.81,0.00,0.01,0.02,0.00,3.06,83.81,115.75,-0.13,-1.19,-1.44,5,1
1772043245.116763,583580,0.03,-0.20,0.14,28.19,66.81,254.12,7.19,-1.00,4.31,-0.07,-0.04,0.04,2.81,84.06,115.75,1.69,-2.00,-1.19,5,1
1772043245.307644,583770,0.21,-0.26,0.22,29.44,66.81,253.62,-7.19,-5.06,-0.13,-0.03,-0.02,0.07,2.69,84.12,115.87,1.00,0.13,-0.88,5,1
1772043245.497541,583960,-0.04,0.05,-0.15,33.81,67.62,254.75,-8.31,-0.25,0.44,-0.02,0.00,0.03,2.69,84.00,115.81,-0.37,0.44,0.69,5,2
1772043245.687078,584150,0.00,-0.10,0.02,33.94,67.69,255.31,-4.50,-0.25,-1.50,-0.02,-0.01,0.04,2.62,84.00,116.31,-2.75,-0.25,-0.62,5,2
1772043245.878702,584342,0.00,0.12,-0.01,33.56,67.75,255.81,2.75,-1.31,1.31,-0.01,-0.13,0.04,2.69,84.00,116.19,0.94,-1.31,0.94,4,3
1772043246.069890,584533,-0.08,0.04,0.05,33.75,67.81,255.75,-2.06,2.12,-0.56,0.01,-0.06,0.07,2.56,84.12,116.44,-1.00,1.50,-1.62,4,3
1772043246.260619,584724,0.06,-0.06,0.09,33.56,67.50,255.81,0.56,-0.19,1.62,0.00,-0.08,0.06,2.31,84.12,117.00,-2.56,1.44,-1.06,4,3
1772043246.450527,584913,0.05,-0.03,0.09,34.19,67.56,256.06,-3.06,-2.25,0.37,-0.01,-0.09,0.16,2.12,83.75,117.44,1.25,2.81,-1.25,4,4
1772043246.639924,585103,0.01,-0.04,-0.03,35.31,68.19,256.44,-1.69,-3.69,-0.81,0.00,-0.10,0.10,2.12,83.75,117.31,0.56,-2.25,0.25,4,5
1772043246.832031,585295,0.06,0.10,0.00,35.56,68.69,256.81,-1.12,0.81,-0.56,-0.03,-0.01,0.10,2.12,83.87,117.19,1.25,-0.37,0.31,4,5
1772043247.023307,585486,-0.01,-0.12,0.00,35.38,68.75,256.62,1.37,0.50,-1.00,-0.02,-0.09,0.00,2.31,83.94,117.00,-2.19,-0.31,1.31,4,5
1772043247.213808,585677,0.07,0.25,0.03,34.56,68.94,257.31,-1.44,0.88,-0.31,0.02,-0.07,0.03,2.44,83.94,117.12,0.19,-0.75,1.19,4,5
1772043247.404878,585868,-0.14,-0.05,0.00,34.44,68.81,257.00,0.37,0.37,0.75,-0.01,-0.05,0.02,2.56,83.81,117.06,-1.31,-0.13,-0.50,4,5
1772043247.593948,586057,0.11,0.15,0.02,34.13,68.75,257.19,2.69,-0.81,1.69,0.04,-0.14,0.13,2.56,83.75,116.87,0.88,0.06,1.12,4,4
1772043247.785895,586249,0.12,0.13,0.10,34.13,68.62,257.00,-2.19,-0.13,-1.37,-0.01,-0.05,0.10,2.62,83.75,116.87,1.31,-1.44,0.94,5,4
1772043247.976746,586440,-0.02,-0.02,0.04,34.00,68.75,256.94,-1.94,2.12,-1.62,-0.01,-0.05,0.17,2.69,83.81,116.81,1.94,0.56,0.44,4,4
1772043248.167433,586630,0.00,-0.18,0.06,33.88,68.69,256.94,-1.12,1.00,0.50,0.00,-0.03,0.11,2.62,84.00,116.94,-0.19,-0.13,-0.75,4,4
1772043248.356646,586820,0.00,0.01,0.06,33.63,68.56,257.19,3.06,0.88,0.88,0.01,-0.06,0.08,2.62,84.00,116.94,-0.44,-0.50,0.31,4,3
1772043248.547544,587011,0.08,0.02,0.13,33.44,68.50,257.19,-0.69,0.19,-0.94,-0.02,-0.06,0.06,2.62,84.06,117.06,-0.94,-0.56,0.19,4,2
1772043248.738961,587202,-0.01,0.05,0.00,33.44,68.69,257.37,0.25,-0.37,0.19,-0.02,-0.06,0.12,2.62,84.06,117.12,0.19,0.31,-0.13,4,2
1772043248.929946,587393,-0.02,-0.05,0.00,33.44,68.62,257.31,0.62,1.06,-0.25,-0.01,-0.02,0.11,2.62,84.12,117.12,0.00,-0.06,-0.37,4,2
1772043249.120823,587584,0.09,0.11,0.03,32.06,68.12,257.00,12.13,6.00,0.81,-0.06,-0.05,0.13,2.62,84.12,117.00,2.25,-0.31,0.25,4,2
1772043249.310335,587773,-0.03,-0.07,0.09,31.37,67.56,255.62,1.00,-1.25,1.87,0.00,-0.04,0.06,2.50,84.12,117.00,-0.44,1.25,-1.44,3,2
1772043249.500117,587963,0.01,0.07,-0.01,31.81,67.62,255.50,2.00,-2.44,2.12,-0.01,-0.09,0.04,2.37,84.06,116.87,-1.06,0.19,0.31,3,2
1772043249.692016,588155,0.24,0.06,0.13,32.38,67.44,255.50,-3.69,1.31,-1.19,-0.05,-0.06,0.16,2.31,84.06,117.06,3.25,-1.37,0.50,3,2
1772043249.883438,588346,0.00,-0.29,0.02,33.19,67.81,255.56,-6.56,-0.81,-0.44,-0.03,-0.06,0.12,2.31,84.00,117.19,-1.19,-0.81,-0.94,4,2
1772043250.073800,588537,0.02,0.06,0.06,33.50,67.94,256.81,0.81,1.75,-2.37,0.00,-0.06,0.09,2.44,84.06,117.06,-0.31,0.62,2.06,4,1
1772043250.263468,588726,0.05,0.03,0.00,32.38,68.19,257.25,0.88,-2.19,-1.81,-0.07,-0.10,0.01,2.75,83.94,116.81,-1.44,-1.75,-0.06,4,2
1772043250.453266,588916,0.11,0.12,0.02,32.31,68.31,257.69,-2.44,1.87,-1.56,-0.05,-0.04,0.07,2.75,83.94,117.12,-0.81,-1.12,-0.25,4,2
1772043250.645007,589108,0.03,0.00,0.04,32.06,68.25,257.81,0.62,1.00,-0.25,-0.01,-0.03,0.10,2.75,83.94,117.12,2.31,0.56,1.37,4,1
1772043250.836538,589299,-0.05,-0.07,0.04,31.81,68.31,257.81,0.13,0.19,-1.00,-0.05,-0.05,0.07,3.00,83.81,116.87,-0.44,-1.62,0.56,4,1
1772043251.027632,589491,0.07,0.02,0.01,31.94,68.56,258.06,-2.69,-5.81,0.13,-0.02,-0.06,0.01,3.00,83.87,116.94,-1.62,-0.81,-0.50,6,3
1772043251.216797,589680,0.15,0.28,0.03,32.75,68.75,258.44,-2.31,1.94,-1.12,0.05,-0.15,0.14,3.00,83.87,117.00,3.50,-1.87,0.69,6,4
1772043251.406134,589869,-0.19,0.32,-0.08,31.12,68.50,258.06,8.50,7.56,-0.62,0.02,0.03,0.13,3.00,83.94,116.94,0.44,2.87,-1.31,6,3
1772043251.598426,590061,-0.07,-0.07,-0.05,26.44,67.56,256.31,12.69,1.62,3.62,0.01,-0.07,0.03,2.87,83.75,116.62,-1.00,-0.75,-0.62,6,3
1772043251.789556,590253,0.00,0.09,0.05,26.44,66.81,255.19,-0.25,0.94,1.06,-0.03,-0.02,-0.01,2.69,83.75,116.81,0.00,0.81,-1.69,7,3
1772043251.980711,590444,0.00,-0.03,0.04,27.37,66.62,254.69,-0.37,-1.50,1.75,-0.07,0.00,0.00,2.37,83.62,117.00,0.69,2.12,-1.31,7,4
1772043252.170211,590633,-0.02,-0.12,0.06,28.12,66.56,254.50,-4.37,0.50,0.13,0.00,-0.03,0.07,2.25,83.50,117.25,-0.13,0.31,-0.81,7,4
1772043252.359447,590822,0.11,-0.19,0.18,31.87,66.69,255.50,-26.56,-8.56,4.06,0.04,-0.09,0.00,2.25,83.37,117.31,-1.87,-0.62,-1.75,7,3
1772043252.551503,591015,0.16,0.10,0.01,35.69,67.44,257.69,-8.06,-1.37,-2.69,-0.05,-0.09,0.08,2.31,83.44,117.50,1.87,-2.56,2.19,7,4
1772043252.742948,591206,-0.04,0.01,-0.04,35.88,68.12,258.37,-2.12,-1.69,-1.69,0.08,-0.02,0.15,2.56,83.50,117.44,0.06,-0.19,0.19,8,3
1772043252.935353,591398,-0.06,0.06,-0.02,35.00,68.25,258.50,4.31,3.62,-0.13,-0.04,-0.03,0.03,2.56,83.62,117.31,-0.31,-0.37,-0.31,6,3
1772043253.126067,591589,-0.21,0.34,-0.10,31.94,67.62,257.69,27.81,4.31,-5.00,-0.05,0.00,0.11,2.56,83.69,117.19,0.31,0.81,0.81,7,2
1772043253.317634,591780,0.05,-0.28,0.21,27.19,67.06,255.12,-1.62,1.81,2.69,-0.01,-0.07,0.04,2.62,83.75,117.00,0.19,-0.75,-1.31,7,2
1772043253.510360,591973,0.06,-0.03,0.10,28.44,66.75,255.69,-5.44,-0.50,0.44,-0.01,-0.01,-0.02,2.56,83.81,117.19,0.75,0.31,0.50,7,2
1772043253.700755,592164,-0.03,0.04,0.00,30.12,66.87,256.69,-8.56,-2.44,-1.50,0.01,-0.02,0.11,2.69,83.75,117.06,0.75,1.37,0.69,6,2
1772043253.892216,592355,-0.05,0.02,-0.03,30.06,67.31,257.31,2.31,-0.13,0.06,0.00,-0.08,0.16,2.75,83.69,117.00,-0.81,0.50,0.06,5,2
1772043254.083048,592546,0.10,0.12,0.07,29.94,67.31,257.69,-3.50,0.19,-1.81,0.00,-0.04,0.09,2.75,83.75,117.31,1.00,-0.19,0.06,4,2
1772043254.274203,592737,0.02,-0.07,0.05,29.69,67.69,258.06,0.56,0.81,0.00,0.01,-0.11,0.09,2.81,83.44,116.87,-0.56,-1.44,-1.12,4,2
1772043254.463349,592927,0.07,0.05,0.13,30.44,67.56,258.81,-6.25,1.87,0.25,-0.01,0.00,0.00,2.75,83.50,116.87,-1.37,-0.94,0.31,3,2
1772043254.652849,593116,-0.03,-0.07,0.00,32.38,67.87,259.69,-10.81,-5.81,0.50,0.03,-0.06,0.12,2.81,83.44,117.00,-3.25,-1.62,-1.44,3,2
1772043254.845115,593308,0.01,0.11,-0.04,33.31,68.12,260.81,-0.81,1.31,-0.62,-0.01,-0.02,0.13,2.69,83.62,117.62,0.81,0.69,0.25,3,2
1772043255.036259,593499,-0.02,0.55,-0.23,29.87,67.75,259.87,37.88,8.50,-4.44,-0.02,-0.08,0.25,2.75,83.56,117.25,0.44,0.81,0.88,3,2
1772043255.227018,593690,-0.23,-0.36,0.11,25.94,67.12,255.87,6.12,0.13,5.56,-0.01,-0.12,0.00,2.69,83.56,117.00,1.62,1.50,-1.25,3,2
1772043255.416297,593880,0.03,-0.25,0.20,27.75,66.69,255.44,-8.13,-3.94,3.62,0.00,-0.07,0.04,2.25,83.62,117.56,0.37,1.31,-2.19,3,2
1772043255.605964,594069,-0.05,0.30,-0.11,35.13,66.75,257.81,-23.81,-4.87,-3.50,-0.06,-0.07,0.03,1.94,83.50,117.87,-2.00,-2.12,-0.37,4,2
1772043255.798191,594261,0.12,0.14,-0.08,36.25,67.50,259.62,-1.75,0.44,-2.81,-0.01,-0.06,0.14,2.19,83.56,118.12,0.13,-0.56,0.81,5,3
1772043255.989046,594452,-0.19,0.64,-0.28,33.69,67.87,259.81,17.12,5.12,-2.37,0.00,-0.15,0.12,2.25,83.50,117.69,2.87,-0.25,1.37,5,2
1772043256.180122,594643,0.07,-0.51,0.38,26.94,67.12,256.31,15.63,-0.62,4.12,-0.08,-0.04,-0.03,2.31,83.56,117.37,0.75,1.37,-1.50,5,2
1772043256.369407,594833,0.06,0.14,0.18,28.50,66.75,256.06,-5.06,-5.12,2.00,-0.03,-0.01,0.08,18.06,83.12,117.12,2.12,4.37,3.19,5,2
1772043256.558718,595022,-0.32,0.19,0.03,33.94,67.37,257.44,-25.50,-5.31,-5.69,-0.01,0.07,0.00,2.31,83.25,117.56,-1.94,-0.25,0.62,6,3
1772043256.751424,595214,-0.11,0.32,-0.17,33.63,68.56,260.31,-2.44,-3.19,-2.50,0.01,-0.17,0.22,23.94,83.12,117.37,-3.06,-1.19,2.31,7,4
1772043256.942064,595405,0.02,0.27,-0.06,32.63,68.94,261.00,1.06,3.37,-1.25,-0.04,-0.07,0.10,2.94,83.19,117.31,1.56,-0.50,1.12,8,4
1772043257.133003,595596,-0.02,0.07,0.01,31.00,68.44,260.69,2.44,6.44,-0.19,0.00,-0.06,0.11,3.00,83.37,117.31,0.31,-1.19,-1.00,8,4
1772043257.322169,595785,0.08,0.10,0.03,27.69,67.44,260.00,16.37,6.19,2.19,-0.02,-0.04,0.14,2.81,83.62,117.12,4.50,-1.87,-0.44,10,5
1772043257.511762,595975,-0.16,0.23,-0.10,24.44,66.06,257.37,24.19,9.75,2.31,0.04,-0.09,0.08,2.44,84.12,116.75,1.25,-2.31,-4.12,11,5
1772043257.704300,596167,-0.14,-0.39,0.35,21.44,64.69,254.25,8.44,2.12,6.81,-0.08,0.06,-0.17,1.94,84.62,116.50,2.00,-1.37,-1.19,10,5
1772043257.895018,596358,0.04,-0.16,0.21,22.25,63.94,253.12,-2.19,-2.62,0.75,0.00,-0.01,-0.06,2.00,84.50,116.19,0.31,2.62,3.62,10,5
1772043258.086112,596549,-0.06,0.11,-0.09,24.00,64.62,253.81,-11.06,-3.37,-1.06,-0.02,-0.06,0.15,2.44,84.06,115.87,-0.81,3.69,1.00,12,6
1772043258.275248,596738,0.15,-0.06,0.20,28.19,65.56,255.75,-32.44,-7.44,1.12,0.00,-0.10,-0.04,2.31,83.87,116.75,-6.44,2.31,-3.19,12,6
1772043258.465553,596928,-0.04,0.29,-0.18,31.19,67.12,258.56,-6.00,-6.00,-1.94,0.00,-0.02,0.05,2.19,83.94,117.12,-3.06,-1.75,0.50,10,5
1772043258.657395,597121,-0.02,0.24,-0.20,31.44,67.44,258.94,0.88,3.31,-2.00,-0.04,-0.05,0.15,2.31,83.75,117.25,3.62,0.62,0.06,9,5
1772043258.848110,597311,-0.26,0.12,-0.15,26.81,66.94,257.37,25.56,9.25,0.69,-0.01,-0.05,0.18,2.31,84.00,116.87,-0.69,-0.62,0.81,10,6
1772043259.038847,597502,-0.06,-0.25,0.18,23.56,65.87,255.06,0.44,-1.56,2.06,0.01,-0.07,-0.04,2.37,84.31,116.81,0.88,0.25,-0.37,9,6
1772043259.229200,597693,-0.11,0.00,0.10,25.31,65.87,255.56,-9.31,-3.06,0.19,0.01,0.02,-0.02,2.19,84.50,116.94,-0.06,1.12,0.19,8,5
1772043259.420114,597883,-0.08,0.00,-0.12,27.00,66.31,256.19,-2.19,-3.94,-0.31,-0.03,-0.07,0.12,2.37,84.19,116.69,-0.62,-0.31,0.25,7,4
1772043259.610959,598074,-0.06,0.02,-0.16,27.56,66.62,256.50,-2.06,2.37,-1.00,-0.01,-0.04,0.08,2.37,84.25,117.12,-0.75,0.75,-1.12,7,4
1772043259.800903,598264,0.03,0.00,-0.03,25.62,66.00,256.31,9.56,1.06,1.87,-0.10,-0.07,0.00,2.37,84.25,116.81,0.37,-3.75,0.13,8,4
1772043259.991590,598455,0.05,-0.13,0.14,23.12,65.50,255.00,9.81,2.94,-2.87,-0.03,0.05,0.00,2.25,84.56,116.87,0.44,-1.31,-1.12,5,3
1772043260.181590,598645,-0.01,-0.19,0.04,22.62,64.94,254.56,0.13,-1.56,0.00,-0.03,0.02,-0.03,2.31,84.44,116.50,3.81,4.06,2.69,5,2
1772043260.371835,598835,0.13,0.08,0.07,22.94,64.87,254.69,-1.31,-1.31,-1.75,-0.01,-0.03,0.14,2.56,83.75,116.12,-0.50,3.69,0.37,5,2
1772043260.563680,599027,-0.25,0.03,-0.15,23.81,65.50,254.94,0.44,-0.69,0.69,0.00,-0.07,0.16,2.56,83.81,116.37,-4.81,-1.50,-1.75,6,3
1772043260.754273,599217,-0.01,-0.28,0.24,26.06,65.19,255.75,-30.50,-2.12,2.56,-0.01,-0.07,0.00,2.12,84.37,117.00,0.00,3.31,0.19,5,2
1772043260.944669,599408,0.07,0.28,0.03,31.50,65.87,258.69,-7.50,-1.69,-7.19,0.02,0.01,0.00,2.56,84.25,117.25,-0.69,-3.06,1.62,6,1
1772043261.135485,599599,-0.02,0.08,-0.04,30.37,66.62,259.56,2.69,-0.50,-0.19,0.00,-0.10,0.11,2.87,83.87,117.00,-0.37,0.81,0.69,6,2
1772043261.325360,599789,0.13,0.06,-0.09,29.37,66.81,259.19,7.25,0.44,-0.75,0.01,-0.05,0.10,3.00,83.87,116.62,1.62,-2.87,0.37,6,2
1772043261.516665,599980,0.13,-0.19,0.17,27.00,66.69,258.12,11.50,-1.75,-2.00,-0.02,0.00,0.00,3.06,84.06,116.31,0.88,-3.12,-1.06,7,2
1772043261.706826,600170,-0.11,-0.01,0.12,28.00,66.31,258.12,-10.00,5.06,0.31,0.00,0.00,0.03,2.87,84.19,116.56,-1.69,0.44,-0.25,7,2
1772043261.897720,600361,0.15,0.02,0.08,28.00,66.12,259.25,0.06,-2.00,-2.12,-0.02,-0.06,0.07,3.00,84.12,116.50,-0.37,-0.37,0.75,7,2
1772043262.088202,600552,0.04,0.58,-0.15,27.25,66.62,259.25,16.31,2.25,-2.31,0.04,0.00,0.13,3.00,84.19,116.75,1.06,0.13,-0.50,7,2
1772043262.279427,600742,-0.14,-0.37,0.05,23.56,66.62,256.25,9.81,-0.31,3.50,-0.01,-0.09,-0.07,3.00,84.31,116.37,-1.25,-0.37,-1.12,7,2
1772043262.470125,600933,0.01,0.09,0.03,24.00,66.12,255.75,-0.56,-1.69,1.56,-0.03,-0.02,-0.01,2.81,84.25,116.69,-0.50,-2.00,-1.87,6,2
1772043262.660104,601123,0.06,-0.04,0.12,24.75,66.25,255.50,-1.31,-4.19,-0.62,-0.01,-0.04,0.03,2.62,84.25,116.81,0.75,1.87,0.19,6,1
1772043262.850783,601314,0.23,-0.24,0.24,25.56,66.56,255.69,-9.00,-1.50,-0.75,-0.05,-0.01,0.14,2.62,84.19,117.06,0.62,-2.06,0.44,5,2
1772043263.042010,601505,-0.04,0.79,0.01,32.44,67.12,259.00,-35.94,-5.25,-3.87,-0.03,0.04,-0.04,2.56,84.37,117.37,-0.94,-0.25,-0.25,5,2
1772043263.232015,601695,-0.10,0.16,-0.19,32.88,68.19,260.44,1.75,-1.12,-0.44,0.02,-0.12,0.16,2.87,84.19,117.00,0.13,-0.13,1.62,5,2
1772043263.423003,601886,-0.02,0.15,-0.01,31.75,68.06,260.12,2.06,2.25,-1.44,0.00,-0.02,0.11,2.94,84.25,117.25,-0.13,-0.37,-1.00,4,1
1772043263.612994,602076,-0.04,0.42,-0.14,29.94,67.75,259.81,14.00,4.56,0.88,-0.11,0.02,0.01,2.87,84.37,117.06,2.69,-2.19,-0.50,4,1
1772043263.803174,602267,0.05,-0.32,0.17,24.44,66.75,256.44,17.81,3.81,3.75,0.00,-0.03,0.02,2.75,84.50,116.81,1.75,0.00,-2.37,4,2
1772043263.994503,602458,-0.05,-0.01,0.10,25.06,66.00,254.94,1.81,0.50,0.88,-0.01,-0.01,-0.01,2.44,84.56,116.75,2.44,-0.31,0.37,4,2
1772043264.185247,602649,-0.06,-0.09,0.01,24.75,65.94,254.56,0.06,-1.69,-0.44,0.00,-0.01,0.10,2.50,84.50,116.56,-0.56,0.13,-0.44,4,2
1772043264.375813,602839,0.09,-0.03,0.00,24.87,66.00,254.62,0.56,-1.37,1.87,0.04,-0.04,0.10,2.44,84.44,116.69,0.13,0.69,-0.37,5,2
1772043264.565832,603029,-0.07,0.01,0.03,25.75,66.12,254.69,-3.00,0.37,-0.13,-0.01,0.00,0.00,2.44,84.44,116.87,-1.12,1.50,0.56,5,3
1772043264.756495,603220,0.08,-0.22,0.20,28.12,66.12,255.81,-23.56,-5.62,-2.25,0.00,-0.04,-0.07,2.44,84.44,117.31,-3.44,0.13,-0.44,6,3
1772043264.947889,603411,0.22,0.31,-0.04,31.31,67.25,258.56,-5.81,-6.12,-2.62,-0.01,-0.05,0.02,2.50,84.25,117.62,-1.12,-0.94,1.19,7,4
1772043265.138481,603602,-0.12,0.00,-0.19,33.00,68.19,259.00,-5.69,-4.31,-1.00,0.01,-0.05,0.18,2.62,84.19,117.75,-1.69,-1.06,-0.37,7,4
1772043265.328927,603792,0.01,0.26,-0.07,32.31,68.31,259.56,5.44,5.25,0.81,-0.01,-0.05,0.12,2.62,84.19,117.62,0.44,-0.94,0.00,8,4
1772043265.518815,603982,0.16,-0.03,0.10,29.87,67.62,258.31,10.56,2.50,1.37,0.00,-0.07,0.07,2.56,84.25,117.44,1.19,-1.75,-0.37,8,4
1772043265.709138,604173,-0.10,0.27,-0.13,28.69,67.12,257.62,3.75,6.69,-0.25,0.00,-0.01,0.04,2.56,84.44,117.25,0.75,-0.31,0.81,9,4
1772043265.900368,604364,0.29,-0.29,0.22,24.44,65.94,256.00,13.88,2.31,0.37,0.02,-0.03,0.14,2.75,84.31,117.12,-1.62,-1.87,0.19,10,5
1772043266.091206,604555,-0.08,0.00,0.00,23.75,65.81,255.50,0.81,0.31,1.00,-0.04,0.00,-0.08,2.75,84.50,117.12,0.56,-0.25,0.44,10,4
1772043266.282228,604746,-0.01,-0.02,0.10,23.75,65.62,255.31,0.88,-1.37,0.56,-0.01,-0.04,0.07,2.87,84.37,116.94,-0.88,0.06,0.00,10,4
1772043266.472544,604935,-0.14,0.13,-0.11,23.94,65.69,255.50,-2.25,-0.56,-1.12,-0.05,-0.01,0.22,2.69,84.56,117.44,-1.69,-0.62,-1.25,9,4
1772043266.662028,605126,0.01,-0.15,0.00,24.12,65.56,255.50,2.00,2.06,0.37,-0.04,-0.01,0.08,2.69,84.62,117.44,-0.81,0.06,-0.06,9,3
1772043266.853458,605317,0.09,0.12,0.12,23.50,65.31,255.75,3.06,-0.25,0.81,0.00,-0.07,0.00,2.69,84.56,117.50,-0.13,1.56,-0.31,7,2
1772043267.045064,605508,-0.07,-0.04,-0.03,24.00,65.37,255.31,-0.81,-1.44,1.00,-0.02,-0.04,0.01,2.50,84.56,117.87,-4.81,0.69,-1.87,7,2
1772043267.235649,605699,0.04,0.00,0.00,25.00,65.44,255.56,-2.75,-3.81,0.37,-0.05,-0.03,0.07,2.37,84.62,118.06,-2.31,-1.56,-0.13,7,2
1772043267.425198,605888,0.17,-0.45,0.21,29.50,65.69,256.81,-38.31,-6.12,2.62,-0.03,-0.03,0.04,2.37,84.75,118.31,2.56,-0.37,-0.50,7,2
1772043267.614965,606078,0.03,0.02,-0.03,32.25,66.56,259.81,1.37,-0.37,-2.25,0.05,-0.06,0.11,2.44,84.69,118.12,-1.12,-0.19,1.56,6,2
1772043267.807160,606270,0.03,0.07,-0.04,32.00,66.87,260.25,-2.94,-2.06,-1.44,-0.04,-0.05,0.09,2.56,84.69,118.31,-0.13,1.19,0.62,5,2
1772043267.998364,606462,0.06,0.16,-0.05,31.81,67.00,260.69,0.81,1.50,-1.56,-0.01,-0.06,0.13,2.56,84.62,118.25,1.31,-0.31,-0.44,5,2
1772043268.188872,606653,0.10,0.05,0.05,29.44,66.56,260.00,15.38,4.31,1.19,0.00,-0.05,0.14,2.50,84.81,118.25,0.94,-2.81,-0.31,6,2
1772043268.378416,606842,-0.02,-0.12,0.12,27.87,65.94,258.62,2.31,1.25,1.37,0.01,-0.03,0.05,2.44,84.94,117.94,0.69,0.19,-0.56,6,2
1772043268.568885,607032,-0.01,-0.03,0.02,27.87,65.87,258.56,-0.19,-1.25,-0.62,0.00,-0.02,0.11,2.44,85.06,117.94,-0.50,0.13,0.81,6,2
1772043268.760680,607224,0.08,0.05,0.00,27.56,66.19,259.12,-2.62,-1.87,-2.25,-0.02,-0.04,0.06,2.56,85.00,118.00,-2.25,1.00,0.06,6,3
1772043268.952035,607416,0.08,0.10,0.00,27.62,66.31,259.37,0.13,-0.81,-0.37,-0.03,-0.13,0.07,2.56,84.81,118.00,0.69,0.44,0.06,7,3
1772043269.142792,607606,-0.04,-0.01,0.00,27.81,66.37,259.25,-0.31,0.31,1.94,0.02,-0.06,0.13,2.62,84.75,118.06,-1.44,0.44,-0.81,7,3
1772043269.334783,607798,-0.05,0.15,-0.02,28.06,66.12,259.19,1.37,0.69,1.37,-0.02,-0.03,0.17,2.50,84.81,118.19,0.75,-0.56,0.25,6,3
1772043269.527502,607991,0.01,-0.03,0.06,28.12,66.00,258.75,-1.06,-0.13,-0.37,-0.02,-0.05,0.09,2.50,84.87,118.12,-0.50,-0.44,-0.37,7,3
1772043269.719604,608183,-0.10,0.05,0.01,28.31,66.06,258.94,-0.44,0.69,-0.06,-0.03,-0.05,0.13,2.50,85.00,118.25,-0.37,-1.25,-0.50,8,2
1772043269.908910,608373,0.09,-0.14,0.12,27.94,66.12,258.94,0.94,-3.69,-0.19,0.03,0.00,0.03,2.69,84.81,117.94,1.94,0.94,1.12,9,3
1772043270.098515,608562,0.00,0.15,-0.03,28.19,66.56,258.94,-0.06,-1.00,-0.56,0.01,-0.08,0.15,2.81,84.69,117.87,-0.69,1.00,0.06,8,2
1772043270.290992,608755,0.06,0.51,-0.06,27.69,66.37,258.69,9.56,5.31,0.56,0.00,-0.04,0.19,2.81,84.56,117.87,-0.06,-0.19,-0.75,8,2
1772043270.482689,608946,-0.15,-0.15,0.03,26.19,66.12,256.62,-1.44,-1.87,3.19,-0.07,-0.02,-0.08,2.75,84.69,117.81,0.50,1.00,-1.25,8,3
1772043270.673185,609137,-0.06,0.00,0.14,25.19,66.00,256.25,3.87,-0.31,0.69,-0.01,0.00,0.09,2.56,84.87,118.06,0.37,1.44,-0.37,7,3
1772043270.863544,609327,0.08,-0.18,0.18,25.81,66.00,255.81,-0.62,-3.44,2.31,-0.01,-0.22,0.22,2.69,84.37,117.44,-1.44,0.25,1.25,6,2
1772043271.053452,609517,-0.18,0.44,-0.12,29.56,67.25,257.12,-12.13,-0.94,-5.44,-0.05,0.03,0.17,2.62,84.50,117.75,0.25,1.75,1.00,5,2
1772043271.245351,609709,0.11,0.18,0.04,29.94,67.00,257.75,-0.88,2.19,0.19,0.07,-0.03,0.08,2.69,84.44,117.75,-1.19,-1.62,-0.19,6,2
1772043271.436141,609900,-0.03,0.11,0.00,29.69,67.06,257.87,-0.19,0.13,-2.00,-0.03,-0.02,0.02,2.69,84.50,117.87,-1.31,-0.56,-0.25,5,3
1772043271.626585,610090,-0.15,0.48,-0.14,28.50,66.75,257.94,8.88,5.06,-2.37,-0.01,0.03,0.13,2.62,84.62,117.94,2.25,0.88,-0.25,5,3
1772043271.818050,610281,-0.09,-0.18,0.05,25.31,66.06,256.12,7.31,-1.94,2.62,0.00,-0.04,-0.01,2.56,84.56,117.69,-0.06,-0.13,-1.12,5,2
1772043272.008718,610472,0.05,-0.01,0.12,25.44,65.87,255.81,-1.37,-0.25,0.00,0.02,0.00,0.03,2.44,84.69,117.87,0.25,0.00,-0.19,5,3
1772043272.199812,610663,-0.05,0.13,0.01,25.37,65.87,256.00,-0.75,-0.56,-1.06,-0.04,-0.01,0.09,2.37,84.69,117.81,-0.50,1.19,0.19,5,2
1772043272.389579,610853,0.11,-0.31,0.12,25.62,65.94,256.06,-4.44,-1.12,-0.06,-0.02,0.01,0.02,2.44,84.56,117.94,0.56,1.62,1.37,5,2
1772043272.579988,611044,-0.02,0.06,0.01,30.06,66.12,258.06,-15.81,-1.75,-3.50,0.00,0.00,-0.01,2.69,84.37,117.87,0.44,1.06,0.81,5,1
1772043272.768938,611233,0.00,0.25,0.01,30.62,66.44,260.37,-10.13,1.06,0.19,0.00,0.01,0.08,2.75,84.31,117.87,-0.56,2.31,0.25,5,2
1772043272.959872,611423,0.01,0.10,0.01,31.69,66.56,261.25,-5.19,-1.31,-1.69,-0.06,0.00,0.06,2.62,84.44,118.25,-0.75,-0.62,-0.31,6,2
1772043273.151118,611615,0.18,1.19,-0.06,29.87,66.62,261.06,22.81,1.00,-1.56,0.01,-0.01,0.14,2.62,84.44,118.25,-0.06,-0.31,1.12,5,1
1772043273.341798,611805,-0.19,-0.53,0.12,23.81,66.62,256.31,10.75,1.19,4.25,0.00,-0.07,0.02,2.75,84.31,118.06,0.44,-0.13,-1.44,8,3
1772043273.532276,611996,0.03,0.13,0.13,23.81,66.19,255.69,3.94,-0.25,2.12,0.02,0.00,0.03,2.56,84.25,118.37,-1.75,1.94,-2.06,7,3
1772043273.722089,612185,-0.11,-0.52,0.15,26.31,66.00,255.62,-25.56,-1.12,3.56,0.01,-0.03,-0.02,2.25,84.31,118.81,-1.31,-1.44,-2.06,7,3
1772043273.911278,612375,-0.02,0.32,-0.01,29.94,66.19,258.87,-8.69,-3.37,-4.37,0.03,0.05,-0.04,2.31,84.12,118.75,1.62,4.44,3.56,6,3
1772043274.103485,612567,-0.03,0.08,-0.07,29.56,66.81,259.56,-0.69,-4.31,-1.50,0.02,-0.02,0.12,2.62,83.94,118.31,2.25,0.94,0.62,7,5
1772043274.294849,612758,0.03,-0.03,-0.13,30.00,67.25,259.37,-0.44,-1.44,0.44,0.01,-0.10,0.09,2.62,84.00,118.31,-1.81,-1.62,0.13,7,6
1772043274.485472,612949,0.04,0.18,0.09,29.62,67.12,259.75,-0.69,2.19,1.44,-0.01,-0.04,-0.01,2.62,84.19,118.44,-1.31,0.25,-0.31,7,6
1772043274.675942,613140,0.08,0.09,0.11,29.75,66.94,259.69,-3.56,-3.00,1.12,0.01,-0.03,0.07,2.50,84.25,118.81,0.62,-0.25,-0.31,7,6
1772043274.865258,613329,0.04,-0.02,0.00,30.69,67.50,259.56,0.19,1.37,1.06,0.00,-0.07,0.23,2.50,84.12,118.81,0.25,1.56,-0.44,7,6
1772043275.057013,613521,0.00,-0.07,0.04,31.19,67.69,259.44,2.75,-0.56,2.62,-0.02,-0.06,0.09,2.50,84.12,118.75,0.13,-1.31,-0.75,7,6
1772043275.247856,613712,0.04,0.09,0.05,32.06,67.87,259.25,0.25,-2.75,1.56,0.00,-0.06,-0.05,2.37,84.19,118.62,1.12,1.44,-0.19,4,4
1772043275.438428,613902,0.00,0.00,0.00,32.81,68.06,259.06,-0.81,-0.75,-0.88,0.04,-0.06,0.08,2.44,84.19,118.62,-0.37,2.00,1.12,4,4
1772043275.629028,614093,-0.13,0.13,-0.08,33.25,68.44,259.31,-1.31,-2.62,0.50,0.03,-0.02,0.05,2.44,84.19,118.56,0.19,-0.56,0.88,4,4
1772043275.818701,614282,0.09,-0.07,0.03,33.44,68.69,259.25,0.44,-3.25,-1.50,-0.05,0.00,0.00,2.62,84.19,118.37,-1.62,-2.56,0.25,4,4
1772043276.009876,614474,0.19,0.09,0.24,33.56,69.19,259.69,0.50,-2.94,-0.81,-0.03,-0.03,0.10,2.69,84.12,118.06,3.19,1.62,0.75,5,3
1772043276.201090,614665,0.06,-0.22,0.01,35.44,70.19,259.62,-2.06,-5.44,-1.94,-0.01,-0.06,-0.01,3.00,83.94,117.62,0.62,-0.25,1.19,5,2
1772043276.391947,614855,-0.26,0.21,-0.61,38.31,71.75,261.12,-3.69,-11.94,-4.69,0.20,-0.15,-0.24,3.31,83.81,116.69,-0.75,-2.87,0.94,5,3
1772043276.581173,615045,0.38,0.24,0.33,32.38,71.06,262.69,-6.81,7.56,-3.31,0.00,0.06,0.08,3.25,83.87,116.81,3.25,-0.62,-1.94,5,3
1772043276.771879,615235,-0.16,-0.38,0.19,33.75,70.87,263.31,-8.25,5.44,1.50,-0.05,-0.01,-0.09,3.00,84.19,117.44,-7.25,1.94,-1.56,5,2
1772043276.963158,615427,0.13,0.10,0.12,34.63,70.19,266.19,-24.31,-0.37,-4.75,-0.01,-0.03,0.10,2.75,84.12,119.62,-11.56,1.00,-2.81,5,3
1772043277.154361,615618,0.06,0.20,0.01,35.50,71.00,269.69,-7.69,-0.44,-2.94,-0.01,-0.04,0.13,2.81,83.75,121.25,-5.50,2.81,0.81,5,3
1772043277.344878,615809,-0.01,0.02,0.02,35.13,71.50,271.12,-6.37,2.12,-3.75,-0.04,-0.10,0.06,3.06,83.44,121.94,-5.25,1.87,-0.69,5,4
1772043277.535021,615999,-0.01,0.28,-0.10,34.50,71.69,272.69,-4.06,0.88,-3.00,-0.02,-0.02,0.11,27.06,83.06,122.81,-4.12,2.00,-0.37,6,4
1772043277.724972,616189,0.11,0.21,-0.02,33.25,71.56,272.87,6.87,0.69,3.19,-0.01,0.02,0.13,25.56,82.56,123.19,-0.50,1.69,-0.62,7,3
1772043277.915996,616380,0.00,0.05,-0.18,32.31,70.87,270.19,19.87,4.69,7.25,0.04,0.02,0.05,23.31,82.19,123.06,3.50,1.00,-1.37,7,4
1772043278.106974,616571,-0.11,-0.19,-0.11,27.69,68.69,265.06,35.13,10.94,9.25,0.02,0.01,-0.01,21.44,82.31,122.69,-0.19,-0.69,-0.44,8,4
1772043278.298048,616762,-0.27,-0.09,0.19,23.75,65.81,259.81,21.44,10.50,9.25,-0.01,-0.07,-0.01,22.06,82.56,122.19,2.62,-1.50,0.94,8,3
1772043278.487952,616952,-0.03,-0.26,0.16,22.12,63.19,256.50,11.63,1.69,5.69,-0.02,-0.05,0.01,23.62,82.37,121.56,-0.31,1.87,1.06,7,3
1772043278.678254,617142,0.12,0.04,-0.05,22.12,62.81,255.37,3.37,-4.50,1.69,0.00,-0.03,0.02,24.62,82.44,121.00,1.37,-2.12,1.50,7,3
1772043278.869409,617333,0.04,0.04,-0.05,22.37,62.94,254.31,4.94,1.12,2.44,0.00,-0.02,0.02,25.06,82.44,120.81,-0.56,-1.06,-1.19,7,3
1772043279.059690,617524,0.26,0.15,0.07,20.69,62.19,252.81,17.87,1.37,1.31,-0.02,-0.02,0.00,23.87,82.62,121.12,1.50,0.37,1.44,7,2
1772043279.250906,617715,0.03,-0.06,-0.06,19.00,62.25,250.62,8.06,-2.00,-0.25,0.06,-0.04,0.01,24.81,82.31,120.56,2.12,1.37,1.06,6,2
1772043279.441333,617905,0.22,-0.24,0.17,17.75,61.63,250.19,-1.62,5.37,0.50,0.01,0.01,0.09,24.87,82.62,120.87,-3.50,-0.69,-1.44,6,2
1772043279.631819,618096,0.04,0.11,0.10,17.50,61.31,250.94,-1.94,0.00,-1.87,-0.09,0.01,0.01,25.81,82.62,121.06,-0.19,-0.81,1.62,4,2
1772043279.822472,618286,0.08,0.01,0.12,16.25,61.31,251.37,1.31,2.62,-3.19,0.00,0.01,0.00,28.31,83.00,121.06,-0.94,-1.62,-0.62,4,1
1772043280.012758,618477,0.06,-0.02,0.03,15.50,60.94,251.56,1.87,0.37,-0.31,0.00,0.02,0.20,29.19,82.62,120.69,2.00,1.69,2.25,3,1
1772043280.204364,618668,0.09,-0.04,0.03,14.94,61.00,251.87,-2.69,2.56,-1.81,-0.05,0.00,0.13,3.37,83.12,120.94,-2.69,-1.25,-2.31,4,1
1772043280.394696,618859,0.08,0.09,0.10,15.56,60.69,252.44,-1.94,0.37,0.75,0.00,-0.06,0.07,27.69,83.06,120.94,2.75,0.81,0.56,4,1
