host_time_s,t_ms,ax1,ay1,az1,roll1,pitch1,yaw1,gx1,gy1,gz1,ax2,ay2,az2,roll2,pitch2,yaw2,gx2,gy2,gz2,emg1,emg2
1772047792.47159,5129106,0.18,0.05,0.12,-155.69,-70.31,42.44,-1.94,0.62,0.13,-0.12,0.03,-0.04,13.06,60.88,78.94,-0.37,-0.25,1.62,5,1
1772047792.472473,5129298,0.19,0.07,0.05,-156.25,-70.0,42.13,0.88,4.75,-3.31,0.03,0.03,0.01,13.5,60.94,78.44,2.44,-2.75,0.88,5,1
1772047792.473239,5129489,0.07,0.05,0.11,-157.37,-69.94,42.44,-1.87,-2.62,-2.31,-0.05,-0.12,0.0,14.0,61.19,77.87,3.25,-1.5,2.06,5,1
1772047792.473963,5129680,0.25,0.0,0.07,-158.81,-70.06,43.0,1.94,2.06,1.81,-0.06,0.15,-0.1,13.56,61.44,78.0,-0.94,1.31,-2.31,6,2
1772047792.474519,5129870,-0.02,0.18,0.17,-157.37,-70.0,42.44,-3.37,-1.06,1.81,-0.09,0.02,0.01,13.06,61.13,78.25,-1.06,-0.56,-0.81,6,1
1772047792.475439,5130061,0.17,0.01,0.07,-157.25,-69.81,42.25,2.5,-0.56,-1.56,-0.06,0.03,-0.01,13.19,61.13,78.44,-0.06,0.25,-0.5,6,1
1772047792.476064,5130252,0.05,0.0,0.11,-157.44,-70.0,42.69,0.0,-0.13,1.25,-0.06,0.02,0.06,12.94,60.94,78.56,-0.13,1.31,-0.44,7,1
1772047792.476561,5130443,0.22,-0.12,0.05,-157.69,-69.75,42.63,1.06,1.75,0.13,-0.07,0.04,0.01,12.81,60.88,78.56,0.25,0.5,0.13,6,1
1772047792.477069,5130633,0.19,0.02,0.03,-157.75,-69.62,42.5,0.81,0.31,0.13,-0.12,0.06,-0.01,12.75,60.81,78.56,-0.5,0.56,-0.44,6,1
1772047792.47758,5130824,0.15,0.04,0.09,-157.44,-69.69,42.44,-0.69,-1.25,0.25,-0.06,0.02,-0.01,12.69,60.75,78.56,-0.06,0.44,0.5,7,1
1772047792.478212,5131014,0.11,0.0,0.1,-157.25,-69.94,42.5,-0.06,0.06,-0.19,0.01,0.0,0.08,12.69,60.75,78.56,0.31,-0.19,-0.5,6,2
1772047792.629009,5131206,0.1,0.02,0.11,-157.19,-69.94,42.5,-0.44,0.62,0.75,-0.09,0.02,0.03,12.75,60.81,78.62,-0.19,0.31,0.37,6,1
1772047792.819927,5131397,0.24,-0.03,0.04,-157.37,-69.75,42.44,-0.13,0.62,0.06,-0.1,0.08,-0.03,12.75,60.81,78.62,-0.31,-0.75,-0.31,7,1
1772047793.010075,5131587,0.1,0.05,0.12,-157.37,-69.75,42.5,1.69,1.56,0.88,-0.09,0.05,0.0,12.75,60.88,78.62,0.44,1.06,0.81,7,1
1772047793.201264,5131778,0.14,0.07,0.06,-158.19,-68.94,45.25,26.5,1.69,7.37,-0.07,0.13,-0.07,12.63,61.0,78.69,-0.69,1.44,-0.44,7,2
1772047793.392003,5131969,0.36,-0.26,-0.01,-159.94,-68.44,50.81,23.94,3.0,6.44,-0.04,0.0,0.08,12.75,60.88,78.69,-1.12,1.0,0.94,8,2
1772047793.583185,5132160,0.22,-0.34,0.0,-162.69,-68.19,55.0,10.19,-0.31,-0.94,-0.06,0.02,-0.02,12.88,60.88,78.69,-0.62,-0.69,-0.13,8,3
1772047793.773726,5132350,0.05,-0.12,0.0,-164.31,-68.5,56.56,2.0,-0.81,-0.81,-0.11,-0.1,0.08,13.06,60.81,78.62,1.5,1.0,1.0,8,3
1772047793.964185,5132541,0.28,-0.04,0.02,-165.44,-68.31,56.88,-4.31,0.44,1.56,-0.05,0.0,0.06,13.0,60.88,78.62,0.62,1.19,0.94,8,3
1772047794.155417,5132732,0.14,-0.13,-0.01,-164.81,-68.25,56.13,-1.69,3.19,-1.81,0.0,0.02,-0.03,13.06,60.75,78.5,-0.25,-0.31,0.06,7,3
1772047794.346008,5132923,0.11,0.02,0.07,-164.81,-67.94,55.13,-3.37,1.06,-0.88,-0.06,-0.04,0.0,13.13,60.69,78.37,0.37,0.44,-0.19,7,3
1772047794.536816,5133114,0.25,-0.02,-0.01,-165.0,-67.5,54.94,1.06,2.75,-1.81,-0.04,0.03,-0.01,13.13,60.69,78.37,0.88,0.06,0.37,7,3
1772047794.7278,5133304,0.18,-0.08,-0.02,-165.19,-67.31,54.81,-1.62,0.19,-0.37,-0.09,0.0,-0.02,13.31,60.75,78.37,-0.5,-1.25,-0.37,7,3
1772047794.918629,5133495,0.08,0.0,0.08,-165.69,-67.12,53.88,-8.44,3.25,-5.12,-0.04,0.01,-0.01,13.31,60.75,78.37,-0.5,-0.62,-0.88,7,3
1772047795.107812,5133685,0.17,-0.08,0.04,-165.56,-66.69,53.13,-0.56,1.06,0.13,-0.04,-0.09,0.08,13.25,60.81,78.44,1.12,-1.94,0.56,7,2
1772047795.2975,5133875,0.3,0.07,0.04,-166.25,-66.5,53.06,-2.06,-1.44,1.19,-0.08,0.0,0.11,13.13,60.88,78.5,1.44,1.56,0.75,6,2
1772047795.490087,5134067,0.23,0.0,0.04,-165.87,-66.81,52.75,-2.06,0.37,-1.87,-0.11,0.01,0.04,13.25,60.81,78.44,1.0,0.56,1.69,5,1
1772047795.68098,5134258,0.16,-0.09,0.06,-166.31,-67.0,53.13,1.44,-2.44,1.87,-0.07,0.08,0.03,13.31,60.75,78.37,0.19,0.56,0.81,5,1
1772047795.872021,5134449,0.19,-0.07,0.06,-165.87,-67.25,52.94,0.69,-0.19,1.25,-0.09,0.06,0.03,13.25,60.69,78.31,-0.5,0.0,-0.5,6,1
1772047796.0628,5134640,0.13,-0.02,0.07,-165.44,-67.44,52.69,-0.31,0.37,-0.19,-0.09,0.04,0.01,13.25,60.75,78.31,-0.25,0.0,0.19,5,1
1772047796.253728,5134830,0.19,0.0,0.05,-165.5,-67.37,52.75,0.25,0.37,-0.94,-0.09,0.05,-0.07,13.38,60.81,78.37,-0.13,-0.5,-0.62,5,1
1772047796.444694,5135021,0.08,-0.06,0.06,-165.5,-67.56,52.88,0.06,0.31,-0.37,-0.09,0.01,-0.03,13.31,60.88,78.44,-0.25,-0.5,-0.37,5,2
1772047796.635155,5135212,0.12,-0.05,0.03,-165.25,-67.62,52.63,-2.31,-0.56,-0.56,-0.1,0.1,0.02,13.25,60.88,78.44,0.5,0.37,-0.44,5,2
1772047796.825698,5135403,0.15,0.09,0.07,-165.37,-67.75,51.75,-3.94,0.5,-2.81,-0.1,0.07,-0.02,13.38,60.81,78.37,-0.44,0.25,0.19,4,2
1772047797.016569,5135593,0.08,0.0,0.06,-165.75,-67.81,51.75,-1.06,0.25,-0.06,-0.04,-0.01,0.01,13.44,60.69,78.31,0.06,-0.81,-0.56,4,2
1772047797.206976,5135784,0.08,-0.04,0.03,-165.94,-67.69,52.0,-0.19,0.69,0.5,-0.07,0.02,0.02,13.38,60.63,78.31,0.37,0.19,0.25,3,2
1772047797.398132,5135975,0.2,-0.07,0.06,-166.06,-67.5,51.88,-0.06,1.06,-0.69,-0.08,0.04,0.02,13.38,60.56,78.31,0.37,0.25,-0.06,6,2
1772047797.588954,5136166,0.2,-0.04,0.02,-166.44,-67.44,51.69,-1.87,0.25,-1.31,-0.02,-0.01,0.12,13.38,60.56,78.25,0.19,0.25,-0.25,5,2
1772047797.779382,5136356,0.12,0.0,0.12,-166.62,-67.5,51.38,-2.12,0.94,-0.69,-0.04,0.04,0.04,13.38,60.69,78.31,0.06,-0.69,0.0,5,2
1772047797.970071,5136547,0.22,0.05,0.05,-167.0,-67.44,51.13,-0.13,-0.06,-0.44,-0.1,0.01,0.05,13.38,60.69,78.31,0.0,0.37,0.19,6,2
1772047798.160834,5136738,0.2,-0.14,0.06,-166.19,-67.44,52.0,11.88,-1.19,9.5,-0.1,0.02,0.06,13.31,60.69,78.31,0.37,-0.13,-0.44,6,2
1772047798.351889,5136929,0.2,-0.35,0.05,-168.0,-67.62,51.94,-24.56,-0.37,-16.56,-0.15,0.06,0.04,13.31,60.88,78.25,0.06,-0.69,0.5,6,2
1772047798.542522,5137119,0.04,0.46,0.17,-170.12,-68.69,46.13,-29.87,-3.81,-15.38,-0.08,0.0,0.05,13.56,61.06,78.19,-0.19,-2.06,0.06,6,2
1772047798.733066,5137310,-0.03,0.0,0.04,-164.19,-69.31,44.75,32.94,-5.06,26.37,-0.15,0.07,0.04,13.94,61.25,78.0,0.06,-0.75,1.69,6,1
1772047798.922669,5137500,0.0,-0.28,0.07,-164.31,-69.81,45.81,-36.38,-1.44,-29.75,0.0,0.12,0.05,14.38,61.63,77.5,3.44,-2.5,3.12,6,1
1772047799.114048,5137691,0.1,0.5,0.19,-166.5,-70.94,43.25,20.5,-6.62,12.94,-0.06,-0.07,0.01,14.88,61.69,76.94,-0.06,0.06,0.19,7,1
1772047799.305645,5137882,0.17,-0.66,0.16,-164.0,-71.62,47.31,-7.81,-6.81,-11.06,-0.07,0.14,0.05,14.31,61.56,77.44,-2.31,3.44,-1.06,5,2
1772047799.496144,5138073,-0.17,0.79,0.14,-171.0,-73.0,47.06,15.13,3.75,10.06,-0.18,0.0,0.0,14.19,61.06,77.56,-2.37,1.94,-0.31,6,2
1772047799.687375,5138264,0.3,-1.04,-0.13,-167.81,-71.81,52.31,15.88,-3.37,-6.44,-0.08,0.06,0.01,14.13,61.13,77.94,-0.75,-1.62,-0.88,6,2
1772047799.877883,5138455,-0.04,0.2,0.11,-174.5,-72.75,52.56,-7.5,1.5,-3.94,-0.09,-0.04,0.02,14.44,61.19,77.94,-0.94,0.44,0.81,5,3
1772047800.06846,5138645,0.07,-0.4,0.03,-172.44,-72.62,53.38,3.94,-2.94,1.06,-0.08,0.05,0.02,14.44,61.19,78.0,0.19,-0.19,-0.25,5,3
1772047800.259609,5138837,0.06,0.01,0.05,-173.56,-73.0,52.63,-8.94,0.0,-3.12,-0.06,0.05,-0.05,14.44,61.31,78.06,0.56,0.37,-0.37,5,3
1772047800.450494,5139027,-0.01,-0.06,0.05,-171.56,-73.12,51.63,2.5,0.62,4.69,-0.11,0.06,0.03,14.38,61.25,78.06,-0.19,-0.06,-0.25,5,3
1772047800.640638,5139218,0.12,-0.08,0.01,-171.56,-72.81,51.56,0.13,0.37,0.06,-0.07,0.0,0.04,14.38,61.25,78.06,0.0,0.56,-0.06,6,3
1772047800.831875,5139409,0.05,-0.06,0.0,-171.37,-72.81,51.5,-1.19,0.0,0.88,0.01,-0.02,0.09,14.31,61.25,78.06,-0.62,-1.62,-0.62,7,3
1772047801.02219,5139599,0.02,-0.09,0.08,-171.0,-72.87,51.25,-0.81,-1.19,0.69,-0.07,0.02,0.03,14.31,61.25,78.06,0.25,0.5,0.0,6,3
1772047801.213303,5139790,0.14,-0.05,0.0,-170.69,-72.75,51.0,-1.06,0.13,1.12,-0.07,0.02,0.04,14.31,61.25,78.06,-0.13,0.19,0.19,5,2
1772047801.40411,5139981,0.01,-0.06,0.06,-170.37,-72.87,50.75,0.0,0.0,0.44,-0.07,0.0,0.0,14.31,61.25,78.12,0.31,0.31,-0.06,5,2
1772047801.595294,5140172,0.02,-0.06,0.08,-170.31,-72.75,50.63,-1.37,-0.19,0.25,-0.14,0.11,-0.11,14.13,61.38,78.12,0.56,-0.44,-0.31,5,2
1772047801.785207,5140362,0.0,-0.05,0.05,-170.19,-72.5,50.44,0.19,2.12,-0.06,-0.1,0.09,0.01,14.06,61.44,78.06,0.56,-0.25,0.31,5,2
1772047801.976018,5140553,0.18,-0.15,0.01,-170.12,-71.87,50.38,-0.25,1.94,-0.94,-0.08,0.04,0.05,14.19,61.44,77.94,0.69,0.94,0.69,5,2
1772047802.166966,5140744,0.14,-0.11,0.01,-170.0,-71.69,50.25,-0.13,1.06,1.5,-0.04,0.05,0.06,14.13,61.31,77.87,0.69,1.19,1.44,6,2
1772047802.357808,5140935,0.06,0.03,0.03,-169.56,-71.69,49.88,1.0,-0.13,-0.06,-0.05,0.0,0.04,14.31,61.06,77.69,0.37,1.12,0.75,5,2
1772047802.548967,5141126,0.11,-0.08,0.03,-170.06,-71.56,50.19,0.0,0.88,-0.37,-0.02,0.03,-0.05,14.56,60.94,77.56,0.25,0.94,0.44,4,1
1772047802.739653,5141317,0.08,-0.15,0.07,-170.12,-71.56,50.38,0.81,0.5,1.12,-0.13,0.03,0.12,14.63,60.81,77.5,1.19,-1.12,0.62,4,2
1772047802.930663,5141507,0.27,-0.19,-0.05,-170.25,-71.56,50.38,-1.25,-1.44,1.81,-0.06,0.09,0.04,14.63,60.88,77.44,-0.62,-0.56,-0.62,4,2
1772047803.121065,5141698,0.0,-0.02,0.05,-169.31,-72.06,49.75,0.62,0.25,0.75,-0.08,0.02,0.05,14.5,60.94,77.5,-0.75,-0.25,-0.75,4,2
1772047803.312188,5141889,0.09,-0.06,0.0,-169.37,-72.0,49.81,0.31,-1.06,0.19,-0.1,0.05,-0.01,14.5,60.94,77.5,-0.5,0.19,-0.06,4,2
1772047803.502472,5142080,0.05,-0.04,0.03,-169.0,-72.19,49.81,0.69,-0.88,1.31,-0.12,0.07,-0.06,14.5,61.0,77.56,0.13,2.0,1.56,4,2
1772047803.692077,5142269,0.17,0.77,0.73,-159.25,-68.56,56.81,160.19,17.37,119.12,0.16,-0.16,0.13,14.31,60.19,77.69,0.13,-0.88,-8.19,5,2
1772047803.881728,5142459,0.03,-2.22,-0.2,-148.19,-60.75,75.44,69.0,-14.25,48.56,-0.05,0.3,0.24,12.06,60.56,79.0,-2.19,-3.69,-5.0,6,2
1772047804.073768,5142651,0.36,-1.05,-0.08,-149.62,-61.31,79.81,13.44,5.31,0.69,-0.15,0.0,0.04,12.19,61.0,79.25,-2.81,-1.5,0.69,5,3
1772047804.26531,5142842,-0.68,-0.81,0.28,-149.5,-64.31,76.19,-92.94,-13.56,-61.63,-0.09,-0.06,0.19,12.81,61.06,78.81,1.44,0.37,4.75,5,3
1772047804.455941,5143033,0.11,0.22,-0.02,-157.5,-68.5,66.12,-49.0,2.62,-33.19,-0.04,0.01,0.01,13.31,60.94,78.44,0.94,2.75,0.31,5,4
1772047804.645237,5143222,-0.06,0.03,0.01,-157.69,-69.75,61.56,-18.31,-4.87,-2.06,0.0,0.0,0.01,13.19,60.75,78.37,0.56,1.62,1.0,6,4
1772047804.834712,5143412,0.43,-0.75,0.04,-155.69,-70.06,57.38,-41.5,-0.06,-15.75,-0.16,0.12,-0.09,13.19,60.69,78.31,0.0,0.62,1.37,6,4
1772047805.027254,5143604,-0.09,0.43,0.15,-157.44,-72.06,50.19,-32.19,0.19,-17.94,-0.11,0.02,0.0,13.5,60.44,78.06,0.37,0.56,0.31,6,4
1772047805.218671,5143796,0.03,-0.02,0.05,-157.94,-72.44,47.88,-0.69,-1.44,0.88,-0.14,0.1,0.0,13.38,60.44,78.12,0.13,2.56,1.37,6,3
1772047805.410204,5143987,0.09,-0.03,0.06,-157.19,-72.62,47.31,-1.25,-0.88,-1.69,-0.1,0.14,-0.11,13.44,60.44,78.12,-0.69,-1.25,-1.0,6,4
1772047805.600851,5144178,-0.19,0.04,0.14,-156.62,-73.06,47.19,-2.62,-0.31,-1.06,-0.04,0.03,0.0,13.5,60.5,78.12,-0.06,-0.81,-0.69,6,3
1772047805.791563,5144369,0.1,-0.09,0.13,-158.12,-72.87,47.44,2.31,2.31,-1.56,-0.04,-0.02,0.01,13.13,60.69,78.19,-0.13,-0.88,-1.0,5,3
1772047805.982831,5144560,0.17,-0.18,-0.01,-159.37,-72.25,48.19,0.0,3.81,-0.31,-0.02,0.09,0.0,13.0,60.69,78.31,3.37,0.37,1.56,5,3
1772047806.174104,5144751,0.05,0.09,0.1,-158.94,-72.19,47.56,-3.25,-0.37,2.81,-0.17,0.0,0.05,12.94,60.56,78.06,0.19,-0.06,0.5,4,3
1772047806.365711,5144943,0.22,-0.09,0.02,-159.31,-71.81,47.31,1.12,1.94,-1.56,-0.08,0.03,-0.07,13.31,60.44,77.87,-0.06,-0.56,0.81,4,2
1772047806.555605,5145133,0.06,-0.11,0.08,-159.87,-72.25,47.88,-0.44,-3.56,-0.5,-0.08,0.01,0.06,13.5,60.38,77.75,0.44,0.44,0.56,4,2
1772047806.745637,5145323,0.09,-0.07,0.11,-159.94,-72.69,47.94,-0.81,-2.75,0.19,-0.05,0.0,0.06,13.44,60.38,77.75,0.19,0.69,0.5,5,2
1772047806.944228,5145515,0.05,-0.1,0.05,-159.69,-73.0,48.0,1.06,0.56,0.06,-0.08,0.01,0.02,13.44,60.38,77.75,0.13,0.44,0.44,6,2
1772047807.130406,5145707,0.05,-0.06,0.07,-159.75,-73.0,48.13,0.44,-0.62,-0.13,-0.08,-0.03,0.1,13.38,60.38,77.69,1.94,0.37,0.06,5,2
1772047807.323581,5145901,0.04,-0.01,0.06,-160.19,-72.87,48.19,2.37,0.19,-1.19,-0.06,0.04,-0.01,13.13,60.56,77.75,1.06,0.37,0.37,6,2
1772047807.516105,5146093,-0.02,-0.09,0.07,-161.0,-72.75,48.56,0.31,2.37,-1.0,-0.13,0.14,-0.03,12.94,60.44,77.62,-0.5,0.75,-0.13,5,2
1772047807.705198,5146282,0.04,0.03,0.08,-161.44,-72.56,48.56,-0.81,-0.44,-1.62,-0.05,0.03,0.08,13.38,60.13,77.37,-1.75,0.81,1.06,5,1
1772047807.895306,5146472,0.06,-0.16,0.01,-162.75,-72.44,49.38,2.69,0.88,-2.69,-0.12,0.05,0.0,13.88,60.06,77.31,-1.37,-1.5,0.13,6,2
1772047808.088396,5146666,0.05,-0.07,0.04,-163.56,-72.62,49.81,-1.31,-1.87,0.25,-0.09,-0.04,0.09,14.0,60.25,77.31,0.37,0.44,0.75,6,2
1772047808.280589,5146857,0.16,-0.12,0.01,-163.5,-72.75,49.88,1.31,-0.13,-0.06,-0.1,0.06,-0.05,14.06,60.31,77.25,-0.19,-0.13,-0.31,7,2
1772047808.472155,5147049,0.0,-0.07,0.04,-162.62,-72.81,49.69,-0.56,-0.31,1.19,-0.05,-0.02,0.09,14.0,60.25,77.25,0.56,0.88,-0.19,6,2
1772047808.663137,5147240,-0.01,-0.02,0.17,-161.87,-72.62,49.25,-1.69,-2.37,1.62,-0.03,0.04,0.03,13.88,60.44,77.37,0.44,0.37,-0.37,6,2
1772047808.853741,5147431,0.07,-0.09,0.04,-161.69,-72.56,49.19,-1.0,-0.69,0.62,-0.09,0.01,0.12,13.88,60.38,77.37,0.25,-1.0,-0.44,6,2
1772047809.045684,5147623,0.12,-0.14,0.03,-162.19,-72.37,49.25,0.44,0.37,0.56,-0.1,0.04,0.08,13.63,60.56,77.44,-0.06,0.25,-0.31,6,2
1772047809.237544,5147815,0.25,-0.13,0.01,-162.62,-72.12,49.5,2.0,1.5,0.19,-0.04,0.13,0.02,13.31,60.56,77.44,0.94,2.19,0.06,6,2
1772047809.430124,5148007,-0.03,0.0,0.09,-161.94,-72.19,49.13,-0.94,3.06,0.56,-0.07,0.11,0.04,13.31,60.56,77.37,-0.31,0.06,0.19,6,2
1772047809.620479,5148197,-0.03,-0.16,0.04,-162.12,-72.19,49.13,-1.31,-3.62,-1.62,-0.02,0.06,0.08,13.56,60.44,77.25,-0.62,-0.88,0.75,6,3
1772047809.809564,5148387,0.17,-0.05,0.06,-161.5,-72.37,48.5,-2.0,1.19,0.69,0.09,0.0,0.07,13.88,60.38,77.06,0.0,-4.0,-1.31,5,2
1772047810.001393,5148579,0.54,-0.22,0.07,-162.56,-71.87,48.13,-2.56,2.69,2.5,-0.19,-0.04,0.11,14.0,60.5,77.0,0.0,2.37,1.37,6,3
1772047810.193567,5148771,0.36,-0.16,0.04,-161.37,-72.0,47.56,-0.88,-1.75,1.25,-0.06,0.01,0.11,13.94,60.44,77.0,-0.37,1.69,0.88,4,2
1772047810.38549,5148963,0.13,-0.11,0.04,-160.0,-72.12,47.0,1.19,-0.37,2.69,-0.11,0.0,0.06,14.0,60.44,77.0,-0.31,0.31,0.31,4,2
1772047810.577847,5149155,-0.18,-0.02,0.1,-159.19,-72.31,46.88,-1.19,-3.56,0.0,-0.12,0.03,0.04,14.06,60.44,77.06,-0.62,-2.69,-1.12,4,2
1772047810.769313,5149346,-0.02,-0.09,0.09,-158.69,-72.37,47.06,1.19,-1.37,1.94,-0.13,0.1,0.07,14.0,60.44,77.06,-0.19,-0.56,-0.5,3,2
1772047810.959063,5149536,0.1,-0.11,0.07,-158.87,-72.25,47.13,0.37,-0.62,0.0,-0.08,0.04,0.08,14.06,60.5,77.06,-0.06,-0.31,0.06,3,1
1772047811.151931,5149729,-0.14,-0.02,0.01,-158.75,-72.62,47.13,-0.75,-2.5,-1.69,-0.12,0.03,0.1,14.0,60.5,77.12,-1.0,0.0,-0.56,3,1
1772047811.343879,5149921,0.01,0.06,0.03,-159.12,-72.69,47.25,-0.62,-0.75,-0.75,-0.1,0.05,-0.02,14.13,60.75,77.25,-0.37,-1.25,-0.5,2,2
1772047811.535706,5150113,0.04,-0.09,0.03,-159.62,-72.62,47.56,0.31,1.31,-0.56,-0.1,0.04,0.01,14.19,60.75,77.25,-0.13,-0.19,0.44,3,1
1772047811.72625,5150303,0.1,-0.01,0.06,-159.81,-72.62,47.69,1.87,0.37,-0.88,-0.17,0.09,0.08,14.19,60.81,77.25,-0.94,-0.44,-1.06,2,1
1772047811.915791,5150493,0.03,-0.1,0.04,-160.75,-72.56,48.25,-0.88,-0.19,-2.06,-0.08,0.1,0.03,14.13,60.75,77.31,-1.31,1.0,-0.56,2,1
1772047812.108057,5150685,0.12,-0.19,0.12,-160.12,-72.5,48.13,-0.44,1.0,0.31,-0.11,0.01,0.06,14.19,60.69,77.37,-0.19,0.31,-0.06,2,1
1772047812.299932,5150877,0.08,-0.13,0.01,-160.44,-72.19,48.13,1.81,1.62,0.62,-0.15,0.14,-0.04,14.13,60.75,77.37,-0.31,-1.12,-0.56,3,1
1772047812.491492,5151069,-0.1,-0.12,0.11,-160.06,-71.69,48.25,3.94,4.12,3.37,-0.1,0.05,0.06,14.06,60.69,77.37,0.44,1.31,0.44,3,2
1772047812.681001,5151258,0.19,-0.09,0.04,-160.56,-70.19,48.06,1.37,7.56,2.94,-0.07,0.05,0.03,14.0,60.44,77.31,-0.31,0.88,0.19,3,2
1772047812.870427,5151448,0.16,-0.21,-0.01,-159.06,-69.0,47.81,5.0,3.25,9.5,-0.05,0.01,0.21,13.88,60.0,77.31,0.37,2.56,0.19,3,2
1772047813.062939,5151640,0.26,-0.22,0.01,-154.44,-68.31,46.06,-6.44,-4.81,11.94,-0.07,0.01,0.13,13.75,59.81,77.31,1.19,0.37,-0.25,4,2
1772047813.253955,5151831,0.13,0.03,0.12,-150.44,-68.12,43.06,-5.25,0.44,3.81,-0.11,0.09,0.1,13.38,59.88,77.31,0.44,-0.5,-0.94,4,2
1772047813.444926,5152022,0.01,0.06,0.06,-148.37,-67.94,41.44,-2.06,2.0,1.0,-0.19,0.05,0.18,13.19,60.06,77.44,0.5,-0.69,0.0,4,2
1772047813.63493,5152212,1.22,-0.17,-0.17,-149.25,-66.75,41.13,-3.62,-12.94,-1.94,-0.02,0.0,-0.06,13.13,60.13,77.5,-0.25,-1.37,-1.44,4,2
1772047813.824255,5152401,-1.12,0.83,0.67,-154.37,-72.5,42.75,-8.94,9.38,-36.13,-0.02,0.34,-0.28,13.25,60.56,77.5,-1.25,-4.37,0.0,4,2
1772047814.016578,5152594,0.55,-0.48,-0.19,-164.62,-72.37,48.5,18.87,-19.25,0.75,-0.2,-0.02,0.33,13.88,60.44,77.5,-2.12,-2.75,0.31,4,2
1772047814.207999,5152785,0.23,-0.18,-0.02,-165.56,-73.5,50.63,1.5,9.88,-5.12,-0.08,0.08,-0.24,14.38,60.5,77.44,-0.5,-2.25,-1.12,4,2
1772047814.399228,5152977,-0.68,0.0,0.44,-163.81,-73.75,50.56,4.31,3.44,17.06,-0.16,0.0,-0.02,14.19,60.38,77.56,-0.5,-0.25,0.13,4,2
1772047814.588722,5153166,0.24,-0.32,0.0,-157.25,-71.87,48.38,-6.25,2.12,6.37,-0.02,0.23,-0.15,13.69,60.25,77.69,1.0,0.31,-1.81,4,2
1772047814.778176,5153356,-0.03,-0.03,0.23,-149.0,-71.12,44.5,-1.75,1.06,12.69,-0.01,0.11,0.06,13.25,60.06,77.69,1.19,1.5,-1.44,4,2
1772047814.97007,5153548,-0.13,0.26,0.08,-145.81,-70.12,42.06,-1.87,10.0,4.81,-0.01,0.03,0.08,12.56,59.88,77.87,1.12,1.62,0.19,3,2
1772047815.161603,5153739,0.83,-0.1,-0.06,-147.44,-67.69,41.19,-4.19,-6.12,-1.87,-0.08,0.13,-0.02,12.38,59.69,77.94,0.0,0.44,-0.44,3,2
1772047815.352415,5153930,0.4,-0.31,0.08,-145.94,-68.44,40.81,-9.0,-6.56,-2.75,-0.06,0.0,0.14,12.31,59.81,77.94,-0.19,-0.56,0.0,2,2
1772047815.542069,5154119,0.16,0.25,0.12,-146.06,-70.19,40.0,-0.56,-0.25,-4.87,-0.1,-0.03,0.12,12.44,59.81,77.87,-0.81,0.62,0.69,2,2
1772047815.731694,5154309,0.06,-0.12,0.04,-147.62,-70.31,41.31,2.75,3.69,-1.19,-0.13,0.02,0.05,12.63,59.75,77.87,-0.56,0.62,0.56,3,2
1772047815.924083,5154501,-0.14,-0.12,0.11,-147.87,-70.56,41.25,-7.5,-1.44,-2.87,-0.07,0.07,0.14,12.69,59.63,77.81,-0.37,0.19,0.44,2,2
1772047816.1151,5154692,-0.16,0.29,0.26,-147.56,-70.62,40.0,-0.44,-0.06,-1.44,-0.22,0.16,0.19,13.38,59.31,77.12,4.62,-2.56,4.12,2,2
1772047816.306037,5154883,0.23,0.08,0.05,-151.5,-69.94,40.44,-4.12,2.87,-8.44,-0.2,-0.06,-0.12,13.69,59.75,76.0,2.62,-1.56,0.19,2,2
1772047816.495569,5155073,-0.03,-0.1,0.23,-154.12,-70.19,42.75,11.0,-1.75,3.75,-0.14,0.11,0.15,13.13,59.88,76.19,-0.06,4.75,0.31,2,2
1772047816.685138,5155262,0.24,-0.03,0.0,-156.06,-69.12,43.5,-2.31,13.38,-1.94,0.09,-0.13,0.13,13.19,59.38,75.81,-0.62,2.0,2.12,2,2
1772047816.877428,5155455,0.43,-0.26,-0.09,-156.87,-67.06,43.25,8.13,2.62,12.38,-0.12,0.12,-0.32,13.94,59.0,76.19,-6.87,4.5,0.31,3,2
1772047817.068788,5155646,0.22,-0.19,0.08,-153.19,-66.69,40.19,-21.5,3.75,-5.81,-0.11,-0.11,-0.07,14.56,58.0,76.19,-2.37,3.06,-1.12,3,3
1772047817.259649,5155837,0.26,0.02,-0.09,-152.75,-66.81,36.88,-7.5,0.44,-0.94,-0.01,-0.05,0.23,14.06,57.56,76.37,1.44,0.0,-1.75,3,2
1772047817.449209,5156027,0.32,0.01,0.12,-151.31,-66.5,35.31,-2.69,0.06,0.75,-0.08,0.1,-0.01,13.44,57.88,76.62,0.5,-0.81,-0.31,3,2
1772047817.638655,5156216,0.19,0.06,0.15,-150.94,-66.87,34.25,-8.0,2.37,-8.75,-0.1,0.01,0.03,13.81,58.0,76.5,-0.81,0.13,2.87,3,2
1772047817.831177,5156408,0.27,-1.25,-0.17,-155.25,-67.87,31.69,-59.63,4.69,-40.81,-0.24,-0.14,0.48,15.5,57.56,75.44,0.06,-0.37,9.06,4,2
1772047818.022524,5156600,-0.7,1.39,0.92,-162.69,-70.56,18.0,-48.38,8.69,-24.06,0.06,0.0,-0.22,17.12,58.19,74.44,0.19,-4.12,-1.62,3,3
1772047818.21263,5156790,0.05,0.13,0.45,-164.94,-69.62,16.0,8.5,0.13,2.94,-0.04,0.05,0.05,16.69,58.5,74.56,0.37,1.19,0.0,3,3
1772047818.402876,5156980,-0.01,0.73,0.31,-162.5,-69.5,17.0,16.87,-1.25,13.06,0.0,-0.06,0.03,16.37,58.38,74.37,2.19,0.69,-0.44,3,3
1772047818.59259,5157170,0.09,-0.04,0.28,-155.37,-69.37,22.31,52.63,-12.63,26.44,-0.08,0.01,0.07,16.06,58.38,74.44,0.69,1.19,0.44,4,3
1772047818.784593,5157362,0.1,-0.25,0.16,-153.75,-70.0,30.75,35.38,-4.75,8.06,-0.05,-0.03,0.05,15.94,58.38,74.31,1.0,0.37,-0.62,4,3
1772047818.975607,5157553,0.06,-0.33,0.0,-157.0,-70.06,37.19,16.25,0.44,0.94,-0.06,0.0,-0.11,15.75,58.44,74.37,-0.62,0.25,0.31,5,3
1772047819.166778,5157744,0.13,-0.25,-0.05,-159.62,-70.44,39.69,-1.19,-3.69,-1.12,-0.17,0.08,0.06,15.69,58.44,74.44,0.06,0.44,-0.88,5,3
1772047819.35637,5157934,0.02,-0.12,0.03,-158.69,-71.25,38.13,-16.81,0.37,-2.87,-0.06,0.12,-0.14,15.63,58.63,74.31,0.0,-1.62,-0.06,5,3
1772047819.546532,5158124,0.03,0.24,0.16,-156.44,-71.81,34.0,-17.06,-1.56,-5.62,-0.02,0.02,0.02,15.63,58.63,74.25,1.12,-1.06,-0.5,5,3
1772047819.738049,5158316,0.03,0.14,0.17,-155.87,-72.19,32.0,-3.87,1.44,0.69,-0.07,0.04,0.02,15.63,58.75,74.06,0.62,0.0,0.44,4,3
1772047819.92905,5158507,0.13,0.02,0.0,-155.5,-71.62,31.69,2.44,3.19,0.88,-0.04,0.03,0.07,15.69,58.63,73.94,0.13,0.25,0.31,5,3
1772047820.120358,5158698,0.24,-0.1,0.1,-155.69,-71.06,32.38,7.44,-2.0,2.37,-0.03,0.01,-0.02,15.75,58.56,73.87,0.37,0.19,0.44,5,3
1772047820.310005,5158887,0.32,-0.09,0.05,-155.94,-71.44,33.75,5.81,0.44,-0.19,-0.1,-0.02,0.01,15.75,58.56,73.87,-0.31,0.13,0.13,5,3
1772047820.500241,5159078,0.05,0.1,0.09,-156.44,-71.62,35.19,9.38,-2.37,1.81,-0.06,0.02,0.05,15.75,58.63,73.87,-0.37,-0.13,-0.5,4,3
1772047820.691738,5159269,0.09,-0.45,0.04,-155.87,-71.25,38.81,18.87,0.25,6.12,-0.01,0.02,0.01,15.69,58.63,73.94,-0.37,-0.37,-0.19,4,3
1772047820.882726,5159460,0.13,-0.07,0.0,-158.12,-71.19,40.81,3.06,1.19,1.06,-0.03,-0.02,0.01,15.75,58.63,73.94,0.13,0.06,-0.06,4,3
1772047821.07391,5159651,0.16,-0.12,-0.04,-158.69,-71.12,41.25,-0.13,-1.44,-0.62,-0.06,0.02,-0.03,15.88,58.63,73.81,0.69,0.13,1.0,4,3
1772047821.263735,5159841,0.04,-0.08,0.07,-159.31,-71.81,40.81,-10.5,-0.25,-5.81,-0.1,0.02,0.02,15.94,58.56,73.69,0.06,0.5,1.06,5,3
1772047821.453168,5160031,0.15,-0.09,-0.03,-159.44,-72.0,40.13,2.12,-1.94,0.88,-0.04,-0.01,0.09,16.0,58.38,73.56,1.0,2.06,1.56,5,3
1772047821.645551,5160223,0.02,0.1,0.07,-157.31,-72.06,39.0,-4.19,0.5,4.44,-0.07,0.02,-0.03,16.06,58.25,73.5,-0.31,0.5,-0.5,5,2
1772047821.836642,5160414,-0.34,0.28,0.16,-150.94,-72.81,37.5,-1.12,-11.63,7.31,-0.07,0.0,0.04,15.94,58.19,73.62,1.25,-0.81,-0.69,5,2
1772047822.027729,5160605,0.34,-0.15,-0.05,-152.37,-71.87,39.19,10.31,-1.44,-2.31,-0.03,0.1,-0.01,15.44,58.25,73.94,1.19,-1.19,0.0,5,2
1772047822.217233,5160795,0.24,-0.07,-0.09,-157.87,-71.87,42.06,8.38,3.19,-3.56,-0.06,0.0,0.12,15.56,58.31,73.94,-1.19,0.81,1.06,5,2
1772047822.407774,5160985,0.0,-0.17,0.01,-161.94,-71.81,44.75,6.87,1.56,-5.12,0.01,0.06,-0.04,15.75,58.38,73.94,-0.44,-0.81,-0.31,6,1
1772047822.599743,5161177,-0.12,0.01,0.06,-163.81,-71.81,45.69,-1.62,0.81,-0.44,-0.15,0.1,-0.02,15.81,58.38,73.87,0.0,-0.94,-0.56,7,2
1772047822.790445,5161368,-0.04,-0.07,0.02,-163.69,-71.62,45.56,-1.81,0.19,1.56,-0.06,0.04,0.02,15.69,58.38,73.87,0.44,-0.25,0.25,6,2
1772047822.980929,5161559,0.13,0.0,-0.02,-162.75,-71.25,44.63,-2.87,-1.62,0.56,-0.05,0.02,-0.02,15.69,58.31,73.87,0.0,1.06,0.37,6,1
1772047823.171168,5161749,0.08,-0.01,0.04,-161.81,-71.56,43.88,-6.69,-5.06,-2.06,-0.11,0.0,0.1,15.69,58.31,73.94,0.62,0.0,0.13,6,1
1772047823.361083,5161939,0.05,0.0,0.04,-161.19,-72.0,43.13,-2.44,-1.75,1.12,-0.06,0.02,-0.03,15.69,58.38,73.87,0.56,-1.56,-0.62,5,2
1772047823.553342,5162131,0.05,-0.03,0.03,-161.12,-72.06,42.88,-0.13,0.0,-0.06,-0.06,0.04,-0.04,15.69,58.31,73.87,0.56,-0.44,-0.13,5,2
1772047823.744332,5162322,0.02,-0.02,0.03,-160.94,-72.0,42.63,-1.75,0.19,-0.69,-0.1,0.04,-0.05,15.75,58.31,73.81,-0.44,-0.94,-0.5,6,2
1772047823.934789,5162512,0.23,0.0,0.01,-160.37,-71.81,42.5,4.06,-1.12,4.81,-0.04,-0.02,0.0,15.69,58.25,73.81,-0.13,0.69,-0.19,6,2
1772047824.12588,5162703,0.19,-0.15,0.04,-158.94,-71.87,42.88,-1.62,-0.06,0.62,-0.14,0.02,-0.01,15.69,58.25,73.87,-0.06,1.12,1.12,6,2
1772047824.316129,5162894,0.04,-0.03,0.02,-159.31,-72.0,42.5,-1.56,-1.12,-4.69,-0.09,0.07,-0.02,15.75,58.25,73.87,-0.75,-0.13,-0.56,5,2
1772047824.507148,5163085,-0.48,0.09,0.0,-159.56,-71.69,42.69,12.06,15.88,15.56,-0.06,0.03,0.06,15.94,58.0,73.75,-0.19,3.94,1.94,4,1
1772047824.698207,5163276,0.3,-0.25,0.01,-150.75,-68.37,39.94,-16.5,-16.69,5.0,-0.1,0.06,-0.14,15.44,58.06,73.94,2.81,2.12,-0.69,4,1
1772047824.88886,5163466,-0.02,0.09,0.14,-146.62,-70.5,36.44,-17.5,-11.56,-7.25,0.01,0.1,-0.06,14.94,58.19,74.12,0.69,0.13,-0.94,4,1
1772047825.079641,5163657,-0.16,0.24,0.18,-145.75,-71.87,34.88,-1.56,0.06,-0.81,-0.12,0.01,-0.02,14.75,58.0,74.19,-0.88,-1.5,-1.56,5,1
1772047825.268776,5163846,-0.08,0.01,0.01,-147.19,-71.56,35.5,2.37,2.19,-3.44,0.05,-0.11,0.21,14.81,57.94,74.25,-0.19,-2.0,-1.31,5,1
1772047825.460963,5164039,0.3,-0.04,0.07,-148.31,-71.75,36.69,4.81,-5.0,3.69,-0.1,-0.01,0.11,14.69,58.0,74.31,-0.62,0.13,-0.62,4,1
1772047825.651753,5164229,0.22,0.25,0.09,-148.31,-71.5,37.06,3.25,6.81,-0.19,-0.04,-0.02,-0.06,14.69,57.94,74.37,0.06,0.25,-0.69,4,1
1772047825.842614,5164420,0.1,-0.12,0.0,-150.5,-70.87,39.06,6.0,2.0,-2.19,-0.13,0.0,0.0,14.44,57.94,74.56,-0.44,0.06,-0.25,3,1
1772047826.032832,5164610,0.0,0.02,0.09,-153.25,-70.56,40.63,9.44,4.37,0.13,-0.1,0.04,-0.04,14.5,58.0,74.62,-0.44,0.25,-0.13,3,1
1772047826.222397,5164800,0.14,-0.26,-0.07,-155.87,-69.12,43.38,13.63,7.0,4.31,0.0,-0.04,0.01,14.38,57.88,74.5,1.44,-0.44,0.25,2,1
1772047826.41476,5164992,0.25,-0.23,0.0,-158.0,-67.94,45.06,0.06,1.12,-0.62,-0.07,0.03,-0.1,14.19,57.88,74.5,1.0,-1.31,-0.25,2,1
1772047826.605777,5165183,0.32,0.1,0.04,-158.44,-67.94,45.13,4.87,-5.5,3.31,-0.14,-0.11,0.14,14.44,57.69,74.62,0.94,-1.69,-0.19,3,2
1772047826.796607,5165374,0.36,-0.11,-0.03,-160.87,-68.5,47.94,7.19,-2.56,-2.69,0.01,-0.01,0.09,14.38,57.81,74.75,-0.88,2.06,1.75,3,1
1772047826.98638,5165564,0.23,-0.32,0.08,-163.31,-69.75,50.5,3.87,-0.88,-7.94,-0.09,0.13,-0.01,14.56,57.88,74.75,-2.81,0.69,0.37,2,1
1772047827.177159,5165755,0.05,-0.28,0.06,-165.19,-69.69,52.31,10.75,5.25,1.81,-0.06,-0.05,0.03,14.88,57.81,74.69,0.44,-0.69,-0.94,3,1
1772047827.368708,5165946,0.28,-0.07,-0.05,-168.25,-68.75,53.44,-3.62,0.0,2.75,-0.08,-0.03,0.0,14.81,57.81,74.94,0.13,-0.13,0.13,4,2
1772047827.5591,5166137,0.01,-0.1,0.05,-166.94,-69.12,52.75,2.69,2.75,1.25,-0.06,0.04,0.04,14.63,57.75,75.0,0.06,2.94,1.0,3,2
1772047827.750154,5166328,-0.17,-0.34,0.01,-165.25,-68.87,51.63,-6.87,3.69,4.69,-0.15,-0.01,0.01,14.69,57.69,74.94,-0.37,0.62,0.88,3,3
1772047827.94032,5166518,0.29,0.0,0.04,-161.69,-67.62,47.75,-11.69,5.69,4.75,-0.12,-0.02,0.0,14.63,57.63,74.87,1.69,-1.62,-1.06,4,2
1772047828.129803,5166707,-0.25,0.06,0.22,-157.87,-67.81,44.31,-11.81,-5.56,1.62,-0.06,0.0,0.06,14.13,57.75,74.87,0.13,-2.25,-1.87,4,3
1772047828.321958,5166900,0.29,0.46,0.06,-155.0,-67.56,42.5,11.13,-4.31,4.0,-0.08,0.0,-0.05,13.94,57.75,75.0,0.19,0.44,-1.44,4,3
1772047828.513217,5167091,0.01,-0.2,0.1,-156.19,-68.56,46.0,4.69,-3.44,-5.75,-0.11,0.07,-0.02,13.63,57.94,75.19,-0.62,-2.37,0.0,3,2
1772047828.703894,5167281,0.09,-0.09,0.06,-159.06,-69.19,47.63,-0.06,-1.06,-6.75,-0.02,0.03,-0.08,13.75,58.0,75.12,-0.44,0.62,0.62,4,3
1772047828.893635,5167471,0.11,-0.16,0.03,-161.75,-69.56,49.0,4.81,1.44,-3.25,-0.06,0.04,-0.06,14.0,57.81,75.0,-0.5,1.81,1.37,4,2
1772047829.084626,5167662,0.13,-0.24,0.01,-163.62,-69.75,49.94,-6.25,-0.69,-4.06,-0.08,0.01,0.02,14.19,57.69,74.81,0.06,-0.06,-0.13,4,3
1772047829.275873,5167854,0.02,0.02,0.1,-163.06,-70.0,49.31,2.56,-0.81,0.69,-0.07,0.03,-0.01,14.13,57.63,74.75,0.37,1.06,0.31,4,3
1772047829.466821,5168044,-0.49,-0.06,-0.12,-162.81,-69.69,49.25,-1.19,8.75,2.31,-0.04,0.05,0.0,14.31,57.56,74.69,-0.88,1.37,1.56,4,2
1772047829.657651,5168235,0.53,-0.47,-0.31,-164.0,-66.19,46.56,-24.25,1.69,2.62,0.16,-0.05,0.25,15.06,57.25,74.31,-0.19,-0.62,1.56,5,2
1772047829.848094,5168425,0.25,0.24,0.76,-158.0,-67.62,36.31,-72.31,-18.25,-16.19,-0.33,-0.07,-0.25,16.62,58.13,73.87,-0.94,-11.19,3.81,5,2
1772047830.037378,5168615,-0.82,0.43,0.67,-151.25,-72.0,25.94,-25.0,-10.63,-10.25,0.13,0.14,0.13,17.19,58.88,73.31,5.62,1.69,2.56,5,2
1772047830.229684,5168807,-0.03,0.61,0.59,-150.0,-73.5,23.75,-0.44,-5.0,2.44,0.03,0.14,-0.15,16.56,59.44,72.5,4.25,-0.56,1.62,5,3
1772047830.420086,5168998,0.19,0.34,0.26,-143.44,-73.06,24.5,30.62,1.56,7.87,-0.12,0.1,0.0,16.62,58.94,71.81,0.69,1.44,2.06,6,3
1772047830.611129,5169189,0.09,-0.17,0.06,-146.62,-72.37,31.0,32.88,3.56,4.25,-0.1,0.05,-0.04,17.19,58.38,71.25,0.0,-0.31,2.37,5,3
1772047830.800898,5169379,0.15,-0.36,0.01,-152.0,-72.06,37.75,24.25,0.37,-3.31,0.0,0.01,-0.05,17.87,58.13,70.69,-0.31,1.94,3.44,5,3
1772047830.990933,5169568,-0.05,-0.34,-0.04,-158.31,-72.62,43.75,16.94,-0.19,-2.31,-0.11,-0.03,0.01,18.69,57.69,70.12,-0.56,0.5,1.81,4,3
1772047831.183327,5169761,0.06,-0.14,0.03,-163.94,-72.75,47.88,7.75,0.19,-2.81,-0.1,-0.07,-0.24,18.94,57.56,70.06,0.44,0.06,-1.12,4,3
1772047831.374217,5169952,0.08,-0.3,-0.1,-167.69,-72.69,50.44,1.75,3.25,0.06,-0.04,-0.01,-0.05,18.31,57.56,70.25,1.06,0.25,-0.44,4,2
1772047831.565195,5170143,0.04,0.1,0.04,-168.06,-72.5,49.69,-5.44,-1.31,-0.31,-0.02,0.03,-0.01,18.19,57.56,70.25,0.31,0.56,-0.94,4,2
1772047831.756071,5170333,0.19,-0.08,-0.02,-166.94,-72.75,49.13,-0.25,-2.62,-0.44,0.03,-0.06,0.04,18.0,57.56,70.25,-0.81,-1.62,-1.62,5,2
1772047831.946223,5170524,0.01,-0.09,0.03,-166.12,-73.44,49.38,1.37,-2.5,0.44,-0.12,0.0,0.0,17.94,57.69,70.31,0.0,-1.25,-0.5,4,2
1772047832.137621,5170715,0.07,-0.02,0.07,-166.56,-73.56,49.69,1.31,0.88,-0.62,-0.06,-0.03,-0.12,17.81,57.88,70.5,0.5,-0.81,-1.31,5,2
1772047832.328088,5170906,0.02,-0.23,-0.01,-167.5,-73.44,50.13,-2.69,1.0,1.12,-0.12,0.06,0.0,17.25,58.0,70.69,0.94,-0.25,-0.75,4,2
1772047832.518679,5171096,0.19,0.14,-0.03,-166.75,-73.12,48.63,-4.69,1.12,0.75,-0.12,0.0,-0.04,17.06,58.06,70.69,1.25,-1.0,-1.19,4,2
1772047832.709286,5171287,-0.02,0.05,0.06,-165.44,-73.12,47.81,-3.19,0.06,1.87,-0.05,0.06,0.02,16.75,58.13,70.75,-0.13,-0.31,0.31,4,2
1772047832.899964,5171478,0.05,0.05,0.05,-164.69,-72.94,47.25,1.19,0.0,0.44,-0.11,0.02,0.06,16.69,58.06,70.81,0.5,-0.44,-0.37,4,2
1772047833.091053,5171669,0.09,0.04,0.04,-164.87,-72.75,47.31,-0.62,0.75,0.75,-0.12,-0.03,0.06,16.75,58.13,70.81,0.25,0.13,0.0,5,2
1772047833.281875,5171860,0.18,-0.24,0.01,-164.87,-72.69,47.31,-0.81,-1.19,1.94,-0.11,0.07,0.0,16.5,58.25,71.06,-0.69,-0.5,-0.94,4,1
1772047833.472527,5172050,-0.12,0.14,0.08,-163.62,-73.5,45.38,-20.12,-5.06,-8.19,-0.05,0.04,0.0,16.25,58.38,71.19,0.44,-1.12,-1.06,4,1
1772047833.663059,5172241,0.02,0.0,0.11,-162.0,-74.37,43.0,-8.31,-6.19,1.62,-0.03,0.08,0.04,16.0,58.31,71.31,-0.19,0.31,-0.62,3,1
1772047833.853508,5172432,0.02,0.1,0.15,-158.44,-74.75,40.13,-11.19,-0.13,0.62,-0.04,0.06,0.0,16.0,58.31,71.31,-0.13,0.19,0.0,3,1
1772047834.044954,5172623,0.0,-0.29,0.15,-156.69,-75.0,37.31,-22.87,-1.06,-4.75,-0.05,0.13,-0.09,16.12,58.31,71.31,-1.19,1.0,2.19,3,2
1772047834.235597,5172813,0.05,0.4,0.21,-158.62,-75.31,30.25,-41.69,9.88,-12.81,-0.06,-0.06,0.15,17.06,58.0,71.0,-1.06,0.37,1.69,3,2
1772047834.425917,5173004,0.08,0.47,0.14,-151.62,-73.37,24.37,14.19,8.0,14.5,-0.09,0.03,0.03,17.12,58.0,71.06,-0.19,1.0,-0.56,3,2
1772047834.61623,5173194,0.29,-0.3,-0.04,-150.37,-70.62,28.56,43.75,4.87,19.37,-0.07,0.1,-0.03,16.69,57.94,71.31,-0.56,0.75,-0.94,4,2
1772047834.805725,5173384,0.11,-0.4,-0.04,-153.0,-69.69,34.81,15.69,0.19,1.06,-0.1,0.09,0.0,16.5,57.94,71.37,0.0,-1.94,-1.19,4,2
1772047834.998567,5173576,0.07,-0.17,0.03,-155.5,-70.12,37.31,1.75,-2.56,-1.12,-0.1,0.03,0.07,16.5,57.94,71.44,-1.25,-0.25,0.75,3,2
1772047835.188983,5173767,0.18,-0.19,0.05,-156.37,-70.44,37.94,0.19,0.94,-1.5,-0.06,0.03,-0.02,16.62,58.0,71.31,0.81,0.56,-0.13,4,2
1772047835.379856,5173958,0.11,-0.07,0.03,-156.06,-70.56,37.75,-3.69,-0.31,-0.62,-0.06,0.03,0.14,16.56,57.94,71.25,-0.25,0.88,0.37,3,2
1772047835.569851,5174147,0.16,-0.15,0.0,-156.0,-70.81,36.69,-9.31,-1.87,-2.44,-0.05,0.03,-0.05,16.56,58.0,71.25,-0.25,-2.0,-0.31,4,2
1772047835.760148,5174338,0.0,0.06,0.11,-154.56,-71.56,34.5,-10.75,-0.13,-2.06,0.0,0.0,0.05,16.62,58.0,71.19,-0.19,0.0,-0.13,3,2
1772047835.952051,5174530,0.13,-0.01,0.05,-153.81,-71.25,33.19,-1.31,-1.75,0.31,0.02,0.0,0.01,16.62,58.0,71.19,-0.44,-0.56,-0.56,3,2
1772047836.142701,5174721,0.06,-0.06,0.04,-153.31,-71.44,33.25,0.75,-0.62,0.69,-0.01,0.03,0.04,16.62,58.0,71.19,-0.31,-0.31,-0.25,3,2
1772047836.333371,5174911,-0.08,0.27,0.16,-153.31,-71.19,33.5,10.19,5.37,4.87,-0.2,0.12,-0.14,16.62,57.94,71.25,0.19,-0.69,-1.12,3,1
1772047836.524116,5175102,-0.75,-0.14,-0.04,-152.37,-71.81,36.44,9.63,3.5,-0.19,-0.4,-0.09,0.51,16.5,58.0,71.31,0.5,4.37,3.12,3,1
1772047836.713736,5175292,-0.5,0.3,0.3,-158.87,-68.62,38.25,2.19,4.0,-0.19,0.02,-0.11,0.27,16.69,57.75,71.25,-1.06,-6.5,-3.75,3,1
1772047836.905864,5175483,-0.08,-0.3,0.03,-158.31,-69.44,40.13,0.56,-9.63,-2.75,-0.01,0.05,0.01,16.5,57.88,71.44,-0.06,-0.56,-0.13,4,1
1772047837.096075,5175674,0.0,-0.05,0.07,-158.06,-71.12,39.44,-10.5,1.69,-9.13,-0.05,0.05,0.03,16.37,58.06,71.62,0.37,2.31,1.25,4,1
1772047837.287376,5175865,0.2,-0.01,-0.02,-157.81,-71.75,38.63,-0.37,-0.69,-1.87,-0.16,0.11,-0.02,16.31,58.13,71.69,0.06,-0.31,-0.31,4,1
1772047837.476645,5176054,0.06,-0.02,0.12,-157.25,-72.25,38.81,2.31,-0.94,1.81,-0.02,-0.06,0.16,16.31,58.06,71.81,2.06,-0.69,-1.12,4,2
1772047837.666989,5176245,0.05,0.57,0.07,-158.19,-72.06,39.56,11.88,5.56,5.25,-0.12,-0.02,-0.07,16.44,58.25,71.87,0.56,0.88,-0.19,4,2
1772047837.858808,5176437,0.06,-0.26,0.08,-159.94,-70.56,44.94,29.62,7.0,7.25,-0.04,0.07,0.0,15.69,58.31,72.25,1.31,2.31,1.19,4,2
1772047838.049749,5176628,0.29,-0.21,-0.11,-162.19,-68.81,50.44,30.87,4.81,10.75,-0.11,-0.03,0.11,15.88,58.13,72.31,-0.88,0.94,0.0,4,2
1772047838.240394,5176818,0.27,-0.5,-0.15,-167.0,-68.19,56.0,3.75,1.56,-4.81,-0.06,0.01,0.05,15.94,58.06,72.25,0.25,1.37,2.12,5,2
1772047838.431104,5177009,0.12,-0.24,-0.08,-169.44,-68.31,56.75,-6.19,-1.37,-4.19,-0.06,0.04,0.0,16.19,58.0,72.06,0.94,0.44,0.81,5,2
1772047838.620636,5177199,0.1,-0.84,-0.01,-169.44,-68.5,54.31,-35.69,3.31,-8.63,-0.04,0.06,0.06,16.37,57.94,71.87,1.19,0.25,1.81,5,3
1772047838.812858,5177391,-0.05,-0.45,1.23,-173.62,-66.19,35.56,-182.19,34.31,-100.94,-0.18,0.06,-0.03,17.69,57.63,71.0,-1.87,-3.94,7.25,4,5
1772047839.00358,5177581,-0.08,2.0,0.98,-173.87,-65.06,4.12,-67.19,-1.25,-22.69,0.09,-0.34,0.11,19.19,57.31,69.81,2.94,0.88,-1.06,6,5
1772047839.19397,5177772,0.44,1.58,1.01,-164.87,-68.5,2.94,90.44,-47.25,53.44,-0.1,0.09,0.03,17.19,57.88,70.87,-0.44,0.13,-7.87,6,5
1772047839.383681,5177962,-0.4,-0.71,0.51,-146.37,-69.69,19.0,82.25,-21.44,43.69,0.07,0.1,0.03,15.69,58.0,71.87,0.56,2.0,0.06,6,5
1772047839.573574,5178151,-0.23,0.49,0.5,-142.5,-69.75,26.25,35.88,-5.31,6.69,-0.13,0.04,-0.19,15.44,58.13,72.12,-0.69,-3.56,-3.5,5,5
1772047839.765969,5178344,0.1,-0.59,0.08,-146.37,-68.81,35.5,40.44,-0.88,6.12,-0.12,-0.03,0.09,14.88,58.25,72.62,-0.88,2.19,-0.56,5,5
1772047839.956807,5178535,0.13,-0.37,0.04,-149.37,-69.0,41.31,12.25,-1.94,6.75,-0.09,0.01,0.03,14.88,58.19,72.81,-0.88,0.13,-0.44,5,5
1772047840.147591,5178726,0.17,-0.2,0.07,-150.06,-69.12,42.5,-2.81,-1.5,-2.31,-0.02,0.02,0.0,14.88,58.19,72.81,0.5,1.25,0.56,5,4
1772047840.337665,5178915,0.03,-0.12,0.04,-150.56,-69.94,41.06,-19.87,-0.56,-10.13,-0.11,0.14,-0.07,14.94,58.13,72.75,0.5,-1.31,-0.44,5,5
1772047840.527225,5179105,0.17,0.12,0.15,-151.06,-70.69,38.31,-10.63,-0.75,-4.31,-0.09,0.01,-0.02,14.94,58.19,72.75,-0.62,-1.44,-0.69,5,5
1772047840.719566,5179297,0.05,0.08,0.11,-151.69,-71.25,37.63,-0.81,0.06,-3.44,-0.06,0.03,0.04,14.81,58.44,72.87,-0.25,-0.88,-0.81,4,2
1772047840.910573,5179488,0.52,-0.11,0.17,-154.44,-70.56,38.31,3.37,10.0,0.44,-0.07,-0.03,0.13,14.75,58.31,72.94,-0.06,-1.06,-0.37,4,2
1772047841.100985,5179679,-0.21,0.36,0.22,-153.56,-70.62,38.06,-3.19,-11.31,4.37,-0.17,-0.04,0.0,14.81,58.25,72.94,0.62,0.31,0.0,3,1
1772047841.290665,5179869,0.53,-0.34,0.16,-153.81,-70.06,39.13,3.56,2.37,0.62,-0.14,0.02,0.0,14.56,58.25,73.12,1.0,5.62,2.06,3,1
1772047841.481871,5180060,0.1,0.12,0.1,-154.25,-70.06,39.31,3.81,-2.75,0.88,-0.08,-0.04,0.19,14.44,58.25,73.19,0.5,-0.06,-0.88,3,1
1772047841.673113,5180251,-0.13,0.0,0.06,-155.19,-70.06,40.38,0.75,4.12,-2.12,-0.16,0.01,0.05,14.31,58.44,73.31,0.25,1.56,0.44,4,1
1772047841.864228,5180442,-0.25,0.13,0.32,-157.5,-69.69,39.75,-11.69,-1.62,-5.87,-0.01,0.0,0.04,14.44,58.38,73.31,-0.13,-1.37,-0.19,3,1
1772047842.054724,5180633,-0.06,0.11,0.2,-156.0,-71.0,38.31,-11.0,-7.44,-4.19,-0.02,-0.05,0.03,14.5,58.5,73.31,0.62,-0.44,-0.44,3,1
1772047842.245327,5180823,0.12,0.07,0.18,-155.12,-71.81,37.69,2.31,0.94,-0.06,-0.07,0.02,0.07,14.38,58.56,73.37,-1.06,-0.94,-0.88,3,1
1772047842.434582,5181013,0.25,-0.1,0.08,-155.69,-71.62,38.44,3.94,1.12,0.31,-0.02,0.07,0.03,14.25,58.69,73.5,0.06,4.62,1.87,3,1
1772047842.626242,5181205,0.23,0.02,0.13,-156.81,-70.87,40.13,17.87,11.0,2.62,0.13,-0.01,0.16,14.44,58.5,73.5,0.88,2.94,0.75,3,1
1772047842.817856,5181395,0.03,-0.1,-0.01,-160.44,-70.31,43.44,2.62,-0.5,-3.56,-0.13,-0.05,0.12,14.5,58.44,73.44,-1.25,-0.62,-0.25,3,1
1772047843.008028,5181586,0.28,-0.16,0.0,-163.19,-70.37,45.25,4.25,0.25,-3.75,-0.08,0.09,-0.05,14.31,58.69,73.56,-1.0,0.06,-1.0,3,2
1772047843.199068,5181777,-0.03,-0.04,0.08,-164.31,-70.87,46.13,-0.75,-1.75,-1.06,-0.11,0.15,-0.04,14.38,58.75,73.5,0.06,-1.12,-0.94,4,2
1772047843.389345,5181967,0.07,-0.01,0.08,-163.75,-71.12,45.75,-5.69,-2.25,0.5,-0.07,0.0,0.01,14.63,58.69,73.31,-1.0,-0.56,0.81,4,2
1772047843.580788,5182158,0.06,-0.32,0.06,-163.0,-71.44,44.38,-10.94,-1.37,-3.25,-0.07,0.04,-0.04,15.0,58.69,73.06,-0.31,-0.69,1.62,4,2
1772047843.771061,5182349,0.11,0.2,0.16,-164.44,-72.31,40.31,-32.88,-0.19,-15.94,-0.08,0.03,-0.03,15.63,58.63,72.75,0.31,-0.94,0.81,4,2
1772047843.961885,5182540,-0.01,0.24,0.16,-165.12,-73.12,36.69,-4.87,0.31,-1.5,-0.03,0.09,-0.13,15.81,58.56,72.69,-0.31,-1.75,-0.37,3,2
1772047844.151118,5182730,0.03,0.08,0.11,-164.69,-73.06,37.0,6.87,1.06,1.75,-0.07,0.05,0.06,15.81,58.44,72.62,0.31,1.62,0.25,4,2
1772047844.342228,5182920,0.11,-0.06,0.02,-164.69,-72.62,38.31,5.12,1.19,1.87,-0.09,0.01,0.0,15.81,58.38,72.62,-0.19,-0.06,0.31,4,2
1772047844.533903,5183112,0.02,-0.03,0.08,-165.06,-72.62,39.0,2.37,-1.62,0.44,-0.05,-0.01,-0.05,15.81,58.38,72.62,-1.12,0.25,0.31,4,2
1772047844.724245,5183302,0.0,0.09,0.02,-164.56,-72.62,39.5,5.69,1.0,2.12,-0.21,0.04,-0.11,15.94,58.31,72.69,-0.44,0.19,0.5,4,2
1772047844.915291,5183493,-0.04,-0.21,0.01,-164.62,-72.62,41.25,8.19,-0.56,0.31,-0.15,0.0,0.07,15.88,58.38,72.81,-2.0,-0.81,-0.94,4,2
1772047845.104918,5183683,0.16,-0.06,0.05,-166.19,-72.31,43.75,16.87,-1.31,3.56,-0.05,-0.01,0.06,15.81,58.38,72.81,0.94,0.0,-1.12,3,2
1772047845.294529,5183873,-0.01,-0.19,0.01,-167.06,-72.31,46.56,4.06,1.62,3.19,-0.09,0.0,0.07,15.94,58.31,72.87,0.56,-0.06,1.94,3,2
1772047845.486944,5184065,0.21,-0.12,0.04,-167.94,-72.0,46.88,0.56,0.0,1.12,-0.1,0.0,-0.02,16.12,58.38,72.75,0.69,-0.06,0.62,3,2
1772047845.677891,5184256,0.06,-0.16,-0.01,-168.0,-71.87,46.88,1.62,0.81,1.0,-0.09,0.0,0.01,16.19,58.31,72.69,0.5,-0.13,-0.44,3,2
1772047845.868583,5184447,0.08,-0.06,0.01,-167.81,-71.75,46.69,-1.62,-1.87,2.5,-0.06,-0.06,0.01,16.06,58.31,72.69,0.94,0.0,0.19,3,1
1772047846.059378,5184637,0.08,-0.21,-0.01,-166.94,-71.81,46.06,-3.19,-2.0,0.88,-0.11,0.0,0.03,16.06,58.31,72.69,-0.56,-1.56,0.25,3,2
1772047846.25005,5184828,0.06,0.03,0.07,-166.62,-72.06,44.88,-4.87,-0.94,-0.25,-0.12,0.02,0.04,16.06,58.44,72.62,-0.5,-0.19,-0.19,4,1
1772047846.441338,5185019,0.15,-0.13,0.01,-166.19,-72.19,44.56,1.25,-2.06,-0.56,-0.09,0.04,0.01,16.0,58.44,72.69,-0.88,-1.37,-1.12,4,2
1772047846.631818,5185210,0.02,-0.07,0.05,-166.0,-72.31,44.63,-1.12,-0.5,0.37,-0.14,0.08,-0.04,15.81,58.56,72.75,-0.19,-0.13,-0.5,5,2
1772047846.822116,5185400,0.06,0.24,-0.01,-165.12,-72.19,45.0,12.88,-0.37,6.56,-0.01,0.14,-0.09,15.69,58.56,72.87,0.69,0.88,-0.31,5,2
1772047847.012337,5185590,0.39,0.0,0.11,-161.69,-72.0,48.81,41.81,-7.69,25.0,-0.24,0.07,0.02,15.44,58.19,73.19,-1.62,-3.62,-3.31,5,2
1772047847.201789,5185780,-0.59,-0.28,0.09,-152.87,-71.69,55.31,51.19,5.06,27.5,0.04,0.02,0.01,14.88,58.31,73.69,-3.37,2.94,-1.56,5,2
1772047847.394329,5185972,0.16,-0.56,-0.03,-151.87,-68.62,63.25,42.19,0.06,24.87,-0.02,0.01,-0.11,14.31,58.5,75.25,-3.75,-1.87,-5.87,5,2
1772047847.58514,5186163,0.25,-0.33,-0.17,-147.94,-65.25,68.87,55.81,0.94,52.06,-0.04,-0.05,0.17,13.19,58.69,76.81,-1.56,-0.5,-8.44,5,2
1772047847.775993,5186354,0.1,-0.42,-0.06,-146.94,-62.0,75.69,22.5,-2.19,19.44,0.0,0.18,-0.02,11.5,59.19,78.25,-0.44,-0.81,-3.44,6,2
1772047847.965416,5186544,0.19,-0.01,0.02,-146.19,-61.38,77.31,2.12,-3.56,0.94,0.0,0.11,0.0,11.25,59.38,78.75,-2.19,0.19,0.37,6,2
1772047848.155299,5186733,0.05,-0.59,-0.04,-147.44,-61.94,79.06,-1.5,-0.62,-4.12,-0.15,0.0,0.01,11.69,59.31,78.87,-1.31,0.88,1.37,5,2
1772047848.347504,5186926,0.33,-0.37,0.0,-150.0,-62.13,80.06,2.37,-3.87,-6.69,-0.06,0.03,0.06,12.19,59.25,78.62,-1.75,1.62,0.62,5,2
1772047848.538468,5187117,-0.02,-1.78,0.0,-149.44,-63.25,79.5,-50.31,-2.0,-27.0,-0.05,0.09,0.03,12.63,59.13,78.25,1.37,0.31,3.62,6,2
1772047848.729242,5187307,0.3,0.64,0.29,-157.87,-66.87,69.19,-68.94,9.06,-57.5,-0.04,0.0,-0.14,13.25,59.0,77.56,0.75,-0.44,0.62,6,3
1772047848.919764,5187498,0.06,0.12,0.16,-163.06,-68.44,64.06,-12.94,-1.69,-10.44,-0.18,0.04,0.03,13.44,58.88,77.25,0.06,0.06,1.19,6,3
1772047849.11035,5187689,0.08,-0.22,0.17,-163.37,-68.81,63.75,0.69,-0.25,1.69,0.13,0.07,-0.02,13.63,58.81,77.19,-0.44,1.12,0.37,7,3
1772047849.301693,5187880,-0.12,-0.02,0.27,-161.62,-69.06,62.19,-11.88,-1.75,1.31,-0.06,-0.11,0.08,14.13,58.56,76.87,0.0,-0.44,0.88,7,3
1772047849.492222,5188070,-0.34,0.04,0.38,-159.5,-70.06,56.81,-48.69,-2.19,-20.81,0.0,-0.06,0.0,14.25,58.63,76.75,0.81,-0.75,0.62,7,3
1772047849.682719,5188261,0.01,0.39,0.26,-159.81,-71.06,49.56,-29.62,-2.12,-11.13,-0.05,0.01,0.03,14.25,58.63,76.69,0.88,0.56,0.0,6,2
1772047849.873577,5188452,0.13,-0.02,0.19,-157.44,-71.56,45.81,-12.0,0.69,-0.06,-0.1,0.01,-0.01,14.19,58.63,76.62,-0.25,-1.44,0.06,6,3
1772047850.064093,5188642,0.03,0.17,0.27,-156.12,-72.06,43.0,-9.88,-1.0,-5.44,-0.06,0.04,0.0,14.5,58.5,76.5,-1.0,1.06,0.81,7,3
1772047850.255076,5188833,-0.02,0.25,0.22,-156.12,-72.44,42.63,5.06,3.37,0.69,-0.09,-0.01,0.0,14.81,58.38,76.44,-1.0,0.25,0.62,8,3
1772047850.445849,5189024,0.18,-0.41,0.12,-158.19,-71.44,46.13,21.19,5.19,0.69,-0.08,0.06,-0.09,14.88,58.38,76.31,0.31,-0.44,-0.62,6,3
1772047850.636146,5189214,0.0,-0.1,0.02,-162.12,-71.06,48.38,-5.12,4.44,-1.12,-0.11,-0.08,0.04,15.06,58.25,76.19,0.62,0.37,2.0,6,2
1772047850.825994,5189404,-0.11,-0.54,-0.1,-163.56,-69.75,46.69,-17.62,12.0,-5.94,0.2,0.26,0.03,15.19,58.19,75.87,0.94,2.06,1.37,6,2
1772047851.015617,5189594,-1.09,0.63,1.1,-162.37,-70.87,29.5,-132.5,17.06,-52.81,-0.05,0.0,-0.06,16.25,58.0,75.06,4.69,-9.25,1.06,6,2
1772047851.207969,5189786,-0.1,1.11,0.74,-164.62,-69.87,16.44,-8.06,7.94,1.75,-0.12,0.16,-0.02,15.56,58.19,74.31,5.12,-1.75,-0.56,6,2
1772047851.39892,5189977,-0.36,1.52,0.59,-161.94,-69.37,17.25,52.63,-21.44,36.44,-0.1,-0.16,0.04,15.38,57.94,73.37,5.06,1.75,1.87,7,4
1772047851.589704,5190168,0.13,-0.47,0.23,-155.31,-68.5,29.31,59.31,-10.94,24.75,-0.13,0.03,-0.02,14.88,57.75,73.0,2.06,-1.5,1.62,8,4
1772047851.779453,5190358,0.14,-0.37,0.17,-156.06,-69.0,38.44,23.81,-6.87,8.25,-0.01,-0.09,0.0,15.31,57.81,72.62,-1.0,0.19,1.12,7,4
1772047851.970393,5190548,0.04,-0.29,0.08,-157.81,-70.19,41.69,-0.94,-2.62,-1.19,-0.06,-0.04,0.02,15.44,57.75,72.56,0.44,0.56,-0.5,7,3
1772047852.162101,5190740,0.11,0.46,0.21,-157.5,-71.5,39.06,-16.37,-2.0,-6.25,-0.1,0.06,-0.03,15.13,57.81,72.56,0.19,-0.44,-1.5,6,3
1772047852.352631,5190931,0.1,0.17,0.15,-154.37,-72.0,37.06,-1.37,-2.0,0.69,-0.08,0.01,0.02,14.88,57.94,72.75,-0.06,0.13,-0.13,6,3
1772047852.543268,5191122,0.14,0.09,0.1,-153.0,-72.19,36.56,1.0,0.44,0.0,-0.04,0.0,-0.02,14.88,57.94,72.75,-0.5,-1.19,-0.62,5,3
1772047852.733894,5191312,0.08,0.11,0.15,-153.12,-72.25,36.94,3.62,0.31,-0.06,-0.07,-0.02,0.01,14.88,58.0,72.87,-0.13,0.44,-0.62,5,3
1772047852.923566,5191502,0.2,-0.08,0.06,-153.62,-71.87,39.0,15.88,3.06,3.56,0.07,-0.08,0.05,14.56,58.06,73.25,-0.37,-1.94,-1.5,5,3
1772047853.115312,5191694,0.11,-0.06,0.08,-155.81,-71.56,41.75,8.63,0.88,1.06,-0.07,-0.03,0.05,14.38,58.25,73.56,-1.06,-0.5,-0.25,4,3
1772047853.305996,5191884,0.18,0.02,0.01,-157.5,-71.25,42.81,2.44,2.5,-0.94,-0.09,0.01,0.03,14.44,58.25,73.69,-0.88,-0.06,-0.44,3,1
1772047853.496927,5192075,0.15,-0.07,0.01,-158.5,-71.12,43.5,1.5,0.25,-0.06,-0.1,-0.02,0.01,14.44,58.25,73.75,-0.75,-1.06,-0.37,3,1
1772047853.686681,5192265,0.08,-0.08,0.08,-158.5,-71.19,43.56,0.75,-1.06,-0.81,-0.01,-0.01,0.01,14.5,58.31,73.75,0.0,-0.19,-0.31,3,1
1772047853.877815,5192456,0.09,0.0,0.06,-158.37,-71.25,43.5,-1.19,0.88,0.19,-0.06,-0.04,0.09,14.5,58.31,73.75,0.19,-0.13,0.06,3,1
1772047854.069004,5192647,0.09,-0.03,0.06,-158.31,-71.25,43.38,0.06,-0.06,0.13,-0.04,-0.01,0.02,14.5,58.25,73.75,0.25,1.06,0.44,3,2
1772047854.259676,5192838,0.11,0.07,0.08,-158.06,-71.31,43.19,-1.56,-0.88,-0.06,-0.11,-0.03,0.0,14.5,58.13,73.75,0.5,0.62,0.31,3,2
1772047854.450417,5193029,0.08,0.0,0.05,-157.81,-71.56,43.38,1.37,-2.75,0.75,-0.11,0.0,0.0,14.38,58.19,73.81,-0.37,-1.0,-0.75,3,2
1772047854.640285,5193218,0.18,0.08,-0.02,-157.06,-71.37,43.81,9.0,-0.19,7.0,-0.07,-0.02,-0.04,14.31,58.38,74.06,-2.0,-0.19,-1.25,3,2
1772047854.829725,5193408,0.36,0.72,0.16,-150.0,-70.25,49.44,108.0,-16.94,69.06,0.07,-0.26,0.18,14.0,57.94,74.87,-2.37,0.69,-8.19,3,2
1772047855.022643,5193601,0.22,-0.82,-0.05,-138.69,-66.94,61.25,55.75,-10.5,34.38,-0.09,0.17,-0.18,12.63,58.69,76.87,-5.69,-3.0,-6.62,4,2
1772047855.213182,5193791,0.32,-1.35,-0.11,-136.81,-63.0,68.69,41.0,-7.94,31.31,-0.17,0.23,0.13,11.31,59.25,78.56,-3.75,1.56,-3.12,3,2
1772047855.404007,5193982,0.22,-0.36,-0.09,-136.75,-62.81,71.75,7.69,3.75,-2.25,-0.06,0.06,-0.09,11.44,59.25,78.94,-1.37,-0.69,-0.5,4,2
1772047855.594537,5194173,0.23,-0.46,-0.16,-139.25,-62.56,73.62,6.06,3.25,0.75,-0.08,-0.03,0.0,11.5,59.25,79.0,-0.06,-0.25,1.0,4,2
1772047855.7842,5194362,0.16,-0.51,-0.1,-142.5,-62.31,76.12,6.75,-0.19,-0.44,0.0,0.0,0.03,12.0,59.25,78.81,-0.06,-1.44,0.19,4,3
1772047855.976028,5194554,0.18,-0.46,0.01,-144.31,-62.63,78.12,-0.94,-0.31,0.37,-0.11,0.03,-0.05,12.0,59.25,78.75,0.56,0.69,0.19,4,2
1772047856.166672,5194745,0.35,-0.52,-0.07,-145.25,-62.81,77.94,-5.44,3.19,-9.13,0.09,0.0,-0.16,12.19,59.13,78.56,2.0,-1.31,0.62,4,2
1772047856.357118,5194936,0.68,-0.51,-0.05,-148.62,-61.31,77.75,9.19,21.44,7.69,-0.06,0.02,0.07,12.06,59.0,78.37,2.69,1.31,1.37,5,2
1772047856.54821,5195126,0.44,-0.15,-0.05,-150.56,-59.5,76.75,-2.19,4.69,-1.44,-0.01,-0.07,-0.03,11.94,59.0,78.12,-0.56,0.56,0.19,5,2
1772047856.738636,5195317,0.15,-0.33,0.08,-150.5,-59.63,77.06,1.69,-3.37,0.62,-0.13,-0.01,-0.07,12.06,59.0,78.12,0.0,-1.0,-0.25,4,2
1772047856.929625,5195508,0.25,-0.11,0.08,-150.0,-59.63,77.0,-1.62,0.81,4.06,-0.05,0.04,0.01,11.94,59.13,78.12,0.75,-0.69,-0.75,4,1
1772047857.1198,5195699,0.32,-0.2,0.0,-149.69,-59.0,76.31,0.13,2.69,1.19,-0.01,0.03,0.0,11.69,59.06,77.87,2.56,0.37,1.44,4,1
1772047857.31117,5195889,0.42,-0.15,0.03,-149.81,-58.63,75.81,-0.19,1.12,0.75,-0.02,-0.11,-0.02,11.75,59.06,77.56,-0.13,-1.44,0.94,3,2
1772047857.501837,5196080,0.23,-0.18,0.1,-150.12,-58.69,76.37,2.5,-2.56,-1.25,-0.02,-0.04,-0.03,12.13,59.06,77.37,-0.31,0.44,1.06,3,1
1772047857.692257,5196271,0.29,-0.4,0.12,-150.69,-58.88,77.56,0.75,-1.19,-1.62,-0.15,0.0,0.04,12.13,59.0,77.37,1.19,-0.37,-0.13,3,1
1772047857.883316,5196462,-0.22,0.11,0.37,-150.56,-62.5,72.69,-84.12,-4.87,-70.12,-0.09,0.04,0.02,12.19,58.94,76.94,1.06,-0.75,3.25,3,1
1772047858.07382,5196652,0.16,0.58,0.33,-158.56,-66.0,65.56,-36.5,1.5,-31.37,-0.04,0.0,-0.03,12.63,58.88,76.62,1.25,-0.62,0.81,4,1
1772047858.264505,5196843,0.01,0.13,0.19,-161.75,-67.44,63.69,-10.19,-2.19,-10.13,-0.03,-0.05,0.0,12.56,58.81,76.56,-0.37,-0.5,0.25,4,1
1772047858.455097,5197033,0.16,0.0,0.22,-163.06,-68.0,63.38,-2.56,-1.12,-1.94,-0.11,0.02,0.02,12.63,58.88,76.56,-0.13,-0.19,-0.31,4,1
1772047858.645498,5197224,0.11,0.15,0.22,-162.5,-68.31,62.25,-8.13,0.81,-1.81,-0.02,-0.03,0.0,12.63,58.81,76.56,0.62,0.69,0.37,4,1
1772047858.836461,5197415,0.11,0.09,0.23,-161.44,-68.37,60.56,-7.37,0.62,-1.62,-0.13,0.0,0.02,12.56,58.81,76.56,0.62,0.25,0.31,5,2
1772047859.027091,5197606,0.02,0.07,0.18,-161.12,-68.5,59.0,-6.19,1.25,-2.06,-0.02,-0.01,-0.01,12.63,58.69,76.44,1.31,0.25,0.75,4,2
1772047859.21762,5197796,0.1,0.1,0.15,-161.44,-68.44,57.81,-3.94,-0.69,-2.31,-0.08,-0.03,0.0,12.75,58.56,76.25,0.0,1.0,0.88,4,2
1772047859.408097,5197987,0.11,0.11,0.19,-161.37,-68.62,57.38,-1.19,0.25,-1.06,-0.08,0.0,0.04,12.88,58.44,76.12,0.31,0.56,1.06,4,2
1772047859.598987,5198178,0.13,0.03,0.16,-161.25,-68.75,57.56,4.69,-1.62,2.44,-0.08,-0.02,0.02,12.94,58.44,76.06,-0.37,0.94,0.37,3,2
1772047859.790043,5198369,0.42,0.08,-0.02,-158.25,-68.62,59.31,29.75,-8.69,24.12,-0.12,-0.15,0.13,12.88,58.31,76.25,-1.5,1.56,-1.25,4,2
1772047859.980797,5198559,-0.04,0.13,0.24,-149.25,-68.06,64.31,50.63,-9.5,43.44,-0.01,-0.17,-0.06,12.5,58.75,77.31,-6.5,-1.31,-5.94,4,2
1772047860.171131,5198750,0.06,-0.84,0.17,-141.69,-63.94,70.37,49.94,-7.06,47.25,0.0,-0.13,0.16,11.94,59.38,79.12,-5.56,-1.06,-5.37,5,3
1772047860.360715,5198939,0.19,-0.26,0.1,-139.87,-61.75,73.31,11.44,1.94,8.0,-0.14,0.07,0.0,11.25,59.69,80.06,-0.88,0.13,-2.12,5,3
1772047860.551797,5199130,0.4,-0.33,-0.12,-142.06,-60.94,74.44,1.44,5.06,-1.12,-0.05,-0.01,0.15,10.88,59.63,80.19,0.37,-0.19,0.19,5,3
1772047860.743713,5199322,0.29,-0.35,-0.04,-144.25,-60.38,74.87,1.5,0.69,-1.56,-0.04,-0.01,-0.03,11.06,59.69,80.12,-1.06,-1.44,0.44,6,3
1772047860.934083,5199513,-0.81,-0.7,0.05,-145.19,-60.38,75.25,-4.56,10.31,-5.81,0.42,-0.12,0.67,10.88,59.69,80.19,-0.31,18.87,8.56,6,3
1772047861.124869,5199703,0.38,-0.03,-0.27,-147.31,-59.0,71.62,-10.63,-8.5,-13.63,0.22,0.11,0.08,12.75,59.44,79.37,0.25,-6.12,-0.69,6,3
1772047861.314913,5199893,0.37,-1.52,0.02,-147.62,-61.06,70.81,-46.19,-3.19,-48.44,0.09,-0.15,0.06,14.19,59.13,78.31,1.94,-6.44,1.94,7,3
1772047861.504727,5200083,-0.4,1.11,0.96,-159.69,-68.06,61.38,-105.44,11.69,-79.06,-0.07,-0.06,-0.22,15.25,59.13,76.87,7.06,-5.44,1.37,9,3
1772047861.696584,5200275,0.07,0.51,0.51,-168.87,-68.5,52.44,-29.19,8.75,-9.81,0.04,0.01,-0.07,14.56,58.75,75.75,5.56,0.88,2.19,8,3
1772047861.887183,5200466,0.11,0.14,0.25,-163.81,-67.5,47.81,1.87,5.0,11.19,0.07,-0.1,0.25,14.44,58.5,74.81,2.19,0.37,0.19,7,3
1772047862.078184,5200657,0.14,0.34,0.3,-159.44,-67.06,45.94,1.69,-1.5,7.12,-0.18,-0.12,0.11,14.63,58.44,74.5,1.87,-0.31,2.56,6,3
1772047862.269155,5200848,0.12,-0.23,0.23,-158.69,-67.31,46.56,-1.87,-4.19,-3.06,0.06,0.03,0.0,14.69,58.5,74.56,-1.37,-1.87,-0.5,6,3
1772047862.460202,5201038,0.07,0.2,0.21,-158.69,-68.5,45.44,-10.88,-4.56,-6.25,-0.07,-0.01,0.06,15.06,58.31,74.37,-0.37,-0.13,-0.56,6,2
1772047862.65085,5201229,0.05,0.15,0.23,-159.5,-68.94,44.69,1.56,-0.69,0.25,-0.15,0.02,-0.09,15.06,58.31,74.44,-1.19,0.25,-0.81,5,3
1772047862.841428,5201420,-0.01,0.11,0.21,-158.31,-69.25,45.56,8.06,-3.44,3.87,-0.12,0.1,0.0,15.0,58.31,74.5,-0.5,-1.31,-1.31,5,2
1772047863.031826,5201611,0.21,-0.07,0.21,-157.75,-69.19,47.75,14.31,0.56,3.31,-0.12,0.06,0.05,14.75,58.31,74.69,0.75,0.88,-0.94,5,2
1772047863.222868,5201801,0.0,-0.02,0.13,-159.12,-68.94,49.94,5.19,4.94,-0.94,-0.09,-0.01,0.04,14.88,58.13,74.56,-0.94,-0.31,0.81,4,2
1772047863.413393,5201992,0.18,-0.1,0.08,-162.56,-68.19,51.5,4.44,2.69,-3.25,-0.1,-0.08,0.08,15.19,58.0,74.37,-0.06,1.19,1.0,3,1
1772047863.604358,5202183,0.22,0.02,0.02,-164.37,-68.0,52.94,4.19,-0.69,0.81,-0.1,0.04,0.04,15.19,58.0,74.44,-0.13,-1.25,-0.81,3,2
1772047863.795151,5202374,0.07,0.0,0.16,-164.62,-68.44,55.31,15.38,-2.87,2.94,-0.07,0.03,-0.01,15.06,58.13,74.56,-1.19,-0.69,-1.56,3,2
1772047863.985701,5202564,0.07,-0.09,0.06,-165.87,-68.87,59.0,14.38,-2.62,0.75,-0.07,0.01,0.04,14.94,58.13,74.69,-0.31,-0.13,0.13,3,3
1772047864.178215,5202755,0.15,-0.18,0.1,-169.0,-69.0,61.88,3.0,3.37,-3.75,-0.16,-0.04,-0.15,15.13,58.13,74.62,0.37,1.25,0.75,3,3
1772047864.367156,5202946,0.12,-0.23,0.01,-171.0,-68.69,63.31,2.5,1.25,-0.75,-0.1,-0.04,0.06,15.13,58.0,74.62,-0.13,0.88,0.62,3,3
1772047864.557949,5203137,0.13,-0.05,0.04,-171.69,-68.56,63.5,-0.94,1.25,-1.06,-0.1,0.0,-0.04,15.31,57.88,74.5,0.19,0.31,0.37,4,3
1772047864.74893,5203327,0.06,-0.09,0.05,-171.81,-68.56,63.5,-0.37,-1.37,-0.44,-0.14,-0.03,0.03,15.31,57.88,74.5,-0.5,-0.88,0.0,3,3
1772047864.939429,5203518,0.1,-0.13,0.03,-172.06,-68.62,63.75,1.94,-1.37,-0.56,-0.07,0.0,-0.02,15.31,58.0,74.5,-0.06,-0.56,-0.5,4,3
1772047865.130203,5203709,0.05,-0.07,0.08,-171.75,-68.81,63.56,-1.06,-0.25,1.37,-0.07,-0.07,0.07,15.19,58.13,74.56,0.25,-0.25,-0.37,3,3
1772047865.320924,5203899,0.11,-0.09,0.05,-171.5,-68.81,63.38,-0.37,-0.62,0.31,-0.04,-0.01,0.04,15.19,58.13,74.62,0.13,0.06,-0.13,3,3
1772047865.511939,5204090,0.11,-0.01,0.06,-171.31,-68.87,63.25,-0.75,0.5,0.37,-0.12,-0.08,-0.05,15.31,58.13,74.62,-0.37,-1.44,-0.56,2,2
1772047865.702348,5204281,0.01,-0.19,0.07,-171.81,-68.81,63.56,-2.12,2.75,-0.25,-0.06,-0.05,0.07,15.25,58.0,74.5,1.06,0.81,1.19,2,2
1772047865.892933,5204472,0.22,0.02,0.03,-171.94,-68.06,62.56,-1.19,3.87,1.69,-0.07,-0.05,0.03,15.31,57.88,74.44,0.0,0.69,0.5,2,1
1772047866.08394,5204662,0.34,0.09,-0.02,-169.56,-67.44,62.56,13.0,-0.25,14.13,-0.14,-0.01,0.02,15.25,57.69,74.5,-1.12,0.94,-1.06,2,1
1772047866.273443,5204852,0.14,-0.23,0.11,-163.0,-67.12,65.44,35.0,-5.44,29.81,-0.15,0.03,-0.03,15.13,57.75,74.69,-1.56,-1.06,-1.81,2,1
1772047866.465264,5205044,0.07,0.13,0.08,-157.19,-66.5,68.69,28.44,-5.06,24.37,-0.07,-0.06,-0.01,15.31,57.94,75.12,-3.56,-0.62,-1.75,2,1
1772047866.65623,5205235,0.12,-1.02,-0.06,-151.19,-64.69,74.5,46.56,-10.31,41.75,-0.08,0.03,-0.12,14.94,58.19,76.06,-2.75,-0.75,-4.62,3,1
1772047866.846956,5205425,0.04,-0.01,-0.02,-146.19,-63.81,75.87,1.87,-1.37,8.69,-0.12,0.09,-0.13,14.44,58.5,76.75,-0.75,-1.69,-3.06,3,1
1772047867.036308,5205615,0.16,-0.23,-0.03,-145.87,-63.31,76.0,1.06,0.75,0.88,-0.12,0.07,0.01,13.81,58.69,77.19,-0.31,-1.0,-1.56,3,1
1772047867.227261,5205806,0.26,-0.23,-0.08,-147.25,-62.81,76.25,1.31,2.12,-2.31,-0.12,-0.02,0.03,13.75,58.69,77.25,-0.81,-1.31,-0.62,3,1
1772047867.418821,5205997,0.16,-0.15,0.03,-148.75,-62.81,77.19,-2.44,-0.94,-1.12,-0.15,-0.01,-0.03,13.81,58.75,77.25,0.31,0.06,0.19,4,1
1772047867.609703,5206188,0.18,-0.15,0.08,-148.62,-62.88,77.19,-0.13,1.06,-0.19,-0.06,-0.02,-0.01,13.81,58.81,77.25,0.44,0.56,0.13,4,1
1772047867.800506,5206379,0.14,-0.14,0.0,-149.25,-62.56,77.25,-0.13,2.44,-0.25,-0.14,0.0,0.0,13.81,58.81,77.25,-0.19,-0.88,-0.69,4,1
1772047867.990193,5206569,0.05,0.07,0.1,-150.0,-62.19,77.12,-2.06,4.19,-0.88,-0.09,0.01,-0.05,13.75,58.63,77.37,-1.56,1.75,-0.5,4,2
1772047868.181218,5206760,0.24,-0.1,0.0,-151.62,-61.94,77.5,-1.0,2.19,-7.94,-0.03,-0.03,0.11,13.63,58.63,77.25,0.37,-0.75,-0.75,4,2
1772047868.372584,5206951,0.23,-0.48,0.04,-152.94,-62.06,78.75,-2.62,1.0,-2.25,-0.1,0.0,-0.02,13.69,58.69,77.31,1.25,-2.19,-0.25,4,2
1772047868.563367,5207142,-0.15,0.23,0.45,-156.0,-64.62,73.0,-70.94,7.81,-56.0,-0.05,-0.13,0.01,14.0,58.69,76.87,1.06,0.06,2.44,4,2
1772047868.753942,5207333,0.13,0.06,0.29,-162.62,-65.56,65.25,-39.56,8.94,-30.0,-0.08,0.02,0.0,14.31,58.5,76.5,0.75,1.5,1.69,4,2
1772047868.943636,5207522,-0.02,0.18,0.28,-166.94,-65.81,60.81,-22.69,5.12,-22.44,-0.11,0.03,0.0,14.19,58.38,76.19,0.75,1.62,0.56,4,2
1772047869.134476,5207713,0.29,-0.23,0.16,-169.31,-65.69,57.63,-22.37,2.19,-10.13,-0.11,-0.02,0.06,14.38,58.19,75.94,0.25,0.56,1.0,3,2
1772047869.326258,5207905,-0.27,0.64,0.39,-169.69,-68.06,50.25,-45.13,-11.38,-24.75,-0.04,-0.06,0.03,14.63,58.13,75.56,1.31,-1.06,0.75,3,2
1772047869.517029,5208096,-0.02,0.27,0.47,-167.56,-70.19,45.63,-8.38,-9.75,1.44,0.01,0.0,0.07,14.5,58.19,75.62,0.19,-1.19,-1.0,3,2
1772047869.707851,5208287,-0.09,0.19,0.29,-163.37,-71.5,44.13,2.25,-0.44,3.06,-0.07,-0.01,0.02,14.44,58.25,75.75,-0.94,0.44,0.0,3,2
1772047869.89833,5208477,-0.12,0.67,0.29,-164.12,-71.19,45.0,9.56,4.87,-3.12,-0.12,-0.01,0.16,14.63,58.25,76.0,-1.31,0.62,-1.69,3,2
1772047870.087848,5208666,0.13,-0.25,0.1,-171.87,-69.75,52.81,29.06,9.5,-7.75,-0.09,0.14,-0.1,14.63,58.31,75.94,-1.19,-1.44,0.44,4,2
1772047870.279686,5208858,0.07,-0.18,0.06,-179.5,-69.12,59.06,13.19,1.12,-6.69,-0.07,-0.04,0.01,14.94,58.25,75.81,-0.37,-0.88,-0.88,3,2
1772047870.470657,5209049,0.14,-0.21,0.05,177.37,-69.0,61.25,-4.12,-1.0,-0.25,-0.09,0.0,-0.01,15.06,58.31,75.75,0.0,-0.81,0.5,2,2
1772047870.661588,5209240,0.09,-0.21,0.08,178.81,-69.81,58.69,-20.37,-9.69,-1.94,-0.1,0.01,0.04,15.0,58.31,75.69,1.25,-0.19,-0.19,3,2
1772047870.852494,5209431,-0.03,0.3,0.2,-177.75,-71.19,53.31,-14.06,-4.81,3.44,-0.03,-0.1,0.1,14.75,58.31,75.56,0.75,-0.44,-0.81,3,2
1772047871.04178,5209621,-0.01,0.22,0.27,-172.56,-71.75,50.44,-5.44,-0.75,5.12,-0.08,0.0,0.07,14.63,58.31,75.62,0.69,0.94,1.06,4,2
1772047871.233158,5209812,0.09,0.25,0.16,-170.75,-71.25,50.38,19.5,9.0,3.19,-0.04,-0.03,0.0,14.69,58.19,75.56,0.56,0.62,0.5,4,2
1772047871.424229,5210003,0.11,-0.25,0.0,-173.94,-70.12,55.13,13.19,4.75,-0.44,-0.11,0.04,0.06,14.81,58.13,75.56,-0.94,0.5,0.94,4,2
1772047871.615692,5210194,0.17,-0.02,-0.02,-176.62,-69.31,57.25,4.5,3.31,-5.5,-0.06,0.05,-0.08,15.0,58.13,75.5,-0.56,-0.88,-1.44,4,2
1772047871.806042,5210385,0.01,-0.15,0.0,-178.06,-69.19,58.69,2.5,-1.19,0.94,-0.12,0.04,0.04,14.88,58.13,75.5,-0.56,0.44,-0.75,4,2
1772047871.996999,5210576,0.13,-0.03,-0.03,-177.81,-69.0,58.63,-0.94,1.56,-0.5,-0.07,0.06,-0.04,14.88,58.13,75.5,-0.69,-0.81,-0.56,4,2
1772047872.187859,5210766,0.11,-0.05,0.08,-177.62,-69.06,58.5,-0.37,-0.44,0.44,-0.09,0.02,-0.06,14.94,58.19,75.5,-1.25,-0.94,-0.5,4,2
1772047872.378663,5210957,0.04,-0.02,0.02,-177.31,-69.06,58.38,-0.5,2.12,-0.44,-0.03,0.0,0.03,14.94,58.13,75.5,0.19,0.56,-0.06,4,2
1772047872.570029,5211149,0.11,-0.06,0.02,-177.44,-68.81,58.5,-0.25,0.62,0.44,-0.15,0.01,0.0,14.94,58.19,75.5,-0.13,0.5,0.19,4,2
1772047872.761561,5211340,0.07,-0.08,0.01,-177.31,-68.81,58.31,-0.75,0.56,0.31,-0.16,0.06,-0.06,14.81,58.19,75.5,-0.25,-2.25,-0.75,4,2
1772047872.95108,5211530,0.14,-0.06,0.05,-177.0,-68.87,57.75,-2.5,-1.37,0.0,-0.05,0.0,0.08,14.88,58.13,75.37,0.13,0.81,0.75,4,2
1772047873.141834,5211721,0.16,-0.17,0.02,-176.0,-69.31,55.63,-20.56,-5.5,-5.06,-0.08,-0.05,0.03,15.0,58.06,75.31,0.62,0.44,1.12,4,2
1772047873.333052,5211912,0.02,0.18,0.12,-174.94,-70.37,51.56,-11.0,-3.87,-1.87,-0.13,-0.02,0.05,15.0,58.06,75.25,0.44,0.25,-0.31,4,2
1772047873.524472,5212103,-0.05,0.0,0.09,-173.25,-71.0,50.38,-1.25,-1.62,1.56,-0.09,0.0,0.06,14.69,58.19,75.31,-0.37,0.44,-0.25,4,2
1772047873.716858,5212296,0.11,0.0,0.05,-172.31,-70.87,49.81,0.25,0.94,0.81,-0.08,0.1,0.05,14.69,58.31,75.31,0.19,-0.37,-0.44,4,2
1772047873.908398,5212487,0.08,0.04,0.06,-172.25,-70.75,49.63,0.19,0.5,-1.0,-0.07,-0.02,0.11,14.81,58.31,75.31,-1.69,-0.37,-0.56,5,2
1772047874.097778,5212677,0.02,0.2,0.1,-172.75,-70.5,50.31,7.81,4.19,2.75,-0.06,-0.06,-0.01,14.88,58.38,75.37,0.62,0.19,-0.19,5,2
1772047874.290957,5212870,0.1,-0.11,0.02,-172.37,-69.62,53.06,13.81,4.06,3.19,-0.1,0.06,-0.04,14.75,58.31,75.5,0.0,-0.69,0.25,5,2
1772047874.484181,5213063,0.12,-0.03,0.0,-174.12,-69.06,55.0,1.87,1.75,-1.5,-0.09,0.01,0.02,14.88,58.19,75.44,-0.13,0.88,0.81,5,3
1772047874.67582,5213255,0.08,-0.01,0.01,-175.37,-68.69,56.38,7.12,2.06,0.81,-0.14,0.01,-0.03,15.0,58.06,75.31,0.19,0.19,0.44,5,3
1772047874.867175,5213446,0.04,-0.01,0.06,-176.25,-68.44,58.19,7.31,1.06,2.81,-0.15,0.0,0.07,15.0,57.94,75.25,-0.13,1.25,0.88,5,3
1772047875.05821,5213637,0.27,-0.26,0.0,-175.37,-66.75,60.13,12.19,14.94,7.25,-0.17,-0.06,0.06,14.94,57.81,75.31,-0.06,-0.31,-0.62,5,2
1772047875.249582,5213828,0.55,-0.81,0.0,-177.31,-63.63,61.63,-7.56,20.75,-4.69,-1.31,0.43,-0.85,14.94,58.0,75.87,-5.94,-8.69,0.44,5,2
1772047875.441136,5214020,0.35,-0.73,0.08,-174.81,-63.94,53.44,-43.88,-6.19,-21.12,0.32,0.09,0.37,16.0,58.63,75.75,-6.12,-9.06,1.44,5,2
1772047875.634112,5214213,0.97,0.1,0.21,-171.44,-66.37,41.44,-41.56,1.25,-16.56,-0.48,0.27,-0.5,17.94,59.19,75.69,-5.56,-19.31,-8.19,5,2
1772047875.827554,5214406,0.43,0.55,0.46,-164.94,-71.75,34.56,-13.5,-49.0,1.56,-0.08,-0.25,-0.02,18.0,59.25,75.75,3.62,-15.5,-17.75,5,2
1772047876.016691,5214595,-0.53,-0.11,0.57,-152.44,-76.81,36.38,25.87,-21.31,19.69,0.2,0.48,-0.45,14.19,60.63,77.31,0.81,2.75,-1.37,4,2
1772047876.205989,5214785,0.02,1.41,0.72,-143.19,-74.62,37.81,39.94,26.44,17.06,0.02,-0.28,-0.03,15.0,59.13,76.56,0.94,-11.81,-6.19,5,2
1772047876.39942,5214978,-0.94,-0.46,0.23,-161.25,-72.44,51.31,38.63,6.0,-9.19,-1.51,0.34,-0.35,14.94,58.06,76.75,-5.56,13.38,10.44,5,2
1772047876.592348,5215171,0.27,-1.19,-0.82,-176.75,-68.69,62.13,16.87,6.31,-14.31,1.18,-0.56,1.2,16.75,56.69,76.12,-14.25,0.19,8.75,5,2
1772047876.784205,5215363,0.76,-0.18,-0.5,175.75,-67.19,65.62,8.63,14.94,-24.31,0.45,0.06,-0.18,17.31,58.63,76.5,0.56,-7.37,-8.38,5,2
1772047876.975379,5215554,0.0,0.08,0.54,172.25,-69.69,64.5,-37.63,-15.19,1.37,-0.04,-1.29,1.44,20.37,56.44,75.19,3.12,-57.25,-29.12,5,3
1772047877.165046,5215744,-0.85,-0.65,0.09,165.5,-70.56,64.31,-2.94,-38.0,-9.81,-0.32,0.83,-0.15,18.69,58.56,76.19,-9.06,23.94,12.38,4,3
1772047877.356448,5215935,0.72,1.28,0.19,169.69,-72.25,58.25,-9.19,67.0,0.69,0.28,-0.06,-0.75,19.31,58.38,75.62,13.31,-25.0,-22.5,5,3
1772047877.548511,5216127,-0.16,-1.67,0.06,165.94,-69.31,66.37,24.69,-52.0,26.0,0.13,-0.56,2.01,18.31,54.75,75.19,-12.75,17.31,13.25,5,4
1772047877.740898,5216320,1.31,-0.32,-0.64,174.94,-66.87,62.81,8.94,38.31,-16.12,0.87,0.34,-0.64,17.25,59.0,76.44,-3.25,-4.0,-5.0,5,4
1772047877.933488,5216512,0.08,-0.19,0.25,179.69,-68.56,58.44,-20.81,-10.81,11.25,0.05,0.0,-0.18,17.25,58.19,76.06,1.69,-12.38,-4.81,6,4
1772047878.123377,5216702,0.64,-0.23,0.29,-171.06,-70.81,48.56,-58.0,-31.87,-2.56,-0.2,-0.12,0.16,17.87,58.25,76.0,1.37,-1.37,1.81,5,4
1772047878.312453,5216891,-0.23,0.77,0.49,-163.06,-74.19,39.38,-8.19,-3.12,5.19,-0.11,0.1,0.02,17.56,58.44,75.94,2.0,-0.37,-0.94,6,4
1772047878.504641,5217084,-0.05,0.63,0.33,-158.31,-72.81,40.31,44.94,14.94,21.62,-0.09,0.0,-0.01,17.25,58.13,75.62,1.75,0.06,-0.25,6,4
1772047878.69612,5217275,0.38,-0.4,-0.18,-161.87,-70.19,47.63,19.19,4.06,-5.94,-0.08,0.1,0.05,16.94,57.75,75.69,0.81,0.06,0.5,5,4
1772047878.888057,5217467,0.19,-0.21,-0.04,-167.25,-70.0,51.06,-0.25,-0.56,-2.19,-0.14,-0.03,-0.04,17.44,57.75,75.62,-1.56,-2.06,0.37,6,3
1772047879.077871,5217656,0.07,-0.21,0.02,-168.06,-70.44,51.0,-4.87,-3.81,-1.25,-0.08,-0.01,-0.03,17.5,57.94,75.62,-0.13,-1.44,-0.81,6,3
1772047879.26693,5217846,-0.11,0.17,0.13,-167.37,-72.37,47.0,-38.69,-9.38,-10.44,-0.08,0.04,-0.01,17.31,58.06,75.62,1.56,-1.56,0.06,6,3
1772047879.458699,5218038,0.06,0.43,0.15,-162.69,-73.06,41.63,1.75,1.0,2.87,0.0,0.04,-0.02,17.06,58.06,75.62,0.94,0.0,-1.12,5,5
1772047879.650594,5218230,-0.08,0.0,0.05,-161.87,-73.06,42.25,1.81,1.81,0.13,-0.15,-0.02,0.0,16.94,57.88,75.5,0.69,0.13,0.56,5,5
1772047879.841436,5218420,0.12,-0.07,0.07,-163.06,-72.69,43.06,5.81,0.62,2.0,-0.08,-0.03,-0.02,16.81,58.0,75.5,-0.69,1.62,2.19,5,5
1772047880.030966,5218610,0.2,-0.17,0.07,-162.0,-71.62,46.44,40.88,8.25,13.13,-0.03,0.06,0.05,16.94,57.63,75.37,1.0,3.37,0.06,4,4
1772047880.220511,5218800,0.03,-0.44,-0.08,-165.5,-70.5,52.5,7.44,3.5,-0.13,-0.08,0.0,0.13,16.94,57.38,75.31,-1.62,1.19,2.0,4,4
1772047880.413354,5218992,0.19,-0.26,-0.02,-168.62,-69.87,52.88,-4.81,2.94,-6.87,-0.03,0.0,0.0,17.19,57.38,75.25,-0.13,0.88,0.37,4,3
1772047880.605267,5219184,0.16,-0.05,0.0,-169.06,-69.87,51.69,-7.12,-1.0,0.0,-0.09,0.0,-0.05,17.19,57.38,75.25,0.06,-0.69,-0.69,4,4
1772047880.796695,5219376,0.06,0.0,0.05,-167.94,-70.19,50.13,-4.81,-1.5,0.25,-0.05,0.0,0.2,17.06,57.38,75.31,0.62,3.06,0.69,4,4
1772047880.9867,5219565,0.26,-0.31,-0.02,-166.37,-70.31,48.19,-10.63,-1.06,-0.75,-0.22,0.09,-0.06,17.06,57.44,75.31,-0.94,-1.37,-0.5,4,4
1772047881.175928,5219755,0.05,0.4,0.14,-165.25,-71.87,43.94,-20.25,-5.62,-8.56,-0.07,-0.04,-0.03,17.19,57.44,75.25,0.44,-0.88,-0.44,4,4
1772047881.367894,5219947,-0.04,0.0,0.14,-162.56,-72.87,42.31,0.88,-3.44,2.0,-0.11,0.12,-0.03,17.12,57.5,75.31,0.37,-1.37,-0.19,5,2
1772047881.559131,5220138,0.01,0.12,0.11,-161.87,-72.94,42.25,3.0,1.56,1.69,-0.02,0.0,0.0,17.19,57.56,75.25,-0.62,0.56,0.81,6,2
1772047881.751292,5220330,0.1,-0.03,0.05,-163.37,-71.87,44.69,20.19,7.37,4.56,-0.05,0.08,-0.23,17.19,57.56,75.25,0.56,-0.94,-0.25,6,2
1772047881.940371,5220519,0.12,-0.13,0.0,-166.56,-70.87,48.25,8.13,3.94,0.0,-0.1,-0.04,0.02,17.44,57.31,75.06,-0.25,1.25,1.75,7,2
1772047882.1298,5220709,0.17,-0.26,-0.04,-169.12,-70.37,50.06,3.69,3.0,-2.25,-0.01,0.04,0.02,17.5,57.13,74.94,0.0,0.69,0.44,6,2
1772047882.322049,5220901,0.09,-0.09,-0.01,-169.81,-70.31,50.19,-3.81,-0.44,-1.06,0.01,-0.09,0.05,17.56,57.06,74.87,0.06,-0.88,-0.19,6,2
1772047882.513443,5221092,0.0,-0.03,0.03,-169.56,-71.06,48.06,-23.31,-8.06,-8.38,-0.1,-0.01,0.02,17.56,57.19,74.87,0.5,-0.19,-0.19,5,2
1772047882.705009,5221284,0.06,0.16,0.1,-168.37,-72.0,45.0,-4.0,-1.44,-0.13,-0.06,0.0,0.01,17.5,57.31,75.0,0.19,0.0,-0.56,5,2
1772047882.894324,5221473,0.04,0.03,0.07,-167.56,-72.19,44.63,-1.19,-1.31,0.75,-0.1,0.02,0.05,17.37,57.38,75.06,-0.5,-0.88,-1.44,5,2
1772047883.083613,5221663,0.04,0.15,0.12,-167.31,-72.19,44.5,-0.62,0.56,-0.31,-0.07,0.09,-0.04,17.06,57.63,75.25,0.13,-4.19,-3.56,5,2
1772047883.274819,5221854,-0.01,0.21,0.04,-167.62,-71.87,44.94,7.62,6.44,2.06,-0.07,-0.04,0.05,17.0,57.75,75.25,0.31,1.0,0.5,4,3
1772047883.46591,5222045,0.0,-0.07,0.07,-168.75,-70.62,47.81,15.19,4.94,6.5,-0.12,0.09,0.08,16.87,57.56,75.25,-0.75,1.69,0.69,4,3
1772047883.656335,5222235,0.2,-0.04,-0.02,-169.19,-69.37,50.44,15.0,3.62,4.31,-0.12,0.04,0.03,17.31,57.25,75.12,-0.25,1.06,0.37,4,4
1772047883.84682,5222426,0.04,-0.2,0.01,-170.62,-68.87,54.44,19.19,1.19,5.81,-0.14,0.01,0.01,17.37,57.0,75.19,-1.06,1.12,0.0,3,3
1772047884.036245,5222615,0.08,-0.22,0.06,-172.56,-68.56,57.63,3.25,-0.06,-0.25,-0.14,0.04,0.03,17.31,57.0,75.25,0.13,0.56,0.5,3,3
1772047884.228167,5222807,0.16,-0.14,-0.01,-172.81,-68.25,58.06,0.06,2.0,-0.31,-0.14,0.03,-0.02,17.31,56.88,75.19,0.5,-0.25,0.06,3,3
1772047884.419801,5222999,0.16,-0.15,-0.02,-172.94,-67.94,57.25,-10.0,1.25,-1.25,-0.18,0.02,0.0,17.31,56.94,75.19,-0.37,-2.31,-0.81,3,4
1772047884.610922,5223190,0.15,-0.05,0.03,-171.75,-67.75,53.56,-17.06,1.44,-3.94,-0.16,0.0,0.0,17.37,57.06,75.19,-0.44,-2.5,-1.31,4,4
1772047884.801911,5223381,0.16,-0.09,0.09,-170.75,-67.87,49.75,-16.75,-1.12,-3.56,-0.09,0.02,0.06,17.31,57.13,75.19,0.13,-0.44,-0.25,4,4
1772047884.991165,5223570,0.01,0.13,0.12,-169.87,-68.94,44.75,-30.87,-3.44,-13.75,-0.12,0.03,0.0,17.37,57.19,75.19,0.13,-0.94,-0.13,4,4
1772047885.182274,5223761,0.09,0.35,0.15,-168.19,-69.75,40.63,-0.56,-3.06,1.75,-0.09,0.01,0.05,17.37,57.19,75.19,-0.13,0.25,-0.44,4,3
1772047885.373106,5223952,0.07,-0.02,0.12,-166.5,-70.19,41.38,5.62,-1.69,3.44,-0.17,0.1,0.0,17.37,57.13,75.19,-0.69,-0.19,0.44,4,3
1772047885.563179,5224143,0.09,0.08,0.13,-166.37,-70.12,42.25,9.0,2.69,1.81,-0.07,0.02,0.02,17.44,57.0,75.06,0.13,0.56,0.37,4,2
1772047885.753174,5224332,0.08,-0.16,0.04,-167.94,-69.75,44.63,5.75,1.44,-1.69,-0.13,0.03,0.1,17.5,56.88,75.06,-0.31,0.75,0.5,4,3
1772047885.942679,5224522,0.09,0.02,0.08,-169.69,-69.5,46.25,9.5,1.81,0.75,-0.07,0.03,-0.02,17.5,56.88,75.0,-0.25,-0.5,-0.88,3,4
1772047886.133516,5224713,0.06,-0.12,0.03,-171.19,-69.25,49.13,10.75,0.25,2.0,-0.18,-0.01,0.06,17.44,56.94,75.06,-0.56,-0.69,-0.69,4,4
1772047886.324067,5224903,0.19,-0.14,-0.01,-172.87,-68.94,50.75,0.06,0.75,-0.69,-0.19,0.02,0.01,17.5,57.13,75.12,-0.31,0.31,-0.19,3,3
1772047886.514657,5225094,0.09,-0.12,-0.02,-172.69,-68.94,50.69,-1.31,-0.75,0.31,-0.07,-0.04,0.11,17.5,57.13,75.19,0.19,1.37,0.13,3,3
1772047886.704413,5225284,0.15,-0.18,0.04,-171.75,-69.12,49.69,-9.19,-2.56,-0.44,-0.03,-0.01,0.09,17.37,57.13,75.19,0.62,0.94,0.56,2,3
1772047886.894895,5225474,0.09,0.05,0.04,-170.37,-69.5,47.75,-1.0,-0.44,1.94,-0.12,0.0,-0.02,17.31,57.13,75.19,0.0,-2.06,-0.81,2,3
1772047887.086547,5225666,0.07,-0.1,0.08,-169.81,-69.75,47.56,0.75,-1.0,1.81,-0.18,-0.03,0.09,17.19,57.31,75.31,-0.19,-1.56,-2.12,2,3
1772047887.277289,5225857,0.12,-0.07,0.08,-168.56,-69.5,47.31,3.62,1.75,4.69,-0.1,-0.05,0.01,16.5,57.69,75.62,0.44,0.44,1.12,1,3
1772047887.468037,5226047,-0.08,0.22,0.05,-167.44,-69.19,48.06,14.56,0.75,8.25,-0.08,-0.01,0.13,16.31,57.69,75.69,1.5,2.25,-1.81,2,4
1772047887.657935,5226237,0.15,-0.3,-0.03,-164.62,-67.87,51.75,25.62,3.37,19.44,0.01,0.17,-0.04,15.5,57.69,76.19,0.5,2.19,-0.62,2,4
1772047887.848356,5226428,0.07,0.0,0.0,-162.62,-67.0,53.63,9.63,0.69,8.56,-0.13,-0.02,0.11,15.44,57.38,76.31,-1.56,0.06,0.56,2,3
1772047888.040272,5226619,0.17,-0.24,-0.04,-163.44,-66.37,55.56,5.94,1.69,-0.44,-0.13,0.05,-0.02,15.5,57.31,76.31,-0.75,-1.0,-0.31,3,3
1772047888.230775,5226810,0.14,-0.11,0.0,-164.62,-66.25,56.81,5.75,0.44,0.13,-0.11,0.0,0.01,15.75,57.25,76.31,-0.62,0.31,-0.13,3,2
1772047888.421815,5227001,0.21,-0.2,0.0,-165.62,-66.0,59.13,12.31,-0.31,5.94,-0.12,-0.04,0.04,15.75,57.13,76.37,-0.19,0.88,-0.37,3,2
1772047888.611536,5227191,0.6,0.35,0.02,-164.06,-64.87,64.19,80.06,1.56,52.56,-0.02,-0.08,0.06,15.56,57.0,76.44,-0.44,-2.62,-5.62,3,2
1772047888.802235,5227381,-0.05,-0.95,0.01,-157.0,-63.19,76.56,48.06,-8.63,37.56,-0.1,0.18,-0.04,14.75,57.5,77.19,-1.75,-1.5,-1.06,5,2
1772047888.99364,5227573,0.29,-0.52,0.0,-156.31,-62.75,80.19,3.31,-0.37,5.69,-0.08,-0.07,0.11,15.13,57.63,77.19,-0.81,-0.69,1.06,4,3
1772047889.18435,5227764,0.14,-0.27,0.0,-157.25,-62.75,80.87,2.19,3.25,-0.56,-0.07,-0.04,0.02,15.31,57.5,77.0,0.31,1.87,1.06,5,2
1772047889.375237,5227954,0.29,-1.29,-0.05,-158.31,-63.44,79.69,-54.25,-8.31,-30.81,-0.11,0.07,0.03,15.31,57.5,76.81,1.44,-0.88,2.56,6,2
1772047889.565285,5228144,0.15,0.25,0.21,-162.62,-65.94,69.5,-59.06,5.31,-35.5,-0.13,0.0,-0.03,15.63,57.38,76.37,0.25,-0.37,0.62,7,2
1772047889.755886,5228335,0.15,0.16,0.21,-163.0,-66.87,61.44,-26.19,1.81,-12.19,-0.12,0.05,-0.05,15.63,57.38,76.25,-0.25,-1.25,-0.5,7,2
1772047889.947173,5228526,0.09,0.08,0.18,-161.37,-67.31,55.81,-25.31,0.44,-8.0,-0.08,0.05,-0.01,15.69,57.31,76.25,-0.19,-0.06,-0.5,6,2
1772047890.137792,5228717,0.09,0.21,0.29,-160.12,-68.37,49.13,-43.75,-4.37,-20.12,-0.08,-0.06,0.08,15.81,57.19,76.12,0.0,1.56,1.62,6,3
1772047890.32884,5228908,0.19,0.2,0.37,-159.44,-69.75,42.69,-22.69,-1.62,-4.12,-0.02,-0.11,0.11,16.0,56.81,75.94,-0.5,0.5,1.19,6,3
1772047890.518745,5229098,-0.02,0.43,0.37,-155.0,-70.56,38.38,-10.88,-3.62,-3.12,-0.1,-0.01,0.0,15.94,56.94,75.94,-0.25,-2.12,-1.37,6,4
1772047890.708894,5229288,0.06,0.05,0.2,-155.31,-70.81,38.31,3.0,3.0,-2.44,-0.06,0.01,0.01,15.81,57.06,76.06,-0.25,0.0,0.69,5,3
1772047890.900433,5229480,0.08,0.07,0.18,-157.12,-70.62,38.94,1.19,2.0,-2.81,-0.1,-0.01,0.01,15.94,57.13,76.0,0.13,-0.31,0.0,5,3
1772047891.091607,5229671,-0.02,0.55,0.31,-159.0,-70.5,40.5,18.81,3.75,0.0,-0.1,-0.05,-0.01,15.88,57.13,75.94,1.0,0.81,-0.13,5,4
1772047891.282008,5229861,0.21,-0.43,0.04,-163.37,-69.69,47.0,22.87,2.25,0.56,-0.1,0.05,0.09,15.69,57.13,76.06,-0.25,-0.31,0.37,3,4
1772047891.472762,5230052,0.14,-0.08,0.04,-167.94,-69.5,50.56,2.31,2.62,-5.31,-0.08,-0.01,-0.04,16.06,57.13,75.87,-0.13,-0.25,0.88,3,3
1772047891.66311,5230242,0.07,-0.15,0.07,-170.19,-69.44,51.69,-1.12,-0.94,-1.94,-0.16,0.0,-0.02,16.12,57.13,75.87,0.44,0.19,0.37,2,3
1772047891.854345,5230434,0.15,-0.17,0.1,-170.31,-69.5,51.44,-2.62,-0.56,1.06,-0.14,0.05,0.0,16.06,57.13,75.81,0.0,-0.56,-0.62,3,3
1772047892.045385,5230624,0.04,0.1,0.08,-169.25,-69.87,49.31,-13.13,-2.31,-2.94,-0.08,-0.01,0.0,16.12,57.19,75.81,-0.25,-0.88,-0.13,3,3
1772047892.235942,5230815,0.09,0.15,0.09,-168.25,-70.25,47.19,-4.87,-2.06,-1.0,-0.05,0.0,0.02,16.12,57.19,75.81,0.19,0.06,-0.31,3,3
1772047892.426575,5231006,0.06,0.05,0.14,-167.5,-70.56,46.81,-0.94,1.37,0.31,-0.08,0.01,-0.02,16.06,57.25,75.87,-0.31,-1.37,-0.56,2,2
1772047892.616613,5231196,0.06,0.05,0.1,-167.69,-70.12,47.44,7.19,2.44,2.69,-0.04,0.02,0.07,16.06,57.19,75.87,0.19,0.19,-0.13,2,2
1772047892.808289,5231387,0.17,-0.07,0.01,-169.06,-69.62,48.56,1.31,0.75,-0.94,-0.14,0.02,0.01,16.12,57.13,75.81,-0.62,-0.88,-0.31,2,2
1772047892.998506,5231578,0.09,-0.06,0.07,-169.37,-69.56,49.5,8.63,-0.5,1.81,-0.03,0.0,0.06,16.06,57.19,75.87,0.81,1.25,0.37,2,2
1772047893.189231,5231769,0.13,0.02,0.0,-170.06,-69.37,50.56,-1.37,1.25,-0.5,-0.07,0.05,0.0,16.12,57.13,75.81,1.06,0.69,0.69,3,2
1772047893.380466,5231960,0.09,-0.08,0.05,-170.31,-69.37,50.69,-0.19,0.56,-0.44,-0.11,0.0,0.0,16.12,57.06,75.75,-0.13,-0.25,0.31,3,2
1772047893.571037,5232150,0.02,-0.04,0.09,-170.37,-69.31,50.69,0.31,0.25,-0.94,-0.06,0.05,0.0,16.12,57.0,75.75,-0.31,0.37,0.19,3,2
1772047893.76208,5232341,0.14,-0.11,0.02,-170.5,-69.19,50.69,-1.0,0.75,0.0,-0.11,0.0,0.0,16.12,57.0,75.75,-0.25,-0.25,-0.19,3,2
1772047893.953104,5232532,0.19,-0.22,0.01,-170.06,-69.25,50.31,-1.81,-1.5,-0.37,-0.13,0.03,-0.03,16.12,57.13,75.81,-0.13,-0.19,-0.13,3,2
1772047894.143387,5232723,0.09,0.06,0.05,-169.06,-69.62,48.56,-9.13,-1.75,-1.37,-0.11,0.0,0.0,16.12,57.19,75.81,0.06,-0.44,-0.44,3,1
1772047894.333557,5232913,0.08,0.04,0.09,-168.12,-69.94,47.19,-4.12,-2.81,-0.69,-0.13,0.02,0.01,16.12,57.19,75.81,0.25,-0.19,0.06,3,2
1772047894.524761,5233104,0.08,0.02,0.08,-167.56,-70.06,46.69,-0.88,0.37,0.56,-0.04,0.01,0.05,16.12,57.19,75.81,0.69,1.19,0.56,4,3
1772047894.715491,5233295,0.09,-0.01,0.11,-167.75,-69.94,46.88,2.62,1.62,0.37,-0.05,0.03,-0.02,16.12,57.19,75.81,0.06,0.13,0.31,3,3
1772047894.90631,5233486,0.18,-0.07,-0.01,-168.12,-69.62,47.13,0.31,0.5,-0.19,-0.05,0.0,-0.02,16.12,57.13,75.81,0.31,1.06,0.69,4,3
1772047895.097056,5233676,0.06,0.02,0.05,-167.94,-69.94,46.88,-1.56,-1.56,-0.81,-0.09,0.04,0.0,16.12,57.06,75.81,0.0,-0.37,-0.19,4,3
1772047895.287631,5233867,0.06,0.05,0.1,-167.81,-70.19,46.88,0.06,-0.5,0.37,-0.04,0.01,-0.02,16.19,57.13,75.81,-0.31,-1.06,0.06,4,3
1772047895.478129,5234058,0.01,0.1,0.11,-168.44,-70.0,47.5,8.44,4.19,2.19,-0.06,-0.01,0.07,16.25,57.0,75.75,-1.0,0.94,0.13,4,3
1772047895.669141,5234249,0.22,-0.16,0.03,-169.69,-69.37,49.63,10.0,2.0,-0.25,-0.06,0.05,0.03,16.25,57.0,75.81,-0.13,0.13,-0.69,4,3
1772047895.860098,5234439,0.09,-0.11,0.01,-171.25,-69.31,51.13,-0.94,0.94,-0.69,-0.11,0.02,0.03,16.25,57.13,75.81,-0.19,-0.19,-0.31,4,3
1772047896.051129,5234630,0.1,-0.09,0.04,-170.94,-69.25,50.81,-0.5,-0.81,-0.13,-0.07,0.05,0.01,16.19,57.19,75.87,-0.25,-0.44,-0.5,4,3
1772047896.240988,5234821,0.12,-0.03,0.04,-170.37,-69.37,50.38,-1.44,-0.25,0.62,-0.12,0.03,0.05,16.19,57.19,75.87,0.06,0.37,-0.06,4,2
1772047896.432222,5235011,0.06,-0.08,0.05,-170.06,-69.69,49.5,-10.56,-2.75,-3.56,-0.12,0.06,0.06,16.19,57.13,75.87,-0.13,-0.81,-0.06,4,2
1772047896.622834,5235202,0.08,0.13,0.1,-169.19,-70.06,47.75,-3.62,-1.5,0.69,-0.04,-0.02,0.07,16.19,57.19,75.81,0.25,0.19,-0.06,5,2
1772047896.813661,5235393,0.06,0.0,0.09,-168.37,-70.25,47.31,-0.56,-1.62,0.69,-0.11,0.03,0.01,16.12,57.19,75.81,-0.19,-0.5,-0.56,4,2
1772047897.003819,5235584,0.13,-0.05,0.03,-168.37,-70.12,47.31,0.75,1.75,0.13,-0.07,0.03,0.03,16.06,57.19,75.81,0.69,0.37,0.19,5,2
1772047897.194575,5235774,0.02,0.16,0.07,-168.62,-69.94,47.5,3.12,0.69,0.56,-0.1,0.08,0.0,15.88,57.25,75.75,1.06,-0.75,-0.37,4,2
1772047897.385307,5235965,0.17,-0.02,-0.04,-168.56,-69.44,49.56,15.5,3.19,4.69,-0.09,0.19,-0.07,15.88,57.06,75.69,0.75,0.37,1.44,4,2
1772047897.576607,5236156,-0.01,0.0,0.01,-169.62,-69.37,51.5,-0.5,-0.81,-0.94,-0.13,-0.05,0.05,16.12,56.81,75.5,-1.19,-0.69,0.88,4,2
1772047897.76717,5236346,0.15,-0.15,0.03,-171.12,-69.31,52.44,3.69,-1.0,-2.5,-0.07,0.1,-0.02,16.31,56.88,75.5,-0.56,-0.44,-0.31,4,2
1772047897.958009,5236537,0.08,-0.14,0.0,-171.75,-69.5,52.88,-2.5,0.44,0.37,-0.08,0.03,-0.03,16.31,56.88,75.5,-0.06,-0.5,-0.62,5,2
1772047898.148378,5236728,0.13,-0.03,0.02,-171.12,-69.62,51.0,-12.19,-1.06,-3.12,-0.04,0.05,0.02,16.25,57.06,75.56,-0.13,0.5,-0.25,5,2
1772047898.338848,5236919,0.16,0.13,0.09,-169.56,-70.0,48.88,-2.44,-1.56,1.06,-0.06,0.02,0.07,16.25,57.06,75.56,0.0,0.5,0.0,5,2
1772047898.530092,5237110,0.09,0.03,0.06,-168.87,-70.25,48.38,-1.06,-1.56,0.25,-0.08,0.06,0.0,16.25,57.13,75.56,0.0,-0.75,-0.25,4,1
1772047898.720814,5237300,0.04,0.03,0.08,-168.62,-70.44,48.25,-0.19,0.81,-0.25,0.0,-0.02,0.09,16.19,57.19,75.62,0.75,-0.13,-0.94,5,2
1772047898.911346,5237491,0.06,-0.03,0.02,-169.06,-70.25,48.5,0.69,0.94,0.25,-0.04,0.08,0.07,15.63,57.56,76.06,-0.62,-0.13,-1.12,4,2
1772047899.101027,5237681,0.25,-0.1,0.05,-169.12,-70.0,48.81,2.5,0.19,-0.37,-0.07,0.07,-0.04,15.63,57.44,75.87,0.94,1.87,1.06,4,2
1772047899.292813,5237872,0.04,0.15,0.01,-168.69,-70.25,48.75,0.62,0.88,-0.13,-0.1,-0.02,0.0,15.81,57.19,75.62,-0.75,-0.81,1.0,4,2
1772047899.483691,5238063,0.15,-0.18,0.04,-170.0,-70.12,49.63,2.87,-1.19,-1.56,-0.12,0.06,0.0,16.12,57.06,75.5,-0.31,0.25,1.0,4,2
1772047899.674552,5238254,0.12,0.03,0.02,-170.12,-70.31,49.81,0.37,1.5,-0.75,-0.13,0.03,-0.05,16.25,57.0,75.37,-1.06,-1.12,-0.37,5,2
1772047899.865316,5238445,0.08,-0.09,0.01,-170.5,-70.25,50.06,0.62,-0.75,-0.37,-0.07,0.02,0.02,16.31,57.06,75.44,0.13,-0.06,-0.31,5,2
1772047900.055272,5238635,0.18,0.0,0.04,-170.31,-70.25,49.88,-1.12,0.56,0.37,-0.11,0.02,-0.1,16.31,57.13,75.5,-1.0,-2.75,-1.37,6,2
1772047900.246374,5238826,0.07,-0.01,0.05,-170.12,-70.37,49.75,-1.06,-0.25,0.19,0.01,0.0,0.06,16.25,57.19,75.5,0.31,0.62,0.13,5,2
1772047900.437227,5239017,0.1,-0.14,0.05,-169.87,-70.37,49.38,-3.37,-0.56,0.13,0.06,0.0,0.08,16.31,57.19,75.5,0.56,1.87,1.12,4,2
1772047900.627968,5239208,0.01,0.11,0.11,-169.94,-70.37,46.0,-27.5,2.81,-8.31,-0.05,-0.04,0.08,16.56,57.06,75.31,0.37,0.81,1.25,4,2
1772047900.818019,5239398,0.19,0.26,0.16,-169.81,-70.0,41.0,-17.81,2.62,-9.0,-0.12,0.03,0.01,16.87,56.94,75.0,0.56,0.25,1.12,4,1
1772047901.007788,5239587,0.09,0.24,0.12,-168.5,-70.06,39.0,4.31,-1.87,2.69,-0.07,0.03,-0.04,17.0,56.88,75.0,-1.06,1.5,0.25,4,1
1772047901.199544,5239779,0.06,0.01,0.06,-167.94,-70.37,40.44,10.5,-0.81,3.81,-0.11,0.03,0.05,17.12,56.94,75.25,-1.87,-0.37,-0.62,3,1
1772047901.390691,5239970,0.12,-0.1,0.07,-168.62,-70.25,43.94,22.0,2.31,5.19,-0.06,0.05,0.03,17.19,57.19,75.5,-0.06,-0.75,0.06,4,2
1772047901.581969,5240161,0.09,-0.21,-0.01,-171.37,-70.12,48.31,9.19,0.94,-2.19,-0.07,0.01,-0.07,17.25,57.25,75.44,-0.75,-0.5,-0.13,3,2
1772047901.772401,5240352,0.17,-0.12,-0.03,-173.31,-70.06,49.69,0.75,0.5,0.31,-0.11,0.05,0.02,17.31,57.25,75.44,0.69,-1.0,-0.62,3,1
1772047901.963106,5240543,0.12,-0.12,0.01,-172.37,-70.25,48.94,-6.0,-2.37,0.94,-0.15,0.12,0.0,17.19,57.25,75.37,0.5,-1.06,-0.37,2,1
1772047902.153953,5240733,0.16,0.05,0.09,-170.87,-70.5,47.06,-4.81,-1.06,2.0,-0.1,0.11,-0.01,17.06,57.31,75.37,-0.75,-0.44,-0.69,3,2
1772047902.344799,5240924,0.02,0.02,0.03,-168.75,-70.75,45.38,-6.87,-0.62,-2.31,-0.11,0.0,-0.02,17.12,57.31,75.31,-0.37,-0.5,0.13,3,2
1772047902.534943,5241115,0.11,0.14,0.14,-168.56,-70.75,45.0,8.94,1.75,2.75,-0.08,0.02,0.01,17.06,57.31,75.31,0.5,1.25,0.5,3,2
1772047902.725758,5241306,0.14,-0.15,-0.02,-169.25,-70.44,47.25,8.38,2.62,0.62,-0.13,0.05,0.0,16.94,57.19,75.31,0.56,0.5,0.69,3,2
1772047902.916779,5241496,0.11,-0.1,-0.02,-170.37,-70.19,48.25,-0.13,0.81,-0.62,-0.11,-0.02,0.11,17.0,57.06,75.25,0.25,0.19,0.5,3,2
1772047903.107516,5241687,0.12,-0.1,0.05,-170.44,-70.12,48.19,0.31,-0.75,-0.06,-0.05,0.03,0.05,17.0,57.19,75.25,0.25,0.25,0.06,5,2
1772047903.298272,5241878,0.11,-0.05,0.0,-170.19,-70.19,47.94,-1.69,0.25,0.88,-0.07,-0.03,0.1,16.94,57.25,75.31,0.31,0.44,-0.31,4,2
1772047903.488827,5242069,0.09,-0.01,0.07,-169.81,-70.19,47.06,-5.69,-0.13,-1.25,-0.21,0.08,0.0,16.87,57.38,75.37,0.06,1.12,0.69,4,2
1772047903.679673,5242259,0.11,0.01,0.02,-169.69,-70.19,46.19,-3.0,1.19,-0.56,-0.1,0.02,0.03,16.87,57.38,75.37,0.06,-0.19,-0.06,4,2
1772047903.870376,5242450,0.1,-0.02,0.06,-169.37,-70.06,45.63,-1.81,0.69,-0.5,-0.16,-0.01,0.1,16.87,57.31,75.37,0.0,0.0,-0.37,4,2
1772047904.061326,5242641,0.13,-0.06,0.04,-169.25,-69.87,45.38,0.69,0.31,-0.25,-0.15,0.08,0.0,16.87,57.44,75.37,-0.25,-1.25,-0.56,4,2
1772047904.251494,5242832,0.09,0.05,0.07,-169.12,-69.94,45.38,0.31,0.25,-0.5,-0.08,0.02,0.05,16.87,57.38,75.37,0.25,0.31,0.5,4,2
1772047904.442478,5243022,0.07,-0.08,0.07,-169.62,-69.94,45.81,1.25,-0.56,-0.88,-0.13,0.01,0.06,16.87,57.38,75.37,0.44,0.44,0.25,5,2
1772047904.633347,5243213,0.17,-0.05,0.03,-169.94,-69.75,46.38,5.37,1.94,2.31,-0.07,-0.03,0.09,16.87,57.31,75.37,-0.31,-1.0,-0.5,5,3
1772047904.824202,5243404,0.13,-0.14,-0.02,-170.25,-69.62,47.38,1.75,0.06,-0.25,-0.12,0.0,0.06,16.87,57.31,75.37,-0.25,-0.19,-0.44,4,2
1772047905.014973,5243595,0.13,-0.11,0.07,-170.5,-69.56,47.5,0.25,0.25,-0.13,-0.13,0.03,0.0,16.87,57.38,75.37,-0.31,-1.06,-0.56,3,2
1772047905.205611,5243785,0.11,-0.13,0.02,-170.5,-69.56,47.5,-0.44,0.13,0.37,-0.15,0.01,0.0,16.87,57.44,75.37,0.37,-0.37,-0.25,3,2
1772047905.396458,5243976,0.15,-0.06,0.03,-170.25,-69.56,47.25,-1.19,-0.13,1.25,-0.14,0.07,0.05,16.81,57.44,75.37,-0.13,0.0,-0.06,3,2
1772047905.586915,5244167,0.1,-0.08,0.01,-170.0,-69.56,47.0,0.69,-0.06,-0.31,-0.05,0.0,0.12,16.87,57.44,75.37,0.06,1.5,0.81,3,2
1772047905.777541,5244357,0.05,-0.08,0.05,-170.06,-69.56,47.06,-0.44,0.0,0.31,0.0,-0.03,0.16,16.87,57.44,75.37,0.5,0.13,-0.06,3,2
1772047905.968372,5244548,0.07,0.02,0.03,-169.94,-69.62,46.94,-0.62,-1.0,0.19,-0.1,0.07,0.04,16.87,57.5,75.37,0.75,0.88,0.25,3,2
1772047906.159245,5244739,0.07,-0.05,0.02,-169.75,-69.81,46.63,-2.37,-0.69,-0.56,-0.12,0.01,0.05,16.81,57.44,75.37,0.25,0.19,0.69,3,2
1772047906.349845,5244930,0.09,-0.1,0.03,-169.69,-70.0,46.56,0.94,-1.31,-0.69,-0.13,0.0,0.06,16.87,57.44,75.31,0.0,0.31,0.25,4,2
1772047906.540808,5245120,0.1,-0.09,0.06,-169.62,-70.12,46.63,-0.13,0.62,-0.13,-0.08,0.0,0.1,16.87,57.38,75.31,-0.31,-1.31,-1.06,5,2
1772047906.731653,5245311,0.08,-0.14,0.04,-169.69,-70.0,46.63,-0.06,0.69,-0.13,-0.11,0.01,0.08,16.81,57.5,75.37,-0.06,-0.44,-0.13,5,2
1772047906.922124,5245502,0.15,-0.05,0.05,-169.69,-69.81,46.5,-0.44,0.5,0.5,-0.17,0.07,0.02,16.62,57.56,75.5,0.31,-3.31,-3.44,5,2
1772047907.11315,5245693,0.1,0.03,0.09,-169.62,-69.81,46.38,-1.56,-0.25,-0.19,-0.11,0.0,0.13,16.31,57.88,75.62,-0.56,-0.13,-0.13,4,2
1772047907.303447,5245883,0.2,-0.27,0.05,-169.56,-69.69,46.5,0.88,-0.88,-0.31,-0.07,0.03,0.04,16.19,57.81,75.62,0.62,1.75,-0.37,4,2
1772047907.492904,5246073,0.13,0.22,0.0,-168.5,-69.81,45.69,-1.0,2.12,-0.88,-0.09,0.01,0.02,16.44,57.56,75.37,0.13,0.81,1.94,5,2
1772047907.683667,5246263,0.09,-0.17,0.02,-169.69,-69.81,46.56,1.31,-1.19,-0.69,-0.17,0.01,0.09,16.69,57.31,75.25,0.0,0.62,0.62,5,2
1772047907.876005,5246455,0.08,0.02,-0.01,-169.75,-69.94,46.5,-1.12,0.56,0.94,-0.09,-0.01,-0.01,16.75,57.25,75.19,-0.69,-1.19,-0.37,5,2
1772047908.066587,5246646,0.0,-0.12,0.09,-169.81,-70.19,46.69,0.19,-2.06,-0.75,-0.15,0.0,0.05,16.75,57.25,75.19,-0.5,-1.0,-0.75,4,2
1772047908.257155,5246837,0.12,0.0,0.02,-169.75,-70.25,46.5,-1.44,0.44,0.19,-0.08,0.0,0.03,16.62,57.25,75.25,-0.25,-0.31,-0.44,3,3
1772047908.446538,5247026,0.06,-0.04,0.05,-169.69,-70.25,46.44,0.06,0.13,-0.31,-0.2,0.04,-0.05,16.62,57.31,75.25,0.25,0.0,0.31,2,2
1772047908.638319,5247218,0.08,-0.1,0.05,-169.75,-70.25,46.5,-0.62,-0.94,0.44,-0.19,0.06,0.01,16.62,57.38,75.31,0.0,0.81,0.5,3,3
1772047908.829243,5247409,0.13,-0.09,0.0,-169.69,-70.25,46.38,0.5,0.5,0.13,-0.1,0.03,-0.01,16.69,57.31,75.31,-0.06,0.25,0.19,3,3
1772047909.019865,5247600,0.08,-0.07,0.04,-169.69,-70.25,46.38,0.13,0.13,0.44,-0.1,0.02,0.04,16.69,57.31,75.31,0.0,0.37,0.13,3,3
1772047909.210664,5247790,0.1,0.06,0.05,-169.62,-70.19,46.31,0.62,-0.56,-0.62,-0.06,0.04,0.0,16.69,57.38,75.31,0.25,0.25,0.0,4,3
1772047909.401185,5247981,0.05,0.02,0.04,-169.69,-70.25,46.38,0.19,0.62,-0.5,-0.08,-0.02,0.05,16.69,57.38,75.25,0.62,0.94,0.25,4,3
1772047909.592117,5248172,0.17,-0.14,0.0,-170.12,-70.0,46.81,0.88,0.81,-0.75,-0.09,-0.02,0.0,16.75,57.25,75.19,0.31,0.69,0.75,6,3
1772047909.78291,5248363,0.08,-0.11,0.03,-170.44,-70.0,47.13,1.31,0.31,0.69,-0.06,-0.01,0.16,16.75,57.19,75.19,0.31,0.81,0.56,5,3
1772047909.973527,5248553,0.1,-0.13,0.05,-170.56,-69.87,47.13,0.37,0.13,-0.31,-0.09,0.0,0.15,16.75,57.25,75.19,0.06,1.0,0.25,6,3
1772047910.164442,5248744,0.16,-0.08,0.04,-170.5,-69.87,47.13,-0.37,0.25,-0.37,-0.09,0.0,0.0,16.75,57.25,75.19,-0.19,-0.19,0.0,6,2
1772047910.355064,5248935,0.09,-0.11,0.04,-170.5,-69.87,47.13,0.06,-0.06,0.37,-0.14,0.07,0.03,16.75,57.31,75.19,0.31,0.25,0.06,6,2
1772047910.544966,5249124,0.09,-0.06,0.01,-170.31,-69.81,46.88,0.69,-0.44,-0.31,-0.09,0.04,-0.02,16.69,57.31,75.25,-0.06,-0.19,-0.69,6,1
1772047910.736284,5249316,0.13,0.01,0.03,-170.19,-69.81,46.69,-1.0,0.25,0.37,-0.17,0.04,0.0,16.69,57.31,75.31,0.19,1.25,0.37,5,1
1772047910.927705,5249507,0.08,-0.06,0.06,-170.0,-69.94,46.5,-1.06,-1.25,-0.13,-0.12,0.02,0.02,16.69,57.25,75.31,-0.19,-0.19,-0.06,5,1
1772047911.117942,5249698,0.04,-0.02,0.05,-169.87,-70.06,46.5,-0.25,0.19,0.0,0.01,0.0,0.07,16.69,57.25,75.31,-0.56,-1.75,-0.69,5,1
1772047911.308677,5249889,0.08,-0.14,0.04,-170.06,-70.12,46.69,0.69,0.31,-0.31,-0.12,0.01,0.01,16.69,57.31,75.25,-0.13,-0.06,0.44,5,1
1772047911.499287,5250079,0.12,-0.06,0.07,-170.12,-70.06,46.75,0.62,0.06,-0.19,-0.13,0.02,0.03,16.75,57.19,75.25,-0.44,0.56,0.06,3,1
1772047911.690551,5250270,0.01,-0.02,0.11,-170.25,-70.06,46.94,0.94,-0.06,-0.13,-0.18,0.0,0.09,16.81,57.06,75.19,0.62,-0.37,1.44,4,1
1772047911.88124,5250461,0.08,-0.16,0.07,-171.06,-69.94,47.44,3.69,-1.81,-1.44,-0.12,0.02,0.01,16.94,57.06,75.12,0.5,-0.19,-0.19,3,1
1772047912.071935,5250652,0.13,-0.02,0.02,-171.12,-70.0,47.38,-1.75,1.87,0.56,-0.08,0.05,0.01,16.94,57.13,75.12,-0.13,-0.44,-1.19,3,1
1772047912.262404,5250842,0.04,-0.08,0.07,-171.0,-69.87,47.25,-1.69,0.13,0.62,-0.07,-0.01,0.07,16.87,57.19,75.12,0.06,0.06,-0.31,3,1
1772047912.452116,5251032,0.11,-0.03,0.05,-170.5,-69.81,46.81,-1.25,0.31,0.0,-0.15,0.05,-0.02,16.81,57.31,75.25,-0.69,-2.62,-0.94,3,2
1772047912.643917,5251224,0.09,-0.12,0.04,-170.44,-69.94,46.81,-0.75,-0.37,0.06,-0.07,0.0,0.07,16.81,57.31,75.25,-0.25,-0.69,-0.19,4,2
1772047912.834606,5251414,0.1,-0.07,0.09,-170.31,-70.0,46.69,-0.31,-0.62,0.19,-0.15,0.04,0.0,16.81,57.31,75.25,0.06,-0.44,-0.06,4,2
1772047913.025465,5251605,0.07,-0.11,0.09,-170.19,-70.06,46.56,-0.69,-0.31,0.75,-0.08,0.04,0.06,16.81,57.25,75.25,-0.31,-1.31,-0.56,5,2
1772047913.21597,5251796,0.13,-0.07,0.05,-170.06,-70.06,46.5,0.62,-0.37,0.44,-0.08,0.0,0.09,16.81,57.31,75.25,0.19,0.25,0.31,4,2
1772047913.406853,5251987,0.09,-0.05,0.04,-170.06,-70.12,46.56,0.69,-0.56,-0.13,-0.12,0.03,0.0,16.81,57.31,75.19,-0.31,0.5,0.19,4,3
1772047913.597569,5252178,0.04,-0.08,0.1,-170.06,-70.25,46.63,0.56,-0.44,0.06,-0.1,0.0,0.04,16.81,57.25,75.19,0.37,0.75,0.44,4,3
1772047913.788256,5252368,0.08,0.02,0.01,-170.06,-70.19,46.63,-0.19,0.69,-0.06,-0.11,0.03,0.03,16.81,57.31,75.19,0.44,0.69,0.75,4,3
1772047913.979239,5252559,0.07,-0.2,0.0,-170.44,-70.0,46.88,1.06,1.94,-0.31,-0.08,-0.07,0.16,16.87,57.25,75.19,-0.31,0.69,0.25,3,2
1772047914.170076,5252750,0.11,-0.21,0.0,-170.56,-69.75,46.94,0.56,-0.5,0.0,-0.13,-0.01,0.05,16.75,57.31,75.25,-0.5,-0.5,-0.19,4,2
1772047914.360718,5252941,0.01,-0.08,0.06,-170.37,-69.87,46.75,-0.69,-0.5,0.19,-0.02,-0.01,0.1,16.75,57.38,75.25,0.31,0.06,-0.19,4,2
1772047914.551509,5253131,0.04,-0.07,0.08,-170.25,-69.81,46.63,-0.56,-0.13,0.44,-0.08,0.02,0.02,16.75,57.38,75.31,0.13,-0.13,0.19,4,2
1772047914.742045,5253322,0.16,-0.1,0.05,-170.25,-69.75,46.63,0.13,-0.25,0.13,-0.1,0.0,0.04,16.75,57.38,75.25,0.13,0.0,0.19,4,2
1772047914.932474,5253513,0.05,-0.06,0.07,-170.25,-69.75,46.63,0.5,-0.44,0.13,-0.16,0.0,0.05,16.81,57.44,75.25,0.0,0.06,0.0,4,1
1772047915.123644,5253703,0.09,-0.15,0.07,-170.37,-69.81,46.75,1.19,-1.19,-0.75,-0.14,0.04,0.03,16.81,57.5,75.25,-0.06,-0.19,0.06,3,2
1772047915.31422,5253894,0.12,-0.02,0.01,-170.37,-69.81,46.81,0.37,0.5,-0.31,-0.14,0.01,0.03,16.81,57.44,75.25,-0.06,0.37,0.37,4,2
1772047915.505338,5254085,0.05,-0.13,0.05,-170.5,-69.94,46.94,0.0,-1.12,-0.25,-0.16,0.03,0.06,16.87,57.38,75.19,-0.13,-0.13,-0.25,4,2
1772047915.696073,5254276,0.11,-0.13,0.01,-170.44,-69.94,46.88,-1.0,0.44,-0.06,-0.2,0.07,-0.04,16.81,57.44,75.25,0.31,-0.25,-0.06,4,2
1772047915.886704,5254467,0.05,-0.06,0.04,-170.25,-70.06,46.69,-0.88,0.81,0.13,-0.13,0.01,0.05,16.81,57.5,75.25,-0.5,-0.69,-0.44,5,2
1772047916.077477,5254657,0.11,-0.08,0.02,-170.25,-69.94,46.63,-0.44,-0.19,0.06,-0.16,0.0,0.08,16.81,57.5,75.25,-0.13,0.37,-0.06,4,2
1772047916.268016,5254848,0.11,-0.14,0.04,-170.19,-69.94,46.63,-0.75,0.13,0.31,-0.13,0.03,0.07,16.81,57.5,75.25,-0.19,-0.75,-0.37,4,2
1772047916.45889,5255039,0.12,-0.1,0.1,-170.0,-70.0,46.44,-0.37,-0.94,0.5,-0.16,0.01,0.08,16.81,57.56,75.25,0.0,-0.19,0.0,5,2
1772047916.649419,5255230,0.09,-0.08,0.04,-169.94,-70.0,46.38,0.37,0.19,0.0,-0.13,0.01,0.03,16.81,57.56,75.25,-0.31,0.06,0.06,4,2
1772047916.840055,5255420,0.09,-0.02,0.08,-169.94,-70.0,46.31,0.19,0.13,0.13,-0.13,0.01,0.04,16.81,57.56,75.25,0.25,0.81,0.5,4,2
1772047917.030984,5255611,0.03,0.0,0.04,-169.94,-70.0,46.31,0.37,0.31,0.19,-0.09,0.0,0.07,16.81,57.56,75.25,0.69,-0.31,-0.06,4,2
1772047917.221573,5255802,0.06,-0.04,0.06,-170.06,-70.0,46.5,0.06,0.0,-0.37,-0.17,0.0,0.07,16.81,57.56,75.25,-0.25,0.06,0.19,3,2
1772047917.412804,5255993,0.12,-0.16,0.09,-170.12,-70.06,46.63,1.0,-0.62,-0.5,-0.07,-0.02,0.09,16.81,57.5,75.19,-0.44,-0.37,0.13,4,2
1772047917.603414,5256183,0.06,-0.14,0.09,-170.12,-70.12,46.63,0.13,0.62,0.13,-0.17,0.04,0.01,16.81,57.44,75.19,-0.06,-0.31,-0.06,3,2
1772047917.793968,5256374,0.09,-0.19,0.07,-170.25,-69.94,46.75,0.69,1.56,0.69,-0.16,-0.03,0.05,16.81,57.5,75.25,0.06,0.06,-0.06,3,2
1772047917.983835,5256564,0.15,-0.43,0.13,-169.37,-69.19,45.75,-11.94,10.25,5.75,-0.09,-0.02,-0.08,16.87,57.38,75.19,0.75,0.44,2.69,2,2
1772047918.172913,5256753,-0.1,-0.42,0.17,-165.87,-67.19,39.81,-26.87,15.63,0.0,-0.08,0.05,0.05,16.94,57.13,74.87,1.37,2.12,2.56,2,2
1772047918.365302,5256945,0.42,0.07,0.12,-163.31,-63.94,30.0,-47.13,23.0,-11.44,-0.18,0.06,-0.04,17.44,56.81,74.44,0.81,-0.88,1.62,2,2
1772047918.556424,5257137,0.26,0.59,0.25,-159.62,-62.0,18.69,-18.19,2.94,0.25,-0.1,-0.02,0.01,17.5,56.44,74.06,0.88,0.94,0.75,2,2
1772047918.747383,5257328,0.21,0.13,0.24,-156.25,-61.81,16.94,12.44,-6.19,2.75,-0.11,0.05,0.08,17.44,56.25,74.0,-0.13,0.0,0.69,2,2
1772047918.938331,5257518,0.14,-0.1,0.11,-157.25,-63.0,21.75,20.25,-10.25,4.31,-0.18,0.02,0.05,17.5,56.19,73.94,-0.75,0.56,0.31,2,2
1772047919.129232,5257709,0.16,-0.17,0.2,-158.25,-64.5,27.06,18.62,-10.56,1.69,-0.08,-0.07,0.06,17.62,56.19,73.94,-0.13,-0.44,0.31,2,3
1772047919.320084,5257900,0.08,-0.31,0.08,-161.12,-66.0,32.69,14.88,-5.31,-2.75,-0.12,0.0,0.05,17.62,56.31,74.06,0.37,-1.37,0.0,2,3
1772047919.510952,5258091,0.04,-0.16,0.12,-164.75,-67.06,36.75,7.75,-5.75,-4.44,-0.11,-0.01,-0.02,17.62,56.5,74.12,0.19,-1.56,-0.06,3,3
1772047919.701628,5258281,0.06,-0.28,0.02,-167.31,-67.69,38.94,1.56,-1.62,-3.94,-0.11,0.02,-0.07,17.75,56.81,74.12,-0.5,-0.19,0.88,3,3
1772047919.892387,5258472,0.05,-0.11,0.07,-168.56,-68.19,39.25,-0.94,-0.69,-2.25,-0.11,-0.08,0.04,17.94,56.88,74.19,-0.13,0.62,-0.37,3,3
1772047920.081756,5258662,0.09,-0.07,0.11,-169.44,-68.37,40.19,6.06,-1.75,-1.06,-0.11,0.0,0.06,17.62,57.0,74.44,0.62,-0.5,-1.5,3,4
1772047920.273169,5258853,0.08,0.15,0.09,-170.87,-68.5,42.5,13.31,0.88,2.19,-0.13,0.01,0.01,17.31,57.06,74.62,0.5,-0.19,-1.12,4,4
1772047920.464277,5259044,0.25,-0.08,0.03,-173.87,-68.44,48.19,26.56,-2.62,0.88,-0.05,0.0,0.1,16.87,57.19,74.94,-0.13,0.0,-2.19,4,3
1772047920.655753,5259235,-0.05,-0.31,-0.03,-178.06,-69.25,54.56,16.37,-4.62,-0.88,-0.09,-0.13,-0.02,16.81,57.06,75.06,0.13,-1.56,0.81,3,3
1772047920.84487,5259425,0.07,-0.28,0.02,176.75,-69.37,58.06,0.13,-2.25,-5.19,-0.07,0.0,-0.13,17.19,57.25,75.06,-0.69,-1.12,1.75,4,3
1772047921.03522,5259615,-0.05,-0.23,0.0,174.19,-69.31,57.88,-10.19,4.5,-4.44,0.0,0.09,0.03,17.56,57.19,74.94,-0.19,-0.56,1.06,3,3
1772047921.226938,5259807,-0.09,-0.36,0.05,176.56,-68.44,53.94,-24.5,7.19,1.25,-0.14,0.05,0.04,18.06,56.94,74.62,-1.06,1.12,2.25,4,3
1772047921.417869,5259998,0.37,0.1,0.1,-174.94,-66.12,44.56,-28.12,10.63,13.31,-0.02,-0.02,-0.17,18.37,56.69,74.19,1.19,0.31,0.25,4,2
1772047921.608715,5260189,0.13,0.14,0.09,-167.5,-64.94,37.38,-8.5,3.0,8.0,-0.11,0.05,0.06,17.87,56.44,74.06,0.94,1.44,0.25,3,2
1772047921.799881,5260380,0.24,-0.04,0.21,-162.37,-63.06,31.81,-17.69,12.88,8.81,-0.02,-0.03,-0.11,17.81,56.31,74.0,0.62,1.19,0.31,3,3
1772047921.990244,5260571,0.25,0.18,0.02,-158.87,-61.06,26.19,-4.94,7.31,1.94,-0.09,0.0,0.0,17.5,56.19,73.87,0.5,0.25,0.44,3,2
1772047922.181528,5260762,0.29,-0.14,0.03,-158.87,-60.0,24.37,-8.44,3.06,-3.62,-0.11,0.1,-0.06,17.5,56.06,73.62,0.56,-0.19,1.06,2,2
1772047922.372357,5260952,0.16,0.14,0.15,-157.75,-60.19,20.87,-12.38,-1.62,-5.5,-0.06,0.04,-0.03,17.56,56.19,73.62,0.44,-1.69,-1.0,2,2
1772047922.563131,5261143,0.13,0.51,0.29,-156.31,-61.38,19.31,1.44,-8.25,-1.25,-0.06,0.0,0.12,17.44,56.19,73.75,0.0,0.81,-0.81,3,2
1772047922.753977,5261334,0.29,-0.06,0.19,-156.31,-62.0,22.87,20.75,-5.25,5.0,0.0,0.05,-0.05,17.25,56.25,73.87,-1.0,0.44,-0.81,4,2
1772047922.94398,5261524,0.16,-0.08,0.13,-158.37,-63.0,29.37,26.37,-6.56,0.44,-0.12,-0.02,0.04,17.12,56.38,74.0,-0.19,-1.62,-1.81,4,2
1772047923.134982,5261715,0.17,-0.2,0.08,-163.69,-64.0,37.75,24.5,-6.81,-5.0,-0.05,0.0,0.0,16.75,56.69,74.31,0.0,-1.44,-1.62,4,2
1772047923.325896,5261906,0.16,-0.36,0.02,-169.75,-65.19,44.63,8.75,-3.69,-8.0,-0.03,0.0,-0.04,16.81,56.94,74.44,-0.81,-1.31,-0.13,4,2
1772047923.517054,5262097,0.09,-0.16,0.05,-173.69,-66.06,47.31,-0.94,-3.44,-5.94,-0.08,0.0,0.06,16.87,57.0,74.5,-0.13,-0.31,-0.37,4,2
1772047923.708073,5262288,0.15,-0.1,0.06,-174.37,-66.37,47.19,-3.06,-0.06,-1.31,-0.1,0.04,-0.03,16.87,57.06,74.5,-0.19,0.25,-0.06,4,2
1772047923.898531,5262479,0.12,-0.09,0.03,-173.81,-66.25,46.19,-4.19,1.81,-0.37,-0.13,0.09,0.0,16.81,57.06,74.5,-0.06,0.0,0.0,4,2
1772047924.08923,5262669,0.12,-0.1,0.03,-172.56,-65.87,44.13,-10.38,2.75,-1.19,-0.01,-0.04,0.02,17.06,56.88,74.31,0.25,1.75,1.5,4,2
1772047924.27969,5262860,0.12,0.27,0.01,-171.44,-65.5,41.75,-0.19,1.37,1.87,-0.08,0.06,-0.07,17.19,56.75,74.12,0.44,0.88,0.0,4,2
1772047924.47081,5263051,0.17,0.22,0.02,-170.5,-65.31,43.75,24.37,-2.31,12.5,-0.11,0.0,0.01,17.19,56.5,74.19,-0.37,-0.31,-0.31,3,2
1772047924.662085,5263242,0.24,-0.24,0.01,-169.25,-65.31,49.63,28.0,-6.44,14.44,-0.06,0.0,0.03,17.06,56.56,74.31,0.44,-0.88,-1.31,2,2
1772047924.852826,5263433,0.13,-0.29,0.04,-168.56,-66.0,54.56,21.06,-4.75,13.44,-0.01,-0.03,0.09,17.06,56.75,74.56,-1.06,-1.25,-0.69,2,2
1772047925.04335,5263623,0.11,-0.33,-0.03,-168.62,-66.25,58.13,10.13,-2.12,1.31,-0.01,0.09,0.09,16.87,56.88,74.75,0.06,0.19,-0.56,3,2
1772047925.233968,5263814,0.2,-0.13,0.0,-170.19,-66.44,59.56,1.06,0.31,-1.69,-0.08,0.04,-0.08,17.0,57.0,74.75,-0.62,-0.81,-0.25,3,3
1772047925.42504,5264005,0.14,-0.2,0.0,-171.31,-66.56,60.5,1.0,-0.5,-1.37,-0.07,0.01,-0.09,17.06,57.0,74.81,0.44,0.69,0.0,3,3
1772047925.617048,5264197,0.17,-0.18,0.01,-172.37,-66.69,61.0,-2.12,0.37,-1.44,-0.11,0.06,-0.08,17.06,57.06,74.87,-0.75,-1.81,-0.62,3,3
1772047925.808242,5264388,0.07,-0.21,0.01,-172.81,-66.56,59.88,-13.06,3.62,-5.94,-0.05,0.0,-0.02,17.12,57.06,74.75,0.37,0.56,1.25,3,3
1772047925.997706,5264578,0.15,-0.03,0.04,-173.5,-65.94,57.0,-13.5,3.69,-8.06,-0.09,0.03,0.0,17.19,56.94,74.62,0.56,0.94,0.94,4,3
1772047926.187639,5264768,0.2,0.02,0.06,-174.06,-65.5,54.69,-8.44,2.94,-4.87,-0.08,0.04,0.02,17.31,56.88,74.5,0.37,1.44,0.44,4,2
1772047926.379869,5264960,0.14,0.0,0.06,-173.87,-65.37,53.63,-2.75,-0.31,-1.87,-0.1,0.0,0.0,17.25,56.81,74.5,0.44,-0.31,-0.06,4,2
1772047926.57214,5265152,0.13,-0.03,0.05,-174.75,-65.44,53.44,-3.56,0.44,-3.31,-0.1,0.08,0.02,17.25,56.81,74.5,-0.19,-0.69,-0.69,5,3
1772047926.764128,5265344,0.04,0.0,0.07,-175.31,-65.0,52.25,-9.69,5.06,-5.12,-0.07,0.09,-0.06,17.31,57.0,74.5,0.19,-0.69,-0.25,4,2
1772047926.95364,5265534,0.13,0.04,0.06,-175.5,-64.37,50.69,-5.37,1.56,-1.37,-0.08,0.01,0.02,17.31,57.06,74.5,0.19,-0.06,-0.19,4,2
1772047927.145654,5265726,0.2,-0.01,0.08,-175.06,-64.12,49.88,-1.0,0.5,0.81,-0.06,0.07,-0.03,17.25,57.06,74.56,-0.19,-0.75,-0.5,5,2
1772047927.337962,5265918,0.13,0.04,0.16,-174.44,-64.31,49.5,1.06,-0.62,1.75,-0.14,0.05,-0.05,17.25,57.13,74.56,-0.81,-1.44,-0.62,5,2
1772047927.529864,5266110,0.11,0.09,0.12,-174.25,-64.44,50.25,7.37,-1.69,4.12,-0.07,0.01,0.04,17.31,57.13,74.62,-0.62,0.94,0.31,5,1
1772047927.722305,5266302,0.16,-0.04,0.07,-173.37,-64.62,53.38,22.69,-1.5,11.94,-0.07,0.06,-0.04,17.19,57.13,74.75,-0.31,-0.13,-1.0,5,1
1772047927.912697,5266493,0.11,-0.09,0.05,-173.19,-64.87,57.06,13.63,-2.25,7.31,-0.07,0.0,0.07,17.06,57.0,74.75,-0.5,1.19,0.44,5,2
1772047928.104412,5266685,0.13,-0.22,0.01,-173.44,-64.87,59.63,7.94,-0.56,2.5,-0.15,0.08,0.02,17.12,57.0,74.75,-0.06,1.37,0.81,5,2
1772047928.295762,5266876,0.14,-0.12,0.02,-173.56,-65.0,60.0,-2.81,-0.75,-1.25,-0.1,0.03,0.03,17.12,56.94,74.75,-0.25,-0.13,0.13,4,2
1772047928.487733,5267068,0.13,-0.09,0.05,-173.19,-65.06,59.25,-2.25,-0.81,0.37,-0.11,0.1,-0.11,17.06,56.88,74.75,-0.13,-1.31,-0.88,4,2
1772047928.679343,5267260,0.1,-0.03,0.0,-172.5,-65.12,58.5,-3.5,0.13,0.56,-0.08,0.1,-0.03,17.0,57.0,74.81,0.06,-0.69,-0.5,5,2
1772047928.870916,5267451,0.19,-0.02,0.05,-171.94,-65.12,58.06,2.44,-0.62,2.12,-0.09,0.06,0.05,16.94,57.0,74.87,-0.56,-0.06,-0.44,4,2
1772047929.060383,5267641,0.21,-0.09,0.0,-170.94,-65.0,58.94,9.94,-2.25,9.44,-0.06,0.0,0.03,17.06,56.94,75.06,-0.88,0.62,-0.69,5,2
1772047929.25036,5267831,0.12,-0.2,0.06,-168.25,-65.25,60.38,12.56,-4.12,13.69,-0.11,-0.03,0.03,16.94,56.94,75.44,-1.75,0.94,-1.75,6,2
1772047929.442293,5268023,0.12,-0.26,0.13,-165.87,-65.19,61.75,9.25,0.13,10.0,-0.12,0.05,-0.01,16.69,56.88,76.06,-2.12,1.19,-1.81,6,2
1772047929.633308,5268214,0.18,-0.09,0.02,-165.12,-64.81,62.5,4.0,2.25,2.25,0.0,0.0,0.02,16.56,56.75,76.75,-4.06,2.0,-1.69,5,2
1772047929.824922,5268405,0.2,-0.36,-0.03,-165.69,-64.62,63.69,0.06,-1.0,-2.25,-0.11,0.05,-0.03,16.81,56.75,77.81,-7.06,-0.31,-3.19,5,2
1772047930.014052,5268594,0.17,0.1,0.06,-166.44,-64.94,63.0,-3.44,-1.19,-1.94,-0.08,0.1,0.03,17.12,56.75,78.75,-3.06,2.0,-2.44,6,2
1772047930.204517,5268784,0.21,-0.15,-0.04,-165.81,-65.0,62.38,-4.19,-0.69,1.37,-0.08,0.17,0.09,16.75,56.94,79.44,-1.0,-0.19,-1.56,7,3
1772047930.395892,5268976,0.13,0.09,0.06,-164.12,-65.06,59.44,-14.56,1.87,-2.56,-0.04,0.02,0.06,16.81,56.94,79.5,0.56,0.44,1.25,7,2
1772047930.587231,5269167,0.23,0.12,0.09,-163.06,-65.0,56.56,-5.62,-0.69,-3.44,-0.06,-0.03,0.09,16.94,57.0,79.37,-0.88,-1.75,-0.13,7,2
1772047930.777946,5269358,0.14,-0.29,0.11,-163.44,-65.31,56.19,-8.56,0.37,-3.44,-0.03,0.03,0.0,17.12,57.0,79.31,0.75,0.62,1.31,7,2
1772047930.967894,5269548,0.27,-0.24,0.17,-163.87,-65.81,51.38,-48.06,2.81,-19.94,-0.03,0.11,-0.01,17.5,56.88,78.94,0.75,0.56,2.94,5,2
1772047931.157937,5269738,0.0,0.62,0.26,-161.56,-67.0,41.75,-26.25,-2.75,-9.31,-0.05,-0.03,0.05,17.87,56.75,78.5,1.06,0.13,1.31,5,2
1772047931.349509,5269930,0.03,0.05,0.26,-159.06,-67.56,39.56,1.0,-1.69,-1.62,-0.13,0.16,-0.03,17.87,56.88,78.19,1.19,-0.56,1.31,5,2
1772047931.5403,5270121,0.03,0.2,0.17,-158.94,-67.81,40.25,7.56,1.94,0.56,-0.13,0.08,0.09,18.06,56.75,77.87,0.62,-0.13,1.44,5,3
1772047931.731346,5270312,0.13,0.0,0.13,-161.06,-67.12,43.88,22.19,3.81,0.37,-0.09,0.09,0.01,18.31,56.69,77.5,0.81,-0.37,1.06,6,3
1772047931.921653,5270502,0.02,-0.13,0.09,-165.81,-67.12,48.31,2.75,-0.31,-7.31,-0.04,-0.01,0.16,18.69,56.63,77.06,1.94,-0.19,2.56,6,3
1772047932.111489,5270692,0.01,-0.29,0.07,-169.25,-66.87,50.25,1.81,5.87,-1.69,-0.09,0.0,0.11,18.81,56.44,76.5,2.62,0.94,2.5,6,3
1772047932.303874,5270884,-1.28,0.04,-0.07,-172.44,-65.44,48.69,-33.0,44.5,-42.56,-0.19,0.86,-0.14,18.81,56.31,75.81,3.44,-6.37,-1.12,5,3
1772047932.494179,5271075,0.89,0.84,0.12,-176.94,-57.63,42.19,-11.06,13.0,7.62,0.44,0.16,-0.61,20.31,56.56,74.62,5.12,-12.44,-2.0,5,4
1772047932.685191,5271265,-0.01,0.04,0.13,-176.44,-55.5,42.75,9.06,9.38,-0.37,-0.08,0.39,-0.35,20.5,55.81,72.94,4.12,-10.81,-3.12,5,4
1772047932.875297,5271456,1.45,-0.45,-0.01,-176.94,-53.5,44.25,-11.31,-10.75,2.62,-0.13,-0.39,0.74,21.5,55.88,71.69,5.5,1.31,8.63,5,4
1772047933.065422,5271646,0.42,0.23,0.36,-176.37,-55.0,39.94,-12.81,6.44,-18.37,0.3,-0.11,0.07,22.06,57.31,71.25,3.44,2.44,4.5,5,4
1772047933.256887,5271837,-0.1,0.1,0.48,-175.94,-56.31,37.81,-3.12,0.19,2.0,0.43,0.22,-0.07,22.12,57.63,70.94,-3.12,-4.69,0.13,6,4
1772047933.447869,5272028,0.51,0.23,0.22,-176.12,-55.88,37.94,13.19,4.56,-0.62,0.07,0.16,-0.5,22.06,56.56,70.75,-3.37,3.12,-4.56,5,4
1772047933.638612,5272219,-0.82,-0.11,0.44,-177.12,-57.0,42.75,15.88,4.31,8.94,0.34,0.37,-0.28,20.75,55.56,71.44,-0.25,9.5,2.56,5,4
1772047933.82925,5272410,0.48,0.55,0.7,-175.94,-55.19,41.63,3.62,25.37,-0.88,-0.33,0.13,-0.73,22.25,53.19,70.62,-5.81,-22.5,-13.31,4,6
1772047934.019456,5272600,0.44,-0.12,-0.11,-179.56,-51.31,47.81,26.94,4.94,1.25,-0.16,-0.05,0.44,21.5,53.25,71.56,-2.75,5.81,-1.25,4,6
1772047934.210404,5272791,0.35,0.16,0.18,178.62,-50.31,54.25,11.5,1.37,9.31,-0.23,-0.36,0.08,22.81,52.38,72.06,-10.06,9.38,2.31,4,5
1772047934.401573,5272982,0.44,-0.49,-0.15,176.31,-51.19,61.31,29.44,-17.12,10.19,-0.05,0.08,0.19,22.75,53.56,74.56,-5.19,1.44,-4.37,4,4
1772047934.592534,5273173,-0.29,-0.14,0.16,175.94,-54.19,64.19,-11.31,-14.31,9.94,-1.01,0.59,-1.06,22.12,52.88,75.12,-7.62,-18.31,-11.0,4,4
1772047934.782439,5273363,1.02,-0.07,-0.35,179.94,-54.13,59.44,-2.31,-2.62,7.25,0.15,0.12,0.19,21.06,53.94,75.87,1.69,5.5,-1.75,4,4
1772047934.972986,5273553,0.23,0.01,0.14,-175.19,-56.75,54.75,-8.19,-5.5,10.25,0.09,0.12,-0.15,20.44,54.06,75.81,0.88,-2.31,-1.69,6,4
1772047935.164396,5273745,0.02,0.39,0.44,-171.12,-58.44,49.5,-12.63,-10.31,-1.94,0.04,0.08,-0.13,20.25,54.56,75.87,1.31,-2.06,-1.12,5,4
1772047935.355015,5273935,0.13,0.02,0.18,-169.25,-60.0,48.0,5.44,-1.19,1.81,-0.18,0.12,-0.12,19.94,54.69,75.69,1.12,-4.37,-1.0,6,4
1772047935.545666,5274126,0.16,-0.01,0.14,-170.19,-60.13,49.63,2.94,-3.31,0.19,-0.04,0.06,0.0,19.94,54.75,75.5,0.19,-0.19,1.0,5,4
1772047935.73638,5274317,0.15,-0.04,0.12,-170.25,-60.44,50.88,5.94,-0.5,0.5,-0.06,0.03,-0.03,20.12,54.63,75.31,-0.25,-0.06,0.19,7,2
1772047935.926683,5274507,0.22,0.13,-0.06,-170.75,-60.44,52.56,9.69,-2.69,9.81,-0.03,-0.17,0.22,20.12,54.44,75.44,0.44,4.12,0.69,8,3
1772047936.118151,5274699,0.01,-0.15,0.31,-161.62,-60.31,62.69,108.69,-25.19,106.12,-0.18,0.04,0.02,18.87,54.75,76.5,-1.12,-2.75,-10.5,8,3
1772047936.309017,5274889,0.06,-0.06,0.11,-154.06,-59.5,73.69,30.69,-10.38,20.5,-0.02,0.09,-0.06,18.12,55.63,77.62,-1.44,-3.25,-1.94,7,3
1772047936.499613,5275080,-0.04,-0.2,0.01,-153.37,-59.63,78.5,11.13,-4.69,0.25,-0.09,0.07,-0.1,18.37,56.0,78.06,-2.19,-2.06,0.69,7,3
1772047936.690143,5275270,0.5,-1.88,-0.22,-155.37,-60.56,81.37,-31.37,-15.25,-24.37,-0.03,0.04,-0.05,18.87,56.13,78.0,0.5,-2.62,0.94,7,3
1772047936.880438,5275461,-0.09,0.1,0.21,-163.06,-66.06,72.56,-81.94,3.69,-71.75,-0.04,-0.03,0.0,19.37,56.19,77.44,1.37,1.06,2.12,6,3
1772047937.071721,5275652,0.02,-0.06,0.11,-169.19,-68.56,63.75,-44.56,0.94,-26.37,-0.11,0.14,-0.06,19.5,56.06,77.19,0.56,1.12,1.75,7,3
1772047937.262437,5275843,0.31,-0.22,0.23,-168.19,-69.75,53.44,-67.87,-5.31,-22.87,-0.03,0.03,-0.14,19.87,55.75,76.81,1.25,1.69,2.12,7,2
1772047937.453327,5276034,-0.13,0.94,0.37,-167.81,-71.87,41.88,-30.94,2.12,-7.06,-0.05,0.04,-0.11,19.81,55.75,76.62,1.06,-0.31,-1.19,7,2
1772047937.64362,5276224,0.37,-0.01,0.04,-164.06,-70.94,38.81,3.81,14.81,-2.56,-0.17,0.05,0.12,19.25,55.69,76.62,1.12,1.56,1.06,5,2
1772047937.834005,5276415,-0.05,0.07,0.2,-165.44,-70.06,39.13,-0.62,2.69,-1.5,-0.07,0.11,-0.06,19.44,55.75,76.56,0.37,0.37,1.19,4,2
1772047938.025351,5276606,0.04,0.25,0.25,-164.75,-68.5,39.88,24.37,12.63,13.19,-0.1,0.04,0.0,19.37,55.69,76.62,-1.0,-1.0,-3.19,5,1
1772047938.216119,5276797,0.21,-0.26,0.01,-165.69,-66.56,44.06,15.31,11.25,-1.31,-0.01,0.08,-0.02,19.25,55.88,76.81,0.13,1.87,0.5,5,1
1772047938.406914,5276987,-0.2,-0.12,-0.37,-171.81,-64.0,48.38,10.5,16.69,-5.12,0.57,-0.45,1.09,19.44,55.31,76.87,-5.62,13.56,5.12,6,2
1772047938.597615,5277178,0.56,-0.58,-0.42,-173.44,-61.13,50.81,7.37,8.0,1.12,-0.14,0.03,-0.36,20.94,57.06,77.5,-5.0,-12.75,-4.31,5,2
1772047938.788335,5277369,0.4,-0.42,-0.08,-173.37,-63.06,50.06,-15.63,-26.81,-4.69,0.21,0.09,-0.09,22.44,58.0,78.12,-3.94,-16.19,-11.69,6,2
1772047938.979297,5277560,0.07,-0.34,0.43,-169.19,-68.94,44.56,-37.56,-37.88,-12.31,-0.02,0.07,0.12,21.87,59.25,79.0,3.87,-1.25,-3.81,5,2
1772047939.169838,5277751,-0.4,0.57,0.58,-162.69,-74.12,37.75,-20.69,-19.81,6.75,0.02,-0.01,0.03,20.69,59.31,78.75,6.12,9.94,5.0,5,2
1772047939.360483,5277941,-0.11,0.02,0.16,-150.87,-75.56,34.06,5.87,-6.25,6.19,-0.02,0.08,0.11,19.12,59.69,78.94,2.31,-0.56,-1.37,5,2
1772047939.551264,5278132,0.29,-0.12,-0.03,-146.81,-75.0,33.88,6.44,4.62,8.06,-0.05,0.04,0.05,18.75,59.63,79.06,0.13,0.81,-0.25,4,2
1772047939.741913,5278322,0.01,-0.19,0.02,-145.5,-74.62,33.94,-3.25,-1.87,0.0,-0.15,0.09,-0.08,18.44,59.56,78.94,1.69,-1.0,-0.69,5,3
1772047939.932939,5278513,-0.08,0.11,0.1,-144.69,-74.5,33.31,2.44,1.69,0.88,-0.08,0.03,-0.1,18.37,59.69,79.0,-0.62,-0.06,-0.44,4,3
1772047940.12305,5278704,0.11,-0.2,0.01,-146.56,-74.12,34.44,4.5,1.44,-0.37,-0.1,0.01,0.07,18.31,59.56,79.0,0.75,2.19,1.62,4,3
1772047940.314578,5278895,0.09,-0.05,-0.01,-148.31,-73.75,35.06,2.19,3.06,-0.88,-0.09,-0.03,0.0,18.5,59.38,78.81,-0.62,-0.25,-0.25,4,2
1772047940.50459,5279085,0.04,-0.15,0.06,-150.0,-73.44,36.0,2.12,1.12,0.13,0.0,0.04,-0.08,18.5,59.31,78.81,-0.75,0.13,0.44,4,2
1772047940.695323,5279276,-0.08,-0.18,0.08,-151.75,-73.25,36.81,5.06,3.87,0.31,-0.01,0.06,0.0,18.56,59.31,78.87,0.62,-0.06,0.25,4,2
1772047940.88631,5279467,0.06,0.0,0.04,-154.75,-71.94,39.06,16.19,9.75,1.62,-0.05,0.04,-0.1,18.44,59.13,78.62,1.19,0.81,0.81,3,3
1772047941.076901,5279657,0.06,-0.13,0.05,-160.62,-70.69,43.19,14.44,5.0,-4.75,-0.01,-0.06,0.02,18.62,58.75,78.37,-0.56,2.19,2.94,3,3
1772047941.268186,5279848,0.31,-0.23,-0.07,-167.44,-70.31,47.63,10.44,2.06,-9.06,-0.08,-0.03,-0.04,19.12,58.5,78.19,-0.19,-1.12,-0.13,3,3
1772047941.460175,5280039,0.12,-0.2,0.01,-174.62,-70.75,52.31,7.06,-3.12,-8.44,-0.16,0.13,0.05,19.0,58.38,78.06,0.13,0.5,0.44,3,3
1772047941.649246,5280230,0.14,-0.17,-0.06,-179.37,-71.06,55.06,3.0,-2.06,-4.0,-0.06,0.0,0.06,19.12,58.19,77.94,0.44,0.0,1.31,3,2
1772047941.840322,5280421,0.01,-0.15,0.03,178.0,-71.37,56.44,1.0,-2.31,-1.81,-0.05,0.0,-0.05,19.25,58.13,77.81,0.06,-0.5,0.81,4,2
1772047942.030861,5280612,0.0,-0.25,0.01,177.44,-71.75,56.56,-3.0,-2.44,0.81,-0.08,0.01,0.01,19.31,58.06,77.75,0.5,0.56,0.62,4,2
1772047942.221376,5280802,0.09,-0.07,-0.03,179.31,-71.94,54.88,-7.12,-1.44,2.44,-0.08,0.02,-0.03,19.31,58.06,77.69,0.5,-1.75,-0.94,4,3
1772047942.412181,5280993,-0.1,0.02,0.05,-178.19,-72.94,51.63,-20.37,-9.44,-4.37,0.0,-0.01,0.05,19.31,58.13,77.69,0.31,-0.75,-0.37,4,3
1772047942.603058,5281183,-0.02,0.15,0.05,-176.62,-74.06,48.44,-2.69,-3.31,2.44,-0.04,0.06,0.0,19.25,58.31,77.75,-0.25,-1.87,-1.25,4,2
1772047942.794046,5281375,-0.09,0.08,0.09,-175.0,-74.44,47.81,-1.06,-0.06,0.0,-0.05,0.01,0.02,19.19,58.31,77.81,0.0,0.19,0.06,4,2
1772047942.984709,5281565,0.08,0.04,0.03,-174.94,-74.12,48.31,7.87,1.75,1.87,-0.04,-0.01,0.06,19.25,58.31,77.81,-1.0,-0.25,-0.62,4,2
1772047943.175439,5281756,0.01,-0.12,0.01,-175.69,-73.87,49.75,2.37,1.19,-0.69,-0.12,0.1,0.03,19.19,58.31,77.81,-0.5,0.25,-0.37,5,2
1772047943.366377,5281947,0.09,0.02,0.02,-176.06,-73.5,49.94,1.25,0.62,-0.75,-0.1,0.05,-0.05,19.25,58.31,77.81,-0.06,-0.31,0.0,5,2
1772047943.557017,5282138,0.06,0.0,0.03,-176.31,-73.37,50.13,-0.37,1.69,0.37,-0.07,0.08,-0.02,19.25,58.31,77.81,0.31,-0.44,-0.19,5,2
1772047943.74781,5282328,0.06,0.0,0.02,-176.19,-73.12,50.0,-1.19,0.13,0.88,-0.17,0.05,-0.01,19.25,58.31,77.81,-0.19,-0.94,-0.25,4,2
1772047943.938705,5282519,0.07,0.01,0.0,-175.81,-73.06,49.75,-0.81,0.44,0.37,-0.02,0.0,-0.04,19.25,58.25,77.75,-0.56,-1.5,-0.44,5,2
1772047944.128974,5282710,0.03,0.0,0.01,-175.62,-73.0,49.63,-0.62,0.81,0.31,-0.03,0.04,0.05,19.31,58.31,77.81,0.69,0.81,0.69,4,2
1772047944.319888,5282901,0.06,0.01,-0.01,-175.62,-72.75,49.5,0.25,2.44,0.94,-0.1,0.05,0.05,19.31,58.38,77.75,0.19,0.13,0.19,4,2
1772047944.510692,5283091,-0.27,0.02,-0.01,-176.0,-72.0,49.81,3.44,15.94,-2.19,0.03,0.01,0.16,19.25,58.44,77.87,-2.12,0.13,-1.69,7,2
1772047944.701464,5283282,1.02,0.27,0.16,-177.69,-64.37,50.56,2.5,64.12,4.69,0.28,-0.09,-0.28,19.75,58.88,78.56,-6.56,-29.5,-14.44,6,3
1772047944.89171,5283472,0.87,-0.18,-0.28,-177.12,-59.13,51.75,5.62,-14.5,14.56,0.22,-0.05,0.37,19.75,60.13,79.75,-0.37,4.69,-0.5,8,4
1772047945.081621,5283662,-0.69,0.16,0.24,-172.5,-63.31,51.44,10.31,-21.25,20.44,-0.02,0.01,0.15,18.81,60.25,79.81,2.37,0.88,0.19,8,4
1772047945.273504,5283854,0.27,-0.16,0.1,-169.62,-64.37,52.13,-0.13,1.0,-0.75,0.06,0.24,-0.25,18.5,60.06,79.62,0.88,-2.31,0.19,9,4
1772047945.464156,5284045,-0.33,-0.23,0.04,-171.62,-65.25,51.19,-14.5,-6.0,-17.81,0.0,-0.1,0.15,19.0,60.19,79.25,0.62,5.0,4.37,8,4
1772047945.654802,5284236,0.02,0.3,0.15,-176.87,-65.81,49.94,-15.88,7.25,-23.37,0.01,0.01,-0.03,18.94,59.44,78.62,3.0,5.25,1.81,8,4
1772047945.844695,5284426,0.22,-0.03,-0.02,178.69,-64.87,51.69,9.13,4.5,-1.62,-0.1,0.02,0.13,18.75,58.56,78.12,2.06,4.44,3.25,8,3
1772047946.036006,5284617,0.5,-0.03,-0.24,176.75,-64.19,54.19,8.5,9.31,-2.06,-0.15,0.0,0.14,18.69,57.81,77.75,0.19,1.06,0.06,8,4
1772047946.227208,5284808,0.32,0.0,-0.1,175.31,-63.38,57.31,15.56,-0.94,4.37,-0.05,0.05,-0.04,18.62,57.75,77.75,-0.06,-0.31,-0.88,8,4
1772047946.417685,5284998,0.0,-0.17,0.03,173.94,-64.44,60.63,7.25,-6.0,0.94,-0.12,0.01,0.02,18.62,57.88,77.87,-0.25,-0.62,-0.37,6,4
1772047946.609749,5285189,0.09,-0.08,0.06,172.62,-64.81,62.19,5.0,1.44,0.81,-0.07,0.0,-0.05,18.69,57.94,77.81,-0.13,-0.25,0.19,6,3
1772047946.799493,5285380,0.09,-0.09,0.01,172.06,-64.81,62.94,0.44,-1.81,-1.25,-0.07,0.07,-0.12,18.69,57.81,77.75,0.13,-0.94,-0.31,4,3
1772047946.989964,5285571,0.03,-0.1,0.03,171.87,-65.06,63.31,3.19,-2.56,3.19,0.0,0.01,0.07,18.69,57.88,77.81,-0.5,-0.81,-1.0,4,3
1772047947.181,5285762,0.08,-0.14,-0.01,172.5,-65.31,63.25,-0.37,0.06,-0.37,-0.04,0.03,-0.03,18.62,57.88,77.81,-0.37,0.06,0.13,3,3
1772047947.371619,5285952,-0.04,-0.08,0.06,172.75,-65.56,63.13,1.75,0.0,1.81,-0.03,-0.02,0.08,18.75,57.81,77.75,-0.37,0.06,-0.31,3,4
1772047947.562471,5286143,0.14,-0.18,-0.04,173.69,-65.19,62.75,-5.62,-0.06,4.56,-0.03,-0.02,0.0,18.75,57.88,77.75,-0.06,-1.31,-0.13,3,3
1772047947.752915,5286334,0.05,0.06,0.07,177.87,-65.19,58.75,-13.75,-0.44,7.69,0.02,-0.03,0.01,18.81,57.88,77.69,0.62,0.56,-0.88,3,3
1772047947.943705,5286524,0.26,-0.23,0.04,-176.94,-66.06,53.75,-15.63,-6.62,5.06,-0.06,0.1,0.02,18.56,57.88,77.62,-0.94,0.37,-0.19,3,3
1772047948.135086,5286715,-0.08,0.71,0.3,-168.69,-70.06,43.0,-48.56,-16.81,-9.06,-0.13,-0.05,0.02,18.62,57.94,77.56,1.44,-1.19,-0.69,2,3
1772047948.325125,5286906,0.03,0.13,0.17,-161.06,-71.62,37.81,5.94,-8.38,5.06,-0.13,0.12,0.02,18.12,58.13,77.69,0.25,0.37,-1.06,3,2
1772047948.515802,5287097,0.02,-0.06,0.07,-159.81,-71.44,38.31,2.25,5.87,3.94,-0.11,0.0,0.0,18.19,58.0,77.62,-0.5,-0.37,0.69,3,2
1772047948.705491,5287286,-0.71,0.51,0.64,-162.75,-67.37,39.0,21.06,33.25,12.94,0.35,-0.38,0.49,18.69,57.38,77.31,-2.5,-0.31,2.69,5,3
1772047948.897392,5287478,-0.33,-0.14,-0.06,179.81,-64.69,47.0,-33.25,10.56,-124.81,-0.16,0.38,-0.03,18.87,58.38,77.44,1.0,0.25,1.25,5,3
1772047949.088239,5287669,0.11,0.17,-0.2,157.75,-60.06,55.0,2.62,5.81,-6.31,-0.16,-0.1,0.04,20.25,58.06,76.94,-3.87,1.94,4.19,6,3
1772047949.278951,5287860,-0.32,0.18,0.43,158.44,-61.25,57.19,24.0,-13.5,20.81,-0.08,-0.01,-0.19,21.12,57.81,76.75,0.25,0.88,3.0,6,2
1772047949.46956,5288051,0.04,-0.48,0.06,161.62,-63.25,61.06,30.31,4.0,36.0,-0.16,-0.06,0.03,21.56,57.38,76.56,0.94,-0.62,0.62,6,2
1772047949.659344,5288240,0.76,-0.39,0.11,167.75,-63.69,61.06,-2.37,-4.62,13.31,-0.04,0.03,-0.04,21.12,57.56,76.62,1.94,-0.75,-0.81,6,2
1772047949.848971,5288430,-0.17,-0.37,0.09,171.44,-65.87,57.0,-10.75,1.5,11.19,-0.15,0.17,-0.02,20.75,57.69,76.69,0.37,0.88,0.56,7,3
1772047950.041539,5288622,0.86,-0.67,-0.06,-171.25,-64.37,49.13,18.44,4.44,91.75,-0.08,-0.11,-0.16,20.37,57.44,76.81,1.19,-0.75,-4.06,8,3
1772047950.232664,5288813,0.14,0.03,0.13,-148.31,-62.81,35.25,-47.94,-2.81,-3.06,0.04,-0.04,0.09,19.19,57.38,76.87,3.06,-2.25,-3.44,8,3
1772047950.423594,5289004,-0.01,0.48,0.26,-142.0,-63.94,25.94,-22.94,-1.81,2.06,-0.03,0.09,-0.02,17.94,57.44,77.06,2.31,2.0,-0.88,8,3
1772047950.612988,5289194,0.57,0.15,0.05,-140.19,-63.19,22.06,-12.06,2.94,-7.75,-0.1,0.06,-0.02,17.31,57.31,77.06,0.25,-1.44,-0.37,6,4
1772047950.804207,5289385,0.04,0.31,0.27,-140.94,-64.44,22.75,15.56,3.87,-9.0,-0.07,0.14,-0.14,17.44,57.38,77.12,-0.25,-0.25,-0.75,6,3
1772047950.995604,5289576,0.0,-0.25,0.1,-148.81,-65.19,28.87,7.44,4.94,-17.56,-0.07,0.03,0.04,17.62,57.44,77.06,-1.37,-0.75,1.12,6,4
1772047951.18644,5289767,0.63,-0.12,0.01,-159.37,-65.31,34.63,14.81,3.81,-12.0,-0.02,0.03,0.0,18.0,57.44,77.0,0.13,0.94,1.31,6,3
1772047951.377561,5289958,-0.04,-0.05,0.21,-162.56,-67.5,41.38,26.12,-22.31,-2.06,-0.06,0.08,-0.09,18.0,57.5,77.06,0.62,0.31,-0.94,6,4
1772047951.56698,5290148,0.34,-0.33,0.09,-168.69,-68.5,47.69,6.19,-0.81,-4.0,-0.11,0.02,0.0,18.06,57.5,77.06,0.19,-0.69,2.25,5,3
1772047951.75652,5290337,0.2,-0.26,0.0,-170.94,-68.81,49.63,6.5,-1.94,-1.5,-0.05,0.0,-0.02,18.5,57.44,76.94,-1.5,0.31,1.0,5,3
1772047951.948832,5290530,0.09,-0.19,0.07,-172.62,-68.75,50.44,-1.31,2.31,-0.75,-0.15,0.05,0.0,18.5,57.31,76.94,0.56,0.19,-0.75,4,3
1772047952.140365,5290721,0.22,-0.12,0.01,-171.94,-68.56,49.69,-3.56,-0.25,-0.94,-0.01,0.05,0.09,18.37,57.31,76.94,-0.31,-0.94,-1.44,5,4
1772047952.331181,5290912,0.12,0.0,0.09,-171.37,-68.5,48.81,-2.0,1.06,-1.12,-0.11,0.01,-0.01,18.25,57.38,76.94,-0.62,0.25,-0.37,4,3
1772047952.522193,5291103,0.07,-0.06,0.03,-171.81,-68.37,49.13,1.5,-0.88,-0.44,-0.03,-0.07,0.09,18.37,57.38,77.0,0.0,-0.81,-0.13,5,3
1772047952.712824,5291294,0.11,-0.16,0.01,-172.81,-68.37,49.81,-1.0,0.81,0.37,-0.11,0.01,-0.03,18.37,57.38,77.0,0.31,1.12,0.37,5,3
1772047952.903692,5291485,0.11,-0.09,0.08,-172.5,-68.44,49.69,1.81,-1.81,3.19,-0.09,0.02,0.01,18.31,57.38,77.06,-0.37,0.31,-0.31,5,3
1772047953.094118,5291675,0.25,0.03,0.08,-172.12,-68.25,49.44,-0.88,1.94,-1.12,-0.09,0.04,0.0,18.31,57.25,77.06,0.94,1.12,-0.5,5,3
1772047953.28491,5291866,0.12,-0.11,0.03,-172.31,-68.12,49.75,-1.56,2.81,-0.62,-0.05,-0.03,0.01,18.44,57.19,76.94,0.31,1.56,1.69,5,3
1772047953.475788,5292057,0.18,-0.16,0.04,-173.0,-67.81,50.13,3.37,0.5,0.06,-0.11,-0.02,-0.03,18.37,57.06,76.87,0.81,-0.06,0.94,5,3
1772047953.666941,5292247,0.17,-0.06,-0.02,-173.12,-67.62,50.06,-0.69,1.0,0.75,-0.05,0.04,-0.01,18.44,57.13,76.94,-0.56,-0.5,-0.5,4,3
1772047953.857884,5292438,0.06,-0.11,0.03,-173.0,-67.5,49.81,-1.25,1.5,-0.37,-0.08,0.08,-0.06,18.5,57.19,76.94,-0.13,-0.5,-0.81,4,3
1772047954.047885,5292629,0.11,-0.08,0.0,-172.44,-67.31,49.13,-2.69,-0.19,0.75,-0.02,0.0,0.07,18.37,57.25,77.0,0.88,0.0,0.13,4,2
1772047954.23853,5292820,0.17,-0.05,0.03,-171.87,-67.25,48.63,-0.44,0.31,0.88,-0.09,0.02,-0.05,18.44,57.25,76.94,0.31,1.12,1.12,4,2
1772047954.429491,5293011,0.12,-0.11,0.07,-171.94,-67.19,48.69,1.31,1.25,-0.19,-0.03,0.05,0.0,18.56,57.13,76.87,0.19,0.81,0.75,2,2
1772047954.620336,5293202,0.05,-0.11,0.0,-172.19,-66.94,48.88,0.13,2.12,0.13,-0.13,0.05,0.0,18.56,57.0,76.75,0.44,0.81,0.31,2,2
1772047954.811248,5293392,0.31,-0.2,0.0,-172.5,-65.69,49.06,0.62,6.62,2.56,-0.08,0.1,0.0,18.5,57.19,76.81,-0.44,-2.0,-1.37,2,2
1772047955.00188,5293583,0.0,-0.13,-0.03,-172.0,-64.25,48.44,-2.25,11.88,0.5,-0.11,0.08,0.0,18.37,57.25,76.87,-0.37,-0.44,-0.69,2,2
1772047955.192329,5293773,0.11,0.04,0.12,-171.25,-63.81,47.25,-4.31,-7.06,1.44,-0.04,0.07,0.01,18.37,57.25,76.94,0.13,0.44,-0.37,2,2
1772047955.382308,5293963,0.18,0.02,0.04,-170.12,-64.62,46.38,-3.06,-3.75,0.62,-0.14,0.15,-0.09,18.31,57.25,76.94,0.06,-1.5,-0.69,2,2
1772047955.57301,5294154,0.1,-0.03,0.07,-169.31,-65.37,46.0,0.19,-4.69,1.19,-0.14,0.02,0.04,18.31,57.19,76.94,-0.44,0.13,0.13,3,2
1772047955.764388,5294345,0.23,-0.07,0.04,-169.31,-65.75,46.31,2.25,-1.25,0.25,-0.02,0.04,0.01,18.31,57.13,77.0,-0.37,-1.75,-1.19,2,2
1772047955.955574,5294536,0.14,-0.08,0.04,-169.25,-66.06,46.63,0.13,-2.25,0.44,-0.14,0.03,-0.01,18.25,57.13,77.0,-0.25,-0.37,-0.19,3,2
1772047956.146526,5294727,0.15,-0.14,0.1,-169.25,-66.25,46.81,1.94,-1.0,-0.56,-0.17,0.09,-0.07,18.31,57.25,77.06,-1.06,-1.06,-0.81,3,2
1772047956.337087,5294918,0.17,-0.02,0.04,-169.37,-66.19,46.94,0.0,1.25,0.06,-0.02,0.05,0.04,18.31,57.19,77.06,0.25,0.25,0.31,3,2
1772047956.528531,5295110,0.15,-0.06,0.03,-169.37,-66.12,46.94,0.75,0.94,-0.13,-0.15,0.13,-0.06,18.31,57.19,77.06,-2.25,0.37,0.31,2,2
1772047956.720071,5295301,0.2,-0.1,0.05,-170.0,-65.87,47.25,3.0,0.5,-1.31,-0.09,0.08,0.07,18.31,57.13,77.06,0.31,-1.06,-0.37,2,2
1772047956.911252,5295492,0.16,0.0,0.05,-170.44,-65.81,47.63,-0.31,-0.75,0.31,-0.05,0.02,0.12,18.31,57.19,77.06,0.37,-0.56,-0.25,3,2
1772047957.101099,5295682,0.1,0.01,0.07,-170.19,-65.81,47.31,-1.25,0.0,0.81,-0.09,0.05,-0.08,18.31,57.19,77.06,-0.5,-0.56,0.0,3,1
1772047957.292223,5295873,0.09,-0.18,0.02,-170.25,-65.94,47.5,0.69,-0.62,0.37,-0.05,0.03,-0.04,18.37,57.19,77.06,-0.88,-0.06,0.44,3,2
1772047957.484122,5296065,0.11,-0.2,0.04,-170.5,-66.06,47.69,1.69,1.19,0.56,-0.02,0.06,0.07,18.37,57.13,77.06,0.19,0.37,-0.13,3,1
1772047957.675802,5296257,0.07,-0.03,0.08,-170.31,-66.06,47.44,0.69,-1.19,0.94,-0.09,0.01,0.07,18.44,57.13,77.06,0.25,0.94,0.69,2,1
1772047957.869121,5296450,0.07,-0.13,0.01,-170.62,-66.25,47.75,-0.25,-1.19,0.37,-0.12,0.04,-0.03,18.44,57.19,77.06,0.0,-0.31,-0.13,3,2
1772047958.060957,5296642,0.15,-0.04,0.06,-170.5,-66.37,47.63,-0.75,-1.5,-0.06,-0.07,0.07,0.03,18.44,57.13,77.06,-0.19,0.62,0.06,3,1
1772047958.253348,5296834,0.18,-0.17,0.02,-170.69,-66.5,47.63,-0.25,0.62,-1.5,-0.06,0.08,0.05,18.31,57.19,77.06,-0.25,0.44,-0.31,3,2
1772047958.443357,5297024,0.05,-0.07,0.08,-170.69,-66.56,47.5,1.31,-0.56,-1.62,-0.2,0.1,-0.05,18.37,57.25,77.0,-0.37,-1.5,-1.19,3,2
1772047958.633027,5297214,0.27,0.04,0.04,-170.44,-66.37,47.31,-3.37,1.37,1.06,-0.04,0.01,0.03,18.37,57.25,77.06,0.06,0.62,0.5,4,2
1772047958.825512,5297407,0.19,-0.29,0.02,-170.19,-66.37,46.94,-2.19,0.25,0.06,-0.09,0.11,0.04,18.31,57.19,77.0,0.25,0.31,-0.25,4,2
1772047959.017303,5297598,-0.08,0.11,0.12,-168.62,-67.62,43.88,-24.31,-14.0,-6.44,-0.12,-0.02,0.08,18.31,57.25,76.87,1.25,-0.69,-0.06,3,2
1772047959.208099,5297789,0.11,0.13,0.21,-166.75,-68.81,41.0,-2.06,-4.19,0.81,-0.08,0.13,-0.05,18.19,57.5,76.87,-0.19,0.81,0.0,3,2
1772047959.399485,5297981,0.0,0.14,0.14,-165.62,-69.19,40.56,-1.06,-0.44,0.25,-0.07,0.05,0.02,18.19,57.5,76.94,-0.5,0.81,0.69,3,2
1772047959.590729,5298172,0.03,0.0,0.12,-166.25,-69.19,41.13,4.19,1.25,-1.25,-0.06,0.04,0.01,18.25,57.5,76.94,0.0,0.88,0.56,4,2
1772047959.782102,5298363,0.1,-0.08,0.09,-167.06,-68.69,42.69,8.19,3.56,1.87,-0.13,0.09,0.02,18.19,57.38,76.87,0.37,0.69,0.37,4,2
1772047959.97221,5298553,0.23,-0.05,0.04,-168.12,-68.12,43.69,1.5,0.62,-1.19,-0.11,0.05,0.06,18.25,57.31,76.69,0.62,1.0,0.62,3,2
1772047960.162492,5298744,0.15,0.0,0.07,-168.37,-68.12,43.88,0.5,0.94,-0.06,-0.08,0.04,-0.01,18.25,57.25,76.69,0.0,1.06,0.81,4,2
1772047960.355342,5298936,0.1,-0.07,0.06,-168.62,-68.19,44.44,3.56,-0.75,1.25,-0.07,0.07,0.02,18.25,57.31,76.75,-0.31,-1.0,-0.81,4,2
1772047960.5466,5299128,0.08,-0.08,0.04,-168.37,-68.19,44.56,-1.12,0.44,1.19,-0.01,0.03,0.0,18.19,57.5,76.81,0.81,-0.37,0.13,4,3
1772047960.737956,5299319,0.09,-0.01,0.07,-168.12,-68.06,44.25,0.0,0.37,-1.62,-0.03,0.1,0.0,18.19,57.5,76.75,-0.88,0.19,-0.44,3,3
1772047960.929713,5299511,0.2,-0.03,0.08,-168.44,-67.87,44.25,-1.44,0.69,-0.69,-0.09,0.03,0.07,18.19,57.5,76.75,0.69,0.13,0.19,4,2
1772047961.119876,5299701,0.14,-0.32,0.03,-168.12,-68.0,43.88,-8.19,-1.62,-0.19,-0.13,0.08,0.09,18.25,57.5,76.75,-1.19,-0.56,0.5,4,2
1772047961.311725,5299893,0.24,0.18,0.14,-167.31,-68.37,41.06,-9.56,-1.87,-0.56,-0.09,0.02,0.13,18.25,57.56,76.69,0.69,1.19,0.88,4,2
1772047961.503137,5300084,0.08,0.03,0.17,-165.25,-68.69,39.94,1.69,-1.5,2.19,-0.17,0.07,0.03,18.12,57.56,76.62,1.06,-0.5,0.56,4,2
1772047961.692921,5300274,0.08,-0.01,0.08,-164.94,-68.75,39.81,0.69,-0.5,0.19,-0.06,0.08,0.04,18.12,57.56,76.62,-0.62,0.06,0.0,4,2
1772047961.883133,5300464,0.13,0.11,0.05,-165.12,-68.69,40.06,3.31,0.75,1.56,-0.09,0.06,0.05,18.19,57.56,76.62,0.44,-1.0,0.0,4,2
1772047962.073311,5300655,0.07,-0.13,0.07,-165.0,-68.56,41.69,7.19,0.69,2.0,-0.12,0.06,0.06,18.06,57.56,76.62,-0.5,-0.13,0.13,3,2
1772047962.264561,5300846,0.15,0.0,0.07,-165.56,-68.37,42.06,-0.13,0.31,-0.06,0.0,-0.03,0.15,18.06,57.5,76.69,0.06,2.37,0.5,3,1
1772047962.454878,5301036,0.09,0.01,0.06,-165.62,-68.37,42.19,-1.5,0.06,0.44,-0.23,0.07,0.0,18.06,57.56,76.69,-0.19,-0.69,-0.56,3,1
1772047962.645566,5301226,0.1,-0.08,0.1,-165.56,-68.37,42.13,0.0,-0.06,0.81,-0.09,0.08,-0.01,18.0,57.5,76.69,-0.19,-1.19,-0.37,3,1
1772047962.83458,5301416,0.13,-0.03,0.05,-165.5,-68.25,42.0,1.37,1.56,0.13,-0.12,0.05,0.04,18.0,57.5,76.69,-0.31,0.88,0.44,3,1
1772047963.025498,5301607,0.09,-0.03,0.05,-165.62,-68.19,42.06,0.13,0.19,-0.06,-0.02,0.0,0.08,18.06,57.44,76.69,0.19,1.19,0.44,2,1
1772047963.216761,5301798,0.09,0.03,0.01,-165.69,-68.0,41.94,-0.75,1.81,0.56,-0.16,0.14,0.02,18.0,57.5,76.69,0.81,-0.75,-0.31,2,1
1772047963.408232,5301989,-0.09,0.01,0.02,-166.12,-67.62,42.06,1.0,7.12,-1.75,-0.09,0.02,0.05,18.0,57.56,76.75,-0.44,-0.5,-0.06,2,1
1772047963.598513,5302180,0.38,-0.11,-0.06,-169.5,-65.19,43.13,3.81,16.19,-2.87,-0.02,0.0,0.1,18.0,57.63,76.75,0.0,0.5,0.5,2,2
1772047963.788487,5302369,0.32,-0.18,0.21,-171.19,-63.44,43.69,-2.37,-0.06,0.5,-0.14,0.12,-0.15,18.0,57.69,76.75,-0.13,-0.88,-0.31,2,2
1772047963.978272,5302559,-1.07,-0.03,-0.06,-171.37,-63.38,43.31,0.81,12.25,-5.81,0.23,-0.32,0.56,18.0,57.69,76.81,-0.56,40.31,19.0,2,2
1772047964.169906,5302751,0.97,-0.14,-0.53,-171.5,-60.31,40.81,-8.88,0.81,-3.5,-0.03,0.02,0.0,19.69,57.63,76.44,0.0,3.94,2.69,2,2
1772047964.361422,5302942,0.25,-0.45,0.01,-170.31,-63.0,38.13,-16.94,-13.0,-13.75,-0.67,0.44,-0.59,20.69,57.69,75.87,-2.56,-6.62,-2.0,3,2
1772047964.552271,5303133,0.27,0.17,0.42,-167.56,-67.56,32.63,-33.25,-34.06,-15.88,0.13,-0.14,-0.13,22.12,57.25,75.0,0.56,-1.94,-3.5,3,2
1772047964.742067,5303323,-0.36,0.26,0.55,-166.25,-73.87,31.62,5.94,-29.87,-1.31,-0.28,-0.08,0.0,21.25,57.19,75.37,1.37,-6.5,-7.25,3,2
1772047964.931984,5303513,-0.5,-0.04,0.25,-161.56,-77.37,34.38,18.12,-11.63,8.44,-0.09,0.11,0.2,19.56,58.0,76.44,1.19,-0.19,-2.69,4,2
1772047965.123494,5303705,0.17,0.01,0.05,-155.81,-77.25,35.69,8.63,0.25,8.56,-0.04,0.13,-0.07,18.87,58.31,76.75,-0.37,-0.56,-1.62,3,2
1772047965.314235,5303896,0.04,-0.08,0.08,-153.44,-76.87,35.88,0.37,1.37,-0.75,0.43,-0.26,0.82,18.81,57.69,76.5,1.81,19.75,10.31,4,3
1772047965.505258,5304087,0.42,0.59,-0.28,-156.12,-75.75,35.63,12.06,9.5,-4.5,0.22,0.0,-0.02,19.25,57.75,76.31,0.56,-0.94,-3.75,3,3
1772047965.69513,5304276,0.19,0.3,0.26,-161.69,-75.94,40.63,21.44,13.0,-6.25,0.07,-0.02,0.0,19.69,56.88,76.0,0.06,-5.25,0.25,3,3
1772047965.885555,5304467,-0.35,0.06,0.17,-168.06,-75.5,46.75,21.5,-6.81,6.56,-0.46,-0.17,0.32,20.31,56.13,75.87,-2.81,-11.75,-6.31,4,3
1772047966.077061,5304658,0.17,-1.11,-0.21,-168.31,-75.94,51.81,11.25,-25.19,16.87,0.45,-0.79,1.75,20.19,55.94,76.5,-6.87,22.06,8.81,5,3
1772047966.268124,5304849,1.19,-0.49,-0.44,-155.81,-77.81,49.13,-8.56,-14.06,-3.62,0.33,0.12,-0.25,19.25,59.25,78.25,1.87,2.94,-4.06,4,3
1772047966.458759,5305040,-1.22,0.36,0.92,-146.31,-82.31,46.13,-31.19,9.25,-13.69,0.13,-0.26,0.34,20.0,58.69,77.81,3.44,5.62,3.69,4,3
1772047966.649172,5305230,0.09,0.44,-0.16,-166.75,-82.75,45.69,2.69,-21.62,-12.19,-0.07,0.12,0.32,17.37,61.25,79.75,0.88,-4.0,-5.25,4,3
1772047966.839202,5305421,-0.97,0.06,0.54,-179.19,-84.62,49.06,16.12,5.0,0.0,-0.2,0.22,-0.39,16.69,61.44,79.75,-1.37,-1.62,0.44,5,3
1772047967.030614,5305612,0.32,-0.17,-0.13,179.81,-82.25,52.13,13.25,2.87,-6.37,-0.09,-0.09,0.19,16.94,61.69,79.75,-1.0,1.44,1.5,5,3
1772047967.221574,5305803,0.34,-0.65,-0.36,170.87,-81.37,54.25,-13.13,6.62,-5.31,-0.06,0.06,-0.2,17.19,61.38,79.69,0.31,-4.0,-1.44,4,3
1772047967.4122,5305994,-0.44,0.44,0.23,163.62,-81.69,50.44,-21.56,-5.75,-6.0,-0.08,-0.04,0.04,17.12,61.56,79.56,0.62,0.37,0.5,5,4
1772047967.601964,5306184,-0.12,0.02,0.1,168.69,-82.12,48.5,1.81,3.12,5.37,-0.02,0.07,0.01,16.56,61.44,79.5,2.62,3.06,0.88,6,4
1772047967.792576,5306374,-0.1,0.08,-0.04,175.44,-81.31,47.63,-1.56,6.75,3.37,-0.14,0.1,0.05,16.37,61.13,79.31,0.0,1.0,0.37,6,4
1772047967.983838,5306565,-0.19,0.29,0.08,179.75,-80.19,46.88,4.94,7.44,3.5,-0.06,0.0,0.1,16.19,60.81,79.25,0.69,1.12,1.0,6,4
1772047968.175072,5306756,0.12,-0.07,-0.02,-176.37,-78.25,48.19,12.63,10.38,5.0,-0.06,0.1,-0.04,16.25,60.69,79.06,0.31,0.81,0.37,5,5
1772047968.365886,5306947,0.08,-0.29,-0.22,-175.75,-74.69,49.63,9.38,40.63,5.5,-0.08,-0.14,0.36,16.56,60.5,78.62,0.69,5.69,3.56,5,4
1772047968.556462,5307138,0.11,-0.28,0.73,-176.0,-66.62,49.19,-16.44,20.69,-6.62,-0.4,0.19,-0.68,17.31,60.31,78.37,-1.25,-5.0,0.19,6,4
1772047968.746899,5307328,-0.46,0.44,0.16,-176.37,-67.81,45.81,-5.12,-18.12,-5.37,-0.11,-0.02,0.26,16.56,60.06,78.06,2.94,3.0,-2.25,5,4
1772047968.937813,5307519,0.59,-0.33,-0.19,-173.25,-67.44,46.31,6.62,6.69,16.62,0.25,0.07,0.14,15.75,59.69,78.19,2.37,-0.5,-1.44,5,4
1772047969.128378,5307710,0.95,0.18,0.27,-170.31,-68.06,41.69,-45.0,-15.0,-20.75,0.08,-0.1,0.07,15.94,59.25,77.87,2.37,0.69,2.25,6,4
1772047969.319493,5307901,0.49,0.08,-0.01,-169.25,-69.87,37.19,3.5,5.69,12.13,-0.13,0.08,0.01,15.75,59.25,77.81,-0.25,1.0,-0.25,5,4
1772047969.509722,5308091,2.29,-0.72,0.25,-168.69,-64.87,36.5,-12.44,11.31,-8.38,0.15,0.36,-0.53,15.69,59.13,77.94,0.37,2.94,2.12,5,4
1772047969.700033,5308282,0.19,0.19,0.54,-168.12,-69.44,33.13,-3.0,-33.06,-0.37,0.01,-0.17,0.29,15.63,59.13,77.62,0.94,5.06,2.44,5,3
1772047969.891508,5308473,-0.37,0.15,0.31,-163.81,-70.69,34.5,18.56,3.94,5.81,-0.13,0.08,-0.12,15.56,59.13,77.81,-0.5,1.0,-0.25,6,4
1772047970.082175,5308663,0.74,0.04,-0.04,-168.37,-69.94,39.44,21.87,-12.25,-2.25,-0.09,0.0,0.09,15.44,59.06,77.94,-0.62,2.37,1.12,6,3
1772047970.273223,5308854,-0.54,-0.37,-0.11,-170.69,-71.44,45.19,22.25,0.25,1.69,-0.06,0.06,-0.11,15.69,59.19,78.12,-1.31,0.0,-0.37,5,3
1772047970.463919,5309045,-0.35,0.19,-0.02,179.56,-71.06,46.88,-23.81,-3.31,-22.25,-0.08,-0.23,0.21,16.25,59.13,78.06,-1.75,4.19,4.25,6,3
1772047970.653995,5309235,0.1,0.02,0.09,-178.56,-70.94,47.44,24.0,-4.06,22.37,-0.14,-0.03,0.03,16.5,59.06,78.12,-0.19,0.13,-0.31,5,3
1772047970.845194,5309427,0.06,0.0,0.0,-174.75,-71.0,49.56,10.19,-1.56,5.31,-0.1,0.03,0.01,16.37,59.06,78.19,-0.69,-0.06,-0.56,6,3
1772047971.035787,5309617,0.08,-0.25,0.11,-172.94,-69.75,52.31,20.31,3.56,12.13,-0.03,0.02,0.07,16.25,59.0,78.25,-0.06,-1.94,-1.75,6,3
1772047971.226988,5309808,0.16,0.18,0.12,-179.25,-70.62,54.25,-20.75,-12.0,-30.69,0.05,0.0,0.02,16.31,59.0,78.19,-1.0,-2.62,0.19,6,3
1772047971.416963,5309998,-0.34,-0.05,0.15,172.94,-72.62,55.06,7.5,-4.31,6.0,-0.06,0.04,-0.08,16.69,59.06,78.19,0.19,0.81,1.0,6,3
1772047971.608002,5310189,-0.12,-0.14,0.04,174.19,-73.0,54.13,-18.44,-1.44,-4.06,-0.11,-0.03,-0.06,16.81,59.06,78.19,-0.56,-0.37,0.06,6,3
1772047971.798606,5310380,-0.06,0.11,0.14,175.69,-72.94,50.69,-10.0,0.0,1.81,-0.09,0.1,0.0,16.69,59.13,78.19,0.81,-0.06,-0.62,5,2
1772047971.989415,5310571,0.0,0.22,0.08,179.75,-72.87,47.81,-7.44,2.25,3.81,-0.1,0.09,-0.03,16.56,59.13,78.12,0.0,-0.94,-0.13,5,3
1772047972.180073,5310762,0.13,0.07,0.05,-177.19,-72.5,45.94,-1.37,1.19,2.75,-0.07,0.03,0.05,16.5,59.19,78.12,0.25,0.13,0.19,5,3
1772047972.37067,5310952,0.1,0.14,0.01,-173.69,-71.69,45.0,21.31,12.06,32.0,0.16,-0.09,0.07,16.81,58.94,77.94,-0.75,2.81,0.75,5,3
1772047972.56167,5311143,-0.31,-0.34,0.47,-165.56,-71.56,42.56,-49.63,-8.19,-31.37,-0.05,0.17,-0.11,16.62,58.88,78.0,1.62,-3.81,-0.75,5,4
1772047972.752225,5311334,0.0,0.46,0.36,-164.94,-72.06,38.94,32.75,7.19,38.94,-0.15,-0.02,0.0,16.37,58.88,78.06,0.44,0.06,-3.0,5,3
1772047972.943195,5311524,-0.23,1.38,0.36,-166.25,-71.5,40.06,-2.94,-7.5,-3.31,-0.02,-0.2,0.21,16.19,58.75,77.94,0.25,-0.5,0.56,4,4
1772047973.134349,5311715,-0.09,-0.65,-0.06,-162.12,-71.19,44.13,-13.75,-5.87,-32.44,-0.05,0.2,-0.08,15.81,58.94,78.19,-0.25,-2.94,0.0,3,4
1772047973.324781,5311906,-0.1,-0.61,-0.01,-166.81,-72.56,45.81,0.81,-7.31,-4.5,-0.12,0.16,-0.13,16.25,58.94,78.12,-2.19,-3.62,-0.56,3,4
1772047973.514826,5312096,0.13,-0.31,0.07,-169.56,-73.06,46.81,2.44,1.0,0.75,-0.19,0.13,-0.21,16.44,59.0,78.12,-0.5,0.0,0.37,3,4
1772047973.705329,5312287,0.0,-0.03,0.09,-169.56,-73.12,46.94,7.37,-2.5,6.25,-0.09,0.07,0.02,16.37,59.06,78.12,0.25,-0.56,-1.19,3,4
1772047973.896461,5312478,0.13,0.05,0.03,-168.31,-72.94,46.75,-5.75,2.06,-0.44,-0.09,0.01,-0.02,16.31,59.06,78.12,0.25,0.0,0.44,4,3
1772047974.087391,5312669,0.09,0.03,0.01,-168.06,-72.81,45.81,-2.81,0.19,-1.5,-0.06,0.01,0.08,16.31,58.94,78.06,0.81,1.5,1.12,4,3
1772047974.277962,5312859,0.11,0.05,0.07,-167.75,-72.81,45.25,-3.12,0.75,0.62,-0.06,0.0,0.0,16.37,58.88,77.94,-0.31,-0.75,-0.31,4,4
1772047974.468847,5313050,0.11,-0.41,0.08,-167.69,-73.0,43.75,-28.06,-2.12,-10.81,-0.17,0.05,-0.03,16.44,58.88,77.87,0.06,-1.25,1.0,4,3
1772047974.659771,5313241,0.03,0.59,0.13,-169.19,-73.31,39.06,-3.75,2.81,2.12,-0.01,0.03,-0.11,16.56,58.75,77.69,-0.06,-0.44,-1.12,4,3
1772047974.850298,5313432,-0.95,0.09,-0.18,-166.62,-72.19,39.0,2.25,16.31,0.19,-0.03,0.06,0.05,16.44,58.81,77.87,-1.0,-0.37,0.69,4,3
1772047975.041059,5313623,0.18,0.13,0.31,-174.19,-65.06,40.13,-4.37,31.75,-12.88,0.0,-0.06,0.08,16.69,58.81,77.75,1.37,0.56,1.69,5,3
1772047975.232128,5313813,-0.25,0.29,0.61,-179.56,-63.0,39.94,-15.69,-4.44,-13.13,-0.38,0.0,-0.23,17.37,59.44,77.75,-4.69,-0.19,8.5,5,3
1772047975.422495,5314004,0.28,0.52,0.09,176.62,-63.81,42.06,17.56,-1.37,-20.37,-0.21,-0.02,0.21,18.94,59.44,77.31,-1.19,-0.56,-2.37,6,4
1772047975.612583,5314194,0.31,-0.45,0.05,166.19,-64.62,53.31,42.56,-2.87,12.5,-0.33,0.25,-0.15,18.62,59.56,77.75,-3.5,9.06,7.5,6,4
1772047975.803103,5314384,0.07,-0.54,-0.01,165.19,-67.56,58.19,14.31,-14.31,5.44,0.08,-0.06,-0.03,19.69,59.38,77.5,-1.44,-0.5,-0.69,5,4
1772047975.994812,5314576,0.0,-0.38,-0.07,161.81,-68.94,57.56,-21.62,-1.94,-10.19,-0.24,0.1,-0.26,19.5,59.38,77.44,2.0,0.37,0.75,5,4
1772047976.185421,5314767,-0.31,0.6,0.12,165.44,-71.56,49.56,-24.25,-16.12,12.25,-0.12,-0.04,-0.06,19.19,59.25,77.31,2.94,-0.13,-1.94,5,4
1772047976.376167,5314958,-0.06,0.17,0.08,175.87,-73.75,44.19,-1.0,-5.0,17.75,-0.03,0.14,-0.05,18.06,59.31,77.56,3.25,-0.81,-2.06,5,4
1772047976.567238,5315148,-0.12,0.27,0.2,-174.19,-74.69,40.44,-8.5,-4.81,9.13,-0.09,0.05,0.02,17.62,59.38,77.69,-0.25,-2.19,-1.37,5,4
1772047976.757554,5315339,0.02,0.54,0.09,-166.87,-74.37,38.75,21.12,5.62,6.31,-0.06,-0.02,-0.08,17.56,59.44,77.62,-0.5,0.94,0.13,4,5
1772047976.948855,5315530,0.09,-0.49,-0.06,-170.06,-73.56,45.13,22.31,-0.44,-1.19,-0.26,0.07,-0.01,17.56,59.25,77.62,-1.0,-1.75,0.19,3,4
1772047977.139061,5315720,0.16,-0.33,-0.06,-176.25,-73.12,48.88,3.81,2.5,-1.0,-0.09,-0.02,-0.08,17.75,59.13,77.56,-0.81,-0.06,0.25,4,4
1772047977.329598,5315911,0.02,-0.16,0.0,-176.5,-72.94,49.25,-0.25,0.06,0.44,-0.11,-0.01,-0.09,17.87,59.06,77.44,0.25,0.62,0.13,2,3
1772047977.520787,5316102,0.08,-0.6,-0.04,-175.69,-73.19,48.19,-13.81,-2.56,0.44,-0.1,0.09,0.0,17.75,59.0,77.37,-0.31,-0.81,-0.56,2,3
1772047977.710366,5316292,-0.1,0.64,0.14,-173.37,-74.25,41.94,-25.81,-3.06,-2.5,-0.14,0.02,-0.04,17.75,59.25,77.37,1.62,-0.81,-0.81,2,3
1772047977.901588,5316483,-0.06,0.16,0.16,-168.5,-74.5,39.5,2.44,-0.75,2.62,-0.09,0.1,-0.04,17.44,59.31,77.44,1.06,0.25,1.0,2,3
1772047978.092597,5316674,-0.09,0.3,0.07,-167.69,-73.94,40.56,22.69,7.87,2.5,-0.04,-0.05,0.08,17.31,59.19,77.37,-0.31,0.81,-1.37,4,3
1772047978.283355,5316865,0.23,-0.41,-0.07,-173.75,-71.81,46.56,11.81,7.94,-2.94,-0.01,0.02,0.01,17.31,59.25,77.5,-0.81,0.37,1.56,3,3
1772047978.474077,5317056,0.07,-0.26,-0.01,-176.87,-71.56,48.31,1.0,-0.81,0.19,0.01,-0.07,0.0,17.56,59.25,77.44,0.0,-0.13,0.25,3,3
1772047978.663725,5317245,0.04,-0.29,-0.09,-176.87,-71.62,47.69,-9.0,-2.37,-0.75,0.23,0.14,-0.36,17.56,59.25,77.44,0.25,0.13,-0.5,7,2
1772047978.855453,5317437,-0.16,0.47,0.86,-179.56,-68.12,44.19,-43.19,-19.31,1.44,-0.43,-0.5,1.04,19.44,57.56,76.5,-3.75,1.94,13.56,8,2
1772047979.046281,5317628,-1.39,0.74,1.12,-177.62,-64.19,35.69,-27.5,53.5,-18.81,-0.08,0.24,-0.29,22.5,58.69,75.69,-2.12,-2.0,7.56,8,3
1772047979.236496,5317818,-0.08,0.22,0.03,-178.75,-55.56,35.69,16.37,28.12,6.75,0.04,0.0,0.5,23.19,57.25,75.06,0.25,23.06,17.81,8,3
1772047979.426052,5318008,0.93,0.0,0.13,177.56,-46.56,43.06,22.19,44.63,4.81,0.0,0.42,-0.12,24.5,57.06,74.87,-12.25,-1.37,2.0,9,4
1772047979.616258,5318198,1.07,-0.35,-0.32,174.0,-40.63,42.81,30.62,19.37,12.63,-0.01,-0.1,0.07,25.5,54.94,74.87,2.19,10.75,-0.37,10,5
1772047979.80917,5318390,0.73,0.0,-0.1,171.62,-40.06,44.5,-1.87,-7.19,-0.25,-0.06,-0.24,0.17,25.31,54.44,74.87,-6.12,-11.44,-4.19,11,6
1772047979.999798,5318581,0.53,0.21,0.23,170.75,-42.88,44.88,16.31,-33.94,6.5,0.02,0.2,-0.19,24.5,55.81,77.19,-1.31,-2.94,-16.56,9,6
1772047980.190741,5318772,-0.23,-0.26,0.52,168.87,-49.75,67.25,6.5,-27.06,21.69,-0.05,0.06,-0.18,21.94,56.88,78.12,2.37,-3.44,-2.69,10,6
1772047980.38146,5318963,-0.04,-0.22,0.24,172.19,-54.13,61.69,-9.81,-20.87,11.0,-0.11,0.12,0.02,21.5,57.13,78.37,0.06,-1.25,-0.37,9,6
1772047980.570808,5319152,0.35,0.54,0.27,-176.12,-57.31,46.38,-40.13,-14.94,20.62,-0.01,-0.31,0.0,21.75,56.75,77.94,4.0,1.25,-0.5,6,6
1772047980.762589,5319344,0.51,0.0,0.22,-167.87,-60.06,37.25,-12.56,-24.75,8.19,-0.06,0.05,0.01,20.5,56.94,78.06,2.87,0.0,-1.75,7,6
1772047980.953532,5319535,0.02,0.06,0.42,-160.06,-65.06,32.75,-21.0,-29.31,1.69,-0.08,0.09,0.1,19.69,57.13,78.06,1.56,0.75,-0.37,8,6
1772047981.144543,5319726,0.08,0.2,0.37,-153.0,-68.87,28.75,-12.69,-13.5,-4.56,-0.05,0.04,-0.08,19.37,57.38,78.06,0.37,0.37,0.5,8,6
1772047981.33531,5319917,-0.1,0.1,0.3,-150.25,-70.94,28.25,1.75,-5.12,-2.62,-0.06,0.05,-0.03,19.31,57.44,78.0,0.5,0.37,0.62,7,5
1772047981.526181,5320107,0.05,-0.07,0.12,-150.56,-71.44,29.5,4.5,-1.06,-0.62,-0.1,0.08,-0.05,19.37,57.44,78.0,-0.75,-0.37,-0.44,7,4
1772047981.717089,5320298,0.01,-0.1,0.09,-151.06,-71.75,30.44,2.0,0.69,-2.12,-0.01,0.11,-0.09,19.44,57.63,78.06,-0.44,-1.56,-0.94,8,3
1772047981.907573,5320489,0.01,0.11,0.15,-152.75,-71.87,30.87,-0.19,2.37,-2.81,-0.1,-0.03,0.04,19.5,57.69,78.06,-0.88,-0.44,0.19,9,3
1772047982.098363,5320680,0.17,-0.33,0.07,-152.37,-70.87,34.0,33.69,-1.37,14.19,-0.03,0.11,0.0,19.31,57.69,78.19,-0.06,-0.25,-0.81,8,4
1772047982.289202,5320871,0.1,-0.25,-0.02,-155.5,-71.06,37.94,-1.69,0.13,-4.0,-0.01,-0.04,0.07,19.44,57.69,78.12,0.31,1.19,1.62,10,4
1772047982.480051,5321061,0.12,-0.19,0.12,-157.62,-71.81,36.88,-25.44,-4.25,-15.13,-0.06,0.03,-0.05,19.56,57.75,78.06,0.31,0.06,0.81,9,4
1772047982.670659,5321252,0.09,0.22,0.15,-159.12,-72.87,34.06,-4.81,0.44,-2.06,-0.11,0.06,-0.07,19.62,57.75,78.0,0.13,0.06,-0.5,8,3
1772047982.861108,5321443,0.03,0.31,0.13,-157.5,-72.62,34.25,12.69,1.44,7.19,-0.05,0.03,0.0,19.44,57.75,77.94,3.12,2.87,3.0,6,4
1772047983.051805,5321634,0.22,-0.19,-0.04,-155.69,-71.44,38.13,28.06,3.25,4.94,0.0,0.04,-0.01,19.31,57.63,77.94,1.94,1.31,0.13,6,4
1772047983.241516,5321823,0.0,-0.23,-0.02,-161.12,-71.69,42.25,0.31,0.25,-5.94,-0.05,0.09,0.06,19.44,57.63,78.0,-1.37,-0.69,1.0,6,4
1772047983.432718,5322014,0.11,-0.18,-0.01,-164.37,-72.0,42.75,-4.19,-1.56,-5.81,-0.01,-0.01,-0.06,19.69,57.63,77.87,-0.13,-0.25,0.06,6,5
1772047983.624065,5322206,-0.02,-0.12,0.01,-166.37,-72.94,41.75,-17.87,-3.25,-8.5,-0.16,0.04,-0.05,19.69,57.63,77.81,0.75,1.25,0.56,5,5
1772047983.814799,5322397,0.06,0.12,0.1,-165.06,-73.19,39.38,-2.75,-2.44,4.12,-0.11,0.06,-0.08,19.56,57.69,77.87,0.25,0.19,-0.44,4,5
1772047984.005905,5322587,0.1,0.05,0.07,-162.94,-73.25,38.38,-1.12,-0.06,0.94,-0.11,0.04,-0.03,19.56,57.63,77.87,-0.25,0.69,0.56,4,4
1772047984.196398,5322778,0.1,0.01,0.05,-162.56,-73.31,38.25,0.75,-0.06,0.25,-0.02,0.03,-0.01,19.56,57.63,77.87,0.06,0.0,0.25,3,4
1772047984.387728,5322970,0.0,0.02,0.08,-162.06,-73.37,38.19,-0.5,-0.06,-0.31,0.0,0.05,-0.02,19.56,57.69,77.87,0.62,0.0,0.19,3,4
1772047984.578998,5323161,-0.02,0.14,0.11,-161.94,-73.19,38.19,1.62,1.75,1.56,-0.05,-0.09,0.19,19.62,57.5,77.81,-1.12,1.94,0.62,3,4
1772047984.769723,5323352,0.18,-0.02,0.02,-162.56,-72.37,39.31,9.06,2.0,1.5,-0.02,0.07,0.0,19.56,57.5,77.81,-0.31,0.44,-0.5,3,4
1772047984.960141,5323542,0.03,-0.16,-0.02,-162.87,-72.12,40.63,2.0,2.31,-0.19,-0.11,0.09,0.0,19.56,57.44,77.81,-0.56,-0.81,-0.69,4,4
1772047985.150376,5323732,0.2,-0.14,0.03,-163.25,-71.62,40.56,0.31,-0.06,0.75,-0.05,0.02,0.13,19.56,57.56,77.81,0.13,1.12,0.5,4,4
1772047985.342271,5323924,0.09,0.04,-0.01,-163.12,-71.37,40.13,-0.56,4.25,0.37,-0.17,0.09,-0.03,19.56,57.56,77.81,-0.06,-0.62,-0.44,4,3
1772047985.534328,5324116,0.04,-0.04,0.04,-163.75,-71.25,39.38,-13.88,-3.5,-5.06,0.0,0.0,0.02,19.56,57.5,77.81,0.06,-0.25,0.19,4,3
1772047985.726609,5324308,0.08,0.13,0.06,-163.06,-71.69,37.44,-2.56,-0.31,0.0,0.03,0.0,0.03,19.56,57.56,77.75,0.5,-0.56,-0.31,4,3
1772047985.919845,5324502,0.12,0.0,0.05,-162.87,-71.69,37.38,-0.62,-0.19,-0.06,-0.06,0.02,0.07,19.5,57.56,77.81,-0.25,0.56,0.06,3,3
1772047986.112196,5324694,-0.17,0.05,0.09,-162.31,-71.75,37.25,-0.44,-1.75,0.25,-0.03,0.01,0.01,19.5,57.69,77.81,-0.25,0.56,0.25,4,3
1772047986.303673,5324885,0.11,-0.1,0.05,-162.12,-71.94,37.31,0.62,0.5,0.37,-0.02,0.05,0.02,19.5,57.69,77.87,-0.81,-0.37,-0.56,5,3
1772047986.492807,5325075,0.04,0.01,0.09,-161.69,-71.94,37.13,0.37,-1.06,0.56,-0.18,0.1,0.04,19.5,57.81,77.94,0.5,0.56,0.81,5,3
1772047986.685122,5325267,0.26,0.04,0.0,-161.94,-71.56,37.25,3.0,3.31,-0.44,-0.02,0.01,0.0,19.69,57.63,77.69,0.81,1.37,0.37,4,3
1772047986.876575,5325459,0.03,0.0,0.0,-163.19,-71.44,38.13,0.81,0.75,0.0,-0.07,0.04,0.05,19.62,57.56,77.62,0.44,1.0,0.75,4,3
1772047987.068248,5325650,0.18,0.03,0.0,-163.31,-71.31,38.13,-0.37,-1.19,0.0,-0.05,0.08,0.02,19.62,57.63,77.62,0.37,0.56,0.56,5,3
1772047987.258614,5325841,0.09,0.0,0.08,-162.94,-71.69,38.0,-1.5,-1.5,0.0,-0.01,0.01,-0.01,19.62,57.56,77.56,0.19,0.0,0.0,4,2
1772047987.450907,5326032,0.07,-0.06,0.04,-162.56,-71.94,37.81,-2.5,-3.37,-0.81,-0.07,0.04,0.0,19.62,57.63,77.56,-0.44,-0.56,-0.62,4,2
1772047987.642826,5326224,0.1,0.01,0.05,-162.25,-72.06,37.31,-1.44,0.44,0.56,-0.13,0.05,-0.03,19.56,57.69,77.69,-0.88,-2.44,-1.75,4,2
1772047987.835148,5326417,0.02,0.08,0.1,-161.75,-72.06,37.0,-0.56,0.5,1.0,-0.09,0.08,0.04,19.62,57.69,77.75,-1.19,-1.31,-0.62,5,2
1772047988.025369,5326607,0.18,-0.05,0.01,-162.75,-71.62,37.44,2.37,5.06,-2.12,-0.02,0.06,-0.03,19.81,57.69,77.62,0.5,-0.19,0.06,4,3
1772047988.21858,5326800,0.08,-0.04,0.05,-163.87,-71.5,38.06,-1.0,-0.94,-0.31,-0.12,0.05,0.01,19.75,57.63,77.56,1.31,-0.81,0.06,4,2
1772047988.411273,5326993,-0.06,0.02,0.03,-164.5,-71.06,38.19,2.19,10.44,-0.19,-0.08,0.09,-0.03,19.62,57.69,77.5,0.62,0.94,0.75,4,2
1772047988.601529,5327183,-0.19,0.15,-0.12,-168.81,-68.19,39.19,6.81,26.87,-7.81,0.03,0.02,0.11,19.62,57.88,77.5,0.56,-1.25,-0.44,6,3
1772047988.793634,5327375,0.75,-0.25,0.66,-174.87,-62.13,43.38,13.63,19.37,4.44,-0.84,0.01,-0.16,20.19,57.75,77.62,-3.06,8.56,10.38,6,3
1772047988.985949,5327568,0.49,-0.11,-0.32,-175.94,-61.75,44.31,-3.81,-15.44,-5.62,0.03,-0.34,0.67,22.06,58.31,77.12,-1.31,6.44,10.75,6,3
1772047989.176669,5327758,-0.1,-0.25,-0.12,-177.44,-64.87,44.63,-5.87,-21.06,-3.06,-0.28,0.0,-0.17,23.06,58.81,77.0,-3.94,12.94,8.56,6,4
1772047989.366075,5327948,0.77,-0.22,0.14,-175.62,-69.56,42.69,-2.56,-28.25,0.62,0.13,0.35,-0.43,21.87,59.63,77.62,1.87,-4.56,-7.0,8,4
1772047989.557668,5328139,-0.19,0.27,0.29,-174.87,-74.81,39.31,-19.94,-8.44,-1.56,-0.13,0.1,-0.12,20.87,59.75,77.75,2.75,-1.87,-2.62,9,4
1772047989.749059,5328331,-0.27,0.27,0.27,-166.69,-75.62,36.25,1.75,0.94,10.19,-0.16,-0.07,0.05,19.87,59.88,77.94,1.75,2.75,0.31,9,4
1772047989.9405,5328523,0.11,-0.07,0.0,-163.62,-74.06,35.63,2.75,9.81,5.06,-0.1,0.25,0.03,19.25,59.81,78.06,1.37,0.13,-0.75,9,4
1772047990.130361,5328712,0.29,0.38,0.08,-161.5,-72.12,35.44,18.69,10.44,8.69,-0.07,0.07,-0.06,19.56,59.56,77.87,1.5,2.56,1.5,8,5
1772047990.320215,5328902,0.09,-0.39,-0.04,-165.06,-70.87,39.88,11.81,6.06,-2.87,0.02,0.06,0.2,19.44,59.13,77.69,0.31,1.56,0.94,9,4
1772047990.512082,5329094,0.2,-0.23,-0.06,-168.69,-70.19,42.0,2.0,-0.06,0.19,-0.09,0.0,0.1,19.69,58.75,77.44,1.12,1.87,1.19,7,4
1772047990.704489,5329286,0.1,-0.09,-0.01,-168.81,-70.5,42.25,-2.37,-4.94,0.13,-0.04,0.08,-0.03,19.69,58.5,77.31,0.69,0.69,-0.06,7,4
1772047990.895732,5329478,0.25,-0.26,0.0,-167.69,-71.62,41.44,-12.25,-12.06,-2.0,0.02,0.03,0.06,19.5,58.38,77.25,0.56,0.44,-0.37,10,3
1772047991.085097,5329667,0.03,0.25,0.12,-167.19,-73.5,38.75,-10.5,-4.5,-3.44,0.04,0.03,0.01,19.37,58.44,77.25,0.88,0.5,0.31,13,3
1772047991.274824,5329857,0.03,0.02,0.1,-165.06,-74.0,38.0,0.88,-2.06,1.37,-0.11,0.11,-0.03,19.25,58.69,77.37,-0.44,-2.25,-1.12,11,2
1772047991.467213,5330049,-0.04,0.1,0.06,-164.94,-74.37,38.31,2.75,-1.56,-1.12,-0.08,0.04,0.05,19.25,58.81,77.44,-0.13,0.0,-0.44,12,2
1772047991.658305,5330240,-0.2,0.24,0.1,-174.37,-75.37,43.75,32.25,-0.06,-23.0,-0.06,0.31,0.02,18.5,59.0,77.62,0.37,-0.37,-3.62,12,2
1772047991.849298,5330431,0.09,-0.56,-0.14,172.0,-75.06,51.88,6.56,1.19,-3.94,-0.07,0.05,0.06,18.5,59.0,77.81,-1.37,-1.37,1.75,13,2
1772047992.039307,5330621,0.02,-0.08,-0.01,168.06,-75.12,52.13,-10.94,-6.69,-4.81,-0.05,-0.04,-0.09,19.06,59.13,77.69,-0.81,-0.88,0.81,13,2
1772047992.229131,5330811,-0.15,-0.05,0.19,166.37,-76.0,51.44,2.0,-2.06,0.06,-0.08,-0.04,0.08,19.06,59.13,77.62,-0.37,-0.62,-1.56,15,2
1772047992.420816,5331003,-0.1,0.07,-0.05,167.56,-75.87,51.06,-2.87,3.12,2.62,-0.13,0.03,0.05,18.44,59.25,77.81,1.5,-0.69,-1.56,14,2
1772047992.611747,5331194,0.03,0.09,-0.03,169.44,-75.12,50.63,0.62,5.06,-0.19,-0.06,0.04,0.05,18.19,59.25,77.81,-0.62,0.44,-0.37,14,2
1772047992.802767,5331385,-0.01,0.0,0.09,169.81,-74.5,51.06,0.19,3.0,1.12,-0.07,0.04,-0.03,18.19,59.13,77.81,-0.69,-0.13,-0.19,11,2
1772047992.992359,5331574,0.14,0.08,-0.01,171.44,-73.81,51.06,5.12,3.81,2.06,-0.04,0.05,-0.04,18.31,59.06,77.75,-0.25,0.13,0.0,8,2
1772047993.18179,5331764,-0.01,-0.03,0.04,172.37,-73.12,51.63,0.81,5.31,1.62,-0.05,0.01,0.01,18.25,58.94,77.75,0.5,1.37,0.62,8,3
1772047993.373902,5331956,0.12,-0.01,-0.01,173.37,-72.19,51.44,-0.44,4.12,0.37,-0.06,0.02,0.03,18.19,58.75,77.75,0.25,1.0,0.0,7,3
1772047993.564838,5332147,0.02,0.07,-0.05,173.62,-71.5,51.38,0.5,4.75,0.37,-0.05,0.0,0.07,18.12,58.63,77.75,0.0,0.62,0.5,8,3
1772047993.756042,5332338,0.09,-0.04,0.01,174.25,-70.19,51.56,-0.19,8.88,0.0,-0.08,0.02,0.0,18.25,58.69,77.69,-0.19,0.06,0.37,6,3
1772047993.94631,5332528,-0.02,-0.02,0.08,175.0,-67.75,51.5,-0.56,19.37,1.06,-0.03,0.03,-0.01,18.25,58.69,77.75,-0.13,0.69,-0.25,7,3
1772047994.135741,5332718,0.26,-0.05,0.08,176.81,-64.5,50.81,-2.44,12.19,3.75,-0.02,0.09,-0.04,18.06,58.69,77.81,0.81,1.37,-0.19,5,3
1772047994.327763,5332910,1.92,-0.2,-0.18,179.44,-62.38,48.0,-23.62,2.56,3.87,-0.3,-0.89,0.98,19.62,57.44,77.12,3.75,20.5,19.0,6,4
1772047994.519303,5333101,-0.8,0.17,0.28,-177.31,-64.5,43.38,-8.63,-9.19,-1.94,-0.93,0.23,-0.21,19.69,58.0,77.19,-1.87,-1.25,-2.81,7,4
1772047994.70992,5333292,0.15,0.02,0.33,-177.19,-66.31,42.38,-6.75,-4.06,-9.5,-0.01,0.03,-0.42,19.19,58.06,77.12,0.37,3.62,-2.0,7,4
1772047994.899837,5333482,-0.03,0.08,0.07,-176.06,-68.81,43.06,21.19,-9.0,16.06,0.05,0.04,0.25,17.5,58.25,77.94,2.44,1.06,-3.37,7,4
1772047995.089819,5333672,-0.13,0.01,0.24,-173.37,-70.19,45.63,6.31,-2.37,0.5,-0.01,-0.06,0.13,17.12,58.31,78.06,-0.81,3.37,2.87,6,3
1772047995.281687,5333864,0.22,-0.18,-0.12,-177.81,-69.94,48.44,7.44,-3.44,-4.94,-0.11,-0.04,0.22,16.94,58.56,78.25,0.19,2.0,1.56,6,3
1772047995.472748,5334055,0.34,-0.3,-0.18,179.87,-70.25,49.44,-10.5,-7.69,-2.56,0.0,0.0,-0.04,17.31,58.5,78.0,-0.25,-0.81,1.12,6,3
1772047995.66349,5334245,-0.06,-0.09,0.11,179.62,-72.19,46.88,-13.69,-14.88,-4.5,-0.11,0.0,0.06,17.37,58.63,77.94,0.75,-0.88,-0.19,7,3
1772047995.85348,5334435,-0.1,0.2,0.15,-178.5,-74.25,44.25,-5.56,-5.12,2.06,-0.08,0.07,0.02,17.25,58.69,77.94,1.0,-1.0,-0.94,8,3
1772047996.044001,5334626,-0.02,0.06,0.09,-175.25,-74.75,42.75,-3.94,-1.62,3.37,-0.08,0.03,0.04,17.12,58.69,77.94,-0.06,0.69,0.44,8,3
1772047996.237288,5334817,0.03,0.15,0.05,-173.0,-74.81,41.5,0.06,-0.75,0.5,-0.11,0.07,-0.04,17.12,58.75,77.94,-0.13,0.06,-0.06,7,3
1772047996.426115,5335008,0.02,0.04,0.09,-172.81,-74.81,41.5,0.44,1.37,0.25,-0.06,0.01,0.02,17.12,58.75,77.94,0.13,-0.31,0.06,7,3
1772047996.616822,5335199,0.0,0.03,0.02,-173.12,-74.5,41.75,1.87,1.25,-0.13,-0.04,0.02,-0.03,17.12,58.69,77.94,0.69,1.0,0.44,7,3
1772047996.807022,5335389,0.1,0.07,0.09,-173.69,-74.12,42.31,3.56,3.0,0.25,0.0,0.13,-0.15,17.12,58.75,77.87,2.5,-0.37,0.62,8,3
1772047996.997586,5335580,0.06,0.11,0.0,-174.94,-73.81,43.44,5.0,6.19,-1.31,-0.06,0.0,0.01,17.12,58.63,77.81,-0.06,0.31,0.69,10,4
1772047997.188861,5335771,0.1,-0.01,0.03,-176.87,-73.12,45.19,4.94,0.69,0.5,-0.13,0.04,-0.03,17.25,58.56,77.69,0.13,0.0,0.69,9,4
1772047997.380173,5335962,0.11,0.01,0.01,-178.12,-72.81,46.88,9.31,3.81,-0.94,0.0,0.08,-0.07,17.37,58.38,77.56,-0.81,-1.06,-0.19,9,5
1772047997.570957,5336153,-0.07,-0.02,0.02,-179.81,-72.75,49.0,8.38,-0.81,-1.12,-0.07,-0.03,0.12,17.62,58.19,77.37,1.37,-0.62,1.94,8,4
1772047997.761318,5336343,0.24,-0.06,-0.03,176.31,-72.44,51.31,4.19,-1.44,-4.69,-0.08,0.01,-0.06,18.0,58.25,77.31,-0.62,-1.5,1.0,9,4
1772047997.951816,5336534,-0.12,-0.13,0.04,173.06,-73.0,52.81,2.19,-0.31,-3.31,0.0,0.08,0.01,18.12,58.31,77.25,-1.06,-1.19,-1.31,8,4
1772047998.14311,5336725,0.09,-0.03,0.0,172.37,-72.94,53.19,-0.5,-0.06,-1.06,-0.06,0.07,-0.02,18.0,58.38,77.31,-0.81,0.13,-1.0,8,4
1772047998.333606,5336916,0.0,-0.03,0.03,172.37,-73.0,53.31,-0.25,0.69,-1.0,-0.04,0.0,0.01,18.06,58.44,77.37,-0.13,0.75,0.13,7,4
1772047998.524308,5337106,0.02,-0.09,0.02,172.12,-72.94,53.44,0.37,0.94,0.69,-0.07,0.0,-0.09,17.94,58.5,77.5,0.0,-0.13,-0.25,7,4
1772047998.714586,5337297,0.06,-0.11,0.02,172.19,-72.69,53.5,0.31,1.12,0.94,-0.05,0.03,-0.05,17.87,58.63,77.5,-0.25,-0.44,-0.5,7,4
1772047998.905652,5337488,0.08,-0.07,0.0,172.5,-72.44,53.38,-1.06,0.44,0.37,-0.08,-0.01,0.04,17.94,58.56,77.56,-0.44,1.62,0.81,5,2
1772047999.096439,5337679,-0.03,-0.17,0.02,172.5,-72.44,53.38,2.0,-0.44,0.31,-0.16,0.04,0.02,17.94,58.56,77.56,0.5,0.13,0.19,6,3
1772047999.287495,5337870,0.05,-0.05,0.01,172.81,-72.31,53.13,1.56,0.31,0.19,-0.12,0.11,-0.08,17.87,58.63,77.56,-0.5,-0.25,-0.69,6,2
1772047999.478406,5338060,0.05,0.02,-0.04,173.0,-72.19,53.06,-0.69,1.75,-0.69,-0.14,0.09,-0.07,17.87,58.56,77.56,-0.37,-1.5,-1.12,6,3
1772047999.668671,5338251,0.01,-0.05,0.04,173.12,-72.19,53.0,-0.75,-1.19,-0.88,-0.11,0.04,0.01,17.87,58.56,77.56,-0.44,-0.37,-0.37,4,3
1772047999.859745,5338442,0.09,-0.07,-0.02,173.0,-72.12,53.0,-0.19,0.75,-1.0,-0.05,0.02,0.0,17.87,58.63,77.56,-0.5,0.19,-0.06,4,3
1772048000.050521,5338632,-0.04,-0.08,0.05,173.12,-72.25,52.94,1.06,-0.69,-0.56,-0.12,0.07,-0.02,17.87,58.56,77.62,-0.25,-0.25,-0.19,4,3
1772048000.241257,5338823,0.06,-0.02,0.0,173.25,-72.19,52.88,-0.31,1.19,0.19,-0.05,0.0,0.01,17.87,58.63,77.56,-0.25,-0.62,-0.44,4,3
1772048000.431953,5339014,0.0,0.04,-0.02,173.62,-72.12,53.19,7.81,0.13,6.62,-0.05,0.07,-0.02,17.87,58.56,77.56,-0.56,0.13,-0.25,4,2
1772048000.622206,5339204,0.06,-0.03,0.04,179.56,-72.19,54.5,27.62,-0.5,26.5,-0.09,0.04,-0.1,17.81,58.56,77.62,0.06,-0.69,-1.19,4,3
1772048000.812929,5339395,0.01,-0.2,0.03,-171.69,-71.87,56.19,18.94,4.06,20.87,-0.02,0.0,-0.01,17.69,58.44,77.62,-0.69,-0.44,-0.94,4,3
1772048001.003194,5339585,0.23,-0.5,-0.06,-164.19,-70.0,56.38,11.94,6.44,28.06,-0.03,0.0,0.0,17.5,58.31,77.69,0.88,1.5,-0.06,3,3
1772048001.194954,5339777,0.27,-0.3,-0.03,-156.06,-67.62,53.19,-4.19,5.94,16.06,-0.14,0.02,-0.01,17.0,58.06,77.62,0.56,0.88,-1.37,4,3
1772048001.38547,5339968,0.25,-0.18,0.02,-151.87,-66.06,48.94,-10.44,4.94,5.37,-0.06,0.13,-0.05,16.31,58.19,78.06,-0.37,0.75,-1.94,4,3
1772048001.575771,5340158,0.16,0.01,-0.02,-149.87,-65.19,44.81,-15.75,6.12,-2.31,0.0,0.08,0.09,15.75,58.0,78.19,1.19,2.37,-0.62,4,3
1772048001.766445,5340349,0.46,0.01,-0.02,-150.06,-64.19,41.56,-10.06,5.31,-3.75,-0.04,0.07,0.06,15.44,57.88,78.25,0.94,2.0,0.69,4,3
1772048001.957619,5340540,0.38,0.04,0.05,-150.62,-64.25,40.25,-2.06,1.62,-6.12,-0.05,0.07,-0.02,15.44,57.75,78.19,-0.06,-0.69,0.25,4,3
1772048002.148641,5340731,0.04,0.02,0.03,-152.81,-65.37,41.5,-0.75,-3.12,-8.81,-0.11,0.03,0.0,15.69,57.75,78.12,-1.0,-0.69,0.69,4,3
1772048002.339177,5340921,0.18,-0.1,0.05,-154.62,-66.12,43.13,3.5,-3.5,-4.06,0.01,0.04,0.0,15.81,57.81,78.12,0.13,0.31,-0.13,5,2
1772048002.529868,5341112,0.19,-0.08,0.01,-155.25,-66.75,44.63,4.62,-3.37,0.0,-0.09,0.07,-0.05,15.81,57.88,78.12,-0.19,-0.44,-0.44,6,2
1772048002.720273,5341303,0.15,-0.02,0.04,-155.94,-67.37,46.56,5.81,-3.37,0.0,-0.02,0.03,0.04,15.81,57.81,78.12,-0.75,0.37,0.31,5,2
1772048002.91153,5341494,0.15,-0.06,0.04,-156.62,-67.81,48.5,9.75,-2.94,1.44,-0.1,0.06,-0.08,16.0,57.88,78.31,-1.12,-0.62,-0.75,6,2
1772048003.102252,5341684,0.1,-0.14,0.05,-157.06,-68.12,50.75,6.69,-2.19,2.19,-0.03,0.0,0.0,16.06,57.88,78.5,-1.06,0.62,-0.56,5,1
1772048003.293136,5341875,0.14,-0.22,0.0,-156.31,-68.12,52.13,8.69,-2.0,4.69,-0.1,-0.03,-0.08,16.06,57.75,78.87,-3.87,-0.19,-1.75,6,2
1772048003.483493,5342066,0.15,-0.25,0.03,-156.37,-68.31,53.81,7.5,-3.12,0.5,-0.02,0.01,-0.05,16.25,57.88,79.69,-3.62,1.44,-1.69,5,2
1772048003.6735,5342256,0.01,-0.23,0.04,-156.69,-68.62,55.38,1.5,-0.13,1.44,-0.08,0.11,0.1,16.0,57.81,80.37,-0.37,0.5,-1.37,6,1
1772048003.864748,5342447,0.22,0.05,-0.05,-156.62,-68.25,54.63,-3.37,2.5,0.31,-0.05,0.08,0.08,15.81,57.81,80.44,0.31,0.62,0.37,6,1
1772048004.056185,5342638,0.23,-0.07,-0.02,-156.56,-68.0,54.25,0.06,-0.44,-0.62,-0.06,0.05,0.06,15.88,57.81,80.37,-0.5,-0.44,0.69,7,1
1772048004.2469,5342829,0.12,-0.2,0.03,-157.12,-68.25,54.69,0.88,-1.06,-1.0,-0.09,0.08,0.0,16.0,57.75,80.37,-0.62,-0.75,-0.13,7,1
1772048004.437144,5343020,0.13,-0.12,0.06,-157.5,-68.31,54.88,0.31,-0.06,0.25,-0.07,0.04,0.02,16.06,57.75,80.37,0.31,0.81,0.31,6,1
1772048004.627885,5343210,0.23,-0.04,0.0,-157.5,-68.31,54.88,0.37,0.0,-0.31,-0.08,0.05,0.03,16.0,57.75,80.37,-0.06,-0.19,0.13,6,1
1772048004.818877,5343401,0.16,-0.12,-0.01,-157.81,-68.31,55.13,1.25,-0.44,-0.37,-0.05,0.0,0.04,16.06,57.75,80.37,-0.31,0.25,0.06,6,1
1772048005.009918,5343592,0.15,-0.11,0.02,-158.0,-68.37,55.31,0.81,-0.56,-0.06,-0.05,-0.02,0.0,16.06,57.75,80.37,-0.31,0.0,-0.19,8,1
1772048005.200196,5343782,0.14,-0.12,-0.01,-158.06,-68.37,55.5,0.69,-0.44,0.81,-0.08,0.0,0.12,16.06,57.75,80.37,-0.19,0.06,0.0,7,1
1772048005.390863,5343973,0.03,-0.09,0.09,-158.25,-68.44,55.5,-0.25,0.13,0.06,-0.07,0.01,-0.05,16.12,57.81,80.31,0.13,0.75,0.37,7,1
1772048005.581733,5344164,0.15,-0.17,0.04,-158.44,-68.25,55.38,-2.62,2.31,-0.56,-0.05,0.0,0.01,16.12,57.75,80.31,-0.37,0.25,0.44,7,2
1772048005.772501,5344355,0.0,-0.07,-0.07,-158.56,-68.12,55.13,0.25,0.37,0.56,0.0,0.06,-0.07,16.06,57.69,80.31,-0.31,0.75,-0.06,7,2
1772048005.963464,5344546,0.29,-0.21,0.02,-154.81,-66.56,56.94,51.06,-4.25,48.38,-0.11,0.02,0.0,15.81,57.44,80.5,0.31,-0.62,-3.87,7,2
1772048006.154117,5344736,0.11,0.09,-0.05,-149.81,-65.06,60.94,34.31,1.5,23.0,-0.04,0.16,-0.24,15.5,57.69,80.75,-0.06,-2.0,-2.62,7,2
1772048006.344512,5344927,0.06,-0.45,0.0,-149.37,-62.88,67.31,31.06,-5.44,13.0,0.0,0.01,0.1,15.19,57.94,80.94,-2.19,0.19,-0.25,6,2
1772048006.53432,5345116,-0.02,-0.28,0.03,-150.94,-63.13,72.5,4.19,-8.63,-3.5,0.03,-0.05,0.01,15.81,58.13,81.12,-0.81,-1.06,1.75,6,2
1772048006.725015,5345307,0.35,-0.22,0.15,-153.81,-64.5,75.44,6.31,-5.19,-10.19,-0.11,-0.01,-0.01,16.25,58.25,81.06,-0.44,0.81,1.81,6,2
1772048006.916806,5345499,0.34,-0.95,0.04,-161.37,-65.0,80.31,2.56,7.37,-9.5,-0.06,-0.06,0.18,16.56,57.94,80.87,-0.25,0.13,1.12,4,2
1772048007.107709,5345690,-0.01,-0.19,0.11,-169.94,-66.37,73.87,-82.56,14.88,-63.06,-0.05,-0.16,0.23,16.81,57.88,80.25,2.12,0.0,1.62,4,2
1772048007.29852,5345881,0.08,0.45,0.14,-175.37,-65.75,65.19,-28.31,-2.12,-17.81,-0.02,0.01,0.01,16.62,57.88,80.06,1.25,-0.13,-0.13,5,2
1772048007.489124,5346072,0.08,0.26,0.08,-175.5,-66.94,61.56,-15.19,-6.69,-16.5,-0.07,0.03,0.03,16.5,57.75,80.0,0.62,0.75,0.88,5,2
1772048007.678636,5346261,0.1,0.08,0.05,-177.31,-67.5,61.38,4.31,-1.19,2.25,0.01,-0.01,0.02,16.62,57.69,79.87,-0.56,-0.62,0.06,6,2
1772048007.870762,5346453,0.04,-0.06,0.14,-176.5,-68.0,62.0,4.37,-3.0,3.37,-0.07,-0.04,0.04,16.81,57.63,79.75,-0.44,-0.31,0.19,6,2
1772048008.061339,5346644,-0.13,0.0,0.06,-175.37,-68.0,61.75,-2.81,1.81,4.19,-0.07,-0.02,-0.02,16.94,57.56,79.62,0.31,0.13,0.69,6,2
1772048008.252229,5346835,0.19,-0.06,0.1,-172.5,-67.25,60.38,1.31,1.75,6.0,-0.09,-0.01,-0.03,16.81,57.56,79.62,0.88,-0.81,-0.81,6,2
1772048008.441757,5347024,0.03,0.06,0.07,-171.44,-67.25,59.69,-0.5,-0.44,2.44,-0.1,0.09,0.0,16.56,57.81,79.75,-0.5,-1.75,-1.12,6,2
1772048008.633352,5347216,0.05,0.01,0.03,-170.44,-67.0,59.0,-2.81,4.06,-0.31,-0.05,0.04,0.02,16.56,57.75,79.81,-1.25,-0.13,-0.25,6,2
1772048008.824725,5347407,0.09,-0.13,0.11,-170.81,-66.62,59.0,1.0,-0.25,-1.44,-0.03,0.0,0.01,16.62,57.75,79.75,-0.44,-0.31,-0.62,6,2
1772048009.015377,5347598,0.28,-0.14,0.01,-170.37,-66.81,58.56,-3.0,-3.94,1.94,-0.07,-0.02,0.03,16.56,57.69,79.75,0.81,1.62,1.12,5,2
1772048009.206374,5347789,-0.08,-0.37,0.1,-167.69,-66.75,56.44,-7.87,0.5,9.5,-0.01,-0.02,-0.05,16.75,57.06,79.5,-0.37,0.19,0.37,5,2
1772048009.397118,5347979,0.11,-0.21,0.04,-163.81,-65.44,52.63,-7.06,7.25,3.12,-0.08,0.05,0.02,16.44,57.13,79.44,0.88,0.75,-1.0,5,2
1772048009.586587,5348169,0.7,-0.18,-0.11,-162.87,-63.63,50.13,-1.62,11.75,4.37,-0.18,0.03,0.11,16.0,57.13,79.44,1.06,1.25,0.25,4,2
1772048009.77834,5348361,0.19,-0.12,0.05,-161.0,-63.25,45.81,-26.81,8.25,-10.69,-0.24,0.19,-0.17,16.06,57.13,79.31,0.19,1.87,2.06,5,2
1772048009.969275,5348552,0.25,0.48,0.47,-160.0,-64.5,36.94,-49.56,-5.37,-24.87,-0.05,-0.04,-0.09,16.62,56.75,78.94,0.62,-0.06,1.56,4,2
1772048010.16033,5348743,-1.16,0.64,0.47,-153.56,-69.44,31.31,-9.81,-23.87,5.31,0.03,0.03,0.03,16.56,56.88,78.87,0.31,-2.87,-2.62,5,2
1772048010.349762,5348932,-0.29,0.11,0.29,-147.37,-69.31,30.06,5.5,2.56,11.31,-0.06,0.08,-0.03,16.25,56.81,78.94,0.69,-2.31,-1.5,5,2
1772048010.540612,5349123,0.64,0.02,0.08,-148.37,-67.44,29.56,3.81,15.69,-0.81,-0.16,0.01,0.07,15.94,56.81,79.0,-0.13,-1.0,-1.12,6,2
1772048010.732204,5349314,-0.31,0.22,0.36,-150.0,-66.44,29.75,4.62,12.06,-0.13,-0.13,0.06,-0.09,15.81,56.94,79.06,0.0,-0.37,-0.56,6,2
1772048010.922801,5349505,0.49,0.18,0.26,-156.62,-63.25,31.75,15.5,13.44,-1.25,0.16,0.08,0.03,15.81,56.94,79.12,-1.25,0.19,-0.81,7,3
1772048011.114408,5349696,0.89,0.34,0.14,-161.69,-61.81,34.69,14.56,25.87,-19.81,-0.39,-0.09,-0.18,18.5,56.25,78.56,-1.5,-17.75,-0.25,9,3
1772048011.304157,5349886,0.66,-0.22,-0.12,-171.87,-60.56,41.63,5.37,-9.56,-15.88,-0.37,-0.1,0.37,19.69,56.56,78.25,1.12,21.62,12.13,8,4
1772048011.493368,5350076,-0.15,-0.25,0.13,-177.62,-64.0,44.19,-18.12,-5.87,-28.25,0.01,0.05,0.14,19.62,56.94,78.19,-0.37,-0.81,1.31,8,4
1772048011.68566,5350268,0.6,0.3,0.15,-179.5,-64.0,41.25,-8.5,-12.69,13.25,-0.04,0.02,-0.35,20.25,57.13,77.75,2.0,-4.69,-0.37,9,4
1772048011.877153,5350459,-0.41,-0.67,0.26,-167.25,-68.56,38.0,-8.19,-29.44,12.13,-0.32,0.38,-0.18,19.37,57.25,78.31,-0.37,6.31,0.88,10,4
1772048012.068307,5350651,0.61,-1.95,0.17,-148.31,-66.94,37.44,35.56,-9.13,55.06,-0.08,0.33,-0.27,17.62,57.0,78.81,2.5,4.62,-3.0,9,4
1772048012.258227,5350841,-0.44,2.01,0.29,-147.81,-68.37,29.0,-27.75,20.25,3.19,0.0,-0.3,0.28,17.06,56.44,78.25,0.62,1.87,-2.19,9,4
1772048012.447317,5351030,0.76,1.72,0.21,-145.31,-66.25,25.44,0.37,-8.06,5.94,-0.29,0.0,-0.19,16.37,56.56,78.5,2.31,1.37,-1.19,11,4
1772048012.639546,5351222,-0.44,0.52,0.15,-139.12,-66.87,27.56,-36.06,-5.69,-35.94,-0.1,0.0,-0.07,16.06,56.69,78.87,2.19,2.0,5.37,13,4
1772048012.830831,5351413,0.35,0.22,0.04,-144.0,-66.94,29.62,-27.81,1.94,-39.63,-0.14,-0.11,0.39,16.06,56.56,78.94,3.56,2.37,4.5,12,3
1772048013.022965,5351605,0.52,-0.87,0.17,-150.25,-68.31,37.25,16.0,-2.94,-21.62,-0.08,0.28,-0.14,15.81,56.81,79.25,-0.25,-1.87,2.19,12,2
1772048013.212235,5351795,0.27,-0.68,0.03,-155.87,-69.56,43.25,18.75,0.69,0.0,-0.15,-0.02,0.03,16.31,56.69,79.12,-0.25,-0.69,1.19,13,2
1772048013.402076,5351984,0.1,-0.13,0.13,-160.19,-70.19,45.69,1.5,-0.81,-4.5,-0.05,0.04,-0.08,16.62,56.88,79.12,-0.88,-1.37,-0.88,12,2
1772048013.594093,5352176,-0.25,-1.21,-0.01,-161.31,-70.56,45.25,-27.87,9.81,-15.19,-0.08,0.09,0.07,16.56,56.88,79.06,-1.19,1.56,0.62,12,2
1772048013.785712,5352368,0.15,1.76,0.42,-166.19,-70.81,36.63,8.63,-2.62,22.37,-0.02,-0.17,0.0,17.06,56.63,78.69,1.75,5.25,0.06,13,2
1772048013.978195,5352561,-0.1,0.47,0.34,-160.56,-70.87,36.0,6.12,-10.5,12.13,0.05,-0.11,0.0,16.75,56.56,78.75,-0.06,0.5,-1.37,14,2
1772048014.167592,5352750,-0.88,-0.5,0.13,-155.0,-71.81,34.81,29.37,-7.31,34.38,0.06,0.05,0.1,16.37,56.63,78.94,-2.5,-2.12,-4.56,16,3
1772048014.357194,5352939,-0.37,0.15,0.28,-152.44,-70.31,33.06,90.06,-10.63,99.19,0.04,-0.46,0.0,16.44,56.44,78.75,-5.87,-0.81,-8.25,13,4
1772048014.549295,5353132,0.01,-0.02,0.36,-150.56,-69.06,33.19,53.81,3.87,50.38,0.0,-0.05,-0.13,16.31,56.5,78.81,-5.12,-0.62,-6.06,11,4
1772048014.741354,5353324,-0.12,-0.51,0.0,-151.56,-68.56,34.81,34.31,-2.44,30.62,-0.18,0.05,0.01,16.19,56.5,78.94,-3.31,-0.81,-3.37,11,4
1772048014.932905,5353515,0.29,0.09,0.04,-153.44,-68.62,35.31,0.25,0.81,-1.12,-0.04,0.0,-0.11,16.25,56.63,78.94,-0.5,0.5,-0.37,12,5
1772048015.12274,5353705,0.04,0.02,0.16,-155.0,-69.69,36.06,-4.0,-4.75,-10.06,-0.02,0.01,0.0,16.25,56.63,78.94,-0.25,-0.62,-0.19,11,5
1772048015.312285,5353894,0.08,0.02,0.24,-156.62,-71.19,35.75,-14.31,-5.44,-9.81,-0.08,-0.01,-0.07,16.37,56.88,78.94,0.44,-2.37,-0.25,12,5
1772048015.50443,5354087,-0.04,0.15,0.23,-157.94,-72.56,34.75,-4.44,-0.56,-4.0,-0.1,-0.01,-0.06,16.44,57.0,78.87,-0.37,-0.44,0.25,11,5
1772048015.695205,5354278,0.1,0.08,0.09,-157.81,-72.56,35.19,6.56,0.69,3.0,-0.04,0.02,0.0,16.44,56.94,78.87,0.31,0.62,0.44,10,5
1772048015.887173,5354470,0.08,-0.03,0.11,-157.19,-72.31,36.06,1.81,0.81,2.19,-0.17,0.04,-0.04,16.44,56.94,78.87,-0.56,-0.62,0.25,9,5
1772048016.076691,5354659,0.13,-0.02,0.17,-157.56,-72.25,36.5,3.19,0.25,-1.06,-0.01,0.01,-0.01,16.75,56.94,78.75,0.94,1.31,2.87,7,4
1772048016.266411,5354849,0.1,-0.05,0.09,-159.5,-72.37,37.69,5.25,1.37,-2.81,-0.14,-0.1,0.0,16.87,57.0,78.69,0.56,-0.44,-0.37,7,3
1772048016.457984,5355040,-0.03,-0.1,0.07,-161.69,-72.44,39.25,3.94,1.31,0.19,-0.07,-0.03,0.04,16.56,57.13,78.69,0.81,1.62,3.44,6,3
1772048016.649428,5355232,0.17,-0.13,0.11,-161.0,-71.94,41.0,19.75,0.56,7.87,-0.09,0.15,-0.01,16.37,57.06,78.75,0.56,1.56,-0.13,7,3
1772048016.841057,5355423,0.16,0.1,-0.02,-160.0,-71.37,41.63,-4.06,4.81,0.06,-0.08,-0.04,0.02,16.69,56.88,78.56,-0.75,0.13,0.88,5,3
1772048017.032102,5355614,-0.68,-1.89,0.03,-160.94,-70.69,40.69,-32.06,15.81,-14.5,-0.1,0.34,0.2,17.06,56.69,78.37,-2.44,1.0,3.31,7,3
1772048017.221387,5355804,-0.06,0.5,0.94,-173.12,-65.94,20.06,-149.81,41.69,-82.37,0.1,-0.3,-0.24,19.69,56.31,76.81,-0.06,3.12,9.69,9,4
1772048017.412627,5355995,-0.07,1.13,0.73,-172.12,-63.75,359.56,-32.56,-0.44,-3.12,-0.12,-0.19,0.01,20.12,56.19,75.69,5.12,-0.5,-1.44,10,4
1772048017.602599,5356186,0.17,0.27,0.52,-168.0,-63.13,355.31,0.69,2.5,6.19,-0.06,0.01,0.06,19.19,56.31,75.75,0.37,0.06,0.37,10,4
1772048017.793778,5356376,-0.29,0.23,0.48,-166.19,-63.44,355.44,18.62,4.56,10.31,-0.03,0.02,-0.08,19.19,56.44,76.0,-1.0,-2.12,-2.81,9,4
1772048017.983077,5356566,0.31,-0.29,0.28,-169.06,-63.13,358.75,0.13,-2.56,-5.94,-0.08,-0.08,0.07,19.31,56.5,76.0,-0.25,1.06,1.37,9,5
1772048018.172534,5356755,0.34,-0.06,0.28,-169.19,-63.69,358.69,-2.12,-7.31,0.94,-0.11,-0.09,0.16,19.31,56.38,76.0,0.5,2.19,0.13,9,4
1772048018.364283,5356947,0.03,0.14,0.37,-169.0,-64.12,358.12,1.0,2.44,-0.81,-0.1,0.08,0.0,19.0,56.63,76.19,0.19,0.62,-0.62,11,4
1772048018.555738,5357138,0.51,1.66,0.64,-166.5,-65.25,2.37,94.19,-44.88,67.31,-0.12,0.12,-0.3,18.25,56.69,76.62,-1.0,-2.62,-7.75,15,4
1772048018.746908,5357329,-0.01,-1.39,0.22,-152.06,-65.0,20.0,85.69,-18.25,54.75,-0.04,0.11,0.07,17.56,56.88,77.37,-0.13,0.44,-0.75,15,4
1772048018.936545,5357519,0.06,-0.53,0.0,-151.75,-65.25,30.62,23.94,-9.56,11.13,-0.07,0.01,-0.04,17.37,56.94,77.5,0.62,0.0,-0.37,13,4
1772048019.126565,5357709,0.15,-0.38,0.0,-154.12,-66.31,35.13,7.31,-4.5,-2.25,-0.04,0.04,0.05,17.31,56.94,77.44,0.44,0.56,0.19,10,2
1772048019.318326,5357901,0.27,-1.04,0.18,-156.44,-67.87,33.56,-75.06,-1.94,-46.13,-0.11,0.08,0.05,17.56,57.13,77.44,-0.69,0.31,3.56,9,2
1772048019.509414,5358092,0.46,-1.13,0.37,-155.56,-68.0,28.94,47.19,-3.12,45.69,-0.05,0.22,-0.23,17.37,57.19,77.56,-3.31,-2.19,-5.31,9,3
1772048019.700433,5358283,-0.42,1.32,0.33,-155.37,-70.19,30.25,67.06,-19.31,56.19,-0.28,0.07,-0.14,17.0,57.19,77.56,-0.5,-0.56,-7.25,9,3
1772048019.890083,5358473,0.17,1.17,0.03,-159.75,-69.94,34.0,1.75,0.13,-8.81,-0.07,-0.17,-0.09,16.87,57.19,77.5,0.37,0.06,-0.81,10,3
1772048020.079715,5358662,0.3,0.98,0.13,-159.81,-69.87,35.69,-5.94,-3.69,-17.37,-0.03,-0.14,-0.13,16.94,57.25,77.62,3.0,0.62,0.75,11,3
1772048020.272165,5358854,0.13,0.74,0.19,-160.5,-70.12,37.69,3.31,-2.94,-3.19,-0.04,-0.12,-0.02,16.87,57.38,77.69,1.81,-0.13,0.13,8,3
1772048020.462774,5359045,0.0,0.03,0.11,-157.94,-70.31,38.88,-12.38,1.69,-15.88,-0.02,0.01,-0.03,16.56,57.5,77.81,1.25,-0.25,0.94,5,3
1772048020.653338,5359236,0.02,0.41,0.16,-158.37,-70.44,39.0,13.0,0.25,1.81,-0.05,0.09,-0.06,16.44,57.56,77.94,0.37,0.5,-0.44,5,3
1772048020.843724,5359426,0.23,-0.39,0.0,-158.81,-69.94,43.63,20.31,-1.69,4.31,-0.02,0.12,-0.02,16.31,57.56,78.0,-0.5,0.88,0.0,6,3
1772048021.034167,5359617,0.0,-0.19,0.0,-161.94,-70.56,46.0,-4.12,-0.62,-5.75,-0.04,0.0,-0.03,16.44,57.56,77.94,0.88,-0.13,0.94,6,3
1772048021.225657,5359808,0.11,-0.23,0.0,-164.75,-70.62,45.69,-11.38,3.44,-6.12,-0.11,0.0,0.06,16.56,57.63,77.81,-0.88,0.25,0.13,5,3
1772048021.416411,5359999,0.05,-0.14,0.08,-165.19,-70.12,42.75,-18.81,5.94,-4.19,-0.06,0.12,-0.11,16.56,57.63,77.75,0.19,-0.75,-0.13,6,2
1772048021.60727,5360190,-0.37,-1.38,0.33,-165.12,-68.94,35.0,-94.81,23.06,-40.25,-0.09,0.07,0.11,16.94,57.5,77.37,0.56,-0.94,3.37,6,2
1772048021.796973,5360380,-0.42,0.82,1.0,-171.62,-65.87,12.75,-100.81,28.19,-43.19,0.01,-0.07,-0.21,18.0,57.13,76.37,1.62,0.5,3.94,8,3
1772048021.986588,5360569,-0.14,0.51,0.62,-163.94,-64.06,355.94,-29.69,14.38,1.25,0.0,0.07,0.09,17.81,56.63,75.69,3.12,2.31,-0.31,6,3
1772048022.178887,5360762,0.22,0.37,0.33,-158.94,-62.5,349.12,-6.44,3.37,3.81,-0.07,0.08,0.01,17.44,56.38,75.56,-0.19,-0.25,0.37,7,3
1772048022.369893,5360953,0.01,-0.03,0.28,-158.06,-62.63,348.5,6.69,-1.06,-4.0,0.0,0.02,0.03,17.62,56.44,75.62,-1.19,-0.06,0.75,7,3
1772048022.560955,5361143,0.11,-0.15,0.17,-161.12,-63.19,351.62,6.81,-2.81,-5.37,-0.06,0.01,-0.07,18.0,56.63,75.75,-0.56,-0.37,-0.44,7,3
1772048022.751183,5361334,0.04,-0.25,0.24,-163.62,-64.12,354.44,2.81,-0.31,-0.19,-0.01,0.02,-0.03,17.94,56.81,75.87,0.37,-0.06,-0.13,7,3
1772048022.942367,5361525,0.06,-0.11,0.18,-164.06,-64.19,354.87,-0.06,-1.25,-0.69,-0.02,0.03,0.09,17.87,56.81,75.94,0.5,1.25,0.56,7,3
1772048023.133194,5361716,0.14,-0.04,0.21,-164.0,-64.25,354.75,0.19,-0.06,0.06,0.02,0.02,-0.01,17.81,56.81,75.94,0.5,1.12,0.31,7,3
1772048023.323816,5361907,0.1,-0.13,0.17,-164.12,-64.25,354.94,2.25,0.94,0.31,-0.08,0.05,-0.03,17.81,56.88,76.0,-0.31,0.81,0.25,6,3
1772048023.514799,5362097,0.19,-0.04,0.13,-164.56,-64.25,355.44,-0.06,-0.06,-0.37,-0.11,0.04,0.0,17.81,56.81,76.0,-0.19,-0.25,-0.31,6,3
1772048023.704936,5362288,0.06,-0.09,0.16,-164.62,-64.31,355.62,0.37,-0.37,0.06,-0.16,0.07,-0.07,17.81,56.88,76.0,0.0,0.19,0.0,4,3
1772048023.896226,5362479,0.06,-0.07,0.19,-164.62,-64.37,355.62,-0.62,-0.69,0.25,-0.16,0.06,-0.1,17.75,56.88,76.0,0.0,-0.81,-0.13,5,3
1772048024.087102,5362670,0.18,-0.09,0.12,-165.12,-64.31,356.06,3.44,0.13,-1.56,-0.08,0.09,0.0,17.81,56.88,76.06,-0.69,0.69,-0.06,4,3
1772048024.277682,5362860,-0.13,0.06,0.17,-165.69,-64.5,357.31,6.0,-2.5,0.62,-0.1,-0.06,0.13,17.81,56.63,76.12,0.13,1.87,0.81,4,3
1772048024.46866,5363051,0.02,0.03,0.19,-167.56,-64.62,358.06,-0.13,-1.69,2.5,-0.09,-0.05,-0.07,17.87,56.63,76.12,-0.56,-1.06,-0.31,5,2
1772048024.658581,5363241,-0.5,0.01,0.14,-167.44,-64.37,358.0,1.75,5.37,2.44,-0.06,0.23,-0.09,17.81,56.75,76.19,-0.25,-0.44,-0.25,5,3
1772048024.849304,5363432,0.29,-0.05,0.14,-168.44,-64.19,358.44,0.06,-1.25,-6.25,-0.04,-0.04,0.08,17.87,56.75,76.19,0.13,0.69,0.37,6,3
1772048025.040661,5363623,0.19,-0.05,0.11,-169.62,-64.06,359.06,0.69,0.44,0.25,-0.06,0.03,-0.04,17.94,56.81,76.19,-0.37,0.0,0.25,6,3
1772048025.230953,5363814,0.03,-0.12,0.09,-169.94,-64.12,359.31,0.31,0.56,0.06,0.0,-0.02,0.0,17.94,56.81,76.19,0.5,1.06,0.62,6,2
1772048025.422031,5364005,0.09,-0.06,0.14,-169.75,-64.12,359.25,0.25,-1.25,0.13,-0.07,-0.02,0.0,17.87,56.81,76.19,0.13,-0.5,-0.44,6,2
1772048025.612394,5364195,0.2,-0.05,0.07,-169.94,-64.19,359.44,0.94,-0.5,0.31,-0.05,0.0,0.07,17.87,56.81,76.19,0.31,0.56,0.56,6,2
1772048025.803344,5364386,0.1,-0.02,0.15,-170.19,-64.25,359.62,1.12,-0.56,0.06,-0.02,-0.03,0.02,17.87,56.81,76.19,0.0,0.69,0.69,5,2
1772048025.994466,5364577,0.22,-0.04,0.13,-170.56,-64.37,0.19,1.19,-2.31,0.88,-0.02,-0.02,0.0,17.94,56.81,76.19,0.37,-0.06,-0.06,6,2
1772048026.184917,5364768,0.19,0.56,0.15,-167.56,-66.06,3.94,55.13,-21.44,32.38,-0.11,0.08,0.14,17.5,56.94,76.5,-1.37,-2.5,-3.69,6,3
1772048026.375781,5364958,-0.09,-0.33,0.24,-159.37,-68.37,16.56,80.06,-26.31,41.81,-0.03,-0.01,0.07,16.94,57.13,77.06,0.19,1.31,-1.44,5,3
1772048026.566427,5365149,0.05,-0.64,0.01,-157.06,-69.25,28.94,48.88,-8.13,18.87,-0.07,0.0,0.02,16.75,57.25,77.25,-0.19,-0.06,0.37,5,3
1772048026.757327,5365340,0.16,-0.57,-0.11,-164.0,-69.87,38.38,13.06,1.06,-3.81,-0.08,-0.02,0.04,16.81,57.44,77.31,-0.25,-0.56,0.19,5,3
1772048026.948185,5365531,0.08,-0.25,-0.15,-170.25,-69.69,41.56,-0.19,2.69,-9.81,-0.08,0.06,-0.08,16.87,57.81,77.44,0.25,-0.06,0.06,5,3
1772048027.138674,5365721,-0.11,-0.1,-0.27,-173.62,-69.12,42.38,-1.69,12.0,-6.25,-0.11,0.01,0.03,16.94,57.88,77.5,-0.88,-0.56,0.0,7,4
1772048027.329185,5365912,-0.09,-0.07,0.83,-172.81,-66.75,39.75,-34.69,1.44,1.25,-0.01,-0.31,1.09,18.44,57.25,77.31,3.12,26.81,25.87,8,4
1772048027.518983,5366102,0.43,0.45,0.28,-174.56,-67.31,30.75,-48.0,-1.56,-19.81,-1.3,0.08,-0.84,21.25,57.19,75.75,-1.12,9.13,9.88,7,5
1772048027.708716,5366291,0.42,0.61,-0.26,-172.06,-67.0,25.81,1.0,-5.56,6.19,-0.1,-0.08,-0.09,21.06,56.56,75.5,-0.44,-0.13,-3.69,7,5
1772048027.901022,5366484,0.06,-0.07,0.23,-165.69,-68.31,29.62,51.13,-11.63,37.75,-0.02,0.03,0.13,19.12,57.13,76.62,1.31,4.12,-5.44,6,5
1772048028.092245,5366675,0.19,-0.35,-0.09,-165.0,-68.5,36.94,22.37,3.37,7.06,-0.01,0.27,-0.2,18.0,57.06,77.0,-1.25,0.44,0.56,6,4
1772048028.283537,5366866,0.26,-0.06,-0.05,-165.5,-68.44,39.13,6.56,-0.19,-2.94,-0.11,-0.06,-0.14,18.75,57.06,76.75,-2.19,-0.88,0.81,6,4
1772048028.473006,5367056,-0.2,-0.64,0.22,-167.56,-69.12,42.31,9.81,2.81,1.44,-0.43,0.01,-0.23,19.25,57.31,77.12,0.81,3.31,2.87,7,4
1772048028.662996,5367246,-0.23,0.01,-0.02,-168.81,-70.37,42.31,-11.63,-19.19,-13.81,-0.12,-0.08,0.19,19.12,57.19,77.12,0.69,3.37,0.0,8,4
1772048028.854953,5367438,-0.22,0.03,0.0,-170.81,-72.19,42.13,-0.44,2.5,7.44,-0.12,0.0,-0.03,19.12,57.06,77.19,-0.44,1.75,0.44,9,3
1772048029.04622,5367629,-1.15,-0.09,0.14,-163.81,-74.06,41.0,-9.38,-1.31,-0.88,-0.13,-0.07,0.16,18.81,57.06,77.31,-0.5,-2.87,-1.25,7,3
1772048029.236694,5367820,0.24,0.06,0.08,-160.44,-72.87,39.88,9.81,-8.44,17.12,-0.08,-0.04,0.19,18.62,57.06,77.44,0.69,0.44,-0.44,6,3
1772048029.426355,5368009,0.38,-0.3,-0.11,-157.87,-72.44,40.19,-1.12,5.87,-2.87,-0.16,0.01,0.04,18.37,57.06,77.44,0.44,-2.12,-0.81,7,2
1772048029.615691,5368199,0.03,0.04,0.03,-161.25,-72.06,39.69,-5.44,1.37,-5.19,-0.1,0.04,0.01,18.37,57.13,77.44,-0.13,-1.62,-1.0,7,2
1772048029.808144,5368391,0.08,0.02,0.02,-161.75,-71.69,39.5,-0.44,2.19,1.19,-0.06,0.02,-0.01,18.31,57.19,77.5,0.62,0.75,-0.06,8,2
1772048029.99928,5368582,0.06,-0.14,-0.05,-162.12,-71.25,39.63,-0.19,2.81,0.37,-0.06,0.0,0.0,18.25,57.13,77.5,0.37,0.94,0.56,8,3
1772048030.190243,5368773,0.11,-0.03,0.06,-162.69,-70.69,39.69,3.81,4.56,2.37,-0.07,0.04,-0.06,18.25,57.06,77.44,0.37,-0.13,0.19,8,4
1772048030.380903,5368964,0.05,-0.1,0.02,-163.69,-69.44,40.38,2.69,11.06,-0.69,-0.05,0.03,0.02,18.31,56.94,77.37,0.06,1.0,0.75,8,3
1772048030.57063,5369154,0.16,-0.02,-0.03,-164.94,-67.44,41.13,12.81,6.44,10.25,-0.01,-0.05,0.05,18.31,56.75,77.31,0.69,2.62,0.69,7,4
1772048030.762354,5369345,0.39,0.44,-0.15,-159.5,-65.0,44.25,59.19,2.31,50.56,0.01,-0.24,0.09,18.12,56.44,77.44,-1.62,0.0,-2.37,8,4
1772048030.953642,5369536,-0.12,-0.78,0.31,-147.62,-60.63,59.75,142.25,-38.94,109.81,0.07,0.22,-0.11,16.0,57.19,79.0,-4.87,-7.44,-15.06,8,4
1772048031.1448,5369728,-0.29,-0.82,0.06,-144.12,-58.5,71.81,15.88,-7.5,0.25,-0.05,0.21,-0.23,15.5,58.13,80.19,-1.94,0.06,2.0,10,4
1772048031.335794,5369919,0.2,-1.15,-0.11,-148.56,-59.75,76.62,11.06,-2.69,-14.69,-0.07,0.06,-0.07,16.37,58.0,80.19,-3.69,0.31,1.69,9,4
1772048031.526143,5370109,0.04,-1.06,-0.03,-154.12,-61.06,81.31,5.75,3.75,-8.5,-0.03,0.01,-0.09,17.12,57.75,80.06,-0.81,0.5,0.81,9,4
1772048031.717286,5370300,0.27,-0.27,0.0,-160.56,-61.38,85.25,-6.5,-1.69,-1.62,-0.1,0.03,-0.01,17.12,57.69,79.94,0.94,-0.88,-0.37,8,4
1772048031.908045,5370491,0.34,-0.4,0.02,-162.25,-61.06,85.19,-5.5,8.63,-8.69,0.0,0.0,-0.19,17.19,57.81,79.75,1.37,0.19,0.56,8,4
1772048032.100064,5370683,-1.59,-0.19,0.41,-161.75,-61.81,81.5,-20.44,20.31,-14.63,0.1,0.37,-0.31,17.37,57.44,79.25,-1.69,-0.06,3.12,9,3
1772048032.293415,5370876,-2.4,-0.98,2.4,-163.56,-62.75,53.63,-259.31,-22.56,-140.0,-0.47,0.03,0.4,19.62,56.38,77.5,1.31,-3.06,5.87,8,6
1772048032.482576,5371066,0.71,1.3,1.2,-171.62,-60.0,15.56,-134.19,25.44,-74.75,0.06,0.06,-0.11,21.06,55.94,76.12,3.25,-2.12,1.31,13,7
1772048032.671975,5371255,1.4,2.55,0.87,-165.87,-59.44,8.63,27.19,-18.56,38.06,-0.13,-0.24,0.34,19.62,55.88,76.19,0.94,7.94,-3.44,15,8
1772048032.864466,5371447,0.78,-0.3,0.71,-155.5,-60.69,35.94,112.81,-29.56,69.75,-0.02,0.29,-0.11,17.87,56.31,77.37,1.31,0.31,-2.06,14,7
1772048033.057852,5371641,0.25,-0.21,0.24,-157.19,-61.69,56.44,24.31,6.25,-7.87,0.04,0.32,-0.52,17.69,56.56,77.44,-2.06,-1.37,0.75,13,7
1772048033.25094,5371834,1.02,0.06,0.42,-162.19,-63.19,67.19,16.44,8.75,-13.5,0.0,0.31,-0.62,18.12,56.94,77.37,-1.19,-1.0,0.19,13,7
1772048033.442703,5372025,-0.06,0.03,0.33,-167.5,-65.12,77.5,14.38,-19.75,-4.81,-0.17,-0.04,0.08,17.94,57.06,77.5,-0.37,0.75,-0.13,13,7
1772048033.631994,5372215,-0.02,-0.12,0.29,-171.12,-67.44,85.69,9.13,0.69,-4.06,-0.07,0.02,-0.02,17.87,57.06,77.5,0.13,-1.19,-0.31,14,6
1772048033.824014,5372407,0.08,-0.06,0.24,-172.37,-68.0,88.75,-3.5,-2.44,-1.5,-0.03,-0.16,0.19,18.0,57.25,77.56,0.0,1.06,1.25,14,6
1772048034.015753,5372599,0.05,-0.06,0.29,-173.37,-68.44,91.19,2.56,0.94,-2.25,-0.03,0.08,-0.07,17.56,57.56,77.69,-0.31,-1.31,-0.75,13,7
1772048034.207172,5372790,0.0,0.23,0.24,-172.94,-68.69,92.25,-4.12,0.88,-0.94,-0.04,0.04,-0.04,17.56,57.5,77.62,0.25,0.25,0.06,13,3
1772048034.397827,5372981,0.0,0.03,0.2,-172.12,-68.75,92.94,0.44,-0.81,1.5,-0.07,0.0,0.0,17.62,57.38,77.5,-0.06,0.19,0.37,8,2
1772048034.587364,5373171,0.0,0.0,0.26,-171.06,-68.56,93.75,0.13,5.56,2.44,-0.12,0.09,-0.1,17.69,57.38,77.44,-0.06,1.31,1.37,5,1
1772048034.778561,5373362,-0.21,0.15,0.14,-170.75,-66.44,93.81,1.06,20.75,1.5,-0.06,-0.02,0.1,17.81,57.13,77.19,0.5,-1.44,0.31,6,2
1772048034.971388,5373554,0.3,0.04,0.23,-171.06,-61.31,94.31,0.75,29.81,2.81,-0.01,0.17,-0.08,18.0,57.25,77.12,-0.5,-3.69,-0.88,6,2
1772048035.163295,5373746,0.12,0.61,-0.02,-170.56,-59.06,90.19,-24.62,16.12,-16.37,1.51,-1.21,2.42,19.37,56.63,76.44,8.88,4.94,11.94,6,2
1772048035.355326,5373938,0.02,0.56,1.26,-172.62,-55.38,86.37,-7.69,32.31,-15.5,0.59,-0.02,0.37,20.37,59.44,75.62,-1.12,-29.12,-3.44,6,3
1772048035.544604,5374128,0.96,0.19,0.35,-176.81,-52.31,88.94,17.25,-11.31,-16.69,-0.74,0.37,-0.54,21.62,60.19,75.25,10.0,16.94,5.75,6,4
1772048035.734302,5374317,0.12,-1.24,0.6,179.0,-54.44,95.31,-16.44,-10.88,9.75,-0.14,0.14,-0.29,18.56,60.0,75.37,2.81,-3.25,-5.25,7,5
1772048035.926272,5374509,0.16,0.04,0.44,-172.06,-57.19,83.69,-35.56,-28.0,2.81,-0.26,-0.24,0.37,17.37,60.5,74.87,3.25,4.06,5.44,7,5
1772048036.11781,5374701,1.97,-0.04,-0.23,-164.12,-60.88,75.62,-11.19,-30.75,14.69,0.01,-0.19,0.33,17.44,59.5,74.62,-1.0,11.81,2.87,9,4
1772048036.309628,5374892,-0.03,0.74,0.44,-154.94,-67.75,73.62,-0.19,-31.25,-1.0,0.22,-0.65,0.55,16.44,60.19,75.19,1.0,-2.19,-1.06,10,4
1772048036.499158,5375082,-0.3,0.15,0.73,-148.5,-72.56,75.0,4.69,-14.13,-0.13,0.26,0.02,-0.28,16.62,60.5,75.5,-1.69,-1.56,-0.88,12,4
1772048036.688649,5375272,-0.32,0.27,0.58,-143.31,-74.94,76.56,13.56,-0.62,1.12,-0.28,-0.14,0.58,17.12,60.81,74.87,4.75,-3.44,4.31,12,6
1772048036.880165,5375463,-0.41,0.53,0.27,-145.31,-73.5,80.06,40.25,1.75,15.38,-0.45,-0.1,0.09,17.87,61.13,75.0,1.44,6.06,0.25,13,6
1772048037.071597,5375655,0.17,-0.74,-0.2,-150.56,-70.87,87.87,28.87,10.88,5.0,0.28,0.25,-0.34,15.88,60.56,74.62,2.12,-0.25,-7.81,14,6
1772048037.261892,5375845,0.3,0.12,-0.15,-152.06,-69.31,90.69,22.44,5.19,17.5,-0.01,0.14,0.2,14.63,59.13,75.25,-6.5,7.81,-1.12,16,7
1772048037.451577,5376035,0.46,0.96,-0.36,-150.25,-66.87,96.31,77.81,-5.87,47.38,-0.16,-0.04,0.0,14.88,58.44,75.81,-6.31,0.44,-4.81,16,6
1772048037.641357,5376224,0.47,-2.2,-0.07,-146.75,-62.0,115.69,103.25,-18.31,58.88,-0.17,0.08,-0.03,13.63,58.75,78.12,-8.5,-7.37,-8.94,16,5
1772048037.832577,5376415,-0.05,-1.24,0.04,-149.19,-62.81,127.0,17.62,-2.56,-1.44,-0.09,0.08,-0.1,15.0,59.38,79.12,-6.25,-0.19,1.19,16,5
1772048038.023314,5376606,-0.01,-0.87,-0.07,-155.81,-63.5,131.5,-14.31,3.94,-9.69,-0.21,-0.09,0.2,15.63,59.0,78.94,3.06,1.56,2.94,14,6
1772048038.213793,5376797,-0.04,0.53,0.11,-161.31,-66.5,121.56,-103.69,14.19,-91.44,-0.29,-0.15,0.16,16.12,58.31,77.62,5.94,0.5,5.75,14,7
1772048038.403704,5376987,0.19,-0.07,0.21,-179.44,-66.94,113.5,-60.69,-6.5,-36.31,-0.22,0.13,0.08,16.37,58.38,77.06,-0.56,4.31,4.5,14,7
1772048038.59371,5377177,0.0,0.34,0.22,-175.75,-67.31,104.81,-10.5,11.5,10.63,0.1,-0.06,0.03,16.75,58.0,76.37,1.87,0.06,1.75,15,6
1772048038.785444,5377369,0.06,-0.15,0.16,-169.25,-66.75,99.37,-22.19,-7.62,8.13,-0.12,-0.01,0.03,16.81,57.81,75.81,2.44,0.75,1.25,13,7
1772048038.976403,5377559,0.64,-0.32,0.01,-163.94,-67.06,93.44,-20.81,-4.62,-1.94,-0.07,0.2,-0.32,16.44,57.88,75.56,1.31,-2.37,0.13,12,7
1772048039.167172,5377750,0.07,0.48,0.38,-155.62,-70.37,84.44,-36.31,-13.5,-6.75,-0.09,-0.01,-0.02,16.87,57.94,75.0,1.69,-1.44,0.88,10,7
1772048039.357201,5377940,0.16,0.11,0.19,-150.19,-72.06,80.25,-2.06,-4.56,-0.37,-0.06,-0.01,0.0,16.75,58.06,74.81,0.19,-0.75,0.0,9,7
1772048039.547818,5378131,-0.11,0.11,0.21,-148.25,-72.94,80.31,5.56,-1.94,1.06,-0.08,0.0,-0.04,16.81,58.13,74.81,-0.37,-0.25,-0.56,9,8
1772048039.738869,5378322,-0.1,0.01,0.19,-148.94,-72.69,82.12,10.31,3.75,2.31,-0.02,-0.03,0.02,16.81,58.06,74.87,-0.88,1.12,-0.19,9,9
1772048039.929585,5378513,0.17,0.22,0.18,-151.0,-71.19,84.44,34.5,13.25,12.69,-0.03,-0.01,-0.05,16.75,57.94,75.06,-0.81,0.37,-1.81,9,10
1772048040.120326,5378703,0.18,-0.46,-0.02,-153.87,-69.0,90.44,23.62,7.69,2.69,-0.03,0.05,0.05,16.37,58.0,75.5,-0.94,-1.44,-0.81,8,9
1772048040.309978,5378893,-0.11,0.04,0.2,-159.62,-68.06,94.19,8.81,11.0,-6.87,-0.07,0.06,0.0,16.37,58.13,75.69,-0.56,-0.69,-1.69,6,9
1772048040.500678,5379084,0.38,-0.18,0.1,-167.94,-65.75,97.31,2.25,20.56,-10.88,-0.01,0.01,0.09,16.31,57.5,75.62,-0.56,3.75,1.81,5,8
1772048040.692263,5379275,0.25,-0.3,0.03,-172.44,-62.13,99.81,9.75,23.81,-8.38,-0.07,-0.12,0.14,16.37,57.13,75.44,0.62,-1.81,-2.19,4,8
1772048040.883275,5379466,0.5,-0.69,-0.41,-178.75,-58.81,103.19,-13.56,0.5,-32.06,-0.04,0.26,-0.32,15.44,58.0,76.0,3.87,2.81,0.5,5,7
1772048041.07385,5379657,0.15,0.84,0.09,174.19,-58.5,96.44,-59.06,-11.94,-46.88,-0.13,-0.06,-0.08,15.81,57.56,75.31,-0.5,-2.37,0.94,4,7
1772048041.264268,5379847,0.72,0.59,0.02,173.12,-60.5,92.62,21.69,-25.06,-7.56,-0.06,0.06,-0.09,15.56,57.81,75.5,0.56,-0.13,-1.25,5,6
1772048041.454741,5380038,-3.76,-0.29,2.07,166.81,-69.62,97.94,21.19,-27.75,27.37,-0.09,-0.47,0.55,17.56,57.56,75.56,-2.12,20.25,16.62,5,5
1772048041.645653,5380229,0.8,-0.75,-0.34,174.87,-66.12,101.12,25.12,9.19,11.06,-0.19,-0.29,0.28,18.5,57.0,75.19,0.19,10.81,4.0,6,4
1772048041.836642,5380420,0.12,-0.59,-0.26,174.19,-67.5,102.81,-8.69,-13.0,5.87,0.14,-0.19,0.41,18.56,56.44,74.94,0.62,0.75,1.56,7,2
1772048042.027358,5380610,0.5,-0.62,0.24,-177.37,-70.81,95.75,-41.13,-24.5,7.44,0.0,0.06,-0.12,18.25,57.56,75.31,3.0,-5.5,-2.44,8,3
1772048042.217276,5380800,-0.44,0.84,0.66,-167.25,-74.5,85.69,-11.19,-8.13,9.06,-0.03,-0.05,-0.06,17.81,58.19,75.25,1.44,-1.31,-1.94,8,3
1772048042.407976,5380991,-0.15,-0.17,0.35,-158.62,-75.06,83.87,2.81,0.0,6.31,-0.05,0.28,-0.13,16.75,58.38,75.69,1.87,2.12,0.88,8,3
1772048042.599647,5381183,-0.98,0.97,0.57,-156.56,-73.75,82.69,13.13,25.75,6.44,-0.93,0.35,-0.95,17.31,57.31,75.19,-3.31,-12.69,-3.94,8,3
1772048042.790345,5381374,1.61,-0.53,-0.39,-169.25,-65.94,90.06,21.5,29.87,-15.0,-0.1,-0.02,0.57,18.19,56.56,74.81,-2.62,1.19,4.5,8,3
1772048042.981526,5381564,0.96,-0.77,-0.84,-177.87,-66.62,93.62,-16.37,-30.87,-23.31,-0.04,-0.51,0.23,19.62,56.13,73.75,-0.56,-4.75,-3.37,10,3
1772048043.170904,5381754,-4.25,0.66,1.92,-178.37,-77.25,88.56,-34.31,-25.81,12.13,-1.24,-0.09,-0.29,20.56,55.06,74.0,-5.31,7.62,12.56,10,3
1772048043.361852,5381945,-0.18,-0.97,-0.33,-174.5,-74.75,86.06,5.94,-36.13,10.69,0.15,0.14,0.75,19.12,54.81,74.44,-3.81,-19.25,-1.25,11,4
1772048043.553247,5382136,0.54,-0.08,-0.25,-166.31,-76.69,82.75,-10.94,-18.12,11.69,0.9,-0.23,1.05,17.5,56.56,74.12,1.69,-1.94,-5.0,10,3
1772048043.74368,5382327,1.71,0.4,-0.14,-153.44,-75.94,77.94,-6.31,25.06,5.87,0.26,-0.51,0.33,19.0,55.56,73.75,2.69,-2.87,2.94,9,4
1772048043.934674,5382518,-1.66,-0.32,0.69,-150.19,-79.19,78.81,-0.25,-69.56,4.31,-0.39,0.13,-0.39,17.81,56.81,73.87,-5.56,10.06,-1.44,9,3
1772048044.12453,5382708,3.45,-0.25,-0.77,-140.0,-79.62,77.62,5.25,26.31,-5.0,-0.26,0.99,-1.5,19.5,56.38,73.81,2.81,-23.37,-8.5,10,3
1772048044.315454,5382899,-4.13,-0.1,2.14,-123.56,-82.56,78.06,-9.13,-12.19,8.38,0.96,-0.06,2.06,18.94,55.69,72.87,-1.56,19.5,21.37,9,4
1772048044.506845,5383090,3.06,0.08,-0.68,-144.37,-77.5,73.87,-14.75,-9.5,-13.69,-0.04,0.01,-0.24,19.94,56.5,72.31,4.44,-11.44,-9.56,16,4
1772048044.69729,5383281,-3.31,0.11,0.58,-114.0,-82.87,74.06,-10.44,0.81,13.0,-0.49,0.04,0.11,20.37,56.31,72.06,-9.38,6.56,16.69,18,4
1772048044.887682,5383471,0.32,0.17,0.01,-131.37,-80.56,72.37,18.56,-21.75,-9.44,0.41,-0.08,0.43,19.37,57.0,72.44,6.06,-1.62,-7.44,17,4
1772048045.077525,5383661,-1.14,0.16,0.14,-124.94,-81.94,76.06,-1.44,0.13,15.38,-1.5,0.77,-1.37,18.75,56.63,73.12,-9.88,-18.19,-2.19,16,5
1772048045.269167,5383852,0.85,-0.12,-0.07,-129.69,-80.25,76.37,13.63,-16.62,-5.25,0.43,0.09,0.24,18.75,57.0,73.44,0.5,-0.44,-4.75,17,7
1772048045.460489,5384044,0.91,-0.41,-0.4,-128.12,-80.5,78.12,-0.06,22.75,4.5,-0.05,-0.07,-0.56,18.94,56.44,73.19,0.31,-10.19,-5.94,17,8
1772048045.651074,5384234,-0.59,0.26,0.61,-129.75,-79.37,77.56,16.56,10.19,5.31,-0.21,0.15,-0.24,18.31,57.31,73.5,0.88,-2.69,-1.69,18,8
1772048045.841669,5384425,0.23,0.29,0.08,-139.69,-76.06,79.87,34.25,30.37,14.06,-0.12,0.11,-0.14,18.06,57.5,73.69,0.75,0.88,-0.06,17,8
1772048046.031369,5384615,0.08,-0.16,0.04,-147.75,-72.12,85.19,27.44,8.31,7.31,-0.1,0.05,0.06,17.87,57.38,73.75,-0.31,2.44,2.06,17,8
1772048046.223202,5384806,0.19,-0.41,-0.06,-152.87,-71.06,89.75,7.25,3.19,-6.62,-0.11,-0.03,0.12,18.44,57.06,73.62,-1.19,1.12,1.0,17,8
1772048046.41436,5384997,0.42,-0.8,-0.12,-158.62,-71.62,91.5,-18.25,-5.06,-8.94,-0.07,0.08,-0.02,18.75,57.19,73.75,0.31,-1.87,0.5,10,8
1772048046.604903,5385188,-0.29,0.56,0.25,-160.25,-74.87,86.12,-30.62,-1.87,-13.19,-0.11,0.0,-0.02,18.69,57.31,73.62,1.5,-0.81,-1.0,8,9
1772048046.795562,5385379,-0.08,0.13,0.21,-155.19,-75.19,82.81,-7.69,-2.25,5.56,-0.05,0.01,-0.11,18.25,57.31,73.81,0.37,0.37,-0.75,8,10
1772048046.985996,5385569,0.02,0.13,0.12,-152.87,-74.94,81.44,0.69,3.94,2.12,-0.08,0.04,0.05,18.12,57.31,73.75,-0.69,-1.25,-0.88,7,9
1772048047.176897,5385760,-0.03,0.46,0.18,-153.12,-73.81,82.12,26.25,8.94,10.94,-0.08,0.0,-0.02,18.06,57.25,73.81,-0.69,0.94,-0.75,6,9
1772048047.367401,5385951,0.14,-0.53,0.04,-153.31,-71.87,86.94,16.12,0.69,4.12,-0.15,0.02,0.0,17.94,57.25,74.06,-1.19,-0.56,0.25,7,8
1772048047.558733,5386142,0.22,-0.13,-0.03,-156.31,-71.62,88.37,-1.06,2.37,-1.25,-0.06,-0.03,0.02,18.0,57.13,74.0,-0.88,-1.31,-0.5,5,8
1772048047.74826,5386331,0.15,-0.07,0.04,-156.75,-71.56,88.12,-2.12,-0.25,0.06,-0.16,0.02,-0.02,18.0,57.25,74.06,-0.13,-0.75,-0.44,5,8
1772048047.939345,5386522,0.1,-0.04,0.08,-156.37,-71.5,87.75,-2.94,0.88,-0.37,-0.04,-0.01,0.01,18.0,57.19,74.06,-0.5,-1.19,-0.56,5,8
1772048048.130372,5386714,0.03,-0.18,0.07,-156.5,-71.44,87.06,-5.5,2.87,-2.56,-0.1,0.02,0.02,18.0,57.19,74.06,1.0,0.75,0.56,6,8
1772048048.321124,5386904,0.22,-0.12,0.09,-158.06,-71.06,84.87,-17.75,3.0,-7.25,-0.11,0.0,0.0,18.0,57.25,74.06,0.31,-0.13,-0.19,5,7
1772048048.512173,5387095,0.01,0.33,0.13,-157.31,-72.06,81.5,-11.75,-4.37,-4.5,-0.08,-0.03,-0.06,17.94,57.25,74.06,-0.13,-0.5,-0.5,6,7
1772048048.702516,5387286,0.08,-0.06,0.14,-154.62,-72.44,80.94,3.69,-1.87,3.75,-0.07,0.06,0.04,17.81,57.25,74.12,0.44,0.13,-0.06,6,5
1772048048.891978,5387476,0.04,0.24,0.15,-154.06,-72.44,80.94,2.44,1.37,0.06,-0.08,0.07,-0.1,17.94,57.31,74.12,0.13,0.56,0.62,7,5
1772048049.083491,5387667,0.0,-0.18,0.03,-154.12,-71.87,83.25,21.87,1.56,6.62,-0.07,0.03,0.03,17.87,57.13,74.12,0.88,0.56,1.12,6,4
1772048049.274622,5387858,0.08,-0.2,0.0,-156.44,-71.5,86.25,3.81,-0.44,-1.12,-0.12,0.01,0.07,18.0,57.06,74.06,0.31,0.44,0.94,6,4
1772048049.465841,5388049,0.13,-0.17,0.0,-157.81,-71.5,86.87,0.13,1.62,-1.06,-0.11,0.02,-0.07,18.12,57.06,73.94,-0.37,0.94,-0.44,5,3
1772048049.656639,5388240,0.27,-0.33,0.07,-157.44,-71.81,86.56,-9.81,-5.12,-1.5,-0.13,0.05,0.01,18.06,57.13,74.0,-0.13,-0.5,-0.81,6,3
1772048049.847146,5388430,0.08,0.27,0.11,-156.19,-72.44,84.06,-7.44,0.56,-0.88,-0.08,-0.03,0.03,18.06,57.19,74.0,0.44,0.56,-0.13,6,4
1772048050.038178,5388621,0.06,-0.06,0.06,-155.31,-72.44,83.69,-0.81,-2.06,0.25,-0.11,0.04,0.04,17.94,57.19,74.12,-0.25,-0.62,-0.19,5,3
1772048050.228665,5388812,-0.04,0.09,0.02,-154.62,-72.69,83.44,-0.13,0.31,0.69,-0.07,0.02,-0.02,17.94,57.25,74.19,0.31,0.06,0.0,6,4
1772048050.419145,5389003,0.18,-0.1,0.03,-154.87,-72.44,84.31,6.75,2.0,2.56,-0.12,0.0,0.1,17.94,57.25,74.25,0.56,0.37,1.0,5,3
1772048050.610022,5389194,0.17,0.0,0.01,-156.31,-72.19,85.19,1.69,0.37,-0.56,-0.11,0.03,0.06,17.94,57.19,74.19,-0.06,0.06,0.19,5,3
1772048050.800836,5389384,0.05,-0.12,0.03,-157.12,-72.0,85.75,1.69,2.37,-0.44,-0.06,0.0,0.04,17.94,57.19,74.19,0.37,-0.62,-0.69,5,3
1772048050.991707,5389575,0.15,0.0,0.0,-157.69,-71.69,85.87,-0.25,-1.69,-0.13,-0.09,0.01,0.05,18.0,57.25,74.19,0.5,0.88,0.69,6,3
1772048051.182311,5389766,0.04,-0.07,0.02,-157.44,-71.81,85.87,-0.88,-0.56,1.31,-0.04,0.0,0.07,18.0,57.25,74.12,0.81,1.31,1.25,4,3
1772048051.373184,5389957,0.18,-0.1,0.04,-156.75,-71.87,85.37,-2.56,-3.0,-0.19,-0.11,0.0,0.0,18.0,57.13,74.12,0.44,-0.44,0.19,5,2
1772048051.563872,5390147,0.05,0.02,0.07,-156.25,-72.19,84.44,-3.81,-1.12,-0.25,-0.05,0.0,0.05,18.0,57.13,74.06,-0.37,0.44,0.19,5,3
1772048051.754658,5390338,0.05,-0.09,0.08,-155.75,-72.19,84.19,1.81,-1.06,0.94,-0.1,0.0,0.12,18.0,57.19,74.12,0.13,0.31,0.56,4,2
1772048051.945681,5390529,0.07,-0.05,0.07,-155.75,-72.19,84.19,0.44,2.62,-0.13,-0.06,0.02,0.03,18.0,57.19,74.19,0.13,-0.75,-0.19,5,3
1772048052.13639,5390720,0.06,-0.04,0.07,-156.06,-72.12,84.19,-0.19,-1.12,-0.75,-0.14,0.01,0.04,18.06,57.25,74.12,-0.06,-0.25,-0.19,6,2
1772048052.327567,5390911,0.16,-0.05,0.01,-156.06,-72.19,84.25,-0.37,0.5,0.19,-0.05,0.01,-0.01,18.06,57.25,74.19,-0.75,-2.31,-1.06,7,2
1772048052.51882,5391102,0.06,-0.1,0.03,-156.12,-72.19,84.31,-0.37,-0.75,0.0,-0.18,0.0,0.0,18.06,57.31,74.19,0.0,-0.31,-0.06,6,2
1772048052.709929,5391293,0.18,-0.04,0.05,-156.12,-72.12,84.31,0.19,-0.25,-0.06,-0.09,0.0,0.04,18.06,57.25,74.19,0.0,0.25,0.37,6,3
1772048052.901446,5391485,0.03,-0.05,0.09,-156.31,-72.25,84.56,1.12,0.31,0.0,-0.16,0.0,-0.03,18.12,57.19,74.12,0.06,0.31,0.94,6,3
1772048053.090838,5391674,0.04,-0.05,-0.02,-156.44,-71.81,86.0,13.44,1.25,2.81,-0.07,0.04,-0.05,18.12,57.13,74.12,1.06,0.44,0.88,7,3
1772048053.282728,5391866,0.0,-0.23,0.0,-158.19,-71.75,87.75,0.19,0.37,-1.12,-0.06,-0.04,0.06,18.19,57.06,74.12,0.13,-0.31,0.13,7,3
1772048053.475928,5392059,0.12,-0.1,-0.03,-158.75,-71.62,87.94,1.5,0.62,0.19,-0.12,0.05,-0.01,18.19,57.06,74.12,-0.13,-0.06,-0.25,7,3
1772048053.666751,5392250,0.02,-0.12,0.0,-158.37,-71.75,87.87,-4.19,-1.87,-0.13,-0.27,0.03,0.0,18.12,57.0,74.12,0.13,-1.5,-0.75,7,4
1772048053.857375,5392441,0.15,0.01,0.09,-158.44,-71.87,87.31,0.25,-1.0,0.94,-0.1,0.02,0.04,18.12,57.13,74.12,-0.56,-1.0,-0.75,6,3
1772048054.047658,5392631,0.1,-0.14,0.01,-158.31,-71.87,87.44,1.62,0.88,-0.5,-0.12,0.0,0.0,18.12,57.19,74.12,-0.56,-0.44,-0.13,6,3
1772048054.240751,5392824,0.13,-0.01,0.06,-158.31,-71.81,87.69,2.12,-0.81,2.56,-0.1,-0.05,0.14,18.12,57.19,74.19,-1.25,1.44,-0.75,5,4
1772048054.433192,5393017,0.2,-0.26,-0.04,-158.19,-71.25,89.44,11.56,2.0,3.31,-0.11,0.1,-0.04,18.06,57.25,74.31,-1.31,-1.5,-1.5,5,4
1772048054.624634,5393208,0.03,-0.12,0.0,-159.19,-71.19,90.75,1.69,0.25,-0.13,-0.1,0.01,0.07,18.12,57.19,74.31,0.25,0.75,0.0,6,3
1772048054.816308,5393400,0.16,-0.11,0.0,-159.81,-71.06,91.12,0.5,0.25,0.44,-0.07,-0.01,0.0,18.19,57.25,74.25,0.31,0.06,0.62,5,2
1772048055.007321,5393591,0.05,-0.1,0.04,-159.87,-71.12,91.44,1.56,-0.31,1.06,-0.14,0.09,0.04,18.12,57.19,74.25,0.0,0.81,0.31,5,3
1772048055.197887,5393782,0.14,0.06,-0.04,-159.87,-71.12,91.5,2.31,0.19,0.62,-0.08,0.02,0.0,18.19,57.19,74.12,0.94,1.37,1.0,5,4
1772048055.389714,5393973,0.0,0.02,0.0,-159.5,-71.06,92.87,10.13,-1.75,6.12,-0.09,-0.03,0.14,18.19,57.13,74.12,0.44,0.37,0.75,5,3
1772048055.582212,5394165,0.25,-0.19,0.0,-158.0,-70.62,95.25,21.44,-3.62,11.81,-0.04,-0.04,-0.02,18.19,57.06,74.31,-3.19,-0.69,-3.0,4,3
1772048055.773216,5394357,0.13,-0.42,0.02,-156.81,-70.56,98.62,8.94,-1.56,5.5,-0.15,0.03,0.02,18.12,57.13,75.12,-2.94,0.25,-2.25,4,3
1772048055.96251,5394546,0.06,-0.11,0.0,-156.87,-70.5,99.19,-0.88,1.56,1.75,-0.16,0.12,0.05,17.62,57.06,75.5,0.75,0.37,-1.25,4,3
1772048056.152523,5394736,0.2,0.26,-0.14,-155.06,-69.56,97.87,3.62,2.06,9.63,-0.14,-0.03,0.1,17.31,56.81,75.62,-0.81,1.31,0.56,6,2
1772048056.344483,5394928,0.53,0.13,0.29,-149.5,-65.0,107.0,138.81,-4.06,94.25,-0.06,0.15,0.13,16.37,57.19,76.44,-3.37,-3.31,-10.06,7,3
1772048056.536033,5395119,0.0,-1.6,-0.11,-145.19,-59.88,122.81,27.44,-7.19,15.19,-0.13,0.14,-0.06,15.56,58.06,77.75,-2.06,-3.12,-0.37,8,3
1772048056.727028,5395310,0.0,-0.65,0.01,-146.62,-60.75,125.94,2.69,-0.31,-3.87,-0.07,-0.01,-0.05,16.12,58.19,77.81,-0.75,-0.94,0.37,8,3
1772048056.916422,5395500,0.27,-1.26,-0.07,-149.87,-61.63,128.19,-16.25,-2.5,-7.0,-0.07,0.0,0.0,16.19,58.38,77.62,2.5,-2.06,0.62,7,3
1772048057.106275,5395690,-0.18,-0.09,0.46,-149.94,-68.06,117.12,-108.94,2.5,-79.75,-0.12,0.02,-0.1,16.56,58.44,76.87,2.69,1.44,3.5,7,3
1772048057.298007,5395882,0.15,0.29,0.22,-158.0,-71.37,105.69,-48.69,2.12,-19.56,-0.05,-0.02,0.01,16.81,57.94,76.37,-0.69,-0.25,1.0,8,3
1772048057.488989,5396073,0.19,0.2,0.14,-159.87,-72.0,100.06,-20.62,2.44,-10.38,-0.09,-0.02,0.05,17.0,57.81,76.12,0.13,1.31,1.44,8,3
1772048057.680237,5396263,0.07,-0.02,0.17,-159.37,-72.12,97.12,-15.31,1.0,-2.06,-0.06,-0.04,0.0,17.06,57.69,76.06,-0.56,-1.0,0.31,9,3
1772048057.869929,5396453,0.08,0.02,0.24,-158.25,-72.81,92.87,-30.5,-4.19,-11.25,-0.15,-0.02,0.0,17.12,57.69,76.06,0.19,-0.5,0.25,8,3
1772048058.059697,5396643,0.06,0.4,0.22,-156.12,-73.81,88.37,-8.44,0.56,-0.81,-0.07,-0.01,0.0,17.12,57.63,76.06,0.13,0.44,-0.5,7,3
1772048058.251329,5396835,-0.02,0.0,0.17,-153.81,-73.75,87.75,0.69,0.69,0.81,-0.06,-0.01,0.01,17.06,57.63,76.06,-0.5,0.0,0.13,6,3
1772048058.442235,5397026,0.12,0.22,0.17,-154.25,-73.06,88.75,23.81,3.81,8.13,-0.11,0.02,0.04,17.12,57.56,76.12,-1.25,0.56,-0.94,4,3
1772048058.63327,5397217,0.09,-0.09,0.06,-155.69,-72.37,92.56,15.63,0.81,2.56,-0.17,-0.1,0.15,17.5,57.31,76.06,0.19,-0.44,1.31,4,3
1772048058.823676,5397407,0.18,-0.15,0.03,-159.5,-72.12,95.75,6.44,-0.19,-3.44,-0.05,0.04,-0.02,17.69,57.38,76.0,-0.75,-0.13,1.0,5,3
1772048059.013653,5397597,-0.02,-0.19,0.07,-161.19,-72.56,97.25,3.94,1.0,-2.62,-0.06,0.08,-0.03,17.81,57.38,75.94,-1.31,0.5,-0.94,5,2
1772048059.205264,5397789,0.06,-0.11,0.06,-161.5,-72.44,97.94,2.12,-0.25,-0.31,-0.12,0.02,-0.02,17.94,57.31,75.87,-0.13,-0.37,-1.0,3,2
1772048059.395948,5397980,0.08,-0.15,0.03,-162.06,-72.44,98.37,-0.69,0.0,-0.25,-0.05,-0.06,0.08,17.87,57.25,75.87,-0.62,0.94,0.13,4,2
1772048059.586751,5398170,0.07,-0.15,0.04,-162.12,-72.5,98.25,1.81,0.94,-1.5,-0.17,0.03,-0.01,17.87,57.31,75.94,-0.25,-0.81,-0.19,3,2
1772048059.777091,5398361,0.12,0.0,0.02,-162.37,-72.44,98.44,-0.44,-0.06,0.44,-0.13,0.06,0.02,17.94,57.25,75.94,-0.81,0.25,-0.19,4,2
1772048059.967094,5398551,0.09,-0.06,0.06,-162.81,-72.37,98.62,2.06,0.19,-1.06,-0.08,0.02,0.09,17.94,57.25,75.87,0.62,0.5,0.0,4,3
1772048060.158435,5398742,0.08,0.08,0.04,-162.87,-72.37,98.56,-1.19,0.44,-0.81,-0.13,0.01,-0.03,18.0,57.25,75.87,0.44,1.0,0.13,4,3
1772048060.349348,5398933,0.03,-0.04,0.07,-163.0,-72.31,98.69,-1.44,0.13,0.88,-0.04,-0.04,0.08,17.94,57.19,75.87,-0.13,0.37,0.31,4,3
1772048060.540349,5399124,0.12,-0.09,0.0,-163.0,-72.19,98.69,1.31,-0.37,-0.37,-0.12,-0.02,0.02,18.0,57.19,75.87,-0.56,-0.25,0.44,4,3
1772048060.730945,5399315,0.07,-0.04,0.02,-163.0,-72.37,98.87,0.19,-0.37,1.06,-0.08,-0.01,0.03,18.06,57.19,75.87,0.5,-0.31,0.13,4,3
1772048060.921679,5399505,0.13,-0.05,0.01,-162.94,-72.37,98.81,0.25,0.19,0.06,-0.15,0.01,-0.01,18.06,57.19,75.87,-0.13,-1.56,-0.44,4,3
1772048061.112369,5399696,0.1,-0.1,0.04,-163.06,-72.37,98.94,-0.19,0.94,0.13,-0.1,0.0,0.06,18.06,57.19,75.94,-0.56,-0.44,-0.13,4,4
1772048061.302776,5399886,0.16,-0.01,0.06,-163.25,-72.31,99.0,1.44,0.0,-0.81,-0.17,0.05,0.05,18.06,57.19,75.94,0.06,0.62,-0.37,4,3
1772048061.493548,5400077,0.11,-0.1,0.02,-163.44,-72.31,99.12,-2.25,1.06,-0.94,-0.07,-0.05,0.11,18.0,57.13,75.94,0.69,0.88,0.37,5,4
1772048061.68452,5400268,0.0,-0.11,0.03,-163.44,-72.25,99.0,0.19,-1.06,-0.75,-0.16,0.02,-0.02,18.0,57.19,75.94,0.0,-1.56,-0.25,4,3
1772048061.874694,5400458,0.13,0.0,0.04,-163.31,-72.31,98.87,-0.69,-1.44,0.62,-0.13,0.03,-0.02,18.06,57.19,75.87,-0.37,-1.0,0.19,5,2
1772048062.065653,5400649,0.04,-0.16,0.06,-163.69,-72.5,99.12,1.44,0.62,-0.94,-0.08,0.01,0.02,18.12,57.19,75.87,-0.19,0.19,0.13,5,2
1772048062.256658,5400840,0.03,-0.01,0.07,-163.69,-72.44,99.0,-0.75,0.37,0.0,-0.1,-0.02,0.0,18.12,57.13,75.87,-0.75,-1.69,-0.62,5,2
1772048062.447096,5401031,0.05,-0.12,0.02,-163.87,-72.37,99.12,-0.88,0.88,0.06,-0.1,-0.04,0.11,18.19,57.19,75.87,0.44,0.44,0.56,5,2
1772048062.637865,5401221,0.14,-0.15,0.04,-164.19,-72.31,99.19,1.37,-0.75,-0.19,-0.1,-0.02,0.03,18.06,57.25,75.94,0.5,-0.44,0.69,5,2
1772048062.828274,5401412,0.05,0.0,0.03,-164.62,-72.25,99.06,0.25,0.37,-0.81,-0.13,0.0,0.06,18.06,57.19,75.87,0.56,0.31,0.31,5,2
1772048063.01969,5401603,0.13,-0.05,0.01,-165.25,-72.25,99.31,-0.31,-1.31,-3.12,-0.2,0.03,0.02,18.0,57.31,75.81,-0.13,-0.25,-0.19,4,2
1772048063.209785,5401794,0.0,0.03,0.04,-165.87,-72.44,99.69,0.69,1.31,-0.69,-0.09,-0.02,0.05,18.0,57.31,75.81,0.13,-0.13,0.5,5,2
1772048063.40081,5401985,0.12,-0.19,0.01,-167.19,-72.25,100.31,0.81,0.13,-0.5,-0.1,-0.01,0.09,18.0,57.38,75.81,-0.25,0.62,0.19,5,2
1772048063.591357,5402175,0.05,-0.01,-0.02,-167.06,-72.19,100.12,-1.37,1.06,0.37,-0.05,0.01,0.09,18.0,57.44,75.81,0.62,0.44,0.06,5,3
1772048063.78208,5402366,0.12,-0.03,0.02,-166.62,-72.12,99.69,-2.5,-0.06,0.75,-0.18,0.0,0.0,18.0,57.44,75.87,-0.44,-0.75,-0.69,5,3
1772048063.973141,5402557,0.12,-0.22,0.02,-165.87,-72.19,99.0,-5.69,-1.56,-1.06,-0.09,0.02,0.0,17.94,57.44,75.81,0.37,-0.19,0.31,5,4
1772048064.163733,5402747,0.06,0.09,0.09,-165.56,-72.44,97.5,-4.37,-0.25,-0.5,-0.17,0.02,-0.07,17.87,57.38,75.69,1.0,0.44,-0.19,6,4
1772048064.354293,5402938,0.07,0.06,0.08,-165.12,-72.5,97.06,-1.56,-0.06,1.0,-0.12,-0.02,0.11,17.81,57.25,75.69,0.0,0.25,0.56,5,4
1772048064.545086,5403129,0.1,-0.14,0.03,-165.5,-72.37,97.06,1.12,0.94,-1.06,-0.12,-0.03,0.0,17.87,57.19,75.62,-0.31,-0.19,0.75,6,4
1772048064.735447,5403319,0.06,0.06,0.14,-166.0,-72.37,97.25,1.87,0.75,1.19,-0.09,0.0,0.17,18.12,57.06,75.75,-1.19,1.37,-0.37,5,4
1772048064.926542,5403510,0.09,-0.02,0.02,-166.75,-72.06,97.94,2.75,3.81,-2.37,-0.06,-0.06,0.0,18.5,57.0,75.62,0.13,0.19,1.5,6,4
1772048065.117216,5403701,0.02,-0.22,0.04,-168.87,-71.87,99.06,2.06,0.06,-1.75,-0.13,0.05,0.04,18.56,57.06,75.5,-0.5,0.31,-0.75,5,4
1772048065.307569,5403891,-0.03,0.11,0.05,-168.75,-71.81,98.87,-1.62,1.81,-1.0,-0.13,-0.03,0.01,18.44,57.0,75.56,0.0,-1.25,-1.75,6,4
1772048065.498556,5404082,0.1,0.0,0.03,-169.25,-71.5,99.0,-1.37,1.5,0.06,0.07,-0.13,0.16,18.25,57.0,75.62,-0.37,-1.19,-0.25,6,4
1772048065.688724,5404273,0.09,-0.09,0.04,-169.5,-71.31,99.06,1.62,1.44,0.25,-0.07,0.0,0.13,18.19,57.06,75.69,0.31,0.75,0.31,5,3
1772048065.879873,5404464,0.14,-0.01,0.02,-169.56,-71.19,98.94,-0.19,0.19,0.25,-0.14,0.0,0.01,18.25,57.06,75.69,-0.25,0.69,0.19,5,3
1772048066.070808,5404654,0.09,-0.07,0.07,-169.44,-71.25,98.94,-1.19,-0.81,0.19,-0.11,0.0,0.0,18.19,57.06,75.69,0.0,0.06,-0.19,5,3
1772048066.261599,5404845,0.03,0.1,0.02,-168.94,-71.37,98.5,-1.75,0.25,0.13,-0.13,0.04,-0.05,18.25,57.13,75.69,0.37,-0.5,-0.06,5,3
1772048066.452894,5405036,0.13,-0.05,0.01,-168.62,-71.37,98.31,-1.87,-0.75,-0.13,-0.13,-0.01,0.07,18.25,57.13,75.69,-0.13,0.56,0.25,5,2
1772048066.642905,5405227,0.1,0.0,0.05,-168.31,-71.56,97.69,-3.69,-0.25,-1.25,-0.1,0.02,0.0,18.25,57.13,75.69,0.13,-0.56,0.31,5,3
1772048066.834052,5405418,0.04,-0.02,0.12,-168.12,-71.62,97.37,-0.56,-0.13,-0.13,-0.08,0.05,0.05,18.19,57.13,75.69,-0.19,0.75,0.13,5,2
1772048067.024204,5405608,0.03,0.15,0.05,-168.06,-71.31,97.31,2.12,2.37,-0.31,-0.06,0.0,0.11,18.19,57.06,75.62,0.37,1.06,0.31,5,2
1772048067.21513,5405799,0.13,-0.05,0.02,-169.37,-70.94,98.12,0.88,0.13,0.25,-0.12,-0.04,0.1,18.25,57.0,75.62,0.31,0.25,0.94,4,2
1772048067.406299,5405990,0.11,-0.12,0.04,-170.0,-70.81,98.5,1.44,0.56,0.0,-0.11,0.03,0.05,18.31,57.06,75.56,-0.19,-0.75,-0.75,4,2
1772048067.596552,5406180,0.05,0.01,0.08,-169.94,-70.69,98.37,-1.12,0.13,0.56,0.02,-0.01,0.12,18.25,57.06,75.56,-0.19,-0.19,-0.44,4,2
1772048067.787284,5406371,0.15,0.05,0.02,-169.94,-70.5,98.31,0.62,1.19,-0.37,-0.13,0.01,0.01,18.25,57.19,75.62,-0.06,0.81,0.44,4,3
1772048067.978285,5406562,0.12,-0.07,0.04,-170.0,-70.5,98.37,-0.44,0.31,-0.06,-0.18,-0.02,0.01,18.19,57.19,75.69,-1.0,-2.19,-0.88,4,3
1772048068.167757,5406751,0.1,-0.06,0.02,-169.94,-70.5,98.37,-0.44,-0.94,0.31,-0.07,-0.03,0.09,18.19,57.25,75.75,-0.31,-1.44,-0.69,4,3
1772048068.359531,5406943,0.1,-0.02,0.05,-169.81,-70.56,98.25,-0.94,0.06,0.5,-0.19,-0.01,0.02,18.19,57.25,75.75,0.13,-0.75,-0.37,4,3
1772048068.550443,5407134,0.12,-0.03,0.06,-169.5,-70.62,98.0,-1.56,-2.62,0.06,-0.11,-0.03,0.05,18.19,57.31,75.75,-0.44,-3.25,-1.0,3,3
1772048068.741069,5407325,0.02,-0.12,0.07,-169.25,-71.0,97.75,-2.37,-1.31,-0.5,-0.11,0.0,0.06,18.19,57.38,75.75,-0.25,-1.31,-0.19,3,3
1772048068.931671,5407516,0.12,0.06,0.09,-168.75,-70.94,96.75,-3.19,1.12,-0.13,-0.1,0.0,0.05,18.19,57.31,75.69,0.13,0.06,0.19,3,3
1772048069.122125,5407706,0.1,-0.01,0.04,-168.62,-70.87,96.56,0.0,0.5,0.31,-0.09,0.0,0.05,18.12,57.31,75.69,0.19,0.25,0.25,3,4
1772048069.313432,5407897,0.11,0.01,0.04,-168.75,-70.75,96.56,0.81,1.37,0.19,-0.25,0.0,-0.02,18.19,57.25,75.69,0.13,-0.37,-0.19,4,4
1772048069.504141,5408088,0.04,-0.07,0.1,-169.0,-70.81,96.87,0.81,-0.44,-0.13,-0.01,-0.04,0.13,18.19,57.25,75.69,0.37,1.69,0.81,3,3
1772048069.694604,5408279,0.06,0.0,0.05,-168.94,-70.75,96.87,0.13,0.56,-0.06,-0.15,-0.01,0.0,18.19,57.19,75.69,0.06,0.25,-0.06,3,3
1772048069.885387,5408469,0.03,-0.01,0.06,-168.87,-70.75,97.12,4.37,-0.37,3.0,-0.15,0.0,0.12,18.19,57.13,75.69,-0.37,1.06,0.19,4,5
1772048070.074944,5408659,0.11,0.45,-0.06,-166.56,-70.37,98.94,33.5,0.94,24.37,-0.36,0.16,-0.03,18.44,57.0,75.75,-5.0,2.12,2.0,5,5
1772048070.266524,5408850,0.13,-1.97,0.02,-149.31,-64.37,113.19,133.94,-24.31,114.69,-0.32,0.15,-0.13,16.62,57.56,76.69,1.25,2.06,-5.31,6,5
1772048070.457707,5409042,0.05,-0.58,0.02,-142.87,-61.69,119.31,1.5,-2.81,4.19,-0.07,0.04,-0.06,16.19,58.0,77.19,-1.25,-0.37,0.69,8,6
1772048070.648546,5409232,0.17,-0.74,-0.11,-143.69,-62.0,119.87,3.06,1.44,-2.37,-0.09,-0.13,0.06,16.44,57.94,77.12,-0.44,0.31,0.81,8,5
1772048070.839647,5409423,0.09,-0.43,0.01,-147.19,-62.81,121.75,-8.25,3.5,-11.44,-0.03,0.01,0.06,16.44,57.88,77.06,0.81,-2.37,-1.0,8,5
1772048071.029968,5409614,0.18,-0.1,0.02,-150.5,-63.0,120.87,-12.0,7.5,-10.75,-0.07,0.0,0.05,16.25,58.0,77.0,0.25,-0.13,0.06,8,5
1772048071.221081,5409805,0.26,-0.33,-0.05,-152.87,-62.75,119.69,-12.75,4.62,-9.25,-0.1,-0.02,0.07,16.31,57.94,76.87,0.0,-0.44,0.5,7,4
1772048071.411705,5409995,0.15,-0.15,0.06,-153.87,-63.0,117.69,-11.25,2.06,-5.94,-0.03,0.01,0.0,16.31,57.88,76.87,0.0,-0.81,-0.13,8,5
1772048071.602346,5410186,0.25,-0.01,0.07,-153.87,-62.94,115.56,-8.0,2.81,-4.06,-0.1,-0.01,0.03,16.37,57.94,76.87,0.13,-0.94,0.13,8,5
1772048071.793342,5410377,0.19,-0.11,0.06,-154.12,-63.06,114.94,-2.56,0.69,-1.75,-0.1,0.05,0.06,16.37,57.94,76.87,-0.06,-0.44,0.06,8,3
1772048071.984131,5410568,0.25,-0.22,0.03,-154.25,-63.13,114.5,-5.0,0.31,-2.06,-0.1,-0.04,0.06,16.37,57.88,76.81,-0.25,0.5,0.5,7,3
1772048072.175801,5410760,0.33,-1.26,0.0,-153.87,-64.06,112.56,-31.75,-5.75,-15.5,-0.07,0.09,0.15,16.31,57.75,76.81,-1.0,1.81,1.5,5,3
1772048072.366183,5410950,-0.16,0.87,0.65,-155.75,-68.87,95.5,-86.37,10.38,-26.87,-0.1,-0.04,-0.04,17.19,57.38,76.19,-2.06,-0.88,-2.12,5,3
1772048072.556214,5411140,0.03,0.85,0.5,-153.31,-70.12,84.31,-28.5,0.69,-13.81,-0.11,0.01,0.16,16.94,57.25,76.12,-0.19,1.56,-1.25,4,3
1772048072.747416,5411331,0.06,0.54,0.36,-150.12,-70.56,81.12,-2.62,-2.5,-1.94,-0.1,-0.03,0.01,16.81,57.19,76.12,0.31,0.13,-1.0,5,3
1772048072.939203,5411523,0.08,0.93,0.47,-152.94,-70.87,80.94,3.94,2.87,-10.0,-0.06,-0.15,-0.06,17.06,57.06,76.19,-0.94,1.62,-0.31,5,3
1772048073.131205,5411715,0.07,-0.01,0.25,-155.31,-69.44,86.19,23.94,5.12,-6.12,-0.22,0.0,-0.09,17.06,56.81,76.31,-0.62,-0.13,0.56,5,3
1772048073.320635,5411904,-0.04,-0.37,0.18,-158.06,-69.25,90.69,1.87,-1.19,-2.44,-0.08,-0.07,0.02,17.19,56.75,76.31,0.37,0.06,0.75,5,3
1772048073.510527,5412094,0.12,-0.25,0.19,-158.69,-69.69,90.25,-10.56,-5.12,-3.12,-0.12,0.0,0.04,17.25,56.81,76.31,0.5,-0.5,-0.13,5,3
1772048073.701944,5412286,0.02,0.05,0.24,-157.69,-70.87,87.62,-15.94,-4.44,-3.37,-0.07,-0.06,0.07,17.19,56.81,76.31,1.0,-0.13,0.5,5,3
1772048073.893701,5412478,0.03,0.09,0.2,-155.94,-71.12,85.87,2.12,0.19,0.88,-0.08,0.0,0.04,17.19,56.94,76.31,-0.13,-0.25,0.13,5,3
1772048074.084465,5412669,0.12,0.01,0.11,-156.06,-70.94,86.12,1.81,2.5,0.94,-0.1,0.01,0.02,17.25,56.88,76.25,0.25,-0.25,0.44,5,3
1772048074.273867,5412858,0.13,-0.05,0.1,-156.19,-70.62,86.31,4.37,0.69,1.12,-0.09,-0.01,0.05,17.31,56.81,76.19,0.56,0.94,0.75,5,3
1772048074.463874,5413048,0.04,-0.15,0.14,-156.69,-70.69,86.37,-3.69,0.5,-1.94,0.05,-0.06,0.18,17.37,56.75,76.12,0.37,1.12,0.88,5,3
1772048074.656352,5413240,-0.26,-0.68,0.65,-165.19,-69.19,79.19,-108.5,37.63,-71.69,0.05,0.07,0.1,18.0,56.69,75.75,-1.44,-0.94,5.56,5,3
1772048074.847898,5413432,0.77,1.99,0.56,-175.19,-66.31,63.19,-26.69,-3.25,-6.62,-0.14,-0.02,-0.2,18.75,56.56,75.31,-0.31,1.69,-2.56,5,3
1772048075.038623,5413623,-1.7,0.65,0.53,-159.44,-69.25,68.75,101.81,-25.5,71.19,-0.02,-0.12,0.31,17.69,56.5,76.12,0.56,1.31,-3.56,6,4
1772048075.228316,5413812,-0.38,-0.38,0.17,-151.62,-68.19,80.31,38.0,-12.31,17.56,-0.11,0.01,0.1,17.19,56.88,76.37,-0.44,-2.5,-0.56,6,4
1772048075.418034,5414002,0.02,-0.15,0.14,-152.44,-68.62,84.31,10.06,-1.12,-2.94,-0.06,-0.04,-0.01,17.31,57.0,76.37,-0.13,-2.19,-1.44,5,4
1772048075.610156,5414194,0.0,0.04,0.12,-155.25,-68.75,87.25,13.0,1.81,-1.0,-0.08,0.0,-0.04,17.19,57.06,76.44,-0.06,-0.44,-0.94,5,3
1772048075.801202,5414385,0.13,-0.2,0.04,-157.25,-68.62,90.06,4.31,-1.44,-0.19,-0.03,0.02,0.08,17.0,57.0,76.37,0.56,-0.19,0.31,6,4
1772048075.992414,5414576,0.14,-0.01,0.12,-157.5,-68.75,90.31,0.25,0.44,-0.75,-0.13,-0.01,0.09,17.12,57.0,76.31,-0.75,-0.56,-0.37,5,3
1772048076.18399,5414768,0.2,-0.01,0.11,-157.94,-68.75,90.81,0.62,-1.25,-0.25,-0.09,-0.05,0.09,17.12,57.0,76.31,-0.88,0.31,-0.31,6,4
1772048076.374469,5414958,0.18,-0.07,0.05,-158.69,-68.69,91.62,2.87,1.0,-0.44,-0.16,-0.02,0.01,17.12,57.06,76.37,-0.25,-0.75,-0.81,5,4
1772048076.565873,5415150,0.18,-0.06,0.08,-159.62,-68.5,92.75,4.5,1.94,-0.75,-0.09,0.03,0.0,17.12,57.19,76.44,-0.56,0.81,0.44,4,3
1772048076.757415,5415342,0.21,-0.23,0.06,-160.94,-68.37,93.81,2.25,0.56,-1.62,-0.13,0.01,0.07,17.19,57.13,76.25,0.06,0.0,0.31,5,3
1772048076.947135,5415531,0.11,-0.12,0.07,-161.12,-68.56,94.19,-0.13,-1.81,-0.06,-0.16,0.03,0.06,17.31,57.06,76.12,0.06,-0.13,-0.13,4,3
1772048077.137689,5415722,0.2,-0.14,0.07,-160.87,-68.62,93.87,-4.0,-0.62,-0.81,-0.03,-0.05,0.09,17.25,57.0,76.06,0.81,-1.12,-0.06,4,2
1772048077.32757,5415911,0.01,-0.01,0.1,-160.25,-69.19,92.25,-12.25,-2.94,-3.0,-0.12,-0.02,0.06,17.25,57.19,76.12,0.13,-0.37,-0.25,4,2
1772048077.518839,5416103,0.17,0.04,0.14,-159.0,-69.5,90.37,-2.56,-0.94,1.44,-0.11,0.05,0.02,17.12,57.31,76.19,-0.62,0.19,-0.19,4,2
1772048077.708956,5416293,0.1,-0.04,0.09,-158.12,-69.56,89.69,0.88,1.19,0.13,-0.09,-0.01,0.03,17.12,57.38,76.37,-0.88,-0.5,-1.56,3,2
1772048077.899122,5416483,0.15,0.07,0.08,-158.12,-69.44,90.25,11.69,-0.19,1.81,-0.05,0.02,-0.02,17.19,57.44,76.37,-0.19,-0.25,0.69,3,2
1772048078.088696,5416673,0.12,-0.21,0.05,-159.25,-69.25,93.0,10.63,0.13,1.44,-0.13,0.07,0.0,17.19,57.38,76.37,0.19,-0.81,-1.25,2,2
1772048078.278395,5416863,0.13,-0.06,0.02,-159.94,-69.19,94.81,5.87,-0.19,2.44,-0.08,-0.03,0.04,17.12,57.31,76.37,0.62,1.0,0.19,2,2
1772048078.470165,5417054,0.12,0.12,-0.06,-159.44,-69.0,96.56,18.69,-1.81,12.94,-0.16,-0.14,0.11,17.0,57.25,76.31,-0.31,-0.88,-0.44,3,1
1772048078.661085,5417245,0.45,0.13,0.43,-151.94,-65.0,105.62,135.06,-5.5,103.75,-0.13,-0.2,0.1,16.12,57.44,76.87,-2.31,-6.87,-11.25,2,2
1772048078.85188,5417436,0.04,-1.28,0.13,-144.25,-59.31,118.31,29.94,-7.87,23.5,-0.07,0.14,-0.09,15.19,58.44,78.62,-5.62,-7.31,-5.56,3,2
1772048079.041406,5417626,0.04,-0.67,0.15,-144.37,-59.94,121.19,6.37,2.75,-0.13,-0.11,0.05,-0.01,15.0,58.81,79.5,0.31,3.31,-0.88,3,2
1772048079.231696,5417816,0.25,-0.43,-0.13,-144.69,-59.81,121.06,-0.88,9.06,-4.87,-0.09,0.12,0.04,14.38,58.81,79.56,1.06,-0.44,0.13,4,2
1772048079.423312,5418007,0.22,-0.42,-0.14,-146.69,-59.5,121.0,-2.56,0.37,-2.25,-0.09,0.05,-0.06,14.5,58.63,79.19,1.87,-0.44,1.62,4,2
1772048079.614309,5418198,0.17,-0.46,-0.11,-147.44,-59.63,121.31,1.37,2.56,2.0,-0.03,-0.02,-0.13,14.56,58.5,78.62,2.25,-3.69,1.0,4,3
1772048079.805314,5418389,0.15,-0.42,-0.02,-148.06,-59.69,121.75,-0.19,-1.62,-0.06,-0.11,-0.05,-0.02,14.81,58.63,78.06,1.5,-3.5,0.81,4,3
1772048079.994865,5418579,0.07,-0.33,0.14,-148.81,-60.13,122.5,-3.19,0.37,-0.31,-0.08,-0.05,0.0,14.75,58.69,77.5,3.56,0.44,2.0,5,2
1772048080.18537,5418769,0.24,-0.32,0.07,-149.25,-60.13,122.12,-4.12,2.0,-1.31,-0.14,-0.01,-0.04,14.5,58.63,76.87,3.62,-0.81,0.69,5,2
1772048080.376542,5418961,0.23,-0.34,0.07,-149.25,-60.13,121.62,-4.31,1.0,0.5,-0.06,-0.1,0.05,14.13,58.69,76.5,2.06,0.31,0.56,5,3
1772048080.567808,5419152,-0.2,-0.27,0.53,-149.94,-62.75,116.19,-100.5,-0.62,-80.44,-0.04,-0.09,0.03,14.5,58.63,75.87,3.12,1.87,6.31,5,3
1772048080.757939,5419342,0.22,0.35,0.3,-158.87,-66.37,107.5,-44.44,0.13,-31.81,-0.04,0.05,0.0,14.63,58.38,75.44,1.37,0.62,0.44,6,2
1772048080.948284,5419532,0.04,0.1,0.28,-162.12,-67.5,103.25,-22.12,3.25,-12.56,-0.07,-0.05,0.15,14.69,58.13,75.12,0.62,2.37,2.19,6,2
1772048081.13929,5419723,0.26,-0.24,0.2,-163.12,-67.87,98.81,-38.31,-2.56,-19.12,-0.16,0.1,-0.26,14.81,58.06,75.06,-0.94,-1.44,-0.06,6,2
1772048081.330289,5419914,0.0,0.58,0.52,-164.31,-70.62,91.44,-34.06,-15.56,-22.06,-0.09,-0.1,-0.03,15.06,58.13,75.25,-1.87,-1.0,-2.19,6,2
1772048081.520663,5420105,0.08,0.11,0.33,-165.56,-73.25,90.12,6.56,1.06,-6.31,-0.09,0.08,0.04,14.75,58.19,75.75,-1.56,0.44,-1.37,6,2
1772048081.711663,5420296,0.05,0.03,0.19,-167.37,-73.56,92.56,17.81,-1.56,7.81,-0.09,0.05,0.06,14.69,58.13,76.06,-0.94,-0.37,-1.31,6,2
1772048081.901713,5420486,0.01,-0.14,0.18,-165.56,-73.62,94.69,5.94,0.88,2.06,-0.08,0.0,-0.05,14.69,58.25,76.12,0.0,-0.19,0.5,6,2
1772048082.091938,5420676,-0.35,0.04,0.06,-165.69,-73.56,94.94,1.56,2.5,2.0,0.02,0.09,0.03,14.94,58.19,75.87,1.81,1.62,2.75,8,3
1772048082.283901,5420868,1.68,1.34,-0.07,-156.94,-72.31,95.75,94.12,-38.31,90.87,-0.72,-0.41,0.17,15.06,57.31,76.06,-3.19,-1.44,-9.06,8,4
1772048082.47447,5421058,-0.04,-1.2,0.17,-132.06,-64.12,108.37,86.06,-16.5,70.06,-0.17,0.24,-0.04,12.56,58.38,77.75,1.69,-3.31,-4.75,10,5
1772048082.665306,5421249,1.07,-0.35,0.01,-130.44,-59.94,114.0,20.62,-7.62,12.19,-0.07,-0.04,-0.07,11.75,59.06,78.31,-1.75,5.37,0.69,9,5
1772048082.855545,5421440,0.16,-0.71,-0.08,-129.56,-60.13,118.12,18.0,-5.25,6.06,-0.35,-0.52,0.0,11.81,59.19,78.81,-3.87,-1.62,-0.37,9,5
1772048083.046156,5421630,0.76,-0.56,-0.16,-130.25,-60.31,120.75,4.5,-4.12,7.62,-0.07,-0.08,0.12,12.06,59.31,79.12,-1.06,0.56,-0.37,8,5
1772048083.237107,5421821,0.17,-0.63,-0.09,-129.44,-60.19,122.62,0.94,-8.94,1.5,-0.07,0.06,0.06,12.06,59.56,79.37,-1.0,0.19,0.0,8,5
1772048083.428413,5422012,0.35,-0.25,-0.11,-129.81,-60.88,123.25,-2.5,1.87,-2.75,-0.07,-0.06,-0.11,12.25,59.75,79.31,-1.69,-1.56,-1.06,8,6
1772048083.618598,5422203,0.03,-0.4,0.0,-128.75,-61.13,123.56,4.56,2.69,0.75,-0.12,0.03,-0.08,12.5,59.5,79.37,-0.69,-1.19,0.5,8,6
1772048083.808814,5422393,0.17,-0.35,-0.02,-130.87,-60.94,124.19,-2.44,3.0,-0.56,-0.14,0.0,0.03,12.56,59.44,79.31,0.31,0.31,0.88,7,6
1772048083.999476,5422584,0.07,-0.41,0.01,-132.94,-60.81,124.5,-0.94,6.56,-6.69,-0.08,0.02,-0.02,12.94,59.38,79.0,1.56,-0.44,1.62,5,5
1772048084.190485,5422775,-0.04,-1.03,0.16,-138.5,-62.81,122.87,-62.13,22.12,-64.06,-0.13,0.0,0.05,13.44,59.25,78.06,2.69,-1.0,4.37,5,4
1772048084.380974,5422965,-0.06,0.45,0.53,-153.5,-68.87,113.37,-105.56,9.94,-95.06,-0.03,-0.15,0.04,14.13,58.75,76.81,3.5,2.06,2.37,3,3
1772048084.572047,5423156,-0.48,0.84,0.59,178.69,-69.25,106.62,-54.06,39.44,-59.63,0.07,-0.08,0.05,14.25,58.75,76.56,0.25,4.0,3.19,3,3
1772048084.762599,5423347,0.29,0.46,0.22,171.44,-65.25,105.25,-0.62,-25.94,6.75,-0.1,-0.05,0.26,14.63,58.19,76.19,-1.19,-0.81,0.31,4,4
1772048084.953172,5423537,-0.41,-0.08,0.48,176.25,-69.94,103.44,0.88,-3.37,17.69,0.22,0.76,-1.07,15.06,58.31,76.12,-3.56,-7.87,-4.12,5,5
1772048085.143892,5423728,1.42,0.42,0.55,-179.81,-64.62,98.31,-29.0,39.13,-27.06,0.12,-0.16,-0.16,16.87,58.19,75.87,1.31,-3.56,4.5,6,5
1772048085.334183,5423919,-0.1,0.47,0.38,178.06,-63.5,95.87,3.12,-25.56,10.25,-0.24,0.27,-0.14,17.56,58.25,75.31,5.06,4.44,2.19,5,5
1772048085.52555,5424110,0.15,0.25,0.7,-177.37,-67.06,95.56,0.19,-19.94,12.44,0.33,-0.28,0.39,17.37,57.63,75.0,1.37,2.62,0.62,6,6
1772048085.71613,5424300,-0.25,0.0,0.51,-173.87,-69.0,93.62,-9.44,-2.37,0.56,0.0,0.02,-0.01,16.81,58.0,74.69,2.06,1.75,2.37,7,6
1772048085.906722,5424491,0.12,0.48,0.49,-169.62,-69.25,90.12,-2.37,8.31,5.75,-0.02,-0.1,-0.11,16.94,57.56,74.12,1.87,0.13,0.5,8,6
1772048086.0969,5424682,0.07,0.01,0.32,-165.94,-68.25,90.37,20.19,2.31,16.0,-0.01,0.13,0.03,16.69,57.19,73.87,1.0,3.25,1.12,7,6
1772048086.287576,5424872,0.13,0.29,0.12,-162.31,-67.94,92.75,23.19,-6.5,10.13,-0.05,-0.01,-0.12,16.69,56.88,73.62,0.25,-3.25,-1.75,7,6
1772048086.479413,5425063,0.02,-0.17,0.17,-164.62,-69.06,98.56,18.44,-8.31,-2.62,-0.07,-0.12,0.03,16.62,57.06,73.87,-0.44,-0.69,1.12,7,6
1772048086.670153,5425254,0.14,-0.18,0.1,-170.5,-70.37,103.62,11.06,-3.87,-8.5,-0.09,0.03,-0.05,16.94,57.25,74.12,-2.81,-0.37,-0.75,6,5
1772048086.860663,5425445,0.04,-0.06,0.1,-175.12,-71.75,107.12,6.37,-4.19,-8.38,-0.08,0.0,-0.06,17.25,57.38,74.56,-3.06,-0.31,-1.44,6,4
1772048087.05109,5425635,-0.04,-0.27,0.04,-179.5,-72.56,109.81,1.81,-3.5,-2.75,-0.06,0.1,-0.02,17.12,57.56,74.87,-0.56,-0.94,-2.06,6,3
1772048087.241672,5425826,-0.06,0.0,0.0,-179.19,-72.81,109.06,-7.62,1.44,1.19,-0.03,0.01,-0.05,17.0,57.63,74.94,0.25,-0.19,-0.5,7,3
1772048087.432801,5426017,-0.02,0.02,0.11,-178.19,-72.5,107.44,-5.25,1.62,-0.06,-0.05,0.02,0.0,16.87,57.63,74.94,-0.25,0.25,0.69,6,2
1772048087.623371,5426208,0.0,-0.12,0.11,-177.19,-71.75,105.37,-11.56,11.81,-4.56,-0.15,0.14,-0.07,17.0,57.38,74.62,1.44,0.75,0.37,8,2
1772048087.813936,5426398,-0.27,-0.66,0.19,-176.25,-69.06,98.69,-64.94,19.56,-16.62,0.31,0.07,0.22,17.62,56.94,73.94,2.19,3.75,4.31,7,2
1772048088.004436,5426589,-0.68,0.32,1.11,-175.19,-65.0,74.0,-157.62,26.62,-77.37,-0.31,0.21,-0.03,19.0,56.94,72.87,0.44,4.19,11.06,10,4
1772048088.194198,5426779,-0.71,0.97,1.14,-179.37,-63.75,54.94,-39.38,-7.75,-22.69,0.1,-0.12,0.46,20.06,56.44,71.44,5.56,6.5,5.0,11,3
1772048088.386091,5426970,-0.37,0.3,0.93,-177.19,-63.13,49.94,-8.69,2.69,1.75,-0.01,0.09,-0.08,19.69,56.5,70.94,2.0,-1.87,0.88,12,3
1772048088.57694,5427161,-0.03,-0.02,0.45,-174.81,-62.94,46.88,-8.13,6.0,-2.0,-0.05,0.04,-0.07,20.06,56.5,70.37,0.13,-2.0,1.31,13,4
1772048088.767269,5427352,0.66,0.09,0.62,-172.44,-63.13,44.5,-8.44,1.37,9.0,-0.14,-0.18,0.65,20.31,56.88,69.62,2.44,7.19,10.38,12,4
1772048088.957415,5427542,-0.51,0.06,0.57,-169.5,-63.56,42.25,3.62,-16.31,-6.56,-0.31,-0.09,0.59,21.25,57.06,68.69,0.44,7.0,4.87,12,4
1772048089.147213,5427732,0.25,0.64,0.07,-168.75,-63.5,42.19,1.69,-5.0,10.63,-0.13,0.07,0.17,21.31,57.44,69.44,-7.69,6.5,4.37,12,4
1772048089.339229,5427924,0.52,2.2,0.36,-166.25,-65.31,45.88,79.5,-60.75,35.06,0.05,-0.7,0.87,21.06,57.5,70.31,1.12,26.5,11.0,12,7
1772048089.530245,5428115,-2.04,0.59,0.69,-156.0,-70.37,59.75,68.19,-47.38,24.5,0.49,-0.59,1.06,18.87,57.94,72.31,-3.06,-1.75,-6.06,11,7
1772048089.721339,5428306,0.12,-0.24,0.4,-148.06,-69.75,69.69,43.31,-10.63,16.75,0.06,0.08,-0.09,17.56,58.5,73.56,-4.75,-0.75,-8.56,12,8
1772048089.910893,5428495,-0.27,-0.22,0.44,-150.31,-69.94,79.19,40.25,1.75,12.63,-0.72,0.18,-0.31,16.75,58.44,74.5,-0.31,12.31,6.0,9,6
1772048090.101133,5428685,0.84,-0.66,-0.15,-156.94,-68.75,86.5,22.75,-5.69,0.06,-0.2,0.13,-0.14,16.94,59.13,75.12,-3.5,0.88,-2.31,9,6
1772048090.293172,5428877,-0.13,-0.29,0.19,-158.81,-70.12,91.5,16.62,-4.44,2.37,0.05,0.0,-0.17,16.56,59.44,75.37,0.13,-1.87,-1.31,8,7
1772048090.483886,5429069,0.14,-0.1,0.15,-158.5,-70.56,94.69,12.44,-4.62,8.81,-0.12,0.02,0.05,16.37,59.63,75.56,0.81,1.87,0.37,9,6
1772048090.675015,5429259,0.01,-0.16,-0.04,-156.75,-70.75,96.44,9.38,0.69,4.69,-0.04,0.16,-0.08,16.19,59.44,75.62,-0.94,0.37,-1.5,9,6
1772048090.864522,5429449,-0.5,1.22,0.16,-150.5,-70.25,99.0,56.88,-22.5,50.75,0.4,-0.62,0.82,15.69,58.88,75.87,2.62,1.87,-2.75,9,7
1772048091.05393,5429638,-0.41,-0.62,0.0,-142.62,-67.0,108.31,39.94,-17.06,27.31,0.08,0.12,0.21,14.81,59.38,76.87,-2.81,1.31,-2.5,10,7
1772048091.246509,5429831,0.39,-0.45,-0.04,-141.87,-65.19,113.62,39.06,-2.19,24.75,-0.15,-0.2,0.13,14.94,59.69,77.31,-0.94,2.31,-0.5,10,4
1772048091.437479,5430022,0.2,-1.13,-0.07,-143.5,-64.37,119.62,11.44,2.12,-1.56,-0.07,-0.02,0.0,15.25,59.63,77.5,-1.87,1.25,1.94,9,3
1772048091.62841,5430213,0.15,-0.48,-0.01,-146.37,-64.56,121.5,4.69,1.0,1.12,-0.11,0.01,0.05,15.5,59.44,77.44,-0.37,0.81,-0.37,10,2
1772048091.817919,5430402,0.16,-0.48,-0.04,-148.56,-64.56,123.31,3.0,2.94,-1.75,-0.1,0.0,0.02,15.38,59.31,77.37,0.0,1.56,-0.19,11,2
1772048092.008992,5430593,0.12,-0.35,-0.06,-149.25,-64.25,124.12,1.56,0.69,0.25,-0.03,-0.01,-0.02,15.31,59.06,77.37,-0.37,0.62,0.88,10,2
1772048092.200319,5430785,0.07,-0.19,0.0,-149.94,-64.06,124.62,0.5,-1.0,1.37,-0.01,0.0,0.05,15.38,59.13,77.44,-0.25,-0.25,0.06,10,3
1772048092.391371,5430976,0.29,-0.33,0.01,-150.5,-64.0,125.19,1.25,-0.56,0.06,-0.22,0.05,-0.08,15.44,59.25,77.44,0.62,2.0,1.0,10,3
1772048092.582245,5431167,0.21,-0.2,0.07,-150.75,-64.0,125.37,-1.37,0.88,-0.19,0.05,-0.02,0.02,15.5,59.25,77.5,-0.62,-2.37,-1.37,9,3
1772048092.772908,5431357,0.15,-0.08,0.07,-151.0,-64.0,125.62,-0.31,-0.94,0.31,-0.15,0.02,-0.03,15.44,59.25,77.5,0.31,1.87,0.69,9,3
1772048092.962694,5431547,0.21,-0.22,0.01,-151.5,-63.94,125.94,0.0,0.62,-0.56,0.0,-0.01,0.03,15.5,59.25,77.5,-0.19,-1.12,-0.62,8,3
1772048093.154237,5431739,0.28,-0.27,0.02,-152.0,-64.0,126.31,0.69,-0.44,-0.31,-0.09,-0.01,0.0,15.5,59.25,77.5,0.0,0.31,-0.06,9,3
1772048093.344926,5431930,0.23,-0.04,0.08,-152.12,-64.19,126.37,0.19,-0.25,0.5,-0.09,0.03,0.01,15.56,59.06,77.5,-0.69,1.37,0.94,8,3
1772048093.536081,5432120,0.28,-0.17,0.06,-152.69,-64.25,127.06,-0.06,-1.06,-1.69,-0.04,-0.02,0.03,15.63,58.94,77.37,0.75,-0.5,-0.81,7,3
1772048093.725575,5432310,0.17,-0.38,0.06,-153.5,-65.06,126.94,-5.5,-2.62,-2.94,-0.05,-0.02,0.01,15.56,59.13,77.31,1.56,0.44,0.25,6,3
1772048093.915017,5432499,-0.22,0.3,0.34,-156.12,-67.87,120.94,-67.94,3.06,-57.0,-0.05,-0.05,0.02,15.94,59.13,76.81,1.75,0.62,2.81,6,3
1772048094.10698,5432692,0.09,0.13,0.29,-164.94,-69.31,114.81,-36.44,4.62,-24.5,-0.08,0.03,-0.07,16.25,58.94,76.56,0.06,1.0,1.25,6,3
1772048094.298222,5432883,0.07,0.06,0.16,-166.44,-69.37,111.69,-5.12,2.87,-3.31,-0.05,0.0,0.01,16.12,58.88,76.44,0.62,0.62,-0.94,6,3
1772048094.489089,5433074,0.13,0.07,0.18,-166.0,-69.25,110.87,-0.94,-1.5,2.81,-0.06,0.0,0.01,16.06,58.81,76.5,0.19,0.94,0.19,6,3
1772048094.680189,5433265,0.16,0.01,0.15,-165.0,-69.37,110.75,1.31,-1.5,1.56,-0.07,-0.03,0.0,16.0,58.88,76.5,-0.31,-0.13,0.62,5,2
1772048094.871204,5433456,0.04,-0.03,0.19,-164.94,-69.81,111.06,2.31,-0.88,0.19,-0.1,-0.03,0.07,16.12,58.81,76.5,-0.19,0.37,0.81,6,3
1772048095.062662,5433647,0.06,-0.15,0.14,-165.94,-70.0,111.69,0.81,0.25,-2.25,-0.08,0.04,0.0,16.12,58.81,76.5,0.44,-0.19,0.37,5,2
1772048095.253173,5433838,0.02,-0.09,0.18,-168.12,-70.06,111.69,-7.44,3.69,-8.31,-0.1,0.04,-0.08,16.12,58.81,76.44,0.13,-0.5,-0.44,5,3
1772048095.443605,5434028,0.02,0.16,0.17,-170.5,-69.94,110.19,-11.44,2.5,-9.94,-0.05,0.04,-0.02,16.12,58.75,76.44,-0.44,-0.56,-0.25,4,2
1772048095.634122,5434219,0.09,-0.01,0.11,-173.75,-69.37,109.5,-7.5,6.12,-9.19,-0.01,-0.02,-0.04,16.19,58.81,76.19,0.69,0.56,0.94,4,2
1772048095.824664,5434409,0.06,0.0,0.17,-175.12,-68.94,108.0,-11.75,-0.44,-3.5,-0.11,-0.05,0.08,16.31,58.69,76.0,1.19,1.75,2.0,5,3
1772048096.015985,5434601,-0.02,0.0,0.15,-174.44,-69.0,106.19,-5.12,2.44,-0.31,-0.08,0.06,0.0,16.19,58.5,75.81,0.81,-0.37,0.56,4,3
1772048096.206681,5434791,0.08,-0.02,0.2,-173.0,-68.31,103.0,-20.37,4.69,-4.44,-0.21,-0.11,0.08,16.25,58.44,75.5,1.56,-0.25,-0.37,6,2
1772048096.397015,5434981,-0.02,0.24,0.14,-173.0,-69.87,96.06,-46.44,-12.25,-32.31,-0.1,0.05,-0.1,15.88,58.81,75.69,-0.19,2.87,0.94,6,2
1772048096.586577,5435171,-0.37,0.78,0.44,179.94,-72.81,91.75,-13.25,-6.31,-16.12,-0.09,0.0,0.04,16.25,58.63,75.75,-1.44,-2.87,-0.06,7,3
1772048096.777546,5435362,-0.04,0.0,0.15,-178.44,-73.87,93.19,27.62,-4.5,8.44,-0.12,0.03,-0.06,16.31,58.88,75.94,-0.94,-0.25,-0.69,6,2
1772048096.969244,5435554,-0.11,-0.1,0.1,-179.75,-75.0,97.62,19.0,-4.37,-0.19,-0.07,0.01,0.04,16.19,59.0,76.06,0.5,-2.44,-2.5,7,2
1772048097.159224,5435744,0.0,-0.38,0.08,176.75,-75.12,101.44,9.0,0.0,4.19,0.0,0.01,0.0,15.81,59.25,76.31,0.88,0.44,0.44,7,2
1772048097.350043,5435935,-0.2,0.14,0.15,177.87,-74.94,101.37,0.44,5.87,1.37,-0.06,0.0,-0.03,15.75,59.19,76.25,0.25,0.44,0.0,7,2
1772048097.540651,5436126,0.14,-0.18,0.0,-179.69,-73.31,102.12,14.0,8.13,8.5,-0.08,0.0,0.0,15.69,59.0,76.31,0.19,0.56,0.0,7,2
1772048097.732457,5436317,0.1,-0.11,-0.03,-179.94,-72.44,102.62,-5.12,1.81,-0.88,-0.01,-0.01,0.06,15.81,58.81,76.12,0.62,1.12,1.44,7,2
1772048097.924022,5436509,0.11,-0.38,0.0,-178.06,-72.44,100.87,-8.63,-2.25,2.75,-0.07,0.01,0.0,15.88,58.81,76.06,-0.25,0.44,0.19,7,2
1772048098.114974,5436699,-0.13,0.28,0.18,-175.06,-73.56,95.62,-27.87,-5.81,-5.25,-0.09,0.0,-0.05,15.75,58.88,76.0,0.62,-0.75,-0.56,4,2
1772048098.304655,5436889,-0.04,0.1,0.16,-171.75,-74.25,92.37,-0.88,-1.75,3.56,-0.05,0.02,0.02,15.69,58.81,76.0,0.13,0.88,-0.19,4,3
1772048098.494058,5437079,-0.01,0.04,0.09,-169.62,-74.19,91.5,0.13,2.37,2.31,-0.02,0.0,0.0,15.69,58.75,76.06,-2.19,-1.31,-0.94,4,3
1772048098.685624,5437271,0.06,0.03,0.04,-168.31,-73.5,93.06,21.75,3.56,6.81,0.0,-0.03,0.02,15.75,58.69,76.0,-0.31,1.19,0.25,4,3
1772048098.877709,5437462,0.09,-0.16,0.0,-171.25,-72.94,96.69,4.87,4.0,-2.5,-0.11,-0.04,0.09,15.94,58.69,76.0,0.75,0.37,1.12,3,3
1772048099.069321,5437654,0.1,-0.14,-0.04,-173.56,-72.19,98.31,1.06,1.56,-0.75,-0.07,-0.02,0.05,15.94,58.63,75.94,0.37,0.19,0.62,3,2
1772048099.260341,5437845,0.01,-0.09,0.08,-173.94,-72.12,98.31,-0.37,-0.88,0.31,-0.13,0.03,0.0,15.94,58.75,76.0,-0.13,-0.31,-0.19,3,2
1772048099.449672,5438034,0.07,0.01,0.05,-173.19,-72.06,97.81,-1.75,1.0,0.62,-0.02,0.01,-0.02,15.81,58.81,76.06,0.13,-0.19,-0.25,3,2
1772048099.641029,5438226,0.0,0.02,0.03,-172.69,-71.75,98.0,8.0,3.19,5.19,0.0,-0.02,0.08,15.81,58.81,76.06,-0.13,0.31,0.0,3,2
1772048099.832026,5438417,0.13,-0.18,0.0,-169.25,-70.87,100.12,23.25,0.94,18.94,-0.07,0.05,0.0,15.69,58.94,76.12,0.31,-0.81,-0.5,2,2
1772048100.022773,5438608,0.07,-0.28,-0.03,-166.44,-70.25,102.56,10.5,1.81,6.87,-0.06,0.03,0.07,15.69,58.88,76.19,0.25,0.56,-0.06,3,3
1772048100.212729,5438797,0.16,-0.11,0.01,-167.69,-69.75,103.5,-1.69,3.19,-2.69,-0.1,-0.03,0.07,15.75,58.81,76.06,0.13,0.81,0.88,3,2
1772048100.402231,5438987,0.04,-0.32,0.02,-170.0,-69.19,103.31,-11.75,6.5,-8.06,-0.13,0.01,0.0,15.94,58.69,75.94,-0.25,1.25,1.75,3,2
1772048100.593995,5439179,0.19,0.32,-0.11,-171.19,-67.94,101.56,5.0,4.62,3.81,0.0,0.03,-0.05,16.0,58.69,75.87,-0.5,2.12,-0.13,3,2
1772048100.785243,5439370,0.84,-0.02,0.22,-162.44,-63.31,108.81,104.06,-4.37,102.69,-0.02,-0.02,0.11,14.94,58.31,76.94,-4.0,-3.12,-9.06,4,2
1772048100.976424,5439561,-0.37,-0.7,0.12,-145.25,-59.81,119.44,65.69,-18.69,71.12,-0.08,0.12,-0.1,13.88,59.31,78.56,-5.31,-8.13,-6.0,5,3
1772048101.166347,5439751,-0.07,-0.19,0.14,-141.69,-58.81,123.12,0.06,-7.62,1.37,-0.07,-0.08,-0.14,14.44,60.0,78.87,-1.69,-3.62,0.94,6,3
1772048101.355603,5439940,0.16,-0.61,-0.01,-142.75,-59.75,124.94,1.69,1.31,-1.81,-0.07,-0.09,0.06,14.81,60.0,78.75,1.37,2.37,1.19,7,3
1772048101.547735,5440132,0.25,-0.68,-0.09,-145.06,-60.13,126.5,-6.0,1.31,-5.0,-0.11,0.03,0.05,14.75,59.69,78.5,1.06,0.37,1.12,7,3
1772048101.7388,5440323,0.34,-0.66,-0.06,-146.69,-60.81,125.62,-24.25,0.19,-15.94,-0.12,0.01,0.08,14.94,59.5,78.12,1.37,-0.13,1.94,7,3
1772048101.929583,5440514,-0.25,0.05,0.25,-148.56,-64.44,119.81,-77.06,-1.62,-63.88,-0.04,-0.04,0.09,15.38,59.63,77.44,2.5,1.75,3.62,7,3
1772048102.119612,5440704,-0.22,0.01,0.45,-155.19,-68.19,110.37,-71.44,8.56,-44.0,0.04,-0.05,0.08,15.94,59.06,76.87,2.12,1.5,4.19,7,3
1772048102.309522,5440894,-0.9,0.81,0.89,-158.19,-70.0,91.19,-149.44,1.44,-61.0,-0.18,-0.34,0.3,17.25,58.44,75.75,-1.0,0.44,5.94,7,4
1772048102.501057,5441086,0.1,1.33,1.05,-166.81,-68.62,71.31,-67.69,27.37,-30.31,-0.15,-0.06,0.01,18.25,58.38,75.19,1.75,0.81,2.56,8,4
1772048102.692284,5441277,0.18,0.32,1.14,-171.25,-65.12,59.75,-63.69,32.31,-44.19,-0.1,0.05,-0.14,18.87,58.25,74.56,-0.25,1.75,4.87,10,4
1772048102.882993,5441468,-0.44,0.49,1.08,-173.69,-65.06,51.56,-18.06,7.0,-5.25,-0.1,0.0,-0.05,19.19,58.19,74.12,1.12,0.5,0.37,9,3
1772048103.072962,5441658,-0.12,0.07,0.65,-170.81,-66.12,48.31,-8.06,6.12,-1.0,-0.07,0.04,0.0,19.12,58.06,74.0,0.37,0.44,0.94,11,3
1772048103.26347,5441848,0.0,0.09,0.45,-169.94,-66.19,46.13,-4.56,6.75,-3.12,-0.04,0.01,0.11,19.25,57.94,73.87,0.37,0.81,0.25,10,3
1772048103.454737,5442040,0.08,0.06,0.35,-169.56,-65.87,45.38,2.75,3.06,1.06,-0.04,0.0,0.0,19.25,57.81,73.81,-0.19,0.88,0.5,10,4
1772048103.645936,5442231,0.63,2.04,0.29,-168.0,-66.62,46.25,52.94,-29.62,39.69,-0.05,-0.06,-0.21,19.0,57.94,74.12,-1.31,1.19,-4.69,11,4
1772048103.836604,5442421,-2.22,-0.37,1.52,-143.44,-66.12,67.06,212.87,-38.94,149.69,-0.12,-0.13,0.72,16.69,57.88,75.56,2.31,5.31,-5.75,11,4
1772048104.027011,5442612,-0.45,-0.81,0.32,-138.25,-59.13,89.12,86.94,-41.44,36.69,-0.17,0.04,0.0,15.5,58.38,76.56,-4.69,-5.81,-6.19,12,4
1772048104.216649,5442801,-0.31,-1.12,0.37,-138.62,-57.63,105.69,71.12,-16.75,40.19,-0.06,-0.01,0.24,15.0,58.81,77.56,-3.31,-2.75,-4.0,12,4
1772048104.407708,5442992,-0.11,-0.84,0.27,-143.56,-58.94,118.19,22.19,-3.25,-12.06,0.04,0.0,-0.1,15.38,59.44,78.31,-3.19,0.19,2.06,11,4
1772048104.59958,5443184,0.07,-0.79,0.05,-150.0,-60.94,124.87,7.19,-1.44,-5.94,-0.12,-0.19,0.19,16.25,59.13,78.06,-0.31,1.5,0.06,9,3
1772048104.79027,5443375,0.3,-0.81,-0.01,-155.25,-62.0,129.81,1.0,2.37,-3.5,-0.05,0.0,-0.02,15.88,59.13,78.12,4.19,1.06,0.88,9,4
1772048104.980537,5443565,0.0,-0.1,0.33,-156.75,-64.56,123.62,-75.37,3.56,-60.88,-0.1,0.01,-0.1,16.12,59.13,77.37,1.44,-0.5,2.94,7,4
1772048105.170135,5443755,0.17,0.0,0.27,-163.5,-66.62,115.75,-41.5,5.62,-27.12,-0.15,0.03,-0.03,16.62,58.94,76.75,1.5,2.87,3.69,8,4
1772048105.361942,5443947,0.12,0.18,0.17,-164.87,-66.62,110.69,-11.19,6.19,-6.69,-0.05,0.01,-0.04,16.69,58.63,76.44,0.62,0.5,0.25,7,3
1772048105.553104,5444138,0.23,-0.04,0.13,-164.12,-66.19,110.0,5.0,-2.25,6.5,-0.09,0.02,0.01,16.5,58.69,76.44,0.19,-1.5,-0.81,6,3
1772048105.743707,5444328,0.1,0.03,0.19,-162.37,-66.87,110.44,6.44,-3.56,4.12,-0.06,0.08,-0.07,16.5,58.88,76.5,-0.81,-1.0,-0.31,5,3
1772048105.933959,5444519,0.32,0.33,0.26,-159.37,-65.87,114.81,80.0,3.37,57.44,-0.01,-0.09,0.07,16.37,59.0,76.87,-1.94,2.5,-3.62,4,3
1772048106.124178,5444709,0.01,-2.06,-0.13,-153.25,-64.0,125.0,0.44,-16.37,8.38,-0.04,0.08,0.09,15.63,59.25,77.37,-1.25,-5.94,-1.31,4,3
1772048106.3149,5444900,-1.3,1.63,1.34,-159.75,-73.12,107.12,-181.19,-1.19,-107.25,0.0,-0.4,0.31,17.31,59.06,76.25,2.44,4.19,6.69,6,2
1772048106.506501,5445091,-0.11,0.68,0.61,-176.25,-74.37,94.94,-8.25,-1.94,-0.5,0.0,0.03,-0.08,17.5,58.94,76.12,1.0,1.56,-0.37,7,3
1772048106.696932,5445282,-0.23,0.25,0.44,-170.62,-74.94,93.75,-0.25,0.75,6.44,-0.08,0.08,-0.02,17.19,58.75,76.12,1.12,0.81,0.31,6,2
1772048106.887643,5445472,-0.01,0.54,0.37,-163.87,-73.81,93.37,37.88,12.75,23.0,-0.04,0.04,-0.1,17.06,58.56,76.06,-0.69,-0.06,-2.31,6,2
1772048107.077271,5445662,0.2,-0.33,0.12,-159.06,-70.94,99.19,38.0,6.25,18.44,-0.05,0.0,0.01,16.87,58.5,76.31,-1.37,-0.94,-1.5,5,2
1772048107.267925,5445853,0.02,0.24,0.16,-158.0,-69.25,104.31,36.25,2.12,22.31,-0.06,-0.13,0.12,16.94,58.5,76.5,0.13,1.56,-1.0,7,2
1772048107.459967,5446045,0.42,-0.22,0.07,-147.19,-63.19,112.62,114.87,-7.44,99.37,-0.12,-0.31,0.11,15.94,58.75,77.37,0.62,-4.69,-8.19,8,2
1772048107.650721,5446235,-0.01,-0.38,0.14,-146.5,-60.0,123.87,7.06,-1.69,0.37,-0.01,0.16,-0.19,15.0,59.5,78.12,-0.25,-0.94,1.37,8,2
1772048107.841072,5446426,0.22,-0.05,0.0,-146.37,-60.0,124.56,1.5,-0.88,7.25,-0.11,-0.11,0.05,15.38,59.44,78.12,-0.88,0.31,0.25,8,2
1772048108.031147,5446616,0.12,-0.55,0.04,-147.0,-60.25,125.94,-1.81,-1.25,-1.94,-0.12,0.04,-0.03,15.44,59.56,78.12,0.62,-1.31,-0.62,8,2
1772048108.221828,5446807,0.07,-0.7,-0.14,-147.62,-60.44,125.31,-12.19,2.12,-6.5,0.11,0.09,-0.12,15.06,59.75,78.0,4.0,-4.69,-2.81,8,2
1772048108.413229,5446998,-1.12,0.14,1.27,-154.06,-63.88,110.94,-167.19,23.25,-117.06,0.06,-0.23,0.01,17.19,59.06,76.62,2.5,-1.31,7.56,7,2
1772048108.604097,5447189,-1.56,-0.52,1.48,-167.19,-65.12,84.75,-183.87,22.94,-115.5,-0.23,-0.04,0.19,19.06,58.19,75.19,0.13,-5.06,6.12,9,2
1772048108.794673,5447379,-0.12,1.26,1.41,-175.5,-62.5,57.88,-77.06,24.31,-42.81,-0.69,0.36,0.17,20.44,58.38,73.75,1.81,-2.37,-2.56,11,3
1772048108.985093,5447570,-0.39,0.2,1.33,-175.31,-60.88,49.13,-17.19,2.94,-8.94,0.0,0.1,0.05,19.87,58.19,73.44,0.5,1.69,0.88,12,3
1772048109.17525,5447760,-0.13,0.19,0.73,-173.0,-62.69,45.56,-9.63,3.06,-4.12,-0.08,0.06,0.0,19.94,58.06,73.12,0.5,1.19,1.31,11,3
1772048109.36669,5447952,-0.02,0.05,0.48,-171.75,-63.88,44.0,0.13,4.19,1.5,-0.09,0.05,-0.05,20.12,57.94,73.0,-0.13,0.13,0.56,10,3
1772048109.557499,5448142,-0.01,-0.02,0.34,-171.87,-64.0,44.0,1.19,1.87,2.44,-0.02,-0.03,0.06,20.06,57.81,73.0,0.06,1.06,0.06,10,3
1772048109.748123,5448333,0.09,0.0,0.33,-171.62,-64.0,43.31,0.94,0.56,1.5,-0.07,-0.01,0.02,20.0,57.75,73.0,-0.19,0.69,-0.06,10,3
1772048109.937922,5448523,0.0,0.78,0.4,-170.12,-64.12,44.25,36.31,0.94,24.81,-0.05,-0.01,-0.22,19.5,57.94,73.44,-0.44,2.31,-3.75,10,3
1772048110.128236,5448713,0.3,0.16,0.34,-167.94,-63.25,52.25,55.5,-7.44,30.06,-0.03,0.13,0.03,18.62,58.13,74.31,-1.12,-0.25,-2.94,10,3
1772048110.320379,5448905,-1.23,0.72,1.56,-156.94,-65.0,72.69,217.37,-49.06,161.44,-0.26,-0.26,0.3,17.12,58.0,75.56,-4.0,1.75,-10.44,12,3
1772048110.511184,5449096,-0.29,-1.69,0.53,-146.81,-58.13,102.81,125.44,-15.19,84.62,-0.1,-0.04,0.07,15.69,58.44,77.0,-4.94,-8.31,-7.5,10,3
1772048110.701719,5449287,-0.31,-1.48,0.27,-145.94,-54.38,116.5,30.62,-11.94,25.44,-0.01,0.0,0.02,15.19,59.56,78.37,-2.81,-1.87,-1.19,8,2
1772048110.892542,5449477,-0.06,-0.71,0.22,-149.12,-57.0,123.25,1.0,-5.37,-6.69,-0.09,0.0,-0.02,15.69,59.69,78.37,-0.31,-0.31,0.81,7,2
1772048111.082223,5449667,-0.01,-0.59,0.17,-152.12,-58.81,127.06,-0.25,0.69,-3.12,-0.15,0.02,0.04,15.88,59.56,78.19,-0.19,0.62,1.37,7,2
1772048111.273767,5449859,0.41,-0.28,0.1,-154.87,-58.56,127.69,-4.06,9.25,-5.12,-0.02,-0.03,0.02,16.25,59.38,77.94,0.44,0.94,1.44,7,3
1772048111.464465,5450049,-0.6,-0.42,0.71,-156.94,-60.88,119.0,-113.94,8.25,-94.62,-0.09,-0.07,0.02,17.25,59.0,77.0,2.31,-0.25,6.87,7,3
1772048111.654946,5450240,0.21,0.36,0.37,-165.25,-62.69,105.12,-56.31,10.44,-39.13,0.09,-0.01,0.03,18.12,58.5,76.0,1.75,0.75,2.0,7,2
1772048111.84466,5450430,-0.25,0.23,0.4,-166.44,-62.56,97.69,-31.25,13.0,-19.31,-0.07,0.06,0.15,18.25,58.38,75.5,3.0,-3.0,-0.44,6,2
1772048112.034667,5450620,0.6,0.15,0.66,-168.19,-59.94,90.19,-59.81,25.0,-17.0,0.22,-1.17,1.63,18.87,58.81,75.75,2.0,18.62,15.25,4,2
1772048112.226878,5450812,0.13,0.62,0.34,-165.75,-58.19,77.94,-35.44,2.31,-22.75,-0.03,-0.31,0.41,20.56,59.5,75.5,3.62,7.69,2.0,3,2
1772048112.418186,5451003,0.47,-0.14,0.27,-167.37,-60.81,77.12,-3.12,-23.44,-8.63,-0.43,0.3,-0.73,19.94,59.94,75.5,4.5,-15.56,-11.44,4,3
1772048112.608753,5451194,-1.08,0.84,0.94,-162.25,-68.25,76.69,-2.94,-38.0,7.25,0.45,-0.27,0.55,19.44,59.75,75.31,4.56,-7.5,-7.37,3,3
1772048112.798558,5451384,-0.59,0.14,0.74,-157.19,-71.0,77.94,-3.06,-18.87,4.31,0.05,-0.2,0.37,19.0,60.06,75.5,-2.5,-4.06,1.37,4,3
1772048112.988484,5451573,-0.16,-0.03,0.13,-155.69,-71.62,79.0,13.19,-1.06,5.37,-0.18,-0.11,-0.23,18.94,59.44,75.37,5.06,9.38,6.75,4,4
1772048113.180504,5451766,-1.17,0.69,0.68,-154.0,-71.94,79.44,-8.19,-13.19,7.31,0.22,-0.37,0.21,18.5,59.13,75.19,1.5,10.88,2.06,5,4
1772048113.371416,5451957,0.33,0.58,0.43,-153.44,-71.44,79.56,5.75,-2.62,8.19,0.88,0.02,0.15,18.0,58.94,74.56,3.31,-5.87,-8.56,8,4
1772048113.562058,5452147,0.75,-0.23,0.58,-150.0,-69.75,81.44,28.06,14.88,11.81,0.06,-0.27,0.1,17.0,58.0,74.19,6.31,7.5,3.69,8,5
1772048113.751981,5452337,-1.52,1.22,0.99,-147.62,-69.06,82.87,0.25,-1.69,13.19,-0.85,0.45,-0.36,16.44,57.56,74.94,-3.0,-0.75,3.25,8,4
1772048113.941701,5452527,0.43,0.02,-0.18,-153.0,-68.31,85.75,5.25,-14.63,-12.31,-0.13,0.03,0.17,17.19,57.38,75.0,-4.19,-8.06,-3.62,8,4
1772048114.134174,5452719,0.16,0.08,0.48,-155.94,-70.69,90.0,16.44,5.12,-2.94,-0.51,-0.01,-0.24,18.56,57.38,75.0,-2.37,-5.06,2.69,8,4
1772048114.325425,5452910,-0.35,-0.48,0.38,-161.19,-71.69,94.94,8.69,-13.19,-2.81,-0.14,0.11,0.09,18.81,57.81,75.37,-3.0,-2.06,-2.56,10,5
1772048114.516482,5453101,-0.74,-0.55,0.26,-160.62,-72.87,94.56,-28.12,-1.12,-1.37,-0.29,0.23,-0.47,19.37,57.63,75.19,-2.81,-6.0,2.31,10,5
1772048114.705881,5453291,0.1,0.67,0.22,-160.5,-75.19,86.87,-24.12,-14.88,-15.38,0.23,-0.04,0.03,19.75,57.94,74.81,1.06,-5.62,-7.25,9,5
1772048114.895207,5453480,0.03,0.21,0.42,-157.06,-77.12,85.31,-7.56,1.31,-0.25,0.02,0.07,-0.08,19.31,58.31,75.56,-1.19,-0.13,-1.0,10,4
1772048115.087518,5453673,-0.08,0.14,0.36,-153.44,-77.25,84.75,3.62,0.88,3.81,0.0,0.04,0.02,19.19,58.31,75.81,-0.88,2.19,-0.56,8,4
1772048115.278738,5453864,0.11,0.06,0.07,-152.5,-76.44,84.87,3.25,6.75,4.94,-0.09,0.08,-0.12,18.87,58.13,75.94,0.44,0.81,0.06,7,5
1772048115.469582,5454055,0.07,0.27,0.13,-152.0,-75.19,84.44,3.94,5.06,1.56,-0.05,0.02,-0.06,19.0,58.0,75.87,0.75,0.44,1.62,7,5
1772048115.658894,5454244,0.07,-0.15,0.13,-151.37,-74.0,87.69,38.38,3.87,11.13,-0.04,0.02,0.06,18.81,57.94,75.87,0.94,4.0,1.12,8,5
1772048115.849939,5454435,0.31,-0.57,0.03,-156.19,-73.19,93.0,12.56,1.19,-5.0,-0.05,0.03,-0.11,18.81,57.81,75.87,-0.13,0.5,1.5,9,6
1772048116.041907,5454627,0.02,-0.12,0.0,-160.19,-73.62,94.56,-3.62,1.69,-5.19,-0.03,0.04,-0.06,19.12,57.75,75.75,0.56,-0.94,-0.13,10,6
1772048116.232791,5454818,0.08,-0.01,0.11,-162.06,-73.62,94.06,-6.81,0.56,-4.62,-0.04,0.03,-0.12,19.06,57.75,75.69,0.94,0.37,0.25,9,6
1772048116.423688,5455009,0.1,0.2,0.03,-162.06,-73.75,94.25,15.44,-2.37,10.38,-0.02,0.15,-0.11,19.0,57.63,75.69,0.31,0.75,-0.69,8,6
1772048116.613423,5455198,0.04,0.02,-0.05,-161.19,-73.94,96.62,12.13,-1.5,-4.56,-0.14,-0.07,0.0,19.06,57.5,75.44,0.75,-2.31,0.75,9,6
1772048116.802505,5455388,0.03,-0.18,0.08,-167.56,-74.56,101.12,13.44,-3.44,-5.19,-0.02,0.0,0.04,19.25,57.63,75.56,0.75,-0.19,1.69,9,7
1772048116.995049,5455580,-0.15,-0.13,0.01,-173.12,-74.69,104.81,12.69,7.12,-2.69,0.0,0.12,-0.17,19.19,58.06,75.75,0.56,-4.06,-2.37,10,6
1772048117.186392,5455771,-0.01,-0.11,0.0,-177.94,-73.87,107.19,1.37,1.69,-4.06,-0.06,0.0,0.03,19.19,58.19,75.81,0.06,0.25,-0.13,8,6
1772048117.377158,5455962,-0.01,-0.12,-0.09,179.0,-73.31,108.12,0.5,3.5,-5.19,0.0,0.06,-0.06,19.19,58.38,75.81,0.31,-0.19,0.0,9,5
1772048117.567838,5456153,0.04,0.11,0.07,179.0,-72.62,107.87,-8.0,1.12,1.75,-0.03,-0.06,0.08,19.19,58.31,75.87,0.56,0.75,0.31,7,5
1772048117.758931,5456344,0.11,-0.14,0.0,179.56,-72.37,107.31,-1.44,0.25,1.62,-0.06,0.06,-0.07,18.94,58.38,75.94,-0.56,1.06,1.12,6,4
1772048117.950262,5456536,0.0,0.0,0.0,-179.87,-72.44,107.0,2.56,0.56,-0.56,-0.04,0.02,0.04,18.87,58.31,75.94,1.06,-0.44,0.06,7,3
1772048118.142244,5456728,0.16,0.1,0.0,179.87,-72.31,107.12,-1.94,-1.44,2.31,-0.06,0.0,0.0,18.94,58.31,76.0,0.31,0.44,1.06,6,2
1772048118.334501,5456920,0.06,-0.14,0.0,179.62,-72.56,107.31,0.75,0.62,-0.56,-0.04,0.06,-0.03,19.0,58.38,75.94,-0.19,0.44,0.44,6,2
1772048118.526714,5457112,0.02,-0.04,0.0,179.87,-72.56,107.0,-1.0,-0.37,-0.06,-0.09,0.02,0.02,19.06,58.38,75.87,-0.44,0.56,0.31,5,2
1772048118.716975,5457302,0.03,-0.09,0.02,-179.69,-72.56,106.69,-1.87,-0.56,0.19,-0.06,0.06,0.02,19.06,58.38,75.94,0.56,1.0,-0.88,5,2
1772048118.907676,5457493,0.09,0.08,0.02,-178.75,-72.5,105.75,-3.37,2.0,0.19,-0.06,0.04,-0.03,18.94,58.38,75.94,0.81,-0.31,0.13,4,2
1772048119.099236,5457684,0.01,-0.15,0.03,-177.81,-72.19,104.69,-7.62,2.12,0.69,-0.06,0.08,-0.02,19.0,58.31,75.94,-1.25,0.69,0.13,5,2
1772048119.291303,5457876,-0.06,-0.11,0.06,-176.5,-71.87,102.94,-3.12,3.0,0.13,0.05,0.09,-0.12,18.87,58.25,75.87,-1.81,-1.87,-0.94,4,2
1772048119.481774,5458067,-0.16,0.02,0.35,-174.0,-71.06,100.19,-10.88,11.56,2.56,0.06,-0.01,0.0,19.25,57.63,75.5,0.94,4.0,1.62,4,2
1772048119.673006,5458258,0.14,0.1,0.15,-171.75,-67.5,97.37,-2.75,30.31,3.44,-0.09,0.05,-0.08,19.19,57.13,75.37,0.25,0.69,-0.19,4,2
1772048119.86228,5458448,0.45,-0.08,-0.07,-172.0,-62.94,96.31,0.31,17.62,2.62,-0.07,0.07,0.01,19.19,56.63,75.19,-0.37,2.31,1.19,3,2
1772048120.054006,5458639,0.59,-0.16,-0.09,-171.44,-61.13,94.56,-16.44,-6.06,0.0,-0.1,0.0,0.03,19.5,56.13,75.06,0.0,1.0,1.0,3,2
1772048120.246007,5458831,0.19,0.18,0.11,-169.5,-62.88,90.25,-13.44,-9.0,-6.31,-0.04,0.07,-0.04,19.31,56.19,75.0,0.75,-1.06,-0.25,3,2
1772048120.43816,5459023,0.13,0.05,0.23,-167.31,-65.0,88.0,-8.5,-10.25,-0.56,-0.09,0.08,-0.02,19.37,56.25,75.0,0.13,-0.37,-0.37,3,2
1772048120.629633,5459215,0.06,0.2,0.22,-165.31,-66.94,86.12,-6.56,-8.69,-2.69,-0.04,0.05,-0.07,19.37,56.38,75.0,-0.37,-0.69,-0.31,5,2
1772048120.820115,5459405,0.08,0.13,0.17,-164.19,-68.44,86.5,8.31,-7.19,3.06,-0.08,0.08,0.03,19.44,56.5,75.06,-0.62,0.69,0.31,5,2
1772048121.012384,5459598,0.12,-0.05,0.12,-160.69,-69.12,89.69,31.62,-9.75,24.87,-0.02,0.03,0.02,19.5,56.56,75.12,-0.69,0.37,-0.25,4,2
1772048121.204033,5459789,0.08,-0.4,0.02,-152.31,-68.81,92.62,16.75,-7.44,20.31,-0.08,0.0,-0.04,19.5,56.63,75.19,0.25,0.5,-0.06,5,2
1772048121.395178,5459981,0.02,0.07,0.12,-148.0,-67.37,94.81,32.94,1.56,25.81,-0.01,0.02,-0.01,19.19,56.69,75.37,0.81,0.62,-0.94,6,2
1772048121.584869,5460170,0.11,-0.36,-0.09,-146.37,-65.25,97.31,7.31,1.87,8.44,-0.04,0.07,0.0,19.06,56.81,75.44,0.37,-1.06,-0.5,6,2
1772048121.77494,5460360,0.26,-0.24,0.03,-147.69,-64.56,96.81,-7.69,4.69,-4.56,-0.05,0.05,-0.03,19.06,56.88,75.44,0.06,0.44,0.56,7,2
1772048121.966848,5460552,0.11,-0.06,0.09,-150.31,-64.5,94.87,-20.12,9.19,-18.94,-0.06,0.01,0.02,19.12,56.88,75.44,0.37,0.62,0.44,7,2
1772048122.157734,5460743,0.01,-0.01,0.13,-156.12,-64.56,92.62,-26.94,14.88,-29.94,0.02,0.08,0.07,19.12,56.88,75.37,0.44,0.25,0.69,6,2
1772048122.348839,5460934,0.22,0.08,0.12,-163.56,-63.56,89.81,-20.62,15.56,-25.0,-0.08,0.09,-0.06,19.19,56.94,75.31,0.13,0.25,1.0,6,2
1772048122.538584,5461124,0.35,-0.09,0.03,-167.94,-62.0,88.0,-9.69,9.88,-9.81,-0.01,0.07,-0.03,19.37,56.88,75.25,-1.31,0.5,1.37,5,2
1772048122.728697,5461314,0.17,0.3,0.15,-167.44,-61.69,85.94,1.56,-0.31,0.44,-0.05,0.1,-0.03,19.44,56.81,75.25,0.25,0.06,-1.25,5,2
1772048122.920606,5461505,0.27,-0.02,0.19,-167.0,-61.75,87.75,10.44,-3.87,7.69,-0.06,0.08,-0.04,19.37,56.81,75.31,-0.69,-1.94,-0.75,6,3
1772048123.111201,5461697,0.14,-0.03,0.16,-166.37,-62.31,89.0,0.88,-3.56,-0.31,-0.06,0.04,0.06,19.37,56.81,75.31,0.31,1.0,0.5,5,3
1772048123.302378,5461887,0.33,-0.54,0.07,-166.25,-63.06,89.06,-10.0,-5.5,-2.62,-0.05,0.09,-0.01,19.44,56.81,75.25,0.31,-0.44,0.19,5,3
1772048123.491966,5462077,0.0,0.17,0.22,-165.94,-65.56,83.81,-42.19,-10.69,-25.62,0.0,0.0,0.01,19.37,56.88,75.19,1.0,-0.06,-0.06,5,3
1772048123.682483,5462267,-0.22,0.47,0.45,-168.06,-68.37,78.75,-17.94,-6.44,-12.56,-0.01,0.06,-0.04,19.37,57.13,75.25,-0.44,-0.56,1.06,5,3
1772048123.874152,5462459,-0.04,-0.03,0.66,-172.69,-66.5,74.94,-54.38,47.88,-52.0,-0.02,0.07,-0.19,19.75,57.06,74.87,1.37,-2.5,3.5,5,3
1772048124.064962,5462650,0.13,0.21,0.29,-179.44,-61.56,70.5,-12.06,13.44,-7.75,-0.07,0.03,0.02,20.37,56.94,74.37,-0.06,-0.19,0.69,6,4
1772048124.2556,5462841,-0.16,0.2,0.35,-179.19,-60.56,69.31,5.12,6.0,4.5,-0.04,0.11,-0.02,20.25,56.81,74.31,0.25,0.25,-0.5,6,5
1772048124.445596,5463031,0.01,0.09,0.29,-177.5,-60.63,69.75,9.75,-5.75,10.94,-0.03,0.08,0.05,20.25,56.81,74.37,-1.44,0.31,-0.81,5,4
1772048124.635014,5463220,0.23,1.0,0.31,-174.56,-62.06,71.87,46.13,-17.94,39.88,-0.08,-0.05,-0.09,20.31,56.63,74.44,-0.94,1.81,-2.12,6,4
1772048124.827383,5463413,-0.02,-0.77,0.24,-164.12,-63.75,83.31,65.37,-19.0,52.44,-0.13,0.07,0.02,19.75,56.69,74.94,-0.75,1.44,-0.31,5,4
1772048125.018118,5463603,0.06,-0.43,0.04,-159.37,-63.63,91.0,29.31,-1.87,25.5,-0.07,0.07,-0.14,19.56,56.81,75.12,0.31,-1.19,-0.81,5,5
1772048125.208976,5463794,0.23,-0.39,-0.04,-158.12,-63.0,94.37,4.25,-4.87,7.44,-0.1,0.0,0.03,19.44,56.81,75.12,0.31,-1.06,-0.56,5,4
1772048125.39951,5463984,0.28,-0.2,0.07,-157.94,-63.38,94.31,-7.94,-1.19,-3.31,-0.03,0.1,-0.04,19.44,56.88,75.12,0.31,-0.13,-0.19,5,4
1772048125.589038,5464174,0.34,-0.29,0.13,-157.25,-65.0,91.0,-45.94,-12.25,-26.12,-0.09,-0.03,0.03,19.5,56.88,75.0,0.88,-0.06,1.37,5,4
1772048125.7813,5464366,0.09,0.45,0.22,-159.81,-68.37,85.31,-18.69,-4.62,-19.37,-0.09,0.13,-0.03,19.37,57.13,75.06,-0.19,-1.5,-1.25,5,4
1772048125.972242,5464557,-0.05,0.04,0.19,-160.44,-69.81,84.94,2.12,-2.94,-0.81,-0.05,0.07,-0.03,19.44,57.19,75.12,-1.12,-0.81,-0.81,5,3
1772048126.162318,5464748,0.04,0.0,0.16,-161.87,-70.12,85.81,3.75,1.19,-2.81,-0.04,0.07,-0.02,19.44,57.25,75.19,-0.13,0.25,0.44,6,3
1772048126.352529,5464938,0.05,-0.05,0.12,-163.06,-69.06,89.69,37.69,6.62,16.62,-0.02,0.18,0.01,19.31,57.25,75.31,0.37,0.19,-1.12,6,3
1772048126.543069,5465129,0.24,-0.29,0.01,-165.94,-67.94,95.0,5.94,3.19,-2.5,-0.01,0.03,0.05,19.37,57.25,75.31,-0.13,0.56,1.06,7,2
1772048126.734721,5465320,0.21,-0.15,0.03,-168.94,-67.44,95.81,-2.81,4.56,-5.37,-0.06,0.05,-0.05,19.44,57.25,75.25,0.06,0.31,0.56,8,3
1772048126.925323,5465511,0.17,-0.12,0.03,-170.25,-67.06,95.5,-5.75,1.44,-1.69,-0.13,0.1,0.0,19.44,57.25,75.25,0.5,0.94,0.31,7,2
1772048127.115959,5465701,0.17,0.08,0.01,-169.25,-66.81,93.62,-8.5,0.75,0.44,-0.09,0.13,-0.09,19.37,57.25,75.19,0.62,0.0,-0.19,8,2
1772048127.306235,5465892,0.06,0.1,0.12,-168.06,-67.0,92.37,-1.25,-0.13,0.69,-0.15,0.1,-0.03,19.37,57.25,75.19,-0.06,0.0,0.13,7,2
1772048127.496895,5466082,0.17,0.0,0.08,-168.06,-66.87,92.31,-0.5,0.06,-0.81,0.0,0.06,0.0,19.37,57.25,75.19,0.06,0.37,0.25,7,2
1772048127.688602,5466274,0.14,-0.06,0.07,-168.19,-66.94,92.5,-0.31,-0.62,-0.19,-0.02,0.08,0.01,19.37,57.25,75.19,-0.25,-0.31,-0.13,6,2
1772048127.879123,5466464,0.15,-0.09,0.12,-168.0,-67.12,92.31,-1.69,-1.44,-0.37,-0.03,0.07,0.05,19.37,57.31,75.19,0.31,1.06,0.69,6,2
1772048128.069734,5466655,0.18,0.05,0.07,-167.5,-67.31,91.81,-2.12,-1.37,-0.94,-0.02,0.05,-0.01,19.37,57.25,75.19,-0.31,0.31,0.13,5,2
1772048128.259956,5466845,0.11,0.01,0.1,-167.37,-67.62,91.62,-1.81,-1.87,-0.94,-0.02,0.07,0.02,19.37,57.25,75.19,0.25,0.44,0.13,5,2
1772048128.449962,5467035,0.16,0.03,0.11,-167.06,-67.94,91.19,-2.81,-1.5,-1.0,-0.02,0.04,0.02,19.37,57.25,75.19,-0.44,-1.56,-0.69,5,3
1772048128.641908,5467227,0.1,-0.01,0.1,-167.06,-68.19,91.0,0.0,-0.81,-0.06,-0.09,0.07,-0.02,19.37,57.25,75.19,-0.25,-0.81,-0.31,4,2
1772048128.832934,5467418,0.15,0.09,0.1,-166.94,-68.31,91.06,-0.19,-0.94,-1.06,-0.07,0.05,-0.01,19.37,57.25,75.19,-0.25,-1.19,-0.56,5,3
1772048129.023006,5467609,0.11,-0.12,0.13,-167.81,-68.5,92.19,3.56,-0.25,-1.12,-0.01,0.04,0.04,19.37,57.31,75.19,0.06,0.25,0.13,4,3
1772048129.213935,5467799,0.07,0.02,0.07,-168.44,-68.5,92.56,1.62,-0.56,-1.5,-0.07,0.07,0.0,19.37,57.38,75.19,-0.37,-1.12,-0.56,4,3
1772048129.404358,5467990,0.07,0.0,0.11,-168.69,-68.62,92.94,0.31,-0.13,-0.06,-0.06,0.07,0.0,19.37,57.38,75.19,0.0,-0.5,-0.19,4,3
1772048129.595427,5468181,0.1,-0.03,0.12,-168.81,-68.56,93.06,0.5,0.81,-0.37,-0.01,0.02,0.01,19.37,57.38,75.19,-0.06,0.19,0.19,4,3
1772048129.785775,5468371,0.08,-0.01,0.1,-168.81,-68.56,93.06,-0.69,0.31,-0.13,-0.04,0.0,0.01,19.37,57.38,75.19,0.31,0.44,0.19,5,3
1772048129.977001,5468562,0.1,-0.11,0.11,-169.0,-68.62,93.19,-0.19,-0.44,0.19,-0.06,0.09,-0.08,19.37,57.44,75.19,-0.25,-1.12,-0.5,4,4
1772048130.1673,5468753,0.1,-0.04,0.1,-168.87,-68.62,93.0,0.0,0.62,-0.19,-0.09,0.06,0.0,19.37,57.38,75.19,0.19,0.81,0.56,5,3
1772048130.357859,5468943,0.07,-0.15,0.13,-168.81,-68.62,93.0,-0.19,-0.69,0.06,-0.02,0.06,0.0,19.37,57.38,75.19,0.25,0.75,0.25,4,3
1772048130.54934,5469135,0.09,0.03,0.09,-168.62,-68.62,92.69,-1.62,-0.88,-0.19,-0.1,0.13,-0.05,19.37,57.38,75.19,0.5,-0.5,-0.25,5,4
1772048130.739662,5469325,0.09,-0.09,0.12,-168.69,-68.75,92.75,-0.81,-0.31,-0.06,-0.09,0.01,0.01,19.37,57.38,75.19,-0.19,0.13,0.56,5,4
1772048130.93037,5469516,0.07,-0.03,0.11,-168.56,-68.81,92.69,0.5,-1.19,-0.31,-0.03,0.07,-0.05,19.37,57.38,75.19,0.06,-0.31,-0.37,5,4
1772048131.12091,5469706,0.09,-0.02,0.12,-168.56,-68.87,92.87,0.88,-0.62,1.12,-0.07,0.1,0.0,19.31,57.31,75.25,0.06,0.19,0.31,5,3
1772048131.310606,5469896,0.12,-0.21,0.08,-169.31,-68.81,93.69,3.56,2.12,-2.62,-0.03,0.06,-0.07,19.5,57.38,75.19,0.19,0.62,1.37,5,4
1772048131.502475,5470088,0.03,-0.18,0.07,-170.62,-68.94,94.56,1.5,-2.0,-0.5,-0.12,0.08,0.0,19.5,57.38,75.19,0.0,-1.19,-0.69,6,3
1772048131.693163,5470279,0.17,-0.15,0.08,-170.81,-69.12,94.69,-2.06,-1.62,0.13,-0.05,0.07,-0.03,19.5,57.38,75.19,0.06,-1.0,-0.62,6,3
1772048131.883782,5470469,0.02,0.0,0.09,-170.31,-69.5,94.12,-1.0,-0.88,0.5,-0.04,0.07,-0.03,19.5,57.56,75.19,0.62,-1.56,-0.62,7,3
1772048132.074623,5470660,0.1,-0.07,0.06,-170.44,-69.62,94.19,-0.69,-0.81,0.06,-0.02,0.06,-0.02,19.5,57.63,75.19,-0.13,-0.19,-0.25,6,3
1772048132.265061,5470851,0.11,-0.11,0.08,-170.5,-69.75,94.31,0.19,-0.62,-0.5,-0.05,0.06,0.01,19.5,57.69,75.19,0.0,0.06,-0.25,6,3
1772048132.456037,5471042,0.04,-0.03,0.07,-170.31,-69.94,94.31,0.0,0.13,1.31,-0.05,0.12,0.0,19.5,57.69,75.31,-1.25,0.37,-1.19,5,3
1772048132.646822,5471232,-0.08,-0.07,0.03,-170.31,-69.87,94.56,3.37,4.0,-2.19,-0.09,0.07,0.01,19.87,57.63,75.12,-1.5,-2.69,-0.5,5,3
1772048132.837261,5471423,0.09,-0.27,0.0,-172.69,-69.5,96.44,-0.62,0.56,-4.5,0.02,-0.05,-0.07,20.06,57.75,74.31,3.81,-2.25,2.75,5,3
1772048133.027461,5471613,0.0,-0.06,0.2,-173.56,-69.94,96.31,-2.12,-5.62,2.06,-0.02,0.24,-0.18,19.75,58.25,74.19,-1.0,-0.56,-2.44,6,4
1772048133.216708,5471802,-0.05,0.13,0.07,-170.5,-70.37,94.56,-2.12,4.81,1.75,-0.12,0.07,-0.04,19.25,57.88,74.44,-0.5,1.25,-0.37,6,3
1772048133.409061,5471995,0.17,0.0,0.01,-170.69,-69.75,94.25,-0.06,-2.37,-1.87,-0.1,0.0,0.03,19.44,57.81,74.5,0.44,-0.37,0.69,5,3
1772048133.600078,5472185,0.04,-0.06,0.07,-171.56,-70.12,94.69,-0.75,-0.06,0.06,-0.08,0.12,-0.06,19.5,57.88,74.5,-0.62,-0.56,0.19,5,3
1772048133.79069,5472376,0.04,-0.06,0.08,-171.56,-70.19,94.5,0.81,0.56,-1.25,-0.04,0.06,-0.01,19.44,57.88,74.5,-0.31,0.62,0.06,5,3
1772048133.981568,5472567,0.09,-0.07,0.04,-172.0,-70.0,94.81,0.25,2.75,-1.06,-0.07,0.0,-0.04,19.44,57.75,74.44,0.75,-2.31,-0.44,6,3
1772048134.172071,5472758,0.15,-0.04,0.04,-172.62,-69.62,95.0,-1.69,0.19,2.75,-0.05,0.08,0.0,19.31,57.81,74.44,0.94,-0.37,-0.13,5,3
1772048134.363257,5472949,0.03,-0.09,0.08,-172.25,-69.62,94.81,1.62,0.13,-0.13,-0.07,0.05,0.03,19.37,57.75,74.37,-0.37,-0.44,-0.19,6,3
1772048134.553789,5473139,0.1,-0.04,0.04,-172.37,-69.56,94.87,-0.5,-1.12,0.37,-0.14,0.09,-0.02,19.31,57.81,74.44,-0.31,-1.44,-0.94,6,3
1772048134.744235,5473330,0.12,0.06,0.03,-172.12,-69.69,94.56,0.19,-0.69,-0.25,-0.05,0.12,-0.03,19.31,57.94,74.5,0.37,0.44,0.13,6,3
1772048134.935007,5473520,0.05,-0.04,0.07,-172.25,-69.81,94.69,-0.62,0.25,0.25,-0.07,0.04,0.0,19.31,58.0,74.5,0.0,-0.37,-0.06,5,2
1772048135.12563,5473711,0.13,-0.04,0.04,-172.25,-69.75,94.69,0.81,-0.25,0.69,-0.06,0.07,0.03,19.31,58.0,74.62,-1.0,0.25,-1.06,5,2
1772048135.316539,5473902,0.02,-0.02,0.07,-172.12,-69.75,94.75,-0.88,2.06,-0.5,-0.03,-0.01,0.0,19.31,58.0,74.62,0.25,0.37,0.81,6,3
1772048135.507362,5474093,0.11,-0.14,0.04,-172.5,-69.56,94.94,2.19,-1.12,0.06,-0.11,0.14,-0.08,19.25,58.06,74.62,-0.13,-0.56,-0.25,5,2
1772048135.69784,5474283,0.11,0.04,0.05,-172.12,-69.5,94.62,1.19,1.5,0.75,-0.03,0.07,-0.01,19.25,58.06,74.62,-0.25,-0.56,-0.56,5,2
1772048135.88719,5474473,0.02,0.0,0.1,-172.5,-69.37,95.12,3.0,0.44,1.06,0.0,0.0,0.08,19.25,58.06,74.69,-0.37,0.62,-0.44,5,2
1772048136.078753,5474664,0.08,0.02,0.08,-172.25,-68.94,96.37,12.0,2.94,5.62,0.0,0.03,0.04,19.06,58.13,74.81,-0.56,-0.5,-1.12,6,2
1772048136.270001,5474856,0.03,-0.2,0.09,-171.87,-68.25,99.56,17.69,2.12,8.38,-0.09,0.08,-0.03,18.94,58.19,74.94,0.31,1.06,0.62,5,2
1772048136.46049,5475046,0.16,-0.12,0.02,-171.37,-67.12,101.5,10.44,7.12,8.06,-0.06,0.04,0.0,18.94,58.0,74.87,0.19,1.31,0.62,5,2
1772048136.651451,5475237,0.09,-0.26,-0.01,-170.0,-65.56,103.25,13.63,6.0,12.75,-0.01,0.04,0.03,18.87,57.94,74.87,0.5,0.81,-0.13,5,2
1772048136.841166,5475427,0.21,-0.27,0.0,-167.87,-64.06,104.31,6.37,4.94,12.25,-0.03,0.04,0.03,18.75,58.0,74.94,-0.06,-1.56,-0.94,5,3
1772048137.031862,5475617,0.24,-0.12,-0.02,-165.87,-62.81,103.31,-0.69,4.62,7.69,-0.07,0.07,0.0,18.69,58.0,75.0,0.31,-0.19,-0.5,6,3
1772048137.223629,5475809,0.26,-0.16,0.01,-163.56,-61.63,101.5,-2.25,3.12,7.62,-0.07,0.06,-0.02,18.69,58.06,75.0,0.19,-0.25,-0.44,5,2
1772048137.4143,5476000,0.25,-0.13,0.03,-160.87,-60.75,99.12,-3.12,1.19,8.81,-0.09,0.06,0.03,18.56,58.06,75.06,0.62,0.19,-0.5,5,2
1772048137.605431,5476191,0.38,-0.54,0.03,-158.0,-60.13,96.0,-18.81,-0.5,3.44,-0.04,0.14,-0.02,18.44,58.13,75.06,0.81,-0.31,-0.13,5,2
1772048137.795964,5476381,0.08,0.32,0.28,-154.56,-62.31,86.37,-61.31,-5.06,-29.19,-0.07,0.07,-0.03,18.31,58.13,75.0,1.06,0.62,0.25,6,2
1772048137.986905,5476572,0.11,0.5,0.29,-151.5,-64.44,77.62,-20.56,-1.87,-12.63,-0.04,0.15,-0.01,18.19,58.13,74.87,-0.19,-0.06,-0.31,5,2
1772048138.177544,5476763,0.09,0.04,0.23,-150.37,-65.25,77.19,6.81,-2.56,-2.06,-0.18,0.12,0.03,18.25,58.06,75.0,-0.75,-1.0,0.0,6,3
1772048138.368332,5476954,0.33,-0.05,0.16,-154.37,-65.5,81.06,22.44,2.94,-4.81,-0.08,0.21,0.04,18.44,58.25,75.0,-0.88,0.75,0.0,6,3
1772048138.559106,5477145,0.09,-0.29,0.08,-159.44,-65.75,87.62,22.87,0.19,-0.56,-0.05,0.13,-0.02,18.56,58.31,75.06,-0.69,-0.25,-0.06,6,2
1772048138.749698,5477335,0.2,-0.38,0.06,-163.56,-65.94,92.31,4.94,-1.75,-2.81,-0.01,0.07,-0.01,18.62,58.31,75.0,-0.06,0.5,0.56,5,2
1772048138.940051,5477526,0.16,-0.12,0.1,-164.75,-66.37,92.69,-4.94,0.75,-3.31,0.03,0.09,0.02,18.62,58.31,75.0,0.62,0.19,0.62,5,3
1772048139.131029,5477717,0.1,-0.07,0.09,-164.75,-66.81,90.87,-15.25,-2.06,-6.25,-0.08,0.1,0.05,18.62,58.25,74.87,0.56,0.81,0.81,5,3
1772048139.321642,5477907,0.16,0.17,0.14,-164.62,-67.25,88.44,-5.62,0.13,-3.0,-0.07,0.09,0.02,18.75,58.25,74.81,-0.06,0.25,0.06,5,3
1772048139.512489,5478098,0.03,-0.04,0.12,-164.62,-67.44,88.56,1.87,0.25,-1.12,-0.07,0.13,0.0,18.75,58.25,74.81,-0.44,-0.75,-0.25,6,3
1772048139.703038,5478289,0.15,-0.02,0.13,-165.44,-67.19,89.37,4.12,1.37,-0.5,-0.09,0.1,0.05,18.81,58.31,74.81,0.37,0.44,0.56,5,3
1772048139.89366,5478479,0.17,-0.02,0.1,-166.62,-66.94,90.37,3.12,1.44,-0.56,-0.08,0.08,0.05,18.87,58.31,74.81,0.5,0.13,0.0,4,3
1772048140.084684,5478670,0.11,0.0,0.11,-167.75,-66.81,91.56,7.44,1.12,1.37,-0.04,0.09,0.01,18.87,58.31,74.81,-0.5,-0.44,-0.31,5,3
1772048140.275783,5478862,0.07,-0.06,0.06,-168.5,-66.62,93.62,6.69,-0.69,0.69,-0.05,0.1,0.1,18.87,58.31,74.81,-0.5,0.06,-0.06,5,3
1772048140.466737,5479053,0.12,-0.07,0.05,-169.31,-66.62,95.37,6.81,-0.44,1.31,-0.06,0.12,0.1,18.94,58.38,74.81,0.19,0.81,0.37,5,3
1772048140.657672,5479244,0.16,-0.18,0.04,-170.0,-66.56,96.69,2.81,0.44,0.19,-0.11,0.09,0.07,18.94,58.38,74.81,-0.06,0.31,0.56,6,3
1772048140.849184,5479435,0.09,-0.15,0.07,-170.25,-66.62,97.06,0.44,-0.13,0.31,-0.08,0.12,0.06,18.94,58.38,74.81,0.13,0.37,0.25,6,3
1772048141.039117,5479625,0.16,0.01,0.05,-170.19,-66.62,96.94,-1.06,0.69,0.31,-0.11,0.15,0.06,18.94,58.38,74.81,0.69,0.25,0.5,5,3
1772048141.23103,5479817,0.18,-0.05,0.05,-170.19,-66.62,96.87,0.37,0.13,0.0,-0.04,0.08,0.05,18.94,58.38,74.81,0.06,-0.06,0.25,5,3
1772048141.424403,5480010,0.13,-0.04,0.07,-170.25,-66.62,96.94,0.69,-0.06,0.0,-0.09,0.09,0.02,18.94,58.31,74.75,0.06,0.25,0.37,5,3
1772048141.617625,5480203,0.12,-0.13,0.02,-170.5,-66.5,97.56,4.25,1.5,2.81,-0.14,0.11,0.0,18.94,58.25,74.75,-0.25,-0.25,-0.25,5,3
1772048141.809558,5480396,0.05,-0.02,0.08,-170.44,-66.12,98.06,2.25,2.94,2.31,-0.08,0.05,0.09,18.94,58.25,74.75,0.06,0.62,0.31,5,2
1772048142.000826,5480587,0.16,-0.15,0.05,-170.31,-65.44,98.44,2.0,2.56,1.12,-0.13,0.12,-0.03,18.94,58.25,74.75,-0.06,-0.5,-0.06,4,2
1772048142.192264,5480778,0.23,-0.18,0.05,-170.75,-64.87,99.19,5.94,1.81,2.62,-0.07,0.12,0.07,18.94,58.31,74.75,0.0,-0.37,-0.25,3,3
1772048142.383975,5480970,0.18,-0.1,0.02,-171.19,-64.62,99.75,0.37,1.31,-1.12,-0.13,0.14,-0.07,19.0,58.44,74.75,0.37,-0.88,-0.06,4,3
1772048142.576484,5481162,0.16,-0.11,0.0,-171.56,-64.69,100.06,-0.06,-0.44,0.0,-0.11,0.07,0.01,19.0,58.44,74.75,-0.06,0.5,0.31,3,3
1772048142.768468,5481354,0.13,-0.17,0.06,-171.69,-65.44,99.81,-6.44,-6.31,-6.44,-0.03,0.06,0.05,19.0,58.5,74.75,0.62,0.19,0.19,3,2
1772048142.957949,5481544,0.1,-0.08,0.1,-173.87,-66.37,98.31,-18.56,-0.13,-14.69,-0.03,0.08,0.07,19.0,58.56,74.75,0.37,0.19,0.56,3,2
1772048143.147448,5481733,0.12,0.48,0.13,-174.31,-66.62,96.56,13.13,-1.56,10.19,-0.01,0.08,0.04,19.12,58.69,74.81,-1.19,0.75,-1.06,3,2
1772048143.340216,5481926,0.23,-1.33,-0.07,-169.44,-66.87,100.0,-1.94,-3.62,1.56,-0.08,0.2,0.04,18.75,58.63,75.0,1.25,-1.12,-0.13,2,2
1772048143.531835,5482117,-0.05,0.83,0.26,-176.31,-67.81,92.69,-38.63,-0.31,-18.44,-0.05,0.05,0.0,18.94,58.56,74.75,-0.19,-0.56,-0.31,4,2
1772048143.722105,5482308,0.1,-0.16,0.12,-170.62,-68.25,90.0,20.12,-5.5,16.69,-0.08,0.09,0.06,18.44,58.63,75.12,-0.25,0.81,-1.5,4,3
1772048143.911484,5482497,0.0,0.0,0.18,-170.94,-68.69,90.44,-16.62,2.62,-13.75,-0.08,0.08,0.02,18.25,58.75,75.31,0.06,-1.94,0.13,4,3
1772048144.101367,5482687,0.21,-0.23,0.03,-169.69,-68.19,92.37,34.88,-1.5,22.94,-0.14,0.16,-0.1,17.56,59.25,75.75,1.87,-4.25,-5.56,5,2
1772048144.293024,5482879,-0.24,0.32,0.14,-174.81,-68.44,94.81,-13.63,5.5,-17.19,-0.06,0.04,0.01,17.12,59.19,75.31,2.25,1.37,2.31,6,2
1772048144.484286,5483070,0.15,-0.21,0.02,-172.5,-67.56,96.69,23.94,0.44,16.44,-0.05,0.11,0.09,16.69,58.94,75.25,1.44,-0.37,-1.0,6,2
1772048144.674858,5483261,0.18,-0.02,0.01,-172.25,-67.31,98.5,1.12,0.62,2.19,-0.03,0.01,0.05,16.81,58.81,75.06,-0.13,0.62,1.56,7,3
1772048144.86468,5483450,0.07,-0.17,0.11,-171.94,-67.5,99.12,5.69,-2.69,2.25,-0.09,0.07,0.07,16.94,58.75,74.94,-1.0,0.06,-0.31,6,3
1772048145.054593,5483640,-0.3,0.95,-0.05,-171.19,-67.44,100.25,19.12,3.12,12.13,-0.04,-0.16,0.03,17.44,58.56,75.0,0.06,5.31,3.06,8,3
1772048145.24641,5483832,0.13,-1.32,0.31,-160.81,-62.25,117.56,149.25,-1.75,113.69,-0.06,-0.13,0.13,16.69,58.75,76.12,-1.62,-2.37,-5.12,9,3
1772048145.437689,5484023,0.85,-2.22,-0.24,-156.56,-59.81,127.5,-14.0,-11.81,-4.12,0.0,0.08,-0.27,17.06,59.19,76.44,-0.25,-2.19,3.0,7,3
1772048145.628618,5484214,-1.84,0.28,1.15,-162.87,-71.31,108.62,-193.94,-5.62,-133.56,-0.13,-0.09,0.47,18.81,58.69,74.81,-0.88,3.0,7.37,8,3
1772048145.8178,5484404,-0.15,0.85,0.22,-178.94,-72.25,95.0,-11.75,0.81,2.31,-0.11,-0.01,-0.01,19.25,58.44,74.31,1.25,0.62,0.13,10,3
1772048146.008078,5484594,-0.68,-1.35,0.03,-161.56,-71.44,95.94,23.87,7.31,24.81,-0.06,0.19,0.05,18.25,59.0,74.87,1.25,-5.12,-5.06,9,3
1772048146.199703,5484786,0.01,0.71,0.28,-175.56,-69.94,91.75,-44.44,12.25,-32.0,-0.2,0.07,0.04,18.12,59.06,74.62,-2.12,-2.31,-0.5,9,3
1772048146.390467,5484976,0.23,-0.17,0.08,-167.31,-67.81,91.56,61.0,1.0,48.56,-0.06,-0.04,0.06,17.5,59.19,75.06,0.81,0.81,-3.25,8,3
1772048146.581488,5485167,-0.26,-0.77,-0.04,-167.44,-67.19,98.44,-7.75,4.12,-12.94,-0.08,0.13,0.06,16.94,59.44,75.31,0.44,-1.31,0.37,8,3
1772048146.771179,5485357,0.07,0.4,0.17,-170.62,-66.37,96.69,3.06,2.0,12.44,-0.03,-0.07,0.04,17.06,59.38,75.25,-0.31,0.0,-0.75,9,3
1772048146.961786,5485548,0.06,-0.4,0.06,-168.19,-66.25,97.44,-6.81,-0.31,-7.06,-0.1,0.01,0.12,16.87,59.44,75.31,-0.37,0.0,0.37,7,3
1772048147.153012,5485739,0.4,-0.18,0.09,-169.81,-65.75,97.0,6.75,4.19,4.62,-0.02,0.07,0.01,16.75,59.44,75.37,0.06,2.25,0.69,7,3
1772048147.34371,5485930,0.37,-0.33,0.18,-170.69,-64.56,97.37,-7.87,3.44,-11.13,-0.06,0.0,0.0,16.75,59.44,75.5,0.44,0.56,0.5,8,3
1772048147.534902,5486121,-0.41,0.13,0.08,-173.56,-66.69,95.25,-19.0,-9.63,-12.19,-0.04,0.05,-0.01,16.87,59.38,75.37,-0.62,-0.62,0.25,7,3
1772048147.724942,5486311,0.07,-0.14,0.04,-170.75,-66.94,94.0,12.31,-3.94,15.44,-0.1,0.0,0.09,16.81,59.31,75.44,-0.5,0.62,-0.81,6,3
1772048147.915631,5486502,0.26,-0.16,0.1,-170.0,-67.19,93.94,-11.81,-5.56,-4.81,-0.03,0.03,0.04,16.69,59.38,75.5,-0.25,0.62,0.13,6,3
1772048148.107115,5486693,0.06,0.06,0.09,-169.06,-68.94,90.87,-17.25,-6.37,-6.0,-0.09,0.04,-0.06,16.69,59.38,75.5,-0.13,-0.5,0.69,5,3
1772048148.297333,5486884,-0.01,0.12,0.2,-166.62,-69.87,88.87,1.12,-5.81,4.81,-0.1,0.0,0.01,16.75,59.25,75.5,0.25,1.0,0.81,5,2
1772048148.488291,5487074,0.09,-0.11,0.11,-165.56,-70.31,88.75,-2.25,-1.87,-0.56,-0.04,0.04,0.0,16.87,59.06,75.37,0.25,0.44,0.62,5,3
1772048148.678671,5487265,-0.06,0.12,0.1,-164.75,-70.69,88.06,-2.12,-2.12,0.56,-0.1,0.1,-0.07,17.0,58.94,75.25,0.19,0.69,0.56,5,2
1772048148.869505,5487455,-0.01,0.0,0.05,-164.75,-70.69,88.0,1.25,2.0,-1.0,-0.11,0.03,0.0,17.0,58.88,75.25,-0.5,-2.87,-1.75,6,2
1772048149.060561,5487647,0.19,-0.07,0.1,-164.5,-69.94,88.25,4.69,3.44,5.87,-0.07,0.0,0.0,17.0,59.19,75.56,-0.75,-0.94,-0.69,6,2
1772048149.251603,5487838,0.17,-0.06,0.18,-164.75,-69.75,88.06,-3.5,1.19,-4.12,0.05,-0.06,-0.06,17.0,59.44,75.56,-0.25,0.25,0.0,6,2
1772048149.442374,5488028,0.11,0.22,0.17,-164.25,-70.31,89.12,23.0,-0.44,13.13,-0.14,0.0,-0.12,16.87,59.31,75.62,1.19,-2.75,-1.5,5,2
1772048149.632097,5488218,0.3,-0.38,0.03,-166.37,-69.5,92.62,-1.31,2.62,-2.75,-0.11,0.04,-0.06,16.81,59.31,75.69,1.25,-1.25,1.75,5,2
1772048149.82322,5488409,-0.06,0.06,0.12,-166.19,-69.81,91.69,-2.06,1.69,-2.19,0.0,0.01,-0.01,16.87,59.31,75.56,0.13,-0.81,-0.25,5,2
1772048150.014664,5488600,0.23,-0.17,0.09,-166.56,-69.87,91.12,-7.94,-3.31,-3.81,-0.02,0.05,0.0,16.94,59.38,75.56,-0.13,0.44,-0.37,4,2
1772048150.205016,5488791,0.05,0.28,0.09,-166.31,-70.75,88.81,-9.75,0.81,-3.31,-0.06,0.04,0.03,16.94,59.38,75.56,0.06,0.06,-0.06,5,2
1772048150.396059,5488982,0.08,0.02,0.11,-165.75,-70.62,88.44,3.25,-0.88,1.56,-0.08,0.07,0.05,16.94,59.38,75.56,-0.31,-0.31,-0.37,5,2
1772048150.58556,5489172,0.08,0.0,0.11,-165.25,-70.5,89.06,4.56,2.0,1.87,-0.07,0.03,-0.04,16.94,59.38,75.56,-0.88,-2.37,-1.19,6,3
1772048150.777584,5489363,0.03,-0.04,0.07,-165.5,-70.37,89.56,0.13,-0.13,-0.44,-0.09,0.06,0.0,17.0,59.44,75.56,-0.25,-0.69,-0.25,6,3
1772048150.96803,5489554,0.12,-0.06,0.05,-165.44,-70.44,89.5,-2.62,-1.37,-0.37,-0.08,0.0,0.03,17.0,59.38,75.56,0.5,0.69,0.81,5,3
1772048151.15899,5489745,0.02,-0.01,0.11,-165.31,-70.75,89.19,1.37,-0.88,0.25,-0.08,0.03,0.03,17.06,59.31,75.5,0.0,0.19,0.31,5,3
1772048151.349757,5489936,0.08,-0.09,0.03,-165.5,-70.69,89.44,2.31,0.37,-0.56,-0.14,0.08,0.0,17.06,59.38,75.5,-0.25,-0.81,-0.31,5,3
1772048151.540377,5490126,0.1,0.0,0.02,-165.56,-70.69,89.56,-0.62,-0.44,0.56,-0.08,0.01,0.05,17.06,59.44,75.5,0.19,-0.31,-0.56,4,3
1772048151.731635,5490317,0.09,-0.05,0.06,-165.31,-70.69,89.37,-0.81,-0.56,0.75,-0.05,0.04,0.01,17.06,59.5,75.56,-0.37,-0.37,-0.5,4,3
1772048151.922011,5490508,0.11,0.07,0.09,-165.0,-70.56,89.25,2.19,1.62,1.31,-0.07,0.06,-0.05,17.0,59.5,75.56,0.0,-0.37,-0.56,5,4
1772048152.11281,5490699,0.25,-0.2,-0.01,-165.06,-70.19,90.44,7.5,3.81,-0.06,-0.09,0.11,-0.06,17.06,59.56,75.56,-0.88,-0.25,-0.62,5,3
1772048152.303197,5490889,0.02,-0.08,0.06,-165.94,-70.25,91.12,-0.19,-1.06,0.06,-0.08,-0.01,0.06,17.12,59.5,75.56,0.31,0.88,0.69,5,4
1772048152.493991,5491080,0.16,-0.11,0.03,-166.19,-70.25,91.19,-1.62,-1.25,-1.0,-0.08,0.06,0.01,17.12,59.44,75.5,0.56,0.44,0.37,4,3
1772048152.684719,5491271,0.09,0.01,0.09,-166.31,-70.44,90.69,-1.12,0.0,-1.56,-0.14,0.03,0.04,17.12,59.44,75.5,0.06,0.37,0.19,4,3
1772048152.875295,5491462,0.16,-0.08,0.04,-166.62,-70.31,90.87,1.87,2.12,0.44,-0.1,0.02,0.0,16.94,59.5,75.62,0.44,-1.0,-0.56,4,3
1772048153.066268,5491652,0.07,-0.15,0.01,-166.94,-70.19,91.06,0.25,0.25,0.37,-0.08,0.03,0.07,16.94,59.63,75.69,-0.06,-0.06,-0.37,6,3
1772048153.256707,5491843,0.03,0.07,0.02,-166.56,-70.19,90.75,-1.87,0.81,1.31,0.01,0.0,0.12,16.87,59.63,75.69,-0.06,1.06,0.88,6,3
1772048153.447698,5492034,0.09,-0.14,0.1,-167.25,-70.06,91.12,1.81,-0.75,-0.25,-0.05,0.0,0.1,17.0,59.69,75.69,-1.25,0.69,0.0,6,3
1772048153.638697,5492225,-0.01,-0.24,0.04,-167.31,-69.94,90.87,-4.56,0.19,-1.37,-0.08,0.02,0.0,17.12,59.69,75.62,-0.06,0.25,0.62,7,3
1772048153.829163,5492415,-0.22,-0.48,0.12,-168.75,-69.37,88.19,-30.44,11.94,-12.0,-0.09,0.06,0.06,17.31,59.5,75.37,0.88,2.37,2.56,6,2
1772048154.020239,5492606,0.11,0.23,1.06,-174.19,-64.37,70.44,-157.0,48.38,-89.06,0.12,0.13,-0.21,18.81,58.81,73.87,2.56,-1.06,9.0,8,3
1772048154.209349,5492795,-0.19,1.19,0.9,-174.62,-60.44,48.5,-37.13,6.25,-6.75,-0.1,-0.02,0.01,19.62,58.56,72.56,3.87,0.75,0.19,8,2
1772048154.400427,5492986,-0.14,0.61,0.5,-168.94,-60.5,43.13,9.31,-5.31,11.75,-0.16,0.0,0.22,18.75,58.5,72.69,-0.44,0.94,-1.12,7,3
1772048154.591815,5493178,-0.22,0.95,0.67,-166.31,-62.63,51.25,103.62,-40.0,67.19,0.0,-0.14,0.06,17.94,58.31,73.44,-2.06,-1.25,-5.25,8,3
1772048154.782996,5493369,0.0,-0.55,0.38,-161.69,-65.0,74.19,95.44,-31.31,38.31,-0.17,0.04,-0.07,17.0,58.88,74.56,-0.06,-1.0,-4.25,8,3
1772048154.973786,5493560,-0.31,-0.51,0.25,-165.19,-68.06,89.69,38.5,-12.81,0.44,-0.37,-0.08,0.18,16.37,59.0,74.94,-1.06,-1.0,-0.37,6,3
1772048155.163335,5493749,0.14,-0.28,-0.04,-171.94,-69.37,97.31,10.56,-4.56,-6.19,-0.05,-0.06,0.0,16.44,59.38,75.19,-1.37,-1.87,-1.06,6,3
1772048155.352508,5493939,0.0,0.06,0.1,-175.94,-70.37,101.19,24.56,-4.31,8.06,0.1,0.03,-0.09,16.5,59.56,75.31,-0.25,2.56,-0.5,6,3
1772048155.544835,5494131,0.01,-0.83,0.0,-176.19,-70.87,103.87,-28.19,1.75,-19.44,-0.07,0.07,-0.01,16.06,59.81,75.56,0.56,-1.5,0.81,5,3
1772048155.736312,5494322,-0.18,-0.12,-0.06,-177.87,-70.56,101.12,27.06,0.81,31.25,0.0,-0.01,0.08,16.12,59.81,75.5,-1.12,-0.31,-3.87,5,3
1772048155.927163,5494513,0.04,0.83,0.08,-178.31,-70.37,99.87,11.31,-2.37,21.37,-0.16,-0.14,0.08,16.06,59.81,75.44,-0.37,1.0,-3.44,4,3
1772048156.116741,5494703,0.02,2.03,0.24,-177.62,-70.0,96.94,-0.88,0.13,9.31,-0.01,-0.26,-0.3,16.0,59.81,75.37,1.25,0.94,-2.25,4,3
1772048156.306077,5494892,-0.39,0.76,0.13,-170.31,-70.31,97.12,-43.38,-3.0,-37.75,0.03,-0.11,0.1,15.5,59.81,75.56,3.87,2.5,4.37,5,3
1772048156.498247,5495084,0.1,-0.38,0.03,-168.19,-69.75,95.94,-25.5,3.37,-20.75,-0.14,0.07,0.09,15.38,59.69,75.5,2.12,1.62,5.0,4,3
1772048156.689878,5495276,0.42,-0.69,0.02,-168.06,-68.81,94.75,-5.44,8.0,-5.75,-0.08,0.22,-0.04,15.5,59.5,75.37,0.31,-0.44,3.0,4,4
1772048156.880904,5495467,0.16,-1.23,-0.05,-168.25,-68.31,94.87,-4.81,7.37,-7.12,-0.13,0.23,0.0,15.44,59.38,75.37,0.31,-1.0,0.81,4,3
1772048157.071736,5495658,-0.3,-0.46,-0.03,-167.94,-68.25,93.87,46.81,-6.31,46.0,-0.03,-0.01,0.23,15.44,59.31,75.31,-2.56,-1.25,-4.37,4,3
1772048157.261119,5495847,0.17,1.81,0.26,-173.12,-68.5,91.37,-11.25,1.19,-2.0,-0.03,-0.11,-0.05,15.75,59.44,75.0,-1.81,-0.13,-1.12,4,3
1772048157.452534,5496039,0.2,-1.17,0.03,-167.75,-68.5,93.5,-41.06,0.62,-39.94,-0.12,0.07,-0.1,15.25,59.5,75.25,1.37,-0.13,2.06,4,3
1772048157.643752,5496230,0.23,2.11,0.3,-176.44,-69.06,87.62,12.56,-5.5,8.44,-0.06,-0.16,-0.08,15.75,59.44,75.06,-0.19,1.31,-1.44,4,3
1772048157.835251,5496421,0.11,-1.58,-0.02,-167.81,-69.69,95.5,16.62,-2.56,-3.31,-0.11,0.16,-0.08,14.94,59.81,75.62,0.06,-1.69,0.69,3,3
1772048158.02581,5496612,0.21,1.44,0.21,-179.25,-69.69,94.5,12.94,4.69,4.62,0.0,-0.11,0.0,15.5,59.81,75.44,-0.81,0.69,-1.37,3,3
1772048158.216967,5496803,0.16,-1.38,-0.06,-172.37,-69.94,100.37,-7.37,-3.37,-16.62,-0.08,0.08,-0.03,14.94,60.0,75.81,0.44,-0.5,1.87,2,3
1772048158.407345,5496993,0.02,0.78,0.17,-177.44,-70.56,98.31,24.44,-3.06,25.94,-0.05,-0.06,0.0,15.19,59.94,75.69,0.31,1.0,-2.12,2,3
1772048158.598179,5497184,0.13,-0.37,-0.02,-173.31,-70.37,100.81,-17.25,2.19,-14.63,-0.13,0.05,-0.04,14.94,60.06,75.87,-0.25,-0.25,1.0,2,3
1772048158.788902,5497375,0.13,0.23,0.01,-173.69,-70.19,98.69,13.63,-0.75,13.63,-0.02,0.0,0.0,14.88,60.06,75.87,-0.31,-0.13,-1.56,3,3
1772048158.980606,5497567,0.1,-0.09,0.0,-172.75,-70.31,99.5,-15.56,-1.5,-10.31,-0.06,-0.04,0.04,14.88,60.13,75.87,0.13,0.56,1.37,3,3
1772048159.172441,5497759,0.15,-0.43,-0.02,-171.56,-70.5,98.12,-4.06,-0.31,-0.44,-0.04,0.05,0.04,14.75,60.13,75.94,0.62,0.31,0.37,4,3
1772048159.362289,5497948,-0.1,0.46,0.2,-174.06,-70.87,94.06,-23.44,-0.5,-8.56,-0.06,-0.03,-0.05,15.06,59.88,75.75,0.25,0.81,0.19,4,3
1772048159.552149,5498138,0.42,0.03,0.01,-170.44,-69.75,91.75,4.31,-0.88,7.62,-0.04,0.02,-0.04,14.94,59.81,75.81,-0.06,0.13,-0.5,4,3
1772048159.743293,5498330,0.05,-0.02,0.08,-166.0,-70.12,92.12,12.5,-4.25,13.31,-0.02,0.02,0.02,14.88,59.69,75.81,0.5,0.13,-0.5,5,3
1772048159.936078,5498522,-0.09,-0.08,0.03,-163.62,-70.62,92.12,-3.44,-3.12,-1.81,-0.19,0.07,-0.12,14.75,59.75,75.87,-0.5,-2.31,-0.81,5,3
1772048160.126261,5498713,0.15,0.21,0.04,-165.62,-70.5,92.37,10.0,2.0,2.37,-0.01,-0.05,0.05,14.75,59.75,75.87,0.0,1.19,0.13,5,3
1772048160.315882,5498902,0.08,-0.44,0.0,-165.87,-70.06,95.25,2.44,2.25,-3.44,-0.12,0.04,0.0,14.75,59.81,75.94,0.06,-1.12,0.31,5,3
1772048160.505787,5499092,0.16,0.16,0.06,-169.37,-69.94,95.19,3.87,0.56,0.69,-0.07,0.0,-0.03,14.81,59.81,75.87,0.5,-0.13,-0.62,5,2
1772048160.697969,5499284,0.17,-0.2,-0.01,-170.31,-69.94,96.44,-6.25,0.13,-6.37,0.01,0.0,0.06,14.81,60.0,75.94,0.5,0.88,1.25,4,2
1772048160.889112,5499476,0.14,0.29,0.07,-171.31,-70.06,95.81,9.69,-1.0,6.19,-0.05,0.0,0.0,14.94,59.88,75.75,0.13,1.56,0.25,4,2
1772048161.081636,5499668,0.07,-0.25,0.08,-170.75,-70.37,97.44,-3.44,-0.06,-5.06,-0.05,0.05,0.03,15.06,59.81,75.69,0.0,-0.5,1.19,4,2
1772048161.27082,5499857,0.07,-0.07,0.04,-171.37,-70.31,97.44,8.19,-0.5,5.44,-0.05,0.03,0.03,15.19,59.75,75.56,0.75,-0.44,-0.5,3,2
1772048161.460488,5500047,0.0,0.12,0.06,-172.25,-70.06,97.25,-10.75,5.44,-5.5,-0.08,0.02,-0.07,15.25,59.81,75.56,0.56,0.19,0.37,4,1
1772048161.651953,5500238,0.09,-0.1,0.0,-171.75,-69.37,96.62,0.69,4.06,2.81,-0.08,0.06,-0.05,15.13,59.75,75.56,0.06,-0.75,-0.37,3,1
1772048161.843896,5500429,0.12,-0.04,0.01,-170.56,-69.0,95.75,-1.81,1.37,1.44,-0.04,0.01,0.05,15.0,59.69,75.56,0.75,0.37,-0.56,4,1
1772048162.034022,5500620,-0.23,0.16,-0.05,-168.81,-68.87,94.81,2.94,0.81,8.94,0.04,-0.04,0.22,15.0,59.75,75.56,0.56,-0.19,0.19,4,1
1772048162.223647,5500810,0.11,-0.14,0.0,-165.62,-68.12,93.5,-8.06,0.62,0.56,-0.11,-0.01,0.13,14.81,60.13,75.75,0.81,1.37,1.81,5,2
1772048162.414008,5501000,-0.33,0.24,0.07,-164.56,-68.06,90.94,-10.5,-5.94,-2.87,-0.03,0.07,-0.04,14.88,60.31,75.69,0.25,-0.19,-0.31,5,2
1772048162.605173,5501192,0.33,-0.21,0.18,-162.75,-67.31,89.56,-4.44,-8.19,8.69,0.06,0.0,0.07,14.81,60.31,75.62,1.19,2.56,1.69,5,2
1772048162.796585,5501383,-0.45,0.71,0.0,-159.06,-67.81,87.31,1.87,-3.12,1.81,0.02,0.31,-0.36,14.69,60.06,75.69,-0.25,-2.25,-1.19,5,2
1772048162.987606,5501574,0.59,-0.46,-0.1,-155.94,-65.12,90.06,20.25,-9.38,21.69,-0.03,0.0,0.07,14.44,59.94,75.75,1.87,-0.94,-2.12,6,3
1772048163.177396,5501763,0.46,0.5,0.4,-154.69,-68.25,90.19,-14.19,-6.44,-17.75,0.06,0.28,-0.57,14.25,60.13,75.75,-0.88,-3.0,-0.5,6,3
1772048163.36709,5501954,0.07,-0.77,-0.16,-154.12,-70.25,93.0,17.19,-12.69,7.37,-0.22,0.0,0.12,14.31,59.81,75.75,0.13,4.69,3.87,6,3
1772048163.558675,5502145,1.22,-0.35,0.03,-162.69,-68.56,93.5,-3.94,21.25,1.87,0.05,0.08,-0.18,14.94,59.81,75.44,-0.88,0.5,0.94,6,2
1772048163.74993,5502336,-0.04,-0.34,-0.02,-156.81,-68.5,88.94,-20.19,-4.69,8.94,-0.16,0.03,0.0,14.88,59.63,75.31,0.56,-1.25,-1.37,5,2
1772048163.940703,5502527,0.63,0.08,0.05,-152.44,-67.37,83.75,-12.88,2.25,-1.06,-0.01,0.14,-0.02,13.94,59.81,75.56,1.81,1.44,-1.87,5,3
1772048164.130786,5502717,0.0,-0.09,0.01,-149.69,-67.31,83.81,22.12,-4.19,15.75,-0.19,0.15,0.02,13.31,59.88,75.87,-1.44,0.69,-0.69,5,2
1772048164.320976,5502907,0.21,1.08,0.29,-157.0,-68.62,85.5,19.5,5.56,3.5,0.05,-0.18,-0.14,13.81,59.5,75.62,-2.0,2.62,0.31,5,2
1772048164.51237,5503099,0.19,0.26,0.34,-163.69,-67.87,93.87,1.75,14.19,-35.5,-0.26,0.05,0.1,14.31,59.19,75.5,-1.69,-0.88,3.69,6,2
1772048164.703432,5503290,0.21,-1.84,-0.16,-171.94,-66.44,105.56,29.0,18.31,-5.31,-0.06,0.3,0.08,14.63,59.38,75.69,0.75,-1.06,2.31,6,2
1772048164.894315,5503480,-0.1,0.76,0.13,-176.0,-65.56,101.56,-25.06,-5.25,-11.69,-0.13,0.0,0.0,15.56,59.25,75.25,-0.31,-0.88,0.5,6,2
1772048165.084624,5503671,0.59,-1.77,-0.08,-174.87,-64.0,101.94,-40.19,8.5,-36.25,-0.05,0.42,-0.01,15.06,59.56,75.44,1.87,-0.25,1.37,7,3
1772048165.274683,5503861,0.57,0.28,0.03,-168.69,-62.75,92.5,35.06,7.44,73.75,0.01,-0.31,0.1,15.31,58.88,75.31,1.75,4.37,-4.19,6,3
1772048165.466189,5504052,0.18,1.38,0.46,-162.87,-63.25,88.06,-28.62,-10.25,-19.94,0.13,0.0,-0.07,14.19,59.25,75.44,0.75,-1.06,0.25,6,4
1772048165.657379,5504243,-0.25,-0.6,0.26,-159.81,-65.75,93.5,19.5,-22.44,-17.25,-0.11,0.39,-0.11,13.31,59.5,76.0,-0.69,-3.62,-0.44,6,4
1772048165.847868,5504434,0.29,0.25,0.0,-169.44,-68.5,97.94,8.38,0.44,-7.44,-0.08,-0.07,-0.08,14.75,59.5,75.81,-4.37,-0.56,2.62,7,3
1772048166.038522,5504625,0.04,-0.56,0.05,-173.62,-69.25,103.31,14.5,-3.69,-5.37,-0.05,-0.02,0.01,15.25,59.63,75.94,-0.31,-2.06,-0.62,7,4
1772048166.229014,5504815,0.0,-0.25,0.05,-178.69,-69.87,106.12,-6.56,-2.81,-6.5,-0.1,0.05,-0.01,15.19,59.88,75.94,0.19,-0.62,-1.44,7,3
1772048166.420304,5505007,-0.04,0.15,0.1,-177.37,-69.87,104.0,-7.31,4.5,5.31,-0.06,0.05,-0.04,14.94,59.94,75.94,0.06,-0.37,-0.13,7,3
1772048166.610841,5505197,0.17,0.02,0.0,-174.06,-69.06,102.0,-5.81,1.06,0.56,-0.06,0.05,-0.02,14.94,59.94,75.94,0.06,0.31,-0.56,6,3
1772048166.801633,5505388,0.1,0.07,0.04,-172.0,-69.0,101.5,9.5,-0.69,8.13,0.02,0.02,0.03,14.69,59.81,75.94,-0.25,-0.19,-1.06,6,3
1772048166.992402,5505579,0.07,0.0,0.08,-171.62,-69.06,102.62,0.5,-2.44,-2.5,-0.01,0.01,0.07,14.63,59.88,76.0,-0.56,0.56,0.5,5,2
1772048167.183136,5505769,0.21,-0.07,0.0,-173.25,-69.25,103.75,1.44,0.25,-3.62,-0.03,0.0,-0.07,14.75,59.94,76.0,-0.19,-0.88,-0.25,5,2
1772048167.374118,5505960,0.03,-0.04,0.03,-175.75,-69.44,103.94,-9.25,-0.31,-7.06,-0.07,-0.03,-0.06,14.81,59.94,75.94,-0.25,0.0,0.31,5,2
1772048167.564688,5506151,0.11,0.01,0.1,-175.44,-69.19,102.19,-3.94,2.81,1.81,-0.09,0.01,-0.06,14.81,59.94,75.94,0.44,0.06,-1.0,5,1
1772048167.755431,5506342,0.11,-0.01,0.0,-173.06,-68.75,100.5,-3.87,2.37,4.44,-0.07,0.02,-0.06,14.63,59.88,75.87,0.37,-0.13,-0.56,6,2
1772048167.946459,5506533,0.18,0.15,0.04,-170.56,-68.31,98.44,-4.62,0.88,4.19,-0.09,0.04,-0.07,14.56,59.88,75.94,-0.75,-0.06,-0.5,6,2
1772048168.137003,5506723,0.17,-0.03,0.05,-168.0,-68.06,97.31,-0.62,2.62,1.62,-0.07,0.05,-0.13,14.56,59.94,75.94,-0.5,-2.06,-0.13,6,2
1772048168.327628,5506914,0.03,-0.01,0.09,-168.19,-67.87,96.62,-5.31,1.12,-2.31,-0.02,0.0,0.01,14.63,59.94,75.87,0.69,0.25,0.19,5,2
1772048168.518112,5507105,0.18,0.09,0.06,-167.62,-67.56,95.31,-4.5,1.37,0.19,-0.05,0.0,0.01,14.63,59.94,75.87,0.19,-0.06,0.19,5,2
1772048168.709025,5507296,0.12,0.07,0.08,-167.31,-67.5,94.62,-1.31,0.0,-0.31,-0.04,-0.08,0.02,14.69,59.81,75.81,0.69,1.25,0.5,5,2
1772048168.899938,5507486,0.13,-0.1,0.1,-167.94,-67.37,94.5,-3.25,2.37,-3.44,-0.13,-0.01,-0.03,14.75,59.81,75.75,0.31,0.69,1.37,5,2
1772048169.09042,5507677,0.4,0.05,0.06,-168.94,-67.0,93.62,-2.56,4.31,-4.0,-0.07,0.0,0.01,14.81,59.75,75.62,0.5,0.5,0.19,5,2
1772048169.281419,5507868,0.06,0.01,0.12,-169.0,-66.81,93.5,-1.69,-0.44,-0.25,-0.06,0.04,-0.03,14.75,59.69,75.62,0.31,0.0,-0.06,5,2
1772048169.471117,5508058,0.15,0.09,0.06,-168.5,-66.87,92.81,-0.94,-2.56,1.75,-0.07,0.0,0.08,14.75,59.75,75.62,0.0,-1.56,-0.56,5,3
1772048169.662248,5508249,0.08,0.06,0.07,-168.37,-67.0,92.87,0.25,-0.69,-0.19,-0.04,0.06,0.03,14.81,59.75,75.62,0.0,0.69,0.25,5,2
1772048169.853698,5508440,0.13,0.03,0.12,-168.37,-67.06,92.94,0.13,-0.25,-0.37,-0.07,0.0,0.01,14.75,59.81,75.62,-0.19,-0.56,-0.31,4,2
1772048170.044339,5508631,0.12,-0.03,0.11,-168.44,-67.19,93.19,0.31,0.13,-0.06,-0.1,0.05,0.01,14.75,59.88,75.69,-0.5,-1.0,-0.37,4,2
1772048170.234976,5508821,0.16,-0.05,0.11,-168.37,-67.12,93.12,1.37,-0.62,-0.31,-0.07,0.05,0.0,14.75,60.0,75.69,-0.94,1.44,0.25,4,2
1772048170.425675,5509012,0.41,0.07,0.14,-170.0,-66.62,93.75,0.06,5.37,-3.94,-0.1,-0.02,0.04,14.75,59.94,75.81,0.19,0.5,0.06,3,2
1772048170.616205,5509203,0.13,-0.06,0.07,-170.75,-66.75,94.5,2.31,-2.44,0.56,-0.04,0.0,0.13,14.69,60.0,75.87,-0.25,0.37,0.0,4,2
1772048170.807565,5509394,0.17,-0.05,0.12,-170.75,-67.0,94.87,-1.0,-1.31,-0.19,-0.04,0.0,0.11,14.69,60.06,75.87,-0.5,-1.06,-0.25,5,3
1772048170.997816,5509584,-0.02,-0.04,0.19,-170.56,-67.25,94.75,0.69,0.31,-0.37,-0.06,0.03,0.0,14.69,60.13,75.87,0.37,0.69,0.44,4,2
1772048171.188714,5509775,0.18,-0.04,0.11,-171.0,-66.75,94.62,-1.87,3.56,-1.5,-0.13,0.04,-0.01,14.69,60.13,75.87,0.44,1.0,0.56,5,3
1772048171.379756,5509966,0.09,-0.1,0.1,-170.87,-66.62,94.0,-3.06,1.69,-1.06,-0.04,0.01,-0.01,14.69,60.0,75.87,-0.5,0.25,-0.25,5,2
1772048171.570346,5510157,0.21,-0.34,0.0,-169.0,-66.62,91.75,-14.38,-0.19,1.75,0.0,-0.03,0.13,14.81,59.88,75.81,-0.75,-0.88,-0.25,5,3
1772048171.761425,5510348,-0.18,0.32,0.16,-166.56,-66.81,88.12,-2.06,3.75,3.5,-0.06,-0.01,0.08,14.69,59.88,75.75,-0.44,-1.37,-1.69,5,3
1772048171.952019,5510538,0.26,-0.03,0.17,-164.56,-66.37,88.75,11.38,-4.06,9.63,-0.11,0.09,-0.03,14.38,60.0,75.94,-0.13,-0.5,-0.56,6,3
1772048172.142685,5510729,0.06,0.0,0.14,-163.69,-67.0,89.56,-0.69,-1.81,-1.75,-0.1,-0.01,0.07,14.44,60.06,75.94,-0.06,0.06,0.88,6,4
1772048172.333361,5510920,0.1,-0.07,0.07,-165.06,-67.37,90.5,2.56,-1.19,-3.12,-0.09,0.04,-0.02,14.5,60.06,75.87,0.44,0.56,0.13,6,3
1772048172.524468,5511111,0.14,-0.14,0.07,-165.62,-68.0,91.06,-3.31,-6.69,-2.12,-0.13,0.02,0.07,14.5,60.06,75.87,0.19,-0.37,-0.19,5,4
1772048172.715643,5511302,0.0,0.09,0.11,-166.06,-69.06,90.06,-8.06,-1.37,-5.69,-0.07,0.05,-0.01,14.5,60.13,75.87,-0.31,-0.62,0.0,5,3
1772048172.906046,5511492,-0.5,0.19,0.35,-167.62,-67.25,90.37,14.0,42.75,1.56,-0.02,0.0,0.23,14.5,60.06,75.87,-0.25,-3.5,-1.75,5,4
1772048173.096735,5511683,2.76,-0.4,-0.42,-170.75,-63.69,92.31,0.06,-45.5,1.0,0.1,0.16,-0.51,14.56,60.06,75.75,-1.44,2.44,0.81,5,3
1772048173.287562,5511874,0.8,-0.51,-0.3,-167.75,-67.69,93.06,17.44,-10.56,3.0,-0.16,-0.02,0.13,14.75,60.19,75.75,-1.44,11.63,4.81,4,3
1772048173.477068,5512064,0.25,-0.04,0.14,-168.12,-67.69,95.19,7.31,-3.87,-0.37,-0.2,0.03,0.12,14.81,60.06,75.87,-0.94,2.5,0.69,3,3
1772048173.668749,5512255,0.32,-0.29,-0.1,-170.75,-67.81,97.62,3.25,2.69,-4.94,-0.06,0.02,0.01,14.88,59.94,75.81,0.25,-0.19,-0.56,4,3
1772048173.8598,5512446,0.09,-0.17,0.08,-171.5,-67.94,97.69,-7.44,-1.31,0.81,-0.1,0.05,0.0,14.75,60.0,75.87,0.19,-0.94,-0.31,3,3
1772048174.050783,5512637,0.1,-0.08,0.07,-170.06,-68.62,94.44,-20.69,-7.19,-8.0,-0.14,0.06,0.02,14.63,60.13,75.75,0.88,0.62,0.56,3,2
1772048174.241833,5512828,-0.02,0.25,0.17,-169.31,-69.75,91.0,-9.13,-1.81,-3.12,-0.11,0.04,0.0,14.63,60.06,75.69,-0.37,-0.13,0.31,3,2
1772048174.433066,5513020,0.06,0.0,0.09,-168.94,-69.87,90.44,2.31,0.88,-0.37,-0.14,0.06,0.01,14.69,59.94,75.62,-0.5,-0.25,-0.06,3,1
1772048174.623478,5513210,0.12,0.05,0.08,-169.31,-69.44,91.0,8.31,5.12,4.5,0.02,-0.02,0.12,14.75,59.88,75.62,-0.19,0.94,-0.31,4,2
1772048174.814096,5513401,0.06,-0.08,0.09,-169.5,-68.81,92.25,0.94,3.56,1.06,-0.09,0.04,0.01,14.75,59.94,75.62,-0.75,-0.56,-0.31,4,1
1772048175.004669,5513591,0.26,1.34,0.32,-165.56,-67.44,96.06,94.19,5.5,66.81,-0.36,0.0,-0.28,14.69,59.94,75.94,-2.37,-5.69,-5.56,4,2
1772048175.196477,5513783,0.17,-1.37,0.05,-150.25,-62.56,112.5,103.87,-18.12,83.12,-0.09,0.21,0.07,13.25,60.31,77.0,-0.75,-1.06,-4.75,5,2
1772048175.388623,5513975,0.06,-0.65,-0.05,-146.12,-61.19,119.12,8.25,-3.44,4.5,0.0,-0.03,-0.04,13.31,60.63,77.31,-1.19,0.13,1.37,4,2
1772048175.579672,5514166,0.35,-0.64,-0.01,-148.56,-61.81,122.06,3.31,-2.5,-0.19,-0.07,-0.1,0.07,13.63,60.69,77.44,-0.62,0.25,0.69,5,2
1772048175.768738,5514355,0.13,-0.47,0.0,-150.56,-62.5,124.25,-2.69,1.31,-2.19,-0.03,0.06,-0.04,13.56,60.63,77.37,1.44,0.69,0.06,4,3
1772048175.959332,5514546,-0.1,-0.98,0.05,-149.81,-64.19,119.44,-75.75,-2.12,-45.44,-0.1,0.0,-0.03,13.63,60.69,77.06,0.44,-0.31,2.56,5,3
1772048176.151098,5514738,-0.53,0.9,0.73,-161.5,-68.69,105.62,-111.37,11.44,-91.0,0.12,0.0,0.01,14.31,60.13,76.19,1.81,2.62,4.25,5,3
1772048176.342791,5514929,0.09,1.39,0.43,-175.0,-68.25,98.0,19.25,2.31,18.81,-0.07,-0.06,-0.1,14.69,59.81,76.0,-0.37,-0.19,-3.06,6,3
1772048176.533669,5515120,0.27,-0.85,0.16,-171.06,-68.37,101.75,-30.44,-0.94,-28.56,-0.09,0.11,0.0,14.25,59.75,76.06,0.94,-0.25,2.12,5,3
1772048176.723227,5515310,0.03,1.06,0.48,-178.25,-68.94,93.06,-61.94,1.25,-35.56,-0.05,-0.06,-0.15,14.88,59.69,75.75,0.81,-0.94,0.62,5,3
1772048176.913076,5515500,-0.09,-0.03,0.4,-171.31,-70.5,88.31,29.37,-7.81,22.56,-0.06,-0.02,0.03,14.56,59.69,75.94,0.5,0.06,-0.94,4,3
1772048177.105239,5515692,0.01,0.88,0.43,-172.06,-71.19,88.87,-4.37,-2.56,-7.31,-0.05,-0.05,-0.03,14.69,59.63,76.0,-1.56,2.19,-0.69,4,3
1772048177.296313,5515883,-0.04,-0.55,0.32,-166.31,-71.19,90.25,-6.69,1.25,-13.06,-0.08,-0.01,0.04,14.31,59.69,76.44,-0.88,-2.31,0.37,5,3
1772048177.4871,5516074,0.14,-0.22,0.29,-169.94,-70.44,94.56,44.56,8.25,13.63,-0.07,0.05,-0.07,14.38,59.88,76.44,-0.25,-0.37,0.88,4,3
1772048177.676672,5516263,0.02,-0.45,0.13,-175.12,-69.62,101.0,2.94,3.56,-4.25,-0.07,-0.07,0.1,14.63,59.75,76.37,-0.44,1.06,1.06,5,3
1772048177.866814,5516453,0.15,-0.22,0.1,-176.25,-69.06,100.94,-3.56,1.62,-0.5,0.02,-0.04,-0.01,14.63,59.75,76.31,1.19,-0.44,0.37,5,3
1772048178.058405,5516645,0.03,0.02,0.2,-175.69,-69.62,97.25,-30.12,-6.44,-8.56,-0.11,0.01,0.01,14.69,60.0,76.0,1.12,-1.69,0.25,4,3
1772048178.249496,5516836,0.01,0.33,0.21,-172.5,-70.75,91.56,-8.69,-2.44,0.62,-0.09,0.05,-0.03,14.5,60.0,75.87,0.62,-0.5,-0.44,3,3
1772048178.440271,5517027,-0.03,0.03,0.15,-170.31,-71.31,90.5,0.75,-1.25,0.13,-0.13,0.03,0.05,14.5,59.94,75.81,-0.31,0.06,0.37,4,3
1772048178.63021,5517217,0.04,-0.07,0.06,-170.44,-71.25,90.81,2.0,1.31,1.25,-0.04,0.01,-0.03,14.5,60.0,75.87,-0.06,-1.62,-0.5,3,3
1772048178.820791,5517407,0.05,-0.12,0.1,-170.56,-71.31,91.12,-0.69,-0.06,0.06,0.0,0.02,-0.02,14.56,60.06,75.81,0.37,-0.25,0.56,4,3
1772048179.011855,5517599,0.02,0.13,0.15,-170.25,-71.37,90.69,3.25,-0.37,2.87,-0.09,0.04,0.0,14.56,60.06,75.81,-0.25,0.0,-0.31,5,2
1772048179.202761,5517790,0.05,-0.03,0.1,-169.62,-71.19,91.5,3.12,2.44,1.37,-0.02,-0.03,0.07,14.56,60.06,75.81,0.37,1.75,1.31,4,2
1772048179.393525,5517980,0.08,0.01,0.08,-169.5,-70.37,93.19,21.56,4.06,10.19,-0.06,0.02,-0.02,14.56,59.94,75.81,1.81,-0.56,1.06,5,2
1772048179.583629,5518171,0.26,-0.22,0.02,-170.19,-69.5,96.81,15.38,2.19,5.69,-0.06,0.01,0.01,14.69,59.81,75.81,0.44,0.75,0.44,5,2
1772048179.774511,5518361,0.07,-0.17,0.02,-171.0,-69.5,98.5,-0.69,0.69,-1.44,-0.08,0.0,0.01,14.75,59.81,75.75,-0.19,-1.87,-0.31,5,2
1772048179.965866,5518553,0.16,-0.29,0.02,-171.62,-69.5,98.12,-11.0,-2.5,-4.44,-0.11,0.01,0.03,14.69,60.0,75.75,0.06,-0.37,-0.31,5,2
1772048180.156662,5518743,0.02,0.16,0.07,-172.0,-70.06,94.44,-21.5,-0.44,-8.13,-0.09,0.03,0.0,14.69,60.06,75.81,0.25,-0.75,-0.62,6,2
1772048180.347502,5518934,0.06,0.02,0.13,-170.94,-70.31,91.62,-5.81,-1.5,0.62,-0.09,0.07,0.0,14.63,60.13,75.81,0.06,-0.62,-0.37,5,2
1772048180.537846,5519124,0.06,-0.04,0.12,-170.12,-70.44,89.94,-11.31,1.19,-3.12,-0.05,0.06,-0.06,14.63,60.13,75.75,0.5,-0.62,0.31,5,2
1772048180.727909,5519315,0.05,0.67,0.12,-168.06,-70.5,88.87,25.62,-4.56,19.87,-0.16,0.12,0.5,14.56,59.94,75.69,7.31,4.62,-0.06,5,2
1772048180.918987,5519506,0.72,1.33,0.32,-174.56,-68.5,86.44,44.0,14.56,37.06,-0.1,-0.25,0.2,14.94,59.38,75.12,-2.19,5.5,-5.19,4,3
1772048181.110047,5519697,-0.32,-1.33,-0.02,-169.62,-67.0,90.25,32.75,-5.75,39.0,-0.15,0.05,-0.01,14.56,59.31,75.5,-2.94,-3.37,-4.06,5,3
1772048181.300828,5519888,0.14,0.07,0.08,-168.0,-68.31,87.75,22.87,-3.81,22.81,0.04,0.09,-0.06,14.44,59.63,75.69,-2.06,1.44,-3.06,5,2
1772048181.491515,5520078,-0.08,0.36,0.25,-166.44,-68.75,91.06,36.94,-0.44,17.25,-0.06,-0.01,-0.06,14.31,59.75,75.75,-0.94,0.5,-1.69,6,2
1772048181.682189,5520269,0.24,-0.56,-0.06,-168.44,-67.87,97.37,5.12,4.56,-5.56,-0.02,-0.01,-0.09,14.19,59.81,76.0,0.31,-0.31,1.69,5,2
1772048181.873437,5520460,0.09,-0.07,0.01,-171.37,-67.81,97.5,-8.44,0.19,-5.12,-0.04,0.01,-0.04,14.38,59.88,75.94,1.0,-1.0,-0.37,6,3
1772048182.063982,5520651,0.18,-0.03,0.02,-171.5,-67.94,96.12,-7.25,-1.19,0.06,-0.11,0.0,-0.02,14.31,59.88,75.87,0.31,-0.19,0.62,5,3
1772048182.254807,5520842,0.01,0.08,0.11,-169.81,-68.75,93.0,-24.25,-5.5,-7.56,-0.06,0.0,-0.02,14.5,59.81,75.75,0.25,-0.19,0.37,5,2
1772048182.444969,5521032,0.08,0.11,0.11,-168.12,-69.62,89.5,-4.56,-2.69,0.44,-0.04,0.01,0.01,14.5,59.75,75.75,-0.62,0.06,0.13,5,2
1772048182.635929,5521223,0.04,-0.06,0.14,-166.5,-70.06,88.44,-1.5,0.25,-2.06,-0.07,0.0,-0.06,14.44,59.88,75.75,0.31,-1.19,-0.37,5,2
1772048182.826668,5521414,0.09,-0.08,0.14,-167.25,-70.0,87.62,-13.25,0.37,-4.69,-0.05,0.04,0.02,14.56,60.0,75.69,0.06,-0.75,0.69,6,2
1772048183.017022,5521604,-0.43,-1.25,-0.03,-168.12,-69.62,83.75,-43.25,12.94,-19.25,-0.22,0.12,0.1,15.0,59.81,75.19,1.69,3.62,7.69,5,2
1772048183.208673,5521795,-0.27,1.27,1.16,-176.94,-65.62,63.06,-139.94,32.13,-80.44,0.07,-0.19,-0.02,17.31,59.13,73.12,3.69,-0.81,9.63,7,3
1772048183.398775,5521986,-0.13,0.75,0.9,-176.0,-62.44,47.69,-19.81,3.12,8.31,-0.09,0.13,0.08,17.5,58.88,72.0,4.94,1.44,0.88,6,3
1772048183.589688,5522176,0.06,0.4,0.4,-170.44,-62.81,42.56,-4.0,0.56,-0.81,-0.12,0.03,0.06,17.19,58.56,70.94,4.87,-0.94,6.0,7,3
1772048183.780004,5522367,0.07,-0.02,0.37,-170.31,-63.31,41.69,4.0,0.69,-4.25,-0.07,-0.05,-0.1,17.81,58.38,69.81,1.37,-0.75,2.25,6,3
1772048183.97017,5522557,-0.06,-0.08,0.23,-172.19,-63.5,43.19,4.0,3.44,-2.81,-0.02,-0.05,-0.14,18.37,58.44,69.5,-0.56,-1.31,-0.31,6,4
1772048184.161853,5522749,0.56,0.58,0.24,-173.19,-63.5,44.88,23.12,-7.81,15.44,-0.15,-0.15,-0.1,18.12,58.56,70.06,-3.5,-0.06,-5.94,6,4
1772048184.352587,5522939,-0.08,-0.86,0.04,-161.87,-67.0,55.38,92.5,-37.0,78.0,0.0,-0.18,0.3,16.94,58.31,72.0,-6.25,2.44,-3.69,7,4
1772048184.543513,5523130,-0.41,-0.33,0.56,-148.06,-67.0,66.12,64.25,-4.62,35.81,-0.12,0.32,-0.19,15.88,58.81,73.69,-4.75,-1.69,-7.62,8,4
1772048184.733155,5523320,-0.06,-0.45,0.21,-151.94,-65.06,75.62,42.88,10.56,9.56,-0.08,0.18,0.1,14.88,58.94,74.69,-1.37,3.44,-0.13,7,4
1772048184.923338,5523510,0.27,-0.65,-0.1,-159.56,-61.94,81.62,10.31,33.0,1.37,0.0,0.02,-0.34,15.25,58.69,74.44,-0.25,-0.25,2.81,8,4
1772048185.115498,5523702,1.31,-1.07,-0.77,-163.5,-58.81,82.69,-12.06,-22.0,-1.25,-0.13,-0.2,0.27,15.88,58.38,74.12,-1.12,1.87,2.19,6,3
1772048185.30625,5523893,0.05,0.08,0.37,-153.87,-66.25,78.94,-22.87,-57.06,3.37,0.02,-0.12,0.13,15.88,58.69,74.19,0.81,-15.13,-8.94,7,3
1772048185.496974,5524084,-0.94,0.36,1.44,-143.56,-70.87,77.75,-1.62,-1.56,-0.37,0.04,0.2,-0.32,14.69,60.38,75.0,0.19,3.0,0.75,6,3
1772048185.686726,5524273,0.39,-0.04,-0.14,-149.87,-69.12,78.25,1.87,29.5,-7.37,-0.13,-0.1,0.1,15.19,59.56,74.75,-1.69,4.06,2.19,6,2
1772048185.876969,5524464,1.24,-0.59,-0.73,-156.75,-66.44,79.12,-8.19,-10.69,-1.31,-0.08,-0.14,0.16,15.44,59.06,74.75,0.13,-0.75,-0.31,6,3
1772048186.069138,5524656,-1.58,0.7,1.56,-151.56,-69.81,77.31,0.06,-10.88,-1.75,0.03,0.18,-0.17,15.31,59.56,74.5,6.56,-1.44,5.25,6,3
1772048186.260109,5524847,0.91,-0.03,-0.16,-155.81,-66.81,78.94,13.63,-0.19,4.5,-0.15,-0.22,0.16,16.19,59.56,73.56,1.56,5.62,2.0,5,3
1772048186.450597,5525038,0.44,-0.35,0.21,-161.69,-64.69,83.25,12.81,25.31,-6.81,0.02,0.08,-0.18,15.63,59.63,73.37,3.12,2.31,3.06,4,2
1772048186.640511,5525227,-0.36,0.04,0.58,-162.87,-64.0,83.69,-1.5,5.5,3.69,-0.08,0.08,0.01,15.38,59.13,73.25,-2.12,2.62,-2.31,4,3
1772048186.830058,5525417,0.86,-0.04,-0.09,-162.06,-62.63,82.69,-2.37,-3.19,1.0,-0.22,0.06,0.04,15.19,58.69,73.75,-3.37,2.75,0.13,3,3
1772048187.022415,5525609,-0.08,0.1,0.5,-163.19,-62.5,83.19,6.19,19.81,-7.87,-0.04,-0.02,-0.16,15.88,58.5,73.81,-1.06,1.06,1.37,4,3
1772048187.21353,5525800,1.22,-1.9,0.0,-167.69,-60.56,75.87,-127.19,1.44,-80.5,-0.01,0.45,0.03,16.69,58.31,73.75,-2.62,1.75,9.13,4,4
1772048187.404541,5525991,-1.98,1.43,1.97,-170.06,-65.87,50.88,-89.12,33.94,-56.63,-0.03,0.06,-0.67,18.12,58.94,72.81,3.87,-5.56,0.75,5,4
1772048187.59462,5526182,0.09,0.08,0.84,-173.94,-62.06,45.63,-1.75,0.25,-1.37,-0.2,-0.04,0.12,17.81,58.81,72.69,-0.56,2.31,-0.37,6,4
1772048187.78378,5526371,0.32,0.46,0.49,-173.81,-61.13,45.81,4.0,12.0,10.13,-0.03,0.0,-0.02,17.56,58.19,72.81,-1.37,1.25,-0.31,6,4
1772048187.97612,5526563,-1.06,1.39,2.12,-166.87,-64.62,61.06,223.75,-71.0,163.44,-0.14,0.0,0.6,16.44,58.19,74.25,-5.37,8.5,-7.44,7,4
1772048188.167579,5526754,-0.47,-1.55,0.76,-145.06,-60.38,96.56,157.87,-24.12,110.12,-0.04,0.05,-0.1,14.75,58.88,75.94,-0.13,-3.94,-6.12,7,5
1772048188.358145,5526945,-0.19,-0.21,0.32,-144.56,-56.69,111.0,32.06,-7.75,14.31,0.0,-0.2,-0.22,14.19,59.56,76.94,-1.81,0.88,0.0,7,5
1772048188.547772,5527135,0.14,-1.18,0.15,-147.25,-57.69,117.69,-0.44,-9.0,-4.0,-0.03,-0.17,-0.02,14.44,59.63,77.19,-0.56,2.19,1.12,7,5
1772048188.736881,5527324,0.31,-0.4,0.0,-147.62,-58.31,117.0,0.0,3.25,5.31,-0.03,-0.05,0.22,14.31,59.31,77.69,-0.44,7.12,-0.62,7,4
1772048188.929698,5527516,0.14,-0.96,0.0,-148.56,-57.63,118.19,5.12,2.0,-4.5,-0.1,0.12,-0.1,13.88,59.38,77.75,-0.31,-3.31,-1.69,6,4
1772048189.120794,5527708,0.16,-0.19,0.05,-148.5,-57.69,118.81,1.37,-2.81,1.94,0.0,0.12,0.03,13.38,59.63,77.81,0.69,-1.12,-0.75,6,4
1772048189.311871,5527899,0.31,-0.34,0.07,-149.0,-57.56,119.31,-0.88,2.56,-2.25,-0.06,-0.05,0.02,13.38,59.56,77.31,2.5,0.75,3.69,5,4
1772048189.501509,5528088,0.24,-0.29,0.13,-150.44,-57.81,120.19,-0.31,0.06,-3.87,-0.04,-0.12,-0.01,13.94,59.38,76.5,1.44,-0.81,2.5,5,4
1772048189.690875,5528278,-0.49,-0.4,0.6,-150.69,-60.13,115.69,-96.37,-1.94,-74.25,-0.04,0.0,-0.04,14.63,59.31,75.37,3.25,-1.06,7.31,5,3
1772048189.883196,5528470,0.39,0.3,0.3,-163.12,-63.63,106.19,-54.69,5.25,-50.38,-0.02,-0.07,-0.11,15.31,58.81,74.25,3.06,2.69,1.31,4,3
1772048190.074469,5528661,-0.46,0.2,0.42,-167.25,-65.31,101.81,-18.62,4.94,-12.38,-0.04,-0.01,0.03,15.13,58.56,74.0,-0.06,-0.88,0.06,5,3
1772048190.265813,5528852,-0.37,0.2,0.53,-168.37,-64.75,99.37,-12.5,10.25,-11.25,-0.04,0.06,-0.16,15.0,58.75,74.19,-0.81,-3.69,-2.75,4,3
1772048190.455364,5529042,0.34,0.32,0.49,-169.69,-64.37,97.56,-6.37,3.06,-5.37,-0.19,0.03,-0.24,15.0,58.88,74.5,-0.81,-2.62,-2.69,5,3
1772048190.646818,5529234,0.22,-0.14,0.39,-171.62,-65.25,96.94,-18.75,-18.56,-10.31,-0.09,0.12,-0.09,14.88,58.81,75.0,-0.75,1.19,0.19,4,3
1772048190.83815,5529425,-0.03,0.21,0.4,-170.12,-66.81,93.44,-10.69,-0.56,0.88,0.0,0.04,-0.04,14.94,58.63,75.0,0.31,-0.81,-0.62,5,3
1772048191.028705,5529616,-0.04,0.14,0.41,-166.87,-67.75,90.87,-4.5,-2.12,2.12,-0.03,-0.01,0.03,14.88,58.5,74.87,0.19,0.81,0.5,5,3
1772048191.219138,5529806,0.07,0.12,0.23,-165.5,-67.75,89.94,4.19,3.87,2.56,-0.1,0.0,-0.05,14.88,58.44,74.87,0.75,-0.06,0.19,4,2
1772048191.409842,5529997,0.18,-0.05,0.23,-166.31,-66.75,90.62,3.94,0.88,-0.31,0.0,0.03,0.0,14.88,58.5,74.87,-0.5,-0.06,0.0,4,3
1772048191.601922,5530189,0.13,-0.16,0.19,-166.81,-66.94,91.37,1.62,-2.37,0.0,-0.04,-0.03,0.04,14.88,58.63,74.94,-0.62,0.25,-0.44,4,3
1772048191.794224,5530381,0.13,-0.07,0.2,-166.31,-67.37,91.25,-0.75,-1.44,0.69,-0.08,0.0,-0.07,14.88,58.69,74.94,-0.25,-0.75,-0.44,4,3
1772048191.985305,5530572,0.01,0.04,0.2,-165.56,-68.0,90.56,-0.56,-2.19,0.06,-0.08,0.03,0.0,14.88,58.69,74.94,-0.44,0.37,-0.62,4,3
1772048192.174856,5530762,0.28,0.27,0.08,-164.06,-68.12,90.75,17.5,-2.37,15.31,-0.09,0.04,0.02,14.94,58.69,75.0,-1.06,0.44,-0.25,4,3
1772048192.364916,5530951,-0.02,-0.3,0.31,-155.75,-67.12,97.62,70.37,-7.31,47.44,-0.07,0.02,-0.17,14.56,58.75,75.19,-0.31,-1.94,-1.19,3,3
1772048192.556532,5531144,0.04,-0.38,0.15,-153.56,-65.31,104.62,21.37,4.56,9.38,-0.02,0.0,-0.15,14.63,58.75,75.37,-1.44,0.81,0.31,4,3
1772048192.747832,5531335,0.23,0.03,0.0,-156.87,-64.19,107.56,17.87,8.38,6.06,-0.05,-0.01,0.03,14.88,58.56,75.62,-2.94,0.37,-2.31,3,2
1772048192.938986,5531526,0.48,-0.46,-0.1,-155.25,-61.13,113.94,72.5,0.06,63.06,-0.05,0.04,0.13,13.75,59.13,76.69,-1.56,-2.81,-6.75,4,2
1772048193.128677,5531715,-0.13,-0.64,-0.03,-150.37,-57.81,120.19,17.06,-5.06,22.12,0.02,0.2,-0.15,12.69,59.75,77.5,0.25,-2.0,-0.06,5,3
1772048193.31784,5531905,0.25,-0.3,-0.09,-150.5,-57.0,121.75,5.31,-7.81,4.0,-0.09,0.04,0.1,12.88,59.88,77.5,-1.94,-0.37,1.44,4,2
1772048193.510056,5532097,0.17,-0.53,-0.11,-149.12,-56.56,122.62,6.31,-0.25,19.12,-0.06,-0.1,0.16,13.25,59.81,77.31,2.0,-0.06,0.44,5,2
1772048193.701587,5532288,0.28,-0.43,0.03,-149.06,-56.13,123.0,-2.5,0.06,-1.56,-0.03,0.02,-0.05,12.94,60.06,77.0,2.44,-0.69,1.37,5,2
1772048193.89234,5532479,0.42,-0.5,0.02,-149.75,-56.25,122.87,-7.87,-1.62,-7.37,-0.1,-0.16,0.08,13.19,59.94,76.37,4.0,-0.94,1.81,5,2
1772048194.082081,5532669,-0.23,-0.22,0.56,-151.25,-62.81,115.56,-109.81,-3.81,-100.06,0.03,-0.23,-0.13,14.25,59.63,75.12,1.75,0.31,4.94,6,2
1772048194.271427,5532859,0.18,0.41,0.33,-167.81,-68.44,106.0,-63.81,3.87,-64.69,-0.11,0.08,-0.11,14.69,59.0,74.5,-0.56,2.75,1.06,7,2
1772048194.463385,5533050,0.12,0.67,0.33,-177.62,-69.62,100.31,-20.19,0.88,-18.56,-0.1,0.02,0.04,15.06,58.63,74.5,-0.75,0.37,-1.5,7,2
1772048194.654546,5533242,-0.22,0.03,0.25,-174.0,-70.94,100.31,28.56,-6.19,27.12,0.06,0.05,0.03,14.56,58.63,74.94,0.56,-1.0,-4.12,8,2
1772048194.845585,5533433,-0.73,1.25,0.61,169.5,-70.81,100.19,-47.0,-6.06,-45.94,-0.07,0.03,0.02,14.88,58.81,74.69,-2.75,-2.12,2.0,9,3
1772048195.035427,5533623,-0.16,-1.28,0.17,178.87,-70.81,101.62,39.0,33.88,15.63,0.8,0.64,-0.47,14.38,59.44,75.25,-1.94,-6.06,-4.37,8,3
1772048195.225277,5533812,0.35,0.5,0.35,175.56,-65.62,97.19,-29.25,17.81,1.44,-0.03,0.12,-0.39,16.94,58.25,75.06,-2.5,-20.44,-6.37,9,3
1772048195.417156,5534004,0.28,-0.05,0.11,-178.44,-64.0,91.87,-16.62,-1.69,6.12,-0.12,-0.37,0.6,18.25,58.19,74.56,0.81,1.0,2.81,8,3
1772048195.608204,5534195,0.09,-0.07,-0.1,-173.69,-65.19,88.12,-10.69,-19.94,14.44,-0.41,-0.18,0.25,18.62,58.56,74.44,1.25,5.69,8.56,8,3
1772048195.799088,5534386,-0.98,0.57,0.47,-165.75,-71.56,84.19,-5.37,-39.13,0.37,0.22,-0.1,0.18,17.19,58.38,74.5,6.31,-5.31,-5.25,8,3
1772048195.989159,5534576,0.16,-0.03,0.51,-157.75,-74.5,84.0,2.81,-8.5,16.56,-0.03,0.16,-0.18,15.38,59.38,74.62,2.56,-1.0,3.25,8,4
1772048196.179444,5534766,-0.23,0.48,0.59,-148.75,-74.75,81.44,-0.31,-1.75,0.31,-0.33,0.06,-0.06,16.37,59.5,74.0,-0.5,-1.31,1.62,6,3
1772048196.37088,5534958,0.12,0.07,0.08,-150.31,-74.12,83.12,28.81,14.56,2.5,0.02,0.01,-0.08,17.12,59.19,74.0,-3.56,-0.62,-0.56,6,3
1772048196.56202,5535149,0.0,-0.49,0.0,-157.75,-72.87,88.81,12.38,1.87,-2.44,-0.13,-0.04,0.16,18.12,59.06,74.06,-2.69,-0.62,1.62,5,3
1772048196.752486,5535340,0.25,-0.02,-0.01,-162.62,-72.37,91.0,2.81,3.87,-2.06,-0.01,0.1,-0.11,18.56,59.19,74.0,1.19,0.5,-0.5,5,3
1772048196.942538,5535530,-0.1,-0.1,0.02,-163.5,-72.31,91.81,-0.06,2.56,2.87,-0.1,0.0,0.15,18.19,59.06,73.81,3.69,1.44,1.94,4,3
1772048197.132719,5535720,-0.55,-0.13,0.17,-164.56,-70.12,91.44,2.94,23.56,-2.69,-0.53,-0.24,0.12,17.69,58.88,73.81,-2.25,33.19,12.63,3,3
1772048197.324605,5535911,0.99,-0.27,-0.14,-167.0,-65.25,90.37,0.19,12.38,-9.69,-0.09,0.19,-0.62,17.56,58.88,73.25,-0.56,-8.13,-3.25,4,3
1772048197.515754,5536103,0.07,-0.15,0.0,-169.12,-64.75,89.25,-4.75,10.06,-9.56,-0.69,0.04,-0.48,18.87,58.69,72.56,-4.31,-9.19,-0.19,3,3
1772048197.706615,5536293,1.21,-0.87,0.35,-173.81,-65.31,91.06,-3.56,-8.81,-14.56,0.63,-0.08,0.04,19.5,58.5,71.87,-4.31,-16.56,-6.56,3,3
1772048197.896862,5536484,-0.03,0.25,0.41,-175.37,-70.69,86.94,-29.69,-27.75,-20.75,-1.01,0.14,-0.83,20.19,58.69,71.87,-6.12,-22.25,-10.94,3,3
1772048198.086734,5536674,0.26,-0.14,0.21,-170.0,-74.06,85.06,7.69,-11.75,9.75,-0.13,-0.15,0.22,20.25,59.56,72.56,-2.31,-0.13,0.44,3,3
1772048198.278237,5536865,-0.22,0.1,0.37,-166.0,-75.75,85.06,7.25,-1.81,-0.13,-0.36,0.14,-0.43,20.62,59.13,72.37,-0.69,-11.25,-6.31,5,3
1772048198.468984,5537056,-0.54,-0.18,0.1,-164.62,-76.94,86.25,7.81,-11.75,5.56,0.24,0.03,0.14,19.62,60.25,73.06,0.62,3.25,-1.62,5,3
1772048198.659792,5537247,0.42,1.06,0.2,-161.75,-76.19,85.5,9.88,18.69,3.06,0.11,-0.31,-0.17,19.81,59.44,72.75,-0.25,-3.37,-2.56,5,3
1772048198.850001,5537437,0.1,-0.47,0.08,-163.5,-73.94,92.06,34.75,-4.75,2.56,-0.13,0.05,0.13,18.0,59.94,73.87,2.44,2.0,-4.12,6,3
1772048199.039767,5537627,0.25,-0.21,-0.14,-168.56,-73.5,96.56,6.37,8.25,0.13,-0.02,0.13,0.14,16.94,59.56,74.25,3.56,1.81,1.56,7,5
1772048199.231146,5537818,0.19,0.12,-0.06,-168.87,-72.56,96.06,-6.5,0.94,1.31,-0.07,0.03,-0.03,16.44,59.69,73.94,3.81,0.75,0.13,6,5
1772048199.422658,5538010,0.08,-0.18,0.0,-167.75,-72.62,94.94,-7.12,1.5,-1.5,-0.02,-0.13,0.06,16.37,59.56,73.56,-1.44,2.56,2.25,6,4
1772048199.613353,5538201,0.31,-0.2,0.0,-170.06,-72.87,93.81,-12.63,-5.81,-13.81,0.0,0.0,-0.14,17.0,59.56,73.37,-0.19,0.5,1.19,6,4
1772048199.803985,5538391,-0.17,0.12,0.1,-175.75,-74.87,93.12,-7.5,-4.44,-6.69,-0.07,-0.01,0.11,17.12,59.44,73.19,0.44,0.5,0.06,6,5
1772048199.994613,5538582,0.02,-0.04,0.1,-175.25,-75.19,92.81,0.0,-0.19,1.06,-0.09,0.03,0.04,17.0,59.56,73.12,0.19,0.44,0.37,7,5
1772048200.185479,5538773,0.05,0.06,0.03,-174.31,-75.12,92.37,-0.31,1.62,1.75,-0.11,0.01,-0.03,17.06,59.56,73.12,0.37,0.25,0.56,6,4
1772048200.376327,5538964,-0.17,0.13,0.12,-173.62,-75.12,92.06,0.88,-0.75,0.13,-0.11,0.04,0.03,17.12,59.56,73.06,0.13,0.37,-0.19,6,5
1772048200.567062,5539154,0.04,-0.08,0.0,-173.62,-74.94,93.0,6.62,-0.31,2.25,-0.09,0.05,-0.03,17.06,59.56,73.12,-0.44,0.13,-0.25,6,4
1772048200.757481,5539345,-0.05,0.05,0.04,-173.37,-74.62,93.25,0.37,4.25,-0.88,-0.05,0.0,0.0,17.06,59.63,73.12,0.0,0.0,-0.25,6,4
1772048200.948147,5539535,0.13,0.07,0.04,-174.37,-74.12,94.87,14.88,-0.25,3.06,-0.01,0.02,-0.07,17.19,59.63,73.19,-1.19,-0.19,-0.81,5,2
1772048201.139148,5539726,-0.1,-0.01,0.0,-173.5,-74.44,97.87,17.5,-1.87,6.0,-0.12,0.0,-0.07,17.19,59.44,73.31,0.19,-1.19,0.31,4,2
1772048201.330323,5539917,0.01,-0.17,0.05,-175.56,-74.44,100.75,0.62,-3.31,-2.44,-0.05,-0.08,0.02,17.56,59.5,73.5,-0.44,-0.62,1.25,5,3
1772048201.520341,5540108,0.03,-0.01,0.01,-177.0,-74.5,101.12,1.19,2.69,1.06,-0.09,-0.04,-0.03,17.62,59.5,73.56,1.06,0.19,0.19,5,3
1772048201.710972,5540298,0.02,0.03,0.0,-177.19,-74.06,101.06,-2.31,0.31,0.44,-0.07,-0.07,0.07,17.5,59.5,73.56,0.69,0.25,0.44,6,3
1772048201.901659,5540489,0.01,0.05,0.05,-176.44,-73.87,100.69,-2.06,2.69,1.81,-0.1,-0.02,0.0,17.37,59.44,73.56,0.69,-1.0,0.56,5,3
1772048202.092699,5540680,0.06,-0.02,0.05,-177.0,-73.25,100.69,2.62,2.19,-0.31,-0.06,0.0,-0.02,17.37,59.38,73.56,0.75,0.94,1.0,7,3
1772048202.283158,5540871,0.05,0.05,0.05,-177.5,-72.87,101.06,0.88,2.12,-0.94,0.0,-0.08,0.1,17.56,59.19,73.37,0.94,2.25,1.06,6,3
1772048202.473975,5541061,0.09,-0.09,0.0,-178.62,-72.44,101.94,1.81,1.75,0.25,-0.01,-0.02,0.0,17.56,59.06,73.25,0.06,1.19,1.0,6,3
1772048202.664711,5541252,0.1,-0.11,0.0,-179.19,-72.31,102.31,1.56,-0.25,0.06,-0.1,0.0,0.08,17.62,58.88,73.19,0.5,1.19,0.94,6,3
1772048202.85542,5541443,0.1,-0.05,0.02,-179.75,-72.31,102.56,0.31,0.5,-0.44,-0.09,0.03,0.01,17.62,58.88,73.12,-0.19,0.0,-0.19,6,2
1772048203.046211,5541634,0.13,-0.11,0.01,-179.81,-72.25,102.56,-1.12,0.31,0.44,-0.04,-0.02,0.05,17.62,59.0,73.19,0.06,0.06,0.19,6,2
1772048203.237548,5541825,0.0,-0.04,-0.01,-179.31,-72.25,102.19,-0.31,0.44,-0.06,-0.08,0.07,-0.02,17.62,59.06,73.19,-0.88,-0.31,-0.81,6,2
1772048203.428066,5542015,0.05,0.12,-0.01,-178.75,-72.12,101.69,-0.75,0.44,-0.75,-0.11,0.04,-0.01,17.75,59.13,73.19,-0.06,0.19,-0.88,6,2
1772048203.618686,5542206,0.1,-0.07,-0.02,-178.94,-72.06,101.87,-3.75,1.5,-0.25,-0.1,0.02,-0.06,17.56,59.06,73.25,-0.25,1.19,-0.19,6,2
1772048203.80929,5542397,0.12,-0.05,-0.03,-178.0,-71.94,101.0,-2.37,0.06,0.56,-0.05,0.02,0.09,17.5,59.0,73.19,-0.25,-0.37,-0.62,7,2
1772048203.999838,5542587,0.06,0.08,0.04,-178.0,-71.94,100.31,-3.0,-0.19,-2.81,-0.14,0.02,0.04,17.44,59.06,73.19,1.12,0.25,0.0,5,2
1772048204.190824,5542778,0.06,0.15,0.06,-178.12,-72.0,100.19,-0.94,-1.19,1.5,-0.05,-0.11,0.12,17.56,59.06,73.25,-0.19,-0.69,0.06,6,2
1772048204.381681,5542969,0.1,-0.14,-0.01,-178.81,-71.87,100.69,-0.31,0.88,1.5,-0.04,0.0,-0.02,17.5,59.06,73.25,-0.06,0.75,0.94,5,2
1772048204.572227,5543160,0.13,0.1,0.02,-178.06,-71.87,100.25,0.37,-0.25,0.69,-0.06,-0.04,-0.03,17.56,59.06,73.31,0.13,0.44,-0.31,5,2
1772048204.76326,5543350,0.01,-0.11,0.06,-178.0,-72.06,100.44,-1.5,0.31,1.31,-0.04,-0.01,-0.08,17.44,59.06,73.31,-0.13,-0.19,-0.19,5,2
1772048204.953586,5543541,0.01,-0.09,0.04,-177.75,-72.0,100.25,2.12,0.69,-1.0,0.0,0.08,-0.03,17.31,59.13,73.31,0.31,-0.75,-0.13,5,2
1772048205.144363,5543732,0.04,0.08,0.0,-177.62,-71.81,100.19,-0.19,0.62,-0.13,-0.08,0.0,0.07,17.37,59.06,73.31,0.56,2.44,1.44,6,2
1772048205.335164,5543923,-0.01,-0.02,0.03,-177.94,-71.75,100.44,0.44,0.56,-0.94,-0.09,0.03,-0.03,17.5,59.0,73.19,0.0,0.44,0.5,6,3
1772048205.526233,5544113,0.07,-0.02,-0.01,-178.0,-71.37,100.37,-0.62,1.5,-0.37,-0.14,-0.07,0.01,17.56,58.81,73.12,0.94,0.31,0.19,6,3
1772048205.716633,5544304,0.08,-0.13,0.0,-178.44,-71.19,100.62,-1.0,-0.62,1.25,-0.09,0.01,0.03,17.5,58.88,73.12,-0.06,0.44,0.0,5,3
1772048205.907382,5544495,0.06,-0.05,0.0,-177.56,-71.19,99.81,-2.5,0.44,0.06,-0.12,0.02,0.0,17.44,58.94,73.19,0.5,-0.06,-0.13,4,3
1772048206.098566,5544686,0.08,-0.07,0.05,-177.25,-71.5,98.37,-14.75,-3.69,-4.87,-0.09,0.0,0.07,17.31,59.06,73.19,1.62,-0.13,0.62,4,3
1772048206.289056,5544876,0.07,0.22,0.03,-178.12,-71.94,95.87,-8.38,-1.06,-3.5,-0.05,0.06,0.0,17.19,59.25,73.19,0.69,0.37,-0.25,4,3
1772048206.479766,5545067,-0.12,0.11,0.07,-177.12,-72.25,95.37,-0.06,0.37,0.69,-0.1,0.06,0.06,17.12,59.25,73.19,-0.5,0.37,0.5,5,3
1772048206.670558,5545258,0.11,0.04,0.01,-177.69,-71.56,96.19,6.31,4.12,-1.94,-0.09,0.08,-0.08,17.25,59.25,73.12,-1.06,0.19,-0.75,6,3
1772048206.861828,5545449,-0.01,-0.15,0.0,-179.19,-71.12,97.5,-0.56,0.81,-0.75,-0.07,-0.03,0.09,17.25,59.25,73.19,-0.06,-0.13,-0.5,7,4
1772048207.052576,5545640,0.12,-0.03,0.04,-179.06,-70.62,97.06,-1.69,2.19,0.75,-0.08,0.06,-0.06,17.25,59.31,73.19,-0.06,-0.56,-0.75,6,3
1772048207.242856,5545831,0.03,0.0,0.05,-178.12,-70.44,96.12,-5.81,1.31,0.44,-0.09,0.01,0.02,17.25,59.25,73.19,0.5,0.31,0.37,5,2
1772048207.433505,5546021,0.13,0.05,0.05,-177.37,-69.94,94.69,-5.19,2.06,-0.75,-0.06,0.04,0.04,17.19,59.19,73.19,0.44,0.56,0.69,5,2
1772048207.624239,5546212,0.09,0.07,0.08,-176.5,-69.94,93.81,-0.69,0.88,0.62,-0.01,0.06,0.0,17.19,59.25,73.19,1.06,0.81,0.25,5,2
1772048207.814998,5546403,-0.04,0.02,0.09,-176.06,-69.87,93.25,-3.94,0.44,0.5,-0.06,0.0,0.1,17.12,59.13,73.19,0.69,0.56,0.5,5,2
1772048208.006562,5546594,0.0,-0.06,0.05,-175.81,-69.44,92.75,-1.25,2.0,0.31,-0.09,0.05,0.06,17.12,59.19,73.19,0.06,0.31,0.06,4,3
1772048208.1986,5546786,-0.57,-1.53,0.66,-176.75,-67.0,85.37,-122.12,37.06,-61.13,0.06,-0.09,0.3,17.62,59.0,72.75,2.0,-1.5,7.5,6,4
1772048208.390754,5546978,0.12,1.46,0.73,179.62,-61.38,58.56,-93.81,15.69,-46.06,-0.07,-0.15,-0.21,19.06,58.94,71.5,3.69,1.75,4.94,6,4
1772048208.580109,5547168,-0.12,0.19,0.59,-172.69,-61.56,46.13,-9.69,4.5,4.12,-0.05,0.16,0.06,18.69,58.56,71.19,1.62,0.94,-0.31,5,4
1772048208.769925,5547357,0.09,0.2,0.29,-170.12,-61.44,43.06,-3.69,-2.31,3.94,-0.08,0.0,0.04,18.44,58.38,71.12,-0.37,-0.5,0.25,4,3
1772048208.961289,5547549,0.18,0.01,0.3,-169.56,-61.81,42.81,7.87,-2.19,1.44,-0.11,-0.09,0.02,18.5,58.5,71.25,-1.0,-0.44,-1.37,4,4
1772048209.153468,5547741,-0.17,0.19,0.69,-163.19,-65.06,54.25,120.37,-36.0,85.81,0.03,-0.01,0.09,17.12,59.0,72.56,-0.94,-1.81,-6.62,4,4
1772048209.345118,5547932,-0.15,-1.14,0.25,-154.19,-65.75,72.37,68.19,-19.75,36.81,-0.03,0.14,-0.12,16.44,59.25,73.19,-0.56,-0.13,-0.19,4,4
1772048209.534672,5548122,0.02,-0.33,-0.04,-157.87,-67.5,81.56,11.13,-5.37,-3.12,-0.05,-0.01,0.02,16.56,59.31,73.19,-0.06,-0.69,0.13,5,4
1772048209.724004,5548311,0.15,-0.32,0.0,-161.37,-68.44,84.69,0.31,-3.31,-3.37,-0.05,-0.04,0.05,16.56,59.31,73.19,0.19,0.0,0.06,5,4
1772048209.91654,5548504,0.08,-0.1,0.07,-162.12,-69.12,85.12,-3.0,-2.62,-0.88,-0.11,-0.01,-0.05,16.56,59.38,73.25,0.19,-0.25,-0.25,7,4
1772048210.108036,5548695,0.05,-0.09,0.02,-161.62,-69.44,84.94,-2.69,-1.12,0.69,-0.04,-0.02,0.03,16.5,59.38,73.25,0.75,0.31,0.06,6,3
1772048210.2997,5548887,0.21,-0.11,0.03,-161.5,-69.44,84.94,2.62,-0.06,0.69,0.0,-0.03,0.07,16.5,59.38,73.25,0.13,1.44,0.81,5,3
1772048210.490145,5549078,0.13,0.04,0.01,-161.87,-69.37,85.87,5.94,0.37,2.19,-0.01,-0.05,0.0,16.56,59.38,73.25,0.06,0.56,0.06,5,3
1772048210.679975,5549267,0.14,1.39,0.15,-160.81,-68.94,89.56,66.31,-2.06,32.38,0.01,0.44,-0.23,16.5,59.38,73.5,-3.06,-5.25,-4.31,6,3
1772048210.871152,5549458,0.05,-1.27,0.13,-149.19,-63.5,106.56,126.75,-15.56,93.75,-0.33,-0.09,-0.24,14.75,60.13,74.75,-0.31,-6.75,-10.31,8,2
1772048211.061749,5549649,0.03,-0.75,-0.04,-146.19,-60.81,116.75,4.62,-3.75,3.0,-0.06,-0.04,0.0,14.25,60.75,75.44,-0.31,-0.88,1.31,8,2
1772048211.25204,5549839,0.02,-2.01,0.0,-145.56,-62.56,115.5,-79.87,-5.12,-52.06,-0.2,0.12,-0.16,14.81,60.75,75.0,-0.81,-1.31,3.69,9,3
1772048211.441266,5550029,0.16,0.73,0.1,-153.87,-67.81,104.94,-37.94,11.5,-26.94,-0.07,0.01,-0.28,15.81,60.13,74.19,1.44,1.62,-0.5,9,3
1772048211.631614,5550219,0.28,-0.24,-0.02,-153.87,-68.0,101.06,-18.81,-3.44,-5.25,-0.04,-0.03,0.06,15.69,59.81,74.06,-0.19,-0.19,0.56,9,3
1772048211.823166,5550411,0.21,-0.14,0.0,-153.5,-68.44,97.75,-17.06,1.31,-6.37,-0.11,0.05,-0.04,15.69,59.88,74.06,-0.56,0.13,0.44,7,4
1772048212.013953,5550602,0.04,0.06,0.0,-153.19,-68.87,95.19,-11.13,0.94,-5.19,-0.06,0.02,-0.04,15.88,59.81,73.94,0.44,0.37,0.06,7,4
1772048212.205072,5550792,0.13,-0.1,-0.03,-153.56,-69.0,94.25,-6.62,1.19,-3.44,-0.1,0.07,-0.08,16.0,59.69,73.81,0.75,0.44,0.69,7,4
1772048212.39471,5550982,0.15,-0.09,0.0,-154.94,-69.37,93.94,-6.31,0.37,-5.69,-0.12,-0.01,0.11,16.12,59.5,73.62,-0.19,0.13,0.25,6,4
1772048212.584875,5551172,0.15,-0.03,0.0,-156.19,-69.69,93.75,-1.0,0.06,-3.12,-0.05,0.01,0.01,16.12,59.56,73.62,-0.31,0.13,-0.19,5,4
1772048212.776781,5551364,0.22,-0.46,0.03,-157.5,-70.5,93.62,-26.12,-6.25,-16.37,-0.12,0.07,-0.07,16.06,59.63,73.75,0.44,-1.0,0.13,4,4
1772048212.967251,5551555,0.21,0.34,0.13,-160.31,-72.25,89.62,-13.63,-1.44,-6.62,-0.05,0.0,0.03,16.19,59.69,73.69,0.06,0.69,0.0,4,4
1772048213.158036,5551746,0.05,-0.05,0.14,-158.44,-72.62,88.69,0.44,-0.94,1.19,-0.08,0.03,0.0,16.19,59.69,73.69,-0.06,0.0,0.13,3,3
1772048213.347476,5551935,0.02,0.24,0.12,-158.19,-72.62,88.62,3.12,1.56,0.06,-0.03,0.04,0.0,16.19,59.63,73.69,0.5,1.19,0.56,3,3
1772048213.537872,5552126,0.07,0.04,0.01,-158.19,-71.81,90.5,12.63,3.56,4.12,-0.18,0.0,0.07,16.31,59.5,73.56,1.06,0.25,1.19,3,3
1772048213.729997,5552318,0.07,-0.07,0.04,-160.94,-71.37,92.75,3.87,1.81,-2.81,-0.03,-0.02,0.02,16.5,59.31,73.37,0.62,0.88,1.12,4,3
1772048213.920497,5552508,0.05,-0.07,0.01,-163.44,-71.12,94.19,3.0,2.69,-3.12,-0.09,0.01,0.01,16.56,59.31,73.37,0.25,0.0,0.44,3,3
1772048214.111369,5552699,0.25,-0.13,0.05,-165.62,-70.69,95.19,0.56,3.37,-1.37,0.01,-0.04,0.06,16.56,59.31,73.31,0.5,-0.19,-0.19,3,3
1772048214.301777,5552889,0.15,-0.14,0.0,-169.94,-70.75,95.19,-19.69,1.31,-23.75,-0.14,0.03,0.02,16.56,59.25,73.19,-0.19,0.5,0.62,3,3
1772048214.491536,5553079,-0.05,0.3,0.15,176.5,-71.37,94.44,-27.56,-2.31,-36.81,-0.05,0.0,0.08,16.81,59.19,73.06,-0.69,1.06,1.94,3,2
1772048214.683719,5553271,-0.06,0.13,0.18,171.19,-71.87,94.37,10.06,-5.31,6.87,-0.13,-0.01,0.03,17.25,59.13,73.12,-1.19,-0.5,0.0,4,2
1772048214.874507,5553462,0.12,-0.18,-0.05,175.81,-73.19,94.94,7.75,-3.44,16.81,-0.02,0.15,-0.02,16.94,59.63,73.44,0.31,-1.37,-2.69,3,3
1772048215.065211,5553653,0.24,0.27,0.03,-174.19,-73.56,92.69,8.38,-7.44,30.31,-0.16,-0.1,0.09,16.56,59.13,73.37,-1.44,-1.5,-3.12,4,4
1772048215.254514,5553842,0.23,-0.03,0.15,-162.69,-73.75,91.5,6.06,-5.0,7.56,-0.09,0.06,0.0,16.19,59.5,73.62,0.69,0.44,-0.44,4,3
1772048215.444562,5554032,-0.05,0.05,0.1,-161.87,-74.06,91.75,0.94,-0.62,-0.69,-0.01,0.06,-0.05,16.0,59.63,73.69,0.13,-1.75,-0.5,5,4
1772048215.637211,5554225,0.4,-0.22,0.1,-163.81,-73.75,92.25,-3.75,1.5,-4.44,-0.06,0.11,-0.05,16.25,59.44,73.5,-1.5,-0.31,1.25,5,4
1772048215.828028,5554416,0.06,0.14,-0.01,-166.87,-73.12,90.19,-15.94,21.31,-12.63,-0.32,0.12,-0.3,17.69,58.88,73.25,-5.81,1.19,4.37,5,3
1772048216.018657,5554606,-0.27,0.34,0.0,-171.94,-70.75,89.31,3.94,17.12,-0.31,0.2,0.08,-0.05,18.87,58.31,73.25,-2.75,0.25,-0.37,4,4
1772048216.208983,5554797,-0.6,0.54,0.09,-168.0,-69.81,92.0,48.69,-2.81,36.19,0.35,0.34,-0.57,18.25,57.75,73.44,-0.13,-11.81,-10.75,5,4
1772048216.398808,5554986,-2.22,-0.68,-0.48,-162.94,-70.06,97.25,-4.12,-23.06,0.25,-0.13,-0.17,0.43,17.5,57.88,73.69,2.56,6.81,3.37,5,4
1772048216.590957,5555178,3.51,-1.05,-0.29,-170.0,-64.56,96.31,-23.06,-45.0,-13.25,-0.58,0.19,-0.26,17.5,58.19,73.75,-0.88,5.44,2.5,4,4
1772048216.781632,5555369,1.29,-0.25,-0.09,-168.56,-68.94,93.94,0.13,-8.69,-2.37,-0.14,0.16,-0.19,17.19,58.38,73.81,0.56,1.62,-0.81,5,4
1772048216.97227,5555560,-0.72,-0.06,-0.13,-165.69,-71.12,92.62,-18.06,-30.19,8.25,0.11,-0.19,0.27,16.69,58.5,73.87,0.94,4.37,2.06,4,3
1772048217.161942,5555750,0.62,0.0,0.01,-163.5,-70.56,89.87,5.62,22.44,2.94,-0.29,0.22,-0.45,16.69,58.5,73.87,0.19,-4.12,-0.75,4,4
1772048217.351659,5555940,-0.55,0.09,0.3,-158.94,-70.94,91.94,54.5,0.44,39.19,0.1,0.11,-0.03,16.44,58.5,74.06,0.81,-2.31,-4.56,4,4
1772048217.544082,5556132,-1.17,0.51,0.18,-157.5,-68.62,94.19,-0.75,6.87,-2.12,-0.01,-0.15,0.26,16.56,58.38,74.25,0.0,-0.25,0.44,6,4
1772048217.735113,5556323,-1.53,-0.15,0.85,-150.44,-64.69,104.19,158.06,6.69,119.12,0.13,0.08,0.25,15.0,58.31,74.87,-0.44,-10.5,-15.94,7,5
1772048217.926051,5556514,0.31,-0.91,-0.09,-145.44,-58.88,115.81,15.63,-5.87,13.44,-0.04,0.0,0.04,14.25,59.31,75.75,-0.56,-2.37,-0.94,7,5
1772048218.116641,5556704,0.34,-0.72,-0.03,-147.62,-58.75,119.81,2.31,-2.5,-0.19,-0.09,0.04,-0.06,14.19,59.69,76.06,0.37,0.56,1.19,8,4
1772048218.307094,5556895,0.37,-0.32,-0.06,-149.62,-59.13,121.37,3.5,6.62,-2.19,0.0,-0.04,-0.07,14.5,59.56,75.87,0.0,0.62,0.31,8,4
1772048218.498725,5557086,-0.06,-3.45,0.01,-150.44,-59.88,120.06,-85.25,-1.06,-53.56,-0.13,0.24,-0.03,14.81,59.38,75.31,-0.25,-2.69,6.06,10,4
1772048218.688881,5557277,-1.55,1.28,2.35,-170.94,-67.5,86.87,-262.31,54.25,-181.44,0.11,-0.11,-0.09,17.5,58.63,73.19,0.44,-5.81,6.69,11,3
1772048218.879313,5557467,-0.14,1.28,0.93,175.31,-61.56,62.06,-53.13,10.38,-29.62,-0.12,-0.15,-0.1,19.0,58.44,71.75,2.06,2.75,1.06,11,3
1772048219.068695,5557657,0.11,0.35,0.74,179.12,-61.94,55.88,-8.81,1.31,3.87,-0.06,0.15,-0.06,18.37,58.44,71.56,2.87,2.12,1.06,11,3
1772048219.259588,5557847,-0.12,0.17,0.5,-177.31,-63.13,52.75,-4.62,1.25,2.56,-0.2,0.02,0.07,18.06,58.25,71.56,-0.5,-0.06,-0.69,10,3
1772048219.451866,5558039,0.13,0.07,0.43,-174.87,-63.63,50.69,-1.37,-0.88,0.56,-0.05,0.07,-0.12,18.06,58.5,71.62,-0.06,-1.12,-0.56,9,2
1772048219.642442,5558230,-0.05,0.09,0.32,-174.44,-64.69,50.06,1.12,-0.13,1.5,-0.04,0.04,-0.1,18.0,58.69,71.69,0.5,-1.37,-1.44,8,2
1772048219.833177,5558421,0.01,-0.01,0.25,-174.19,-65.06,49.94,-0.19,-0.62,1.75,-0.21,0.01,0.03,17.94,58.69,71.75,-0.94,-0.37,-1.0,8,2
1772048220.022774,5558610,-0.59,1.68,0.76,-168.37,-66.69,54.63,109.25,-38.56,83.62,-0.02,-0.1,-0.03,17.06,58.69,72.31,-0.13,1.69,-7.37,9,2
1772048220.212262,5558800,0.46,-1.27,0.13,-151.62,-66.19,71.0,74.06,-29.62,43.0,-0.38,0.08,-0.1,15.94,58.75,73.25,-3.37,-1.5,-1.19,9,2
1772048220.405056,5558993,0.63,-0.63,-0.06,-148.31,-66.56,78.81,17.69,-27.37,3.0,0.02,-0.01,0.0,15.63,58.63,73.44,-1.37,-2.94,-2.56,7,2
1772048220.595961,5559184,0.41,-0.59,0.0,-148.31,-67.5,81.81,5.75,-0.69,0.75,-0.21,-0.05,0.07,15.75,58.44,73.44,0.0,-0.5,-0.13,6,2
1772048220.78729,5559375,0.49,-0.64,-0.04,-150.37,-68.06,82.81,-5.37,-1.94,-1.0,-0.16,0.16,-0.42,15.81,58.56,73.44,0.13,-1.0,-0.25,4,2
1772048220.977911,5559565,-0.72,0.52,0.0,-146.25,-71.56,78.94,-26.31,-16.94,-13.25,-0.06,-0.04,0.1,15.88,58.56,73.31,0.69,-1.37,-0.44,5,2
1772048221.16889,5559756,0.0,-0.21,0.16,-145.87,-72.94,78.37,2.44,-3.0,-1.12,-0.12,0.12,-0.1,15.88,58.88,73.44,-1.12,-0.31,-1.25,4,2
1772048221.359727,5559947,-0.03,-0.11,0.06,-146.5,-73.31,78.75,-0.69,2.25,-3.06,0.0,0.02,-0.07,15.81,58.94,73.56,-1.12,-0.69,-0.44,4,3
1772048221.549901,5560138,0.0,-0.06,0.02,-148.69,-72.5,80.87,33.31,4.19,13.25,-0.11,0.03,0.0,15.81,58.94,73.62,-0.75,0.06,-2.69,4,3
1772048221.741009,5560329,0.18,-0.51,-0.1,-152.37,-71.5,85.75,3.5,0.25,-4.31,-0.14,0.05,-0.04,15.56,58.94,73.75,0.0,-1.06,0.88,4,3
1772048221.931766,5560519,0.11,-0.04,0.14,-155.25,-72.0,86.25,-3.62,1.0,-3.56,-0.03,0.06,-0.09,15.81,59.06,73.69,0.37,-0.06,0.19,2,4
1772048222.122,5560710,0.05,-0.04,0.0,-156.0,-72.0,86.56,2.94,2.31,0.94,-0.06,0.0,0.01,15.81,58.94,73.62,0.31,0.44,0.56,2,4
1772048222.313207,5560901,0.08,-0.12,0.06,-156.69,-71.81,87.31,2.06,-1.62,0.69,-0.06,-0.05,0.11,15.88,58.81,73.56,1.06,1.12,1.5,2,4
1772048222.504766,5561092,0.17,-0.07,0.0,-157.06,-71.81,87.87,1.19,0.37,0.19,-0.19,0.15,-0.01,15.88,58.69,73.5,-0.81,-2.69,-1.06,2,4
1772048222.695978,5561284,0.15,-0.13,0.08,-157.87,-71.81,88.56,-0.25,-0.37,-1.0,-0.11,0.05,0.04,15.81,58.81,73.56,-2.62,-0.06,-2.12,2,4
1772048222.887306,5561475,0.1,-0.14,0.03,-157.75,-71.81,88.94,-0.37,1.12,-1.19,-0.13,0.0,-0.02,15.75,58.94,73.69,-0.37,-0.69,-1.06,3,4
1772048223.078958,5561667,0.12,-0.19,0.06,-158.19,-71.75,89.0,-0.69,0.13,-0.94,-0.16,0.06,-0.04,15.75,59.0,73.69,0.0,-0.62,-0.13,3,4
1772048223.268214,5561856,0.11,0.0,0.07,-158.06,-71.62,88.62,-0.13,0.75,0.31,0.0,-0.01,0.08,15.75,59.0,73.69,1.06,0.0,0.88,4,3
1772048223.461739,5562050,0.06,-0.05,0.0,-158.37,-71.56,88.5,-0.56,0.37,0.19,0.0,0.0,0.01,15.88,58.94,73.56,0.25,-0.56,0.81,4,3
1772048223.654526,5562242,0.13,-0.13,0.03,-158.5,-71.56,88.37,-1.12,-1.44,-0.37,-0.06,0.0,0.04,15.88,58.88,73.56,0.69,0.44,0.37,5,5
1772048223.847271,5562435,0.04,0.0,0.02,-158.44,-71.87,87.56,-7.81,-0.56,-2.37,-0.04,-0.05,-0.04,15.81,58.94,73.5,0.5,-0.69,0.06,5,5
1772048224.038879,5562627,0.1,0.01,0.11,-157.81,-72.0,86.69,-0.75,-1.5,1.69,-0.11,0.0,0.04,15.69,59.06,73.62,1.19,-0.69,0.13,5,5
1772048224.230005,5562818,0.07,0.03,0.02,-158.44,-71.56,86.87,4.94,4.94,0.5,-0.11,0.03,-0.22,15.75,59.06,73.56,-0.94,-0.37,-0.06,5,5
1772048224.421295,5563009,0.0,-0.09,0.07,-159.87,-71.19,88.19,4.25,0.19,1.37,-0.08,0.0,0.04,15.63,59.06,73.62,0.0,-0.69,-0.13,5,5
1772048224.613442,5563201,0.15,-0.15,-0.06,-160.62,-70.87,88.62,-0.25,0.69,0.19,-0.03,0.03,-0.04,15.63,59.06,73.62,0.62,-1.31,-0.37,5,5
1772048224.805248,5563393,0.02,-0.02,0.03,-160.37,-71.06,88.44,-1.0,-1.31,0.62,-0.04,0.0,0.08,15.69,59.0,73.56,0.25,1.87,1.19,5,5
1772048224.996897,5563585,0.11,-0.07,0.03,-160.25,-71.06,88.31,-0.81,-0.81,0.06,-0.15,0.05,-0.03,15.75,58.88,73.5,-0.25,-0.31,0.0,5,5
1772048225.186352,5563774,0.06,-0.17,-0.03,-160.12,-71.19,88.19,-2.19,-2.31,-0.69,-0.03,0.03,0.04,15.75,58.88,73.5,-0.13,-1.56,-0.88,5,5
1772048225.376247,5563964,0.14,-0.1,0.1,-159.87,-71.44,87.5,-3.19,-0.94,-0.88,0.0,-0.02,0.06,15.69,59.06,73.62,0.44,0.56,0.06,5,4
1772048225.568867,5564156,0.07,-0.01,0.05,-159.19,-71.62,86.94,-1.5,-0.62,-0.06,-0.05,0.0,-0.02,15.63,59.13,73.62,-0.44,-0.56,-0.44,5,3
1772048225.759746,5564348,0.11,0.0,0.06,-159.06,-71.69,86.81,0.69,-0.31,0.25,-0.12,0.02,-0.01,15.75,59.13,73.69,-0.56,-1.5,-0.25,4,3
1772048225.950524,5564538,0.09,-0.03,0.1,-159.44,-71.62,87.0,0.94,0.31,-0.5,-0.11,-0.03,0.09,15.75,59.13,73.75,1.75,-1.81,-0.19,4,3
1772048226.141443,5564729,0.07,0.07,0.15,-160.56,-71.56,87.44,0.0,-0.13,-0.75,-0.08,0.05,0.12,15.44,59.38,74.0,0.19,-0.88,-2.06,4,3
1772048226.33068,5564919,0.16,-0.12,0.0,-162.25,-71.25,88.5,2.37,0.75,0.44,-0.07,0.07,0.04,15.31,59.5,74.0,0.37,1.25,0.13,4,3
1772048226.522357,5565110,0.09,-0.07,0.1,-161.56,-71.06,88.62,0.44,1.44,2.69,-0.08,0.01,0.0,15.25,59.44,73.94,-1.5,0.75,-0.56,4,3
1772048226.713094,5565301,0.05,-0.07,0.03,-161.44,-70.81,88.5,1.69,2.75,-1.44,-0.08,0.06,-0.03,15.44,59.31,73.81,0.37,0.62,1.19,4,3
1772048226.903708,5565492,0.07,-0.07,0.03,-161.94,-70.62,88.62,-1.12,0.37,-0.62,0.0,0.0,0.04,15.94,59.06,73.5,0.25,1.25,1.56,4,3
1772048227.093695,5565682,0.11,-0.17,0.05,-162.37,-70.5,88.62,-0.81,1.81,-0.37,-0.08,0.05,0.08,16.19,59.0,73.31,-0.25,0.88,1.12,3,4
1772048227.284062,5565872,0.08,-0.08,0.09,-162.5,-70.19,88.19,-1.5,1.94,-0.94,-0.14,0.06,0.03,16.25,59.0,73.25,0.44,0.37,0.06,4,4
1772048227.475818,5566064,-0.64,-0.62,-0.11,-163.25,-69.81,87.69,-13.5,8.38,-4.06,-0.27,0.38,-0.53,16.19,59.25,73.25,-1.44,1.87,1.37,4,4
1772048227.666646,5566254,-0.03,0.23,0.61,-167.94,-68.56,73.81,-107.5,28.5,-57.63,-0.02,-0.07,-0.09,17.56,58.75,72.31,3.06,2.31,7.06,4,4
1772048227.857279,5566445,-0.15,0.58,0.76,-169.56,-66.37,55.06,-90.75,12.06,-38.69,-0.11,0.17,0.01,18.75,58.25,71.25,3.06,1.0,6.75,5,4
1772048228.047016,5566635,-0.72,0.82,0.89,-165.12,-66.0,42.25,-16.44,9.0,10.56,-0.04,0.21,-0.01,18.56,58.25,70.62,4.75,-0.44,-1.69,5,3
1772048228.237564,5566826,-0.12,0.39,0.48,-161.06,-64.56,39.06,-3.25,-3.56,6.81,-0.09,0.0,0.03,18.06,57.94,70.19,1.25,-1.69,1.31,5,4
1772048228.429249,5567017,0.19,0.12,0.44,-161.5,-64.44,39.0,3.56,-2.12,-6.69,-0.01,-0.1,0.08,18.37,58.0,69.94,-0.06,-1.56,0.19,5,4
1772048228.620141,5567208,-0.11,0.17,0.37,-163.75,-64.81,41.06,5.69,-0.31,-1.37,-0.12,0.03,-0.11,18.44,58.25,70.06,-0.75,-0.19,-1.25,5,3
1772048228.810785,5567398,-0.22,0.11,0.33,-163.5,-67.06,43.25,2.75,-25.56,6.81,-0.21,0.08,-0.11,18.19,58.44,70.31,-1.0,-4.25,-4.12,4,3
1772048229.000412,5567588,-0.21,0.2,0.55,-162.62,-67.75,43.94,6.87,12.31,-0.88,-0.03,0.23,-0.12,17.75,58.75,70.69,-0.62,-2.56,-2.0,5,2
1772048229.190879,5567779,0.28,0.13,0.21,-164.19,-66.75,45.75,15.06,-4.19,9.31,-0.17,0.04,0.14,17.81,58.75,70.87,-0.81,2.12,1.44,4,2
1772048229.382554,5567971,-0.54,-1.27,0.47,-163.94,-66.25,51.88,14.13,13.56,2.75,-0.02,0.39,-0.1,17.5,58.5,71.0,-2.06,2.12,0.5,4,2
1772048229.573514,5568161,0.64,1.67,0.25,-168.94,-66.0,49.06,15.63,-13.0,9.38,-0.08,-0.19,-0.13,18.44,58.44,70.87,-2.06,2.12,-2.44,3,2
1772048229.764285,5568352,-0.49,-0.71,0.47,-155.5,-67.69,61.69,119.62,-29.31,88.06,-0.1,0.08,0.15,17.06,58.63,72.12,-1.37,-0.13,-3.94,3,2
1772048229.953669,5568542,0.09,-0.74,0.2,-145.25,-65.94,72.0,30.31,-13.75,18.37,0.03,0.21,-0.21,16.37,59.0,72.87,-0.31,-1.5,-2.94,4,2
1772048230.144759,5568733,0.01,-0.3,0.12,-144.69,-67.56,75.44,4.31,-5.19,-2.75,-0.11,0.05,0.1,16.0,58.88,73.0,0.13,1.19,0.5,3,2
1772048230.336184,5568924,0.23,-0.15,-0.05,-146.5,-68.06,76.5,0.56,-0.13,-4.44,0.0,0.01,0.03,16.06,58.81,72.94,0.62,1.31,1.0,3,2
1772048230.527445,5569115,-0.01,-0.08,0.01,-148.69,-69.44,77.19,-12.13,-4.44,-13.81,-0.08,-0.01,-0.03,16.19,58.75,72.81,-0.44,-0.88,0.19,3,2
1772048230.717772,5569306,0.1,-0.15,0.08,-151.12,-70.75,77.62,2.25,-2.81,-2.19,-0.02,0.02,0.02,16.25,58.75,72.81,0.0,0.94,0.81,5,2
1772048230.907724,5569496,0.06,-0.2,0.1,-151.94,-71.06,78.37,-0.31,3.0,-1.94,-0.05,-0.01,0.06,16.31,58.75,72.81,0.81,1.87,0.19,5,2
1772048231.098838,5569687,0.25,-0.05,0.05,-154.81,-70.37,79.25,4.81,6.25,-2.5,-0.11,-0.05,0.1,16.31,58.75,72.81,-1.44,0.44,-0.69,5,2
1772048231.289915,5569878,-0.03,-0.15,-0.34,-159.31,-69.94,82.69,20.56,2.37,-5.44,0.11,0.14,-0.11,15.44,59.56,74.0,-4.94,10.63,-2.5,5,3
1772048231.480793,5570069,0.26,-0.33,-0.08,-161.56,-69.87,86.19,13.88,4.5,-1.5,0.01,0.04,-0.3,16.19,59.13,74.56,-3.69,-9.69,-3.56,5,2
1772048231.671678,5570259,0.34,-0.15,0.08,-167.31,-70.81,89.75,1.69,-4.5,-14.5,0.17,0.1,-0.16,16.81,59.44,74.69,-0.5,-8.0,-4.0,5,2
1772048231.861418,5570449,-0.11,-0.15,0.26,-174.0,-72.0,92.5,-0.56,-1.62,-4.75,0.01,0.12,-0.33,17.25,59.75,74.81,-1.0,-4.62,-1.56,4,2
1772048232.052335,5570640,6.16,-2.33,-1.03,-179.87,-65.0,94.94,-12.0,49.75,-10.13,-0.23,-0.12,0.07,17.75,59.38,74.62,-3.44,20.37,15.69,4,3
1772048232.243504,5570832,0.33,-0.48,0.28,-175.62,-64.81,80.75,-107.0,-11.81,-41.38,0.25,-0.71,0.82,20.5,58.56,73.12,2.44,2.62,7.62,5,3
1772048232.43426,5571022,-0.39,0.52,0.26,-175.56,-65.75,62.94,-63.69,-14.13,-22.44,-0.18,-0.26,0.2,21.19,58.44,72.37,6.75,22.81,15.94,6,3
1772048232.624744,5571213,0.27,0.39,0.08,-172.75,-66.75,53.0,-17.87,-7.37,-6.56,-0.14,0.16,-0.22,19.94,59.19,72.25,2.06,7.25,2.37,5,4
1772048232.814204,5571402,0.78,0.86,0.28,-171.19,-68.06,50.0,-0.69,12.5,10.5,0.0,0.06,-0.4,19.56,58.94,72.12,-1.19,-5.31,-9.56,4,4
1772048233.005605,5571594,-1.4,0.65,1.07,-164.37,-69.37,56.88,95.75,-36.5,55.44,-0.28,0.01,0.0,18.06,58.69,72.87,-4.56,-19.75,-11.25,6,4
1772048233.196969,5571785,0.3,-0.44,0.05,-154.5,-68.81,71.75,67.37,-14.69,24.25,0.06,0.14,0.21,17.12,59.5,73.87,-1.31,-4.75,-4.94,6,3
1772048233.387718,5571976,-0.4,-0.13,0.39,-159.0,-71.12,82.44,20.62,4.19,-7.75,0.97,-0.64,1.11,17.06,59.44,74.12,1.12,17.44,10.81,7,3
1772048233.578627,5572167,-0.06,-0.09,0.0,-165.5,-69.06,88.19,19.56,7.81,-1.0,-0.44,0.47,-1.17,17.81,59.56,73.81,0.37,-7.31,-2.87,7,3
1772048233.768176,5572356,-0.28,-0.09,0.05,-170.87,-68.37,93.19,9.25,13.56,-4.75,-0.05,-0.11,0.3,18.0,58.88,73.62,-0.13,2.5,0.81,7,3
1772048233.959738,5572548,0.57,-0.53,-0.36,169.62,-65.5,100.19,-39.31,-1.69,-94.69,0.01,0.39,0.0,17.44,59.56,73.62,-1.44,-3.62,-0.5,7,3
1772048234.150556,5572739,-0.15,0.39,0.04,159.0,-63.81,98.37,-19.75,-14.75,-10.06,0.07,-0.26,0.05,18.81,59.25,73.25,1.62,4.87,5.62,6,3
1772048234.341227,5572929,-0.18,0.0,0.37,159.19,-66.0,95.87,0.94,-7.94,11.94,-0.11,0.12,-0.24,18.69,59.56,73.44,0.37,0.88,-1.25,5,3
1772048234.530854,5573119,-0.24,0.19,0.1,165.75,-68.12,93.25,9.94,1.06,21.12,0.05,0.01,0.05,18.31,59.25,73.56,0.75,2.44,-1.06,5,3
1772048234.720872,5573309,-0.08,0.18,0.15,171.25,-68.56,92.37,5.37,-3.69,8.06,-0.19,-0.02,0.22,18.12,59.13,73.44,0.25,0.69,-2.37,5,3
1772048234.91226,5573501,0.01,0.27,-0.17,176.06,-68.19,91.87,5.75,-2.5,19.44,-0.11,0.26,-0.31,17.25,59.5,74.0,1.62,1.19,0.44,4,2
1772048235.104215,5573692,-0.12,0.02,-0.02,-178.62,-68.81,91.0,1.56,-0.81,5.75,-0.07,-0.13,0.1,17.44,59.31,73.75,-1.19,-0.06,1.44,4,3
1772048235.29495,5573883,0.21,0.0,-0.11,-177.75,-68.44,91.94,12.88,-0.62,4.69,0.02,-0.04,0.01,17.5,59.44,73.81,-0.19,0.75,-0.62,3,3
1772048235.484493,5574073,0.12,-0.15,-0.02,-177.87,-68.56,93.56,-0.94,0.37,0.06,-0.15,-0.11,0.01,17.56,59.25,73.75,0.56,0.0,1.62,4,3
1772048235.673865,5574262,0.31,0.08,-0.03,-176.75,-68.31,92.75,0.56,-0.75,5.94,-0.13,-0.02,-0.08,17.69,59.19,73.62,0.81,0.56,1.06,5,2
1772048235.865828,5574454,0.07,-0.16,0.02,-172.81,-68.94,93.37,10.75,-4.69,11.06,-0.05,0.02,0.05,17.62,59.19,73.62,0.31,0.56,0.5,5,1
1772048236.058121,5574646,0.08,-0.05,-0.06,-172.12,-69.12,93.62,-3.31,-1.25,-1.25,-0.01,0.0,-0.01,17.62,59.19,73.62,-0.88,-1.44,-0.62,6,1
1772048236.248799,5574837,0.2,-0.12,0.0,-172.25,-69.25,93.5,-0.06,-0.31,-0.56,-0.02,-0.03,-0.08,17.75,59.25,73.62,0.13,-0.5,-0.25,6,2
1772048236.439213,5575027,0.07,-0.11,0.03,-172.44,-69.44,93.5,-0.69,0.56,0.0,-0.03,0.04,-0.15,17.5,59.31,73.75,-0.44,-0.69,-0.31,6,2
1772048236.630019,5575218,0.11,-0.08,-0.04,-172.56,-69.25,93.06,-0.75,3.19,-1.69,-0.04,0.0,0.07,17.37,59.31,73.81,0.19,-0.19,-1.06,6,1
1772048236.820878,5575409,0.24,-0.01,-0.03,-172.69,-68.75,92.69,-3.5,1.56,0.13,-0.19,0.04,-0.11,17.25,59.44,73.87,-0.31,-1.31,-1.31,6,1
1772048237.011259,5575600,0.1,0.0,0.01,-171.69,-68.87,91.94,-0.13,-0.88,0.88,-0.04,0.02,0.0,17.25,59.5,73.94,1.25,-1.44,0.06,6,2
1772048237.201964,5575790,0.02,0.06,0.05,-171.69,-69.12,91.87,-0.06,-2.12,-0.31,-0.09,0.0,0.02,17.31,59.63,73.87,-0.19,0.94,0.25,7,1
1772048237.392832,5575981,0.19,-0.12,0.0,-172.06,-68.94,92.31,0.13,2.12,-0.13,-0.01,-0.02,0.03,17.31,59.56,73.87,-0.31,-0.25,0.25,6,2
1772048237.583323,5576172,0.15,-0.12,0.03,-172.19,-68.87,92.19,0.56,0.37,0.13,-0.05,0.07,-0.09,17.44,59.5,73.81,0.0,1.0,0.37,6,2
1772048237.774222,5576363,0.07,0.02,0.01,-171.94,-68.87,92.0,-0.5,0.88,-0.56,-0.02,0.01,0.0,17.44,59.38,73.81,0.31,1.56,0.25,6,2
1772048237.964746,5576553,0.16,-0.12,0.0,-172.44,-68.75,92.44,0.81,1.31,-0.94,-0.04,0.02,0.01,17.44,59.44,73.81,0.31,0.19,0.0,5,2
1772048238.15559,5576744,0.11,0.04,0.01,-172.31,-68.75,92.37,-0.19,-2.12,0.94,-0.01,-0.04,0.08,17.5,59.5,73.81,0.25,0.62,0.44,5,2
1772048238.346301,5576935,0.12,-0.09,0.0,-172.06,-68.81,92.37,-0.13,0.31,0.5,-0.05,0.0,0.07,17.44,59.5,73.87,0.81,0.06,0.88,4,2
1772048238.537239,5577125,0.08,-0.12,0.04,-172.37,-69.06,92.69,1.75,-2.37,-0.44,-0.08,0.05,0.01,17.62,59.44,73.75,-0.19,0.5,0.13,5,2
1772048238.728262,5577316,0.14,-0.1,-0.01,-172.44,-69.12,92.94,-0.5,0.62,0.0,-0.02,0.02,0.03,17.56,59.38,73.75,-1.0,-0.75,-0.31,5,3
1772048238.918947,5577507,0.11,-0.14,0.05,-172.81,-69.19,93.19,1.56,-0.88,-0.75,-0.05,0.02,0.03,17.5,59.56,73.87,0.31,-0.56,-0.44,4,3
1772048239.109818,5577698,0.14,-0.01,-0.02,-172.62,-69.12,92.87,-0.62,0.75,-0.13,-0.07,0.07,-0.1,17.44,59.63,73.94,-0.13,-0.56,-1.0,2,3
1772048239.300155,5577888,0.08,-0.01,-0.05,-172.31,-69.06,92.62,-1.12,0.31,0.19,-0.06,0.02,0.07,17.37,59.63,73.94,-0.13,0.31,0.13,3,3
1772048239.489944,5578078,0.1,-0.11,0.0,-172.31,-69.06,92.62,0.25,-0.75,-0.56,-0.01,0.04,-0.03,17.44,59.69,73.94,-0.69,-1.87,-1.0,4,3
1772048239.681351,5578270,0.02,-0.05,0.06,-172.31,-69.06,92.69,-0.13,0.69,-0.13,-0.02,0.01,0.05,17.44,59.69,73.94,0.06,-1.12,-0.25,3,2
1772048239.872101,5578461,0.27,-0.13,-0.02,-172.62,-68.62,92.87,1.25,3.94,0.75,-0.04,0.0,-0.02,17.37,59.75,73.94,0.0,0.25,0.31,5,2
1772048240.062855,5578651,0.14,-0.06,-0.03,-172.44,-68.5,92.75,0.06,0.75,0.81,-0.03,0.02,0.07,17.37,59.69,73.94,0.25,1.5,0.37,5,2
1772048240.254009,5578842,0.15,-0.06,-0.06,-172.5,-68.44,92.75,0.19,0.75,-0.69,-0.02,0.0,-0.02,17.37,59.75,73.94,0.37,0.13,0.44,5,3
1772048240.445128,5579033,0.01,-0.08,0.0,-172.56,-68.56,92.94,0.19,-0.69,0.13,-0.02,0.01,-0.02,17.44,59.63,73.87,-0.25,0.37,0.62,5,3
1772048240.635661,5579224,0.1,-0.07,0.0,-172.62,-68.5,93.0,1.5,-0.25,0.0,-0.01,-0.01,0.04,17.5,59.56,73.87,0.06,1.81,0.62,5,3
1772048240.826294,5579415,0.2,-0.11,-0.01,-172.56,-68.37,92.94,-0.19,2.69,0.19,0.0,0.03,-0.03,17.5,59.44,73.87,0.44,0.13,-0.13,5,3
1772048241.017636,5579606,0.17,-0.1,-0.02,-172.25,-68.31,92.75,-0.19,0.19,0.13,-0.06,0.03,-0.03,17.37,59.63,73.94,0.56,-0.37,-0.56,6,3
1772048241.208784,5579797,0.16,-0.11,-0.05,-171.44,-68.87,91.81,-6.56,-3.25,0.06,-0.02,-0.03,0.03,17.37,59.63,73.94,1.12,-1.06,-0.44,5,3
1772048241.398846,5579987,0.0,-0.01,0.07,-170.56,-69.44,90.69,-2.12,-3.69,1.06,-0.05,0.01,0.04,17.25,59.75,73.94,0.44,0.25,-0.13,5,3
1772048241.589658,5580178,0.18,-0.03,-0.03,-170.31,-69.25,90.44,-0.44,2.19,0.62,-0.04,-0.01,0.12,17.25,59.69,73.94,-0.19,1.75,0.56,6,3
1772048241.780233,5580368,0.12,-0.16,0.05,-170.5,-68.94,90.56,2.81,0.75,-1.31,-0.07,0.04,-0.01,17.25,59.69,74.0,0.0,-0.06,-0.13,5,3
1772048241.971143,5580560,0.15,-0.03,0.0,-171.25,-68.69,91.0,0.25,2.37,-0.69,-0.04,0.01,0.0,17.25,59.75,74.0,0.25,1.62,0.56,5,3
1772048242.162822,5580751,0.05,-0.08,-0.01,-171.69,-68.44,91.31,0.56,2.19,-0.88,-0.17,0.09,-0.09,17.31,59.63,73.94,-0.56,-1.06,-0.13,5,4
1772048242.3556,5580943,0.08,-0.08,-0.01,-172.0,-68.19,91.5,-0.69,-1.37,0.31,0.01,-0.04,0.12,17.37,59.5,73.87,0.25,1.19,0.62,5,4
1772048242.546144,5581135,0.17,-0.14,0.06,-172.0,-68.31,91.56,0.0,-0.31,0.25,-0.07,0.07,0.0,17.37,59.63,73.87,-0.19,0.31,0.13,6,4
1772048242.735901,5581324,0.11,-0.09,-0.01,-171.62,-68.56,91.19,-1.56,-0.81,-0.13,-0.07,0.03,-0.06,17.37,59.69,73.87,0.13,0.31,0.13,6,4
1772048242.92928,5581517,0.15,-0.08,0.0,-171.37,-68.87,91.0,-0.25,-0.31,0.44,-0.11,0.1,-0.06,17.31,59.69,73.94,-0.19,-0.62,-0.44,6,4
1772048243.121426,5581710,-0.26,0.05,-0.14,-170.75,-69.06,90.62,-1.12,-2.87,1.06,-0.1,0.03,0.04,17.37,59.69,73.87,1.19,0.56,0.88,5,4
1772048243.311287,5581900,-0.03,-0.33,0.09,-168.5,-69.31,90.5,4.94,0.88,9.94,-0.27,0.13,-0.06,17.19,59.63,73.62,-0.13,-2.19,-1.62,5,4
1772048243.501007,5582089,1.93,-2.01,-0.22,-166.69,-66.44,90.31,-1.06,20.81,11.31,0.03,0.29,-0.02,16.56,58.88,73.31,-2.12,3.5,-2.25,4,4
1772048243.690893,5582279,-0.2,1.16,0.33,-157.44,-68.94,77.94,-44.81,-15.56,-9.19,-0.17,-0.18,0.08,16.5,59.13,73.12,8.31,-5.87,-5.37,4,3
1772048243.883859,5582472,0.24,-0.03,0.25,-151.44,-69.94,76.06,10.56,-7.87,17.44,-0.06,0.26,0.13,13.88,59.69,73.69,-2.56,3.06,-5.37,3,4
1772048244.074775,5582663,0.04,0.07,0.11,-145.25,-70.0,75.62,0.19,-4.25,4.12,-0.13,-0.04,0.21,13.31,59.63,73.62,0.62,0.62,0.13,3,2
1772048244.264275,5582853,0.47,0.16,0.06,-145.19,-69.69,75.25,1.19,-0.13,-0.5,-0.03,0.02,0.11,13.44,59.69,73.69,1.19,3.44,1.19,5,2
1772048244.454047,5583042,0.06,-0.18,0.05,-146.12,-70.31,76.94,2.44,-0.13,-2.06,-0.07,-0.03,0.0,13.5,59.81,73.62,-0.69,0.44,0.88,5,2
1772048244.643778,5583232,0.42,-0.24,0.05,-147.75,-70.75,78.0,-0.19,0.31,-2.31,-0.04,0.07,-0.01,13.63,59.81,73.5,-0.13,-0.88,-0.81,5,2
1772048244.835293,5583423,0.06,-0.1,0.0,-147.19,-71.19,77.75,-1.62,-1.12,0.0,-0.07,0.0,-0.06,13.56,59.81,73.56,-0.19,-0.19,-0.19,5,1
1772048245.026268,5583614,0.1,-0.2,0.0,-146.69,-71.69,77.81,-0.25,-3.25,-2.5,-0.03,0.03,-0.01,13.56,59.81,73.62,-0.31,-0.81,-0.69,5,1
1772048245.216886,5583805,0.07,-0.03,0.02,-146.94,-72.25,78.12,1.56,-0.5,-0.88,-0.08,0.04,0.02,13.44,59.88,73.69,0.44,-0.25,-1.25,5,2
1772048245.406055,5583995,0.05,-0.02,0.01,-147.19,-72.25,78.44,0.81,-0.25,1.69,-0.03,-0.02,0.06,13.06,60.0,74.0,0.25,0.0,0.19,4,2
1772048245.596179,5584184,0.07,-0.11,0.07,-147.0,-72.44,78.5,0.62,-1.94,-2.0,-0.01,0.06,-0.09,13.19,60.19,73.87,-0.69,-1.75,-0.06,4,2
1772048245.787572,5584376,-0.1,-0.05,0.07,-146.81,-72.94,78.94,2.19,-2.44,-2.37,0.0,0.0,0.05,13.31,60.25,73.87,3.19,-1.44,2.69,4,2
1772048245.978477,5584567,0.21,-0.2,0.02,-149.0,-73.19,79.62,0.69,1.69,-1.5,-0.05,0.03,-0.08,13.5,60.5,73.56,0.19,-0.88,-1.25,4,2
