host_time_s,t_ms,ax1,ay1,az1,roll1,pitch1,yaw1,gx1,gy1,gz1,ax2,ay2,az2,roll2,pitch2,yaw2,gx2,gy2,gz2,emg1,emg2
1772047241.426847,4578043,0.25,0.02,0.0,-150.37,-70.75,61.25,-4.56,0.31,-0.31,0.0,0.05,-0.02,11.81,65.19,76.81,1.56,-1.12,0.62,21,21
1772047241.427152,4578233,0.39,0.12,0.16,-150.06,-70.87,60.5,-3.12,-1.31,-0.06,-0.01,0.05,-0.07,12.13,65.25,76.62,-1.31,0.44,0.81,22,21
1772047241.427511,4578423,0.19,-0.13,-0.01,-150.62,-71.0,60.88,1.87,5.81,-2.75,-0.04,-0.05,0.04,12.56,65.12,76.56,-1.0,-0.5,-0.19,24,21
1772047241.427869,4578612,0.23,-0.22,0.07,-153.19,-70.5,61.69,-0.5,-0.19,-1.37,0.0,-0.04,0.03,12.5,65.31,76.5,1.87,-1.06,0.06,23,21
1772047241.428155,4578804,0.11,-0.04,0.2,-152.75,-70.56,61.38,2.37,-1.12,0.62,-0.07,0.04,0.15,12.5,65.37,76.62,0.81,0.69,0.31,24,21
1772047241.428431,4578995,0.42,0.09,0.07,-153.12,-70.19,61.19,0.31,0.19,2.81,-0.07,-0.01,0.08,12.31,65.37,76.69,2.37,-1.31,0.56,23,23
1772047241.428742,4579185,0.37,0.05,0.12,-153.37,-70.0,60.94,2.81,-1.06,2.87,-0.06,0.03,-0.02,12.31,65.44,76.81,-0.37,0.37,-0.44,23,23
1772047241.429028,4579375,0.34,-0.13,0.0,-153.62,-70.06,61.25,-1.56,4.75,-1.19,-0.03,0.05,-0.21,12.25,65.5,76.69,-1.19,-1.69,-1.12,24,24
1772047241.429307,4579565,0.17,-0.09,0.16,-153.31,-70.0,61.19,2.75,-2.87,0.31,-0.09,-0.02,0.23,12.31,65.37,76.87,0.75,1.81,0.37,25,24
1772047241.429611,4579757,0.48,0.07,0.02,-154.44,-69.87,61.5,-0.94,1.31,-0.13,-0.01,0.03,-0.2,12.38,65.37,76.75,-2.56,0.75,-0.62,27,25
1772047241.42992,4579948,0.15,-0.14,0.14,-153.94,-70.25,61.94,0.0,0.75,-1.31,-0.06,-0.01,0.03,12.38,65.06,76.62,1.81,-3.19,-0.56,26,25
1772047241.57592,4580139,0.27,0.0,0.11,-154.44,-70.06,61.94,1.25,-1.87,0.44,-0.01,0.01,0.06,12.38,65.12,76.62,1.25,0.37,0.94,27,25
1772047241.765904,4580329,0.25,-0.09,0.12,-154.69,-70.12,62.0,1.0,2.19,-0.69,0.0,-0.05,0.07,12.44,65.19,76.56,2.0,-0.31,0.56,24,24
1772047241.956104,4580519,0.28,-0.1,0.08,-155.62,-69.87,61.81,-4.87,3.12,-0.75,-0.01,0.14,-0.23,12.56,65.06,76.25,-2.94,-0.37,-1.75,25,24
1772047242.14762,4580710,0.07,0.11,0.29,-153.25,-69.69,60.94,-0.75,-0.5,0.62,0.0,-0.03,-0.04,12.5,64.87,76.81,-3.56,2.44,-0.94,23,23
1772047242.338916,4580901,0.24,-0.24,-0.12,-153.56,-69.06,61.38,5.31,3.94,-0.37,-0.17,-0.01,-0.13,12.0,65.0,78.31,-3.19,-6.25,-7.31,24,23
1772047242.529716,4581092,0.23,-0.23,0.1,-156.37,-69.12,63.06,5.19,-1.19,-4.94,0.0,-0.06,0.17,11.25,65.19,78.81,0.88,-1.37,-1.87,23,23
1772047242.71971,4581282,0.36,-0.08,0.15,-158.5,-69.19,64.0,-0.88,-2.75,0.0,0.05,-0.04,-0.11,10.19,65.62,79.31,-0.37,1.94,-3.19,24,23
1772047242.909652,4581472,0.2,-0.04,0.12,-156.94,-69.5,63.44,-3.19,2.06,3.0,-0.03,0.04,-0.07,9.75,65.44,79.69,-1.94,1.62,0.06,24,23
1772047243.101226,4581664,0.35,0.02,0.04,-156.31,-69.0,62.69,1.0,1.94,-1.19,-0.09,0.06,-0.01,9.94,65.31,79.75,-1.5,-2.31,0.31,23,23
1772047243.292579,4581855,0.28,-0.01,0.15,-157.31,-68.94,63.56,4.87,-0.88,-2.62,0.04,-0.13,-0.06,10.56,65.44,79.69,-1.06,-7.06,-1.62,24,23
1772047243.482963,4582046,0.34,-0.17,0.1,-160.69,-69.06,65.81,5.19,-1.81,-4.75,0.0,-0.05,0.14,9.94,66.19,80.06,1.69,0.0,-0.94,23,23
1772047243.673993,4582237,0.32,-0.1,0.01,-162.94,-69.44,67.44,0.88,0.81,-0.06,0.02,-0.04,-0.1,9.44,66.06,80.44,-3.5,4.69,-1.19,23,23
1772047243.863778,4582426,0.11,-0.2,0.16,-163.81,-69.94,68.31,1.37,-0.56,0.44,-0.14,0.07,-0.1,8.75,65.87,80.87,-0.5,-1.12,-1.56,22,23
1772047244.055243,4582618,0.33,0.0,0.03,-163.06,-69.87,67.62,-3.37,-2.0,0.06,-0.11,-0.02,-0.04,8.63,66.06,81.0,-2.19,0.37,-0.37,25,24
1772047244.246161,4582809,0.15,-0.24,0.06,-162.87,-70.25,67.81,-1.31,-2.69,-0.88,-0.08,-0.03,0.07,8.75,66.06,81.06,0.81,1.37,0.94,24,23
1772047244.436743,4582999,0.29,-0.11,0.0,-162.94,-70.19,67.56,2.75,3.0,-0.81,-0.02,0.06,-0.05,8.88,66.06,81.06,0.56,-3.06,-0.56,25,23
1772047244.626558,4583190,0.28,-0.12,0.15,-165.25,-70.19,68.62,-2.06,-2.19,-5.19,0.0,0.05,0.06,8.63,66.31,80.87,1.0,3.37,0.5,24,23
1772047244.816444,4583380,0.32,0.06,0.1,-165.12,-70.44,68.12,1.0,2.12,1.31,-0.1,0.04,0.0,8.88,66.0,80.81,0.13,0.19,1.06,23,23
1772047245.008349,4583571,0.28,-0.09,0.09,-166.19,-70.37,68.87,1.44,0.06,-2.31,0.0,-0.04,-0.03,9.5,65.94,80.31,0.5,0.44,0.88,25,23
1772047245.19949,4583762,0.21,-0.12,0.1,-166.62,-70.56,69.37,-0.25,-1.31,2.0,-0.02,-0.05,0.09,9.56,65.75,80.31,0.88,0.25,0.56,24,22
1772047245.389982,4583953,0.26,-0.06,0.1,-166.19,-70.56,69.0,0.75,-0.94,-0.13,-0.02,0.02,0.0,9.5,65.81,80.25,0.06,0.13,0.37,24,22
1772047245.580827,4584144,0.32,-0.06,0.1,-166.19,-70.62,69.06,-0.06,1.0,0.19,-0.03,0.0,-0.01,9.56,65.81,80.25,0.13,-1.0,-0.19,24,22
1772047245.771585,4584334,0.26,-0.03,0.09,-166.31,-70.56,69.06,-0.75,0.81,0.31,-0.05,0.0,0.01,9.56,65.81,80.25,0.25,-0.69,-0.13,24,23
1772047245.96257,4584525,0.25,-0.13,0.1,-166.62,-70.56,69.12,0.13,-0.81,-0.44,-0.1,0.04,-0.03,9.63,66.06,80.25,0.06,-0.69,-0.06,23,22
1772047246.153088,4584716,0.29,-0.02,0.09,-166.62,-70.56,69.12,0.19,0.0,-0.56,-0.05,0.0,0.01,9.63,66.12,80.25,-0.25,-0.62,-0.44,24,22
1772047246.34393,4584907,0.3,-0.06,0.05,-166.62,-70.56,69.06,-1.19,0.06,-0.5,-0.04,-0.01,0.01,9.69,66.25,80.25,0.44,-0.75,-0.37,23,22
1772047246.534439,4585097,0.32,-0.06,0.09,-166.37,-70.62,68.87,-0.88,-0.56,0.25,0.0,-0.01,0.0,9.63,66.37,80.25,0.37,-0.81,0.19,24,22
1772047246.724902,4585288,0.23,-0.03,0.14,-166.25,-70.69,68.81,-0.69,0.56,0.31,-0.02,0.01,0.0,9.63,66.37,80.25,0.13,0.06,0.0,23,22
1772047246.916093,4585479,0.3,-0.1,0.06,-166.31,-70.62,68.75,-0.31,0.56,0.13,-0.02,0.0,-0.01,9.63,66.37,80.25,-0.06,-0.19,0.19,21,21
1772047247.106452,4585669,0.24,-0.15,0.1,-166.31,-70.62,68.75,0.13,0.56,0.31,-0.04,0.01,0.02,9.63,66.37,80.25,0.37,0.25,-0.13,21,21
1772047247.297397,4585860,0.29,-0.03,0.05,-166.31,-70.44,68.56,0.62,0.13,-0.56,-0.09,0.07,-0.01,9.56,66.37,80.25,0.06,0.13,0.0,20,21
1772047247.487516,4586051,0.25,-0.04,0.08,-166.25,-70.56,68.62,1.25,-1.69,0.25,-0.05,0.02,0.02,9.69,66.31,80.19,-0.06,0.19,0.44,20,21
1772047247.678564,4586242,0.22,-0.07,0.1,-166.31,-70.75,68.87,0.5,-0.13,-0.44,-0.07,0.02,0.0,9.75,66.25,80.12,0.06,0.25,0.19,19,19
1772047247.86947,4586432,0.23,-0.07,0.07,-166.37,-70.75,68.87,-0.56,0.5,0.37,-0.07,-0.01,0.03,9.75,66.19,80.12,0.62,0.88,0.25,20,19
1772047248.060262,4586623,0.29,-0.13,0.13,-166.44,-70.62,68.87,-0.5,-0.94,-0.56,-0.06,0.05,0.07,9.63,66.19,80.06,-0.81,0.19,-0.25,19,19
1772047248.251013,4586814,0.13,-0.16,0.07,-166.25,-70.62,68.69,-1.12,-0.62,-0.75,-0.07,-0.01,0.12,9.69,66.25,80.12,-1.62,-0.44,-0.44,20,19
1772047248.441952,4587005,0.19,-0.11,0.01,-166.69,-70.56,68.94,-0.31,0.75,0.62,-0.15,0.19,-0.15,9.0,66.81,80.69,-5.5,-1.12,-2.94,19,19
1772047248.63217,4587195,0.5,-0.35,-0.29,-169.31,-69.75,70.44,4.19,12.25,-9.19,0.0,-0.02,-0.15,10.0,67.25,80.44,1.06,-2.87,1.06,20,19
1772047248.823239,4587386,0.29,-0.18,0.07,-172.69,-69.25,72.06,-2.37,0.5,2.31,-0.04,0.06,0.0,9.69,67.37,80.56,-1.19,-0.94,-1.0,20,20
1772047249.013765,4587577,0.3,0.03,0.14,-171.37,-69.25,71.12,1.37,-2.69,-0.69,-0.04,0.06,-0.1,9.75,67.5,80.62,1.69,0.19,1.0,20,20
1772047249.204546,4587767,0.19,-0.04,0.13,-172.06,-69.94,71.69,0.5,-1.12,1.5,-0.03,0.02,0.06,9.5,67.31,80.56,-0.25,1.81,-1.06,21,20
1772047249.394884,4587958,0.27,-0.09,0.02,-171.62,-69.81,71.69,1.69,1.81,-0.81,-0.04,0.02,-0.01,9.31,67.0,80.56,2.62,2.19,1.19,21,20
1772047249.585233,4588148,0.3,0.04,0.1,-171.44,-70.0,71.5,0.5,-2.5,1.5,-0.05,0.02,-0.04,9.44,66.75,80.31,-0.13,1.19,1.12,23,22
1772047249.776489,4588340,0.24,-0.1,0.08,-171.0,-70.31,71.44,0.44,0.13,0.94,-0.06,0.02,0.02,9.5,66.5,80.25,0.19,1.31,0.19,22,23
1772047249.967239,4588530,0.25,0.0,0.02,-170.75,-70.31,71.31,0.31,-0.19,-0.19,0.0,0.06,-0.03,9.44,66.56,80.31,0.0,-1.56,-0.81,23,22
1772047250.158328,4588721,0.24,-0.05,0.06,-170.87,-70.37,71.44,-1.62,-0.13,0.19,0.01,0.0,0.07,9.19,66.75,80.44,-0.19,-0.44,-1.12,21,21
1772047250.349479,4588912,0.26,-0.04,0.07,-170.75,-70.37,71.25,-0.62,-0.19,-0.25,-0.03,-0.01,0.02,9.0,66.87,80.5,0.31,-0.37,-0.31,20,21
1772047250.539903,4589103,0.24,-0.05,0.11,-170.62,-70.5,71.12,-1.06,-0.88,0.62,-0.07,0.06,0.0,9.06,67.0,80.5,0.0,-1.25,-0.37,19,19
1772047250.730806,4589294,0.27,-0.08,0.16,-170.44,-70.56,70.94,-0.25,-1.06,0.31,-0.06,0.05,-0.01,9.0,67.12,80.5,0.56,0.44,0.19,18,18
1772047250.921275,4589484,0.22,-0.09,0.07,-170.25,-70.62,70.81,0.31,0.06,0.0,-0.06,0.04,0.01,9.0,67.06,80.5,-0.44,0.13,-0.06,17,17
1772047251.112029,4589675,0.23,-0.04,0.09,-170.25,-70.56,70.81,-0.13,0.19,-0.06,-0.02,0.04,0.01,9.0,67.06,80.5,0.0,0.31,-0.25,16,16
1772047251.303008,4589866,0.22,0.0,0.06,-170.25,-70.56,70.75,-0.25,0.19,0.0,-0.06,0.11,-0.04,9.0,67.06,80.5,0.19,-1.06,-0.25,15,15
1772047251.493358,4590057,0.25,-0.05,0.12,-170.37,-70.62,70.94,0.06,-0.37,0.06,-0.06,0.04,0.02,9.06,67.0,80.44,0.13,0.0,0.31,13,14
1772047251.68414,4590247,0.26,-0.08,0.11,-170.44,-70.56,70.94,0.69,0.44,-0.56,-0.06,0.03,0.01,9.06,66.94,80.44,-0.06,0.19,0.25,12,11
1772047251.874818,4590438,0.22,-0.06,0.07,-170.5,-70.62,71.0,-0.13,0.37,0.0,-0.07,-0.04,0.08,9.06,66.87,80.44,0.75,0.56,0.19,11,11
1772047252.06581,4590629,0.35,-0.07,0.08,-170.5,-70.5,71.0,0.37,-0.81,1.06,-0.02,-0.03,0.14,8.81,67.06,80.56,1.12,-0.13,-0.06,12,11
1772047252.256132,4590819,0.17,-0.09,0.02,-170.0,-70.5,70.62,-1.69,2.87,1.56,-0.04,0.02,0.02,8.19,67.25,80.62,0.75,-1.44,-1.81,11,10
1772047252.446786,4591010,0.32,-0.11,0.11,-169.25,-70.44,70.12,0.25,-5.0,2.62,-0.03,0.03,-0.13,7.44,67.62,81.0,-1.25,-1.31,-2.0,11,11
1772047252.637859,4591201,0.06,-0.11,0.21,-167.69,-71.25,69.81,2.62,0.94,0.56,-0.12,0.1,0.11,7.06,67.69,81.37,-1.12,1.0,-1.19,11,10
1772047252.828723,4591392,0.42,0.05,-0.03,-167.81,-70.5,69.56,-2.12,2.75,0.13,-0.03,0.04,0.05,6.94,67.62,81.44,0.19,-0.19,-0.31,12,11
1772047253.019212,4591582,0.28,0.01,0.04,-167.87,-70.44,69.56,0.81,-0.94,-1.19,-0.06,0.04,0.03,7.0,67.62,81.37,-0.31,0.25,0.5,12,11
1772047253.209881,4591773,0.27,-0.08,0.15,-168.31,-70.69,70.06,0.13,-1.5,-0.75,0.0,0.01,-0.01,7.12,67.62,81.37,0.31,-1.12,0.37,12,11
1772047253.400566,4591964,0.22,-0.08,0.09,-168.69,-70.94,70.44,0.13,0.94,-0.25,-0.02,0.02,0.1,7.12,67.5,81.37,-0.75,1.25,0.44,12,11
1772047253.591599,4592155,0.23,-0.07,0.07,-168.94,-70.75,70.56,0.5,-0.69,-1.31,-0.04,0.0,0.05,7.25,67.37,81.31,-0.88,0.62,0.56,11,11
1772047253.782497,4592345,0.21,-0.09,0.05,-169.31,-70.81,70.87,-0.69,0.5,-0.81,-0.1,0.0,-0.04,7.25,67.37,81.31,-0.44,-0.88,-0.5,12,11
1772047253.972595,4592536,0.26,-0.1,0.08,-169.56,-70.75,71.06,-0.81,-0.56,0.25,-0.06,0.03,0.07,7.12,67.56,81.37,-0.31,-1.5,-0.56,11,11
1772047254.163759,4592727,0.24,-0.1,0.1,-169.25,-70.81,70.75,0.0,-0.06,0.31,-0.02,0.0,0.04,7.06,67.75,81.44,0.13,-0.56,-0.25,11,12
1772047254.354411,4592917,0.27,-0.09,0.1,-169.25,-70.81,70.75,-0.37,-0.13,0.06,-0.06,0.02,0.05,7.06,67.75,81.44,-0.19,0.13,-0.13,11,11
1772047254.545303,4593108,0.26,-0.12,0.1,-169.12,-70.81,70.56,0.25,0.19,-0.81,-0.08,0.06,0.01,7.06,67.81,81.44,-0.06,-0.37,-0.37,11,11
1772047254.735855,4593299,0.27,-0.01,0.06,-168.94,-70.81,70.44,-0.13,0.44,0.0,-0.07,0.01,0.03,7.06,67.81,81.44,-0.06,-0.19,-0.37,11,11
1772047254.926418,4593490,0.34,-0.05,0.04,-168.87,-70.75,70.37,-0.31,0.69,0.56,-0.04,0.02,0.0,7.06,67.87,81.44,0.19,-0.13,0.06,10,11
1772047255.117165,4593680,0.29,-0.05,0.09,-168.81,-70.75,70.37,0.19,-0.13,-0.56,-0.01,0.0,0.13,7.12,67.81,81.37,0.0,0.13,0.62,11,11
1772047255.30766,4593871,0.25,-0.09,0.07,-169.12,-70.75,70.62,0.13,0.25,0.0,-0.04,0.0,0.04,7.31,67.75,81.31,0.13,0.81,0.62,10,11
1772047255.49856,4594062,0.28,-0.11,0.05,-169.25,-70.81,70.75,0.19,0.25,0.0,-0.08,0.03,0.01,7.31,67.69,81.31,-0.19,0.06,0.0,12,12
1772047255.689566,4594253,0.23,-0.1,0.08,-169.31,-70.81,70.81,-0.81,0.25,-0.19,-0.06,0.04,0.1,7.31,67.69,81.31,0.25,-0.44,-0.37,10,12
1772047255.880314,4594443,0.27,-0.08,0.06,-169.25,-70.75,70.69,-0.5,0.13,0.37,-0.08,0.01,0.08,7.25,67.75,81.31,-0.06,-0.94,-0.31,12,12
1772047256.071192,4594634,0.25,-0.13,0.04,-169.12,-70.75,70.62,0.75,0.19,-0.19,-0.07,0.02,0.04,7.25,67.81,81.31,0.06,-0.75,-0.25,11,12
1772047256.261743,4594825,0.21,-0.22,0.06,-169.31,-70.75,70.75,0.31,-0.5,-0.62,-0.06,0.08,0.08,7.12,67.81,81.37,-0.62,-0.5,-0.75,12,12
1772047256.452474,4595015,0.2,0.09,0.09,-169.0,-70.75,70.44,-0.13,-0.75,-0.75,-0.05,0.04,0.04,7.12,67.94,81.37,-1.0,0.06,-0.75,11,12
1772047256.643341,4595206,0.2,-0.01,0.02,-168.94,-70.69,70.5,-1.69,0.88,-0.62,-0.09,0.02,0.06,7.06,67.94,81.44,-0.5,-0.37,-0.06,11,12
1772047256.833608,4595397,0.25,-0.11,0.03,-169.19,-70.69,70.62,0.44,-0.5,-0.62,-0.04,0.0,0.06,7.06,68.0,81.44,0.19,0.06,0.06,11,12
1772047257.02482,4595588,0.23,-0.08,0.09,-168.94,-70.75,70.5,-1.06,0.25,0.94,-0.13,0.09,-0.01,7.06,67.94,81.44,-0.13,-1.5,-0.62,11,12
1772047257.215292,4595778,0.28,-0.11,0.09,-168.87,-70.62,70.37,0.5,-0.31,0.81,-0.1,0.06,0.03,7.0,68.0,81.5,-0.25,-0.94,-0.06,11,12
1772047257.406153,4595969,0.22,-0.13,0.09,-168.75,-70.69,70.31,0.62,0.0,0.25,-0.06,0.04,0.02,7.0,68.06,81.44,-0.13,-0.06,0.13,11,11
1772047257.596594,4596160,0.2,-0.18,0.11,-168.75,-70.69,70.31,0.0,-0.62,0.5,-0.05,0.0,0.1,7.06,68.0,81.44,-0.13,0.62,0.5,12,11
1772047257.787319,4596350,0.26,-0.1,0.03,-168.56,-70.69,70.19,1.12,0.94,0.5,-0.05,0.01,0.1,7.06,67.94,81.44,-0.37,-0.75,-0.5,11,11
1772047257.978201,4596542,0.24,-0.11,0.1,-168.69,-70.69,70.31,0.13,0.37,0.44,-0.07,-0.02,0.15,7.12,67.94,81.37,0.13,0.5,0.31,12,11
1772047258.168799,4596732,0.28,-0.13,0.06,-168.75,-70.69,70.37,0.0,-0.06,0.06,-0.08,-0.01,0.09,7.12,67.94,81.37,0.0,-0.13,0.06,11,11
1772047258.359569,4596923,0.25,-0.11,0.09,-168.75,-70.69,70.37,-0.44,0.19,0.37,-0.08,0.03,0.08,7.12,67.94,81.37,0.0,-0.44,-0.31,11,11
1772047258.549786,4597113,0.25,-0.03,-0.02,-168.69,-70.62,70.31,-0.19,0.75,-0.25,-0.07,0.06,0.03,7.0,68.06,81.44,0.13,-1.19,-0.62,11,11
1772047258.741242,4597304,0.27,-0.07,0.07,-168.75,-70.69,70.31,-0.62,-0.06,-0.25,-0.09,-0.04,0.11,7.0,68.12,81.44,0.06,-0.25,-0.13,11,11
1772047258.93203,4597495,0.27,-0.1,0.06,-168.75,-70.69,70.31,-0.56,0.06,0.37,-0.08,0.0,0.05,7.0,68.19,81.5,-0.25,-0.69,0.0,11,11
1772047259.122339,4597686,0.27,-0.16,0.09,-168.81,-70.69,70.37,-0.06,0.06,-0.06,-0.1,0.0,0.1,7.0,68.19,81.5,0.06,0.31,0.0,11,11
1772047259.313472,4597876,0.27,-0.14,0.05,-168.87,-70.62,70.31,1.12,-0.31,-1.0,-0.12,0.05,0.03,7.0,68.19,81.5,-0.25,-0.62,-0.37,12,11
1772047259.503932,4598067,0.29,-0.06,0.07,-168.81,-70.62,70.25,-0.75,0.31,0.37,-0.08,0.05,0.08,7.0,68.19,81.5,0.06,-0.69,-0.37,10,11
1772047259.694655,4598258,0.27,-0.07,0.07,-168.81,-70.62,70.19,0.56,-0.25,-0.69,-0.09,0.03,0.07,7.0,68.19,81.5,-0.06,-0.31,0.13,11,11
1772047259.885578,4598449,0.21,-0.13,0.12,-168.87,-70.62,70.31,-0.06,-0.19,0.13,-0.08,0.01,0.09,7.0,68.19,81.5,0.0,-0.19,0.13,11,11
1772047260.076083,4598639,0.2,-0.16,0.13,-169.0,-70.69,70.44,0.5,-1.0,0.5,-0.07,0.04,0.1,7.0,68.12,81.5,-0.56,0.19,0.25,11,11
1772047260.266569,4598830,0.2,-0.1,0.06,-169.0,-70.69,70.37,0.56,0.13,-0.31,-0.11,0.0,0.09,7.0,68.12,81.5,-0.25,1.0,0.62,11,11
1772047260.457574,4599021,0.25,-0.15,0.09,-169.06,-70.62,70.44,0.0,0.37,-0.06,-0.09,-0.02,0.13,7.0,68.06,81.5,0.19,0.37,-0.13,11,11
1772047260.647412,4599210,0.31,-0.14,0.02,-169.06,-70.62,70.44,-0.5,0.69,0.06,-0.03,-0.03,0.16,7.0,68.12,81.5,0.0,-2.0,-0.88,12,11
1772047260.838928,4599402,0.24,-0.09,0.05,-169.06,-70.62,70.44,-1.19,0.56,0.06,-0.06,0.01,0.1,6.87,68.25,81.56,-0.13,-0.75,-0.44,12,11
1772047261.029648,4599593,0.28,-0.12,0.04,-169.0,-70.62,70.44,-0.06,-0.44,-0.25,-0.04,0.0,0.14,6.94,68.37,81.56,0.0,-0.06,0.37,11,11
1772047261.220406,4599784,0.25,-0.18,0.11,-168.94,-70.69,70.44,-0.06,-0.56,0.62,-0.09,0.03,0.09,6.94,68.37,81.56,0.06,-0.13,-0.19,11,11
1772047261.411097,4599974,0.25,-0.17,0.05,-168.81,-70.75,70.25,0.69,0.06,0.13,-0.12,0.07,0.07,6.87,68.44,81.56,-0.19,-0.31,-0.37,12,11
1772047261.601654,4600165,0.3,-0.06,0.07,-168.62,-70.69,70.06,0.44,1.25,0.5,-0.11,0.03,0.1,6.87,68.44,81.56,-0.06,0.0,-0.19,11,12
1772047261.792628,4600356,0.3,-0.12,0.05,-168.69,-70.62,70.12,0.5,-0.31,-0.44,-0.07,-0.02,0.12,6.87,68.44,81.56,0.06,0.69,0.37,11,12
1772047261.983435,4600547,0.19,-0.12,0.09,-168.75,-70.75,70.19,0.0,0.25,0.37,-0.11,0.04,0.05,6.81,68.37,81.56,-0.19,-0.44,-0.06,10,11
1772047262.173689,4600737,0.24,-0.19,0.14,-168.87,-70.69,70.31,0.44,-0.75,0.62,-0.08,0.02,0.09,6.87,68.31,81.56,0.06,0.56,0.44,11,11
1772047262.364487,4600928,0.24,-0.19,0.06,-168.81,-70.69,70.25,0.88,0.06,0.25,-0.09,0.02,0.09,6.87,68.25,81.56,-0.25,0.0,0.0,11,11
1772047262.555111,4601119,0.22,-0.16,0.07,-168.81,-70.69,70.25,0.19,-0.31,0.06,-0.11,0.0,0.1,6.87,68.25,81.56,0.06,0.19,-0.19,10,11
1772047262.746234,4601309,0.22,-0.04,0.03,-168.81,-70.62,70.19,-0.81,1.06,-0.06,-0.07,0.1,0.09,6.69,68.31,81.62,-0.06,0.06,-0.37,11,11
1772047262.937254,4601500,0.16,-0.06,0.11,-168.87,-70.62,70.19,-0.19,-0.81,-0.44,-0.11,-0.04,0.16,6.75,68.37,81.62,-0.75,-0.19,-0.19,11,11
1772047263.127887,4601691,0.28,-0.09,0.03,-169.19,-70.62,70.37,-0.06,0.69,-0.44,-0.09,-0.04,0.11,6.75,68.44,81.62,-0.31,-0.69,-0.56,11,11
1772047263.318478,4601882,0.21,-0.19,0.07,-169.5,-70.62,70.56,-0.56,-0.5,0.5,-0.11,0.04,0.11,6.75,68.44,81.62,-0.13,-1.44,-0.81,10,11
1772047263.50908,4602072,0.25,-0.15,0.11,-169.5,-70.62,70.44,-0.62,-0.69,1.0,-0.08,0.02,0.12,6.62,68.5,81.69,-0.31,0.13,0.0,12,11
1772047263.699625,4602263,0.23,-0.14,0.03,-169.25,-70.62,70.19,0.69,0.37,0.0,-0.07,0.01,0.12,6.62,68.44,81.69,-0.37,0.37,0.19,11,11
1772047263.890149,4602454,0.28,-0.11,0.09,-169.31,-70.56,70.19,0.19,-0.25,0.06,-0.11,0.0,0.07,6.62,68.37,81.69,0.25,0.0,0.13,12,12
1772047264.08126,4602644,0.3,-0.12,0.12,-169.31,-70.56,70.25,0.69,0.81,-0.25,-0.04,-0.01,0.04,6.62,68.25,81.62,-0.19,-0.56,0.31,12,12
1772047264.271771,4602835,0.26,-0.11,0.09,-169.56,-70.62,70.44,-0.69,0.44,0.25,-0.09,-0.02,0.11,6.62,68.19,81.62,0.06,0.56,0.06,12,12
1772047264.462433,4603026,0.27,-0.1,0.04,-169.56,-70.62,70.44,0.13,0.5,-0.25,-0.1,-0.02,0.09,6.62,68.12,81.62,0.19,0.37,0.5,12,12
1772047264.653265,4603217,0.23,-0.13,0.11,-169.56,-70.69,70.5,-0.06,0.13,0.25,-0.07,-0.03,0.14,6.62,68.06,81.62,0.37,0.75,0.06,12,12
1772047264.844066,4603407,0.29,-0.18,0.05,-169.62,-70.56,70.5,0.62,-0.31,-0.19,-0.11,-0.01,0.13,6.56,68.12,81.69,0.06,-0.06,-0.13,12,12
1772047265.034805,4603598,0.28,-0.08,0.08,-169.56,-70.56,70.44,0.44,0.13,0.19,-0.07,-0.03,0.09,6.56,68.19,81.69,-0.13,-0.75,-0.5,11,12
1772047265.225586,4603789,0.25,-0.14,0.06,-169.56,-70.62,70.44,-0.06,-1.0,-0.31,-0.09,0.0,0.08,6.56,68.31,81.69,-0.19,-0.88,-0.44,11,12
1772047265.416079,4603979,0.27,-0.11,0.07,-169.5,-70.69,70.37,-1.06,1.06,0.25,-0.06,-0.03,0.06,6.5,68.44,81.69,0.0,-0.37,-0.25,11,12
1772047265.60682,4604170,0.23,-0.12,0.1,-169.31,-70.69,70.25,-0.81,0.37,0.62,-0.07,0.0,0.08,6.5,68.44,81.69,-0.06,0.0,0.06,11,12
1772047265.797587,4604361,0.27,-0.12,0.05,-169.31,-70.69,70.25,-0.31,0.31,0.13,-0.03,-0.04,0.1,6.5,68.44,81.69,-0.06,0.31,0.25,10,11
1772047265.988279,4604552,0.22,-0.13,0.07,-169.25,-70.69,70.19,-0.25,-0.13,0.13,-0.09,0.04,0.1,6.5,68.44,81.69,0.25,-0.13,0.0,11,11
1772047266.178711,4604742,0.25,-0.01,0.0,-169.25,-70.69,70.19,0.5,0.13,-0.13,-0.08,0.02,0.08,6.5,68.44,81.69,0.25,0.19,0.19,10,11
1772047266.369407,4604933,0.25,-0.14,0.06,-169.44,-70.75,70.37,0.13,0.19,0.0,-0.07,-0.02,0.13,6.5,68.31,81.69,0.0,1.25,0.75,11,12
1772047266.560573,4605124,0.24,-0.09,0.07,-169.37,-70.69,70.31,0.69,-0.19,-0.37,-0.11,-0.03,0.14,6.56,68.25,81.69,0.13,0.75,0.31,10,12
1772047266.751217,4605315,0.23,-0.12,0.06,-169.44,-70.69,70.44,-0.37,0.81,0.06,-0.1,-0.01,0.1,6.56,68.25,81.69,0.13,0.06,-0.06,10,11
1772047266.942036,4605505,0.27,-0.18,0.04,-169.5,-70.62,70.5,1.06,-0.37,-0.44,-0.13,0.01,0.09,6.56,68.25,81.69,-0.06,-0.31,-0.19,11,12
1772047267.132602,4605696,0.26,-0.08,0.05,-169.44,-70.62,70.44,0.13,1.06,0.56,-0.1,-0.02,0.15,6.56,68.31,81.69,0.19,-0.75,-0.62,11,12
1772047267.323482,4605887,0.26,-0.1,0.05,-169.56,-70.62,70.44,0.5,-0.13,-0.94,-0.07,0.0,0.11,6.56,68.44,81.69,-0.13,-0.5,-0.06,11,11
1772047267.514139,4606078,0.21,-0.14,0.05,-169.56,-70.62,70.44,-1.0,-0.13,0.25,-0.07,-0.04,0.09,6.56,68.5,81.69,0.62,0.56,0.19,11,10
1772047267.704753,4606268,0.19,-0.18,0.09,-169.56,-70.62,70.44,-0.25,0.31,1.75,-0.11,0.01,0.04,6.37,68.56,81.75,0.69,-0.31,0.56,12,11
1772047267.895244,4606459,0.22,-0.12,0.08,-169.31,-70.62,70.19,1.94,1.0,1.37,-0.08,0.0,0.09,6.44,68.56,81.81,0.31,0.37,0.31,11,10
1772047268.086135,4606650,0.3,-0.12,0.05,-169.5,-70.56,70.19,0.94,-0.31,0.31,-0.05,-0.01,0.13,6.44,68.56,81.81,0.31,0.37,0.13,11,11
1772047268.276902,4606841,0.21,-0.09,0.07,-169.56,-70.69,70.31,0.13,0.13,0.44,-0.08,-0.02,0.13,6.5,68.5,81.75,0.0,-0.25,0.13,11,10
1772047268.467842,4607031,0.24,-0.15,0.07,-169.87,-70.69,70.56,-0.06,0.5,0.44,-0.08,-0.03,0.15,6.5,68.5,81.75,0.06,0.62,0.88,11,10
1772047268.658518,4607222,0.28,-0.08,0.07,-169.87,-70.69,70.5,0.44,0.75,-0.19,-0.08,-0.02,0.12,6.5,68.44,81.75,0.13,0.31,0.19,11,11
1772047268.849178,4607413,0.23,-0.12,0.09,-169.87,-70.69,70.56,-0.5,0.0,0.25,-0.11,0.0,0.16,6.5,68.44,81.75,0.0,0.13,-0.13,11,11
1772047269.040058,4607604,0.31,-0.06,0.04,-169.75,-70.62,70.44,0.75,0.5,-0.56,-0.08,0.01,0.11,6.5,68.37,81.75,-0.06,0.37,0.13,11,11
1772047269.230933,4607794,0.18,-0.07,0.0,-169.87,-70.56,70.31,-1.06,1.5,-0.75,-0.13,-0.04,0.1,6.5,68.31,81.75,0.06,-0.81,-0.81,10,11
1772047269.422053,4607985,0.26,-0.16,0.1,-170.31,-70.56,70.19,1.19,-0.44,1.44,-0.05,-0.02,0.1,6.44,68.31,81.75,-0.31,0.44,-0.37,11,10
1772047269.612243,4608176,0.18,0.25,0.11,-169.81,-70.5,69.94,-0.25,0.62,1.81,-0.05,-0.04,0.09,6.44,68.25,81.81,0.06,0.0,0.06,10,10
1772047269.80307,4608367,0.24,-0.38,0.05,-167.75,-70.25,72.12,8.75,-0.62,3.37,-0.07,0.05,0.07,6.12,68.25,81.94,-0.13,-0.62,0.25,10,10
1772047269.993881,4608557,0.29,0.02,0.06,-168.81,-70.06,71.87,-1.94,1.12,-1.94,-0.06,-0.06,0.1,6.25,68.19,81.94,-0.25,0.19,0.19,11,10
1772047270.184616,4608748,0.19,-0.14,0.09,-169.31,-70.19,72.12,-0.88,-0.94,-0.62,-0.08,0.0,0.12,6.25,68.19,81.94,-0.06,0.31,0.25,10,10
1772047270.375784,4608939,0.27,-0.05,0.01,-169.25,-70.19,71.87,-0.94,0.19,-0.13,-0.05,-0.01,0.1,6.25,68.25,81.94,-0.19,-1.31,-0.75,10,10
1772047270.566339,4609130,0.28,-0.03,0.08,-169.44,-70.19,71.94,-0.5,0.5,-0.69,-0.06,-0.02,0.11,6.25,68.31,81.94,0.44,-0.37,0.13,10,10
1772047270.756806,4609320,0.27,-0.11,0.07,-169.75,-70.19,72.19,0.5,-1.5,-0.44,-0.07,-0.05,0.11,6.25,68.37,81.94,0.19,0.31,0.62,10,10
1772047270.947625,4609511,0.23,-0.1,0.09,-169.75,-70.44,72.19,0.0,-1.44,0.0,-0.06,0.0,0.13,6.25,68.37,81.94,-0.13,-0.25,0.0,10,10
1772047271.138528,4609702,0.17,-0.13,0.1,-169.87,-70.5,72.31,-0.37,-0.31,-1.0,-0.07,-0.01,0.15,6.31,68.31,81.87,0.06,0.94,0.56,11,10
1772047271.329565,4609893,0.27,-0.07,0.03,-170.12,-70.44,72.31,0.25,0.25,-0.75,-0.08,-0.05,0.1,6.31,68.25,81.87,-0.37,0.13,0.31,10,11
1772047271.520142,4610084,0.23,-0.17,0.11,-170.37,-70.44,72.56,0.75,-0.62,-0.19,-0.09,-0.04,0.08,6.31,68.19,81.87,0.06,0.31,-0.06,11,12
1772047271.710693,4610274,0.21,-0.02,0.07,-170.25,-70.44,72.44,-0.94,0.31,0.0,-0.08,-0.02,0.11,6.25,68.25,81.94,0.06,-0.31,-0.44,10,11
1772047271.901984,4610465,0.25,-0.06,0.07,-170.25,-70.44,72.37,-0.37,-0.5,-0.37,-0.1,-0.07,0.13,6.25,68.25,81.94,-0.19,-0.31,0.06,10,11
1772047272.092986,4610656,0.24,-0.11,0.06,-170.37,-70.5,72.44,0.06,-0.44,-0.75,-0.1,-0.06,0.09,6.25,68.37,81.94,0.25,-1.06,-0.44,11,11
1772047272.284076,4610847,0.23,-0.12,0.11,-170.5,-70.5,72.5,-0.37,0.94,0.37,-0.07,-0.07,0.14,6.19,68.44,81.94,0.25,-1.25,-0.44,12,11
1772047272.474991,4611039,0.21,-0.18,0.11,-170.5,-70.44,72.5,0.25,-0.37,0.69,-0.1,-0.05,0.13,6.19,68.5,81.94,0.0,-0.25,0.37,12,11
1772047272.665136,4611229,0.26,-0.18,0.05,-170.5,-70.37,72.37,0.37,0.25,-0.13,-0.06,0.03,0.09,6.12,68.56,82.0,-0.62,-0.25,-0.13,12,11
1772047272.856447,4611420,0.23,-0.07,0.1,-170.06,-70.5,72.06,-0.62,-1.19,0.19,-0.08,-0.03,0.17,6.12,68.56,82.0,-0.19,0.44,-0.13,12,11
1772047273.047811,4611611,0.25,-0.15,0.07,-170.0,-70.44,72.0,0.75,0.5,-1.19,-0.12,-0.01,0.15,6.12,68.56,82.0,-0.19,0.44,0.0,11,11
1772047273.240426,4611804,0.28,-0.09,0.09,-169.94,-70.44,71.94,-0.44,0.75,0.31,-0.07,-0.01,0.12,6.12,68.56,82.0,-0.06,-0.37,-0.56,12,11
1772047273.433717,4611997,0.26,-0.1,0.07,-170.0,-70.44,71.94,0.25,-0.13,-0.13,-0.06,-0.03,0.09,6.12,68.56,82.0,0.25,0.5,0.37,12,11
1772047273.627064,4612190,0.23,-0.06,0.07,-169.94,-70.44,71.94,-0.13,-0.13,-0.5,-0.02,-0.09,0.1,6.19,68.56,81.94,0.0,-0.37,0.31,12,11
1772047273.81837,4612382,0.25,-0.14,0.09,-170.12,-70.5,72.12,-0.75,0.31,0.0,-0.08,-0.08,0.13,6.19,68.5,82.0,-0.06,0.62,0.31,12,12
1772047274.00979,4612573,0.25,-0.13,0.06,-170.12,-70.44,72.06,0.25,0.06,-0.37,-0.09,-0.07,0.08,6.12,68.44,81.94,0.94,0.62,0.19,11,12
1772047274.201338,4612765,0.28,-0.09,0.05,-169.87,-70.37,71.94,-1.5,0.13,0.88,-0.11,0.0,0.13,6.12,68.37,81.94,0.0,-0.44,-0.19,11,11
1772047274.39331,4612957,0.32,-0.19,0.05,-169.94,-70.37,72.0,0.25,-0.5,-0.19,-0.07,-0.06,0.15,6.12,68.44,81.94,0.06,-0.31,0.0,11,12
1772047274.58336,4613147,0.27,-0.2,0.08,-170.0,-70.37,72.06,1.31,-0.13,-0.5,-0.07,-0.07,0.13,6.12,68.56,81.94,-0.19,-0.81,-0.44,12,11
1772047274.773581,4613337,0.24,-0.17,0.09,-170.0,-70.37,72.12,-0.31,-0.5,-0.06,-0.08,0.01,0.08,6.12,68.69,81.94,0.06,0.0,-0.13,12,12
1772047274.965549,4613529,0.19,-0.05,0.06,-169.69,-70.37,71.81,-1.06,0.19,0.25,-0.12,0.02,0.04,6.12,68.75,82.0,0.06,-0.19,-0.31,12,12
1772047275.157442,4613721,0.27,-0.1,0.08,-169.62,-70.31,71.69,-0.56,0.44,0.06,-0.05,-0.03,0.14,6.12,68.69,82.0,0.06,0.56,0.25,11,12
1772047275.349218,4613913,0.28,-0.15,0.07,-169.62,-70.31,71.75,-0.06,0.0,-0.31,-0.1,-0.04,0.1,6.12,68.69,82.0,-0.06,-0.19,-0.19,11,11
1772047275.541458,4614105,0.15,-0.19,0.11,-169.56,-70.37,71.75,-0.44,0.56,0.94,-0.08,-0.02,0.05,6.06,68.69,82.0,0.31,0.44,0.75,11,11
1772047275.732737,4614297,0.22,-0.16,0.13,-169.44,-70.31,71.69,2.06,0.06,0.06,-0.1,0.0,0.07,6.19,68.56,81.94,0.06,0.62,0.69,11,11
1772047275.926092,4614490,0.24,-0.17,0.08,-169.81,-70.31,72.0,1.19,-0.13,-0.13,-0.07,-0.06,0.13,6.37,68.5,81.87,-0.31,0.94,0.56,11,11
1772047276.117481,4614681,0.23,-0.17,0.11,-170.19,-70.44,72.25,0.13,-0.94,0.06,-0.09,-0.01,0.12,6.37,68.5,81.81,0.44,0.56,0.13,11,11
1772047276.308897,4614873,0.25,-0.03,0.06,-170.25,-70.44,72.25,-0.37,0.75,0.44,-0.1,0.02,0.13,6.37,68.56,81.87,0.44,0.81,0.06,10,11
1772047276.501262,4615065,0.27,-0.09,0.06,-170.25,-70.44,72.19,-0.5,0.13,-0.31,-0.13,-0.04,0.1,6.44,68.5,81.81,0.13,-0.81,-0.25,10,11
1772047276.693267,4615257,0.26,-0.09,0.13,-170.44,-70.44,72.31,0.19,-0.25,-0.94,-0.07,-0.02,0.12,6.44,68.5,81.81,0.06,-0.37,0.0,10,10
1772047276.884182,4615448,0.19,-0.13,0.14,-170.75,-70.44,72.5,-0.25,0.06,-0.37,-0.05,-0.05,0.11,6.44,68.5,81.81,0.0,-0.37,-0.13,10,10
1772047277.076255,4615640,0.2,-0.15,0.11,-170.87,-70.44,72.56,-0.31,0.37,0.25,-0.1,-0.03,0.1,6.44,68.56,81.81,-0.06,-0.69,0.0,10,10
1772047277.267167,4615831,0.24,-0.12,0.09,-170.81,-70.37,72.5,-0.31,0.31,0.44,-0.04,-0.02,0.1,6.44,68.5,81.81,-0.13,-0.25,0.06,10,11
1772047277.457678,4616021,0.23,-0.13,0.09,-170.81,-70.37,72.5,-0.37,-0.37,0.44,-0.1,0.0,0.11,6.44,68.5,81.81,-0.19,0.19,-0.19,11,11
1772047277.649652,4616213,0.25,-0.08,0.11,-170.5,-70.31,72.19,-0.19,0.75,-0.56,-0.08,0.03,0.03,6.44,68.44,81.81,-0.62,-0.25,-0.25,11,11
1772047277.841901,4616405,0.26,-0.06,0.1,-170.37,-70.31,72.06,-0.25,0.5,-0.06,-0.09,-0.02,0.07,6.44,68.44,81.81,0.06,-0.19,-0.37,11,11
1772047278.033978,4616598,0.29,-0.04,0.07,-170.37,-70.31,72.12,-0.13,-1.19,-0.31,-0.06,-0.01,0.11,6.56,68.44,81.81,0.0,0.5,0.81,11,11
1772047278.226364,4616790,0.26,-0.15,0.13,-170.44,-70.5,72.31,-0.37,-0.19,-0.56,-0.02,-0.08,0.11,6.56,68.44,81.75,0.13,-0.06,-0.06,11,11
1772047278.418474,4616982,0.28,-0.08,0.07,-170.37,-70.5,72.31,-1.25,1.0,-0.19,-0.09,-0.03,0.11,6.62,68.37,81.75,0.13,0.56,0.62,11,11
1772047278.610485,4617174,0.23,-0.15,0.08,-170.56,-70.5,72.44,0.13,0.19,-0.31,-0.07,-0.04,0.12,6.62,68.37,81.69,0.13,-0.13,0.37,11,11
1772047278.801916,4617365,0.22,-0.14,0.11,-170.56,-70.5,72.44,0.0,-0.06,0.06,-0.14,-0.01,0.08,6.62,68.37,81.69,0.13,-0.69,-0.37,11,11
1772047278.993082,4617557,0.25,-0.13,0.13,-170.56,-70.44,72.44,-0.5,0.13,0.62,-0.1,-0.02,0.05,6.5,68.44,81.75,-0.13,-1.37,-0.62,11,11
1772047279.185283,4617749,0.22,-0.15,0.07,-170.5,-70.44,72.37,0.56,0.37,-0.31,-0.12,-0.01,0.05,6.5,68.56,81.81,-0.37,-1.31,-0.56,11,11
1772047279.375857,4617939,0.25,-0.17,0.09,-170.5,-70.44,72.37,-0.19,-0.5,-0.06,-0.11,0.0,0.1,6.56,68.62,81.81,-0.13,0.0,-0.31,11,11
1772047279.566118,4618130,0.23,-0.12,0.08,-170.31,-70.5,72.25,-0.44,-0.31,-0.31,-0.06,0.0,0.1,6.5,68.69,81.81,-0.31,-0.31,-0.62,11,11
1772047279.757321,4618321,0.29,-0.09,0.1,-170.06,-70.44,72.0,-0.69,0.69,-0.06,-0.07,-0.02,0.13,6.44,68.62,81.81,-0.25,0.31,0.06,11,12
1772047279.94872,4618512,0.26,-0.14,0.09,-170.06,-70.44,72.0,-0.25,-0.31,-0.19,-0.08,-0.01,0.06,6.44,68.69,81.81,0.0,-0.69,-0.31,12,12
1772047280.140577,4618704,0.25,-0.14,0.1,-170.0,-70.5,72.0,0.0,-0.13,-0.13,-0.02,-0.05,0.15,6.5,68.62,81.81,0.44,-0.25,0.5,11,12
1772047280.332213,4618896,0.25,-0.13,0.06,-170.19,-70.5,72.19,-0.5,0.06,0.13,-0.06,-0.02,0.1,6.5,68.56,81.75,0.06,0.94,0.5,11,12
1772047280.522409,4619086,0.23,-0.15,0.09,-170.25,-70.5,72.19,0.13,0.25,-0.25,-0.07,0.0,0.09,6.56,68.5,81.75,0.0,0.19,0.37,11,12
1772047280.715373,4619279,0.21,-0.15,0.11,-170.25,-70.5,72.19,-0.13,-0.19,0.37,-0.14,0.0,0.12,6.56,68.5,81.75,0.06,-0.37,-0.37,11,12
1772047280.908216,4619472,0.26,-0.16,0.12,-170.25,-70.5,72.25,0.13,-0.13,0.81,-0.09,-0.01,0.09,6.5,68.56,81.81,-0.19,-0.62,-0.06,11,12
1772047281.098855,4619663,0.25,-0.17,0.09,-170.12,-70.5,72.12,0.56,-0.06,0.0,-0.1,-0.03,0.12,6.5,68.56,81.81,0.0,-0.19,0.25,11,12
1772047281.291056,4619855,0.24,-0.17,0.12,-170.12,-70.5,72.12,0.0,-0.13,0.25,-0.11,-0.01,0.1,6.5,68.56,81.81,-0.06,-0.44,-0.25,11,12
1772047281.482033,4620046,0.27,-0.12,0.06,-170.12,-70.44,72.12,0.56,-0.62,-0.62,-0.15,0.0,0.13,6.37,68.69,81.81,-0.19,-0.37,-0.31,11,12
1772047281.673187,4620237,0.25,-0.11,0.09,-170.12,-70.5,72.12,-0.19,0.19,-0.06,-0.12,-0.03,0.09,6.44,68.75,81.81,-0.06,-0.5,-0.25,11,12
1772047281.863994,4620428,0.22,-0.17,0.1,-170.19,-70.5,72.19,0.13,-0.44,-0.13,-0.09,0.02,0.07,6.37,68.81,81.81,-0.13,-0.31,-0.25,11,12
1772047282.05468,4620618,0.42,-0.14,0.08,-169.94,-70.5,71.94,-0.81,-0.13,0.75,-0.05,-0.03,0.13,6.37,68.81,81.87,-0.19,0.13,-0.13,11,12
1772047282.245367,4620809,0.28,-0.11,0.06,-170.12,-70.5,72.0,-1.37,1.44,0.37,-0.05,-0.06,0.14,6.31,68.75,81.87,0.0,0.88,0.13,11,12
1772047282.436067,4621000,0.25,-0.14,0.1,-170.31,-70.44,72.06,-0.19,-0.5,-0.06,-0.06,0.0,0.13,6.31,68.81,81.87,0.31,0.0,0.13,10,12
1772047282.626823,4621191,0.21,-0.14,0.1,-170.5,-70.5,72.19,-0.25,-0.56,0.37,-0.06,0.0,0.12,6.31,68.75,81.87,0.13,-0.37,-0.06,11,12
1772047282.817301,4621381,0.22,-0.15,0.13,-170.62,-70.56,72.31,0.69,-0.94,0.56,-0.1,-0.01,0.14,6.31,68.69,81.87,-0.13,0.81,0.5,11,12
1772047283.008103,4621572,0.23,-0.14,0.1,-170.69,-70.56,72.31,0.94,0.06,-0.19,-0.1,-0.02,0.11,6.31,68.62,81.87,-0.62,0.25,-0.13,11,12
1772047283.199147,4621763,0.21,-0.09,0.12,-170.81,-70.56,72.37,-0.5,-0.31,-0.44,-0.1,-0.02,0.13,6.31,68.62,81.87,-0.25,0.0,0.06,11,12
1772047283.389681,4621953,0.22,-0.06,0.02,-170.81,-70.56,72.37,-0.56,1.44,-0.25,-0.09,-0.04,0.07,6.25,68.62,81.87,-0.06,-1.19,-0.5,11,12
1772047283.580566,4622144,0.23,-0.09,0.07,-170.87,-70.5,72.37,-0.5,-0.5,-0.44,-0.08,-0.09,0.2,6.25,68.62,81.87,-0.06,0.19,-0.06,11,12
1772047283.77127,4622335,0.26,-0.12,0.07,-170.87,-70.5,72.37,-0.13,-0.06,-0.31,-0.08,-0.01,0.08,6.19,68.69,81.94,-0.37,-0.81,-0.25,10,11
1772047283.961826,4622525,0.19,-0.13,0.16,-170.87,-70.5,72.37,-0.31,0.19,0.44,-0.13,-0.01,0.01,6.25,68.62,81.94,-0.19,-0.81,-0.44,11,11
1772047284.152639,4622716,0.24,-0.14,0.13,-170.94,-70.44,72.37,0.5,-0.06,0.62,-0.06,-0.01,0.07,6.25,68.62,81.94,-0.31,-0.13,0.0,10,11
1772047284.342856,4622907,0.19,-0.15,0.1,-170.81,-70.44,72.25,0.31,0.37,0.37,-0.08,-0.05,0.1,6.25,68.62,81.87,0.13,0.19,0.13,11,11
1772047284.53357,4623098,0.26,-0.14,0.07,-170.69,-70.44,72.25,-0.94,-0.62,0.88,-0.1,0.0,0.02,6.25,68.62,81.87,0.25,0.88,0.5,10,11
1772047284.724355,4623288,0.26,-0.13,0.09,-170.62,-70.5,72.19,0.69,1.06,-0.88,-0.03,-0.01,0.06,6.37,68.5,81.87,0.0,-1.12,0.0,11,12
1772047284.915117,4623479,0.24,-0.09,0.11,-170.87,-70.5,72.44,-0.37,-0.31,0.19,-0.07,-0.05,0.09,6.37,68.44,81.87,0.06,1.0,0.37,11,11
1772047285.106082,4623670,0.25,-0.11,0.11,-170.87,-70.5,72.44,-0.13,-0.06,0.0,-0.08,-0.01,0.04,6.37,68.37,81.81,-0.06,0.25,0.19,11,11
1772047285.296664,4623860,0.19,-0.13,0.12,-170.87,-70.5,72.44,-0.25,0.44,0.0,-0.1,0.0,0.12,6.37,68.31,81.81,0.06,-0.19,-0.13,11,11
1772047285.487677,4624051,0.24,-0.16,0.09,-171.0,-70.37,72.5,-0.31,-0.75,0.69,-0.11,-0.02,0.1,6.31,68.44,81.87,-0.13,-0.75,-0.06,10,11
1772047285.678233,4624242,0.23,-0.15,0.13,-170.87,-70.37,72.37,0.75,0.0,-0.44,-0.08,-0.02,0.07,6.31,68.5,81.87,-0.19,-1.12,-0.5,12,12
1772047285.86881,4624433,0.18,-0.14,0.12,-171.0,-70.44,72.44,0.19,-0.37,-0.56,-0.09,0.01,0.06,6.31,68.62,81.87,-0.19,-0.69,-0.56,11,11
1772047286.059868,4624624,0.36,-0.1,0.05,-170.81,-70.37,72.25,-0.69,-0.19,0.19,-0.09,0.0,0.07,6.31,68.69,81.87,-0.44,-1.25,-0.56,12,12
1772047286.250364,4624814,0.22,-0.11,0.12,-170.81,-70.37,72.19,-1.19,0.19,-0.5,-0.06,-0.07,0.11,6.31,68.69,81.87,-0.25,0.44,0.44,11,12
1772047286.441374,4625005,0.25,-0.13,0.11,-170.75,-70.37,72.12,-1.25,-0.13,-0.06,-0.07,-0.04,0.11,6.31,68.69,81.87,0.06,-0.13,0.19,12,11
1772047286.631705,4625196,0.23,-0.12,0.11,-170.62,-70.37,72.0,-0.75,0.44,0.31,-0.03,-0.05,0.07,6.31,68.69,81.87,0.81,0.31,0.19,11,10
1772047286.822026,4625386,0.23,-0.14,0.14,-170.5,-70.44,72.0,0.94,-1.56,0.94,-0.1,-0.03,0.05,6.37,68.69,81.81,-0.13,0.0,0.44,11,10
1772047287.013097,4625577,0.22,-0.18,0.11,-170.5,-70.56,72.06,0.75,-0.19,0.13,-0.08,-0.05,0.1,6.44,68.69,81.81,0.13,0.62,0.56,11,11
1772047287.204259,4625768,0.21,-0.16,0.16,-170.5,-70.62,72.12,-0.06,-0.56,0.19,-0.09,-0.02,0.14,6.44,68.62,81.81,-0.25,0.19,-0.37,11,11
1772047287.394904,4625959,0.3,-0.04,0.08,-170.37,-70.5,72.0,0.0,0.5,-0.81,-0.07,0.0,0.13,6.5,68.56,81.81,0.06,0.94,0.25,11,11
1772047287.585798,4626149,0.17,-0.15,0.11,-170.44,-70.5,72.0,-0.06,0.75,-0.19,-0.09,-0.05,0.14,6.44,68.56,81.81,-0.13,0.25,-0.25,10,11
1772047287.776425,4626340,0.23,-0.17,0.1,-170.56,-70.44,72.12,0.37,-0.19,-0.44,-0.08,-0.01,0.08,6.44,68.56,81.81,0.0,-0.75,-0.44,11,11
1772047287.967337,4626531,0.23,-0.15,0.12,-170.56,-70.44,72.12,-0.13,0.62,0.0,-0.1,-0.04,0.09,6.31,68.69,81.87,-0.31,-1.87,-0.81,10,11
1772047288.157925,4626722,0.22,-0.14,0.12,-170.56,-70.44,72.12,-0.31,0.06,0.13,-0.09,0.0,0.09,6.31,68.81,81.87,-0.37,-0.44,-0.13,11,11
1772047288.34884,4626912,0.27,-0.15,0.08,-170.62,-70.44,72.12,-0.19,0.25,-0.25,-0.07,-0.01,0.08,6.31,68.81,81.87,0.0,-0.19,-0.06,10,12
1772047288.539397,4627103,0.18,-0.18,0.12,-170.56,-70.5,72.12,-0.31,0.0,0.19,-0.08,0.02,0.1,6.31,68.81,81.87,-0.19,-0.56,-0.13,11,12
1772047288.730107,4627294,0.26,-0.2,0.1,-170.75,-70.44,72.19,-0.31,-0.25,1.12,-0.08,-0.02,0.11,6.25,68.87,81.87,-0.19,0.13,0.25,10,12
1772047288.920856,4627485,0.24,-0.17,0.14,-170.56,-70.5,72.0,0.94,0.25,0.06,-0.1,-0.02,0.11,6.25,68.87,81.87,-0.31,-0.19,0.0,10,12
1772047289.111283,4627675,0.25,-0.14,0.08,-170.75,-70.5,72.12,0.44,-0.62,0.06,-0.06,0.0,0.11,6.25,68.87,81.87,-0.13,0.75,0.25,11,11
1772047289.302095,4627866,0.33,-0.05,0.04,-170.81,-70.56,72.25,0.44,0.37,-0.56,-0.07,0.0,0.08,6.31,68.75,81.87,0.37,1.25,0.31,10,11
1772047289.493123,4628057,0.13,-0.11,0.11,-171.06,-70.69,72.44,-0.81,0.19,-0.19,-0.1,-0.04,0.13,6.37,68.62,81.81,0.13,0.44,0.25,11,12
1772047289.683594,4628248,0.25,-0.13,0.09,-171.19,-70.62,72.44,0.62,0.13,-0.5,-0.06,-0.02,0.06,6.37,68.5,81.81,0.06,0.13,0.19,10,12
1772047289.874571,4628438,0.29,-0.1,0.08,-171.25,-70.62,72.5,-0.56,0.69,-0.06,-0.03,-0.04,0.09,6.37,68.44,81.81,0.31,-0.81,-0.19,11,12
1772047290.065225,4628629,0.29,-0.1,0.05,-171.25,-70.62,72.5,-0.81,0.5,0.62,-0.07,-0.02,0.11,6.37,68.44,81.81,0.06,-0.5,-0.25,11,12
1772047290.256244,4628820,0.23,-0.13,0.11,-171.25,-70.62,72.5,0.88,0.0,-0.69,-0.1,-0.01,0.06,6.37,68.5,81.81,-0.06,-0.88,-0.19,11,11
1772047290.446853,4629011,0.19,-0.12,0.12,-171.44,-70.62,72.56,-0.06,-0.31,0.25,-0.1,-0.02,0.02,6.37,68.56,81.81,-0.13,-0.75,-0.13,10,11
1772047290.637489,4629201,0.21,-0.14,0.13,-171.44,-70.62,72.56,-0.25,0.0,0.88,-0.07,0.0,0.02,6.37,68.62,81.81,-0.13,-0.56,-0.25,11,11
1772047290.828312,4629392,0.24,-0.13,0.07,-171.12,-70.62,72.31,0.0,0.62,0.44,-0.08,-0.04,0.09,6.37,68.62,81.81,-0.5,-0.31,0.19,11,11
1772047291.019009,4629583,0.23,-0.15,0.1,-171.19,-70.56,72.31,-0.25,-0.31,0.25,-0.06,-0.03,0.08,6.37,68.62,81.81,0.0,0.44,0.06,11,11
1772047291.210056,4629774,0.23,-0.13,0.08,-171.06,-70.56,72.19,0.94,-0.5,-0.5,-0.09,0.03,0.07,6.37,68.69,81.81,-0.13,-0.31,-0.37,11,12
1772047291.400179,4629964,0.24,-0.08,0.11,-170.94,-70.62,72.19,0.31,0.06,0.19,-0.09,-0.01,0.08,6.44,68.62,81.81,0.06,0.56,0.25,11,11
1772047291.591207,4630155,0.25,-0.08,0.11,-171.0,-70.62,72.25,-0.13,-0.25,-0.37,-0.06,-0.01,0.05,6.56,68.5,81.75,-0.06,0.31,0.25,11,11
1772047291.78221,4630346,0.28,-0.14,0.12,-171.06,-70.69,72.37,0.13,0.88,-0.25,-0.03,-0.02,0.08,6.56,68.5,81.75,-0.13,-0.69,-0.06,11,11
1772047291.972611,4630537,0.24,-0.12,0.07,-171.06,-70.62,72.44,-0.37,0.06,0.62,-0.07,-0.03,0.11,6.56,68.5,81.75,-0.06,0.81,0.44,12,11
1772047292.163703,4630728,0.23,-0.14,0.09,-171.12,-70.62,72.44,0.25,-0.06,-0.19,-0.09,-0.03,0.1,6.56,68.5,81.75,0.19,-0.44,-0.25,11,12
1772047292.354058,4630918,0.22,-0.13,0.08,-171.06,-70.62,72.44,-1.12,0.44,0.37,-0.1,0.0,0.03,6.44,68.56,81.75,0.31,-1.5,-0.56,12,12
1772047292.545127,4631109,0.24,-0.12,0.12,-171.12,-70.62,72.44,-0.13,-0.56,0.5,-0.08,-0.01,0.11,6.44,68.69,81.81,-0.06,-0.75,0.13,11,12
1772047292.736051,4631300,0.22,-0.18,0.08,-171.19,-70.62,72.5,1.0,0.0,-0.19,-0.07,-0.01,0.1,6.44,68.75,81.81,-0.19,-0.25,-0.37,11,12
1772047292.926535,4631490,0.25,-0.15,0.1,-171.25,-70.62,72.5,-0.56,-0.19,0.69,-0.11,0.0,0.1,6.44,68.75,81.81,-0.13,-0.19,-0.31,11,12
1772047293.117316,4631681,0.22,-0.14,0.07,-171.12,-70.62,72.37,0.25,0.31,-0.5,-0.08,0.04,0.09,6.44,68.81,81.81,-0.25,0.06,-0.31,11,12
1772047293.308242,4631872,0.18,-0.11,0.06,-170.87,-70.62,72.19,-0.44,-0.5,-0.19,-0.08,0.0,0.1,6.44,68.81,81.81,-0.13,-0.06,-0.06,11,12
1772047293.498588,4632063,0.27,-0.14,0.1,-170.94,-70.56,72.19,-0.44,-0.37,0.06,-0.03,-0.01,0.08,6.44,68.81,81.81,0.25,0.19,0.06,10,11
1772047293.689507,4632253,0.23,-0.13,0.1,-170.62,-70.56,72.12,-0.56,0.25,0.5,-0.07,-0.04,0.09,6.44,68.81,81.81,0.06,-0.81,-0.37,11,12
1772047293.880072,4632444,0.26,-0.14,0.07,-170.62,-70.56,72.12,-0.31,0.0,0.31,-0.06,0.0,0.1,6.44,68.81,81.81,0.25,0.5,0.31,10,12
1772047294.071073,4632635,0.26,-0.15,0.11,-170.69,-70.62,72.19,0.06,-0.13,-0.25,-0.06,-0.03,0.12,6.44,68.81,81.81,0.06,0.44,0.56,11,12
1772047294.261596,4632826,0.16,-0.17,0.14,-170.69,-70.69,72.19,0.13,-0.44,0.44,-0.1,0.05,0.09,6.44,68.75,81.81,0.25,0.13,-0.25,10,12
1772047294.452138,4633016,0.26,-0.1,0.12,-170.62,-70.62,72.12,-0.13,0.19,0.56,-0.08,0.0,0.12,6.44,68.69,81.75,-0.13,0.31,0.31,11,12
1772047294.643224,4633207,0.22,-0.16,0.09,-170.69,-70.62,72.19,0.56,0.31,0.13,-0.09,-0.03,0.12,6.44,68.69,81.75,-0.37,0.25,0.37,11,12
1772047294.833644,4633398,0.25,-0.21,0.09,-170.94,-70.62,72.31,0.62,0.13,-0.06,-0.06,0.0,0.07,6.44,68.69,81.75,0.06,0.06,-0.06,11,12
1772047295.024456,4633589,0.28,-0.11,0.07,-170.87,-70.56,72.25,0.19,0.69,0.0,-0.07,0.04,0.13,6.31,68.81,81.81,0.13,0.06,-0.44,11,12
1772047295.215787,4633779,0.17,-0.13,0.04,-170.81,-70.56,72.12,-0.06,-0.19,-0.37,-0.07,-0.02,0.15,6.31,68.87,81.81,-0.19,-0.37,-0.19,11,12
1772047295.406193,4633970,0.23,-0.14,0.11,-170.87,-70.56,72.19,-0.5,-0.5,-0.56,-0.07,-0.02,0.1,6.31,68.87,81.81,0.13,0.19,0.06,11,12
1772047295.596949,4634161,0.21,-0.15,0.11,-170.87,-70.56,72.19,-0.56,0.69,-0.13,-0.08,-0.08,0.08,6.31,68.87,81.81,0.06,-0.62,-0.44,10,11
1772047295.787657,4634352,0.26,-0.16,0.08,-170.75,-70.5,72.12,-1.25,0.88,1.31,-0.09,-0.02,0.1,6.25,68.94,81.87,0.06,-0.25,0.31,11,12
1772047295.978459,4634543,0.26,-0.18,0.06,-170.56,-70.5,71.94,0.81,-0.13,0.06,-0.07,-0.01,0.12,6.25,68.94,81.87,0.31,0.75,0.81,10,11
1772047296.169185,4634733,0.21,-0.19,0.12,-170.62,-70.56,72.06,0.5,-0.5,0.13,-0.07,-0.05,0.12,6.37,68.87,81.81,0.19,0.75,0.44,11,11
1772047296.359653,4634924,0.2,-0.21,0.14,-170.62,-70.56,72.06,0.94,-0.5,-0.25,-0.14,0.0,0.12,6.37,68.81,81.81,0.19,1.37,0.5,10,11
1772047296.550708,4635115,0.24,-0.13,0.11,-170.44,-70.56,71.94,0.31,0.25,0.13,-0.08,-0.02,0.16,6.37,68.75,81.81,-0.13,0.13,-0.06,11,11
1772047296.741445,4635306,0.23,-0.18,0.11,-170.44,-70.56,71.94,0.62,0.19,-0.06,-0.11,-0.02,0.11,6.37,68.75,81.81,-0.06,-0.19,0.0,10,11
1772047296.932153,4635496,0.22,-0.14,0.03,-170.44,-70.56,72.0,-0.31,0.44,0.0,-0.09,0.0,0.13,6.31,68.81,81.81,0.44,0.13,-0.13,11,11
1772047297.122765,4635687,0.22,-0.16,0.09,-170.37,-70.56,71.87,0.13,0.0,0.13,-0.1,-0.03,0.17,6.25,68.87,81.87,-0.25,-0.19,0.19,11,11
1772047297.313747,4635878,0.22,-0.16,0.11,-170.37,-70.56,71.87,0.62,-0.31,-0.5,-0.06,-0.01,0.13,6.25,68.87,81.81,-0.06,0.13,0.0,10,11
1772047297.50458,4636069,0.23,-0.18,0.13,-170.44,-70.56,71.94,-0.37,0.44,-0.13,-0.1,-0.05,0.06,6.31,68.81,81.81,-0.31,-1.31,-0.56,11,11
1772047297.69484,4636259,0.22,-0.16,0.14,-170.5,-70.56,71.94,-1.31,0.37,0.88,-0.07,-0.03,0.07,6.31,68.81,81.81,0.44,-0.25,0.0,10,11
1772047297.885835,4636450,0.24,-0.12,0.07,-170.5,-70.56,71.87,-0.25,0.06,0.44,-0.08,-0.02,0.1,6.31,68.81,81.81,-0.06,0.0,0.31,11,11
1772047298.076517,4636641,0.22,-0.17,0.12,-170.75,-70.56,72.0,0.13,-0.44,0.31,-0.04,-0.03,0.11,6.31,68.75,81.81,-0.19,-0.25,0.06,10,11
1772047298.26709,4636831,0.23,-0.15,0.07,-171.0,-70.62,72.12,0.81,-0.69,0.37,-0.08,-0.02,0.11,6.31,68.75,81.81,0.19,0.81,0.56,11,11
1772047298.457745,4637022,0.17,-0.17,0.08,-171.12,-70.69,72.25,1.19,0.19,0.0,-0.07,0.0,0.04,6.31,68.69,81.81,-0.13,0.56,0.19,11,11
1772047298.648734,4637213,0.21,-0.12,0.11,-171.19,-70.69,72.31,1.31,-1.0,-0.25,-0.08,0.0,0.11,6.44,68.62,81.75,-0.06,0.37,0.13,12,12
1772047298.839517,4637404,0.24,-0.11,0.02,-171.25,-70.69,72.37,0.19,0.69,0.06,-0.12,0.04,0.0,6.44,68.62,81.75,0.0,-0.62,-0.44,11,11
1772047299.030391,4637594,0.24,-0.09,0.13,-171.25,-70.69,72.44,-0.69,-0.19,-0.06,-0.1,-0.03,0.11,6.44,68.56,81.75,-0.19,0.44,0.06,11,11
1772047299.221169,4637785,0.27,-0.11,0.08,-171.25,-70.62,72.37,-0.19,0.25,-0.37,-0.09,-0.01,0.08,6.44,68.62,81.75,-0.13,-0.75,-0.31,13,11
1772047299.411665,4637976,0.18,-0.1,0.11,-171.25,-70.69,72.44,-0.13,0.06,0.0,-0.01,-0.05,0.22,6.44,68.69,81.75,0.37,0.13,-0.06,13,11
1772047299.602515,4638167,0.17,-0.14,0.17,-171.31,-70.69,72.44,-0.25,-0.69,0.25,-0.08,-0.02,0.04,6.37,68.81,81.81,-0.25,-1.0,-0.25,13,11
1772047299.793242,4638357,0.24,-0.13,0.12,-171.31,-70.75,72.44,-0.19,0.31,0.44,-0.12,-0.07,0.1,6.37,68.87,81.81,0.5,-0.25,-0.25,12,11
1772047299.983856,4638548,0.29,-0.12,0.1,-171.06,-70.69,72.31,-2.19,-0.37,1.0,-0.06,0.0,0.1,6.31,68.87,81.81,-0.06,-0.06,0.13,13,11
1772047300.174616,4638739,0.17,-0.2,0.12,-171.06,-70.75,72.25,0.81,-0.06,-1.19,-0.12,0.01,0.02,6.31,68.94,81.81,-0.37,-0.44,-0.13,12,11
1772047300.365235,4638930,0.28,-0.1,0.09,-171.19,-70.75,72.31,0.25,0.31,-0.13,-0.06,-0.04,0.13,6.31,68.94,81.81,0.0,0.44,0.19,13,11
1772047300.556231,4639120,0.23,-0.14,0.09,-171.25,-70.75,72.37,-0.19,-0.69,0.25,-0.08,-0.01,0.12,6.31,68.87,81.81,-0.19,0.62,0.13,11,10
1772047300.747168,4639311,0.27,-0.11,0.1,-171.19,-70.75,72.37,-0.31,0.56,-0.25,-0.06,-0.05,0.09,6.37,68.81,81.81,0.0,-0.5,-0.13,12,11
1772047300.937457,4639502,0.24,-0.11,0.12,-171.31,-70.75,72.5,-0.88,0.69,0.06,-0.04,-0.03,0.09,6.37,68.81,81.81,0.31,0.69,0.37,12,11
1772047301.128062,4639692,0.24,-0.15,0.09,-171.37,-70.75,72.5,0.13,0.0,-0.13,-0.07,-0.05,0.1,6.31,68.75,81.81,0.0,0.0,0.31,11,11
1772047301.319194,4639883,0.19,-0.16,0.13,-171.31,-70.75,72.5,-0.19,-0.13,-0.06,-0.08,-0.01,0.16,6.31,68.75,81.81,0.06,0.25,-0.31,11,11
1772047301.509641,4640074,0.25,-0.14,0.09,-171.25,-70.62,72.31,0.56,-0.81,-0.44,-0.12,-0.02,0.16,6.31,68.81,81.81,-0.19,-0.25,0.06,11,11
1772047301.700545,4640265,0.27,-0.11,0.07,-171.25,-70.62,72.37,0.37,0.19,-0.13,-0.08,0.0,0.08,6.31,68.87,81.81,-0.25,-0.94,-0.62,11,11
1772047301.8913,4640455,0.19,-0.16,0.09,-171.25,-70.69,72.37,0.13,-1.0,-0.25,-0.08,-0.03,0.09,6.31,69.0,81.81,0.25,-0.25,-0.13,10,11
1772047302.081844,4640646,0.26,-0.14,0.1,-171.19,-70.75,72.31,-0.94,0.56,0.37,-0.06,-0.06,0.05,6.25,69.06,81.81,0.06,-0.37,0.0,11,11
1772047302.272535,4640837,0.23,-0.14,0.09,-171.06,-70.75,72.25,-1.12,0.69,0.37,-0.05,-0.01,0.13,6.25,69.06,81.81,-0.13,0.19,0.13,10,11
1772047302.463431,4641028,0.24,-0.13,0.05,-171.06,-70.75,72.25,-0.37,-0.19,-0.06,-0.07,-0.04,0.1,6.25,69.06,81.81,0.0,-0.25,0.25,12,12
1772047302.653981,4641218,0.2,-0.15,0.12,-171.0,-70.81,72.25,0.0,-0.56,0.13,-0.13,-0.04,0.12,6.25,69.06,81.81,0.44,0.88,0.06,10,11
1772047302.844596,4641409,0.28,-0.11,0.06,-171.0,-70.81,72.25,0.06,0.13,-0.25,-0.08,-0.02,0.14,6.25,69.0,81.81,0.19,1.19,0.62,11,11
1772047303.035618,4641600,0.16,-0.15,0.1,-171.0,-70.81,72.25,-0.06,0.44,-0.25,-0.1,-0.05,0.1,6.31,68.87,81.81,0.13,-0.25,-0.13,10,11
1772047303.226341,4641791,0.25,-0.14,0.09,-171.0,-70.81,72.25,0.5,-0.69,-0.31,-0.1,-0.04,0.13,6.31,68.87,81.81,0.13,0.37,-0.06,11,11
1772047303.416975,4641981,0.22,-0.16,0.09,-171.0,-70.87,72.31,-0.5,0.44,0.5,-0.08,-0.04,0.2,6.31,68.81,81.81,-0.19,-0.56,-0.37,11,11
1772047303.607989,4642172,0.21,-0.16,0.09,-171.0,-70.87,72.31,-0.5,-1.19,0.31,-0.1,-0.05,0.16,6.25,68.81,81.81,-0.19,-1.12,-0.37,10,12
1772047303.798448,4642363,0.26,-0.17,0.07,-171.0,-70.87,72.25,0.44,-0.37,-0.13,-0.1,0.0,0.09,6.31,68.81,81.81,-0.19,-1.31,-0.44,11,12
1772047303.989238,4642553,0.22,-0.16,0.15,-171.06,-70.94,72.25,0.62,-0.69,-0.44,-0.05,0.0,0.07,6.37,68.81,81.75,-0.13,-0.5,-0.25,10,11
1772047304.18009,4642744,0.24,-0.17,0.09,-171.0,-70.87,72.19,-0.62,1.44,0.37,-0.03,-0.06,0.08,6.25,68.81,81.81,0.25,-0.5,0.25,11,12
1772047304.37041,4642935,0.2,-0.14,0.07,-170.87,-70.81,72.12,0.06,0.44,0.69,-0.08,-0.01,0.08,6.25,68.81,81.81,0.13,0.25,-0.13,10,11
1772047304.561438,4643126,0.26,-0.13,0.07,-170.87,-70.75,72.06,0.0,0.19,0.37,-0.08,-0.03,0.07,6.25,68.81,81.81,-0.06,0.06,0.25,11,11
1772047304.752093,4643316,0.17,-0.16,0.13,-170.81,-70.87,72.12,-0.5,-0.88,0.37,-0.07,-0.03,0.1,6.25,68.81,81.81,0.19,0.69,0.13,10,11
1772047304.942617,4643507,0.25,-0.11,0.06,-170.81,-70.81,72.12,0.19,-0.19,-0.31,-0.08,0.03,0.04,6.25,68.75,81.81,0.19,0.62,0.25,11,11
1772047305.133604,4643698,0.23,-0.16,0.09,-170.81,-70.87,72.12,-0.19,0.19,-0.06,-0.06,-0.05,0.1,6.31,68.69,81.75,-0.06,0.75,0.19,11,11
1772047305.324331,4643889,0.24,-0.15,0.1,-170.81,-70.87,72.12,0.44,-0.31,-0.25,-0.07,-0.03,0.12,6.25,68.69,81.75,0.13,0.44,0.25,11,11
1772047305.515175,4644080,0.19,-0.16,0.08,-170.75,-70.81,72.06,-0.5,1.25,0.88,-0.13,-0.01,0.05,6.25,68.62,81.75,0.0,-0.62,-0.44,11,11
1772047305.706058,4644270,0.33,-0.18,0.1,-170.75,-70.81,72.06,0.62,-0.88,0.62,-0.08,-0.02,0.1,6.19,68.75,81.81,-0.06,-0.62,-0.31,11,11
1772047305.896688,4644461,0.24,-0.21,0.08,-170.81,-70.81,72.12,0.81,0.0,-0.13,-0.09,-0.02,0.0,6.25,68.87,81.81,-0.25,-0.75,-0.13,12,11
1772047306.087573,4644652,0.18,-0.19,0.14,-170.75,-70.87,72.12,-0.19,-0.13,-0.13,-0.07,-0.03,0.1,6.25,68.87,81.81,-0.19,-0.25,-0.13,11,11
1772047306.276903,4644841,0.22,-0.16,0.05,-170.75,-70.81,72.06,-0.81,0.31,0.0,-0.03,-0.04,0.1,6.19,68.94,81.81,0.13,-1.12,-0.44,12,11
1772047306.468619,4645033,0.26,-0.14,0.07,-170.75,-70.81,72.0,-0.75,0.13,-0.31,-0.05,-0.04,0.05,6.19,68.94,81.81,-0.25,0.25,0.13,11,11
1772047306.659353,4645224,0.23,-0.13,0.11,-170.87,-70.87,72.12,-0.06,0.13,-0.5,-0.07,-0.04,0.07,6.25,68.87,81.81,0.13,0.31,0.37,12,12
1772047306.850266,4645415,0.18,-0.14,0.15,-171.25,-70.94,72.31,-0.37,0.25,0.31,-0.06,-0.03,0.09,6.25,68.87,81.81,0.06,-0.06,-0.06,11,11
1772047307.040905,4645605,0.25,-0.16,0.12,-171.5,-70.87,72.44,0.06,-0.19,0.56,-0.07,-0.03,0.1,6.25,68.81,81.81,0.06,0.31,0.25,12,12
1772047307.231623,4645796,0.25,-0.16,0.08,-171.62,-70.87,72.5,0.37,-0.06,0.06,-0.12,-0.02,0.1,6.25,68.81,81.81,-0.25,0.0,0.0,11,11
1772047307.422628,4645987,0.22,-0.13,0.08,-171.75,-70.87,72.56,0.19,-0.31,0.06,-0.07,-0.02,0.09,6.25,68.81,81.75,-0.06,-0.69,-0.44,12,11
1772047307.61324,4646178,0.2,-0.07,0.0,-171.87,-70.94,72.62,-0.37,0.31,-0.13,-0.07,-0.03,0.1,6.19,68.87,81.81,0.25,-1.5,-0.56,11,11
1772047307.803996,4646368,0.23,-0.07,0.07,-171.94,-71.0,72.69,-0.37,-0.06,-0.5,-0.07,-0.05,0.11,6.19,69.0,81.81,-0.25,0.19,0.06,11,12
1772047307.994955,4646559,0.25,-0.1,0.1,-172.0,-71.0,72.69,-0.06,-0.37,-0.06,-0.06,-0.05,0.15,6.19,69.0,81.81,-0.06,0.0,-0.06,11,11
1772047308.18521,4646750,0.23,-0.13,0.11,-172.0,-71.0,72.69,-0.31,0.06,0.44,-0.11,0.0,0.05,6.19,69.0,81.81,0.19,-1.0,-0.56,11,11
1772047308.376264,4646941,0.26,-0.13,0.08,-171.75,-71.0,72.56,-0.75,-0.75,1.56,-0.11,0.0,0.1,6.12,69.0,81.87,-0.31,-0.37,0.13,12,11
1772047308.566729,4647131,0.22,-0.16,0.09,-171.62,-71.0,72.37,1.06,0.56,0.5,-0.08,-0.03,0.11,6.19,69.0,81.87,0.19,0.06,0.37,11,11
1772047308.75771,4647322,0.24,-0.12,0.12,-171.62,-71.0,72.44,1.12,-1.06,0.13,-0.11,-0.01,0.1,6.12,69.0,81.87,-0.25,0.25,0.31,12,11
1772047308.948188,4647513,0.27,-0.06,0.06,-171.69,-71.06,72.56,0.19,-0.37,0.13,-0.09,0.0,0.06,6.19,69.0,81.81,0.31,1.56,0.56,10,11
1772047309.139481,4647704,0.15,-0.08,0.1,-171.56,-71.19,72.56,-0.19,0.25,-0.19,-0.07,-0.07,0.13,6.25,68.94,81.81,0.06,-0.06,-0.13,11,11
1772047309.329916,4647895,0.26,-0.12,0.06,-171.62,-71.12,72.62,0.25,0.06,-0.37,-0.09,-0.09,0.11,6.25,68.87,81.81,0.06,0.31,0.19,10,11
1772047309.521013,4648085,0.25,-0.16,0.08,-171.62,-71.12,72.62,-0.31,0.62,-0.13,-0.05,-0.07,0.11,6.25,68.87,81.81,-0.06,-1.37,-0.44,11,11
1772047309.711377,4648276,0.2,-0.14,0.07,-171.69,-71.12,72.69,-0.62,0.62,0.75,-0.08,-0.03,0.09,6.19,68.87,81.81,0.06,0.0,0.06,11,11
1772047309.902225,4648467,0.26,-0.13,0.07,-171.62,-71.12,72.56,1.25,0.37,-0.19,-0.05,-0.02,0.14,6.25,68.87,81.81,0.25,-0.31,0.0,11,12
1772047310.09291,4648657,0.21,-0.17,0.07,-171.81,-71.12,72.69,0.0,-0.31,0.5,-0.06,-0.01,0.08,6.31,68.87,81.81,0.0,-1.25,-0.62,11,12
1772047310.283893,4648848,0.21,-0.17,0.09,-171.87,-71.12,72.69,-0.19,-0.31,0.69,-0.07,-0.02,0.08,6.31,68.87,81.81,-0.06,0.19,0.06,11,11
1772047310.474339,4649039,0.17,-0.14,0.08,-171.62,-71.06,72.44,0.19,-0.25,0.44,-0.06,-0.03,0.12,6.31,68.81,81.81,0.0,0.37,0.0,11,12
1772047310.665203,4649230,0.26,-0.17,0.09,-171.75,-71.06,72.5,0.5,-0.06,-0.25,-0.08,0.0,0.07,6.31,68.81,81.81,-0.19,0.0,-0.06,11,11
1772047310.856022,4649420,0.23,-0.08,0.13,-171.75,-71.06,72.5,0.75,-0.37,-0.56,-0.06,0.0,0.11,6.37,68.87,81.75,-0.25,0.06,-0.13,12,12
1772047311.046926,4649611,0.23,-0.11,0.09,-171.87,-71.12,72.69,-0.13,-0.62,-0.31,-0.06,-0.03,0.09,6.37,68.75,81.75,0.06,0.13,-0.62,11,11
1772047311.23761,4649802,0.26,-0.03,0.07,-171.81,-71.12,72.56,-0.62,0.44,-0.13,-0.06,0.0,0.06,6.44,68.69,81.69,0.13,0.13,0.13,12,12
1772047311.428653,4649993,0.23,-0.11,0.13,-172.0,-71.12,72.75,-0.25,0.81,-0.19,-0.04,-0.05,0.09,6.44,68.69,81.69,-0.06,-0.94,-0.31,12,12
1772047311.619201,4650184,0.26,-0.1,0.07,-172.25,-71.12,72.87,-0.25,0.31,-0.25,-0.08,-0.06,0.1,6.44,68.62,81.69,-0.25,0.44,0.19,12,12
1772047311.81006,4650374,0.26,-0.12,0.04,-172.44,-71.06,73.0,-0.37,0.75,-0.19,-0.07,-0.03,0.11,6.44,68.69,81.69,0.31,-0.69,-0.5,12,11
1772047312.000709,4650565,0.22,-0.07,0.09,-172.5,-71.06,73.0,-0.37,-0.25,0.0,-0.03,-0.04,0.13,6.44,68.87,81.75,0.44,-0.56,0.0,11,11
1772047312.191831,4650756,0.19,-0.11,0.14,-172.62,-71.12,73.12,0.19,-0.62,0.25,-0.06,-0.01,0.08,6.44,69.0,81.75,-0.13,-0.19,0.13,11,11
1772047312.382607,4650947,0.21,-0.15,0.1,-172.62,-71.12,73.12,0.37,0.56,0.25,-0.06,-0.03,0.1,6.44,69.0,81.75,0.0,0.13,0.19,10,11
1772047312.573758,4651138,0.22,-0.17,0.13,-172.62,-71.12,73.12,-0.31,-0.31,0.25,-0.08,-0.05,0.08,6.44,69.0,81.75,-0.19,-0.13,-0.69,11,11
1772047312.764025,4651328,0.23,-0.07,0.1,-172.19,-71.12,72.81,0.0,-0.31,-0.5,-0.12,0.0,0.08,6.37,69.06,81.75,-0.19,-0.31,-0.19,10,11
1772047312.955063,4651520,0.31,-0.07,0.09,-172.25,-71.12,72.81,0.06,-0.37,0.13,-0.08,-0.05,0.13,6.5,69.0,81.75,-0.31,0.5,0.44,11,11
1772047313.146372,4651711,0.25,-0.16,0.09,-172.44,-71.12,73.0,0.75,-0.56,-0.06,-0.07,-0.04,0.1,6.56,68.94,81.69,0.25,0.81,0.31,10,10
1772047313.337896,4651902,0.21,-0.08,0.11,-172.37,-71.19,73.0,-0.19,0.81,0.37,-0.05,-0.03,0.11,6.56,68.87,81.69,0.25,-0.13,-0.19,11,11
1772047313.530779,4652095,0.24,-0.07,0.09,-172.37,-71.19,73.0,-0.94,0.0,0.5,-0.08,-0.03,0.1,6.5,68.81,81.69,-0.25,0.25,0.06,11,11
1772047313.723746,4652288,0.25,-0.1,0.08,-172.37,-71.12,73.0,-0.06,0.81,-0.69,-0.08,-0.03,0.09,6.5,68.81,81.69,0.13,-0.62,0.0,11,11
1772047313.917311,4652482,0.2,-0.09,0.11,-172.44,-71.19,73.06,-0.19,-0.19,0.06,-0.05,-0.04,0.14,6.44,68.87,81.69,0.37,-0.69,-1.06,11,12
1772047314.108087,4652672,0.26,-0.07,0.1,-172.37,-71.12,72.94,-1.75,-1.19,0.69,-0.1,-0.03,0.12,6.31,69.0,81.81,0.0,-0.88,0.13,11,11
1772047314.29961,4652864,0.19,-0.2,0.11,-172.5,-71.12,73.06,0.94,0.81,-0.31,-0.1,-0.03,0.06,6.31,69.06,81.81,-0.19,-0.44,0.06,11,11
1772047314.490745,4653056,0.19,-0.13,0.12,-172.5,-71.12,73.06,-0.19,-0.69,0.19,-0.09,0.0,0.1,6.31,69.06,81.81,0.06,0.5,0.0,11,11
1772047314.682035,4653247,0.29,-0.04,0.07,-172.44,-71.0,72.87,-0.75,0.5,0.0,-0.06,-0.01,0.1,6.25,69.12,81.81,0.13,0.62,-0.13,11,11
1772047314.872315,4653437,0.16,-0.08,0.13,-171.87,-71.0,72.56,-1.37,-0.56,0.81,-0.08,-0.08,0.13,6.25,69.06,81.81,0.37,0.06,0.0,11,11
1772047315.063649,4653628,0.23,-0.11,0.12,-171.81,-71.06,72.5,0.25,-0.94,-0.25,-0.05,-0.05,0.11,6.31,69.06,81.81,0.06,0.44,0.88,13,12
1772047315.255562,4653820,0.16,-0.08,0.13,-171.56,-71.25,72.44,-0.94,-0.06,0.13,-0.06,-0.06,0.13,6.37,69.06,81.75,0.19,0.13,-0.13,13,12
1772047315.44847,4654013,0.2,-0.16,0.17,-171.69,-71.25,72.5,-0.13,0.0,0.25,-0.1,-0.05,0.18,6.31,69.0,81.75,-0.06,0.56,0.19,13,12
1772047315.64178,4654206,0.25,-0.11,0.08,-171.69,-71.19,72.5,0.0,0.31,-0.37,-0.08,-0.03,0.08,6.31,68.94,81.75,-0.06,0.0,0.19,13,12
1772047315.834732,4654399,0.19,-0.12,0.15,-171.75,-71.19,72.56,0.13,-0.25,-0.06,-0.12,-0.09,0.14,6.31,68.94,81.75,0.13,0.06,0.06,13,11
1772047316.02627,4654591,0.24,-0.19,0.09,-171.75,-71.06,72.5,0.31,-0.5,-0.13,-0.14,0.0,0.12,6.25,69.0,81.81,0.31,-0.25,-0.13,12,11
1772047316.217882,4654782,0.24,-0.09,0.12,-171.69,-71.12,72.44,0.62,0.0,-0.13,-0.06,-0.01,0.08,6.25,68.94,81.81,-0.13,-0.44,-0.19,12,11
1772047316.409674,4654974,0.2,-0.15,0.15,-171.69,-71.12,72.44,0.37,-0.94,-0.31,-0.07,-0.03,0.09,6.31,68.94,81.81,-0.25,-0.5,-0.25,13,12
1772047316.602286,4655167,0.21,-0.12,0.08,-171.69,-71.12,72.44,-0.19,0.69,-0.31,-0.09,-0.01,0.0,6.37,68.94,81.81,-0.19,-2.0,-0.94,12,12
1772047316.7915,4655356,0.28,-0.13,0.12,-172.0,-71.12,72.56,-1.44,0.56,1.06,-0.09,-0.06,0.08,6.31,68.94,81.81,-0.13,0.13,0.25,12,11
1772047316.981284,4655546,0.22,-0.13,0.11,-171.94,-71.19,72.44,0.31,0.19,-0.44,-0.03,-0.02,0.06,6.31,68.87,81.81,-0.06,0.0,0.25,11,11
1772047317.172677,4655737,0.18,-0.09,0.11,-172.06,-71.25,72.56,0.31,-0.69,0.37,-0.04,-0.09,0.12,6.37,68.87,81.75,0.56,1.69,1.0,11,11
1772047317.364853,4655930,0.21,-0.15,0.12,-172.31,-71.31,72.75,0.62,-0.44,0.75,-0.05,-0.01,0.05,6.37,68.81,81.75,0.0,0.37,0.31,11,11
1772047317.557727,4656123,0.19,-0.08,0.11,-172.44,-71.31,72.75,-0.06,0.13,0.37,-0.08,-0.02,0.07,6.37,68.75,81.75,0.0,0.56,0.44,11,11
1772047317.750754,4656316,0.21,-0.11,0.12,-172.56,-71.31,72.81,0.19,-0.19,0.19,-0.07,-0.06,0.09,6.37,68.69,81.75,0.13,0.94,0.31,11,11
1772047317.943253,4656508,0.2,-0.17,0.09,-172.56,-71.31,72.81,0.0,-0.37,-0.06,-0.13,-0.05,0.13,6.31,68.69,81.75,0.19,0.5,0.13,11,11
1772047318.134928,4656699,0.24,-0.11,0.09,-172.56,-71.25,72.81,0.62,-0.13,-0.13,-0.08,-0.05,0.1,6.31,68.75,81.75,0.06,-0.69,-0.44,11,11
1772047318.326827,4656891,0.24,-0.1,0.07,-172.56,-71.25,72.81,-0.56,-0.13,0.31,-0.08,0.0,0.08,6.37,68.81,81.75,0.13,-0.88,-0.37,11,11
1772047318.519269,4657084,0.26,-0.06,0.11,-172.5,-71.31,72.81,0.13,0.5,-0.19,-0.03,-0.01,0.05,6.31,69.0,81.81,0.06,0.0,-0.19,11,11
1772047318.711494,4657276,0.18,-0.1,0.1,-172.56,-71.31,72.81,-0.19,0.0,-0.31,-0.07,-0.02,0.1,6.31,69.0,81.81,-0.06,-0.19,0.06,11,11
1772047318.903753,4657468,0.25,-0.1,0.1,-172.56,-71.31,72.75,-0.25,0.25,0.19,-0.04,-0.01,0.06,6.31,69.0,81.81,0.0,0.19,-0.13,11,11
1772047319.095756,4657661,0.27,-0.08,0.13,-172.44,-71.31,72.69,-0.31,0.37,0.06,-0.04,-0.07,0.11,6.31,69.0,81.81,0.37,0.06,0.44,10,11
1772047319.28839,4657853,0.24,-0.07,0.07,-172.5,-71.37,72.81,-0.44,0.5,-0.13,-0.08,-0.03,0.08,6.44,69.0,81.75,-0.13,0.44,0.37,11,12
1772047319.480394,4658045,0.2,-0.1,0.09,-172.69,-71.37,72.94,0.19,-0.31,-0.06,-0.07,-0.07,0.08,6.5,68.94,81.75,0.31,0.62,0.31,10,11
1772047319.672552,4658237,0.21,-0.16,0.11,-172.5,-71.37,72.87,-1.06,0.5,0.94,-0.13,-0.03,0.09,6.44,68.87,81.75,0.06,-0.19,0.13,10,11
1772047319.864804,4658429,0.12,-0.14,0.15,-172.37,-71.37,72.81,0.31,-0.5,0.69,-0.11,-0.03,0.09,6.44,68.81,81.75,-0.5,-0.69,0.25,11,12
1772047320.056866,4658621,0.22,-0.17,0.09,-172.44,-71.31,72.81,0.5,0.37,-0.25,-0.07,-0.04,0.08,6.44,68.81,81.75,-0.06,-0.5,0.0,10,11
1772047320.247931,4658812,0.21,-0.11,0.15,-172.56,-71.31,72.87,-0.31,-0.44,0.19,-0.08,-0.02,0.07,6.25,69.0,81.81,0.25,-1.0,-0.81,10,11
1772047320.438944,4659004,0.23,-0.12,0.12,-172.56,-71.31,72.87,0.56,-0.81,-0.94,-0.1,0.0,0.12,6.25,69.12,81.81,-0.19,-0.37,-0.31,10,11
1772047320.62932,4659194,0.22,-0.08,0.13,-172.62,-71.37,72.87,0.37,0.25,-0.25,-0.09,-0.04,0.11,6.25,69.12,81.81,-0.44,-0.37,-0.5,10,12
1772047320.820554,4659385,0.21,-0.15,0.08,-172.75,-71.25,72.94,-0.06,-0.31,-0.37,-0.08,-0.04,0.08,6.25,69.12,81.81,-0.06,0.31,0.0,11,11
1772047321.011983,4659576,0.22,-0.13,0.08,-172.69,-71.25,72.87,-0.75,0.5,-0.37,-0.14,0.05,0.0,6.06,69.19,81.87,-0.13,-2.06,-1.75,11,12
1772047321.202604,4659767,0.24,-0.02,0.12,-172.31,-71.25,72.62,-2.44,-0.75,-0.37,-0.05,-0.04,0.13,6.12,69.19,81.87,-0.25,0.62,0.69,10,11
1772047321.394098,4659959,0.23,-0.12,0.1,-172.69,-71.25,72.87,-0.5,-0.25,-0.75,-0.07,-0.06,0.11,6.31,69.12,81.75,0.19,0.56,0.69,13,11
1772047321.583584,4660148,0.19,-0.13,0.14,-173.0,-71.37,73.12,0.06,-0.31,-0.06,-0.06,-0.08,0.17,6.37,69.06,81.75,0.69,1.06,0.75,13,11
1772047321.774644,4660340,0.2,-0.13,0.11,-173.19,-71.37,73.25,-0.44,0.37,0.69,-0.04,-0.02,0.14,6.37,69.0,81.75,0.25,0.69,0.19,12,11
1772047321.965699,4660531,0.24,-0.06,0.06,-173.12,-71.37,73.19,0.19,0.31,0.0,-0.05,-0.07,0.14,6.37,68.94,81.75,-0.06,0.88,0.69,13,11
1772047322.156891,4660722,0.22,-0.1,0.11,-173.25,-71.37,73.19,-0.06,0.37,0.0,-0.07,-0.09,0.14,6.37,69.0,81.75,0.0,-0.25,-0.13,12,10
1772047322.347583,4660912,0.21,-0.15,0.1,-173.25,-71.37,73.19,0.25,-0.13,0.0,-0.11,-0.05,0.17,6.37,69.06,81.75,0.19,-0.19,0.06,13,11
1772047322.537399,4661102,0.17,-0.11,0.09,-173.31,-71.37,73.19,0.31,-0.37,-0.31,-0.08,-0.01,0.13,6.25,69.12,81.81,-0.19,-0.75,-0.75,13,11
1772047322.72771,4661292,0.21,-0.08,0.1,-173.19,-71.37,73.12,0.37,-0.5,-0.62,-0.09,-0.03,0.06,6.25,69.25,81.81,-0.31,-0.5,-0.44,13,11
1772047322.917952,4661483,0.22,-0.08,0.06,-173.19,-71.37,73.12,-0.69,0.56,-0.19,-0.05,-0.07,0.13,6.25,69.31,81.81,0.06,-0.81,-0.19,13,11
1772047323.108033,4661673,0.25,-0.07,0.07,-173.31,-71.31,73.19,-0.75,0.37,0.0,-0.04,-0.07,0.11,6.25,69.31,81.81,0.13,0.13,0.13,13,11
1772047323.298928,4661864,0.22,-0.09,0.11,-173.25,-71.37,73.12,-0.56,-0.94,0.19,-0.08,-0.05,0.15,6.37,69.25,81.75,-0.06,0.56,0.37,11,12
1772047323.489639,4662054,0.19,-0.13,0.09,-173.25,-71.37,73.12,0.06,0.0,0.19,-0.13,0.0,0.08,6.37,69.19,81.75,-0.06,-0.37,-0.13,11,12
1772047323.679992,4662245,0.22,-0.13,0.09,-173.25,-71.37,73.19,0.19,0.0,0.69,-0.1,-0.05,0.14,6.37,69.19,81.75,-0.06,0.13,0.37,11,12
1772047323.870643,4662436,0.19,-0.21,0.07,-173.25,-71.37,73.19,0.25,0.56,0.81,-0.11,-0.05,0.16,6.37,69.06,81.75,0.06,1.06,0.75,11,12
1772047324.061702,4662626,0.21,-0.12,0.12,-173.06,-71.37,73.06,0.81,0.06,-0.19,-0.12,-0.02,0.15,6.44,69.06,81.69,0.0,-0.62,-0.44,12,12
1772047324.252625,4662817,0.28,-0.03,0.04,-173.06,-71.37,73.06,0.06,0.0,-0.44,-0.09,-0.01,0.14,6.37,69.19,81.75,0.25,-0.06,-0.37,11,11
1772047324.44341,4663008,0.15,-0.08,0.08,-173.19,-71.37,73.12,-0.31,-0.5,-0.5,-0.09,-0.04,0.13,6.44,69.19,81.75,0.06,-0.31,-0.19,11,11
1772047324.633993,4663199,0.23,-0.12,0.09,-173.25,-71.37,73.19,0.0,-0.19,-0.37,-0.07,-0.05,0.14,6.44,69.12,81.69,0.31,-0.06,0.0,10,11
1772047324.824707,4663389,0.22,-0.16,0.07,-173.25,-71.37,73.19,-0.25,0.19,-0.13,-0.05,-0.01,0.05,6.5,69.12,81.69,-0.37,-0.75,-0.25,11,11
1772047325.015071,4663580,0.23,-0.12,0.07,-173.12,-71.37,73.12,-0.69,1.19,0.31,-0.08,-0.04,0.07,6.44,69.06,81.69,0.06,0.0,-0.13,11,11
1772047325.20603,4663771,0.26,-0.22,0.09,-173.19,-71.31,73.12,-0.13,0.44,-0.19,-0.08,-0.06,0.09,6.5,69.0,81.69,0.19,0.44,0.19,11,11
1772047325.396548,4663962,0.26,-0.08,0.06,-173.06,-71.25,72.94,-1.0,0.75,1.0,-0.07,-0.03,0.18,6.5,68.94,81.69,0.06,0.69,0.06,11,11
1772047325.587382,4664152,0.24,-0.16,0.04,-173.06,-71.25,72.87,1.31,-0.5,-0.81,-0.12,0.0,0.06,6.5,69.0,81.62,-0.19,-0.13,0.06,11,12
1772047325.777881,4664343,0.23,-0.07,0.11,-173.31,-71.31,73.12,0.69,-0.56,0.0,-0.08,-0.04,0.06,6.62,69.0,81.62,0.06,0.19,0.25,12,12
1772047325.968687,4664534,0.2,-0.1,0.1,-173.62,-71.44,73.31,0.31,-0.56,0.31,-0.08,-0.01,0.07,6.62,68.94,81.62,0.0,0.31,0.19,11,11
1772047326.159634,4664725,0.28,-0.07,0.08,-173.56,-71.37,73.31,-0.37,1.12,0.37,-0.02,-0.05,0.12,6.56,68.94,81.62,0.0,-0.56,-0.37,12,12
1772047326.350478,4664915,0.23,-0.06,0.03,-173.56,-71.37,73.31,-0.56,-0.06,0.37,-0.08,-0.03,0.12,6.56,68.87,81.62,-0.19,0.62,0.13,11,12
1772047326.541031,4665106,0.25,-0.07,0.09,-173.56,-71.37,73.31,0.13,0.44,-0.31,-0.07,-0.07,0.11,6.5,68.87,81.62,0.06,0.44,0.37,12,12
1772047326.731937,4665297,0.2,-0.08,0.08,-173.56,-71.37,73.31,-0.25,0.19,0.13,-0.12,-0.04,0.1,6.5,68.87,81.62,-0.06,-0.44,-0.13,11,12
1772047326.922477,4665487,0.24,-0.09,0.1,-173.62,-71.37,73.31,-0.13,0.19,0.44,-0.09,-0.02,0.11,6.44,69.0,81.69,0.0,-0.5,-0.13,12,12
1772047327.113369,4665678,0.2,-0.16,0.07,-173.56,-71.37,73.31,0.5,-0.5,0.13,-0.08,-0.03,0.11,6.44,69.06,81.69,0.06,-0.44,0.19,11,11
1772047327.304419,4665869,0.2,-0.12,0.12,-173.56,-71.37,73.31,-0.06,-0.69,-0.25,-0.06,0.0,0.12,6.44,69.06,81.69,0.0,-0.25,-0.31,11,12
1772047327.494674,4666060,0.24,-0.02,0.08,-173.5,-71.37,73.31,0.62,0.62,-0.62,-0.06,0.0,0.1,6.44,69.12,81.69,0.19,0.56,-0.13,11,11
1772047327.685903,4666251,0.16,-0.05,0.06,-173.62,-71.37,73.31,-0.19,-0.06,-0.31,-0.07,-0.03,0.11,6.44,69.12,81.69,-0.13,-0.06,-0.13,11,12
1772047327.876349,4666441,0.23,-0.08,0.09,-173.62,-71.37,73.37,-0.13,-0.25,-0.44,-0.08,-0.01,0.08,6.44,69.12,81.69,0.0,0.31,0.25,11,12
1772047328.067474,4666632,0.2,-0.13,0.11,-173.62,-71.37,73.31,-0.69,0.31,-0.37,-0.07,-0.07,0.12,6.37,69.19,81.69,-0.13,-0.37,-0.5,10,11
1772047328.258032,4666823,0.27,-0.03,0.08,-173.31,-71.37,73.12,-1.44,0.06,0.19,-0.09,-0.06,0.13,6.5,69.19,81.62,-0.06,0.75,0.5,12,12
1772047328.448757,4667014,0.17,-0.1,0.08,-173.31,-71.44,73.19,0.0,-0.25,-0.44,-0.07,-0.04,0.09,6.56,69.06,81.62,0.13,0.69,0.75,10,12
1772047328.639297,4667204,0.19,-0.14,0.09,-173.37,-71.44,73.19,0.19,-0.5,0.44,-0.08,-0.01,0.11,6.56,69.0,81.62,0.19,0.44,0.19,11,12
1772047328.830079,4667395,0.23,-0.12,0.12,-173.31,-71.44,73.19,-0.31,0.06,0.88,-0.06,-0.04,0.12,6.56,69.0,81.62,0.06,0.44,0.25,10,12
1772047329.021197,4667586,0.18,-0.11,0.06,-173.19,-71.44,73.12,0.44,0.5,-0.19,-0.11,-0.04,0.14,6.56,68.94,81.62,-0.31,0.0,0.37,11,12
1772047329.211969,4667777,0.25,-0.18,0.08,-173.25,-71.44,73.12,-0.25,0.0,0.13,-0.1,-0.05,0.11,6.56,68.94,81.62,0.0,-0.37,-0.06,11,11
1772047329.402425,4667967,0.22,-0.22,0.08,-173.25,-71.37,73.19,1.12,0.56,-0.19,-0.13,0.0,0.1,6.31,69.12,81.69,0.06,-0.19,-0.06,11,11
1772047329.593553,4668158,0.23,-0.04,0.13,-173.19,-71.37,73.06,0.31,-0.25,0.31,-0.1,-0.02,0.11,6.31,69.19,81.69,-0.31,-0.19,-0.37,11,11
1772047329.784394,4668349,0.26,-0.14,0.11,-173.44,-71.37,73.25,-0.06,-0.13,-0.44,-0.09,-0.06,0.07,6.31,69.19,81.69,-0.25,0.0,0.0,11,12
1772047329.974874,4668540,0.21,-0.05,0.09,-173.62,-71.44,73.31,-0.94,0.37,-0.13,-0.11,0.0,0.05,6.31,69.19,81.69,0.31,-0.5,-0.62,11,12
1772047330.165822,4668731,0.22,-0.04,0.05,-173.62,-71.44,73.19,-1.0,0.06,0.0,-0.08,-0.02,0.09,6.31,69.19,81.69,-0.25,-0.19,0.06,11,11
1772047330.356352,4668921,0.26,-0.08,0.03,-173.62,-71.44,73.19,0.31,-0.56,-0.44,-0.06,-0.03,0.08,6.37,69.19,81.69,-0.06,0.19,0.62,11,12
1772047330.547127,4669112,0.19,-0.08,0.12,-173.69,-71.5,73.25,-0.19,0.25,0.0,-0.05,-0.05,0.07,6.37,69.19,81.62,-0.06,-0.25,0.0,10,11
1772047330.737729,4669303,0.21,-0.14,0.12,-173.75,-71.56,73.31,-0.5,0.75,0.06,-0.06,-0.05,0.13,6.37,69.06,81.62,0.0,0.88,-0.13,11,12
1772047330.928771,4669494,0.28,-0.02,0.06,-173.44,-71.37,73.12,-1.31,0.37,-0.19,-0.09,-0.04,0.1,6.44,69.0,81.62,-0.06,0.13,0.37,10,12
1772047331.119682,4669685,0.19,-0.15,0.07,-173.5,-71.44,73.19,-0.13,0.13,0.0,-0.14,-0.05,0.09,6.44,68.94,81.62,-0.06,-0.19,-0.06,11,12
1772047331.310363,4669875,0.25,-0.13,0.11,-173.5,-71.37,73.25,-0.13,-0.25,0.44,-0.07,-0.05,0.1,6.5,69.0,81.62,0.06,-0.81,-0.19,11,12
1772047331.500861,4670066,0.25,-0.16,0.08,-173.5,-71.37,73.19,0.31,0.5,0.06,-0.06,-0.05,0.12,6.44,69.12,81.62,0.25,-0.62,-0.25,11,12
1772047331.692062,4670257,0.22,-0.15,0.11,-173.5,-71.44,73.19,0.06,-0.25,-0.31,-0.08,-0.04,0.12,6.5,69.19,81.62,-0.06,-0.25,-0.19,11,11
1772047331.882492,4670448,0.23,-0.13,0.12,-173.5,-71.44,73.19,0.69,0.0,-1.06,-0.12,0.0,0.12,6.5,69.31,81.62,-0.13,-0.13,-0.25,10,11
1772047332.073459,4670639,0.25,-0.09,0.07,-173.62,-71.37,73.25,0.06,0.37,-0.13,-0.05,-0.01,0.11,6.5,69.31,81.62,0.0,0.0,-0.25,11,11
1772047332.263822,4670829,0.2,-0.21,0.06,-173.62,-71.37,73.25,-0.19,0.13,0.69,-0.06,0.01,0.1,6.44,69.31,81.62,0.06,0.62,0.06,11,11
1772047332.454633,4671020,0.24,-0.02,0.05,-173.19,-71.37,72.87,0.5,0.0,0.0,-0.09,0.0,0.1,6.44,69.31,81.62,-0.19,-0.75,-0.56,11,11
1772047332.645517,4671210,0.25,-0.04,0.09,-173.62,-71.44,73.12,-0.56,-0.5,-0.75,-0.09,-0.08,0.14,6.62,69.31,81.56,-0.25,0.5,0.62,10,11
1772047332.836471,4671401,0.21,-0.14,0.1,-173.94,-71.44,73.44,0.06,-0.69,-0.31,-0.11,-0.05,0.12,6.69,69.25,81.56,0.19,0.13,0.25,11,10
1772047333.027086,4671592,0.18,-0.06,0.12,-173.87,-71.56,73.37,-1.37,-0.31,1.0,-0.05,-0.08,0.19,6.69,69.19,81.56,0.56,0.88,0.5,10,10
1772047333.217819,4671783,0.19,-0.14,0.1,-173.87,-71.56,73.31,0.13,-0.5,0.13,-0.05,-0.02,0.17,6.69,69.06,81.5,-0.13,0.25,0.31,10,10
1772047333.408447,4671974,0.24,-0.1,0.09,-173.87,-71.56,73.37,0.13,0.62,-0.13,-0.08,-0.02,0.09,6.75,69.0,81.5,-0.06,-0.13,0.19,10,10
1772047333.59919,4672164,0.23,-0.14,0.11,-173.87,-71.5,73.37,-0.25,-0.62,0.25,-0.08,-0.09,0.11,6.75,68.94,81.5,1.37,0.0,-0.06,10,10
1772047333.790175,4672355,0.28,-0.05,0.04,-173.75,-71.44,73.12,0.37,-0.06,0.19,-0.14,0.02,0.08,6.56,69.0,81.5,-0.25,-0.81,-0.88,10,10
1772047333.980895,4672546,0.24,0.0,0.09,-173.69,-71.44,73.06,-0.5,0.81,0.13,-0.07,-0.02,0.07,6.5,69.0,81.5,-0.44,-0.37,-0.13,10,10
1772047334.17152,4672737,0.2,-0.2,0.13,-174.0,-71.44,73.25,1.0,-0.06,-0.44,-0.06,-0.05,0.05,6.56,69.0,81.5,0.37,-0.13,0.44,10,10
1772047334.362087,4672927,0.22,-0.08,0.09,-173.94,-71.37,73.12,-0.62,1.0,0.31,-0.03,0.0,0.01,6.5,69.06,81.5,0.19,-0.25,-0.31,9,10
1772047334.552818,4673118,0.2,-0.09,0.14,-173.62,-71.44,73.0,-0.69,0.0,0.88,-0.06,-0.02,0.12,6.56,69.0,81.5,-0.06,0.37,0.25,10,10
1772047334.743725,4673309,0.23,-0.11,0.12,-173.62,-71.44,73.06,0.25,-0.62,-0.37,-0.05,-0.08,0.07,6.56,68.94,81.5,0.0,0.69,0.69,9,11
1772047334.934508,4673500,0.21,-0.15,0.13,-173.69,-71.44,73.06,0.13,0.0,0.19,-0.08,-0.03,0.08,6.56,68.94,81.5,0.06,0.44,0.06,10,11
1772047335.125372,4673690,0.18,-0.19,0.08,-173.75,-71.44,73.12,1.12,-0.62,-0.81,-0.09,-0.01,0.1,6.5,68.87,81.5,-0.06,0.13,-0.69,9,11
1772047335.315985,4673881,0.28,0.03,0.1,-173.44,-71.37,72.81,-1.06,0.81,0.06,-0.05,-0.03,0.1,6.5,68.87,81.5,-0.31,-0.06,-0.13,10,11
1772047335.506913,4674072,0.22,-0.12,0.08,-173.87,-71.44,73.12,-0.44,-0.13,-0.44,-0.05,-0.07,0.09,6.56,68.94,81.5,0.19,-0.44,-0.19,9,11
1772047335.696359,4674261,0.23,-0.14,0.13,-174.0,-71.44,73.25,-0.31,0.19,-0.13,-0.09,-0.03,0.04,6.5,69.06,81.5,-0.19,-1.62,-0.81,10,11
1772047335.887921,4674453,0.21,-0.1,0.1,-174.25,-71.5,73.31,-0.37,0.62,0.62,-0.06,-0.02,0.09,6.5,69.12,81.5,0.06,-0.06,0.06,10,11
1772047336.078695,4674644,0.21,-0.09,0.07,-174.25,-71.5,73.31,-0.06,0.13,0.13,-0.07,0.0,0.06,6.5,69.12,81.5,-0.06,0.37,0.37,10,11
1772047336.269605,4674835,0.2,-0.12,0.12,-174.31,-71.5,73.31,-0.13,-0.25,0.44,-0.06,-0.06,0.17,6.5,69.12,81.5,0.25,0.31,0.06,11,11
1772047336.460319,4675026,0.17,-0.16,0.14,-174.31,-71.5,73.37,1.19,-0.06,0.31,-0.1,-0.01,0.11,6.56,69.12,81.5,-0.06,0.75,0.62,10,11
1772047336.651267,4675216,0.21,-0.15,0.08,-174.31,-71.5,73.37,1.19,-0.44,0.5,-0.04,-0.04,0.13,6.56,69.06,81.5,-0.13,-0.44,-0.06,12,11
1772047336.842119,4675407,0.21,-0.09,0.1,-174.31,-71.5,73.37,0.37,-0.19,0.06,-0.07,-0.03,0.11,6.56,69.0,81.5,-0.19,0.31,-0.06,10,11
1772047337.032758,4675598,0.17,-0.05,0.07,-174.31,-71.5,73.37,-0.19,0.44,0.19,-0.08,-0.02,0.02,6.56,69.0,81.5,0.0,-0.56,-0.37,12,11
1772047337.223334,4675789,0.19,0.0,0.09,-174.31,-71.44,73.37,-0.37,0.25,-0.13,-0.07,-0.06,0.16,6.56,69.0,81.5,0.0,0.06,0.25,11,11
1772047337.414462,4675979,0.22,-0.07,0.09,-174.31,-71.44,73.37,-0.19,-0.31,-0.44,-0.06,-0.02,0.09,6.56,69.06,81.5,0.0,-0.31,-0.25,12,10
1772047337.604912,4676170,0.15,-0.07,0.12,-174.31,-71.44,73.37,-0.06,0.44,-0.13,-0.13,-0.01,0.02,6.56,69.06,81.5,0.31,0.31,0.37,11,10
1772047337.796161,4676361,0.18,-0.12,0.16,-174.44,-71.44,73.5,0.0,-0.37,0.31,-0.08,-0.06,0.1,6.56,69.19,81.5,-0.31,-0.19,-0.19,12,10
1772047337.986761,4676552,0.26,-0.08,0.06,-174.25,-71.37,73.31,-1.12,0.37,0.19,-0.06,-0.02,0.07,6.5,69.19,81.5,-0.13,-0.37,0.31,11,10
1772047338.177565,4676743,0.2,-0.14,0.15,-174.19,-71.44,73.25,-0.37,-0.31,0.19,-0.06,-0.06,0.09,6.5,69.19,81.5,-0.19,0.19,-0.06,11,10
1772047338.368166,4676933,0.2,-0.17,0.12,-174.12,-71.44,73.19,1.31,-0.5,-0.94,-0.09,0.01,0.06,6.56,69.19,81.5,-0.31,-0.13,0.06,11,10
1772047338.558819,4677124,0.21,-0.05,0.1,-174.0,-71.44,73.19,0.56,0.31,0.25,-0.07,-0.02,0.11,6.62,69.06,81.44,-0.06,0.69,0.25,10,10
1772047338.749721,4677315,0.21,-0.07,0.13,-174.06,-71.5,73.19,0.37,-0.94,0.0,-0.1,-0.03,0.09,6.62,69.06,81.44,0.0,1.06,0.5,11,10
1772047338.940989,4677506,0.23,-0.05,0.07,-174.06,-71.5,73.19,-0.25,0.81,-0.06,-0.09,0.0,0.01,6.62,69.0,81.44,0.13,0.75,-0.06,10,10
1772047339.132284,4677697,0.2,-0.11,0.12,-174.06,-71.5,73.25,-0.13,-0.25,-0.25,-0.08,-0.06,0.12,6.62,68.94,81.44,0.0,0.37,0.13,11,10
1772047339.323173,4677888,0.26,-0.11,0.08,-174.12,-71.5,73.25,0.06,-0.25,-0.56,-0.08,-0.03,0.09,6.62,69.0,81.44,0.0,-0.69,-0.31,10,11
1772047339.512756,4678078,0.2,-0.08,0.13,-173.94,-71.5,73.12,-0.25,0.56,-0.37,-0.06,-0.03,0.08,6.56,69.12,81.5,0.19,-1.44,-0.56,11,11
1772047339.70388,4678269,0.17,-0.06,0.1,-173.94,-71.5,73.12,-0.5,0.06,0.25,-0.05,-0.03,0.11,6.5,69.19,81.5,-0.19,-0.44,-0.31,10,11
1772047339.895086,4678460,0.22,-0.15,0.12,-173.94,-71.5,73.12,-0.31,0.13,-0.13,-0.05,-0.05,0.09,6.5,69.19,81.5,-0.19,0.25,0.19,11,11
1772047340.086287,4678651,0.16,-0.12,0.13,-173.94,-71.5,73.06,-0.44,-0.19,0.69,-0.07,-0.01,0.04,6.5,69.19,81.5,0.5,0.37,0.31,11,11
1772047340.276534,4678842,0.2,-0.15,0.16,-173.75,-71.5,73.0,0.25,-0.69,1.44,-0.09,-0.02,0.09,6.5,69.19,81.5,-0.13,0.37,0.5,11,11
1772047340.467018,4679032,0.19,-0.15,0.11,-173.62,-71.5,73.0,1.5,-0.13,-0.06,-0.09,-0.03,0.12,6.56,69.19,81.5,0.0,0.69,0.56,11,11
1772047340.658807,4679224,0.14,-0.17,0.15,-173.62,-71.56,73.0,-0.06,-0.37,0.13,-0.11,-0.03,0.14,6.56,69.06,81.44,-0.19,0.69,-0.31,11,11
1772047340.850011,4679415,0.24,-0.08,0.13,-173.5,-71.44,72.87,0.5,-0.31,-0.25,-0.12,-0.04,0.16,6.56,69.06,81.44,0.0,0.62,0.25,11,11
1772047341.043011,4679608,0.24,-0.12,0.09,-173.56,-71.37,72.94,0.25,0.88,-0.31,-0.08,-0.04,0.07,6.5,69.06,81.5,-0.19,-1.25,-0.56,10,11
1772047341.2364,4679802,0.2,-0.2,0.12,-173.56,-71.37,72.94,0.88,-0.62,-0.19,-0.09,-0.02,0.07,6.56,69.19,81.44,0.13,-0.56,-0.37,11,11
1772047341.428491,4679994,0.24,-0.02,0.13,-173.5,-71.37,72.87,-0.19,0.06,-0.19,-0.06,0.0,0.08,6.44,69.31,81.5,0.0,0.37,-0.31,10,10
1772047341.619377,4680184,0.19,-0.1,0.11,-173.44,-71.37,72.75,-0.56,0.31,-0.44,-0.08,-0.03,0.12,6.44,69.31,81.5,-0.06,-0.13,-0.19,11,11
1772047341.81172,4680377,0.21,-0.14,0.12,-173.44,-71.37,72.75,-0.94,-0.44,-0.25,-0.06,-0.05,0.08,6.5,69.31,81.5,-0.06,-0.31,0.0,11,12
1772047342.002896,4680568,0.21,-0.14,0.14,-173.31,-71.37,72.69,-0.69,0.44,-0.13,-0.02,-0.16,0.15,6.44,69.37,81.5,0.81,0.0,-0.31,11,12
1772047342.193844,4680759,0.25,-0.02,0.08,-173.19,-71.37,72.56,-2.62,0.0,0.81,-0.09,-0.03,0.15,6.44,69.25,81.5,-0.13,0.62,0.81,11,12
1772047342.385214,4680950,0.22,-0.2,0.12,-173.5,-71.44,72.81,0.94,-0.13,-0.75,-0.09,-0.04,0.09,6.56,69.19,81.44,-0.06,0.0,0.31,11,12
1772047342.575728,4681141,0.15,-0.1,0.13,-173.75,-71.56,72.94,0.31,-0.44,0.13,-0.13,-0.03,0.08,6.56,69.12,81.44,0.13,-0.25,-0.19,12,12
1772047342.76787,4681333,0.23,-0.13,0.15,-173.94,-71.56,73.06,-0.06,-0.25,0.81,-0.11,-0.03,0.1,6.56,69.12,81.44,-0.06,-0.19,0.06,12,12
1772047342.960121,4681525,0.21,-0.12,0.06,-173.87,-71.5,73.0,0.44,0.75,-0.19,-0.07,-0.04,0.16,6.56,69.06,81.44,-0.13,-0.25,0.44,11,12
1772047343.153327,4681718,0.2,-0.13,0.11,-174.12,-71.5,73.12,-0.31,-0.19,0.37,-0.11,-0.02,0.13,6.56,69.19,81.44,0.06,-0.44,-0.5,11,12
1772047343.346073,4681911,0.24,-0.11,0.1,-174.19,-71.5,73.12,1.0,-0.19,-0.81,-0.11,0.0,0.1,6.56,69.31,81.44,-0.25,-0.37,-0.37,11,12
1772047343.537905,4682103,0.21,-0.06,0.16,-174.31,-71.56,73.19,0.37,0.56,-0.13,-0.07,-0.01,0.11,6.44,69.31,81.5,0.31,0.25,-0.69,11,12
1772047343.729166,4682294,0.3,0.04,0.1,-174.25,-71.5,73.0,-0.13,-0.44,-0.25,-0.06,-0.05,0.13,6.37,69.37,81.5,-0.25,-0.31,0.06,11,12
1772047343.920662,4682486,0.28,-0.1,0.08,-174.44,-71.56,73.19,-0.75,1.25,0.06,-0.05,-0.12,0.13,6.37,69.37,81.5,0.37,0.19,0.56,11,12
1772047344.112785,4682678,0.25,-0.08,0.06,-174.56,-71.56,73.25,-0.56,0.0,0.31,-0.07,-0.05,0.11,6.37,69.44,81.5,0.31,0.88,0.44,11,12
1772047344.304823,4682870,0.22,-0.05,0.13,-174.56,-71.62,73.25,-0.44,0.56,0.0,-0.07,-0.05,0.1,6.44,69.31,81.5,0.13,0.13,0.25,11,12
1772047344.497006,4683062,0.18,-0.07,0.13,-174.69,-71.69,73.31,-0.19,-0.37,0.37,-0.14,-0.03,0.12,6.37,69.25,81.5,0.06,-0.25,-0.13,11,12
1772047344.688785,4683254,0.22,-0.12,0.14,-174.75,-71.62,73.44,0.44,-0.25,0.5,-0.1,-0.08,0.09,6.37,69.25,81.5,-0.13,0.0,0.31,10,12
1772047344.879008,4683445,0.2,-0.11,0.1,-174.81,-71.62,73.44,0.0,0.75,0.06,-0.08,-0.12,0.12,6.37,69.19,81.5,0.44,0.13,0.19,11,12
1772047345.071576,4683637,0.27,-0.1,0.06,-174.81,-71.56,73.44,-1.31,-0.37,0.88,-0.12,-0.04,0.16,6.25,69.25,81.56,0.19,-0.62,-0.06,11,12
1772047345.263273,4683829,0.25,-0.12,0.08,-174.69,-71.56,73.31,0.88,0.44,-1.06,-0.09,-0.01,0.1,6.12,69.37,81.56,0.0,-0.31,-0.37,11,12
1772047345.455723,4684021,0.23,0.0,0.1,-174.69,-71.62,73.25,0.13,-0.31,-0.25,-0.08,-0.06,0.16,6.12,69.44,81.56,-0.06,0.06,0.19,11,12
1772047345.648017,4684213,0.21,-0.12,0.08,-174.75,-71.62,73.31,-0.19,-0.19,0.0,-0.09,-0.06,0.1,6.12,69.44,81.56,0.19,-0.13,0.0,11,12
1772047345.838862,4684404,0.26,-0.02,0.14,-174.56,-71.62,73.19,-0.5,-0.31,0.0,-0.07,-0.08,0.13,6.19,69.37,81.56,0.0,0.06,0.44,11,12
1772047346.031349,4684597,0.26,-0.06,0.08,-174.75,-71.56,73.37,-0.5,0.5,-0.25,-0.05,-0.08,0.13,6.25,69.31,81.5,-0.19,0.94,0.5,11,12
1772047346.222662,4684788,0.23,-0.06,0.06,-174.75,-71.62,73.37,0.25,0.31,-0.19,-0.08,-0.07,0.11,6.25,69.25,81.5,0.06,0.31,0.37,11,11
1772047346.414007,4684979,0.12,-0.14,0.17,-174.75,-71.62,73.37,-0.5,-0.19,-0.06,-0.14,-0.03,0.08,6.19,69.19,81.5,0.0,-0.19,-0.5,11,11
1772047346.605007,4685170,0.27,0.0,0.15,-174.62,-71.44,73.25,-0.37,-0.06,0.25,-0.08,-0.03,0.06,6.25,69.19,81.5,-0.25,-1.19,-0.56,11,11
1772047346.795467,4685361,0.22,-0.05,0.1,-174.62,-71.5,73.25,-0.13,0.81,-0.31,-0.05,-0.05,0.1,6.37,69.19,81.5,0.0,0.06,0.25,11,11
1772047346.986593,4685552,0.16,-0.19,0.16,-174.94,-71.5,73.44,0.25,-0.69,-0.06,-0.06,0.0,0.07,6.44,69.19,81.5,-0.25,-0.31,-0.31,11,11
1772047347.177018,4685742,0.2,-0.05,0.16,-174.81,-71.5,73.31,0.13,0.0,-0.44,-0.07,0.0,0.05,6.37,69.19,81.5,-0.06,0.31,-0.25,11,11
1772047347.367593,4685933,0.28,-0.04,0.09,-174.69,-71.5,73.19,0.06,0.25,-0.13,-0.1,-0.01,0.04,6.37,69.12,81.5,0.0,-0.62,-0.13,12,12
1772047347.558272,4686124,0.21,-0.06,0.13,-174.69,-71.5,73.25,0.06,-0.56,-0.62,-0.06,-0.05,0.06,6.44,69.12,81.5,0.0,0.19,0.44,11,11
1772047347.749193,4686314,0.21,-0.12,0.16,-174.75,-71.5,73.31,-0.13,0.25,-0.44,-0.02,-0.07,0.13,6.37,69.06,81.5,0.19,0.13,-0.37,12,12
1772047347.939761,4686505,0.28,0.04,0.09,-174.69,-71.5,73.25,-1.37,1.19,0.25,-0.05,-0.07,0.09,6.31,69.0,81.5,0.13,0.94,0.56,11,12
1772047348.130272,4686696,0.21,-0.11,0.12,-174.81,-71.5,73.37,0.06,0.56,-0.37,-0.07,-0.09,0.08,6.37,68.94,81.5,0.0,0.69,0.37,11,12
1772047348.321216,4686887,0.17,-0.13,0.13,-175.0,-71.5,73.44,0.37,0.19,-0.19,-0.14,-0.03,0.0,6.37,68.94,81.5,0.31,-0.37,-0.25,11,12
1772047348.51202,4687077,0.21,-0.11,0.13,-175.19,-71.5,73.5,-0.81,-0.62,0.94,-0.09,-0.09,0.08,6.25,69.06,81.56,0.13,-0.62,-0.25,10,12
1772047348.702399,4687268,0.21,-0.14,0.13,-175.06,-71.56,73.44,0.37,0.06,0.0,-0.05,-0.07,0.1,6.25,69.12,81.56,0.06,-0.06,0.37,11,12
1772047348.893555,4687459,0.21,-0.15,0.12,-175.44,-71.56,73.56,0.75,-0.25,-0.25,-0.07,-0.09,0.1,6.25,69.19,81.56,0.25,-0.13,-0.13,10,12
1772047349.084311,4687649,0.2,-0.19,0.11,-175.44,-71.56,73.56,1.0,-0.75,-0.75,-0.14,-0.02,0.06,6.25,69.25,81.56,-0.06,-0.81,-0.5,12,12
1772047349.274475,4687840,0.21,-0.11,0.08,-175.37,-71.56,73.5,-0.31,0.31,1.06,-0.08,-0.06,0.12,6.19,69.31,81.56,0.0,0.75,0.19,11,12
1772047349.465491,4688031,0.13,-0.08,0.13,-175.0,-71.56,73.31,0.62,-1.37,-0.56,-0.07,-0.04,0.1,6.19,69.31,81.56,-0.13,-0.37,0.06,12,12
1772047349.655943,4688222,0.24,-0.08,0.14,-174.94,-71.62,73.31,-0.25,0.13,-0.13,-0.02,-0.12,0.13,6.25,69.25,81.56,0.31,0.0,0.5,11,12
1772047349.847104,4688412,0.2,-0.06,0.12,-175.31,-71.62,73.5,-1.31,-0.37,0.25,-0.06,-0.09,0.13,6.25,69.19,81.56,0.25,0.81,0.13,12,12
1772047350.03774,4688603,0.25,-0.04,0.07,-175.25,-71.62,73.5,0.13,0.5,-0.06,-0.11,-0.05,0.08,6.25,69.06,81.56,0.06,-0.31,0.19,12,11
1772047350.227956,4688794,0.2,-0.08,0.12,-175.37,-71.69,73.5,0.19,0.0,0.19,-0.04,-0.12,0.16,6.25,69.06,81.56,0.25,1.12,0.69,13,12
1772047350.418985,4688984,0.23,-0.12,0.11,-175.5,-71.62,73.56,-0.13,0.0,0.19,-0.04,-0.07,0.12,6.25,69.06,81.56,0.0,-0.06,0.19,12,11
1772047350.609591,4689175,0.28,-0.06,0.07,-175.56,-71.62,73.56,-0.56,0.62,-0.13,-0.08,-0.09,0.14,6.25,69.06,81.56,0.0,-0.56,0.06,13,12
1772047350.80068,4689366,0.22,-0.11,0.11,-175.75,-71.62,73.62,-0.44,-0.37,0.25,-0.06,-0.06,0.16,6.25,69.19,81.56,0.37,-0.31,-0.37,13,12
1772047350.991408,4689557,0.21,-0.11,0.11,-175.75,-71.62,73.62,0.56,-0.25,-0.31,-0.11,-0.03,0.14,6.25,69.31,81.56,0.0,-0.06,-0.06,12,12
1772047351.18215,4689747,0.18,-0.12,0.09,-175.81,-71.62,73.62,0.75,-0.37,-0.13,-0.08,-0.04,0.08,6.25,69.31,81.56,-0.31,-0.25,-0.25,12,11
1772047351.372668,4689938,0.18,-0.1,0.13,-175.81,-71.62,73.62,0.19,0.0,-0.25,-0.05,-0.03,0.1,6.25,69.31,81.56,-0.25,0.13,-0.06,11,11
1772047351.563447,4690129,0.27,0.02,0.07,-175.75,-71.62,73.62,-0.44,0.0,-0.13,-0.07,-0.01,0.07,6.25,69.37,81.56,-0.06,-0.5,-0.44,12,11
1772047351.754378,4690320,0.14,0.0,0.13,-175.5,-71.69,73.5,-0.37,-0.56,-0.31,-0.07,-0.07,0.11,6.25,69.25,81.56,-0.25,0.56,0.37,11,11
1772047351.945219,4690510,0.12,-0.17,0.14,-175.62,-71.75,73.62,-0.94,-1.25,-0.31,-0.09,-0.11,0.15,6.37,69.12,81.44,-0.75,1.0,0.06,14,11
1772047352.135742,4690701,0.17,0.0,0.09,-175.37,-71.75,73.5,-1.37,0.44,-1.12,-0.06,-0.09,0.14,6.44,69.06,81.44,-0.13,0.13,-0.25,12,11
1772047352.326455,4690892,0.17,-0.07,0.11,-175.75,-71.69,73.69,-1.56,0.62,-0.19,-0.08,-0.09,0.1,6.44,69.06,81.44,0.06,-1.19,-0.44,13,11
1772047352.517221,4691083,0.23,-0.06,0.13,-175.75,-71.69,73.62,0.06,-0.06,-0.19,-0.05,-0.07,0.1,6.37,69.19,81.5,0.31,-0.56,0.13,12,11
1772047352.708175,4691274,0.2,-0.12,0.16,-175.87,-71.69,73.69,0.44,-0.19,0.31,-0.04,-0.06,0.16,6.37,69.25,81.5,0.0,-0.31,-0.37,12,11
1772047352.898892,4691464,0.21,-0.16,0.1,-176.0,-71.69,73.75,0.25,-0.06,-0.31,-0.11,-0.04,0.08,6.37,69.31,81.5,-0.06,-0.13,0.0,12,11
1772047353.08957,4691655,0.17,-0.09,0.09,-176.0,-71.75,73.69,0.56,-0.25,0.06,-0.07,-0.03,0.05,6.37,69.31,81.5,-0.5,-0.25,-0.31,13,11
1772047353.280085,4691846,0.18,-0.1,0.1,-176.12,-71.75,73.75,0.37,-0.06,-0.19,-0.09,0.0,0.05,6.37,69.31,81.5,0.25,0.25,0.19,13,11
1772047353.470792,4692036,0.18,0.0,0.1,-175.81,-71.75,73.56,0.5,-0.19,0.25,-0.11,0.0,0.05,6.5,69.31,81.44,-0.31,-0.25,-0.06,12,11
1772047353.66197,4692227,0.25,-0.05,0.09,-176.0,-71.69,73.69,-0.13,-0.19,-0.13,-0.07,-0.07,0.15,6.5,69.19,81.44,-0.06,0.88,0.44,13,11
1772047353.852365,4692418,0.21,-0.07,0.11,-176.0,-71.69,73.75,0.19,-0.13,-0.44,-0.07,-0.05,0.11,6.5,69.12,81.44,0.0,0.13,0.19,11,10
1772047354.043128,4692609,0.17,-0.04,0.12,-176.0,-71.69,73.75,-0.13,0.25,0.25,-0.05,-0.12,0.23,6.5,69.12,81.44,0.31,1.5,0.44,11,11
1772047354.234018,4692799,0.24,-0.11,0.1,-176.06,-71.62,73.75,-0.37,0.44,0.19,-0.04,-0.09,0.13,6.5,69.19,81.44,0.06,-0.44,-0.13,11,11
1772047354.424678,4692990,0.26,-0.02,0.09,-176.0,-71.56,73.75,-0.19,0.94,-0.06,-0.06,-0.05,0.14,6.44,69.31,81.5,0.25,-0.75,-0.06,11,11
1772047354.61572,4693181,0.17,-0.1,0.14,-176.12,-71.62,73.75,0.19,-0.81,-0.06,-0.06,-0.1,0.2,6.44,69.37,81.44,0.31,0.06,-0.37,11,10
1772047354.806139,4693372,0.21,-0.15,0.12,-176.12,-71.62,73.75,-0.19,0.19,-0.06,-0.1,-0.03,0.1,6.37,69.44,81.5,-0.13,0.0,0.13,12,10
1772047354.997055,4693563,0.2,-0.08,0.09,-176.06,-71.62,73.69,0.69,0.62,-0.25,-0.07,-0.05,0.1,6.37,69.44,81.5,-0.37,-0.06,-0.25,11,10
1772047355.187714,4693753,0.23,-0.06,0.09,-176.06,-71.56,73.62,-0.31,-0.88,-0.13,-0.08,-0.07,0.1,6.37,69.44,81.5,0.31,0.5,0.13,11,10
1772047355.378497,4693944,0.15,-0.02,0.13,-176.0,-71.62,73.62,-0.44,0.25,0.06,-0.09,-0.03,0.12,6.37,69.37,81.5,0.13,-0.94,-0.31,12,10
1772047355.569315,4694135,0.23,-0.06,0.14,-176.0,-71.62,73.69,-1.06,-0.44,0.13,-0.09,-0.11,0.17,6.37,69.37,81.5,0.06,0.94,0.44,11,10
1772047355.75982,4694326,0.23,-0.06,0.1,-176.0,-71.62,73.69,0.31,0.06,-0.37,-0.08,-0.1,0.13,6.37,69.31,81.5,0.31,0.44,0.25,11,10
1772047355.950495,4694516,0.21,-0.08,0.15,-176.0,-71.62,73.69,-0.25,0.31,0.25,-0.05,-0.12,0.22,6.37,69.31,81.5,0.31,0.75,0.19,11,10
1772047356.141313,4694707,0.19,-0.19,0.14,-176.06,-71.56,73.69,-0.13,0.94,1.25,-0.05,-0.03,0.13,6.12,69.37,81.56,0.19,-0.13,0.0,12,10
1772047356.332031,4694898,0.21,-0.04,0.13,-175.69,-71.56,73.37,1.87,-0.25,-0.37,-0.07,-0.07,0.11,6.12,69.44,81.56,-0.19,-0.75,0.0,11,10
1772047356.523159,4695089,0.22,-0.14,0.13,-176.0,-71.56,73.62,0.44,-0.25,-0.31,-0.07,-0.11,0.14,6.12,69.5,81.56,-0.25,0.06,0.0,12,11
1772047356.713691,4695279,0.14,-0.2,0.17,-176.06,-71.56,73.62,0.37,-0.62,-0.75,-0.13,-0.05,0.08,6.12,69.56,81.62,0.0,0.0,-0.37,11,10
1772047356.904265,4695470,0.26,0.02,0.1,-175.81,-71.5,73.44,-0.56,0.44,0.44,-0.1,-0.07,0.11,6.12,69.56,81.62,0.31,0.25,-0.13,12,11
1772047357.095149,4695661,0.16,-0.08,0.15,-175.81,-71.5,73.44,0.62,-0.56,-0.44,-0.07,-0.08,0.13,6.31,69.56,81.56,-0.37,0.75,0.37,12,11
1772047357.286052,4695851,0.15,-0.11,0.12,-175.87,-71.5,73.56,-0.19,0.37,-0.19,-0.08,-0.06,0.08,6.31,69.5,81.5,-0.06,-0.88,-0.37,12,11
1772047357.47685,4696042,0.2,-0.08,0.1,-175.94,-71.44,73.56,-0.94,0.88,0.06,-0.09,-0.1,0.19,6.25,69.37,81.5,-0.13,1.0,0.5,12,11
1772047357.667247,4696233,0.21,-0.1,0.12,-175.81,-71.37,73.5,0.62,0.13,-0.5,-0.12,-0.07,0.09,6.37,69.31,81.5,0.19,0.19,0.19,11,11
1772047357.857992,4696424,0.17,-0.09,0.11,-175.87,-71.37,73.5,0.06,-0.13,0.19,-0.02,-0.12,0.19,6.44,69.25,81.5,0.37,-0.06,0.0,12,11
1772047358.049131,4696614,0.18,-0.16,0.17,-176.0,-71.37,73.62,-0.62,-0.19,0.37,-0.04,-0.05,0.09,6.44,69.31,81.5,0.0,-0.31,-0.13,11,11
1772047358.2396,4696805,0.19,-0.11,0.13,-175.94,-71.37,73.56,-0.31,-0.25,0.06,-0.07,-0.05,0.12,6.56,69.31,81.44,0.0,-0.44,0.06,12,11
1772047358.430471,4696996,0.19,-0.15,0.16,-175.94,-71.37,73.56,0.37,-0.19,-0.06,-0.04,-0.06,0.11,6.62,69.25,81.44,0.0,0.19,0.06,11,11
1772047358.621306,4697187,0.15,-0.2,0.15,-175.94,-71.37,73.5,0.88,-0.25,-0.75,-0.12,0.0,0.04,6.62,69.31,81.44,-0.13,-0.31,-0.19,11,11
1772047358.811766,4697377,0.23,-0.06,0.11,-175.87,-71.37,73.5,-0.31,0.25,0.31,-0.04,-0.06,0.12,6.62,69.25,81.44,0.25,0.62,-0.25,11,11
1772047359.002687,4697568,0.19,-0.07,0.16,-175.87,-71.37,73.44,-0.69,-0.69,0.19,-0.07,-0.03,0.08,6.75,69.19,81.37,-0.13,0.31,0.5,11,11
1772047359.192887,4697759,0.22,-0.18,0.17,-175.87,-71.37,73.44,0.0,0.37,0.0,0.01,-0.12,0.15,6.69,69.12,81.44,0.06,0.5,0.44,11,11
1772047359.384046,4697950,0.21,-0.11,0.12,-175.81,-71.37,73.44,-0.19,0.69,0.31,-0.05,-0.06,0.11,6.69,69.12,81.37,0.13,0.81,0.13,11,11
1772047359.5745,4698140,0.23,-0.11,0.12,-175.81,-71.37,73.44,-0.13,0.44,-0.19,-0.08,-0.05,0.1,6.69,69.06,81.37,0.0,0.13,0.06,11,12
1772047359.765725,4698331,0.18,-0.09,0.14,-175.81,-71.37,73.44,-0.5,-0.25,0.13,-0.16,-0.04,0.02,6.69,69.0,81.37,-0.13,-0.19,-0.13,11,11
1772047359.956235,4698522,0.21,-0.16,0.16,-175.81,-71.37,73.44,-0.13,-0.13,0.37,-0.08,-0.07,0.08,6.69,69.0,81.37,0.0,-0.62,0.0,12,12
1772047360.147064,4698713,0.2,-0.13,0.12,-175.81,-71.37,73.44,-0.19,-0.19,0.31,-0.08,-0.07,0.1,6.69,69.06,81.37,-0.06,-0.69,0.06,11,11
1772047360.338109,4698904,0.18,-0.17,0.19,-175.87,-71.37,73.44,0.13,-0.31,-0.44,-0.09,-0.01,0.1,6.62,69.19,81.44,0.0,-0.37,-0.62,11,12
1772047360.528551,4699094,0.21,-0.11,0.15,-175.94,-71.31,73.44,0.62,0.13,-1.12,-0.08,0.0,0.1,6.56,69.31,81.5,-0.37,-0.81,-0.44,11,12
1772047360.719549,4699285,0.22,-0.04,0.11,-176.0,-71.31,73.44,-0.62,-0.31,0.19,-0.09,-0.03,0.09,6.56,69.31,81.44,-0.13,-0.31,-0.25,12,12
1772047360.910009,4699476,0.22,-0.16,0.14,-176.0,-71.31,73.44,-0.25,-0.37,-0.31,-0.08,-0.09,0.07,6.56,69.31,81.44,0.19,-0.13,-0.06,11,12
1772047361.100735,4699666,0.18,-0.07,0.16,-175.87,-71.31,73.37,-0.75,0.5,0.06,-0.04,-0.05,0.11,6.56,69.37,81.44,0.44,-0.44,-0.06,11,12
1772047361.291706,4699857,0.25,-0.09,0.1,-175.75,-71.37,73.37,-1.19,-0.75,0.94,-0.09,-0.07,0.11,6.69,69.31,81.44,-0.25,0.19,0.25,11,12
1772047361.482237,4700048,0.19,-0.14,0.15,-175.62,-71.44,73.31,-0.06,-0.31,0.19,-0.06,-0.05,0.08,6.62,69.25,81.44,0.13,0.37,0.25,11,11
1772047361.672848,4700239,0.13,-0.09,0.18,-175.62,-71.5,73.31,-0.62,0.37,0.25,-0.07,-0.08,0.14,6.62,69.25,81.44,0.88,1.37,0.75,11,11
1772047361.863593,4700429,0.21,-0.2,0.17,-175.62,-71.44,73.31,0.06,0.5,0.69,-0.06,-0.06,0.13,6.62,69.19,81.44,-0.19,0.37,0.44,11,11
1772047362.054138,4700620,0.3,-0.19,0.12,-175.5,-71.37,73.25,0.81,0.31,-0.37,-0.08,-0.07,0.13,6.62,69.19,81.44,0.0,-0.56,0.13,12,11
1772047362.245556,4700811,0.25,-0.12,0.13,-175.62,-71.37,73.31,0.25,-0.31,-0.06,-0.08,-0.04,0.13,6.56,69.31,81.44,0.0,-0.81,-0.69,11,11
1772047362.436062,4701002,0.21,-0.15,0.15,-175.62,-71.44,73.25,0.62,-0.69,-0.81,-0.12,-0.03,0.1,6.44,69.44,81.5,-0.25,-0.31,-0.25,12,11
1772047362.626906,4701192,0.18,-0.08,0.15,-175.5,-71.44,73.19,-0.13,-0.25,-0.06,-0.06,-0.06,0.11,6.44,69.44,81.5,-0.25,-0.44,-0.19,10,11
1772047362.81749,4701383,0.21,-0.15,0.14,-175.56,-71.44,73.19,0.25,-0.31,-0.06,-0.09,-0.05,0.07,6.44,69.44,81.5,0.06,-0.06,-0.13,11,11
1772047363.008631,4701574,0.16,-0.03,0.1,-175.44,-71.44,73.12,-0.69,-0.19,-0.19,-0.12,-0.01,0.04,6.5,69.44,81.5,-0.19,-0.69,-0.31,11,11
1772047363.199188,4701765,0.11,-0.09,0.16,-175.75,-71.44,73.31,-1.37,-0.13,-0.5,-0.05,-0.02,0.12,6.56,69.31,81.44,-0.44,0.5,0.0,11,11
1772047363.389648,4701955,0.2,-0.01,0.14,-175.87,-71.44,73.31,-0.31,-0.25,-0.62,-0.07,-0.03,0.11,6.69,69.25,81.44,-0.19,0.69,0.44,13,12
1772047363.58026,4702146,0.22,-0.04,0.15,-176.19,-71.5,73.5,-0.19,0.62,0.5,-0.08,-0.09,0.15,6.62,69.12,81.44,0.13,-0.37,-0.5,12,12
1772047363.770955,4702337,0.23,-0.12,0.11,-176.37,-71.37,73.62,0.0,-0.25,0.37,-0.1,-0.05,0.13,6.62,69.25,81.44,0.56,-0.69,-0.31,13,12
1772047363.960926,4702527,0.26,-0.07,0.12,-176.37,-71.44,73.56,-0.5,0.06,-0.44,-0.06,-0.06,0.14,6.56,69.37,81.5,-0.13,-1.12,-0.44,12,11
1772047364.152554,4702718,0.15,-0.06,0.19,-176.56,-71.56,73.69,-0.75,-1.0,0.31,-0.05,-0.01,0.17,6.62,69.44,81.5,-0.25,-0.25,-0.25,13,12
1772047364.342917,4702909,0.21,-0.14,0.12,-176.75,-71.56,73.69,0.19,0.19,0.0,-0.11,-0.05,0.13,6.56,69.5,81.5,-0.25,0.19,0.19,12,11
1772047364.533785,4703100,0.15,-0.18,0.08,-176.69,-71.56,73.69,0.94,0.0,-0.25,-0.07,-0.06,0.13,6.56,69.56,81.5,0.19,-0.19,-0.31,12,12
1772047364.724537,4703290,0.26,-0.01,0.12,-176.62,-71.56,73.56,0.13,-0.88,-0.19,-0.08,-0.03,0.12,6.56,69.56,81.5,-0.25,0.69,0.56,12,12
1772047364.915061,4703481,0.25,0.03,0.12,-176.56,-71.69,73.56,0.19,0.56,-0.56,-0.04,-0.08,0.15,6.62,69.44,81.44,0.13,1.25,0.44,12,12
1772047365.106377,4703672,0.15,-0.05,0.11,-176.75,-71.69,73.69,-0.44,-0.19,0.13,-0.12,-0.08,0.11,6.62,69.37,81.44,0.13,0.44,0.13,12,12
1772047365.296694,4703863,0.23,-0.06,0.1,-176.75,-71.62,73.69,0.13,-0.06,0.19,-0.09,-0.06,0.1,6.62,69.31,81.44,0.31,0.25,0.0,10,11
1772047365.487535,4704053,0.22,-0.09,0.09,-176.75,-71.62,73.69,0.06,0.81,-0.13,-0.07,-0.06,0.11,6.62,69.25,81.44,0.19,-1.06,-0.5,10,12
1772047365.678125,4704244,0.21,0.0,0.11,-176.69,-71.62,73.62,-0.94,0.37,0.13,-0.06,-0.05,0.11,6.69,69.25,81.44,-0.19,-0.5,-0.56,10,11
1772047365.869372,4704435,0.2,-0.05,0.12,-176.75,-71.62,73.69,-0.75,-0.25,-0.44,-0.08,-0.09,0.11,6.75,69.25,81.44,0.06,-0.37,-0.19,10,11
1772047366.060045,4704626,0.19,-0.09,0.12,-176.75,-71.62,73.69,-0.37,-0.13,0.25,-0.14,-0.01,0.07,6.81,69.25,81.37,-0.06,-0.88,-0.31,9,11
1772047366.250544,4704816,0.19,-0.19,0.1,-176.81,-71.62,73.69,0.56,0.06,0.56,-0.09,-0.03,0.09,6.81,69.25,81.37,-0.19,-0.19,0.06,11,11
1772047366.441122,4705007,0.18,-0.18,0.08,-176.75,-71.56,73.62,0.56,-0.13,0.13,-0.06,-0.06,0.07,6.87,69.19,81.37,0.06,0.5,0.31,10,11
1772047366.632034,4705198,0.2,-0.09,0.14,-176.75,-71.62,73.62,-0.13,-0.69,0.44,-0.08,-0.01,0.07,6.87,69.12,81.37,-0.06,0.5,0.13,10,11
1772047366.822356,4705389,0.27,0.04,0.1,-176.62,-71.62,73.62,0.5,0.37,-0.25,-0.07,0.02,0.03,6.87,69.12,81.37,0.25,1.12,0.19,10,11
1772047367.013846,4705580,0.15,-0.06,0.08,-176.69,-71.56,73.62,-0.13,0.69,-0.06,-0.05,-0.1,0.12,6.87,69.0,81.37,0.06,0.19,-0.13,10,11
1772047367.20455,4705770,0.21,-0.11,0.11,-176.69,-71.5,73.62,-0.25,-0.37,-0.44,-0.06,-0.01,0.06,6.87,69.0,81.37,-0.13,-0.13,0.06,10,11
1772047367.395188,4705961,0.2,-0.1,0.09,-176.69,-71.5,73.56,-0.37,1.25,0.13,-0.04,-0.04,0.05,6.75,69.06,81.44,0.0,-1.19,-0.44,10,11
1772047367.585716,4706152,0.21,-0.04,0.11,-176.62,-71.37,73.5,0.25,0.62,0.06,-0.08,-0.04,0.1,6.81,69.12,81.44,0.06,-0.19,-0.37,11,11
1772047367.776487,4706342,0.24,-0.14,0.11,-176.69,-71.37,73.56,0.37,0.06,0.06,-0.07,-0.06,0.06,6.81,69.19,81.44,-0.06,0.06,0.13,10,11
1772047367.967534,4706533,0.14,-0.15,0.15,-176.62,-71.37,73.56,0.0,-0.06,0.62,-0.07,0.0,0.12,6.81,69.25,81.44,-0.31,-0.81,-0.31,11,11
1772047368.158327,4706724,0.23,-0.14,0.13,-176.62,-71.31,73.5,-0.06,-0.31,0.75,-0.1,-0.01,0.04,6.81,69.25,81.44,-0.19,-0.13,0.13,10,11
1772047368.348896,4706915,0.18,-0.11,0.1,-176.44,-71.31,73.44,0.88,-0.37,0.19,-0.06,-0.04,0.07,6.81,69.25,81.44,-0.06,0.62,0.88,11,12
1772047368.539583,4707106,0.19,-0.16,0.16,-176.56,-71.37,73.56,1.06,-0.5,0.13,-0.09,-0.04,0.12,6.87,69.25,81.37,0.06,0.56,-0.06,10,11
1772047368.730458,4707296,0.2,-0.12,0.16,-176.62,-71.37,73.56,0.75,-0.19,-0.25,-0.11,-0.02,0.12,6.87,69.19,81.37,-0.13,0.37,-0.19,11,11
1772047368.921371,4707487,0.22,-0.05,0.11,-176.5,-71.37,73.56,-0.19,0.56,0.25,-0.08,-0.05,0.09,6.87,69.12,81.37,-0.25,0.44,0.13,11,11
1772047369.11186,4707678,0.16,-0.14,0.16,-176.56,-71.37,73.56,0.56,0.31,-0.62,-0.08,-0.05,0.13,6.87,69.06,81.37,-0.06,-0.31,0.06,12,12
1772047369.302623,4707869,0.25,-0.13,0.1,-176.56,-71.31,73.56,-0.88,0.06,0.06,-0.05,-0.01,0.06,6.75,69.25,81.44,0.31,-1.5,-0.75,11,12
1772047369.493384,4708059,0.25,-0.02,0.14,-176.5,-71.31,73.5,-0.56,0.31,-0.37,-0.04,-0.04,0.06,6.69,69.25,81.44,-0.13,0.25,0.5,11,12
1772047369.684016,4708250,0.17,-0.14,0.16,-176.69,-71.37,73.62,0.0,0.06,-0.56,-0.07,-0.06,0.11,6.69,69.25,81.44,0.0,-0.19,0.06,12,11
1772047369.874943,4708441,0.13,-0.15,0.16,-176.69,-71.37,73.62,-0.44,0.37,0.5,-0.08,-0.02,0.06,6.69,69.31,81.44,0.37,0.37,0.25,11,11
1772047370.065726,4708632,0.16,-0.19,0.18,-176.56,-71.37,73.56,-0.19,-0.31,0.69,-0.04,-0.02,0.03,6.69,69.31,81.44,0.56,0.25,0.19,12,11
1772047370.256748,4708823,0.25,-0.2,0.07,-176.37,-71.25,73.44,-0.44,0.56,1.12,-0.1,-0.04,0.11,6.62,69.31,81.44,-0.25,-0.25,0.5,11,11
1772047370.44719,4709013,0.18,-0.18,0.17,-176.31,-71.31,73.37,0.37,-0.62,0.31,-0.06,-0.09,0.12,6.62,69.31,81.44,0.13,0.37,0.13,12,11
1772047370.638082,4709204,0.18,-0.24,0.13,-176.44,-71.37,73.5,1.94,-0.5,-0.69,-0.12,-0.01,0.09,6.69,69.25,81.44,-0.19,0.44,0.19,10,11
1772047370.828887,4709395,0.19,-0.07,0.14,-176.81,-71.5,73.62,0.13,0.25,0.19,-0.06,-0.06,0.12,6.75,69.19,81.44,-0.31,0.62,0.06,11,11
1772047371.019403,4709586,0.21,-0.07,0.13,-176.87,-71.5,73.69,0.13,0.06,-0.13,-0.07,-0.07,0.09,6.69,69.06,81.44,0.0,0.75,0.25,10,11
1772047371.210277,4709776,0.18,-0.04,0.07,-177.0,-71.5,73.75,0.19,0.62,-0.06,-0.06,-0.03,0.12,6.69,69.06,81.44,-0.06,0.75,0.06,10,11
1772047371.400898,4709967,0.19,-0.05,0.09,-177.12,-71.5,73.81,0.13,0.62,-0.56,-0.12,-0.08,0.09,6.69,69.0,81.44,0.19,-0.5,-0.37,10,11
1772047371.591758,4710158,0.24,-0.09,0.08,-177.37,-71.5,73.94,-0.37,0.13,0.44,-0.06,-0.07,0.17,6.56,69.12,81.44,0.19,-0.62,-0.06,10,11
1772047371.782781,4710349,0.33,-0.17,0.1,-177.37,-71.5,73.87,0.44,-0.31,-0.25,-0.07,-0.04,0.11,6.56,69.19,81.5,0.06,-1.62,-0.62,10,11
1772047371.973984,4710540,0.2,-0.07,0.11,-177.44,-71.56,73.87,-0.31,0.56,0.37,-0.07,-0.07,0.09,6.5,69.31,81.5,0.06,-0.19,-0.31,9,11
1772047372.165083,4710731,0.21,-0.08,0.09,-177.5,-71.56,73.94,-0.75,-0.19,0.19,-0.1,-0.07,0.09,6.5,69.31,81.5,0.19,-0.13,-0.13,10,11
1772047372.35598,4710922,0.18,-0.06,0.11,-177.37,-71.56,73.81,-0.44,0.25,0.75,-0.1,0.0,0.06,6.5,69.37,81.5,0.31,-0.44,0.13,9,11
1772047372.547825,4711114,0.25,-0.09,0.11,-177.31,-71.44,73.75,0.13,0.25,0.62,-0.09,-0.04,0.1,6.5,69.37,81.5,-0.19,-0.56,0.13,11,11
1772047372.737581,4711304,0.17,-0.12,0.13,-177.37,-71.5,73.81,0.69,-0.81,0.06,-0.07,-0.07,0.11,6.62,69.31,81.44,-0.06,0.44,0.75,10,11
1772047372.929434,4711496,0.15,-0.16,0.16,-177.44,-71.62,73.87,0.37,-1.12,0.0,-0.11,-0.04,0.11,6.69,69.25,81.44,0.0,0.5,-0.06,10,11
1772047373.123486,4711690,0.23,0.0,0.09,-177.25,-71.56,73.69,1.0,0.88,-0.81,-0.13,-0.02,0.11,6.75,69.12,81.37,-0.06,1.12,0.31,11,11
1772047373.316634,4711883,0.21,-0.05,0.1,-177.37,-71.5,73.81,0.0,0.06,0.06,-0.09,-0.11,0.15,6.75,69.06,81.37,-0.13,0.25,0.0,10,11
1772047373.508631,4712075,0.22,-0.15,0.1,-177.62,-71.44,73.94,-0.19,-0.44,-0.13,-0.08,-0.05,0.13,6.75,69.19,81.37,0.0,-0.44,-0.31,11,12
1772047373.697825,4712264,0.19,-0.07,0.07,-177.62,-71.44,73.94,-0.37,1.0,-0.37,-0.05,-0.05,0.09,6.75,69.25,81.37,0.0,-1.44,-0.31,10,11
1772047373.890271,4712456,0.2,-0.07,0.14,-177.69,-71.44,73.94,-0.19,-0.25,-0.44,-0.05,-0.09,0.12,6.75,69.31,81.37,-0.37,-0.44,-0.19,10,11
1772047374.081382,4712647,0.21,-0.16,0.1,-177.69,-71.44,74.0,-0.13,-0.13,-0.25,-0.08,-0.05,0.06,6.75,69.31,81.37,-0.06,-0.56,0.0,12,11
1772047374.272312,4712839,0.18,-0.1,0.12,-177.5,-71.44,73.87,0.13,0.69,0.75,-0.07,-0.09,0.1,6.75,69.31,81.37,0.31,0.25,-0.13,12,11
1772047374.463638,4713030,0.19,-0.15,0.11,-177.31,-71.37,73.75,-0.69,0.81,1.0,-0.08,-0.04,0.13,6.69,69.37,81.37,-0.13,0.06,0.44,12,11
1772047374.654953,4713221,0.22,-0.12,0.12,-177.12,-71.37,73.56,0.5,-0.06,0.0,-0.07,-0.05,0.09,6.69,69.37,81.37,-0.06,-0.37,0.31,12,11
1772047374.845091,4713411,0.22,-0.13,0.13,-177.12,-71.37,73.56,0.62,-0.88,0.37,-0.07,-0.08,0.16,6.69,69.31,81.44,-0.25,0.13,0.25,12,11
1772047375.036734,4713603,0.18,-0.21,0.15,-177.19,-71.44,73.62,0.75,-0.44,-0.25,-0.08,-0.05,0.12,6.69,69.31,81.37,0.06,0.62,0.44,12,11
1772047375.229834,4713796,0.2,-0.09,0.11,-177.0,-71.44,73.5,0.37,0.13,0.31,-0.08,-0.05,0.07,6.69,69.25,81.37,-0.19,-0.19,-0.25,12,11
1772047375.423721,4713990,0.17,-0.15,0.13,-177.0,-71.44,73.5,0.31,-0.25,-0.06,-0.09,-0.07,0.11,6.69,69.19,81.37,-0.25,0.13,0.06,13,11
1772047375.616135,4714182,0.22,-0.05,0.09,-177.0,-71.44,73.5,0.25,0.5,-0.13,-0.06,-0.06,0.16,6.62,69.25,81.44,0.69,1.06,0.0,13,11
1772047375.807197,4714373,0.18,-0.11,0.08,-177.0,-71.37,73.5,-0.37,0.44,0.25,-0.12,-0.07,0.15,6.62,69.25,81.44,0.0,-0.62,-0.31,13,11
1772047375.998744,4714565,0.12,-0.12,0.12,-177.19,-71.44,73.56,0.31,-1.06,-0.62,-0.07,-0.07,0.11,6.69,69.37,81.37,0.0,-1.06,-0.5,11,11
1772047376.190097,4714756,0.26,-0.14,0.16,-177.19,-71.44,73.56,-0.5,0.0,0.06,-0.06,-0.07,0.08,6.69,69.44,81.44,0.19,-0.81,-0.19,11,11
1772047376.381437,4714947,0.24,-0.08,0.09,-177.06,-71.44,73.5,-1.06,0.5,0.69,-0.07,-0.07,0.08,6.69,69.5,81.44,0.0,-0.25,-0.06,11,11
1772047376.573482,4715139,0.23,-0.09,0.11,-177.0,-71.44,73.44,-0.69,-0.19,-0.25,-0.08,-0.05,0.11,6.69,69.5,81.44,0.25,-0.25,0.06,12,10
1772047376.765317,4715331,0.12,-0.08,0.13,-176.87,-71.56,73.37,-0.5,-0.25,0.31,-0.04,-0.13,0.21,6.75,69.44,81.37,0.81,1.81,1.25,11,11
1772047376.955741,4715522,0.15,-0.24,0.15,-176.87,-71.56,73.5,0.19,-0.69,0.81,-0.08,-0.06,0.12,6.69,69.37,81.37,-0.06,0.69,0.13,12,11
1772047377.149684,4715716,0.2,-0.14,0.13,-176.94,-71.62,73.5,0.37,0.88,-0.19,-0.12,-0.05,0.11,6.69,69.25,81.37,-0.06,0.56,0.37,11,11
1772047377.342851,4715909,0.21,-0.07,0.09,-177.12,-71.56,73.56,0.13,0.31,-0.25,-0.1,-0.03,0.15,6.69,69.25,81.37,-0.31,-0.94,-0.44,12,11
1772047377.53456,4716100,0.22,-0.06,0.1,-177.31,-71.5,73.62,-0.75,-0.31,-0.13,-0.12,-0.07,0.15,6.56,69.37,81.44,-0.37,-0.81,-0.25,12,11
1772047377.725768,4716292,0.18,-0.24,0.11,-177.5,-71.5,73.75,0.75,-0.56,-0.25,-0.08,-0.06,0.1,6.69,69.25,81.37,-0.19,0.0,-0.06,11,11
1772047377.916194,4716483,0.22,-0.12,0.12,-177.62,-71.5,73.81,0.19,0.13,0.19,-0.08,-0.09,0.11,6.75,69.19,81.37,-0.06,0.06,0.06,11,10
1772047378.107484,4716673,0.2,-0.17,0.1,-177.69,-71.5,73.81,0.5,-0.06,-0.62,-0.12,0.0,0.05,6.81,69.25,81.37,-0.25,-0.19,-0.06,11,11
1772047378.298869,4716865,0.24,-0.04,0.08,-177.5,-71.5,73.69,-0.44,-0.37,-0.06,-0.08,-0.05,0.06,6.87,69.19,81.37,-0.19,-0.06,0.0,11,11
1772047378.490383,4717057,0.18,-0.14,0.12,-177.5,-71.5,73.69,-0.13,-0.31,-0.5,-0.05,-0.06,0.06,6.87,69.12,81.31,0.44,0.31,-0.19,10,12
1772047378.683449,4717250,0.27,0.09,0.08,-177.25,-71.44,73.5,-0.94,0.13,0.13,-0.06,-0.02,0.06,6.94,69.12,81.31,0.44,0.88,0.44,10,11
1772047378.876247,4717442,0.16,-0.13,0.07,-177.5,-71.5,73.75,-0.37,-0.13,-0.5,-0.06,-0.07,0.08,7.12,69.06,81.25,0.31,0.81,0.62,10,11
1772047379.066116,4717632,0.2,-0.13,0.14,-177.56,-71.5,73.81,0.37,-0.37,-0.31,-0.06,-0.03,0.05,7.12,69.06,81.25,0.25,0.37,0.19,11,11
1772047379.259699,4717826,0.22,-0.12,0.11,-177.44,-71.5,73.75,-0.62,0.69,0.25,-0.03,-0.07,0.1,7.06,69.0,81.25,0.19,-0.19,-0.37,10,12
1772047379.451113,4718017,0.26,0.0,0.05,-177.37,-71.44,73.69,-1.0,0.44,-0.19,-0.05,-0.06,0.1,7.06,68.94,81.25,-0.13,0.25,0.06,10,12
1772047379.64313,4718209,0.23,-0.14,0.1,-177.37,-71.44,73.69,-0.06,-0.06,-0.44,-0.08,-0.06,0.07,7.12,69.0,81.25,0.13,-0.81,-0.37,11,11
1772047379.835116,4718401,0.21,-0.1,0.11,-177.37,-71.44,73.69,-0.25,-0.19,-0.19,-0.07,-0.03,0.06,7.12,69.12,81.25,0.0,-2.12,-1.0,12,12
1772047380.026582,4718593,0.19,-0.17,0.14,-177.37,-71.44,73.69,-0.19,0.0,0.62,-0.05,-0.05,0.12,7.06,69.19,81.25,-0.13,-0.19,-0.13,12,12
1772047380.216744,4718783,0.24,-0.15,0.12,-177.44,-71.44,73.75,-0.31,0.37,0.37,-0.06,-0.06,0.08,7.12,69.25,81.25,0.13,-0.31,0.06,11,12
1772047380.410099,4718976,0.16,-0.12,0.13,-177.44,-71.5,73.75,-0.25,-0.37,0.5,-0.05,0.01,0.11,7.12,69.25,81.25,-0.37,-1.25,-0.56,11,12
1772047380.602759,4719169,0.21,-0.15,0.13,-177.5,-71.44,73.75,0.0,-0.06,0.88,-0.07,0.0,0.06,7.12,69.31,81.25,-0.25,0.25,0.25,11,11
1772047380.795805,4719362,0.2,-0.18,0.07,-177.31,-71.44,73.62,0.69,-0.25,0.31,-0.05,-0.03,0.11,7.12,69.31,81.25,-0.13,0.88,0.62,11,11
1772047380.987555,4719554,0.2,-0.2,0.13,-177.37,-71.5,73.69,0.62,-0.75,0.25,-0.1,-0.02,0.12,7.19,69.25,81.25,0.0,0.5,0.0,11,11
1772047381.179396,4719746,0.18,-0.09,0.14,-177.37,-71.56,73.69,0.69,0.19,-0.5,-0.12,0.0,0.08,7.19,69.25,81.25,-0.06,0.37,0.0,11,11
1772047381.370088,4719936,0.21,-0.08,0.11,-177.37,-71.5,73.69,-0.19,0.37,0.0,-0.07,-0.01,0.15,7.19,69.12,81.25,0.0,0.81,-0.25,11,11
1772047381.562404,4720128,0.21,-0.03,0.09,-177.31,-71.44,73.62,0.37,-0.31,-0.94,-0.08,-0.02,0.08,7.25,69.06,81.19,0.0,-0.5,-0.31,11,12
1772047381.754763,4720321,0.14,-0.07,0.06,-177.37,-71.44,73.69,-0.81,0.13,0.0,-0.11,0.0,0.0,7.12,69.25,81.25,-0.06,-1.19,-0.69,10,11
1772047381.947474,4720514,0.21,-0.13,0.12,-177.5,-71.44,73.75,-0.44,-0.75,-0.44,-0.07,-0.04,0.09,7.12,69.25,81.25,-0.06,-0.31,0.06,10,11
1772047382.140314,4720706,0.22,-0.14,0.09,-177.5,-71.44,73.75,-0.56,0.25,-0.13,-0.07,-0.02,0.09,7.12,69.25,81.25,0.13,-0.25,-0.19,10,11
1772047382.330112,4720896,0.21,-0.1,0.16,-177.44,-71.44,73.75,-0.88,-0.25,0.13,-0.08,-0.05,0.07,7.19,69.31,81.25,-0.13,-1.25,-0.19,10,11
1772047382.523102,4721089,0.24,-0.13,0.1,-177.31,-71.44,73.62,-1.0,0.94,0.62,-0.06,-0.02,0.08,7.12,69.31,81.25,0.06,-0.13,-0.13,11,12
1772047382.714955,4721281,0.24,-0.11,0.14,-177.31,-71.44,73.62,-0.31,-0.19,0.06,-0.04,-0.05,0.08,7.12,69.31,81.25,-0.06,0.0,0.19,11,11
1772047382.906666,4721473,0.2,-0.01,0.15,-177.12,-71.44,73.5,-1.12,0.19,0.37,-0.03,-0.07,0.17,7.19,69.19,81.19,0.62,1.81,1.12,11,11
1772047383.098974,4721665,0.13,-0.23,0.18,-177.31,-71.44,73.62,-0.13,0.25,0.44,-0.05,-0.05,0.08,7.19,69.19,81.25,0.13,0.31,0.25,11,11
1772047383.290688,4721857,0.2,-0.16,0.15,-177.25,-71.37,73.5,0.37,0.0,0.19,-0.1,-0.06,0.08,7.19,69.12,81.19,0.06,0.25,0.5,11,11
1772047383.481773,4722048,0.21,-0.16,0.16,-177.25,-71.37,73.5,-0.5,0.19,0.44,-0.06,-0.05,0.19,7.19,69.06,81.19,0.06,0.69,-0.06,11,11
1772047383.674568,4722241,0.21,-0.17,0.15,-177.25,-71.25,73.5,-0.19,0.13,0.25,-0.11,-0.06,0.15,7.06,69.19,81.25,-0.06,-0.25,0.13,11,11
1772047383.867682,4722434,0.19,-0.2,0.12,-177.25,-71.25,73.5,0.88,-0.13,-0.56,-0.06,-0.03,0.09,7.12,69.25,81.25,-0.31,-0.62,-0.13,11,11
1772047384.059467,4722626,0.18,-0.17,0.16,-177.25,-71.37,73.56,0.25,-0.44,-0.13,-0.1,-0.06,0.12,7.12,69.31,81.25,0.06,-0.06,-0.19,11,11
1772047384.250873,4722817,0.19,-0.29,0.1,-177.31,-71.31,73.56,0.25,0.5,0.06,-0.13,-0.02,0.11,6.94,69.37,81.31,-0.25,0.37,0.0,11,11
1772047384.442339,4723009,0.19,-0.06,0.14,-177.19,-71.31,73.44,0.37,0.0,-0.06,-0.05,-0.02,0.15,6.94,69.37,81.31,-0.31,-0.19,-0.19,11,10
1772047384.63296,4723199,0.2,-0.18,0.11,-177.44,-71.37,73.56,0.37,-0.88,-0.44,-0.06,-0.07,0.1,7.0,69.44,81.25,0.37,0.25,0.62,11,11
1772047384.825519,4723392,0.22,-0.06,0.07,-177.69,-71.5,73.62,-0.31,0.25,0.81,-0.08,0.01,0.08,6.94,69.44,81.31,0.13,-0.25,-0.69,10,12
1772047385.017383,4723584,0.19,0.0,0.08,-177.56,-71.5,73.5,-0.37,-0.56,0.0,-0.05,-0.09,0.16,7.0,69.44,81.25,0.0,1.0,0.75,11,11
1772047385.209639,4723776,0.24,-0.1,0.09,-177.81,-71.5,73.75,0.81,-0.13,-0.5,-0.08,-0.04,0.06,7.12,69.37,81.25,-0.19,0.06,0.31,11,11
1772047385.401486,4723968,0.23,-0.09,0.14,-178.19,-71.62,73.94,-0.06,0.88,-0.13,-0.04,-0.1,0.16,7.12,69.31,81.25,0.13,-0.13,-0.06,11,11
1772047385.59096,4724157,0.24,-0.03,0.09,-178.31,-71.62,74.0,-1.06,0.44,-0.13,-0.02,-0.04,0.17,7.06,69.25,81.25,0.0,0.62,-0.31,10,11
1772047385.783492,4724350,0.24,0.01,0.06,-178.19,-71.56,73.87,-0.31,-0.69,-0.5,-0.08,-0.05,0.13,7.12,69.31,81.25,0.0,-0.94,-0.19,12,11
1772047385.975932,4724542,0.21,-0.09,0.14,-178.37,-71.56,74.0,-0.06,0.06,-0.19,-0.03,-0.07,0.18,7.12,69.37,81.25,0.0,-0.19,-0.06,12,11
1772047386.16777,4724734,0.18,-0.19,0.12,-178.5,-71.56,74.12,0.13,0.37,0.25,-0.05,-0.06,0.12,7.12,69.5,81.25,0.06,0.13,0.13,11,11
1772047386.35986,4724926,0.22,-0.13,0.08,-178.5,-71.56,74.06,-0.13,0.25,0.37,-0.06,-0.04,0.15,7.12,69.5,81.25,0.13,0.19,0.19,11,11
1772047386.551871,4725118,0.16,-0.08,0.11,-178.5,-71.62,74.06,0.13,-0.31,0.56,-0.05,-0.06,0.13,7.12,69.5,81.25,0.44,1.25,0.56,12,11
1772047386.742863,4725310,0.24,-0.12,0.11,-178.44,-71.62,74.06,0.13,0.0,0.94,-0.06,-0.01,0.12,7.12,69.56,81.25,0.06,0.44,0.56,12,11
1772047386.934976,4725502,0.18,-0.05,0.1,-178.25,-71.69,74.0,0.25,0.25,0.0,-0.08,-0.05,0.1,7.19,69.37,81.25,0.13,0.81,0.75,11,11
1772047387.126704,4725693,0.18,-0.14,0.13,-178.19,-71.75,73.94,0.25,-0.25,1.5,-0.09,0.01,0.12,7.25,69.19,81.19,0.06,0.31,0.0,11,11
1772047387.318005,4725885,0.22,-0.05,0.1,-177.94,-71.69,73.81,1.31,0.13,0.13,-0.1,-0.04,0.14,7.25,69.0,81.19,0.19,1.37,0.25,11,10
1772047387.509368,4726076,0.18,-0.1,0.09,-178.12,-71.69,74.06,-0.44,-0.19,-0.37,-0.12,-0.04,0.11,7.31,68.87,81.12,0.0,-0.31,0.0,11,10
1772047387.699023,4726265,0.26,-0.19,0.09,-178.62,-71.69,74.25,0.62,-0.44,-0.25,-0.08,0.0,0.09,7.37,68.94,81.12,0.06,-0.44,-0.37,10,11
1772047387.891503,4726458,0.23,-0.09,0.09,-178.69,-71.69,74.19,1.0,0.69,-1.06,-0.1,0.0,0.06,7.37,69.0,81.12,-0.19,-0.62,-0.25,10,11
1772047388.083679,4726650,0.18,-0.04,0.07,-178.94,-71.69,74.31,-0.25,-0.37,-0.19,-0.1,-0.02,0.1,7.44,69.0,81.12,-0.19,0.13,-0.06,10,10
1772047388.275683,4726842,0.23,-0.11,0.03,-179.0,-71.69,74.37,0.06,-0.5,-0.31,-0.05,0.0,0.04,7.44,69.0,81.12,-0.13,-0.56,-0.37,10,11
1772047388.467687,4727034,0.21,0.01,0.11,-179.12,-71.75,74.44,0.0,-0.31,-0.37,-0.06,0.01,0.06,7.44,69.12,81.12,0.06,0.06,-0.25,10,11
1772047388.660126,4727226,0.24,-0.01,0.08,-179.06,-71.75,74.31,-0.94,-0.13,0.06,-0.07,0.0,0.08,7.44,69.12,81.12,-0.13,-0.25,-0.06,10,11
1772047388.850861,4727417,0.24,-0.02,0.09,-179.0,-71.75,74.25,-0.13,0.0,-0.44,-0.06,0.01,0.06,7.44,69.12,81.12,0.06,0.44,0.13,10,11
1772047389.042683,4727609,0.18,0.0,0.06,-178.69,-71.87,74.06,-1.5,-0.81,0.69,-0.12,0.01,0.01,7.5,69.12,81.12,-0.19,-0.56,-0.31,10,11
1772047389.23387,4727800,0.24,-0.02,0.08,-178.56,-71.94,74.0,-0.37,-0.06,-0.31,-0.03,-0.03,0.05,7.5,69.0,81.06,0.06,0.75,0.44,10,12
1772047389.42522,4727992,0.21,-0.05,0.06,-178.56,-71.94,74.06,0.13,0.13,-0.25,-0.07,-0.03,0.05,7.5,69.0,81.06,0.13,0.56,0.44,10,12
1772047389.615605,4728182,0.26,-0.1,0.12,-178.56,-71.94,74.06,-0.31,0.06,0.0,-0.04,-0.02,0.07,7.5,69.0,81.06,0.0,-0.62,-0.31,11,12
1772047389.806127,4728372,0.23,-0.03,0.05,-178.56,-71.87,74.0,-0.81,0.75,-0.44,-0.02,0.01,0.08,7.44,69.0,81.12,0.44,-0.06,-0.44,10,12
1772047389.997837,4728564,0.26,0.01,0.06,-178.25,-71.87,73.81,0.62,-0.19,-0.13,-0.06,-0.04,0.09,7.5,69.06,81.12,0.06,-0.69,0.25,11,12
1772047390.188976,4728755,0.17,-0.05,0.09,-178.44,-71.87,73.87,-0.06,0.13,0.37,-0.06,-0.02,0.06,7.5,69.12,81.12,-0.13,-1.12,-0.75,11,12
1772047390.379702,4728946,0.18,-0.19,0.08,-178.37,-71.87,73.87,-0.62,0.94,0.56,-0.06,-0.02,0.12,7.44,69.19,81.12,0.19,0.25,0.31,11,12
1772047390.570646,4729137,0.23,-0.09,0.08,-178.12,-71.81,73.69,-0.25,0.0,0.44,-0.04,0.0,0.05,7.44,69.19,81.12,-0.25,0.0,-0.06,12,11
1772047390.760597,4729327,0.18,-0.08,0.13,-178.12,-71.81,73.62,-0.25,-0.13,0.5,-0.08,-0.01,0.04,7.44,69.19,81.12,-0.06,-0.44,-0.19,11,11
1772047390.951588,4729518,0.19,-0.1,0.11,-178.12,-71.81,73.69,0.0,0.25,0.69,-0.05,0.0,0.1,7.44,69.19,81.12,0.0,0.0,0.31,12,11
1772047391.143186,4729710,0.22,-0.04,0.07,-178.0,-71.75,73.56,0.06,-0.56,0.25,-0.06,-0.04,0.07,7.44,69.19,81.12,0.37,0.31,0.31,11,11
1772047391.334014,4729900,0.21,-0.02,0.11,-178.0,-71.87,73.56,-0.62,-0.81,0.56,-0.06,-0.06,0.14,7.5,69.19,81.12,-0.13,0.69,0.19,12,11
1772047391.523919,4730091,0.16,-0.23,0.09,-178.0,-71.87,73.62,0.44,-0.69,0.37,-0.13,0.0,0.12,7.5,69.12,81.12,0.19,0.75,0.19,11,10
1772047391.713665,4730280,0.22,-0.07,0.07,-177.69,-71.87,73.44,0.81,0.06,0.06,-0.08,0.0,0.1,7.5,69.06,81.12,-0.25,-0.19,-0.06,11,11
1772047391.905324,4730472,0.19,-0.1,0.12,-177.75,-71.87,73.44,0.25,0.13,0.06,-0.11,-0.01,0.08,7.5,69.06,81.12,0.0,0.13,-0.13,11,11
1772047392.095678,4730662,0.28,-0.05,0.06,-177.75,-71.81,73.44,0.62,0.5,-0.5,-0.09,-0.01,0.1,7.44,69.12,81.12,0.0,0.37,0.0,10,11
1772047392.286887,4730853,0.2,-0.1,0.07,-177.75,-71.81,73.5,-0.31,0.25,0.25,-0.1,-0.02,0.1,7.5,69.19,81.12,0.06,-0.62,-0.37,11,11
1772047392.477889,4731044,0.19,-0.07,0.1,-177.81,-71.81,73.5,0.13,-0.5,-0.56,-0.09,0.0,0.1,7.5,69.25,81.12,0.19,-0.5,-0.13,10,12
1772047392.667877,4731234,0.16,-0.08,0.07,-177.81,-71.75,73.5,-0.31,1.19,-0.13,-0.1,0.05,0.03,7.37,69.31,81.19,-0.06,-1.62,-0.81,11,12
1772047392.858726,4731425,0.24,-0.04,0.08,-177.62,-71.69,73.37,-0.44,-0.5,-0.44,-0.07,-0.02,0.13,7.44,69.31,81.19,-0.44,0.31,0.25,10,12
1772047393.049321,4731616,0.22,-0.11,0.08,-177.69,-71.62,73.37,-0.62,1.0,-0.19,-0.08,-0.04,0.08,7.37,69.31,81.19,0.19,0.5,0.13,12,12
1772047393.240338,4731807,0.14,-0.08,0.1,-177.62,-71.62,73.37,-0.37,0.25,-0.19,-0.08,0.0,0.08,7.37,69.31,81.19,-0.25,-1.12,-0.44,11,12
1772047393.430155,4731997,0.22,-0.09,0.1,-177.62,-71.56,73.44,-0.75,-0.19,0.88,-0.08,-0.01,0.12,7.44,69.25,81.12,0.25,-0.13,0.56,12,12
1772047393.620603,4732187,0.23,-0.14,0.11,-177.69,-71.56,73.5,1.06,0.56,0.06,-0.07,-0.04,0.11,7.5,69.19,81.12,-0.06,-0.06,0.5,12,12
1772047393.811521,4732378,0.16,-0.14,0.15,-177.81,-71.56,73.62,-0.06,-0.31,0.62,-0.1,0.0,0.11,7.5,69.12,81.12,-0.19,-0.13,-0.19,12,12
1772047394.001896,4732568,0.22,-0.19,0.12,-177.75,-71.56,73.62,-0.25,-0.5,0.37,-0.11,-0.02,0.13,7.5,69.06,81.12,-0.19,-0.19,0.06,12,12
1772047394.192522,4732759,0.24,-0.14,0.04,-177.69,-71.5,73.56,0.25,0.25,-0.06,-0.11,-0.01,0.1,7.5,69.12,81.12,-0.25,-0.62,0.0,12,12
1772047394.382992,4732950,0.2,-0.16,0.12,-177.75,-71.5,73.56,0.31,-0.31,-0.37,-0.12,0.02,0.1,7.56,69.25,81.12,0.44,0.13,-0.19,12,12
1772047394.573709,4733140,0.21,-0.12,0.15,-177.69,-71.5,73.5,0.69,0.31,-0.75,-0.09,0.01,0.1,7.5,69.31,81.12,-0.13,-0.37,-0.25,12,12
1772047394.764785,4733331,0.23,-0.07,0.1,-177.69,-71.44,73.5,-0.5,0.44,-0.13,-0.1,0.0,0.12,7.5,69.31,81.12,-0.13,-0.19,-0.25,13,12
1772047394.955362,4733522,0.22,-0.13,0.11,-177.69,-71.44,73.5,-0.37,-0.81,-0.31,-0.08,0.0,0.05,7.5,69.37,81.12,-0.25,-0.62,-0.31,11,12
1772047395.146147,4733712,0.18,-0.07,0.08,-177.69,-71.5,73.5,-0.94,0.69,-0.13,-0.04,-0.03,0.1,7.5,69.44,81.12,0.25,-0.88,-0.13,12,12
1772047395.336633,4733903,0.25,-0.05,0.1,-177.5,-71.5,73.37,-1.31,-0.69,-0.13,-0.12,-0.03,0.12,7.5,69.37,81.12,0.0,0.62,0.56,11,12
1772047395.527075,4734094,0.24,-0.16,0.05,-177.5,-71.56,73.37,-0.31,0.06,0.06,-0.09,-0.07,0.1,7.5,69.37,81.12,0.19,0.25,0.56,12,11
1772047395.718165,4734285,0.17,-0.15,0.16,-177.37,-71.62,73.37,-0.56,-0.81,0.81,-0.06,-0.08,0.24,7.5,69.25,81.12,0.62,1.44,0.62,11,11
1772047395.909151,4734475,0.18,-0.19,0.14,-177.44,-71.56,73.37,-0.06,0.25,-0.13,-0.04,-0.02,0.12,7.56,69.19,81.06,-0.13,-0.19,0.13,12,11
1772047396.099518,4734666,0.23,-0.12,0.08,-177.44,-71.5,73.37,-0.31,0.37,0.37,-0.07,-0.03,0.14,7.5,69.19,81.06,0.06,-0.25,-0.06,12,11
1772047396.290239,4734857,0.21,-0.18,0.12,-177.44,-71.5,73.37,0.25,-0.56,0.06,-0.06,-0.04,0.13,7.56,69.19,81.06,0.19,0.06,0.0,12,10
1772047396.480647,4735048,0.2,-0.2,0.13,-177.44,-71.56,73.37,0.56,0.06,-0.5,-0.08,0.0,0.13,7.5,69.19,81.12,0.0,0.56,0.25,12,11
1772047396.672149,4735239,0.23,-0.1,0.12,-177.37,-71.5,73.31,0.37,-0.69,-0.13,-0.07,-0.01,0.09,7.5,69.19,81.12,-0.25,-0.06,-0.25,11,10
1772047396.862386,4735429,0.16,-0.19,0.16,-177.37,-71.56,73.31,-0.19,0.0,0.06,-0.05,0.01,0.02,7.5,69.12,81.06,0.0,-0.06,0.06,12,10
1772047397.052935,4735620,0.19,-0.05,0.11,-176.94,-71.62,73.06,1.06,1.0,-0.69,-0.11,0.06,0.0,7.56,69.06,81.06,-0.19,0.0,0.13,11,10
1772047397.243858,4735811,0.27,-0.1,0.08,-177.56,-71.62,73.37,-0.31,-0.37,-0.5,-0.04,-0.05,0.11,7.69,68.94,81.0,0.19,0.62,0.5,12,11
1772047397.434367,4736001,0.21,-0.11,0.13,-177.81,-71.69,73.5,0.44,-0.37,-0.44,-0.06,0.0,0.08,7.69,68.94,81.0,0.06,0.5,0.25,10,11
1772047397.625644,4736192,0.21,-0.07,0.12,-177.94,-71.69,73.56,-0.81,0.31,0.5,-0.04,-0.07,0.15,7.69,68.87,81.0,0.19,-1.5,-0.69,11,11
1772047397.816298,4736383,0.23,-0.1,0.03,-178.0,-71.69,73.5,-0.13,-0.19,-0.56,-0.09,0.02,0.03,7.69,69.12,81.0,0.31,-0.88,-0.13,10,11
1772047398.007028,4736574,0.2,-0.07,0.1,-178.19,-71.75,73.62,0.06,-0.62,-0.25,-0.09,-0.01,0.04,7.69,69.19,81.0,0.13,-0.69,0.0,11,11
1772047398.197431,4736764,0.14,-0.07,0.14,-178.19,-71.81,73.62,-0.44,0.44,0.37,-0.04,-0.05,0.13,7.69,69.19,81.0,0.62,0.94,0.56,11,11
1772047398.388162,4736955,0.15,-0.21,0.14,-178.56,-71.69,73.75,-0.44,0.75,1.12,-0.07,0.02,0.07,7.62,69.25,81.06,-0.13,0.0,0.13,11,11
1772047398.579119,4737146,0.24,-0.05,0.1,-178.31,-71.62,73.56,0.44,0.5,0.13,-0.1,-0.02,0.08,7.62,69.25,81.06,-0.31,-0.37,0.19,11,11
1772047398.769903,4737337,0.17,-0.12,0.11,-178.44,-71.69,73.62,0.06,-1.0,0.44,-0.11,0.03,0.08,7.62,69.19,81.06,-0.31,-0.06,0.13,11,11
1772047398.960525,4737527,0.21,-0.1,0.09,-178.56,-71.75,73.69,0.44,-0.19,0.37,-0.09,-0.01,0.07,7.62,69.12,81.0,-0.13,0.37,0.31,11,11
1772047399.151006,4737718,0.16,-0.07,0.1,-178.62,-71.75,73.75,0.56,-0.13,0.13,-0.07,-0.02,0.1,7.62,69.06,81.0,0.06,0.81,0.37,11,11
1772047399.34182,4737909,0.19,-0.09,0.12,-178.69,-71.75,73.75,0.06,0.56,-0.31,-0.07,-0.07,0.12,7.62,69.0,81.0,0.0,-0.44,-0.31,12,11
1772047399.532662,4738099,0.2,-0.15,0.12,-178.75,-71.69,73.75,0.0,-0.31,0.25,-0.09,-0.01,0.12,7.5,69.12,81.06,0.06,0.0,-0.13,11,11
1772047399.723169,4738290,0.21,-0.09,0.1,-178.75,-71.62,73.75,0.75,-0.37,-0.56,-0.08,0.0,0.05,7.5,69.19,81.06,0.06,-0.69,-0.37,12,11
1772047399.914014,4738481,0.2,-0.14,0.07,-178.75,-71.62,73.75,-0.75,0.19,0.5,-0.09,0.0,0.09,7.5,69.19,81.06,-0.5,0.0,-0.19,11,12
1772047400.104548,4738671,0.22,-0.01,0.1,-178.62,-71.62,73.69,0.5,-0.62,-0.81,-0.07,0.0,0.07,7.44,69.25,81.12,0.06,0.25,-0.25,11,12
1772047400.295672,4738862,0.24,-0.03,0.09,-178.5,-71.62,73.56,-0.25,0.37,-0.37,-0.07,0.0,0.08,7.44,69.25,81.12,-0.37,-0.25,-0.13,11,12
1772047400.486484,4739053,0.21,-0.02,0.13,-178.5,-71.62,73.5,-0.06,-0.69,-0.44,-0.08,-0.02,0.08,7.44,69.25,81.12,0.06,0.5,0.06,11,12
1772047400.677352,4739244,0.28,-0.06,0.06,-178.44,-71.62,73.5,-0.19,-0.13,0.25,-0.13,0.05,-0.01,7.44,69.19,81.06,-0.31,-1.12,-0.88,11,12
1772047400.867654,4739434,0.19,-0.02,0.11,-178.25,-71.75,73.44,-0.37,-0.19,-0.13,-0.05,-0.03,0.11,7.44,69.12,81.06,0.0,0.69,0.31,11,12
1772047401.058348,4739625,0.2,-0.09,0.1,-178.31,-71.75,73.5,0.25,-0.62,-0.5,-0.09,-0.01,0.09,7.44,69.12,81.06,0.06,0.13,0.25,11,12
1772047401.248837,4739815,0.16,-0.17,0.13,-178.31,-71.75,73.5,-0.13,1.75,0.0,-0.03,-0.02,0.11,7.31,69.12,81.12,0.37,-1.12,-0.37,11,12
1772047401.439923,4740007,0.23,0.06,0.09,-178.0,-71.62,73.25,0.25,-0.62,0.0,-0.03,-0.04,0.13,7.31,69.19,81.12,-0.25,-0.31,-0.31,12,12
1772047401.630536,4740197,0.22,-0.07,0.08,-178.12,-71.62,73.37,0.37,0.31,-0.37,-0.07,-0.05,0.04,7.31,69.25,81.12,-0.25,-0.62,0.13,11,11
1772047401.820969,4740388,0.14,-0.1,0.15,-178.31,-71.69,73.5,-0.5,0.0,0.19,-0.05,-0.05,0.13,7.31,69.25,81.12,0.5,0.56,0.25,12,11
1772047402.011829,4740579,0.19,-0.15,0.12,-178.31,-71.62,73.44,-0.44,0.5,0.5,-0.08,-0.02,0.08,7.31,69.31,81.12,0.25,0.06,0.31,12,11
1772047402.202474,4740769,0.22,-0.12,0.1,-178.25,-71.62,73.37,0.19,0.37,-0.06,-0.05,-0.02,0.11,7.31,69.31,81.12,0.06,0.25,0.31,12,11
1772047402.393556,4740960,0.17,-0.16,0.14,-178.25,-71.69,73.37,-0.13,-0.69,0.37,-0.09,-0.1,0.14,7.31,69.31,81.12,0.13,0.25,-0.06,12,11
1772047402.58404,4741151,0.21,-0.2,0.11,-178.25,-71.62,73.37,-0.37,0.56,0.69,-0.09,-0.01,0.06,7.25,69.37,81.19,0.44,0.44,0.56,12,11
1772047402.774746,4741342,0.16,-0.14,0.07,-178.12,-71.69,73.25,1.44,-0.75,0.06,-0.02,-0.01,0.16,7.25,69.31,81.19,-0.37,0.31,0.25,13,11
1772047402.965501,4741532,0.23,-0.12,0.09,-178.31,-71.69,73.37,0.88,-1.12,-0.13,-0.07,-0.04,0.09,7.37,69.19,81.12,-0.44,0.75,0.44,12,11
1772047403.156399,4741723,0.25,-0.02,0.1,-178.56,-71.81,73.56,-0.31,1.12,0.0,-0.03,-0.04,0.06,7.5,69.06,81.06,0.13,-0.5,-0.06,13,11
1772047403.347178,4741914,0.22,0.0,0.08,-178.62,-71.75,73.56,-1.12,0.62,0.13,-0.06,-0.04,0.15,7.44,69.0,81.06,-0.06,0.75,-0.13,12,11
1772047403.538103,4742105,0.22,-0.06,0.07,-178.62,-71.75,73.56,-0.06,-0.37,-0.44,-0.09,-0.03,0.04,7.44,69.06,81.06,-0.06,-0.88,-0.44,13,12
1772047403.728594,4742295,0.18,-0.1,0.08,-178.69,-71.75,73.56,-0.31,-0.19,0.19,-0.09,-0.01,0.07,7.44,69.19,81.06,0.0,-1.56,-0.69,11,12
1772047403.919173,4742486,0.16,-0.12,0.11,-178.81,-71.75,73.62,0.56,-0.19,0.62,-0.05,0.0,0.11,7.25,69.25,81.12,-0.25,-0.5,-0.13,12,12
1772047404.11017,4742677,0.31,-0.15,0.09,-178.56,-71.69,73.44,0.37,-0.62,0.0,-0.09,-0.02,0.09,7.31,69.25,81.12,-0.19,-0.31,-0.13,11,12
1772047404.301026,4742868,0.21,-0.1,0.12,-178.56,-71.69,73.44,-0.13,0.0,0.0,-0.07,-0.01,0.07,7.31,69.25,81.12,-0.44,-0.19,-0.31,11,12
1772047404.491266,4743058,0.26,0.02,0.07,-178.5,-71.69,73.44,-0.56,0.37,-0.13,-0.08,0.02,0.03,7.31,69.31,81.12,0.13,-0.5,-0.31,11,12
1772047404.682422,4743249,0.19,-0.04,0.11,-178.37,-71.69,73.31,-0.62,-0.31,-0.37,-0.08,-0.03,0.08,7.31,69.19,81.12,-0.19,0.25,0.44,11,12
1772047404.872846,4743440,0.21,-0.1,0.12,-178.37,-71.69,73.37,0.31,-0.31,-0.19,-0.07,-0.04,0.06,7.37,69.19,81.06,0.0,0.13,0.31,10,11
1772047405.063537,4743631,0.2,-0.06,0.15,-178.37,-71.69,73.37,-0.25,0.62,0.19,-0.07,-0.08,0.14,7.37,69.19,81.06,0.5,1.0,0.31,10,11
1772047405.254318,4743821,0.18,-0.14,0.16,-178.37,-71.69,73.37,-0.13,0.0,0.31,-0.06,-0.1,0.15,7.31,69.19,81.12,0.37,0.13,-0.31,10,11
1772047405.445018,4744012,0.29,0.07,0.1,-178.12,-71.56,73.19,-1.62,0.56,0.13,-0.06,-0.04,0.09,7.31,69.19,81.12,0.06,-0.37,0.25,10,10
1772047405.635869,4744203,0.25,-0.17,0.09,-178.44,-71.62,73.37,0.13,0.81,0.06,-0.1,-0.03,0.07,7.31,69.25,81.12,-0.13,-0.31,-0.31,11,11
1772047405.826584,4744393,0.22,-0.15,0.12,-178.5,-71.56,73.37,1.25,-0.88,-0.75,-0.1,0.0,0.11,7.31,69.37,81.12,0.06,-0.06,-0.31,10,10
1772047406.017464,4744584,0.28,-0.06,0.07,-178.5,-71.56,73.37,-0.56,0.44,0.44,-0.13,-0.01,0.13,7.31,69.37,81.12,0.0,0.06,-0.44,11,11
1772047406.208071,4744775,0.19,-0.07,0.09,-178.31,-71.56,73.25,0.13,-0.56,-0.5,-0.08,0.0,0.06,7.31,69.37,81.12,-0.13,-0.31,0.0,11,10
1772047406.398607,4744966,0.21,-0.06,0.12,-178.37,-71.56,73.31,-0.44,0.5,-0.06,-0.04,-0.1,0.11,7.31,69.44,81.12,0.62,0.13,0.31,12,11
1772047406.589289,4745156,0.24,-0.03,0.11,-178.37,-71.56,73.31,-1.06,0.06,0.0,-0.09,-0.05,0.11,7.37,69.37,81.12,0.06,1.0,0.62,11,10
1772047406.779968,4745347,0.17,-0.12,0.17,-178.37,-71.56,73.31,-0.19,0.13,0.31,-0.09,-0.02,0.09,7.37,69.25,81.06,0.19,0.44,0.62,11,11
1772047406.970978,4745538,0.17,-0.14,0.15,-178.37,-71.56,73.31,0.62,0.0,0.31,-0.13,-0.03,0.11,7.37,69.19,81.06,0.06,0.25,0.31,12,11
1772047407.161783,4745729,0.22,-0.14,0.16,-178.44,-71.5,73.37,-0.06,-0.31,0.62,-0.1,-0.06,0.09,7.37,69.19,81.06,0.0,-0.37,0.0,11,11
1772047407.35243,4745919,0.2,-0.16,0.1,-178.37,-71.5,73.31,0.06,0.37,-0.06,-0.08,-0.03,0.1,7.37,69.25,81.06,0.13,-0.62,-0.44,11,11
1772047407.542963,4746110,0.21,-0.14,0.12,-178.37,-71.5,73.31,0.19,0.06,0.0,-0.12,-0.03,0.09,7.37,69.31,81.06,0.0,-0.5,-0.25,10,11
1772047407.733845,4746301,0.19,-0.11,0.13,-178.44,-71.5,73.37,0.69,-0.62,-0.81,-0.08,0.0,0.1,7.37,69.37,81.06,-0.5,-0.62,-0.37,11,11
1772047407.924815,4746492,0.22,-0.03,0.15,-178.44,-71.5,73.31,0.19,0.31,-0.37,-0.12,-0.01,0.11,7.44,69.44,81.06,-0.13,-0.25,-0.06,10,11
1772047408.115402,4746682,0.21,-0.15,0.12,-178.62,-71.44,73.44,-0.13,0.56,-0.5,-0.09,-0.03,0.08,7.44,69.44,81.06,0.0,0.06,-0.25,11,11
1772047408.305855,4746873,0.18,-0.03,0.08,-178.31,-71.44,73.25,-0.37,0.13,-0.25,-0.09,0.0,0.04,7.44,69.44,81.06,0.19,0.0,0.31,10,11
1772047408.496695,4747064,0.23,-0.04,0.09,-178.19,-71.56,73.19,-0.81,0.37,-0.5,-0.06,-0.06,0.15,7.56,69.37,81.0,-0.06,1.19,0.62,11,11
1772047408.687455,4747254,0.19,-0.15,0.12,-178.25,-71.56,73.31,-0.31,-0.06,-0.06,-0.04,-0.1,0.16,7.56,69.25,81.0,-0.31,1.5,0.69,12,10
1772047408.878381,4747445,0.25,-0.19,0.08,-178.25,-71.5,73.31,-0.44,1.25,-0.13,-0.04,-0.06,0.15,7.62,69.25,81.0,0.06,-0.56,-0.44,12,11
1772047409.068948,4747636,0.17,-0.16,0.15,-178.19,-71.5,73.25,0.0,-0.5,0.19,-0.05,-0.04,0.13,7.56,69.37,81.0,0.25,-0.25,0.19,12,10
1772047409.259562,4747827,0.22,-0.18,0.13,-178.25,-71.5,73.25,0.0,-0.06,0.37,-0.09,-0.05,0.11,7.56,69.44,81.0,0.0,0.0,0.06,12,10
1772047409.450365,4748017,0.18,-0.16,0.09,-178.25,-71.5,73.25,0.06,0.06,-0.06,0.0,-0.03,0.22,7.5,69.44,81.0,0.37,0.0,-0.56,13,11
1772047409.640782,4748208,0.25,0.0,0.11,-178.19,-71.44,73.12,-0.94,0.25,0.5,-0.1,0.0,0.12,7.44,69.5,81.0,-0.06,-0.31,0.13,12,10
1772047409.831978,4748399,0.18,-0.18,0.09,-178.19,-71.5,73.12,1.06,-0.62,0.25,-0.09,-0.05,0.11,7.5,69.44,81.0,-0.56,0.25,0.31,13,11
1772047410.022597,4748590,0.23,-0.2,0.12,-178.69,-71.5,73.44,1.12,-0.56,-0.56,-0.07,-0.04,0.12,7.62,69.37,81.0,0.06,0.88,0.37,12,11
1772047410.213182,4748780,0.22,-0.01,0.09,-179.0,-71.56,73.5,0.19,0.75,0.06,-0.09,-0.04,0.13,7.56,69.31,81.0,0.44,1.87,0.19,13,11
1772047410.404392,4748971,0.22,-0.04,0.04,-179.0,-71.5,73.5,-0.13,0.75,-0.25,-0.13,-0.03,0.12,7.56,69.19,81.0,-0.19,-1.25,-0.62,13,11
1772047410.594952,4749162,0.21,-0.09,0.1,-179.12,-71.5,73.62,-0.25,-0.81,-0.37,-0.11,-0.04,0.07,7.62,69.25,80.94,0.19,-0.88,-0.31,12,12
1772047410.785738,4749353,0.14,-0.05,0.12,-179.06,-71.69,73.56,-0.5,-0.13,-0.19,-0.01,-0.04,0.09,7.62,69.25,81.0,0.56,-0.5,0.0,11,12
1772047410.976466,4749543,0.23,-0.04,0.09,-179.12,-71.62,73.56,-0.62,0.88,-0.25,-0.08,-0.03,0.11,7.56,69.25,81.0,-0.13,0.06,-0.19,12,12
1772047411.166887,4749734,0.26,-0.04,0.08,-179.12,-71.56,73.56,0.06,0.37,-0.44,-0.07,-0.03,0.05,7.56,69.19,81.0,-0.19,-0.31,0.13,11,12
1772047411.357559,4749925,0.19,-0.06,0.1,-179.12,-71.62,73.56,-0.5,-0.31,0.81,-0.09,-0.02,0.01,7.62,69.19,80.94,0.31,0.88,0.62,11,12
1772047411.548125,4750115,0.17,-0.15,0.11,-179.06,-71.62,73.62,0.69,-0.06,0.44,-0.05,-0.01,0.06,7.69,69.12,80.94,0.06,0.56,0.37,12,12
1772047411.739308,4750306,0.16,-0.08,0.13,-179.06,-71.75,73.62,-0.06,-0.37,0.56,-0.05,-0.04,0.09,7.62,69.0,80.94,0.0,1.0,0.56,11,11
1772047411.930019,4750497,0.19,-0.11,0.13,-179.0,-71.75,73.56,0.25,-0.19,-0.13,-0.09,-0.03,0.06,7.62,69.0,80.94,-0.31,0.13,0.0,11,11
1772047412.120649,4750688,0.23,-0.15,0.05,-179.06,-71.62,73.62,0.81,0.94,-0.56,-0.14,-0.01,0.08,7.56,69.0,80.94,-0.06,-0.5,-0.44,10,11
1772047412.31112,4750878,0.24,0.0,0.09,-178.94,-71.56,73.5,0.13,-0.06,0.0,-0.05,0.0,0.08,7.5,69.12,81.0,0.19,-0.69,-0.69,11,11
1772047412.501974,4751069,0.22,0.01,0.12,-178.81,-71.56,73.37,0.19,-0.75,-0.88,-0.04,0.0,0.04,7.5,69.19,81.0,-0.31,-0.56,-0.31,10,11
1772047412.692923,4751260,0.2,-0.07,0.06,-179.0,-71.56,73.5,-0.69,1.06,-0.19,-0.09,-0.06,0.03,7.5,69.19,81.0,-0.13,-1.0,-0.31,10,11
1772047412.883852,4751451,0.24,-0.09,0.08,-179.0,-71.56,73.5,-0.94,-0.25,-0.06,-0.1,-0.05,0.06,7.5,69.25,81.0,-0.13,-0.06,0.19,10,11
1772047413.074385,4751641,0.23,-0.06,0.07,-178.87,-71.5,73.37,-1.0,-0.13,0.25,-0.08,0.0,0.03,7.5,69.25,81.0,0.19,-0.44,-0.06,10,11
1772047413.264794,4751832,0.15,-0.02,0.14,-178.87,-71.56,73.37,0.0,0.06,0.19,-0.14,0.0,0.05,7.5,69.19,81.0,-0.13,-0.44,0.13,11,11
1772047413.455661,4752023,0.2,-0.15,0.15,-179.0,-71.56,73.5,0.19,-1.06,0.75,-0.1,-0.02,0.06,7.5,69.12,81.0,0.0,0.31,0.31,10,11
1772047413.646482,4752214,0.19,-0.13,0.1,-178.87,-71.62,73.44,0.44,0.06,0.19,-0.1,-0.04,0.05,7.5,69.06,81.0,0.19,0.75,0.25,11,12
1772047413.837289,4752404,0.21,-0.1,0.09,-178.81,-71.62,73.37,-0.69,0.31,0.81,-0.1,-0.04,0.12,7.5,69.0,81.0,0.06,0.56,0.19,10,11
1772047414.027822,4752595,0.22,-0.08,0.02,-178.81,-71.5,73.31,0.56,1.25,-0.69,-0.09,0.01,0.0,7.44,69.06,81.0,-0.13,-1.12,-0.62,11,12
1772047414.218474,4752786,0.2,-0.01,0.07,-178.69,-71.56,73.25,-0.5,-0.06,-0.56,-0.06,-0.06,0.12,7.5,69.06,81.0,0.19,0.13,0.0,10,11
1772047414.409577,4752977,0.19,-0.09,0.1,-178.94,-71.56,73.37,-0.37,-0.13,-0.13,-0.1,-0.03,0.09,7.44,69.12,81.0,0.06,-1.0,-0.25,11,12
1772047414.600641,4753167,0.19,-0.1,0.09,-179.06,-71.62,73.44,-0.37,-0.13,0.69,-0.12,0.01,0.0,7.5,69.12,81.0,-0.13,-1.31,-0.44,11,11
1772047414.791002,4753358,0.22,-0.13,0.13,-179.19,-71.62,73.5,0.5,-1.0,0.44,-0.08,-0.01,0.03,7.5,69.19,81.0,-0.19,-0.5,-0.06,11,11
1772047414.981438,4753549,0.19,-0.13,0.09,-179.31,-71.69,73.5,0.56,0.37,0.13,-0.07,0.0,0.04,7.56,69.19,81.0,-0.06,0.13,0.25,11,11
1772047415.172228,4753740,0.18,-0.16,0.1,-179.37,-71.69,73.56,0.13,-0.31,0.25,-0.06,0.0,0.04,7.5,69.06,81.0,0.25,0.75,0.13,11,12
1772047415.363076,4753930,0.25,0.06,0.04,-179.12,-71.69,73.37,0.56,0.81,-0.5,-0.08,0.03,0.01,7.56,69.0,81.0,-0.31,-0.62,-0.19,11,12
1772047415.554117,4754121,0.2,-0.05,0.08,-179.25,-71.69,73.5,-0.62,-0.06,0.0,-0.05,-0.06,0.09,7.56,68.87,81.0,-0.25,0.81,0.37,10,11
1772047415.744601,4754312,0.21,-0.11,0.08,-179.31,-71.69,73.5,0.25,-0.31,-0.44,-0.06,-0.03,0.06,7.56,68.87,80.94,0.13,0.0,0.13,11,11
1772047415.935428,4754502,0.19,-0.12,0.06,-179.31,-71.69,73.5,-0.19,0.88,0.31,-0.12,-0.06,0.02,7.56,68.87,80.94,0.31,-0.06,-0.19,11,11
1772047416.126043,4754693,0.24,-0.07,0.1,-179.31,-71.62,73.5,0.06,-0.19,0.19,-0.03,-0.03,0.09,7.5,69.0,81.0,0.25,-0.81,-0.31,11,11
1772047416.316844,4754884,0.17,-0.07,0.13,-179.31,-71.62,73.5,0.25,0.37,-0.75,-0.06,-0.01,0.04,7.5,69.19,81.0,-0.13,-0.62,0.25,10,11
1772047416.507577,4755075,0.19,-0.14,0.1,-179.56,-71.62,73.56,0.37,-0.19,-0.31,-0.07,0.01,0.09,7.44,69.19,81.06,-0.06,0.0,-0.13,11,11
1772047416.698246,4755266,0.25,0.01,0.1,-179.19,-71.5,73.31,0.69,0.19,-0.81,-0.04,-0.01,0.07,7.5,69.25,81.06,-0.31,0.44,-0.25,10,11
1772047416.888952,4755456,0.24,-0.05,0.08,-179.12,-71.5,73.25,-0.37,0.0,-0.37,-0.09,-0.04,0.05,7.5,69.19,81.0,-0.56,0.19,0.06,11,11
1772047417.079648,4755647,0.23,-0.1,0.04,-179.12,-71.56,73.31,0.31,-0.37,-0.37,-0.05,-0.05,0.09,7.56,69.12,81.0,0.19,0.44,0.25,10,11
1772047417.270301,4755838,0.18,-0.05,0.12,-179.0,-71.62,73.25,-0.44,0.25,0.56,-0.06,-0.05,0.11,7.56,69.06,81.0,0.06,-0.56,-0.44,11,11
1772047417.461215,4756028,0.23,-0.05,0.07,-179.0,-71.56,73.31,-0.44,0.5,0.25,-0.04,-0.05,0.15,7.5,69.0,81.0,-0.19,0.31,0.13,11,11
1772047417.65213,4756219,0.25,-0.1,0.05,-179.06,-71.56,73.37,-0.5,0.37,-0.19,-0.07,-0.04,0.06,7.56,69.06,81.0,0.25,-0.56,-0.19,11,11
1772047417.842676,4756410,0.16,-0.11,0.08,-179.0,-71.56,73.31,-0.13,-0.13,0.19,-0.1,0.01,0.03,7.56,69.06,81.0,0.19,-0.37,-0.25,11,12
1772047418.03332,4756600,0.17,-0.14,0.11,-179.06,-71.62,73.31,0.44,-0.13,0.06,-0.07,0.0,0.06,7.44,69.19,81.06,-0.19,0.0,-0.06,11,11
1772047418.22407,4756791,0.21,-0.15,0.07,-179.0,-71.56,73.25,0.69,0.25,-0.5,-0.08,0.0,0.03,7.44,69.19,81.06,-0.5,-0.81,-0.06,12,12
1772047418.41494,4756982,0.2,-0.15,0.12,-179.0,-71.56,73.25,0.06,-0.37,0.0,-0.06,-0.05,0.09,7.44,69.19,81.06,-0.19,0.5,0.0,10,11
1772047418.605651,4757173,0.25,0.01,0.08,-178.94,-71.5,73.19,-0.37,-0.56,-0.13,-0.04,0.0,0.1,7.44,69.25,81.06,0.25,1.19,0.31,12,12
1772047418.796283,4757364,0.13,-0.04,0.06,-178.75,-71.56,73.12,-0.5,0.0,-0.13,-0.04,-0.06,0.09,7.5,69.12,81.0,0.31,0.37,0.31,11,12
1772047418.987049,4757554,0.22,-0.1,0.1,-178.75,-71.56,73.12,0.13,-0.19,-0.19,-0.04,-0.05,0.05,7.5,69.12,81.0,0.13,0.62,0.31,13,12
1772047419.177749,4757745,0.21,-0.08,0.09,-178.75,-71.56,73.12,-0.19,0.94,0.0,-0.07,-0.05,0.11,7.44,69.06,81.0,-0.37,-0.88,-0.5,13,12
1772047419.368493,4757936,0.19,-0.18,0.12,-178.81,-71.5,73.19,0.0,0.69,-0.06,-0.07,0.0,0.11,7.44,69.06,81.0,-0.13,0.19,0.44,13,12
1772047419.559551,4758127,0.24,-0.13,0.09,-178.75,-71.37,73.12,1.06,-0.37,-0.5,-0.07,-0.03,0.1,7.5,69.06,81.0,-0.13,-0.56,-0.06,13,12
1772047419.749952,4758317,0.21,-0.16,0.11,-178.87,-71.37,73.19,0.37,0.19,-0.13,-0.06,-0.05,0.16,7.5,69.12,81.0,0.06,-0.06,0.0,12,12
1772047419.940658,4758508,0.18,-0.22,0.14,-179.0,-71.37,73.25,0.62,-0.37,-0.5,-0.08,-0.03,0.14,7.44,69.25,81.06,0.13,0.37,0.06,12,12
1772047420.131318,4758699,0.2,-0.1,0.13,-178.94,-71.37,73.19,0.25,0.13,0.13,-0.06,-0.03,0.1,7.44,69.25,81.06,-0.19,-0.13,0.0,12,11
1772047420.322407,4758890,0.16,-0.15,0.15,-178.94,-71.37,73.19,0.25,-0.19,-0.06,-0.08,-0.02,0.04,7.44,69.31,81.06,-0.13,0.06,0.0,13,12
1772047420.513176,4759080,0.19,-0.06,0.1,-178.81,-71.37,73.12,-0.37,0.0,-0.06,-0.09,0.0,0.03,7.44,69.31,81.06,-0.25,-1.06,-0.25,12,11
1772047420.703848,4759271,0.23,-0.11,0.1,-178.87,-71.37,73.19,-0.31,-0.06,-0.5,-0.06,-0.09,0.13,7.44,69.25,81.06,0.0,1.25,0.31,13,12
1772047420.894248,4759462,0.24,-0.05,0.12,-178.75,-71.37,73.06,-0.88,0.31,0.0,-0.09,-0.05,0.08,7.5,69.12,81.0,0.06,0.31,0.44,10,10
1772047421.084986,4759652,0.18,-0.13,0.13,-178.75,-71.37,73.12,-0.5,0.31,0.25,-0.06,-0.09,0.15,7.44,69.12,81.0,0.31,1.19,0.37,11,11
1772047421.276073,4759843,0.19,-0.16,0.16,-178.81,-71.37,73.12,-0.37,-0.31,0.25,-0.04,-0.09,0.11,7.44,69.06,81.0,0.06,0.19,0.19,11,11
1772047421.466808,4760034,0.25,-0.17,0.08,-178.81,-71.31,73.12,-0.37,0.31,0.19,-0.08,-0.08,0.12,7.44,69.12,81.0,0.06,-0.62,0.13,10,11
1772047421.657688,4760225,0.2,-0.18,0.12,-178.81,-71.31,73.12,0.31,-0.13,-0.13,-0.1,-0.02,0.09,7.44,69.25,81.0,0.0,-0.81,-0.62,11,11
1772047421.848308,4760415,0.18,-0.2,0.11,-178.75,-71.31,73.12,0.75,-0.44,-0.44,-0.11,-0.01,0.08,7.37,69.37,81.06,-0.19,-0.31,-0.37,10,11
1772047422.038958,4760606,0.24,-0.09,0.11,-178.75,-71.25,73.06,-0.13,0.31,0.19,-0.07,-0.02,0.15,7.37,69.37,81.06,-0.19,0.06,-0.06,12,11
1772047422.229984,4760797,0.18,-0.16,0.12,-178.75,-71.25,73.12,-0.31,-0.19,0.06,-0.06,-0.02,0.1,7.37,69.37,81.06,-0.06,0.06,0.06,11,11
1772047422.420473,4760988,0.21,-0.12,0.15,-178.5,-71.31,72.94,0.13,0.37,-0.37,-0.02,-0.1,0.1,7.37,69.37,81.06,0.13,0.06,0.25,12,11
1772047422.611055,4761179,0.25,-0.07,0.12,-178.56,-71.25,73.0,-1.06,0.25,0.31,-0.09,-0.05,0.1,7.37,69.37,81.06,0.06,0.75,0.25,11,11
1772047422.801877,4761369,0.22,-0.16,0.1,-178.56,-71.25,73.0,0.25,-0.37,-0.06,-0.09,-0.07,0.1,7.44,69.31,81.06,0.0,0.44,0.5,12,12
1772047422.992679,4761560,0.16,-0.16,0.18,-178.56,-71.31,73.0,-0.62,-0.13,0.5,-0.1,-0.08,0.16,7.44,69.25,81.06,0.19,0.62,0.31,11,11
1772047423.183461,4761751,0.21,-0.24,0.13,-178.62,-71.25,73.06,0.81,-0.44,-0.44,-0.11,-0.04,0.11,7.44,69.25,81.06,0.13,0.75,0.56,11,12
1772047423.373858,4761941,0.2,-0.12,0.12,-178.56,-71.25,73.0,0.69,0.69,0.0,-0.06,-0.07,0.19,7.44,69.25,81.06,0.0,0.0,0.13,12,12
1772047423.565,4762132,0.19,-0.18,0.14,-178.56,-71.19,73.0,0.0,-0.25,-0.13,-0.09,-0.05,0.12,7.44,69.25,81.06,0.19,-0.37,-0.31,11,11
1772047423.754761,4762322,0.24,-0.17,0.14,-178.56,-71.19,73.0,-0.25,0.81,-0.13,-0.09,-0.07,0.11,7.37,69.31,81.06,0.25,-1.37,-0.44,12,12
1772047423.946246,4762513,0.23,-0.09,0.13,-178.56,-71.25,73.0,-0.81,0.75,0.37,-0.08,-0.02,0.1,7.31,69.44,81.12,-0.06,-0.44,-0.44,11,11
1772047424.137078,4762704,0.2,-0.1,0.1,-178.56,-71.25,73.0,-0.37,0.0,-0.13,-0.08,-0.07,0.13,7.37,69.44,81.06,-0.06,0.06,0.25,12,12
1772047424.327886,4762895,0.19,-0.17,0.16,-178.56,-71.25,73.0,0.06,-0.06,0.06,-0.08,-0.06,0.14,7.37,69.44,81.06,0.06,0.56,0.0,10,11
1772047424.518632,4763086,0.17,-0.18,0.15,-178.56,-71.25,73.0,1.12,-0.88,-0.88,-0.07,-0.02,0.13,7.37,69.44,81.06,-0.13,0.81,0.13,11,11
1772047424.70916,4763277,0.24,-0.12,0.1,-178.56,-71.31,73.0,0.31,0.44,0.06,-0.1,-0.07,0.11,7.37,69.37,81.06,-0.13,0.0,-0.19,10,11
1772047424.900122,4763467,0.16,-0.16,0.16,-178.56,-71.31,73.06,0.19,-0.5,-0.37,-0.08,-0.08,0.15,7.44,69.31,81.06,-0.13,1.0,-0.06,13,11
1772047425.090594,4763658,0.21,-0.03,0.14,-178.56,-71.25,72.94,-1.75,1.12,0.0,-0.06,-0.06,0.17,7.44,69.19,81.0,0.13,0.0,0.06,13,11
1772047425.281591,4763849,0.18,-0.2,0.15,-178.94,-71.31,73.25,-0.62,1.06,-0.06,-0.09,-0.05,0.11,7.5,69.19,81.0,0.06,-0.75,-0.31,13,11
1772047425.472017,4764039,0.21,-0.11,0.12,-179.12,-71.31,73.25,0.13,-0.5,0.06,-0.07,-0.05,0.1,7.56,69.19,81.0,0.13,-0.56,0.25,13,11
1772047425.662962,4764230,0.19,-0.16,0.14,-179.5,-71.31,73.44,0.31,-0.13,0.37,-0.1,-0.02,0.09,7.62,69.12,81.0,-0.25,-0.44,-0.5,12,11
1772047425.853682,4764421,0.22,-0.12,0.09,-179.56,-71.31,73.44,1.0,0.06,-1.0,-0.08,-0.01,0.08,7.62,69.19,81.0,-0.31,-0.5,-0.44,12,11
1772047426.044879,4764612,0.21,-0.08,0.13,-179.87,-71.31,73.5,-0.5,-0.44,0.19,-0.09,-0.03,0.07,7.62,69.12,81.0,-0.06,-0.5,-0.25,11,11
1772047426.235014,4764803,0.21,-0.11,0.11,179.94,-71.37,73.56,0.13,-0.31,-0.31,-0.04,-0.03,0.06,7.62,69.12,81.0,0.31,0.06,0.13,14,11
1772047426.425915,4764993,0.25,-0.02,0.12,-179.81,-71.37,73.5,-0.62,1.0,0.81,-0.05,0.0,0.04,7.62,69.12,81.0,-0.13,-0.69,-0.25,13,11
1772047426.616579,4765184,0.14,-0.13,0.16,-179.94,-71.37,73.62,0.31,-0.06,0.19,-0.04,-0.03,0.1,7.75,69.06,80.94,0.25,0.06,0.62,14,11
1772047426.807262,4765375,0.2,-0.1,0.13,179.87,-71.37,73.69,0.0,-0.13,0.19,-0.07,-0.03,0.08,7.81,69.0,80.87,-0.19,0.31,0.25,11,11
1772047426.997996,4765566,0.18,-0.1,0.15,179.87,-71.37,73.69,0.25,0.25,0.13,-0.07,-0.03,0.12,7.81,68.94,80.94,0.31,0.75,0.25,12,11
1772047427.188854,4765756,0.22,-0.06,0.1,179.87,-71.37,73.69,0.88,-0.19,-0.44,-0.1,-0.01,0.1,7.75,68.94,80.94,0.13,0.5,0.13,11,11
1772047427.379523,4765947,0.25,-0.08,0.11,179.94,-71.44,73.69,0.19,0.62,0.06,-0.07,-0.03,0.08,7.75,68.94,80.94,-0.06,-0.44,-0.25,12,11
1772047427.570637,4766138,0.21,-0.09,0.13,179.94,-71.44,73.69,0.25,-0.13,-0.37,-0.08,-0.04,0.06,7.81,69.06,80.94,-0.19,-0.44,-0.13,12,11
1772047427.760984,4766329,0.19,-0.12,0.16,179.94,-71.37,73.69,-0.06,1.06,0.13,-0.06,0.0,0.03,7.69,69.06,80.94,0.13,-0.81,-0.37,11,11
1772047427.952015,4766520,0.19,-0.01,0.15,-179.94,-71.37,73.62,0.0,0.5,0.13,-0.07,-0.05,0.06,7.69,69.12,80.94,-0.13,0.19,0.0,12,11
1772047428.142666,4766710,0.2,-0.11,0.11,179.87,-71.31,73.69,-0.69,-0.31,0.0,-0.08,-0.05,0.05,7.69,69.12,80.94,-0.06,-0.31,0.0,10,11
1772047428.333432,4766901,0.17,-0.13,0.16,179.87,-71.37,73.69,-0.62,-0.06,0.37,-0.09,-0.08,0.08,7.69,69.12,80.94,0.06,0.25,0.06,11,11
1772047428.524061,4767092,0.19,-0.19,0.15,-179.94,-71.31,73.56,0.44,0.13,-0.19,-0.05,-0.02,0.12,7.62,69.19,81.0,0.0,-0.06,0.25,10,11
1772047428.715186,4767282,0.2,-0.08,0.13,-179.81,-71.31,73.5,1.19,-0.19,-0.25,-0.04,-0.03,0.14,7.62,69.19,81.0,-0.25,-0.75,-0.25,12,11
1772047428.905787,4767473,0.16,-0.12,0.16,-179.81,-71.37,73.56,0.69,-0.81,0.31,-0.08,-0.01,0.08,7.69,69.12,80.94,-0.19,0.5,0.25,10,11
1772047429.096514,4767664,0.19,-0.08,0.14,-179.81,-71.44,73.56,-0.06,0.37,0.19,-0.05,-0.07,0.09,7.69,69.06,80.94,0.0,-0.25,-0.25,11,11
1772047429.287098,4767855,0.18,-0.12,0.17,-179.75,-71.37,73.5,-0.75,1.0,0.19,-0.07,-0.05,0.1,7.69,69.06,80.94,0.19,0.75,0.44,11,11
1772047429.477804,4768045,0.22,-0.1,0.1,-179.75,-71.37,73.5,0.13,0.25,-0.31,-0.09,-0.05,0.07,7.69,68.94,80.94,0.0,0.31,0.5,11,11
1772047429.668723,4768236,0.17,-0.11,0.19,-179.75,-71.37,73.5,-0.37,0.19,0.0,-0.1,-0.05,0.08,7.69,68.94,80.94,0.62,0.31,-0.13,11,11
1772047429.859771,4768427,0.2,-0.17,0.15,-179.69,-71.25,73.5,0.31,-0.19,-0.06,-0.12,-0.01,0.08,7.56,69.06,81.0,0.31,0.0,-0.13,10,11
1772047430.050277,4768618,0.22,-0.08,0.15,-179.69,-71.25,73.44,0.37,0.37,-0.13,-0.06,-0.06,0.12,7.56,69.12,81.0,0.0,-0.37,-0.13,12,11
1772047430.241138,4768809,0.17,-0.12,0.13,-179.81,-71.25,73.5,0.56,-0.06,-0.69,-0.07,-0.04,0.05,7.56,69.19,81.0,0.06,-0.44,-0.13,10,11
1772047430.431697,4768999,0.16,-0.07,0.08,-179.81,-71.25,73.5,-0.94,0.37,-0.06,-0.07,0.0,0.05,7.62,69.25,81.0,0.25,-1.37,-0.69,11,11
1772047430.62276,4769190,0.25,-0.01,0.11,-179.75,-71.25,73.44,-0.94,0.62,-0.06,-0.04,-0.05,0.12,7.56,69.25,81.0,-0.06,0.19,0.13,10,11
1772047430.813549,4769381,0.21,-0.11,0.12,-179.75,-71.25,73.44,0.06,-0.19,-0.13,-0.05,-0.03,0.06,7.56,69.25,81.0,0.06,-0.13,0.13,11,11
1772047431.003979,4769571,0.15,-0.12,0.16,-179.75,-71.25,73.44,-0.5,0.0,0.5,-0.12,0.0,0.06,7.56,69.25,81.0,0.19,-0.25,-0.06,11,11
1772047431.194719,4769762,0.23,-0.15,0.14,-179.69,-71.19,73.44,0.0,-0.56,0.81,-0.06,-0.05,0.08,7.56,69.31,81.0,-0.25,0.19,0.37,10,11
1772047431.385635,4769953,0.16,-0.17,0.12,-179.62,-71.19,73.37,0.62,0.06,-0.19,-0.06,-0.05,0.06,7.56,69.25,81.0,-0.13,0.81,0.5,11,11
1772047431.576619,4770144,0.14,-0.17,0.18,-179.62,-71.25,73.37,0.25,-0.69,0.0,-0.07,-0.03,0.15,7.56,69.12,81.0,0.25,0.75,-0.44,10,11
1772047431.767772,4770335,0.23,0.05,0.14,-179.19,-71.12,73.06,-0.88,0.69,-0.44,-0.07,0.0,0.08,7.62,69.12,80.94,-0.25,0.37,-0.06,11,11
1772047431.958261,4770526,0.17,-0.1,0.16,-179.19,-71.19,73.06,-0.25,0.31,-0.19,-0.1,-0.1,0.13,7.62,69.06,80.94,-0.19,-0.25,-0.13,9,11
1772047432.149223,4770716,0.21,-0.18,0.16,-179.31,-71.12,73.19,-0.06,-1.0,-0.25,-0.1,-0.06,0.08,7.62,69.19,80.94,0.06,-0.88,-0.19,12,11
1772047432.339629,4770907,0.18,-0.12,0.14,-179.31,-71.25,73.19,-0.44,0.5,0.31,0.0,-0.09,0.2,7.62,69.19,80.94,0.5,0.69,0.25,12,10
1772047432.531055,4771099,0.14,-0.18,0.19,-179.37,-71.25,73.25,0.19,-0.25,0.31,-0.07,-0.05,0.14,7.56,69.31,81.0,0.0,-0.19,0.0,13,11
1772047432.721765,4771289,0.23,-0.15,0.12,-179.37,-71.25,73.19,-0.31,0.37,0.25,-0.07,-0.07,0.09,7.56,69.31,81.0,-0.13,-0.06,0.13,13,11
1772047432.912315,4771480,0.17,-0.15,0.19,-179.37,-71.31,73.19,-0.31,-0.44,0.31,-0.11,-0.04,0.13,7.56,69.31,81.0,-0.31,-0.37,-0.69,12,10
1772047433.10281,4771670,0.18,-0.01,0.14,-179.31,-71.25,73.12,-0.44,-0.5,-0.88,-0.14,0.0,0.03,7.5,69.37,81.0,0.0,-0.37,-0.06,12,11
1772047433.293559,4771861,0.22,-0.13,0.12,-179.5,-71.31,73.19,0.88,0.31,0.13,-0.08,-0.08,0.16,7.56,69.31,81.0,-0.19,0.81,0.37,12,11
1772047433.484635,4772052,0.22,-0.14,0.13,-179.87,-71.37,73.44,1.0,-1.0,-0.06,-0.06,-0.04,0.12,7.62,69.25,80.94,0.06,0.62,0.31,11,10
1772047433.675842,4772244,0.2,-0.05,0.13,179.94,-71.56,73.5,-0.56,0.81,0.37,-0.04,-0.07,0.16,7.62,69.19,80.94,0.13,0.0,-0.5,11,11
1772047433.865911,4772434,0.22,-0.05,0.13,179.81,-71.5,73.56,-0.88,0.5,0.31,-0.05,-0.06,0.12,7.56,69.12,80.94,0.06,0.56,0.31,12,11
1772047434.057268,4772625,0.23,-0.07,0.08,179.81,-71.5,73.56,-0.31,0.0,-0.31,-0.09,-0.08,0.12,7.56,69.12,80.94,0.06,-0.44,0.0,9,11
1772047434.248766,4772816,0.17,-0.07,0.14,179.75,-71.5,73.56,-0.19,-0.25,0.06,-0.05,-0.02,0.15,7.56,69.12,80.94,0.06,-0.19,-0.13,10,11
1772047434.442535,4773010,0.17,-0.17,0.1,179.62,-71.44,73.69,0.69,0.06,-0.31,-0.12,-0.03,0.14,7.37,69.25,81.06,-0.06,-0.25,0.0,10,11
1772047434.633621,4773201,0.18,-0.12,0.1,179.75,-71.44,73.56,1.44,-0.13,-0.69,-0.07,-0.03,0.1,7.37,69.25,81.06,-0.31,-0.37,-0.37,10,11
1772047434.827806,4773395,0.19,-0.1,0.14,179.69,-71.44,73.69,-0.06,-0.25,-0.25,-0.09,-0.06,0.07,7.37,69.25,81.06,-0.31,-0.06,-0.13,10,12
1772047435.019037,4773587,0.19,-0.07,0.08,179.75,-71.44,73.62,-0.81,0.13,0.13,-0.1,-0.03,0.02,7.37,69.31,81.06,-0.19,-1.62,-0.88,10,12
1772047435.210644,4773778,0.23,-0.04,0.11,179.94,-71.44,73.44,-0.81,-0.06,-0.44,-0.09,-0.11,0.1,7.37,69.31,81.06,-0.13,0.06,0.06,10,11
1772047435.402114,4773970,0.22,-0.07,0.09,179.94,-71.44,73.5,-0.19,-0.19,-0.31,-0.09,-0.07,0.1,7.37,69.31,81.06,-0.06,-0.37,0.0,11,11
1772047435.593001,4774161,0.16,-0.1,0.13,179.94,-71.44,73.5,-0.06,0.06,0.37,-0.07,-0.11,0.14,7.37,69.31,81.06,0.56,1.56,0.94,11,11
1772047435.784863,4774353,0.15,-0.15,0.18,179.87,-71.5,73.56,0.62,-0.69,0.75,-0.07,-0.03,0.1,7.37,69.25,81.06,0.19,0.5,0.31,11,11
1772047435.974634,4774543,0.21,0.02,0.11,-179.75,-71.5,73.31,0.37,0.44,0.13,-0.07,-0.09,0.13,7.44,69.12,81.0,-0.25,0.81,0.69,11,11
1772047436.168106,4774736,0.18,-0.11,0.1,-179.87,-71.5,73.44,-0.13,0.94,-0.19,-0.09,-0.07,0.15,7.44,69.12,81.0,0.06,-0.5,-0.5,11,11
1772047436.361502,4774929,0.27,-0.07,0.07,-179.87,-71.37,73.44,0.19,-0.5,0.0,-0.09,-0.05,0.14,7.25,69.25,81.06,0.13,0.19,-0.13,10,11
1772047436.554633,4775122,0.19,-0.06,0.07,-179.44,-71.5,73.19,-0.06,0.37,-0.31,-0.08,-0.03,0.13,7.37,69.19,81.06,-0.13,-0.25,-0.25,11,11
1772047436.745153,4775313,0.18,-0.12,0.1,-179.5,-71.5,73.25,0.31,0.0,-0.5,-0.07,-0.06,0.1,7.44,69.19,81.06,-0.13,0.06,0.06,10,11
1772047436.936968,4775505,0.26,-0.14,0.09,-179.5,-71.44,73.25,-0.75,0.44,-0.19,-0.05,-0.09,0.08,7.5,69.12,81.0,0.06,-0.81,0.13,10,10
1772047437.127986,4775696,0.22,-0.07,0.13,-179.5,-71.44,73.19,-1.06,0.5,0.37,-0.06,-0.01,0.03,7.56,69.12,81.0,0.13,0.13,-0.19,10,11
1772047437.319513,4775887,0.2,-0.18,0.09,-179.44,-71.44,73.19,0.13,0.5,0.13,-0.03,-0.03,0.04,7.56,69.12,81.0,0.0,0.06,0.31,11,12
1772047437.511676,4776079,0.19,-0.13,0.08,-179.37,-71.44,73.06,0.31,-0.44,0.0,-0.06,0.01,0.09,7.56,69.06,81.0,0.0,-0.37,-0.13,10,12
1772047437.703722,4776271,0.23,-0.16,0.13,-179.44,-71.44,73.06,0.0,-0.5,0.5,-0.08,-0.06,0.09,7.62,69.06,81.0,-0.31,0.13,0.44,10,11
1772047437.89497,4776463,0.12,-0.17,0.15,-179.37,-71.5,73.12,0.5,-0.19,0.31,-0.09,-0.04,0.07,7.62,69.0,80.94,-0.19,0.88,0.31,10,11
1772047438.087114,4776655,0.2,-0.12,0.11,-179.37,-71.5,73.12,0.13,0.19,0.06,-0.06,-0.04,0.1,7.62,68.87,80.94,0.0,0.75,0.0,10,11
1772047438.280719,4776849,0.23,-0.07,0.09,-179.37,-71.5,73.12,0.75,0.31,-0.56,-0.08,-0.03,0.11,7.56,68.94,81.0,0.13,0.81,0.0,10,11
1772047438.472813,4777040,0.21,-0.13,0.08,-179.44,-71.44,73.12,-0.19,0.31,-0.19,-0.1,-0.04,0.1,7.56,68.94,81.0,-0.13,-0.56,-0.44,11,12
1772047438.664477,4777232,0.21,-0.21,0.11,-179.56,-71.44,73.19,0.5,0.56,-0.56,-0.07,-0.01,0.03,7.56,68.94,81.0,0.06,-0.44,-0.25,11,11
1772047438.856169,4777424,0.16,-0.05,0.1,-179.5,-71.5,73.06,0.31,-0.13,-0.25,-0.08,-0.01,0.04,7.56,69.0,81.0,0.0,-1.37,-0.5,11,12
1772047439.047637,4777615,0.25,-0.02,0.07,-179.87,-71.44,73.31,-0.81,0.75,0.19,-0.07,-0.07,0.09,7.56,69.06,81.0,-0.31,-0.25,-0.06,11,12
1772047439.238033,4777806,0.19,-0.11,0.11,179.81,-71.5,73.44,-0.94,-0.06,-0.37,-0.06,-0.06,0.05,7.56,69.06,81.0,0.37,-0.25,0.19,13,11
1772047439.430192,4777998,0.17,-0.07,0.09,179.62,-71.5,73.44,-0.94,0.31,0.37,-0.03,-0.06,0.07,7.56,69.06,81.0,0.31,0.44,0.25,13,12
1772047439.62225,4778190,0.14,-0.18,0.14,179.44,-71.5,73.62,0.19,0.37,0.56,-0.04,-0.04,0.1,7.56,69.06,81.0,0.0,0.19,0.62,13,11
1772047439.81403,4778382,0.25,-0.09,0.05,179.25,-71.5,73.62,-0.25,0.25,0.31,-0.05,-0.05,0.09,7.56,69.06,81.0,0.06,-0.13,0.31,13,11
1772047440.003986,4778572,0.16,-0.18,0.11,179.25,-71.56,73.69,0.62,-0.31,0.37,-0.03,-0.07,0.11,7.56,69.06,81.0,-0.13,0.37,0.5,13,11
1772047440.194576,4778763,0.18,-0.15,0.11,179.44,-71.56,73.56,1.0,-1.31,0.13,-0.08,-0.03,0.15,7.56,69.0,80.94,-0.06,1.0,0.56,13,11
1772047440.387138,4778955,0.18,-0.12,0.07,179.44,-71.62,73.56,0.75,0.06,-0.31,-0.08,-0.06,0.05,7.56,68.94,81.0,-0.62,0.0,-0.06,12,11
1772047440.579219,4779147,0.14,-0.13,0.12,179.44,-71.62,73.56,0.13,0.0,0.06,-0.08,-0.07,0.08,7.56,68.94,80.94,0.0,0.06,-0.25,12,11
1772047440.771387,4779339,0.25,-0.05,0.01,179.44,-71.56,73.56,-0.44,0.56,0.25,-0.08,0.0,0.07,7.44,69.06,81.06,0.44,-0.37,-0.37,12,11
1772047440.963691,4779531,0.13,-0.07,0.07,179.44,-71.56,73.56,0.31,-0.81,-0.62,-0.06,-0.09,0.13,7.44,69.06,81.06,0.13,-0.62,-0.19,12,10
1772047441.155693,4779723,0.18,-0.1,0.14,179.37,-71.62,73.62,-0.19,-0.75,-0.5,-0.07,-0.06,0.04,7.44,69.12,81.06,0.0,-0.31,-0.06,10,11
1772047441.346637,4779914,0.19,-0.1,0.11,179.31,-71.56,73.62,-0.25,1.06,-0.31,-0.04,-0.05,0.05,7.37,69.19,81.06,0.25,-0.5,-0.69,10,11
1772047441.538417,4780106,0.24,-0.03,0.07,179.56,-71.5,73.5,-1.31,0.56,0.5,-0.07,-0.04,0.08,7.37,69.19,81.06,0.06,-0.06,0.13,10,11
1772047441.730276,4780298,0.23,-0.06,0.06,179.62,-71.5,73.44,-0.56,0.0,-0.25,-0.06,-0.08,0.09,7.37,69.19,81.06,0.13,0.19,0.44,10,11
1772047441.921282,4780489,0.19,-0.13,0.11,179.62,-71.5,73.44,-0.13,-0.37,0.25,-0.07,-0.06,0.12,7.37,69.19,81.06,0.37,0.81,0.5,10,11
1772047442.111288,4780679,0.2,-0.17,0.09,179.69,-71.5,73.31,1.44,-0.37,-0.25,-0.12,-0.02,0.05,7.37,69.12,81.06,-0.37,0.0,0.0,11,12
1772047442.302214,4780870,0.21,-0.04,0.11,179.75,-71.5,73.31,0.13,0.31,0.37,-0.09,-0.07,0.12,7.37,69.06,81.06,-0.19,0.19,0.13,11,12
1772047442.49437,4781062,0.19,-0.1,0.15,179.75,-71.5,73.31,0.0,-0.13,-0.13,-0.08,-0.07,0.06,7.37,69.06,81.06,-0.13,0.13,0.13,11,12
1772047442.685966,4781254,0.24,-0.08,0.11,179.75,-71.44,73.31,-0.37,0.69,0.0,-0.07,-0.12,0.09,7.37,69.06,81.06,0.13,-0.56,-0.31,11,12
1772047442.877567,4781446,0.24,-0.1,0.08,179.69,-71.44,73.31,-1.12,0.19,0.56,-0.07,-0.06,0.13,7.31,69.12,81.06,0.06,0.5,-0.19,11,12
1772047443.066943,4781635,0.2,-0.08,0.1,179.75,-71.44,73.25,0.13,0.0,-0.56,-0.07,-0.07,0.11,7.31,69.19,81.06,0.06,-0.19,0.13,10,11
1772047443.258095,4781826,0.15,-0.13,0.14,179.62,-71.44,73.31,0.0,-0.62,0.06,-0.06,-0.1,0.16,7.31,69.19,81.06,0.19,0.19,0.06,11,11
1772047443.449748,4782018,0.2,-0.22,0.13,179.56,-71.37,73.31,-0.06,-0.62,0.06,-0.12,-0.05,0.11,7.31,69.25,81.06,-0.25,-0.31,-0.19,10,11
1772047443.641978,4782210,0.24,-0.1,0.06,179.62,-71.37,73.31,0.25,-0.06,-0.13,-0.05,-0.04,0.13,7.31,69.25,81.06,-0.19,0.06,-0.19,11,11
1772047443.834772,4782403,0.19,-0.14,0.11,179.62,-71.44,73.31,-0.13,-0.75,-0.13,-0.11,-0.09,0.08,7.31,69.31,81.06,0.0,-0.25,-0.06,10,11
1772047444.026711,4782595,0.22,-0.03,0.09,179.62,-71.44,73.31,-0.31,0.5,-0.13,-0.04,-0.1,0.11,7.31,69.31,81.06,0.37,0.31,0.06,10,11
1772047444.218046,4782786,0.19,-0.09,0.11,179.62,-71.5,73.31,-0.75,0.25,0.19,-0.07,-0.07,0.14,7.25,69.25,81.06,0.19,0.37,-0.13,10,11
1772047444.408055,4782976,0.2,-0.02,0.09,179.94,-71.5,73.12,-1.56,0.06,0.19,-0.07,-0.08,0.1,7.31,69.19,81.06,-0.06,0.69,0.69,10,11
1772047444.599586,4783168,0.16,-0.14,0.13,179.69,-71.56,73.31,0.0,0.75,0.0,-0.11,-0.05,0.1,7.31,69.12,81.06,-0.06,0.25,0.13,10,11
1772047444.790541,4783359,0.26,-0.11,0.03,179.56,-71.5,73.37,1.25,-0.62,-0.5,-0.12,-0.06,0.13,7.31,69.06,81.06,-0.13,0.5,0.25,11,12
1772047444.981558,4783550,0.14,-0.12,0.08,179.31,-71.56,73.44,-0.37,0.94,0.0,-0.1,-0.05,0.1,7.25,69.12,81.06,0.19,-0.75,-0.75,10,11
1772047445.172632,4783740,0.18,-0.06,0.11,179.25,-71.5,73.5,0.13,-0.06,-0.37,-0.11,-0.09,0.1,7.25,69.19,81.06,-0.19,-0.81,-0.19,10,11
1772047445.363134,4783931,0.22,-0.09,0.1,179.06,-71.5,73.62,-0.44,0.06,-0.13,-0.09,-0.06,0.11,7.25,69.19,81.06,-0.19,-1.31,-0.75,10,11
1772047445.553833,4784122,0.17,-0.12,0.12,179.06,-71.56,73.62,-0.25,0.37,0.13,-0.1,-0.11,0.08,7.25,69.25,81.06,0.31,-0.31,0.0,10,12
1772047445.744542,4784312,0.22,-0.09,0.04,179.19,-71.5,73.56,-1.25,0.44,0.88,-0.08,-0.06,0.08,7.25,69.31,81.06,0.0,-0.25,0.19,10,11
1772047445.935389,4784503,0.17,-0.12,0.11,179.25,-71.5,73.5,-0.31,0.0,-0.06,-0.11,-0.07,0.12,7.25,69.31,81.06,-0.13,0.19,-0.06,10,11
1772047446.126025,4784694,0.19,-0.15,0.09,179.19,-71.44,73.5,1.19,-0.25,-1.12,-0.13,-0.03,0.05,7.25,69.31,81.06,-0.44,-0.75,-0.37,10,11
1772047446.316701,4784885,0.23,-0.05,0.11,179.37,-71.5,73.37,-0.44,-0.62,0.69,-0.09,-0.04,0.13,7.25,69.31,81.06,-0.25,0.13,-0.13,10,11
1772047446.50747,4785075,0.23,-0.07,0.13,179.5,-71.5,73.37,0.81,-0.25,-0.31,-0.07,-0.06,0.1,7.31,69.31,81.06,-0.13,0.44,0.19,10,11
1772047446.698125,4785266,0.21,-0.06,0.11,179.44,-71.5,73.37,-0.69,0.94,0.06,-0.06,-0.13,0.16,7.31,69.25,81.06,0.0,-0.25,-0.31,9,11
1772047446.88857,4785457,0.23,-0.07,0.09,179.37,-71.44,73.5,-1.25,0.31,0.25,-0.09,-0.11,0.12,7.25,69.25,81.06,0.13,0.44,0.25,10,11
1772047447.079353,4785648,0.21,-0.13,0.07,179.37,-71.37,73.44,-0.06,1.06,0.25,-0.1,-0.09,0.17,7.25,69.25,81.06,0.06,0.13,0.19,10,11
1772047447.270161,4785838,0.14,-0.11,0.15,179.37,-71.37,73.44,0.25,-0.5,0.0,-0.05,-0.07,0.21,7.25,69.31,81.06,0.0,-0.31,-0.19,11,11
1772047447.461173,4786029,0.2,-0.16,0.13,179.25,-71.31,73.5,0.44,-0.56,-0.37,-0.12,-0.07,0.14,7.25,69.37,81.12,-0.13,-0.31,0.0,10,11
1772047447.651785,4786220,0.2,-0.16,0.11,179.25,-71.37,73.5,0.62,0.0,0.0,-0.11,-0.03,0.1,7.25,69.44,81.12,-0.25,-0.81,-0.5,11,11
1772047447.84241,4786410,0.19,-0.09,0.1,179.31,-71.31,73.5,0.25,-0.5,0.06,-0.08,-0.08,0.14,7.25,69.44,81.12,-0.13,0.19,0.06,10,11
1772047448.033582,4786601,0.24,-0.04,0.05,179.31,-71.37,73.5,-0.31,0.5,-0.13,-0.12,-0.02,0.05,7.25,69.5,81.12,-0.06,-1.0,-0.44,10,11
1772047448.22393,4786792,0.2,-0.09,0.13,179.37,-71.37,73.44,-0.44,0.25,-0.37,-0.08,-0.1,0.14,7.25,69.5,81.12,-0.13,0.31,0.19,11,11
1772047448.414674,4786983,0.18,-0.12,0.13,179.31,-71.37,73.44,-0.5,-0.62,-0.56,-0.07,-0.07,0.08,7.19,69.44,81.06,0.31,0.37,0.13,11,10
1772047448.605294,4787174,0.18,0.0,0.1,179.56,-71.37,73.31,-0.19,-0.06,-0.06,-0.07,-0.11,0.16,7.25,69.37,81.06,0.31,1.0,0.88,11,11
1772047448.796084,4787364,0.16,-0.13,0.17,179.25,-71.44,73.56,-0.37,-0.5,0.69,-0.1,-0.11,0.14,7.25,69.31,81.06,0.06,0.56,0.37,10,10
1772047448.986777,4787555,0.25,-0.13,0.07,179.19,-71.44,73.62,0.19,0.25,0.25,-0.09,-0.12,0.15,7.25,69.25,81.06,0.31,1.0,0.81,11,11
1772047449.177698,4787746,0.2,-0.1,0.1,179.0,-71.5,73.69,-0.19,-0.06,0.44,-0.1,-0.1,0.15,7.25,69.25,81.06,0.13,0.0,-0.44,10,11
1772047449.368758,4787937,0.23,-0.09,0.09,178.94,-71.5,73.69,0.5,-0.06,-0.37,-0.14,-0.06,0.09,7.31,69.19,81.0,0.19,-0.13,-0.13,11,11
1772047449.559314,4788127,0.24,-0.05,0.07,178.87,-71.5,73.75,0.06,0.56,0.13,-0.09,-0.1,0.14,7.44,69.12,81.0,-0.13,-0.75,-0.37,11,11
1772047449.750147,4788318,0.2,-0.1,0.12,178.75,-71.5,73.75,0.13,-0.44,-0.25,-0.09,-0.06,0.09,7.62,69.12,80.94,-0.25,-0.44,-0.13,11,11
1772047449.941303,4788509,0.19,-0.03,0.11,178.75,-71.5,73.75,-0.19,0.56,-0.56,-0.04,-0.06,0.06,7.62,69.06,80.94,-0.19,-1.25,-0.37,11,11
1772047450.131714,4788700,0.25,-0.01,0.1,178.87,-71.44,73.69,-0.69,0.81,-0.31,-0.08,-0.05,0.08,7.62,69.06,80.94,-0.06,0.13,0.06,11,11
1772047450.322516,4788890,0.23,-0.09,0.08,178.81,-71.44,73.75,0.19,0.56,-0.19,-0.06,-0.03,0.04,7.69,69.06,80.87,-0.06,-0.37,-0.06,12,12
1772047450.512868,4789081,0.25,-0.07,0.07,178.81,-71.44,73.75,-0.62,0.13,0.37,-0.02,-0.07,0.12,7.69,69.06,80.87,-0.06,0.25,0.19,11,12
1772047450.703596,4789272,0.16,-0.17,0.07,178.87,-71.44,73.62,0.37,-0.88,0.37,-0.07,-0.04,0.14,7.69,69.06,80.94,0.06,0.62,0.37,11,12
1772047450.894692,4789463,0.23,-0.01,0.11,179.06,-71.44,73.44,0.13,-0.25,-0.06,-0.05,-0.01,0.09,7.69,69.06,80.94,-0.06,0.0,-0.06,11,12
1772047451.085178,4789653,0.19,-0.09,0.12,179.0,-71.44,73.5,0.75,-0.56,-0.13,-0.06,-0.06,0.06,7.69,69.06,80.94,-0.31,0.5,0.19,11,12
1772047451.2764,4789844,0.12,-0.06,0.12,179.0,-71.5,73.5,0.0,-0.06,-0.06,-0.07,-0.03,0.02,7.69,69.0,80.87,-0.19,-1.19,-0.44,10,11
1772047451.466661,4790035,0.16,0.08,0.1,179.06,-71.37,73.5,-0.88,0.88,-0.06,-0.08,-0.08,0.11,7.69,68.94,80.87,-0.25,0.69,0.06,11,12
1772047451.657654,4790226,0.27,-0.07,0.05,179.0,-71.31,73.56,-0.5,-0.31,-0.31,-0.09,-0.07,0.09,7.69,68.87,80.87,-0.06,0.0,0.06,10,11
1772047451.848485,4790417,0.19,-0.15,0.11,179.0,-71.37,73.56,-0.44,-0.5,0.44,-0.1,-0.06,0.07,7.69,68.94,80.87,0.5,-0.56,-0.13,10,11
1772047452.039123,4790607,0.22,-0.09,0.12,179.12,-71.44,73.44,-0.44,-1.81,1.19,-0.14,-0.05,0.09,7.5,69.06,81.0,-0.44,-0.62,-0.19,11,11
1772047452.229563,4790798,0.24,-0.13,0.1,179.19,-71.5,73.44,0.37,0.37,0.81,-0.06,-0.09,0.11,7.5,69.0,80.94,0.13,0.13,0.06,10,11
1772047452.420412,4790989,0.17,-0.13,0.13,179.12,-71.56,73.44,0.19,-1.0,0.62,-0.07,-0.05,0.16,7.5,69.0,80.94,0.5,0.13,-0.06,11,12
1772047452.611257,4791179,0.13,-0.01,0.08,179.19,-71.56,73.37,0.5,-0.75,-0.37,-0.1,-0.06,0.11,7.44,69.12,81.0,0.0,-0.62,-0.75,10,12
1772047452.80203,4791370,0.1,0.0,0.12,179.37,-71.56,73.25,-1.19,0.06,0.06,-0.06,-0.06,0.1,7.37,69.12,81.0,-0.56,-1.19,-0.25,11,12
1772047452.992996,4791561,0.2,-0.16,0.09,179.06,-71.56,73.5,-0.25,0.06,-0.5,-0.06,-0.1,0.08,7.44,69.12,81.0,-0.19,-0.44,-0.06,11,12
1772047453.183564,4791752,0.26,-0.11,0.08,179.06,-71.56,73.5,-0.06,0.88,-0.31,-0.01,-0.13,0.09,7.44,69.19,81.0,0.19,-0.06,0.13,12,12
1772047453.374078,4791942,0.2,-0.11,0.08,179.19,-71.56,73.44,-1.25,-0.06,0.75,-0.09,-0.05,0.12,7.37,69.25,81.0,0.06,0.37,-0.13,11,12
1772047453.564865,4792133,0.24,-0.07,0.05,179.37,-71.5,73.25,-0.19,0.31,0.06,-0.06,-0.08,0.14,7.37,69.25,81.0,-0.25,0.25,0.31,12,12
1772047453.755653,4792324,0.21,-0.09,0.12,179.37,-71.56,73.25,0.19,-0.13,0.75,-0.06,-0.1,0.08,7.37,69.25,81.0,0.5,0.5,0.69,11,11
1772047453.946177,4792515,0.19,-0.12,0.11,179.37,-71.62,73.31,0.81,-1.44,1.0,-0.1,-0.05,0.06,7.44,69.12,81.0,0.0,0.25,0.44,11,11
1772047454.137058,4792705,0.15,-0.14,0.15,179.5,-71.75,73.19,0.25,0.31,0.19,-0.06,-0.05,0.1,7.44,69.12,81.0,0.13,0.75,0.06,11,11
1772047454.327788,4792896,0.23,0.01,0.11,179.69,-71.75,73.06,-0.19,0.19,-0.06,-0.12,-0.1,0.13,7.5,69.0,81.0,0.13,0.75,0.25,11,11
1772047454.518447,4793087,0.21,-0.17,0.06,179.44,-71.62,73.25,0.44,0.88,-0.81,-0.13,-0.07,0.08,7.44,69.06,81.0,0.06,-0.25,0.0,11,11
1772047454.709438,4793278,0.16,-0.06,0.12,179.5,-71.62,73.19,0.75,-0.37,-0.13,-0.09,-0.07,0.14,7.44,69.19,81.0,0.0,-0.75,-0.44,10,11
1772047454.900329,4793468,0.2,-0.16,0.11,179.5,-71.62,73.25,-0.37,-0.5,0.19,-0.05,-0.04,0.08,7.44,69.25,81.0,-0.31,-0.5,-0.5,11,11
1772047455.090991,4793659,0.24,-0.09,0.05,179.5,-71.56,73.19,0.06,1.31,-0.13,-0.13,-0.02,0.02,7.31,69.31,81.06,-0.19,-0.94,-0.5,10,11
1772047455.281456,4793850,0.25,-0.15,0.08,179.69,-71.5,73.12,-0.56,-0.62,0.69,-0.1,-0.09,0.12,7.31,69.31,81.06,0.0,-0.62,0.0,11,11
1772047455.47259,4794041,0.22,-0.13,0.11,179.69,-71.5,73.06,-0.69,-0.31,-0.44,-0.07,-0.05,0.12,7.31,69.31,81.06,0.25,-0.44,-0.37,12,12
1772047455.663324,4794231,0.2,0.01,0.14,-179.87,-71.5,72.81,-0.44,-0.19,0.0,-0.04,-0.1,0.2,7.37,69.25,81.06,-0.37,0.37,0.25,13,12
1772047455.853729,4794422,0.21,-0.17,0.13,179.87,-71.5,72.94,0.06,-0.5,0.25,-0.08,-0.11,0.12,7.44,69.19,81.0,0.56,0.88,0.81,12,12
1772047456.044508,4794613,0.19,-0.13,0.15,179.81,-71.56,73.0,0.19,-0.25,0.19,-0.08,-0.1,0.09,7.5,69.12,81.0,0.13,0.56,0.56,12,11
1772047456.235165,4794804,0.17,-0.14,0.14,179.81,-71.56,73.06,-0.37,0.0,0.25,-0.07,-0.08,0.18,7.5,69.12,81.0,0.31,0.94,0.31,12,11
1772047456.425889,4794994,0.2,-0.18,0.1,179.81,-71.5,73.06,0.13,-0.25,0.13,-0.14,-0.07,0.16,7.56,69.0,80.94,0.13,0.44,0.19,12,12
1772047456.617486,4795185,0.19,-0.13,0.13,179.87,-71.5,73.0,0.81,-0.06,-0.25,-0.09,-0.01,0.1,7.69,69.0,80.94,-0.25,-0.81,-0.31,13,11
1772047456.808002,4795376,0.2,-0.19,0.16,179.69,-71.5,73.12,0.5,-0.31,-0.56,-0.07,-0.07,0.07,7.75,69.0,80.87,0.0,-0.81,-0.69,12,11
1772047456.998189,4795567,0.25,-0.01,0.11,179.87,-71.44,72.94,-1.31,0.94,0.25,-0.08,0.0,0.02,7.69,69.06,80.94,0.25,0.0,-0.06,13,11
1772047457.189137,4795757,0.16,-0.14,0.08,179.87,-71.44,72.94,-0.37,0.13,-0.5,-0.06,-0.07,0.1,7.69,69.06,80.94,0.19,0.5,0.25,12,11
1772047457.380079,4795948,0.21,-0.15,0.09,179.87,-71.44,72.94,-0.31,-0.19,-0.25,-0.09,-0.06,0.04,7.75,69.0,80.94,0.37,0.31,0.13,12,11
1772047457.571183,4796139,0.2,-0.07,0.12,-179.94,-71.44,72.87,-0.69,0.62,0.62,-0.04,-0.04,0.05,7.75,69.0,80.94,-0.13,-0.62,-0.56,11,11
1772047457.761589,4796330,0.17,-0.14,0.12,-179.94,-71.44,72.87,-0.06,0.25,0.31,-0.07,-0.06,0.05,7.81,69.0,80.87,0.13,0.25,0.62,12,11
1772047457.952412,4796521,0.19,-0.17,0.13,179.87,-71.44,73.0,0.13,-0.25,0.25,-0.09,-0.06,0.07,7.81,69.0,80.87,-0.06,-0.06,0.31,12,11
1772047458.142966,4796711,0.15,-0.18,0.13,179.87,-71.44,73.0,-0.19,-0.31,0.13,-0.03,-0.07,0.16,7.81,68.94,80.87,0.44,0.62,0.06,12,11
1772047458.333855,4796902,0.19,-0.15,0.11,-179.94,-71.37,72.94,-0.75,0.0,0.37,-0.09,-0.05,0.13,7.69,68.94,80.94,0.13,-0.06,0.19,12,11
1772047458.52473,4797093,0.23,-0.18,0.12,179.94,-71.37,72.94,0.88,0.69,-0.37,-0.07,-0.04,0.08,7.75,69.0,80.94,0.0,-1.0,-0.37,12,11
1772047458.715522,4797284,0.2,-0.17,0.15,179.94,-71.37,73.0,0.5,-0.75,-0.5,-0.06,-0.05,0.08,7.75,69.06,80.94,-0.25,-0.56,-0.06,12,11
1772047458.90612,4797475,0.22,-0.1,0.12,-179.94,-71.37,72.94,-0.62,-0.19,0.0,-0.09,0.01,0.01,7.69,69.12,80.94,0.25,0.75,0.0,11,11
1772047459.096955,4797665,0.17,-0.07,0.13,-179.94,-71.44,72.87,-0.81,0.0,-0.13,-0.06,-0.07,0.12,7.69,69.12,80.94,0.19,0.25,0.19,12,11
1772047459.287642,4797856,0.21,-0.11,0.1,179.75,-71.44,73.0,0.13,-0.56,-0.25,-0.08,-0.08,0.07,7.81,69.12,80.87,0.25,0.25,0.69,10,11
1772047459.478773,4798047,0.19,-0.12,0.14,179.44,-71.5,73.12,-0.25,0.13,0.19,-0.07,-0.04,0.07,7.87,69.06,80.87,-0.13,-0.19,-0.25,11,11
1772047459.669337,4798238,0.21,-0.11,0.13,179.19,-71.56,73.25,-0.56,1.25,0.31,-0.06,-0.03,0.07,7.81,69.06,80.87,-0.13,0.69,0.5,10,11
1772047459.859895,4798428,0.21,-0.11,0.1,179.06,-71.56,73.31,-0.19,0.0,0.19,-0.08,-0.08,0.12,7.81,69.0,80.87,0.19,0.37,0.25,11,11
1772047460.050783,4798619,0.22,-0.14,0.1,178.94,-71.56,73.37,-0.06,0.37,0.0,-0.12,-0.03,0.02,7.81,69.0,80.87,0.25,-1.25,-0.94,10,11
1772047460.241627,4798810,0.2,-0.11,0.11,179.0,-71.56,73.31,0.0,-0.13,0.5,-0.09,-0.04,0.06,7.56,69.12,81.0,-0.31,-0.75,-0.19,11,11
1772047460.432637,4799001,0.18,-0.16,0.1,179.0,-71.5,73.31,1.12,-0.31,-0.25,-0.08,-0.04,0.09,7.62,69.19,81.0,-0.25,-0.06,0.19,10,11
1772047460.622811,4799191,0.21,-0.12,0.12,179.0,-71.5,73.31,0.31,0.25,0.06,-0.09,-0.04,0.11,7.62,69.19,81.0,0.0,0.44,0.0,10,11
1772047460.813552,4799382,0.19,0.0,0.11,179.06,-71.5,73.19,0.13,0.13,-0.62,-0.05,-0.01,0.07,7.56,69.19,81.0,0.19,0.31,-0.13,10,11
1772047461.004176,4799573,0.27,-0.1,0.06,179.31,-71.5,73.06,-0.25,0.62,1.06,-0.11,0.0,0.06,7.5,69.12,81.0,0.0,0.44,0.31,10,11
1772047461.195275,4799764,0.2,-0.03,0.1,179.56,-71.56,72.94,2.12,-0.69,-0.69,-0.08,-0.02,0.06,7.81,69.06,80.87,-0.31,0.5,0.31,11,12
1772047461.386409,4799955,0.2,-0.07,0.12,179.31,-71.56,73.19,-0.37,0.13,-0.13,-0.06,-0.03,0.07,7.81,69.06,80.87,-0.25,-1.31,-0.5,10,11
1772047461.577177,4800146,0.22,-0.1,0.07,179.25,-71.56,73.25,-1.06,0.69,0.06,-0.09,-0.08,0.13,7.81,69.0,80.87,-0.06,1.06,0.44,11,11
1772047461.767823,4800336,0.22,-0.08,0.09,179.25,-71.5,73.19,-0.13,0.5,-0.19,-0.11,-0.06,0.09,7.81,68.94,80.87,0.19,-0.19,-0.13,11,10
1772047461.958798,4800527,0.2,-0.09,0.09,179.25,-71.5,73.19,-0.37,-0.06,0.19,-0.04,-0.1,0.22,7.81,69.06,80.87,0.5,0.13,-0.25,11,10
1772047462.149813,4800718,0.19,-0.12,0.14,179.25,-71.5,73.19,-0.62,-0.31,0.13,-0.06,-0.09,0.09,7.69,69.19,80.94,0.06,-0.81,-0.81,11,10
1772047462.340825,4800909,0.24,-0.08,0.09,179.37,-71.5,73.12,-1.12,0.31,0.31,-0.07,-0.04,0.1,7.62,69.19,80.94,-0.13,-0.37,0.31,12,10
1772047462.531467,4801100,0.18,-0.2,0.13,179.25,-71.56,73.19,0.25,-0.31,0.06,-0.07,-0.09,0.15,7.62,69.19,80.94,-0.19,0.06,0.06,12,11
1772047462.721628,4801290,0.17,-0.23,0.12,179.25,-71.56,73.19,1.06,0.06,-0.06,-0.11,-0.04,0.11,7.62,69.25,80.94,0.19,0.25,0.25,12,11
1772047462.912364,4801481,0.2,-0.06,0.1,179.37,-71.56,73.06,0.75,-0.37,0.31,-0.09,-0.07,0.1,7.62,69.19,80.94,-0.19,0.19,0.06,12,11
1772047463.10352,4801672,0.18,-0.14,0.11,179.37,-71.56,73.06,0.44,-0.81,-0.19,-0.1,-0.04,0.1,7.62,69.19,80.94,-0.19,0.31,0.13,11,10
1772047463.294742,4801863,0.19,-0.07,0.06,179.37,-71.56,73.06,0.13,0.88,-0.13,-0.1,-0.02,0.03,7.62,69.12,80.94,-0.06,-1.0,-0.44,12,11
1772047463.48583,4802054,0.2,-0.08,0.09,179.37,-71.56,73.06,-0.81,-0.31,0.0,-0.13,-0.09,0.1,7.62,69.12,80.94,0.06,0.5,-0.19,11,10
1772047463.675711,4802244,0.28,-0.12,0.09,179.37,-71.44,73.06,-1.44,0.06,0.31,-0.1,-0.07,0.09,7.5,69.12,81.0,-0.06,-0.44,0.06,12,12
1772047463.866631,4802435,0.13,-0.12,0.13,179.44,-71.5,73.0,0.06,0.0,-0.56,-0.06,-0.07,0.17,7.5,69.19,81.0,-0.06,-1.44,-0.81,12,11
1772047464.057766,4802626,0.19,-0.17,0.12,179.31,-71.44,73.06,0.19,-0.69,0.19,-0.07,-0.07,0.09,7.62,69.19,81.0,-0.06,-0.44,0.25,12,12
1772047464.248913,4802817,0.21,-0.16,0.1,179.25,-71.5,73.06,-0.37,0.44,0.56,-0.07,-0.07,0.09,7.69,69.12,80.94,0.0,-0.19,0.06,12,11
1772047464.439898,4803008,0.17,-0.12,0.13,179.31,-71.5,73.0,-0.5,-0.06,0.56,-0.03,-0.11,0.14,7.75,69.06,80.94,0.31,1.0,0.31,12,11
1772047464.62948,4803198,0.18,-0.18,0.11,179.37,-71.5,73.0,1.19,-0.56,-0.5,-0.09,-0.02,0.12,7.75,69.0,80.94,-0.19,0.81,0.62,11,11
1772047464.820215,4803389,0.22,-0.1,0.11,179.25,-71.5,73.06,1.19,-0.31,0.0,-0.07,-0.06,0.11,7.87,68.94,80.87,-0.19,0.44,0.37,12,11
1772047465.011769,4803580,0.16,-0.15,0.13,179.19,-71.5,73.12,0.25,-0.44,-0.25,-0.06,0.0,0.08,7.87,68.87,80.87,-0.31,0.62,-0.37,12,12
1772047465.202829,4803771,0.24,0.0,0.09,179.44,-71.44,72.94,-1.19,0.62,-0.06,-0.05,-0.03,0.05,7.87,68.87,80.87,-0.37,-1.37,-0.44,12,11
1772047465.395769,4803964,0.23,-0.04,0.09,179.12,-71.5,73.12,-0.69,0.62,-0.44,-0.05,-0.06,0.09,7.87,68.87,80.87,-0.31,-0.13,-0.19,12,11
1772047465.588396,4804157,0.19,-0.15,0.1,178.87,-71.5,73.25,0.31,-0.06,-0.5,-0.05,-0.05,0.05,7.87,68.94,80.87,0.06,-0.81,-0.19,10,10
1772047465.781739,4804350,0.14,-0.1,0.12,178.62,-71.5,73.37,-1.0,0.31,0.81,-0.04,-0.06,0.07,7.87,69.0,80.87,0.06,-0.94,-0.31,10,11
1772047465.973282,4804542,0.15,-0.14,0.15,178.56,-71.5,73.31,-0.13,-0.75,0.44,-0.06,-0.07,0.08,7.81,69.06,80.87,-0.13,-0.06,0.31,10,11
1772047466.164243,4804733,0.17,-0.17,0.1,178.5,-71.56,73.37,0.37,0.25,0.31,-0.05,-0.08,0.08,7.81,69.12,80.87,0.0,-0.31,0.19,10,11
1772047466.355556,4804924,0.18,-0.13,0.13,178.5,-71.56,73.31,0.0,-0.13,0.44,-0.11,-0.05,0.07,7.81,69.12,80.87,0.44,0.31,-0.25,10,11
1772047466.546603,4805115,0.22,-0.02,0.11,178.62,-71.44,73.19,-0.44,-0.44,0.0,-0.11,0.0,0.1,7.81,69.06,80.94,-0.44,0.31,0.19,9,11
1772047466.736997,4805306,0.22,-0.07,0.1,178.69,-71.44,73.19,0.37,-0.06,-0.13,-0.08,-0.04,0.07,7.94,69.0,80.87,-0.13,0.19,0.06,9,11
1772047466.928235,4805497,0.2,-0.09,0.13,178.62,-71.5,73.25,0.31,-0.69,-0.25,-0.07,-0.05,0.1,7.94,68.94,80.81,-0.06,0.56,0.37,9,10
1772047467.119576,4805688,0.2,-0.09,0.11,178.62,-71.5,73.25,-0.5,0.62,0.06,-0.05,-0.08,0.14,7.94,68.94,80.87,-0.31,-0.94,-0.75,9,10
1772047467.311305,4805880,0.2,-0.06,0.12,178.62,-71.44,73.25,-1.0,0.44,0.0,-0.05,-0.04,0.13,7.94,68.94,80.87,-0.06,-0.25,-0.13,10,10
1772047467.504807,4806073,0.23,-0.07,0.11,178.56,-71.44,73.31,-0.13,0.25,-0.44,-0.09,-0.03,0.09,7.87,69.0,80.87,0.13,-0.62,0.06,10,11
1772047467.698716,4806267,0.14,-0.14,0.14,178.44,-71.44,73.44,-0.25,-0.69,0.0,-0.05,-0.04,0.18,7.94,69.06,80.87,0.19,-0.06,-0.19,10,11
1772047467.89,4806459,0.19,-0.21,0.16,178.31,-71.44,73.44,0.37,-0.06,0.44,-0.07,-0.02,0.14,7.81,69.19,80.87,-0.37,0.13,0.44,10,11
1772047468.081425,4806650,0.12,-0.18,0.11,178.56,-71.44,73.25,1.25,-0.13,-0.37,-0.09,-0.04,0.11,7.81,69.19,80.87,-0.44,0.0,-0.25,10,10
1772047468.272625,4806841,0.19,-0.14,0.1,178.56,-71.44,73.31,-0.19,-0.25,0.25,-0.09,-0.07,0.08,7.81,69.19,80.87,0.13,0.5,0.13,10,10
1772047468.464534,4807033,0.22,-0.06,0.1,178.62,-71.44,73.25,-0.62,-0.25,0.62,-0.13,-0.01,0.07,7.87,69.19,80.87,-0.19,-0.56,-0.44,10,11
1772047468.655214,4807224,0.18,-0.09,0.13,178.75,-71.44,73.25,-0.25,-0.25,-0.25,-0.04,-0.06,0.1,7.87,69.12,80.87,0.31,0.75,0.5,11,10
1772047468.845397,4807414,0.18,-0.1,0.14,178.75,-71.44,73.25,0.06,-0.13,-0.13,-0.08,-0.06,0.06,7.87,69.06,80.87,0.0,0.75,0.13,12,11
1772047469.036903,4807605,0.17,-0.09,0.15,178.75,-71.44,73.25,-0.37,0.88,0.06,-0.06,-0.06,0.16,7.81,69.06,80.87,-0.37,-0.62,-0.62,13,11
1772047469.229222,4807798,0.15,-0.14,0.14,178.75,-71.37,73.25,-0.69,0.5,-0.06,-0.07,-0.03,0.11,7.75,69.12,80.94,0.19,-0.5,-0.37,12,11
1772047469.420932,4807989,0.23,0.03,0.12,178.94,-71.37,73.06,0.0,-0.37,-0.75,-0.07,-0.06,0.11,7.81,69.19,80.94,-0.19,-0.75,-0.06,12,11
1772047469.614469,4808183,0.17,-0.16,0.18,178.56,-71.37,73.31,-0.06,-0.19,0.19,-0.02,-0.04,0.17,7.81,69.25,80.94,-0.44,-0.81,-0.31,13,11
1772047469.806968,4808376,0.16,-0.19,0.19,178.56,-71.37,73.31,0.19,-0.5,0.19,-0.07,-0.06,0.14,7.81,69.31,80.94,0.06,0.44,0.19,12,11
1772047469.998503,4808567,0.18,-0.14,0.12,178.62,-71.37,73.19,0.37,0.0,0.19,-0.11,0.0,0.12,7.81,69.31,80.94,-0.44,-0.56,-0.31,12,11
1772047470.19018,4808759,0.18,-0.07,0.13,178.75,-71.37,73.12,0.0,-0.5,-0.06,-0.08,-0.02,0.11,7.81,69.31,80.94,-0.06,-0.13,0.25,12,11
1772047470.381568,4808950,0.21,-0.02,0.12,178.75,-71.37,73.12,0.13,-0.31,-0.25,-0.03,-0.03,0.13,7.87,69.31,80.87,0.25,1.12,0.31,12,11
1772047470.573829,4809142,0.1,-0.13,0.12,178.56,-71.37,73.25,-0.56,-0.25,-0.06,-0.09,-0.12,0.11,7.87,69.25,80.87,0.31,0.75,0.0,13,11
1772047470.76619,4809335,0.19,-0.02,0.14,178.75,-71.37,73.12,-0.81,0.19,0.37,-0.08,-0.04,0.11,7.87,69.19,80.87,0.0,0.44,0.31,10,11
1772047470.958934,4809527,0.16,-0.1,0.15,178.81,-71.44,73.12,-0.06,0.88,-0.19,-0.08,-0.08,0.14,7.87,69.19,80.87,-0.44,-0.94,-0.5,10,10
1772047471.152347,4809721,0.21,-0.12,0.1,178.69,-71.31,73.19,-0.56,-0.06,0.06,-0.06,-0.06,0.15,7.87,69.19,80.87,0.0,-0.69,-0.19,10,10
1772047471.343592,4809912,0.2,-0.11,0.14,178.69,-71.31,73.19,-0.31,0.5,0.13,-0.08,-0.06,0.12,7.81,69.31,80.94,0.19,-1.31,-0.5,10,10
1772047471.535633,4810104,0.14,-0.06,0.15,178.69,-71.37,73.19,-0.13,-0.37,0.19,-0.14,0.0,0.05,7.87,69.37,80.94,-0.06,-1.19,-0.44,10,10
1772047471.727447,4810296,0.19,-0.16,0.17,178.56,-71.37,73.25,0.5,-0.13,0.31,-0.09,-0.06,0.1,7.87,69.44,80.94,-0.25,0.0,0.13,10,10
1772047471.919815,4810489,0.17,-0.16,0.11,178.56,-71.37,73.25,0.75,0.44,-0.06,-0.1,-0.05,0.12,7.87,69.44,80.94,0.06,0.5,0.06,10,10
1772047472.112082,4810681,0.16,-0.14,0.15,178.56,-71.37,73.25,-0.13,-0.25,0.5,-0.08,-0.01,0.14,7.87,69.44,80.94,0.0,0.19,-0.13,10,10
1772047472.304785,4810873,0.08,-0.06,0.17,178.69,-71.37,73.19,0.62,-1.37,-0.44,-0.04,-0.04,0.18,7.94,69.44,80.87,-0.19,0.94,0.44,10,11
1772047472.497597,4811066,0.17,-0.12,0.14,178.56,-71.37,73.25,0.19,0.37,-0.13,-0.11,-0.05,0.12,7.94,69.31,80.87,-0.19,-0.06,0.06,9,10
1772047472.689417,4811258,0.19,-0.11,0.16,178.56,-71.37,73.31,-0.31,-0.5,-0.06,-0.07,-0.05,0.13,7.94,69.31,80.87,0.56,0.69,0.31,10,10
1772047472.881951,4811450,0.2,-0.09,0.14,178.56,-71.31,73.25,-0.19,0.5,-0.19,-0.07,-0.07,0.11,7.94,69.25,80.87,-0.37,-0.88,-0.37,10,11
1772047473.073749,4811642,0.21,-0.07,0.14,178.56,-71.31,73.31,-1.06,0.56,0.06,-0.08,-0.06,0.1,8.0,69.25,80.87,0.06,-0.13,-0.31,9,11
1772047473.264592,4811833,0.2,-0.08,0.13,178.56,-71.31,73.31,-0.31,-0.13,-0.13,-0.06,-0.04,0.1,8.06,69.19,80.81,0.13,-0.62,-0.06,10,11
1772047473.45606,4812025,0.14,-0.13,0.19,178.56,-71.31,73.31,-0.56,-0.31,0.5,-0.16,0.01,0.0,8.13,69.25,80.81,0.31,-1.0,-0.37,9,11
1772047473.647046,4812216,0.18,-0.17,0.13,178.56,-71.31,73.31,-0.19,0.06,1.0,-0.09,-0.02,0.11,8.06,69.25,80.81,-0.25,-0.06,0.37,9,11
1772047473.83771,4812407,0.15,-0.25,0.14,178.5,-71.31,73.31,0.5,0.13,0.19,-0.08,-0.02,0.09,8.06,69.19,80.81,-0.13,0.19,0.13,10,11
1772047474.029629,4812598,0.19,-0.11,0.17,178.56,-71.31,73.25,0.5,0.0,0.25,-0.04,-0.03,0.09,8.13,69.12,80.81,0.0,0.25,0.13,9,11
1772047474.221394,4812790,0.24,0.01,0.12,178.62,-71.31,73.19,0.31,0.31,-0.13,-0.05,0.02,0.05,8.13,69.12,80.81,0.19,1.06,0.19,9,10
1772047474.414043,4812983,0.1,-0.1,0.14,178.5,-71.31,73.25,-0.5,-0.5,-0.25,-0.09,-0.05,0.11,8.19,69.06,80.81,0.06,0.06,0.13,9,11
1772047474.605929,4813175,0.16,-0.13,0.16,178.5,-71.31,73.31,0.25,0.0,-0.31,-0.07,-0.05,0.11,8.19,69.0,80.81,-0.06,0.06,0.06,10,11
1772047474.798691,4813367,0.2,-0.1,0.15,178.5,-71.31,73.31,-0.44,0.37,-0.19,-0.04,-0.05,0.12,8.13,69.06,80.81,0.13,-0.5,-0.37,10,11
1772047474.990853,4813559,0.22,-0.09,0.09,178.5,-71.25,73.25,-1.12,0.62,0.19,-0.08,-0.03,0.14,8.13,69.06,80.81,0.06,-0.13,-0.25,10,11
1772047475.182296,4813751,0.18,-0.12,0.15,178.5,-71.25,73.25,0.13,-0.06,-0.31,-0.06,-0.03,0.08,8.13,69.19,80.81,0.25,-0.5,0.06,10,11
1772047475.373384,4813942,0.13,-0.17,0.19,178.5,-71.31,73.25,-0.19,-0.06,0.69,-0.16,0.0,0.01,8.13,69.25,80.81,-0.19,-1.56,-0.69,10,11
1772047475.564834,4814134,0.19,-0.17,0.16,178.56,-71.25,73.25,0.13,-0.5,0.56,-0.09,-0.01,0.09,8.13,69.31,80.81,-0.25,-0.44,0.06,11,11
1772047475.755101,4814324,0.14,-0.17,0.13,178.62,-71.25,73.19,-0.06,0.62,0.31,-0.07,-0.04,0.09,8.13,69.31,80.81,0.19,0.13,0.62,11,12
1772047475.945843,4814515,0.16,-0.16,0.14,178.62,-71.31,73.19,0.56,-0.88,0.31,-0.1,-0.03,0.13,8.13,69.25,80.81,-0.06,0.56,0.31,11,12
1772047476.13747,4814706,0.2,-0.14,0.16,178.56,-71.31,73.25,1.25,-0.44,-0.75,-0.1,-0.03,0.12,8.19,69.19,80.81,0.0,0.56,-0.31,11,12
1772047476.32875,4814898,0.24,-0.02,0.1,178.44,-71.31,73.25,-1.25,0.75,0.88,-0.08,-0.04,0.11,8.19,69.12,80.81,0.25,-0.06,0.37,11,12
1772047476.520557,4815089,0.16,-0.17,0.14,178.37,-71.37,73.31,0.69,-0.37,-0.56,-0.08,-0.04,0.11,8.19,69.12,80.81,0.0,-0.06,0.0,11,11
1772047476.710062,4815279,0.21,-0.11,0.09,178.12,-71.37,73.44,-0.06,0.19,-0.19,-0.02,-0.06,0.11,8.13,69.19,80.81,0.06,-1.5,-0.62,12,12
1772047476.89999,4815469,0.21,-0.06,0.11,177.87,-71.44,73.56,-1.06,0.62,0.06,-0.08,-0.04,0.12,8.06,69.31,80.87,0.31,-0.13,-0.56,11,11
1772047477.090854,4815660,0.17,-0.05,0.12,177.87,-71.44,73.5,-0.56,-0.44,0.19,-0.08,-0.06,0.11,8.06,69.31,80.87,0.0,0.0,0.31,12,10
1772047477.281572,4815851,0.17,-0.09,0.14,177.75,-71.5,73.62,-0.13,0.5,0.19,-0.05,-0.06,0.15,8.06,69.37,80.81,0.75,0.62,0.75,12,10
1772047477.472943,4816042,0.16,-0.17,0.15,177.75,-71.44,73.56,0.06,0.13,0.44,-0.06,-0.03,0.09,8.13,69.37,80.81,0.06,-0.06,-0.06,11,10
1772047477.662936,4816232,0.22,-0.06,0.1,177.81,-71.44,73.44,-0.19,0.06,0.62,-0.07,0.0,0.09,8.13,69.37,80.81,-0.06,0.19,0.44,12,10
1772047477.853131,4816422,0.18,-0.09,0.15,177.81,-71.5,73.44,0.25,-0.13,0.19,-0.08,-0.08,0.16,8.13,69.37,80.81,0.13,0.81,0.19,11,10
1772047478.043752,4816613,0.13,-0.18,0.13,177.81,-71.5,73.5,0.44,-0.37,0.0,-0.13,-0.07,0.12,8.13,69.37,80.81,-0.19,0.75,0.25,12,10
1772047478.234331,4816803,0.22,-0.11,0.11,177.87,-71.44,73.44,0.69,0.37,0.13,-0.08,-0.03,0.16,8.13,69.31,80.81,-0.06,0.37,0.06,11,10
1772047478.425496,4816994,0.18,-0.09,0.11,177.87,-71.44,73.44,0.31,-0.13,-0.31,-0.12,-0.07,0.13,8.13,69.31,80.81,-0.13,-0.06,-0.06,12,10
1772047478.615693,4817185,0.2,-0.05,0.05,177.87,-71.44,73.5,-0.19,0.37,0.06,-0.12,-0.02,0.08,8.06,69.31,80.87,0.37,-0.56,-0.5,11,10
1772047478.806573,4817375,0.22,-0.07,0.09,177.87,-71.44,73.44,-0.13,-0.37,-0.44,-0.08,-0.02,0.14,8.06,69.31,80.81,-0.13,-0.06,0.06,12,10
1772047478.997238,4817566,0.19,-0.1,0.12,177.81,-71.44,73.5,-0.13,-0.37,-0.31,-0.07,-0.02,0.09,8.13,69.25,80.81,0.31,-0.5,-0.31,12,11
1772047479.187902,4817757,0.2,-0.06,0.14,178.0,-71.44,73.37,-0.56,0.75,0.62,-0.06,-0.02,0.08,8.19,69.25,80.81,-0.19,-0.69,-0.31,12,12
1772047479.378418,4817947,0.18,-0.14,0.12,178.12,-71.44,73.31,-0.25,0.31,0.75,-0.07,-0.07,0.09,8.19,69.19,80.81,0.0,0.0,0.44,12,12
1772047479.569129,4818138,0.21,-0.08,0.12,178.25,-71.37,73.25,-0.25,-0.25,0.13,-0.08,-0.02,0.06,8.25,69.12,80.75,0.06,0.06,0.44,12,12
1772047479.759764,4818329,0.15,-0.16,0.14,178.19,-71.5,73.31,0.13,-0.44,0.31,-0.06,-0.04,0.12,8.19,69.06,80.75,0.13,0.37,0.13,12,11
1772047479.950503,4818520,0.13,-0.2,0.15,178.12,-71.5,73.37,0.37,-0.56,0.56,-0.12,-0.01,0.12,8.25,69.06,80.75,-0.13,0.5,0.31,12,11
1772047480.141493,4818710,0.21,-0.16,0.13,178.25,-71.44,73.31,0.88,-0.06,-0.06,-0.08,-0.04,0.07,8.19,69.0,80.75,-0.56,0.0,-0.06,12,11
1772047480.33216,4818901,0.16,-0.16,0.14,178.19,-71.44,73.37,0.56,0.13,-0.13,-0.04,-0.05,0.09,8.19,69.0,80.75,0.06,0.37,0.19,11,11
1772047480.522758,4819092,0.24,-0.09,0.06,178.19,-71.44,73.31,-0.19,0.5,0.25,-0.08,0.0,0.11,8.0,69.06,80.81,0.5,0.19,-0.13,12,11
1772047480.71383,4819282,0.11,-0.11,0.08,178.37,-71.44,73.19,0.5,-0.31,-0.31,-0.08,-0.01,0.12,8.06,69.12,80.81,-0.19,-0.62,-0.25,11,11
1772047480.904382,4819473,0.21,-0.12,0.13,178.31,-71.44,73.25,0.19,-0.69,-0.25,-0.07,-0.04,0.06,8.06,69.19,80.81,-0.31,-0.44,0.13,11,11
1772047481.09482,4819664,0.22,-0.14,0.15,178.31,-71.5,73.25,-0.37,0.44,0.19,-0.06,-0.04,0.05,8.06,69.19,80.81,0.13,0.0,0.0,10,11
1772047481.285702,4819855,0.19,-0.11,0.13,178.62,-71.5,73.12,-1.37,0.56,0.88,-0.08,-0.03,0.07,8.0,69.25,80.81,0.69,0.56,0.31,10,11
1772047481.476393,4820045,0.22,-0.12,0.12,178.69,-71.56,73.0,0.5,-0.31,0.0,-0.06,-0.05,0.12,8.06,69.19,80.81,-0.13,0.56,0.5,9,11
1772047481.667058,4820236,0.13,-0.16,0.17,178.69,-71.62,73.0,-0.37,-0.5,0.37,-0.14,0.0,0.04,8.06,69.19,80.81,0.0,-0.37,-0.19,10,11
1772047481.857514,4820427,0.22,-0.16,0.16,178.69,-71.62,73.06,-0.06,0.37,0.62,-0.1,-0.07,0.09,8.06,69.12,80.81,0.13,0.5,0.06,10,11
1772047482.04816,4820617,0.21,-0.19,0.07,178.87,-71.5,72.94,-0.5,0.81,0.69,-0.08,-0.04,0.09,8.06,69.06,80.81,0.06,0.44,0.62,10,11
1772047482.239501,4820808,0.17,-0.2,0.15,178.87,-71.5,73.0,0.75,-0.5,-0.25,-0.1,-0.04,0.14,8.13,69.06,80.81,0.13,-0.31,0.0,11,12
1772047482.430161,4820999,0.22,-0.18,0.11,178.87,-71.44,73.0,1.12,-0.37,-0.62,-0.11,-0.01,0.07,7.94,69.19,80.87,0.19,-0.75,-0.75,10,11
1772047482.621037,4821190,0.25,-0.07,0.09,178.87,-71.5,72.94,-0.19,-0.31,0.13,-0.1,-0.03,0.1,7.94,69.25,80.87,-0.19,-0.31,-0.31,11,12
1772047482.811578,4821380,0.17,-0.1,0.16,178.81,-71.5,72.94,0.0,-0.62,-0.5,-0.08,-0.02,0.07,7.94,69.25,80.87,-0.19,-0.44,0.0,10,11
1772047483.002403,4821571,0.19,-0.14,0.14,178.81,-71.5,72.94,-0.37,0.88,-0.37,-0.11,-0.02,0.05,8.0,69.25,80.87,0.06,-1.19,-0.37,11,11
1772047483.19335,4821762,0.21,-0.08,0.1,178.94,-71.5,72.87,-1.5,-0.06,-0.13,-0.1,-0.03,0.07,7.94,69.31,80.87,-0.13,-0.25,0.06,10,11
1772047483.383775,4821953,0.21,-0.08,0.18,178.87,-71.56,72.87,-0.75,0.25,-0.06,-0.09,-0.04,0.09,8.0,69.25,80.81,-0.19,0.13,0.44,11,11
1772047483.574427,4822143,0.14,-0.08,0.13,178.5,-71.62,73.06,-0.31,0.19,0.19,-0.08,-0.11,0.15,8.0,69.25,80.81,0.19,1.12,0.44,11,11
1772047483.765027,4822334,0.17,-0.16,0.14,178.25,-71.56,73.25,-0.25,0.06,0.13,-0.08,-0.05,0.07,8.0,69.19,80.81,0.0,0.56,0.19,11,11
1772047483.955654,4822525,0.21,-0.1,0.13,178.06,-71.62,73.25,-0.56,0.06,0.19,-0.09,-0.06,0.11,8.0,69.19,80.81,0.06,-0.31,0.19,11,11
1772047484.146494,4822716,0.18,-0.11,0.13,177.94,-71.62,73.31,0.0,0.37,0.0,-0.09,-0.04,0.2,8.0,69.19,80.81,0.25,-0.06,-0.19,11,10
1772047484.337238,4822906,0.19,-0.16,0.11,177.81,-71.62,73.37,0.0,-0.62,0.25,-0.1,-0.04,0.15,8.0,69.19,80.81,0.13,-0.5,0.13,11,10
1772047484.528417,4823097,0.16,-0.13,0.09,177.87,-71.62,73.31,0.75,-0.37,-0.31,-0.09,-0.04,0.11,8.06,69.19,80.81,-0.19,-0.81,-0.37,10,10
1772047484.718766,4823288,0.17,-0.16,0.15,177.75,-71.62,73.37,0.37,-0.06,-0.19,-0.08,0.0,0.07,8.13,69.19,80.81,0.06,0.25,0.06,11,11
1772047484.909263,4823478,0.23,0.0,0.11,178.06,-71.62,73.19,0.19,-0.25,-0.56,-0.03,0.01,0.12,8.13,69.19,80.81,0.0,0.88,0.0,10,10
1772047485.100498,4823669,0.17,-0.08,0.09,177.94,-71.62,73.25,-0.44,0.0,-0.19,-0.07,-0.08,0.11,8.19,69.12,80.81,-0.19,0.06,0.0,11,10
1772047485.291111,4823860,0.21,-0.11,0.12,177.94,-71.62,73.31,-0.44,-0.44,-0.31,-0.06,-0.02,0.03,8.19,69.12,80.75,0.31,0.0,0.0,11,11
1772047485.48192,4824051,0.21,-0.08,0.14,178.06,-71.62,73.19,-0.5,0.25,0.31,-0.02,-0.06,0.09,8.19,69.12,80.75,-0.06,0.31,0.44,11,12
1772047485.672519,4824241,0.22,-0.1,0.13,177.94,-71.62,73.31,-0.44,-0.06,0.31,-0.07,-0.06,0.1,8.19,69.06,80.75,0.0,0.81,0.19,11,12
1772047485.863146,4824432,0.21,-0.09,0.12,177.94,-71.62,73.31,0.13,0.31,-0.13,-0.07,-0.07,0.06,8.19,69.06,80.75,0.0,0.37,0.44,10,11
1772047486.053969,4824623,0.11,-0.11,0.19,177.94,-71.62,73.31,-0.25,0.62,0.31,-0.11,-0.04,0.08,8.13,69.0,80.75,0.5,0.69,0.0,11,11
1772047486.244703,4824814,0.23,-0.01,0.14,178.06,-71.5,73.19,-0.62,0.06,0.25,-0.08,-0.02,0.06,8.13,69.0,80.81,0.0,-0.25,0.0,10,11
1772047486.435574,4825005,0.2,-0.11,0.08,178.0,-71.5,73.25,-0.25,0.44,-0.13,-0.05,-0.09,0.13,8.13,69.06,80.75,0.19,0.0,0.31,11,12
1772047486.626435,4825195,0.17,-0.17,0.18,178.0,-71.56,73.25,-0.13,-0.94,0.13,-0.1,-0.03,0.07,8.19,69.12,80.75,0.06,-0.44,-0.31,11,11
1772047486.817077,4825386,0.19,-0.15,0.14,178.0,-71.56,73.19,0.88,-0.5,-0.56,-0.09,0.02,0.07,8.13,69.25,80.81,-0.19,-0.31,-0.19,12,11
1772047487.007953,4825577,0.21,-0.06,0.13,178.06,-71.56,73.12,0.56,0.25,-0.19,-0.07,-0.03,0.09,8.13,69.25,80.81,-0.31,-0.44,-0.19,11,11
1772047487.198775,4825768,0.19,-0.15,0.15,178.06,-71.56,73.19,0.25,-0.62,-0.06,-0.08,-0.02,0.05,8.13,69.25,80.81,-0.06,-0.5,-0.13,11,11
1772047487.389619,4825959,0.17,-0.1,0.07,178.06,-71.56,73.12,-0.44,0.19,-0.06,-0.06,-0.04,0.09,8.13,69.25,80.81,0.06,-0.06,-0.13,11,11
1772047487.579568,4826149,0.23,-0.03,0.1,178.0,-71.56,73.12,-1.94,0.56,0.56,-0.08,-0.08,0.1,8.13,69.19,80.75,-0.44,0.31,0.0,11,11
1772047487.770799,4826340,0.17,-0.08,0.13,177.87,-71.56,73.19,-0.94,0.0,-0.13,-0.1,-0.02,0.09,8.13,69.19,80.75,-0.13,0.0,0.5,11,11
1772047487.961563,4826531,0.15,-0.13,0.12,177.69,-71.62,73.37,0.44,-0.37,-0.06,-0.11,-0.05,0.07,8.13,69.12,80.75,0.31,0.37,0.62,11,11
1772047488.152175,4826721,0.17,-0.13,0.13,177.44,-71.62,73.44,-0.5,-0.44,0.75,-0.06,-0.07,0.14,8.13,69.12,80.75,0.0,0.44,0.13,11,11
1772047488.343253,4826912,0.23,-0.1,0.08,177.44,-71.62,73.44,0.0,0.81,-0.37,-0.07,-0.08,0.16,8.19,69.19,80.75,0.37,0.13,0.44,11,11
1772047488.533876,4827103,0.19,-0.11,0.11,177.31,-71.62,73.5,-0.19,-0.19,0.0,-0.07,-0.06,0.11,8.19,69.25,80.75,0.19,0.06,-0.19,11,11
1772047488.724821,4827294,0.19,-0.14,0.11,177.25,-71.62,73.5,1.06,-0.75,-0.69,-0.11,0.0,0.08,8.19,69.37,80.75,-0.19,-0.5,-0.31,10,11
1772047488.915507,4827485,0.18,-0.08,0.13,177.19,-71.69,73.56,0.56,0.31,-0.06,-0.06,0.01,0.14,8.13,69.44,80.75,-0.13,0.13,-0.31,11,11
1772047489.106318,4827675,0.07,-0.05,0.11,177.37,-71.69,73.44,0.69,-1.25,-0.69,-0.08,-0.03,0.12,8.13,69.44,80.75,-0.19,0.06,-0.06,10,11
1772047489.297233,4827866,0.21,-0.05,0.06,177.31,-71.69,73.5,-0.56,0.31,0.0,-0.05,-0.06,0.11,8.13,69.37,80.75,0.06,-0.81,-0.13,11,11
1772047489.487785,4828057,0.21,-0.03,0.11,177.31,-71.69,73.5,-1.19,-0.37,0.06,-0.09,-0.01,0.06,8.13,69.37,80.75,-0.19,0.44,0.13,10,11
1772047489.678455,4828248,0.22,-0.08,0.13,177.37,-71.69,73.5,0.31,-0.06,-0.19,-0.09,-0.06,0.1,8.13,69.31,80.75,-0.13,0.13,0.19,11,11
1772047489.869416,4828438,0.15,-0.07,0.13,177.37,-71.69,73.5,-0.19,0.56,0.37,-0.13,-0.01,0.07,8.06,69.25,80.75,0.06,-0.44,-0.19,11,11
1772047490.059893,4828629,0.23,-0.08,0.13,177.31,-71.62,73.5,-0.31,-0.44,0.5,-0.09,-0.06,0.14,8.06,69.25,80.75,-0.19,0.0,0.19,10,11
1772047490.250602,4828820,0.18,-0.11,0.1,177.31,-71.62,73.5,0.19,0.31,-0.19,-0.07,-0.09,0.13,8.06,69.25,80.75,0.31,0.88,0.06,11,12
1772047490.441431,4829010,0.24,-0.03,0.08,177.44,-71.62,73.44,-1.25,-0.13,0.44,-0.05,-0.03,0.13,8.06,69.25,80.75,0.37,-0.06,0.0,10,11
1772047490.632071,4829201,0.23,-0.1,0.11,177.44,-71.62,73.37,0.75,0.13,-0.88,-0.1,0.0,0.12,8.06,69.37,80.81,-0.19,-0.94,-0.44,11,12
1772047490.823091,4829392,0.18,-0.11,0.11,177.31,-71.62,73.5,0.5,-0.62,-0.13,-0.1,-0.04,0.09,8.06,69.44,80.81,-0.25,-0.88,-0.37,10,11
1772047491.013502,4829583,0.2,-0.1,0.12,177.25,-71.69,73.5,-0.5,0.0,-0.37,-0.07,-0.04,0.13,8.06,69.5,80.81,0.06,0.13,-0.25,10,11
1772047491.204681,4829774,0.23,-0.05,0.13,177.5,-71.69,73.31,-0.56,0.62,-0.19,-0.11,-0.05,0.09,8.13,69.5,80.75,-0.13,-0.62,-0.06,10,11
1772047491.394949,4829964,0.2,-0.09,0.13,177.44,-71.62,73.44,-0.56,0.06,0.44,-0.09,-0.06,0.12,8.19,69.5,80.75,-0.19,0.25,0.31,10,11
1772047491.585663,4830155,0.19,-0.12,0.1,177.37,-71.62,73.44,0.37,0.19,-0.31,-0.1,-0.06,0.13,8.19,69.44,80.75,0.19,0.5,0.37,10,11
1772047491.776427,4830346,0.15,-0.16,0.12,177.44,-71.69,73.44,-0.19,0.94,0.88,-0.07,0.0,0.15,8.19,69.37,80.75,0.13,0.31,0.0,10,11
1772047491.967376,4830536,0.17,-0.1,0.14,177.69,-71.56,73.31,0.62,-0.81,0.5,-0.1,-0.04,0.16,8.19,69.37,80.75,-0.31,0.37,0.44,10,11
1772047492.158308,4830727,0.19,-0.17,0.11,177.69,-71.5,73.31,0.75,0.62,-0.13,-0.1,-0.03,0.09,8.25,69.25,80.69,-0.44,-0.56,-0.06,10,11
1772047492.348992,4830918,0.16,-0.13,0.17,177.62,-71.56,73.31,0.13,-0.44,0.19,-0.09,-0.02,0.13,8.38,69.12,80.69,0.19,-0.25,-0.25,10,11
1772047492.539807,4831109,0.23,-0.04,0.11,177.69,-71.5,73.31,0.25,0.06,-0.25,-0.09,-0.01,0.11,8.31,69.12,80.69,-0.06,-0.44,-0.31,9,11
1772047492.730442,4831300,0.15,-0.13,0.12,177.69,-71.5,73.31,0.19,0.13,-0.19,-0.06,-0.03,0.08,8.31,69.06,80.69,0.0,-1.06,-0.5,10,11
1772047492.921078,4831490,0.19,-0.12,0.18,177.62,-71.56,73.31,0.0,-1.25,-0.5,-0.07,0.0,0.06,8.38,69.12,80.69,0.0,-0.69,-0.37,10,11
1772047493.111936,4831681,0.23,-0.11,0.12,177.62,-71.62,73.31,-0.62,1.06,-0.13,-0.05,-0.04,0.07,8.38,69.12,80.69,0.5,-0.25,0.06,11,11
1772047493.302491,4831872,0.22,-0.07,0.12,177.5,-71.56,73.37,-0.69,0.19,0.44,-0.02,-0.04,0.08,8.38,69.19,80.69,0.06,0.75,0.31,10,11
1772047493.493588,4832063,0.16,-0.07,0.16,177.5,-71.56,73.37,-0.19,0.25,-0.13,-0.04,-0.03,0.09,8.38,69.19,80.69,-0.19,-0.69,-0.06,11,11
1772047493.684162,4832253,0.14,-0.11,0.16,177.5,-71.56,73.37,-0.19,0.0,0.37,-0.07,-0.01,0.05,8.38,69.19,80.69,0.25,0.44,0.69,10,11
1772047493.87478,4832444,0.19,-0.16,0.15,177.56,-71.56,73.44,0.25,-1.12,1.37,-0.09,-0.05,0.09,8.44,69.12,80.62,0.0,-0.13,0.31,11,11
1772047494.065701,4832635,0.15,-0.17,0.14,177.69,-71.62,73.31,-0.06,0.13,0.25,-0.06,-0.03,0.07,8.38,69.06,80.62,0.06,0.37,0.56,11,11
1772047494.25629,4832826,0.14,-0.14,0.18,177.69,-71.62,73.31,-0.06,0.25,0.19,-0.08,-0.06,0.11,8.38,69.06,80.62,0.13,0.62,0.13,11,11
1772047494.44711,4833016,0.16,-0.14,0.17,177.75,-71.56,73.31,0.5,-0.31,-0.19,-0.13,0.0,0.06,8.38,69.06,80.62,0.25,-0.06,0.13,12,12
1772047494.637827,4833207,0.17,-0.11,0.14,177.75,-71.5,73.25,0.75,0.62,0.06,-0.06,-0.01,0.08,8.38,69.06,80.62,0.06,0.0,-0.13,11,11
1772047494.828872,4833398,0.18,-0.12,0.17,177.69,-71.5,73.31,1.19,-0.56,-0.75,-0.07,-0.01,0.09,8.38,69.06,80.62,-0.13,-0.37,-0.31,12,12
1772047495.019498,4833589,0.22,-0.08,0.1,177.69,-71.5,73.31,-0.62,0.69,-0.13,-0.07,0.0,0.06,8.38,69.19,80.69,0.19,0.06,-0.19,11,12
1772047495.210046,4833779,0.13,-0.09,0.12,177.56,-71.5,73.31,-0.75,-0.06,-0.88,-0.06,-0.03,0.09,8.38,69.19,80.69,0.37,0.25,0.19,12,12
1772047495.401145,4833970,0.17,-0.08,0.17,177.56,-71.5,73.31,-0.44,-0.37,-0.13,-0.08,-0.01,0.06,8.38,69.19,80.69,-0.19,-0.37,-0.19,11,12
1772047495.591658,4834161,0.19,-0.11,0.15,177.56,-71.5,73.31,-0.06,0.62,0.25,-0.07,-0.04,0.03,8.38,69.25,80.69,0.06,-0.62,-0.25,12,12
1772047495.782178,4834352,0.16,-0.1,0.2,177.56,-71.56,73.31,-0.88,0.19,0.81,-0.07,-0.04,0.05,8.5,69.19,80.62,0.0,0.19,0.19,11,12
1772047495.973173,4834543,0.16,-0.13,0.13,177.25,-71.62,73.5,-0.44,0.13,0.25,-0.06,-0.01,0.07,8.44,69.12,80.62,0.25,0.56,0.56,11,12
1772047496.163723,4834733,0.15,-0.06,0.15,177.25,-71.69,73.44,0.88,0.06,0.44,-0.1,0.0,0.09,8.44,69.06,80.62,-0.31,0.13,-0.06,12,12
1772047496.354616,4834924,0.23,-0.12,0.16,177.06,-71.69,73.56,0.0,-0.31,0.44,-0.12,-0.04,0.04,8.44,69.06,80.62,-0.25,-0.56,0.13,11,12
1772047496.545175,4835115,0.19,-0.15,0.11,176.94,-71.69,73.56,0.56,0.5,-0.13,-0.1,-0.03,0.07,8.44,69.06,80.62,0.0,-0.44,0.0,11,12
1772047496.736258,4835305,0.19,-0.07,0.13,176.75,-71.69,73.62,-0.25,-0.56,0.31,-0.1,0.01,0.09,8.44,69.06,80.62,0.13,-0.5,-0.37,10,12
1772047496.927064,4835496,0.23,-0.01,0.1,176.75,-71.69,73.62,0.69,-0.44,-0.69,-0.07,0.03,0.09,8.44,69.25,80.69,0.13,-0.13,-0.13,11,12
1772047497.117754,4835687,0.18,-0.07,0.13,176.56,-71.69,73.75,0.19,0.37,-0.25,-0.09,-0.02,0.07,8.44,69.25,80.69,-0.25,-0.25,0.0,10,12
1772047497.308637,4835878,0.15,-0.08,0.14,176.56,-71.69,73.75,-0.19,-0.31,-0.56,-0.04,0.0,0.04,8.44,69.25,80.62,-0.13,-0.44,-0.25,11,12
1772047497.499199,4836069,0.24,0.0,0.15,176.87,-71.69,73.56,-0.25,0.44,-0.37,-0.08,-0.03,0.05,8.44,69.25,80.62,-0.13,0.06,0.19,10,11
1772047497.689686,4836259,0.25,0.0,0.09,176.87,-71.69,73.56,-1.69,0.56,0.13,-0.06,-0.03,0.08,8.5,69.25,80.62,0.13,0.31,0.25,10,12
1772047497.881174,4836450,0.14,-0.07,0.11,176.75,-71.75,73.62,-0.37,-0.44,0.0,-0.05,-0.06,0.07,8.63,69.19,80.56,-0.19,-0.13,0.31,10,11
1772047498.071468,4836641,0.15,-0.1,0.18,176.75,-71.75,73.62,-0.19,0.06,0.69,-0.05,-0.01,0.15,8.56,69.12,80.56,0.06,0.56,0.06,10,11
1772047498.262063,4836832,0.19,-0.14,0.12,176.87,-71.62,73.62,0.44,0.31,0.06,-0.08,-0.02,0.13,8.56,69.06,80.56,0.06,0.69,0.44,11,12
1772047498.453149,4837022,0.16,-0.13,0.11,176.87,-71.62,73.62,0.62,-0.25,-0.06,-0.08,0.0,0.07,8.56,69.06,80.56,-0.44,-0.31,0.06,11,12
1772047498.643949,4837213,0.17,-0.15,0.17,176.87,-71.62,73.62,0.5,0.13,-0.06,-0.08,-0.02,0.12,8.56,69.06,80.56,0.13,-0.19,-0.13,12,12
1772047498.834642,4837404,0.24,-0.04,0.05,176.87,-71.56,73.56,0.0,0.56,0.31,-0.11,0.01,0.08,8.5,69.19,80.62,0.25,0.13,-0.13,11,12
1772047499.025646,4837595,0.14,-0.08,0.12,176.87,-71.56,73.56,0.06,-0.62,-0.69,-0.07,-0.03,0.14,8.5,69.25,80.62,-0.19,-0.13,-0.06,12,12
1772047499.216179,4837785,0.19,-0.06,0.14,176.81,-71.56,73.62,-0.13,0.0,-0.31,-0.06,-0.04,0.09,8.56,69.31,80.62,0.06,0.06,0.13,13,12
1772047499.407011,4837976,0.16,-0.08,0.18,176.81,-71.56,73.56,-0.62,0.75,0.06,-0.03,-0.02,0.14,8.56,69.31,80.62,0.06,-0.56,-0.62,14,12
1772047499.597566,4838167,0.17,-0.12,0.13,176.94,-71.56,73.56,-0.69,0.0,0.75,-0.08,-0.04,0.13,8.5,69.31,80.62,0.06,0.06,0.31,13,12
1772047499.788778,4838358,0.19,-0.09,0.16,177.0,-71.56,73.5,-0.19,-0.19,0.31,-0.1,-0.05,0.07,8.56,69.31,80.56,-0.06,0.31,0.37,13,12
1772047499.979212,4838549,0.15,-0.16,0.21,176.94,-71.62,73.5,-0.19,-0.31,0.5,-0.05,-0.02,0.15,8.56,69.25,80.56,0.06,0.25,-0.13,13,12
1772047500.16974,4838739,0.14,-0.15,0.14,176.81,-71.62,73.56,0.25,0.31,0.0,-0.08,-0.01,0.14,8.5,69.25,80.62,0.13,0.69,0.13,12,12
1772047500.360723,4838930,0.2,-0.07,0.1,176.81,-71.56,73.5,0.75,-0.25,-0.25,-0.11,-0.01,0.08,8.5,69.19,80.56,-0.31,-0.44,0.0,13,12
1772047500.551443,4839121,0.19,-0.1,0.12,176.62,-71.62,73.62,0.06,-0.19,0.06,-0.07,-0.01,0.09,8.5,69.19,80.56,-0.19,-0.19,-0.25,12,12
1772047500.742086,4839312,0.22,-0.03,0.06,176.5,-71.62,73.69,0.31,0.25,-0.44,-0.1,0.0,0.06,8.44,69.25,80.62,0.69,0.5,-0.13,12,12
1772047500.933037,4839502,0.12,-0.04,0.09,176.37,-71.69,73.62,0.06,-0.06,0.13,-0.1,-0.04,0.14,8.44,69.31,80.62,0.06,-0.75,-0.25,12,12
1772047501.123828,4839693,0.18,-0.04,0.16,176.37,-71.69,73.69,0.31,-0.5,-0.37,-0.09,-0.02,0.04,8.44,69.37,80.62,-0.25,-0.5,-0.19,11,12
1772047501.31453,4839884,0.17,-0.06,0.13,176.37,-71.69,73.69,-0.75,0.44,-0.19,-0.05,-0.06,0.1,8.5,69.44,80.62,0.25,-0.5,-0.06,10,12
1772047501.504743,4840074,0.22,0.0,0.12,176.5,-71.69,73.62,-1.37,0.13,0.19,-0.04,-0.02,0.14,8.5,69.44,80.62,0.13,0.44,0.06,10,12
1772047501.69612,4840265,0.23,-0.05,0.07,176.56,-71.69,73.56,-0.75,-0.13,0.13,-0.08,-0.01,0.1,8.5,69.44,80.62,-0.19,-0.31,0.13,11,11
1772047501.88627,4840456,0.17,-0.06,0.18,176.5,-71.75,73.56,-0.13,0.62,0.5,-0.04,-0.06,0.16,8.5,69.37,80.62,0.56,1.62,0.81,11,11
1772047502.077207,4840647,0.15,-0.16,0.19,176.5,-71.75,73.62,-0.31,-0.44,0.62,-0.06,-0.06,0.14,8.5,69.31,80.62,0.31,0.75,0.44,12,11
1772047502.267742,4840837,0.22,-0.08,0.09,176.56,-71.75,73.56,-0.06,0.44,0.31,-0.1,0.0,0.11,8.5,69.31,80.62,0.13,0.31,0.62,11,11
1772047502.458636,4841028,0.18,-0.07,0.15,176.56,-71.75,73.56,0.31,-0.19,0.06,-0.09,-0.06,0.16,8.5,69.25,80.62,-0.13,0.13,0.19,12,11
1772047502.649547,4841219,0.18,-0.15,0.1,176.56,-71.69,73.56,-0.19,-0.31,0.19,-0.11,-0.03,0.16,8.44,69.31,80.62,0.19,-0.5,-0.13,12,11
1772047502.840168,4841410,0.17,-0.15,0.11,176.62,-71.69,73.5,0.62,0.0,-0.06,-0.12,0.0,0.1,8.44,69.37,80.62,0.06,-0.94,-0.56,12,11
1772047503.031201,4841600,0.16,-0.12,0.17,176.5,-71.69,73.56,0.37,-0.37,-0.62,-0.1,-0.01,0.16,8.44,69.37,80.62,-0.19,-0.5,-0.69,12,11
1772047503.221519,4841791,0.24,0.04,0.13,176.69,-71.69,73.37,-0.13,-0.06,-0.62,-0.08,0.0,0.11,8.5,69.5,80.62,-0.19,0.31,-0.06,12,11
1772047503.412412,4841982,0.16,-0.09,0.11,176.56,-71.69,73.44,-0.44,0.5,-0.5,-0.09,-0.07,0.13,8.5,69.5,80.62,-0.13,0.06,-0.06,12,11
1772047503.603249,4842173,0.19,-0.09,0.11,176.56,-71.69,73.44,-0.06,-0.19,-0.06,-0.08,-0.02,0.12,8.5,69.5,80.62,0.44,0.44,0.31,11,11
1772047503.794039,4842363,0.16,-0.01,0.16,176.62,-71.69,73.44,-0.31,0.44,0.62,-0.08,-0.06,0.09,8.5,69.44,80.62,-0.06,-0.5,-0.25,11,11
1772047503.984386,4842554,0.18,-0.11,0.15,176.5,-71.69,73.56,-0.69,0.5,0.37,-0.09,-0.05,0.1,8.5,69.44,80.62,0.13,0.06,0.31,11,11
1772047504.175136,4842745,0.21,-0.08,0.12,176.5,-71.69,73.5,-0.06,0.44,0.0,-0.1,-0.03,0.15,8.5,69.37,80.62,0.25,0.5,0.44,11,11
1772047504.366057,4842935,0.16,-0.07,0.15,176.5,-71.69,73.5,-0.25,0.0,0.31,-0.11,-0.09,0.18,8.5,69.31,80.62,0.19,0.37,-0.37,10,11
1772047504.557316,4843126,0.22,-0.06,0.12,176.62,-71.62,73.44,-0.94,-0.31,0.13,-0.12,-0.04,0.18,8.5,69.25,80.62,-0.19,-0.56,-0.06,11,12
1772047504.747865,4843317,0.21,-0.14,0.14,176.56,-71.62,73.5,0.94,0.88,-0.62,-0.08,-0.03,0.09,8.56,69.25,80.56,0.13,-0.62,-0.25,11,11
1772047504.938409,4843508,0.18,-0.12,0.17,176.56,-71.62,73.5,0.13,-1.0,-0.44,-0.09,0.01,0.06,8.63,69.25,80.56,0.19,-0.31,-0.13,11,11
1772047505.127986,4843697,0.2,-0.05,0.09,176.56,-71.69,73.44,-0.75,0.25,0.19,-0.11,0.01,0.03,8.56,69.25,80.56,-0.13,-1.75,-0.81,10,11
1772047505.31869,4843888,0.17,-0.06,0.09,176.75,-71.69,73.31,-0.31,0.0,-0.75,-0.07,-0.02,0.07,8.56,69.25,80.56,-0.13,0.25,0.13,10,11
1772047505.510294,4844080,0.2,-0.06,0.12,176.75,-71.69,73.37,-0.5,-0.5,-0.19,-0.05,-0.01,0.06,8.56,69.19,80.56,-0.19,-0.44,0.13,10,10
1772047505.700918,4844271,0.14,-0.04,0.15,176.75,-71.69,73.37,-0.5,0.13,0.5,-0.06,-0.02,0.06,8.56,69.19,80.56,0.56,1.06,0.5,10,11
1772047505.891592,4844461,0.11,-0.15,0.21,176.56,-71.69,73.44,0.13,-0.25,0.5,-0.07,0.0,0.04,8.5,69.12,80.56,0.19,0.37,0.19,11,11
1772047506.082534,4844652,0.18,-0.06,0.11,176.81,-71.69,73.31,0.31,0.19,0.13,-0.07,-0.05,0.08,8.56,69.06,80.56,-0.19,0.75,0.62,10,11
1772047506.27322,4844843,0.19,-0.12,0.14,176.75,-71.69,73.31,0.0,-0.25,0.13,-0.08,-0.02,0.11,8.56,69.06,80.56,0.0,0.69,0.13,10,11
1772047506.464217,4845034,0.2,-0.09,0.08,176.75,-71.69,73.31,0.69,0.06,-0.37,-0.05,-0.01,0.09,8.5,69.06,80.56,0.25,0.25,0.06,10,11
1772047506.654914,4845225,0.19,-0.1,0.11,176.87,-71.62,73.25,0.06,0.44,0.19,-0.09,0.0,0.11,8.5,69.06,80.56,0.13,-0.75,-0.56,11,11
1772047506.846259,4845416,0.22,-0.09,0.14,176.81,-71.62,73.31,0.31,-0.44,-0.31,-0.08,-0.04,0.03,8.5,69.19,80.56,0.0,-0.94,-0.19,10,11
1772047507.036609,4845606,0.19,-0.07,0.14,176.81,-71.69,73.31,-0.25,0.62,-0.31,-0.06,-0.06,0.07,8.5,69.25,80.62,0.37,-0.06,0.13,11,11
1772047507.227236,4845797,0.21,-0.06,0.14,176.69,-71.69,73.37,-0.69,0.62,0.25,-0.06,-0.06,0.13,8.5,69.25,80.62,0.0,-0.13,-0.56,11,11
1772047507.418154,4845988,0.22,-0.02,0.1,176.87,-71.62,73.25,-1.5,0.31,0.13,-0.05,-0.04,0.05,8.44,69.31,80.62,0.06,0.06,0.19,12,13
1772047507.608917,4846179,0.16,-0.12,0.13,176.87,-71.69,73.25,-0.37,0.13,0.25,-0.02,-0.03,0.12,8.44,69.31,80.62,0.25,0.31,0.13,12,13
1772047507.799636,4846369,0.14,-0.21,0.17,176.75,-71.69,73.31,0.81,-0.62,-0.06,-0.04,-0.09,0.15,8.5,69.25,80.62,-0.13,1.06,0.81,11,12
1772047507.990218,4846560,0.2,-0.1,0.13,176.87,-71.75,73.25,0.5,-0.5,0.25,-0.09,-0.02,0.09,8.5,69.19,80.56,-0.06,0.31,-0.13,12,12
1772047508.181156,4846751,0.14,-0.09,0.15,176.94,-71.75,73.19,0.19,-0.25,-0.06,-0.07,-0.04,0.13,8.5,69.19,80.56,0.06,0.69,0.25,11,12
1772047508.372206,4846942,0.14,-0.04,0.08,176.94,-71.69,73.19,0.0,0.62,-0.19,-0.09,0.0,0.06,8.5,69.19,80.56,-0.06,-0.62,-0.31,13,13
1772047508.563254,4847133,0.17,-0.03,0.12,177.0,-71.69,73.19,-0.31,0.06,-0.19,-0.12,-0.08,0.14,8.5,69.19,80.56,-0.19,0.25,0.19,12,12
1772047508.754237,4847324,0.21,-0.09,0.1,177.0,-71.69,73.19,0.19,-0.25,-0.37,-0.11,-0.07,0.11,8.5,69.19,80.62,0.06,-0.44,-0.75,13,11
1772047508.944423,4847514,0.18,-0.03,0.11,177.19,-71.69,73.0,-1.69,-0.06,0.25,-0.03,-0.08,0.16,8.38,69.25,80.62,0.56,0.37,0.25,13,11
1772047509.135437,4847705,0.13,-0.17,0.17,177.06,-71.69,73.12,-0.31,-0.25,0.25,-0.07,-0.05,0.11,8.38,69.37,80.62,0.06,-0.25,0.25,13,11
1772047509.326725,4847896,0.22,-0.14,0.12,177.0,-71.69,73.12,0.06,0.31,0.06,-0.07,-0.07,0.09,8.38,69.37,80.62,-0.06,-0.06,0.37,13,11
1772047509.518054,4848088,0.18,-0.12,0.16,177.06,-71.69,73.12,-0.25,0.06,0.62,-0.08,-0.03,0.1,8.38,69.37,80.62,0.37,0.62,0.13,12,11
1772047509.709317,4848279,0.14,-0.16,0.14,177.25,-71.69,73.0,1.25,-0.5,-0.13,-0.12,0.0,0.12,8.38,69.37,80.62,-0.13,0.62,0.31,13,11
1772047509.898762,4848469,0.21,-0.08,0.12,177.37,-71.69,72.94,0.31,0.19,0.31,-0.06,-0.03,0.15,8.44,69.31,80.62,-0.19,0.5,0.06,13,11
1772047510.090058,4848660,0.18,-0.13,0.16,177.31,-71.69,73.0,0.56,-0.37,-0.25,-0.08,-0.03,0.13,8.38,69.25,80.62,-0.19,0.69,0.13,14,11
1772047510.281777,4848851,0.19,-0.04,0.1,177.37,-71.62,72.94,-0.56,0.69,0.19,-0.08,-0.02,0.09,8.38,69.25,80.62,-0.31,-1.5,-0.75,13,11
1772047510.475749,4849045,0.19,-0.02,0.11,177.37,-71.62,72.94,-0.37,0.94,-0.44,-0.1,-0.1,0.18,8.38,69.25,80.62,-0.31,0.44,0.19,13,11
1772047510.669508,4849239,0.19,-0.14,0.11,177.25,-71.62,73.0,-0.06,-0.75,-0.37,-0.09,-0.08,0.11,8.38,69.31,80.62,0.25,-0.5,-0.19,12,11
1772047510.860756,4849431,0.14,-0.09,0.17,177.31,-71.62,73.0,-0.69,0.13,0.25,-0.04,-0.04,0.16,8.31,69.37,80.62,0.31,0.06,0.0,13,11
1772047511.051935,4849622,0.11,-0.14,0.18,177.25,-71.62,73.0,0.06,-0.19,0.06,-0.05,-0.06,0.14,8.31,69.5,80.69,0.13,0.13,0.25,12,11
1772047511.243255,4849813,0.2,-0.17,0.15,177.19,-71.62,73.06,-0.06,0.37,0.25,-0.04,-0.09,0.14,8.31,69.5,80.69,0.0,0.19,0.31,12,11
1772047511.434894,4850005,0.18,-0.19,0.16,177.19,-71.62,73.06,-0.19,-0.13,0.37,-0.09,-0.04,0.16,8.31,69.5,80.69,0.13,0.31,0.0,13,11
1772047511.626697,4850196,0.18,-0.14,0.14,177.37,-71.56,72.94,0.94,-0.06,-0.69,-0.14,0.06,0.08,8.25,69.56,80.69,-0.13,-0.44,-0.44,13,11
1772047511.818272,4850388,0.23,-0.01,0.15,177.5,-71.62,72.81,0.75,0.13,0.19,-0.08,-0.02,0.17,8.44,69.5,80.62,-0.25,0.31,0.31,12,11
1772047512.009149,4850579,0.18,-0.15,0.15,177.06,-71.69,73.06,0.0,-0.31,-0.06,-0.09,-0.06,0.14,8.44,69.44,80.62,-0.06,0.62,0.13,11,10
1772047512.202569,4850772,0.23,-0.09,0.1,176.75,-71.69,73.19,-0.31,0.81,-0.25,-0.08,-0.05,0.15,8.38,69.37,80.62,-0.25,-1.12,-0.69,12,11
1772047512.39272,4850962,0.2,-0.01,0.12,176.69,-71.75,73.19,-1.37,0.75,0.62,-0.11,-0.05,0.15,8.38,69.37,80.62,0.0,0.25,-0.06,12,11
1772047512.586059,4851156,0.19,-0.11,0.08,176.69,-71.69,73.19,-0.13,0.0,-0.56,-0.11,-0.06,0.12,8.44,69.25,80.62,-0.06,-0.13,0.0,11,12
1772047512.778022,4851348,0.14,-0.11,0.16,176.62,-71.69,73.25,-0.62,0.06,0.25,-0.04,-0.03,0.15,8.5,69.19,80.62,0.25,-0.25,-0.31,11,12
1772047512.969688,4851539,0.19,-0.17,0.14,176.62,-71.69,73.25,-0.44,-0.62,0.56,-0.1,-0.03,0.13,8.31,69.25,80.69,0.06,-0.5,0.06,11,12
1772047513.160536,4851730,0.1,-0.19,0.15,176.62,-71.75,73.19,1.12,0.19,-0.75,-0.06,0.0,0.06,8.38,69.25,80.62,-0.13,-0.56,-0.13,11,11
1772047513.352232,4851922,0.19,-0.11,0.14,176.56,-71.69,73.25,0.06,-0.75,-0.13,-0.06,-0.04,0.08,8.38,69.25,80.62,-0.31,0.31,-0.06,10,11
1772047513.543518,4852114,0.25,-0.06,0.08,176.56,-71.62,73.25,-0.5,0.56,0.13,-0.08,0.01,0.05,8.38,69.25,80.62,0.62,0.19,0.0,10,11
1772047513.736597,4852306,0.12,-0.05,0.12,176.75,-71.62,73.12,-0.56,-0.56,-0.37,-0.03,-0.04,0.13,8.44,69.19,80.62,0.0,1.12,0.75,10,11
1772047513.929647,4852499,0.18,-0.12,0.13,176.69,-71.69,73.19,0.37,-0.88,-0.13,-0.04,-0.02,0.06,8.44,69.19,80.62,-0.06,0.31,0.37,12,12
1772047514.122573,4852693,0.18,-0.06,0.15,176.69,-71.75,73.19,-0.37,0.88,0.06,-0.05,-0.05,0.09,8.44,69.12,80.62,0.31,0.5,0.19,12,12
1772047514.314381,4852884,0.17,-0.14,0.13,176.75,-71.69,73.19,-0.94,-0.13,0.5,-0.09,-0.05,0.13,8.44,69.12,80.62,0.13,0.44,-0.06,13,12
1772047514.505879,4853076,0.25,-0.07,0.12,176.81,-71.62,73.06,-0.81,0.25,-0.13,-0.06,-0.05,0.1,8.44,69.12,80.62,0.13,-0.13,0.06,12,12
1772047514.698062,4853268,0.18,-0.05,0.14,176.81,-71.62,73.06,-0.69,-0.44,0.0,-0.07,-0.04,0.18,8.44,69.19,80.62,-0.25,-0.81,-0.31,13,12
1772047514.890507,4853460,0.17,-0.18,0.14,176.75,-71.62,73.12,0.44,-0.5,-0.62,-0.07,-0.05,0.11,8.44,69.31,80.62,-0.19,-0.37,0.19,12,12
1772047515.083226,4853653,0.16,-0.15,0.14,176.69,-71.62,73.12,0.75,-0.19,0.0,-0.1,-0.04,0.06,8.44,69.37,80.62,-0.31,-0.25,-0.13,12,12
1772047515.275775,4853846,0.14,-0.12,0.16,176.69,-71.62,73.12,-0.19,-0.25,0.06,-0.09,-0.01,0.06,8.44,69.37,80.62,-0.19,0.5,-0.19,13,12
1772047515.468251,4854038,0.23,-0.03,0.1,176.75,-71.62,73.06,0.06,0.31,-0.31,-0.1,0.01,0.01,8.44,69.37,80.62,-0.5,-1.19,-0.44,12,12
1772047515.660323,4854230,0.2,-0.07,0.14,176.69,-71.62,73.12,-0.06,0.25,-0.62,-0.06,-0.06,0.11,8.44,69.31,80.62,-0.13,0.56,0.31,13,12
1772047515.852259,4854422,0.16,-0.11,0.17,176.62,-71.69,73.19,-0.25,-0.5,0.0,-0.08,-0.01,0.07,8.44,69.25,80.62,0.06,0.31,0.0,11,11
1772047516.044532,4854614,0.16,-0.04,0.09,176.75,-71.62,73.06,-0.44,0.25,0.13,-0.11,-0.06,0.12,8.44,69.19,80.62,-0.06,0.0,0.06,10,11
1772047516.236045,4854806,0.18,-0.15,0.16,176.69,-71.62,73.19,-0.62,0.0,0.25,-0.09,-0.09,0.07,8.44,69.12,80.62,-0.25,-0.19,0.13,11,11
1772047516.427267,4854997,0.17,-0.16,0.14,176.69,-71.62,73.12,-0.25,0.37,-0.06,-0.07,-0.07,0.08,8.5,69.06,80.56,0.06,-0.37,0.13,11,11
1772047516.618447,4855188,0.17,-0.13,0.13,176.69,-71.62,73.12,-0.19,0.19,0.13,-0.06,0.0,0.09,8.56,69.06,80.56,0.37,-0.13,-0.37,10,11
1772047516.808807,4855379,0.21,-0.03,0.12,176.62,-71.62,73.19,0.31,0.06,-0.62,-0.04,0.01,0.09,8.56,69.12,80.56,-0.13,0.19,0.0,10,12
1772047517.000946,4855570,0.11,-0.12,0.1,176.44,-71.69,73.25,-0.13,-0.44,-0.19,-0.04,-0.04,0.06,8.56,69.12,80.56,-0.13,-0.13,0.0,10,12
1772047517.193226,4855763,0.16,-0.19,0.14,176.44,-71.69,73.25,-0.56,-0.19,0.62,-0.09,-0.02,0.03,8.56,69.06,80.56,-0.06,0.44,0.25,10,10
1772047517.384867,4855955,0.04,-0.11,0.14,176.69,-71.69,73.06,-0.13,0.06,0.25,-0.05,-0.02,0.08,8.56,69.06,80.56,0.44,0.69,0.69,11,10
1772047517.577017,4856147,0.15,-0.18,0.16,176.56,-71.69,73.19,0.5,-1.44,0.5,-0.05,-0.05,0.08,8.63,69.06,80.56,-0.25,0.62,0.5,11,10
1772047517.769227,4856339,0.17,-0.17,0.11,176.5,-71.69,73.25,0.19,-0.31,0.5,-0.04,-0.05,0.09,8.63,69.0,80.5,0.25,0.75,0.37,11,11
1772047517.961511,4856531,0.15,-0.09,0.15,176.5,-71.69,73.25,-0.19,0.19,0.25,-0.07,-0.03,0.06,8.63,68.94,80.5,0.25,0.88,0.19,11,11
1772047518.153242,4856723,0.18,-0.05,0.08,176.5,-71.69,73.25,0.56,0.37,-0.25,-0.06,0.0,0.0,8.56,68.94,80.56,0.0,-0.06,0.13,11,11
1772047518.345411,4856915,0.13,-0.05,0.14,176.5,-71.75,73.25,0.37,-0.31,-0.31,-0.07,-0.05,0.08,8.56,68.87,80.56,-0.25,0.62,0.06,11,11
1772047518.537422,4857107,0.16,-0.18,0.11,176.44,-71.69,73.25,0.0,0.0,-0.5,-0.06,-0.01,0.06,8.56,68.87,80.5,0.31,-0.56,-0.31,11,10
1772047518.727431,4857297,0.18,-0.07,0.11,176.5,-71.69,73.19,-0.06,-0.25,0.37,-0.14,0.02,0.01,8.5,68.94,80.56,-0.13,-1.5,-0.81,11,10
1772047518.917323,4857487,0.16,-0.15,0.15,176.31,-71.69,73.31,0.56,-0.69,-0.19,-0.06,-0.01,0.05,8.5,69.06,80.56,-0.56,-0.5,0.25,11,10
1772047519.108781,4857679,0.12,-0.21,0.14,176.31,-71.75,73.31,0.31,0.13,0.13,-0.09,-0.02,0.0,8.5,69.06,80.56,0.06,-0.13,0.19,12,12
1772047519.300609,4857871,0.17,-0.15,0.14,176.44,-71.75,73.19,-0.37,0.06,0.75,-0.07,0.0,0.03,8.5,69.06,80.56,0.19,0.25,-0.06,12,12
1772047519.492237,4858062,0.19,-0.05,0.12,176.62,-71.75,73.12,-0.37,0.19,0.13,-0.08,-0.01,0.04,8.56,69.06,80.56,-0.31,-1.06,-0.19,12,12
1772047519.684447,4858254,0.19,-0.07,0.14,176.5,-71.75,73.19,-0.13,-0.56,-0.25,-0.07,-0.06,0.06,8.5,69.0,80.56,0.0,0.75,0.31,12,12
1772047519.876379,4858446,0.17,-0.1,0.15,176.5,-71.75,73.19,0.44,-0.06,-0.5,-0.06,0.0,0.06,8.5,69.0,80.56,-0.06,0.25,-0.19,12,12
1772047520.068776,4858639,0.2,0.0,0.1,176.56,-71.75,73.12,-0.37,0.5,0.19,-0.14,-0.03,0.04,8.5,68.94,80.56,-0.37,-0.06,0.0,12,12
1772047520.260958,4858831,0.2,-0.14,0.15,176.25,-71.69,73.37,-0.37,0.0,0.19,-0.09,-0.07,0.06,8.5,69.0,80.56,-0.13,-0.69,-0.19,12,12
1772047520.451892,4859022,0.16,-0.15,0.15,176.06,-71.75,73.37,-0.25,0.25,0.0,-0.08,-0.04,0.07,8.56,69.06,80.56,0.25,-0.75,-0.19,12,12
1772047520.642506,4859212,0.18,-0.11,0.16,175.94,-71.75,73.44,0.0,-0.31,0.13,-0.06,0.0,0.12,8.5,69.12,80.56,0.06,-0.06,-0.19,12,12
1772047520.833507,4859403,0.26,0.01,0.09,175.81,-71.75,73.44,0.44,-0.19,-0.56,-0.02,0.0,0.09,8.56,69.25,80.56,-0.13,0.13,0.13,12,12
1772047521.024392,4859594,0.1,-0.04,0.1,175.5,-71.87,73.62,-0.25,-0.06,-0.44,-0.07,-0.04,0.11,8.56,69.25,80.56,0.06,0.5,0.31,11,12
1772047521.215497,4859785,0.2,-0.06,0.06,175.37,-71.87,73.69,-0.31,-0.37,0.0,-0.05,-0.05,0.08,8.56,69.25,80.56,0.19,-0.13,0.19,12,12
1772047521.406719,4859976,0.13,-0.04,0.14,175.5,-71.87,73.62,-0.5,0.31,0.5,-0.07,-0.01,0.07,8.56,69.19,80.56,-0.13,-0.31,-0.19,12,12
1772047521.597316,4860167,0.18,-0.04,0.14,175.56,-71.87,73.56,-0.06,-0.13,0.13,-0.06,-0.04,0.1,8.63,69.12,80.56,0.06,0.5,0.44,12,12
1772047521.788888,4860359,0.22,-0.04,0.1,175.5,-71.81,73.62,-0.13,0.19,-0.06,-0.1,-0.06,0.08,8.63,69.12,80.56,0.06,0.75,0.5,12,11
1772047521.978685,4860549,0.13,-0.11,0.13,175.5,-71.87,73.62,-0.06,0.0,0.25,-0.09,-0.06,0.13,8.63,69.06,80.56,0.25,0.69,0.19,11,11
1772047522.169682,4860740,0.21,-0.11,0.1,175.56,-71.75,73.56,-0.31,-0.25,0.5,-0.09,-0.06,0.18,8.56,69.06,80.56,0.25,0.81,0.31,11,11
1772047522.360803,4860931,0.18,-0.1,0.07,175.62,-71.75,73.5,1.06,0.13,-0.25,-0.06,-0.02,0.12,8.56,69.12,80.56,-0.13,-0.69,-0.19,11,10
1772047522.551476,4861121,0.16,-0.11,0.13,175.62,-71.81,73.56,0.56,-0.25,-0.44,-0.08,0.0,0.05,8.63,69.19,80.56,-0.06,-0.62,-0.31,11,11
1772047522.741996,4861312,0.25,-0.01,0.11,175.62,-71.81,73.56,0.19,0.56,-0.37,-0.08,0.02,0.05,8.63,69.31,80.56,0.13,-0.5,-0.25,11,11
1772047522.932047,4861502,0.11,-0.03,0.13,175.69,-71.81,73.5,-0.69,0.0,-0.19,-0.05,-0.04,0.09,8.63,69.31,80.56,0.0,0.19,0.19,11,11
1772047523.122847,4861693,0.2,-0.07,0.11,175.69,-71.81,73.5,-0.37,-0.06,-0.13,-0.06,-0.04,0.06,8.63,69.31,80.56,0.31,0.13,0.19,13,11
1772047523.313436,4861884,0.19,-0.03,0.12,175.69,-71.81,73.5,-0.69,0.06,0.19,-0.04,-0.03,0.09,8.63,69.31,80.56,0.5,1.0,0.44,12,10
1772047523.504196,4862074,0.17,-0.1,0.14,175.62,-71.81,73.56,-0.25,0.44,0.25,-0.09,-0.03,0.04,8.69,69.25,80.56,0.37,0.5,0.19,13,11
1772047523.695472,4862266,0.2,-0.04,0.12,175.62,-71.81,73.56,-0.44,0.37,0.13,-0.09,-0.06,0.11,8.63,69.19,80.56,0.0,0.25,0.44,12,11
1772047523.885575,4862456,0.19,-0.09,0.13,175.62,-71.81,73.56,-0.13,0.06,0.31,-0.09,-0.07,0.13,8.63,69.12,80.56,0.25,0.75,0.25,14,11
1772047524.076226,4862646,0.18,-0.16,0.12,175.62,-71.81,73.56,0.13,-0.31,-0.06,-0.1,-0.07,0.17,8.63,69.12,80.56,0.13,0.5,-0.19,13,11
1772047524.266973,4862837,0.22,-0.01,0.09,175.69,-71.75,73.5,-0.75,-0.31,-0.06,-0.07,-0.04,0.13,8.63,69.19,80.56,-0.44,-1.0,-0.37,14,11
1772047524.457333,4863027,0.17,-0.1,0.16,175.44,-71.75,73.69,0.06,-0.31,-0.75,-0.08,-0.04,0.09,8.69,69.37,80.56,-0.06,-0.25,-0.25,14,11
1772047524.648115,4863218,0.2,0.0,0.14,175.37,-71.75,73.69,-0.19,0.13,-0.13,-0.11,-0.02,0.06,8.63,69.44,80.56,-0.06,-1.12,-0.69,13,11
1772047524.838618,4863409,0.19,-0.05,0.12,175.5,-71.75,73.62,-0.69,0.37,-0.44,-0.08,-0.01,0.14,8.63,69.44,80.56,-0.06,0.5,0.13,14,11
1772047525.029257,4863599,0.19,-0.02,0.13,175.56,-71.75,73.56,-0.62,-0.13,0.06,-0.06,-0.04,0.09,8.63,69.44,80.56,0.06,0.06,0.25,12,11
1772047525.219749,4863790,0.14,-0.03,0.14,175.56,-71.81,73.56,0.0,-0.25,0.44,-0.06,-0.08,0.18,8.63,69.37,80.56,0.25,1.25,0.62,13,11
1772047525.41056,4863981,0.12,-0.16,0.2,175.44,-71.81,73.69,-0.31,-0.44,0.44,-0.05,-0.08,0.13,8.63,69.37,80.56,0.13,0.62,-0.37,12,11
1772047525.601171,4864171,0.22,0.0,0.12,175.75,-71.75,73.44,-1.75,0.37,0.25,-0.07,-0.02,0.12,8.69,69.25,80.56,-0.13,0.25,0.62,13,11
1772047525.791851,4864362,0.18,-0.11,0.14,175.69,-71.81,73.5,0.0,0.13,0.0,-0.11,-0.06,0.14,8.69,69.25,80.56,0.13,0.56,0.25,12,11
1772047525.982525,4864553,0.18,-0.2,0.1,175.69,-71.75,73.56,0.75,-0.69,-0.44,-0.17,-0.03,0.11,8.63,69.25,80.56,0.06,0.19,0.19,13,11
1772047526.173364,4864743,0.21,-0.08,0.14,175.75,-71.75,73.5,0.19,0.25,0.44,-0.12,-0.04,0.11,8.63,69.31,80.56,0.13,-0.81,-0.62,13,11
1772047526.363977,4864934,0.2,-0.04,0.14,175.75,-71.75,73.44,0.37,-0.31,-0.62,-0.09,0.0,0.09,8.69,69.37,80.56,0.0,-0.5,-0.31,14,11
1772047526.554867,4865125,0.17,-0.01,0.09,175.75,-71.81,73.44,-0.37,0.25,-0.31,-0.11,0.0,0.07,8.69,69.5,80.56,0.13,-1.5,-0.37,14,11
1772047526.745442,4865315,0.21,-0.06,0.13,175.62,-71.87,73.44,-0.44,0.06,-0.5,-0.09,-0.05,0.12,8.69,69.5,80.56,-0.19,0.06,0.06,14,11
1772047526.935994,4865506,0.22,-0.11,0.12,175.62,-71.81,73.5,-1.12,0.06,0.37,-0.09,0.0,0.1,8.63,69.5,80.56,-0.06,-0.13,0.19,12,11
1772047527.126558,4865697,0.14,-0.05,0.17,175.69,-71.81,73.37,-0.13,0.31,0.19,-0.07,-0.04,0.15,8.63,69.5,80.56,0.62,0.37,0.44,12,11
1772047527.31727,4865887,0.11,-0.13,0.16,175.69,-71.81,73.37,-0.06,-0.44,0.56,-0.05,-0.07,0.15,8.63,69.5,80.56,0.0,0.75,0.5,13,11
1772047527.508269,4866078,0.18,-0.14,0.12,175.69,-71.81,73.44,-0.13,0.19,0.56,-0.06,-0.06,0.14,8.63,69.44,80.56,0.13,0.81,0.5,12,11
1772047527.698789,4866269,0.17,-0.07,0.15,175.69,-71.81,73.44,0.19,0.69,0.37,-0.11,-0.02,0.15,8.63,69.37,80.56,-0.06,0.37,0.06,13,11
1772047527.889744,4866460,0.19,-0.13,0.09,175.62,-71.81,73.5,1.25,-0.44,-0.56,-0.15,0.0,0.09,8.69,69.31,80.56,-0.19,-0.31,-0.06,12,11
1772047528.080266,4866650,0.24,-0.07,0.12,175.62,-71.87,73.44,0.5,0.19,0.5,-0.08,-0.04,0.11,8.75,69.19,80.5,-0.06,-0.62,-0.37,13,11
1772047528.27097,4866841,0.18,-0.11,0.12,175.62,-71.81,73.5,-0.13,0.19,-0.06,-0.05,0.0,0.11,8.75,69.19,80.5,0.13,-0.56,-0.37,12,11
1772047528.461886,4867032,0.15,0.0,0.07,175.62,-71.81,73.5,-0.25,0.37,-0.19,-0.06,-0.04,0.1,8.75,69.25,80.5,-0.06,-1.37,-0.13,12,12
1772047528.652622,4867223,0.24,-0.01,0.12,175.5,-71.81,73.56,-0.5,-0.69,-0.31,-0.03,-0.03,0.06,8.81,69.25,80.5,-0.13,0.19,0.06,12,12
1772047528.84317,4867413,0.18,-0.11,0.09,175.37,-71.87,73.62,-0.5,0.19,-0.06,-0.07,-0.01,0.07,8.81,69.19,80.5,0.0,-0.19,0.0,12,13
1772047529.033832,4867604,0.15,-0.06,0.12,175.37,-71.87,73.56,-0.5,0.37,0.44,-0.03,0.0,0.12,8.81,69.19,80.5,-0.06,-0.31,-0.25,12,13
1772047529.224437,4867795,0.19,-0.11,0.13,175.31,-71.81,73.62,0.44,-0.75,0.69,-0.08,-0.02,0.07,8.81,69.25,80.5,-0.25,0.62,0.75,12,13
1772047529.415368,4867985,0.16,-0.15,0.12,175.44,-71.87,73.56,1.0,-0.25,0.19,-0.08,-0.01,0.02,8.81,69.19,80.5,-0.19,0.06,0.13,13,13
1772047529.605965,4868176,0.16,-0.08,0.14,175.37,-71.87,73.62,0.06,-0.25,0.19,-0.07,-0.01,0.1,8.81,69.12,80.5,-0.06,0.5,-0.37,11,13
1772047529.796636,4868367,0.2,0.01,0.08,175.62,-71.75,73.5,-0.75,0.62,0.0,-0.08,0.0,0.05,8.81,69.12,80.44,-0.44,-1.0,-0.31,13,13
1772047529.987181,4868557,0.17,0.0,0.13,175.62,-71.81,73.5,-0.06,0.13,-0.44,-0.09,-0.09,0.12,8.81,69.12,80.5,-0.13,0.31,0.19,11,13
1772047530.178255,4868748,0.21,-0.11,0.13,175.56,-71.75,73.56,-0.06,-0.69,-0.31,-0.07,-0.04,0.11,8.81,69.19,80.44,0.31,-0.69,-0.25,12,13
1772047530.369074,4868939,0.16,-0.06,0.1,175.62,-71.81,73.5,-0.37,0.06,0.62,-0.14,0.0,0.05,8.75,69.25,80.5,-0.06,-1.62,-0.94,12,12
1772047530.559867,4869130,0.14,-0.09,0.19,175.62,-71.81,73.5,0.37,-0.75,0.19,-0.09,-0.01,0.11,8.75,69.31,80.5,-0.31,-0.37,0.25,12,12
1772047530.75026,4869320,0.14,-0.13,0.12,175.5,-71.87,73.56,0.19,-0.37,0.25,-0.08,-0.06,0.08,8.75,69.37,80.5,-0.31,-0.5,0.0,12,12
1772047530.940739,4869511,0.17,-0.12,0.16,175.5,-71.87,73.56,0.19,-0.13,0.25,-0.09,0.0,0.06,8.75,69.37,80.5,0.06,0.13,0.19,12,12
1772047531.131575,4869702,0.2,0.0,0.09,175.62,-71.81,73.44,-0.06,0.62,0.06,-0.1,0.02,0.11,8.69,69.37,80.5,-0.19,-0.06,-0.44,12,12
1772047531.322417,4869893,0.21,-0.03,0.11,175.75,-71.81,73.37,0.31,0.06,-1.12,-0.08,-0.01,0.09,8.88,69.25,80.44,-0.19,0.56,0.31,11,12
1772047531.513362,4870083,0.19,-0.02,0.14,175.56,-71.81,73.56,-0.31,-0.25,-0.31,-0.09,-0.05,0.09,8.88,69.25,80.44,0.0,0.5,0.25,12,12
1772047531.70375,4870274,0.15,-0.1,0.15,175.5,-71.87,73.62,-0.56,0.37,-0.06,-0.15,-0.03,0.04,8.88,69.19,80.44,0.19,0.44,0.13,12,11
1772047531.894517,4870465,0.21,-0.14,0.12,175.5,-71.75,73.69,-0.81,-0.19,0.37,-0.1,-0.06,0.11,8.81,69.19,80.44,0.13,0.19,0.31,12,12
1772047532.085105,4870655,0.21,-0.1,0.12,175.56,-71.75,73.62,0.13,0.37,-0.25,-0.08,-0.07,0.1,8.81,69.19,80.44,0.0,-0.56,0.19,12,11
1772047532.276169,4870846,0.19,-0.15,0.14,175.56,-71.75,73.62,0.13,-0.37,-0.13,-0.12,-0.01,0.12,8.88,69.31,80.44,0.13,-0.88,-0.37,13,12
1772047532.466925,4871037,0.21,-0.05,0.12,175.56,-71.75,73.56,0.75,-0.25,-0.81,-0.08,0.02,0.12,8.88,69.44,80.44,-0.31,-0.13,-0.19,12,12
1772047532.657326,4871227,0.2,-0.08,0.11,175.5,-71.75,73.62,-0.06,0.06,-0.25,-0.07,-0.06,0.15,8.88,69.44,80.44,0.19,0.06,-0.06,12,12
1772047532.847833,4871418,0.18,-0.09,0.11,175.44,-71.75,73.62,-0.69,-0.31,0.44,-0.07,-0.06,0.12,8.88,69.44,80.44,0.06,0.19,0.37,12,11
1772047533.038854,4871609,0.19,-0.03,0.13,175.56,-71.75,73.5,-0.5,0.75,0.06,-0.08,-0.06,0.09,8.88,69.44,80.44,0.19,-0.75,-0.31,12,11
1772047533.229609,4871800,0.16,-0.1,0.15,175.44,-71.75,73.62,-0.25,0.13,0.37,-0.12,-0.07,0.13,8.94,69.44,80.44,-0.19,-0.19,0.13,13,12
1772047533.420344,4871991,0.19,-0.12,0.12,175.37,-71.75,73.69,-0.37,-0.25,0.37,-0.06,-0.06,0.12,8.94,69.37,80.37,0.19,0.62,0.31,12,12
1772047533.610817,4872181,0.16,-0.08,0.14,175.37,-71.81,73.69,-0.31,0.56,0.37,-0.09,-0.05,0.17,8.94,69.37,80.37,0.25,0.88,0.13,13,12
1772047533.801646,4872372,0.17,-0.16,0.12,175.31,-71.69,73.75,0.75,-0.25,-0.13,-0.12,-0.04,0.16,8.94,69.37,80.44,0.13,0.62,0.56,11,12
1772047533.992402,4872563,0.19,-0.11,0.14,175.31,-71.69,73.75,0.75,0.31,-0.25,-0.07,-0.06,0.18,8.94,69.31,80.44,0.06,-0.31,-0.25,13,12
1772047534.183177,4872753,0.19,-0.1,0.15,175.31,-71.69,73.75,-0.13,-0.13,0.25,-0.11,-0.03,0.16,8.94,69.37,80.44,0.13,-0.25,-0.37,11,12
1772047534.373748,4872944,0.24,0.0,0.06,175.37,-71.62,73.75,-0.56,0.69,0.31,-0.12,0.01,0.08,8.94,69.44,80.44,0.06,-1.62,-0.62,12,12
1772047534.564662,4873135,0.21,-0.11,0.1,175.25,-71.69,73.75,0.06,-0.13,-0.88,-0.04,-0.06,0.13,9.0,69.44,80.44,-0.69,-1.0,0.0,11,12
1772047534.755085,4873325,0.16,-0.12,0.15,175.19,-71.75,73.81,0.13,0.13,-0.19,-0.09,0.0,0.06,9.06,69.37,80.37,0.06,-0.13,0.0,12,11
1772047534.945749,4873516,0.16,-0.08,0.14,175.25,-71.75,73.81,-0.75,0.75,0.31,-0.05,-0.02,0.12,9.06,69.31,80.37,0.5,0.44,0.13,13,11
1772047535.136646,4873707,0.16,-0.18,0.16,175.25,-71.69,73.81,0.06,-0.75,0.56,-0.06,-0.03,0.08,9.06,69.25,80.37,0.5,1.06,0.62,11,11
1772047535.327868,4873898,0.25,-0.09,0.13,175.44,-71.69,73.69,-0.56,-0.06,0.31,-0.09,-0.04,0.12,9.13,69.12,80.31,-0.19,0.44,0.69,12,11
1772047535.518186,4874089,0.13,-0.15,0.18,175.31,-71.69,73.75,-0.06,0.0,0.37,-0.07,-0.05,0.12,9.13,69.06,80.31,0.19,0.69,0.25,11,11
1772047535.708859,4874279,0.18,-0.16,0.12,175.12,-71.69,73.87,1.31,-0.31,-0.31,-0.12,-0.03,0.08,9.13,69.06,80.31,0.0,0.37,0.31,12,11
1772047535.899436,4874470,0.25,-0.05,0.13,175.0,-71.75,73.87,0.06,0.69,0.37,-0.06,-0.03,0.18,9.06,69.0,80.37,0.13,0.31,-0.13,11,11
1772047536.090761,4874661,0.2,-0.06,0.13,174.87,-71.75,74.0,0.31,-0.31,-0.25,-0.08,-0.02,0.1,9.13,69.06,80.31,-0.06,-1.19,-0.56,12,11
1772047536.281363,4874852,0.15,-0.01,0.08,174.75,-71.75,74.0,-0.69,0.06,-0.19,-0.07,-0.01,0.05,9.13,69.19,80.37,0.37,-1.31,-0.37,12,11
1772047536.471853,4875042,0.19,0.0,0.1,174.44,-71.87,74.12,-0.69,0.56,0.25,-0.08,-0.03,0.11,9.13,69.25,80.37,-0.31,0.37,0.13,12,11
1772047536.662513,4875233,0.2,-0.04,0.09,174.44,-71.87,74.06,-0.06,0.31,-0.37,-0.07,0.0,0.07,9.13,69.25,80.37,0.0,0.13,0.13,11,11
1772047536.853276,4875424,0.16,-0.02,0.15,174.5,-71.87,74.06,-0.44,0.19,0.44,-0.03,-0.07,0.14,9.06,69.25,80.37,0.81,1.0,0.44,11,11
1772047537.044044,4875614,0.14,-0.14,0.13,174.5,-71.87,74.06,0.0,-1.06,1.19,-0.03,-0.02,0.1,9.13,69.25,80.31,0.13,1.19,0.69,12,11
1772047537.234992,4875805,0.2,-0.05,0.13,174.75,-72.0,74.0,-0.19,-0.13,0.06,-0.06,-0.03,0.08,9.13,69.19,80.31,0.0,0.81,0.44,11,11
1772047537.425426,4875996,0.15,-0.03,0.12,174.75,-72.0,74.0,-0.19,-0.13,0.44,-0.06,-0.07,0.09,9.13,69.12,80.31,0.0,0.62,0.19,12,11
1772047537.615761,4876186,0.18,-0.15,0.09,174.69,-71.87,74.06,1.12,0.62,-0.5,-0.13,0.01,0.1,9.06,69.12,80.37,0.06,-0.19,0.0,11,11
1772047537.807004,4876377,0.18,-0.03,0.13,174.75,-71.87,73.94,0.81,-0.31,-0.19,-0.05,0.0,0.08,9.06,69.12,80.37,-0.13,-0.13,-0.25,12,11
1772047537.997737,4876568,0.17,-0.09,0.11,174.69,-71.87,74.0,-0.19,0.19,0.13,-0.07,0.0,0.09,9.06,69.12,80.37,0.19,-0.25,-0.25,11,11
1772047538.188431,4876759,0.24,0.01,0.04,174.81,-71.81,73.94,0.37,0.5,-0.44,-0.08,0.03,0.1,9.06,69.25,80.37,0.13,-0.37,-0.19,11,11
1772047538.379175,4876950,0.13,-0.03,0.08,174.62,-71.81,74.0,0.13,-0.44,-0.69,-0.06,-0.06,0.12,9.06,69.31,80.37,-0.31,0.44,0.37,11,11
1772047538.570042,4877140,0.15,-0.09,0.13,174.5,-71.81,74.06,-0.31,-0.5,-0.25,-0.05,-0.05,0.07,9.06,69.31,80.37,0.44,0.25,0.25,12,12
1772047538.760665,4877331,0.18,0.0,0.13,174.75,-71.81,73.94,-0.81,1.0,0.31,-0.05,0.0,0.09,9.06,69.31,80.37,0.25,-0.62,-0.5,12,12
1772047538.951468,4877522,0.15,-0.09,0.12,174.81,-71.81,73.94,-0.56,-0.06,0.37,-0.05,-0.06,0.14,9.13,69.25,80.31,0.13,-0.13,0.31,12,12
1772047539.142337,4877713,0.19,-0.14,0.08,174.69,-71.81,74.0,0.0,-0.31,0.25,-0.08,-0.06,0.09,9.13,69.19,80.31,0.06,0.44,0.44,13,12
1772047539.332655,4877903,0.13,-0.11,0.14,174.69,-71.87,74.0,0.25,0.75,0.37,-0.09,-0.06,0.1,9.13,69.19,80.31,0.44,0.81,0.06,12,11
1772047539.523517,4878094,0.16,-0.11,0.09,174.87,-71.75,73.87,0.75,-1.06,0.0,-0.11,-0.01,0.16,9.13,69.19,80.31,-0.06,0.75,0.37,13,12
1772047539.714381,4878285,0.2,-0.06,0.12,174.87,-71.81,73.87,0.5,0.25,-0.19,-0.09,-0.05,0.11,9.13,69.12,80.31,-0.31,-0.69,-0.37,12,12
1772047539.905397,4878476,0.14,-0.1,0.15,174.87,-71.81,73.94,-0.06,-0.62,-0.19,-0.08,-0.02,0.11,9.13,69.25,80.31,0.25,-0.94,-0.5,13,12
1772047540.096086,4878666,0.22,-0.02,0.11,174.94,-71.81,73.81,-1.19,0.37,0.31,-0.01,-0.04,0.11,9.06,69.31,80.37,0.25,-1.0,-0.06,13,12
1772047540.286666,4878857,0.2,-0.02,0.09,174.87,-71.87,73.81,-0.75,0.25,0.0,-0.06,-0.04,0.09,9.13,69.37,80.37,-0.31,0.0,-0.13,14,12
1772047540.477301,4879048,0.16,-0.11,0.07,174.87,-71.87,73.87,-0.37,-0.06,-0.13,-0.08,-0.04,0.09,9.13,69.37,80.37,0.13,-0.19,0.13,12,12
1772047540.667966,4879238,0.15,-0.09,0.14,174.87,-71.87,73.87,-0.31,0.25,0.25,-0.06,-0.08,0.16,9.13,69.37,80.37,0.62,0.88,-0.37,12,12
1772047540.858573,4879429,0.15,-0.06,0.12,175.12,-71.75,73.69,-0.88,-0.62,0.06,-0.09,0.0,0.1,9.0,69.37,80.37,0.06,0.56,0.75,12,12
1772047541.049402,4879620,0.18,-0.08,0.12,175.0,-71.81,73.75,1.06,0.37,-0.06,-0.03,-0.03,0.11,9.25,69.31,80.31,0.0,0.69,0.37,12,12
1772047541.240202,4879811,0.18,-0.11,0.13,174.94,-71.75,73.81,0.25,-0.44,-0.06,-0.08,-0.02,0.09,9.31,69.25,80.25,0.06,0.81,0.31,13,11
1772047541.430341,4880001,0.21,-0.04,0.13,175.0,-71.69,73.75,-0.31,1.56,0.5,-0.04,-0.05,0.17,9.25,69.12,80.25,0.31,0.94,0.0,12,11
1772047541.621529,4880192,0.15,-0.09,0.17,175.0,-71.62,73.81,-0.37,-0.06,0.06,-0.06,-0.01,0.12,9.25,69.12,80.25,0.13,0.06,0.13,12,11
1772047541.812535,4880383,0.23,-0.1,0.12,175.0,-71.62,73.81,-0.06,0.37,-0.25,-0.08,-0.07,0.13,9.25,69.12,80.25,0.0,-0.13,0.19,11,10
1772047542.003298,4880574,0.17,-0.1,0.17,175.0,-71.62,73.81,-0.37,0.37,0.06,-0.08,0.01,0.11,9.25,69.19,80.25,0.31,-0.5,-0.56,12,10
1772047542.193886,4880764,0.23,0.01,0.08,175.0,-71.62,73.81,0.69,-0.25,-0.69,-0.06,0.01,0.14,9.25,69.31,80.25,0.31,-0.25,-0.31,11,10
1772047542.384775,4880955,0.14,-0.05,0.11,174.81,-71.69,73.87,-1.12,-0.25,0.13,-0.09,-0.04,0.08,9.25,69.37,80.31,0.0,-0.56,0.0,11,10
1772047542.575439,4881146,0.16,-0.11,0.17,174.81,-71.69,73.94,0.0,-0.31,-0.37,-0.05,-0.04,0.13,9.31,69.37,80.31,-0.13,0.37,0.25,11,10
1772047542.766055,4881337,0.15,-0.13,0.14,174.81,-71.69,73.87,-0.94,0.25,0.62,-0.12,0.0,0.07,9.25,69.37,80.31,0.06,-0.81,-0.13,11,10
1772047542.956826,4881527,0.17,-0.14,0.16,174.87,-71.69,73.81,0.13,-1.19,1.12,-0.08,-0.02,0.12,9.25,69.37,80.31,0.0,1.0,0.62,11,10
1772047543.14756,4881718,0.15,-0.13,0.11,175.06,-71.75,73.75,0.13,0.31,-0.06,-0.09,-0.02,0.08,9.25,69.31,80.31,0.06,0.69,0.5,10,11
1772047543.33812,4881909,0.15,-0.11,0.16,175.06,-71.75,73.75,0.25,-0.31,0.25,-0.08,-0.01,0.13,9.25,69.25,80.25,0.06,0.56,0.06,11,12
1772047543.528928,4882099,0.2,-0.04,0.1,175.06,-71.62,73.75,0.19,0.81,0.06,-0.11,0.0,0.06,9.25,69.25,80.31,0.0,-0.44,-0.56,10,11
1772047543.719932,4882290,0.18,-0.04,0.17,175.19,-71.62,73.69,-0.88,-0.06,0.0,-0.08,-0.02,0.18,9.25,69.19,80.31,-0.25,-0.31,0.13,11,12
1772047543.910782,4882481,0.18,-0.13,0.12,175.19,-71.62,73.69,0.31,-0.5,-0.56,-0.11,-0.01,0.1,9.25,69.19,80.25,0.31,-0.75,-0.25,10,11
1772047544.10122,4882672,0.13,-0.11,0.14,175.12,-71.62,73.69,-0.25,-0.5,0.31,-0.13,0.0,0.02,9.25,69.25,80.31,0.25,-0.88,-0.19,11,11
1772047544.291959,4882862,0.13,-0.1,0.2,175.12,-71.62,73.69,0.06,-0.69,0.69,-0.08,0.0,0.04,9.25,69.31,80.31,-0.25,-0.19,0.06,10,11
1772047544.482592,4883053,0.14,-0.15,0.15,175.12,-71.62,73.69,0.31,0.25,0.0,-0.06,-0.03,0.07,9.19,69.25,80.31,-0.06,0.13,0.19,11,11
1772047544.673538,4883244,0.15,-0.14,0.19,175.12,-71.62,73.69,-0.13,-0.13,0.31,-0.06,-0.02,0.08,9.25,69.25,80.31,0.19,0.37,0.25,11,11
1772047544.864308,4883435,0.22,-0.03,0.14,175.25,-71.62,73.62,0.62,-0.25,-0.19,-0.09,0.02,0.06,9.25,69.19,80.31,0.25,0.94,0.19,11,11
1772047545.054939,4883626,0.13,-0.14,0.14,175.06,-71.69,73.69,-0.5,-0.06,0.25,-0.06,-0.01,0.15,9.19,69.12,80.31,0.13,0.81,0.44,11,12
1772047545.245399,4883816,0.16,-0.08,0.17,175.0,-71.75,73.75,1.5,0.0,-0.88,-0.09,0.0,0.09,9.25,69.12,80.25,-0.31,0.31,0.37,10,11
1772047545.436116,4884007,0.18,-0.07,0.13,174.62,-71.75,73.94,-0.37,0.13,0.25,-0.06,-0.08,0.17,9.19,69.06,80.25,0.31,1.06,0.25,11,11
1772047545.627211,4884198,0.14,-0.09,0.17,174.44,-71.81,74.06,-1.0,-0.13,0.25,-0.07,-0.06,0.11,9.19,69.06,80.31,0.13,-0.25,-0.19,11,11
1772047545.81774,4884388,0.25,0.0,0.09,174.44,-71.81,74.0,-0.5,0.81,0.0,-0.07,-0.04,0.09,9.19,69.12,80.31,0.31,-0.81,-0.13,11,11
1772047546.008388,4884579,0.18,-0.07,0.14,174.37,-71.81,74.06,-0.19,-0.5,0.06,-0.07,-0.02,0.09,9.19,69.19,80.31,0.25,-0.31,0.0,11,11
1772047546.199165,4884770,0.17,-0.07,0.14,174.31,-71.81,74.0,0.94,-0.81,-1.19,-0.1,0.01,0.07,9.25,69.37,80.31,-0.25,-0.19,0.06,11,11
1772047546.390131,4884960,0.18,-0.05,0.17,174.25,-71.87,74.06,-0.06,0.81,-0.06,-0.08,-0.03,0.1,9.25,69.37,80.31,-0.25,-0.13,-0.5,11,11
1772047546.580766,4885151,0.19,-0.01,0.11,174.25,-71.81,74.0,-0.56,-0.19,-0.13,-0.08,0.0,0.08,9.25,69.37,80.31,-0.06,0.0,0.06,11,11
1772047546.771557,4885342,0.2,-0.04,0.13,174.31,-71.81,74.0,-1.0,-0.06,-0.31,0.0,-0.05,0.14,9.25,69.37,80.31,0.19,-0.13,0.06,12,12
1772047546.96231,4885533,0.23,-0.01,0.12,174.37,-71.81,73.94,-0.62,-0.37,-0.19,-0.06,-0.03,0.14,9.25,69.37,80.31,0.13,1.44,0.62,12,11
1772047547.152813,4885723,0.21,-0.05,0.14,174.31,-71.87,73.94,-0.37,-0.13,-0.13,-0.09,0.0,0.06,9.31,69.31,80.25,0.31,0.56,0.37,12,12
1772047547.343582,4885914,0.14,-0.03,0.17,174.37,-71.87,73.94,-0.5,0.25,0.5,-0.1,0.0,0.09,9.25,69.25,80.31,-0.13,0.0,-0.06,11,12
1772047547.534486,4886105,0.2,-0.08,0.15,174.37,-71.87,74.0,-0.37,-0.56,0.44,-0.1,-0.02,0.17,9.25,69.25,80.31,-0.19,0.06,0.25,12,12
1772047547.725089,4886296,0.16,-0.17,0.11,174.37,-71.81,74.0,0.75,0.69,-0.31,-0.11,0.0,0.09,9.19,69.25,80.31,-0.13,-0.19,0.0,12,12
1772047547.915988,4886487,0.19,-0.06,0.15,174.37,-71.81,74.0,-0.06,0.19,0.06,-0.07,-0.01,0.13,9.19,69.25,80.31,0.0,-0.13,-0.13,12,12
1772047548.106459,4886677,0.21,0.02,0.06,174.44,-71.75,73.94,0.06,0.5,-0.31,-0.11,0.02,0.09,9.13,69.31,80.31,0.13,-0.62,-0.5,12,12
1772047548.297507,4886868,0.12,-0.02,0.14,174.37,-71.81,74.0,-0.13,-0.88,-0.19,-0.1,-0.01,0.1,9.19,69.31,80.31,0.0,-0.06,0.0,12,12
1772047548.488301,4887059,0.21,-0.05,0.11,174.31,-71.87,74.0,-0.44,-0.19,-0.25,-0.06,-0.01,0.09,9.19,69.31,80.31,-0.06,0.0,-0.06,14,11
1772047548.679182,4887250,0.15,-0.01,0.14,174.44,-71.87,73.94,-0.56,0.31,0.25,-0.02,-0.04,0.12,9.19,69.25,80.31,-0.31,-1.19,-0.62,13,11
1772047548.869689,4887440,0.14,-0.12,0.16,174.44,-71.87,74.0,-0.31,-0.13,0.75,-0.07,-0.05,0.08,9.19,69.31,80.31,0.0,-0.56,0.0,14,11
1772047549.060395,4887631,0.21,-0.06,0.13,174.56,-71.87,73.87,-0.06,0.37,0.13,-0.07,-0.01,0.02,9.19,69.19,80.31,-0.13,0.19,0.44,13,11
1772047549.250681,4887822,0.16,-0.11,0.15,174.5,-71.94,73.94,0.0,0.13,0.06,-0.09,0.0,0.09,9.25,69.19,80.31,0.13,0.13,0.0,13,11
1772047549.441813,4888013,0.15,-0.07,0.15,174.56,-71.94,73.87,0.62,-0.31,-0.25,-0.06,-0.01,0.14,9.19,69.12,80.25,0.06,0.5,0.19,12,11
1772047549.632733,4888203,0.19,-0.08,0.11,174.62,-71.87,73.87,0.31,0.62,0.19,-0.07,-0.01,0.11,9.19,69.06,80.25,-0.13,0.19,-0.06,13,11
1772047549.823373,4888394,0.16,-0.09,0.14,174.62,-71.87,73.87,0.37,-0.31,-0.31,-0.09,-0.05,0.08,9.19,69.06,80.25,0.06,0.81,0.31,14,11
1772047550.014134,4888585,0.17,-0.04,0.17,174.62,-71.87,73.87,-0.44,0.44,0.25,-0.01,-0.09,0.19,9.19,69.0,80.25,-0.06,0.37,0.0,15,11
1772047550.205189,4888776,0.17,-0.12,0.17,174.62,-71.87,73.87,-0.94,-0.13,0.31,-0.07,-0.06,0.11,9.13,69.12,80.31,-0.06,-0.69,-0.25,15,11
1772047550.39569,4888966,0.2,-0.08,0.15,174.69,-71.81,73.87,-0.31,0.06,-0.19,-0.09,-0.06,0.08,9.19,69.19,80.31,0.25,-0.5,0.0,12,12
1772047550.586629,4889157,0.14,-0.12,0.13,174.5,-71.81,73.94,-0.75,-0.13,0.56,-0.07,-0.01,0.12,9.13,69.19,80.31,0.0,0.0,0.0,13,12
1772047550.777797,4889348,0.17,-0.14,0.11,174.44,-71.81,73.87,1.94,-0.75,-1.25,-0.09,0.03,0.07,9.13,69.31,80.31,-0.31,-0.25,0.0,12,11
1772047550.96883,4889539,0.23,-0.06,0.12,174.37,-71.87,73.87,-0.06,0.88,0.13,-0.08,-0.04,0.06,9.13,69.31,80.31,-0.19,0.13,-0.25,13,12
1772047551.159506,4889730,0.16,-0.1,0.16,174.44,-71.87,73.87,-0.44,-0.37,0.0,-0.09,-0.02,0.11,9.13,69.31,80.31,0.25,0.44,0.06,14,11
1772047551.349764,4889921,0.18,0.0,0.15,174.5,-71.87,73.81,-0.62,0.13,0.56,-0.02,-0.08,0.17,9.19,69.25,80.31,-0.13,0.25,0.19,15,11
1772047551.54092,4890112,0.09,-0.13,0.19,174.37,-71.94,73.94,0.13,-0.44,0.5,-0.06,-0.03,0.08,9.25,69.19,80.25,0.31,0.06,0.31,15,11
1772047551.732033,4890303,0.2,-0.05,0.13,174.44,-71.87,73.87,0.13,0.5,0.06,-0.07,-0.03,0.09,9.25,69.12,80.25,-0.06,0.13,0.31,14,11
1772047551.92348,4890494,0.14,-0.07,0.14,174.37,-71.87,73.87,0.31,0.31,0.13,-0.1,0.0,0.08,9.25,69.12,80.25,-0.06,0.56,-0.06,13,11
1772047552.116748,4890688,0.24,-0.07,0.09,174.37,-71.81,73.94,0.94,0.44,-0.13,-0.11,-0.01,0.13,9.19,69.12,80.31,0.13,0.25,0.13,13,11
1772047552.309871,4890881,0.09,-0.05,0.13,174.44,-71.81,73.81,0.88,-0.06,0.06,-0.11,0.0,0.12,9.19,69.19,80.31,-0.06,-1.19,-0.5,13,11
1772047552.501142,4891072,0.19,-0.03,0.16,174.44,-71.81,73.87,-0.56,-0.31,-0.06,-0.07,-0.06,0.11,9.25,69.31,80.31,0.13,-0.25,-0.13,13,10
1772047552.694062,4891265,0.21,-0.04,0.14,174.37,-71.81,73.87,-0.75,0.94,0.13,-0.02,-0.03,0.12,9.19,69.31,80.31,-0.13,-0.75,-0.44,13,11
1772047552.885143,4891456,0.14,-0.09,0.18,174.5,-71.81,73.87,-0.69,0.31,0.69,-0.09,-0.02,0.09,9.13,69.37,80.31,0.19,-0.37,0.19,14,11
1772047553.076372,4891647,0.23,-0.09,0.15,174.56,-71.81,73.81,-0.44,0.19,0.31,-0.05,-0.01,0.09,9.13,69.37,80.31,0.19,0.19,0.25,12,12
1772047553.267441,4891838,0.16,-0.07,0.16,174.56,-71.81,73.81,-0.13,-0.25,0.25,-0.09,0.0,0.12,9.13,69.37,80.31,0.19,0.81,0.44,11,11
1772047553.457968,4892029,0.2,-0.05,0.17,174.56,-71.81,73.81,0.88,-0.5,-0.75,-0.07,0.0,0.11,9.19,69.37,80.31,-0.31,0.37,0.25,11,11
1772047553.64994,4892221,0.12,-0.1,0.13,174.5,-71.81,73.81,0.06,0.37,0.44,-0.08,-0.03,0.12,9.13,69.31,80.31,0.13,0.37,-0.13,11,12
1772047553.843019,4892414,0.17,-0.06,0.13,174.62,-71.81,73.75,0.44,-0.25,-0.25,-0.1,-0.02,0.14,9.19,69.31,80.31,0.0,0.62,0.25,12,11
1772047554.036026,4892607,0.17,-0.04,0.16,174.62,-71.81,73.75,-0.37,0.81,0.06,-0.05,-0.1,0.21,9.19,69.25,80.31,0.06,0.88,0.31,13,11
1772047554.229485,4892800,0.14,-0.1,0.2,174.56,-71.81,73.81,-0.81,-0.13,0.31,-0.06,-0.04,0.14,9.13,69.25,80.31,0.06,-0.19,-0.13,12,10
1772047554.421256,4892992,0.24,-0.09,0.13,174.62,-71.81,73.75,-0.5,0.19,0.0,-0.08,-0.05,0.17,9.19,69.31,80.31,0.25,-0.56,-0.06,12,11
1772047554.612249,4893183,0.19,-0.12,0.12,174.62,-71.81,73.75,-0.19,-0.37,0.06,-0.11,-0.01,0.14,9.19,69.37,80.31,0.19,-0.44,-0.37,12,11
1772047554.804181,4893375,0.18,-0.04,0.15,174.56,-71.81,73.75,0.94,-1.0,-0.81,-0.1,0.02,0.11,9.25,69.5,80.31,-0.44,-0.62,-0.19,11,11
1772047554.995999,4893567,0.23,-0.1,0.1,174.31,-71.87,73.87,0.0,0.62,0.44,-0.11,0.0,0.14,9.25,69.56,80.31,0.19,-0.25,-0.19,12,11
1772047555.188381,4893759,0.16,-0.05,0.14,174.37,-71.87,73.75,1.0,-0.5,-0.31,-0.07,0.0,0.13,9.25,69.56,80.31,-0.06,-0.13,0.0,12,11
1772047555.380345,4893951,0.19,0.02,0.14,174.25,-71.94,73.81,-0.19,0.81,0.19,-0.06,-0.03,0.12,9.25,69.56,80.31,0.13,-0.25,0.0,14,11
1772047555.571545,4894142,0.11,-0.11,0.16,173.94,-72.0,74.0,-1.0,0.81,0.44,-0.08,-0.04,0.13,9.31,69.5,80.31,0.37,0.5,0.31,13,10
1772047555.761886,4894333,0.19,-0.03,0.14,173.94,-72.0,73.94,-0.25,-0.56,0.44,-0.09,-0.02,0.11,9.25,69.5,80.31,0.06,0.37,0.56,12,12
1772047555.953521,4894525,0.17,-0.07,0.17,173.94,-72.0,73.94,0.13,0.56,0.06,-0.1,-0.01,0.12,9.25,69.44,80.31,-0.06,0.31,0.13,12,12
1772047556.145602,4894716,0.18,-0.1,0.07,173.87,-72.0,74.0,1.56,-0.25,-0.75,-0.12,-0.02,0.16,9.25,69.44,80.31,0.0,0.25,0.25,12,12
1772047556.336531,4894908,0.2,-0.12,0.12,173.87,-72.0,74.06,0.25,0.69,1.06,-0.1,0.0,0.17,9.25,69.44,80.31,0.31,0.0,-0.19,12,12
1772047556.529229,4895100,0.22,-0.03,0.07,173.94,-71.94,74.0,1.31,-0.19,-0.44,-0.08,-0.02,0.16,9.25,69.31,80.25,0.06,-0.69,-0.25,11,11
1772047556.720013,4895290,0.24,0.0,0.11,173.94,-71.94,74.0,-0.69,0.13,-0.25,-0.06,-0.04,0.08,9.25,69.37,80.25,-0.44,-1.94,-0.69,11,11
1772047556.912247,4895483,0.15,-0.07,0.14,173.75,-72.06,74.12,-0.56,0.56,0.06,-0.07,-0.04,0.12,9.31,69.44,80.25,0.13,0.06,0.0,12,12
1772047557.104216,4895675,0.22,-0.06,0.09,173.81,-72.06,74.06,-0.5,0.75,0.5,-0.07,-0.03,0.07,9.31,69.37,80.25,0.13,0.25,0.13,11,12
1772047557.295634,4895867,0.18,-0.06,0.13,173.81,-72.0,74.06,-0.44,0.06,0.5,-0.07,-0.03,0.13,9.31,69.31,80.25,0.06,0.44,-0.06,10,11
1772047557.486594,4896058,0.15,-0.13,0.11,173.75,-72.0,74.12,0.88,-0.19,-0.44,-0.07,0.02,0.08,9.31,69.31,80.25,0.0,0.25,0.31,10,11
1772047557.676225,4896247,0.19,-0.03,0.13,173.75,-72.0,74.06,0.81,0.06,0.19,-0.06,0.0,0.1,9.44,69.25,80.19,-0.13,0.56,0.13,11,11
1772047557.86769,4896439,0.17,0.0,0.11,173.75,-72.06,74.12,-0.19,-0.75,0.0,-0.06,0.0,0.11,9.5,69.19,80.19,0.06,0.75,0.25,11,11
1772047558.059159,4896630,0.22,-0.02,0.09,173.69,-72.0,74.12,-0.44,0.81,-0.19,-0.01,-0.02,0.13,9.44,69.19,80.19,-0.25,-0.94,-0.19,11,12
1772047558.249313,4896821,0.2,-0.03,0.13,173.69,-72.0,74.19,-0.5,0.31,0.25,-0.08,0.0,0.08,9.5,69.19,80.19,0.13,1.0,0.44,11,11
1772047558.440251,4897011,0.2,-0.04,0.1,173.69,-71.94,74.19,0.0,0.5,-0.5,-0.11,0.0,0.09,9.5,69.12,80.19,0.13,-0.06,0.0,12,12
1772047558.631144,4897202,0.16,-0.03,0.13,173.69,-71.94,74.19,-0.25,-0.19,0.13,-0.06,-0.01,0.13,9.44,69.19,80.19,0.13,-0.56,-0.13,11,12
1772047558.822,4897393,0.17,-0.1,0.15,173.56,-71.94,74.31,0.56,-0.94,-0.25,-0.08,-0.01,0.16,9.5,69.31,80.19,0.06,-0.13,0.0,11,12
1772047559.012802,4897583,0.16,-0.1,0.14,173.5,-72.0,74.25,1.0,-0.06,-0.25,-0.1,-0.04,0.11,9.5,69.37,80.19,-0.31,-0.31,-0.31,11,12
1772047559.203079,4897774,0.17,-0.04,0.09,173.5,-72.0,74.25,-1.19,-0.37,0.37,-0.09,0.01,0.06,9.5,69.37,80.19,0.06,-0.25,0.13,11,12
1772047559.39372,4897965,0.21,-0.07,0.09,173.62,-72.0,74.12,0.06,0.69,-0.37,-0.01,-0.03,0.14,9.5,69.37,80.19,0.06,-0.13,0.19,12,12
1772047559.584491,4898155,0.23,-0.01,0.12,173.56,-72.0,74.19,-0.56,0.0,0.19,-0.1,-0.03,0.11,9.5,69.37,80.19,-0.13,1.12,0.5,12,12
1772047559.775362,4898346,0.2,-0.05,0.11,173.5,-72.0,74.19,0.0,-0.13,-0.31,-0.09,-0.03,0.07,9.5,69.31,80.19,-0.13,0.31,0.19,12,12
1772047559.965715,4898537,0.15,0.0,0.14,173.56,-72.0,74.19,-0.81,0.31,0.37,-0.1,-0.01,0.11,9.5,69.25,80.19,0.0,0.25,-0.19,11,12
1772047560.156376,4898727,0.18,-0.13,0.08,173.5,-71.94,74.25,1.0,-0.62,-0.44,-0.13,0.0,0.09,9.44,69.25,80.19,0.0,0.31,0.13,12,12
1772047560.347282,4898918,0.19,-0.07,0.11,173.5,-72.0,74.25,0.31,0.31,0.25,-0.09,-0.02,0.12,9.44,69.25,80.19,0.13,0.06,-0.37,11,12
1772047560.538147,4899109,0.21,-0.03,0.08,173.5,-71.94,74.25,-0.56,0.25,-0.06,-0.08,-0.01,0.12,9.44,69.25,80.19,0.06,-0.44,-0.13,11,12
1772047560.728794,4899300,0.22,0.0,0.09,173.5,-71.94,74.25,-0.75,0.75,-0.13,-0.09,0.0,0.06,9.38,69.31,80.25,0.13,-1.12,-0.19,12,12
1772047560.919628,4899490,0.17,0.01,0.14,173.5,-72.06,74.19,-0.88,-0.37,-0.13,-0.07,0.0,0.06,9.44,69.37,80.25,-0.13,-0.13,0.25,11,12
1772047561.110252,4899681,0.2,-0.11,0.07,173.31,-72.06,74.31,-0.31,0.06,-0.06,-0.08,-0.02,0.03,9.44,69.31,80.19,0.19,0.19,0.25,11,12
1772047561.300938,4899872,0.16,-0.05,0.12,173.44,-72.06,74.12,-0.25,0.62,0.25,-0.08,-0.02,0.09,9.44,69.25,80.19,-0.06,0.37,0.06,11,12
1772047561.491959,4900063,0.14,-0.13,0.1,173.44,-72.0,74.19,1.12,-0.56,-1.06,-0.1,0.02,0.07,9.44,69.25,80.19,-0.25,-0.44,0.0,11,12
1772047561.682695,4900254,0.19,-0.02,0.13,173.44,-72.0,74.19,0.5,0.44,0.0,-0.11,-0.01,0.09,9.5,69.19,80.19,-0.25,-0.37,-0.13,11,12
1772047561.873173,4900444,0.16,-0.06,0.13,173.37,-72.0,74.25,0.25,-0.37,0.06,-0.06,-0.02,0.09,9.5,69.12,80.12,-0.19,0.56,0.13,13,12
1772047562.063833,4900635,0.18,-0.03,0.09,173.44,-72.0,74.19,-0.37,1.31,0.06,-0.06,-0.03,0.11,9.5,69.06,80.12,0.06,0.62,0.13,13,12
1772047562.254654,4900826,0.13,-0.07,0.19,173.37,-72.0,74.25,-0.56,-0.13,0.13,-0.05,-0.06,0.1,9.5,69.06,80.12,0.13,0.5,0.31,13,12
1772047562.445542,4901016,0.23,-0.05,0.11,173.37,-72.0,74.31,0.5,0.62,-0.37,-0.09,-0.04,0.06,9.5,69.0,80.12,-0.06,-0.44,0.19,13,12
1772047562.636519,4901207,0.2,-0.13,0.12,173.31,-72.0,74.31,0.06,0.06,0.06,-0.08,-0.03,0.11,9.5,69.06,80.12,0.25,-0.44,-0.56,13,12
1772047562.827081,4901398,0.21,-0.02,0.09,173.44,-71.94,74.25,0.62,-0.62,-0.37,-0.06,0.01,0.07,9.44,69.19,80.19,0.19,-0.62,-0.44,13,12
1772047563.018008,4901589,0.16,-0.02,0.12,173.37,-72.0,74.19,-0.06,-0.13,-0.25,-0.07,-0.01,0.06,9.44,69.19,80.19,0.31,-0.56,-0.13,13,11
1772047563.208566,4901779,0.19,-0.06,0.12,173.25,-72.0,74.25,-0.37,-0.37,-0.44,-0.08,-0.02,0.07,9.44,69.25,80.19,-0.06,-0.13,0.31,15,11
1772047563.399169,4901970,0.15,-0.05,0.13,173.25,-72.06,74.25,-0.5,0.44,0.25,-0.05,-0.02,0.08,9.44,69.25,80.19,-0.13,-0.31,-0.31,15,11
1772047563.590196,4902161,0.15,-0.15,0.15,173.25,-72.0,74.31,0.0,-0.31,0.44,-0.04,-0.02,0.07,9.44,69.25,80.19,0.19,-0.19,0.25,16,11
1772047563.780633,4902352,0.21,-0.08,0.11,173.25,-72.0,74.25,0.0,-0.13,0.62,-0.05,-0.04,0.09,9.44,69.19,80.19,0.0,0.31,0.56,13,11
1772047563.971381,4902542,0.16,-0.07,0.17,173.25,-72.0,74.25,0.44,-0.56,0.19,-0.1,-0.01,0.08,9.44,69.12,80.19,0.25,0.19,0.0,13,11
1772047564.162311,4902733,0.21,-0.03,0.12,173.31,-72.0,74.25,1.19,-0.37,-0.5,-0.09,-0.01,0.09,9.38,69.12,80.19,0.06,0.81,0.25,12,11
1772047564.353022,4902924,0.13,-0.04,0.13,173.37,-71.94,74.19,0.37,0.88,0.0,-0.1,-0.04,0.11,9.31,69.06,80.19,-0.44,0.25,0.06,13,12
1772047564.54369,4903115,0.15,-0.16,0.13,173.25,-71.87,74.31,0.13,0.0,0.06,-0.09,-0.02,0.11,9.31,69.0,80.19,0.25,0.5,0.31,12,11
1772047564.734706,4903306,0.2,-0.08,0.12,173.31,-71.87,74.19,0.44,0.5,-0.44,-0.08,-0.04,0.09,9.31,69.06,80.19,-0.19,-2.25,-0.88,13,11
1772047564.925261,4903496,0.23,-0.01,0.09,173.25,-71.87,74.25,-0.5,0.06,0.13,-0.07,-0.04,0.05,9.31,69.25,80.25,-0.13,-0.5,-0.19,13,12
1772047565.115843,4903687,0.17,-0.08,0.14,173.19,-72.06,74.25,-0.31,-0.06,0.06,-0.06,-0.08,0.07,9.38,69.31,80.19,0.19,0.13,0.13,11,12
1772047565.306628,4903878,0.15,-0.08,0.13,173.19,-72.06,74.25,-0.56,0.13,0.5,-0.05,0.01,0.13,9.38,69.31,80.19,0.13,-0.31,-0.31,12,12
1772047565.497557,4904069,0.18,-0.12,0.15,173.12,-72.0,74.25,0.19,0.37,0.25,-0.05,-0.02,0.12,9.38,69.31,80.19,-0.06,0.5,0.44,11,12
1772047565.688468,4904259,0.14,-0.16,0.15,173.31,-72.0,74.12,0.88,-0.44,-0.06,-0.08,-0.01,0.05,9.38,69.31,80.19,-0.31,-0.75,-0.31,12,12
1772047565.878732,4904450,0.17,-0.12,0.14,173.25,-72.0,74.19,0.06,-0.25,0.19,-0.08,-0.02,0.04,9.38,69.31,80.19,0.06,0.69,-0.13,11,12
1772047566.069478,4904641,0.2,0.05,0.09,173.62,-72.0,73.94,-0.75,0.44,0.19,-0.1,0.04,0.01,9.38,69.31,80.19,-0.13,-0.69,-0.06,12,12
1772047566.26028,4904831,0.18,-0.04,0.13,173.5,-72.0,74.06,0.13,0.06,-0.25,-0.06,-0.07,0.16,9.44,69.19,80.19,-0.37,0.75,0.56,11,12
1772047566.451299,4905022,0.19,-0.1,0.15,173.44,-72.0,74.06,0.5,-0.56,-0.31,-0.07,-0.08,0.06,9.44,69.12,80.19,0.06,0.44,0.37,12,12
1772047566.64163,4905213,0.13,-0.08,0.17,173.56,-72.0,74.06,-0.69,0.88,0.81,-0.08,-0.07,0.12,9.44,69.06,80.19,0.62,0.5,-0.19,12,11
1772047566.832635,4905404,0.18,-0.05,0.11,173.75,-71.94,73.94,-0.5,-0.13,0.31,-0.06,-0.06,0.1,9.31,69.12,80.19,-0.13,-0.31,0.19,12,11
1772047567.023013,4905594,0.17,-0.1,0.14,173.75,-71.94,73.94,-0.44,0.5,0.0,-0.08,-0.09,0.11,9.38,69.12,80.19,0.0,-0.5,0.13,12,12
1772047567.214088,4905785,0.16,-0.21,0.16,173.56,-71.94,74.0,0.37,-0.44,0.19,-0.12,-0.05,0.12,9.38,69.25,80.19,0.13,-0.62,-0.37,11,11
1772047567.405077,4905976,0.16,-0.18,0.13,173.62,-71.94,73.94,1.19,0.31,-0.44,-0.07,0.0,0.1,9.19,69.37,80.25,0.06,-0.19,-0.06,12,12
1772047567.59553,4906167,0.18,0.01,0.13,173.81,-71.94,73.75,0.94,0.06,-0.31,-0.1,-0.01,0.09,9.19,69.37,80.25,-0.69,-0.37,-0.13,11,11
1772047567.786592,4906357,0.19,-0.13,0.14,173.69,-71.94,73.94,-0.19,-0.5,-0.37,-0.1,-0.06,0.06,9.25,69.37,80.25,-0.06,-0.31,-0.37,12,12
1772047567.976895,4906548,0.19,-0.14,0.16,173.75,-72.0,73.87,-0.62,0.5,-0.19,-0.05,-0.09,0.07,9.19,69.37,80.25,0.44,0.0,0.06,11,12
1772047568.166738,4906738,0.2,-0.04,0.12,174.0,-71.94,73.75,-0.94,0.37,0.75,-0.07,-0.03,0.1,9.25,69.37,80.25,0.19,1.44,0.5,12,12
1772047568.358484,4906930,0.17,-0.08,0.15,174.06,-72.0,73.69,0.31,-0.31,-0.13,-0.07,-0.05,0.09,9.31,69.31,80.19,-0.06,0.19,0.31,12,12
1772047568.548993,4907120,0.12,-0.12,0.19,174.12,-72.0,73.69,-0.31,0.0,0.5,-0.09,-0.08,0.17,9.31,69.25,80.19,0.06,0.31,0.0,12,12
1772047568.740039,4907311,0.13,-0.19,0.14,174.12,-71.94,73.75,0.13,-0.5,-0.06,-0.11,-0.05,0.18,9.25,69.25,80.19,-0.19,1.06,0.31,11,12
1772047568.93075,4907502,0.22,-0.06,0.14,174.19,-71.87,73.69,0.5,0.06,-0.62,-0.06,-0.06,0.12,9.25,69.19,80.19,-0.56,-0.06,0.19,12,12
1772047569.121231,4907692,0.17,-0.17,0.17,173.94,-71.94,73.87,0.62,0.44,-0.37,-0.07,-0.07,0.1,9.25,69.19,80.25,0.25,-0.13,-0.31,12,12
1772047569.312675,4907884,0.15,-0.06,0.1,174.0,-71.94,73.81,-0.56,0.25,-0.13,-0.06,-0.03,0.08,9.19,69.31,80.25,0.13,-1.44,-0.62,11,12
1772047569.502933,4908074,0.19,0.0,0.12,174.0,-71.94,73.81,-0.5,0.25,0.0,-0.09,-0.05,0.14,9.19,69.37,80.25,-0.06,0.19,-0.13,12,12
1772047569.693944,4908265,0.19,-0.09,0.13,173.94,-71.94,73.81,-0.13,-0.62,-0.5,-0.1,-0.05,0.08,9.19,69.37,80.25,-0.19,-0.56,0.31,11,12
1772047569.884456,4908455,0.12,-0.14,0.16,173.69,-72.0,73.94,-0.31,0.25,0.5,-0.12,-0.01,0.06,9.19,69.37,80.25,0.31,-0.62,-0.19,12,12
1772047570.074924,4908646,0.2,-0.14,0.16,173.44,-71.94,74.06,0.06,0.31,0.5,-0.11,-0.07,0.09,9.19,69.44,80.25,0.06,0.19,0.13,11,11
1772047570.265895,4908837,0.15,-0.15,0.11,173.5,-71.94,74.0,-0.06,0.31,0.88,-0.1,-0.03,0.09,9.19,69.44,80.25,0.31,0.0,0.44,12,12
1772047570.456576,4909028,0.15,-0.12,0.2,173.37,-72.06,74.0,0.81,-0.81,0.13,-0.08,-0.05,0.12,9.25,69.37,80.25,0.06,1.0,0.56,11,12
1772047570.647322,4909218,0.17,-0.07,0.07,173.19,-72.12,74.12,0.19,0.5,-0.06,-0.05,-0.04,0.06,9.19,69.37,80.25,0.25,-0.44,-0.13,11,12
1772047570.837576,4909409,0.19,0.0,0.11,173.0,-72.12,74.19,-0.62,0.37,0.19,-0.09,-0.07,0.17,9.19,69.25,80.25,0.13,0.88,0.25,11,12
1772047571.028945,4909600,0.2,-0.03,0.08,173.0,-72.12,74.19,0.06,-0.19,-0.13,-0.1,-0.03,0.07,9.19,69.19,80.25,-0.06,-0.25,0.06,11,12
1772047571.219655,4909791,0.14,-0.08,0.14,173.0,-72.12,74.19,0.13,0.5,0.06,-0.15,-0.05,0.08,9.19,69.19,80.25,0.31,-0.69,-0.19,11,12
1772047571.410396,4909981,0.2,-0.08,0.14,173.06,-72.06,74.19,-0.88,-0.13,0.56,-0.1,-0.08,0.09,9.06,69.25,80.31,-0.25,-1.0,-0.31,11,12
1772047571.600949,4910172,0.13,-0.13,0.11,173.12,-72.06,74.06,-1.19,0.69,-0.13,-0.06,-0.09,0.1,9.06,69.31,80.25,0.13,-0.31,-0.06,11,12
1772047571.792068,4910363,0.19,-0.12,0.13,173.12,-72.0,74.06,0.37,-0.31,-0.19,-0.05,-0.02,0.13,9.06,69.37,80.25,-0.19,-0.44,-0.31,10,12
1772047571.982282,4910554,0.29,0.02,0.1,173.19,-72.06,73.94,0.37,-1.06,-0.56,-0.04,-0.04,0.12,9.06,69.44,80.25,0.13,0.25,0.13,11,12
1772047572.173451,4910745,0.02,-0.05,0.14,172.81,-72.25,74.06,-0.88,0.13,0.06,-0.09,-0.06,0.08,9.06,69.44,80.25,0.06,-0.44,-0.44,10,12
1772047572.363938,4910935,0.25,0.0,0.02,172.94,-72.06,74.06,0.13,-0.37,-0.06,-0.11,-0.01,0.09,9.0,69.44,80.25,-0.13,0.0,0.25,13,11
1772047572.55484,4911126,0.16,-0.02,0.09,172.81,-72.25,74.12,-0.5,0.13,0.19,-0.04,-0.1,0.12,9.06,69.37,80.25,-0.13,0.25,0.13,13,11
1772047572.74547,4911317,0.11,-0.13,0.13,172.69,-72.37,74.12,0.13,-0.69,0.56,-0.07,-0.08,0.13,9.06,69.37,80.25,-0.13,0.56,0.37,13,11
1772047572.936123,4911507,0.22,-0.08,0.06,172.62,-72.25,74.19,-0.19,1.25,0.25,-0.1,-0.06,0.1,9.0,69.31,80.25,0.06,0.06,0.06,13,11
1772047573.127196,4911698,0.16,-0.04,0.14,172.56,-72.25,74.25,0.0,-0.44,0.06,-0.11,-0.05,0.15,9.0,69.31,80.25,-0.06,0.62,0.13,13,11
1772047573.317786,4911889,0.2,-0.17,0.09,172.56,-72.19,74.25,0.69,0.44,-0.44,-0.16,-0.07,0.07,9.0,69.31,80.25,0.25,0.06,0.25,14,11
1772047573.508519,4912080,0.18,-0.02,0.08,172.62,-72.19,74.19,0.37,0.06,0.44,-0.08,-0.07,0.14,9.0,69.37,80.25,0.31,-0.37,-0.37,14,12
1772047573.699505,4912271,0.18,-0.08,0.1,172.62,-72.19,74.19,0.13,-1.0,-0.13,-0.07,-0.08,0.11,9.06,69.5,80.25,-0.13,-0.81,-0.19,14,12
1772047573.890123,4912461,0.17,-0.03,0.09,172.62,-72.25,74.19,0.0,0.88,-0.19,-0.04,-0.08,0.15,9.06,69.56,80.25,0.19,-0.37,-0.13,14,12
1772047574.080735,4912652,0.25,0.02,0.1,172.56,-72.25,74.19,-0.94,0.5,0.37,-0.05,-0.07,0.14,9.06,69.56,80.25,0.06,0.37,0.13,14,12
1772047574.271853,4912843,0.22,-0.05,0.05,172.62,-72.25,74.19,-0.5,-0.37,0.0,-0.11,-0.09,0.1,9.06,69.56,80.25,0.19,-0.44,0.0,11,12
1772047574.462472,4913034,0.15,-0.06,0.1,172.81,-72.25,74.06,-1.19,-0.19,1.44,-0.09,-0.02,0.09,9.06,69.56,80.25,0.06,0.5,0.75,11,12
1772047574.652939,4913224,0.18,-0.18,0.16,172.81,-72.25,74.06,1.0,-0.5,0.13,-0.08,-0.05,0.12,9.13,69.5,80.19,0.0,0.0,0.31,11,12
1772047574.84394,4913415,0.21,-0.09,0.05,172.87,-72.25,74.0,0.31,0.31,0.44,-0.09,-0.09,0.11,9.13,69.37,80.19,-0.13,0.37,0.5,11,12
1772047575.035074,4913606,0.17,-0.08,0.14,172.87,-72.31,74.0,-0.25,-0.06,0.44,-0.13,-0.06,0.16,9.13,69.37,80.19,0.13,0.75,-0.06,12,12
1772047575.225865,4913797,0.2,-0.04,0.07,172.94,-72.19,73.94,0.56,0.31,-0.44,-0.14,-0.07,0.15,9.06,69.37,80.25,0.19,0.37,0.37,11,11
1772047575.416526,4913988,0.21,-0.07,0.1,172.87,-72.19,74.0,0.5,-0.13,0.06,-0.09,-0.04,0.13,9.25,69.25,80.19,0.06,-0.62,-0.69,11,11
1772047575.607439,4914178,0.21,-0.05,0.1,172.87,-72.19,74.0,0.19,-0.13,-0.31,-0.09,-0.03,0.07,9.31,69.31,80.12,-0.13,-0.56,-0.25,10,11
1772047575.797867,4914369,0.17,-0.05,0.05,172.81,-72.19,74.0,-0.56,0.69,-0.25,-0.08,0.01,0.06,9.31,69.31,80.19,0.06,-1.06,-0.62,11,11
1772047575.989202,4914560,0.2,0.0,0.09,173.0,-72.19,73.94,-0.44,-0.62,-0.44,-0.1,-0.04,0.08,9.31,69.31,80.19,-0.56,-0.25,0.25,10,11
1772047576.179755,4914751,0.19,-0.11,0.1,172.94,-72.19,74.0,-0.56,0.31,0.0,-0.06,-0.05,0.06,9.38,69.25,80.12,0.06,0.31,0.06,12,12
1772047576.371078,4914942,0.17,-0.05,0.09,172.94,-72.19,73.94,0.19,0.31,-0.13,-0.07,-0.06,0.04,9.38,69.25,80.12,-0.06,-0.31,-0.5,12,12
1772047576.56197,4915133,0.19,-0.02,0.11,173.12,-72.19,73.94,-0.37,0.56,0.44,-0.09,-0.04,0.06,9.38,69.19,80.12,-0.06,-0.25,0.25,12,12
1772047576.752757,4915324,0.21,-0.09,0.07,173.06,-72.19,74.0,0.06,-0.37,-0.06,-0.08,-0.04,0.07,9.44,69.12,80.12,-0.13,0.25,0.5,12,12
1772047576.943111,4915515,0.16,-0.11,0.12,173.06,-72.19,74.0,-0.31,0.06,0.19,-0.06,-0.09,0.11,9.38,69.12,80.12,0.19,0.62,0.19,12,12
1772047577.134351,4915706,0.15,-0.16,0.09,173.06,-72.12,74.0,0.19,-0.5,0.0,-0.11,-0.04,0.13,9.38,69.06,80.12,-0.06,0.44,-0.13,13,12
1772047577.325657,4915897,0.22,-0.01,0.04,173.12,-72.06,73.94,-0.37,0.31,-0.13,-0.08,-0.05,0.07,9.38,69.06,80.12,-0.25,-0.69,-0.19,12,12
1772047577.517079,4916088,0.15,-0.11,0.13,172.94,-72.12,74.06,0.31,0.13,-0.37,-0.11,-0.04,0.04,9.38,69.19,80.12,0.19,-0.62,-0.06,12,12
1772047577.709321,4916281,0.18,-0.03,0.05,172.94,-72.06,74.06,-0.19,0.44,-0.19,-0.12,0.0,0.02,9.31,69.31,80.19,0.0,-1.62,-0.75,12,12
1772047577.900316,4916472,0.22,-0.01,0.09,172.87,-72.06,74.06,-0.37,0.37,-0.25,-0.07,-0.05,0.1,9.31,69.31,80.19,-0.13,0.5,0.25,12,12
1772047578.094148,4916665,0.21,-0.03,0.08,172.87,-72.06,74.06,-0.19,-0.75,0.0,-0.1,-0.03,0.09,9.31,69.31,80.19,-0.06,-0.25,0.06,11,11
1772047578.287035,4916858,0.12,-0.07,0.16,172.94,-72.12,74.06,-0.31,-0.06,0.69,-0.13,-0.02,0.06,9.31,69.31,80.12,-0.06,0.5,0.5,11,11
1772047578.478295,4917050,0.16,-0.14,0.1,172.81,-72.12,74.12,0.19,-0.37,0.56,-0.09,-0.05,0.09,9.38,69.19,80.12,0.25,0.69,0.31,11,11
1772047578.669729,4917241,0.19,-0.12,0.08,173.0,-72.12,74.0,-0.19,0.81,1.06,-0.06,-0.06,0.12,9.38,69.12,80.12,0.31,0.81,0.88,11,11
1772047578.860497,4917432,0.16,-0.1,0.14,173.06,-72.12,73.94,1.56,-0.37,-0.31,-0.11,0.0,0.11,9.44,69.12,80.06,-0.06,0.0,0.0,11,11
1772047579.051648,4917623,0.21,-0.1,0.08,173.06,-72.0,74.0,0.75,0.06,-0.69,-0.11,-0.04,0.12,9.44,69.12,80.12,0.0,-0.5,-0.25,11,11
1772047579.242983,4917814,0.23,-0.08,0.12,173.06,-72.06,73.94,0.13,0.44,0.25,-0.11,-0.03,0.09,9.38,69.25,80.12,0.37,-0.81,-0.44,11,11
1772047579.435794,4918007,0.16,-0.01,0.12,173.12,-72.06,73.87,0.0,-0.62,0.0,-0.09,-0.04,0.04,9.44,69.37,80.12,-0.06,-0.75,-0.31,11,11
1772047579.628207,4918200,0.19,-0.1,0.11,173.06,-72.12,73.87,-0.44,0.75,-0.25,-0.05,-0.09,0.07,9.44,69.44,80.12,0.25,-0.25,0.06,12,12
1772047579.820794,4918392,0.21,-0.04,0.12,173.0,-72.12,73.94,-0.81,0.88,-0.06,-0.06,-0.07,0.15,9.44,69.44,80.12,0.25,0.5,0.06,11,12
1772047580.010564,4918582,0.2,-0.07,0.1,173.0,-72.12,73.94,-0.5,0.13,-0.19,-0.08,-0.04,0.14,9.44,69.44,80.12,0.5,-0.06,-0.13,12,12
1772047580.203158,4918775,0.18,0.0,0.15,173.19,-72.12,73.81,-0.31,0.0,0.44,-0.06,0.02,0.14,9.44,69.44,80.12,-0.37,-0.19,0.06,11,12
1772047580.395323,4918967,0.22,-0.13,0.12,173.06,-72.12,73.87,0.37,0.13,0.37,-0.1,-0.06,0.12,9.5,69.44,80.12,-0.37,0.25,0.31,11,12
1772047580.587541,4919159,0.13,-0.16,0.11,173.06,-72.12,73.87,0.25,-0.25,0.25,-0.12,-0.06,0.05,9.5,69.31,80.12,-0.13,0.19,-0.06,11,12
1772047580.779336,4919351,0.17,-0.07,0.13,173.06,-72.12,73.87,-0.5,-0.13,0.31,-0.11,-0.02,0.12,9.44,69.25,80.12,0.06,0.25,0.0,11,12
1772047580.971127,4919543,0.23,0.0,0.07,173.12,-72.06,73.87,0.13,0.5,-0.19,-0.06,-0.03,0.17,9.44,69.31,80.12,0.19,0.88,0.44,11,12
1772047581.162407,4919734,0.11,-0.08,0.09,173.06,-72.06,73.87,0.19,0.06,0.0,-0.11,-0.07,0.15,9.44,69.31,80.12,0.06,-0.06,-0.19,11,12
1772047581.355285,4919927,0.19,-0.05,0.09,173.06,-72.06,73.87,-0.25,-0.5,-0.37,-0.09,-0.02,0.08,9.5,69.37,80.12,0.5,-0.62,-0.25,10,11
1772047581.547491,4920119,0.24,-0.05,0.09,173.12,-72.0,73.87,-0.44,0.94,0.06,-0.06,-0.03,0.08,9.44,69.44,80.12,-0.19,-1.12,-0.25,10,11
1772047581.739232,4920311,0.19,-0.09,0.13,172.87,-72.0,74.0,-0.5,0.5,0.0,-0.08,-0.05,0.1,9.5,69.5,80.12,0.0,-0.19,0.0,11,11
1772047581.931463,4920503,0.21,-0.15,0.13,172.81,-72.0,74.06,-0.19,-0.37,0.06,-0.1,-0.06,0.12,9.5,69.5,80.12,0.25,0.06,0.0,10,11
1772047582.123817,4920695,0.15,-0.07,0.13,172.94,-72.0,74.0,-0.94,0.31,1.0,-0.03,-0.06,0.15,9.5,69.5,80.12,0.13,-0.75,-0.44,11,11
1772047582.3146,4920886,0.14,-0.12,0.11,173.12,-72.06,73.87,0.31,-0.37,0.56,-0.08,-0.05,0.16,9.5,69.44,80.06,-0.06,0.88,0.69,11,11
1772047582.507309,4921079,0.11,-0.18,0.14,173.19,-72.0,73.87,0.94,-0.06,0.06,-0.1,-0.04,0.07,9.5,69.37,80.06,-0.31,-0.31,-0.13,11,11
1772047582.698452,4921270,0.15,-0.11,0.13,173.19,-72.0,73.87,0.31,0.0,0.0,-0.08,-0.02,0.1,9.5,69.37,80.06,0.13,0.37,0.0,11,11
1772047582.889813,4921462,0.2,0.0,0.1,173.19,-72.0,73.81,0.19,0.69,-0.06,-0.06,0.0,0.17,9.44,69.37,80.06,0.25,1.31,0.19,11,12
1772047583.080997,4921653,0.11,-0.07,0.06,173.25,-71.94,73.81,0.13,0.31,0.19,-0.12,-0.07,0.15,9.44,69.31,80.06,0.0,-0.25,0.13,11,11
1772047583.271905,4921843,0.15,-0.11,0.14,173.12,-71.94,73.87,0.62,-0.5,-0.5,-0.11,-0.04,0.15,9.44,69.44,80.06,0.31,-0.81,-0.06,11,11
1772047583.46396,4922035,0.2,-0.08,0.14,173.12,-71.94,73.87,-0.37,0.25,0.19,-0.12,-0.04,0.07,9.44,69.56,80.12,-0.25,-2.31,-0.94,11,11
1772047583.655445,4922227,0.18,-0.06,0.15,173.06,-72.0,73.94,-0.94,0.56,0.44,-0.08,-0.04,0.1,9.44,69.56,80.12,-0.13,-0.25,0.13,11,11
1772047583.846993,4922419,0.18,-0.09,0.09,173.06,-72.0,73.87,-0.19,-0.06,0.06,-0.1,-0.09,0.15,9.44,69.56,80.12,0.06,0.19,0.31,11,11
1772047584.039569,4922611,0.13,-0.11,0.16,173.12,-72.0,73.87,-0.69,-0.25,0.62,-0.06,-0.03,0.11,9.44,69.56,80.12,0.13,-0.31,-0.19,10,11
1772047584.231686,4922803,0.16,-0.13,0.15,173.06,-72.0,73.94,0.19,-0.25,0.81,-0.1,-0.08,0.19,9.44,69.56,80.12,0.0,0.19,0.13,10,12
1772047584.42288,4922995,0.15,-0.18,0.11,173.19,-72.0,73.81,-0.25,-0.06,0.37,-0.11,-0.04,0.12,9.44,69.5,80.12,0.06,0.62,0.62,10,12
1772047584.615229,4923187,0.12,-0.14,0.16,173.19,-72.0,73.81,0.5,-0.37,-0.37,-0.1,-0.03,0.13,9.5,69.44,80.06,0.25,0.62,0.0,10,12
1772047584.806355,4923378,0.21,0.0,0.08,173.19,-72.0,73.81,1.0,0.0,-0.44,-0.11,-0.04,0.16,9.44,69.44,80.06,0.0,0.81,0.0,10,11
1772047584.997702,4923569,0.09,-0.05,0.1,173.19,-72.0,73.81,0.13,0.37,-0.06,-0.12,-0.05,0.15,9.56,69.31,80.06,-0.06,0.0,-0.13,10,11
1772047585.188788,4923760,0.2,-0.11,0.1,173.19,-72.0,73.87,-0.25,-0.56,-0.25,-0.09,-0.01,0.11,9.63,69.25,80.0,0.06,-1.12,-0.44,11,12
1772047585.379505,4923951,0.24,-0.08,0.11,173.19,-72.0,73.87,-0.44,0.44,-0.19,-0.04,-0.04,0.11,9.63,69.31,80.0,0.19,-1.44,-0.37,10,12
1772047585.570259,4924142,0.19,0.0,0.11,173.12,-72.06,73.87,-0.44,0.5,-0.13,-0.02,-0.02,0.11,9.63,69.31,80.0,0.13,0.19,0.19,11,12
1772047585.761335,4924333,0.18,-0.11,0.05,173.12,-72.06,73.87,0.13,0.19,-0.5,-0.06,0.0,0.08,9.63,69.31,80.0,0.06,-0.19,0.19,11,12
1772047585.95297,4924525,0.14,-0.11,0.11,173.12,-72.12,73.87,-0.56,0.31,0.62,-0.13,0.0,0.04,9.69,69.31,80.0,0.13,-1.0,-0.56,10,12
1772047586.144375,4924716,0.21,-0.15,0.14,173.12,-72.12,73.87,0.0,-0.13,1.0,-0.1,-0.02,0.04,9.69,69.31,80.0,-0.13,-0.13,0.0,11,12
1772047586.333988,4924906,0.15,-0.11,0.13,173.31,-72.12,73.75,-0.25,-0.13,0.25,-0.07,-0.02,0.07,9.69,69.31,80.0,-0.13,0.56,0.44,10,11
1772047586.525524,4925097,0.17,-0.16,0.14,173.31,-72.12,73.75,0.31,-0.44,0.13,-0.06,-0.03,0.08,9.69,69.25,80.0,-0.13,0.81,0.13,11,12
1772047586.716818,4925289,0.21,0.0,0.1,173.44,-72.06,73.69,0.31,0.69,-0.37,-0.07,-0.01,0.1,9.63,69.25,80.0,0.06,1.56,0.25,10,12
1772047586.908133,4925480,0.17,-0.09,0.08,173.44,-72.0,73.75,0.13,-0.31,-0.13,-0.08,-0.06,0.1,9.63,69.19,80.0,-0.25,-0.25,0.13,11,12
1772047587.098431,4925670,0.17,-0.15,0.12,173.31,-72.0,73.81,1.06,-0.44,-0.37,-0.1,-0.05,0.09,9.63,69.19,80.0,-0.06,0.19,0.0,11,12
1772047587.28779,4925859,0.26,-0.12,0.1,173.31,-71.94,73.87,-1.19,1.75,0.13,-0.05,-0.06,0.09,9.56,69.19,80.0,0.25,-1.19,-0.44,10,12
1772047587.479467,4926051,0.2,-0.09,0.08,173.37,-71.87,73.81,-0.56,0.37,-0.13,-0.08,-0.03,0.09,9.63,69.31,80.0,0.37,-0.37,-0.25,11,12
1772047587.670307,4926242,0.2,-0.15,0.09,173.25,-71.87,73.87,0.06,-0.94,-0.19,-0.07,-0.06,0.06,9.63,69.37,80.0,0.19,-0.44,0.13,10,11
1772047587.861429,4926433,0.09,-0.12,0.14,173.06,-72.06,73.94,-0.37,0.0,0.5,-0.1,0.0,0.03,9.63,69.37,80.0,0.0,-0.56,-0.19,11,11
1772047588.052649,4926624,0.15,-0.12,0.13,172.81,-72.0,74.0,-0.06,-0.25,0.75,-0.1,-0.05,0.08,9.63,69.37,80.0,-0.06,0.19,0.13,10,11
1772047588.24163,4926814,0.21,-0.15,0.1,172.75,-72.0,74.0,0.31,0.13,0.25,-0.06,-0.06,0.11,9.63,69.37,80.0,0.44,0.44,0.69,11,11
1772047588.43328,4927005,0.14,-0.16,0.15,172.56,-72.12,74.06,0.19,-0.62,0.69,-0.1,-0.04,0.12,9.63,69.37,80.0,-0.31,0.62,0.0,11,11
1772047588.624151,4927196,0.15,-0.11,0.08,172.62,-72.19,74.0,1.12,-0.31,-0.31,-0.12,0.0,0.11,9.56,69.31,80.0,-0.06,0.69,0.31,11,11
1772047588.815074,4927387,0.22,-0.06,0.08,172.62,-72.19,74.0,0.25,0.25,-0.06,-0.1,-0.04,0.09,9.56,69.25,80.0,-0.19,0.31,0.31,10,11
1772047589.005483,4927577,0.17,-0.13,0.09,172.62,-72.19,74.0,0.37,-0.69,-0.19,-0.07,-0.03,0.08,9.56,69.19,80.0,-0.06,0.13,0.13,10,10
1772047589.194971,4927767,0.22,-0.01,0.07,172.62,-72.19,74.0,0.0,0.88,-0.06,-0.07,-0.03,0.12,9.5,69.25,80.06,0.44,0.81,-0.06,10,10
1772047589.386369,4927958,0.16,-0.06,0.08,172.75,-72.12,73.87,0.37,0.37,-0.44,-0.08,-0.03,0.16,9.5,69.25,80.06,0.13,-0.88,-0.31,10,10
1772047589.57709,4928149,0.16,-0.08,0.08,172.69,-72.12,73.94,0.06,0.25,-0.19,-0.09,-0.03,0.05,9.56,69.37,80.06,0.13,-0.69,-0.25,12,11
1772047589.767985,4928339,0.16,-0.05,0.06,172.69,-72.12,73.94,-0.37,0.44,-0.44,-0.07,-0.07,0.12,9.5,69.44,80.06,-0.06,-1.06,-0.44,11,11
1772047589.958714,4928530,0.25,-0.09,0.05,172.62,-72.06,74.0,-1.31,0.44,0.5,-0.11,-0.07,0.17,9.44,69.44,80.06,-0.06,0.19,0.06,11,11
1772047590.148338,4928720,0.17,-0.12,0.1,172.69,-72.12,73.94,0.44,-0.5,-0.69,-0.07,-0.04,0.12,9.44,69.44,80.06,0.06,-0.13,0.25,12,10
1772047590.339069,4928911,0.18,-0.06,0.11,172.56,-72.12,74.0,-0.5,0.25,0.13,-0.07,-0.06,0.09,9.44,69.44,80.06,0.44,0.19,0.25,13,11
1772047590.529145,4929101,0.14,-0.15,0.11,172.5,-72.12,74.06,-0.37,0.13,0.56,-0.06,-0.06,0.12,9.44,69.44,80.06,0.19,0.69,0.31,13,11
1772047590.719716,4929291,0.2,-0.08,0.08,172.56,-72.12,73.94,-0.44,0.06,0.56,-0.07,-0.07,0.16,9.5,69.37,80.06,0.13,0.75,0.69,13,11
1772047590.910001,4929482,0.17,-0.14,0.11,172.56,-72.12,74.0,0.06,-0.31,0.31,-0.1,-0.08,0.14,9.44,69.31,80.06,0.06,0.5,0.25,14,11
1772047591.100505,4929672,0.19,-0.15,0.1,172.56,-72.06,74.06,0.44,0.0,0.06,-0.12,-0.06,0.18,9.44,69.31,80.06,0.25,0.44,0.19,14,11
1772047591.291695,4929863,0.17,-0.12,0.11,172.56,-72.06,74.0,0.88,0.13,-0.06,-0.08,-0.04,0.15,9.44,69.31,80.06,0.0,-0.75,-0.5,14,11
1772047591.482344,4930054,0.22,-0.03,0.07,172.62,-72.06,73.94,0.37,-0.44,0.13,-0.1,-0.03,0.08,9.44,69.31,80.06,-0.13,-0.75,-0.31,14,11
1772047591.673073,4930245,0.22,-0.08,0.06,172.62,-72.06,73.94,-0.19,0.31,-0.06,-0.05,-0.06,0.11,9.44,69.44,80.06,0.19,-0.94,-0.19,14,11
1772047591.863651,4930435,0.21,-0.07,0.12,172.44,-72.06,74.06,-0.56,0.13,0.06,-0.07,-0.04,0.1,9.5,69.5,80.06,-0.06,0.0,-0.06,13,11
1772047592.054471,4930626,0.2,-0.07,0.12,172.5,-72.06,74.0,-0.69,0.06,0.31,-0.07,-0.04,0.11,9.5,69.5,80.06,-0.06,-0.5,-0.25,12,12
1772047592.245068,4930817,0.16,-0.07,0.11,172.5,-72.06,73.94,-0.13,-0.06,0.37,-0.05,-0.03,0.16,9.5,69.5,80.06,0.13,0.0,0.06,11,12
1772047592.435903,4931008,0.18,-0.13,0.09,172.37,-72.12,74.06,0.56,-0.19,0.56,-0.05,-0.06,0.13,9.5,69.5,80.06,-0.06,1.31,1.12,12,12
1772047592.626536,4931198,0.19,-0.17,0.08,172.44,-72.12,74.0,0.88,-0.06,0.06,-0.11,-0.06,0.1,9.5,69.44,80.06,0.0,0.56,-0.25,12,12
1772047592.817098,4931389,0.16,-0.14,0.08,172.56,-72.12,73.94,-1.5,0.31,1.44,-0.12,0.0,0.16,9.44,69.37,80.06,-0.13,0.37,0.25,12,12
1772047593.007836,4931579,0.22,-0.07,0.11,172.81,-72.12,73.75,0.69,0.37,-0.94,-0.06,-0.05,0.13,9.5,69.31,80.06,-0.44,-0.69,-0.06,12,12
1772047593.198716,4931770,0.23,0.0,0.08,172.44,-72.12,73.94,-0.62,0.5,-0.13,-0.09,-0.04,0.08,9.63,69.25,80.0,-0.13,0.0,0.25,11,12
1772047593.389291,4931961,0.2,-0.07,0.05,172.19,-72.12,74.06,0.13,0.62,-0.13,-0.06,-0.06,0.11,9.69,69.12,79.94,0.13,-0.19,-0.13,11,12
1772047593.57993,4932152,0.16,-0.04,0.08,172.12,-72.12,74.12,-0.5,0.13,0.25,-0.05,-0.05,0.17,9.69,69.12,80.0,0.5,0.25,0.13,11,11
1772047593.770264,4932342,0.18,-0.14,0.08,171.94,-72.19,74.19,1.0,-1.44,-0.69,-0.1,-0.02,0.12,9.69,69.25,80.0,0.06,-0.06,0.25,12,12
1772047593.961428,4932533,0.2,-0.05,0.1,171.75,-72.25,74.25,0.75,0.25,-0.25,-0.08,-0.02,0.09,9.69,69.19,80.0,-0.44,-0.37,-0.19,11,11
1772047594.152234,4932724,0.16,-0.09,0.1,171.62,-72.25,74.31,-0.25,-0.37,0.06,-0.08,0.0,0.02,9.69,69.25,79.94,1.12,-0.31,-0.5,13,11
1772047594.342793,4932915,0.24,0.18,0.06,172.06,-72.25,73.94,-1.0,1.44,0.75,-0.04,0.0,0.07,9.63,69.25,79.87,-1.0,-1.19,-1.0,13,11
1772047594.533448,4933105,0.16,-0.04,0.03,171.87,-72.25,74.12,-2.19,0.69,0.44,-0.05,-0.06,0.04,9.69,69.25,79.87,-0.19,0.31,0.81,13,12
1772047594.724158,4933296,0.18,-0.17,0.09,171.75,-72.25,74.25,1.0,-0.06,-0.69,-0.08,-0.05,0.06,9.88,69.19,79.87,0.06,0.5,0.88,13,11
1772047594.914737,4933487,0.13,-0.09,0.11,171.37,-72.25,74.37,0.06,0.19,0.5,-0.04,-0.02,0.11,9.94,69.12,79.87,0.25,0.94,-0.13,13,11
1772047595.105345,4933678,0.23,0.05,0.04,171.75,-72.12,74.19,0.56,0.31,0.06,-0.04,0.0,0.12,9.88,69.12,79.87,0.37,1.37,0.37,13,11
1772047595.296252,4933868,0.12,0.0,0.03,171.62,-72.19,74.19,-0.13,-0.37,0.13,-0.08,-0.07,0.1,9.88,69.06,79.87,0.06,0.56,0.13,12,11
1772047595.487343,4934059,0.14,-0.07,0.11,171.62,-72.19,74.25,0.37,-0.25,-0.94,-0.05,-0.02,0.11,9.88,69.06,79.87,-0.19,0.25,-0.44,15,11
1772047595.677753,4934250,0.2,0.1,0.09,171.69,-72.19,74.12,-0.81,0.31,-0.25,-0.05,-0.05,0.18,9.88,69.12,79.87,0.13,-0.19,-0.25,14,11
1772047595.868685,4934440,0.18,-0.03,0.09,171.56,-72.19,74.25,-0.88,0.19,0.0,-0.09,-0.04,0.11,9.88,69.25,79.87,-0.19,-0.31,-0.13,16,11
1772047596.059159,4934631,0.21,-0.08,0.11,171.62,-72.19,74.19,0.31,0.0,-0.13,-0.04,-0.07,0.11,9.88,69.25,79.87,0.0,0.0,0.56,13,11
1772047596.24992,4934822,0.14,-0.14,0.12,171.56,-72.19,74.19,0.06,-0.13,0.5,-0.08,-0.02,0.07,9.88,69.25,79.87,0.13,0.37,-0.06,13,11
1772047596.440713,4935012,0.16,-0.13,0.11,171.81,-72.12,74.06,1.31,0.06,-0.31,-0.08,0.02,0.09,9.81,69.31,79.87,-0.19,-0.31,0.0,12,11
1772047596.631376,4935203,0.19,0.01,0.11,171.94,-72.19,73.94,-0.13,-0.56,0.37,-0.06,-0.04,0.08,9.81,69.25,79.87,-0.37,0.31,0.06,13,11
1772047596.822071,4935394,0.15,-0.09,0.14,171.94,-72.19,73.94,0.19,-0.69,-0.19,-0.08,-0.02,0.1,9.88,69.25,79.87,0.06,0.44,0.13,13,12
1772047597.01299,4935585,0.15,0.0,0.08,172.06,-72.12,73.94,-0.31,0.88,-0.13,-0.07,-0.02,0.05,9.81,69.25,79.87,-0.25,-1.12,-0.56,14,12
1772047597.203427,4935775,0.2,0.04,0.07,172.12,-72.06,73.87,-1.06,0.37,0.19,-0.07,-0.07,0.11,9.81,69.19,79.87,-0.19,0.81,0.19,14,12
1772047597.394216,4935966,0.22,-0.07,0.09,172.12,-72.06,73.87,0.06,0.19,-0.31,-0.08,-0.06,0.11,9.75,69.12,79.87,-0.06,-0.31,-0.06,12,11
1772047597.584885,4936157,0.16,-0.06,0.12,172.12,-72.06,73.87,-0.19,0.06,0.25,-0.13,-0.07,0.09,9.75,69.19,79.87,0.62,-0.31,0.0,12,12
1772047597.775979,4936348,0.17,-0.09,0.13,172.06,-72.06,73.94,-0.31,-0.88,0.44,-0.07,0.0,0.08,9.69,69.37,79.94,0.13,-0.69,0.06,11,11
1772047597.966641,4936538,0.19,-0.09,0.11,172.0,-72.06,73.94,-0.19,0.0,0.25,-0.08,-0.04,0.1,9.69,69.37,79.94,0.0,-0.25,0.31,12,12
1772047598.157097,4936729,0.16,-0.09,0.15,172.0,-72.12,73.94,0.25,-0.44,0.31,-0.07,-0.04,0.15,9.69,69.37,79.94,-0.13,0.13,0.0,12,12
1772047598.347609,4936920,0.13,-0.19,0.1,172.0,-72.12,73.94,0.75,0.06,-0.06,-0.09,0.0,0.12,9.63,69.44,79.94,-0.06,0.0,-0.25,12,12
1772047598.538462,4937110,0.23,0.0,0.09,172.31,-72.12,73.75,1.06,-0.19,0.0,-0.04,-0.02,0.13,9.63,69.44,79.94,-0.37,0.19,0.19,12,12
1772047598.72946,4937301,0.17,-0.05,0.15,172.25,-72.12,73.81,0.31,-0.06,-0.19,-0.09,-0.04,0.06,9.69,69.37,79.94,0.06,0.94,0.37,12,12
1772047598.920069,4937492,0.17,-0.06,0.1,172.25,-72.12,73.81,-0.25,0.56,0.06,-0.12,0.0,0.01,9.69,69.31,79.94,0.06,-0.56,-0.31,11,12
1772047599.110904,4937683,0.19,-0.01,0.08,172.5,-72.12,73.75,-0.5,0.19,-0.06,-0.12,-0.04,0.11,9.63,69.19,79.94,-0.25,0.31,0.19,11,11
1772047599.301477,4937873,0.17,-0.08,0.1,172.5,-72.12,73.75,0.19,-0.31,-0.44,-0.08,-0.05,0.12,9.63,69.19,79.94,0.0,0.06,0.13,12,12
1772047599.492367,4938064,0.18,-0.1,0.11,172.5,-72.12,73.75,-0.44,0.5,-0.06,-0.04,-0.07,0.13,9.63,69.19,79.94,-0.31,-1.56,-0.88,12,12
1772047599.683079,4938255,0.19,-0.07,0.09,172.5,-72.06,73.75,-0.88,0.37,0.56,-0.05,-0.06,0.16,9.56,69.25,79.94,0.25,0.13,-0.06,12,12
1772047599.874107,4938446,0.19,-0.12,0.09,172.56,-72.06,73.75,-0.19,-0.19,-0.13,-0.09,-0.07,0.09,9.63,69.31,79.94,0.06,-0.62,0.0,11,11
1772047600.064493,4938636,0.11,-0.11,0.15,172.5,-72.12,73.75,0.06,-0.44,0.5,-0.08,0.0,0.11,9.63,69.37,79.94,-0.25,-1.0,-0.31,12,12
1772047600.25513,4938827,0.15,-0.12,0.13,172.37,-72.06,73.81,-0.19,-0.5,0.56,-0.1,-0.04,0.13,9.63,69.44,79.94,-0.06,-0.06,0.0,12,11
1772047600.445922,4939018,0.12,-0.2,0.12,172.5,-72.06,73.69,-0.44,-0.19,0.25,-0.02,-0.06,0.16,9.31,69.56,79.94,2.5,-0.94,-0.75,12,11
1772047600.636079,4939208,0.2,-0.09,0.13,172.5,-72.0,73.44,-0.31,-1.37,0.06,-0.08,0.06,0.09,9.25,69.75,79.87,0.25,-0.69,0.13,12,11
1772047600.827144,4939399,0.24,0.02,0.07,172.44,-72.06,73.25,-0.19,0.44,0.0,-0.13,0.02,0.01,9.31,69.81,79.81,-0.19,-1.5,-1.19,11,11
1772047601.018228,4939590,0.13,-0.01,0.07,172.19,-72.12,73.31,-0.25,0.25,-0.19,-0.07,-0.01,0.08,9.31,69.75,79.75,-0.37,-0.62,-0.56,12,11
1772047601.208727,4939781,0.21,0.03,0.07,172.0,-72.12,73.37,-0.94,-0.31,-0.25,-0.06,0.02,0.12,9.19,69.81,79.75,0.62,0.19,0.19,11,12
1772047601.399505,4939971,0.17,-0.07,0.1,171.56,-72.12,73.56,0.62,0.94,-0.06,-0.05,0.0,0.08,9.19,69.87,79.75,-0.31,-0.88,-0.13,11,12
1772047601.589839,4940162,0.14,-0.2,0.12,171.19,-72.12,73.69,0.13,-1.81,0.44,-0.09,-0.04,0.14,9.25,70.0,79.75,0.62,0.0,0.5,11,12
1772047601.780539,4940353,0.21,-0.18,0.04,171.19,-72.19,73.56,0.0,-0.75,0.13,-0.11,0.04,0.04,9.38,70.06,79.69,0.0,0.06,0.25,13,12
1772047601.971394,4940544,0.17,0.05,0.08,171.94,-72.31,73.12,-1.44,0.94,1.81,-0.03,0.04,0.12,9.38,70.0,79.69,0.31,0.75,-0.5,12,12
1772047602.162096,4940734,0.27,0.03,0.04,172.5,-72.06,72.75,-2.06,2.37,0.69,0.09,-0.07,0.0,9.31,70.12,79.56,0.69,-4.06,-2.25,13,12
1772047602.353088,4940925,0.08,-0.12,0.16,172.44,-72.31,72.69,-0.06,0.31,0.13,-0.04,-0.04,0.11,8.88,70.44,79.69,1.69,-1.87,-0.56,12,12
1772047602.543519,4941116,0.25,-0.14,0.06,172.62,-72.06,72.37,-0.44,0.25,2.37,-0.05,0.06,0.21,8.44,70.37,79.87,-1.56,2.44,-1.69,12,12
1772047602.734473,4941307,0.21,0.17,0.1,173.87,-72.19,71.62,-3.5,0.31,0.81,-0.07,-0.07,0.02,7.94,70.19,79.87,1.31,1.12,-1.31,13,12
1772047602.924923,4941497,0.23,0.0,0.04,174.5,-72.06,71.25,-1.5,1.62,0.0,-0.03,0.01,0.01,7.19,70.19,80.06,0.37,1.06,0.5,12,12
1772047603.115754,4941688,0.28,-0.01,0.01,174.75,-72.06,71.0,0.69,0.13,-0.44,-0.07,0.0,0.15,7.56,70.12,79.94,-0.44,0.37,0.06,12,12
1772047603.306553,4941878,0.22,0.02,0.1,174.62,-72.19,71.0,-0.31,-2.56,0.37,-0.06,-0.04,0.03,7.75,70.12,79.87,-0.19,-0.81,0.31,11,12
1772047603.497741,4942070,0.11,-0.01,0.11,174.19,-72.56,71.25,-0.25,-0.25,-0.5,-0.04,0.0,0.07,7.87,70.12,79.81,-0.19,0.81,0.69,12,12
1772047603.688487,4942260,0.15,-0.09,0.08,173.75,-72.56,71.5,-0.62,0.19,-0.75,-0.08,-0.04,0.07,8.19,70.06,79.69,-0.06,0.25,1.0,9,12
1772047603.878774,4942451,0.17,-0.16,0.03,173.62,-72.44,71.62,0.5,0.0,-0.5,-0.06,-0.02,0.08,8.38,70.06,79.62,0.06,0.06,0.69,11,12
1772047604.069582,4942642,0.18,-0.11,0.05,173.25,-72.44,71.75,0.75,-0.81,-0.13,-0.08,0.02,0.0,8.44,70.06,79.56,-0.56,0.5,0.25,11,12
1772047604.259542,4942831,0.08,-0.21,0.1,173.19,-72.62,71.87,1.25,1.37,-1.31,-0.05,-0.04,0.04,8.38,70.0,79.62,1.06,-2.25,-0.5,12,12
1772047604.451105,4943023,0.22,-0.08,0.07,173.12,-72.37,71.87,0.19,-0.62,1.12,-0.03,-0.01,0.13,8.19,70.06,79.62,1.37,-0.94,-1.31,11,12
1772047604.641597,4943214,0.21,-0.08,0.05,173.37,-72.5,71.69,-1.87,0.88,1.06,0.0,-0.03,0.12,7.62,70.12,79.69,0.94,0.81,1.12,11,12
1772047604.832732,4943405,0.23,-0.11,0.01,173.44,-72.5,71.56,1.06,-0.37,1.19,-0.03,-0.06,0.02,7.37,70.25,79.75,-1.0,0.25,-1.12,12,12
1772047605.023395,4943595,0.1,-0.19,0.12,173.75,-72.75,71.37,1.06,-1.12,-2.56,-0.05,0.0,-0.04,7.37,70.31,79.81,-0.19,-1.69,-0.81,12,12
1772047605.213805,4943786,0.16,-0.09,0.1,173.56,-72.75,71.44,1.0,0.69,0.13,-0.15,0.0,0.01,7.25,70.31,79.94,-1.06,-1.81,-2.25,13,12
1772047605.404203,4943976,0.34,0.15,0.0,173.5,-72.31,71.5,1.06,2.62,-1.75,-0.1,-0.02,0.21,7.62,70.25,79.87,0.81,3.0,1.19,13,12
1772047605.595477,4944168,0.22,0.08,0.06,173.0,-72.19,71.87,-2.25,-0.5,-0.25,-0.06,-0.03,0.05,7.81,70.12,79.75,0.75,-0.13,0.31,14,12
1772047605.786203,4944358,0.18,-0.08,0.08,172.81,-72.25,71.87,-0.62,-1.44,0.81,0.02,-0.04,0.07,7.94,70.06,79.69,-0.19,0.19,1.31,13,12
1772047605.977081,4944549,0.2,-0.06,0.1,172.87,-72.5,71.75,0.25,-0.37,0.19,-0.08,-0.04,0.08,8.25,70.0,79.56,0.62,-0.19,0.44,13,12
1772047606.167482,4944740,0.19,-0.04,0.14,172.62,-72.37,71.75,0.44,0.31,0.75,-0.05,0.01,0.09,8.25,69.94,79.5,0.88,1.06,0.75,12,11
1772047606.358489,4944931,0.28,0.0,0.03,172.81,-72.25,71.5,0.56,1.12,-0.19,-0.04,-0.04,0.06,8.44,70.0,79.44,0.13,0.75,0.0,12,11
1772047606.549522,4945121,0.21,-0.04,0.05,172.94,-72.19,71.44,0.0,0.5,0.37,-0.1,-0.02,0.09,8.44,69.94,79.44,-0.25,-0.13,-0.25,12,11
1772047606.740096,4945312,0.27,-0.12,0.01,172.87,-72.19,71.44,-1.19,-2.25,0.0,-0.07,-0.03,0.05,8.75,69.94,79.31,-0.19,0.0,0.62,11,10
1772047606.930437,4945502,0.15,-0.05,0.11,173.19,-72.44,71.0,-1.87,0.19,-0.31,-0.05,-0.02,0.03,8.75,70.12,79.12,0.69,-2.19,0.25,12,10
1772047607.121463,4945693,0.18,-0.09,0.13,173.31,-72.44,70.69,-1.19,0.5,-0.13,-0.05,-0.04,0.04,8.63,70.25,78.94,0.88,-0.69,-0.13,11,10
1772047607.312301,4945884,0.2,-0.02,0.08,173.56,-72.31,70.37,-1.56,0.94,0.13,-0.09,-0.02,0.02,8.63,70.25,78.94,-1.06,-0.81,-0.31,10,11
1772047607.503224,4946075,0.21,-0.1,0.05,173.69,-72.19,70.37,-0.62,-1.37,0.31,-0.04,-0.08,0.08,8.63,70.25,79.0,0.37,-0.13,0.44,9,11
1772047607.694084,4946266,0.18,-0.17,0.09,173.81,-72.37,70.25,2.69,-0.56,-0.94,-0.14,0.03,-0.05,8.69,70.25,78.94,-0.13,-1.0,-0.37,11,11
1772047607.884068,4946456,0.17,0.1,0.04,173.87,-72.37,70.25,0.81,1.12,1.0,-0.07,-0.02,0.07,8.69,70.12,79.0,-1.44,0.56,-0.81,10,11
1772047608.075038,4946647,0.22,0.02,0.02,173.75,-72.25,70.56,0.69,-0.44,-0.25,-0.07,-0.03,0.05,8.81,70.12,79.12,0.37,-0.06,0.19,10,11
1772047608.26585,4946838,0.26,0.02,0.1,173.5,-72.31,70.69,0.94,1.56,-0.62,-0.02,-0.06,0.03,9.0,70.12,79.06,0.0,-1.81,-0.75,11,11
1772047608.456647,4947029,0.17,-0.04,0.13,173.0,-72.31,71.0,-1.44,1.06,0.44,-0.07,-0.07,0.06,8.94,70.19,79.06,0.0,0.44,-0.19,12,12
1772047608.64729,4947219,0.16,-0.01,0.08,173.19,-72.06,70.94,-0.5,1.87,-0.75,-0.06,0.0,0.03,8.88,70.19,79.12,0.25,-0.75,-0.19,12,12
1772047608.83828,4947410,0.17,-0.02,0.06,173.19,-71.87,70.94,-0.31,1.19,-0.25,0.0,-0.01,0.17,8.88,70.19,79.12,0.0,-0.62,0.13,12,12
1772047609.028827,4947601,0.18,-0.01,0.06,173.06,-71.62,70.94,-0.88,0.25,0.06,-0.04,-0.12,0.2,9.0,70.31,79.06,-0.56,0.75,0.5,13,12
1772047609.219856,4947792,0.13,-0.2,0.09,173.06,-71.56,70.94,-2.12,-0.69,-0.75,-0.12,-0.09,0.07,9.19,70.31,79.0,-1.06,-0.31,0.31,12,12
1772047609.410489,4947983,0.18,-0.12,0.08,173.19,-71.44,70.81,0.69,0.06,0.13,-0.06,-0.01,0.05,9.25,70.37,79.0,0.69,-0.44,-0.37,12,12
1772047609.601037,4948173,0.19,0.09,0.11,173.44,-71.37,70.44,-2.19,1.5,0.06,-0.06,0.0,0.04,9.25,70.37,78.94,-0.94,-0.75,-0.69,11,12
1772047609.79207,4948364,0.17,-0.1,0.07,173.56,-71.06,70.5,-1.25,1.19,-0.13,-0.04,-0.05,0.01,9.13,70.31,78.94,0.5,0.25,0.88,12,12
1772047609.982348,4948555,0.2,0.04,0.07,173.87,-70.75,70.25,2.69,1.19,-0.37,-0.06,0.04,0.09,9.38,70.25,78.94,-0.06,0.25,-0.94,11,11
1772047610.173321,4948746,0.23,0.0,0.1,173.5,-70.62,70.56,-2.75,0.0,-0.5,-0.09,-0.07,0.06,9.38,70.19,78.81,-0.75,0.25,1.19,11,11
1772047610.363964,4948936,0.22,-0.17,0.1,173.31,-70.62,70.69,1.44,0.13,0.75,-0.03,0.02,0.1,9.44,70.19,78.94,0.06,0.13,-0.37,11,11
1772047610.555081,4949127,0.11,0.18,0.14,173.5,-70.69,70.37,-1.12,0.25,0.0,-0.08,-0.08,0.06,9.63,70.19,78.81,-1.12,-0.44,-1.0,11,11
1772047610.745684,4949318,0.22,-0.02,0.09,173.0,-70.62,70.81,-3.94,0.13,0.37,-0.11,-0.04,0.07,9.44,70.25,78.81,0.06,-0.25,-0.62,11,12
1772047610.936306,4949509,0.22,-0.06,0.06,173.44,-70.62,70.44,0.37,-0.13,-0.5,-0.1,0.02,0.01,9.31,70.37,78.87,0.0,-1.19,-0.56,10,11
1772047611.127404,4949699,0.19,0.02,0.1,173.44,-70.62,70.37,-0.56,0.44,-0.19,-0.09,-0.02,0.09,9.31,70.37,78.94,-0.06,-0.31,-0.31,11,12
1772047611.317817,4949890,0.23,-0.07,0.1,173.37,-70.56,70.37,-0.75,0.0,-0.25,-0.04,-0.01,0.02,9.31,70.37,78.94,0.62,0.0,-0.31,10,12
1772047611.508527,4950081,0.34,-0.01,0.05,173.62,-70.5,70.25,-0.62,1.19,1.25,-0.04,-0.03,0.04,9.25,70.44,78.87,0.37,-0.88,0.06,11,12
1772047611.699167,4950271,0.24,0.05,0.05,173.81,-70.62,70.06,-0.19,-0.19,0.88,-0.04,-0.06,0.08,9.19,70.37,78.87,1.0,1.0,0.37,11,12
1772047611.889874,4950462,0.36,0.09,0.04,173.81,-70.62,70.12,0.56,0.62,0.37,-0.06,-0.02,0.0,9.5,70.25,78.81,0.75,-0.44,0.75,12,13
1772047612.0808,4950653,0.09,-0.12,0.1,173.12,-70.87,70.5,0.19,-0.5,1.37,-0.04,0.02,0.16,9.44,70.19,78.75,-0.25,1.0,-0.25,11,12
1772047612.271741,4950844,0.39,-0.15,0.04,173.5,-70.75,70.44,-0.13,-2.5,-0.81,-0.11,0.04,-0.01,9.63,70.19,78.69,0.5,-0.62,0.62,11,12
1772047612.462088,4951035,0.15,-0.07,0.05,173.69,-71.19,70.25,1.75,2.44,1.5,-0.05,0.02,0.02,9.44,70.12,78.87,0.69,-0.5,0.31,11,13
1772047612.653206,4951225,0.17,-0.11,0.1,173.06,-71.06,70.5,1.06,-1.69,0.31,-0.08,0.01,0.05,9.69,70.19,78.81,-0.06,-0.44,-1.12,11,12
1772047612.843393,4951416,0.25,0.08,0.03,173.31,-71.0,70.37,-1.31,1.69,0.19,-0.02,0.0,0.06,9.25,70.31,78.87,0.0,0.13,-0.31,12,13
1772047613.034548,4951607,0.16,-0.02,0.1,173.44,-71.0,70.31,-0.19,-0.62,0.19,-0.07,0.0,0.07,9.25,70.31,78.87,0.19,-0.5,-0.44,10,12
1772047613.225463,4951798,0.24,-0.02,0.07,173.37,-70.94,70.31,-0.62,-0.19,-0.13,-0.01,0.03,0.01,9.19,70.37,78.94,0.25,0.06,0.13,11,12
1772047613.416025,4951988,0.19,0.0,0.08,173.44,-71.0,70.25,-0.25,-0.44,-0.13,-0.06,-0.03,0.04,9.19,70.37,78.94,0.06,-0.75,-0.25,10,11
1772047613.606488,4952179,0.19,0.02,0.1,173.62,-71.0,70.12,-1.87,0.13,0.94,-0.04,-0.04,0.05,9.19,70.31,78.87,-0.44,0.81,0.31,11,12
1772047613.797203,4952370,0.23,-0.07,0.07,173.69,-70.94,70.19,0.13,-0.31,0.31,-0.01,-0.01,0.04,9.19,70.25,78.87,0.25,0.13,0.25,10,11
1772047613.988295,4952561,0.14,0.0,0.13,173.69,-71.06,70.19,0.06,-0.25,0.13,-0.05,-0.04,0.06,9.19,70.25,78.87,-0.19,-0.06,0.5,10,12
1772047614.178826,4952751,0.13,-0.13,0.1,173.44,-71.06,70.31,0.25,-0.5,0.06,-0.08,-0.04,0.02,9.19,70.31,78.87,0.06,0.62,0.31,10,12
1772047614.36983,4952942,0.2,-0.05,0.07,173.5,-71.06,70.25,-0.37,-0.19,0.31,-0.05,-0.08,0.01,9.19,70.31,78.87,-0.13,0.0,0.37,10,11
1772047614.560352,4953133,0.2,-0.21,0.1,173.25,-71.06,70.5,0.75,0.94,0.56,-0.05,-0.02,0.05,9.06,70.31,78.94,0.44,-0.25,0.19,11,12
1772047614.75123,4953323,0.26,-0.01,0.04,173.56,-70.94,70.19,1.25,0.19,-0.25,-0.04,0.07,0.03,8.88,70.44,79.0,0.81,-0.81,-0.69,10,11
1772047614.941757,4953514,0.18,0.04,0.07,173.56,-70.94,70.12,-1.31,0.13,0.44,-0.02,0.04,0.07,8.88,70.5,79.0,0.19,0.31,0.75,11,12
1772047615.132918,4953705,0.21,-0.05,0.1,173.62,-70.94,70.06,1.06,0.06,-0.31,-0.03,0.01,-0.02,9.0,70.56,79.0,-0.56,-0.37,0.37,12,11
1772047615.323446,4953896,0.12,-0.04,0.11,173.69,-71.12,70.12,0.0,-0.56,-0.06,-0.03,-0.07,0.09,9.06,70.56,79.06,1.31,0.75,0.62,14,11
1772047615.514159,4954087,0.26,-0.09,0.07,173.5,-71.0,70.12,-0.13,-0.37,1.37,-0.03,0.01,0.07,9.0,70.5,79.0,0.56,1.25,0.37,13,11
1772047615.703702,4954276,0.26,0.05,0.05,174.06,-71.0,69.81,-0.88,0.5,0.56,-0.04,-0.03,0.02,9.0,70.44,79.0,-0.56,1.62,0.88,14,11
1772047615.895408,4954468,0.27,-0.05,0.04,173.75,-71.0,69.94,-1.25,0.25,-1.37,-0.08,0.0,0.0,9.19,70.31,78.87,-0.75,1.37,0.25,14,11
1772047616.086424,4954659,0.11,-0.19,0.14,173.56,-71.12,70.12,0.13,-0.5,-0.44,-0.11,0.0,0.01,9.19,70.31,78.94,1.31,0.37,0.44,14,11
1772047616.277177,4954850,0.21,0.03,0.11,173.94,-71.12,69.81,0.94,-0.25,0.81,-0.08,0.0,0.09,9.13,70.25,78.87,0.88,-0.44,-0.31,14,11
1772047616.468128,4955041,0.18,-0.04,0.07,173.81,-71.0,69.81,0.13,0.19,0.0,-0.05,-0.01,0.08,9.13,70.37,78.87,0.44,-0.75,0.0,13,11
1772047616.659167,4955231,0.2,0.08,0.07,174.0,-71.06,69.62,-0.75,-0.69,1.12,-0.01,-0.03,0.03,9.19,70.5,78.81,-0.19,-0.62,-0.56,14,11
1772047616.849996,4955422,0.19,-0.01,0.08,174.44,-71.25,69.5,-2.25,0.81,0.31,-0.06,-0.03,0.0,9.13,70.5,78.81,-0.81,0.13,0.0,13,11
1772047617.040232,4955613,0.16,0.05,0.13,174.81,-71.06,69.37,0.25,3.19,0.06,-0.07,-0.02,0.1,9.56,70.44,78.56,0.69,1.37,1.87,14,12
1772047617.231258,4955804,0.25,-0.01,0.07,175.31,-70.75,69.37,1.37,-4.69,3.56,-0.12,0.01,0.22,9.44,70.31,78.87,1.06,1.81,-0.37,13,12
1772047617.422094,4955994,0.32,-0.04,0.06,175.62,-70.94,69.06,0.19,2.12,-0.31,-0.04,-0.03,-0.04,9.56,70.19,78.69,-0.06,0.44,0.5,14,12
1772047617.61277,4956185,0.17,0.0,0.11,175.81,-71.19,69.06,-0.56,-0.31,2.0,-0.09,0.01,0.03,9.38,69.94,78.75,-0.25,1.25,-0.06,13,12
1772047617.804058,4956376,0.24,-0.02,0.07,175.94,-71.19,69.0,1.87,-0.62,-0.44,-0.09,-0.01,0.06,9.63,69.81,78.75,-0.13,-0.37,0.5,13,12
1772047617.994566,4956567,0.14,-0.06,0.18,175.69,-71.37,69.19,-0.13,-1.25,1.12,-0.11,0.0,0.05,9.38,69.75,78.81,-0.25,0.25,-0.88,13,12
1772047618.185087,4956758,0.17,-0.02,0.08,175.94,-71.37,69.12,1.44,0.62,-0.13,-0.06,0.01,0.02,9.31,69.75,78.94,-0.75,0.37,0.31,12,12
1772047618.37518,4956947,0.21,-0.07,0.1,175.37,-71.31,69.56,1.0,-0.31,-0.44,-0.06,0.0,-0.01,9.31,69.75,79.0,-0.31,-0.5,-0.31,13,12
1772047618.566057,4957138,0.19,-0.05,0.1,175.25,-71.31,69.69,0.37,0.0,-0.62,-0.04,0.01,0.0,9.25,69.87,79.06,-0.13,-0.25,-0.37,12,12
1772047618.757245,4957330,0.21,0.01,0.11,175.19,-71.31,69.69,-0.5,0.81,-0.19,-0.08,0.01,0.03,9.25,69.87,79.06,0.19,0.62,-0.37,14,12
1772047618.948349,4957521,0.21,-0.01,0.09,175.19,-71.19,69.69,-0.62,-0.06,0.25,-0.03,-0.01,0.0,9.25,69.87,79.06,-0.13,0.31,0.0,11,11
1772047619.139033,4957712,0.18,-0.02,0.08,175.25,-71.25,69.69,-0.94,-0.5,0.25,0.0,-0.02,0.07,9.31,69.87,79.06,0.13,0.13,0.0,12,12
1772047619.330033,4957903,0.21,0.0,0.11,175.25,-71.25,69.62,-0.81,0.5,0.0,-0.03,-0.07,0.05,9.31,69.87,79.06,-0.13,1.06,0.62,10,11
1772047619.521238,4958094,0.2,-0.03,0.12,175.31,-71.25,69.56,-0.44,0.13,0.37,-0.05,-0.01,0.04,9.31,69.87,79.06,0.44,1.0,0.25,11,11
1772047619.712309,4958285,0.16,-0.04,0.11,175.19,-71.25,69.69,0.19,0.44,-0.25,-0.01,-0.07,0.06,9.25,69.81,79.06,0.56,0.94,0.75,11,11
1772047619.902664,4958475,0.16,-0.12,0.13,175.12,-71.31,69.75,0.56,-1.06,0.5,-0.05,0.0,0.05,9.31,69.69,79.06,-0.37,0.31,0.25,11,11
1772047620.09389,4958667,0.21,-0.04,0.12,175.19,-71.31,69.69,0.69,0.31,0.06,-0.1,-0.05,0.0,9.31,69.62,79.06,-0.13,0.0,0.19,12,11
1772047620.285415,4958858,0.19,-0.11,0.04,175.0,-71.31,69.87,-0.31,0.13,0.44,-0.1,-0.05,0.06,9.31,69.5,79.06,0.25,0.88,0.19,11,11
1772047620.478389,4959051,0.16,-0.09,0.09,175.12,-71.31,69.75,0.62,-0.13,-0.5,-0.09,0.01,0.01,9.19,69.56,79.06,0.13,0.0,0.25,12,12
1772047620.669999,4959242,0.22,0.0,0.08,175.12,-71.25,69.69,1.0,-0.06,-0.44,-0.01,-0.01,0.1,9.19,69.62,79.06,-0.31,-0.94,-0.81,11,11
1772047620.863302,4959436,0.21,-0.01,0.06,175.12,-71.25,69.69,-0.25,0.25,-0.25,-0.06,-0.03,0.01,9.13,69.69,79.12,-0.31,-0.75,-0.62,11,11
1772047621.0559,4959628,0.23,-0.01,0.03,175.19,-71.19,69.69,-0.69,0.31,-0.37,-0.06,0.03,0.04,9.13,69.81,79.12,0.5,-0.88,-0.25,11,11
1772047621.247357,4959820,0.15,0.0,0.08,175.19,-71.25,69.62,-0.44,-0.88,-0.25,-0.02,-0.03,0.04,9.13,69.81,79.12,-0.13,-0.19,0.19,11,11
1772047621.438787,4960011,0.2,-0.08,0.09,175.12,-71.25,69.69,0.19,-0.19,-0.5,-0.07,0.0,0.02,9.13,69.81,79.12,-0.19,-0.25,0.06,13,11
1772047621.630505,4960203,0.2,-0.07,0.09,175.25,-71.25,69.62,-0.31,0.25,0.56,-0.04,-0.05,0.07,9.06,69.81,79.12,0.5,-0.25,-0.19,13,11
1772047621.820643,4960393,0.21,-0.17,0.11,175.5,-71.31,69.5,0.19,0.0,1.87,-0.05,-0.04,0.11,9.0,69.81,79.12,0.13,0.5,0.5,13,11
1772047622.011216,4960584,0.22,-0.08,0.08,175.56,-71.25,69.5,0.94,0.31,-0.13,-0.06,0.0,0.05,9.13,69.69,79.12,-0.19,0.44,0.37,13,11
1772047622.203051,4960776,0.17,-0.07,0.11,175.44,-71.31,69.56,-0.13,-0.25,0.25,-0.04,-0.05,0.09,9.19,69.62,79.06,0.06,0.69,0.0,13,11
1772047622.396058,4960969,0.19,-0.15,0.08,175.44,-71.25,69.56,0.5,-0.56,-0.31,-0.08,-0.03,0.09,9.13,69.56,79.06,0.25,0.44,0.06,13,11
1772047622.589166,4961162,0.21,-0.04,0.09,175.69,-71.31,69.37,0.31,0.25,-0.06,-0.06,-0.02,0.08,9.13,69.56,79.06,-0.37,-0.5,-0.25,13,12
1772047622.779327,4961352,0.21,-0.11,0.09,175.62,-71.31,69.37,0.0,0.0,-0.06,-0.07,-0.01,0.07,9.13,69.56,79.06,-0.13,-0.44,-0.37,14,12
1772047622.971799,4961544,0.21,-0.05,0.04,175.62,-71.31,69.37,-0.06,0.69,0.0,-0.04,0.0,0.0,9.0,69.69,79.12,0.31,-1.06,-0.81,13,12
1772047623.164221,4961737,0.22,-0.05,0.05,175.62,-71.25,69.31,-0.81,0.31,0.0,-0.06,-0.04,0.07,8.94,69.69,79.12,-0.25,-0.31,0.25,13,12
1772047623.356205,4961929,0.15,-0.13,0.08,175.56,-71.25,69.31,-0.13,-0.31,-0.31,-0.04,-0.03,0.0,8.94,69.75,79.12,0.13,0.25,-0.06,13,12
1772047623.548179,4962121,0.14,-0.08,0.12,175.56,-71.37,69.31,-0.44,0.56,-0.19,-0.03,-0.01,0.02,9.0,69.75,79.12,0.25,0.19,-0.06,13,12
1772047623.740057,4962313,0.18,-0.1,0.09,175.69,-71.31,69.25,-0.37,0.31,0.88,-0.08,0.0,0.04,8.94,69.75,79.19,0.31,0.62,0.0,13,12
1772047623.931804,4962504,0.24,-0.07,0.08,175.81,-71.31,69.25,0.62,0.31,0.13,-0.05,-0.03,0.07,9.0,69.69,79.12,-0.19,0.19,0.5,13,12
1772047624.121073,4962694,0.18,-0.12,0.11,175.69,-71.37,69.31,0.37,-1.06,0.31,-0.04,-0.03,0.05,9.0,69.69,79.12,-0.06,0.31,0.31,13,11
1772047624.313548,4962886,0.17,-0.16,0.09,175.62,-71.37,69.37,0.94,-0.31,-0.75,-0.11,0.01,0.02,9.0,69.69,79.12,0.25,0.37,0.25,14,11
1772047624.506189,4963079,0.2,-0.05,0.04,175.69,-71.31,69.31,0.81,0.31,0.0,-0.04,-0.04,0.09,9.0,69.62,79.12,0.19,0.88,-0.5,13,11
1772047624.698715,4963271,0.25,-0.05,0.06,175.87,-71.19,69.25,-1.62,-0.25,-0.44,-0.02,-0.02,0.08,8.88,69.69,79.12,0.06,-0.19,0.06,13,11
1772047624.888099,4963461,0.17,-0.06,0.06,175.87,-71.19,69.25,-0.06,1.0,-0.62,-0.06,0.03,0.02,8.88,69.81,79.19,0.19,-1.37,-0.44,12,11
1772047625.080965,4963653,0.23,-0.08,0.03,175.81,-71.19,69.25,-0.06,-0.56,-0.62,-0.02,-0.01,0.04,8.88,69.87,79.19,-0.25,-0.06,0.31,13,11
1772047625.27287,4963845,0.21,-0.05,0.09,175.81,-71.19,69.25,-0.5,-0.13,0.37,-0.05,0.0,0.03,8.88,69.87,79.19,0.06,-0.44,-0.19,12,12
1772047625.464811,4964037,0.2,-0.05,0.09,175.87,-71.19,69.19,-0.69,0.37,0.25,-0.1,-0.01,0.02,8.88,69.87,79.19,0.37,0.19,0.06,12,12
1772047625.656806,4964229,0.24,-0.1,0.08,175.87,-71.19,69.19,-0.5,-0.06,0.5,-0.04,0.0,0.07,8.94,69.87,79.19,0.25,0.5,0.56,13,12
1772047625.8488,4964421,0.22,-0.07,0.12,175.87,-71.19,69.19,0.44,0.19,-0.5,-0.09,-0.01,0.04,8.94,69.81,79.12,-0.13,0.44,0.37,13,12
1772047626.039935,4964613,0.19,-0.1,0.1,176.0,-71.19,69.12,-1.12,-0.25,0.94,-0.07,-0.02,0.08,8.94,69.75,79.12,0.25,0.94,0.44,12,12
1772047626.231195,4964804,0.2,-0.22,0.06,176.0,-71.19,69.12,1.0,-0.62,-0.19,-0.09,-0.03,0.1,8.94,69.69,79.12,0.31,1.25,0.75,12,13
1772047626.423385,4964996,0.2,-0.08,0.1,176.12,-71.19,69.06,1.12,0.31,-0.5,-0.01,-0.02,0.08,8.94,69.69,79.12,-0.13,0.37,0.06,12,12
1772047626.615285,4965188,0.21,-0.11,0.08,176.06,-71.19,69.12,0.13,0.25,0.13,-0.08,-0.02,0.03,8.94,69.62,79.12,-0.13,-0.06,-0.37,13,12
1772047626.804801,4965377,0.21,-0.01,0.01,176.12,-71.12,69.06,-0.37,0.94,-0.06,-0.06,0.03,0.03,8.81,69.75,79.19,0.06,-1.31,-0.75,12,13
1772047626.994994,4965567,0.2,-0.06,0.07,176.06,-71.12,69.12,-0.56,-0.75,-0.5,-0.06,-0.03,0.06,8.88,69.81,79.19,-0.44,-0.5,0.13,13,13
1772047627.186359,4965759,0.2,-0.12,0.07,176.0,-71.12,69.19,-0.19,0.0,-0.25,-0.05,-0.06,0.06,8.88,69.87,79.19,0.25,0.19,-0.13,13,13
1772047627.377979,4965950,0.18,-0.07,0.11,176.0,-71.19,69.12,-1.62,0.37,0.94,-0.02,-0.02,0.09,8.75,69.94,79.19,-0.13,-0.69,-0.13,12,13
1772047627.568807,4966142,0.15,-0.15,0.11,176.0,-71.19,69.06,-0.5,0.5,0.25,-0.08,0.0,0.07,8.75,69.94,79.19,0.06,0.06,0.56,13,13
1772047627.759347,4966332,0.22,-0.11,0.06,175.87,-71.12,69.19,0.88,0.25,-0.37,-0.08,-0.03,0.04,8.81,69.94,79.19,-0.13,-0.19,0.25,12,12
1772047627.948616,4966521,0.15,-0.15,0.11,175.44,-71.19,69.37,0.0,-0.31,0.56,-0.05,-0.06,0.09,8.75,69.87,79.19,0.0,0.5,0.0,13,13
1772047628.139928,4966713,0.16,-0.15,0.1,175.44,-71.19,69.37,0.75,-0.5,-0.13,-0.11,0.0,0.09,8.75,69.81,79.19,0.13,0.62,0.25,12,12
1772047628.331736,4966904,0.23,-0.04,0.09,175.44,-71.19,69.37,0.62,0.56,-0.62,-0.06,-0.03,0.1,8.75,69.75,79.19,-0.25,0.44,0.19,13,12
1772047628.52326,4967096,0.19,-0.14,0.11,175.37,-71.19,69.44,0.5,-0.19,-0.37,-0.07,-0.03,0.04,8.75,69.75,79.19,-0.19,-0.06,0.06,13,12
1772047628.712727,4967285,0.13,-0.08,0.07,175.37,-71.12,69.44,-0.62,1.0,-0.06,-0.08,0.01,0.03,8.56,69.81,79.25,-0.06,-1.81,-1.44,13,11
1772047628.902353,4967475,0.29,0.04,0.06,175.81,-71.06,69.12,-1.31,-0.13,-0.5,-0.07,-0.05,0.11,8.5,69.87,79.25,0.0,-0.13,0.13,13,11
1772047629.093543,4967666,0.25,-0.06,0.06,175.62,-71.06,69.25,-0.44,-0.25,-0.06,-0.07,-0.07,0.09,8.56,70.0,79.25,0.19,-0.13,0.31,11,11
1772047629.28457,4967857,0.15,-0.12,0.14,175.44,-71.19,69.31,-0.31,-0.69,0.56,-0.02,-0.06,0.08,8.56,70.0,79.25,0.69,0.31,0.56,12,11
1772047629.475261,4968048,0.15,-0.16,0.08,175.5,-71.25,69.19,-0.19,0.31,0.94,-0.02,-0.02,0.09,8.56,70.0,79.25,-0.06,0.69,0.19,11,10
1772047629.665354,4968238,0.26,-0.1,0.04,175.56,-71.19,69.12,0.56,0.56,0.0,-0.11,-0.03,0.05,8.56,70.0,79.25,-0.44,-0.19,0.31,12,11
1772047629.855271,4968428,0.2,-0.13,0.08,175.37,-71.19,69.25,0.5,0.0,-0.31,-0.06,-0.03,0.08,8.63,69.94,79.19,0.13,1.0,0.37,10,11
1772047630.045934,4968619,0.22,-0.06,0.09,175.25,-71.25,69.37,1.06,-0.25,-0.56,-0.08,-0.01,0.08,8.63,69.87,79.19,0.31,1.0,0.31,12,11
1772047630.236663,4968809,0.24,-0.06,0.03,175.31,-71.12,69.31,-0.62,0.88,0.88,-0.06,-0.03,0.08,8.56,69.81,79.19,-0.31,0.44,0.19,11,11
1772047630.427534,4969000,0.21,-0.12,0.07,175.25,-71.12,69.37,0.75,-0.25,-0.44,-0.06,-0.06,0.09,8.63,69.81,79.19,0.19,0.37,0.13,11,11
1772047630.618202,4969191,0.26,-0.08,0.04,175.25,-71.06,69.37,-0.44,0.31,-0.06,-0.02,-0.1,0.09,8.56,69.87,79.25,0.13,-1.0,-0.5,11,11
1772047630.808735,4969381,0.22,-0.06,0.04,175.19,-71.12,69.37,-1.12,0.44,0.31,-0.05,-0.01,0.13,8.5,69.94,79.25,0.37,-0.31,-0.5,11,11
1772047630.998968,4969572,0.26,0.0,0.07,175.25,-71.12,69.37,0.0,-0.5,-0.13,-0.07,-0.03,0.11,8.56,70.0,79.25,0.13,-0.13,0.13,11,12
1772047631.189681,4969763,0.16,-0.11,0.12,175.06,-71.25,69.44,0.0,-0.44,0.5,-0.02,-0.05,0.12,8.56,70.06,79.25,0.0,0.25,0.06,10,12
1772047631.380285,4969953,0.2,-0.14,0.1,175.06,-71.25,69.5,0.62,-0.5,0.44,-0.09,-0.02,0.13,8.56,70.12,79.25,0.06,0.06,0.06,11,12
1772047631.571098,4970144,0.17,-0.14,0.05,175.25,-71.25,69.37,0.37,0.19,-0.06,-0.08,-0.03,0.08,8.56,70.12,79.25,-0.25,-0.37,-0.37,11,12
1772047631.761818,4970334,0.2,-0.05,0.07,175.25,-71.19,69.31,-0.06,-0.75,0.06,-0.06,-0.05,0.1,8.56,70.12,79.25,0.0,-0.19,-0.13,12,12
1772047631.952491,4970525,0.27,-0.09,0.1,175.25,-71.19,69.31,0.0,0.06,-0.25,-0.03,-0.09,0.11,8.56,70.06,79.25,-0.06,0.0,0.37,11,12
1772047632.143385,4970716,0.23,-0.07,0.07,175.0,-71.25,69.5,-0.81,-0.37,0.19,-0.02,-0.07,0.13,8.56,70.0,79.25,0.19,1.25,0.37,12,12
1772047632.334181,4970907,0.23,-0.09,0.06,175.0,-71.25,69.5,-0.06,0.62,-0.19,-0.09,-0.04,0.11,8.56,70.0,79.25,-0.06,0.25,0.31,11,12
1772047632.524503,4971097,0.17,-0.1,0.05,175.0,-71.25,69.5,0.37,0.37,-0.13,-0.06,-0.06,0.16,8.56,69.94,79.25,0.0,0.19,0.06,12,12
1772047632.715474,4971288,0.22,-0.09,0.08,175.06,-71.12,69.5,-0.06,-0.37,0.75,-0.09,-0.06,0.13,8.56,70.0,79.25,-0.13,-0.06,0.0,11,12
1772047632.906106,4971479,0.18,-0.15,0.06,175.12,-71.12,69.44,1.0,0.13,-0.5,-0.09,-0.07,0.11,8.56,70.0,79.25,0.5,-0.69,-0.06,12,12
1772047633.096831,4971670,0.23,-0.14,0.04,175.06,-71.12,69.5,0.44,0.37,0.5,-0.06,-0.02,0.08,8.44,70.12,79.25,0.0,-0.69,-0.13,12,12
1772047633.287443,4971860,0.23,-0.05,0.06,175.19,-71.12,69.37,0.13,-0.19,-0.31,-0.06,0.0,0.08,8.44,70.25,79.25,0.25,0.0,-0.19,11,12
1772047633.478433,4972051,0.14,-0.05,0.04,175.37,-71.19,69.19,-0.5,-0.31,-0.56,-0.08,-0.04,0.11,8.44,70.25,79.25,-0.06,0.0,0.13,11,12
1772047633.669097,4972242,0.24,-0.1,0.1,175.31,-71.25,69.25,-0.13,-0.13,-0.06,-0.09,0.0,0.07,8.44,70.31,79.25,0.0,-0.31,0.0,12,11
1772047633.859805,4972432,0.21,-0.04,0.07,175.62,-71.25,69.12,-0.69,0.56,0.31,-0.02,-0.03,0.1,8.44,70.31,79.25,0.31,-0.19,-0.06,13,11
1772047634.050451,4972623,0.17,-0.12,0.13,175.56,-71.25,69.19,-0.19,0.0,0.44,-0.06,-0.06,0.11,8.56,70.25,79.25,0.13,0.62,0.75,12,11
1772047634.24119,4972814,0.2,-0.14,0.07,175.5,-71.25,69.25,-0.06,0.25,0.0,-0.07,-0.03,0.09,8.56,70.19,79.25,0.06,0.37,0.37,13,11
1772047634.431861,4973005,0.16,-0.12,0.1,175.5,-71.25,69.25,-0.37,0.5,0.31,-0.09,-0.02,0.12,8.56,70.12,79.19,0.13,0.62,-0.13,12,11
1772047634.622491,4973195,0.21,-0.16,0.06,175.62,-71.12,69.12,1.19,-0.31,-0.56,-0.11,-0.03,0.14,8.56,70.12,79.19,0.06,0.88,0.56,13,11
1772047634.813544,4973386,0.23,-0.07,0.06,175.62,-71.12,69.19,1.0,0.81,-0.19,-0.06,-0.06,0.14,8.63,70.0,79.19,-0.25,-0.5,-0.25,12,11
1772047635.004284,4973577,0.19,-0.11,0.08,175.5,-71.06,69.25,0.0,-0.06,-0.31,-0.08,-0.01,0.05,8.63,70.12,79.19,0.25,-0.88,-0.62,13,11
1772047635.194886,4973768,0.21,-0.06,0.08,175.69,-71.12,69.06,-1.87,0.06,0.44,-0.04,-0.06,0.07,8.56,70.12,79.25,0.19,-0.88,-0.25,13,11
1772047635.385685,4973958,0.22,-0.03,0.06,175.75,-71.12,69.0,-1.19,0.25,-0.31,-0.06,-0.08,0.1,8.63,70.06,79.19,-0.25,-0.13,0.13,13,12
1772047635.576294,4974149,0.23,-0.13,0.08,175.5,-71.12,69.12,-0.69,0.19,0.06,-0.07,-0.05,0.06,8.63,70.06,79.19,0.19,-0.44,-0.06,12,12
1772047635.766586,4974340,0.19,-0.15,0.09,175.37,-71.12,69.19,-0.69,0.81,1.06,-0.07,0.04,0.05,8.63,70.0,79.19,0.31,0.06,0.19,11,12
1772047635.957632,4974531,0.22,-0.11,0.1,175.5,-71.06,69.06,0.81,0.0,0.37,-0.1,0.01,0.01,8.63,70.0,79.19,-0.19,-0.37,0.25,12,12
1772047636.148469,4974721,0.18,-0.14,0.05,175.31,-71.06,69.25,1.19,0.06,-0.5,-0.06,-0.05,0.04,8.81,69.94,79.12,-0.44,0.06,0.69,11,12
1772047636.339129,4974912,0.16,-0.14,0.12,174.62,-71.19,69.62,0.0,-0.56,0.31,-0.06,-0.02,0.08,8.88,69.87,79.12,0.13,0.75,0.0,12,12
1772047636.529572,4975103,0.26,0.01,0.04,174.69,-71.06,69.62,0.06,0.75,-0.25,-0.05,0.02,0.11,8.88,69.87,79.12,0.37,1.12,0.37,11,12
1772047636.720425,4975293,0.1,-0.03,0.07,174.75,-71.06,69.56,0.37,0.0,-0.13,-0.09,-0.02,0.1,8.81,69.81,79.12,0.0,0.06,0.0,12,12
1772047636.911507,4975484,0.21,-0.09,0.08,174.69,-71.06,69.62,0.25,0.06,-0.5,-0.07,-0.02,0.06,8.88,69.81,79.12,0.06,-0.56,-0.19,11,11
1772047637.102123,4975675,0.2,-0.03,0.09,174.75,-71.06,69.5,-1.0,0.75,-0.37,-0.05,-0.12,0.12,8.69,69.87,79.12,0.19,-1.56,-1.31,12,11
1772047637.292741,4975866,0.29,0.0,0.03,174.94,-71.0,69.44,-2.31,-0.44,1.12,-0.07,-0.01,0.08,8.5,70.06,79.19,0.25,-0.62,0.06,12,11
1772047637.483776,4976057,0.19,-0.12,0.08,174.94,-71.12,69.37,1.0,-0.13,-0.44,-0.04,-0.03,0.07,8.56,70.12,79.25,-0.19,-0.37,0.44,12,12
1772047637.674466,4976247,0.15,-0.15,0.07,174.69,-71.25,69.5,0.31,-1.06,0.25,-0.02,-0.03,0.09,8.56,70.06,79.25,-0.13,-0.13,-0.25,12,12
1772047637.864839,4976438,0.19,-0.16,0.08,174.5,-71.25,69.56,0.19,0.37,0.75,-0.07,-0.01,0.09,8.5,70.12,79.25,0.13,0.75,0.06,11,12
1772047638.055719,4976629,0.2,-0.01,0.08,174.75,-71.25,69.37,1.5,-0.31,0.06,-0.05,0.0,0.08,8.56,70.0,79.19,-0.62,-0.06,0.19,12,12
1772047638.246503,4976819,0.19,-0.08,0.07,174.62,-71.25,69.5,0.81,-0.5,-0.62,-0.07,-0.01,0.06,8.69,70.0,79.19,-0.31,0.31,0.19,11,12
1772047638.437398,4977010,0.18,-0.01,0.04,174.56,-71.19,69.56,0.31,1.12,0.06,-0.08,0.0,0.0,8.69,70.0,79.19,-0.06,-0.44,-0.25,13,12
1772047638.627773,4977201,0.21,0.0,0.08,174.62,-71.19,69.5,-0.37,0.19,0.19,-0.06,-0.07,0.11,8.63,69.94,79.19,-0.06,0.62,0.31,11,12
1772047638.818795,4977392,0.22,-0.05,0.07,174.56,-71.12,69.56,-0.25,0.06,-0.19,-0.1,-0.07,0.1,8.63,69.87,79.19,0.13,0.0,0.06,12,12
1772047639.009507,4977582,0.19,-0.05,0.06,174.56,-71.12,69.56,-0.31,0.13,0.25,-0.09,-0.03,0.09,8.63,70.0,79.19,0.37,-1.12,-0.5,10,12
1772047639.200442,4977773,0.17,-0.09,0.12,174.5,-71.12,69.56,-0.44,-0.75,0.88,-0.08,-0.04,0.09,8.5,70.12,79.25,-0.06,-0.62,-0.19,11,12
1772047639.390953,4977964,0.2,-0.12,0.1,174.56,-71.19,69.5,0.0,-0.31,0.13,-0.03,-0.05,0.09,8.5,70.12,79.25,0.19,0.19,0.37,10,11
1772047639.581559,4978155,0.18,-0.1,0.1,174.56,-71.19,69.5,0.13,0.0,0.25,-0.05,-0.01,0.12,8.5,70.12,79.25,0.0,0.37,0.19,10,11
1772047639.772786,4978345,0.22,-0.05,0.09,174.69,-71.12,69.44,0.69,-0.06,-0.13,-0.05,-0.02,0.1,8.5,70.19,79.25,-0.19,-0.25,-0.37,11,11
1772047639.963047,4978536,0.18,-0.06,0.06,174.87,-71.12,69.31,-0.37,0.75,0.69,-0.05,0.0,0.08,8.56,70.19,79.25,-0.06,0.25,0.13,10,11
1772047640.153935,4978727,0.19,-0.04,0.09,174.87,-71.12,69.31,1.25,-0.62,-0.69,-0.05,-0.05,0.09,8.75,70.12,79.12,-0.06,0.62,0.56,12,11
1772047640.344931,4978918,0.2,-0.1,0.09,174.75,-71.12,69.5,-0.56,0.5,0.25,-0.06,-0.06,0.1,8.75,70.06,79.12,-0.44,-0.5,-0.5,10,11
1772047640.535249,4979108,0.18,-0.1,0.1,174.69,-71.12,69.56,-1.0,0.81,0.56,-0.09,-0.04,0.1,8.75,70.0,79.12,0.0,-0.19,0.31,12,11
1772047640.726108,4979299,0.23,-0.09,0.08,174.75,-71.06,69.5,0.13,0.25,-0.19,-0.07,-0.04,0.09,8.69,69.94,79.12,0.06,0.31,0.44,11,11
1772047640.916941,4979490,0.18,-0.1,0.1,174.75,-71.06,69.5,0.25,-0.5,-0.31,-0.07,-0.07,0.13,8.69,69.94,79.12,0.5,-0.37,-0.25,12,12
1772047641.107774,4979680,0.19,-0.16,0.09,174.75,-71.06,69.5,0.44,-0.5,-0.37,-0.09,-0.05,0.12,8.69,70.06,79.19,0.44,-0.19,-0.06,11,12
1772047641.298314,4979871,0.2,-0.15,0.07,174.81,-71.06,69.44,0.25,0.13,0.25,-0.04,0.0,0.11,8.63,70.12,79.19,0.06,-0.5,-0.25,12,12
1772047641.488917,4980062,0.19,-0.09,0.1,174.87,-71.12,69.31,0.56,-1.25,-0.44,-0.07,0.0,0.07,8.69,70.19,79.19,-0.31,-0.31,0.0,12,12
1772047641.679902,4980253,0.18,-0.06,0.05,175.0,-71.19,69.19,-1.5,-0.13,0.06,-0.11,0.0,0.0,8.63,70.25,79.19,-0.31,-1.5,-0.88,12,12
1772047641.870631,4980443,0.22,-0.07,0.09,175.12,-71.19,69.12,-1.19,-0.06,-0.31,-0.07,-0.04,0.11,8.63,70.25,79.19,-0.06,0.0,-0.06,13,12
1772047642.06129,4980634,0.25,-0.06,0.03,175.19,-71.19,69.06,-0.06,-0.5,-0.06,-0.03,-0.01,0.07,8.63,70.25,79.19,-0.25,0.62,0.5,10,12
1772047642.25197,4980825,0.18,-0.07,0.1,175.12,-71.31,69.06,-0.44,0.37,-0.31,-0.07,-0.07,0.09,8.63,70.25,79.19,0.31,0.69,0.5,12,12
1772047642.442574,4981016,0.18,-0.14,0.13,175.12,-71.31,69.19,-0.37,-0.13,0.69,-0.08,-0.05,0.1,8.56,70.19,79.19,0.0,0.44,0.31,11,12
1772047642.633116,4981206,0.17,-0.11,0.06,175.19,-71.25,69.06,0.19,1.31,0.06,0.0,-0.06,0.13,8.56,70.12,79.25,-0.19,1.0,0.31,13,12
1772047642.824077,4981397,0.23,-0.03,0.08,175.31,-71.19,68.94,0.44,-0.44,-0.06,-0.09,-0.07,0.13,8.63,70.06,79.19,-0.37,0.31,0.13,11,12
1772047643.01485,4981588,0.23,-0.13,0.03,175.25,-71.06,69.06,0.56,-0.19,-0.37,-0.14,-0.02,0.09,8.5,70.19,79.25,0.19,-0.5,-0.5,12,12
1772047643.205496,4981779,0.25,-0.11,0.08,175.37,-71.06,68.94,0.62,0.0,0.19,-0.1,-0.01,0.11,8.56,70.31,79.25,0.06,-0.94,-0.31,12,12
1772047643.396421,4981969,0.2,-0.05,0.11,175.31,-71.12,69.0,-0.25,-1.0,0.0,-0.1,-0.03,0.07,8.56,70.37,79.25,-0.06,-0.44,-0.25,13,12
1772047643.587125,4982160,0.17,-0.06,0.09,175.31,-71.25,69.0,-0.37,0.37,-0.31,-0.06,-0.04,0.05,8.63,70.37,79.25,0.06,-0.69,-0.25,13,12
1772047643.777455,4982351,0.23,-0.03,0.08,175.25,-71.25,69.0,-1.37,0.44,0.13,-0.08,-0.06,0.12,8.63,70.37,79.25,0.19,0.25,0.19,13,12
1772047643.968173,4982541,0.24,-0.18,0.04,175.25,-71.19,69.0,-0.25,0.75,0.0,-0.07,0.0,0.1,8.56,70.37,79.25,0.25,-0.13,0.13,14,12
1772047644.15906,4982732,0.16,-0.11,0.11,175.31,-71.25,68.94,0.25,-0.25,0.5,-0.09,-0.08,0.14,8.56,70.37,79.25,0.19,1.12,0.69,12,12
1772047644.349855,4982923,0.18,-0.16,0.09,175.19,-71.25,69.0,0.0,-0.19,0.37,-0.04,-0.03,0.09,8.63,70.31,79.19,-0.56,-0.06,0.25,14,12
1772047644.540382,4983114,0.2,-0.12,0.11,175.19,-71.25,69.0,0.37,0.62,0.25,-0.09,-0.05,0.1,8.63,70.19,79.19,-0.37,-0.37,0.06,12,12
1772047644.731096,4983304,0.2,-0.16,0.07,175.19,-71.19,69.0,0.0,-0.06,0.19,-0.08,-0.08,0.12,8.63,70.12,79.19,0.25,0.13,0.19,14,12
1772047644.921911,4983495,0.17,-0.17,0.07,175.25,-71.19,69.0,0.44,-0.44,-0.06,-0.15,-0.04,0.11,8.63,70.19,79.19,0.0,0.06,0.13,13,12
1772047645.11279,4983686,0.21,-0.19,0.06,175.31,-71.19,68.94,0.94,0.44,-0.31,-0.09,-0.03,0.11,8.63,70.19,79.19,0.13,-0.69,-0.37,13,12
1772047645.303342,4983876,0.22,-0.13,0.05,175.31,-71.19,68.94,0.06,-0.31,-0.19,-0.1,-0.01,0.09,8.69,70.31,79.19,0.13,-0.13,-0.37,13,12
1772047645.494,4984067,0.27,-0.04,0.05,175.31,-71.19,68.87,-0.44,0.37,-0.5,-0.07,0.0,0.1,8.69,70.44,79.19,0.19,-0.06,-0.37,13,12
1772047645.684674,4984258,0.14,-0.06,0.07,175.44,-71.25,68.81,-0.5,0.25,-0.44,-0.07,-0.04,0.14,8.69,70.44,79.19,0.0,0.06,0.0,13,12
1772047645.875397,4984448,0.21,-0.11,0.06,175.37,-71.25,68.87,-0.37,-0.19,-0.19,-0.06,-0.05,0.1,8.69,70.44,79.19,0.13,-0.06,0.06,12,13
1772047646.066228,4984639,0.21,-0.09,0.06,175.37,-71.25,68.87,-0.44,0.25,-0.19,-0.06,-0.04,0.13,8.69,70.44,79.19,-0.37,0.25,0.06,13,13
1772047646.256615,4984830,0.23,-0.13,0.08,175.31,-71.25,68.94,-0.69,1.0,0.06,-0.08,-0.05,0.09,8.69,70.37,79.19,0.0,0.25,0.44,12,13
1772047646.44767,4985021,0.23,-0.13,0.06,175.31,-71.25,68.94,-0.19,0.44,-0.06,-0.08,-0.05,0.12,8.69,70.31,79.19,0.06,0.75,0.62,13,13
1772047646.638258,4985211,0.18,-0.2,0.09,175.31,-71.25,68.94,-0.56,0.06,0.56,-0.08,-0.02,0.11,8.69,70.31,79.19,0.13,-0.19,-0.06,12,13
1772047646.828786,4985402,0.2,-0.19,0.1,175.31,-71.19,68.94,-0.25,-0.13,0.56,-0.1,-0.05,0.14,8.69,70.31,79.19,0.0,0.06,0.25,13,13
1772047647.019744,4985593,0.19,-0.2,0.05,175.06,-71.19,69.06,0.25,0.75,-0.31,-0.1,-0.06,0.11,8.69,70.31,79.19,0.25,-0.44,-0.13,13,13
1772047647.210649,4985783,0.23,-0.14,0.08,174.87,-71.12,69.12,-0.06,-0.94,-0.19,-0.07,-0.05,0.12,8.75,70.44,79.19,0.13,-0.44,-0.13,13,13
1772047647.401192,4985974,0.25,-0.01,0.06,174.69,-71.19,69.19,-0.56,-0.13,-0.19,-0.05,0.0,0.08,8.75,70.56,79.19,0.19,0.13,-0.19,13,13
1772047647.591872,4986165,0.11,-0.07,0.05,174.5,-71.25,69.19,-0.5,-0.13,-0.69,-0.08,-0.08,0.13,8.75,70.56,79.19,0.0,0.19,0.06,12,13
1772047647.782592,4986356,0.23,-0.07,0.07,174.31,-71.25,69.31,-0.44,-0.06,-0.13,-0.08,-0.06,0.11,8.75,70.56,79.19,0.13,-0.31,0.0,14,12
1772047647.973151,4986546,0.14,-0.02,0.12,174.31,-71.25,69.31,-0.44,0.13,0.44,-0.11,-0.06,0.15,8.75,70.5,79.19,0.31,1.06,0.88,12,12
1772047648.16395,4986737,0.17,-0.16,0.1,174.12,-71.19,69.44,0.06,-0.56,0.62,-0.04,-0.04,0.15,8.69,70.44,79.19,-0.19,0.44,0.25,14,12
1772047648.354395,4986928,0.23,-0.09,0.06,174.25,-71.19,69.37,0.06,0.5,0.25,-0.09,-0.07,0.11,8.69,70.37,79.19,-0.19,0.19,0.31,12,11
1772047648.544996,4987118,0.18,-0.11,0.09,174.25,-71.19,69.37,0.0,-0.19,0.13,-0.06,-0.06,0.15,8.69,70.31,79.19,0.13,0.75,0.13,14,12
1772047648.735861,4987309,0.24,-0.01,0.01,174.25,-71.12,69.37,0.19,0.5,-0.25,-0.07,-0.04,0.18,8.69,70.31,79.19,0.19,0.44,-0.13,12,11
1772047648.926959,4987500,0.18,-0.03,0.07,174.25,-71.12,69.37,0.13,-0.37,-0.19,-0.11,-0.08,0.18,8.69,70.31,79.19,0.25,-0.37,-0.06,13,12
1772047649.117215,4987691,0.24,-0.15,0.03,174.19,-71.12,69.37,0.25,0.19,0.37,-0.07,-0.04,0.11,8.5,70.5,79.25,0.62,-0.88,0.13,12,11
1772047649.30808,4987881,0.16,-0.04,0.11,174.31,-71.25,69.19,0.94,-0.31,0.31,-0.05,-0.07,0.15,8.5,70.56,79.25,0.44,0.13,0.31,13,11
1772047649.498831,4988072,0.19,-0.13,0.1,174.25,-71.25,69.25,0.0,-0.37,0.31,-0.07,-0.07,0.13,8.5,70.62,79.25,-0.44,-0.25,0.19,13,11
1772047649.689438,4988263,0.19,-0.14,0.06,174.19,-71.25,69.25,-0.06,-0.13,0.37,-0.09,-0.09,0.17,8.5,70.62,79.25,0.06,0.0,0.13,12,12
1772047649.880451,4988454,0.19,-0.07,0.09,174.19,-71.25,69.25,-0.13,0.0,0.31,-0.09,-0.08,0.14,8.5,70.62,79.25,0.56,0.25,-0.13,13,12
1772047650.07096,4988644,0.24,0.02,0.05,174.25,-71.25,69.25,-0.37,-0.19,0.44,-0.09,-0.02,0.16,8.56,70.62,79.25,-0.13,0.81,0.5,11,12
1772047650.261644,4988835,0.13,-0.08,0.07,174.25,-71.25,69.25,0.0,-0.56,-0.44,-0.08,-0.07,0.15,8.56,70.5,79.25,0.0,0.75,0.19,13,12
1772047650.452337,4989026,0.23,-0.08,0.08,174.25,-71.25,69.25,0.5,-0.69,-0.13,-0.09,-0.06,0.14,8.63,70.5,79.19,-0.06,0.44,0.19,11,11
1772047650.643265,4989216,0.15,-0.12,0.08,174.25,-71.25,69.25,-1.0,0.25,0.5,-0.13,-0.04,0.11,8.56,70.37,79.19,-0.19,-0.06,-0.5,13,12
1772047650.834273,4989407,0.24,-0.04,0.09,174.62,-71.19,69.0,-1.12,-0.37,0.69,-0.11,-0.07,0.14,8.5,70.31,79.19,-0.25,-0.25,0.37,12,11
1772047651.024619,4989598,0.21,-0.12,0.03,174.62,-71.12,69.0,0.81,0.31,-0.31,-0.08,-0.08,0.12,8.63,70.19,79.19,-0.13,-0.31,0.25,12,13
1772047651.215328,4989788,0.22,-0.16,0.08,174.37,-71.12,69.19,0.37,-0.25,-0.44,-0.06,-0.04,0.1,8.75,70.19,79.12,0.19,-0.25,-0.25,12,13
1772047651.40588,4989979,0.26,-0.03,0.06,174.5,-71.0,69.0,-0.19,1.12,-0.62,-0.05,0.0,0.05,8.56,70.31,79.19,0.13,0.37,-0.62,11,13
1772047651.596957,4990170,0.17,-0.08,0.02,174.69,-71.06,68.87,-0.31,-1.25,0.37,-0.07,-0.05,0.14,8.56,70.25,79.19,-0.13,-0.5,-0.13,12,13
1772047651.787325,4990361,0.22,-0.11,0.1,174.69,-71.12,68.87,0.62,0.25,-0.5,-0.02,-0.02,0.04,8.63,70.25,79.19,-0.19,0.13,0.25,13,12
1772047651.97796,4990551,0.18,-0.07,0.09,174.81,-71.12,68.81,-0.81,0.37,0.31,-0.05,-0.06,0.08,8.56,70.25,79.19,0.25,0.0,-0.19,15,12
1772047652.168623,4990742,0.2,-0.15,0.09,174.87,-71.12,68.81,-0.31,-1.12,1.12,-0.07,-0.03,0.11,8.63,70.19,79.19,0.06,0.37,0.5,13,12
1772047652.359351,4990933,0.24,-0.14,0.08,175.0,-71.19,68.69,0.31,0.25,0.13,-0.07,-0.03,0.07,8.63,70.19,79.19,-0.13,0.31,0.69,15,12
1772047652.550131,4991123,0.18,-0.12,0.08,175.0,-71.19,68.69,-0.19,-0.44,0.31,-0.07,-0.04,0.13,8.63,70.19,79.19,0.25,0.37,0.13,13,12
1772047652.741013,4991314,0.25,-0.1,0.08,175.06,-71.12,68.69,0.94,-0.06,-0.5,-0.13,-0.02,0.11,8.63,70.19,79.19,0.0,0.31,-0.13,14,12
1772047652.931395,4991505,0.17,-0.08,0.07,175.19,-71.12,68.62,0.31,0.81,0.25,-0.09,-0.04,0.12,8.63,70.12,79.19,-0.13,0.06,-0.19,14,12
1772047653.122526,4991696,0.19,-0.17,0.08,175.12,-71.06,68.62,0.37,-0.56,-0.25,-0.08,-0.05,0.09,8.63,70.12,79.19,0.31,-0.37,-0.25,13,11
1772047653.313254,4991886,0.22,-0.12,0.07,175.19,-71.0,68.62,-0.19,0.69,-0.25,-0.08,-0.01,0.07,8.63,70.25,79.19,-0.5,-2.37,-1.12,14,12
1772047653.503718,4992077,0.19,-0.12,0.08,175.12,-71.06,68.69,-0.75,-0.06,0.31,-0.07,-0.05,0.12,8.56,70.37,79.19,0.31,-0.31,0.06,13,12
1772047653.694778,4992268,0.23,-0.1,0.09,175.12,-71.06,68.62,-0.5,0.25,0.13,-0.06,-0.03,0.08,8.56,70.37,79.19,-0.06,-0.19,0.13,12,12
1772047653.885322,4992459,0.16,-0.12,0.11,175.12,-71.12,68.62,-0.44,-0.31,0.56,-0.07,-0.07,0.1,8.56,70.37,79.19,-0.06,0.13,-0.13,10,12
1772047654.075786,4992649,0.17,-0.19,0.11,175.06,-71.06,68.62,0.62,-0.69,-0.37,-0.09,-0.04,0.06,8.56,70.37,79.19,0.06,0.31,0.0,12,13
1772047654.266439,4992840,0.27,-0.05,0.07,175.31,-71.06,68.44,-0.62,0.19,0.13,-0.06,-0.03,0.07,8.69,70.25,79.12,-0.5,0.37,0.31,12,13
1772047654.457264,4993031,0.17,-0.18,0.08,175.25,-71.06,68.56,0.0,-0.13,-0.37,-0.08,-0.06,0.08,8.69,70.19,79.19,-0.19,0.44,0.25,13,13
1772047654.648298,4993221,0.16,-0.11,0.05,175.25,-71.06,68.56,-0.19,0.06,-0.13,-0.1,0.01,0.02,8.69,70.19,79.19,-0.13,-0.56,-0.37,12,13
1772047654.838726,4993412,0.18,-0.06,0.1,175.44,-71.12,68.5,-0.75,0.13,0.25,-0.07,-0.08,0.19,8.63,70.12,79.19,-0.19,0.0,-0.13,12,13
1772047655.029697,4993603,0.21,-0.11,0.06,175.44,-71.06,68.44,0.13,0.19,-0.5,-0.07,-0.07,0.1,8.69,70.19,79.19,-0.06,-0.81,-0.25,14,12
1772047655.220136,4993794,0.2,-0.12,0.13,175.37,-71.06,68.5,-0.5,-0.06,0.13,-0.05,-0.11,0.15,8.69,70.25,79.19,0.31,0.06,0.0,13,12
1772047655.410931,4993984,0.12,-0.26,0.1,175.06,-71.06,68.69,0.19,-0.19,0.31,-0.06,0.04,0.1,8.44,70.37,79.25,0.0,-0.62,-0.69,14,12
1772047655.601767,4994175,0.2,0.02,0.11,175.25,-71.12,68.37,-0.25,-0.44,0.13,-0.08,-0.04,0.1,8.44,70.44,79.25,-0.75,-0.37,0.06,13,12
1772047655.792184,4994366,0.2,-0.17,0.11,174.75,-71.12,68.69,0.0,0.31,0.19,-0.08,-0.1,0.1,8.44,70.44,79.25,-0.13,0.37,-0.13,15,13
1772047655.983135,4994557,0.17,-0.22,0.09,174.56,-71.12,68.81,1.5,-0.62,-0.88,-0.09,0.0,0.05,8.44,70.44,79.25,0.0,-0.25,-0.19,13,13
1772047656.173529,4994747,0.2,-0.01,0.1,174.44,-71.12,68.81,0.31,0.06,0.69,-0.09,-0.06,0.13,8.38,70.31,79.25,0.06,0.5,0.06,14,13
1772047656.364432,4994938,0.2,-0.09,0.07,174.37,-71.12,68.87,0.44,-0.5,0.0,-0.1,-0.06,0.08,8.44,70.31,79.25,-0.06,0.37,0.25,13,13
1772047656.555632,4995129,0.26,-0.05,0.09,174.31,-71.12,68.87,-0.31,0.94,-0.13,-0.05,-0.09,0.11,8.44,70.31,79.25,-0.06,-0.75,-0.19,14,13
1772047656.745864,4995319,0.19,-0.02,0.08,174.25,-71.12,68.94,-1.06,0.81,0.5,-0.06,-0.06,0.13,8.44,70.25,79.25,0.19,0.88,0.25,14,13
1772047656.936807,4995510,0.24,-0.08,0.05,174.31,-71.06,68.94,1.25,0.0,-0.56,-0.08,-0.06,0.09,8.44,70.25,79.25,0.31,-0.56,-0.19,12,13
1772047657.126787,4995700,0.17,-0.1,0.09,174.19,-71.06,69.0,-0.5,0.0,0.5,-0.11,-0.08,0.07,8.44,70.37,79.25,0.31,-0.69,0.0,13,13
1772047657.318053,4995891,0.13,-0.15,0.13,174.25,-71.12,68.94,0.13,-0.56,0.69,-0.09,-0.07,0.12,8.44,70.5,79.25,0.0,-0.5,-0.06,12,13
1772047657.508817,4996082,0.18,-0.1,0.08,174.37,-71.12,68.81,-0.06,0.75,0.13,-0.05,-0.04,0.1,8.44,70.5,79.25,0.13,0.5,0.25,14,13
1772047657.69961,4996273,0.18,-0.13,0.12,174.37,-71.06,68.81,0.19,-0.31,-0.06,-0.1,-0.06,0.13,8.44,70.5,79.25,0.25,0.69,0.31,12,13
1772047657.89062,4996464,0.2,-0.04,0.13,174.44,-71.12,68.75,0.75,-0.56,-0.75,-0.09,-0.01,0.07,8.44,70.5,79.25,-0.31,0.19,-0.31,14,13
1772047658.081271,4996655,0.19,-0.04,0.11,174.5,-71.12,68.69,0.44,0.81,-0.25,-0.11,-0.05,0.11,8.44,70.37,79.25,-0.19,0.44,-0.37,12,13
1772047658.271918,4996845,0.2,-0.03,0.1,174.5,-71.06,68.75,-0.37,-0.25,-0.06,-0.11,-0.08,0.1,8.5,70.31,79.25,-0.37,0.19,0.13,13,13
1772047658.46289,4997036,0.27,-0.08,0.11,174.5,-71.06,68.75,-0.25,0.75,-0.19,-0.08,-0.12,0.15,8.44,70.31,79.25,-0.25,-0.88,-0.19,12,12
1772047658.653176,4997227,0.22,-0.04,0.11,174.44,-71.06,68.81,-1.06,0.5,0.25,-0.09,-0.1,0.15,8.5,70.31,79.25,0.0,0.56,0.13,12,12
1772047658.84412,4997418,0.22,-0.08,0.06,174.5,-70.94,68.81,-0.75,0.37,-0.31,-0.08,-0.06,0.15,8.5,70.25,79.25,0.19,-0.62,-0.25,12,13
1772047659.0347,4997608,0.19,-0.09,0.1,174.5,-70.94,68.81,0.13,-0.31,0.31,-0.01,-0.03,0.22,8.5,70.37,79.25,0.19,-0.44,0.06,11,13
1772047659.225606,4997799,0.16,-0.13,0.12,174.37,-71.0,68.87,0.31,-1.0,0.37,-0.08,-0.05,0.14,8.5,70.44,79.25,-0.25,-0.13,-0.13,12,13
1772047659.416262,4997990,0.18,-0.2,0.1,174.37,-71.0,68.81,0.19,0.37,0.5,-0.09,0.0,0.06,8.56,70.37,79.25,-0.37,-0.62,-0.13,11,13
1772047659.606835,4998180,0.17,-0.16,0.14,174.5,-70.94,68.75,0.81,-0.44,-0.19,-0.05,-0.03,0.1,8.63,70.31,79.19,0.0,0.56,0.06,12,13
1772047659.797509,4998371,0.18,-0.02,0.06,174.5,-71.0,68.69,-0.19,0.56,0.25,-0.08,0.0,0.04,8.69,70.25,79.19,0.06,0.31,0.0,10,13
1772047659.988531,4998562,0.22,-0.04,0.14,174.5,-71.0,68.75,-0.13,-0.37,-0.5,-0.07,-0.05,0.09,8.69,70.19,79.19,-0.25,1.0,0.5,12,13
1772047660.179185,4998752,0.21,-0.08,0.11,174.5,-70.94,68.81,0.44,-0.44,-0.56,-0.05,-0.03,0.07,8.69,70.12,79.19,0.19,0.62,0.44,11,13
1772047660.369654,4998943,0.16,-0.08,0.12,174.5,-71.0,68.81,-0.31,0.62,0.31,-0.1,-0.03,0.07,8.69,70.0,79.19,0.19,0.25,0.06,12,13
1772047660.560514,4999134,0.2,-0.12,0.15,174.5,-70.87,68.87,-0.44,-0.56,0.75,-0.1,-0.03,0.07,8.69,70.0,79.19,-0.06,0.0,0.25,12,13
1772047660.751371,4999325,0.11,-0.18,0.14,174.5,-70.87,68.87,-0.13,0.69,-0.25,-0.06,-0.04,0.09,8.63,69.94,79.19,0.06,0.31,0.13,12,13
1772047660.941971,4999515,0.21,-0.07,0.09,174.5,-70.75,68.81,0.06,-0.62,-0.13,-0.05,0.0,0.1,8.69,70.0,79.19,0.19,-0.56,-0.37,12,13
1772047661.132817,4999706,0.26,-0.04,0.07,174.5,-70.81,68.81,0.06,-0.37,-0.25,-0.04,-0.01,0.04,8.56,70.19,79.25,0.31,-0.13,-0.25,11,13
1772047661.32354,4999897,0.11,-0.08,0.13,174.56,-70.94,68.75,0.0,-0.31,-0.44,-0.06,-0.05,0.09,8.56,70.19,79.25,0.0,-0.13,0.06,13,13
1772047661.514457,5000088,0.22,-0.12,0.1,174.5,-70.94,68.81,-0.5,-0.06,0.06,-0.07,-0.03,0.04,8.56,70.19,79.25,-0.06,-0.25,-0.13,13,12
1772047661.70491,5000278,0.19,-0.04,0.14,174.56,-70.94,68.75,-0.56,0.56,0.44,-0.06,-0.05,0.06,8.56,70.19,79.25,0.19,-0.06,-0.25,15,12
1772047661.895741,5000469,0.17,-0.13,0.16,174.56,-70.94,68.75,-0.5,-0.44,0.31,-0.06,-0.02,0.06,8.56,70.25,79.19,-0.19,0.69,0.31,14,12
1772047662.086276,5000660,0.2,-0.16,0.11,174.5,-71.0,68.81,0.0,0.56,-0.56,-0.06,-0.07,0.06,8.56,70.19,79.19,0.0,0.25,-0.13,15,13
1772047662.277207,5000851,0.17,-0.02,0.17,174.69,-70.94,68.75,-1.56,-0.5,0.69,-0.08,-0.06,0.12,8.56,70.12,79.19,0.25,0.56,0.25,14,13
1772047662.467754,5001041,0.22,-0.14,0.13,174.75,-70.87,68.75,1.06,0.56,-0.69,-0.13,-0.02,0.06,8.56,70.12,79.19,-0.13,-0.31,0.0,14,13
1772047662.658517,5001232,0.2,-0.1,0.13,174.75,-70.87,68.75,0.69,0.31,0.0,-0.07,-0.07,0.11,8.56,70.06,79.19,-0.06,0.06,-0.06,14,13
1772047662.849284,5001423,0.15,-0.17,0.14,174.69,-70.87,68.81,0.19,-0.06,0.0,-0.08,-0.07,0.11,8.56,70.06,79.19,0.0,-0.69,-0.5,13,13
1772047663.039992,5001613,0.22,-0.08,0.07,174.81,-70.81,68.75,-0.37,0.44,0.19,-0.04,-0.08,0.13,8.5,70.19,79.25,0.25,-1.25,-0.44,15,13
1772047663.230772,5001804,0.17,-0.05,0.1,174.81,-70.94,68.69,-1.12,0.06,0.13,-0.06,-0.07,0.1,8.5,70.37,79.25,0.06,-0.5,0.0,13,13
1772047663.42139,5001995,0.15,-0.12,0.13,174.62,-71.0,68.75,-0.31,0.94,-0.13,-0.05,-0.04,0.09,8.5,70.37,79.25,0.06,0.13,0.19,13,14
1772047663.612214,5002186,0.15,-0.12,0.14,174.44,-71.0,68.81,0.13,-0.13,0.31,-0.1,0.0,0.11,8.5,70.37,79.25,-0.13,-0.19,-0.06,11,14
1772047663.802735,5002376,0.22,-0.15,0.09,174.25,-70.94,68.94,0.56,-0.31,0.44,-0.08,-0.04,0.13,8.5,70.37,79.25,-0.31,0.19,0.19,12,14
1772047663.993382,5002567,0.16,-0.1,0.11,174.12,-71.0,68.94,0.75,-0.56,-0.13,-0.08,-0.03,0.08,8.5,70.37,79.25,-0.19,0.31,0.06,12,13
1772047664.184539,5002758,0.16,-0.08,0.14,174.0,-71.0,69.0,0.13,-0.25,-0.13,-0.11,-0.04,0.08,8.5,70.31,79.25,-0.06,0.44,-0.06,12,14
1772047664.374629,5002948,0.23,0.02,0.09,173.94,-71.0,69.0,0.13,1.0,0.06,-0.1,0.0,0.05,8.44,70.31,79.25,0.13,-0.19,-0.37,12,14
1772047664.565538,5003139,0.16,0.0,0.12,173.94,-71.0,69.06,0.19,0.19,-0.37,-0.07,-0.07,0.09,8.44,70.25,79.25,0.0,0.25,0.19,12,14
1772047664.756116,5003330,0.22,-0.13,0.11,173.87,-70.94,69.12,0.06,0.81,0.19,-0.07,-0.03,0.12,8.44,70.19,79.25,0.19,0.25,0.25,13,14
1772047664.94721,5003521,0.21,-0.06,0.1,173.94,-70.94,69.06,0.56,0.31,-0.31,-0.07,-0.06,0.15,8.44,70.25,79.25,-0.13,-1.19,-0.69,12,13
1772047665.137954,5003712,0.23,-0.06,0.05,174.0,-71.0,69.0,-0.75,-0.19,0.62,-0.04,-0.09,0.18,8.44,70.37,79.25,0.06,-0.25,0.06,14,14
1772047665.328744,5003902,0.15,-0.1,0.19,174.0,-71.12,68.87,-0.75,-0.25,-0.25,-0.07,-0.06,0.08,8.5,70.56,79.25,0.06,-1.06,-0.44,12,13
1772047665.519474,5004093,0.16,-0.14,0.14,174.06,-71.12,68.87,-0.62,-0.25,0.75,-0.09,0.0,0.1,8.5,70.56,79.25,-0.06,-0.81,-0.25,14,13
1772047665.710135,5004284,0.18,-0.13,0.11,174.19,-71.19,68.75,0.62,0.13,0.19,-0.08,-0.01,0.13,8.5,70.62,79.25,-0.25,-0.13,-0.19,12,13
1772047665.900746,5004474,0.14,-0.09,0.11,174.25,-71.19,68.62,0.88,-0.19,0.0,-0.09,-0.04,0.08,8.5,70.62,79.25,-0.19,0.25,0.25,13,13
1772047666.091629,5004665,0.19,-0.15,0.09,174.19,-71.19,68.69,0.62,-0.13,0.13,-0.08,0.0,0.14,8.5,70.56,79.25,-0.13,1.06,0.37,12,13
1772047666.282201,5004856,0.22,0.02,0.12,174.37,-71.19,68.62,1.37,0.06,-0.5,-0.07,-0.03,0.13,8.5,70.5,79.25,0.13,1.44,0.25,12,13
1772047666.472999,5005047,0.15,0.0,0.12,174.31,-71.12,68.62,-0.19,0.19,-0.25,-0.1,-0.05,0.09,8.44,70.44,79.25,0.06,0.25,0.06,12,13
1772047666.663874,5005237,0.18,-0.14,0.1,174.25,-71.12,68.75,0.31,-0.19,-0.25,-0.08,-0.07,0.13,8.44,70.37,79.25,-0.06,0.37,0.0,12,12
1772047666.854709,5005428,0.22,-0.04,0.06,174.37,-71.12,68.69,-0.62,0.37,0.25,-0.06,-0.07,0.17,8.44,70.31,79.25,-0.25,-1.06,-0.62,13,12
1772047667.045465,5005619,0.2,-0.06,0.1,174.37,-71.12,68.69,-0.44,0.0,0.19,-0.05,-0.06,0.14,8.5,70.31,79.25,0.06,-0.56,-0.19,12,12
1772047667.236101,5005810,0.2,-0.05,0.08,174.37,-71.12,68.69,-0.06,0.13,-0.25,-0.07,-0.05,0.08,8.63,70.31,79.19,0.19,-0.37,0.06,13,12
1772047667.426885,5006000,0.14,-0.14,0.13,174.37,-71.19,68.69,0.19,-0.44,0.06,-0.05,-0.08,0.13,8.69,70.31,79.19,0.25,-0.13,-0.56,12,12
1772047667.617473,5006191,0.21,-0.17,0.06,174.44,-71.12,68.69,-0.94,-0.69,0.81,-0.09,-0.02,0.12,8.56,70.37,79.25,0.06,0.0,0.56,13,12
1772047667.80829,5006382,0.18,-0.17,0.11,174.56,-71.19,68.5,1.44,0.37,-0.62,-0.07,-0.01,0.05,8.63,70.31,79.19,-0.25,-0.44,-0.06,13,12
1772047667.999212,5006573,0.19,-0.15,0.13,174.56,-71.12,68.56,0.5,-0.62,-0.19,-0.05,-0.05,0.08,8.63,70.31,79.19,-0.13,-0.44,-0.13,12,11
1772047668.189727,5006763,0.21,-0.09,0.14,174.56,-71.19,68.5,-0.19,-0.13,0.13,-0.04,-0.06,0.06,8.56,70.25,79.19,-0.13,-0.31,0.0,13,11
1772047668.380379,5006954,0.21,-0.02,0.11,174.75,-71.19,68.44,-1.25,0.88,0.56,-0.04,-0.03,0.07,8.56,70.19,79.19,0.25,1.25,0.37,11,11
1772047668.571189,5007145,0.21,-0.08,0.08,174.81,-71.12,68.44,0.44,0.06,-0.56,-0.09,-0.06,0.07,8.63,70.12,79.19,-0.19,-0.25,0.25,12,11
1772047668.76184,5007336,0.16,-0.12,0.14,174.62,-71.12,68.56,-0.25,0.06,0.5,-0.08,-0.06,0.12,8.56,70.06,79.19,0.31,0.31,-0.13,10,10
1772047668.952656,5007526,0.16,-0.18,0.13,174.75,-71.06,68.5,0.06,-0.13,0.62,-0.08,-0.02,0.12,8.56,70.12,79.19,0.25,0.13,0.19,11,10
1772047669.143525,5007717,0.21,-0.14,0.09,175.0,-71.0,68.31,1.69,0.62,-0.44,-0.08,-0.04,0.08,8.56,70.19,79.19,-0.13,-1.06,-0.37,9,9
1772047669.334422,5007908,0.24,-0.15,0.12,174.75,-71.0,68.5,0.31,-0.75,-0.56,-0.08,-0.04,0.09,8.63,70.31,79.19,-0.06,-0.94,-0.25,9,9
1772047669.525021,5008098,0.17,-0.06,0.1,174.69,-71.19,68.5,-0.56,-0.44,-0.06,-0.04,-0.03,0.04,8.63,70.37,79.19,0.19,-0.88,-0.37,8,9
1772047669.715589,5008289,0.23,-0.02,0.1,174.87,-71.19,68.37,-0.81,0.37,0.13,-0.06,-0.03,0.1,8.63,70.37,79.19,0.0,0.06,-0.06,8,9
1772047669.906637,5008480,0.22,-0.1,0.1,174.87,-71.19,68.37,-0.5,-0.37,-0.31,-0.07,-0.03,0.07,8.63,70.37,79.19,0.06,-0.37,0.06,8,9
1772047670.09725,5008671,0.16,-0.11,0.15,174.87,-71.25,68.37,-0.44,0.0,0.37,-0.06,-0.01,0.09,8.63,70.37,79.19,-0.13,-0.81,-0.13,7,8
1772047670.287712,5008861,0.16,-0.16,0.17,174.87,-71.25,68.44,0.0,-0.69,0.88,-0.07,-0.07,0.14,8.63,70.31,79.19,-0.31,0.37,-0.06,8,9
1772047670.478463,5009052,0.17,-0.12,0.07,174.81,-71.19,68.44,-1.0,0.44,0.44,-0.08,-0.04,0.04,8.63,70.31,79.19,-0.19,0.62,0.62,7,8
1772047670.669322,5009243,0.19,-0.14,0.09,174.69,-71.19,68.5,0.19,-0.13,-0.44,-0.09,-0.02,0.12,8.69,70.25,79.19,-0.06,0.37,0.06,8,9
1772047670.860015,5009434,0.19,-0.02,0.06,174.56,-71.19,68.56,0.31,0.62,-0.13,-0.07,-0.01,0.0,8.63,70.31,79.19,0.13,0.25,0.06,7,8
1772047671.051025,5009624,0.19,-0.04,0.12,174.31,-71.25,68.62,-0.31,-0.37,0.06,-0.08,-0.07,0.12,8.63,70.31,79.19,-0.19,-0.13,-0.25,8,9
1772047671.241437,5009815,0.24,-0.06,0.1,174.25,-71.19,68.69,-0.06,0.25,-0.31,-0.09,-0.03,0.09,8.63,70.31,79.19,0.19,-0.5,-0.13,9,8
1772047671.432067,5010006,0.19,-0.08,0.08,174.19,-71.19,68.75,-0.13,0.06,0.31,-0.03,-0.06,0.13,8.69,70.37,79.19,0.31,0.75,0.44,10,8
1772047671.622925,5010197,0.15,-0.08,0.13,174.06,-71.19,68.75,-0.19,-0.62,0.13,-0.06,-0.05,0.1,8.69,70.44,79.19,-0.25,-0.5,-0.25,9,7
1772047671.813757,5010387,0.23,-0.11,0.08,174.06,-71.19,68.75,-0.56,0.56,0.44,-0.07,-0.07,0.1,8.69,70.44,79.19,-0.19,-0.56,0.13,9,7
1772047672.004291,5010578,0.18,-0.16,0.15,174.06,-71.19,68.75,-0.25,-0.69,0.31,-0.1,-0.06,0.09,8.69,70.44,79.19,0.0,-0.19,0.0,9,7
1772047672.195056,5010769,0.18,-0.08,0.13,174.12,-71.25,68.69,0.94,-0.75,-0.69,-0.03,0.0,0.14,8.75,70.5,79.19,-0.13,-0.44,-0.25,8,7
1772047672.385713,5010960,0.2,-0.08,0.1,174.25,-71.25,68.62,0.37,-0.06,0.56,-0.07,-0.01,0.12,8.75,70.44,79.19,-0.44,0.19,0.0,9,7
1772047672.576192,5011150,0.2,-0.1,0.09,174.25,-71.25,68.62,0.44,-0.5,0.06,-0.07,0.0,0.1,8.81,70.37,79.12,0.19,0.37,0.0,9,7
1772047672.767703,5011341,0.18,-0.02,0.08,174.25,-71.25,68.62,0.0,1.12,-0.25,-0.06,-0.07,0.15,8.81,70.31,79.12,-0.13,-0.44,-0.06,11,8
1772047672.958023,5011532,0.19,-0.08,0.1,174.19,-71.19,68.75,-0.69,0.31,0.13,-0.08,-0.01,0.1,8.81,70.31,79.12,-0.25,0.56,0.13,10,7
1772047673.148786,5011723,0.21,-0.09,0.07,174.19,-71.12,68.75,0.0,0.06,-0.44,-0.09,-0.06,0.1,8.81,70.25,79.12,0.25,0.0,0.31,9,8
1772047673.339757,5011913,0.22,-0.11,0.09,174.19,-71.12,68.75,-0.44,-0.19,0.25,-0.03,-0.05,0.17,8.81,70.25,79.12,0.5,-0.5,-0.37,8,8
1772047673.53025,5012104,0.19,-0.16,0.11,174.19,-71.06,68.75,0.62,-0.56,-0.37,-0.1,-0.03,0.13,8.75,70.44,79.19,0.0,-0.31,0.0,8,8
1772047673.721394,5012295,0.18,-0.13,0.12,174.12,-71.12,68.75,0.94,-0.5,-0.25,-0.05,-0.02,0.12,8.75,70.44,79.19,-0.19,-0.44,-0.06,10,8
1772047673.911765,5012485,0.16,-0.1,0.14,174.12,-71.12,68.75,0.19,-0.44,-0.19,-0.08,0.0,0.09,8.75,70.44,79.19,-0.13,0.06,-0.25,9,8
1772047674.102189,5012676,0.21,-0.02,0.05,174.19,-71.12,68.69,-0.69,0.37,0.37,-0.1,0.0,0.07,8.75,70.5,79.19,0.19,-0.69,-0.25,10,8
1772047674.292962,5012867,0.16,0.0,0.14,174.31,-71.19,68.62,-0.5,-0.88,-0.44,-0.09,-0.06,0.11,8.75,70.44,79.19,-0.56,0.56,0.5,8,8
1772047674.483594,5013057,0.2,-0.12,0.11,174.25,-71.12,68.69,0.06,-0.19,-0.37,-0.09,-0.03,0.08,8.81,70.31,79.12,0.31,1.0,0.5,8,8
1772047674.674423,5013248,0.18,-0.12,0.12,174.44,-71.12,68.62,-0.62,1.19,1.0,-0.13,0.0,0.05,8.81,70.25,79.12,0.62,0.88,0.69,6,8
1772047674.865215,5013439,0.14,-0.16,0.15,174.5,-71.06,68.62,0.44,-0.5,0.44,-0.05,-0.03,0.13,8.81,70.25,79.12,-0.06,-0.25,0.0,7,7
1772047675.055943,5013630,0.21,-0.1,0.1,174.5,-71.06,68.62,0.31,0.62,-0.44,-0.08,-0.08,0.11,8.81,70.25,79.12,-0.25,-0.25,0.25,6,8
1772047675.246767,5013820,0.16,-0.13,0.11,174.44,-71.0,68.62,-0.56,-0.37,0.19,-0.11,-0.04,0.14,8.81,70.25,79.12,0.25,-0.31,-0.44,6,8
1772047675.437402,5014011,0.22,-0.12,0.09,174.5,-71.0,68.56,0.37,-0.94,-0.19,-0.08,-0.01,0.1,8.63,70.44,79.19,0.06,-0.94,-0.44,7,8
1772047675.628093,5014202,0.19,-0.06,0.13,174.56,-71.12,68.44,0.5,0.0,-0.06,-0.08,-0.01,0.08,8.63,70.5,79.19,-0.25,-0.13,0.06,6,8
1772047675.819033,5014393,0.15,-0.16,0.13,174.44,-71.12,68.56,0.25,-0.06,-0.75,-0.07,-0.07,0.09,8.63,70.5,79.19,-0.06,0.19,-0.44,7,8
1772047676.009665,5014583,0.21,-0.03,0.08,174.69,-71.12,68.37,-1.37,0.69,0.37,-0.04,-0.09,0.08,8.63,70.5,79.19,-0.06,-1.0,-0.37,6,7
1772047676.200078,5014774,0.2,0.01,0.13,174.87,-71.12,68.19,-1.19,0.06,0.0,-0.06,-0.04,0.11,8.69,70.5,79.19,-0.37,0.06,0.13,8,8
1772047676.39097,5014965,0.18,-0.1,0.15,174.81,-71.12,68.31,0.0,-0.37,-0.44,-0.08,-0.06,0.1,8.81,70.44,79.12,-0.19,0.06,0.5,7,7
1772047676.581579,5015156,0.12,-0.16,0.17,174.94,-71.12,68.31,-0.44,0.13,0.75,-0.12,-0.02,0.07,8.81,70.37,79.12,0.37,1.0,0.25,8,8
1772047676.772429,5015346,0.19,-0.16,0.18,175.0,-71.06,68.31,-0.06,0.13,0.44,-0.08,-0.04,0.08,8.75,70.31,79.12,-0.06,0.44,0.31,8,8
1772047676.963042,5015537,0.19,-0.18,0.1,175.0,-71.0,68.31,0.0,0.5,-0.25,-0.09,-0.08,0.1,8.75,70.25,79.12,-0.06,0.25,0.13,8,8
1772047677.153852,5015728,0.2,-0.14,0.1,174.94,-71.0,68.31,-1.12,-0.19,0.31,-0.1,-0.02,0.1,8.75,70.25,79.12,0.06,0.0,-0.06,8,7
1772047677.344594,5015918,0.17,-0.14,0.12,175.0,-71.0,68.25,0.25,0.19,-0.44,-0.11,-0.04,0.11,8.75,70.31,79.12,0.31,-0.5,-0.06,7,7
1772047677.535607,5016109,0.15,-0.13,0.12,175.06,-71.0,68.19,1.06,-0.37,-0.06,-0.07,-0.02,0.11,8.75,70.37,79.12,0.19,-0.75,-0.25,8,8
1772047677.726364,5016300,0.2,-0.17,0.12,175.0,-71.0,68.25,0.56,-0.25,-0.31,-0.07,-0.03,0.05,8.75,70.44,79.12,-0.06,-0.88,-0.25,7,7
1772047677.916808,5016491,0.24,-0.1,0.17,175.12,-71.06,68.19,-0.75,0.5,-0.25,-0.05,-0.04,0.09,8.81,70.5,79.12,0.19,-0.69,0.06,8,8
1772047678.107429,5016681,0.23,-0.09,0.13,175.19,-71.06,68.12,-1.56,0.81,0.44,-0.1,-0.02,0.11,8.81,70.5,79.12,0.19,0.13,-0.06,7,8
1772047678.298249,5016872,0.22,-0.13,0.1,175.25,-71.06,68.12,-0.5,-0.06,-0.13,-0.03,-0.04,0.11,8.81,70.5,79.12,-0.13,0.5,0.37,8,9
1772047678.488966,5017063,0.12,-0.12,0.15,175.12,-71.12,68.12,-0.56,-0.13,0.44,-0.08,-0.05,0.13,8.81,70.44,79.12,-0.13,0.56,0.13,6,8
1772047678.679516,5017253,0.17,-0.24,0.14,174.87,-71.12,68.31,0.56,-0.62,-0.19,-0.11,-0.03,0.11,8.81,70.44,79.12,0.19,0.94,0.25,7,8
1772047678.870224,5017444,0.19,-0.09,0.12,174.81,-71.12,68.31,0.56,0.62,-0.19,-0.06,-0.02,0.15,8.75,70.31,79.12,-0.25,0.44,0.19,7,7
1772047679.060711,5017635,0.15,-0.14,0.14,174.56,-71.12,68.44,0.31,-0.25,0.0,-0.11,-0.05,0.08,8.81,70.31,79.12,0.06,0.81,0.25,7,8
1772047679.250493,5017824,0.24,-0.09,0.09,174.31,-71.06,68.56,-0.25,1.12,-0.06,-0.05,-0.1,0.11,8.75,70.31,79.12,-0.19,-1.44,-0.75,8,8
1772047679.441953,5018016,0.19,-0.03,0.11,174.12,-71.06,68.56,-1.31,0.31,0.31,-0.1,-0.03,0.16,8.75,70.37,79.12,0.13,0.0,0.13,7,8
1772047679.633011,5018207,0.2,-0.08,0.09,174.12,-71.06,68.56,0.13,-0.25,-0.31,-0.08,-0.05,0.07,8.69,70.5,79.19,0.31,-0.37,0.06,7,8
1772047679.823897,5018398,0.14,-0.14,0.14,174.12,-71.12,68.56,-0.06,-0.13,0.19,-0.09,-0.06,0.18,8.69,70.5,79.19,0.0,-0.44,-0.13,6,8
1772047680.014328,5018588,0.15,-0.17,0.11,174.06,-71.19,68.56,0.37,-1.06,-0.37,-0.1,-0.03,0.11,8.75,70.56,79.19,0.0,0.37,0.19,7,7
1772047680.205363,5018779,0.19,-0.08,0.09,174.19,-71.19,68.44,-0.19,-0.19,0.0,-0.08,-0.01,0.16,8.75,70.56,79.19,-0.31,-0.19,-0.06,6,7
1772047680.396092,5018970,0.17,-0.15,0.11,174.12,-71.25,68.44,0.19,-0.37,0.19,-0.04,-0.04,0.12,8.75,70.56,79.19,0.13,0.0,0.13,7,7
1772047680.5867,5019161,0.25,-0.09,0.13,174.19,-71.25,68.37,0.06,0.5,-0.19,-0.01,-0.06,0.13,8.75,70.56,79.19,0.0,0.31,0.5,7,7
1772047680.777198,5019351,0.21,-0.05,0.11,174.12,-71.25,68.44,-0.75,1.25,0.0,-0.05,-0.07,0.11,8.75,70.5,79.19,0.13,1.31,0.31,7,8
1772047680.968106,5019542,0.22,-0.05,0.05,174.19,-71.19,68.44,-0.13,0.56,0.25,-0.09,-0.05,0.12,8.75,70.37,79.19,0.13,0.56,0.62,7,8
1772047681.15882,5019733,0.17,-0.15,0.07,174.12,-71.19,68.44,0.56,0.06,0.25,-0.09,-0.07,0.18,8.75,70.37,79.12,0.37,0.31,0.06,7,8
1772047681.349836,5019924,0.15,-0.18,0.12,174.19,-71.12,68.44,0.5,-0.44,-0.06,-0.13,-0.07,0.12,8.69,70.37,79.19,0.06,0.06,0.19,8,8
1772047681.540455,5020114,0.21,-0.13,0.11,174.19,-71.12,68.44,0.56,0.62,-0.19,-0.09,-0.04,0.11,8.69,70.44,79.19,0.25,-0.5,-0.5,7,8
1772047681.731335,5020305,0.2,-0.1,0.1,174.19,-71.06,68.44,0.44,-0.31,-0.13,-0.08,-0.02,0.12,8.75,70.5,79.19,0.0,-0.75,-0.37,8,8
1772047681.921993,5020496,0.17,-0.04,0.09,174.19,-71.06,68.44,-0.75,-0.19,-0.13,-0.07,-0.04,0.09,8.81,70.62,79.19,0.13,-1.25,-0.44,7,8
1772047682.11263,5020687,0.19,-0.01,0.1,174.12,-71.19,68.44,-0.56,0.25,0.0,-0.06,-0.06,0.12,8.81,70.62,79.19,-0.06,0.13,-0.13,8,8
1772047682.303402,5020877,0.23,-0.12,0.08,174.19,-71.06,68.37,-0.81,0.37,0.75,-0.07,-0.03,0.13,8.75,70.69,79.19,-0.06,0.06,0.13,7,8
1772047682.494327,5021068,0.1,-0.14,0.14,174.31,-71.12,68.31,0.0,-0.19,0.44,-0.08,0.0,0.15,8.75,70.69,79.19,-0.06,-0.75,-0.19,7,8
1772047682.684754,5021259,0.21,-0.11,0.14,174.25,-71.06,68.31,0.56,-0.56,0.75,-0.07,-0.04,0.11,8.75,70.69,79.19,-0.37,0.75,0.62,7,8
1772047682.875628,5021450,0.17,-0.17,0.11,174.31,-71.12,68.31,1.37,0.88,-0.19,-0.08,-0.02,0.13,8.81,70.56,79.12,-0.25,0.0,-0.19,8,7
1772047683.066508,5021641,0.18,-0.09,0.12,174.31,-71.06,68.31,-0.25,-0.44,0.25,-0.09,-0.05,0.16,8.81,70.5,79.12,0.0,0.44,-0.06,8,7
1772047683.257414,5021832,0.19,-0.03,0.05,174.31,-71.06,68.31,0.19,0.5,0.25,-0.09,-0.02,0.17,8.81,70.5,79.19,0.19,0.69,0.19,7,7
1772047683.448177,5022022,0.18,-0.05,0.12,174.44,-71.06,68.25,0.13,0.44,-0.31,-0.08,-0.06,0.15,8.75,70.5,79.19,-0.31,0.13,0.06,8,7
1772047683.639041,5022213,0.18,-0.1,0.11,174.37,-71.06,68.31,-0.37,-0.69,-0.44,-0.06,-0.06,0.12,8.75,70.5,79.19,-0.06,-0.44,-0.62,9,7
1772047683.829517,5022403,0.17,0.02,0.14,174.56,-71.06,68.12,-0.81,0.31,-0.19,-0.05,-0.05,0.16,8.75,70.5,79.19,-0.13,-0.81,-0.44,10,7
1772047684.020544,5022594,0.17,-0.11,0.12,174.37,-71.06,68.31,-0.81,-0.25,0.13,-0.09,-0.09,0.1,8.75,70.56,79.19,0.0,-1.06,-0.25,9,7
1772047684.211765,5022786,0.22,-0.16,0.14,174.37,-71.0,68.31,-0.44,-0.19,-0.06,-0.07,-0.03,0.08,8.81,70.5,79.12,0.06,-0.5,0.13,10,7
1772047684.402792,5022977,0.16,-0.12,0.16,174.37,-71.06,68.31,-0.31,-0.44,0.56,-0.06,-0.03,0.12,8.81,70.44,79.12,0.0,0.25,-0.25,9,7
1772047684.59281,5023167,0.17,-0.19,0.12,174.37,-71.06,68.31,1.0,-0.19,-0.56,-0.09,0.01,0.02,8.81,70.44,79.12,-0.06,-0.13,0.13,9,7
1772047684.783829,5023358,0.16,-0.01,0.14,174.5,-71.06,68.25,0.31,-0.25,0.13,-0.04,-0.03,0.08,8.88,70.31,79.12,-0.31,0.75,0.13,9,7
1772047684.974709,5023549,0.18,-0.16,0.14,174.44,-71.06,68.25,0.13,-0.75,-0.25,-0.05,-0.01,0.1,8.88,70.31,79.12,0.06,1.0,-0.19,8,7
1772047685.165675,5023740,0.21,0.0,0.09,174.81,-71.0,68.06,-1.19,0.56,-0.31,-0.09,0.02,0.01,8.88,70.25,79.12,-0.31,-0.56,-0.25,10,7
1772047685.355797,5023930,0.18,-0.01,0.12,174.75,-71.0,68.12,-1.37,0.0,-0.31,-0.08,-0.08,0.09,8.81,70.19,79.12,-0.19,0.31,0.19,8,7
1772047685.546236,5024120,0.18,-0.13,0.13,174.75,-71.0,68.12,0.25,-0.13,-0.31,-0.09,-0.04,0.03,8.81,70.19,79.12,0.06,-0.44,0.06,9,7
1772047685.737049,5024311,0.15,-0.12,0.13,174.75,-71.0,68.12,-0.37,0.44,0.44,-0.06,-0.09,0.18,8.75,70.19,79.12,0.5,0.5,0.19,7,6
1772047685.928397,5024502,0.15,-0.14,0.13,174.69,-70.94,68.19,-0.62,-0.69,0.5,-0.02,-0.05,0.08,8.75,70.31,79.19,0.44,-0.31,-0.06,9,6
1772047686.119356,5024693,0.17,-0.16,0.13,174.69,-71.0,68.12,-0.13,0.0,-0.13,-0.04,-0.03,0.08,8.75,70.37,79.19,0.13,-0.56,0.25,8,6
1772047686.31078,5024885,0.15,-0.16,0.18,174.69,-71.0,68.12,0.13,0.13,0.06,-0.06,-0.06,0.11,8.75,70.37,79.19,0.25,0.25,-0.13,8,6
1772047686.500268,5025075,0.18,-0.19,0.09,174.81,-70.94,68.0,0.56,0.0,0.25,-0.1,0.0,0.1,8.75,70.44,79.19,0.06,0.06,0.13,8,7
1772047686.691628,5025266,0.19,-0.08,0.14,175.06,-70.94,67.87,0.62,-0.81,0.0,-0.04,-0.01,0.14,8.75,70.44,79.19,-0.25,0.13,0.13,8,7
1772047686.883444,5025458,0.19,-0.18,0.15,175.0,-70.94,67.87,0.69,-0.81,0.0,-0.06,-0.03,0.09,8.75,70.44,79.19,-0.19,1.0,0.69,9,7
1772047687.075733,5025650,0.26,-0.12,0.13,174.75,-71.0,68.06,0.25,0.5,-0.06,-0.04,-0.04,0.08,8.75,70.37,79.19,-0.06,-0.81,-0.44,8,7
1772047687.268805,5025843,0.19,0.01,0.12,174.69,-71.06,68.0,-0.75,0.19,0.13,-0.06,-0.07,0.11,8.75,70.31,79.19,-0.06,1.06,0.44,8,7
1772047687.461611,5026036,0.25,-0.08,0.12,174.56,-71.0,68.12,0.25,0.31,-0.62,-0.08,-0.04,0.09,8.75,70.31,79.12,0.13,0.44,0.31,7,7
1772047687.65285,5026227,0.15,-0.07,0.19,174.25,-71.06,68.25,-0.44,0.06,0.44,-0.13,0.0,0.05,8.75,70.31,79.12,0.56,0.69,0.25,7,7
1772047687.844198,5026418,0.2,-0.11,0.12,174.12,-71.06,68.31,-0.19,0.25,0.31,-0.06,-0.04,0.11,8.75,70.31,79.12,-0.06,-0.19,0.06,7,7
1772047688.035336,5026610,0.18,-0.08,0.08,174.12,-71.0,68.31,0.62,0.19,-0.06,-0.07,-0.04,0.11,8.75,70.31,79.12,0.19,-0.13,0.13,7,7
1772047688.22679,5026801,0.19,-0.12,0.14,174.06,-71.0,68.37,-0.06,-0.5,0.13,-0.09,0.0,0.08,8.75,70.44,79.12,0.06,-0.44,-0.62,7,7
1772047688.418223,5026992,0.23,-0.01,0.11,174.06,-71.0,68.37,0.62,-0.25,-0.75,-0.09,0.0,0.11,8.69,70.56,79.19,-0.13,-0.37,-0.25,7,7
1772047688.608035,5027182,0.18,-0.08,0.13,174.06,-71.0,68.31,0.0,-0.25,-0.13,-0.07,-0.03,0.11,8.69,70.56,79.19,0.13,0.0,0.0,7,7
1772047688.79915,5027373,0.18,-0.09,0.13,174.0,-71.0,68.37,0.19,-0.25,-0.37,-0.06,-0.03,0.13,8.69,70.56,79.19,0.31,0.5,0.13,8,7
1772047688.990623,5027565,0.15,-0.01,0.11,174.12,-71.06,68.25,-0.88,0.5,0.06,-0.05,-0.02,0.08,8.69,70.56,79.19,-0.19,-0.06,0.0,8,7
1772047689.182702,5027757,0.14,-0.11,0.15,174.12,-71.06,68.31,-0.69,0.25,0.25,-0.07,-0.05,0.12,8.75,70.5,79.19,0.19,0.19,0.0,9,7
1772047689.376017,5027950,0.24,0.0,0.13,174.31,-71.0,68.19,-1.06,-0.31,-0.5,-0.09,-0.06,0.07,8.75,70.44,79.12,-0.25,0.44,0.5,8,8
1772047689.569171,5028143,0.18,-0.09,0.17,174.25,-71.0,68.31,-0.25,0.37,0.37,-0.1,-0.09,0.13,8.75,70.37,79.12,0.19,1.0,0.13,8,8
1772047689.760908,5028335,0.18,-0.16,0.11,174.25,-71.0,68.31,0.62,-0.81,-0.13,-0.15,-0.03,0.12,8.75,70.37,79.19,0.13,0.56,0.25,8,8
1772047689.952377,5028527,0.21,-0.08,0.12,174.31,-71.0,68.19,0.37,0.44,0.5,-0.08,-0.05,0.15,8.69,70.37,79.19,-0.25,-0.69,-0.5,8,7
1772047690.143749,5028718,0.18,-0.1,0.09,174.31,-71.0,68.19,0.56,-0.13,-0.25,-0.09,-0.02,0.1,8.75,70.5,79.12,0.06,-0.56,-0.37,8,7
1772047690.335077,5028909,0.17,0.0,0.1,174.37,-71.0,68.12,-0.81,-0.19,0.13,-0.06,-0.03,0.06,8.75,70.56,79.19,0.37,-0.88,-0.44,8,8
1772047690.526884,5029101,0.18,-0.02,0.15,174.25,-71.0,68.19,-0.62,0.19,-0.37,-0.07,-0.06,0.12,8.75,70.62,79.19,-0.13,0.13,-0.13,8,8
1772047690.717024,5029291,0.24,-0.02,0.09,174.37,-71.0,68.12,-1.12,-0.13,0.19,-0.1,-0.03,0.06,8.75,70.62,79.19,-0.13,-0.75,0.0,6,7
1772047690.908891,5029483,0.13,-0.15,0.18,174.37,-71.06,68.12,-0.56,0.44,0.62,-0.09,-0.06,0.07,8.75,70.62,79.19,0.0,-0.75,-0.31,6,7
1772047691.100627,5029675,0.19,-0.15,0.12,174.44,-71.0,68.12,0.44,-0.5,0.5,-0.09,-0.03,0.09,8.81,70.56,79.12,-0.25,0.5,0.37,6,8
1772047691.291666,5029866,0.21,-0.19,0.11,174.44,-70.94,68.12,0.56,0.44,0.06,-0.05,-0.06,0.13,8.81,70.5,79.12,0.13,1.12,0.56,6,8
1772047691.484909,5030059,0.17,-0.11,0.17,174.44,-71.0,68.12,0.25,-0.19,0.31,-0.08,-0.03,0.13,8.81,70.44,79.12,0.13,0.81,0.13,6,8
1772047691.677752,5030252,0.23,-0.09,0.13,174.44,-70.94,68.12,0.81,-0.19,-0.44,-0.07,-0.01,0.11,8.81,70.37,79.12,0.06,0.94,0.06,6,8
1772047691.869189,5030444,0.15,-0.1,0.12,174.5,-70.94,68.06,0.44,1.12,0.37,-0.11,-0.05,0.14,8.81,70.37,79.12,-0.13,-0.06,0.0,7,8
1772047692.061053,5030635,0.15,-0.17,0.13,174.37,-70.87,68.12,0.94,-0.62,-0.13,-0.08,-0.06,0.11,8.81,70.44,79.12,0.13,-0.5,-0.25,7,8
1772047692.252665,5030827,0.32,-0.09,0.1,174.37,-70.87,68.06,-0.5,0.37,0.06,-0.06,-0.07,0.09,8.81,70.5,79.12,-0.5,-1.37,-0.31,7,8
1772047692.445161,5031019,0.17,-0.12,0.13,174.37,-71.06,68.06,0.19,-0.5,-0.31,-0.05,-0.04,0.1,8.88,70.62,79.12,-0.69,-0.5,-0.44,7,8
1772047692.637559,5031212,0.18,-0.01,0.13,174.5,-71.12,67.94,-0.75,-1.06,0.69,-0.06,-0.04,0.11,8.69,70.75,79.25,-0.25,-1.56,-1.44,7,8
1772047692.827661,5031402,0.0,-0.16,0.16,174.5,-71.62,67.5,-7.69,-3.87,0.13,-0.13,0.03,0.41,6.87,71.56,79.56,0.31,2.25,1.25,7,8
1772047693.021286,5031596,0.33,-0.28,0.31,173.37,-71.56,67.5,7.12,-6.75,3.12,-0.03,-0.04,0.2,8.81,70.44,79.06,-1.06,9.94,3.69,6,8
1772047693.210868,5031785,0.19,0.23,-0.08,173.62,-71.75,67.12,-4.5,6.81,-6.44,0.04,-0.26,-0.13,10.0,69.75,78.56,-2.12,3.37,-1.12,8,9
1772047693.40039,5031975,0.32,-0.47,0.1,171.06,-71.37,68.75,0.0,4.37,1.94,0.1,0.36,0.3,10.88,68.44,78.62,-8.13,11.06,1.12,8,9
1772047693.59174,5032166,0.31,0.49,0.11,174.62,-71.31,66.75,-5.25,5.87,-5.12,-0.07,-0.06,-0.1,11.06,67.87,78.19,1.56,-1.87,3.94,7,9
1772047693.782083,5032356,0.05,-0.12,0.18,172.56,-71.0,67.94,5.81,0.13,-0.31,-0.07,0.11,-0.03,12.44,67.69,77.87,1.69,-1.69,1.62,7,10
1772047693.973809,5032548,0.08,0.14,0.17,172.06,-71.19,68.0,0.13,-4.56,1.5,-0.06,-0.03,0.09,13.0,67.62,77.56,-2.0,-0.94,-0.75,6,9
1772047694.163642,5032738,0.19,-0.17,0.12,171.44,-71.37,68.56,1.12,2.0,-0.88,0.0,-0.06,0.0,12.81,67.81,77.81,0.5,-1.37,-1.19,6,9
1772047694.354078,5032928,0.14,0.01,0.07,171.0,-71.37,68.75,-0.69,0.19,0.62,-0.06,-0.03,0.15,12.75,67.81,77.94,-1.81,-1.12,-1.56,7,9
1772047694.543653,5033118,0.15,-0.22,0.12,170.5,-71.37,69.06,-4.25,-2.19,0.62,-0.07,-0.15,0.05,12.56,67.94,77.94,-2.06,-0.37,-0.13,6,9
1772047694.735462,5033309,0.21,-0.37,0.09,170.75,-71.56,68.94,-0.31,-1.19,-0.94,-0.04,-0.01,0.01,12.63,68.0,78.0,-0.37,-0.37,0.5,6,9
1772047694.927637,5033502,0.06,-0.16,0.15,171.12,-72.0,68.37,0.62,-1.06,1.06,-0.07,0.07,0.05,12.44,68.06,78.12,0.5,-0.25,0.13,6,9
1772047695.119535,5033694,0.2,0.07,0.13,171.69,-72.12,67.87,1.06,-1.62,-0.06,-0.03,-0.03,0.04,12.44,68.06,78.06,0.75,0.94,-0.06,5,7
1772047695.308714,5033883,0.19,0.1,0.01,171.75,-72.31,67.81,-1.19,0.62,2.0,-0.07,-0.03,0.0,12.38,68.0,78.0,-0.56,0.62,1.0,6,8
1772047695.50076,5034075,0.12,-0.13,0.13,172.19,-72.87,67.37,-2.25,-3.56,-0.5,-0.01,-0.04,0.06,12.5,68.0,77.81,-0.06,-1.62,-0.56,6,7
1772047695.692555,5034267,0.24,0.05,0.09,172.56,-73.19,66.94,1.44,-0.37,0.69,-0.04,0.05,-0.02,12.25,68.19,78.06,-1.56,1.12,-0.37,7,7
1772047695.884235,5034459,0.23,0.0,0.06,172.69,-73.44,66.94,1.5,0.19,-0.88,0.03,-0.02,0.08,13.0,68.0,78.0,0.62,-0.06,2.06,7,7
1772047696.075284,5034649,0.08,0.07,0.12,172.25,-73.56,66.69,-5.31,-0.06,-2.19,0.05,-0.1,0.12,13.19,67.94,77.87,-0.81,-0.5,-0.31,8,8
1772047696.266195,5034841,0.14,0.0,0.11,172.56,-73.62,66.62,3.5,-0.19,0.0,-0.09,0.03,0.09,13.5,67.87,78.19,-1.56,-0.37,-0.62,7,8
1772047696.457834,5035032,0.08,-0.12,0.13,172.0,-73.56,67.0,-3.25,-2.37,-0.5,-0.11,-0.12,0.08,13.5,67.94,77.87,0.56,1.06,1.19,7,9
1772047696.648187,5035223,0.3,-0.15,0.02,172.19,-73.37,66.94,3.37,3.12,-1.0,-0.01,0.03,-0.01,13.69,67.94,78.0,1.37,-0.13,0.75,7,9
1772047696.838911,5035413,0.18,0.05,0.11,171.94,-73.31,66.75,-0.69,1.19,0.37,0.02,-0.05,0.07,13.75,68.0,77.87,-0.13,-0.44,0.25,7,8
1772047697.030456,5035605,0.12,0.02,0.09,172.12,-73.31,66.62,-0.25,0.0,1.12,-0.06,0.0,0.07,13.69,68.06,77.94,0.06,0.06,-0.44,8,9
1772047697.222688,5035797,0.17,-0.04,0.12,172.37,-73.31,66.5,-0.06,-0.94,0.19,-0.06,0.01,0.04,13.63,68.0,77.87,0.37,0.25,0.0,7,8
1772047697.41369,5035988,0.26,0.1,0.09,172.94,-73.37,66.19,0.25,-0.94,-1.94,-0.08,0.0,0.06,14.0,67.87,77.62,1.25,0.81,1.37,7,9
1772047697.603091,5036178,0.19,0.18,0.04,172.44,-73.44,66.37,1.56,0.25,-0.94,-0.06,0.04,-0.06,14.44,67.81,77.56,-0.44,0.62,0.0,7,9
1772047697.793294,5036368,0.06,0.02,0.13,171.75,-73.69,66.75,-2.25,-1.37,-0.13,-0.06,-0.13,0.02,14.75,67.69,77.37,-0.31,0.5,0.81,7,9
1772047697.985307,5036560,0.21,-0.14,0.07,171.44,-73.56,67.06,0.75,1.44,-0.94,-0.07,0.02,0.01,14.81,67.62,77.44,0.5,0.56,0.13,9,7
1772047698.177677,5036752,0.11,0.06,0.07,171.44,-73.5,67.0,0.75,1.06,-0.56,-0.04,-0.01,0.09,14.81,67.62,77.44,0.44,0.25,-0.13,9,7
