host_time_s,t_ms,ax1,ay1,az1,roll1,pitch1,yaw1,gx1,gy1,gz1,ax2,ay2,az2,roll2,pitch2,yaw2,gx2,gy2,gz2,emg1,emg2
1772046722.277267,4058880,0.17,-0.03,0.18,-165.19,-72.69,88.25,-0.81,-0.62,0.69,-0.08,0.06,0.03,13.50,67.75,88.56,-0.50,-0.69,-0.19,5,3
1772046722.278560,4059071,0.26,-0.04,0.12,-165.06,-72.69,88.06,-0.37,0.00,0.56,-0.04,0.04,0.06,13.50,67.75,88.56,-0.06,-0.37,0.19,4,2
1772046722.279276,4059262,0.20,-0.05,0.15,-164.69,-72.69,87.75,-1.37,-0.31,0.88,-0.06,0.03,0.04,13.50,67.75,88.56,0.19,0.31,0.13,4,2
1772046722.279949,4059453,0.18,0.15,0.20,-164.50,-72.56,87.50,0.62,1.00,0.00,-0.05,0.08,0.09,13.50,67.75,88.56,0.31,1.06,0.19,5,2
1772046722.280595,4059643,0.19,0.07,0.17,-164.37,-71.87,88.25,9.56,5.19,4.25,-0.07,0.03,0.07,13.50,67.69,88.56,0.13,-0.06,-0.13,5,2
1772046722.281103,4059834,0.27,0.00,0.11,-165.00,-70.69,90.12,11.81,4.62,2.81,-0.06,0.04,0.05,13.44,67.62,88.56,0.13,0.56,0.25,6,2
1772046722.281628,4060025,0.27,-0.21,0.07,-166.00,-70.00,92.06,2.81,1.87,1.56,-0.05,0.00,0.08,13.50,67.50,88.50,0.31,1.00,1.00,7,2
1772046722.282264,4060215,0.27,-0.13,0.09,-166.12,-69.81,92.19,0.06,-0.56,1.50,-0.07,0.03,0.08,13.44,67.37,88.50,0.06,0.13,0.13,7,2
1772046722.282870,4060406,0.25,0.00,0.13,-165.69,-69.81,91.94,-0.19,-0.69,0.94,-0.07,0.00,0.09,13.44,67.31,88.50,0.06,0.88,0.56,6,2
1772046722.283416,4060597,0.23,-0.01,0.15,-165.56,-69.81,91.94,-0.13,0.25,0.19,-0.11,0.03,0.06,13.44,67.31,88.50,0.00,-0.56,-0.44,6,2
1772046722.283943,4060788,0.29,0.00,0.08,-165.56,-69.75,91.87,0.06,0.37,-0.37,-0.09,0.04,0.05,13.38,67.44,88.56,0.13,-0.31,-0.37,6,2
1772046722.431917,4060979,0.30,0.00,0.10,-165.50,-69.75,91.75,-0.62,0.81,0.25,-0.07,0.02,0.10,13.44,67.50,88.56,-0.06,-0.31,-0.19,5,2
1772046722.622448,4061169,0.27,-0.03,0.09,-165.56,-69.69,91.75,-0.31,-0.25,0.00,-0.06,0.03,0.08,13.44,67.50,88.56,-0.13,-0.13,0.13,5,2
1772046722.813220,4061360,0.30,0.00,0.12,-165.44,-69.75,91.62,-0.62,-0.31,0.44,-0.05,0.00,0.08,13.44,67.56,88.56,-0.50,-0.31,0.06,4,3
1772046723.003671,4061551,0.23,-0.06,0.13,-165.44,-69.75,91.69,-0.75,0.62,0.06,-0.06,0.03,0.05,13.44,67.56,88.56,-0.19,0.62,0.37,4,2
1772046723.194550,4061741,0.28,-0.05,0.09,-165.44,-69.69,91.62,-0.44,0.13,-0.31,-0.06,0.00,0.09,13.44,67.56,88.56,0.13,-0.62,-0.06,3,2
1772046723.385450,4061932,0.23,-0.04,0.12,-165.31,-69.81,91.56,0.19,-1.00,0.75,-0.02,0.02,0.09,13.44,67.56,88.56,0.00,-0.44,-0.06,2,2
1772046723.575849,4062123,0.26,-0.15,0.10,-165.31,-69.81,91.69,0.88,-0.69,-0.25,-0.10,0.05,0.08,13.44,67.50,88.56,0.13,1.12,0.50,2,2
1772046723.766320,4062313,0.26,-0.02,0.12,-165.25,-69.87,91.62,0.50,0.50,-0.31,-0.09,0.02,0.06,13.38,67.37,88.56,0.00,0.50,0.25,2,2
1772046723.957332,4062504,0.24,-0.11,0.15,-165.31,-69.81,91.62,0.13,-0.31,-0.06,-0.08,0.00,0.10,13.38,67.31,88.56,0.37,0.31,0.31,2,2
1772046724.147615,4062694,0.14,-0.17,0.15,-165.19,-69.50,91.19,-3.37,4.75,1.37,-0.10,0.05,0.08,13.31,67.31,88.44,2.37,2.87,1.62,1,2
1772046724.338611,4062886,0.15,0.04,0.27,-164.12,-67.94,89.19,-3.69,13.00,5.31,-0.02,-0.11,0.20,13.56,66.44,87.62,4.81,7.69,5.25,2,2
1772046724.529456,4063076,0.75,-0.06,-0.25,-163.69,-64.69,87.50,1.06,17.62,3.69,0.02,0.19,-0.36,14.00,66.25,86.75,2.06,-9.75,-0.31,11,2
1772046724.720248,4063267,0.48,-0.56,0.07,-162.75,-63.81,85.56,-22.50,-20.37,-0.62,-0.03,0.05,-0.23,14.75,66.31,86.19,-1.69,10.63,4.06,14,2
1772046724.909912,4063457,-0.19,0.56,0.62,-154.12,-69.00,78.37,-21.87,-21.06,-1.44,-0.09,0.06,0.12,14.06,64.87,86.81,2.25,1.87,-6.37,14,2
1772046725.100516,4063648,0.30,0.01,0.17,-148.19,-70.50,76.00,1.62,3.94,1.81,-0.12,0.09,0.17,11.31,64.56,87.31,5.44,0.31,-5.44,14,3
1772046725.292535,4063839,0.38,0.22,0.26,-148.19,-70.25,75.81,-2.94,-1.62,3.31,-0.19,0.32,-0.25,8.94,64.37,87.37,-2.50,-0.81,-4.94,15,4
1772046725.482674,4064030,0.00,0.81,0.71,-147.75,-69.56,77.31,47.44,18.69,9.44,0.00,0.21,-0.15,7.75,63.81,87.31,0.00,3.69,-1.94,15,3
1772046725.673256,4064220,0.49,-0.31,-0.04,-154.56,-65.94,85.12,16.50,12.75,-3.25,-0.21,0.14,0.00,7.37,62.81,88.00,-1.62,1.44,0.31,15,3
1772046725.863239,4064410,0.46,-0.18,0.03,-160.44,-64.62,88.62,7.37,4.81,-5.44,-0.12,-0.04,0.00,8.00,62.44,88.12,-2.75,1.12,-0.56,16,3
1772046726.054974,4064602,0.31,-0.20,0.10,-163.75,-64.56,91.00,-0.06,-1.00,-4.19,-0.15,0.04,-0.01,8.13,62.44,88.31,0.37,-1.19,0.00,16,3
1772046726.246226,4064793,0.33,0.00,0.09,-164.50,-64.62,91.25,2.75,-0.62,-0.81,-0.09,-0.01,0.05,8.38,62.56,88.50,-0.62,-0.75,-1.69,17,3
1772046726.436726,4064983,0.24,-0.20,0.13,-165.69,-64.94,92.69,2.44,-2.12,-2.25,-0.10,0.07,-0.12,7.37,62.88,89.00,1.56,0.13,-2.75,8,3
1772046726.627300,4065174,0.24,-0.02,0.23,-165.50,-65.56,93.06,2.00,-1.75,0.13,-0.02,-0.01,-0.02,7.00,62.81,89.19,-0.88,-2.75,-1.00,5,4
1772046726.817524,4065364,0.39,-0.04,0.16,-166.31,-65.62,93.94,2.87,-0.56,1.00,-0.12,0.06,-0.02,7.06,62.94,89.25,-0.31,0.62,0.31,5,4
1772046727.008396,4065555,0.33,-0.07,0.11,-166.44,-65.81,94.25,-0.37,-1.00,0.00,-0.04,-0.05,0.05,7.50,62.88,89.19,-0.94,-0.44,1.31,5,3
1772046727.199219,4065746,0.25,-0.09,0.17,-166.25,-66.19,94.31,0.13,-3.12,0.06,-0.04,0.00,0.02,8.00,62.94,89.06,-0.25,0.13,0.94,4,2
1772046727.390111,4065937,0.34,-0.19,0.11,-165.81,-66.62,94.06,-3.94,-2.87,1.06,-0.03,-0.06,0.08,8.13,63.00,88.94,0.44,0.88,0.75,4,2
1772046727.580690,4066127,0.68,-0.26,0.19,-164.50,-67.50,91.37,-36.56,-14.88,-7.37,-0.13,0.03,-0.04,8.19,63.13,89.00,-0.62,-3.00,0.00,3,2
1772046727.771037,4066318,0.25,0.30,0.25,-160.69,-70.06,84.94,-13.63,-6.50,-4.81,-0.04,0.00,-0.03,8.38,63.38,88.94,0.19,-0.75,-0.37,3,2
1772046727.962105,4066509,0.14,0.07,0.22,-157.50,-71.25,83.44,0.62,-2.75,3.75,-0.06,0.00,-0.04,8.44,63.56,89.00,-0.62,-0.81,-0.13,3,3
1772046728.153112,4066700,0.22,-0.08,0.17,-155.62,-71.37,83.50,2.00,-1.69,2.50,-0.08,0.00,0.06,8.44,63.56,89.00,-0.06,-0.19,0.00,2,2
1772046728.343300,4066890,0.33,0.03,0.09,-155.25,-71.31,83.31,0.13,1.56,1.06,-0.04,-0.04,0.01,8.44,63.56,89.00,0.25,0.50,0.19,2,3
1772046728.533932,4067081,0.23,-0.05,0.15,-154.75,-71.19,83.37,1.50,-0.75,1.69,-0.11,0.01,-0.01,8.44,63.56,89.00,0.06,-1.31,-0.25,2,2
1772046728.723658,4067270,0.21,-0.01,0.25,-154.44,-71.19,83.25,-0.06,1.31,1.44,0.01,-0.02,0.00,8.63,63.56,88.75,-0.81,-1.12,1.50,3,3
1772046728.914966,4067462,0.09,0.71,0.19,-155.37,-70.12,83.37,18.87,6.81,3.62,-0.03,-0.02,-0.01,8.81,63.63,88.31,4.44,-0.88,2.50,3,3
1772046729.106256,4067653,0.48,-0.60,0.03,-159.44,-68.12,89.81,23.75,7.19,3.56,-0.05,0.06,-0.01,9.00,63.63,87.69,-1.31,1.75,0.06,3,3
1772046729.297149,4067844,0.37,-0.07,0.03,-162.50,-67.50,92.37,1.50,5.25,-1.94,0.04,-0.03,0.10,9.06,63.38,87.69,-1.19,-0.69,0.06,4,3
1772046729.487414,4068034,0.43,-0.14,0.03,-163.69,-66.87,92.69,-2.62,-2.06,-1.06,-0.03,-0.08,0.06,9.50,63.44,87.56,0.25,0.81,0.56,5,3
1772046729.678073,4068225,0.45,-0.59,0.06,-163.37,-67.44,91.69,-16.50,-5.06,-2.06,-0.06,0.00,0.01,9.31,63.56,87.69,-0.06,-1.31,-1.00,5,3
1772046729.869191,4068416,0.16,0.37,0.26,-160.56,-69.44,85.87,-26.25,-8.06,-6.81,-0.03,-0.04,0.07,9.19,63.75,87.69,0.37,-0.31,-0.75,5,3
1772046730.060136,4068607,0.30,0.22,0.22,-156.50,-70.44,82.25,-3.37,-4.81,0.88,-0.09,0.07,0.00,9.13,63.94,87.81,-0.25,-0.81,-0.37,5,3
1772046730.250524,4068797,0.22,0.13,0.17,-154.81,-71.00,81.81,0.44,0.37,-0.25,-0.07,0.00,0.01,9.19,63.94,87.81,-0.88,-0.44,-0.06,6,3
1772046730.440813,4068988,0.20,0.36,0.32,-156.06,-70.25,83.87,36.19,11.94,10.63,-0.05,-0.01,-0.07,9.19,63.88,87.87,-1.00,0.50,-1.00,5,4
1772046730.631329,4069178,0.32,-0.41,0.01,-160.06,-68.62,90.19,11.81,4.62,-0.31,-0.10,-0.04,0.07,9.31,63.81,88.00,-0.44,0.69,1.12,5,4
1772046730.822721,4069369,0.40,-0.09,0.06,-163.06,-68.06,91.94,2.50,2.69,-1.06,-0.04,0.01,-0.01,9.50,63.69,88.00,-1.25,0.50,0.13,6,4
1772046731.013414,4069560,0.26,-0.10,0.08,-163.87,-67.94,92.50,0.94,1.19,-1.94,-0.05,0.00,-0.04,9.56,63.50,88.00,-0.94,1.25,0.56,5,4
1772046731.204085,4069751,0.27,-0.05,0.08,-164.75,-67.81,92.87,0.25,0.00,-1.19,-0.06,-0.02,0.12,9.75,63.25,88.06,0.56,1.19,0.56,5,4
1772046731.394397,4069941,0.29,0.00,0.04,-165.31,-67.69,93.06,-0.06,1.44,-0.94,-0.04,0.03,-0.03,9.88,63.31,88.00,0.00,-0.37,0.06,3,4
1772046731.585714,4070132,0.27,-0.05,0.09,-166.00,-67.69,93.50,-0.19,-0.50,-0.56,-0.02,-0.03,0.02,9.94,63.38,88.06,-0.50,-0.81,-0.25,4,4
1772046731.776200,4070323,0.29,-0.16,0.06,-166.00,-67.69,93.50,-0.94,-0.50,0.00,-0.09,0.00,0.03,10.00,63.44,88.06,-0.19,-0.44,-0.06,4,4
1772046731.967246,4070514,0.29,-0.06,0.08,-165.06,-67.87,92.75,-4.00,-1.56,1.06,-0.09,-0.03,0.02,9.94,63.56,88.06,0.69,-0.50,0.00,5,4
1772046732.157701,4070704,0.56,-0.43,0.02,-163.94,-68.31,91.31,-17.31,-8.19,1.19,-0.09,0.01,0.08,9.88,63.63,88.06,-0.13,-0.25,-0.19,5,4
1772046732.347573,4070895,0.12,0.19,0.24,-158.62,-70.25,85.50,-24.94,-7.81,-5.37,-0.04,0.01,0.00,9.81,63.81,88.06,0.13,-0.50,0.13,5,3
1772046732.537972,4071085,0.10,0.08,0.30,-154.12,-71.31,82.06,2.31,-2.44,2.56,-0.10,0.03,0.03,9.75,63.88,88.00,-0.94,0.19,-0.44,5,3
1772046732.729355,4071276,0.47,0.05,0.15,-156.37,-69.94,84.12,28.06,14.81,5.19,-0.12,0.02,-0.02,9.75,63.81,88.00,-2.00,0.37,-1.19,5,3
1772046732.920775,4071467,0.32,-0.26,-0.02,-161.00,-68.25,89.00,12.38,4.12,-1.69,-0.09,-0.04,0.07,9.94,63.69,88.06,-0.56,0.06,0.31,5,3
1772046733.110958,4071658,0.33,-0.21,0.02,-164.56,-67.87,91.62,1.87,0.88,-1.37,-0.06,-0.02,0.02,9.94,63.69,88.06,0.13,0.00,0.37,6,3
1772046733.302271,4071849,0.31,-0.09,0.12,-165.06,-67.94,92.06,0.75,-0.69,-0.19,-0.04,-0.01,0.05,9.94,63.63,88.06,-0.31,-0.56,-0.44,6,3
1772046733.492346,4072039,0.29,-0.02,0.10,-165.12,-67.87,92.19,-0.94,1.00,0.13,0.02,-0.06,0.14,9.94,63.56,88.06,0.56,1.94,0.50,6,3
1772046733.683290,4072230,0.30,-0.06,0.05,-165.31,-67.75,92.19,0.06,0.19,-0.75,-0.03,-0.03,0.02,9.94,63.63,88.06,-0.06,0.00,0.06,6,3
1772046733.874364,4072421,0.31,-0.10,0.12,-165.50,-67.81,92.31,0.13,-0.44,0.62,-0.21,0.02,-0.06,9.88,63.75,88.12,-0.44,-1.56,-0.94,5,3
1772046734.064935,4072612,0.29,-0.09,0.12,-165.44,-67.81,92.31,-0.31,-0.56,1.00,-0.05,0.00,0.06,9.81,63.81,88.19,-0.50,-0.44,-0.44,5,3
1772046734.255504,4072802,0.31,-0.05,0.08,-165.19,-67.81,92.00,-0.25,-0.06,0.50,-0.03,-0.02,0.05,9.81,63.81,88.19,-0.50,0.13,-0.13,5,3
1772046734.446181,4072993,0.29,-0.08,0.12,-165.12,-67.94,92.06,0.00,-1.06,0.13,-0.12,0.00,0.07,9.81,63.81,88.19,-0.13,0.37,-0.13,5,3
1772046734.636624,4073184,0.29,0.00,0.09,-165.00,-68.00,91.94,0.25,-0.56,-0.69,-0.06,0.01,0.00,9.81,63.88,88.19,0.00,0.19,0.06,4,3
1772046734.827616,4073375,0.27,0.00,0.09,-164.69,-68.06,91.81,-0.88,0.13,0.25,-0.09,-0.01,0.04,9.81,63.81,88.19,0.13,-0.50,-0.13,5,3
1772046735.018509,4073565,0.29,-0.05,0.10,-164.50,-68.12,91.62,-0.69,-1.12,0.50,-0.07,0.02,0.02,9.81,63.81,88.19,-0.06,-0.56,-0.06,5,3
1772046735.208553,4073755,0.28,0.01,0.12,-163.81,-68.37,90.94,-5.00,-0.56,-1.44,-0.08,0.02,-0.05,9.81,63.81,88.19,0.25,-2.12,-0.44,5,3
1772046735.399616,4073947,0.24,0.02,0.14,-163.44,-68.44,90.75,-0.19,0.19,-0.37,-0.08,-0.04,0.05,9.81,63.75,88.12,0.06,-0.19,0.13,4,3
1772046735.590604,4074137,0.32,-0.08,0.04,-163.56,-68.31,90.69,0.19,0.13,-0.62,-0.06,-0.06,0.10,9.81,63.81,88.12,0.00,-0.06,-0.13,6,3
1772046735.781359,4074328,0.36,-0.27,0.07,-163.44,-68.44,90.44,-8.81,-2.56,-2.06,-0.11,0.00,0.08,9.81,63.88,88.12,0.50,-0.31,0.13,5,3
1772046735.971791,4074519,0.22,0.10,0.19,-162.31,-69.44,87.37,-16.50,-4.37,-4.50,-0.09,0.00,0.01,9.88,63.94,88.12,0.13,-0.62,0.00,6,3
1772046736.161597,4074709,0.22,0.01,0.16,-160.50,-70.06,85.50,-0.19,-2.19,2.19,-0.08,0.00,0.04,9.88,63.94,88.12,0.06,0.25,0.00,6,3
1772046736.352829,4074900,0.24,-0.02,0.13,-159.69,-70.25,85.19,-0.56,-0.94,0.81,-0.10,-0.04,0.05,9.81,63.94,88.12,-0.25,0.00,0.00,7,3
1772046736.543618,4075091,0.19,0.07,0.20,-158.75,-70.31,84.69,0.94,-0.37,-0.19,-0.10,0.00,0.05,9.88,64.06,88.12,0.50,0.62,0.44,7,3
1772046736.734406,4075282,0.41,-0.20,0.12,-159.75,-69.25,87.81,23.31,6.56,5.94,-0.05,-0.01,0.00,9.94,64.00,88.19,0.37,0.13,1.00,8,3
1772046736.925249,4075472,0.26,-0.13,0.09,-163.31,-68.56,91.00,3.69,3.37,-2.37,-0.05,-0.03,0.11,10.06,63.94,88.19,0.00,0.88,0.37,9,3
1772046737.115637,4075663,0.43,-0.12,0.04,-164.69,-68.06,91.62,-1.50,1.25,-0.06,-0.05,0.00,-0.02,10.06,63.88,88.19,0.25,-1.50,-0.50,9,3
1772046737.305915,4075853,0.22,0.05,0.11,-164.25,-68.25,91.12,-1.69,-1.00,0.50,-0.08,-0.03,0.11,10.00,63.88,88.12,-0.13,0.56,0.13,9,3
1772046737.497376,4076044,0.33,-0.04,0.08,-163.94,-68.25,90.81,-2.19,-0.88,0.25,-0.09,0.00,0.06,10.00,63.88,88.12,0.06,-0.37,-0.06,7,2
1772046737.688409,4076235,0.31,-0.09,0.08,-162.94,-68.87,89.12,-19.12,-7.19,-4.75,-0.12,0.03,0.00,10.00,64.00,88.12,0.06,-2.06,-0.81,7,2
1772046737.879209,4076426,0.19,0.17,0.20,-161.06,-70.00,85.81,-7.37,-4.31,-0.75,-0.10,0.04,0.10,9.88,64.12,88.25,-0.13,-0.19,-0.44,6,2
1772046738.069736,4076617,0.08,-0.03,0.19,-159.50,-70.25,84.94,-0.06,1.87,-0.62,-0.09,0.07,0.09,10.13,64.25,88.00,-0.37,-2.75,0.75,6,2
1772046738.259709,4076807,0.41,-0.05,0.13,-160.37,-70.00,84.87,-3.06,-1.50,-2.25,-0.04,-0.07,-0.01,10.63,64.62,87.44,2.12,0.25,1.50,6,2
1772046738.450688,4076998,0.11,-0.03,0.22,-159.69,-70.50,84.75,-0.50,0.25,2.00,-0.16,0.05,0.11,10.06,64.75,87.44,2.50,1.12,0.00,6,2
1772046738.641849,4077189,0.34,0.81,0.16,-159.56,-69.94,84.25,12.13,8.31,4.69,-0.12,0.16,-0.04,10.06,64.56,87.62,-1.62,-0.62,-1.44,4,2
1772046738.832658,4077380,0.30,-0.29,0.05,-162.06,-68.75,88.19,9.63,7.69,-0.62,-0.08,-0.03,0.01,10.25,64.19,87.25,-0.69,0.25,0.94,4,2
1772046739.022641,4077570,0.34,-0.08,0.05,-164.50,-68.06,89.94,5.12,0.62,0.69,-0.12,0.07,0.00,10.44,64.06,87.31,-0.31,-0.37,0.19,4,2
1772046739.213756,4077761,0.30,-0.11,0.10,-164.75,-68.00,90.62,-0.69,-0.75,-0.25,-0.10,-0.02,0.06,10.50,64.00,87.25,-0.50,-0.44,0.31,4,2
1772046739.404747,4077952,0.26,-0.17,0.09,-164.69,-68.06,90.62,-0.62,-0.13,0.19,-0.08,0.00,0.05,10.63,64.00,87.25,0.31,0.13,0.25,4,2
1772046739.595909,4078143,0.25,-0.09,0.05,-163.62,-68.56,88.87,-21.00,-5.69,-4.31,-0.12,-0.03,0.07,10.63,64.06,87.25,0.44,-0.75,-0.13,4,2
1772046739.786443,4078333,0.26,0.27,0.17,-161.31,-69.37,85.31,-4.94,-0.81,0.19,-0.06,0.07,-0.02,10.56,64.25,87.19,0.62,-0.37,-0.25,5,2
1772046739.976999,4078524,0.16,0.07,0.19,-160.37,-69.50,84.94,0.06,1.25,0.13,-0.09,0.00,0.00,10.56,64.25,87.19,-0.88,-0.31,-0.31,5,2
1772046740.167056,4078714,0.37,-0.14,0.11,-160.75,-68.69,86.69,16.62,4.19,4.81,-0.08,0.03,-0.01,10.56,64.19,87.31,-0.50,0.50,0.06,4,3
1772046740.358302,4078906,0.30,-0.18,0.09,-162.75,-68.06,89.12,2.69,2.31,0.06,-0.13,0.00,0.00,10.81,64.00,87.25,-0.37,-0.25,0.19,4,2
1772046740.549182,4079096,0.37,-0.07,0.12,-163.44,-67.69,89.56,2.12,1.37,0.94,-0.02,-0.01,0.04,11.06,63.75,87.12,-0.88,1.69,1.19,4,2
1772046740.739788,4079287,0.32,-0.07,0.11,-163.87,-67.50,89.94,1.31,1.44,-0.50,-0.09,0.02,0.03,11.25,63.63,87.25,-1.69,0.88,0.25,4,2
1772046740.930062,4079477,0.32,-0.19,0.03,-164.81,-67.37,90.56,-0.44,0.44,-1.81,-0.06,-0.02,0.09,11.31,63.56,87.25,0.19,0.75,0.19,4,2
1772046741.120460,4079668,0.24,-0.07,0.05,-164.87,-67.44,90.44,-1.44,-1.12,0.37,-0.10,0.06,-0.01,11.13,63.63,87.31,0.37,0.81,-0.56,3,2
1772046741.311773,4079859,0.26,-0.01,0.10,-164.25,-67.56,90.06,-1.75,0.13,0.62,-0.07,0.00,0.08,11.00,63.56,87.31,0.13,-0.13,-0.13,4,2
1772046741.502752,4080050,0.33,-0.11,0.08,-164.19,-67.56,90.00,0.37,0.06,-0.31,-0.04,0.02,0.02,11.00,63.56,87.31,-0.13,-0.19,-0.06,4,2
1772046741.693464,4080241,0.32,-0.09,0.07,-163.87,-67.62,89.87,-1.19,-0.69,0.62,-0.03,-0.03,0.10,11.00,63.63,87.31,0.62,1.62,0.69,4,2
1772046741.883512,4080431,0.41,-0.30,0.10,-163.31,-68.00,89.19,-9.50,-4.44,-0.50,-0.06,0.04,0.03,10.94,63.75,87.37,0.25,-0.06,-0.06,4,2
1772046742.073718,4080621,0.20,0.12,0.17,-160.87,-69.06,85.87,-13.75,-3.87,-3.44,-0.05,0.03,0.04,10.81,63.81,87.37,0.25,0.31,-0.19,4,2
1772046742.265341,4080813,0.24,-0.02,0.18,-158.87,-69.62,84.12,-1.69,-2.87,1.94,-0.06,0.04,0.10,10.75,63.88,87.37,0.56,0.44,-0.19,3,2
1772046742.456392,4081004,0.29,0.09,0.12,-157.87,-69.75,83.44,-0.37,0.37,-0.50,-0.04,0.08,-0.01,10.75,63.88,87.37,-0.37,0.37,-0.25,4,3
1772046742.646957,4081194,0.14,0.14,0.16,-158.12,-69.62,83.69,4.25,4.44,0.31,-0.07,0.02,0.08,10.81,63.81,87.37,-0.37,0.50,0.25,4,3
1772046742.837034,4081384,0.34,-0.19,0.08,-160.56,-68.56,85.81,7.94,3.87,-0.81,-0.02,-0.03,0.03,10.94,63.69,87.31,0.50,0.56,0.56,5,3
1772046743.027227,4081575,0.32,-0.11,0.09,-162.44,-68.19,87.25,2.94,2.12,0.62,0.00,0.00,0.03,10.94,63.63,87.37,-0.06,-0.75,-0.13,5,3
1772046743.218597,4081766,0.29,-0.08,0.10,-162.94,-67.87,87.81,1.50,1.19,0.62,-0.05,0.00,0.08,10.94,63.63,87.37,0.50,0.69,0.00,5,3
1772046743.410004,4081957,0.39,-0.16,0.04,-163.19,-67.69,87.87,-2.06,-0.81,0.19,-0.03,0.02,0.02,10.94,63.63,87.37,0.13,-0.44,-0.06,5,3
1772046743.600907,4082148,0.25,0.03,0.15,-162.19,-68.37,86.50,-5.81,-3.37,-0.13,-0.07,0.05,0.02,10.81,63.75,87.37,0.00,-1.00,-0.56,5,2
1772046743.791689,4082339,0.27,-0.02,0.20,-160.94,-68.69,85.69,-1.06,-1.31,1.62,-0.08,0.09,0.00,10.63,63.88,87.56,-0.88,0.13,-1.31,5,3
1772046743.981310,4082529,0.26,-0.11,0.13,-160.69,-68.44,86.06,9.00,4.50,1.81,-0.07,0.07,0.01,10.63,63.81,87.56,-0.56,-0.31,0.19,5,2
1772046744.172742,4082720,0.26,-0.09,0.13,-161.87,-68.06,87.06,2.25,0.06,-0.25,-0.12,0.08,0.10,10.63,63.81,87.56,-0.31,0.81,-0.19,5,2
1772046744.363582,4082911,0.38,0.00,0.04,-162.19,-67.87,87.25,0.69,1.06,-0.94,-0.08,0.07,0.04,10.63,63.88,87.56,0.50,0.31,-0.06,5,2
1772046744.554437,4083102,0.25,-0.05,0.11,-162.50,-67.87,87.56,-0.75,-0.31,0.44,-0.12,-0.02,0.11,10.56,63.69,87.44,0.88,1.87,1.44,5,2
1772046744.744417,4083291,0.29,-0.21,0.12,-162.44,-67.87,87.56,1.37,-2.00,1.25,-0.04,0.11,-0.04,10.56,63.56,87.44,-0.13,-0.37,-0.06,5,2
1772046744.934457,4083482,0.31,-0.21,0.07,-161.06,-68.00,86.69,-2.00,-0.31,-0.31,-0.07,0.00,0.11,10.69,63.50,87.37,-0.50,-0.56,0.19,5,2
1772046745.125933,4083673,0.32,0.08,0.21,-160.12,-68.25,85.31,0.62,-1.62,2.31,-0.08,0.08,0.07,10.56,63.50,87.44,0.56,2.25,-0.13,4,2
1772046745.317218,4083864,0.29,-0.02,0.06,-160.31,-68.06,86.06,7.94,4.00,1.00,-0.04,0.04,0.08,10.56,63.50,87.37,-0.50,0.31,0.06,4,2
1772046745.508216,4084055,0.30,-0.12,0.08,-161.94,-67.81,87.31,0.62,-1.69,0.31,-0.07,0.00,0.18,10.56,63.56,87.44,-0.19,0.37,-0.13,4,2
1772046745.697737,4084245,0.33,-0.20,0.12,-162.31,-67.81,87.56,2.00,1.12,-1.00,-0.15,0.08,0.00,10.50,63.69,87.44,-0.06,-1.00,0.06,3,2
1772046745.887798,4084435,0.28,-0.02,0.13,-162.31,-67.81,87.56,0.25,-1.81,0.19,-0.10,-0.01,0.14,10.50,63.69,87.44,-0.25,1.12,-0.31,3,1
1772046746.079590,4084627,0.38,0.00,0.10,-162.19,-67.81,87.44,-1.37,-0.50,0.13,-0.12,0.00,0.03,10.44,63.69,87.44,0.75,-0.50,0.13,4,2
1772046746.270573,4084818,0.24,-0.03,0.10,-162.19,-67.81,87.37,-0.62,-0.56,0.00,0.00,-0.02,0.07,10.44,63.69,87.37,1.69,0.50,0.75,4,2
1772046746.462015,4085009,0.28,-0.05,0.09,-162.12,-67.87,87.37,-0.62,-0.44,-0.06,-0.11,0.05,0.08,10.44,63.69,87.37,-0.44,-0.37,-0.31,4,2
1772046746.653309,4085200,0.32,-0.04,0.11,-162.12,-67.81,87.31,-0.13,0.62,-1.12,-0.02,0.07,-0.02,10.44,63.63,87.37,-0.44,-0.37,-0.56,4,2
1772046746.844318,4085392,0.25,-0.08,0.14,-161.94,-67.87,87.25,-1.12,0.37,0.00,-0.11,0.05,0.01,10.44,63.56,87.37,0.00,0.75,0.00,4,2
1772046747.035641,4085583,0.39,-0.18,0.11,-161.94,-67.94,87.06,-5.31,-2.56,0.00,-0.05,0.03,0.09,10.44,63.63,87.37,0.19,-1.00,-0.50,4,2
1772046747.225937,4085773,0.26,-0.01,0.18,-160.81,-68.62,85.62,-5.00,-2.87,-0.44,-0.10,0.07,0.05,10.44,63.69,87.37,-0.56,-3.62,-0.56,3,2
1772046747.416352,4085964,0.26,-0.05,0.10,-160.19,-68.94,84.87,-2.19,-1.25,-0.81,-0.06,0.05,0.09,10.50,64.00,87.19,0.37,-1.69,0.44,4,3
1772046747.607291,4086154,0.17,0.21,0.25,-159.87,-69.25,84.75,2.31,-0.37,0.06,-0.07,0.06,-0.07,10.38,64.31,87.00,0.50,-0.75,-0.44,3,3
1772046747.796401,4086344,0.18,-0.09,0.16,-159.62,-69.06,85.87,3.31,3.56,2.06,-0.07,0.08,0.17,10.19,64.06,87.19,0.50,1.44,-0.19,3,3
1772046747.987396,4086535,0.42,0.00,0.00,-160.37,-68.37,85.94,0.56,3.06,-1.06,-0.06,0.03,0.00,10.38,64.06,87.06,-0.06,0.13,1.00,3,2
1772046748.178320,4086726,0.24,-0.14,0.14,-160.81,-68.56,86.44,-0.06,-1.56,0.13,-0.02,0.00,0.10,10.38,64.00,87.06,0.25,0.81,0.13,3,2
1772046748.370023,4086917,0.32,-0.13,0.09,-160.69,-68.62,86.31,-2.06,-0.06,0.50,-0.06,0.01,0.01,10.38,64.00,87.06,0.19,0.13,0.13,3,2
1772046748.559732,4087107,0.27,0.04,0.12,-159.56,-69.00,84.81,-8.94,-2.19,-2.44,-0.05,0.02,0.06,10.31,64.00,87.06,0.69,0.75,0.50,3,2
1772046748.749020,4087297,0.25,0.06,0.19,-158.56,-69.44,83.69,-1.25,-1.75,0.13,-0.02,0.01,0.02,10.31,64.00,87.06,0.13,0.06,0.13,3,2
1772046748.941027,4087488,0.25,-0.10,0.14,-158.56,-69.56,83.94,2.12,0.81,-0.50,-0.10,0.02,0.05,10.31,64.12,87.00,0.44,-0.69,-0.06,3,2
1772046749.131934,4087679,0.30,-0.01,0.06,-158.75,-69.31,83.75,-1.44,1.19,0.88,-0.05,0.06,0.01,10.31,64.12,87.19,-1.87,0.13,-1.12,3,2
1772046749.323693,4087871,0.31,0.14,0.20,-157.87,-69.31,83.44,-0.25,-1.25,0.37,-0.16,0.00,0.09,10.50,64.06,87.31,-0.25,0.19,0.69,4,2
1772046749.515009,4088062,0.29,0.01,0.09,-158.62,-69.44,83.81,0.56,0.94,0.56,-0.02,0.07,-0.08,10.56,64.12,87.25,-1.00,-0.13,-0.56,4,2
1772046749.705392,4088253,0.23,-0.09,0.18,-158.62,-69.44,84.44,5.00,1.31,1.56,-0.09,0.03,0.03,10.44,64.06,87.37,0.13,0.06,-0.37,5,2
1772046749.896702,4088444,0.35,-0.05,0.06,-159.69,-68.94,85.06,3.31,3.06,-1.44,-0.03,0.04,0.00,10.50,63.88,87.37,-1.25,-0.06,-0.75,6,2
1772046750.086474,4088634,0.28,-0.13,0.10,-160.44,-68.87,85.69,-1.19,0.69,0.13,-0.07,-0.02,0.07,10.38,63.75,87.37,0.69,1.12,0.75,7,2
1772046750.278256,4088825,0.27,-0.09,0.10,-160.19,-68.87,85.50,-0.13,-1.25,0.62,-0.05,0.09,-0.02,10.31,63.75,87.44,0.06,-0.56,-0.25,7,2
1772046750.469625,4089017,0.28,-0.07,0.11,-159.87,-69.06,85.37,-0.69,-0.19,0.50,-0.01,0.02,0.01,10.31,63.69,87.44,0.50,1.31,0.88,6,2
1772046750.661680,4089209,0.32,-0.05,0.16,-159.69,-69.06,85.12,-0.19,-0.13,0.06,-0.05,0.03,0.06,10.31,63.69,87.44,-0.06,0.13,0.00,7,2
1772046750.853955,4089401,0.32,-0.13,0.12,-159.81,-69.06,85.06,0.44,0.31,-0.88,-0.11,0.07,0.00,10.31,63.81,87.44,-0.44,0.00,-0.25,7,2
1772046751.045880,4089593,0.25,0.03,0.14,-159.50,-69.19,84.75,-0.06,-0.75,0.13,-0.02,0.03,0.05,10.38,63.88,87.44,-0.62,0.94,0.37,7,2
1772046751.237911,4089785,0.36,-0.10,0.13,-159.87,-69.00,85.50,9.81,0.37,2.94,-0.12,0.01,0.03,10.56,63.81,87.44,-1.31,0.06,0.06,7,2
1772046751.429508,4089977,0.26,-0.17,0.06,-160.56,-68.81,87.12,3.81,1.56,-0.56,-0.06,0.02,0.04,10.50,63.81,87.50,0.62,0.69,0.50,6,2
1772046751.620722,4090168,0.30,-0.11,0.07,-161.44,-68.56,87.56,0.13,-0.06,-0.19,-0.03,0.05,0.08,10.50,63.75,87.50,0.44,0.94,0.44,6,2
1772046751.812042,4090359,0.33,-0.09,0.10,-161.44,-68.56,87.56,-0.56,0.00,-0.44,-0.09,0.05,0.01,10.50,63.75,87.50,0.06,-0.44,-0.06,5,2
1772046752.003271,4090550,0.41,-0.28,0.05,-160.69,-68.81,87.00,-7.87,-3.31,0.19,-0.04,0.01,0.05,10.50,63.75,87.50,0.06,-2.12,-0.81,5,2
1772046752.193489,4090741,0.16,0.26,0.18,-159.00,-69.56,84.69,-0.81,-1.31,0.81,-0.02,0.05,0.00,10.44,63.75,87.50,0.25,0.44,-0.19,5,3
1772046752.387926,4090932,0.27,-0.04,0.15,-158.87,-69.37,85.62,11.63,1.81,3.75,-0.07,0.04,0.04,10.38,63.69,87.50,-0.37,0.50,0.13,7,3
1772046752.574334,4091122,0.34,-0.11,0.06,-160.44,-68.94,87.19,0.81,3.62,-1.31,-0.08,0.00,0.00,10.38,63.69,87.50,1.50,0.37,0.75,6,3
1772046752.763943,4091311,0.41,-0.13,0.09,-161.50,-68.62,87.81,3.19,0.88,0.88,-0.01,0.05,0.02,10.38,63.81,87.56,-0.13,-1.12,0.19,7,3
1772046752.955498,4091503,0.29,-0.11,0.10,-161.69,-68.62,87.94,0.50,1.25,0.25,-0.05,0.06,-0.02,10.44,63.81,87.50,-0.31,0.44,0.00,7,2
1772046753.146432,4091694,0.32,-0.09,0.10,-161.75,-68.56,87.87,-0.13,0.94,0.56,0.00,0.03,0.05,10.38,63.75,87.50,0.62,0.56,1.00,7,2
1772046753.338324,4091886,0.30,-0.18,0.07,-161.69,-68.50,87.81,1.19,-0.06,0.50,-0.05,0.04,0.03,10.38,63.81,87.50,0.25,0.62,0.50,8,2
1772046753.529761,4092077,0.34,-0.08,0.10,-161.37,-68.50,87.37,-1.19,-0.69,0.44,-0.01,0.01,0.02,10.38,63.81,87.50,0.06,0.50,0.19,7,2
1772046753.720423,4092268,0.21,0.01,0.16,-160.81,-68.94,86.50,-3.75,-2.12,-1.06,-0.08,0.05,0.02,10.38,63.81,87.50,0.25,0.06,-0.13,7,2
1772046753.911754,4092459,0.29,0.03,0.13,-160.00,-69.19,85.50,-5.69,-1.31,-1.81,-0.08,0.05,0.07,10.38,63.81,87.44,0.50,0.94,0.50,6,2
1772046754.101277,4092649,0.22,0.05,0.14,-159.62,-69.37,84.94,0.88,0.50,0.81,-0.13,0.03,0.00,10.19,63.94,87.44,1.81,-0.44,-0.06,6,2
1772046754.292475,4092840,0.19,-0.09,0.16,-160.62,-69.12,85.50,5.75,2.31,0.19,-0.10,0.11,0.04,10.19,63.94,87.44,0.19,-0.69,-0.88,4,2
1772046754.482045,4093030,0.26,0.00,0.09,-161.19,-68.56,86.31,2.25,2.56,0.62,-0.02,0.15,-0.01,10.00,63.88,87.62,1.00,1.37,0.00,4,2
1772046754.673376,4093221,0.32,-0.02,0.07,-161.06,-68.31,86.75,0.44,0.37,1.06,-0.13,0.05,0.09,10.00,63.75,87.62,-1.00,0.00,0.13,3,2
1772046754.864508,4093412,0.31,-0.12,0.07,-161.19,-68.31,86.87,-0.13,-0.19,-0.31,-0.07,0.04,0.04,10.00,63.69,87.69,0.13,-0.19,0.31,3,2
1772046755.054611,4093602,0.29,-0.12,0.15,-161.00,-68.44,86.87,0.31,-0.81,0.06,-0.09,0.01,0.03,10.00,63.69,87.69,-0.50,-1.19,-0.37,2,2
1772046755.245364,4093793,0.26,-0.11,0.10,-160.94,-68.50,86.87,-0.56,0.37,0.37,-0.05,0.03,0.14,10.00,63.63,87.69,0.37,1.50,0.25,3,3
1772046755.436759,4093984,0.31,-0.05,0.10,-160.94,-68.44,86.75,-0.31,-0.88,0.00,-0.09,0.07,0.02,10.06,63.56,87.62,-0.13,-0.44,0.06,3,4
1772046755.627772,4094175,0.26,-0.06,0.14,-160.94,-68.44,86.81,-0.31,-0.31,0.00,-0.13,0.03,0.05,10.00,63.56,87.62,0.25,0.75,0.56,4,4
1772046755.819464,4094367,0.29,-0.09,0.16,-161.00,-68.50,86.87,0.25,-0.69,0.37,-0.08,0.07,0.06,10.06,63.50,87.62,0.00,-0.31,-0.13,4,3
1772046756.008736,4094556,0.34,-0.10,0.08,-160.87,-68.50,86.75,-0.88,-0.19,0.50,-0.03,0.04,0.09,10.00,63.56,87.69,0.31,1.00,0.31,4,3
1772046756.200012,4094747,0.30,-0.05,0.08,-160.37,-68.87,85.75,-9.31,-3.12,-2.06,-0.05,0.08,0.17,10.00,63.63,87.69,-0.81,-0.62,-0.06,5,3
1772046756.390113,4094938,0.24,-0.05,0.20,-159.25,-69.50,84.25,-3.44,-3.37,-1.56,-0.07,0.01,0.11,10.00,63.81,87.62,0.37,0.94,0.75,5,3
1772046756.580969,4095128,0.31,-0.03,0.11,-158.62,-69.75,83.94,1.12,0.69,-0.56,-0.05,0.05,-0.01,10.06,63.88,87.75,0.25,-0.75,-0.81,6,3
1772046756.771494,4095319,0.20,-0.01,0.17,-158.56,-69.87,84.00,-0.37,-0.50,0.44,-0.10,0.06,0.07,10.06,63.94,87.81,-0.62,0.88,-0.19,5,3
1772046756.961702,4095509,0.30,-0.01,0.16,-158.50,-69.81,84.00,-0.50,-0.25,-0.75,-0.03,0.10,0.01,9.94,63.94,87.75,1.00,0.50,-0.06,5,3
1772046757.152210,4095700,0.27,0.44,0.17,-158.44,-69.75,83.94,3.31,2.25,0.81,-0.05,0.04,0.09,10.13,63.88,87.62,0.37,1.37,1.06,5,3
1772046757.341871,4095890,0.27,-0.28,0.09,-159.50,-69.31,86.19,5.94,1.19,0.37,-0.10,0.13,0.06,10.13,63.75,87.62,-0.19,1.06,0.88,5,2
1772046757.531516,4096079,0.19,0.06,0.08,-160.19,-69.19,86.56,1.37,1.62,-1.31,-0.12,0.12,0.03,10.38,63.75,87.50,0.19,0.25,-0.06,4,1
1772046757.723285,4096271,0.32,-0.09,0.08,-161.37,-68.94,87.19,-1.06,0.25,-0.56,-0.07,0.01,0.13,10.38,63.69,87.56,-0.25,0.25,0.31,5,2
1772046757.914284,4096462,0.27,-0.14,0.09,-161.37,-68.94,87.25,-0.44,-0.25,0.06,-0.11,0.04,0.07,10.38,63.69,87.50,0.25,-0.37,-0.25,4,2
1772046758.105257,4096653,0.34,-0.06,0.10,-161.06,-68.94,87.00,-1.12,-0.50,0.94,-0.13,0.09,0.00,10.31,63.81,87.56,-0.37,-2.87,-1.00,4,2
1772046758.295785,4096843,0.27,-0.07,0.12,-160.87,-68.94,86.87,-0.62,0.00,0.31,-0.04,0.07,0.09,10.31,63.81,87.56,-0.19,-0.50,-0.50,4,2
1772046758.486509,4097034,0.30,-0.06,0.10,-160.69,-68.94,86.69,-0.81,-0.75,0.31,-0.09,0.06,0.07,10.31,63.88,87.56,-0.13,-0.62,-0.25,5,2
1772046758.677334,4097225,0.25,-0.07,0.14,-160.44,-69.12,86.56,-1.06,-0.50,0.25,-0.06,0.04,0.08,10.31,63.88,87.62,0.25,0.00,-0.06,5,2
1772046758.867896,4097416,0.33,-0.21,0.09,-160.19,-69.19,86.19,-3.12,-1.00,0.00,-0.10,0.06,0.10,10.31,63.88,87.56,0.06,0.06,0.13,6,2
1772046759.058612,4097606,0.28,0.13,0.15,-159.75,-69.50,84.87,-4.25,-1.62,-1.31,-0.05,0.04,0.05,10.38,63.94,87.56,0.13,0.31,0.75,6,2
1772046759.249362,4097797,0.19,-0.03,0.21,-159.62,-69.75,84.94,0.37,0.44,-0.06,-0.16,0.10,0.02,10.38,63.88,87.56,-0.31,0.06,0.25,7,3
1772046759.439850,4097988,0.28,-0.07,0.20,-160.06,-69.56,85.12,0.00,0.81,0.44,-0.06,0.01,0.11,10.38,63.88,87.56,-0.31,0.06,0.00,7,3
1772046759.630712,4098178,0.23,-0.11,0.11,-160.69,-69.31,85.75,4.62,1.87,0.56,-0.09,0.09,0.04,10.38,63.81,87.56,0.50,0.31,0.00,7,3
1772046759.821621,4098369,0.26,-0.07,0.15,-161.44,-69.06,86.31,0.94,0.88,0.13,-0.04,0.08,0.15,10.38,63.81,87.56,-0.44,-0.31,-0.06,7,3
1772046760.012176,4098560,0.31,-0.14,0.09,-161.75,-68.87,86.50,0.44,0.56,0.13,-0.05,0.06,0.10,10.38,63.88,87.56,0.13,0.81,0.25,6,3
1772046760.203320,4098751,0.28,-0.02,0.13,-161.56,-68.87,86.31,-0.13,-0.50,0.44,-0.07,0.07,0.10,10.38,63.94,87.62,-0.19,0.25,-0.06,6,3
1772046760.392479,4098940,0.28,-0.04,0.16,-161.44,-68.94,86.19,-0.94,-1.44,0.44,-0.11,0.08,0.08,10.38,63.94,87.62,0.25,0.56,0.13,5,3
1772046760.584026,4099132,0.23,0.06,0.21,-160.87,-69.19,85.87,1.25,-0.69,0.13,-0.14,0.13,0.03,10.44,64.00,87.62,-0.69,-0.50,-0.25,5,3
1772046760.774911,4099323,0.28,0.04,0.11,-160.94,-69.12,85.94,0.37,0.94,-0.81,-0.13,0.07,0.08,10.44,63.94,87.56,-0.19,-0.25,0.06,4,3
1772046760.965523,4099513,0.29,-0.13,0.11,-161.37,-69.12,86.31,1.12,0.50,-0.56,-0.09,0.04,0.09,10.44,63.88,87.56,-0.31,1.25,0.19,5,3
1772046761.156219,4099704,0.24,0.06,0.12,-161.37,-69.12,86.37,0.44,0.19,-0.44,-0.10,0.09,0.11,10.44,63.94,87.56,0.37,1.37,0.13,4,3
1772046761.346150,4099894,0.23,-0.04,0.07,-161.62,-69.00,86.50,-0.88,1.12,-0.31,-0.10,0.01,0.10,10.44,63.88,87.56,-0.06,-0.25,-0.25,4,3
1772046761.537507,4100085,0.27,-0.08,0.12,-161.81,-68.87,86.62,-0.13,0.00,-0.62,-0.08,0.05,0.09,10.44,63.88,87.56,-0.06,0.06,-0.13,4,3
1772046761.728346,4100276,0.22,-0.06,0.13,-161.56,-68.87,86.44,-0.37,0.37,0.00,-0.09,0.07,0.05,10.38,63.94,87.56,0.13,-0.37,-0.19,4,2
1772046761.919349,4100467,0.29,-0.05,0.13,-161.50,-68.87,86.37,-0.94,0.37,-0.06,-0.11,0.04,0.07,10.38,63.94,87.56,0.13,0.13,0.19,4,2
1772046762.110408,4100658,0.31,-0.05,0.12,-161.37,-68.87,86.31,-0.44,-0.31,-0.31,-0.02,0.05,0.08,10.38,63.94,87.56,0.13,0.37,0.06,5,3
1772046762.300713,4100848,0.28,-0.02,0.16,-161.31,-68.94,86.25,-0.56,0.44,0.13,-0.07,0.02,0.11,10.38,64.00,87.56,0.06,-1.06,0.06,4,3
1772046762.491607,4101039,0.26,-0.05,0.13,-161.31,-69.00,86.25,-1.06,-0.13,0.06,-0.05,0.03,0.16,10.38,63.94,87.56,0.37,0.62,0.31,4,3
1772046762.682270,4101230,0.28,-0.07,0.13,-160.75,-69.12,85.81,-1.69,-2.37,0.06,-0.08,0.03,0.14,10.38,63.94,87.56,0.56,0.50,0.25,6,3
1772046762.873100,4101421,0.29,-0.06,0.14,-160.06,-69.50,85.37,-2.00,-1.37,0.56,-0.07,0.03,0.15,10.38,63.94,87.56,0.31,0.62,0.25,5,2
1772046763.062551,4101610,0.25,-0.01,0.18,-159.50,-69.87,84.81,-1.44,-2.06,0.31,-0.15,0.02,0.12,10.38,63.94,87.56,0.81,-1.25,0.13,5,2
1772046763.252832,4101800,0.32,-0.16,0.07,-159.31,-70.00,84.62,-1.87,-1.56,-0.13,-0.09,0.04,0.04,10.38,64.00,87.44,-0.37,-0.56,0.25,5,2
1772046763.444518,4101992,0.15,0.04,0.28,-158.44,-70.75,83.75,-1.81,-3.75,0.31,-0.13,0.07,0.05,10.25,64.00,87.56,-0.13,-0.31,-0.69,5,2
1772046763.635373,4102183,0.30,-0.06,0.13,-158.12,-70.75,83.75,1.25,1.37,0.81,-0.08,0.05,0.11,10.25,64.00,87.56,-0.50,0.62,-0.25,4,2
1772046763.826202,4102374,0.21,0.06,0.16,-158.31,-70.37,84.06,10.31,3.56,3.62,-0.11,0.06,0.01,10.13,63.88,87.62,-0.62,0.06,-0.50,5,2
1772046764.015566,4102564,0.36,-0.15,0.07,-159.75,-69.69,85.69,3.12,2.44,0.19,0.00,0.00,0.18,10.13,63.81,87.62,1.12,1.12,1.62,4,2
1772046764.205879,4102754,0.25,-0.23,0.10,-160.75,-69.56,86.31,3.62,-1.00,0.13,-0.13,0.07,0.14,10.19,63.81,87.62,-0.19,0.75,0.13,5,2
1772046764.398102,4102946,0.37,-0.11,0.06,-160.44,-69.69,86.12,-4.06,-2.19,1.19,-0.07,0.04,0.05,10.19,63.75,87.56,0.06,-0.25,-0.50,5,2
1772046764.589240,4103137,0.21,0.05,0.16,-159.56,-70.12,85.25,-1.81,-1.69,-0.06,-0.09,0.07,0.04,10.13,63.75,87.56,-0.13,-0.13,-0.25,4,2
1772046764.780426,4103328,0.24,0.03,0.12,-159.12,-70.19,85.06,1.06,0.13,-0.69,-0.16,0.06,0.10,10.13,63.75,87.56,-0.44,-0.25,-0.19,4,2
1772046764.971336,4103519,0.28,-0.14,0.08,-159.31,-70.19,85.19,-0.06,0.56,-0.44,-0.10,0.03,0.09,9.94,63.88,87.62,0.56,-0.88,-1.25,5,2
1772046765.161547,4103709,0.34,0.04,0.09,-158.87,-70.12,84.87,-0.75,0.06,0.44,-0.07,0.12,0.00,9.94,63.94,87.69,0.13,-0.37,-0.44,4,2
1772046765.352767,4103901,0.13,0.05,0.18,-158.56,-70.31,84.75,-0.19,0.75,0.25,-0.05,0.07,0.01,9.94,63.94,87.62,-0.44,-0.19,-0.50,4,2
1772046765.543192,4104091,0.25,-0.14,0.06,-159.44,-70.00,85.25,0.31,1.31,-1.25,-0.05,0.04,0.05,10.00,63.94,87.62,-0.25,0.62,0.56,5,2
1772046765.734336,4104282,0.20,-0.08,0.09,-160.00,-69.81,85.50,0.13,0.37,-1.19,-0.10,0.08,0.06,10.00,63.88,87.62,-1.06,-0.06,-0.69,4,3
1772046765.925043,4104473,0.34,-0.10,0.11,-160.31,-69.62,85.69,0.88,0.37,-0.37,-0.07,0.02,0.03,10.13,63.88,87.56,-0.94,-1.37,-0.69,5,2
1772046766.114422,4104662,0.24,-0.11,0.10,-160.19,-69.69,85.87,-1.75,0.44,-0.19,-0.07,0.03,0.04,10.06,63.81,87.62,0.19,0.81,0.50,4,2
1772046766.305652,4104853,0.28,-0.15,0.09,-159.87,-69.87,85.62,-1.81,-2.56,-0.25,-0.07,0.03,0.09,10.06,63.81,87.62,0.19,0.44,0.44,6,2
1772046766.496419,4105044,0.26,-0.05,0.13,-159.19,-70.31,85.00,-4.87,-1.87,-1.25,-0.05,0.05,0.08,10.06,63.81,87.62,0.25,1.19,0.50,6,2
1772046766.687374,4105235,0.27,-0.04,0.15,-158.56,-70.56,84.50,-0.37,-1.44,0.13,-0.06,-0.01,0.12,10.00,63.88,87.62,0.56,0.06,0.50,6,2
1772046766.876879,4105425,0.29,-0.16,0.07,-158.87,-70.44,84.69,1.56,2.69,0.00,-0.09,0.00,0.05,10.00,63.94,87.62,-0.25,-0.75,-0.13,5,2
1772046767.066618,4105615,0.26,0.07,0.13,-159.12,-70.19,84.94,4.75,-1.25,3.31,-0.12,0.10,0.12,10.06,63.88,87.69,0.13,-0.37,-0.56,6,2
1772046767.258428,4105806,0.28,-0.16,0.07,-159.94,-69.94,86.00,-0.56,3.37,-0.81,-0.06,0.04,0.00,10.00,63.81,87.69,0.31,0.19,0.88,6,2
1772046767.449769,4105997,0.25,-0.10,0.09,-160.25,-69.62,85.87,0.69,-0.81,0.00,-0.11,0.07,0.12,10.00,63.75,87.69,-0.13,-0.44,-0.19,6,2
1772046767.640542,4106188,0.34,-0.06,0.10,-160.19,-69.69,85.81,-0.37,-1.56,0.50,-0.07,0.00,0.10,9.94,63.75,87.69,0.19,1.12,0.44,7,2
1772046767.830148,4106378,0.23,-0.14,0.13,-160.00,-69.87,85.81,0.31,-1.31,-0.31,-0.18,0.07,0.00,9.88,63.75,87.69,0.19,-0.44,-0.13,7,2
1772046768.020641,4106569,0.28,-0.01,0.08,-159.81,-69.94,85.62,-0.69,0.44,0.31,-0.06,0.04,0.04,9.81,63.69,87.69,0.19,0.31,0.19,7,3
1772046768.212451,4106760,0.26,-0.11,0.08,-159.81,-69.94,85.62,-0.44,-0.88,0.00,-0.04,0.05,0.06,9.81,63.63,87.69,0.25,1.06,0.13,5,3
1772046768.403486,4106951,0.30,-0.08,0.03,-159.56,-70.06,85.31,-3.50,-0.37,-2.12,-0.01,0.06,0.03,9.75,63.75,87.69,0.31,0.81,0.13,5,3
1772046768.594470,4107142,0.24,-0.12,0.13,-159.50,-70.12,84.87,-1.37,-0.06,-0.13,-0.03,0.03,0.09,9.75,63.75,87.69,0.00,0.31,0.25,5,3
1772046768.785582,4107333,0.31,-0.05,0.13,-159.31,-70.25,84.62,0.13,-0.69,-0.19,-0.06,0.06,0.01,9.75,63.81,87.69,0.62,-0.44,-0.06,5,3
1772046768.976122,4107524,0.28,0.01,0.12,-159.06,-70.44,84.56,-0.44,0.06,1.06,-0.03,0.05,0.07,9.75,63.88,87.75,0.69,0.31,-0.31,5,3
1772046769.167897,4107716,0.25,-0.01,0.15,-158.62,-70.37,84.31,-1.50,0.00,0.81,-0.12,-0.01,0.03,9.69,63.94,87.75,0.13,-0.56,-0.31,6,4
1772046769.357894,4107906,0.33,-0.05,0.14,-158.44,-70.37,84.19,1.25,0.44,0.56,-0.20,0.12,0.05,9.75,63.88,87.75,-1.75,-2.94,0.50,6,3
1772046769.548204,4108096,0.26,-0.13,0.12,-159.50,-70.12,84.94,6.00,-0.31,-2.94,-0.10,-0.05,0.00,10.31,63.88,87.12,3.75,-2.31,2.31,7,4
1772046769.737878,4108286,0.37,-0.01,0.16,-161.56,-70.25,86.06,-1.69,-1.62,2.44,-0.06,0.04,-0.01,10.31,63.88,86.81,-0.81,1.44,-0.06,6,3
1772046769.927487,4108476,0.25,-0.04,0.09,-160.12,-70.37,85.56,-0.25,2.12,0.00,-0.08,0.01,0.10,10.31,63.69,86.81,0.44,0.75,1.06,8,3
1772046770.119366,4108667,0.29,-0.05,0.12,-160.31,-70.19,85.50,-1.06,-2.31,-0.25,-0.02,0.00,0.17,10.38,63.63,86.75,1.06,0.94,0.56,8,3
1772046770.310640,4108858,0.37,-0.07,0.10,-159.87,-70.31,85.00,-5.56,-1.56,0.69,-0.07,0.02,0.00,10.38,63.50,86.62,-0.13,-1.06,-1.31,8,3
1772046770.501514,4109049,0.26,0.10,0.11,-158.12,-70.62,83.44,-2.87,-2.62,0.62,-0.11,0.03,0.08,10.25,63.69,86.87,-0.13,-1.69,0.31,8,3
1772046770.691311,4109239,0.20,-0.09,0.18,-157.87,-70.94,83.37,1.44,-2.31,-0.69,-0.10,0.01,-0.14,10.44,63.88,86.87,-2.12,-2.94,-1.37,8,3
1772046770.880928,4109429,0.13,-0.03,0.26,-158.25,-71.06,84.25,6.44,0.00,2.12,-0.08,0.04,0.06,10.38,63.88,87.00,0.00,0.00,-0.56,7,3
1772046771.072888,4109621,0.34,-0.12,0.10,-158.94,-70.56,85.44,6.00,1.19,1.06,-0.01,-0.01,0.09,10.25,63.75,87.06,0.81,1.94,0.69,7,2
1772046771.263915,4109812,0.26,-0.11,0.08,-159.94,-70.37,86.12,2.06,0.69,1.19,-0.04,0.04,0.07,10.25,63.63,87.12,0.00,1.06,-0.19,7,2
1772046771.454952,4110003,0.31,-0.10,0.09,-160.00,-70.19,86.06,0.06,0.19,0.31,-0.10,0.00,0.11,10.13,63.50,87.12,-0.13,1.56,0.31,6,2
1772046771.646142,4110194,0.24,-0.12,0.07,-160.00,-70.19,86.00,0.37,0.19,0.06,-0.13,0.04,0.02,10.13,63.44,87.12,-0.19,-0.37,-0.13,6,2
1772046771.837351,4110385,0.32,-0.02,0.09,-160.00,-70.19,85.94,0.06,-0.56,0.56,-0.11,0.05,0.04,10.00,63.44,87.19,-0.25,-0.56,-0.94,4,2
1772046772.028162,4110576,0.24,-0.09,0.14,-159.69,-70.25,85.81,0.75,-0.06,-0.44,-0.11,0.08,-0.02,10.00,63.56,87.25,-0.75,-0.50,-0.75,5,2
1772046772.218491,4110766,0.23,-0.04,0.08,-159.69,-70.19,85.75,-0.56,1.56,-0.56,-0.08,0.02,0.03,10.00,63.56,87.25,-0.37,-0.88,-0.37,4,2
1772046772.409025,4110957,0.32,-0.13,0.08,-159.81,-70.12,85.75,0.56,-1.00,-0.06,-0.09,0.06,0.04,10.06,63.63,87.25,0.06,0.06,0.00,4,2
1772046772.599363,4111147,0.32,0.01,0.09,-159.62,-70.19,85.62,0.25,0.44,-0.19,-0.04,0.06,0.00,10.00,63.63,87.31,0.00,0.00,-0.37,4,2
1772046772.790139,4111338,0.29,0.04,0.10,-159.56,-70.19,85.50,-0.69,0.75,0.19,-0.09,0.02,0.06,10.00,63.63,87.37,-0.75,-1.12,-0.88,4,2
1772046772.981931,4111530,0.31,-0.10,0.06,-159.50,-70.19,85.50,-1.37,-0.88,-0.37,-0.10,-0.01,-0.01,10.00,63.63,87.31,1.06,-0.25,-0.44,5,2
1772046773.172241,4111720,0.26,0.52,0.14,-159.75,-70.69,82.75,-10.00,-0.69,-1.37,-0.08,0.03,-0.09,10.06,63.69,87.19,0.75,-0.31,-0.19,4,2
1772046773.362905,4111911,0.09,-0.02,0.13,-158.62,-70.81,82.81,2.62,0.62,0.94,-0.08,0.04,0.03,10.06,63.63,87.19,0.44,0.19,0.69,4,2
1772046773.552348,4112101,0.34,-0.31,0.08,-159.00,-70.25,84.81,11.19,0.94,2.00,-0.03,0.08,0.00,10.06,63.50,87.25,0.25,0.50,0.00,4,2
1772046773.742242,4112290,0.36,-0.02,0.06,-160.31,-70.06,85.75,-0.06,1.75,0.13,-0.09,0.08,-0.03,10.13,63.50,87.25,-0.37,-2.87,-1.25,5,3
1772046773.933912,4112482,0.23,-0.11,0.08,-160.81,-70.06,86.12,-1.12,-0.62,0.44,-0.08,0.04,0.01,10.06,63.63,87.25,-0.31,-0.69,-0.44,5,3
1772046774.124539,4112673,0.31,-0.14,0.06,-160.69,-70.06,86.00,0.50,0.13,-0.37,0.00,0.04,0.05,10.06,63.63,87.31,0.37,0.62,0.50,4,3
1772046774.315947,4112864,0.28,-0.07,0.10,-160.62,-70.06,85.87,-0.50,0.62,0.62,-0.06,0.02,0.06,10.00,63.69,87.37,-0.69,-1.44,-0.69,4,2
1772046774.507057,4113055,0.27,-0.07,0.10,-160.50,-70.06,85.75,-0.75,-0.06,0.50,-0.02,0.02,0.08,10.00,63.69,87.37,-0.13,0.44,-0.13,4,2
1772046774.697937,4113246,0.31,-0.05,0.08,-160.50,-70.06,85.69,-1.25,-0.62,-0.06,-0.05,0.04,0.06,10.06,63.69,87.37,0.06,-0.31,0.06,4,4
1772046774.888953,4113437,0.20,-0.04,0.12,-160.06,-70.25,85.44,-1.31,-1.06,0.00,-0.13,0.06,0.03,10.00,63.69,87.37,0.88,1.06,0.75,4,4
1772046775.079039,4113627,0.25,-0.06,0.15,-159.94,-70.37,85.31,0.00,-0.75,0.75,-0.05,0.09,0.04,10.06,63.69,87.37,0.25,-0.19,0.00,4,4
1772046775.269582,4113818,0.27,-0.05,0.08,-159.94,-70.31,85.31,0.69,0.94,-0.13,-0.09,0.03,0.02,10.06,63.63,87.37,0.19,0.19,0.31,3,4
1772046775.460340,4114008,0.39,-0.02,0.08,-159.87,-70.31,85.31,0.37,0.44,1.31,-0.09,0.06,0.04,10.19,63.63,87.31,0.62,-0.31,2.06,4,4
1772046775.651041,4114199,0.31,-0.32,0.07,-160.31,-70.37,85.44,-0.62,1.25,-1.00,-0.03,-0.03,0.01,10.44,63.69,86.81,1.87,-0.94,0.94,3,3
1772046775.841858,4114390,0.19,-0.07,0.24,-159.62,-70.62,84.81,-1.19,-3.69,1.31,-0.10,0.07,0.00,10.19,63.88,86.75,0.31,-0.19,-0.94,3,3
1772046776.031987,4114580,0.31,0.13,0.10,-158.62,-70.62,84.44,3.25,3.06,0.50,-0.11,0.08,0.03,10.00,63.75,86.75,1.37,-0.13,0.13,3,3
1772046776.222899,4114771,0.29,-0.27,0.08,-159.94,-70.31,85.50,1.00,1.37,-1.50,-0.06,0.06,0.01,10.06,63.75,86.69,-1.00,-0.69,-1.12,3,4
1772046776.412490,4114960,0.34,0.00,0.04,-159.94,-70.06,85.37,-1.12,1.62,0.62,-0.05,0.03,-0.01,9.94,63.63,86.75,-0.19,-0.31,-0.19,4,3
1772046776.602412,4115150,0.23,-0.32,0.11,-160.44,-70.19,85.62,-1.50,-1.56,-3.19,-0.02,-0.02,-0.06,9.75,63.75,86.50,2.06,-0.94,0.44,4,2
1772046776.793957,4115342,0.04,0.20,0.12,-158.69,-70.31,85.00,6.62,-4.62,4.25,-0.06,0.20,0.13,9.81,63.50,87.06,-0.94,1.37,-0.06,4,2
1772046776.984997,4115533,0.40,0.06,0.06,-159.62,-70.00,85.44,2.50,2.31,-2.50,-0.01,-0.05,0.12,10.31,63.13,86.87,1.81,0.56,2.00,5,2
1772046777.176413,4115724,0.26,-0.18,0.06,-161.81,-70.06,86.44,-3.44,-1.75,0.19,-0.03,-0.03,0.05,10.50,63.13,86.69,0.37,-0.19,-0.13,5,3
1772046777.366073,4115914,0.31,0.22,0.14,-160.69,-70.19,85.31,-1.06,-0.19,1.81,-0.02,0.07,0.01,10.25,63.25,86.81,-1.00,-3.25,-1.50,5,3
1772046777.555797,4116104,0.15,-0.03,0.19,-160.31,-70.44,85.06,-3.25,0.00,-2.81,-0.08,0.02,-0.03,10.13,63.38,86.56,-1.25,-2.69,-0.62,5,3
1772046777.747893,4116296,0.35,-0.08,0.12,-161.06,-70.19,85.56,3.56,-0.13,0.62,-0.14,0.14,0.00,10.13,63.31,86.81,-0.69,-0.37,-1.44,5,3
1772046777.939089,4116487,0.20,0.00,0.05,-160.94,-70.12,85.69,-0.69,0.94,-1.06,-0.20,-0.01,-0.03,10.13,63.25,86.87,0.31,-0.50,0.44,5,3
1772046778.130020,4116678,0.35,-0.08,0.10,-161.87,-69.94,86.12,0.69,-0.31,0.06,-0.08,0.08,-0.04,10.25,63.31,86.87,0.06,-0.69,-0.69,5,3
1772046778.320729,4116869,0.21,0.00,0.11,-161.50,-70.06,86.00,-1.19,0.88,-0.50,-0.06,-0.02,0.03,10.25,63.25,86.87,0.56,0.81,0.88,5,3
1772046778.511763,4117060,0.31,-0.05,0.06,-161.94,-70.00,86.19,0.56,-0.69,-0.06,-0.10,0.04,0.07,10.31,63.19,86.87,0.00,0.62,0.06,5,3
1772046778.703338,4117251,0.26,-0.08,0.16,-161.75,-70.06,86.12,0.19,-0.44,-0.19,-0.05,-0.02,0.04,10.31,63.19,86.81,-0.06,0.50,0.88,6,3
1772046778.893565,4117442,0.25,-0.20,0.11,-161.94,-70.12,86.31,1.44,0.75,0.31,-0.05,0.05,0.02,10.13,63.13,86.81,0.62,-0.56,-0.81,5,3
1772046779.084394,4117633,0.27,0.13,0.04,-161.25,-69.87,85.62,0.69,-1.50,0.25,-0.05,0.02,0.07,10.13,63.06,86.81,0.13,1.69,-0.06,4,3
1772046779.274343,4117822,0.41,-0.06,0.02,-161.25,-69.94,85.75,-2.94,-0.06,0.13,-0.06,-0.03,-0.01,10.13,63.13,86.81,1.00,0.50,1.00,4,3
1772046779.464815,4118013,0.11,-0.10,0.10,-160.69,-70.19,85.25,-0.19,0.62,-0.44,-0.03,0.02,0.00,10.06,63.25,86.81,0.56,-0.50,0.00,5,3
1772046779.656374,4118204,0.24,-0.04,0.11,-160.50,-70.19,85.12,1.12,-1.19,-0.31,-0.12,0.04,-0.02,9.88,63.44,87.00,-0.81,-0.31,-0.56,5,3
1772046779.846711,4118395,0.29,-0.21,0.07,-160.94,-70.12,85.94,3.81,2.31,0.50,-0.10,0.06,-0.10,9.88,63.44,87.06,0.19,-1.37,-0.31,5,3
1772046780.037131,4118586,0.20,0.06,0.11,-161.00,-70.00,85.75,-1.00,1.94,1.25,0.02,0.01,0.11,9.81,63.31,87.06,-0.31,1.25,0.37,5,3
1772046780.228850,4118777,0.38,-0.06,0.07,-161.44,-69.62,85.75,-0.44,-0.75,-0.25,-0.10,0.03,0.01,9.88,63.31,87.06,-0.50,-0.75,-0.06,5,3
1772046780.418020,4118966,0.24,-0.13,0.13,-160.87,-70.06,85.50,-6.56,-2.37,-2.06,-0.10,0.04,-0.04,9.88,63.31,87.06,-0.13,-0.69,0.06,6,4
1772046780.609683,4119158,0.22,0.02,0.20,-160.19,-70.56,84.50,-1.19,-2.06,0.44,0.00,-0.03,0.07,9.88,63.38,86.94,0.31,1.25,0.62,5,3
1772046780.800400,4119349,0.35,-0.05,0.11,-160.25,-70.50,84.50,1.19,1.69,0.00,-0.06,0.02,-0.04,9.94,63.31,87.00,-0.19,0.31,0.31,5,4
1772046780.991857,4119540,0.25,-0.03,0.15,-160.81,-70.44,85.19,5.75,1.75,0.44,-0.07,0.00,0.03,9.94,63.19,87.00,-0.06,0.00,-0.25,5,3
1772046781.181607,4119730,0.40,-0.20,0.05,-161.87,-70.00,86.12,1.69,0.94,-0.06,-0.12,0.00,0.00,9.94,63.25,87.00,-0.19,-0.06,0.13,5,3
1772046781.372646,4119921,0.26,-0.06,0.11,-161.69,-70.00,86.06,0.13,0.81,0.44,-0.09,0.02,-0.03,9.88,63.25,87.00,1.06,-0.88,-0.25,4,3
1772046781.563383,4120112,0.28,-0.06,0.09,-161.44,-69.94,85.75,0.06,-0.94,-0.31,-0.05,-0.01,0.05,9.94,63.31,87.00,0.69,0.25,0.37,4,3
1772046781.754052,4120302,0.28,0.02,0.09,-161.37,-70.00,85.75,-0.44,1.12,0.13,-0.10,0.05,0.00,9.88,63.38,87.06,-0.31,-0.19,-0.88,4,3
1772046781.945339,4120493,0.18,0.00,0.08,-161.25,-69.94,85.62,-1.37,0.06,-0.06,-0.11,0.00,0.04,9.88,63.31,87.06,0.00,-0.25,-0.13,3,3
1772046782.134558,4120683,0.08,0.02,0.20,-161.62,-69.62,85.75,1.69,6.31,-0.50,-0.06,0.04,-0.02,9.81,63.31,87.06,0.06,-0.25,-0.06,2,2
1772046782.324135,4120872,0.33,-0.11,0.06,-163.19,-68.62,86.31,1.06,4.06,-1.06,-0.13,0.00,0.12,10.00,63.06,86.94,-1.06,-0.50,0.75,2,2
1772046782.515614,4121064,0.36,-0.04,0.00,-164.12,-68.06,86.81,1.50,2.25,0.31,-0.09,0.02,0.12,10.19,62.94,86.81,0.13,0.56,0.25,3,2
1772046782.706993,4121255,0.27,-0.05,0.16,-164.31,-68.00,87.94,5.94,-2.31,0.31,-0.07,-0.06,0.00,10.50,62.88,86.81,-1.06,0.25,0.19,3,3
1772046782.898472,4121447,0.26,-0.27,0.05,-165.44,-68.31,89.19,1.37,0.19,0.75,-0.12,0.00,0.06,10.25,62.88,87.00,0.31,0.25,-0.88,4,3
1772046783.088185,4121636,0.27,-0.04,0.11,-165.37,-68.12,89.25,1.75,1.25,1.37,-0.06,0.04,0.05,9.94,62.88,87.25,-1.19,0.25,-0.69,4,3
1772046783.277886,4121826,0.28,-0.10,0.09,-165.56,-67.75,89.50,1.81,1.69,-0.44,-0.08,-0.03,0.00,9.88,62.88,87.37,-0.69,-0.50,-0.75,5,3
1772046783.469542,4122018,0.33,-0.12,0.09,-166.00,-67.50,89.94,1.06,-0.19,-0.13,-0.08,-0.03,0.15,9.75,62.81,87.50,0.06,0.50,-0.37,4,3
1772046783.660547,4122209,0.32,-0.13,0.08,-166.12,-67.50,90.12,0.69,-1.31,0.19,-0.09,0.01,0.05,9.69,62.88,87.56,-0.31,0.44,-0.19,5,3
1772046783.851868,4122400,0.28,0.00,0.11,-165.87,-67.69,90.06,0.19,-0.50,-0.19,-0.07,0.04,0.04,9.69,62.88,87.56,-0.37,0.00,0.06,5,3
1772046784.041171,4122590,0.31,-0.13,0.12,-165.81,-67.75,90.12,0.06,-1.25,0.00,-0.09,0.01,0.04,9.75,62.81,87.50,0.19,0.37,0.00,5,3
1772046784.231889,4122780,0.26,0.06,0.09,-165.37,-67.87,89.94,0.06,0.50,-0.25,-0.10,0.03,0.00,9.75,62.81,87.50,0.37,-0.06,-0.37,5,3
1772046784.424042,4122972,0.31,-0.07,0.08,-165.75,-67.94,90.37,-1.31,-0.25,-0.31,-0.11,0.00,0.05,9.69,62.75,87.50,0.25,0.69,0.19,4,2
1772046784.614557,4123163,0.27,-0.01,0.13,-165.69,-68.12,90.37,0.81,-2.12,-0.81,-0.17,-0.03,0.10,9.75,62.63,87.50,0.25,0.19,0.25,4,2
1772046784.806350,4123355,0.36,-0.03,0.07,-165.87,-68.31,90.69,0.31,-1.19,1.44,-0.04,-0.10,0.16,9.75,62.63,87.56,-0.69,-2.31,-1.00,3,2
1772046784.996276,4123545,0.28,-0.03,0.14,-165.87,-68.69,91.12,1.94,-2.25,0.31,-0.07,0.00,0.09,9.69,62.75,87.69,0.06,0.69,0.06,4,2
1772046785.186131,4123734,0.28,-0.11,0.11,-166.50,-68.94,91.87,1.69,-0.44,-1.00,-0.12,-0.01,0.04,9.88,62.75,87.81,-0.62,-0.31,-0.13,3,2
1772046785.377125,4123925,0.22,-0.17,0.12,-167.31,-69.00,92.56,1.12,0.06,-0.19,-0.05,0.02,0.06,9.88,62.69,87.81,-0.44,-0.75,-0.56,4,2
1772046785.567899,4124116,0.26,-0.07,0.12,-167.44,-68.94,92.56,-0.31,-0.25,1.25,-0.09,0.00,0.10,9.75,62.69,87.87,0.06,0.31,-0.31,3,2
1772046785.759278,4124308,0.26,-0.01,0.08,-167.06,-68.81,92.19,-0.62,0.69,0.62,-0.09,0.00,0.04,9.75,62.63,87.87,-0.37,-0.44,0.44,3,2
1772046785.948992,4124497,0.25,-0.18,0.13,-167.19,-68.87,92.25,1.31,-1.31,0.56,-0.10,0.01,0.10,9.75,62.56,87.87,0.50,0.50,0.06,3,2
1772046786.140147,4124689,0.31,0.10,0.08,-167.00,-68.94,92.12,0.37,-0.19,0.37,-0.10,0.04,0.02,9.81,62.63,87.81,0.19,0.88,0.19,3,2
1772046786.332467,4124881,0.22,-0.14,0.08,-167.06,-69.00,92.19,-1.37,0.81,0.44,-0.05,0.00,0.07,9.81,62.56,87.81,0.13,0.44,0.31,4,2
1772046786.522382,4125071,0.27,-0.15,0.09,-166.94,-69.00,92.06,0.25,-1.37,-0.37,-0.08,0.01,0.07,9.81,62.50,87.81,0.25,0.62,0.13,4,2
1772046786.714366,4125263,0.27,-0.05,0.12,-166.50,-69.00,91.75,-0.75,0.25,0.31,0.02,-0.03,0.09,9.81,62.44,87.81,-0.56,-1.12,-0.31,5,2
1772046786.905997,4125454,0.23,-0.07,0.08,-166.56,-69.00,91.75,0.69,0.06,-0.19,-0.10,0.03,0.10,9.75,62.38,87.81,0.06,0.19,-0.50,5,2
1772046787.098661,4125647,0.36,-0.03,0.10,-166.50,-68.87,91.62,-0.13,-0.19,0.13,-0.05,-0.03,0.06,9.75,62.38,87.81,-0.13,-0.06,0.00,5,2
1772046787.290054,4125838,0.23,-0.11,0.12,-166.31,-68.94,91.62,-0.37,-0.81,0.69,-0.02,0.03,0.09,9.81,62.44,87.81,-0.44,-1.00,-0.44,4,2
1772046787.481703,4126030,0.26,-0.16,0.12,-166.31,-69.00,91.56,0.13,-0.75,0.06,-0.12,0.00,0.05,9.81,62.50,87.87,-0.69,-0.25,0.13,4,2
1772046787.674134,4126222,0.27,-0.14,0.04,-166.19,-68.94,91.50,-0.37,0.56,0.13,-0.05,-0.02,0.04,9.81,62.50,87.87,-0.06,0.25,0.19,4,2
1772046787.866159,4126414,0.24,-0.12,0.10,-166.00,-69.06,91.31,-0.06,-0.81,0.94,-0.07,-0.01,0.13,9.75,62.44,87.87,0.50,0.44,-0.06,4,2
1772046788.057900,4126606,0.35,0.07,0.07,-165.75,-68.94,91.00,0.19,0.06,0.06,-0.15,0.06,0.01,9.69,62.56,87.87,0.13,-1.00,-0.69,4,2
1772046788.248483,4126797,0.19,0.02,0.10,-165.56,-68.87,90.75,-1.37,2.25,-0.13,-0.09,0.03,0.10,9.75,62.50,87.87,-0.25,0.37,0.37,4,2
1772046788.441145,4126989,0.27,-0.12,0.10,-165.94,-68.56,90.75,-1.00,1.50,-0.69,-0.05,0.03,0.03,9.81,62.50,87.81,-0.75,0.31,0.37,4,2
1772046788.630571,4127179,0.27,-0.15,0.12,-165.62,-68.37,90.25,-2.31,1.06,-1.12,-0.03,-0.05,0.14,9.88,62.44,87.69,0.75,0.25,-0.37,4,2
1772046788.822163,4127371,0.39,-0.60,0.05,-164.94,-68.19,89.19,-12.88,-0.13,4.00,-0.18,0.02,0.23,9.88,62.38,87.44,2.75,0.25,3.25,4,3
1772046789.014386,4127562,0.40,0.58,0.07,-161.75,-68.62,82.81,-23.69,-4.06,-4.94,-0.09,0.01,-0.13,10.50,62.69,86.69,1.25,-2.69,0.00,4,3
1772046789.206133,4127755,0.17,-0.11,0.28,-157.81,-69.87,81.12,0.00,-6.69,1.62,0.02,0.06,-0.06,9.88,63.13,86.69,1.44,-0.31,0.19,4,3
1772046789.395581,4127944,0.19,-0.06,0.28,-155.62,-70.87,80.62,1.94,-0.75,-1.56,-0.13,-0.05,0.10,9.50,63.19,86.62,2.25,0.88,-0.13,5,3
1772046789.584644,4128133,0.30,0.16,0.12,-155.44,-70.56,80.62,3.94,1.12,4.31,-0.04,0.05,0.16,9.00,63.06,87.06,-0.19,2.06,-0.50,5,3
1772046789.776588,4128325,0.10,0.20,0.16,-155.94,-69.87,81.75,15.44,8.13,-1.25,-0.02,-0.13,-0.09,9.31,62.94,86.56,2.44,-2.81,2.12,5,3
1772046789.968405,4128517,0.29,-0.40,0.16,-162.12,-68.50,86.56,8.25,8.81,0.56,0.06,0.10,-0.10,9.19,63.00,86.31,-0.06,1.25,0.06,5,3
1772046790.159660,4128708,0.36,0.04,0.01,-162.56,-67.50,86.94,5.06,4.37,0.88,-0.06,0.00,0.14,9.19,62.56,86.44,-0.44,1.37,0.69,6,3
1772046790.350915,4128900,0.40,-0.14,0.05,-164.44,-67.00,88.12,1.12,0.37,-2.00,-0.08,0.01,0.00,9.56,62.50,86.31,0.00,0.50,0.62,7,3
1772046790.542648,4129091,0.30,-0.11,0.14,-164.56,-67.31,88.44,-0.50,-1.12,-0.37,0.03,-0.11,0.13,9.56,62.38,86.31,0.56,0.75,0.13,6,3
1772046790.734705,4129283,0.24,-0.21,0.09,-164.81,-67.37,88.31,-6.06,-0.19,-0.31,-0.11,0.10,-0.38,9.00,62.44,86.31,-4.37,-3.06,-3.06,7,3
1772046790.926469,4129475,0.16,-0.09,0.15,-162.44,-67.31,87.12,1.25,-1.44,0.13,-0.05,-0.01,0.13,9.38,62.19,86.56,0.50,-0.13,1.75,7,2
1772046791.115529,4129664,0.53,-0.14,0.06,-164.06,-67.00,87.62,2.62,0.37,-2.12,-0.02,-0.04,0.04,9.69,62.31,86.50,0.44,0.94,0.75,7,2
1772046791.305891,4129854,0.32,-0.14,0.12,-164.37,-67.37,87.94,-2.50,-0.94,0.94,-0.05,-0.03,-0.01,9.75,62.44,86.44,1.19,-0.06,0.00,6,2
1772046791.497082,4130045,0.29,0.00,0.12,-163.00,-68.12,86.06,-13.56,-5.00,-3.56,-0.04,0.00,0.02,9.63,62.50,86.37,-0.06,-0.31,-0.06,5,2
1772046791.688914,4130237,0.27,0.12,0.19,-160.50,-69.25,83.69,-5.81,-5.25,-0.50,-0.03,0.00,0.01,9.50,62.56,86.31,2.06,-1.25,0.50,6,2
1772046791.881027,4130429,0.25,0.15,0.14,-159.00,-69.75,82.75,-1.25,-3.06,0.69,-0.03,-0.01,0.00,9.69,62.69,86.31,-0.50,0.44,-0.44,7,2
1772046792.070279,4130619,0.29,-0.12,0.11,-158.87,-70.19,83.12,-3.00,0.00,0.13,0.02,-0.01,-0.06,9.81,62.69,86.25,-1.31,0.13,1.31,7,2
1772046792.259872,4130808,0.27,0.37,0.24,-158.87,-70.50,81.56,-8.13,-1.25,-4.94,-0.12,-0.08,0.00,10.00,62.63,86.25,-0.13,1.00,0.81,6,2
1772046792.452060,4131001,0.25,-0.17,0.15,-158.19,-70.12,83.75,30.12,4.31,9.06,-0.02,-0.04,0.13,9.94,62.38,86.25,-0.75,2.44,0.13,7,2
1772046792.643195,4131192,0.29,-0.30,0.00,-161.69,-69.19,87.75,0.06,3.06,-0.81,-0.11,0.00,0.19,9.94,62.31,86.37,-0.06,1.25,0.31,7,2
1772046792.836592,4131385,0.47,-0.46,-0.01,-162.62,-68.75,87.56,-7.31,-0.31,-0.50,-0.09,0.06,0.06,9.94,62.31,86.31,-1.31,-2.00,-1.00,6,2
1772046793.028731,4131577,0.13,0.36,0.22,-160.69,-69.94,83.06,-19.56,-4.81,-5.87,-0.02,-0.03,0.04,9.81,62.50,86.25,0.94,0.50,-0.25,6,2
1772046793.220521,4131769,0.31,-0.13,0.15,-158.19,-70.31,81.56,2.62,-2.94,2.00,-0.17,0.04,0.00,9.50,62.75,86.31,1.19,-1.12,1.00,6,2
1772046793.410053,4131958,0.29,-0.01,0.13,-157.25,-70.56,81.44,0.81,-1.50,-0.44,-0.18,0.05,-0.01,9.69,62.88,86.19,1.81,-1.31,1.31,7,2
1772046793.599168,4132148,0.31,0.02,0.11,-157.75,-70.75,81.50,0.50,1.12,0.75,-0.04,0.06,-0.05,9.69,63.00,86.00,-2.12,-0.62,-1.50,8,2
1772046793.791540,4132340,0.08,-0.16,0.12,-158.06,-70.56,82.69,11.38,6.50,0.44,-0.03,-0.06,0.02,9.88,62.88,85.56,2.12,-0.37,0.75,7,2
1772046793.983618,4132532,0.48,-0.19,-0.02,-161.50,-69.25,84.56,2.50,4.19,1.31,-0.09,-0.01,-0.04,9.81,62.75,85.50,-1.31,1.06,-0.50,6,2
1772046794.174745,4132723,0.27,-0.07,0.01,-161.25,-69.00,84.50,-0.06,0.94,1.19,-0.06,0.00,0.06,9.69,62.56,85.62,-0.94,0.13,0.75,7,2
1772046794.365871,4132914,0.41,-0.16,0.08,-160.81,-69.06,84.00,-3.31,-3.81,-0.50,-0.03,-0.10,0.07,9.81,62.56,85.56,0.31,1.87,0.37,6,2
1772046794.557227,4133106,0.24,-0.03,0.16,-159.94,-69.69,83.44,-1.56,-1.87,0.56,-0.08,-0.02,0.04,9.75,62.69,85.62,0.06,-0.19,-0.13,6,2
1772046794.748580,4133297,0.27,-0.12,0.08,-159.81,-69.75,83.31,0.13,0.13,1.00,-0.06,0.02,0.04,9.75,62.69,85.62,0.00,-0.94,-0.37,6,2
1772046794.941642,4133490,0.31,-0.05,0.08,-159.69,-69.75,83.19,0.06,0.06,0.13,-0.05,0.00,0.00,9.75,62.69,85.62,-0.06,-0.06,-0.13,6,2
1772046795.134286,4133682,0.23,-0.17,0.10,-159.75,-69.81,83.25,0.62,-0.94,-0.25,-0.10,0.08,0.00,9.75,62.81,85.69,-0.19,-0.06,-0.25,6,2
1772046795.326851,4133875,0.25,0.00,0.13,-159.56,-69.81,83.19,1.00,0.56,0.06,-0.07,0.00,0.02,9.75,62.81,85.69,-0.62,-0.06,-0.31,6,2
1772046795.519203,4134068,0.28,-0.05,0.12,-160.44,-69.50,84.00,6.44,2.12,0.75,-0.04,-0.06,0.04,9.81,62.75,85.75,-1.19,-0.37,-0.69,5,2
1772046795.708556,4134257,0.19,-0.18,0.04,-161.50,-69.06,84.81,-1.50,2.69,0.13,0.00,-0.01,-0.08,9.88,62.88,85.69,-1.19,-1.12,-0.31,6,2
1772046795.900412,4134449,0.18,-0.13,0.10,-161.62,-68.94,84.81,0.88,0.62,-1.31,0.00,0.00,0.02,9.94,62.75,85.75,-0.62,1.25,0.19,6,3
1772046796.091887,4134640,0.30,-0.13,0.08,-162.06,-68.69,84.94,-0.31,1.44,-2.19,-0.06,0.01,-0.04,10.00,62.63,85.69,-0.44,0.31,0.19,4,3
1772046796.282790,4134831,0.34,-0.05,0.09,-162.25,-68.69,85.00,-0.69,0.37,-0.25,-0.13,0.00,0.08,9.94,62.56,85.69,1.62,-0.50,0.62,4,3
1772046796.472358,4135021,0.52,0.23,0.21,-161.69,-68.62,84.37,-2.00,-3.87,2.87,-0.12,-0.05,0.15,10.06,62.56,85.69,1.19,2.56,0.88,4,3
1772046796.663186,4135212,0.37,-0.01,0.05,-161.44,-68.81,84.37,-0.19,1.56,1.06,-0.07,-0.02,0.05,10.06,62.63,85.69,0.00,0.25,0.69,3,2
1772046796.855054,4135403,0.21,-0.07,0.14,-160.87,-69.19,83.87,-6.37,-4.87,-1.69,-0.09,-0.03,0.12,10.06,62.69,85.75,0.75,-1.31,-0.25,4,2
1772046797.046324,4135595,0.29,0.03,0.11,-160.31,-69.37,83.37,0.94,-0.50,-0.75,-0.09,0.04,-0.07,10.06,62.88,85.75,-0.19,-0.50,-0.19,4,2
1772046797.236514,4135785,0.19,-0.11,0.12,-160.81,-69.37,84.00,2.69,1.50,0.62,-0.08,0.01,0.00,10.06,62.81,85.81,-2.62,-0.25,-2.00,3,2
1772046797.427500,4135976,0.24,-0.16,0.02,-161.69,-69.06,84.44,-1.25,1.00,-1.31,-0.07,0.00,-0.15,10.06,62.75,85.75,-1.31,-0.13,-0.31,3,2
1772046797.618409,4136167,0.30,-0.22,0.08,-161.37,-69.19,84.31,-3.06,0.69,-1.06,0.00,-0.03,0.06,10.06,62.75,85.69,0.37,-0.25,0.19,3,2
1772046797.809868,4136358,0.33,-0.10,0.08,-160.56,-69.25,83.50,-5.44,-2.25,0.81,-0.08,0.00,0.11,10.06,62.75,85.69,-0.13,0.50,0.13,3,2
1772046798.001272,4136550,0.27,0.00,0.11,-159.25,-69.50,82.44,0.44,-0.69,1.00,-0.06,0.03,0.01,10.06,62.75,85.69,0.19,-0.13,-0.19,3,2
1772046798.194005,4136742,0.19,-0.02,0.18,-159.19,-69.56,82.50,0.81,-0.19,0.13,-0.12,-0.14,0.06,9.75,62.81,85.81,1.06,-2.37,-4.00,3,2
1772046798.383209,4136932,0.19,0.00,0.22,-159.19,-69.37,82.50,-4.62,0.06,0.56,-0.17,0.00,0.02,9.31,63.06,85.81,0.31,-4.81,-1.62,4,2
1772046798.575236,4137123,0.32,0.14,-0.01,-159.94,-68.87,82.19,0.00,4.81,-0.50,-0.06,0.03,-0.05,9.19,63.19,85.75,-0.44,-2.19,-1.06,4,3
1772046798.766033,4137315,0.37,0.15,0.15,-160.44,-68.62,82.62,4.81,-3.19,1.44,-0.04,0.08,-0.08,9.19,63.56,86.12,-1.19,-1.25,-1.31,5,4
1772046798.958332,4137507,0.09,-0.12,0.19,-160.25,-69.56,84.06,0.81,0.69,-0.44,-0.02,-0.07,0.08,9.31,63.50,86.06,-0.37,0.13,0.88,4,4
1772046799.150789,4137699,0.35,-0.08,0.07,-161.31,-69.25,84.44,0.50,0.62,-0.88,-0.04,0.03,-0.03,9.44,63.56,86.12,-0.81,0.06,0.44,5,4
1772046799.343043,4137891,0.24,-0.13,0.09,-161.44,-69.25,84.50,0.62,-0.25,-1.12,-0.04,0.00,-0.04,9.44,63.63,86.12,0.50,-1.00,-0.25,4,4
1772046799.532375,4138081,0.25,-0.11,0.09,-161.00,-69.56,84.12,-5.12,-3.62,0.94,-0.09,0.00,0.07,9.31,63.56,86.00,1.06,-0.31,-1.37,4,4
1772046799.721092,4138270,0.26,0.22,0.16,-159.12,-69.87,82.44,-3.62,0.25,2.69,-0.04,0.00,0.05,8.94,63.50,86.19,-1.37,2.37,1.25,5,4
1772046799.914916,4138463,0.29,-0.05,0.07,-158.75,-69.87,82.25,1.75,-1.06,-2.44,-0.08,-0.04,0.01,9.44,63.38,86.00,-0.56,0.00,0.69,5,3
1772046800.106020,4138655,0.29,-0.11,0.13,-160.19,-69.87,83.69,8.94,3.00,0.56,-0.03,0.07,-0.09,9.44,63.31,86.06,2.00,0.81,-0.06,6,3
1772046800.297557,4138846,0.34,-0.02,0.08,-161.25,-69.56,84.37,-0.69,1.81,0.81,-0.04,0.08,-0.01,9.38,63.38,86.06,0.69,-0.31,-0.50,5,3
1772046800.488357,4139037,0.33,-0.04,0.10,-161.44,-69.25,84.19,-1.50,3.31,0.19,-0.03,0.00,0.01,9.25,63.25,86.00,0.19,-0.69,-0.50,4,2
1772046800.679692,4139228,0.30,-0.08,0.08,-161.50,-68.87,83.81,-1.50,0.06,-0.06,-0.05,-0.02,0.03,9.25,63.19,86.00,0.25,0.31,0.62,6,2
1772046800.871346,4139420,0.29,-0.03,0.08,-161.12,-69.00,83.44,-2.69,-2.19,0.44,0.00,-0.02,0.10,9.31,63.19,86.00,-0.13,0.56,-0.25,6,1
1772046801.063023,4139612,0.28,0.01,0.18,-160.25,-69.37,82.69,-1.69,-2.94,0.88,-0.08,0.00,-0.04,9.19,63.38,86.00,0.44,0.56,0.44,6,1
1772046801.252273,4139801,0.28,-0.03,0.10,-159.81,-69.56,82.56,1.62,1.56,0.50,-0.04,0.01,0.02,9.19,63.31,86.06,0.06,0.44,0.37,6,1
1772046801.442551,4139991,0.19,-0.02,0.14,-160.31,-69.44,83.06,3.25,0.00,0.44,-0.10,0.00,0.07,9.25,63.19,86.06,-0.69,1.00,0.13,6,2
1772046801.634001,4140183,0.27,-0.01,0.08,-161.19,-69.06,84.31,9.75,1.69,2.69,-0.07,0.00,0.11,9.31,63.00,86.00,-0.44,1.19,-0.44,6,2
1772046801.826012,4140375,0.26,-0.07,0.04,-162.00,-68.75,85.31,-0.81,1.44,-0.81,-0.06,-0.03,0.09,9.31,62.94,86.00,-0.19,0.50,0.31,6,2
1772046802.018228,4140567,0.30,-0.16,0.06,-162.12,-68.62,85.31,-0.81,-0.37,0.25,-0.11,0.00,0.03,9.31,63.00,86.00,0.00,-1.06,-0.62,6,2
1772046802.207678,4140756,0.27,0.06,0.14,-161.31,-68.81,84.56,-1.44,0.25,0.19,0.01,-0.04,0.01,9.13,63.13,86.12,0.00,-0.94,-0.62,6,2
1772046802.397168,4140946,0.27,-0.12,0.13,-160.81,-68.87,84.19,-2.75,-0.75,0.75,-0.08,0.02,0.06,9.06,63.13,86.12,0.19,-0.19,-0.19,7,2
1772046802.589662,4141138,0.33,0.13,0.08,-160.06,-69.25,82.06,-12.44,-0.62,-2.56,-0.08,0.00,0.00,9.06,63.19,86.12,0.37,-1.06,-0.50,5,2
1772046802.780559,4141329,0.24,-0.15,0.14,-159.31,-69.37,81.56,1.06,-0.81,-0.56,-0.07,0.05,0.00,9.00,63.19,86.19,0.50,0.50,0.25,5,2
1772046802.972610,4141521,0.29,-0.16,0.09,-159.50,-69.31,81.56,2.56,1.56,-0.62,-0.06,0.02,0.02,8.94,63.19,86.06,0.50,1.12,1.44,5,2
1772046803.163347,4141712,0.23,0.00,0.15,-159.56,-69.12,81.62,1.69,-0.62,0.25,-0.20,0.02,0.05,9.00,63.00,85.94,-0.94,0.25,1.44,5,2
1772046803.353666,4141903,0.35,-0.22,0.07,-160.44,-68.56,82.69,9.94,0.62,1.19,-0.09,0.00,0.14,9.25,62.63,85.94,-0.44,2.62,1.25,4,2
1772046803.545706,4142094,0.28,0.01,0.00,-161.75,-68.44,83.75,0.37,1.75,-1.19,-0.04,0.01,0.00,9.50,62.63,85.81,-0.13,-0.44,0.19,4,2
1772046803.735686,4142284,0.29,-0.17,0.13,-162.44,-68.44,84.19,-1.75,-2.19,-0.25,-0.06,-0.04,0.06,9.50,62.63,85.81,0.13,-0.25,-0.37,4,2
1772046803.927631,4142476,0.28,-0.08,0.09,-161.25,-68.81,83.44,-4.06,-2.12,0.06,-0.05,0.02,0.09,9.38,62.69,85.87,-0.37,-1.19,-0.37,5,2
1772046804.119342,4142668,0.19,-0.06,0.15,-160.31,-69.25,82.31,-3.94,-2.87,0.75,-0.12,0.00,0.01,9.31,62.81,85.75,0.50,0.69,0.56,5,2
1772046804.311292,4142860,0.32,0.00,0.12,-159.69,-69.31,81.94,2.25,1.69,-0.13,-0.02,0.08,0.02,9.44,62.81,85.81,-0.44,-0.44,0.19,5,2
1772046804.500603,4143049,0.27,0.04,0.12,-160.37,-69.12,82.37,3.75,2.62,0.06,-0.07,-0.02,0.00,9.50,62.81,85.81,-1.44,0.31,-0.06,4,2
1772046804.690423,4143239,0.31,-0.09,0.08,-161.69,-68.94,83.69,-1.12,-0.06,-1.87,-0.13,-0.02,0.05,9.56,62.81,85.75,0.62,-0.13,0.44,4,2
1772046804.882226,4143431,0.36,-0.18,0.06,-162.12,-68.87,83.87,-0.31,1.00,-1.06,-0.06,0.04,0.03,9.63,62.81,85.81,0.81,0.75,0.37,4,2
1772046805.074412,4143623,0.39,-0.07,0.10,-161.25,-69.19,82.56,-18.19,-2.75,-6.37,-0.11,0.06,0.00,9.56,62.81,85.75,0.37,-1.31,0.00,4,2
1772046805.265879,4143814,0.23,-0.08,0.16,-160.44,-69.62,81.31,1.75,-0.44,0.06,-0.07,0.04,-0.01,9.63,62.75,85.69,-0.69,-0.13,-0.50,4,3
1772046805.456824,4144006,0.25,0.17,0.17,-160.62,-69.56,81.56,1.50,2.06,0.44,-0.03,-0.04,0.08,9.69,62.69,85.69,-1.12,-1.81,-0.75,4,3
1772046805.648331,4144197,0.25,-0.11,0.03,-161.31,-68.87,83.37,7.37,1.31,1.56,-0.04,0.00,0.11,9.63,62.69,85.75,0.06,0.88,0.56,4,3
1772046805.840469,4144389,0.30,-0.13,0.06,-162.25,-68.56,84.69,4.12,1.00,-0.13,-0.11,0.05,0.00,9.69,62.69,85.81,0.25,-0.44,-0.44,4,2
1772046806.031941,4144580,0.25,-0.13,0.12,-162.62,-68.56,85.00,-1.37,-0.37,0.75,-0.10,0.02,0.04,9.69,62.69,85.81,-0.37,-0.56,-0.56,4,3
1772046806.223455,4144772,0.31,-0.12,0.12,-162.12,-68.56,84.56,-1.62,-0.88,1.31,-0.08,0.01,0.04,9.56,62.75,85.81,0.44,0.13,0.00,3,3
1772046806.413042,4144962,0.21,-0.06,0.09,-161.31,-68.87,83.19,-13.69,-2.12,-4.31,-0.05,0.00,0.05,9.56,62.81,85.81,0.00,-0.25,0.62,3,3
1772046806.605399,4145154,0.24,-0.09,0.18,-160.06,-69.25,82.00,3.19,-1.06,0.69,-0.07,0.06,0.06,9.56,62.81,85.81,-0.13,0.19,-0.31,3,2
1772046806.795572,4145344,0.32,0.01,0.10,-160.19,-69.31,82.19,0.81,0.56,-0.44,-0.10,0.05,0.04,9.63,62.81,85.81,0.56,1.06,-0.13,4,3
1772046806.987232,4145536,0.29,-0.06,0.04,-160.25,-69.25,82.19,-0.31,0.69,0.13,-0.04,0.04,0.05,9.56,62.75,85.81,0.06,0.31,0.06,4,2
1772046807.178712,4145727,0.30,-0.06,0.10,-160.37,-69.25,82.19,-0.37,-0.44,-0.06,-0.07,-0.02,0.18,9.69,62.69,85.75,0.06,0.37,0.69,4,2
1772046807.367865,4145917,0.32,0.09,0.14,-160.44,-69.19,82.19,0.31,-1.44,-0.94,0.01,-0.10,0.06,9.88,62.81,85.56,2.31,-0.62,1.25,4,2
1772046807.558450,4146107,0.22,-0.23,0.13,-161.87,-69.44,83.44,0.50,1.25,0.31,-0.07,0.09,-0.03,9.75,62.94,85.31,-1.81,1.00,-1.00,3,2
1772046807.748965,4146298,0.24,-0.16,0.03,-161.62,-69.25,83.25,0.88,2.44,-1.31,-0.08,0.03,0.16,9.69,62.69,85.37,0.37,0.69,-0.44,3,2
1772046807.939696,4146488,0.42,0.07,0.04,-161.87,-68.56,82.87,-2.06,-0.19,0.31,-0.08,0.06,-0.04,9.69,62.75,85.44,-0.19,-1.56,-0.13,3,2
1772046808.130150,4146679,0.24,-0.14,0.15,-161.75,-68.94,83.06,0.13,-0.88,0.00,-0.05,0.00,0.07,9.75,62.81,85.37,0.31,-0.13,0.56,3,2
1772046808.320837,4146870,0.27,-0.13,0.07,-161.81,-69.00,83.06,0.56,-0.69,-0.06,-0.02,0.02,0.02,9.75,62.81,85.37,0.00,0.88,0.56,4,2
1772046808.512157,4147061,0.31,-0.04,0.10,-161.75,-69.00,82.94,-0.75,-0.62,0.31,-0.06,0.03,0.07,9.75,62.75,85.37,0.31,0.31,0.00,4,3
1772046808.702674,4147251,0.26,0.04,0.13,-161.31,-69.12,82.56,-1.00,-1.00,-0.13,-0.14,0.10,0.05,9.75,62.75,85.37,0.31,-0.19,-0.31,3,2
1772046808.893927,4147443,0.24,0.03,0.10,-160.62,-69.31,82.12,-1.00,-1.06,0.69,-0.09,0.00,0.05,9.69,62.75,85.37,0.13,-0.31,0.13,4,3
1772046809.085350,4147634,0.30,-0.10,0.11,-160.44,-69.37,82.12,-1.00,-1.00,0.25,-0.06,0.03,0.08,9.69,62.81,85.37,1.12,-0.06,-0.13,4,3
1772046809.276211,4147825,0.35,0.15,0.17,-159.81,-69.50,81.62,-0.81,0.75,0.69,-0.06,0.02,0.04,9.63,62.94,85.37,-0.94,-1.87,-1.37,5,3
1772046809.466965,4148016,0.24,0.05,0.19,-160.12,-69.44,82.06,2.94,1.75,0.00,-0.02,0.01,0.11,9.63,62.94,85.44,0.50,0.62,1.25,5,3
1772046809.656929,4148206,0.24,-0.22,0.10,-162.00,-69.25,83.87,11.13,0.62,-0.94,-0.11,0.07,0.09,9.75,62.88,85.37,-0.69,-0.19,-1.62,5,3
1772046809.848092,4148397,0.40,0.15,0.03,-163.31,-68.87,84.87,-3.75,2.06,1.37,-0.11,0.00,-0.04,9.69,62.88,85.44,-0.13,-1.31,0.19,5,2
1772046810.038278,4148587,0.22,-0.14,0.10,-163.19,-68.94,84.81,0.56,-1.87,0.19,-0.06,-0.03,0.06,9.81,62.88,85.37,0.44,0.62,0.81,5,3
1772046810.227931,4148777,0.34,-0.03,0.09,-162.87,-69.00,84.50,-1.06,-1.56,0.19,-0.10,-0.07,0.01,9.88,62.88,85.31,-0.19,0.13,0.50,5,2
1772046810.419438,4148968,0.23,-0.13,0.16,-162.62,-69.37,84.62,0.37,-1.50,0.00,-0.12,0.00,0.04,9.94,62.88,85.31,0.37,-0.31,-0.44,5,2
1772046810.609629,4149158,0.32,-0.03,0.08,-162.06,-69.25,84.00,-1.94,0.75,0.50,-0.12,0.03,-0.01,9.81,62.81,85.31,0.25,0.06,-0.25,5,2
1772046810.800173,4149349,0.31,-0.03,0.05,-161.12,-69.19,83.25,-1.87,0.19,0.37,-0.06,0.05,0.07,9.75,62.81,85.31,0.06,-1.12,-0.37,4,2
1772046810.989622,4149538,0.31,0.20,0.15,-160.62,-69.37,81.94,-5.75,-2.62,-1.31,-0.06,0.01,0.00,9.81,62.94,85.31,-0.06,-1.00,-0.37,3,2
1772046811.178970,4149728,0.24,0.03,0.10,-160.25,-69.69,82.00,-0.13,1.19,0.81,-0.03,0.02,0.03,9.63,63.06,85.56,-1.12,-0.50,-1.12,2,1
1772046811.370678,4149920,0.15,0.02,0.20,-160.62,-69.75,82.56,1.94,0.37,-2.12,-0.08,-0.08,0.02,9.75,63.00,85.31,1.56,0.06,0.88,2,1
1772046811.562078,4150111,0.34,-0.22,0.05,-162.56,-69.31,83.94,2.56,4.81,0.25,-0.04,0.16,-0.09,9.44,63.00,85.19,-2.06,0.37,-2.06,3,2
1772046811.752892,4150302,0.23,0.11,0.08,-161.87,-69.00,83.69,-0.81,-0.56,0.56,-0.06,-0.05,0.17,9.44,62.81,85.31,-0.50,1.50,1.06,4,3
1772046811.942471,4150491,0.38,-0.18,0.09,-162.62,-68.87,84.25,2.31,-1.00,-0.81,-0.04,0.00,-0.06,9.69,62.81,85.25,0.13,-0.31,0.37,4,3
1772046812.132465,4150681,0.27,-0.07,0.13,-162.44,-69.19,84.31,-0.13,-1.06,1.25,-0.04,-0.04,0.07,9.69,62.75,85.31,0.00,1.25,0.88,5,3
1772046812.324389,4150873,0.30,-0.11,0.09,-162.31,-69.19,84.31,-0.75,0.56,-0.25,-0.07,0.00,0.01,9.69,62.69,85.25,0.88,-0.13,0.00,5,3
1772046812.515406,4151064,0.31,0.21,0.12,-161.94,-69.31,82.56,-7.94,-0.37,-0.50,-0.10,0.00,0.00,9.56,62.75,85.19,0.25,0.56,0.06,5,3
1772046812.706454,4151255,0.28,0.10,0.10,-160.56,-69.44,81.62,-1.81,-0.06,0.25,-0.01,0.01,-0.01,9.56,62.75,85.25,-1.19,-0.19,0.56,5,3
1772046812.896033,4151445,0.26,0.02,0.13,-160.19,-69.50,81.56,1.75,-0.88,-0.69,-0.09,0.00,-0.04,9.88,62.81,85.44,-0.37,-0.31,0.25,5,3
1772046813.085605,4151634,0.26,-0.08,0.12,-161.00,-69.75,82.19,0.19,-0.44,-1.31,-0.06,-0.04,-0.05,10.00,63.00,85.31,1.37,-0.94,0.25,5,3
1772046813.277456,4151826,0.31,-0.04,0.11,-161.00,-69.81,82.19,-1.06,-0.06,2.37,-0.11,0.04,0.04,9.75,63.06,85.37,1.69,0.37,-0.19,6,3
1772046813.468697,4152018,0.25,0.14,0.12,-160.31,-69.75,81.50,-0.19,0.19,0.31,-0.02,-0.02,0.01,9.63,63.06,85.25,-0.25,0.75,0.19,5,3
1772046813.659637,4152209,0.32,-0.13,0.07,-160.25,-69.62,82.50,8.25,1.37,3.56,-0.10,-0.02,0.11,9.69,62.88,85.37,0.00,-0.19,0.37,4,2
1772046813.849417,4152398,0.28,-0.07,0.09,-161.19,-69.37,83.44,2.00,0.69,-1.87,-0.07,0.02,-0.02,9.94,62.81,85.31,0.13,-0.44,-0.44,4,3
1772046814.040154,4152589,0.27,-0.08,0.12,-162.31,-69.44,84.31,0.06,0.62,0.56,-0.07,-0.01,0.05,9.94,62.75,85.31,0.44,-0.31,-0.44,4,3
1772046814.231770,4152781,0.28,-0.05,0.10,-162.31,-69.31,84.25,1.12,-0.44,0.31,-0.06,0.04,0.04,9.88,62.81,85.31,-0.37,-0.13,0.25,5,3
1772046814.422657,4152972,0.29,-0.25,0.11,-162.62,-69.31,84.44,0.62,0.69,-0.19,-0.08,0.02,0.06,9.81,62.88,85.25,0.06,-0.81,-0.37,5,2
1772046814.613511,4153162,0.35,-0.03,0.11,-162.69,-69.12,84.25,0.75,-0.19,0.13,-0.07,0.02,0.02,9.88,63.00,85.31,-0.75,0.00,-0.13,5,2
1772046814.804290,4153353,0.25,-0.09,0.08,-162.62,-69.19,84.31,-0.44,-0.75,0.06,-0.09,0.00,0.02,9.88,63.00,85.31,0.81,-0.13,0.37,5,2
1772046814.993943,4153543,0.33,-0.15,0.03,-161.75,-69.50,83.44,-7.87,-3.12,-1.50,-0.04,0.01,0.04,9.88,63.06,85.31,0.69,0.06,-0.25,5,2
1772046815.185387,4153734,0.18,-0.05,0.15,-160.12,-69.94,82.06,-2.62,-2.06,1.75,-0.02,-0.02,0.06,9.81,63.06,85.25,0.44,0.50,-0.25,5,2
1772046815.376102,4153925,0.39,0.07,0.09,-159.62,-69.94,81.50,-1.69,0.31,1.75,0.02,0.12,-0.01,9.81,63.06,85.25,-2.19,0.13,-1.62,5,2
1772046815.566661,4154116,0.30,0.17,0.13,-157.81,-70.06,81.00,1.62,0.19,2.44,0.00,0.04,0.02,9.88,62.81,85.69,-1.81,-1.75,-0.31,5,2
1772046815.756633,4154305,0.11,-0.08,0.15,-158.31,-70.37,81.62,2.62,-0.81,-3.62,0.00,-0.01,-0.01,10.25,62.81,85.44,0.75,-0.50,0.25,4,2
1772046815.946599,4154496,0.35,-0.09,0.06,-160.25,-70.12,82.94,2.25,3.12,1.19,-0.08,0.10,-0.02,10.19,62.75,85.50,0.37,0.62,0.06,4,2
1772046816.138519,4154687,0.32,-0.03,0.02,-160.37,-69.75,82.87,0.50,2.06,-0.25,-0.13,0.08,-0.01,10.19,62.75,85.56,-0.88,-0.88,-0.44,3,1
1772046816.329257,4154878,0.27,-0.06,0.10,-160.56,-69.69,82.94,0.00,-1.87,0.69,0.00,-0.01,0.13,10.13,62.75,85.56,-0.44,0.75,0.06,4,1
1772046816.520038,4155069,0.24,-0.10,0.09,-160.19,-69.87,82.87,-0.37,0.25,0.37,-0.07,0.01,0.01,10.13,62.81,85.62,0.37,0.44,0.25,3,1
1772046816.711301,4155260,0.30,-0.12,0.08,-160.00,-69.87,82.62,-0.94,-0.94,0.75,-0.15,0.07,0.00,10.06,62.88,85.62,-0.25,-2.00,-1.06,4,2
1772046816.900576,4155450,0.29,0.13,0.12,-159.19,-70.12,81.50,-5.81,-2.00,-2.44,-0.07,0.07,0.07,10.06,62.94,85.62,0.19,0.56,0.13,4,1
1772046817.092016,4155641,0.27,0.03,0.13,-158.37,-70.44,80.75,-3.25,-1.00,0.00,-0.08,0.03,0.05,10.06,62.94,85.62,0.50,-0.19,0.25,3,2
1772046817.282979,4155832,0.26,-0.03,0.10,-158.06,-70.62,80.50,-0.13,-0.75,-0.25,-0.05,0.04,0.06,10.00,62.94,85.62,0.19,0.25,0.31,3,2
1772046817.474000,4156023,0.36,-0.03,0.11,-158.06,-70.56,80.50,-0.37,0.06,0.06,-0.10,0.06,0.00,10.06,62.94,85.62,-0.13,-0.94,-0.31,3,1
1772046817.664696,4156214,0.20,0.02,0.09,-158.31,-70.56,80.75,-0.13,0.31,-0.37,-0.06,-0.03,0.11,10.13,62.94,85.62,-0.56,0.81,0.13,3,2
1772046817.853915,4156403,0.25,-0.17,0.10,-159.50,-70.25,82.00,10.19,0.75,1.19,-0.09,0.00,0.09,10.13,62.94,85.56,0.56,0.37,0.37,3,2
1772046818.045742,4156595,0.29,-0.12,0.08,-160.81,-70.00,83.19,0.56,-0.25,-0.50,0.00,-0.04,0.19,10.25,62.88,85.50,0.81,1.25,0.88,3,2
1772046818.236511,4156786,0.26,0.02,0.10,-160.81,-69.81,83.25,2.37,0.75,2.94,-0.11,0.02,0.03,10.25,62.94,85.62,0.37,-0.50,0.37,3,2
1772046818.427117,4156977,0.27,-0.07,0.06,-160.87,-69.69,83.56,0.25,0.94,0.19,-0.07,0.04,0.05,10.25,62.94,85.56,0.06,0.81,0.13,3,2
1772046818.618320,4157167,0.24,-0.10,0.08,-160.87,-69.75,83.62,-0.81,-0.88,0.31,-0.11,0.04,0.03,10.25,62.94,85.56,-0.13,-0.62,-0.25,3,2
1772046818.807560,4157357,0.31,-0.14,0.10,-160.37,-69.81,83.25,-1.37,-1.50,0.50,-0.05,0.00,0.06,10.19,63.00,85.56,0.69,0.37,0.19,3,2
1772046818.999452,4157548,0.29,-0.04,0.08,-159.31,-70.25,81.69,-13.00,-1.25,-4.56,-0.11,0.07,0.03,10.19,63.00,85.56,0.44,-0.94,-0.06,4,2
1772046819.190284,4157739,0.23,0.09,0.16,-158.31,-70.69,80.31,2.25,-1.25,0.69,-0.10,0.08,0.07,10.06,63.06,85.62,-0.94,-0.75,-1.19,4,2
1772046819.380598,4157930,0.27,-0.01,0.06,-158.19,-70.56,80.37,1.06,1.69,0.19,-0.08,0.13,0.01,9.75,63.25,85.75,0.25,1.06,1.44,4,2
1772046819.570475,4158120,0.28,-0.04,0.04,-158.31,-70.44,80.31,2.56,1.81,-1.81,-0.08,0.05,0.01,10.19,63.13,85.50,0.06,-0.88,0.69,4,2
1772046819.760003,4158309,0.49,-0.29,0.05,-159.87,-70.19,82.50,9.31,3.06,-0.37,-0.09,0.03,0.00,10.44,63.13,85.31,1.50,-0.31,1.00,4,2
1772046819.952296,4158501,0.24,-0.07,0.17,-161.12,-70.44,83.50,-0.75,-1.75,2.50,-0.09,-0.04,0.13,10.44,63.06,85.25,-0.19,0.00,-0.44,4,2
1772046820.143309,4158692,0.38,-0.03,0.04,-160.81,-70.19,83.12,-2.69,1.50,0.94,-0.08,0.03,0.05,10.25,63.06,85.25,-0.37,0.75,0.44,5,2
1772046820.334395,4158884,0.23,-0.09,0.13,-160.37,-70.25,82.81,0.13,-0.50,-0.37,-0.09,0.01,0.05,10.25,62.94,85.19,0.00,-0.62,-0.06,5,2
1772046820.525567,4159074,0.25,-0.15,0.10,-160.56,-70.12,82.81,-0.50,0.56,-0.19,-0.20,0.01,-0.01,10.19,62.81,85.12,1.25,-1.50,-0.31,5,3
1772046820.714715,4159264,0.22,-0.16,0.09,-160.00,-69.94,82.44,1.25,-1.75,2.44,-0.03,0.09,0.00,10.25,62.75,85.31,-0.56,1.25,-0.13,5,3
1772046820.906346,4159455,0.28,0.01,0.10,-159.12,-70.19,81.94,-1.62,0.62,-0.88,-0.10,-0.02,0.04,10.38,62.69,85.19,-0.19,0.06,0.69,5,3
1772046821.097228,4159646,0.22,-0.06,0.10,-159.75,-70.19,82.44,1.81,-0.62,0.31,-0.14,0.05,0.09,10.25,62.75,85.25,0.13,-0.37,-0.56,5,2
1772046821.287808,4159837,0.31,0.03,0.08,-160.00,-69.94,82.44,0.81,1.06,-0.69,-0.07,0.02,0.07,10.19,62.81,85.25,0.31,0.88,0.13,6,3
1772046821.478996,4160028,0.26,-0.07,0.08,-159.87,-70.00,82.31,-1.12,-0.50,0.75,-0.13,0.02,0.04,10.19,62.88,85.31,-0.69,-1.50,-0.69,6,3
1772046821.668428,4160218,0.28,-0.03,0.11,-159.56,-70.19,82.19,-1.00,-1.37,0.37,-0.13,0.01,0.01,10.19,62.94,85.31,0.13,-0.31,-0.44,7,3
1772046821.860336,4160409,0.28,-0.06,0.10,-158.75,-70.44,81.37,-10.06,-0.44,-2.94,-0.06,0.01,0.05,10.13,63.00,85.31,-0.06,-1.25,-0.13,6,3
1772046822.050954,4160600,0.28,-0.06,0.13,-157.94,-70.69,80.62,-0.13,-1.25,-0.25,-0.07,0.06,0.05,10.13,63.06,85.31,-0.13,0.44,0.50,6,3
1772046822.241746,4160791,0.27,0.01,0.12,-157.94,-70.75,80.69,1.00,-0.25,-0.50,-0.07,0.02,0.06,10.13,63.06,85.37,-0.25,-0.19,-0.25,5,3
1772046822.430884,4160980,0.26,-0.02,0.12,-158.31,-70.69,81.06,1.37,0.94,0.00,-0.09,0.00,0.02,10.13,63.00,85.37,0.62,0.13,0.13,6,2
1772046822.621380,4161171,0.30,-0.27,0.08,-159.06,-70.31,82.37,10.25,0.75,2.62,-0.15,0.03,0.06,10.13,62.88,85.31,-1.12,0.13,-0.19,6,3
1772046822.813106,4161362,0.32,0.05,0.06,-160.12,-70.06,83.06,1.37,2.69,-0.62,-0.05,0.05,0.04,10.19,62.94,85.37,0.13,-0.62,-0.19,6,2
1772046823.004314,4161553,0.31,-0.12,0.06,-161.00,-69.87,83.50,-0.62,-0.88,-0.06,-0.10,0.00,0.04,10.19,62.94,85.37,0.00,0.37,0.00,6,3
1772046823.195356,4161744,0.14,-0.01,0.18,-161.06,-69.75,83.56,1.06,5.75,-0.50,-0.03,0.02,0.00,10.19,62.94,85.37,0.06,-0.50,0.13,6,3
1772046823.384740,4161934,0.42,-0.04,0.08,-162.62,-68.44,84.50,10.13,6.25,3.50,-0.05,0.07,0.04,10.38,62.63,85.19,0.50,1.06,0.94,5,3
1772046823.574999,4162124,0.37,-0.25,0.06,-163.69,-67.87,86.75,7.06,-2.81,2.12,-0.12,0.06,0.13,10.44,62.50,85.31,-1.00,0.06,1.62,5,3
1772046823.766795,4162316,0.25,-0.21,0.09,-165.00,-68.31,88.00,5.50,0.06,-2.62,-0.05,0.01,0.05,10.94,62.44,85.25,-1.31,-0.25,-1.06,4,3
1772046823.958019,4162507,0.24,-0.13,0.11,-166.37,-68.50,89.19,0.19,-0.13,1.12,-0.08,0.06,-0.02,10.69,62.31,85.44,-1.75,2.31,-1.00,4,2
1772046824.148983,4162698,0.27,-0.14,0.04,-165.69,-68.56,89.12,-0.13,-0.31,-1.56,-0.11,0.01,0.04,10.50,62.06,85.50,-0.06,-1.19,-0.56,4,2
1772046824.338604,4162888,0.26,-0.07,0.06,-165.44,-68.62,88.94,-0.69,-1.87,1.25,-0.10,0.06,0.00,10.44,62.13,85.56,0.37,-0.81,-0.88,4,3
1772046824.528023,4163077,0.28,-0.04,0.08,-164.87,-68.69,88.69,1.44,1.81,0.44,-0.12,0.06,-0.07,10.25,62.13,85.69,-0.50,-1.50,-0.62,4,3
1772046824.720287,4163269,0.28,0.03,0.09,-165.12,-68.62,88.94,-0.06,-0.62,0.19,-0.02,-0.02,0.04,10.25,62.13,85.75,-0.94,0.13,-1.00,5,3
1772046824.911315,4163460,0.32,-0.07,0.05,-165.25,-68.56,89.50,3.25,0.62,1.62,-0.07,0.07,0.01,10.06,62.19,85.94,-0.69,-0.50,-1.19,4,2
1772046825.102357,4163652,0.22,-0.03,0.14,-165.25,-68.56,89.94,0.31,0.50,0.31,-0.05,0.07,0.03,10.00,62.13,86.06,-0.37,-0.44,-0.75,4,2
1772046825.292318,4163841,0.33,-0.13,0.07,-166.00,-68.37,90.31,1.37,1.00,-1.75,-0.07,0.09,-0.01,10.00,62.19,86.06,-0.50,0.13,-0.06,4,2
1772046825.482204,4164032,0.23,-0.09,0.06,-166.25,-68.50,90.62,1.00,0.13,-1.69,-0.04,0.01,0.01,10.00,62.13,86.00,0.13,0.37,0.62,5,2
1772046825.674085,4164223,0.27,-0.09,0.12,-166.50,-68.56,90.81,0.69,-1.06,-0.25,-0.10,0.07,0.05,10.00,62.06,86.00,0.00,0.44,-0.13,5,3
1772046825.865312,4164414,0.26,-0.09,0.05,-166.50,-68.56,90.75,-1.06,1.62,-0.37,-0.10,0.10,-0.04,10.00,62.00,86.00,0.37,-0.44,-0.06,5,3
1772046826.055975,4164605,0.33,0.00,0.11,-166.62,-68.25,90.00,-7.44,2.06,-4.12,-0.08,0.03,0.04,10.00,61.88,85.94,0.37,0.50,-0.25,6,3
1772046826.245874,4164795,0.27,-0.13,0.06,-166.56,-67.87,89.31,0.44,2.25,0.44,-0.07,0.07,-0.07,9.94,61.81,86.00,-0.94,0.62,0.44,7,3
1772046826.434957,4164985,0.31,0.03,0.08,-166.37,-67.69,89.31,3.62,0.81,1.12,-0.12,0.06,0.09,10.25,61.69,86.25,-1.37,0.81,0.44,7,3
1772046826.627502,4165177,0.30,-0.23,0.08,-167.44,-67.62,90.75,3.19,-0.75,0.62,-0.10,0.00,0.04,10.56,61.75,86.31,-0.88,-0.44,0.75,7,2
1772046826.818441,4165368,0.31,-0.14,0.10,-167.69,-67.94,91.31,1.94,-2.81,0.19,-0.09,0.00,0.09,10.88,61.81,86.25,-0.94,0.06,0.13,7,2
1772046827.009449,4165559,0.25,-0.14,0.11,-167.37,-68.37,91.62,-0.69,-0.88,1.25,-0.11,0.00,0.14,10.88,61.81,86.25,0.00,0.19,-0.19,7,2
1772046827.199210,4165749,0.33,0.11,0.15,-166.37,-68.31,91.69,8.94,-1.56,4.81,-0.04,0.01,0.04,10.94,61.88,86.31,-1.00,1.06,-0.37,7,3
1772046827.389201,4165938,0.24,-0.18,0.07,-165.06,-68.50,94.37,17.44,-3.06,9.31,-0.10,0.05,0.02,10.88,61.81,86.44,-0.37,-0.88,-0.37,6,3
1772046827.581140,4166130,0.32,-0.22,0.09,-164.94,-68.44,96.00,-3.81,-0.62,0.00,-0.09,0.02,0.02,10.94,61.81,86.37,0.69,-0.19,0.19,6,2
1772046827.772419,4166322,0.22,0.03,0.08,-164.50,-68.12,94.31,-9.31,5.50,-3.25,-0.12,0.03,-0.06,11.00,61.94,86.31,1.37,-2.00,0.13,6,3
1772046827.963180,4166513,0.36,-0.02,0.07,-165.31,-67.37,92.50,-11.56,3.69,-3.06,-0.10,-0.04,0.09,11.13,61.75,86.12,0.25,0.75,1.06,5,2
1772046828.153045,4166702,0.30,0.00,0.09,-164.44,-67.06,90.37,-5.25,1.19,-1.44,-0.15,0.02,0.04,11.13,61.69,86.06,0.88,0.19,-0.19,6,3
1772046828.343757,4166893,0.34,0.04,0.16,-164.31,-66.94,89.81,0.81,-0.69,1.00,-0.01,0.03,0.13,11.00,61.69,86.06,0.13,0.75,-0.25,6,3
1772046828.535038,4167085,0.27,-0.05,0.15,-164.44,-66.94,89.87,-1.69,1.25,-0.19,-0.08,0.02,0.05,10.94,61.81,86.12,0.19,0.06,0.13,6,3
1772046828.726113,4167276,0.31,-0.02,0.13,-164.69,-66.62,89.62,0.13,2.50,-0.94,-0.06,0.02,0.08,11.00,61.81,86.12,-0.31,-0.06,0.13,6,3
1772046828.916937,4167466,0.30,-0.06,0.12,-165.06,-66.37,89.62,-0.94,0.75,0.25,-0.04,0.02,0.12,11.00,61.81,86.12,-0.06,0.44,-0.25,6,3
1772046829.107182,4167656,0.33,-0.16,0.10,-164.69,-66.37,89.12,-2.75,-0.13,-0.94,-0.11,0.03,0.08,10.88,61.94,86.12,-0.13,-0.56,-0.25,6,3
1772046829.296819,4167846,0.35,0.03,0.13,-164.06,-66.37,88.56,1.31,-0.56,1.19,-0.09,0.05,0.08,10.88,61.94,86.12,-0.19,0.25,0.00,6,3
1772046829.488917,4168038,0.29,-0.01,0.12,-164.00,-66.50,88.50,-0.69,-0.88,-0.88,-0.09,0.04,0.04,10.88,61.94,86.12,-0.13,-0.44,-0.37,6,4
1772046829.679938,4168229,0.32,-0.18,0.05,-165.56,-66.87,89.37,-1.31,-1.31,-3.31,-0.10,0.09,0.02,10.94,62.00,86.12,-0.13,-1.00,-0.06,5,3
1772046829.870650,4168420,0.28,-0.29,0.09,-167.44,-68.00,87.44,-36.44,-8.06,-13.31,-0.17,0.06,0.09,11.31,61.94,85.81,0.56,-2.06,2.44,5,3
1772046830.060394,4168610,0.10,0.30,0.24,-163.12,-69.75,80.50,-15.63,-2.94,1.62,-0.03,0.01,0.08,12.25,61.75,84.81,2.94,-2.81,2.69,5,3
1772046830.249916,4168799,0.36,0.27,0.31,-158.44,-69.94,77.19,-9.75,-8.25,6.31,0.00,0.01,-0.08,12.50,62.00,84.44,1.69,0.44,0.44,6,4
1772046830.442026,4168991,0.02,0.02,0.30,-153.50,-70.87,75.50,3.19,1.94,2.69,-0.20,0.17,-0.17,12.25,62.06,84.62,-5.87,-1.37,-2.00,6,4
1772046830.633053,4169182,0.27,-0.03,0.10,-154.94,-70.44,77.75,18.00,6.06,-3.50,-0.13,-0.09,0.18,12.31,61.69,84.31,3.56,-0.25,0.37,7,4
1772046830.823768,4169373,0.27,-0.42,0.11,-162.69,-69.44,83.87,16.12,8.63,-3.50,0.02,0.00,0.08,11.81,61.94,83.81,3.25,0.00,1.06,6,4
1772046831.013748,4169563,0.43,0.00,0.09,-165.44,-68.25,86.37,11.19,3.19,6.69,-0.11,0.15,0.22,11.06,61.94,84.44,-0.19,2.87,0.75,7,4
1772046831.203738,4169753,0.47,-0.15,0.01,-165.81,-67.62,87.62,1.69,3.87,-3.25,-0.06,0.02,0.07,11.31,61.63,84.31,-2.12,-0.13,-0.44,7,3
1772046831.395630,4169945,0.27,-0.21,0.11,-166.44,-67.62,88.31,-0.37,-2.44,-0.44,-0.09,-0.07,0.15,11.38,61.50,84.25,2.75,0.88,1.06,7,3
1772046831.586680,4170136,0.46,0.18,0.13,-165.81,-67.62,87.19,-4.75,-2.12,4.81,0.08,0.05,0.12,11.25,61.63,84.44,-2.62,3.31,-1.31,8,4
1772046831.777684,4170327,0.21,-0.06,0.09,-163.81,-68.00,86.50,-4.50,2.75,-0.25,-0.01,0.00,-0.01,11.06,61.38,84.56,-2.25,-0.06,0.25,8,4
1772046831.967810,4170517,0.38,0.00,0.16,-163.56,-67.81,85.62,-3.56,-2.56,-1.12,-0.01,-0.03,0.01,11.31,61.56,84.37,1.06,0.19,0.06,7,3
1772046832.158375,4170707,0.18,-0.14,0.05,-162.44,-68.25,84.87,-6.50,1.75,-0.19,-0.04,0.05,-0.07,11.19,61.56,84.31,-1.25,-1.12,-1.06,6,2
1772046832.349513,4170899,0.24,0.44,0.22,-160.50,-68.62,80.00,-21.62,0.56,-4.25,-0.07,0.05,-0.20,11.06,61.81,84.44,-3.75,-0.37,-3.62,5,3
1772046832.540188,4171090,0.31,0.11,0.22,-158.00,-68.69,78.44,10.25,-0.44,0.44,-0.09,-0.14,0.16,11.19,61.50,84.31,3.06,2.50,4.06,5,2
1772046832.731481,4171280,0.30,-0.49,0.04,-161.69,-68.37,83.12,18.37,2.75,-0.44,-0.09,0.22,-0.28,11.31,61.56,83.94,-2.44,-0.94,-2.37,6,2
1772046832.921357,4171471,0.16,-0.26,0.10,-163.25,-68.37,85.37,0.75,-0.44,1.69,-0.08,-0.06,0.11,11.25,61.31,84.00,-1.69,2.50,-0.06,5,2
1772046833.111521,4171661,0.39,-0.16,0.05,-163.19,-68.00,85.19,1.69,2.19,0.13,-0.05,0.05,-0.01,11.44,61.13,84.12,-0.44,0.44,1.12,5,2
1772046833.303084,4171852,0.26,-0.14,0.10,-163.50,-67.94,85.37,1.56,-0.44,-0.25,-0.05,0.02,-0.02,11.63,61.06,84.12,-0.69,-0.50,0.06,5,2
1772046833.493944,4172043,0.31,-0.19,0.10,-163.75,-68.00,85.50,-0.06,-1.25,-0.06,-0.13,0.01,-0.01,11.63,61.13,84.12,0.44,0.06,-0.62,5,2
1772046833.684640,4172234,0.37,-0.11,0.06,-163.12,-68.00,84.94,-3.37,-0.19,0.44,-0.04,0.00,0.01,11.63,61.19,84.12,0.37,-0.50,0.19,5,2
1772046833.875944,4172424,0.19,0.13,0.24,-161.69,-68.37,81.44,-21.19,-1.62,-4.81,-0.04,0.07,-0.02,11.63,61.44,84.12,-0.13,-1.19,-0.69,4,2
1772046834.064976,4172614,0.32,0.14,0.12,-159.62,-68.31,78.50,-2.69,0.44,1.25,-0.06,0.04,-0.03,11.63,61.44,84.06,0.88,-1.06,-0.50,4,3
1772046834.256605,4172806,0.22,0.12,0.14,-159.50,-68.31,78.50,2.06,-1.37,1.06,-0.09,0.06,0.05,11.56,61.44,84.19,-0.88,-0.06,-1.31,4,2
1772046834.447498,4172997,0.23,-0.09,0.11,-159.81,-67.87,80.37,15.50,2.50,4.75,-0.06,0.10,-0.05,11.38,61.38,84.37,-0.69,0.06,0.25,3,2
1772046834.638010,4173187,0.24,-0.13,0.13,-161.12,-67.56,82.31,0.37,0.00,-2.19,-0.06,0.00,0.00,11.56,61.31,84.37,-1.19,-1.87,0.19,3,2
1772046834.828919,4173378,0.30,-0.07,0.14,-161.50,-67.44,82.50,-0.62,-0.37,-0.81,-0.03,-0.03,0.03,11.81,61.19,84.25,0.31,0.88,0.69,3,2
1772046835.019770,4173569,0.32,-0.21,0.09,-161.94,-67.50,82.69,-1.12,0.37,-0.25,-0.07,0.03,-0.01,11.81,61.13,84.25,0.37,-0.56,-0.31,4,3
1772046835.210721,4173760,0.25,-0.07,0.11,-161.06,-67.62,81.69,-6.12,-1.25,0.62,-0.09,0.08,-0.01,11.69,61.19,84.19,0.75,-1.50,-0.75,4,3
1772046835.401817,4173951,0.36,0.07,0.16,-160.00,-67.87,79.69,-10.94,-2.44,-2.37,-0.09,0.07,-0.07,11.63,61.38,84.19,0.06,-2.25,-0.81,4,3
1772046835.591799,4174141,0.22,-0.11,0.19,-159.12,-68.44,78.87,3.56,-0.50,-0.37,-0.01,0.01,0.05,11.63,61.50,84.19,-0.56,-0.31,0.31,3,2
1772046835.782000,4174331,0.22,-0.20,0.16,-160.25,-68.62,79.62,-0.94,0.25,-1.62,-0.03,0.01,-0.06,11.69,61.63,84.00,-0.50,-1.00,-0.69,4,2
1772046835.972607,4174522,0.25,-0.05,0.19,-159.87,-68.62,79.44,-0.69,-1.25,0.25,-0.08,0.06,0.01,11.44,61.69,84.12,-0.31,-0.06,-0.69,4,2
1772046836.163550,4174713,0.35,0.04,0.11,-159.62,-68.44,79.12,1.87,1.44,-1.81,-0.09,0.06,0.13,11.44,61.69,84.12,1.37,1.12,0.94,4,2
1772046836.354786,4174904,0.30,0.03,0.08,-160.25,-68.37,79.50,2.94,-0.81,0.69,-0.09,0.11,0.00,11.56,61.69,84.19,-0.31,-0.31,-0.25,5,2
1772046836.545387,4175095,0.30,0.11,0.15,-160.37,-68.37,80.19,9.00,1.12,4.56,-0.01,-0.08,-0.10,11.75,61.63,84.25,-1.06,0.69,-0.06,5,2
1772046836.735035,4175285,0.25,-0.27,0.09,-161.69,-68.19,82.62,8.38,1.75,0.94,-0.11,0.00,0.06,11.75,61.38,84.31,-0.19,0.44,-0.25,5,2
1772046836.926114,4175476,0.36,-0.11,0.06,-162.69,-67.81,83.12,-0.31,0.56,-0.25,-0.05,0.00,0.03,11.81,61.31,84.25,0.69,0.19,0.56,5,2
1772046837.117394,4175667,0.28,-0.07,0.11,-162.50,-67.87,82.87,-2.25,-0.81,1.69,-0.09,0.00,0.04,11.69,61.31,84.25,0.94,1.19,-0.37,5,3
1772046837.308292,4175858,0.34,-0.03,0.13,-161.56,-67.81,82.25,-1.62,-0.25,1.62,-0.05,0.03,0.02,11.44,61.38,84.31,-0.25,-0.56,-0.31,5,3
1772046837.499079,4176048,0.34,-0.07,0.14,-161.12,-67.81,81.75,-0.75,-1.06,0.00,-0.04,0.03,-0.03,11.38,61.44,84.44,-0.50,-0.37,-1.56,6,3
1772046837.688964,4176238,0.26,-0.17,0.12,-160.31,-68.25,81.25,-4.00,-2.75,1.31,-0.16,-0.01,0.07,10.75,61.50,84.87,-0.75,-2.94,-2.69,6,3
1772046837.878428,4176428,0.35,-0.09,0.01,-159.50,-68.37,79.37,-11.31,0.13,-3.94,-0.05,0.06,0.02,9.81,62.38,85.62,-0.81,-5.44,-4.56,6,3
1772046838.070387,4176620,0.26,0.12,0.18,-157.69,-68.87,77.50,-1.56,-4.19,2.87,-0.02,0.05,-0.06,8.75,62.88,86.00,0.69,-0.50,-1.44,5,3
1772046838.261150,4176811,0.15,0.00,0.21,-155.62,-69.56,77.25,2.69,-2.50,0.50,-0.11,0.00,0.04,8.56,62.81,86.12,-0.56,0.44,0.31,5,4
1772046838.451914,4177002,0.15,0.02,0.13,-155.50,-69.62,77.81,3.12,2.12,0.00,-0.26,0.16,0.02,9.19,62.69,85.69,0.94,-2.50,2.37,4,3
1772046838.642016,4177192,0.37,0.02,0.05,-158.25,-69.12,80.00,16.25,4.94,0.06,0.05,0.01,-0.12,9.69,62.69,85.12,-0.50,2.00,0.37,4,3
1772046838.831508,4177381,0.15,-0.19,0.07,-160.37,-69.00,83.31,5.06,-1.37,2.62,-0.10,0.02,0.12,9.56,62.25,85.44,-1.50,3.44,0.37,6,3
1772046839.023823,4177573,0.33,-0.08,0.06,-160.94,-68.81,83.94,2.12,2.44,-2.56,0.05,-0.08,0.09,9.88,61.94,85.44,-0.25,0.13,0.50,7,3
1772046839.214677,4177764,0.25,-0.11,0.10,-162.75,-68.81,85.06,1.87,-0.25,0.75,-0.04,0.01,0.03,9.88,61.88,85.56,-0.62,2.25,0.13,7,3
1772046839.405904,4177955,0.25,-0.13,0.11,-163.19,-68.75,85.31,-0.19,1.56,-1.75,-0.05,0.02,0.09,9.75,61.69,85.62,-1.69,-3.06,-1.50,6,3
1772046839.595962,4178145,0.27,-0.09,0.07,-163.44,-68.44,85.00,-4.12,-2.56,-1.12,-0.10,0.00,0.03,9.94,61.81,85.50,0.69,-1.37,-0.88,6,3
1772046839.785322,4178335,0.34,-0.14,0.12,-161.87,-68.62,83.81,-5.31,-3.44,3.50,-0.03,0.00,0.12,9.69,61.94,85.62,1.06,-0.06,0.31,7,3
1772046839.977402,4178527,0.27,-0.15,0.12,-159.87,-69.00,81.87,-7.25,-1.69,0.19,-0.08,0.01,-0.02,9.50,62.00,85.62,1.12,-0.06,-0.13,7,3
1772046840.168487,4178718,0.32,0.05,0.14,-157.06,-69.19,79.50,-4.62,-1.56,3.25,-0.07,0.06,0.07,9.06,62.00,85.69,-0.75,0.75,-1.75,6,2
1772046840.359159,4178909,0.31,0.09,0.18,-154.37,-69.31,78.06,-6.12,-2.25,-1.06,-0.09,0.02,0.03,8.88,62.06,85.69,0.00,0.25,0.19,6,2
1772046840.549286,4179099,0.30,-0.03,0.14,-154.37,-69.31,77.44,-0.81,2.44,0.81,-0.14,0.00,-0.04,8.69,62.06,85.56,2.12,0.37,-0.44,5,2
1772046840.739060,4179289,0.30,0.05,0.13,-155.12,-68.87,77.44,2.50,2.81,-1.00,-0.09,0.08,-0.07,8.50,62.00,85.56,0.44,-0.13,-1.31,4,1
1772046840.930694,4179480,0.14,0.11,0.17,-155.69,-68.69,77.87,0.75,2.25,0.75,-0.02,-0.02,0.10,8.25,61.88,85.56,0.25,1.06,0.88,3,1
1772046841.121590,4179671,0.37,0.00,0.10,-157.06,-68.06,79.19,9.06,2.56,1.50,-0.07,0.03,0.16,8.38,61.75,85.56,-0.25,2.00,1.44,3,2
1772046841.312865,4179862,0.33,-0.17,0.08,-158.62,-67.62,80.94,3.69,1.94,-1.69,-0.09,0.03,0.02,8.75,61.56,85.44,-0.69,-0.31,0.75,4,2
1772046841.502857,4180052,0.31,-0.20,0.12,-159.81,-67.69,81.81,1.69,-1.87,-0.25,-0.08,-0.01,0.03,8.88,61.50,85.37,0.06,0.31,0.31,4,2
1772046841.693199,4180243,0.39,-0.15,0.08,-159.25,-68.06,81.12,-10.56,-3.00,-3.00,-0.06,0.06,0.02,8.88,61.56,85.37,-0.25,0.06,0.56,4,2
1772046841.884603,4180434,0.20,0.25,0.22,-157.44,-69.19,78.75,-3.00,-5.19,-1.69,-0.07,0.00,0.11,8.94,61.69,85.25,0.50,-0.06,0.13,5,2
1772046842.075617,4180625,0.29,0.02,0.12,-157.00,-69.69,78.94,3.06,1.44,-1.37,-0.06,0.04,-0.02,9.13,61.81,85.37,-0.25,-0.94,0.06,5,3
1772046842.266607,4180816,0.25,-0.11,0.18,-158.44,-69.62,80.12,4.37,2.94,-1.69,-0.02,-0.01,0.04,8.94,61.88,85.50,-1.94,-2.75,-1.62,4,3
1772046842.456107,4181006,0.41,-0.16,0.11,-159.81,-69.06,81.25,4.56,3.00,1.50,-0.05,0.05,0.02,8.69,61.94,85.62,0.31,1.00,0.44,5,3
1772046842.646742,4181196,0.28,0.08,0.13,-159.31,-68.94,81.00,-2.12,-0.94,-0.31,-0.07,0.03,0.03,8.81,61.88,85.62,-0.19,-0.50,0.00,5,3
1772046842.837790,4181388,0.30,-0.05,0.09,-159.37,-69.00,81.00,-0.31,0.06,0.44,0.02,-0.02,0.05,8.94,61.88,85.62,0.62,1.56,0.75,6,3
1772046843.029073,4181579,0.22,-0.13,0.11,-159.25,-69.12,81.00,0.06,-1.81,0.00,-0.14,0.02,0.07,9.00,61.88,85.62,-0.37,-0.37,-0.19,6,3
1772046843.220176,4181769,0.26,-0.05,0.11,-158.69,-69.25,80.44,-5.31,-0.44,-1.56,-0.10,0.05,-0.01,9.00,61.94,85.62,-0.25,-1.81,-1.06,6,3
1772046843.410822,4181960,0.22,-0.03,0.16,-158.00,-69.50,79.87,-0.06,-0.56,0.13,-0.05,0.03,-0.01,9.00,61.94,85.62,-0.44,-0.31,-0.19,6,3
1772046843.601506,4182151,0.33,-0.08,0.10,-158.06,-69.44,79.87,-0.13,0.88,-0.50,-0.04,-0.01,0.01,9.00,61.94,85.62,-0.50,-0.94,-0.25,7,3
1772046843.791799,4182342,0.22,0.04,0.13,-158.00,-69.56,80.00,0.44,0.13,0.50,-0.01,0.11,0.02,9.00,62.00,85.75,-0.50,2.75,0.31,6,3
1772046843.982537,4182532,0.16,0.10,0.22,-158.31,-69.62,80.44,0.88,0.25,-2.87,-0.14,-0.05,0.06,9.06,61.88,85.50,0.94,1.25,0.50,6,3
1772046844.173099,4182723,0.37,0.07,0.16,-159.62,-69.19,81.50,6.37,1.37,3.62,-0.12,-0.03,0.09,9.13,61.63,85.56,0.00,1.94,0.62,6,3
1772046844.363239,4182913,0.32,-0.15,0.06,-160.56,-68.75,82.69,2.19,3.56,-1.12,-0.12,0.03,0.00,9.13,61.50,85.56,-0.31,-0.19,0.25,6,3
1772046844.553805,4183103,0.37,-0.17,0.00,-160.94,-68.50,82.50,-3.69,-1.44,0.62,-0.07,-0.03,0.12,9.13,61.50,85.56,-0.44,-0.37,-0.37,5,3
1772046844.745435,4183295,0.28,0.01,0.14,-159.94,-69.06,81.19,-5.69,-2.81,-1.19,-0.08,0.01,-0.04,9.19,61.75,85.56,-0.25,-1.31,-0.31,5,2
1772046844.936150,4183486,0.16,0.01,0.19,-158.69,-69.62,80.50,-0.75,-1.94,1.00,0.01,-0.03,0.11,9.13,61.75,85.62,-0.25,-0.75,-0.56,6,3
1772046845.126530,4183676,0.29,-0.08,0.13,-158.56,-69.62,80.50,0.75,0.44,0.37,-0.11,0.00,0.10,9.06,61.81,85.62,-0.37,0.88,0.00,6,3
1772046845.316541,4183867,0.24,0.14,0.13,-158.50,-69.37,80.62,5.31,1.56,1.94,-0.11,0.02,0.07,9.69,61.75,85.37,2.69,-4.25,3.81,6,3
1772046845.507258,4184057,0.37,-0.21,0.11,-161.56,-69.06,82.06,-0.19,2.06,-4.31,-0.04,0.03,-0.12,10.25,62.00,84.56,0.56,1.81,-0.19,5,2
1772046845.698243,4184248,0.07,-0.01,0.20,-161.12,-69.31,82.19,1.69,1.50,1.75,-0.07,0.02,0.15,9.94,61.56,84.62,0.00,3.31,0.19,5,2
1772046845.889657,4184439,0.54,0.00,-0.04,-161.12,-68.25,81.62,-2.06,4.31,0.75,-0.03,0.01,-0.03,10.13,61.38,84.62,-1.19,-1.00,0.88,5,2
1772046846.080304,4184630,0.20,-0.28,0.08,-161.00,-68.25,81.56,0.19,-3.12,-1.69,0.03,-0.01,-0.06,10.44,61.44,84.56,-0.44,1.44,1.00,5,2
1772046846.270833,4184820,0.17,0.01,0.23,-160.56,-69.50,80.69,-9.69,-5.69,-3.25,-0.02,-0.08,0.09,10.38,61.31,84.62,-0.25,-0.25,-1.69,5,2
1772046846.460614,4185010,0.23,-0.06,0.18,-159.87,-69.75,79.56,-6.50,3.25,-0.62,-0.03,0.02,0.01,9.69,61.50,84.81,1.37,0.62,0.19,5,3
1772046846.651969,4185202,0.29,-0.16,0.09,-159.31,-69.00,79.75,13.06,2.19,3.75,-0.07,0.04,0.03,9.56,61.38,84.87,-0.62,0.88,-0.19,5,3
1772046846.843115,4185393,0.31,-0.15,0.02,-160.87,-68.62,81.19,-0.06,0.44,-0.94,-0.03,-0.03,0.08,9.56,61.31,84.94,-0.69,-0.19,0.00,4,2
1772046847.033845,4185584,0.37,-0.32,0.08,-161.19,-68.69,81.37,-2.87,-3.00,1.56,-0.03,0.04,0.04,9.56,61.44,85.00,-1.00,0.62,0.62,5,3
1772046847.224054,4185774,0.27,-0.06,0.15,-159.00,-69.37,79.87,-10.38,-4.94,-2.75,-0.03,0.00,0.02,9.69,61.50,85.00,0.44,-0.19,-0.13,5,2
1772046847.413992,4185964,0.22,0.01,0.17,-158.25,-69.81,78.69,2.75,0.31,1.56,0.00,0.02,-0.07,9.69,61.56,85.06,-0.75,0.25,-0.88,6,3
1772046847.605659,4186155,0.27,0.02,0.13,-158.56,-69.75,79.00,-0.69,2.06,0.37,-0.12,0.06,-0.08,9.63,61.75,85.12,-1.44,-1.25,-1.50,5,3
1772046847.796321,4186346,0.27,-0.07,0.10,-158.56,-69.50,79.81,6.56,1.06,2.19,-0.02,-0.05,0.09,9.69,61.56,85.12,1.31,0.81,1.00,7,3
1772046847.987284,4186537,0.35,-0.19,0.07,-159.94,-69.00,81.19,5.75,1.87,-0.44,-0.10,0.02,-0.04,9.69,61.56,85.12,1.00,0.19,0.62,7,3
1772046848.177978,4186728,0.23,-0.05,0.11,-160.69,-69.00,81.94,1.19,-0.13,0.37,-0.05,0.00,0.08,9.69,61.44,85.06,0.50,1.50,0.06,8,3
1772046848.368302,4186918,0.33,-0.10,0.07,-160.94,-68.94,82.00,-1.37,-0.06,0.37,-0.12,0.02,-0.01,9.75,61.44,85.06,0.06,-0.62,-0.19,8,3
1772046848.559583,4187109,0.29,0.02,0.12,-160.75,-69.19,80.87,-10.19,-1.75,-4.62,-0.08,0.01,0.01,9.75,61.56,85.06,-0.19,-1.00,-0.37,7,3
1772046848.750431,4187300,0.26,-0.06,0.15,-160.31,-69.56,80.25,0.81,-0.88,0.75,-0.12,0.04,0.01,9.69,61.63,85.12,-0.50,-1.81,-1.25,7,4
1772046848.940999,4187491,0.28,-0.09,0.14,-160.25,-69.69,80.31,2.06,0.00,-0.06,-0.14,0.02,-0.01,9.50,61.81,85.25,0.00,-0.75,-1.75,7,4
1772046849.130724,4187681,0.29,0.07,0.09,-160.37,-69.37,80.44,2.25,3.06,1.94,-0.06,0.07,-0.14,9.38,61.75,85.37,1.12,-0.06,0.13,7,3
1772046849.321171,4187871,0.28,0.00,0.15,-160.69,-69.25,80.62,-2.00,-0.25,-0.13,-0.05,0.01,0.02,9.44,61.69,85.31,-0.50,0.19,0.31,6,3
1772046849.512486,4188063,0.35,-0.08,0.02,-160.50,-69.12,80.44,-0.06,1.00,0.00,-0.01,0.07,0.00,9.56,61.75,85.37,0.69,0.00,1.00,6,3
1772046849.703910,4188253,0.24,-0.03,0.11,-159.75,-69.37,79.87,-3.87,-2.56,-0.75,-0.13,-0.07,0.00,9.63,61.75,85.31,-0.25,-0.69,0.56,5,3
1772046849.894584,4188444,0.27,-0.12,0.13,-159.62,-69.62,79.81,0.75,-0.62,0.69,-0.01,0.03,0.00,9.69,61.81,85.37,-0.19,-0.13,-0.75,5,3
1772046850.084992,4188635,0.21,0.05,0.08,-159.31,-69.62,79.75,0.25,0.13,-0.44,-0.17,0.06,0.01,9.63,61.88,85.37,0.13,-1.00,0.19,4,3
1772046850.275214,4188825,0.28,0.11,0.08,-159.94,-69.56,80.44,7.44,1.44,0.31,-0.01,0.04,-0.08,9.94,62.00,85.25,-0.25,-0.62,0.06,5,3
1772046850.466835,4189016,0.15,-0.13,0.14,-160.37,-69.87,82.44,4.31,-1.62,-1.06,-0.16,0.03,-0.06,10.25,61.94,85.12,-0.69,-0.25,0.37,4,3
1772046850.657451,4189207,0.20,-0.16,0.04,-161.69,-70.06,83.44,2.37,2.62,-0.62,-0.10,0.01,0.04,10.31,61.75,85.12,-0.44,0.37,-0.62,4,3
1772046850.848392,4189398,0.26,-0.11,0.03,-162.06,-69.75,83.37,-4.44,-0.56,0.81,-0.10,0.02,-0.01,10.25,61.81,85.19,0.50,0.06,-0.19,4,2
1772046851.038228,4189588,0.28,0.06,0.12,-161.37,-69.87,81.87,-5.50,0.94,-1.75,-0.12,0.03,-0.03,10.19,61.88,85.19,-0.25,-1.56,-0.62,3,2
1772046851.228997,4189779,0.32,-0.02,0.10,-161.06,-69.75,81.50,-0.19,-0.50,-0.62,-0.11,-0.01,0.00,10.19,61.94,85.19,-0.44,-0.94,-0.25,5,3
1772046851.419958,4189970,0.25,-0.04,0.07,-160.94,-69.75,81.44,-1.00,0.62,0.69,0.02,-0.02,0.13,10.06,61.94,85.25,0.69,1.81,0.31,4,2
1772046851.611245,4190161,0.30,-0.07,0.12,-160.44,-69.81,81.19,-0.44,-1.37,1.94,-0.06,0.06,-0.01,9.88,62.00,85.31,-0.75,0.06,-0.50,5,3
1772046851.801642,4190352,0.29,-0.05,0.12,-159.44,-69.94,80.69,0.06,0.13,-0.37,-0.03,0.00,0.01,9.81,62.00,85.31,0.19,0.00,0.19,5,2
1772046851.991639,4190541,0.21,-0.06,0.17,-159.56,-69.94,80.75,0.69,-1.37,-0.44,-0.13,-0.04,0.09,9.88,62.00,85.31,-0.69,0.88,0.00,6,3
1772046852.181625,4190731,0.28,-0.14,0.10,-160.19,-69.62,81.62,5.44,2.62,1.12,-0.06,0.00,-0.02,9.81,62.00,85.31,-0.56,0.75,0.31,5,2
1772046852.373277,4190923,0.27,-0.12,0.06,-161.06,-69.25,82.06,1.56,2.50,-0.31,-0.11,0.00,0.03,9.88,61.94,85.37,-0.62,-1.31,-1.12,6,2
1772046852.564286,4191114,0.31,-0.05,0.09,-161.56,-68.94,82.19,-0.31,0.13,-0.25,-0.08,0.01,0.00,9.81,61.94,85.37,0.06,-0.37,-0.06,7,2
1772046852.755205,4191305,0.31,-0.10,0.08,-161.44,-68.94,82.00,-2.00,0.19,0.37,-0.03,-0.02,0.06,9.81,61.94,85.31,0.69,-0.31,-0.19,7,2
1772046852.944914,4191495,0.27,-0.04,0.13,-160.87,-69.12,81.62,-1.00,-1.69,0.88,-0.08,-0.01,0.06,9.75,61.88,85.31,0.50,0.56,0.81,6,2
1772046853.135604,4191686,0.30,-0.04,0.09,-160.62,-69.19,81.50,0.69,0.31,0.25,-0.04,-0.01,0.01,9.75,61.88,85.25,0.00,0.25,0.25,5,2
1772046853.326920,4191877,0.32,-0.09,0.09,-160.75,-69.19,81.56,0.06,0.56,0.19,-0.03,-0.07,0.09,9.69,61.88,85.31,0.62,1.31,0.37,6,2
1772046853.518126,4192068,0.37,-0.14,0.07,-160.81,-69.12,81.56,0.69,-0.13,-0.44,-0.16,0.04,0.02,9.63,62.00,85.31,-0.56,-0.50,-0.50,5,2
1772046853.708882,4192259,0.28,-0.02,0.09,-160.69,-69.19,81.50,0.37,0.31,-0.13,-0.04,0.02,0.01,9.63,62.00,85.31,-0.37,-0.44,-0.13,5,2
1772046853.899605,4192449,0.28,-0.10,0.10,-160.62,-69.25,81.56,-0.50,-0.88,0.06,-0.03,-0.04,0.08,9.69,62.00,85.31,0.06,-0.06,-0.06,5,2
1772046854.089462,4192639,0.35,-0.05,0.11,-160.19,-69.37,81.06,-4.37,-0.37,-1.25,-0.11,0.00,0.04,9.69,62.06,85.31,0.25,-2.00,-0.56,5,2
1772046854.280768,4192830,0.26,-0.06,0.10,-159.50,-69.56,80.56,-2.19,-0.44,0.06,-0.10,-0.01,0.06,9.69,62.06,85.31,0.00,-0.88,0.19,5,2
1772046854.471959,4193021,0.29,-0.02,0.08,-159.19,-69.62,80.12,-1.44,-1.12,-0.37,-0.09,0.05,-0.01,9.75,62.19,85.19,-0.69,-4.75,-0.62,5,2
1772046854.662560,4193212,0.27,-0.11,0.07,-159.19,-69.81,80.12,-0.37,-1.75,-1.75,-0.11,0.03,-0.06,10.06,62.44,84.94,0.37,-3.00,-0.44,4,2
1772046854.852269,4193402,0.26,-0.01,0.25,-158.44,-70.31,79.87,-2.87,-3.69,0.62,-0.10,-0.03,0.03,10.06,62.56,84.94,0.44,0.13,-0.25,5,3
1772046855.042765,4193593,0.34,-0.02,0.12,-158.06,-70.50,79.62,-0.75,1.12,0.25,-0.07,0.06,0.00,10.06,62.63,84.94,0.88,0.25,0.44,5,3
1772046855.233780,4193784,0.08,0.04,0.21,-158.06,-70.62,79.62,0.44,0.19,0.19,-0.13,0.00,0.15,10.19,62.56,84.81,0.06,-0.25,0.06,4,3
1772046855.425248,4193975,0.27,-0.01,0.06,-158.50,-70.44,79.69,-2.81,-0.37,-2.44,-0.11,-0.04,0.00,10.31,62.63,84.44,3.50,0.25,2.37,5,3
1772046855.615998,4194166,0.19,-0.19,0.15,-159.00,-70.69,79.56,-1.25,0.75,1.19,-0.06,0.03,0.02,10.19,62.56,84.12,-0.56,-0.06,-1.75,4,3
1772046855.806234,4194356,0.17,0.08,0.18,-157.37,-70.50,78.69,-0.37,-1.19,0.37,-0.06,0.02,0.04,9.94,62.50,84.25,0.00,0.62,0.56,5,3
1772046855.996482,4194546,0.26,-0.12,0.15,-157.75,-70.50,78.94,0.25,1.19,-2.19,-0.11,-0.06,0.00,10.13,62.56,84.19,-0.75,-2.56,0.19,4,3
1772046856.187550,4194738,0.24,-0.05,0.20,-158.81,-70.25,80.50,20.19,3.50,7.44,-0.04,0.02,-0.06,10.13,62.63,84.31,0.13,0.06,0.13,5,3
1772046856.378705,4194929,0.29,-0.10,0.07,-160.62,-69.69,82.37,0.25,2.94,0.31,-0.08,0.01,0.07,10.19,62.44,84.31,-0.50,-0.44,-0.69,5,3
1772046856.569661,4195119,0.29,-0.05,0.09,-160.56,-69.37,82.19,0.50,-1.69,-0.19,-0.15,0.04,0.01,10.31,62.50,84.31,-0.44,-1.44,-0.19,5,3
1772046856.760010,4195310,0.27,-0.13,0.15,-160.56,-69.62,82.37,-0.69,-0.06,1.12,-0.05,0.00,0.07,10.31,62.50,84.31,0.06,0.25,-0.06,5,3
1772046856.949789,4195500,0.27,-0.27,0.11,-160.44,-69.56,82.06,-2.62,2.12,-1.06,-0.02,0.00,0.13,10.00,62.44,84.12,1.81,-0.13,0.25,6,2
1772046857.140987,4195691,0.35,0.23,0.13,-159.06,-69.19,81.12,6.19,-3.12,2.87,-0.08,0.10,0.25,10.13,62.19,84.62,-0.62,2.50,1.12,6,2
1772046857.331853,4195882,0.34,0.00,0.03,-160.12,-69.12,82.06,1.62,3.00,-3.56,-0.09,-0.01,0.09,10.69,61.88,84.31,1.62,1.31,2.12,5,2
1772046857.522984,4196073,0.17,-0.15,0.10,-161.75,-69.19,82.81,-2.06,-1.44,0.88,-0.07,0.01,0.05,10.69,61.81,84.19,0.56,-0.44,-0.31,6,2
1772046857.713312,4196264,0.23,0.05,0.17,-160.50,-69.31,82.00,-0.13,-0.81,0.06,-0.03,0.05,0.04,10.69,61.88,84.19,0.88,0.56,0.31,7,2
1772046857.904458,4196454,0.27,0.05,0.19,-160.25,-69.37,81.87,-0.25,-0.69,0.44,-0.02,0.00,0.08,10.63,61.88,84.25,-0.75,-0.31,-0.94,7,2
1772046858.095611,4196645,0.28,-0.13,0.11,-160.06,-69.56,81.69,-2.75,-0.13,0.31,-0.08,0.00,-0.02,10.50,61.88,84.31,-0.44,-1.12,-0.56,7,1
1772046858.286010,4196836,0.34,-0.19,0.12,-159.37,-69.69,80.87,-1.44,-1.44,1.31,-0.02,0.05,-0.01,10.38,61.94,84.37,-0.13,-0.56,-0.62,6,1
1772046858.476456,4197026,0.23,0.10,0.17,-158.19,-70.19,79.25,-8.38,-1.62,-1.56,-0.06,0.03,0.08,10.31,61.94,84.37,0.25,-0.13,-0.31,6,2
1772046858.666995,4197217,0.25,-0.15,0.18,-157.12,-70.44,78.44,0.75,-0.25,-0.50,-0.07,0.08,0.01,10.25,62.00,84.44,0.00,0.56,0.00,6,2
1772046858.856619,4197407,0.33,0.15,0.13,-157.06,-70.31,78.31,1.44,2.62,-0.25,-0.15,0.12,0.03,10.31,61.94,84.44,-0.31,-2.00,-0.06,6,2
1772046859.048301,4197598,0.32,-0.08,0.16,-158.87,-69.87,79.37,5.75,3.12,-1.75,0.00,0.05,-0.04,10.56,62.06,84.19,-1.31,-0.69,-0.62,5,2
1772046859.239553,4197789,0.27,-0.12,0.19,-159.75,-69.87,80.25,1.44,-0.81,0.94,-0.03,-0.01,0.09,10.50,62.06,84.19,-2.19,-0.06,-0.25,6,2
1772046859.429896,4197980,0.37,-0.32,0.07,-159.12,-69.87,79.75,-11.75,-1.06,-1.81,-0.05,0.00,0.16,10.56,62.06,84.12,1.69,1.50,1.75,6,2
1772046859.619763,4198170,0.29,0.07,0.16,-158.06,-70.00,78.06,3.19,0.13,-0.75,-0.04,0.10,-0.06,10.69,62.06,83.94,0.88,-1.00,0.06,5,2
1772046859.809139,4198359,0.22,0.00,0.23,-158.94,-70.12,79.62,12.88,-1.12,3.94,-0.05,-0.09,0.07,10.69,61.94,83.87,2.87,2.75,1.12,4,2
1772046860.001302,4198551,0.33,-0.20,0.02,-161.06,-69.56,81.44,-1.37,6.12,0.50,-0.07,0.04,-0.01,10.44,61.69,83.69,-0.69,1.50,-0.88,5,2
1772046860.192031,4198742,0.31,0.24,0.06,-159.50,-68.56,80.00,-0.31,3.44,3.25,0.00,0.00,0.00,10.38,61.50,83.81,-1.50,0.56,-0.25,5,2
1772046860.383077,4198933,0.57,0.13,0.11,-160.25,-68.00,80.87,6.75,-0.19,-1.50,0.00,-0.10,0.00,10.88,61.50,84.00,-1.19,2.62,1.31,5,2
1772046860.573464,4199123,0.27,-0.41,0.07,-162.87,-68.56,85.00,15.19,0.37,-0.50,-0.21,-0.04,0.01,10.88,61.44,84.50,-2.37,-1.00,-2.31,5,2
1772046860.762879,4199313,0.23,-0.28,0.09,-165.87,-68.87,87.62,0.19,-0.94,0.81,-0.17,-0.06,0.16,10.69,61.31,84.75,0.00,1.56,-0.19,4,2
1772046860.955143,4199505,0.44,-0.06,0.04,-165.19,-68.62,87.25,-1.12,0.37,2.31,-0.06,0.06,-0.02,10.38,61.25,84.87,0.62,-0.37,-0.62,4,2
1772046861.145935,4199696,0.23,0.00,0.13,-164.25,-68.69,86.69,-0.50,-0.62,1.12,-0.08,0.12,0.01,10.25,61.19,84.87,-0.75,-0.37,-0.69,4,2
1772046861.336891,4199887,0.28,0.05,0.10,-164.19,-68.62,86.62,0.62,-0.44,-1.87,-0.10,0.10,-0.05,10.31,61.25,84.81,-0.56,-0.88,-0.75,4,2
1772046861.527315,4200078,0.15,0.03,0.14,-164.62,-68.62,86.94,0.13,1.62,-0.56,-0.06,-0.02,0.05,10.31,61.13,84.87,0.56,0.88,0.19,3,2
1772046861.718160,4200268,0.36,-0.07,0.08,-165.00,-68.25,87.00,1.00,1.06,-0.31,-0.13,0.03,0.03,10.31,61.06,84.87,0.44,0.88,0.13,4,2
1772046861.908972,4200459,0.24,-0.11,0.11,-165.19,-68.00,87.31,2.06,1.50,1.00,-0.08,0.04,0.01,9.94,60.88,85.00,0.88,1.44,-0.94,3,2
1772046862.099562,4200650,0.40,-0.13,0.03,-165.37,-67.56,87.31,-1.69,2.06,0.88,-0.03,0.00,0.10,9.75,60.75,84.94,0.00,0.25,0.31,4,2
1772046862.290286,4200841,0.30,-0.11,0.07,-165.25,-67.44,87.00,0.75,0.19,0.44,-0.11,0.03,0.00,9.75,60.69,84.94,-0.37,-1.12,0.06,3,2
1772046862.480544,4201031,0.29,-0.05,0.11,-165.50,-67.69,87.19,0.94,-1.87,-0.19,-0.04,0.05,0.00,9.81,60.75,84.94,-0.19,0.13,-0.06,3,2
1772046862.671712,4201222,0.26,0.02,0.11,-165.25,-67.94,87.19,-0.81,-0.13,-0.25,-0.03,0.03,-0.03,9.88,60.88,84.94,0.06,-0.25,-0.06,3,2
1772046862.862987,4201413,0.27,-0.05,0.15,-165.06,-68.00,87.19,-1.06,0.19,0.44,-0.08,-0.02,0.06,9.88,60.88,84.94,-0.37,-0.44,0.00,3,2
1772046863.053158,4201603,0.31,-0.09,0.06,-165.12,-67.87,87.06,-0.13,0.13,-0.31,-0.02,0.00,0.02,9.81,60.88,84.94,0.06,0.56,0.31,3,2
1772046863.244115,4201794,0.26,-0.06,0.13,-165.06,-67.87,87.00,-0.88,0.06,0.44,-0.11,0.10,-0.03,9.88,60.94,84.94,-0.44,-1.12,-0.50,3,2
1772046863.434634,4201985,0.28,-0.09,0.15,-165.00,-67.94,86.94,-0.56,-1.00,0.81,-0.05,0.00,0.02,9.88,61.00,84.94,-0.13,0.50,0.31,3,2
1772046863.624876,4202175,0.27,-0.06,0.11,-164.94,-67.87,86.87,0.37,1.19,-0.31,-0.08,0.05,-0.04,9.88,60.94,84.94,-0.69,-0.81,-0.37,3,2
1772046863.815894,4202366,0.30,-0.10,0.08,-165.12,-67.75,86.94,1.19,0.00,0.00,-0.05,0.04,0.06,9.81,60.94,85.00,-0.06,0.44,-0.37,3,2
1772046864.007179,4202557,0.35,-0.02,0.07,-164.81,-67.69,86.50,-2.75,1.06,-0.19,-0.04,0.04,-0.06,9.88,61.06,84.94,-0.19,-0.62,-0.19,3,2
1772046864.197631,4202748,0.21,-0.10,0.15,-164.56,-67.81,86.37,-0.25,-0.56,-0.81,0.00,0.02,0.05,9.88,61.00,84.94,0.00,0.19,-0.13,3,2
1772046864.388316,4202938,0.36,-0.02,0.09,-164.81,-67.69,86.37,0.81,0.06,-0.88,-0.06,0.08,-0.02,9.88,61.00,84.87,-0.37,0.31,-0.31,3,2
1772046864.578919,4203129,0.25,-0.07,0.11,-164.69,-67.87,86.44,-0.25,0.31,-0.37,-0.07,0.03,0.00,9.88,60.94,84.87,0.06,0.25,0.31,3,2
1772046864.769768,4203320,0.25,-0.15,0.11,-164.62,-67.81,86.44,0.25,-1.56,1.37,-0.07,-0.03,0.10,9.81,60.94,84.94,0.50,1.25,0.62,4,2
1772046864.960183,4203511,0.31,-0.19,0.05,-164.50,-67.69,86.37,1.62,1.87,0.31,-0.07,0.02,0.00,9.81,60.94,84.94,0.19,-0.75,0.00,3,2
1772046865.151035,4203701,0.31,-0.07,0.09,-164.69,-67.56,86.37,1.00,-0.62,0.69,-0.12,0.05,0.03,9.81,60.94,84.87,-0.25,-0.94,-0.56,4,2
1772046865.341788,4203892,0.33,-0.07,0.11,-164.75,-67.44,86.37,-0.50,1.00,0.44,-0.03,0.00,-0.02,9.81,60.94,84.94,0.37,0.13,0.37,3,2
1772046865.531669,4204082,0.26,-0.08,0.12,-165.19,-67.12,86.56,0.94,2.87,0.37,-0.02,0.05,0.05,9.81,60.94,84.94,-0.44,0.31,0.19,3,2
1772046865.723288,4204273,0.35,-0.08,0.10,-165.62,-66.50,86.62,1.12,2.75,-1.25,-0.09,0.04,0.02,9.88,60.88,84.87,-0.19,-0.44,-0.31,3,2
1772046865.913903,4204464,0.30,-0.04,0.08,-165.69,-66.25,86.56,-1.81,0.00,0.00,-0.06,0.00,0.08,9.88,60.88,84.87,0.75,0.62,0.19,4,2
1772046866.104846,4204655,0.34,-0.20,0.08,-165.56,-66.19,86.25,-1.50,-0.19,-0.31,-0.07,0.03,-0.05,9.88,60.94,84.87,0.13,-0.25,0.50,3,2
1772046866.294826,4204845,0.22,0.00,0.15,-164.62,-66.25,85.06,-7.81,0.88,-2.25,-0.07,0.04,-0.02,9.88,60.88,84.87,0.50,-0.62,-0.25,4,2
1772046866.485531,4205036,0.27,-0.05,0.12,-164.44,-66.12,84.31,-0.31,-0.37,-0.25,-0.09,0.00,0.11,9.88,60.88,84.87,0.50,0.62,0.37,5,2
1772046866.676677,4205227,0.35,-0.06,0.09,-164.56,-65.87,84.31,-0.31,1.19,-0.06,-0.04,0.00,0.12,9.88,60.88,84.87,0.25,0.56,0.19,5,2
1772046866.867866,4205418,0.30,-0.09,0.14,-164.75,-65.75,84.44,-0.56,0.00,-0.13,-0.10,0.04,0.01,9.88,61.00,84.87,-0.44,-0.75,-0.19,5,2
1772046867.058345,4205608,0.33,-0.12,0.10,-164.75,-65.81,84.44,-0.81,-1.25,-0.37,-0.05,0.01,0.03,9.94,61.00,84.87,-0.19,0.00,0.37,5,2
1772046867.248278,4205799,0.26,-0.15,0.13,-164.50,-66.06,84.37,-0.81,-1.81,0.56,-0.05,0.02,0.03,9.94,61.00,84.87,0.06,0.00,-0.37,6,2
1772046867.439209,4205989,0.41,-0.09,0.11,-163.62,-66.37,83.75,-3.50,-3.19,0.06,-0.07,0.00,0.06,9.88,61.06,84.87,-0.06,-0.81,-0.25,5,2
1772046867.630512,4206181,0.17,0.06,0.16,-163.00,-66.75,83.25,-1.44,-0.69,0.13,-0.04,0.02,0.05,9.88,61.06,84.87,-0.19,-0.25,-0.19,6,2
1772046867.821263,4206372,0.32,-0.08,0.12,-163.06,-66.75,83.31,0.75,-0.25,-0.62,-0.08,0.01,0.04,9.94,61.06,84.87,0.06,0.06,0.25,5,2
1772046868.011650,4206562,0.28,-0.09,0.13,-163.31,-66.81,83.56,0.44,-0.13,0.19,-0.06,0.00,0.04,9.94,61.00,84.87,0.25,0.31,-0.13,5,2
1772046868.202733,4206753,0.29,-0.05,0.09,-163.31,-66.75,83.56,-0.19,-0.19,-0.13,-0.05,0.07,-0.01,9.88,61.06,84.87,0.62,0.56,0.00,5,2
1772046868.393320,4206943,0.22,-0.05,0.17,-163.25,-66.94,83.62,-0.50,-0.69,0.13,-0.13,0.00,0.07,9.88,61.00,84.87,-0.06,-0.50,-0.13,4,2
1772046868.584221,4207134,0.27,-0.10,0.15,-163.31,-66.94,83.69,0.00,-0.56,-0.25,-0.08,0.04,0.03,9.88,61.00,84.87,-0.19,-0.31,-0.25,4,2
1772046868.774913,4207325,0.28,-0.07,0.12,-163.25,-66.94,83.62,-0.69,0.94,0.25,-0.05,0.04,0.03,9.88,61.00,84.87,0.25,-0.13,-0.06,4,2
1772046868.965621,4207516,0.30,-0.78,0.08,-162.69,-66.87,82.62,-18.37,-0.31,-2.62,-0.23,0.08,0.21,9.94,61.00,84.81,1.75,-1.37,2.19,4,2
1772046869.155811,4207706,0.40,0.52,0.16,-159.94,-67.44,75.37,-25.56,-4.31,-4.56,-0.03,-0.07,0.03,10.50,61.19,84.37,1.81,-1.19,1.19,4,2
1772046869.345966,4207896,0.42,-0.03,0.23,-156.94,-68.25,73.87,9.75,-7.06,4.69,-0.16,0.13,-0.07,10.25,61.63,84.25,1.06,0.44,0.81,4,2
1772046869.537431,4208088,0.21,-0.14,0.25,-154.94,-69.00,75.31,0.44,-1.94,1.81,-0.09,0.09,0.11,10.13,61.50,84.37,-0.75,1.94,-1.25,4,1
1772046869.728466,4208279,0.38,-0.87,0.13,-154.00,-68.87,73.69,-40.75,6.75,-15.13,-0.12,0.10,0.10,9.88,61.50,84.50,-0.19,-0.25,1.50,4,2
1772046869.918820,4208469,0.29,0.89,0.24,-152.87,-69.19,68.69,31.00,-1.12,18.75,-0.04,0.00,-0.10,10.13,61.44,84.44,0.19,0.25,-1.44,4,2
1772046870.109048,4208660,0.29,-0.85,0.15,-152.81,-67.31,77.00,32.00,2.12,3.44,-0.08,0.10,0.04,9.69,61.44,84.62,-0.69,0.69,0.31,4,2
1772046870.300002,4208850,0.34,-0.21,0.01,-157.94,-67.06,80.69,-5.06,3.62,-5.19,-0.05,-0.01,-0.04,10.06,61.38,84.50,-0.31,-0.13,0.13,4,2
1772046870.490828,4209041,0.27,-0.31,0.10,-159.06,-67.37,80.62,-1.87,-2.81,-2.50,-0.06,0.00,0.00,9.94,61.44,84.50,0.19,0.75,0.37,4,2
1772046870.681791,4209232,0.30,-0.14,0.15,-158.75,-67.94,80.12,-5.69,-0.19,-2.56,-0.01,0.03,0.04,9.88,61.44,84.56,-0.13,0.94,0.00,3,2
1772046870.872527,4209423,0.33,-0.02,0.12,-158.37,-68.00,79.31,-1.56,-0.19,-1.19,-0.14,0.02,0.01,9.81,61.50,84.56,-0.37,-0.25,-0.13,3,3
1772046871.062946,4209613,0.27,-0.11,0.12,-158.62,-68.12,79.06,-5.56,-0.06,-1.81,-0.14,0.01,-0.09,9.81,61.44,84.56,-0.88,-1.25,-0.62,3,3
1772046871.252958,4209803,0.26,-0.07,0.14,-158.44,-68.19,78.31,-2.69,-0.62,-0.81,0.00,-0.01,0.07,9.75,61.50,84.62,0.13,1.00,0.25,3,3
1772046871.444796,4209995,0.26,-0.03,0.12,-158.06,-68.25,77.75,-1.62,-0.69,-0.13,-0.11,0.04,-0.01,9.69,61.50,84.69,-0.19,-1.00,-0.37,4,3
1772046871.635239,4210186,0.25,-0.02,0.21,-157.94,-68.37,77.81,3.62,-0.81,0.25,-0.07,0.02,0.12,9.75,61.50,84.69,-0.56,0.69,0.13,5,2
1772046871.826008,4210376,0.24,-0.08,0.16,-158.50,-68.37,78.50,-1.19,-0.25,-1.25,-0.05,0.00,0.07,9.88,61.44,84.62,-0.50,0.81,0.37,5,2
1772046872.016445,4210567,0.27,-0.13,0.20,-159.19,-68.25,78.81,-0.31,0.31,-0.44,-0.09,0.01,0.00,9.88,61.44,84.69,-0.31,0.13,-0.19,5,2
1772046872.206354,4210757,0.27,-0.15,0.14,-159.31,-68.00,78.75,0.31,1.31,0.00,-0.07,0.01,0.02,9.88,61.44,84.69,0.31,0.25,0.13,5,2
1772046872.397810,4210948,0.25,-0.15,0.11,-159.31,-68.00,78.75,-0.44,-0.88,0.50,-0.03,0.00,0.06,9.88,61.44,84.62,0.69,0.50,0.31,6,2
1772046872.589138,4211139,0.29,0.00,0.17,-158.69,-68.25,78.00,-4.25,-1.06,-2.12,-0.02,0.02,0.06,9.81,61.50,84.62,-0.37,-1.37,-0.69,6,2
1772046872.779387,4211330,0.18,-0.06,0.19,-158.50,-68.56,78.00,-0.56,-0.37,-0.25,-0.06,0.03,0.03,9.81,61.50,84.62,-0.19,0.25,0.31,7,1
1772046872.969407,4211520,0.28,-0.05,0.15,-158.81,-68.37,78.12,2.25,2.44,-0.56,-0.05,0.00,0.02,9.81,61.50,84.69,-0.37,-0.06,-0.13,6,2
1772046873.160637,4211711,0.23,-0.11,0.18,-159.50,-68.19,78.69,-0.75,-1.06,-0.19,-0.11,0.00,0.09,9.88,61.44,84.62,-0.44,0.19,-0.31,6,2
1772046873.351619,4211902,0.34,-0.02,0.11,-159.56,-68.12,78.69,-0.88,0.44,-0.56,-0.04,0.05,-0.01,9.88,61.56,84.62,0.62,0.44,-0.25,6,2
1772046873.542216,4212093,0.17,-0.04,0.18,-159.19,-68.31,78.56,-1.19,-0.31,0.19,-0.07,-0.01,0.01,9.81,61.50,84.62,-0.13,0.19,0.19,5,2
1772046873.732746,4212283,0.29,-0.12,0.14,-159.31,-68.19,78.56,-0.44,-0.37,0.06,-0.08,0.01,0.05,9.81,61.50,84.62,-0.19,0.13,0.06,5,2
1772046873.923376,4212474,0.28,-0.06,0.12,-159.12,-68.31,78.44,-0.19,-0.62,0.19,-0.03,0.03,0.03,9.81,61.50,84.62,0.13,-0.13,0.00,5,2
1772046874.113764,4212664,0.21,-0.13,0.21,-159.00,-68.44,78.44,1.44,-0.50,0.06,-0.08,0.05,0.05,9.88,61.56,84.62,-0.56,-0.37,-0.13,5,2
1772046874.304701,4212855,0.31,-0.01,0.13,-159.19,-68.31,78.37,0.37,1.69,0.25,-0.07,0.00,0.03,9.88,61.50,84.62,-0.31,-0.13,-0.50,4,2
1772046874.495574,4213046,0.34,-0.18,0.12,-159.81,-68.00,78.81,1.31,2.31,-1.00,0.00,-0.03,-0.01,9.94,61.50,84.62,0.19,0.44,1.00,5,2
1772046874.686080,4213237,0.16,-0.10,0.17,-160.12,-68.06,79.25,2.94,-0.19,1.62,0.01,-0.05,0.11,10.00,61.44,84.56,0.44,0.50,0.31,5,2
1772046874.876755,4213427,0.28,-0.16,0.16,-160.31,-68.00,79.50,1.06,-0.94,0.00,-0.08,0.04,0.02,9.94,61.50,84.56,0.25,0.13,-0.06,5,2
1772046875.067991,4213618,0.27,-0.05,0.12,-160.25,-68.06,79.50,-0.37,-0.31,0.37,-0.06,0.01,0.08,9.94,61.44,84.56,-0.06,-0.44,-0.25,5,1
1772046875.258618,4213809,0.22,-0.08,0.20,-160.25,-68.19,79.62,-0.06,-0.69,-0.06,-0.01,0.02,0.08,9.94,61.44,84.56,0.00,-0.06,0.00,5,1
1772046875.449215,4214000,0.26,-0.14,0.10,-160.19,-68.19,79.56,-1.25,0.13,0.13,-0.19,0.10,-0.05,9.94,61.50,84.62,-0.13,0.13,0.06,5,1
1772046875.639706,4214190,0.16,0.07,0.15,-159.81,-68.31,78.75,-2.69,-0.88,-0.69,-0.07,0.01,0.05,9.94,61.50,84.56,0.31,0.37,0.44,5,1
1772046875.830016,4214380,0.28,-0.08,0.17,-159.87,-68.31,78.81,1.31,0.31,-0.19,-0.10,0.04,0.04,9.94,61.50,84.62,-0.56,0.13,-0.19,5,2
1772046876.020099,4214571,0.25,-0.21,0.11,-160.31,-68.12,79.44,1.19,0.81,1.06,-0.08,0.00,0.06,9.94,61.50,84.62,0.13,0.94,0.62,5,2
1772046876.211996,4214762,0.33,-0.17,0.15,-160.56,-68.06,79.50,-0.50,-1.37,0.06,-0.10,0.04,0.11,9.94,61.50,84.62,0.06,-0.37,-0.25,6,2
1772046876.402593,4214953,0.29,-0.07,0.17,-160.25,-68.06,79.25,-0.94,-0.19,0.25,-0.12,0.04,0.01,9.94,61.50,84.62,0.00,-0.37,0.06,5,2
1772046876.592911,4215144,0.25,-0.10,0.19,-160.25,-68.06,79.25,0.31,-0.25,0.25,-0.08,0.03,0.05,9.94,61.50,84.62,0.00,0.31,0.06,5,2
1772046876.783357,4215334,0.32,0.02,0.13,-160.31,-68.00,79.19,0.62,0.25,0.19,-0.05,0.05,0.00,9.94,61.56,84.62,0.31,0.31,0.06,4,2
1772046876.973950,4215525,0.31,-0.01,0.16,-160.56,-67.94,79.56,1.62,1.44,-0.19,-0.10,0.06,0.00,9.94,61.56,84.62,0.25,-0.75,0.44,5,2
1772046877.165357,4215716,0.44,-0.01,0.09,-159.62,-68.50,75.69,-58.19,-12.19,-23.12,-0.08,-0.10,0.18,10.19,61.44,84.44,0.81,-3.87,-0.31,4,2
1772046877.356020,4215907,0.14,-0.04,0.38,-156.87,-70.56,72.06,11.75,-6.12,6.87,-0.02,0.13,-0.12,10.00,61.63,84.50,0.00,0.75,0.31,4,3
1772046877.546662,4216097,0.31,-0.01,0.24,-154.87,-69.56,76.75,77.87,16.44,39.06,-0.07,0.15,0.05,10.00,61.38,84.69,-2.50,0.06,-2.31,5,3
1772046877.736986,4216287,0.49,-0.54,0.09,-158.25,-66.31,86.44,14.56,-0.37,2.19,-0.06,0.01,-0.03,10.06,61.50,84.87,-1.12,-1.25,0.37,5,2
1772046877.927955,4216478,0.25,-0.22,0.24,-159.00,-67.25,87.81,-3.25,-2.87,-2.50,-0.04,-0.02,-0.08,10.38,61.63,84.87,-0.75,-1.06,-0.13,5,2
1772046878.118893,4216669,0.39,-0.34,0.10,-158.69,-67.81,87.00,-8.81,-2.12,0.13,-0.06,0.02,-0.03,10.31,61.63,84.87,0.62,-1.37,-0.88,5,2
1772046878.309750,4216860,0.27,-0.38,0.27,-154.19,-70.19,81.81,-59.06,-25.94,-13.25,-0.08,0.01,0.04,10.25,61.69,84.87,1.31,0.19,1.19,5,2
1772046878.500040,4217051,0.15,0.47,0.27,-147.56,-73.00,73.31,-14.38,0.62,-4.44,-0.03,0.03,0.00,10.06,61.75,84.87,0.25,0.50,-0.31,4,2
1772046878.690372,4217241,0.32,-0.07,0.12,-146.37,-72.50,72.31,2.56,2.31,2.06,-0.09,0.05,0.03,10.06,61.63,84.87,-0.06,-0.31,-0.44,4,2
1772046878.880367,4217431,0.26,0.00,0.11,-146.87,-72.06,72.37,1.50,1.81,0.31,0.00,0.00,0.00,10.06,61.69,84.87,0.44,0.00,0.25,3,2
1772046879.072131,4217623,0.21,-0.02,0.16,-147.44,-72.06,72.94,2.19,1.06,0.81,-0.04,-0.01,0.01,10.06,61.69,84.87,0.50,0.13,0.31,4,2
1772046879.262988,4217814,0.26,-0.07,0.10,-148.75,-71.62,73.69,5.37,2.75,1.12,-0.06,0.02,0.05,10.06,61.63,84.94,-0.44,0.44,0.19,3,2
1772046879.453768,4218004,0.25,-0.08,0.09,-149.62,-71.31,74.62,2.37,0.88,-0.75,-0.06,-0.03,-0.01,10.13,61.56,84.87,0.44,0.00,0.44,3,2
1772046879.644025,4218195,0.07,0.49,0.18,-150.62,-71.25,75.37,8.50,1.56,2.12,-0.01,-0.13,0.13,10.13,61.56,84.87,2.00,2.37,1.37,2,2
1772046879.833678,4218384,0.43,-0.73,0.04,-152.25,-70.12,79.69,13.75,0.00,5.12,-0.02,0.05,0.00,9.94,61.44,84.94,0.69,2.25,1.31,3,2
1772046880.025689,4218576,0.66,-0.49,0.11,-152.81,-71.19,77.69,-54.06,-11.69,-17.50,-0.01,-0.07,0.05,10.06,61.19,84.50,1.19,2.31,1.87,4,2
1772046880.216559,4218767,0.08,0.14,0.33,-146.50,-72.75,72.69,4.62,-2.44,6.81,-0.16,0.10,0.04,9.63,61.06,84.44,1.25,0.62,0.69,5,2
1772046880.406878,4218958,0.38,0.25,0.08,-145.37,-72.06,71.94,-0.25,6.37,0.75,0.00,0.08,0.10,9.69,61.06,84.25,-1.12,1.62,1.75,5,2
1772046880.597227,4219148,0.35,0.03,0.24,-148.19,-70.31,75.87,43.63,5.69,11.00,-0.01,-0.06,-0.07,9.88,61.13,84.00,1.12,-1.75,0.69,5,2
1772046880.786706,4219338,0.34,-0.32,0.10,-153.69,-69.75,82.56,10.44,0.13,-3.12,-0.12,0.00,0.14,10.00,61.13,84.00,0.19,1.69,0.94,6,2
1772046880.978999,4219530,0.48,-0.14,0.00,-156.75,-69.12,84.56,8.13,6.37,3.50,-0.10,0.03,0.07,10.06,61.06,84.06,-1.12,-0.81,0.00,7,2
1772046881.170170,4219721,0.28,0.03,0.07,-157.62,-68.69,85.06,0.56,-1.25,-1.62,-0.02,-0.03,0.02,10.19,61.06,84.06,0.00,-0.19,0.13,7,3
1772046881.360800,4219911,0.26,0.00,0.09,-157.56,-68.87,84.87,-5.37,-1.25,0.06,-0.11,0.02,-0.03,10.19,61.13,84.06,0.62,-0.19,-0.37,6,2
1772046881.550650,4220101,0.29,0.02,0.07,-156.75,-68.94,83.94,-1.81,0.44,0.13,-0.10,0.05,-0.04,10.13,61.06,84.12,0.06,-0.62,0.00,6,3
1772046881.741479,4220292,0.27,-0.01,0.11,-156.69,-69.06,83.56,-2.87,-0.44,-1.44,-0.09,0.01,0.03,10.13,61.06,84.12,-0.19,0.37,0.37,7,2
1772046881.932946,4220483,0.41,-0.91,-0.01,-155.81,-69.12,82.00,-25.37,-0.62,-3.12,-0.05,-0.03,0.14,10.13,61.06,84.06,0.13,-0.37,0.37,6,2
1772046882.123690,4220674,0.27,0.59,0.31,-153.56,-70.62,75.25,-14.81,-4.06,-4.50,-0.02,0.00,0.01,10.00,61.25,84.06,0.37,-0.13,-0.75,5,2
1772046882.313949,4220865,0.20,-0.21,0.18,-150.75,-70.94,74.31,-0.31,1.12,0.56,-0.08,0.00,0.11,9.88,61.25,84.06,0.31,0.62,0.62,5,1
1772046882.504323,4221055,0.22,-0.08,0.16,-151.06,-70.75,74.25,2.31,1.12,-0.94,-0.10,-0.02,0.16,10.06,61.19,84.00,-0.56,-0.88,1.19,5,2
1772046882.693955,4221245,0.33,-0.12,0.15,-153.44,-69.87,77.12,32.69,2.25,9.13,-0.02,-0.16,-0.10,10.25,61.31,83.75,2.87,-0.94,0.81,5,2
1772046882.885790,4221436,0.33,-0.21,0.12,-157.19,-69.75,81.19,-2.50,-2.00,0.44,-0.05,0.00,0.24,10.19,61.31,83.75,-0.69,1.56,-0.06,4,2
1772046883.076825,4221628,0.36,0.00,0.03,-156.37,-69.44,80.31,-3.12,2.50,0.44,-0.04,0.00,-0.01,10.25,61.25,83.69,0.13,-1.37,0.50,4,1
1772046883.267742,4221818,0.19,-0.18,0.13,-156.06,-69.56,80.00,-1.37,-3.12,-0.94,-0.09,0.00,0.06,10.31,61.31,83.69,0.19,-0.44,-0.19,5,2
1772046883.458188,4222009,0.26,-0.11,0.14,-155.75,-69.69,79.69,0.06,0.88,-0.44,-0.06,0.01,-0.03,10.25,61.44,83.69,0.56,0.62,0.31,5,1
1772046883.648828,4222200,0.32,-0.03,0.09,-155.87,-69.56,79.62,0.69,1.19,0.19,-0.04,0.00,0.00,10.25,61.38,83.69,0.31,-0.56,-0.25,4,2
1772046883.839857,4222390,0.28,-0.12,0.08,-156.12,-69.50,79.75,-0.56,-0.06,-0.06,-0.05,-0.01,0.01,10.25,61.38,83.69,0.06,-0.06,0.19,5,2
1772046884.030561,4222581,0.29,-0.12,0.12,-156.06,-69.50,79.69,-0.31,0.62,-0.50,0.00,-0.05,0.08,10.25,61.38,83.69,0.25,0.13,-0.06,5,2
1772046884.221141,4222772,0.28,-0.11,0.07,-155.87,-69.50,79.44,-1.87,0.25,0.69,-0.08,-0.01,0.03,10.19,61.44,83.69,0.00,0.13,0.13,5,2
1772046884.411404,4222962,0.36,-0.32,0.10,-155.50,-69.56,78.56,-11.50,-1.00,-3.06,-0.03,0.01,0.00,10.19,61.50,83.69,-0.06,0.06,0.75,5,2
1772046884.601950,4223153,0.20,0.11,0.16,-154.81,-70.12,76.37,-5.75,-1.62,-2.12,-0.06,0.00,0.03,10.25,61.50,83.69,-0.88,-0.25,-0.50,5,2
1772046884.793596,4223344,0.17,-0.19,0.14,-154.25,-70.19,76.00,-2.62,-1.31,-2.06,-0.13,-0.05,-0.02,10.13,61.63,83.62,1.12,-0.75,0.13,5,2
1772046884.984038,4223535,0.25,0.09,0.12,-154.00,-70.19,75.81,4.62,0.37,0.88,-0.05,0.00,0.09,10.06,61.63,83.69,-1.12,1.56,-0.62,5,2
1772046885.174679,4223725,0.28,0.09,0.15,-154.12,-69.81,77.06,8.63,1.56,1.87,-0.12,-0.08,0.00,10.19,61.63,83.81,-2.69,0.37,-0.88,4,2
1772046885.365382,4223916,0.19,-0.31,0.15,-156.00,-69.56,81.06,20.31,-1.81,1.50,-0.10,-0.13,-0.01,10.31,61.38,83.69,0.13,-3.56,-0.62,5,2
1772046885.556256,4224107,0.26,-0.27,0.08,-159.06,-69.44,83.81,0.69,1.00,0.25,-0.03,0.04,-0.03,10.19,61.38,83.75,0.19,-0.94,-1.12,4,2
1772046885.747078,4224298,0.32,-0.04,0.08,-158.37,-69.12,83.06,-2.87,-1.06,0.62,-0.07,-0.03,0.07,10.31,61.31,83.69,0.06,-0.13,1.25,4,2
1772046885.938145,4224489,0.25,-0.25,0.13,-157.62,-69.62,81.06,-23.87,-2.44,-8.06,-0.10,-0.01,0.03,10.38,61.38,83.62,0.69,-0.44,0.00,4,2
1772046886.128691,4224679,0.29,0.15,0.14,-156.19,-70.37,77.44,-5.44,-1.56,-0.75,-0.09,0.00,-0.01,10.19,61.50,83.62,1.25,0.13,-0.50,4,2
1772046886.318514,4224870,0.26,0.29,0.17,-154.94,-70.37,76.62,1.56,-0.44,1.12,0.03,-0.04,0.15,10.19,61.50,83.69,3.12,3.50,1.56,4,2
1772046886.509127,4225060,0.31,-0.33,0.01,-156.37,-69.94,78.81,13.44,4.94,2.75,-0.15,0.17,-0.20,10.06,61.56,83.50,-2.37,-2.00,-2.00,5,2
1772046886.700208,4225251,0.14,-0.64,0.01,-157.19,-69.56,79.69,-15.69,1.12,-1.56,-0.06,-0.05,0.41,10.00,61.56,83.62,-2.37,3.50,1.44,6,2
1772046886.891210,4225442,0.43,0.11,0.12,-156.94,-69.75,76.00,5.31,-1.00,4.19,0.02,0.01,-0.01,10.13,61.56,83.69,0.06,0.88,0.56,5,2
1772046887.082080,4225633,0.12,0.08,0.20,-156.25,-69.69,78.12,29.12,1.12,9.50,-0.05,0.10,-0.32,10.13,61.63,83.62,-3.37,-2.56,-1.25,6,3
1772046887.272627,4225823,0.24,-0.60,0.05,-157.50,-68.87,82.69,9.81,2.75,-1.56,-0.04,0.05,0.01,10.38,61.44,83.75,-0.50,0.94,-0.37,6,3
1772046887.463323,4226014,0.41,-0.07,0.02,-159.31,-68.44,83.50,-1.44,1.37,-1.44,-0.08,0.04,-0.09,10.56,61.31,83.75,-0.13,-0.75,0.19,6,3
1772046887.654630,4226205,0.33,-0.49,0.05,-159.37,-68.75,83.56,-3.81,-2.06,0.75,-0.06,-0.01,0.04,10.56,61.25,83.69,-0.44,-0.81,-0.31,6,3
1772046887.845508,4226396,0.30,0.36,0.19,-158.44,-69.50,79.44,-26.94,-2.56,-8.56,-0.05,-0.04,0.05,10.63,61.38,83.56,0.44,-0.69,-0.19,5,3
1772046888.035974,4226587,0.26,-0.02,0.18,-156.50,-70.12,76.87,-1.25,-2.19,0.75,-0.09,0.02,0.04,10.56,61.50,83.56,0.44,-0.62,0.19,5,3
1772046888.226821,4226777,0.28,-0.07,0.16,-156.06,-70.25,76.69,-0.37,-0.13,0.31,-0.03,0.03,0.02,10.56,61.56,83.56,-0.13,-0.13,-0.25,5,3
1772046888.416882,4226968,0.26,0.05,0.13,-155.81,-70.25,76.56,2.00,0.31,-0.56,-0.05,0.02,-0.02,10.56,61.56,83.56,-0.56,0.00,0.06,4,2
1772046888.607620,4227158,0.22,0.36,0.22,-156.62,-70.19,77.62,13.19,1.50,3.00,-0.06,0.04,-0.03,10.63,61.50,83.69,-0.62,-0.31,-1.44,4,2
1772046888.798892,4227350,0.28,-0.33,0.06,-157.37,-69.44,81.25,11.56,2.56,2.75,-0.04,-0.04,0.00,10.56,61.44,83.75,-0.75,-0.75,0.06,5,2
1772046888.989266,4227540,0.28,-0.14,0.07,-158.81,-69.19,82.37,0.69,0.81,0.13,-0.03,-0.01,0.05,10.56,61.44,83.75,0.31,1.31,0.19,3,2
1772046889.180420,4227731,0.37,-0.11,0.09,-159.19,-68.94,82.50,0.37,1.06,-0.31,-0.12,0.02,-0.02,10.50,61.38,83.75,-0.19,-0.69,-0.31,4,2
1772046889.370931,4227922,0.31,-0.15,0.10,-159.31,-68.87,82.56,0.50,0.50,-0.62,-0.09,0.00,0.04,10.50,61.38,83.75,-0.13,0.37,-0.06,3,2
1772046889.561507,4228113,0.36,0.02,0.06,-159.56,-68.81,82.50,-0.19,0.06,0.06,-0.09,0.05,0.03,10.50,61.38,83.75,0.75,0.50,0.13,4,2
1772046889.752355,4228303,0.22,-0.06,0.07,-159.69,-68.87,82.50,-0.75,0.13,-0.19,-0.07,0.00,0.02,10.44,61.31,83.75,0.44,0.37,0.37,4,2
1772046889.943029,4228494,0.24,0.00,0.11,-160.00,-68.81,82.25,-0.44,0.37,-0.62,-0.07,0.03,-0.01,10.38,61.31,83.75,-0.31,0.13,-0.31,4,2
1772046890.133336,4228684,0.29,-0.07,0.04,-160.19,-68.81,82.44,1.37,-0.37,0.75,-0.08,0.08,0.05,10.38,61.31,83.81,-0.69,0.00,0.00,4,2
1772046890.324474,4228875,0.33,-0.19,0.08,-160.37,-68.75,83.06,-0.13,0.13,-0.44,0.00,-0.01,0.08,10.38,61.38,83.81,-0.31,0.25,0.25,4,2
1772046890.515253,4229066,0.33,-0.12,0.07,-160.31,-68.75,82.94,0.06,0.31,-0.06,-0.05,0.00,0.00,10.38,61.38,83.81,0.00,-0.31,-0.25,5,2
1772046890.705890,4229257,0.27,-0.10,0.08,-160.06,-68.81,82.69,-0.69,-1.50,0.75,0.01,0.00,0.08,10.38,61.38,83.87,0.31,1.25,0.19,5,2
1772046890.896713,4229447,0.34,-0.04,0.08,-159.44,-68.87,82.31,-1.62,0.50,0.31,-0.06,-0.03,0.01,10.31,61.44,83.87,-0.06,-0.56,-0.13,6,2
1772046891.087209,4229638,0.39,-0.56,0.03,-159.62,-69.00,81.87,-17.25,-0.19,-5.12,-0.13,0.05,0.06,10.31,61.50,83.87,0.50,-0.25,0.37,6,2
1772046891.276433,4229828,0.32,0.48,0.18,-158.94,-69.50,78.06,-2.94,-1.25,0.13,0.00,0.03,0.00,10.31,61.44,83.81,0.62,0.69,0.44,6,2
1772046891.468412,4230019,0.37,-0.52,0.13,-157.37,-69.12,80.00,12.06,-0.37,4.06,-0.10,0.01,0.12,10.25,61.31,83.81,-0.88,0.69,0.25,5,2
1772046891.659606,4230210,0.34,0.01,0.02,-158.62,-68.94,80.50,0.06,0.75,-0.56,-0.04,-0.01,0.12,10.31,61.31,83.75,-0.06,1.69,0.81,5,2
1772046891.850599,4230401,0.23,-0.14,0.07,-159.06,-68.94,80.81,-0.69,-1.37,-0.50,-0.13,0.00,0.03,10.38,61.31,83.75,-0.50,-1.44,-0.56,4,2
1772046892.041009,4230592,0.30,-0.10,0.09,-159.06,-69.00,80.75,-0.56,0.19,-0.19,-0.08,0.05,0.00,10.38,61.38,83.75,0.00,-0.19,-0.06,4,2
1772046892.231812,4230783,0.28,-0.05,0.11,-158.94,-69.00,80.62,-0.88,0.00,0.44,-0.12,0.05,-0.02,10.38,61.38,83.75,0.31,-0.56,-0.13,5,2
1772046892.422362,4230973,0.29,-0.21,0.08,-158.81,-69.00,80.44,-1.00,-0.19,0.19,-0.06,0.02,0.00,10.38,61.38,83.81,0.00,0.75,0.19,4,2
1772046892.613503,4231164,0.27,-0.03,0.10,-158.31,-69.06,79.81,-2.50,-1.06,-0.44,-0.06,0.04,0.04,10.44,61.38,83.81,-0.19,-0.25,-0.19,3,3
1772046892.803794,4231355,0.32,-0.06,0.05,-157.69,-69.25,79.19,-5.19,-1.62,-0.69,-0.06,0.02,0.04,10.44,61.38,83.81,0.62,0.06,-0.06,3,2
1772046892.994528,4231545,0.34,-0.13,0.08,-157.00,-69.69,78.00,-8.94,-1.19,-3.31,-0.03,0.01,0.05,10.38,61.44,83.75,0.06,-1.31,-0.44,3,3
1772046893.185058,4231736,0.28,0.09,0.16,-156.50,-70.12,76.50,-6.12,-0.88,-2.06,-0.04,0.01,0.01,10.31,61.44,83.75,-0.13,1.06,0.13,3,2
1772046893.375877,4231927,0.24,-0.08,0.15,-156.12,-70.19,76.31,-0.94,1.19,-0.88,-0.02,0.04,0.08,10.44,61.38,83.69,1.00,-0.56,0.62,3,3
1772046893.567117,4232118,0.31,-0.16,0.14,-156.44,-70.12,76.19,-1.81,0.25,-0.31,-0.03,0.04,-0.06,10.38,61.50,83.62,-0.37,-0.44,-0.44,3,3
1772046893.757182,4232308,0.11,0.08,0.21,-155.50,-70.19,76.19,8.69,2.50,1.50,-0.12,0.06,0.11,10.31,61.38,83.75,0.81,1.31,1.37,4,3
1772046893.948003,4232499,0.45,-0.09,0.00,-157.62,-69.19,78.06,7.44,4.37,-0.19,-0.10,0.06,0.00,10.44,61.38,83.75,-0.81,-0.13,-0.25,4,3
1772046894.138628,4232689,0.30,-0.15,0.08,-158.94,-68.87,79.75,5.50,0.19,0.81,-0.11,0.04,0.03,10.44,61.31,83.81,-0.75,-1.00,-0.13,4,3
1772046894.329406,4232880,0.30,-0.14,0.10,-159.62,-68.87,80.69,0.50,-0.25,-0.13,0.00,-0.03,0.06,10.44,61.38,83.75,0.19,-0.37,0.06,5,3
1772046894.520436,4233071,0.28,-0.13,0.09,-159.62,-68.87,81.19,2.81,-0.50,1.87,-0.12,0.02,0.06,10.38,61.38,83.81,0.37,-0.69,-0.19,4,2
1772046894.710974,4233262,0.37,-0.09,0.01,-159.75,-68.81,81.25,-0.06,-0.31,0.19,-0.10,0.03,0.03,10.38,61.38,83.81,0.00,-0.31,0.06,4,2
1772046894.901688,4233453,0.28,-0.13,0.10,-159.37,-69.06,81.31,0.06,-0.88,0.44,-0.13,0.04,0.00,10.31,61.31,83.81,-0.50,-0.69,-0.31,4,2
1772046895.092587,4233643,0.24,-0.18,0.11,-159.37,-69.12,81.37,1.31,-0.19,-0.37,-0.13,0.02,-0.03,10.31,61.31,83.81,-0.19,-0.37,-0.37,4,2
1772046895.282967,4233834,0.28,-0.05,0.10,-159.69,-68.94,81.50,2.00,2.50,0.00,-0.05,0.04,0.07,10.31,61.31,83.81,-0.50,0.13,0.06,4,2
1772046895.473809,4234025,0.27,0.00,0.11,-160.69,-68.44,82.06,4.50,3.31,1.25,-0.07,0.05,0.01,10.38,61.25,83.94,-0.88,0.31,-0.81,4,2
1772046895.664543,4234215,0.39,-0.12,0.02,-161.25,-67.81,83.75,8.81,3.44,2.12,-0.11,-0.03,0.12,10.50,61.13,84.06,-0.88,-0.62,-0.06,4,2
1772046895.855113,4234406,0.39,-0.24,0.02,-163.56,-67.62,85.75,3.25,0.50,-1.75,-0.03,0.04,-0.01,10.50,61.31,84.06,-0.19,0.62,0.19,3,2
1772046896.045731,4234597,0.30,-0.12,0.15,-163.87,-67.87,86.37,1.19,-1.87,1.69,-0.06,-0.01,0.08,10.44,61.31,84.19,0.31,0.19,0.37,3,2
1772046896.236721,4234788,0.34,-0.16,0.06,-163.87,-68.06,86.56,0.56,-0.31,1.69,-0.10,0.04,0.03,10.44,61.31,84.19,-0.50,0.44,-0.19,2,2
1772046896.427555,4234978,0.22,-0.13,0.09,-163.81,-68.19,86.50,2.00,1.00,-2.06,-0.11,0.09,-0.02,10.38,61.31,84.12,-0.88,0.00,-0.56,3,2
1772046896.617853,4235169,0.27,-0.02,0.08,-163.94,-68.06,86.50,-0.94,0.31,0.31,-0.09,0.01,0.09,10.38,61.25,84.12,-0.50,0.44,-0.13,4,2
1772046896.808521,4235360,0.28,-0.20,0.10,-164.44,-68.00,86.75,1.25,0.31,-2.00,-0.03,0.07,0.03,10.31,61.19,84.12,-0.31,0.88,-0.44,4,2
1772046896.999452,4235550,0.27,-0.02,0.12,-164.00,-67.94,86.62,-1.06,0.19,-0.81,-0.01,-0.07,0.18,10.38,61.06,84.12,0.13,0.31,0.69,3,2
1772046897.189932,4235741,0.33,-0.20,0.12,-164.87,-67.87,87.00,-0.37,1.00,2.75,-0.08,0.08,0.09,10.25,61.19,84.19,-0.06,0.37,0.25,4,2
1772046897.381104,4235932,0.30,-0.07,0.09,-164.50,-67.81,86.62,2.06,1.75,-0.50,-0.08,0.04,0.01,10.38,61.19,84.19,-0.06,-0.56,0.06,3,1
1772046897.571825,4236123,0.32,-0.07,0.11,-164.62,-67.75,86.69,-0.19,-0.94,1.37,-0.13,0.01,0.11,10.38,61.25,84.19,0.06,0.19,-0.13,3,1
1772046897.762515,4236313,0.33,-0.09,0.09,-164.56,-67.75,86.69,0.25,0.06,-1.19,-0.10,0.05,-0.01,10.31,61.25,84.25,-0.13,0.00,-0.94,3,2
1772046897.953086,4236504,0.28,0.00,0.10,-164.25,-67.87,86.50,-1.62,0.50,-0.44,-0.06,0.02,0.08,10.25,61.25,84.31,-0.44,0.19,-0.13,3,2
1772046898.144178,4236695,0.27,-0.11,0.14,-164.31,-67.87,86.62,-1.06,-0.37,-0.50,-0.05,0.01,0.03,10.25,61.25,84.31,-0.25,-0.19,-0.25,3,2
1772046898.334902,4236886,0.26,-0.08,0.10,-164.25,-67.87,86.56,-0.56,0.13,-0.62,-0.16,0.07,-0.02,10.25,61.25,84.31,0.06,0.19,0.13,2,2
1772046898.525349,4237076,0.30,-0.01,0.10,-164.37,-67.87,86.62,-0.62,-0.44,0.50,-0.04,0.02,0.08,10.19,61.19,84.25,0.00,0.81,0.31,2,2
1772046898.715932,4237267,0.25,-0.22,0.11,-164.44,-67.87,86.69,1.37,0.19,0.62,-0.07,0.01,0.01,10.13,61.06,84.25,0.31,0.44,0.69,2,2
1772046898.906942,4237458,0.33,-0.06,0.12,-164.25,-67.87,86.56,1.44,-1.37,1.00,-0.11,0.04,0.07,10.19,61.00,84.25,0.50,0.00,0.19,3,2
1772046899.096852,4237648,0.29,-0.04,0.09,-164.19,-67.94,86.44,-0.31,0.19,1.37,-0.14,0.06,-0.01,10.13,61.00,84.25,-0.88,-2.44,-0.88,2,2
1772046899.288190,4237839,0.26,-0.05,0.12,-164.00,-68.00,86.44,1.06,0.75,0.94,-0.04,0.06,0.09,10.19,61.06,84.25,-0.25,-0.25,-0.50,3,2
1772046899.479327,4238030,0.35,-0.11,0.08,-164.19,-67.87,86.37,-0.13,0.37,0.00,-0.08,0.04,-0.04,10.25,61.06,84.25,-1.00,0.06,-0.37,3,2
1772046899.670029,4238221,0.20,-0.13,0.15,-163.75,-68.06,86.19,-1.56,0.06,0.06,-0.12,0.00,0.07,10.19,61.06,84.31,-0.19,0.44,-0.50,3,2
1772046899.860881,4238412,0.28,-0.07,0.15,-163.44,-67.94,85.94,0.19,-0.44,-0.56,-0.06,0.00,0.00,10.19,61.06,84.31,-0.31,0.00,-0.50,3,2
1772046900.050543,4238601,0.39,-0.11,0.07,-163.44,-67.81,86.00,-0.62,1.44,1.62,-0.11,0.03,-0.04,9.75,61.19,84.56,-0.62,-1.56,-3.31,3,2
1772046900.241941,4238793,0.14,-0.12,0.13,-162.37,-67.94,85.62,-1.81,-0.44,0.44,-0.15,0.07,0.10,9.31,61.19,84.87,1.00,0.50,0.88,4,2
1772046900.432947,4238984,0.38,0.04,0.18,-163.19,-67.37,84.87,-3.37,5.56,-3.44,-0.07,-0.04,-0.04,9.56,61.25,84.69,1.87,0.75,1.37,4,2
1772046900.623732,4239175,0.33,-0.17,0.12,-164.69,-67.06,85.50,-0.50,0.94,1.06,-0.03,0.01,0.08,9.75,61.00,84.50,-0.31,0.94,1.56,4,2
1772046900.814591,4239366,0.33,-0.08,0.11,-164.44,-66.94,84.75,-2.44,0.31,-0.37,-0.08,0.02,0.06,9.94,60.81,84.37,0.13,-0.13,0.31,4,2
1772046901.005454,4239556,0.34,-0.11,0.15,-163.87,-67.06,83.81,-5.81,-1.69,0.50,-0.07,0.02,0.05,9.81,60.94,84.44,-0.25,0.62,-0.19,5,2
1772046901.196522,4239747,0.17,0.00,0.14,-161.62,-67.87,80.56,-28.31,-7.50,-6.25,-0.10,0.02,0.07,9.94,60.94,84.44,0.69,-0.75,0.88,4,2
1772046901.387107,4239938,0.16,0.30,0.23,-158.31,-69.19,76.00,-8.00,-6.00,-1.00,-0.08,0.04,0.06,10.06,61.00,84.44,-0.06,-0.37,0.00,5,2
1772046901.577605,4240129,0.21,0.01,0.26,-157.19,-69.62,76.31,7.00,-0.56,2.06,-0.08,0.01,-0.01,10.19,61.00,84.44,0.00,-0.06,-0.25,6,2
1772046901.767334,4240318,0.16,0.22,0.19,-157.75,-69.44,77.50,7.00,3.87,1.00,-0.15,-0.01,-0.01,10.19,61.00,84.44,-0.37,-1.31,-0.50,6,2
1772046901.956222,4240508,0.30,-0.13,0.15,-159.94,-68.31,80.62,15.56,5.56,4.06,-0.07,0.02,0.04,10.06,61.00,84.56,1.31,1.12,1.00,6,2
1772046902.148882,4240700,0.30,-0.18,0.10,-162.12,-67.31,83.12,6.12,4.81,-0.56,-0.04,0.00,0.06,10.19,60.94,84.56,0.06,1.19,0.94,5,2
1772046902.340013,4240891,0.33,-0.22,0.06,-164.06,-66.62,84.62,4.87,3.12,-0.62,-0.08,0.05,0.00,10.19,60.81,84.50,0.62,1.12,0.25,5,3
1772046902.531030,4241082,0.32,-0.02,0.10,-164.81,-66.25,85.06,1.25,1.87,-0.31,-0.11,0.07,0.03,10.19,60.69,84.50,0.69,1.50,0.44,4,2
1772046902.722167,4241273,0.32,-0.07,0.06,-165.25,-66.12,85.31,-0.44,0.81,-0.31,-0.05,0.00,0.07,10.13,60.56,84.50,0.50,-0.37,-0.62,4,3
1772046902.912991,4241464,0.30,-0.07,0.08,-165.81,-66.25,85.69,1.62,-2.37,-2.19,-0.06,0.02,0.00,10.13,60.56,84.50,-0.19,-0.50,-0.50,5,3
1772046903.103927,4241655,0.29,-0.18,0.12,-166.37,-66.56,86.37,-1.62,-1.19,0.06,0.01,-0.07,0.14,10.13,60.56,84.50,-0.25,0.62,0.56,5,3
1772046903.295255,4241846,0.29,-0.10,0.14,-166.12,-66.75,86.06,-1.19,-1.31,-0.50,-0.16,0.04,0.01,10.13,60.69,84.56,-0.69,-1.25,-0.62,5,3
1772046903.485683,4242037,0.41,-0.10,0.10,-165.87,-66.75,85.56,-4.50,-0.25,1.62,-0.05,-0.03,0.04,10.19,60.63,84.56,0.06,-0.50,-0.13,4,3
1772046903.676220,4242227,0.30,-0.04,0.10,-165.12,-67.44,83.37,-22.75,-8.00,-6.37,-0.11,-0.03,0.11,10.19,60.69,84.56,0.25,-0.75,0.31,3,2
1772046903.866386,4242418,0.21,0.17,0.24,-163.25,-68.37,80.62,0.25,-2.31,0.81,-0.08,0.04,0.00,10.13,60.81,84.62,0.06,0.06,-0.81,3,3
1772046904.057750,4242609,0.34,0.01,0.18,-162.94,-68.12,81.75,13.56,3.69,4.94,-0.07,0.01,0.04,10.13,60.75,84.62,-0.25,-0.56,-0.06,4,3
1772046904.249002,4242800,0.34,-0.12,0.10,-164.56,-67.31,84.12,7.87,4.44,0.19,-0.08,0.02,0.04,10.25,60.75,84.69,-0.13,-0.13,0.13,4,3
1772046904.439720,4242991,0.30,-0.22,0.11,-166.31,-66.81,85.94,4.06,2.44,-1.37,-0.07,0.00,0.02,10.19,60.75,84.69,0.13,-1.25,-0.13,4,3
1772046904.629969,4243181,0.31,-0.11,0.12,-167.69,-66.44,86.75,2.37,3.06,0.25,-0.04,0.00,0.10,10.19,60.69,84.69,0.69,0.56,0.06,4,3
1772046904.820667,4243372,0.33,-0.08,0.07,-168.25,-66.12,87.12,-0.50,0.25,-0.19,-0.02,-0.01,0.06,10.19,60.63,84.62,0.25,0.19,0.50,3,3
1772046905.012245,4243563,0.34,-0.12,0.07,-168.31,-66.12,87.19,-0.44,-0.37,0.19,-0.03,0.03,0.08,10.19,60.63,84.62,0.06,-0.50,0.19,2,2
1772046905.204697,4243756,0.30,-0.18,0.17,-168.19,-66.12,87.12,0.37,-1.12,0.75,-0.10,0.00,0.10,10.19,60.63,84.62,0.00,0.75,0.56,3,2
1772046905.397959,4243949,0.34,-0.14,0.08,-168.12,-66.12,87.06,0.19,0.75,0.13,-0.12,0.03,0.01,10.19,60.69,84.62,-0.31,-0.37,-0.19,3,2
1772046905.591200,4244142,0.29,-0.08,0.13,-168.00,-66.19,86.94,-0.31,-0.31,0.44,-0.10,0.03,0.06,10.19,60.75,84.62,-0.19,-0.13,-0.25,3,2
1772046905.782731,4244334,0.31,-0.05,0.12,-167.81,-66.19,86.75,-0.50,-0.06,0.25,-0.12,0.06,0.02,10.25,60.81,84.69,0.00,0.19,0.13,3,2
1772046905.973673,4244525,0.37,-0.25,0.07,-167.37,-66.62,85.19,-22.19,-6.37,-4.44,-0.09,-0.01,0.09,10.25,60.88,84.62,0.37,-0.13,0.62,3,2
1772046906.165621,4244716,0.27,0.35,0.24,-164.69,-67.62,80.69,-6.50,-3.81,-0.06,-0.10,0.03,-0.04,10.25,60.94,84.62,-0.31,-0.19,-0.56,4,2
1772046906.356527,4244908,0.16,0.07,0.21,-162.75,-68.19,80.12,-1.75,-1.62,0.75,0.00,0.01,0.10,10.25,60.88,84.69,0.37,-0.13,0.13,4,2
1772046906.548097,4245099,0.20,-0.08,0.23,-162.62,-68.25,80.12,0.75,-1.06,-0.50,-0.11,0.05,0.06,10.56,60.81,84.50,-1.31,1.87,4.12,4,2
1772046906.737433,4245289,0.27,0.11,0.20,-163.06,-67.94,81.06,14.69,8.81,0.94,-0.06,0.07,0.07,11.50,60.69,84.12,-1.94,-1.25,0.88,4,2
1772046906.926939,4245478,0.24,-0.32,0.06,-167.19,-66.75,85.50,10.44,3.94,-2.12,-0.08,-0.03,0.24,12.13,60.56,83.75,0.50,0.69,2.00,4,2
1772046907.118596,4245670,0.42,-0.16,0.00,-170.37,-65.75,87.56,1.25,4.87,-3.44,-0.02,0.06,-0.11,12.63,60.50,83.31,0.37,-0.75,0.06,3,2
1772046907.310239,4245861,0.27,-0.02,0.18,-170.56,-65.81,87.69,-0.31,-2.31,2.12,-0.02,-0.01,0.04,12.44,60.50,83.37,-0.37,2.19,-0.44,3,2
1772046907.501490,4246053,0.23,-0.19,0.09,-170.12,-65.94,87.62,0.37,1.87,-1.00,-0.12,0.03,0.04,12.19,60.25,83.50,0.06,-0.25,-1.00,3,2
1772046907.691555,4246243,0.37,0.01,0.08,-169.87,-65.56,87.44,-0.94,0.37,2.75,-0.07,-0.01,0.11,12.06,60.19,83.62,0.81,-1.50,0.00,3,2
1772046907.882149,4246433,0.34,-0.11,0.13,-170.00,-65.62,87.25,-0.44,-0.19,1.25,-0.07,0.04,-0.04,12.06,60.25,83.56,-0.37,0.37,0.44,3,2
1772046908.074106,4246625,0.26,-0.04,0.13,-169.25,-65.87,86.75,-0.81,-1.50,1.06,-0.05,0.00,0.03,12.00,60.25,83.62,-0.81,0.00,-0.69,2,2
1772046908.266270,4246817,0.30,-0.05,0.07,-168.69,-65.94,86.37,-1.19,-0.19,0.88,-0.12,0.00,0.07,12.00,60.25,83.69,0.00,0.25,-0.06,2,2
1772046908.458557,4247010,0.31,-0.01,0.13,-168.12,-66.06,85.87,-0.37,-0.62,0.31,-0.11,0.08,-0.07,11.94,60.31,83.69,-0.75,-0.62,-0.69,2,2
1772046908.650427,4247202,0.25,0.03,0.15,-167.50,-66.31,85.44,-0.75,-0.25,0.19,-0.07,0.05,0.01,11.94,60.31,83.69,-0.62,-0.13,-0.31,1,1
1772046908.841234,4247393,0.23,-0.19,0.11,-167.31,-66.50,85.25,-2.31,-1.56,-0.94,-0.06,0.00,0.06,11.94,60.31,83.69,0.44,0.50,0.25,2,1
1772046909.031213,4247582,0.24,0.27,0.19,-166.37,-67.06,81.81,-27.31,-3.37,-7.81,-0.05,-0.08,0.10,11.88,60.31,83.56,1.50,0.44,-0.06,3,2
1772046909.223430,4247775,0.19,0.09,0.31,-163.94,-67.69,78.94,1.44,-3.81,4.31,-0.11,0.06,0.09,11.69,60.38,83.69,-0.13,0.00,-0.13,3,2
1772046909.415343,4247967,0.35,-0.05,0.15,-163.37,-67.37,80.44,20.44,5.25,5.75,-0.03,0.01,-0.02,11.63,60.38,83.75,-0.25,0.25,-0.13,3,2
1772046909.607454,4248159,0.32,-0.25,0.09,-166.00,-66.75,83.75,4.12,2.75,-1.69,-0.03,0.07,0.04,11.50,60.38,83.87,0.62,-0.56,0.19,3,2
1772046909.799189,4248350,0.37,-0.01,0.10,-166.56,-66.50,83.87,-0.94,-0.88,0.06,-0.05,0.03,0.00,11.56,60.44,83.87,-0.31,-0.69,-0.81,3,2
1772046909.990004,4248541,0.31,-0.03,0.14,-165.75,-66.75,83.37,-2.25,-1.00,1.31,-0.01,0.00,0.09,11.50,60.38,83.94,0.00,-0.50,-0.44,3,2
1772046910.182343,4248733,0.29,-0.05,0.11,-164.94,-66.87,82.75,-2.81,-1.75,-0.06,-0.15,0.01,0.00,11.50,60.44,83.94,-0.19,-0.37,-0.19,3,2
1772046910.373998,4248925,0.26,-0.04,0.10,-164.56,-67.00,82.37,-0.94,-0.31,0.25,-0.02,-0.01,0.03,11.50,60.44,83.94,-0.50,-1.00,-0.75,3,2
1772046910.565468,4249117,0.41,-0.18,0.11,-164.19,-67.25,81.94,-7.75,-3.69,-1.56,-0.06,0.00,0.08,11.44,60.50,84.00,0.06,0.13,0.25,3,2
1772046910.755088,4249306,0.31,0.07,0.18,-163.12,-67.81,80.00,-6.44,-1.94,-0.88,-0.09,0.03,0.00,11.50,60.56,84.00,0.13,-0.88,-0.13,2,3
1772046910.944903,4249496,0.19,-0.03,0.18,-162.50,-68.31,79.62,0.69,-2.25,0.37,-0.11,0.02,0.05,11.44,60.56,83.94,-0.31,-0.13,-0.37,2,2
1772046911.137032,4249688,0.29,0.06,0.18,-162.50,-68.31,79.69,1.69,-0.37,0.06,-0.12,0.02,0.03,11.44,60.50,83.94,0.19,-0.25,-0.06,2,3
1772046911.328329,4249880,0.26,-0.03,0.14,-163.37,-67.94,80.87,13.06,5.31,2.87,-0.03,0.04,-0.01,11.50,60.56,83.94,-0.88,-0.25,0.06,2,3
1772046911.520074,4250071,0.26,-0.11,0.11,-165.31,-67.37,82.87,3.00,1.31,-2.81,-0.11,0.04,0.05,11.50,60.50,83.94,-0.88,-0.19,-0.31,2,3
1772046911.710356,4250261,0.39,-0.04,0.10,-166.25,-67.00,83.37,-0.19,3.00,-0.62,-0.12,0.02,0.00,11.50,60.56,84.00,-0.94,-2.37,-1.25,2,2
1772046911.901133,4250453,0.28,-0.04,0.12,-166.56,-66.75,83.56,-1.00,0.31,0.44,-0.08,-0.02,0.14,11.50,60.50,84.00,0.06,0.50,0.00,2,2
1772046912.091703,4250643,0.32,0.05,0.08,-166.19,-66.62,83.25,-0.75,-0.44,-0.37,-0.07,0.01,0.03,11.56,60.56,83.94,1.50,-0.50,0.37,2,2
1772046912.283265,4250834,0.28,-0.07,0.18,-166.31,-66.75,83.37,-0.88,-1.00,0.75,-0.11,0.05,0.04,11.56,60.56,83.94,-0.50,-1.81,-0.75,2,2
1772046912.474242,4251026,0.31,-0.05,0.17,-166.06,-66.81,83.19,0.06,-0.25,1.19,-0.07,0.03,0.05,11.56,60.63,83.87,1.00,1.44,1.44,3,2
1772046912.665455,4251217,0.31,-0.15,0.08,-166.12,-66.81,83.06,1.00,-0.62,0.06,-0.10,0.03,0.06,11.63,60.56,83.81,0.00,0.62,0.31,2,2
1772046912.855689,4251407,0.27,0.04,0.14,-165.44,-67.31,81.94,-11.38,-4.19,-2.50,-0.11,-0.01,0.09,11.63,60.50,83.75,0.44,0.69,0.00,2,2
1772046913.045722,4251597,0.22,-0.01,0.19,-163.62,-68.06,80.87,-0.75,-3.25,1.00,-0.08,0.07,-0.05,11.50,60.63,83.81,1.00,-0.19,0.19,2,2
1772046913.236492,4251788,0.10,0.01,0.18,-162.81,-68.50,80.62,0.06,-0.50,0.69,-0.16,0.00,0.08,11.50,60.63,83.87,-0.44,0.06,0.13,3,2
1772046913.427536,4251979,0.36,0.00,0.09,-163.69,-68.00,81.25,5.87,3.75,1.31,-0.14,0.00,0.00,11.56,60.63,83.87,-0.25,-0.88,0.25,2,2
1772046913.618051,4252170,0.26,-0.18,0.11,-165.12,-67.75,82.62,0.94,0.94,-0.25,-0.11,0.00,0.10,11.56,60.63,83.87,-0.31,0.37,0.00,3,2
1772046913.809520,4252361,0.29,-0.03,0.16,-164.94,-67.62,82.31,-0.62,-0.44,0.88,-0.08,0.01,0.05,11.50,60.69,83.87,0.62,0.25,0.13,3,2
1772046913.999353,4252551,0.29,0.00,0.15,-164.50,-67.75,82.06,-0.69,-0.56,1.25,-0.13,0.04,0.01,11.44,60.69,83.94,-0.62,-1.69,-0.69,3,2
1772046914.190156,4252742,0.31,-0.05,0.20,-164.25,-67.75,81.75,-1.19,-0.62,0.94,-0.09,0.02,0.06,11.44,60.69,83.94,0.19,0.06,0.06,3,2
1772046914.381720,4252933,0.30,-0.07,0.16,-164.06,-67.94,81.44,-1.75,-1.44,-3.19,-0.09,0.00,0.09,11.50,60.75,83.87,-0.13,0.81,0.31,3,3
1772046914.572638,4253124,0.25,0.01,0.18,-164.00,-68.12,81.37,-1.87,0.25,-0.62,-0.12,0.04,0.07,11.44,60.69,83.87,-0.37,-0.50,-0.25,3,3
1772046914.762546,4253314,0.24,-0.10,0.13,-163.94,-68.31,81.31,-1.69,-2.56,-0.50,-0.08,0.00,0.12,11.50,60.69,83.81,-0.19,-0.19,-0.19,3,2
1772046914.952316,4253504,0.22,-0.01,0.13,-163.56,-68.44,81.00,-0.37,0.13,0.88,-0.09,0.06,0.05,11.31,60.81,84.06,-1.31,-1.69,-1.44,4,2
1772046915.142993,4253694,0.17,-0.07,0.17,-163.44,-68.31,81.44,4.12,-0.56,1.69,-0.05,0.02,0.12,11.25,60.88,84.12,-2.44,0.94,-0.69,3,2
1772046915.333367,4253885,0.25,-0.11,0.13,-163.81,-67.94,82.06,0.00,1.06,-0.88,-0.08,-0.02,0.10,11.31,60.88,84.06,-0.31,0.69,0.06,3,2
1772046915.523032,4254074,0.30,-0.10,0.13,-164.06,-67.81,82.12,-0.13,1.94,-0.19,-0.16,0.08,0.02,11.38,60.88,84.12,0.19,-1.75,-0.25,2,2
1772046915.712175,4254264,0.33,-0.14,0.17,-164.06,-67.69,82.00,0.44,0.25,1.00,-0.02,0.00,0.16,11.38,60.94,84.06,0.75,1.62,1.06,2,2
1772046915.904292,4254455,0.29,0.00,0.12,-163.25,-67.94,80.69,-11.81,-1.81,-3.94,-0.19,-0.01,0.03,11.38,60.94,84.06,-0.13,-1.50,-0.69,1,2
1772046916.094951,4254646,0.19,-0.27,0.17,-162.56,-68.50,80.25,3.19,-2.75,-0.31,-0.08,0.05,0.08,11.44,60.94,84.00,0.00,0.75,1.12,2,2
1772046916.285904,4254837,0.21,0.00,0.10,-162.19,-68.69,80.12,0.75,-0.13,0.37,-0.12,0.09,-0.05,11.56,60.94,83.94,0.31,-0.62,-0.06,2,2
1772046916.476752,4255028,0.21,-0.05,0.16,-162.31,-68.87,80.44,-0.37,-0.81,0.19,-0.11,0.00,0.13,11.50,60.88,83.94,-0.19,-0.37,-0.25,3,2
1772046916.667244,4255219,0.28,-0.07,0.12,-162.50,-68.75,80.44,-0.81,1.12,-0.81,-0.06,0.02,0.02,11.50,60.88,83.94,-0.19,-0.62,-0.13,3,2
1772046916.858261,4255410,0.26,-0.05,0.13,-162.37,-68.69,80.31,-1.31,-0.13,0.25,-0.10,0.00,0.04,11.50,60.94,83.94,0.13,-0.44,-0.37,3,2
1772046917.049017,4255600,0.23,-0.03,0.18,-162.19,-68.69,80.12,-1.25,-0.31,1.19,-0.12,0.05,0.08,11.44,60.94,84.00,-0.69,-1.06,-0.69,4,3
1772046917.239400,4255791,0.19,0.07,0.14,-162.00,-68.56,79.94,0.00,1.31,-0.06,-0.12,-0.04,0.08,11.50,61.00,83.87,0.50,-0.37,0.69,4,3
1772046917.428985,4255981,0.41,-0.13,0.14,-163.12,-67.87,81.31,8.94,1.00,3.50,-0.10,-0.01,0.03,11.56,61.06,83.87,0.37,1.25,0.94,4,3
1772046917.619309,4256171,0.30,-0.06,0.09,-163.62,-67.81,82.25,0.37,1.87,-0.50,-0.15,-0.02,0.09,11.56,61.06,83.94,0.62,-0.06,0.25,4,3
1772046917.810883,4256362,0.24,-0.12,0.16,-164.19,-67.62,82.56,1.31,-0.37,-1.06,-0.10,0.00,0.12,11.56,61.00,83.94,0.31,1.12,0.06,4,3
1772046918.001648,4256553,0.34,-0.09,0.08,-164.06,-67.56,82.50,-2.81,1.19,0.56,-0.11,0.00,0.07,11.44,61.00,83.94,0.69,0.75,0.44,6,3
1772046918.192876,4256744,0.26,-0.08,0.13,-163.19,-67.62,81.19,-7.94,-0.75,-0.94,-0.03,-0.01,0.04,11.38,61.00,83.81,0.88,1.06,0.75,5,3
1772046918.382547,4256934,0.26,-0.02,0.22,-161.94,-68.19,79.69,-3.12,-4.19,0.31,-0.07,0.04,0.06,11.38,60.94,83.81,0.00,0.06,0.00,5,3
1772046918.573927,4257125,0.27,-0.02,0.17,-161.12,-68.50,79.31,-0.13,-0.44,-0.44,-0.06,0.03,0.05,11.38,61.00,83.81,-0.37,-0.94,-0.19,5,3
1772046918.764867,4257317,0.20,-0.07,0.16,-161.06,-68.62,79.44,0.13,-0.31,0.19,-0.10,0.02,0.10,11.38,61.00,83.81,0.00,0.06,-0.19,4,2
1772046918.955922,4257507,0.32,-0.02,0.10,-161.12,-68.56,79.44,0.19,0.25,-0.19,-0.09,0.06,-0.01,11.38,61.06,83.81,-0.31,-0.56,-0.37,4,2
1772046919.146428,4257698,0.21,-0.11,0.15,-160.87,-68.69,79.31,0.44,-0.06,0.31,-0.08,0.03,0.09,11.38,61.06,83.81,0.00,-0.37,-0.19,4,2
1772046919.336531,4257888,0.21,0.06,0.20,-161.19,-68.44,79.87,9.81,0.62,3.44,-0.14,0.07,0.09,11.44,61.06,83.94,-0.94,-0.31,-0.81,4,2
1772046919.526922,4258078,0.24,-0.21,0.15,-162.25,-67.94,82.06,6.00,2.50,1.00,-0.09,-0.02,0.11,11.44,61.06,83.94,-0.88,-1.25,-0.19,4,2
1772046919.718340,4258270,0.28,-0.17,0.15,-163.44,-67.69,82.87,0.81,1.56,-0.69,-0.13,0.00,0.14,11.50,61.00,83.94,0.50,1.06,0.31,5,2
1772046919.909060,4258461,0.26,-0.11,0.12,-163.87,-67.44,82.94,-0.25,0.75,-0.19,-0.10,0.00,0.06,11.44,60.94,83.94,0.00,-0.31,0.19,3,2
1772046920.099620,4258651,0.31,-0.09,0.12,-164.00,-67.37,83.00,-0.37,-0.50,0.56,-0.04,0.00,0.10,11.44,60.88,83.94,0.44,0.37,0.25,3,2
1772046920.290830,4258842,0.28,-0.13,0.16,-164.00,-67.44,83.00,0.69,-1.00,0.06,-0.13,0.03,0.06,11.38,60.94,83.94,-0.44,-0.81,-0.19,3,2
1772046920.481493,4259033,0.16,-0.07,0.15,-163.87,-67.50,82.94,-0.81,-0.44,0.19,-0.06,0.02,0.09,11.44,60.94,83.94,-0.44,-0.94,-0.69,2,2
1772046920.672274,4259224,0.26,-0.05,0.17,-163.62,-67.81,82.25,-9.56,-3.62,-3.06,-0.12,0.01,0.08,11.44,61.00,83.94,0.19,0.13,0.06,3,2
1772046920.862874,4259414,0.28,0.01,0.14,-162.12,-68.50,80.50,-6.50,-3.37,0.13,-0.08,0.02,0.09,11.44,61.13,83.94,0.69,-0.81,-0.56,3,2
1772046921.053519,4259605,0.17,0.14,0.25,-160.50,-69.00,79.81,7.25,-1.31,2.19,-0.09,0.12,0.06,11.44,61.13,84.00,-1.87,-0.37,-0.44,3,2
1772046921.244359,4259795,0.34,-0.20,0.14,-161.69,-68.62,81.69,2.81,2.81,-2.19,-0.08,0.07,0.05,11.69,61.13,83.94,-0.62,0.88,0.13,4,2
1772046921.433308,4259985,0.20,-0.14,0.13,-162.87,-68.44,82.56,1.44,2.94,-1.00,-0.09,0.03,0.12,11.69,61.06,83.94,0.69,1.75,0.75,5,2
1772046921.625739,4260177,0.30,-0.08,0.12,-163.37,-68.12,82.62,-0.88,0.56,0.75,-0.16,0.06,0.07,11.56,61.06,83.94,0.25,-0.62,-0.50,4,2
1772046921.816440,4260368,0.35,-0.08,0.12,-163.37,-67.87,82.44,-0.25,1.37,0.19,-0.01,0.00,0.09,11.56,61.00,83.87,0.25,-0.06,0.19,5,2
1772046922.007087,4260559,0.26,-0.12,0.11,-163.44,-67.87,82.50,0.13,-0.75,0.56,-0.09,-0.01,0.12,11.63,60.94,83.87,0.31,1.25,0.50,5,2
1772046922.197896,4260750,0.28,-0.13,0.13,-163.44,-67.94,82.56,0.75,-0.69,-0.25,-0.19,0.06,0.06,11.63,61.00,83.87,0.00,0.75,0.37,5,2
1772046922.389059,4260940,0.26,-0.05,0.14,-163.44,-67.94,82.56,0.13,0.50,-0.37,-0.07,0.02,0.04,11.56,61.00,83.87,-0.25,-0.13,-0.06,5,2
1772046922.579851,4261131,0.27,-0.11,0.16,-163.50,-67.94,82.56,-0.19,0.00,-0.37,-0.05,0.08,0.05,11.63,61.06,83.87,-0.25,0.00,-0.25,5,2
1772046922.770187,4261322,0.27,-0.05,0.12,-163.44,-67.94,82.50,-0.81,0.50,0.50,-0.01,0.06,0.10,11.63,61.06,83.87,0.25,0.44,-0.06,4,2
1772046922.961020,4261513,0.23,-0.08,0.09,-163.19,-67.87,82.37,-1.06,0.19,-0.06,-0.03,0.03,0.11,11.56,61.06,83.87,0.31,0.69,0.25,4,1
1772046923.151855,4261703,0.32,-0.07,0.10,-163.19,-67.87,82.31,-0.37,-0.06,-0.31,-0.12,0.00,0.09,11.63,61.06,83.87,0.00,0.69,0.13,3,2
1772046923.342454,4261894,0.31,-0.09,0.13,-163.12,-67.87,82.31,-0.25,0.13,0.19,-0.12,0.00,0.06,11.63,60.94,83.87,-0.75,-1.81,-0.62,2,2
1772046923.533469,4262085,0.28,-0.09,0.12,-163.06,-67.87,82.25,-0.44,-0.94,0.50,-0.12,0.00,0.14,11.56,61.00,83.94,0.25,0.25,0.19,3,2
1772046923.724060,4262276,0.34,-0.07,0.13,-162.94,-67.87,82.12,-0.88,-0.69,-0.13,-0.09,0.01,0.09,11.56,61.00,83.94,0.31,0.25,0.19,3,1
1772046923.914926,4262466,0.23,-0.09,0.14,-162.69,-68.12,82.00,-0.88,-1.06,0.44,-0.14,0.10,0.05,11.56,61.00,83.94,0.31,-0.50,-0.06,3,1
1772046924.105114,4262657,0.28,-0.12,0.19,-162.69,-68.12,82.00,-0.81,-0.88,0.31,-0.10,0.02,0.13,11.56,61.00,83.87,0.13,0.25,0.25,3,1
1772046924.295977,4262848,0.27,-0.12,0.11,-162.62,-68.12,81.87,0.19,0.19,-0.06,-0.10,0.01,0.08,11.56,61.00,83.87,0.00,0.13,0.31,3,2
1772046924.487617,4263039,0.26,-0.05,0.15,-162.62,-68.12,81.87,-0.19,-0.69,0.75,-0.11,0.04,0.07,11.63,61.00,83.87,-0.13,-0.44,-0.44,3,2
1772046924.678156,4263230,0.33,-0.01,0.11,-162.75,-68.00,82.06,0.37,1.50,-1.75,-0.14,0.05,-0.11,11.69,61.06,83.81,-0.62,-0.62,-0.13,3,2
1772046924.868335,4263420,0.26,-0.10,0.12,-163.44,-67.87,82.56,-0.44,0.44,0.62,-0.08,0.00,0.09,11.69,61.00,83.87,0.31,-0.06,0.19,3,2
1772046925.059102,4263611,0.34,-0.22,0.10,-163.81,-67.69,82.62,1.06,0.69,-0.37,-0.12,0.06,0.00,11.63,61.00,83.87,1.00,-1.25,-0.37,3,2
1772046925.249000,4263800,0.39,-0.15,0.03,-163.12,-67.62,82.06,-5.37,-1.69,2.37,-0.12,-0.02,0.10,11.69,61.13,83.87,2.25,0.94,1.19,3,2
1772046925.440694,4263992,0.27,-0.05,0.14,-162.31,-67.87,81.44,-1.12,-1.25,1.62,-0.15,0.05,0.03,11.50,61.00,83.87,-0.06,-1.19,0.19,2,2
1772046925.631214,4264183,0.21,-0.15,0.16,-162.31,-68.12,81.50,1.12,-0.69,-0.88,-0.07,0.03,0.16,11.56,60.94,83.81,0.19,0.37,0.13,3,2
1772046925.822060,4264374,0.34,0.06,0.10,-162.37,-68.12,81.56,3.69,-0.06,0.56,-0.02,-0.02,0.25,11.56,60.94,83.81,0.44,1.19,0.37,2,2
1772046926.012580,4264564,0.31,-0.12,0.12,-163.37,-68.19,82.62,-0.06,0.56,-1.37,-0.10,0.00,0.10,11.63,60.94,83.75,1.00,0.75,0.44,3,2
1772046926.202832,4264755,0.35,-0.10,0.07,-163.56,-68.19,82.50,-4.06,0.31,2.19,0.00,0.00,0.11,11.56,60.88,83.75,-0.50,0.56,0.44,3,2
1772046926.394520,4264946,0.32,-0.10,0.14,-162.75,-68.37,81.56,-1.12,0.31,1.25,0.00,0.10,0.03,11.38,60.88,83.75,-1.25,0.25,-0.50,4,2
1772046926.584993,4265137,0.23,-0.07,0.16,-161.81,-68.50,81.00,-0.13,-0.88,-0.06,-0.09,0.00,0.13,11.38,60.94,83.75,-0.25,1.12,0.75,4,2
1772046926.775831,4265327,0.29,-0.15,0.12,-162.25,-68.31,81.31,5.69,1.31,0.44,-0.11,0.03,0.06,11.44,60.88,83.75,-0.06,-0.94,-0.25,4,2
1772046926.966389,4265518,0.27,-0.07,0.11,-163.00,-68.12,82.12,2.19,0.50,0.69,-0.10,0.05,0.06,11.50,60.88,83.75,-0.44,0.25,-0.19,4,2
1772046927.157273,4265709,0.31,0.04,0.09,-163.19,-68.00,82.31,-0.13,1.00,-0.19,-0.10,0.05,0.06,11.50,60.94,83.75,0.75,1.19,-0.13,4,1
1772046927.348155,4265900,0.30,-0.04,0.10,-163.25,-68.00,82.37,-0.69,-0.50,-0.69,-0.10,0.03,0.07,11.50,60.94,83.69,0.56,0.56,0.19,5,2
1772046927.538793,4266090,0.28,-0.14,0.10,-163.31,-68.00,82.50,-0.44,-0.44,-0.31,-0.05,0.00,0.03,11.50,60.88,83.69,0.00,-0.50,0.00,4,2
1772046927.729610,4266281,0.29,-0.13,0.06,-163.25,-68.06,82.50,0.19,0.31,-0.13,0.03,0.01,0.12,11.50,60.81,83.69,-0.13,-0.37,-0.06,5,2
1772046927.920521,4266472,0.23,-0.06,0.12,-163.19,-68.12,82.50,-0.37,0.25,-0.06,-0.09,0.05,0.08,11.50,60.88,83.69,-0.37,-0.13,-0.19,5,2
1772046928.111043,4266663,0.32,-0.10,0.09,-163.06,-68.12,82.25,-2.31,-1.56,0.06,-0.08,0.04,0.06,11.50,60.94,83.69,0.31,-0.50,-0.25,5,2
1772046928.302288,4266854,0.27,-0.10,0.12,-162.50,-68.50,81.69,-0.19,-1.75,1.44,-0.12,0.09,-0.01,11.50,60.94,83.69,-0.25,-0.88,-0.81,4,2
1772046928.492301,4267044,0.20,-0.04,0.17,-162.12,-68.62,81.50,0.75,0.06,1.31,-0.08,0.05,0.04,11.38,61.00,83.75,0.25,0.81,-0.06,4,2
1772046928.683127,4267235,0.31,-0.03,0.04,-162.31,-68.31,81.62,2.62,3.56,-0.13,-0.04,0.14,-0.05,11.25,60.94,83.87,1.19,0.25,0.75,4,2
1772046928.873945,4267426,0.23,-0.02,0.14,-162.44,-68.31,81.56,1.25,-0.94,0.75,-0.09,0.07,0.12,11.31,60.88,83.81,-0.19,0.06,-0.37,4,2
1772046929.064585,4267616,0.30,0.00,0.11,-162.56,-68.25,81.62,-0.94,-0.81,0.06,-0.02,0.05,0.04,11.25,60.88,83.81,0.37,0.44,-0.19,4,2
1772046929.255812,4267807,0.23,-0.06,0.12,-162.44,-68.37,81.62,-0.50,-0.25,-0.25,-0.07,0.03,0.04,11.19,60.81,83.81,-0.06,0.00,0.00,4,2
1772046929.446341,4267998,0.30,-0.09,0.12,-162.56,-68.31,81.69,-0.06,-0.13,-0.19,-0.11,0.06,0.01,11.19,60.81,83.81,-0.13,-0.13,0.00,3,2
1772046929.637241,4268189,0.25,-0.12,0.06,-162.62,-68.31,81.69,-0.19,0.31,-0.19,-0.10,0.04,-0.04,11.13,60.75,83.81,-0.06,-2.37,-0.81,3,2
1772046929.827857,4268379,0.24,-0.14,0.12,-162.62,-68.31,81.69,-0.88,-0.13,-0.06,-0.05,0.03,0.10,11.13,60.81,83.81,-0.62,-0.31,-0.13,3,2
1772046930.018552,4268570,0.30,-0.11,0.12,-162.31,-68.37,81.37,-1.56,-1.50,-0.19,-0.09,0.02,0.06,11.19,60.88,83.81,0.19,-0.37,-0.06,4,2
1772046930.209266,4268761,0.27,0.01,0.12,-161.62,-68.62,80.81,-1.19,-1.19,0.31,-0.05,-0.01,0.04,11.06,60.94,83.87,1.87,-0.25,0.37,5,2
1772046930.400032,4268952,0.25,0.00,0.19,-161.31,-68.87,80.50,-1.37,-1.62,2.00,-0.12,0.06,-0.04,11.06,61.00,83.94,-0.37,0.69,0.13,4,2
1772046930.590482,4269142,0.24,-0.01,0.14,-161.25,-68.81,80.62,4.00,3.62,0.56,-0.06,0.05,0.09,11.06,60.94,83.94,-0.37,0.31,0.31,4,2
1772046930.780170,4269332,0.41,-0.13,0.11,-162.37,-68.31,81.31,0.19,0.69,-0.94,-0.02,-0.05,0.11,11.19,60.88,83.87,0.13,1.81,1.12,4,2
1772046930.971326,4269523,0.31,-0.19,0.13,-162.81,-68.12,82.00,5.87,1.50,1.19,-0.14,0.00,0.01,11.19,60.88,83.75,0.50,0.75,0.50,5,2
1772046931.162732,4269715,0.26,-0.17,0.10,-162.94,-68.00,82.37,0.37,-0.06,0.19,-0.07,0.02,0.11,11.19,60.81,83.75,0.37,0.69,0.56,5,2
1772046931.353431,4269905,0.25,-0.18,0.08,-163.00,-68.00,82.37,0.44,-0.44,-0.37,-0.07,0.02,0.06,11.19,60.81,83.75,0.06,0.56,0.00,5,2
1772046931.544506,4270096,0.26,-0.08,0.09,-162.87,-68.00,82.25,-0.06,-0.31,0.00,-0.10,0.05,0.09,11.19,60.88,83.75,-0.25,-0.13,-0.37,4,2
1772046931.735361,4270287,0.29,-0.15,0.08,-162.50,-68.12,81.75,-3.75,-0.25,-0.88,-0.11,0.04,0.09,11.19,60.94,83.75,-0.13,-0.62,-0.06,5,2
1772046931.925796,4270478,0.26,-0.08,0.16,-162.19,-68.37,81.31,-0.62,-1.56,-0.06,-0.11,0.01,0.03,11.19,61.00,83.75,-0.37,0.00,0.13,3,2
1772046932.116577,4270669,0.23,0.00,0.16,-162.12,-68.50,81.31,1.12,1.06,0.31,-0.08,-0.01,0.01,11.19,61.00,83.75,0.13,-0.25,-0.13,2,2
1772046932.307270,4270859,0.25,-0.20,0.07,-162.50,-68.25,82.19,1.50,2.00,-0.19,-0.09,0.02,0.05,11.19,61.00,83.81,0.25,-0.31,0.62,3,2
1772046932.497877,4271050,0.37,-0.09,0.08,-162.87,-68.06,82.25,1.56,-0.13,-0.44,-0.06,0.03,0.05,11.25,61.00,83.75,0.31,0.37,0.25,3,1
1772046932.688658,4271241,0.27,-0.07,0.12,-162.81,-68.19,82.25,-0.62,-0.13,0.37,-0.09,0.04,0.03,11.19,61.00,83.75,0.00,-0.44,-0.37,4,2
1772046932.879314,4271432,0.20,-0.11,0.13,-162.62,-68.31,82.25,-0.06,-0.69,0.75,-0.12,0.06,0.11,11.19,61.00,83.69,0.62,0.94,0.62,4,1
1772046933.070354,4271622,0.32,-0.08,0.11,-162.69,-68.25,82.19,0.31,0.37,0.00,-0.09,0.02,0.03,11.19,60.94,83.69,-0.13,-0.31,-0.13,4,2
1772046933.261161,4271813,0.29,-0.14,0.13,-162.75,-68.25,82.25,0.13,0.19,0.31,-0.06,0.04,0.06,11.19,60.94,83.69,-0.50,-1.19,-0.50,4,2
1772046933.451880,4272004,0.30,-0.14,0.10,-162.75,-68.19,82.19,0.00,-0.25,0.56,-0.05,0.02,0.14,11.13,61.00,83.75,0.25,1.50,0.88,4,2
1772046933.643081,4272195,0.26,-0.13,0.12,-162.69,-68.19,82.12,0.56,0.50,-0.13,-0.07,0.00,0.05,11.19,61.00,83.75,-0.37,0.75,0.25,4,2
1772046933.833801,4272386,0.27,-0.13,0.10,-162.69,-68.19,82.12,0.06,-0.37,0.25,-0.10,0.03,0.07,11.19,61.00,83.69,0.13,0.94,0.19,4,2
1772046934.024652,4272577,0.30,-0.04,0.09,-162.62,-68.19,82.06,-0.19,0.31,-0.25,-0.12,0.06,0.01,11.19,61.06,83.75,0.13,0.13,-0.13,4,2
1772046934.215188,4272768,0.31,-0.06,0.11,-162.50,-68.12,81.94,-0.31,0.81,0.19,-0.14,0.05,0.07,11.19,61.00,83.75,-0.37,-0.50,-0.19,4,2
1772046934.405998,4272958,0.29,-0.10,0.09,-162.56,-68.12,81.94,-0.19,-0.88,-0.50,-0.08,0.02,0.01,11.19,61.00,83.75,0.00,0.19,0.06,3,2
1772046934.597222,4273149,0.28,-0.03,0.10,-162.37,-68.19,81.87,-0.81,-0.31,1.00,-0.12,0.03,0.02,11.19,61.00,83.75,0.13,-0.88,-0.37,3,2
1772046934.787008,4273340,0.26,-0.12,0.11,-162.37,-68.25,82.06,0.31,1.37,0.06,-0.10,-0.04,0.11,11.25,60.88,83.75,0.31,0.00,1.06,3,2
1772046934.977620,4273530,0.31,-0.19,0.09,-162.75,-68.19,82.25,1.37,-1.12,0.50,-0.13,0.00,0.04,11.31,60.88,83.69,0.19,-0.44,0.06,3,2
1772046935.168392,4273721,0.28,-0.17,0.09,-162.37,-68.31,82.00,-3.50,-0.81,0.81,-0.02,-0.06,0.21,11.19,60.81,83.69,0.88,0.19,0.00,4,2
1772046935.359470,4273912,0.26,-0.02,0.16,-161.87,-68.69,80.56,-5.00,-3.25,0.31,-0.13,0.03,0.02,11.13,60.94,83.75,-0.37,-0.81,-0.37,3,2
1772046935.549661,4274102,0.25,0.02,0.18,-160.87,-69.12,79.62,-0.75,-1.31,1.00,-0.10,0.00,0.08,11.13,60.94,83.75,0.00,-0.25,0.19,3,2
1772046935.740771,4274293,0.20,-0.12,0.15,-160.81,-69.31,79.81,-0.31,-1.06,0.88,-0.01,0.04,0.09,11.13,60.88,83.75,0.00,0.00,-0.13,3,2
1772046935.931038,4274484,0.28,-0.10,0.14,-160.56,-69.31,79.69,0.62,1.06,0.88,-0.11,0.04,0.04,11.06,60.94,83.75,0.19,0.31,0.06,4,2
1772046936.122106,4274675,0.19,-0.11,0.11,-160.50,-69.31,79.62,0.75,0.00,0.19,-0.08,0.01,0.05,11.06,60.94,83.69,-0.25,-0.81,-0.31,4,2
1772046936.312925,4274866,0.27,-0.12,0.13,-160.69,-69.31,79.69,0.88,-0.75,0.19,-0.09,0.04,0.06,11.13,60.94,83.69,0.25,0.25,0.06,4,2
1772046936.504503,4275058,0.28,0.00,0.12,-160.75,-69.25,79.69,0.50,0.13,-0.25,-0.07,0.02,0.05,11.13,60.94,83.69,0.56,1.19,0.44,4,2
1772046936.697875,4275251,0.25,-0.07,0.10,-160.75,-69.25,79.75,-0.06,0.37,-0.13,-0.11,-0.05,0.12,11.13,60.88,83.69,-0.19,-0.37,-0.31,4,2
1772046936.889241,4275442,0.31,-0.23,0.10,-160.94,-69.19,79.87,-0.56,-0.44,-0.25,-0.10,-0.01,0.10,11.00,61.00,83.81,-1.06,-0.69,-0.62,3,2
1772046937.081695,4275635,0.31,-0.06,0.06,-160.50,-69.06,79.56,-2.87,1.50,1.75,0.02,0.04,0.06,11.00,60.94,84.00,-1.56,0.00,-0.50,3,2
1772046937.274527,4275827,0.17,-0.56,0.08,-161.06,-69.00,81.06,7.19,2.87,-3.75,-0.16,-0.14,-0.03,11.63,61.13,82.87,2.62,-7.81,1.94,3,2
1772046937.465572,4276018,0.18,-0.18,0.28,-162.62,-68.62,81.81,0.50,-5.81,4.94,-0.07,0.07,-0.02,11.31,61.56,82.81,0.37,1.87,-0.69,5,2
1772046937.654763,4276208,0.23,0.06,0.13,-160.31,-69.00,80.81,0.00,2.69,0.00,-0.08,0.00,0.15,11.25,61.31,82.87,1.00,2.69,1.94,5,2
1772046937.844126,4276397,0.35,-0.21,0.08,-161.81,-68.56,81.44,0.75,2.44,0.00,-0.06,0.04,0.05,11.19,61.00,82.75,2.06,1.94,0.25,5,2
1772046938.037174,4276590,0.39,0.17,0.08,-161.06,-68.31,80.69,-0.19,-1.19,1.56,-0.08,0.00,0.23,11.31,60.75,82.81,-0.13,2.19,1.62,5,2
1772046938.228257,4276781,0.28,0.00,0.13,-161.50,-68.62,81.12,0.75,-2.56,-1.75,-0.08,-0.04,0.06,11.63,60.69,82.69,0.69,0.56,0.88,5,2
1772046938.419467,4276973,0.19,-0.24,0.16,-162.19,-69.06,81.81,0.62,-0.62,0.94,-0.06,-0.02,0.08,11.44,60.69,82.81,0.06,1.75,-0.37,5,2
1772046938.610555,4277164,0.31,0.00,0.05,-161.75,-68.81,81.31,-0.69,1.94,1.06,-0.12,0.05,0.02,11.19,60.56,82.94,-0.19,-0.25,-0.94,5,2
1772046938.801168,4277354,0.38,-0.24,0.03,-161.62,-68.75,80.87,-7.25,-2.75,-1.87,-0.08,-0.01,0.06,11.13,60.56,83.00,0.69,0.25,0.44,5,2
1772046938.992147,4277545,0.27,0.07,0.12,-160.87,-69.44,79.19,-5.62,-3.19,-1.31,-0.09,0.03,-0.02,11.06,60.69,83.00,-0.31,-0.62,-1.19,6,2
1772046939.182872,4277736,0.12,0.00,0.17,-159.50,-70.00,78.75,-1.44,-2.37,0.75,-0.14,0.01,0.12,11.00,60.69,83.06,0.06,-0.81,-0.37,7,2
1772046939.373769,4277927,0.29,0.01,0.07,-159.44,-69.94,78.62,0.81,1.19,-1.50,-0.04,-0.07,0.17,11.13,60.94,82.87,3.81,0.56,1.37,5,2
1772046939.564813,4278118,0.38,-0.08,0.14,-160.31,-69.94,78.94,-2.44,-1.87,1.81,0.02,0.00,0.03,11.00,61.13,82.87,-0.69,-1.56,-1.19,6,2
1772046939.754463,4278307,0.19,-0.17,0.14,-158.56,-70.25,78.31,-1.87,0.50,-1.31,-0.10,-0.06,-0.02,10.75,61.19,82.62,3.44,-2.62,1.81,5,2
1772046939.945013,4278498,0.47,0.21,0.09,-159.12,-70.00,77.37,-2.31,-0.25,3.56,-0.12,0.16,-0.03,10.75,61.31,82.44,-0.13,4.00,0.19,6,3
1772046940.136218,4278690,0.18,0.27,0.22,-157.62,-70.19,77.19,5.00,4.25,0.25,-0.08,0.03,-0.08,10.75,60.94,82.50,-0.62,-0.19,1.06,6,3
1772046940.327247,4278881,0.31,-0.33,0.02,-160.56,-69.69,79.25,3.12,2.06,-3.69,-0.12,0.02,0.03,11.25,60.75,82.25,1.00,-0.25,0.44,6,3
1772046940.517997,4279071,0.45,-0.01,0.06,-161.44,-69.37,79.56,0.37,-0.62,2.94,-0.04,0.05,-0.03,11.13,60.69,82.37,-0.62,0.56,0.06,6,3
1772046940.708868,4279262,0.24,-0.05,0.11,-160.56,-69.75,79.25,-0.69,-0.69,0.19,-0.07,-0.05,0.06,11.19,60.63,82.37,0.00,0.13,0.25,5,3
1772046940.899204,4279453,0.28,-0.20,0.10,-160.50,-69.81,79.25,-0.56,-1.94,0.37,-0.14,0.01,0.00,11.13,60.69,82.44,-0.25,0.19,-0.37,6,3
1772046941.090476,4279644,0.28,0.06,0.12,-159.62,-70.06,78.31,-1.81,0.81,-0.25,-0.08,0.04,-0.05,11.06,60.69,82.62,-1.75,-0.25,-0.94,5,3
1772046941.282101,4279835,0.28,-0.01,0.08,-159.37,-70.12,77.94,-3.44,-0.75,-1.12,-0.12,0.04,0.00,11.00,60.75,82.69,-0.75,0.13,-0.62,4,3
1772046941.474780,4280028,0.31,-0.01,0.06,-159.25,-70.19,77.94,-1.50,-1.00,-0.37,-0.11,0.06,0.01,11.00,60.81,82.75,-0.13,0.56,0.13,4,3
1772046941.666790,4280220,0.25,-0.07,0.16,-159.00,-70.50,78.19,0.75,-0.69,-1.25,-0.03,-0.03,0.00,11.06,60.81,82.69,0.25,0.31,0.94,3,3
1772046941.855829,4280410,0.33,-0.06,0.16,-160.00,-70.31,78.87,7.00,1.56,0.13,0.00,-0.07,0.01,11.25,60.75,82.62,0.25,0.06,0.25,3,2
1772046942.049816,4280603,0.28,0.05,0.13,-161.25,-69.87,80.44,14.00,3.87,5.19,-0.01,-0.02,0.02,11.19,60.63,82.69,-0.81,-1.37,-0.31,3,2
1772046942.241892,4280796,0.29,-0.03,0.08,-162.37,-69.25,82.69,2.87,2.37,-1.00,-0.09,-0.01,0.07,11.25,60.44,82.69,0.19,0.44,0.31,3,3
1772046942.433431,4280987,0.28,-0.18,0.06,-166.31,-68.06,85.25,12.56,8.88,-2.62,-0.03,-0.03,0.02,11.38,60.25,82.56,1.06,2.31,1.75,3,3
1772046942.623199,4281177,0.48,-0.24,-0.11,-171.12,-66.44,88.56,3.25,9.25,-2.50,-0.08,0.09,-0.18,11.19,60.19,82.37,-1.06,0.06,-1.81,3,3
1772046942.813444,4281367,0.31,-0.03,0.08,-170.69,-66.25,89.06,5.25,-6.50,4.62,-0.15,-0.03,0.09,11.13,60.06,82.56,-1.06,0.06,-0.50,2,3
1772046943.005316,4281559,0.32,-0.16,0.11,-170.81,-66.81,89.75,0.19,-1.37,1.37,-0.02,-0.03,0.06,11.13,60.13,82.75,0.06,-0.37,-0.56,2,3
1772046943.196701,4281750,0.28,-0.07,0.06,-170.31,-67.06,89.62,0.06,-1.75,1.69,0.03,0.05,0.11,11.00,60.19,82.94,-1.50,0.19,-0.44,2,2
1772046943.388313,4281942,0.23,-0.20,0.15,-170.06,-67.44,89.56,1.50,-2.37,-1.94,-0.04,0.07,-0.03,10.94,60.25,82.94,-0.25,0.56,-0.75,2,2
1772046943.579108,4282133,0.28,0.10,0.12,-169.37,-67.56,89.25,-1.06,-1.31,-1.12,-0.07,0.00,0.02,10.88,60.25,83.00,0.06,-0.37,-0.44,2,2
1772046943.770689,4282325,0.36,0.00,0.12,-170.00,-67.62,89.69,-0.37,0.19,0.06,-0.10,-0.01,0.02,10.88,60.25,83.00,0.31,0.37,0.19,3,2
1772046943.960801,4282515,0.24,-0.10,0.05,-170.25,-67.62,90.00,0.50,0.00,-0.50,-0.07,0.05,0.00,10.81,60.25,83.00,0.06,0.75,0.13,3,2
1772046944.153919,4282708,0.22,-0.05,0.09,-170.31,-67.75,90.06,0.13,-1.00,0.31,-0.07,0.02,0.01,10.81,60.13,83.00,-0.50,-0.06,0.00,4,3
1772046944.346512,4282900,0.32,-0.11,0.09,-170.69,-67.81,90.44,0.62,-0.37,-1.25,-0.06,0.01,-0.03,10.81,60.13,83.00,-0.31,0.13,-0.06,4,2
1772046944.539053,4283093,0.23,0.00,0.11,-170.62,-67.81,90.44,-1.50,0.19,-0.50,-0.06,0.00,-0.18,10.81,60.19,83.00,0.25,-2.62,-1.25,4,2
1772046944.728607,4283282,0.29,-0.03,0.10,-170.62,-67.69,90.31,-1.75,0.75,0.62,-0.10,-0.01,0.01,10.75,60.19,83.06,-0.06,-1.31,-0.31,5,2
1772046944.918003,4283472,0.29,0.00,0.10,-170.37,-67.56,90.00,0.62,0.00,0.62,-0.09,0.03,0.03,10.81,60.19,83.06,0.00,0.31,-0.13,6,2
1772046945.111018,4283665,0.28,-0.02,0.05,-170.31,-67.56,89.94,0.25,0.56,-0.62,0.00,0.01,0.06,10.75,60.25,83.12,0.50,1.75,0.00,6,3
1772046945.304152,4283857,0.25,0.05,0.13,-169.94,-67.56,89.75,-1.75,0.19,-0.19,-0.10,-0.07,0.05,10.75,60.25,83.12,0.13,0.13,0.50,6,3
1772046945.495324,4284049,0.37,-0.13,0.05,-170.50,-67.37,90.00,-0.31,0.19,0.44,-0.09,0.02,0.04,10.75,60.25,83.12,0.13,0.00,0.25,6,3
1772046945.687320,4284241,0.26,-0.09,0.10,-170.37,-67.44,89.94,0.31,-0.25,0.06,-0.03,0.06,0.05,10.75,60.25,83.12,-0.19,0.06,0.19,6,2
1772046945.879325,4284433,0.28,-0.13,0.09,-170.50,-67.44,90.00,0.06,-0.88,-0.31,-0.08,-0.01,0.07,10.75,60.25,83.12,0.25,1.37,0.44,6,2
1772046946.070142,4284624,0.30,-0.07,0.07,-170.44,-67.50,89.87,-0.13,0.69,-0.75,-0.09,0.05,0.01,10.75,60.19,83.06,-0.25,0.56,0.31,5,2
1772046946.262748,4284817,0.23,-0.12,0.14,-170.37,-67.56,89.94,1.00,-1.06,-0.44,-0.07,0.05,0.04,10.69,60.06,83.06,0.50,2.12,-0.19,5,2
1772046946.454945,4285009,0.32,0.04,0.03,-170.25,-67.44,89.69,-0.62,0.56,-0.81,-0.09,0.07,0.02,10.69,60.06,83.12,-0.81,0.94,-0.31,5,2
1772046946.647485,4285201,0.23,-0.01,0.06,-170.00,-67.44,89.50,-0.62,-0.13,-0.56,-0.07,-0.02,0.08,10.63,60.06,83.12,-0.19,-1.69,-0.88,5,2
1772046946.839472,4285393,0.32,-0.04,0.08,-170.12,-67.44,89.56,-1.06,-0.94,-0.37,-0.06,-0.07,0.04,10.69,60.13,83.19,0.13,-0.31,0.56,4,1
1772046947.028744,4285583,0.30,-0.15,0.11,-170.31,-67.50,89.62,-1.00,0.69,0.75,-0.01,-0.01,0.06,10.69,60.13,83.19,-0.44,0.06,-0.37,3,1
1772046947.220852,4285775,0.22,-0.13,0.11,-169.87,-67.50,89.19,-0.75,-0.56,1.00,-0.08,0.03,0.06,10.56,60.19,83.25,-0.06,0.50,0.00,3,1
1772046947.412556,4285967,0.36,0.03,0.07,-169.50,-67.31,88.69,-0.56,0.88,0.75,-0.10,0.00,0.06,10.63,60.19,83.31,0.31,0.00,0.31,3,1
1772046947.604900,4286159,0.26,-0.14,0.09,-169.69,-67.37,88.69,-0.81,0.00,1.12,0.00,0.05,0.00,10.50,60.19,83.25,-0.19,0.37,0.13,3,1
1772046947.796555,4286351,0.20,-0.17,0.14,-169.31,-67.37,88.31,-0.50,0.50,-1.50,-0.12,-0.02,0.04,10.50,60.19,83.25,0.44,0.94,0.31,3,1
1772046947.985910,4286540,0.39,-0.05,0.11,-168.94,-67.12,87.44,-6.06,1.62,1.69,-0.08,-0.05,0.04,10.50,60.13,83.19,0.19,0.50,0.69,3,1
1772046948.176339,4286731,0.27,-0.01,0.11,-167.69,-67.06,85.94,-2.81,-0.37,-0.19,-0.12,0.02,0.04,10.50,60.00,83.19,0.81,0.31,0.06,3,2
1772046948.368154,4286923,0.30,0.07,0.10,-166.94,-67.06,85.25,-2.12,0.00,0.62,-0.07,0.03,0.05,10.44,60.06,83.12,0.88,0.81,0.13,2,2
1772046948.559649,4287114,0.14,-0.36,0.06,-166.56,-67.12,84.81,-5.37,0.94,-0.44,-0.17,0.05,0.11,10.56,60.13,82.94,1.19,-2.12,2.69,2,2
1772046948.750668,4287305,0.31,0.28,0.11,-165.94,-67.31,81.06,-23.56,-5.44,-10.88,-0.05,-0.08,0.00,11.38,60.50,82.31,0.62,-1.87,0.37,3,2
1772046948.940153,4287494,0.22,-0.05,0.33,-165.25,-68.69,79.56,1.50,-8.81,6.44,-0.02,0.00,0.17,10.75,60.50,82.75,-0.62,2.25,-1.56,2,2
1772046949.130160,4287684,0.23,0.27,0.22,-162.75,-69.12,78.62,4.56,4.31,1.06,-0.16,0.05,-0.06,10.56,60.38,82.94,-0.75,0.00,-0.37,3,2
1772046949.322165,4287876,0.26,-0.06,0.10,-164.50,-67.94,81.62,19.50,6.37,3.81,-0.06,-0.01,0.04,10.63,60.25,83.00,-0.56,-0.31,-0.56,2,2
1772046949.513123,4288068,0.34,-0.08,0.14,-167.44,-66.87,84.87,4.69,2.44,1.31,0.01,-0.06,0.07,10.69,60.06,83.31,-1.94,2.12,-0.25,2,2
1772046949.704171,4288259,0.17,-0.26,0.15,-168.31,-66.69,86.69,7.75,1.94,1.31,-0.08,0.00,0.06,10.75,59.69,83.56,-0.69,1.06,-0.81,2,2
1772046949.893882,4288448,0.35,-0.13,0.08,-169.31,-66.06,87.75,1.62,3.87,-0.50,-0.10,-0.03,0.04,10.63,59.75,83.62,0.50,-1.81,-0.06,3,3
1772046950.084004,4288638,0.34,-0.17,0.08,-170.62,-65.44,88.12,-2.62,1.81,-2.44,-0.03,0.05,-0.01,10.25,60.00,83.56,0.88,-1.75,-1.00,3,2
1772046950.275633,4288830,0.30,0.05,0.09,-170.25,-65.37,87.50,-0.81,-4.12,1.06,-0.06,0.06,-0.04,9.81,60.44,83.75,0.94,-0.44,-0.94,3,2
1772046950.466425,4289021,0.23,0.00,0.06,-169.25,-65.87,86.81,-4.00,-2.50,1.37,-0.02,0.03,-0.01,9.69,60.50,83.75,0.75,0.62,0.19,4,2
1772046950.657423,4289212,0.26,0.05,0.18,-167.87,-66.25,85.56,-3.00,-1.75,0.00,-0.08,0.03,-0.01,9.75,60.44,83.69,0.44,0.06,0.44,3,2
1772046950.848397,4289403,0.28,-0.07,0.20,-167.50,-66.50,85.19,-1.06,-0.25,0.06,0.00,0.01,0.02,9.69,60.44,83.62,-0.06,-0.31,0.13,4,3
1772046951.037889,4289592,0.38,-0.32,0.03,-167.12,-66.50,84.69,-4.56,0.13,0.19,-0.09,0.02,0.07,9.69,60.25,83.56,-0.25,-0.37,-0.31,3,2
1772046951.229407,4289784,0.29,0.25,0.16,-165.94,-67.31,80.87,-18.87,-6.00,-4.87,-0.02,-0.01,0.01,9.75,60.50,83.56,0.06,0.00,-0.31,4,2
1772046951.420076,4289975,0.31,0.06,0.20,-163.94,-68.31,78.50,-6.62,-4.62,-1.37,0.03,-0.02,0.13,9.75,60.50,83.56,0.50,-0.44,0.62,4,2
1772046951.610695,4290165,0.22,0.06,0.18,-162.37,-68.87,78.44,10.31,-2.87,7.06,-0.11,0.09,0.07,9.88,60.63,83.69,-1.19,2.44,1.44,4,2
1772046951.800535,4290355,0.31,-0.02,0.23,-162.56,-68.44,80.62,19.06,7.81,3.87,-0.04,0.03,0.02,10.00,60.56,83.62,-2.50,0.69,-0.37,3,3
1772046951.990944,4290545,0.29,-0.22,0.13,-165.06,-67.50,83.94,8.88,4.06,-0.06,-0.18,0.10,-0.04,10.19,60.50,83.75,-1.37,0.44,-0.75,4,3
1772046952.182311,4290737,0.38,-0.20,0.10,-166.37,-66.56,86.37,17.19,5.50,6.25,-0.03,0.06,-0.08,10.13,60.50,83.81,-0.88,0.00,0.00,4,3
1772046952.373294,4290928,0.29,-0.20,0.04,-167.31,-65.69,88.44,0.69,1.69,-1.00,-0.05,0.05,0.07,10.06,60.38,83.75,0.37,1.12,0.56,3,3
1772046952.564403,4291119,0.32,-0.14,0.09,-167.75,-65.44,88.37,-2.94,1.12,-0.81,-0.04,0.06,0.04,10.13,60.25,83.75,0.37,1.00,0.44,3,3
1772046952.754041,4291309,0.29,-0.23,0.08,-167.44,-65.37,87.75,-1.44,-0.81,-0.62,-0.14,0.01,0.07,10.06,60.19,83.69,-0.06,1.06,0.56,3,2
1772046952.944494,4291499,0.30,0.00,0.08,-166.75,-65.50,86.69,-2.94,-1.06,-0.44,-0.12,0.04,0.01,10.06,60.13,83.62,-0.50,-1.44,-1.00,3,3
1772046953.136197,4291691,0.31,-0.05,0.13,-166.19,-65.69,86.00,-5.69,-1.25,-0.50,-0.13,0.03,0.02,10.06,60.19,83.69,0.06,-1.12,-0.69,3,3
1772046953.327173,4291882,0.27,-0.05,0.15,-165.69,-65.81,85.25,-0.75,-0.25,-0.94,-0.09,0.05,0.01,10.00,60.38,83.69,-0.31,-0.62,-0.31,3,3
1772046953.518169,4292073,0.33,-0.06,0.12,-165.44,-65.81,84.81,-1.25,-0.13,-0.62,-0.11,0.05,-0.04,10.00,60.38,83.75,-1.06,-1.56,-0.69,3,3
1772046953.707583,4292262,0.33,-0.13,0.13,-165.31,-65.81,84.50,-2.00,-0.37,0.06,-0.09,0.06,0.04,10.06,60.44,83.75,0.06,0.13,-0.19,3,2
1772046953.898135,4292453,0.18,-0.06,0.12,-164.31,-66.50,82.37,-19.12,-2.87,-4.87,-0.13,0.09,-0.03,10.06,60.44,83.75,0.00,-1.31,-0.62,3,1
1772046954.089541,4292644,0.22,0.13,0.20,-162.31,-67.25,79.12,-7.37,-3.87,-0.31,-0.07,0.05,0.04,10.00,60.44,83.75,0.00,0.25,-0.06,3,2
1772046954.280364,4292835,0.30,0.00,0.16,-160.81,-67.75,77.75,-6.00,-2.50,-1.12,-0.06,0.02,0.08,10.00,60.50,83.75,0.25,0.19,0.31,4,2
1772046954.471242,4293026,0.32,0.02,0.20,-159.87,-68.12,76.62,-3.06,-1.25,-0.31,-0.04,0.00,0.01,10.00,60.50,83.69,0.19,-0.62,0.25,3,2
1772046954.661032,4293216,0.22,0.04,0.23,-159.44,-68.50,76.44,0.19,-1.75,-0.06,0.01,0.03,0.07,10.13,60.38,83.62,-0.75,-0.37,0.56,3,2
1772046954.851222,4293406,0.09,0.25,0.35,-159.25,-68.37,76.94,14.56,3.56,1.81,-0.03,0.06,0.00,10.38,60.25,83.69,0.25,1.19,-0.56,5,2
1772046955.043052,4293598,0.43,-0.34,0.01,-163.44,-66.94,81.87,16.75,12.13,1.69,-0.11,0.08,-0.04,10.25,60.19,83.62,-0.44,-0.19,0.31,6,2
1772046955.233870,4293789,0.29,-0.17,0.05,-166.44,-65.69,84.25,0.19,0.75,-1.31,-0.18,0.09,0.10,10.19,60.00,83.69,-0.06,1.31,-0.62,5,2
1772046955.424384,4293979,0.42,-0.05,0.03,-166.19,-65.31,83.75,-2.81,0.69,0.75,0.01,0.00,0.02,10.13,59.88,83.69,-0.19,0.81,0.62,6,2
1772046955.614743,4294170,0.42,-0.44,0.10,-165.62,-65.75,82.87,-13.69,-3.69,-1.62,0.02,0.06,0.14,10.06,59.94,83.75,0.13,0.19,0.19,5,2
1772046955.805236,4294360,0.13,0.57,0.31,-163.19,-67.12,77.81,-14.69,-2.69,-4.37,-0.06,0.03,-0.03,10.13,60.06,83.69,0.44,-0.44,0.13,5,2
1772046955.996461,4294551,0.26,-0.28,0.13,-161.81,-66.75,80.06,26.25,2.50,8.13,-0.07,0.05,0.04,10.00,60.06,83.81,0.00,0.13,0.50,4,2
1772046956.187763,4294742,0.35,-0.03,0.09,-164.94,-66.25,83.62,4.37,1.19,-7.94,-0.03,0.01,-0.01,10.13,60.00,83.62,0.31,-0.19,-0.06,4,2
1772046956.378129,4294933,0.25,-0.31,0.10,-168.37,-66.37,86.31,1.44,0.37,-1.31,0.00,0.01,0.00,10.13,60.00,83.62,-0.25,-0.06,0.25,5,2
1772046956.568450,4295123,0.29,-0.06,0.09,-169.00,-66.37,86.56,2.00,1.44,-1.94,-0.10,0.04,0.08,10.06,59.94,83.69,-0.25,-0.13,-0.50,5,2
1772046956.758878,4295314,0.32,-0.15,0.06,-169.81,-65.94,87.12,-1.19,3.12,-0.44,-0.10,0.06,0.00,10.06,59.94,83.69,-0.37,-0.06,-0.13,3,3
1772046956.950136,4295505,0.34,-0.10,0.07,-169.87,-65.56,86.87,-0.37,0.88,0.19,-0.08,0.06,-0.03,10.00,60.06,83.75,0.13,-0.75,-0.13,2,3
1772046957.141265,4295696,0.31,-0.04,0.12,-169.75,-65.62,86.81,-1.06,-0.25,0.13,-0.08,0.00,-0.03,10.00,60.13,83.75,-0.50,-0.94,-0.25,3,2
1772046957.331862,4295887,0.30,-0.06,0.09,-169.62,-65.62,86.62,-0.88,-0.25,0.00,-0.09,0.04,-0.02,10.00,60.13,83.81,-0.37,-0.44,0.13,3,3
1772046957.522005,4296077,0.32,-0.03,0.13,-169.25,-65.75,86.12,-1.50,-0.31,0.94,-0.09,0.04,0.05,10.00,60.13,83.81,-0.06,-0.88,-0.37,4,3
1772046957.712310,4296267,0.30,-0.31,0.11,-168.44,-65.87,85.37,-5.75,-2.75,2.37,-0.10,0.02,0.08,9.94,60.13,83.81,-0.19,0.06,0.50,3,2
1772046957.903828,4296459,0.24,0.23,0.22,-165.81,-66.81,81.56,-14.13,-4.25,-1.69,-0.04,0.04,-0.02,9.94,60.19,83.75,0.50,-0.25,-0.06,4,2
1772046958.094123,4296649,0.21,0.09,0.23,-163.50,-67.50,79.44,-2.00,-3.25,1.44,-0.03,0.08,0.06,9.81,60.19,83.69,0.81,0.31,0.06,4,2
1772046958.285201,4296840,0.30,0.02,0.18,-162.69,-67.56,78.81,-0.75,-0.62,-1.12,-0.13,0.03,0.02,9.81,60.19,83.62,0.31,1.06,0.31,4,2
1772046958.474671,4297030,0.15,0.28,0.20,-162.94,-67.50,79.00,3.56,5.12,-0.19,-0.08,0.06,0.00,10.13,60.06,83.44,0.13,-1.37,0.81,3,2
1772046958.665535,4297221,0.31,-0.03,0.08,-165.81,-66.37,81.25,8.19,6.87,-2.19,-0.11,0.16,-0.03,10.63,60.13,83.25,-0.81,0.00,1.94,3,2
1772046958.856931,4297412,0.30,-0.03,0.07,-167.94,-65.50,83.50,6.44,6.00,-1.31,-0.16,0.09,0.04,11.56,59.88,82.62,1.37,0.75,2.25,3,1
1772046959.047971,4297603,0.38,-0.16,0.07,-169.94,-64.69,85.19,-0.88,0.62,0.00,-0.07,0.05,-0.04,11.81,59.81,82.44,-0.13,-0.13,-0.44,3,2
1772046959.238821,4297794,0.28,-0.23,0.14,-169.75,-64.75,84.94,-3.56,0.44,-0.25,-0.05,0.02,-0.04,11.50,59.88,82.56,-1.00,-0.69,-1.44,3,2
1772046959.428272,4297983,0.28,-0.08,0.07,-168.31,-64.81,83.87,-2.62,-1.37,1.69,-0.09,-0.05,0.24,11.31,59.75,82.69,0.94,-2.06,-0.37,2,1
1772046959.618698,4298174,0.45,-0.06,0.13,-167.69,-64.81,83.06,-1.50,-1.31,2.25,0.00,0.00,0.09,11.25,59.81,82.69,1.00,0.44,0.62,3,2
1772046959.810897,4298366,0.37,-0.25,0.07,-166.19,-65.69,81.44,-17.87,-10.06,-1.56,-0.08,-0.02,0.08,11.25,59.88,82.62,0.31,-0.81,0.00,3,2
1772046960.001422,4298556,0.23,0.31,0.24,-163.44,-67.25,77.62,-6.75,-6.75,-0.62,-0.01,0.00,0.02,11.13,60.00,82.56,1.12,-1.44,-0.81,3,2
1772046960.191967,4298747,0.02,0.00,0.32,-162.25,-68.06,77.50,4.37,3.62,0.19,-0.10,0.04,0.13,10.44,60.13,82.62,-1.37,1.81,-0.19,3,2
1772046960.382312,4298937,0.45,-0.15,0.06,-163.25,-66.94,78.75,8.38,6.06,0.19,-0.16,0.04,-0.01,10.44,59.94,82.69,-0.69,1.19,0.37,4,2
1772046960.573609,4299128,0.25,-0.17,0.08,-164.50,-66.69,80.31,4.25,-0.31,-0.56,-0.14,0.09,0.02,10.56,59.69,82.62,-1.00,-1.37,-1.12,4,2
1772046960.764387,4299320,0.39,0.00,0.11,-165.06,-66.56,80.81,-0.37,-1.62,0.13,-0.10,0.04,0.08,10.63,59.81,82.75,-0.37,0.50,-0.37,3,2
1772046960.955387,4299510,0.21,-0.02,0.09,-164.87,-66.81,80.87,-0.81,1.12,-0.13,-0.13,0.02,0.00,10.63,59.81,82.81,-0.31,-0.44,-0.31,4,2
1772046961.145874,4299701,0.37,-0.16,0.07,-165.12,-66.56,80.94,-0.94,-0.25,-0.25,-0.07,0.01,0.04,10.63,59.81,82.81,0.00,0.50,0.31,5,2
1772046961.336300,4299891,0.34,-0.15,0.07,-163.87,-67.00,80.00,-8.06,-4.50,0.25,-0.03,-0.01,0.09,10.56,59.81,82.87,-0.13,-1.19,-0.37,5,2
1772046961.526754,4300082,0.24,0.05,0.18,-162.31,-67.62,78.69,-1.19,-2.56,2.19,-0.18,0.08,0.00,10.81,59.88,82.69,-2.12,-4.19,2.00,5,2
1772046961.717711,4300273,0.35,0.04,0.18,-163.25,-67.37,79.25,11.88,4.06,-1.81,0.00,-0.04,0.02,11.75,60.25,82.12,3.19,-1.37,1.50,5,2
1772046961.908783,4300464,0.28,-0.25,0.20,-166.56,-67.19,82.44,5.44,1.12,-0.37,-0.03,0.06,0.06,11.63,60.31,81.81,-0.62,1.25,-1.81,5,2
1772046962.099001,4300655,0.39,0.08,0.03,-166.19,-66.69,82.31,-2.37,3.62,2.25,-0.13,0.04,0.04,11.44,60.25,81.94,0.19,0.69,1.19,5,2
1772046962.289872,4300845,0.31,-0.03,0.06,-166.25,-66.44,81.94,0.06,-1.69,-2.00,-0.04,0.02,-0.08,11.63,60.31,81.81,0.00,-0.13,-0.56,4,2
1772046962.480333,4301036,0.26,-0.03,0.16,-165.69,-66.81,81.87,-1.31,-2.12,1.25,-0.15,0.05,0.02,11.50,60.25,81.87,0.00,0.37,-0.88,5,2
1772046962.671646,4301227,0.33,-0.08,0.08,-165.19,-67.00,81.37,-3.25,0.56,-1.25,-0.12,0.13,-0.03,11.38,60.25,81.94,0.37,-0.37,0.06,5,2
1772046962.862767,4301417,0.28,-0.02,0.07,-164.62,-67.25,80.37,-6.81,-2.81,-2.00,-0.07,-0.02,0.03,11.38,60.25,81.94,-0.62,-1.06,-0.13,5,2
1772046963.053009,4301608,0.27,0.08,0.15,-164.25,-67.81,79.37,-0.88,-2.44,-0.13,-0.06,-0.01,0.06,11.44,60.38,81.94,1.19,0.75,0.19,6,2
1772046963.242545,4301798,0.20,0.08,0.18,-163.69,-68.19,79.31,0.25,-0.56,2.31,-0.11,0.04,0.01,11.50,60.31,82.06,-0.13,1.81,-0.06,5,2
1772046963.433730,4301989,0.15,0.12,0.18,-163.94,-67.87,79.87,8.31,3.62,2.06,-0.11,0.07,-0.03,11.44,60.31,82.06,-0.56,-0.13,-0.62,6,2
1772046963.625048,4302180,0.33,-0.24,0.06,-165.69,-66.87,82.37,7.50,4.44,-0.25,-0.06,0.07,0.08,11.50,60.25,82.06,-0.50,1.37,0.13,6,2
1772046963.815784,4302371,0.32,-0.07,0.11,-166.62,-66.44,83.19,0.56,0.81,-0.19,-0.12,0.00,0.04,11.50,60.19,82.12,0.19,0.75,-0.13,6,2
1772046964.006883,4302562,0.34,-0.12,0.11,-167.12,-66.12,83.62,1.81,2.69,-1.25,-0.09,0.09,-0.03,11.38,60.31,82.12,-0.31,-0.56,-0.69,6,2
1772046964.197259,4302753,0.33,-0.03,0.08,-167.37,-66.00,83.75,0.06,0.00,-0.19,-0.08,0.04,0.07,11.31,60.19,82.19,-0.37,1.25,0.37,7,2
1772046964.388044,4302943,0.36,-0.19,0.08,-167.37,-66.00,83.81,-1.69,-1.00,-0.19,-0.03,0.02,0.00,11.38,60.13,82.19,0.25,0.44,-0.13,6,2
1772046964.579198,4303134,0.22,-0.04,0.13,-166.31,-66.81,82.25,-15.00,-7.81,-3.44,-0.08,0.05,-0.08,11.31,60.25,82.19,0.00,-3.50,-1.44,7,2
1772046964.769861,4303325,0.15,0.19,0.17,-164.62,-67.94,79.75,-2.56,-2.62,0.50,-0.03,0.03,0.02,11.19,60.31,82.25,-0.75,-0.88,-0.31,7,2
1772046964.960407,4303516,0.26,-0.06,0.13,-164.19,-68.06,79.69,-0.69,0.00,-0.69,-0.04,0.02,0.04,11.25,60.38,82.25,-0.56,0.88,0.25,5,2
1772046965.150852,4303706,0.20,0.07,0.13,-163.94,-67.94,79.56,0.56,2.06,-0.19,-0.12,0.05,-0.03,11.38,60.31,82.31,-0.13,-0.75,0.00,4,2
1772046965.341469,4303897,0.28,-0.18,0.10,-165.44,-67.19,81.19,13.50,4.81,2.56,-0.05,0.09,0.00,11.25,60.31,82.31,-0.94,0.00,-0.56,4,2
1772046965.532665,4304088,0.31,-0.17,0.07,-166.50,-66.37,83.06,5.06,2.31,2.44,-0.13,0.06,-0.02,11.25,60.25,82.31,-0.31,-1.06,-0.94,4,2
1772046965.723184,4304279,0.35,-0.04,0.06,-167.06,-66.00,83.50,0.75,1.06,-0.37,-0.05,0.06,-0.04,11.25,60.25,82.31,0.13,0.06,-0.25,3,2
1772046965.914006,4304469,0.29,0.02,0.10,-167.12,-66.00,83.62,0.06,0.31,-0.50,-0.08,0.10,0.00,11.13,60.31,82.37,0.75,-0.56,-0.62,3,2
1772046966.104479,4304660,0.22,-0.04,0.10,-167.06,-66.00,83.56,-1.12,-0.94,1.00,-0.07,0.05,0.04,11.06,60.25,82.31,0.50,0.31,-0.31,3,2
1772046966.295275,4304851,0.34,-0.18,0.05,-166.50,-66.06,83.19,-4.12,-2.00,0.56,-0.07,0.04,-0.01,11.06,60.19,82.31,0.56,0.19,-0.13,5,2
1772046966.486569,4305042,0.33,0.06,0.17,-164.75,-66.69,80.62,-13.38,-4.25,-1.62,-0.05,0.00,0.10,11.00,60.19,82.31,-0.06,-0.44,-0.37,5,2
1772046966.676925,4305232,0.22,0.00,0.18,-163.19,-67.50,79.06,0.56,-4.44,1.56,-0.09,0.06,0.03,10.94,60.31,82.31,-0.37,-0.44,0.13,5,3
1772046966.867525,4305423,0.29,0.00,0.16,-162.75,-67.94,79.06,0.94,-0.37,-0.06,-0.02,0.00,0.03,11.00,60.38,82.37,-0.19,0.31,0.62,5,3
1772046967.058019,4305614,0.21,-0.08,0.17,-163.12,-67.94,79.44,1.25,0.81,0.31,-0.13,0.03,0.12,11.00,60.31,82.37,-0.37,0.25,0.00,5,2
1772046967.248958,4305804,0.28,0.07,0.09,-163.44,-67.56,79.50,1.31,1.69,-0.19,-0.01,0.05,0.05,10.88,60.50,82.50,-1.19,0.19,-1.25,5,3
1772046967.439934,4305995,0.27,-0.07,0.08,-163.94,-67.19,80.94,13.00,3.75,2.44,-0.06,0.06,-0.04,11.00,60.50,82.50,-0.69,-0.19,0.13,5,3
1772046967.630661,4306186,0.26,-0.20,0.10,-165.81,-66.81,83.50,4.25,0.44,-1.12,-0.04,0.02,0.04,11.06,60.44,82.56,-0.75,-0.44,-0.37,7,3
1772046967.820494,4306376,0.33,-0.10,0.07,-166.62,-66.56,84.06,0.31,2.37,-0.81,0.00,0.02,0.06,11.06,60.38,82.56,1.12,1.56,0.31,7,3
1772046968.011794,4306567,0.27,-0.07,0.12,-167.06,-66.31,84.19,-1.06,0.25,0.50,-0.13,0.05,0.06,11.00,60.31,82.56,0.19,0.19,0.00,7,4
1772046968.202972,4306758,0.36,-0.03,0.06,-167.00,-66.25,84.00,-0.19,0.19,0.56,-0.16,0.02,0.06,10.94,60.25,82.50,-0.37,0.06,0.00,4,3
1772046968.393637,4306949,0.30,-0.17,0.10,-167.00,-66.37,84.00,-1.19,-0.88,0.50,-0.06,0.01,0.07,11.00,60.19,82.50,0.19,0.44,-0.06,5,3
1772046968.584163,4307140,0.32,0.00,0.09,-166.44,-66.44,83.50,-1.94,-0.81,0.81,-0.10,0.08,0.04,10.94,60.31,82.56,0.37,1.62,0.56,5,3
1772046968.774192,4307330,0.28,-0.08,0.11,-165.87,-66.56,83.06,-0.81,0.69,-0.06,-0.14,0.05,0.04,10.88,60.31,82.56,0.44,-0.25,0.00,5,3
1772046968.965570,4307521,0.34,-0.09,0.12,-165.69,-66.56,82.75,-0.56,-1.06,-0.19,-0.05,0.00,0.02,10.94,60.31,82.56,-0.06,0.62,0.19,4,3
1772046969.156346,4307712,0.38,-0.30,0.09,-165.25,-66.87,82.06,-9.25,-2.62,-2.12,0.02,0.03,0.02,10.88,60.31,82.56,0.31,0.31,0.19,5,3
1772046969.347273,4307903,0.25,0.20,0.15,-163.81,-67.87,79.00,-11.44,-4.87,-2.62,-0.10,0.04,0.07,10.88,60.50,82.62,0.06,0.31,-0.13,5,3
1772046969.537978,4308093,0.25,-0.09,0.16,-162.19,-68.56,78.12,0.31,-2.31,0.44,-0.06,0.07,0.03,10.81,60.44,82.62,-0.06,0.19,-0.13,3,2
1772046969.728719,4308284,0.29,0.00,0.13,-161.56,-68.81,77.87,-0.13,-1.12,0.00,-0.11,0.01,0.03,10.81,60.50,82.62,-0.13,0.00,-0.25,5,3
1772046969.918958,4308475,0.25,0.03,0.18,-161.56,-68.81,78.31,4.31,0.94,2.19,0.00,-0.02,0.06,10.88,60.50,82.62,0.31,1.12,0.75,4,2
1772046970.109948,4308666,0.30,0.01,0.16,-162.75,-68.12,79.75,11.69,6.25,3.00,-0.11,0.03,0.03,10.88,60.44,82.62,0.81,-0.06,0.56,5,3
1772046970.300867,4308856,0.27,-0.21,0.08,-164.81,-67.12,82.19,7.06,4.75,-0.13,-0.09,0.00,0.08,10.81,60.44,82.56,0.25,1.62,1.12,5,2
1772046970.491587,4309047,0.32,-0.10,0.06,-166.25,-66.56,82.94,-1.31,0.06,-0.56,-0.04,0.00,0.02,10.88,60.31,82.56,0.37,1.50,0.88,6,3
1772046970.682113,4309238,0.34,-0.09,0.08,-165.94,-66.56,82.56,-1.44,-0.81,0.37,-0.06,0.00,0.13,10.88,60.25,82.50,0.50,0.62,0.19,6,3
1772046970.872778,4309428,0.35,-0.06,0.11,-165.31,-66.75,81.81,-4.19,-2.31,0.88,-0.11,0.06,0.06,10.81,60.25,82.50,0.37,0.06,-0.06,6,3
1772046971.063820,4309619,0.36,-0.07,0.11,-163.56,-67.19,80.37,-5.31,-3.56,1.19,-0.06,0.01,0.04,10.81,60.19,82.50,0.19,0.19,0.25,6,2
1772046971.254614,4309810,0.20,0.00,0.21,-161.87,-68.00,79.06,-4.00,-3.94,-0.31,-0.08,0.04,0.10,10.81,60.19,82.50,0.06,0.19,-0.06,6,2
1772046971.445408,4310001,0.33,-0.01,0.13,-161.00,-68.31,78.37,-3.06,-1.31,-0.62,-0.03,-0.03,0.13,10.81,60.31,82.56,-0.31,-1.12,-0.69,6,2
1772046971.635081,4310191,0.06,-0.08,0.02,-161.00,-68.50,78.12,-2.12,2.75,-0.75,-0.05,0.03,0.10,10.69,60.44,82.56,0.75,1.00,0.25,5,2
1772046971.826069,4310382,0.15,0.04,0.27,-161.94,-68.31,77.37,-6.81,0.44,-1.44,-0.07,0.02,0.03,10.75,60.44,82.56,0.00,-0.81,0.25,5,2
1772046972.017106,4310573,0.28,-0.07,0.19,-161.00,-68.44,76.69,0.13,-2.50,0.69,-0.08,0.05,0.07,10.69,60.44,82.62,0.19,0.25,0.00,4,2
1772046972.207821,4310764,0.20,-0.03,0.10,-160.56,-68.62,76.62,-0.25,2.25,-0.25,-0.10,0.04,0.00,10.63,60.44,82.62,0.37,0.00,0.25,4,3
1772046972.398724,4310954,0.30,0.00,0.16,-160.81,-68.37,76.56,0.13,-0.69,0.81,-0.13,0.05,0.06,10.63,60.44,82.62,-0.50,-0.13,0.19,3,2
1772046972.589470,4311145,0.30,-0.07,0.11,-161.19,-68.31,76.87,1.62,1.50,-0.44,-0.07,0.04,-0.02,10.63,60.44,82.69,-0.37,0.31,0.13,3,3
1772046972.779945,4311336,0.24,-0.04,0.16,-161.37,-68.25,77.06,1.00,0.13,0.06,-0.10,0.00,0.06,10.56,60.44,82.69,-0.25,0.37,0.06,3,3
1772046972.970946,4311527,0.29,-0.11,0.12,-162.37,-68.00,77.81,3.00,2.06,-0.62,-0.06,0.01,0.03,10.56,60.44,82.69,-0.37,0.88,0.06,3,3
1772046973.161921,4311717,0.32,-0.22,0.07,-162.75,-67.81,78.31,1.37,0.13,-1.00,-0.10,0.06,0.00,10.63,60.44,82.69,-0.25,-0.81,-0.44,4,3
1772046973.352702,4311908,0.20,0.01,0.11,-161.94,-68.25,77.56,-5.62,-3.62,-1.94,-0.07,0.00,0.07,10.63,60.44,82.69,0.00,-0.25,-0.31,4,3
1772046973.543401,4312099,0.28,-0.07,0.13,-161.56,-68.62,77.25,0.62,-0.69,0.19,-0.10,0.05,0.02,10.63,60.44,82.69,-0.06,0.00,-0.13,3,3
1772046973.733748,4312290,0.26,0.05,0.14,-161.62,-68.62,77.25,1.81,1.87,0.06,-0.10,0.03,0.05,10.63,60.44,82.69,-0.37,0.56,0.37,4,3
1772046973.925004,4312481,0.26,-0.12,0.11,-162.44,-68.00,78.94,12.00,2.94,2.12,-0.04,0.00,0.01,10.69,60.44,82.62,-0.75,-0.19,-0.56,4,3
1772046974.115787,4312671,0.29,-0.20,0.08,-163.37,-67.56,80.56,2.37,1.25,0.25,-0.08,0.02,-0.01,10.69,60.44,82.62,0.00,-0.37,0.06,3,2
1772046974.306489,4312862,0.35,-0.38,0.06,-163.75,-67.69,80.25,-10.06,-2.94,-3.44,-0.06,0.02,0.03,10.69,60.44,82.62,0.50,0.25,0.19,4,2
1772046974.497081,4313053,0.21,0.30,0.17,-162.62,-68.50,77.12,-8.44,-2.06,-1.81,-0.08,0.00,0.02,10.63,60.44,82.50,0.31,0.88,0.00,4,2
1772046974.687717,4313244,0.23,-0.01,0.20,-161.81,-68.69,77.06,0.62,-0.06,-0.37,-0.13,0.05,0.01,10.56,60.44,82.56,0.50,1.12,0.13,4,2
1772046974.878649,4313434,0.32,-0.19,0.10,-162.50,-68.06,78.56,10.25,5.37,2.87,-0.08,0.00,-0.05,10.38,60.50,82.75,1.12,0.56,-0.37,3,2
1772046975.069572,4313625,0.26,-0.13,0.12,-163.75,-67.62,79.44,0.37,-0.56,0.88,-0.16,0.05,0.06,10.44,60.44,82.75,-0.44,-0.25,0.25,4,2
1772046975.260695,4313816,0.32,-0.03,0.10,-163.81,-67.56,79.31,0.88,0.31,-0.25,-0.11,0.07,-0.02,10.50,60.50,82.69,-0.25,-1.00,-0.81,4,2
1772046975.450902,4314007,0.41,-0.11,0.06,-163.69,-67.56,79.19,-2.25,-1.25,0.00,-0.06,0.00,0.05,10.50,60.44,82.69,-0.13,0.44,0.06,4,2
1772046975.641794,4314197,0.25,-0.04,0.14,-162.94,-68.19,78.44,-5.50,-2.69,-1.94,-0.04,0.00,0.04,10.50,60.44,82.75,0.13,0.06,-0.06,4,2
1772046975.832697,4314388,0.24,-0.03,0.14,-162.06,-68.56,77.75,-0.37,-0.50,0.88,-0.02,0.00,0.09,10.44,60.44,82.75,-0.62,-1.81,-0.56,4,2
1772046976.023096,4314579,0.20,0.01,0.20,-162.31,-68.44,78.12,6.56,2.37,1.19,-0.11,0.03,0.02,10.50,60.44,82.75,0.44,1.31,1.00,4,2
1772046976.214082,4314770,0.32,-0.09,0.11,-163.56,-67.69,79.56,5.37,3.81,0.31,-0.05,0.00,0.07,10.56,60.50,82.69,0.19,-0.31,0.25,3,2
1772046976.404882,4314961,0.27,-0.15,0.06,-164.62,-67.44,80.44,0.69,0.69,-0.50,-0.07,0.00,0.09,10.56,60.44,82.69,0.25,-0.19,0.25,4,2
1772046976.595646,4315152,0.28,-0.17,0.10,-164.56,-67.37,80.37,0.37,-1.12,0.69,-0.13,0.03,0.08,10.50,60.44,82.69,0.06,0.56,0.37,3,1
1772046976.787070,4315342,0.40,-0.17,0.09,-164.06,-67.56,80.00,-0.88,-1.81,-0.06,-0.05,0.01,0.04,10.50,60.44,82.69,-0.31,-1.19,-0.81,4,1
1772046976.977317,4315533,0.30,-0.04,0.15,-163.31,-68.19,79.00,-4.25,-2.87,-1.19,-0.08,0.04,0.06,10.56,60.56,82.69,0.00,0.25,0.13,3,2
1772046977.168575,4315724,0.25,-0.05,0.12,-162.31,-68.69,78.19,-3.69,-2.69,-0.13,-0.05,0.04,0.03,10.56,60.63,82.69,-0.25,-0.31,0.13,3,2
1772046977.359266,4315915,0.22,0.01,0.12,-161.44,-69.19,77.31,-2.06,-2.12,0.19,-0.10,0.00,0.14,10.56,60.63,82.69,0.25,0.50,0.00,3,2
1772046977.550733,4316107,0.32,-0.02,0.13,-161.31,-69.25,77.31,0.31,-0.62,-0.13,-0.09,0.00,0.08,10.56,60.63,82.69,0.62,0.44,-0.19,3,2
1772046977.740912,4316297,0.25,-0.04,0.13,-161.19,-69.25,77.37,0.56,2.06,0.62,0.00,0.01,0.08,10.44,60.63,82.75,1.06,0.19,-0.06,2,2
1772046977.931465,4316487,0.32,0.04,0.23,-161.19,-68.94,77.25,3.00,2.25,0.81,-0.04,-0.04,0.15,10.38,60.63,82.69,-1.37,1.06,0.25,2,2
1772046978.122667,4316679,0.35,-0.09,0.10,-162.25,-68.25,78.12,3.75,5.56,1.06,-0.07,0.00,-0.02,10.44,60.63,82.75,-0.81,-0.81,0.06,2,2
1772046978.313325,4316869,0.34,-0.26,0.11,-163.62,-67.50,79.44,7.19,1.69,0.44,-0.06,0.00,0.12,10.50,60.63,82.81,0.19,0.56,0.44,2,3
1772046978.505039,4317061,0.29,-0.10,0.11,-164.37,-67.37,80.00,0.25,-0.19,-0.31,-0.08,0.03,0.05,10.44,60.63,82.75,0.19,1.00,0.13,3,3
1772046978.697021,4317253,0.31,-0.02,0.13,-164.19,-67.44,79.94,-0.31,0.13,0.25,-0.04,-0.01,0.10,10.44,60.63,82.75,0.13,0.62,0.37,2,2
1772046978.887991,4317444,0.27,-0.10,0.16,-164.25,-67.44,80.00,0.25,-0.50,-0.31,-0.10,-0.04,0.12,10.44,60.56,82.75,0.06,1.12,0.44,2,2
1772046979.081791,4317637,0.31,-0.17,0.11,-164.31,-67.37,80.00,-0.19,1.00,-0.13,-0.12,0.01,0.01,10.44,60.63,82.75,-0.50,-2.25,-1.00,2,2
1772046979.274619,4317831,0.26,-0.08,0.12,-164.31,-67.44,80.00,-0.94,0.37,0.00,-0.13,0.04,0.02,10.44,60.69,82.81,0.19,0.06,-0.06,2,2
1772046979.466221,4318022,0.32,-0.08,0.10,-164.25,-67.44,79.94,0.13,-0.31,-0.44,-0.10,0.02,0.06,10.44,60.69,82.81,-0.06,0.00,0.25,3,2
1772046979.657613,4318213,0.23,-0.08,0.17,-164.25,-67.44,79.94,-0.31,0.13,0.06,-0.05,0.01,0.14,10.44,60.69,82.81,-0.37,-0.94,-0.19,3,2
1772046979.848669,4318405,0.30,-0.15,0.17,-164.25,-67.37,79.94,0.00,-0.62,0.44,-0.11,0.00,0.11,10.44,60.81,82.81,0.13,-0.13,-0.06,3,2
1772046980.039572,4318595,0.32,-0.07,0.13,-164.25,-67.37,79.94,0.06,0.75,-0.06,-0.12,0.05,0.02,10.44,60.81,82.81,-0.31,-0.06,-0.06,4,2
1772046980.231036,4318787,0.21,-0.09,0.15,-164.25,-67.37,79.94,0.13,-0.31,0.00,-0.10,0.05,0.05,10.44,60.81,82.75,-0.19,-0.31,-0.31,3,2
1772046980.422636,4318978,0.35,-0.09,0.09,-164.19,-67.37,79.81,-1.37,-0.06,0.25,-0.08,0.00,0.06,10.50,60.81,82.75,-0.13,-0.56,-0.06,3,2
1772046980.614828,4319171,0.24,-0.02,0.17,-163.62,-67.56,79.37,-2.56,-0.94,0.31,-0.06,0.00,0.10,10.44,60.75,82.75,0.13,0.62,-0.06,3,2
1772046980.806614,4319362,0.30,-0.14,0.12,-163.37,-67.62,79.19,-1.44,-0.94,-0.37,-0.09,-0.01,0.08,10.50,60.75,82.75,-0.19,-0.50,-0.19,3,2
1772046980.996203,4319552,0.27,-0.02,0.17,-163.00,-68.00,78.25,-4.06,-1.31,-0.69,-0.09,0.00,0.09,10.50,60.75,82.75,0.13,0.06,0.00,3,2
1772046981.189348,4319745,0.33,-0.13,0.18,-162.31,-68.37,77.50,-3.56,-3.44,-0.94,-0.13,0.01,0.03,10.50,60.81,82.75,-0.13,0.75,0.37,3,2
1772046981.382624,4319938,0.27,-0.06,0.15,-161.31,-68.81,77.00,-0.13,-0.88,1.06,-0.11,0.02,0.04,10.44,60.75,82.81,-0.13,-0.94,-0.81,3,2
1772046981.574117,4320130,0.22,-0.02,0.20,-160.75,-69.00,76.75,0.44,-1.50,0.56,-0.11,0.00,0.12,10.44,60.75,82.81,0.06,0.37,0.31,5,2
1772046981.764911,4320321,0.26,-0.21,0.10,-161.31,-68.56,77.69,8.56,5.00,3.00,0.01,0.09,0.17,10.38,60.75,82.87,0.19,-0.88,0.37,5,2
1772046981.956478,4320513,0.26,-0.01,0.12,-162.56,-68.00,78.19,1.06,0.19,0.69,-0.13,0.00,0.19,10.44,60.75,82.81,0.13,-0.69,-0.13,4,2
1772046982.147471,4320704,0.32,-0.05,0.12,-163.19,-67.94,78.56,0.81,0.25,-0.37,-0.12,-0.01,0.03,10.44,60.75,82.75,0.06,0.06,0.25,4,1
1772046982.338894,4320895,0.19,-0.11,0.17,-163.50,-68.12,79.12,1.50,-1.00,0.00,-0.12,0.00,0.09,10.38,60.69,82.75,0.81,0.37,0.44,4,2
1772046982.530896,4321087,0.33,-0.12,0.08,-163.62,-68.06,79.44,0.81,-0.31,0.69,-0.20,0.00,0.06,10.38,60.63,82.75,0.88,-1.37,0.56,4,2
1772046982.722777,4321279,0.39,-0.15,0.07,-163.87,-68.19,78.87,-9.75,-0.75,-2.19,-0.08,0.04,0.02,10.44,60.63,82.69,-0.62,-0.56,0.19,4,2
1772046982.911794,4321468,0.20,-0.06,0.19,-162.50,-68.94,77.44,0.75,-3.19,0.25,-0.11,0.04,0.08,10.44,60.63,82.56,0.06,-0.25,0.06,5,2
1772046983.102429,4321658,0.23,-0.10,0.13,-162.12,-69.19,77.37,-0.44,-0.69,-0.94,-0.08,0.03,0.03,10.50,60.69,82.56,-1.00,-1.87,-0.06,5,2
1772046983.294507,4321850,0.33,-0.13,0.16,-161.94,-69.31,77.25,-0.31,-0.69,0.88,-0.01,0.10,0.03,10.50,60.69,82.62,-2.50,1.25,-0.88,5,2
1772046983.486410,4322042,0.26,0.01,0.05,-161.00,-69.44,76.81,-1.25,1.19,-1.69,-0.04,-0.05,0.06,10.63,60.63,82.56,-0.25,0.31,0.00,3,2
1772046983.678204,4322234,0.27,-0.23,0.15,-161.19,-69.62,76.94,-5.12,-3.06,0.44,-0.14,0.07,0.00,10.56,60.69,82.62,0.00,-0.56,-0.56,3,2
1772046983.867830,4322424,0.25,0.19,0.21,-160.19,-70.31,74.75,-4.19,-0.81,0.81,-0.10,0.01,-0.04,10.44,60.69,82.69,-0.44,-0.56,-0.50,3,2
1772046984.057174,4322613,0.24,-0.10,0.19,-159.50,-70.44,74.69,1.37,-0.19,-0.62,-0.08,-0.02,0.05,10.44,60.69,82.69,-0.50,1.00,0.81,3,2
1772046984.248273,4322805,0.27,0.11,0.18,-159.62,-70.12,75.25,13.38,4.19,3.69,-0.03,0.06,-0.10,10.44,60.63,82.69,0.50,0.56,0.00,3,2
1772046984.440770,4322997,0.34,-0.22,0.03,-161.06,-69.37,77.50,4.31,4.06,-1.00,-0.11,0.02,-0.05,10.56,60.56,82.75,0.44,0.06,0.94,3,2
1772046984.632032,4323188,0.28,-0.10,0.04,-162.00,-69.19,77.94,1.94,0.88,0.69,-0.01,0.04,0.06,10.56,60.56,82.75,0.81,0.31,0.37,3,2
1772046984.822097,4323378,0.28,-0.08,0.08,-162.19,-69.06,78.06,0.06,-0.75,-0.44,-0.04,0.04,0.02,10.63,60.63,82.69,0.69,0.13,0.13,3,2
1772046985.013762,4323570,0.24,-0.01,0.10,-161.94,-69.25,77.87,-1.00,0.00,0.00,-0.07,0.00,0.10,10.63,60.56,82.69,0.13,0.25,0.06,3,2
1772046985.206323,4323762,0.28,-0.15,0.08,-161.75,-69.37,77.69,-3.81,-1.69,-0.94,-0.12,0.04,0.04,10.63,60.56,82.62,-0.37,-0.13,0.56,3,1
1772046985.398326,4323954,0.28,-0.04,0.09,-161.56,-69.75,77.06,1.25,-1.87,0.62,-0.07,0.01,0.00,10.69,60.63,82.62,-0.62,-1.25,-0.50,3,1
1772046985.590468,4324147,0.20,-0.11,0.13,-161.12,-70.06,77.50,3.19,-1.69,2.44,-0.05,0.05,0.03,10.69,60.69,82.62,0.44,-0.62,-0.25,3,1
1772046985.781361,4324338,0.25,0.13,0.18,-161.62,-69.75,78.00,9.06,4.25,2.87,-0.11,0.04,0.09,10.69,60.75,82.62,-1.06,1.87,0.13,3,1
1772046985.972602,4324529,0.37,-0.33,0.05,-163.25,-69.06,80.06,1.87,2.31,-2.00,-0.08,0.02,0.02,10.75,60.69,82.69,-0.31,-0.06,-0.06,3,1
1772046986.163184,4324719,0.30,-0.09,0.07,-163.69,-69.00,80.12,-0.81,-0.06,-0.50,-0.08,0.00,0.04,10.75,60.69,82.69,0.00,0.62,0.13,3,1
1772046986.355514,4324912,0.26,0.00,0.14,-163.44,-69.00,80.00,-0.81,-1.19,0.06,-0.12,0.07,-0.03,10.69,60.75,82.69,0.00,-0.19,-0.81,3,2
1772046986.546828,4325103,0.27,-0.02,0.09,-163.19,-69.06,79.81,-0.56,0.88,0.06,-0.05,0.00,0.03,10.69,60.69,82.69,-0.31,-0.31,-0.06,3,2
1772046986.737685,4325294,0.23,-0.06,0.13,-163.19,-69.00,79.81,-0.13,-0.31,-0.19,-0.07,0.00,0.03,10.69,60.69,82.69,0.00,0.37,0.06,3,2
1772046986.928751,4325485,0.29,-0.07,0.10,-163.25,-69.00,79.81,-0.75,0.88,0.37,-0.13,0.00,0.01,10.69,60.69,82.69,-0.31,-1.75,-0.75,3,2
1772046987.119563,4325676,0.29,-0.04,0.14,-163.06,-69.00,79.69,-0.88,0.25,0.19,-0.07,0.03,0.02,10.69,60.69,82.69,-0.25,-0.44,-0.31,3,2
1772046987.311017,4325867,0.29,-0.08,0.08,-163.06,-69.00,79.69,0.13,-0.19,-0.69,-0.04,-0.01,-0.01,10.75,60.75,82.69,0.19,0.50,0.31,3,3
1772046987.502013,4326058,0.27,-0.13,0.14,-163.06,-69.06,79.69,-0.37,0.25,-0.44,-0.07,0.01,0.02,10.69,60.69,82.69,0.81,1.44,0.75,3,3
1772046987.693511,4326250,0.24,-0.08,0.13,-162.81,-69.12,79.56,-0.88,-0.44,0.56,-0.15,0.04,0.07,10.69,60.69,82.62,-0.13,-0.88,-0.19,3,3
1772046987.883036,4326440,0.32,-0.09,0.08,-162.75,-69.06,79.37,-0.44,0.81,0.06,-0.07,0.01,0.05,10.69,60.69,82.62,0.19,0.13,0.19,3,3
1772046988.072813,4326629,0.25,-0.02,0.12,-162.81,-69.25,78.50,-10.38,-1.31,-4.00,-0.12,0.01,0.01,10.75,60.75,82.62,0.19,-1.06,0.00,3,3
1772046988.263786,4326820,0.25,-0.08,0.14,-162.06,-69.56,77.44,0.88,-1.94,0.88,-0.09,0.03,0.08,10.69,60.81,82.69,-0.56,0.25,0.06,3,3
1772046988.454376,4327011,0.22,0.13,0.15,-161.69,-69.69,77.56,9.56,1.56,3.75,-0.03,0.01,0.05,10.69,60.75,82.69,-0.37,0.44,-0.25,3,2
1772046988.645071,4327201,0.29,-0.05,0.08,-162.62,-69.31,78.87,-1.25,0.50,-0.94,-0.12,0.03,0.06,10.69,60.75,82.69,-0.25,0.13,0.31,3,2
1772046988.834882,4327391,0.33,-0.05,0.05,-162.75,-69.12,78.87,-0.06,1.44,-0.25,-0.09,0.06,0.03,10.69,60.75,82.69,0.37,-0.62,-0.44,4,2
1772046989.025001,4327581,0.26,-0.05,0.14,-162.31,-69.19,78.56,-1.56,-1.31,0.88,-0.10,-0.01,0.09,10.69,60.75,82.69,0.31,0.19,0.19,4,2
1772046989.216492,4327773,0.24,-0.12,0.10,-162.06,-69.25,78.25,-2.62,-1.06,-0.25,-0.08,0.04,0.02,10.69,60.75,82.69,0.19,-0.62,-0.13,5,2
1772046989.407441,4327964,0.27,0.08,0.08,-161.62,-69.56,77.00,-4.50,-1.50,-0.31,-0.02,-0.03,0.13,10.69,60.75,82.62,0.62,1.12,0.37,5,2
1772046989.598478,4328155,0.23,-0.06,0.18,-161.06,-69.87,76.94,-0.56,-1.31,0.13,-0.10,0.01,0.08,10.63,60.75,82.62,0.62,-0.13,-0.31,5,2
1772046989.788551,4328345,0.20,-0.07,0.14,-161.06,-69.87,77.00,-1.37,1.12,-0.50,-0.10,0.02,0.04,10.69,60.69,82.56,-1.25,-0.75,0.25,6,2
1772046989.978506,4328535,0.16,-0.26,0.11,-161.75,-69.50,78.50,8.06,0.44,1.75,-0.08,0.05,0.18,10.56,60.63,82.50,-0.31,1.19,0.13,6,1
1772046990.170147,4328726,0.35,0.00,0.09,-162.75,-69.12,78.87,2.12,0.19,-0.25,-0.13,0.05,0.04,10.63,60.69,82.56,-1.69,0.06,-0.69,5,2
1772046990.361325,4328917,0.23,0.00,0.10,-163.19,-69.19,79.25,-0.19,-0.19,-1.06,-0.09,0.01,0.02,10.75,60.69,82.62,-1.31,-0.75,-0.50,5,2
1772046990.551928,4329108,0.26,-0.05,0.14,-163.19,-69.31,79.31,-1.50,-1.81,0.31,-0.12,0.02,0.04,10.81,60.69,82.62,-0.06,0.06,-0.37,4,2
1772046990.742195,4329298,0.30,0.00,0.09,-162.56,-69.44,78.87,-1.31,0.25,0.62,-0.11,0.07,-0.02,10.69,60.69,82.62,0.13,-1.31,-0.81,4,2
1772046990.932631,4329489,0.26,0.03,0.13,-162.25,-69.62,78.12,-9.44,-1.19,-3.12,-0.11,-0.02,0.04,10.69,60.69,82.62,-0.13,-0.50,0.25,4,2
1772046991.124850,4329680,0.22,-0.03,0.14,-161.75,-69.81,77.44,0.13,-0.94,0.06,-0.06,0.03,0.03,10.69,60.69,82.62,-0.31,-0.13,0.00,3,3
1772046991.314352,4329871,0.19,0.12,0.15,-161.87,-69.81,77.56,3.19,0.94,0.37,-0.10,0.01,0.02,10.75,60.69,82.62,0.44,0.69,0.62,3,3
1772046991.505327,4330062,0.29,-0.15,0.12,-162.44,-69.62,78.75,1.37,0.13,0.06,-0.07,0.02,0.03,10.75,60.63,82.62,0.31,-0.50,0.00,3,3
1772046991.695537,4330252,0.30,-0.07,0.07,-162.75,-69.50,78.94,1.75,0.31,-0.37,-0.08,0.04,0.01,10.75,60.63,82.62,0.62,0.31,0.56,3,3
1772046991.886778,4330443,0.24,-0.04,0.11,-162.75,-69.62,79.06,0.37,-0.56,0.56,-0.15,0.05,0.00,10.75,60.63,82.56,0.19,-0.81,-0.37,3,3
1772046992.077687,4330634,0.28,-0.05,0.08,-162.75,-69.62,79.06,0.88,-0.44,-0.37,-0.11,0.03,0.05,10.75,60.63,82.62,-0.13,0.25,0.06,3,3
1772046992.268488,4330825,0.30,-0.03,0.08,-162.81,-69.56,79.06,-0.31,0.19,0.37,-0.11,0.03,0.05,10.75,60.63,82.62,-0.31,-0.81,-0.37,4,3
1772046992.459222,4331015,0.28,-0.16,0.09,-162.69,-69.62,79.00,-1.37,-0.56,-0.37,-0.04,0.03,0.04,10.75,60.69,82.62,0.25,0.25,-0.06,4,3
1772046992.649502,4331206,0.31,0.06,0.15,-162.44,-69.94,77.69,-5.87,-0.69,-0.50,-0.07,0.01,0.00,10.81,60.75,82.62,0.25,-0.50,-0.31,4,3
1772046992.840456,4331397,0.24,0.00,0.15,-161.69,-70.12,77.31,-0.56,-0.37,0.44,-0.06,0.05,-0.01,10.81,60.75,82.62,-0.62,-0.25,-0.06,4,3
1772046993.031161,4331588,0.28,-0.05,0.10,-161.69,-70.12,77.31,0.75,0.19,-0.13,-0.08,0.04,0.05,10.81,60.75,82.62,0.00,0.19,0.50,4,2
1772046993.221706,4331778,0.21,-0.14,0.13,-161.69,-70.19,77.44,1.06,0.50,0.94,-0.10,0.03,0.02,10.75,60.75,82.62,0.44,0.06,0.19,3,2
1772046993.412491,4331969,0.27,-0.04,0.12,-161.62,-70.06,77.37,0.37,0.37,2.12,-0.04,0.02,0.05,10.75,60.75,82.69,-0.13,1.56,1.31,4,2
1772046993.603144,4332160,0.29,-0.21,0.06,-161.56,-69.69,77.81,8.94,3.75,1.62,-0.08,0.08,-0.03,10.81,60.75,82.62,-1.12,0.06,-0.13,3,2
1772046993.793626,4332350,0.24,-0.17,0.10,-162.69,-69.50,78.75,1.12,-1.75,0.44,-0.12,-0.01,0.09,10.88,60.75,82.69,0.25,-0.37,0.00,4,2
1772046993.984785,4332541,0.33,-0.05,0.10,-162.81,-69.56,78.81,1.50,-1.12,-0.75,0.00,0.05,0.06,10.88,60.75,82.69,0.44,1.50,0.62,4,2
1772046994.175688,4332732,0.22,0.00,0.11,-162.69,-69.75,78.81,-0.25,0.56,0.56,-0.06,0.02,0.08,10.81,60.75,82.62,-0.13,0.56,0.31,4,2
1772046994.366362,4332923,0.26,-0.08,0.09,-162.75,-69.69,78.87,-0.13,-1.00,-0.31,-0.09,0.00,0.12,10.88,60.69,82.62,0.06,0.75,0.44,3,2
1772046994.557551,4333114,0.25,-0.05,0.02,-162.81,-69.69,78.87,-0.62,0.50,-0.06,-0.15,0.09,-0.10,10.88,60.69,82.62,-0.19,-2.69,-1.19,3,2
1772046994.748169,4333304,0.23,-0.06,0.14,-162.69,-69.75,78.87,-0.31,0.19,-0.31,-0.06,0.02,0.07,10.81,60.75,82.69,-0.75,-0.56,-0.25,4,2
1772046994.939111,4333495,0.31,-0.07,0.07,-162.81,-69.56,78.81,0.37,-0.31,-0.50,-0.08,0.00,0.08,10.81,60.75,82.69,-0.13,-0.62,-0.06,4,2
1772046995.129426,4333686,0.30,-0.10,0.08,-162.81,-69.56,78.81,-0.19,1.12,0.00,-0.04,-0.01,0.15,10.88,60.81,82.69,0.37,0.88,0.13,4,2
1772046995.320152,4333877,0.25,-0.03,0.09,-162.75,-69.50,78.75,-0.31,0.50,0.19,-0.15,0.05,0.11,10.81,60.81,82.69,-0.19,0.37,0.37,4,2
1772046995.511338,4334068,0.34,-0.06,0.07,-162.81,-69.44,78.75,0.00,0.19,0.25,-0.14,0.06,0.02,10.81,60.81,82.69,-0.56,-1.44,-0.50,5,2
1772046995.701813,4334258,0.25,-0.10,0.09,-162.81,-69.44,78.75,0.00,-0.44,0.31,-0.04,0.05,0.10,10.88,60.81,82.69,-0.56,-1.69,-0.88,4,2
1772046995.892384,4334449,0.29,-0.09,0.11,-162.87,-69.44,78.75,0.00,-0.31,0.56,-0.09,0.03,0.10,10.81,60.88,82.69,0.50,1.19,0.50,4,2
1772046996.083417,4334640,0.31,-0.42,0.01,-163.12,-69.44,78.81,-4.19,2.12,-6.50,-0.13,0.03,0.01,10.75,60.88,82.69,0.56,-0.06,-0.19,5,2
1772046996.274155,4334830,0.16,0.18,0.16,-171.37,-70.31,78.87,-16.37,-1.12,-23.62,-0.13,0.07,0.11,10.88,60.75,82.56,-0.31,-0.19,0.56,5,2
1772046996.464331,4335021,0.11,-0.06,0.09,-172.75,-70.62,79.00,7.00,-2.31,9.63,-0.13,0.02,0.06,11.00,60.75,82.50,0.06,0.75,0.37,5,2
1772046996.655037,4335212,0.16,-0.04,0.16,-169.56,-70.94,78.31,-0.25,-0.62,3.06,-0.08,0.02,0.14,11.00,60.75,82.50,0.25,0.00,-0.25,4,2
1772046996.846091,4335403,0.21,-0.03,0.10,-167.94,-70.87,77.94,-0.88,-0.06,3.50,0.09,0.00,0.15,10.94,60.81,82.62,0.25,1.44,0.62,4,2
1772046997.036748,4335593,0.14,-0.06,0.14,-166.50,-70.75,77.87,8.56,1.94,1.94,-0.07,0.13,-0.06,10.63,61.00,82.69,-1.37,-4.87,-1.50,4,2
1772046997.227574,4335784,0.29,-0.20,0.15,-167.31,-70.50,79.50,3.50,-2.62,1.06,-0.07,-0.02,0.08,10.88,61.06,82.56,0.75,-0.69,0.31,4,2
1772046997.418110,4335975,0.22,-0.08,0.07,-166.56,-70.69,79.19,-5.87,-0.81,1.87,-0.08,0.00,0.07,10.75,61.00,82.50,1.06,0.81,1.06,5,2
1772046997.608643,4336165,0.28,0.10,0.13,-164.81,-70.75,77.87,-1.31,-1.62,2.19,-0.02,0.03,0.10,10.56,61.19,82.56,4.19,-3.06,1.06,6,2
1772046997.799635,4336356,0.31,0.29,0.16,-164.87,-70.81,77.56,5.00,0.56,5.50,0.01,0.07,-0.02,10.56,61.25,82.25,-1.06,-1.19,-1.56,6,2
1772046997.990537,4336547,0.20,0.02,0.21,-163.81,-70.69,78.50,4.00,-1.00,2.00,-0.12,0.05,0.03,10.44,61.19,82.31,-0.94,-0.31,0.56,5,3
1772046998.181349,4336738,0.31,-0.13,0.04,-164.50,-70.37,79.31,3.69,2.50,-1.31,-0.06,0.05,0.04,10.75,61.13,82.25,-1.06,-0.75,-0.25,5,2
1772046998.372221,4336929,0.29,-0.51,0.04,-164.87,-70.25,79.37,-12.00,-1.19,1.69,-0.09,0.01,0.05,10.88,61.19,82.31,0.13,0.13,0.88,5,2
1772046998.562850,4337119,0.10,0.19,0.21,-163.00,-70.69,76.81,3.94,-0.69,1.19,-0.13,0.06,0.04,10.81,61.13,82.31,-0.31,-1.75,-1.31,5,2
1772046998.753318,4337310,0.33,0.08,0.10,-164.00,-70.44,78.00,8.56,0.81,1.81,-0.10,-0.02,0.08,11.06,61.06,82.19,1.12,0.06,0.50,5,2
1772046998.943758,4337501,0.30,0.00,0.04,-165.31,-70.31,79.81,0.88,0.62,0.13,-0.05,0.03,0.01,11.13,61.06,82.19,0.56,1.87,1.19,5,2
1772046999.134760,4337691,0.18,-0.10,0.06,-165.00,-70.19,80.37,4.31,-0.37,1.25,-0.08,-0.04,0.07,11.25,60.88,82.12,1.06,0.88,0.88,4,2
1772046999.325782,4337882,0.26,-0.09,0.07,-165.62,-70.06,80.81,0.56,-0.37,0.37,-0.03,-0.01,0.09,11.31,60.81,82.12,0.13,1.12,0.31,3,2
1772046999.516390,4338073,0.35,-0.04,0.10,-165.50,-70.06,80.69,-0.94,0.00,0.31,0.00,-0.03,0.07,11.25,60.81,82.12,-0.19,-0.75,-0.37,2,2
1772046999.707317,4338264,0.29,-0.11,0.07,-165.19,-70.19,80.44,-2.62,-1.06,0.50,-0.09,-0.01,0.14,11.25,60.94,82.12,-0.31,0.50,0.25,2,2
1772046999.897816,4338454,0.26,0.09,0.10,-164.69,-70.31,79.62,-2.12,-0.44,-0.25,-0.15,0.00,0.02,11.25,60.94,82.19,-0.19,0.13,0.00,2,2
1772047000.088153,4338644,0.25,-0.11,0.09,-164.50,-70.44,79.56,-1.12,-0.44,0.31,0.01,0.01,0.12,11.19,61.00,82.25,-0.75,-2.31,-1.25,3,2
1772047000.279289,4338835,0.26,-0.12,0.10,-164.44,-70.56,78.56,-10.88,-0.56,-3.19,-0.04,-0.02,0.09,11.19,61.00,82.25,-0.25,-0.13,0.06,3,2
1772047000.469628,4339026,0.23,-0.06,0.12,-163.62,-70.75,77.56,2.00,-0.88,0.69,-0.09,0.04,0.04,11.19,61.06,82.31,-0.44,0.13,-0.13,3,2
1772047000.660493,4339217,0.22,0.00,0.17,-163.62,-70.81,77.62,1.06,0.13,0.19,-0.11,0.00,0.00,11.19,61.06,82.31,-0.25,0.00,0.19,3,3
1772047000.851499,4339408,0.21,0.15,0.11,-163.81,-70.69,78.19,9.75,1.31,4.94,-0.13,0.06,-0.01,11.31,61.00,82.25,0.06,-0.25,-0.25,3,3
1772047001.042264,4339599,0.24,-0.03,0.09,-164.50,-70.37,80.00,5.50,1.56,1.62,-0.13,-0.04,0.08,11.38,61.00,82.25,-0.50,0.19,0.37,3,3
1772047001.233011,4339789,0.28,-0.27,0.07,-165.06,-70.06,81.56,4.56,-0.13,0.44,-0.08,0.01,0.07,11.31,61.00,82.25,0.06,-0.06,-0.06,3,3
1772047001.423772,4339980,0.23,-0.12,0.07,-165.25,-70.12,81.69,-2.19,-0.81,0.31,-0.13,0.02,0.00,11.31,61.00,82.25,0.19,-0.06,-0.31,4,2
1772047001.614686,4340171,0.26,0.08,0.18,-164.75,-70.50,79.25,-21.19,-1.00,-5.87,-0.12,-0.03,0.02,11.31,61.00,82.19,0.31,-1.31,-0.06,4,2
1772047001.805191,4340362,0.28,-0.11,0.14,-163.81,-70.81,77.37,2.75,-0.69,1.00,-0.07,0.06,0.04,11.19,61.06,82.25,-0.56,0.62,-0.13,4,3
1772047001.995899,4340553,0.24,0.03,0.12,-163.62,-71.00,77.37,0.75,0.31,-0.25,-0.10,-0.01,0.02,11.25,61.06,82.25,0.25,0.13,-0.31,3,3
1772047002.187046,4340743,0.33,0.05,0.10,-163.81,-70.94,77.56,-0.37,-0.62,-0.81,-0.18,0.03,0.03,11.25,61.13,82.25,1.25,-0.88,-0.44,3,3
1772047002.377247,4340934,0.24,0.04,0.10,-163.87,-70.94,77.50,-1.12,0.31,0.19,-0.06,-0.01,0.12,11.13,61.13,82.25,0.37,0.62,0.19,3,3
1772047002.567930,4341125,0.24,0.00,0.12,-163.37,-70.94,77.31,0.69,-2.19,0.00,0.00,-0.03,0.15,11.00,61.13,82.31,1.94,-0.06,0.31,3,2
1772047002.758817,4341316,0.33,0.18,0.06,-162.81,-71.12,76.94,0.31,0.31,1.25,-0.07,0.07,0.03,11.13,61.13,82.37,-0.19,-1.06,-0.13,3,2
1772047002.949470,4341506,0.09,0.18,0.17,-162.44,-71.50,77.06,-3.69,-1.31,1.62,-0.11,-0.01,0.16,11.25,61.13,82.25,0.31,1.19,0.31,3,3
1772047003.140311,4341697,0.26,0.60,0.25,-162.81,-71.19,77.31,10.13,3.00,0.69,-0.10,0.00,-0.06,11.38,61.13,82.25,-0.56,0.00,0.19,3,2
1772047003.331096,4341888,0.32,-0.42,0.05,-165.44,-70.62,81.06,5.12,3.44,-2.19,-0.06,0.04,0.01,11.63,61.06,82.25,-0.13,-1.37,-0.31,2,3
1772047003.521969,4342078,0.27,-0.15,0.06,-166.50,-70.37,81.50,0.00,-0.31,0.06,-0.14,0.02,0.03,11.69,61.00,82.25,-0.19,0.25,-0.25,3,3
1772047003.712646,4342269,0.24,0.03,0.11,-165.62,-70.44,80.94,-1.62,-0.44,1.31,-0.09,0.07,0.02,11.63,60.94,82.25,-0.19,-0.06,-0.31,3,2
1772047003.903374,4342460,0.29,0.00,0.12,-164.87,-70.44,80.37,-0.88,0.88,-0.06,-0.10,0.03,-0.02,11.56,60.88,82.25,-0.44,-0.81,-0.25,3,2
1772047004.094080,4342651,0.22,-0.07,0.07,-164.87,-70.44,80.31,-0.19,-0.62,-0.25,0.00,0.03,0.03,11.63,60.94,82.19,0.44,0.25,0.13,3,2
1772047004.284814,4342841,0.31,-0.15,0.08,-164.75,-70.50,80.19,-2.25,-0.31,0.44,-0.14,0.01,0.00,11.63,60.88,82.19,0.13,-0.56,-0.25,3,2
1772047004.475474,4343032,0.29,0.23,0.15,-164.31,-70.75,78.00,-10.81,-1.44,-3.19,-0.04,0.01,0.02,11.69,60.94,82.12,0.31,0.06,-0.06,4,2
1772047004.665758,4343223,0.22,-0.02,0.13,-163.37,-71.12,77.31,0.81,-0.44,0.00,0.00,0.01,0.08,11.63,61.00,82.19,0.19,0.44,0.25,4,2
1772047004.857003,4343414,0.25,0.01,0.11,-163.31,-71.12,77.44,-0.31,-0.13,1.00,-0.08,0.02,0.09,11.63,61.06,82.19,-0.31,-0.44,0.06,4,2
1772047005.047998,4343605,0.26,-0.08,0.10,-163.31,-71.12,77.50,0.81,0.75,0.00,-0.08,0.03,0.04,11.63,61.06,82.19,-0.13,-0.62,-0.06,4,2
1772047005.238329,4343795,0.26,-0.04,0.15,-163.56,-71.00,78.25,9.50,0.25,2.44,-0.05,0.05,0.13,11.69,61.06,82.19,-0.06,1.50,0.56,4,2
1772047005.429235,4343986,0.33,-0.23,0.09,-164.62,-70.69,79.87,4.06,1.69,-1.31,-0.09,0.03,0.03,11.69,61.06,82.19,-0.50,1.00,0.19,4,2
1772047005.619743,4344177,0.31,-0.07,0.07,-164.87,-70.50,80.06,0.25,0.69,0.75,-0.09,0.00,0.05,11.63,61.00,82.19,0.44,-0.37,-0.37,4,2
1772047005.809350,4344366,0.26,0.02,0.07,-164.62,-70.44,79.94,-0.06,-0.44,1.56,-0.08,0.01,0.00,11.63,61.00,82.19,1.31,0.62,0.88,4,2
1772047006.000955,4344558,0.15,0.04,0.05,-164.44,-70.50,80.00,0.81,0.62,0.88,-0.08,0.09,0.04,11.56,60.94,82.19,-1.37,0.31,-0.25,5,2
1772047006.191794,4344749,0.14,0.04,0.01,-164.94,-70.37,80.19,0.56,0.62,-1.06,-0.07,0.05,0.04,11.75,60.88,82.12,1.19,0.81,0.31,4,3
1772047006.382733,4344940,0.26,-0.07,0.09,-165.06,-70.31,80.87,4.12,-1.00,2.87,-0.09,0.05,0.03,11.69,60.81,82.00,0.44,0.69,0.00,3,2
1772047006.573703,4345130,0.32,-0.07,0.10,-164.56,-70.37,80.94,-2.56,0.31,-0.25,-0.06,0.00,0.03,11.69,60.75,82.00,-0.31,-1.50,-0.69,3,2
1772047006.763793,4345321,0.28,0.02,0.05,-164.12,-70.37,80.50,-1.00,0.81,0.13,-0.09,0.00,0.07,11.56,60.81,82.00,-0.25,0.25,0.19,3,2
1772047006.955098,4345512,0.16,0.18,0.22,-164.56,-70.12,80.87,8.75,6.56,-0.94,-0.07,0.02,-0.04,11.63,60.81,82.00,-0.88,0.00,-0.06,3,2
1772047007.145331,4345702,0.22,-0.07,0.14,-167.81,-69.00,84.31,18.12,7.00,-2.44,-0.16,0.11,0.00,11.69,60.75,82.06,0.50,-0.25,0.25,3,2
1772047007.336281,4345893,0.41,-0.16,-0.03,-172.75,-67.25,89.00,12.88,12.06,-1.06,0.00,0.00,0.00,12.00,60.50,81.75,0.94,-1.19,-0.50,4,3
1772047007.525855,4346083,0.35,-0.16,0.05,-175.37,-66.06,91.50,0.62,0.44,0.44,-0.09,0.04,0.02,11.63,60.75,82.00,-1.25,-1.19,-1.81,3,2
1772047007.716409,4346273,0.35,-0.11,0.00,-175.06,-66.12,91.25,-0.13,-0.69,0.31,-0.08,0.03,0.02,11.13,61.00,82.31,1.12,-0.69,-1.44,3,2
1772047007.908200,4346465,0.33,0.03,0.12,-174.19,-66.44,90.69,-2.25,-3.69,2.25,-0.08,0.02,-0.05,10.75,61.19,82.50,0.44,-0.37,-0.50,2,2
1772047008.099154,4346656,0.23,-0.08,0.10,-173.62,-67.12,90.44,-0.31,-1.44,1.19,-0.05,0.06,0.03,10.75,61.19,82.56,-0.31,1.37,0.88,2,2
1772047008.290184,4346847,0.25,-0.06,0.08,-173.62,-67.56,90.44,1.44,-2.00,-1.69,-0.05,0.08,0.03,10.81,61.19,82.56,-1.00,0.00,-0.19,3,2
1772047008.479444,4347036,0.22,-0.06,0.12,-173.69,-67.94,90.62,-1.44,-1.12,-0.44,0.01,0.00,0.08,10.88,61.06,82.50,0.00,0.75,0.19,4,2
1772047008.671306,4347228,0.25,-0.05,0.14,-173.31,-68.00,90.25,-0.62,-0.13,1.44,-0.10,-0.01,0.07,10.94,61.00,82.44,0.62,1.19,0.44,4,2
1772047008.862266,4347419,0.32,-0.05,0.07,-173.06,-67.87,90.06,-2.31,0.75,1.81,-0.05,0.02,0.11,10.94,60.81,82.37,-0.06,1.12,1.19,4,2
1772047009.052825,4347610,0.27,-0.08,0.12,-172.87,-67.81,89.81,0.13,-0.25,0.25,-0.04,-0.01,0.10,11.00,60.75,82.31,0.25,1.12,0.25,4,2
1772047009.243730,4347800,0.27,-0.08,0.13,-172.62,-67.81,89.62,0.62,-0.62,0.44,-0.10,0.00,0.03,10.94,60.81,82.37,-0.06,0.25,-0.06,3,2
1772047009.434221,4347991,0.29,-0.07,0.07,-172.56,-67.81,89.56,0.75,0.69,0.25,-0.10,0.07,0.00,10.94,60.81,82.37,-0.69,-1.19,-0.75,4,2
1772047009.625066,4348182,0.28,-0.06,0.09,-172.62,-67.87,89.62,0.00,-1.19,0.06,-0.07,0.05,0.05,11.00,60.88,82.37,-0.31,0.00,0.13,4,1
1772047009.816214,4348373,0.20,-0.07,0.11,-172.56,-67.94,89.56,-0.25,1.25,-0.44,-0.05,0.03,-0.01,11.00,60.94,82.37,0.19,-0.50,-0.37,5,2
1772047010.006844,4348564,0.24,-0.01,0.12,-172.31,-67.94,89.37,-0.81,0.44,0.37,-0.12,0.01,0.02,11.00,60.88,82.37,-0.44,-0.37,-0.06,4,2
1772047010.197521,4348754,0.30,-0.08,0.07,-172.31,-67.87,89.37,-0.25,0.31,0.00,-0.08,0.03,0.00,11.00,60.88,82.37,-0.31,-0.25,0.13,4,2
1772047010.388101,4348945,0.25,-0.09,0.11,-172.12,-67.87,89.12,0.13,-0.19,0.44,-0.08,0.00,0.06,11.00,60.88,82.37,-0.31,0.13,0.06,3,1
1772047010.578804,4349136,0.26,-0.12,0.12,-172.19,-67.87,89.19,0.31,-0.31,0.62,-0.05,0.00,0.05,11.00,60.94,82.37,0.13,0.75,0.37,3,1
1772047010.769808,4349327,0.30,-0.09,0.08,-172.00,-67.81,89.06,0.25,0.25,0.37,-0.09,0.02,0.01,11.00,60.94,82.37,-0.06,-0.69,-0.25,3,1
1772047010.960363,4349517,0.24,-0.07,0.10,-171.94,-67.87,88.94,0.31,-0.13,0.81,-0.04,0.03,0.06,11.00,60.94,82.37,-0.69,0.31,0.44,3,2
1772047011.151107,4349708,0.23,-0.27,0.13,-171.75,-67.81,88.62,-2.94,3.19,-0.56,-0.01,0.01,0.00,11.00,60.94,82.37,-0.19,-1.50,0.13,4,2
1772047011.341741,4349899,0.29,0.05,0.12,-170.81,-67.31,85.81,-12.94,2.19,-1.62,-0.01,-0.02,0.10,11.19,60.81,82.19,1.31,0.25,0.13,3,2
1772047011.532385,4350089,0.37,-0.03,0.11,-169.81,-67.25,84.37,1.87,-1.00,4.25,0.00,0.01,0.07,11.06,60.69,82.06,0.06,-0.13,1.00,3,2
1772047011.723392,4350280,0.22,-0.06,0.16,-169.12,-67.56,84.31,1.31,-1.25,0.56,-0.07,0.03,0.09,11.13,60.63,81.94,-0.06,0.44,0.13,2,2
1772047011.913916,4350471,0.27,-0.15,0.15,-169.00,-67.62,84.37,0.88,0.19,-0.37,-0.13,0.00,0.06,11.13,60.69,81.94,-0.56,-0.13,0.19,2,2
1772047012.104360,4350661,0.29,0.06,0.15,-169.00,-67.50,84.31,0.06,1.31,0.75,-0.09,0.00,0.00,11.19,60.75,82.00,-0.44,0.19,-0.75,2,2
1772047012.295213,4350852,0.29,-0.12,0.14,-169.37,-67.37,84.69,-1.37,1.37,0.62,-0.07,0.00,0.04,11.06,60.81,82.00,0.06,0.37,0.25,3,2
1772047012.486194,4351043,0.31,0.00,0.10,-168.94,-67.12,84.19,-1.06,1.94,-0.13,-0.11,-0.04,0.00,11.06,60.88,82.06,1.12,-0.31,-0.06,3,2
1772047012.677100,4351234,0.30,0.14,0.12,-168.94,-66.75,83.62,-4.75,3.19,0.88,-0.01,-0.04,0.16,10.94,60.88,82.12,-0.25,-0.75,0.06,3,2
1772047012.867448,4351425,0.36,-0.23,0.08,-169.12,-66.37,83.50,0.25,1.25,-0.19,-0.05,0.02,0.03,10.94,60.88,82.12,0.75,0.31,0.25,3,1
1772047013.058392,4351615,0.29,-0.31,0.08,-168.50,-66.62,82.75,-5.50,-2.50,1.37,-0.15,0.08,0.06,10.94,60.88,82.06,0.81,-0.69,0.69,3,1
1772047013.248900,4351806,0.21,0.29,0.27,-166.06,-67.69,77.31,-34.06,-8.63,-8.19,-0.07,0.01,0.06,10.94,60.94,81.75,1.06,0.44,0.37,4,2
1772047013.439671,4351997,0.22,0.09,0.24,-161.00,-68.81,73.25,3.31,-2.56,3.75,-0.10,0.11,0.00,10.81,60.88,81.75,-0.56,-0.62,-0.50,4,2
1772047013.630465,4352188,0.14,0.27,0.24,-160.06,-68.81,74.62,27.56,2.87,6.37,-0.07,0.05,0.09,10.88,60.88,81.75,-1.00,0.19,-0.62,4,3
1772047013.821198,4352378,0.28,-0.30,0.08,-163.81,-67.87,80.56,15.06,5.56,-0.37,-0.11,0.00,0.03,11.06,60.94,81.87,-1.06,-0.56,0.00,4,2
1772047014.012038,4352569,0.23,-0.31,0.07,-167.50,-67.06,83.44,4.25,4.94,-2.87,-0.07,0.01,0.03,11.06,60.94,81.87,-0.44,-0.13,-0.37,4,2
1772047014.202384,4352759,0.35,-0.14,0.05,-169.19,-66.31,84.25,0.62,3.37,-1.00,-0.10,0.00,0.15,11.06,60.88,81.87,0.13,0.75,-0.44,4,2
1772047014.393440,4352950,0.35,-0.11,0.07,-169.62,-65.69,84.31,-0.62,3.12,0.25,-0.07,0.02,0.12,11.00,60.88,81.94,-0.37,-1.19,-0.37,4,2
1772047014.584377,4353141,0.30,-0.09,0.09,-169.69,-65.50,84.19,-1.19,0.13,-0.13,-0.09,0.01,0.15,11.00,60.94,81.94,0.75,0.75,0.56,4,2
1772047014.774718,4353332,0.32,-0.14,0.11,-170.06,-65.50,84.37,1.75,-1.44,0.00,-0.07,0.01,0.10,11.00,60.88,81.87,0.50,0.44,0.50,4,2
1772047014.965542,4353523,0.22,-0.11,0.14,-170.19,-65.69,84.56,0.50,-0.19,0.62,-0.09,0.03,0.10,11.00,60.75,81.87,0.31,-0.19,-0.25,3,2
1772047015.156350,4353713,0.36,-0.16,0.12,-170.37,-65.62,84.87,0.56,-0.44,0.62,-0.07,0.02,0.14,10.94,60.69,81.87,-0.19,0.25,-0.06,3,2
1772047015.347120,4353904,0.32,-0.12,0.06,-170.25,-65.62,84.69,-0.50,0.25,0.06,-0.11,0.00,0.08,10.88,60.63,81.87,-0.13,-0.62,0.06,3,2
1772047015.538060,4354095,0.29,-0.18,0.07,-169.81,-65.87,84.37,-2.25,-2.94,1.06,-0.14,0.04,0.07,10.88,60.69,81.87,0.06,-0.25,-0.25,3,2
1772047015.728797,4354286,0.37,-0.22,0.08,-168.56,-66.31,82.87,-9.69,-3.87,-0.75,-0.14,0.05,0.05,10.81,60.81,81.87,0.13,-0.62,-0.25,3,1
1772047015.919389,4354476,0.09,0.12,0.20,-165.25,-68.19,77.56,-37.75,-13.69,-8.94,-0.07,-0.09,0.14,10.88,60.81,81.94,0.37,-0.31,0.31,3,2
1772047016.109912,4354667,0.19,0.25,0.26,-161.50,-69.69,73.12,1.06,-6.44,4.12,-0.04,0.03,-0.03,10.81,60.94,81.94,-0.44,0.37,-0.44,3,2
1772047016.300489,4354858,0.12,-0.08,0.16,-159.12,-70.44,73.37,1.25,-0.44,2.56,-0.11,0.02,0.02,10.81,61.00,82.00,0.00,0.19,0.13,3,2
1772047016.491641,4355048,0.24,0.00,0.16,-158.94,-70.31,73.31,0.81,2.56,0.25,-0.08,0.03,-0.02,10.81,61.00,82.00,-0.81,-1.56,-0.25,3,2
1772047016.682363,4355239,0.21,-0.11,0.11,-159.44,-70.06,73.69,0.69,1.81,-1.06,-0.09,0.06,0.02,10.81,61.00,82.00,0.31,-0.88,-0.19,4,2
1772047016.872803,4355430,0.31,-0.04,0.09,-159.94,-69.94,73.75,-0.50,-0.62,-0.88,-0.05,0.01,0.09,10.88,61.00,82.00,0.50,1.56,1.06,5,2
1772047017.063529,4355621,0.20,-0.03,0.23,-160.12,-70.12,74.00,1.50,-0.94,-0.25,-0.08,0.04,0.01,10.94,61.00,81.94,0.00,-0.19,0.19,5,2
1772047017.253995,4355811,0.06,0.28,0.21,-160.87,-69.75,74.62,10.31,8.19,0.75,-0.04,-0.01,0.08,10.94,60.94,81.87,0.00,0.81,0.37,5,2
1772047017.445151,4356002,0.42,-0.29,0.12,-164.06,-67.87,79.12,25.50,8.94,5.37,-0.04,0.00,0.06,11.00,60.88,82.00,-0.56,-0.13,-0.44,5,2
1772047017.635440,4356193,0.39,-0.42,0.06,-167.19,-66.69,83.19,8.94,3.94,0.13,-0.12,0.02,0.07,11.00,60.88,82.00,-0.37,0.44,0.31,5,2
1772047017.826454,4356383,0.37,-0.24,0.00,-168.44,-66.37,83.75,-2.56,0.50,0.13,-0.08,0.01,0.02,11.06,60.94,82.00,-0.13,-0.25,-0.44,5,2
1772047018.017153,4356574,0.19,0.09,0.15,-167.62,-67.44,80.25,-30.69,-8.88,-8.75,-0.12,0.01,0.08,11.00,61.06,82.00,0.13,-1.31,-0.56,5,2
1772047018.207775,4356765,0.20,0.30,0.25,-163.25,-68.81,75.56,-2.00,-4.62,4.31,-0.10,0.10,0.01,10.94,61.06,82.06,0.50,-0.06,-0.44,5,2
1772047018.398400,4356956,0.26,0.01,0.16,-161.75,-69.19,75.31,-0.62,0.06,0.00,-0.09,0.06,0.05,10.94,61.06,82.06,-0.25,0.37,0.50,4,2
1772047018.589161,4357146,0.26,-0.07,0.12,-162.31,-68.94,75.81,4.94,2.37,-0.50,-0.09,0.08,0.03,11.06,61.06,82.06,-1.37,0.44,-0.19,3,2
1772047018.779801,4357337,0.15,0.13,0.18,-163.06,-68.69,76.56,4.44,3.00,-0.62,-0.14,0.00,0.07,11.06,61.06,82.00,-1.00,-1.31,-0.62,2,2
1772047018.969079,4357526,0.41,-0.24,0.10,-165.31,-67.25,80.12,19.19,5.06,3.25,-0.14,0.02,0.12,11.06,61.06,82.12,-0.19,1.44,0.25,3,2
1772047019.160067,4357717,0.35,-0.23,0.04,-167.62,-66.69,82.81,1.12,2.56,-1.00,-0.16,0.03,0.02,11.13,61.00,82.19,-0.19,0.25,0.62,3,2
1772047019.351764,4357909,0.28,-0.18,0.14,-168.31,-66.62,83.25,0.75,-0.75,0.25,-0.07,0.08,0.09,11.13,61.00,82.19,-0.31,-2.44,-0.88,3,2
1772047019.542292,4358100,0.30,-0.16,0.11,-168.37,-66.62,83.25,0.37,0.50,0.25,-0.08,0.05,0.02,11.00,61.06,82.12,0.62,1.00,0.88,3,2
1772047019.733339,4358290,0.32,-0.07,0.08,-168.25,-66.62,83.06,-0.13,-0.06,-0.37,-0.15,0.07,0.02,10.94,60.94,82.06,0.19,1.06,0.81,3,2
1772047019.924355,4358481,0.28,-0.09,0.10,-168.31,-66.69,83.12,-0.62,-0.94,0.56,-0.08,-0.01,0.09,11.00,60.81,82.06,0.06,-0.06,0.19,3,2
1772047020.114509,4358672,0.32,-0.18,0.10,-168.37,-66.69,83.19,1.06,-0.69,0.06,-0.10,0.01,0.01,11.00,60.81,82.06,0.13,1.00,0.37,3,2
1772047020.305595,4358863,0.24,0.02,0.09,-168.06,-66.81,82.94,-0.62,-1.06,0.31,-0.10,0.04,0.04,11.00,60.81,82.06,-0.31,-0.06,-0.25,3,2
1772047020.496385,4359053,0.48,-0.39,0.07,-167.75,-67.44,82.31,-13.06,-7.19,-3.50,-0.13,0.02,0.02,11.00,60.94,82.06,-0.13,-0.19,0.00,3,2
1772047020.687011,4359244,0.12,0.35,0.20,-165.94,-68.81,78.50,-13.13,-2.19,-2.06,-0.10,0.01,0.00,10.88,61.06,82.06,1.12,-0.50,-1.25,3,2
1772047020.875819,4359433,0.19,0.04,0.17,-163.69,-68.87,77.19,-3.81,0.06,1.44,-0.08,0.00,0.18,10.81,61.06,82.12,0.00,1.50,1.06,3,2
1772047021.067390,4359625,0.14,0.31,0.18,-163.50,-68.19,77.19,13.38,5.75,2.94,-0.07,-0.01,0.09,10.88,61.00,82.12,-0.75,0.13,0.44,2,2
1772047021.258566,4359816,0.36,-0.44,0.10,-166.31,-66.62,81.69,14.19,3.69,0.81,-0.13,0.03,0.05,10.94,61.06,82.19,-0.19,-0.37,0.31,2,2
1772047021.449707,4360007,0.27,-0.13,0.05,-168.25,-66.44,82.81,-2.37,0.94,-1.87,-0.10,-0.01,0.08,10.94,61.06,82.19,0.37,-0.25,-0.13,2,2
1772047021.640047,4360197,0.30,-0.01,0.10,-168.62,-66.31,82.56,-0.88,-1.31,0.00,-0.10,0.00,0.04,10.94,61.00,82.12,0.69,2.37,0.88,2,1
1772047021.830876,4360388,0.28,-0.09,0.07,-168.56,-66.44,82.56,-0.50,0.81,0.37,-0.15,0.05,0.04,10.94,60.88,82.12,0.69,0.25,-0.06,2,2
1772047022.021694,4360579,0.34,-0.01,0.10,-168.44,-66.37,82.37,-0.19,-1.75,0.50,-0.03,0.01,0.10,10.94,60.94,82.12,0.25,1.06,0.37,2,2
1772047022.212537,4360770,0.28,-0.09,0.10,-168.44,-66.56,82.44,0.25,0.56,-0.06,-0.08,0.00,0.07,10.94,60.94,82.12,-0.13,0.31,0.25,2,1
1772047022.403304,4360960,0.29,-0.13,0.12,-168.56,-66.56,82.50,-0.13,-0.62,0.19,-0.11,0.00,0.11,10.94,60.94,82.12,-0.06,0.31,-0.13,2,2
1772047022.594143,4361151,0.23,0.00,0.10,-167.94,-66.81,81.81,-2.62,-3.56,-0.19,-0.17,0.07,0.04,10.94,61.06,82.12,-0.13,-1.06,-0.75,2,1
1772047022.784457,4361342,0.26,0.00,0.16,-167.56,-67.00,81.37,-0.50,-0.13,0.75,0.00,0.00,0.12,10.94,61.00,82.12,-0.50,-1.44,-0.75,3,2
1772047022.975136,4361532,0.34,-0.13,0.05,-167.37,-67.00,81.12,-1.94,-0.94,0.00,-0.14,0.03,0.03,11.00,61.00,82.12,0.31,1.25,0.31,3,1
1772047023.166350,4361723,0.25,-0.14,0.13,-166.37,-67.87,78.44,-28.19,-7.19,-7.37,-0.12,-0.05,0.07,11.00,61.13,82.06,1.44,-0.81,0.19,3,2
1772047023.356899,4361914,0.27,0.29,0.24,-162.87,-69.12,73.44,-7.94,-7.25,1.94,-0.06,0.01,0.14,10.88,61.06,82.00,0.00,-0.31,-0.44,3,2
1772047023.547385,4362105,0.19,0.11,0.24,-159.94,-69.94,72.12,-3.06,-3.37,0.62,-0.11,0.01,0.08,10.88,61.06,81.94,0.06,0.06,0.31,3,2
1772047023.738350,4362296,0.22,0.00,0.20,-159.37,-70.19,71.94,0.88,-0.25,0.19,-0.06,0.04,0.09,10.88,61.06,82.00,-1.12,-0.81,-0.37,3,2
1772047023.929061,4362486,0.29,-0.07,0.12,-159.56,-70.19,72.12,0.13,-0.81,-0.06,-0.10,-0.04,0.10,11.00,61.13,82.00,0.37,0.69,0.31,3,2
1772047024.119858,4362677,0.16,0.64,0.34,-160.25,-69.87,72.94,22.19,7.44,3.94,-0.07,0.03,0.06,11.00,61.19,82.12,0.06,0.44,-0.25,3,2
1772047024.310499,4362868,0.47,-0.39,0.05,-164.06,-68.25,78.94,15.75,6.75,-0.56,-0.12,0.03,0.05,11.13,61.13,82.12,-0.81,0.19,0.94,3,2
1772047024.501392,4363059,0.25,-0.01,0.13,-166.94,-67.69,80.69,1.12,2.62,-1.75,-0.09,0.03,0.03,11.31,61.13,82.12,0.19,-0.44,-0.62,3,2
1772047024.691905,4363249,0.29,0.00,0.11,-167.25,-67.31,80.94,0.37,1.50,1.44,-0.11,0.00,0.08,11.25,61.13,82.12,0.19,0.13,-0.44,2,2
1772047024.882759,4363440,0.34,-0.04,0.02,-166.75,-67.12,80.56,-2.50,-0.06,0.31,-0.12,0.06,0.02,11.19,61.13,82.12,0.56,0.37,0.31,2,2
1772047025.074471,4363631,0.36,-0.61,0.08,-165.56,-67.37,79.37,-13.75,-2.69,0.88,-0.08,-0.03,0.09,11.25,61.06,82.06,-0.06,-1.62,0.37,2,1
1772047025.264747,4363822,0.18,0.47,0.23,-162.44,-68.50,73.12,-21.81,-4.06,-4.31,-0.02,0.00,0.11,11.19,61.06,81.94,0.88,0.88,-0.31,2,2
1772047025.455324,4364012,0.25,0.00,0.17,-159.56,-69.06,71.12,-0.44,-2.44,0.44,-0.12,0.07,0.10,11.13,61.06,81.94,0.00,-0.69,-0.19,2,2
1772047025.646025,4364203,0.25,0.02,0.14,-159.12,-69.31,71.00,0.50,-0.56,0.19,-0.23,0.05,0.04,11.13,61.19,81.94,0.13,-1.37,-0.13,3,2
1772047025.836751,4364394,0.30,0.01,0.12,-159.25,-69.44,71.37,2.19,-2.87,1.94,-0.09,0.04,0.09,11.25,61.31,81.94,-1.25,0.19,-0.31,3,2
1772047026.027788,4364585,0.26,-0.04,0.15,-158.81,-69.69,71.81,0.88,0.13,-0.13,-0.07,0.00,0.09,11.31,61.31,81.94,0.13,0.06,0.31,3,2
1772047026.218513,4364776,0.28,-0.07,0.17,-159.00,-69.75,71.75,-2.00,-0.75,-1.44,-0.14,0.02,0.11,11.31,61.31,81.94,0.06,0.19,-0.25,3,2
1772047026.408792,4364966,0.29,0.13,0.12,-159.12,-69.81,71.12,-2.25,0.81,-1.25,-0.13,0.07,0.05,11.13,61.38,82.00,0.19,-0.13,-0.88,3,2
1772047026.599474,4365157,0.22,0.24,0.20,-158.94,-69.75,71.06,1.44,1.19,0.50,-0.13,0.02,0.09,11.13,61.31,82.00,-0.94,-0.25,-0.06,4,2
1772047026.790671,4365348,0.40,-0.42,0.08,-159.62,-68.06,75.56,38.81,6.62,14.06,-0.06,0.15,0.06,10.88,61.31,82.25,-0.44,0.88,0.13,4,2
1772047026.981478,4365539,0.36,-0.25,0.10,-162.69,-67.19,79.62,-0.56,2.94,-4.62,-0.09,-0.05,0.14,11.13,61.31,82.12,0.13,-0.94,0.19,5,2
1772047027.171801,4365729,0.39,-0.21,0.05,-164.06,-66.94,79.50,-6.81,1.62,-1.44,-0.04,-0.02,0.10,11.13,61.31,82.06,0.50,1.31,0.81,5,2
1772047027.362637,4365920,0.41,-0.24,0.09,-163.00,-67.25,77.44,-10.13,-4.12,-1.12,-0.07,0.07,0.06,11.13,61.19,82.00,0.44,0.44,0.13,5,2
1772047027.553449,4366110,0.20,0.32,0.21,-160.87,-68.69,73.56,-15.38,-4.25,-4.25,-0.13,0.06,0.04,11.06,61.19,82.00,-0.13,-1.12,-0.88,4,2
1772047027.744352,4366302,0.24,-0.07,0.23,-159.25,-69.19,72.75,0.06,-2.31,0.00,-0.10,0.02,0.14,11.06,61.25,82.00,-0.37,-0.37,0.00,4,2
1772047027.935363,4366493,0.28,-0.09,0.13,-159.44,-69.25,72.87,1.81,1.31,-0.25,-0.11,0.02,0.12,11.06,61.31,82.00,-0.25,-0.25,0.00,5,2
1772047028.125666,4366683,0.23,0.12,0.18,-160.06,-69.12,73.37,5.12,3.00,-0.13,-0.13,0.08,0.03,10.88,61.44,82.19,0.94,-1.87,-0.50,5,2
1772047028.316406,4366874,0.27,-0.16,0.09,-162.00,-67.94,77.44,28.19,4.50,9.00,-0.08,0.24,-0.02,10.63,61.44,82.44,-0.37,-0.44,-2.31,5,3
1772047028.507632,4367065,0.38,0.01,0.10,-164.19,-66.62,80.94,0.25,3.62,0.25,-0.10,-0.03,0.16,10.63,61.25,82.31,-1.06,0.62,0.56,4,2
1772047028.698878,4367256,0.39,-0.17,0.05,-165.25,-66.19,82.37,9.94,0.50,2.00,-0.07,0.04,0.01,10.69,61.19,82.37,-0.06,-0.56,-0.13,4,2
1772047028.890271,4367448,0.28,-0.14,0.06,-165.75,-66.19,83.75,0.81,0.19,-0.13,-0.03,-0.04,0.12,10.69,61.13,82.37,0.25,-0.25,0.31,4,2
1772047029.082369,4367640,0.30,-0.09,0.13,-165.94,-66.12,83.87,-0.62,-0.25,0.75,-0.05,0.00,0.09,10.69,61.00,82.31,0.50,1.44,0.81,4,2
1772047029.271717,4367829,0.34,-0.11,0.06,-165.87,-66.12,83.56,-3.25,0.44,0.13,-0.10,0.01,0.00,10.69,60.88,82.31,0.37,0.00,0.37,4,2
1772047029.465059,4368022,0.30,-0.02,0.09,-165.06,-66.31,82.44,-3.12,-1.50,0.13,-0.14,0.00,0.05,10.69,60.88,82.31,-0.06,-0.44,-0.31,4,2
1772047029.658612,4368216,0.33,-0.15,0.08,-164.31,-66.50,81.37,-6.25,-1.25,-0.81,-0.15,0.01,0.06,10.63,61.00,82.31,-0.25,-0.06,-0.13,3,2
1772047029.848146,4368405,0.06,-0.05,0.08,-162.62,-67.50,78.06,-27.87,-7.44,-9.50,-0.03,-0.03,0.17,10.63,61.06,82.31,0.31,-0.37,0.31,3,1
1772047030.040096,4368597,0.31,0.22,0.22,-161.00,-68.75,73.56,-14.44,-5.19,-5.19,-0.10,0.06,0.03,10.69,61.19,82.31,-0.19,-0.75,-0.44,3,2
1772047030.232326,4368789,0.17,0.05,0.17,-159.00,-69.62,72.06,-0.25,-3.12,2.00,-0.07,0.06,-0.02,10.69,61.25,82.37,-1.44,-0.19,-0.37,3,2
1772047030.423608,4368981,0.23,-0.05,0.19,-158.06,-70.00,72.00,0.06,-0.75,-0.56,-0.07,-0.03,0.08,10.69,61.31,82.31,-0.06,-0.69,-0.37,3,2
1772047030.614516,4369172,0.21,0.32,0.21,-157.94,-69.75,72.06,7.12,2.37,2.87,-0.08,0.05,0.05,10.56,61.31,82.56,1.06,-0.37,-0.88,3,2
1772047030.805386,4369363,0.27,-0.42,0.03,-159.69,-68.56,76.12,21.25,7.62,6.25,-0.11,0.10,0.00,10.25,61.44,82.37,-1.37,1.37,1.50,3,2
1772047030.996812,4369554,0.35,-0.17,0.06,-162.12,-67.62,78.12,0.62,2.62,-1.19,-0.10,0.04,0.05,10.56,61.25,82.25,0.44,0.50,0.37,3,2
1772047031.187543,4369745,0.34,-0.06,0.07,-162.62,-67.19,78.56,5.94,3.00,-0.19,-0.09,-0.01,-0.01,10.69,61.19,82.19,-0.06,-0.88,1.00,3,2
1772047031.377898,4369935,0.29,-0.33,0.11,-163.87,-67.19,79.94,-0.56,-2.25,1.25,-0.11,0.00,0.10,10.69,61.13,82.12,1.56,1.00,0.50,3,3
1772047031.568526,4370126,0.28,0.04,0.09,-162.56,-67.06,79.06,0.81,0.94,2.50,-0.09,0.03,0.05,10.69,61.00,82.12,2.00,-0.88,1.19,3,2
1772047031.760009,4370317,0.32,-0.15,0.08,-162.75,-66.81,79.69,4.19,0.81,1.19,-0.10,-0.02,0.10,10.81,60.75,81.87,-0.44,1.00,0.75,3,3
1772047031.951623,4370509,0.35,-0.06,0.05,-163.00,-66.87,79.69,-1.81,-1.19,-0.81,-0.11,0.03,0.06,10.94,60.69,81.75,-0.06,-0.31,0.13,3,2
1772047032.141761,4370699,0.26,-0.09,0.16,-162.50,-67.25,79.06,-6.00,-3.50,-0.25,-0.17,0.05,0.07,10.94,60.75,81.81,0.56,-1.81,-0.88,3,2
1772047032.331751,4370889,0.30,0.01,0.16,-161.75,-67.50,78.06,-2.56,-1.56,0.37,-0.09,-0.01,0.02,10.81,60.88,81.87,0.06,0.44,0.00,3,2
1772047032.523379,4371081,0.28,-0.05,0.11,-161.19,-67.50,78.31,8.81,-0.19,3.87,-0.10,0.01,0.03,10.81,60.88,81.94,-0.75,-0.94,-0.81,3,2
1772047032.715100,4371272,0.24,-0.07,0.11,-161.56,-67.50,79.19,-1.37,-0.81,-0.88,-0.05,0.01,0.03,10.81,60.88,81.94,-0.13,-0.13,0.13,3,2
1772047032.906760,4371464,0.26,-0.13,0.11,-161.44,-67.56,79.00,-2.06,-0.31,-0.62,0.01,0.01,0.07,10.81,60.94,81.94,0.81,0.00,-0.62,3,1
1772047033.096013,4371653,0.25,-0.06,0.11,-161.19,-67.62,78.62,-1.75,-0.19,-0.44,-0.06,0.00,0.06,10.69,60.94,82.00,0.00,0.37,0.19,4,2
1772047033.286286,4371844,0.28,-0.05,0.13,-161.44,-67.62,78.31,-1.12,-0.44,-1.19,0.00,-0.01,0.12,10.69,61.00,82.00,0.56,1.81,0.75,4,1
1772047033.478814,4372036,0.30,-0.10,0.13,-161.69,-67.69,78.37,0.19,0.44,-0.44,-0.12,0.03,0.09,10.69,60.94,82.00,-0.25,-0.88,-0.19,4,2
1772047033.671725,4372229,0.34,-0.17,0.09,-161.75,-67.69,78.37,0.19,-1.94,-0.37,-0.17,0.05,0.08,10.69,61.00,82.06,-0.06,-0.31,-0.37,3,1
1772047033.861958,4372419,0.10,0.01,0.22,-161.00,-68.50,77.94,-5.31,-2.50,-2.25,-0.07,0.03,0.08,10.63,61.06,82.06,1.00,-0.25,0.50,3,1
1772047034.052373,4372610,0.40,-0.21,0.14,-161.56,-67.81,76.94,-6.69,7.25,-2.19,-0.08,0.00,0.05,10.69,61.06,82.00,0.37,1.12,0.50,4,1
1772047034.242919,4372800,0.34,0.10,0.09,-161.87,-67.25,74.56,-11.56,2.31,-4.31,-0.04,-0.02,0.13,10.63,60.94,81.94,0.19,-0.69,-0.56,4,1
1772047034.435460,4372993,0.30,0.08,0.19,-161.19,-67.31,73.37,0.88,-2.56,1.19,-0.13,0.04,0.07,10.50,60.88,82.00,-0.13,-0.13,-0.25,4,1
1772047034.625489,4373183,0.31,0.02,0.09,-161.37,-67.50,73.87,3.31,-0.56,-1.75,-0.03,-0.04,0.02,10.69,60.88,82.12,-2.37,-0.13,-1.06,5,1
1772047034.815793,4373373,0.09,-0.17,0.12,-165.62,-68.75,76.06,-12.50,-9.75,-17.00,-0.15,-0.04,0.21,10.31,61.00,82.31,-1.00,-1.06,0.50,6,2
1772047035.005723,4373563,0.15,-0.01,0.19,-165.19,-69.87,75.62,4.69,-2.62,2.06,-0.09,0.07,0.00,10.63,61.13,82.31,0.25,-0.37,-0.62,5,1
1772047035.195146,4373753,0.24,0.07,0.12,-164.62,-69.94,75.75,-0.62,1.81,2.37,-0.09,0.01,-0.01,10.56,61.06,82.31,-0.19,0.06,0.00,6,2
1772047035.386846,4373944,0.34,-0.13,0.10,-164.31,-69.62,75.94,1.87,-0.19,0.56,-0.03,0.03,0.06,10.56,61.06,82.31,0.13,0.88,0.06,5,2
1772047035.577756,4374135,0.05,0.09,0.29,-163.56,-70.00,75.81,2.37,1.94,1.50,-0.06,0.04,-0.08,10.50,61.13,82.37,-1.00,-2.37,-0.75,6,2
1772047035.768445,4374326,0.55,-0.16,-0.03,-163.75,-69.50,76.62,4.50,-4.69,1.94,-0.11,-0.06,0.27,10.44,60.94,82.37,0.37,1.06,0.19,6,2
1772047035.957834,4374515,0.48,-0.05,0.08,-164.12,-69.31,77.12,2.69,7.25,0.06,-0.04,0.02,-0.09,10.50,61.00,82.37,0.25,0.94,0.00,5,2
1772047036.147692,4374705,0.26,-0.41,0.04,-164.00,-69.62,76.69,-16.81,-9.56,0.25,-0.10,-0.06,0.17,10.50,60.88,82.37,-0.19,-0.94,0.19,5,2
1772047036.339489,4374897,0.27,0.38,0.31,-161.19,-70.44,72.56,-3.81,-4.19,2.25,-0.13,0.06,0.00,10.44,61.06,82.44,0.06,0.31,-0.37,4,2
1772047036.530547,4375088,0.18,0.02,0.16,-159.06,-70.62,72.00,0.88,2.87,-0.81,-0.06,0.07,0.00,10.38,61.00,82.37,0.13,0.00,0.81,4,3
1772047036.721545,4375279,0.21,0.26,0.14,-159.62,-70.12,72.12,5.44,0.37,0.25,-0.10,-0.14,0.15,10.63,60.88,82.31,0.56,2.56,1.87,4,3
1772047036.911337,4375469,0.43,-0.42,0.10,-160.44,-69.06,77.31,30.06,5.06,10.44,-0.03,-0.03,0.06,10.56,60.75,82.37,-0.75,-1.25,0.19,5,3
1772047037.101115,4375659,0.30,-0.15,0.08,-162.56,-68.44,80.31,2.31,0.19,0.06,-0.01,0.03,0.04,10.63,60.75,82.31,-0.44,-0.19,-0.25,4,3
1772047037.292942,4375851,0.27,-0.05,0.09,-162.50,-68.37,80.62,0.50,0.13,-1.06,0.00,-0.04,0.04,10.63,60.69,82.19,1.50,-0.25,0.37,4,3
1772047037.484168,4376042,0.29,-0.08,0.08,-162.75,-68.25,81.00,0.81,-0.25,3.31,-0.03,0.08,0.03,10.44,60.56,82.25,-0.06,0.75,0.06,4,3
1772047037.675076,4376233,0.29,-0.04,0.06,-162.37,-68.06,81.00,1.69,1.00,0.06,-0.08,0.03,0.08,10.50,60.56,82.19,0.13,-0.88,-0.13,4,2
1772047037.866559,4376424,0.27,0.00,0.07,-162.94,-67.81,81.37,-0.06,-0.06,0.00,-0.06,-0.02,0.01,10.56,60.63,82.19,0.88,-0.06,0.37,4,2
1772047038.056402,4376614,0.61,-1.08,0.03,-162.00,-67.94,79.75,-32.63,-1.56,-3.56,-0.09,-0.07,0.07,10.69,60.69,82.12,0.69,-0.88,1.00,4,3
1772047038.247464,4376805,0.30,0.50,0.24,-157.87,-69.31,71.69,-5.25,-3.00,1.06,-0.02,0.09,0.02,10.31,60.81,82.12,0.88,0.13,-0.75,4,3
1772047038.437842,4376996,0.25,0.06,0.14,-155.75,-69.56,71.06,-0.62,0.56,0.69,0.25,-0.11,0.29,10.63,60.44,81.69,0.31,1.12,2.69,4,3
1772047038.628832,4377186,0.39,-0.03,0.11,-156.69,-69.37,71.31,1.69,-1.31,-0.06,0.15,-0.02,-0.09,11.06,60.75,81.19,1.37,-4.81,1.25,4,3
1772047038.818989,4377376,0.00,-0.14,0.36,-156.62,-69.62,74.62,36.25,-2.50,9.13,-0.03,-0.01,-0.14,11.00,60.81,80.81,0.50,-1.94,-0.56,3,3
1772047039.008522,4377566,0.25,-0.13,0.12,-159.50,-69.00,78.56,-1.87,5.06,1.31,-0.09,0.08,0.10,10.81,60.50,81.06,-0.06,2.06,0.19,3,3
1772047039.200456,4377758,0.42,-0.16,-0.05,-159.69,-67.94,77.81,-0.37,4.50,-2.12,-0.09,0.01,-0.05,11.06,60.31,80.87,-0.13,-2.37,-0.06,4,3
1772047039.391540,4377949,0.35,0.03,0.13,-159.81,-67.94,76.62,-13.31,-4.75,-0.69,-0.01,0.05,0.09,11.06,60.44,81.12,-0.62,-1.00,-0.69,5,3
1772047039.582428,4378140,0.39,-0.22,0.14,-158.06,-68.75,73.87,-15.88,-2.19,-6.25,-0.02,-0.01,-0.09,11.38,60.63,81.06,0.06,-1.37,0.62,4,3
1772047039.771913,4378329,0.17,0.24,0.27,-158.06,-70.00,70.87,-10.38,-2.00,-5.56,-0.08,0.02,0.00,11.31,60.63,81.19,-0.44,0.94,-1.00,5,3
1772047039.961800,4378520,0.26,0.06,0.14,-157.12,-70.00,70.69,3.75,3.19,1.69,-0.07,0.06,0.00,11.19,60.56,81.25,0.00,0.44,-0.44,5,3
1772047040.153972,4378711,0.35,-0.03,0.09,-157.25,-69.62,71.19,0.13,0.19,-0.50,-0.04,-0.02,0.09,11.13,60.63,81.25,-0.37,-1.37,-0.19,4,2
1772047040.344808,4378902,0.28,-0.01,0.12,-157.31,-69.69,71.44,0.69,-0.44,0.50,0.07,-0.04,0.10,11.31,60.56,81.19,2.19,-1.75,1.25,4,3
1772047040.535564,4379093,0.17,0.42,0.26,-158.06,-69.69,72.19,15.94,1.75,2.19,-0.06,-0.07,0.00,11.69,60.75,80.69,4.06,-0.88,1.87,4,2
1772047040.725572,4379283,0.25,-0.29,0.23,-159.62,-69.44,76.50,12.25,-3.06,5.00,-0.08,0.12,0.08,11.44,60.69,80.75,-0.81,1.44,-0.56,4,2
1772047040.915740,4379473,0.34,-0.07,0.03,-159.56,-69.00,77.37,2.44,4.37,-0.13,-0.13,0.02,-0.02,11.38,60.56,80.75,0.25,-0.31,0.31,4,2
1772047041.107394,4379665,0.30,-0.09,0.08,-160.62,-68.69,77.69,-0.31,-1.62,0.44,-0.05,0.03,0.05,11.50,60.50,80.69,0.19,0.88,0.06,4,2
1772047041.298200,4379856,0.27,-0.05,0.06,-160.06,-68.87,77.12,-2.56,-1.25,0.13,-0.08,0.03,0.00,11.50,60.56,80.69,0.00,-1.25,-0.25,4,2
1772047041.489045,4380047,0.17,0.09,0.16,-159.81,-69.56,74.62,-23.94,-1.56,-8.31,0.00,-0.06,0.09,11.56,60.63,80.56,0.69,-0.25,0.00,4,2
1772047041.678860,4380237,0.25,0.06,0.20,-158.06,-69.81,71.94,0.25,-0.81,2.12,-0.07,0.03,0.10,11.44,60.69,80.62,0.37,-0.19,-0.25,4,2
1772047041.869315,4380427,0.33,0.15,0.11,-157.56,-69.75,71.50,-0.44,0.44,1.37,-0.11,0.00,0.10,11.31,60.75,80.75,1.19,0.44,-0.19,4,2
1772047042.060748,4380618,0.34,0.15,0.12,-157.69,-69.75,71.44,0.06,-1.06,0.13,-0.06,0.00,0.09,11.38,60.81,80.69,-0.06,1.31,0.62,4,3
1772047042.251473,4380809,0.27,-0.11,0.07,-158.00,-69.31,73.37,22.12,2.25,9.56,0.00,0.08,-0.03,11.44,60.75,80.69,0.13,1.50,1.06,3,2
1772047042.442576,4381000,0.18,-0.28,0.04,-159.44,-68.94,76.44,5.31,-0.50,-4.19,0.00,0.00,0.04,11.63,60.56,80.62,-0.94,0.19,-0.44,4,2
1772047042.632835,4381190,0.25,-0.81,0.00,-160.56,-68.81,77.25,-6.12,-0.13,1.50,-0.19,0.08,0.08,11.25,60.44,80.56,5.12,-2.81,-0.88,3,2
1772047042.823351,4381381,0.21,1.33,0.33,-156.31,-69.31,69.69,-23.06,-9.19,-4.94,-0.20,0.22,-0.02,11.00,60.25,80.75,2.00,-0.81,-2.69,3,3
1772047043.014219,4381572,0.05,-0.03,0.16,-155.06,-69.75,69.75,1.50,3.00,-2.19,-0.04,0.00,0.00,10.75,60.19,80.81,0.50,1.37,2.50,3,2
1772047043.205390,4381763,0.35,0.33,0.21,-156.62,-69.50,71.25,26.75,-0.94,7.00,-0.01,-0.02,0.04,11.00,60.13,80.69,-0.56,0.75,-1.00,3,3
1772047043.395869,4381954,0.32,-0.04,0.09,-158.50,-69.12,76.25,15.38,-0.56,3.62,-0.02,-0.04,0.00,11.19,60.19,80.75,0.81,0.62,1.12,3,2
1772047043.586327,4382144,0.35,-0.42,0.04,-160.50,-69.06,79.69,7.56,-0.62,-0.13,-0.04,0.05,-0.04,11.31,60.25,80.75,0.19,-2.06,-0.62,4,3
1772047043.776948,4382334,0.22,-0.05,0.07,-161.00,-69.31,79.81,-3.81,-0.31,-1.37,-0.06,0.03,-0.04,11.31,60.38,80.75,-0.06,-0.69,-0.31,4,3
1772047043.968338,4382526,0.32,-0.08,0.04,-160.62,-69.37,79.12,-4.06,-0.94,-0.37,-0.09,0.07,0.02,11.31,60.44,80.75,0.19,-0.62,-0.62,4,2
1772047044.158977,4382716,0.33,-0.21,0.10,-159.69,-69.62,77.69,-8.63,-1.31,-1.94,-0.03,0.05,0.06,11.31,60.44,80.75,0.44,-0.13,0.06,4,2
1772047044.349866,4382907,0.24,0.20,0.19,-159.25,-70.44,73.69,-26.37,-0.69,-10.88,-0.08,0.03,0.06,11.38,60.63,80.75,-0.31,-1.25,-0.13,4,2
1772047044.539656,4383097,0.25,0.09,0.16,-157.25,-70.81,70.87,2.62,-1.00,2.25,-0.05,0.08,0.03,11.38,60.63,80.75,-0.37,0.06,-0.44,4,3
1772047044.730415,4383288,0.31,-0.05,0.10,-157.31,-70.75,71.25,2.37,-0.88,0.94,-0.06,-0.05,0.05,11.38,60.75,80.87,4.56,-0.50,2.69,5,2
1772047044.921834,4383479,0.29,-0.07,0.13,-158.44,-71.06,71.75,-1.44,0.31,-1.56,0.09,-0.06,-0.03,11.44,60.94,80.25,0.13,0.19,-1.31,6,3
1772047045.112305,4383670,0.06,-0.14,0.17,-158.25,-70.62,73.44,13.19,1.00,6.56,-0.04,-0.06,0.16,11.00,60.81,80.62,-1.12,4.00,2.00,5,2
1772047045.303394,4383861,0.49,-0.11,-0.04,-159.87,-69.81,74.94,4.31,2.75,-1.12,-0.01,-0.03,0.01,11.31,60.63,80.62,-0.81,0.75,1.00,5,2
1772047045.493748,4384051,0.20,-0.17,0.18,-160.56,-70.00,76.00,3.12,-3.31,-0.50,-0.09,0.00,0.03,11.44,60.63,80.62,0.00,-0.37,-0.06,5,2
1772047045.684575,4384242,0.24,-0.03,0.13,-160.62,-70.25,76.19,-0.88,-0.31,-0.62,-0.03,0.02,-0.01,11.44,60.63,80.62,0.81,1.56,0.31,5,2
1772047045.875096,4384433,0.23,0.00,0.10,-160.12,-70.12,75.69,-1.44,1.37,0.94,-0.06,0.01,0.02,11.38,60.56,80.62,0.37,0.31,0.44,5,2
1772047046.066026,4384624,0.31,-0.08,0.08,-160.25,-69.94,75.44,0.31,-0.25,-0.50,-0.11,0.00,0.01,11.38,60.56,80.62,0.06,-0.50,-0.31,6,3
1772047046.256661,4384815,0.31,-0.02,0.08,-160.12,-69.94,75.25,-1.44,1.06,0.00,0.03,-0.03,0.12,11.38,60.56,80.62,0.25,1.56,0.56,6,3
1772047046.447445,4385005,0.28,-0.04,0.15,-160.00,-69.94,74.94,-1.75,-0.94,0.00,-0.04,-0.01,0.04,11.38,60.69,80.62,-0.13,0.19,0.13,6,3
1772047046.637763,4385195,0.30,-0.21,0.03,-160.06,-69.94,74.62,-2.75,0.81,-1.12,-0.01,0.03,-0.03,11.38,60.75,80.56,-1.37,-0.06,0.06,5,3
1772047046.829351,4385387,0.23,-0.03,0.14,-159.37,-70.12,73.44,-1.62,-0.69,-0.25,-0.11,0.02,0.05,11.38,60.69,80.62,-0.56,-0.19,-0.44,4,3
1772047047.019679,4385577,0.24,-0.09,0.13,-158.56,-70.25,72.87,0.81,-2.56,-1.00,-0.04,0.00,-0.04,11.25,60.81,80.69,0.88,-0.88,0.37,4,3
1772047047.210506,4385768,0.29,0.13,0.16,-158.44,-70.31,73.19,10.50,4.06,3.62,0.00,0.08,0.03,11.19,60.88,80.69,-0.75,-0.31,-0.56,4,3
1772047047.400498,4385959,0.12,0.00,0.02,-159.00,-69.81,74.62,5.12,3.87,2.94,-0.01,0.11,-0.14,11.44,60.69,80.75,1.75,1.12,1.00,4,3
1772047047.591458,4386149,0.28,-0.06,0.06,-159.56,-69.44,75.81,6.75,0.88,1.56,-0.01,-0.03,-0.06,11.50,60.56,80.69,-0.62,-0.44,0.56,4,3
1772047047.782742,4386340,0.21,-0.19,0.10,-160.56,-69.44,77.19,2.81,-1.56,-0.75,-0.09,-0.02,0.09,11.63,60.50,80.62,0.13,0.13,-0.19,5,3
1772047047.973723,4386531,0.36,-0.09,0.05,-160.75,-69.44,77.25,-1.69,-1.31,-0.13,-0.07,-0.03,-0.04,11.69,60.44,80.56,0.56,-0.50,-0.13,3,3
1772047048.164495,4386722,0.22,-0.15,0.07,-160.56,-69.75,77.06,-0.69,-0.94,0.75,-0.06,0.04,0.00,11.63,60.44,80.56,-0.06,-0.06,-0.62,4,2
1772047048.354678,4386912,0.33,-0.09,0.14,-160.12,-69.81,76.56,-2.62,-0.13,0.19,-0.01,0.01,-0.01,11.56,60.56,80.62,0.06,-0.19,0.13,4,3
1772047048.545683,4387103,0.25,-0.12,0.08,-159.87,-69.81,76.12,-0.13,0.56,-0.75,-0.11,0.03,-0.01,11.56,60.56,80.62,-0.31,-0.31,0.06,3,2
1772047048.736712,4387294,0.31,-0.26,0.09,-160.00,-69.81,75.75,-9.06,-0.94,-2.25,-0.08,0.05,0.00,11.56,60.56,80.62,-0.06,-0.31,-0.06,4,2
1772047048.927263,4387485,0.33,0.14,0.12,-159.37,-70.06,73.06,-10.63,-0.19,-3.50,-0.10,0.04,-0.03,11.56,60.63,80.69,-0.75,-0.56,-1.12,4,2
1772047049.118121,4387676,0.20,-0.08,0.08,-158.37,-70.31,72.31,-1.75,-0.69,-0.44,-0.01,0.00,-0.03,11.44,60.69,80.69,-0.19,-0.44,0.50,5,2
1772047049.308360,4387866,0.20,-0.05,0.14,-158.12,-70.62,72.37,0.13,-2.06,-0.13,-0.05,0.04,-0.01,11.38,60.75,80.69,1.06,0.69,0.31,5,2
1772047049.498484,4388057,0.38,0.15,0.21,-158.62,-70.37,73.56,18.00,4.62,2.50,-0.13,0.09,0.02,11.38,60.63,80.81,2.50,0.69,0.56,6,2
1772047049.689795,4388248,0.19,0.29,0.04,-161.12,-69.44,77.50,15.81,1.31,4.12,-0.15,-0.06,0.06,11.50,60.44,80.81,0.56,-0.37,0.06,5,2
1772047049.880864,4388439,0.32,-0.37,0.05,-163.31,-68.94,81.37,2.00,-0.94,-0.37,-0.03,0.04,-0.02,11.50,60.50,80.87,-0.19,-0.37,0.37,6,2
1772047050.071506,4388629,0.24,-0.10,0.03,-163.25,-69.19,81.12,-3.19,-0.06,-1.12,0.00,0.00,0.05,11.50,60.44,80.87,0.56,-0.62,-0.25,7,2
1772047050.262254,4388820,0.43,-0.63,0.03,-163.06,-69.37,80.56,-8.94,-3.50,-1.19,-0.09,0.04,0.05,11.44,60.56,80.81,0.06,-0.88,-0.06,7,2
1772047050.452938,4389011,0.22,0.46,0.20,-161.56,-70.50,75.56,-20.37,-2.12,-5.50,-0.03,0.00,-0.02,11.50,60.63,80.75,0.13,-0.88,-0.62,7,2
1772047050.643410,4389201,0.23,0.02,0.16,-159.56,-70.94,73.87,-0.44,-2.44,1.19,-0.05,0.05,0.07,11.38,60.69,80.81,0.37,0.25,0.00,6,2
1772047050.833677,4389392,0.36,-0.10,0.06,-159.00,-70.94,73.56,1.19,0.62,0.56,-0.08,0.09,-0.06,11.25,60.88,80.94,0.37,-4.00,-2.87,5,2
1772047051.025329,4389583,0.41,0.00,0.20,-158.25,-71.06,73.44,-5.94,1.94,-2.87,-0.07,0.19,-0.11,11.13,61.00,80.75,1.37,-1.31,1.87,4,2
1772047051.215386,4389774,0.24,-0.23,0.15,-159.94,-70.62,76.62,36.25,4.94,9.88,-0.08,0.11,0.08,11.13,60.75,80.69,0.94,0.31,0.13,4,2
1772047051.406526,4389964,0.44,-0.03,-0.01,-163.87,-69.50,80.50,-2.81,0.31,-2.00,-0.10,0.00,0.00,11.38,60.75,80.69,0.75,-0.44,0.50,4,2
1772047051.597394,4390155,0.25,-0.02,0.08,-163.69,-69.81,79.81,-5.94,-1.69,-0.50,-0.10,-0.03,0.00,11.38,60.75,80.69,0.25,0.25,0.44,4,2
1772047051.787880,4390346,0.24,-0.01,0.12,-162.87,-70.12,78.81,-3.25,-1.50,0.13,0.01,0.03,-0.04,11.38,60.81,80.69,1.19,1.12,0.56,4,2
1772047051.978877,4390537,0.26,0.04,0.11,-161.94,-70.25,78.06,-2.87,1.37,-0.81,-0.01,0.02,0.06,11.31,60.81,80.69,0.44,0.62,0.62,5,2
1772047052.169710,4390727,0.21,-0.04,0.18,-161.94,-70.25,77.81,-0.62,-1.12,0.00,-0.07,0.07,-0.01,11.38,60.88,80.69,0.13,-0.69,-0.25,4,3
1772047052.360156,4390918,0.32,-0.03,0.10,-161.87,-70.25,77.69,1.37,0.19,-0.19,-0.08,0.03,0.01,11.38,60.81,80.62,-0.37,-0.19,0.19,4,2
1772047052.551354,4391109,0.23,-0.09,0.12,-162.06,-70.31,77.94,-0.25,0.13,-0.31,-0.10,0.05,-0.04,11.31,60.81,80.69,-0.44,-1.94,-0.75,5,2
1772047052.741632,4391300,0.22,0.00,0.11,-161.94,-70.25,77.75,0.00,0.25,-0.31,-0.01,0.03,0.01,11.31,60.88,80.69,0.00,0.19,-0.13,5,2
1772047052.932518,4391490,0.26,-0.03,0.10,-161.94,-70.25,77.56,-1.06,0.56,-0.06,-0.11,0.00,0.06,11.31,60.88,80.69,0.19,0.13,0.13,6,3
1772047053.123353,4391681,0.26,-0.05,0.08,-162.00,-70.12,77.50,0.00,-0.19,-0.25,-0.06,0.03,-0.03,11.38,60.94,80.69,-0.13,-0.50,0.06,5,3
1772047053.313591,4391872,0.23,-0.01,0.12,-161.62,-70.25,77.31,-1.62,0.06,0.56,0.00,-0.01,0.05,11.38,60.94,80.69,0.31,0.44,0.50,6,3
1772047053.504524,4392063,0.24,-0.09,0.16,-161.31,-70.31,76.87,-2.81,-0.31,0.00,-0.07,-0.01,0.07,11.38,60.94,80.69,0.06,0.06,0.19,6,3
1772047053.695294,4392253,0.34,-0.01,0.12,-160.75,-70.31,76.06,-1.75,0.06,0.31,-0.07,0.00,0.02,11.38,60.94,80.69,0.00,-0.25,-0.06,4,3
1772047053.886425,4392444,0.20,-0.16,0.11,-160.69,-70.62,74.75,-19.62,-0.56,-6.50,-0.06,0.05,0.02,11.44,61.00,80.69,0.19,-0.44,0.25,4,3
1772047054.076927,4392635,0.34,0.21,0.16,-158.94,-70.75,71.87,-1.31,-2.25,2.00,-0.09,0.07,-0.02,11.38,61.06,80.69,0.25,0.81,-0.06,4,3
1772047054.267335,4392826,0.20,0.01,0.16,-157.75,-71.06,71.69,0.44,-0.37,1.12,-0.11,0.08,-0.02,11.31,61.00,80.69,0.69,1.37,1.06,4,3
1772047054.458344,4393016,0.30,0.25,0.18,-156.31,-70.56,71.69,12.19,-0.06,8.44,-0.08,0.01,0.04,11.38,60.94,80.62,-0.69,0.81,-0.13,4,3
1772047054.648973,4393207,0.25,-0.21,0.12,-155.50,-70.12,74.50,13.00,-1.00,4.37,-0.10,0.05,-0.02,11.38,60.81,80.62,0.13,0.50,0.44,4,3
1772047054.840137,4393398,0.28,-0.11,0.10,-156.44,-70.25,75.62,0.13,0.13,-0.44,-0.05,0.00,0.06,11.38,60.81,80.62,-0.25,-0.50,-0.19,3,2
1772047055.030755,4393589,0.30,-0.18,0.05,-156.62,-70.25,75.69,-0.88,0.31,-1.00,-0.08,0.00,0.04,11.44,60.88,80.62,0.37,-0.31,-0.06,3,2
1772047055.221451,4393779,0.20,0.08,0.20,-157.50,-70.87,73.81,-27.31,-1.19,-10.31,-0.11,0.01,0.04,11.38,61.13,80.62,0.69,-0.62,0.75,3,2
1772047055.412366,4393970,0.33,-0.28,0.05,-156.06,-70.81,72.06,7.12,1.37,5.94,-0.06,0.12,-0.04,11.31,61.19,80.62,-0.13,-0.75,-0.25,3,2
1772047055.602907,4394161,0.21,0.36,0.22,-155.37,-70.87,71.31,-0.37,-1.06,0.50,-0.12,0.01,0.05,11.38,61.13,80.69,-1.06,0.19,0.13,3,2
1772047055.793699,4394352,0.19,-0.32,0.06,-155.87,-70.31,74.69,17.37,3.50,2.31,-0.04,0.06,-0.02,11.63,61.00,80.69,0.37,-0.06,0.50,3,2
1772047055.984544,4394542,0.26,-0.15,0.07,-159.19,-70.19,77.00,0.44,0.81,-1.44,-0.15,0.04,-0.06,11.81,60.94,80.69,-0.13,-0.44,-0.88,3,2
1772047056.175239,4394733,0.32,-0.15,0.09,-159.25,-70.19,76.62,-5.12,-1.50,1.25,-0.06,0.00,0.02,11.75,60.94,80.69,-0.13,-0.06,-0.06,3,2
1772047056.365983,4394924,0.31,-0.32,0.06,-157.56,-70.62,74.37,-20.44,-2.06,-4.50,-0.11,0.08,0.00,11.69,61.00,80.75,0.00,-1.19,-0.44,3,2
1772047056.556493,4395114,0.16,0.31,0.22,-155.37,-71.25,70.50,-2.37,-2.75,0.13,-0.08,0.07,0.02,11.63,61.06,80.75,-0.25,-0.06,-0.56,3,2
1772047056.747246,4395305,0.20,0.37,0.21,-154.69,-71.12,71.37,17.44,2.00,5.06,0.00,-0.01,0.03,11.63,61.06,80.75,-0.37,-0.50,-0.81,3,2
1772047056.937717,4395496,0.29,-0.39,0.02,-156.31,-70.44,75.69,15.44,1.69,3.44,-0.01,0.00,0.04,11.56,60.94,80.87,0.50,0.31,1.37,3,2
1772047057.128905,4395687,0.22,-0.06,0.06,-158.19,-70.31,76.94,0.81,-1.25,-1.06,-0.06,0.02,0.09,11.75,60.94,80.87,0.13,-1.12,-0.13,3,2
1772047057.319641,4395878,0.29,-0.06,0.10,-158.44,-70.37,77.25,0.37,-0.06,0.31,-0.04,0.02,0.04,11.69,60.94,80.87,-0.13,-0.25,-0.25,3,2
1772047057.510305,4396068,0.22,-0.12,0.10,-158.31,-70.44,77.25,-0.44,-0.62,0.69,-0.04,0.04,0.07,11.69,60.94,80.87,0.25,1.06,0.31,3,1
1772047057.701294,4396259,0.30,-0.05,0.03,-158.19,-70.44,77.06,-0.13,0.06,-0.75,0.00,0.04,0.04,11.69,60.94,80.81,-0.88,-1.19,-0.44,2,1
1772047057.891849,4396450,0.20,-0.14,0.09,-158.56,-70.50,77.31,-0.69,-0.69,0.00,-0.13,0.05,0.02,11.81,60.94,80.81,0.00,0.50,0.06,2,2
1772047058.082650,4396641,0.31,-0.05,0.03,-158.44,-70.44,77.00,-1.50,0.44,0.00,-0.09,0.07,0.01,11.75,61.00,80.81,0.56,-0.44,-0.25,2,2
1772047058.273612,4396832,0.33,-0.24,0.06,-158.19,-70.56,76.37,-7.75,-0.19,-2.25,-0.05,0.05,0.01,11.75,61.00,80.81,-0.13,-1.00,0.00,2,2
1772047058.464338,4397022,0.24,0.22,0.14,-157.94,-70.75,74.44,-6.25,0.00,-2.37,-0.09,0.06,0.00,11.81,61.06,80.81,-0.31,-0.25,-0.13,3,2
1772047058.655337,4397214,0.20,-0.10,0.09,-157.75,-70.75,74.62,-1.81,0.25,-0.37,-0.07,0.03,0.07,11.81,61.00,80.81,0.50,1.19,0.81,3,2
1772047058.845986,4397404,0.27,-0.08,0.12,-157.62,-70.69,74.37,-1.56,-0.81,0.31,-0.10,0.07,0.03,11.81,61.06,80.81,-0.25,-0.06,0.13,4,2
1772047059.036664,4397595,0.29,-0.08,0.11,-157.37,-70.87,73.06,-15.88,-1.12,-4.87,-0.05,0.02,0.01,11.81,61.06,80.81,0.37,-0.25,0.25,4,2
1772047059.227143,4397785,0.20,0.01,0.16,-156.00,-71.31,70.94,-1.69,-2.69,0.81,-0.05,0.01,0.06,11.81,61.06,80.81,-0.06,0.13,-0.50,5,2
1772047059.418336,4397976,0.24,0.00,0.12,-155.00,-71.56,70.50,-1.37,-1.06,-0.31,-0.08,0.06,0.06,11.56,61.13,80.94,-0.25,-0.19,-0.50,5,2
1772047059.609289,4398168,0.30,0.01,0.10,-154.37,-71.56,70.44,1.06,-0.75,0.31,-0.06,0.09,0.00,11.56,61.13,80.94,0.25,1.06,0.19,6,3
1772047059.800353,4398359,0.29,0.06,0.15,-153.94,-71.75,70.75,3.69,-0.31,0.44,-0.09,0.03,0.05,11.56,61.06,80.94,-0.81,0.06,0.19,6,2
1772047059.990259,4398549,0.28,0.01,0.12,-154.62,-71.62,71.25,0.94,1.56,0.50,0.00,0.01,0.05,11.63,61.06,80.94,0.62,1.62,0.62,6,3
1772047060.181124,4398739,0.23,-0.26,0.07,-156.69,-70.75,74.87,30.31,4.00,6.19,-0.20,0.14,-0.03,11.56,60.94,80.94,-0.81,-1.37,0.00,7,3
1772047060.372016,4398930,0.33,-0.14,0.00,-159.56,-70.19,78.00,5.31,1.19,0.75,-0.09,0.01,0.09,11.75,60.88,80.94,0.06,0.37,0.69,5,4
1772047060.563986,4399122,0.30,-0.14,0.06,-160.44,-70.25,78.75,0.69,-1.94,-0.19,-0.09,0.05,0.00,11.81,60.88,80.87,0.19,-0.50,-0.06,6,4
1772047060.755453,4399314,0.23,-0.07,0.17,-159.94,-70.62,78.81,-0.81,-1.50,1.12,-0.04,0.06,0.10,11.75,60.94,80.87,0.75,0.00,0.13,5,4
1772047060.944680,4399503,0.38,-0.03,0.09,-160.06,-70.44,78.62,0.62,2.19,0.94,0.02,0.06,0.05,11.88,60.94,80.94,0.37,0.56,0.88,5,4
1772047061.134784,4399693,0.27,-0.18,0.06,-160.44,-70.37,79.06,2.19,0.75,-0.44,-0.08,0.09,-0.05,11.94,60.94,80.81,-0.50,-1.62,-1.19,4,3
1772047061.325373,4399884,0.26,-0.04,0.14,-160.31,-70.44,78.94,-1.75,-2.37,0.75,-0.18,0.09,0.00,11.88,61.00,80.87,1.37,1.37,0.81,4,3
1772047061.517468,4400075,0.36,-0.02,0.02,-159.25,-70.56,77.75,-8.94,-2.06,0.06,-0.10,0.04,0.05,11.81,61.00,80.87,0.56,-0.62,-0.19,3,3
1772047061.709619,4400268,0.21,0.28,0.17,-158.37,-71.31,73.19,-32.38,-0.13,-10.31,-0.10,0.00,0.01,11.88,61.13,80.87,0.37,-0.75,-0.44,3,4
1772047061.898919,4400457,0.22,0.04,0.17,-156.00,-71.50,70.69,1.94,-1.37,1.69,-0.12,0.19,0.02,11.63,61.19,81.00,0.00,-1.00,-1.12,3,3
1772047062.088890,4400647,0.27,0.13,0.14,-155.69,-71.50,70.94,2.44,0.69,0.00,-0.06,0.05,0.05,11.63,61.13,80.94,-0.06,0.69,0.50,2,4
1772047062.281668,4400840,0.17,0.25,0.22,-157.12,-70.81,74.25,39.19,7.12,6.19,-0.13,0.15,0.04,11.69,61.00,80.94,-0.75,1.44,0.31,4,3
1772047062.473309,4401031,0.46,-0.50,0.05,-163.19,-69.00,81.81,16.12,6.25,-1.69,-0.06,0.06,0.08,11.94,60.69,80.94,-0.94,2.62,1.12,3,2
1772047062.665475,4401224,0.25,-0.26,0.04,-167.81,-68.31,84.69,1.62,5.25,-2.06,-0.08,0.03,0.02,12.13,60.38,80.81,-0.50,0.56,-0.50,3,2
1772047062.856442,4401414,0.36,-0.07,0.11,-169.06,-67.81,84.62,-2.94,1.25,-0.37,-0.07,0.05,0.05,11.94,60.25,80.81,-0.25,0.31,-0.88,3,2
1772047063.046921,4401605,0.33,0.00,0.10,-168.62,-67.69,84.25,1.87,-0.81,1.37,-0.08,0.10,0.05,11.56,60.19,81.25,-0.37,1.00,-1.87,3,2
1772047063.237493,4401796,0.41,0.00,0.00,-168.50,-67.31,84.44,-2.31,-6.00,4.37,-0.18,0.00,0.27,10.94,60.19,81.56,-0.56,-0.88,-1.62,3,2
1772047063.428094,4401986,0.22,0.00,0.24,-166.75,-68.31,84.12,0.19,-6.87,-0.37,-0.04,0.09,-0.05,10.56,60.50,81.81,-0.19,-1.12,-1.25,4,2
1772047063.619192,4402177,0.16,0.00,0.08,-166.00,-69.25,84.31,1.56,-2.06,0.56,-0.04,0.04,0.08,10.44,60.69,82.00,-0.81,-0.19,-0.13,4,2
1772047063.809796,4402368,0.32,-0.14,0.06,-166.81,-69.37,85.06,2.06,-0.06,-1.75,-0.07,0.09,-0.07,10.50,60.75,82.00,-1.62,-1.94,-0.69,4,2
1772047063.999411,4402558,0.26,0.02,0.10,-166.44,-69.75,85.37,2.37,-2.87,1.69,-0.04,-0.06,0.10,10.56,60.69,82.12,-0.31,1.06,0.19,5,2
1772047064.191549,4402750,0.31,-0.24,0.06,-166.37,-70.12,86.50,1.62,-2.25,1.12,-0.09,0.04,0.02,10.63,60.69,82.12,-0.13,-0.06,0.37,3,2
1772047064.381439,4402940,0.23,-0.15,0.06,-166.44,-70.37,86.37,-3.06,0.56,-1.06,-0.05,0.07,0.01,10.63,60.69,82.12,0.06,0.44,0.31,3,2
1772047064.572722,4403131,0.37,0.06,0.06,-166.50,-70.06,86.06,5.44,0.75,0.37,-0.07,0.09,0.02,10.50,60.69,82.19,0.19,1.19,-0.62,3,2
1772047064.764247,4403322,0.30,-0.04,0.01,-166.81,-69.75,86.50,-0.94,3.25,-1.37,-0.03,-0.04,0.04,10.56,60.69,82.19,-0.13,0.25,0.56,3,2
1772047064.955669,4403514,0.26,-0.10,0.07,-167.75,-69.50,86.87,0.50,-0.56,0.69,-0.07,0.00,0.03,10.56,60.69,82.19,-0.19,0.81,0.50,3,2
1772047065.146767,4403705,0.33,-0.08,0.03,-167.75,-69.56,86.87,0.31,0.31,-0.06,-0.06,0.00,0.09,10.63,60.69,82.19,0.44,0.94,0.62,3,2
1772047065.336224,4403894,0.24,-0.19,0.12,-168.00,-69.62,87.06,0.81,-0.88,-0.19,-0.11,0.01,0.02,10.63,60.69,82.12,-0.13,0.69,0.50,3,2
1772047065.527525,4404086,0.31,-0.05,0.04,-167.94,-69.56,87.00,-0.06,0.37,-0.31,-0.07,-0.01,0.02,10.69,60.63,82.12,-0.19,0.44,0.44,3,1
1772047065.718916,4404277,0.26,-0.11,0.07,-168.06,-69.56,87.00,-0.56,0.06,0.00,-0.09,0.00,0.09,10.75,60.56,82.06,0.37,0.81,0.37,4,1
1772047065.911356,4404470,0.29,-0.06,0.09,-167.94,-69.50,86.75,-1.19,0.94,0.19,0.02,0.00,0.06,10.75,60.50,82.00,-0.06,1.56,0.62,4,1
1772047066.102926,4404661,0.17,-0.23,0.14,-167.81,-69.50,86.69,1.25,-0.13,-0.50,-0.08,0.04,0.04,10.75,60.50,82.06,0.00,-0.50,0.19,4,1
1772047066.294976,4404853,0.38,-0.12,0.07,-167.94,-69.19,86.31,-1.87,0.88,-0.94,-0.13,0.06,0.07,10.81,60.56,82.12,0.00,-0.50,-0.37,4,2
1772047066.487014,4405045,0.27,0.01,0.12,-167.62,-69.25,85.56,-2.62,-0.13,0.19,-0.10,0.04,0.05,10.81,60.56,82.12,0.44,0.50,-0.31,4,2
1772047066.678623,4405237,0.34,0.05,0.07,-167.37,-69.25,85.19,-0.88,-0.25,-0.19,-0.12,0.01,0.03,10.81,60.69,82.12,0.31,-0.06,-0.13,4,2
1772047066.867942,4405426,0.19,-0.06,0.10,-167.12,-69.25,84.87,-2.44,0.13,0.44,-0.08,0.00,0.12,10.81,60.63,82.12,-0.13,0.25,0.06,4,2
1772047067.058899,4405617,0.17,-0.15,0.13,-166.94,-69.19,84.50,-0.25,0.37,-0.31,-0.12,-0.02,0.08,10.63,60.69,82.12,0.69,-0.88,-0.50,4,3
1772047067.250315,4405809,0.34,-0.11,0.09,-168.06,-68.69,85.12,-0.37,1.00,0.37,-0.12,0.00,0.03,10.50,60.75,82.19,0.19,1.50,1.44,4,3
1772047067.441439,4406000,0.31,-0.10,0.02,-168.75,-68.50,85.31,1.56,2.37,-1.19,-0.07,0.00,0.13,10.63,60.69,82.06,-0.19,0.75,0.44,4,3
1772047067.632388,4406191,0.33,-0.08,0.05,-169.25,-68.06,85.56,-0.94,0.31,-0.56,-0.13,0.00,0.00,10.75,60.63,82.00,0.75,0.50,0.81,3,3
1772047067.821984,4406380,0.28,-0.27,0.04,-168.94,-68.31,85.31,-4.56,-2.62,2.94,-0.11,-0.02,0.11,10.75,60.50,81.94,0.81,0.31,0.37,2,3
1772047068.012030,4406570,0.39,-0.51,0.03,-166.37,-68.62,82.69,-19.19,-1.56,-1.62,-0.07,0.10,0.00,10.50,60.63,81.87,1.37,0.19,0.62,2,3
1772047068.203933,4406762,0.03,0.67,0.29,-164.25,-70.31,74.69,-35.50,-5.25,-11.00,-0.08,0.02,0.05,10.63,60.81,81.69,0.44,-0.44,-0.69,2,3
1772047068.394842,4406953,0.32,0.05,0.16,-159.75,-70.75,70.69,1.87,-1.31,2.12,-0.11,0.00,0.05,10.56,60.81,81.69,-0.31,0.50,0.13,4,3
1772047068.585646,4407144,0.22,-0.08,0.12,-159.75,-71.00,71.56,6.44,1.06,1.56,-0.05,0.00,0.14,10.63,60.88,81.69,-0.19,0.75,0.50,4,2
1772047068.775287,4407334,0.15,0.03,0.22,-160.06,-70.87,72.31,2.75,0.06,0.37,-0.12,0.01,0.03,10.44,61.00,81.87,-0.13,0.62,-0.06,4,2
1772047068.964809,4407523,0.33,-0.17,0.14,-159.94,-69.87,75.12,28.06,5.87,10.44,-0.02,0.05,0.01,10.38,60.88,81.81,0.94,2.44,0.88,4,2
1772047069.157284,4407715,0.24,-0.20,0.06,-162.25,-69.00,78.44,4.50,6.37,-0.50,-0.09,0.06,0.06,10.19,60.69,81.94,-0.50,-0.44,-0.37,4,2
1772047069.348056,4407907,0.41,0.18,0.00,-163.00,-68.00,78.37,-1.50,0.25,0.06,-0.11,0.02,0.04,10.31,60.75,81.94,-0.31,0.44,0.31,4,2
1772047069.539047,4408097,0.32,-0.21,0.09,-163.81,-67.75,79.00,0.13,2.62,-0.81,-0.07,0.01,0.05,10.38,60.69,81.87,0.06,-0.50,0.06,4,2
1772047069.730319,4408288,0.28,-0.11,0.13,-164.25,-67.56,79.19,0.56,-0.69,-0.88,-0.10,-0.01,0.06,10.44,60.75,81.87,0.25,-0.25,-0.06,6,2
1772047069.919857,4408478,0.29,-0.03,0.11,-164.75,-67.50,79.50,0.94,1.87,-0.06,-0.04,-0.01,0.10,10.38,60.75,81.87,1.37,1.62,0.69,6,2
1772047070.111258,4408670,0.31,-0.02,0.12,-165.12,-67.37,79.37,-5.31,0.00,-1.31,-0.11,0.00,0.05,10.38,60.69,81.81,0.19,-0.31,0.62,6,2
1772047070.302016,4408860,0.32,-0.09,0.10,-164.75,-67.44,78.75,-2.37,-0.94,-0.69,-0.13,0.00,0.06,10.44,60.69,81.75,0.06,-0.25,0.50,4,2
1772047070.493011,4409051,0.28,-0.18,0.11,-164.44,-67.75,78.50,-3.44,-1.19,-0.56,-0.14,0.00,0.08,10.44,60.69,81.75,-0.13,-1.00,-0.50,5,2
1772047070.683192,4409241,0.32,-0.18,0.12,-163.69,-68.25,76.19,-27.56,-5.75,-8.13,-0.09,-0.02,0.14,10.44,60.81,81.75,-0.19,-0.44,0.50,5,2
1772047070.873513,4409432,0.24,0.37,0.24,-161.81,-69.12,71.44,-8.31,-2.06,-2.37,-0.10,0.01,0.10,10.50,60.94,81.62,-1.00,0.25,-0.62,6,2
1772047071.064598,4409623,0.31,-0.08,0.12,-160.81,-69.25,71.75,7.37,-1.37,3.19,-0.17,0.00,0.10,10.56,60.94,81.75,-1.31,0.56,-0.31,6,2
1772047071.256456,4409814,0.15,-0.04,0.15,-160.50,-69.44,72.44,-0.44,-1.00,-0.69,-0.03,-0.08,-0.04,10.88,61.00,81.69,-0.69,-4.50,-0.94,6,3
1772047071.446268,4410005,0.19,-0.07,0.13,-161.00,-69.37,72.94,4.37,-0.13,1.62,-0.13,0.04,0.19,11.19,60.94,81.56,-0.06,3.06,3.56,7,2
1772047071.636362,4410195,0.27,0.04,0.04,-162.12,-68.62,73.94,8.63,9.94,-0.31,-0.05,0.03,0.01,12.06,60.75,80.94,0.94,-1.75,3.12,4,3
1772047071.827074,4410385,0.28,-0.27,0.11,-164.69,-67.69,76.50,8.13,1.06,-1.62,-0.04,0.00,0.03,12.50,60.94,80.12,0.37,-0.69,-0.88,5,3
1772047072.018552,4410577,0.23,-0.04,0.14,-165.31,-67.50,77.62,3.31,2.06,3.12,-0.16,0.03,0.17,12.19,60.88,80.19,0.44,1.00,-0.44,4,3
1772047072.209232,4410768,0.37,0.00,0.04,-164.69,-66.87,77.62,-0.62,2.19,-0.25,-0.07,0.03,0.08,12.13,60.81,80.31,0.06,-0.62,0.25,5,3
1772047072.399990,4410958,0.29,-0.07,0.09,-165.25,-66.87,77.87,0.88,-0.81,-1.31,-0.09,0.03,0.00,12.19,60.81,80.25,0.19,-0.81,0.19,4,3
1772047072.590771,4411149,0.24,-0.11,0.13,-165.31,-67.06,77.94,-0.94,-0.81,-0.13,-0.02,0.04,0.00,12.19,60.88,80.25,0.50,-1.12,-0.62,5,3
1772047072.780568,4411339,0.37,-0.26,0.07,-165.19,-67.25,77.37,-8.88,-0.94,-1.81,-0.13,-0.01,0.10,12.00,60.81,80.12,2.31,1.25,1.00,4,2
1772047072.971936,4411530,0.45,0.23,0.16,-164.06,-67.81,73.75,-17.81,-3.12,-3.25,-0.08,0.10,-0.08,11.88,60.88,80.19,-2.00,-1.69,-2.00,4,3
1772047073.162852,4411721,0.20,0.03,0.21,-161.56,-68.69,71.87,3.19,-3.62,0.50,-0.09,0.01,0.06,11.69,60.94,80.44,-1.25,-0.06,-1.25,4,2
1772047073.353542,4411912,0.16,-0.38,0.00,-162.31,-68.81,72.94,-3.50,6.37,0.25,0.07,0.05,0.27,11.69,61.00,80.87,-3.62,-3.50,-2.12,4,2
1772047073.544181,4412103,0.11,-0.27,0.21,-163.31,-68.44,73.75,13.63,3.81,-0.25,-0.06,-0.03,-0.09,11.69,60.88,80.19,1.25,-1.81,0.37,4,2
1772047073.733840,4412292,0.16,0.04,0.20,-164.37,-68.06,74.56,0.37,-1.31,3.25,-0.07,0.05,0.19,11.75,60.75,80.31,-0.44,2.69,-0.50,4,2
1772047073.925487,4412484,0.43,0.01,0.04,-163.25,-67.37,74.25,1.75,2.81,2.62,-0.01,-0.01,-0.08,11.69,60.44,80.37,0.13,-0.62,0.81,4,3
1772047074.116731,4412675,0.37,-0.01,0.16,-164.50,-67.25,74.81,4.50,-1.94,0.25,-0.14,0.00,0.09,12.06,60.31,80.44,-1.62,-0.75,-1.50,4,3
1772047074.307294,4412866,0.31,-0.06,0.08,-165.37,-67.12,75.75,0.62,3.00,-1.12,-0.02,-0.02,-0.11,12.13,60.25,80.50,0.13,-0.75,0.50,4,3
1772047074.497567,4413056,0.28,-0.19,0.14,-166.75,-67.25,76.50,0.81,-1.50,-2.56,-0.10,0.07,0.05,12.19,60.25,80.37,-0.37,0.81,-0.44,3,3
1772047074.687140,4413246,0.36,-0.11,0.09,-166.87,-67.31,76.81,-0.81,-1.56,1.87,0.00,0.00,0.04,12.00,60.13,80.50,-0.56,1.62,-0.44,4,3
1772047074.878953,4413438,0.23,-0.10,0.14,-166.12,-67.62,76.81,2.62,-0.44,1.56,-0.11,0.01,0.01,11.88,60.13,80.69,-1.00,0.31,0.25,3,3
1772047075.070594,4413629,0.33,-0.13,0.05,-166.06,-67.62,76.87,1.19,-0.37,0.19,-0.10,0.07,-0.01,11.88,60.19,80.81,-0.56,-0.56,-0.69,3,3
1772047075.261235,4413819,0.36,-0.08,0.02,-165.56,-67.87,76.37,-6.44,-2.87,-2.00,-0.07,0.03,-0.01,11.75,60.44,80.87,-0.25,-1.06,-0.50,3,3
1772047075.451475,4414010,0.32,0.01,0.15,-164.62,-68.75,75.25,-2.19,-4.31,0.37,-0.10,0.03,-0.01,11.75,60.56,80.94,-0.56,-1.69,-1.00,3,3
1772047075.642204,4414201,0.21,-0.05,0.18,-163.94,-69.25,75.19,0.50,-1.25,0.00,-0.09,0.03,0.00,11.69,60.63,81.00,-0.13,-0.56,-0.13,5,3
1772047075.832798,4414391,0.22,0.01,0.15,-163.69,-69.25,75.06,-0.62,0.00,1.06,-0.04,-0.03,0.11,11.69,60.63,81.06,0.62,0.19,-0.19,4,2
1772047076.023625,4414582,0.34,0.00,0.16,-163.75,-69.00,75.12,1.69,0.13,1.62,-0.07,0.04,0.00,11.56,60.81,81.19,0.75,-0.13,-0.25,5,2
1772047076.214307,4414773,0.30,-0.01,0.10,-164.19,-68.69,75.19,1.06,4.19,0.50,-0.02,0.05,-0.03,11.50,60.88,81.19,-1.19,1.62,0.75,5,2
1772047076.404623,4414963,0.23,-0.23,0.13,-164.94,-68.19,76.31,6.81,2.37,1.06,-0.07,0.04,0.05,11.63,60.69,81.12,-0.75,0.88,-0.13,5,2
1772047076.595213,4415154,0.35,-0.01,0.03,-165.56,-67.56,76.81,0.81,3.69,-1.37,-0.05,0.07,-0.06,11.63,60.69,81.06,0.13,0.50,0.13,5,2
1772047076.785960,4415344,0.23,-0.07,0.13,-166.12,-67.44,77.19,0.50,-0.94,0.13,-0.06,-0.02,0.07,11.56,60.56,81.06,1.19,2.31,1.25,5,2
1772047076.977045,4415536,0.28,-0.10,0.12,-166.19,-67.44,77.31,0.69,0.62,-0.56,-0.04,0.01,-0.01,11.56,60.44,81.00,0.75,1.06,0.62,6,1
1772047077.167993,4415726,0.26,-0.07,0.13,-166.06,-67.44,77.12,-0.69,-0.06,0.19,-0.04,-0.05,0.12,11.50,60.31,80.94,0.13,0.19,-0.25,6,2
1772047077.358635,4415917,0.31,-0.08,0.12,-166.00,-67.50,77.06,-0.81,-0.69,0.37,-0.09,0.02,0.01,11.50,60.38,80.94,0.19,-0.31,-0.13,6,2
1772047077.549071,4416107,0.37,-0.14,0.11,-165.56,-67.69,76.69,-2.56,-1.19,-0.37,-0.05,0.03,0.01,11.50,60.44,80.94,-0.06,-0.69,0.00,4,1
1772047077.739749,4416298,0.20,0.00,0.19,-164.94,-68.31,75.81,-1.31,-3.50,0.44,-0.07,-0.01,0.06,11.56,60.50,80.94,0.56,0.06,0.13,4,1
1772047077.930845,4416489,0.22,-0.11,0.19,-164.56,-68.62,75.75,-0.94,-0.19,0.44,-0.12,0.04,0.00,11.56,60.63,81.00,-0.69,0.37,-0.19,4,1
1772047078.121217,4416680,0.31,0.00,0.11,-164.37,-68.44,75.50,1.12,0.44,-0.69,-0.02,0.00,0.05,11.56,60.56,81.00,-0.81,1.62,0.31,5,2
1772047078.311748,4416870,0.28,-0.18,0.09,-165.12,-68.12,76.37,5.69,2.31,0.19,-0.06,0.03,-0.05,11.63,60.50,81.06,-0.06,0.50,-0.19,4,2
1772047078.502241,4417061,0.31,-0.09,0.11,-165.87,-67.75,77.00,1.12,3.12,0.44,-0.01,0.01,-0.04,11.63,60.56,81.12,0.37,-0.50,-0.25,4,2
1772047078.693423,4417252,0.26,-0.04,0.13,-166.06,-67.50,77.12,-0.06,0.31,0.06,-0.10,0.01,0.00,11.56,60.56,81.12,-0.25,-0.75,-0.31,4,2
1772047078.884315,4417443,0.33,-0.06,0.09,-166.12,-67.44,77.12,0.13,0.31,-0.81,-0.11,0.05,-0.01,11.56,60.63,81.12,0.31,0.13,0.50,3,3
1772047079.074943,4417634,0.26,-0.09,0.10,-166.25,-67.50,77.25,-0.13,0.06,0.31,-0.10,0.03,-0.03,11.63,60.56,81.12,0.06,-0.06,0.00,4,2
1772047079.265548,4417824,0.30,-0.06,0.16,-166.25,-67.50,77.25,-0.81,-1.06,0.94,0.00,-0.02,0.04,11.56,60.50,81.12,0.19,0.69,0.25,3,2
1772047079.456233,4418015,0.29,-0.07,0.13,-166.06,-67.50,77.19,0.13,0.31,0.19,-0.02,-0.01,0.04,11.56,60.44,81.06,0.31,1.25,1.00,3,3
1772047079.647083,4418206,0.24,-0.12,0.14,-166.12,-67.56,77.25,0.19,-0.13,0.31,-0.05,-0.02,0.06,11.63,60.44,81.06,0.13,0.00,0.19,3,3
1772047079.838233,4418397,0.36,-0.23,0.09,-165.87,-67.62,76.87,-5.37,-1.75,-2.50,-0.07,0.01,0.01,11.56,60.56,81.12,0.25,-0.06,-0.06,3,4
1772047080.028660,4418587,0.24,-0.01,0.15,-165.31,-68.06,76.06,1.00,-1.00,0.94,-0.05,0.06,0.00,11.56,60.63,81.12,0.06,-0.25,-0.37,2,3
1772047080.219453,4418778,0.27,-0.09,0.15,-165.31,-68.12,76.19,0.44,-0.50,-0.31,-0.09,0.01,0.00,11.56,60.69,81.12,-0.37,-0.37,-0.44,3,3
1772047080.409519,4418968,0.26,-0.10,0.11,-165.44,-68.12,76.19,-1.06,0.62,0.19,-0.09,0.08,-0.07,11.56,60.69,81.12,0.06,-1.62,-0.75,3,3
1772047080.600722,4419159,0.29,-0.07,0.13,-165.25,-68.12,76.12,-0.13,0.56,0.19,-0.08,0.03,0.01,11.56,60.75,81.12,-0.81,-0.31,-0.37,3,2
1772047080.791741,4419350,0.32,-0.04,0.09,-165.12,-68.19,76.06,-0.19,-1.25,0.13,-0.05,0.02,0.03,11.56,60.75,81.12,-0.06,0.25,-0.06,3,3
1772047080.982333,4419541,0.27,-0.15,0.12,-164.56,-68.62,75.81,-3.06,-2.44,0.37,-0.12,0.03,-0.01,11.56,60.75,81.12,0.69,0.06,0.13,3,2
1772047081.173071,4419731,0.20,0.32,0.24,-164.31,-69.06,73.94,-8.19,-1.12,-1.44,-0.07,0.02,-0.02,11.56,60.81,81.06,-0.75,-0.13,-0.44,3,2
1772047081.362724,4419921,0.28,-0.21,0.13,-162.87,-68.69,75.06,19.87,2.75,6.31,-0.02,0.01,0.12,11.56,60.69,81.12,-1.94,0.31,-0.62,3,2
1772047081.554211,4420113,0.30,-0.02,0.06,-164.56,-68.12,77.06,-2.06,2.87,-2.12,-0.09,-0.01,0.08,11.69,60.69,81.12,0.06,0.62,0.13,4,2
1772047081.745168,4420304,0.34,-0.10,0.09,-165.50,-67.75,77.44,-0.81,0.56,-1.37,-0.08,0.09,0.06,11.69,60.75,81.12,0.75,1.37,0.50,3,2
1772047081.935625,4420494,0.21,-0.10,0.08,-165.50,-67.87,77.31,-2.06,-0.88,-0.31,-0.07,0.05,0.05,11.63,60.69,81.06,0.25,0.00,0.25,4,2
1772047082.126416,4420685,0.30,-0.16,0.13,-165.19,-68.06,76.69,-5.87,-2.44,-2.25,-0.07,0.02,0.04,11.63,60.69,81.06,0.44,0.00,0.13,4,2
1772047082.317074,4420876,0.24,0.05,0.17,-164.56,-68.56,75.37,-3.62,-1.69,-0.44,-0.05,-0.01,0.09,11.63,60.69,81.00,0.25,0.13,-0.37,4,2
1772047082.508017,4421067,0.20,-0.06,0.15,-164.37,-68.75,75.37,0.00,0.31,-0.25,-0.09,0.04,0.07,11.63,60.75,81.06,0.25,0.00,-0.13,4,2
1772047082.698908,4421257,0.30,-0.01,0.12,-164.81,-68.50,75.56,2.25,2.62,-0.56,-0.09,0.03,0.01,11.63,60.81,81.06,-0.13,-0.13,0.00,4,2
1772047082.889281,4421448,0.24,-0.15,0.11,-165.75,-68.25,76.50,1.69,1.12,0.00,-0.05,-0.03,0.11,11.63,60.81,81.06,-0.25,0.69,0.31,4,2
1772047083.079999,4421639,0.34,-0.12,0.11,-166.12,-67.87,76.81,4.44,0.88,1.44,-0.09,0.04,0.01,11.63,60.88,81.12,-0.19,0.00,-0.19,4,2
1772047083.270684,4421829,0.32,-0.06,0.11,-165.62,-67.62,77.44,4.44,2.44,3.31,-0.14,0.06,0.01,11.63,60.81,81.12,-0.81,-1.75,-1.19,5,2
1772047083.461649,4422020,0.31,0.00,0.08,-165.62,-67.37,77.75,-0.69,-0.25,-0.37,-0.09,0.02,0.13,11.63,60.88,81.12,0.37,-0.19,-0.13,4,2
1772047083.652631,4422211,0.32,-0.12,0.12,-165.81,-67.37,77.94,-0.50,0.06,-0.25,0.00,-0.01,0.04,11.63,60.88,81.12,-0.06,-1.44,-0.75,4,2
1772047083.843190,4422402,0.30,-0.09,0.09,-165.87,-67.37,78.06,-1.00,1.06,0.88,-0.09,0.02,0.04,11.56,60.81,81.12,-0.06,0.25,-0.06,4,2
1772047084.033790,4422592,0.36,-0.24,0.03,-165.81,-67.37,78.00,-1.87,-2.25,-0.44,-0.12,0.00,0.12,11.56,60.81,81.12,-0.19,-0.13,0.00,4,2
1772047084.224322,4422783,0.18,0.04,0.11,-165.44,-68.06,76.75,-7.25,-2.50,-1.69,-0.09,0.04,0.06,11.63,60.88,81.12,-0.19,-0.75,-0.13,3,2
1772047084.415230,4422974,0.21,-0.10,0.18,-164.94,-68.31,76.44,1.62,-0.94,-0.06,-0.10,0.03,0.11,11.56,60.94,81.19,-0.19,0.81,0.50,3,2
1772047084.606119,4423165,0.31,-0.18,0.10,-165.56,-68.06,77.12,4.62,2.50,-0.31,-0.08,0.05,0.03,11.69,60.94,81.19,-0.94,0.06,-0.37,3,2
1772047084.796465,4423355,0.28,-0.07,0.10,-166.12,-67.75,77.56,0.56,1.94,0.00,-0.10,0.04,0.02,11.69,60.94,81.19,-0.25,0.19,0.00,3,2
1772047084.987008,4423546,0.35,-0.04,0.05,-166.37,-67.44,77.62,-0.50,1.62,0.25,-0.03,0.03,0.02,11.69,60.94,81.19,0.56,0.31,0.25,3,2
1772047085.177971,4423737,0.32,-0.10,0.13,-166.31,-67.37,77.56,-0.25,0.69,-0.19,-0.07,0.03,0.05,11.63,60.94,81.19,-0.13,-0.13,0.06,3,2
1772047085.369014,4423928,0.31,-0.06,0.11,-166.37,-67.25,77.50,0.13,-1.06,-0.50,-0.12,0.04,0.07,11.69,60.94,81.19,-0.13,-0.37,-0.31,3,3
1772047085.559542,4424118,0.27,-0.08,0.10,-166.37,-67.37,77.62,-0.37,0.25,-0.06,-0.12,0.04,0.05,11.69,60.94,81.19,0.50,0.00,0.25,2,3
1772047085.750509,4424309,0.24,-0.06,0.14,-166.25,-67.37,77.62,-0.75,-0.37,1.00,-0.15,0.05,0.02,11.69,60.94,81.12,-0.06,-1.00,-0.44,2,3
1772047085.940793,4424500,0.31,-0.09,0.10,-166.25,-67.31,77.56,-0.37,0.44,0.25,-0.09,0.02,0.07,11.69,60.88,81.12,-0.13,0.56,0.50,2,3
1772047086.131656,4424690,0.27,-0.14,0.13,-166.19,-67.37,77.56,-0.31,-0.56,0.75,-0.15,0.03,0.06,11.69,60.88,81.12,0.19,-0.69,-0.31,2,2
1772047086.321620,4424880,0.29,-0.02,0.10,-166.06,-67.44,77.37,0.50,-0.94,-0.31,0.00,0.04,0.16,11.69,60.94,81.12,-0.25,-1.50,-0.56,2,2
1772047086.513097,4425072,0.33,-0.05,0.09,-165.94,-67.50,77.31,-0.69,0.62,0.75,-0.11,0.05,0.07,11.69,61.00,81.19,-0.31,-0.56,-0.31,3,3
1772047086.703997,4425262,0.26,-0.08,0.10,-165.56,-67.75,76.81,-5.19,-2.94,-2.25,-0.09,0.02,0.09,11.69,61.06,81.19,0.00,-0.13,-0.13,3,2
1772047086.894551,4425453,0.29,-0.12,0.14,-165.00,-68.12,76.44,-0.69,-0.62,0.50,-0.08,0.04,0.01,11.69,61.13,81.19,0.00,-1.44,-0.31,4,2
1772047087.085069,4425644,0.25,-0.08,0.11,-164.69,-68.19,76.25,0.19,0.69,0.06,-0.04,0.07,0.04,11.75,61.13,81.19,-0.56,-0.56,-0.31,4,2
1772047087.276018,4425835,0.29,-0.12,0.10,-164.81,-68.12,76.31,0.44,-0.19,-0.19,-0.09,0.05,0.04,11.75,61.13,81.19,-0.13,0.06,0.00,4,2
1772047087.466809,4426026,0.19,-0.10,0.14,-164.81,-68.12,76.31,-0.50,0.13,0.31,-0.12,0.10,0.10,11.75,61.13,81.19,-0.25,-0.56,-0.44,4,2
1772047087.657173,4426216,0.28,-0.09,0.11,-164.94,-68.00,76.37,-0.06,0.06,0.19,-0.10,0.04,0.12,11.69,61.13,81.25,-0.06,0.31,0.25,4,2
1772047087.848095,4426407,0.31,-0.11,0.09,-165.00,-67.87,76.31,1.00,0.13,-0.06,-0.11,0.06,0.04,11.75,61.19,81.25,-0.06,-0.44,-0.06,4,2
1772047088.038540,4426598,0.28,-0.02,0.10,-164.81,-68.06,76.19,0.44,-1.37,0.37,-0.11,0.05,0.09,11.75,61.19,81.19,0.37,0.19,0.00,4,2
1772047088.229389,4426788,0.29,0.01,0.09,-164.75,-68.12,76.25,0.44,-0.37,-0.06,-0.10,0.12,0.07,11.75,61.25,81.19,0.31,0.25,0.13,4,2
1772047088.420148,4426979,0.20,-0.09,0.09,-164.81,-68.25,76.37,-0.62,0.19,-0.19,-0.09,0.00,0.11,11.75,61.13,81.19,0.69,1.31,0.56,3,2
1772047088.610811,4427170,0.27,-0.04,0.10,-164.81,-68.25,76.44,0.50,-1.12,-0.25,-0.13,0.04,0.07,11.81,61.06,81.12,0.31,0.00,0.37,4,2
1772047088.801578,4427360,0.24,-0.11,0.16,-164.87,-68.25,76.50,0.31,1.75,-0.19,-0.12,0.06,0.04,11.63,61.06,81.12,2.44,0.88,-0.37,5,2
1772047088.991134,4427550,0.45,-0.14,0.09,-165.06,-67.87,76.50,0.94,1.94,0.69,-0.14,0.13,-0.03,11.38,61.13,81.19,1.81,-0.50,0.00,5,2
1772047089.182932,4427742,0.23,-0.16,0.14,-164.75,-67.94,76.25,-0.69,0.69,2.00,-0.05,0.00,0.18,11.13,61.06,81.19,-0.56,-0.50,0.44,4,2
1772047089.373935,4427933,0.35,-0.18,0.10,-165.06,-67.69,76.25,2.94,-0.19,-0.88,-0.06,0.03,0.09,11.19,61.06,81.25,-0.44,0.44,0.31,4,2
1772047089.564470,4428123,0.29,-0.18,0.07,-165.44,-67.81,76.50,0.19,0.69,-0.81,-0.07,0.00,0.06,11.19,61.13,81.31,-0.44,0.56,0.31,4,2
1772047089.755533,4428314,0.25,-0.08,0.12,-165.25,-67.87,76.31,-2.37,-1.87,1.19,-0.08,-0.01,0.08,11.19,61.00,81.31,-0.13,-0.06,-0.50,3,2
1772047089.945964,4428505,0.30,-0.06,0.11,-164.56,-68.06,75.94,-0.62,-0.81,0.06,-0.08,0.04,0.06,11.13,61.00,81.31,-0.25,0.56,0.31,4,2
1772047090.136932,4428696,0.31,0.00,0.10,-164.31,-68.19,75.75,-0.88,-0.06,-0.56,-0.06,-0.03,0.08,11.13,61.00,81.31,-0.44,-0.31,0.69,3,2
1772047090.327518,4428887,0.22,-0.05,0.10,-164.19,-68.44,75.75,-1.37,-1.94,0.13,-0.08,0.00,0.09,11.19,61.00,81.25,0.37,1.25,0.56,4,2
1772047090.518421,4429077,0.28,0.00,0.14,-163.94,-68.62,75.62,0.19,-0.75,0.13,-0.08,0.02,0.04,11.19,61.06,81.31,-0.19,-0.13,-0.13,2,2
1772047090.708851,4429268,0.19,-0.03,0.16,-164.12,-68.62,75.87,0.06,0.62,0.25,-0.05,0.02,0.14,11.19,61.06,81.31,0.31,0.00,0.44,2,2
1772047090.899522,4429459,0.32,-0.11,0.12,-164.94,-68.19,76.25,1.62,2.00,-0.06,-0.10,0.02,0.11,11.19,61.00,81.31,0.69,0.88,0.81,2,2
1772047091.090444,4429649,0.30,-0.15,0.11,-165.69,-67.87,76.69,1.75,1.81,-0.62,-0.07,0.00,0.06,11.25,60.94,81.25,-0.13,-0.06,0.06,2,2
1772047091.281139,4429840,0.24,-0.07,0.11,-165.69,-67.94,76.75,-0.50,-1.37,0.69,-0.09,0.00,0.11,11.25,60.88,81.19,0.06,0.37,0.06,3,2
1772047091.471764,4430031,0.26,-0.01,0.12,-165.37,-68.00,76.56,-1.00,0.00,0.56,-0.08,0.05,0.05,11.25,60.94,81.25,0.50,1.31,0.50,2,2
1772047091.662598,4430222,0.20,0.01,0.15,-164.87,-68.19,76.12,-1.75,-1.19,-0.19,-0.08,-0.03,0.08,11.25,60.94,81.25,0.00,-0.19,0.00,3,2
1772047091.853403,4430412,0.29,-0.07,0.14,-164.87,-68.25,76.12,0.13,-0.94,-0.44,-0.05,0.02,0.04,11.25,61.00,81.25,-0.13,-0.19,0.13,4,2
1772047092.043965,4430603,0.20,-0.08,0.14,-164.94,-68.31,76.31,1.37,1.37,0.31,-0.13,0.02,-0.02,11.25,61.00,81.25,0.50,0.88,0.25,5,2
1772047092.235049,4430794,0.21,-0.04,0.19,-165.00,-68.12,76.31,-0.13,1.00,1.00,-0.12,0.04,0.05,11.25,60.94,81.25,-0.44,-0.37,-0.31,4,2
1772047092.425523,4430985,0.35,-0.16,0.11,-165.25,-67.75,76.37,-0.13,0.94,0.19,-0.08,0.01,0.01,11.25,60.94,81.25,-0.25,0.19,0.13,4,2
1772047092.616202,4431175,0.24,-0.12,0.15,-165.12,-67.87,76.25,0.31,-0.44,0.31,-0.03,-0.02,0.07,11.25,61.00,81.25,0.31,1.19,0.37,4,2
1772047092.807002,4431366,0.25,-0.09,0.16,-165.12,-67.87,76.25,1.31,-0.88,-0.44,-0.11,0.07,0.01,11.19,61.06,81.25,0.25,-0.13,0.06,4,2
1772047092.997810,4431557,0.28,-0.02,0.13,-165.06,-67.87,76.25,-0.13,0.81,-0.06,-0.05,0.01,0.10,11.19,60.94,81.25,-0.19,0.13,0.13,5,2
1772047093.188714,4431748,0.25,-0.09,0.17,-165.06,-67.94,76.31,0.00,-1.12,-0.19,-0.07,0.00,0.08,11.19,60.94,81.19,-0.31,0.19,-0.19,4,3
1772047093.379421,4431938,0.35,-0.09,0.15,-165.00,-68.00,76.25,-1.19,0.31,-0.19,-0.04,0.00,0.05,11.19,61.00,81.25,-0.06,-2.69,-1.00,5,3
1772047093.570290,4432129,0.21,-0.06,0.12,-164.81,-68.00,76.19,-0.94,0.50,-0.44,-0.01,-0.02,0.14,11.19,61.00,81.25,-0.69,-1.44,-0.50,5,3
1772047093.760685,4432320,0.23,-0.12,0.17,-164.87,-67.94,76.12,0.25,-0.94,-0.37,-0.08,0.03,0.02,11.25,61.06,81.25,-0.06,0.81,0.56,3,3
1772047093.950370,4432509,0.25,-0.15,0.13,-164.87,-68.00,76.19,-0.75,0.31,0.19,-0.16,0.05,-0.02,11.25,61.06,81.25,0.00,-1.44,-0.62,2,3
1772047094.142003,4432701,0.25,-0.14,0.17,-164.75,-67.94,76.06,-0.19,-0.75,0.88,-0.09,0.01,0.10,11.25,61.13,81.25,-0.13,-0.88,-0.37,3,3
1772047094.332960,4432892,0.26,-0.13,0.11,-164.44,-68.00,75.69,-1.94,-1.25,-0.06,-0.07,0.02,0.06,11.25,61.13,81.25,-0.25,0.19,0.06,3,3
1772047094.523637,4433083,0.25,-0.11,0.18,-164.19,-68.31,75.62,0.56,-0.94,0.00,-0.07,0.04,0.07,11.25,61.19,81.25,-0.19,0.13,-0.06,4,3
1772047094.714420,4433273,0.26,0.00,0.18,-164.25,-68.19,75.62,1.19,1.00,-0.13,-0.13,0.11,-0.01,11.25,61.19,81.25,-0.13,-0.31,-0.56,3,3
1772047094.905468,4433464,0.22,-0.09,0.12,-164.37,-68.06,75.62,0.31,1.19,-0.37,-0.04,-0.04,0.14,11.19,61.13,81.31,-0.62,-0.25,-0.69,2,3
1772047095.095867,4433655,0.33,0.00,0.15,-164.50,-67.94,75.69,-1.81,-0.56,-0.19,-0.08,0.00,0.03,11.19,61.19,81.25,0.06,0.81,0.56,3,3
1772047095.286907,4433846,0.23,-0.14,0.14,-164.69,-68.12,76.00,-0.19,1.37,-0.44,-0.08,0.00,0.07,11.25,61.13,81.25,-0.19,-0.81,-0.62,2,2
1772047095.477542,4434036,0.24,-0.07,0.17,-164.81,-68.06,76.06,-0.19,-0.19,-0.13,-0.06,0.01,0.10,11.25,61.06,81.25,0.44,1.50,1.00,2,3
1772047095.668016,4434227,0.27,-0.07,0.13,-164.94,-68.06,76.12,-0.31,0.56,0.00,-0.08,0.00,0.11,11.25,61.00,81.19,0.19,0.13,0.00,3,2
1772047095.858750,4434418,0.26,-0.12,0.15,-165.00,-68.06,76.19,0.00,0.44,0.13,-0.11,0.02,0.12,11.25,61.06,81.19,0.06,-0.25,-0.06,3,2
1772047096.050076,4434609,0.31,-0.19,0.12,-165.12,-68.00,76.25,0.69,-0.19,0.06,-0.11,0.01,0.08,11.25,61.19,81.25,0.19,0.69,0.31,3,2
1772047096.241280,4434800,0.30,-0.13,0.09,-165.06,-68.00,76.12,0.56,-0.13,-0.44,-0.08,0.02,0.08,11.25,61.19,81.25,-0.19,0.75,0.13,3,2
1772047096.432340,4434991,0.25,-0.07,0.13,-165.06,-68.00,76.12,-0.44,-0.06,-0.19,-0.12,0.03,0.06,11.25,61.19,81.25,-0.19,-0.44,-0.44,3,2
1772047096.623343,4435182,0.30,0.00,0.08,-164.87,-67.94,76.00,-1.00,0.19,-0.37,-0.11,0.04,0.03,11.31,61.25,81.25,0.62,-0.37,0.06,3,2
1772047096.813297,4435372,0.26,-0.10,0.11,-164.87,-67.94,76.06,-0.75,0.13,0.13,-0.08,-0.01,0.16,11.31,61.25,81.25,0.56,0.31,0.69,4,2
1772047097.004702,4435564,0.35,-0.18,0.09,-164.81,-68.00,75.87,-1.50,-1.81,1.19,-0.07,0.01,0.09,11.38,61.19,81.31,-0.25,0.19,0.13,3,3
1772047097.196473,4435755,0.22,-0.08,0.13,-164.00,-68.44,75.37,-1.12,-1.31,0.56,-0.13,-0.02,0.05,11.38,61.25,81.31,0.37,0.31,0.37,4,3
1772047097.390148,4435949,0.20,-0.06,0.21,-163.87,-68.50,75.12,-0.25,-0.44,0.62,-0.12,0.00,0.04,11.31,61.31,81.31,0.62,-0.81,-1.12,4,3
1772047097.581125,4436140,0.32,-0.01,0.15,-163.94,-68.25,75.19,3.87,2.06,1.31,-0.07,0.06,0.06,11.25,61.31,81.31,0.50,0.44,0.13,3,3
1772047097.774551,4436334,0.22,0.00,0.19,-164.37,-68.12,75.62,0.62,-0.44,-0.50,-0.13,0.02,0.15,11.38,61.25,81.25,-0.62,0.13,0.25,3,3
1772047097.963716,4436523,0.30,-0.08,0.11,-165.06,-68.06,76.06,0.50,0.19,-0.50,-0.09,0.05,0.14,11.44,61.25,81.19,0.75,1.69,0.75,3,3
1772047098.156443,4436716,0.15,-0.09,0.12,-165.00,-68.19,76.06,-0.81,0.00,0.50,-0.05,0.00,0.17,11.38,61.19,81.19,0.62,1.12,0.25,4,3
1772047098.348143,4436907,0.29,-0.08,0.09,-164.87,-68.19,75.94,0.25,-0.56,0.19,-0.12,0.03,0.10,11.31,61.25,81.19,0.00,-0.06,-0.19,4,3
1772047098.539667,4437098,0.39,-0.12,0.11,-164.81,-68.25,75.87,-0.69,0.62,-0.19,-0.10,0.01,0.16,11.38,61.31,81.19,-0.31,-0.69,-0.19,4,3
1772047098.730030,4437289,0.23,-0.09,0.16,-164.56,-68.44,75.75,-1.12,-1.37,0.13,-0.13,0.06,0.08,11.38,61.38,81.19,0.13,0.31,0.75,4,3
1772047098.921031,4437480,0.26,-0.09,0.17,-164.31,-68.56,75.50,-1.19,-1.37,-0.75,-0.11,0.01,0.12,11.44,61.38,81.19,-0.31,-0.37,0.13,4,2
1772047099.112012,4437671,0.27,-0.11,0.14,-164.31,-68.62,75.44,0.25,1.00,0.19,-0.13,0.01,0.07,11.44,61.38,81.19,0.19,0.00,0.19,4,2
1772047099.303811,4437863,0.24,-0.01,0.14,-164.37,-68.62,75.50,2.50,0.50,-0.56,-0.12,0.07,0.05,11.44,61.44,81.19,-0.06,-0.25,-0.25,5,2
1772047099.495849,4438055,0.35,-0.07,0.12,-164.69,-68.37,75.62,0.94,2.37,0.31,-0.14,-0.02,0.09,11.44,61.31,81.25,-0.19,0.44,0.25,5,2
1772047099.685018,4438244,0.28,-0.12,0.12,-165.00,-68.19,76.12,5.37,0.25,2.19,-0.05,0.03,0.09,11.44,61.25,81.25,0.37,0.19,0.06,7,2
1772047099.875073,4438434,0.25,-0.04,0.12,-165.06,-68.19,76.31,0.37,0.81,0.75,-0.09,-0.03,0.13,11.38,61.19,81.25,0.75,0.94,0.56,7,2
1772047100.066612,4438626,0.30,-0.20,0.14,-165.19,-68.19,76.37,-1.00,-0.88,0.44,-0.15,0.08,0.00,11.31,61.13,81.19,0.00,-1.19,-0.25,6,2
1772047100.258433,4438818,0.30,0.08,0.11,-164.75,-68.37,75.44,-1.25,-1.37,0.44,-0.07,0.04,0.08,11.31,61.06,81.19,0.13,0.88,0.44,6,2
1772047100.451265,4439010,0.23,-0.05,0.16,-164.56,-68.81,75.56,0.19,-1.25,0.13,-0.11,0.01,0.03,11.31,61.06,81.19,-0.13,-0.19,-0.19,6,2
1772047100.644102,4439203,0.31,-0.03,0.12,-164.56,-68.81,75.56,-0.06,0.81,-0.25,-0.10,0.07,0.00,11.25,61.13,81.19,0.00,-0.19,-0.37,6,2
1772047100.836350,4439396,0.25,-0.02,0.14,-164.56,-68.87,75.56,0.13,0.94,0.56,-0.08,0.03,0.08,11.25,61.13,81.19,0.13,0.19,-0.19,6,2
1772047101.027499,4439587,0.27,-0.04,0.09,-164.69,-68.69,75.56,-0.13,0.56,-0.25,-0.08,0.04,0.05,11.25,61.13,81.19,-0.13,0.00,-0.13,5,2
1772047101.219016,4439778,0.27,0.03,0.13,-164.44,-68.69,75.50,1.94,-0.13,0.88,-0.07,0.01,0.11,11.31,61.13,81.31,0.13,0.62,0.69,5,2
1772047101.410967,4439970,0.19,-0.01,0.16,-165.00,-68.50,76.25,4.19,0.25,1.56,-0.15,0.00,0.01,11.44,61.19,81.31,-0.19,-0.88,0.62,5,2
1772047101.603273,4440162,0.30,-0.06,0.14,-165.81,-68.25,76.75,0.25,-0.31,0.13,-0.07,0.00,0.08,11.50,61.13,81.25,0.44,-0.19,-0.06,3,2
1772047101.795626,4440355,0.28,-0.09,0.09,-166.06,-68.12,76.87,-0.50,0.56,0.75,-0.14,0.05,0.12,11.50,61.06,81.25,0.06,0.37,0.19,3,2
1772047101.985475,4440544,0.25,-0.06,0.14,-166.06,-68.12,76.87,1.31,-0.50,-0.50,-0.18,0.08,0.02,11.44,61.06,81.19,-0.37,-0.62,-0.25,3,2
1772047102.176593,4440736,0.29,0.00,0.10,-166.25,-68.06,77.00,2.31,1.06,-0.37,-0.10,0.03,0.09,11.50,61.00,81.19,-0.31,0.19,0.06,3,2
1772047102.369129,4440928,0.28,-0.14,0.10,-166.69,-67.94,77.81,4.25,0.19,1.56,-0.09,0.00,0.09,11.56,60.94,81.12,-0.31,0.13,-0.13,3,2
1772047102.561903,4441121,0.27,-0.11,0.07,-166.75,-67.81,78.94,3.75,0.81,0.94,-0.10,0.07,-0.05,11.50,61.00,81.19,0.00,-2.19,-1.12,3,2
1772047102.754487,4441313,0.29,-0.14,0.05,-167.00,-67.75,79.56,0.37,0.13,-0.25,-0.08,0.02,0.08,11.44,61.06,81.19,-0.25,-0.13,-0.19,3,2
1772047102.945950,4441505,0.29,-0.14,0.09,-167.19,-67.75,79.69,0.37,-0.50,-0.81,-0.10,0.01,0.06,11.50,61.06,81.19,-0.31,-0.25,0.13,3,3
1772047103.136659,4441696,0.26,-0.14,0.08,-167.12,-67.81,79.62,-0.88,0.00,0.00,-0.13,0.04,0.00,11.50,61.06,81.19,0.25,0.56,0.37,3,3
1772047103.328731,4441888,0.29,-0.11,0.09,-167.00,-67.94,79.62,1.44,-1.37,0.94,-0.11,0.04,0.10,11.50,61.13,81.19,0.13,-0.37,-0.25,2,3
1772047103.521196,4442080,0.33,-0.02,0.07,-167.19,-68.00,80.94,12.88,-1.56,3.69,-0.11,0.02,0.07,11.44,61.13,81.25,-0.25,0.25,-0.06,2,3
1772047103.713411,4442273,0.23,-0.31,0.08,-168.75,-68.44,83.94,4.31,-2.50,-1.56,-0.12,0.01,0.09,11.44,61.13,81.25,-0.31,-0.25,0.31,3,3
1772047103.904078,4442463,0.31,-0.17,0.05,-169.81,-68.56,84.50,-1.37,-0.81,-1.87,-0.13,0.03,0.00,11.50,61.25,81.25,-0.06,-0.37,-0.37,3,3
1772047104.094707,4442654,0.29,-0.14,0.09,-169.94,-68.75,84.37,-0.88,-0.56,0.44,-0.17,0.06,0.05,11.50,61.19,81.19,-0.25,-1.62,-1.00,2,3
1772047104.285017,4442844,0.27,-0.09,0.12,-169.75,-68.75,83.94,-1.81,-0.75,0.19,-0.03,0.01,0.07,11.56,61.13,81.12,0.31,0.94,0.75,1,3
1772047104.477272,4443036,0.27,-0.12,0.06,-169.37,-68.87,83.37,-3.62,0.69,-0.69,0.00,0.00,0.10,11.63,61.06,81.12,-0.19,-0.75,-0.25,2,3
1772047104.669261,4443229,0.22,-0.12,0.09,-168.75,-69.00,82.44,-4.00,-0.94,0.81,0.00,0.00,0.10,11.63,61.00,81.00,0.37,1.25,0.81,2,3
1772047104.861959,4443421,0.39,-0.28,0.11,-168.00,-69.06,79.87,-28.69,-0.56,-6.31,-0.12,-0.01,0.09,11.69,61.00,81.00,0.44,-0.88,0.31,2,2
1772047105.053429,4443613,0.28,0.23,0.19,-165.87,-69.69,75.06,-0.50,-2.81,2.44,-0.10,0.04,0.12,11.56,61.13,80.94,-0.50,-0.13,-0.44,1,2
1772047105.243983,4443803,0.20,-0.03,0.16,-165.06,-70.00,74.94,0.50,-0.88,0.62,-0.09,0.03,0.11,11.56,61.19,81.00,0.31,0.50,0.19,2,2
1772047105.436524,4443996,0.22,0.01,0.13,-164.94,-70.00,74.94,2.00,0.44,-0.31,-0.11,0.00,0.08,11.56,61.19,81.00,-0.50,-0.13,-0.19,2,2
1772047105.628310,4444188,0.32,-0.04,0.13,-165.50,-69.69,76.19,11.75,2.44,3.25,-0.11,-0.03,0.08,11.50,61.19,81.00,-0.50,1.94,0.81,2,2
1772047105.819533,4444379,0.36,-0.30,0.00,-166.62,-69.12,78.06,2.00,1.44,0.75,-0.10,0.05,-0.02,11.25,61.19,81.12,0.62,0.25,0.13,2,2
1772047106.010786,4444570,0.29,0.00,0.09,-166.19,-69.12,77.75,0.75,-0.25,0.13,-0.10,-0.01,0.06,11.31,61.13,81.12,-0.25,0.31,0.62,2,2
1772047106.201431,4444761,0.28,-0.06,0.13,-166.25,-69.19,77.81,-0.81,-1.00,0.44,-0.02,-0.01,0.05,11.31,61.06,81.12,0.31,1.31,0.44,3,2
1772047106.392566,4444952,0.25,-0.06,0.14,-165.94,-69.31,77.62,-1.00,0.31,0.88,-0.12,0.04,0.00,11.31,61.06,81.12,0.37,-0.88,-0.44,3,2
1772047106.583663,4445143,0.28,-0.07,0.11,-165.69,-69.31,77.37,-0.25,-0.88,1.06,-0.14,0.07,0.05,11.25,61.06,81.19,0.06,-1.19,-0.37,3,2
1772047106.774408,4445334,0.31,-0.05,0.07,-165.44,-69.31,77.12,0.56,-0.69,-0.44,-0.11,0.04,0.01,11.25,61.00,81.12,-0.44,-0.44,0.50,3,2
1772047106.963959,4445523,0.23,0.00,0.13,-165.19,-69.62,76.75,-5.56,-1.94,-2.44,-0.14,0.02,0.07,11.44,60.94,81.00,0.25,-0.69,0.13,3,2
1772047107.153542,4445713,0.27,0.00,0.18,-164.75,-69.94,76.25,-0.37,-1.50,-0.37,-0.07,0.01,0.05,11.50,60.88,80.94,-0.31,-1.44,-0.50,3,2
1772047107.345423,4445905,0.26,-0.03,0.12,-164.69,-70.06,76.25,-1.75,0.44,-0.06,-0.07,0.01,0.05,11.50,60.94,80.94,0.13,0.13,-0.50,3,2
1772047107.536452,4446096,0.24,0.00,0.12,-164.62,-70.06,76.25,0.00,0.50,-1.06,-0.06,0.03,0.04,11.50,61.06,80.94,-0.13,-0.69,-0.19,3,2
1772047107.727313,4446287,0.22,0.04,0.15,-164.81,-70.00,76.25,0.69,1.31,0.69,0.00,0.05,0.06,11.56,61.06,81.00,-1.50,0.37,-0.19,2,2
1772047107.916777,4446476,0.19,-0.18,0.12,-165.69,-69.69,77.19,4.44,3.56,-1.12,-0.10,0.09,0.00,11.56,61.13,81.12,-0.25,0.62,0.50,3,2
1772047108.107081,4446666,0.28,-0.08,0.10,-166.37,-69.37,77.69,2.56,0.06,-1.12,-0.06,0.04,0.06,11.56,61.06,81.06,-0.44,0.31,-0.56,2,2
1772047108.298995,4446858,0.29,-0.01,0.11,-166.62,-69.25,77.81,-1.56,0.88,0.50,-0.07,0.00,0.05,11.56,61.00,81.06,-0.06,0.00,-0.50,2,2
1772047108.489809,4447049,0.24,-0.09,0.12,-166.44,-69.19,77.62,-1.62,1.12,0.56,-0.09,0.00,0.00,11.44,61.06,81.06,-0.88,0.44,0.50,2,2
1772047108.681023,4447240,0.20,-0.01,0.10,-165.81,-69.25,77.31,-1.44,-0.13,-1.00,-0.09,-0.01,0.10,11.44,61.00,80.94,1.19,0.13,0.31,2,2
1772047108.870758,4447430,0.37,-0.10,0.10,-165.81,-69.31,76.56,-13.44,-2.75,-4.00,-0.02,0.01,0.03,11.56,61.00,80.81,1.31,1.12,1.50,2,2
1772047109.061689,4447621,0.15,-0.08,0.14,-164.37,-70.06,75.19,1.12,-1.00,-0.56,-0.09,0.11,-0.06,11.50,60.94,80.69,-1.56,-0.31,-1.44,2,2
1772047109.252956,4447812,0.15,0.02,0.17,-163.50,-70.19,74.81,-2.19,0.25,-2.37,-0.11,-0.06,0.08,11.44,61.00,80.69,0.50,0.69,0.69,2,2
1772047109.443698,4448003,0.32,0.09,0.11,-164.06,-69.81,75.62,14.06,0.56,4.69,-0.13,0.05,0.06,11.56,60.94,80.94,0.56,-2.19,-0.31,3,2
1772047109.634464,4448194,0.29,-0.10,0.09,-165.75,-69.69,77.81,2.37,0.06,-1.62,-0.11,0.00,0.12,11.75,61.06,80.87,-1.00,0.19,0.44,3,2
1772047109.824992,4448385,0.26,-0.17,0.14,-166.50,-69.75,78.50,0.50,0.62,0.31,-0.07,0.00,0.12,11.69,61.06,80.87,1.00,-0.81,-0.37,2,2
1772047110.014622,4448574,0.41,0.00,0.08,-166.25,-69.50,78.19,-0.75,0.25,2.56,-0.10,0.02,0.23,11.69,61.13,80.87,2.06,1.94,0.62,3,3
1772047110.206038,4448766,0.30,0.05,0.06,-165.81,-69.50,77.94,0.25,0.44,0.19,-0.10,0.06,-0.01,11.50,61.06,80.81,0.19,0.81,0.50,3,2
1772047110.397176,4448957,0.36,-0.16,0.08,-166.06,-69.56,78.19,1.25,-1.69,-0.69,-0.02,-0.07,0.07,11.69,61.00,80.69,-0.25,1.12,0.62,3,2
1772047110.588047,4449147,0.19,-0.20,0.14,-166.19,-69.94,78.81,2.12,-0.31,-0.31,-0.12,0.02,-0.01,11.69,61.00,80.69,0.13,1.25,0.69,3,2
1772047110.778566,4449338,0.25,-0.03,0.10,-166.31,-69.87,78.87,0.44,0.44,-0.62,-0.03,0.00,0.09,11.63,60.88,80.69,0.13,1.19,0.25,3,2
1772047110.968636,4449528,0.26,-0.09,0.09,-166.37,-69.81,78.81,-0.62,0.37,1.62,-0.11,0.12,-0.03,11.63,60.81,80.75,-2.00,-1.12,-1.06,3,2
1772047111.160261,4449719,0.32,-0.05,0.07,-165.62,-69.81,78.25,-1.94,1.56,-1.87,-0.02,0.02,-0.06,11.56,60.88,80.69,0.56,-1.19,-0.56,3,2
1772047111.350680,4449910,0.28,0.03,0.08,-165.12,-69.81,77.87,-2.69,-1.37,0.19,-0.05,0.00,0.07,11.56,60.88,80.69,-0.50,1.50,0.62,3,2
1772047111.541631,4450101,0.30,-1.31,-0.06,-164.37,-69.69,76.81,-30.37,3.87,-3.25,-0.04,-0.03,0.04,11.63,60.94,80.69,0.88,-0.37,1.50,3,1
1772047111.731322,4450291,0.27,0.70,0.23,-160.69,-70.06,68.94,-7.00,-1.81,2.81,-0.08,0.08,-0.03,11.44,60.94,80.75,-0.13,-0.56,-2.19,4,2
1772047111.920577,4450480,0.27,-0.18,0.10,-158.31,-70.19,69.62,8.38,-3.19,4.87,-0.17,0.10,0.02,11.13,60.94,80.87,-0.94,-1.00,-0.81,3,2
1772047112.113604,4450673,0.24,0.25,0.15,-157.75,-70.31,70.12,8.75,0.25,2.06,-0.03,-0.02,-0.06,11.25,60.94,80.87,-1.12,-0.19,0.37,4,2
1772047112.304399,4450864,0.26,-0.41,0.08,-159.06,-70.00,74.94,27.75,-1.19,4.75,-0.15,0.08,0.03,11.38,60.88,80.94,-1.44,-0.31,-0.25,3,2
1772047112.495075,4451054,0.30,-0.17,-0.02,-162.44,-70.00,78.81,0.94,1.19,-1.69,-0.12,0.04,0.00,11.56,60.81,80.87,-0.19,-0.81,0.06,3,2
1772047112.685394,4451245,0.29,-0.15,0.07,-162.94,-70.06,79.00,-2.44,-0.69,-0.81,-0.01,-0.04,0.06,11.63,60.75,80.81,0.44,0.94,1.00,3,2
1772047112.875834,4451435,0.30,-0.69,0.04,-162.62,-70.25,77.87,-19.19,0.50,-4.50,-0.18,0.02,0.06,11.63,60.75,80.81,0.25,-1.06,0.37,5,2
1772047113.067512,4451627,0.29,0.49,0.16,-161.94,-70.62,72.31,-9.69,0.50,-0.69,-0.08,-0.04,0.07,11.63,60.75,80.62,0.37,0.50,-0.50,6,2
1772047113.258139,4451817,0.20,-0.01,0.15,-160.75,-70.69,71.94,0.25,-1.00,0.19,-0.15,0.07,0.03,11.50,60.75,80.69,-0.25,-0.75,-0.31,5,2
1772047113.448640,4452008,0.23,0.00,0.04,-160.44,-70.37,73.00,15.75,1.94,5.31,-0.09,0.14,-0.07,11.50,60.75,80.81,-0.25,-1.94,-0.81,5,3
1772047113.638942,4452198,0.20,-0.24,0.00,-162.06,-70.12,76.12,7.87,-1.00,0.81,-0.17,0.02,0.07,11.63,60.75,80.75,-0.25,-0.62,0.06,4,2
1772047113.829481,4452389,0.27,-0.19,0.10,-163.50,-70.25,77.12,0.13,-1.31,-0.06,-0.13,0.01,0.00,11.56,60.94,80.81,-0.37,-0.56,-0.50,5,2
1772047114.020983,4452580,0.26,0.01,0.10,-163.00,-70.37,76.81,-1.31,0.19,0.31,-0.13,0.03,0.02,11.56,60.94,80.87,-0.44,-0.13,-0.50,5,2
1772047114.211762,4452771,0.29,-0.08,0.08,-163.06,-70.25,76.75,-0.75,0.50,-0.25,-0.10,0.00,0.06,11.50,61.00,80.87,-0.44,-0.69,-0.62,5,2
1772047114.402071,4452962,0.33,0.00,0.02,-162.87,-70.12,76.56,-0.88,0.19,0.44,-0.10,0.00,0.01,11.63,61.06,80.94,1.31,-0.56,0.69,5,2
1772047114.593274,4453152,0.33,-0.15,0.05,-163.37,-70.12,76.75,-1.37,0.88,0.31,-0.06,0.03,-0.01,11.63,61.06,80.87,-0.69,-0.31,-0.25,5,2
1772047114.783042,4453343,0.25,0.05,0.14,-163.12,-70.37,75.31,-10.81,-1.12,-4.12,-0.07,0.00,0.05,11.63,61.13,80.87,0.25,0.75,0.00,4,2
1772047114.974781,4453534,0.28,-0.01,0.10,-162.44,-70.69,74.19,-1.75,-2.37,0.75,-0.09,0.04,0.10,11.56,61.13,80.94,-0.25,-0.75,-0.44,3,2
1772047115.165101,4453725,0.26,0.00,0.13,-161.87,-70.94,73.81,-1.31,-0.56,-0.50,-0.07,0.07,0.05,11.31,61.25,81.12,0.19,0.19,-1.06,3,1
1772047115.355588,4453915,0.36,0.13,0.09,-161.62,-70.94,73.50,-1.37,0.88,0.31,-0.02,0.04,0.01,11.50,61.25,81.06,0.25,0.19,1.50,3,1
1772047115.545381,4454105,0.00,0.14,0.20,-161.00,-71.12,73.87,13.81,-0.62,4.94,-0.09,-0.03,0.16,11.75,61.06,80.94,-0.94,-0.44,-1.37,3,2
1772047115.736327,4454296,0.31,-0.23,0.08,-163.19,-70.50,76.37,1.37,1.06,-2.19,-0.11,-0.01,0.07,11.75,61.06,80.87,-0.56,-0.19,0.44,3,2
1772047115.928058,4454488,0.21,0.00,0.15,-164.81,-69.81,77.37,6.87,7.37,-1.50,-0.10,0.03,0.05,11.81,60.88,80.81,1.31,0.69,-0.13,3,2
1772047116.118731,4454678,0.34,-0.19,0.01,-168.50,-68.62,79.56,8.00,5.56,-0.31,-0.08,0.01,0.13,11.56,60.69,80.69,1.00,2.62,2.06,3,2
1772047116.309531,4454869,0.40,0.05,0.00,-169.62,-67.62,80.87,3.75,5.94,-1.56,-0.09,0.00,-0.04,11.69,60.50,80.37,0.62,-1.00,-0.75,3,2
1772047116.500076,4455059,0.23,-0.22,0.04,-170.87,-67.56,82.37,-0.50,-4.62,-0.13,-0.13,-0.02,0.07,11.50,60.50,80.44,0.50,-0.25,0.13,3,2
1772047116.690382,4455250,0.37,-0.05,0.06,-170.69,-68.00,82.25,0.19,-2.12,0.69,-0.09,0.06,0.03,11.56,60.44,80.50,-0.94,0.13,0.31,4,3
1772047116.882304,4455442,0.26,-0.15,0.08,-170.69,-68.50,82.37,-0.13,-1.12,-0.19,-0.10,0.06,0.11,11.63,60.50,80.50,-0.50,-2.12,-1.25,4,3
1772047117.072854,4455632,0.37,-0.12,0.10,-170.87,-68.56,82.37,-2.00,0.69,0.06,-0.08,0.02,0.01,11.63,60.81,80.56,-1.19,-1.25,-0.37,4,3
1772047117.263132,4455823,0.32,0.00,0.08,-170.50,-68.50,82.06,0.31,0.81,-0.81,0.00,-0.01,0.09,11.63,60.75,80.62,0.56,1.25,-0.25,4,3
1772047117.454223,4456014,0.35,-0.07,0.02,-171.19,-68.44,82.56,-0.88,-0.06,0.37,-0.05,-0.01,0.08,11.63,60.75,80.69,-0.81,-0.44,0.19,4,3
1772047117.644542,4456204,0.26,-0.13,0.12,-171.12,-68.69,82.62,0.44,-2.00,0.88,-0.04,0.01,0.10,11.69,60.81,80.69,-0.44,0.25,-0.37,4,3
1772047117.835883,4456395,0.26,-0.06,0.11,-170.37,-69.00,82.25,-1.06,-1.31,0.94,-0.09,0.01,0.02,11.63,60.88,80.75,-0.37,-0.06,0.06,3,3
1772047118.027117,4456586,0.25,-0.07,0.11,-169.75,-69.06,81.94,-0.19,-0.19,-0.19,-0.07,0.02,0.02,11.63,60.81,80.75,-0.25,0.62,0.00,4,3
1772047118.217293,4456777,0.27,-0.03,0.10,-169.75,-69.00,81.94,-0.13,-0.19,-0.19,-0.08,0.01,0.01,11.63,60.81,80.75,0.06,-0.81,-0.25,4,3
1772047118.407539,4456967,0.37,0.03,0.12,-169.81,-68.94,81.94,0.62,0.19,-1.31,-0.08,0.03,0.06,11.63,60.88,80.75,1.31,1.12,0.19,4,3
1772047118.598070,4457158,0.36,-0.03,0.04,-170.19,-68.87,82.06,-2.19,1.56,-0.31,-0.06,0.05,0.05,11.56,60.75,80.69,-0.31,0.00,0.00,3,2
1772047118.789633,4457349,0.27,-0.07,0.09,-170.00,-68.94,81.94,-0.75,-1.19,-0.69,-0.04,0.00,0.08,11.63,60.69,80.62,0.19,0.56,0.62,3,2
1772047118.980285,4457540,0.23,-0.08,0.12,-169.87,-69.19,81.87,-1.44,-1.12,0.69,-0.03,0.01,0.07,11.63,60.69,80.56,-0.44,-0.19,0.37,3,2
1772047119.170918,4457730,0.24,-0.18,0.14,-170.00,-69.37,81.87,0.50,0.50,-0.50,-0.10,0.05,0.03,11.63,60.75,80.56,-0.19,-0.19,-0.13,3,2
1772047119.361855,4457921,0.25,0.03,0.11,-169.75,-69.31,81.56,-0.19,-0.31,-0.31,-0.05,-0.05,0.01,11.69,60.75,80.62,-0.56,-0.94,-0.25,3,1
1772047119.552306,4458112,0.27,-0.14,0.10,-170.06,-69.31,81.81,-1.19,0.75,1.25,-0.06,0.01,0.01,11.56,60.81,80.69,0.13,-0.88,-0.31,3,1
1772047119.743063,4458303,0.28,0.00,0.08,-169.56,-69.25,81.37,-0.69,0.19,0.69,-0.11,0.10,0.01,11.50,60.94,80.69,0.69,-0.62,-0.69,3,1
1772047119.933387,4458493,0.18,0.02,0.10,-169.06,-69.19,80.94,-0.69,1.25,0.25,-0.05,0.02,0.04,11.50,60.94,80.69,0.06,0.19,0.19,2,1
1772047120.124366,4458684,0.20,0.05,0.06,-169.37,-68.75,80.87,0.06,2.37,-1.06,-0.09,-0.01,0.05,11.56,60.88,80.69,0.37,0.06,0.00,3,1
1772047120.314915,4458875,0.32,-0.10,0.09,-169.94,-68.62,81.00,-1.75,0.75,0.69,-0.04,0.00,0.07,11.56,60.88,80.69,0.13,-0.75,-0.50,3,1
1772047120.504431,4459064,0.25,-0.06,0.11,-169.31,-68.75,80.19,-4.06,0.13,0.19,-0.19,0.03,0.03,11.50,60.94,80.69,1.00,1.50,0.69,3,1
1772047120.696725,4459256,0.46,-0.13,0.08,-168.44,-69.00,78.50,-16.37,-5.06,-2.25,-0.08,0.01,0.08,11.44,61.00,80.62,0.44,-0.50,0.81,3,1
1772047120.887517,4459447,0.13,0.23,0.24,-166.75,-69.81,75.69,-3.00,-1.00,0.50,-0.06,0.10,0.04,11.38,61.06,80.69,-0.19,-0.88,-0.81,3,1
1772047121.077851,4459638,0.33,0.02,0.11,-165.94,-69.69,75.25,-0.19,1.31,0.44,-0.06,0.02,0.10,11.38,61.06,80.69,0.88,1.81,0.94,3,2
1772047121.267661,4459827,0.27,0.00,0.07,-166.37,-69.50,75.56,3.44,1.44,-0.81,-0.08,0.04,0.08,11.44,60.94,80.62,0.44,1.31,0.94,3,2
1772047121.457226,4460017,0.22,0.06,0.16,-167.06,-69.00,77.62,22.81,1.81,6.44,-0.06,0.06,0.04,11.44,60.69,80.56,-0.37,1.37,-0.44,4,2
1772047121.650126,4460210,0.35,-0.19,0.02,-168.75,-68.50,81.75,10.38,0.56,0.81,-0.12,0.05,0.05,11.31,60.81,80.62,-0.56,-0.62,-0.94,4,2
1772047121.841460,4460401,0.25,-0.02,0.07,-169.94,-68.50,82.94,-3.87,-0.62,-0.13,-0.14,0.03,0.04,11.38,60.81,80.69,-0.56,-2.00,-0.81,4,2
1772047122.032117,4460592,0.24,-0.13,0.08,-169.62,-68.69,81.69,-12.00,-2.31,-4.56,-0.13,0.04,0.02,11.31,60.94,80.75,-0.13,-1.69,-0.88,3,2
1772047122.222413,4460782,0.23,0.17,0.12,-168.81,-69.19,78.69,-13.31,-2.62,-2.69,-0.09,0.05,0.02,11.25,61.00,80.75,0.50,-0.81,-0.62,3,2
1772047122.412877,4460973,0.23,0.09,0.16,-167.06,-69.56,77.12,-0.06,-1.06,1.44,-0.12,0.06,0.00,11.19,61.00,80.81,0.25,-1.25,-0.13,3,2
1772047122.603860,4461164,0.18,0.11,0.15,-167.19,-69.56,77.19,1.87,2.87,-1.56,-0.07,0.01,0.04,11.31,60.94,80.81,0.62,0.37,0.69,3,2
1772047122.794776,4461354,0.29,-0.09,0.10,-168.75,-68.94,78.37,3.25,2.31,1.19,-0.15,-0.05,0.01,11.38,60.94,80.87,0.25,-0.69,0.25,4,2
1772047122.985154,4461545,0.25,0.18,0.12,-169.44,-68.56,78.87,3.56,3.25,2.50,-0.01,-0.04,0.10,11.38,60.94,80.87,0.69,1.19,0.56,4,2
1772047123.175809,4461736,0.29,-0.23,0.06,-169.56,-68.06,80.75,3.19,0.31,0.50,-0.17,0.07,0.05,11.25,60.88,80.87,0.50,-0.37,0.50,5,2
1772047123.366143,4461926,0.32,-0.02,0.10,-170.12,-68.00,80.94,-0.06,-0.06,0.19,-0.09,0.00,0.03,11.38,60.75,80.75,0.81,1.69,1.06,4,2
1772047123.557800,4462118,0.25,-0.04,0.16,-170.31,-68.06,81.06,0.25,-0.31,0.94,-0.13,0.04,0.06,11.44,60.69,80.69,0.00,-0.56,-0.19,5,2
1772047123.748335,4462308,0.32,-0.07,0.08,-170.44,-68.00,81.19,1.00,0.88,0.06,-0.03,0.01,0.04,11.44,60.69,80.69,-0.37,-0.13,0.13,5,2
1772047123.939087,4462499,0.24,-0.16,0.05,-170.69,-67.94,81.62,1.12,0.37,0.19,-0.02,0.00,0.15,11.44,60.75,80.75,-0.06,0.69,0.31,5,2
1772047124.130017,4462690,0.28,-0.13,0.11,-170.87,-67.87,81.62,-0.25,-0.94,0.56,-0.17,0.01,0.08,11.44,60.81,80.75,-0.50,-0.75,-0.31,5,2
1772047124.320220,4462880,0.28,-0.13,0.09,-170.75,-67.94,81.50,-0.50,0.06,0.44,-0.10,0.06,0.02,11.44,60.81,80.75,-0.37,-1.62,-0.62,5,2
1772047124.511765,4463071,0.29,-0.06,0.11,-170.56,-68.06,81.37,-1.31,-0.75,0.25,-0.10,0.05,0.06,11.44,60.88,80.81,-0.19,-0.50,-0.44,6,2
1772047124.702389,4463262,0.44,-0.23,0.06,-170.12,-68.19,80.62,-9.25,-3.31,-2.69,-0.07,0.08,0.03,11.44,60.94,80.81,0.19,0.06,-0.25,5,2
1772047124.893167,4463453,0.16,0.29,0.17,-168.75,-69.25,77.25,-12.75,-4.19,-2.37,-0.05,0.02,0.04,11.44,61.00,80.75,-0.56,-0.25,-0.56,6,2
1772047125.083472,4463643,0.19,0.00,0.18,-167.06,-69.75,76.06,-0.25,-1.50,0.37,-0.08,0.04,0.06,11.44,61.00,80.81,0.00,0.25,-0.13,4,2
1772047125.273983,4463834,0.32,0.02,0.08,-166.81,-69.81,76.00,-0.62,1.37,0.19,-0.07,0.03,0.05,11.44,61.00,80.81,0.19,-0.88,-0.19,5,2
1772047125.465185,4464025,0.21,0.13,0.18,-166.75,-69.75,76.00,1.81,1.06,0.19,-0.13,0.01,0.01,11.56,61.06,80.81,-2.00,-1.00,-0.50,4,2
1772047125.655910,4464216,0.33,-0.07,0.09,-167.62,-68.87,78.00,14.63,4.94,2.75,-0.04,-0.01,0.13,11.75,61.00,80.87,-0.31,2.06,2.50,4,2
1772047125.846510,4464406,0.32,-0.10,0.03,-170.62,-68.19,80.37,2.81,3.00,-5.31,-0.17,0.03,-0.01,12.38,60.88,80.62,0.19,0.50,0.94,4,2
1772047126.037274,4464597,0.28,-0.13,0.10,-172.37,-68.12,81.50,-1.62,-1.12,0.31,-0.07,0.01,0.09,12.38,60.81,80.56,0.19,-0.06,-0.50,4,2
1772047126.227716,4464788,0.31,-0.06,0.10,-171.75,-68.12,80.87,-2.12,-1.00,1.00,-0.01,0.04,0.09,12.25,60.81,80.62,0.37,0.31,0.13,4,2
1772047126.418960,4464979,0.28,-0.03,0.12,-171.00,-68.19,80.19,-1.75,-0.88,0.50,-0.02,0.01,0.07,12.19,60.88,80.62,0.31,0.81,0.37,3,1
1772047126.609592,4465170,0.25,-0.03,0.13,-170.44,-68.31,79.69,0.13,-0.81,-0.75,-0.01,0.02,0.06,12.19,61.00,80.62,0.62,0.94,0.13,4,2
1772047126.800431,4465360,0.34,-0.11,0.05,-170.12,-68.31,79.31,-3.87,-1.31,0.62,-0.09,0.04,0.05,12.19,60.94,80.62,-0.06,-0.13,-0.13,3,2
1772047126.991079,4465551,0.25,0.06,0.13,-169.12,-68.87,77.94,-4.94,-3.81,-0.37,-0.09,0.07,0.02,12.19,61.00,80.62,0.37,-0.50,-0.25,3,2
1772047127.180542,4465740,0.20,-0.01,0.18,-167.87,-69.44,77.25,-0.69,-2.31,1.12,-0.08,0.01,0.16,12.13,61.00,80.62,0.13,-0.62,-0.37,2,2
1772047127.372174,4465932,0.27,0.14,0.16,-167.37,-69.56,77.00,-0.62,0.56,0.56,-0.07,0.04,0.13,12.38,61.00,80.62,0.37,0.69,0.88,2,3
1772047127.562920,4466123,0.28,-0.06,0.12,-168.25,-69.50,77.62,2.12,2.19,-0.56,-0.08,0.01,0.07,12.50,61.00,80.62,0.88,0.75,0.62,2,3
1772047127.753532,4466314,0.28,0.00,0.10,-169.12,-69.19,78.12,1.19,1.19,0.31,-0.11,-0.01,0.12,12.50,60.94,80.56,0.13,1.00,0.56,2,3
1772047127.944351,4466504,0.31,-0.15,0.15,-169.37,-68.75,78.75,2.94,3.00,0.13,-0.14,0.06,0.08,12.38,61.06,80.62,0.62,-0.31,0.13,3,3
1772047128.135178,4466695,0.26,0.01,0.10,-169.87,-68.44,78.94,1.25,0.88,-0.50,-0.02,0.06,0.06,12.38,61.00,80.56,-0.50,0.56,0.81,3,3
1772047128.326284,4466886,0.28,-0.15,0.12,-170.44,-68.37,79.44,0.62,-0.13,-0.31,-0.10,0.08,0.07,12.44,61.00,80.50,0.06,0.37,0.13,3,3
1772047128.517010,4467077,0.28,-0.05,0.12,-170.44,-68.37,79.44,-0.37,-0.25,-0.44,-0.02,0.06,0.09,12.44,60.94,80.50,-0.50,-1.56,-0.81,3,3
1772047128.707486,4467267,0.32,-0.05,0.12,-170.00,-68.56,79.06,-4.31,-2.12,0.44,-0.01,0.00,0.15,12.38,61.06,80.50,0.44,0.88,-0.06,3,2
1772047128.898343,4467458,0.33,0.05,0.13,-169.31,-68.94,78.00,-3.19,-1.00,-1.06,-0.09,0.08,0.03,12.31,61.13,80.56,0.25,-0.56,-0.06,3,2
1772047129.089224,4467649,0.19,-0.06,0.20,-169.06,-69.44,77.87,-0.25,-2.19,0.69,-0.11,0.05,0.12,12.25,61.06,80.56,-0.37,-0.06,-0.06,4,2
1772047129.280449,4467840,0.23,-0.12,0.14,-168.87,-69.56,77.69,0.62,-0.50,-0.44,-0.14,0.04,0.06,12.19,61.13,80.56,-0.50,-0.25,-0.19,4,2
1772047129.470375,4468031,0.25,-0.04,0.15,-168.62,-69.56,77.56,0.37,0.56,0.13,-0.10,0.07,0.05,12.13,61.06,80.56,-0.37,0.31,0.13,4,2
1772047129.661100,4468221,0.29,-0.06,0.14,-168.62,-69.50,77.50,0.44,0.25,0.19,-0.11,0.06,0.04,12.06,61.00,80.62,-0.37,0.44,0.13,4,2
1772047129.852336,4468412,0.33,0.00,0.13,-168.69,-69.44,77.50,-0.44,0.75,-0.31,-0.06,0.01,0.08,12.06,61.00,80.62,-0.06,-0.56,-0.06,4,2
1772047130.041395,4468601,0.22,0.00,0.15,-168.69,-69.37,77.75,1.44,1.50,0.75,-0.07,-0.01,0.18,12.06,60.88,80.62,-1.00,1.44,-0.31,4,2
1772047130.233551,4468794,0.31,-0.13,0.10,-169.12,-68.94,78.44,1.00,3.06,-1.37,-0.09,0.04,-0.01,12.06,60.88,80.69,0.25,0.69,0.50,4,2
1772047130.424396,4468984,0.28,-0.07,0.11,-169.62,-68.62,78.62,-0.44,2.12,0.37,-0.10,-0.01,0.09,12.06,60.94,80.69,0.75,0.44,0.13,4,2
1772047130.615174,4469175,0.27,-0.12,0.11,-169.56,-68.56,78.44,-0.37,-0.94,0.06,-0.08,0.04,0.02,11.94,60.94,80.62,0.00,-0.19,0.19,4,2
1772047130.806161,4469366,0.28,0.05,0.11,-168.81,-68.94,77.62,-4.75,-1.56,-2.37,-0.08,0.04,0.04,12.00,60.88,80.56,-0.13,-0.62,0.00,4,2
1772047130.996903,4469557,0.22,-0.09,0.20,-168.69,-69.44,77.62,0.81,-2.06,-0.81,-0.11,0.08,0.00,12.06,60.94,80.50,-0.19,-0.94,-0.31,3,2
1772047131.187771,4469748,0.20,0.00,0.14,-168.62,-69.62,77.62,-0.37,0.44,-0.13,-0.12,0.05,-0.02,12.00,61.00,80.56,0.25,-1.50,-0.56,4,2
1772047131.378435,4469938,0.29,-0.06,0.16,-168.69,-69.50,77.69,0.44,1.31,0.25,-0.09,-0.01,0.02,11.94,61.00,80.56,-0.25,-0.69,-0.44,3,2
1772047131.568923,4470129,0.31,-0.03,0.08,-168.81,-69.00,77.69,1.50,3.69,0.81,-0.13,0.12,0.00,11.88,61.06,80.69,0.81,-0.19,0.44,4,3
1772047131.759717,4470320,0.07,0.15,0.17,-169.00,-68.69,77.69,2.00,2.00,1.25,-0.12,0.06,0.06,11.88,61.00,80.69,-0.69,-1.06,-0.56,4,3
1772047131.950453,4470510,0.35,-0.20,0.12,-169.44,-68.12,78.75,0.69,0.37,-0.25,-0.09,0.03,0.10,11.88,61.00,80.69,-0.13,0.19,0.31,4,3
1772047132.141569,4470702,0.27,-0.07,0.11,-169.37,-68.12,78.69,0.50,-0.06,0.06,-0.11,0.08,0.05,11.88,61.06,80.69,0.88,0.31,0.31,5,3
1772047132.332034,4470892,0.26,-0.06,0.10,-169.37,-68.19,78.69,0.37,-1.62,0.44,-0.09,0.05,0.14,11.88,61.00,80.69,0.31,0.75,0.75,4,3
1772047132.522845,4471083,0.35,-0.06,0.05,-168.81,-68.50,78.12,-5.62,-3.44,-2.12,-0.11,0.05,0.10,12.00,61.00,80.56,0.25,0.44,0.56,4,3
1772047132.713828,4471274,0.22,0.03,0.18,-168.19,-69.31,77.44,0.06,-1.94,-0.19,-0.08,0.03,0.12,12.13,61.06,80.56,-0.56,-0.62,-0.56,3,3
1772047132.904760,4471464,0.20,-0.04,0.15,-168.31,-69.50,77.62,-0.81,-0.44,-0.50,-0.13,0.04,0.05,12.13,61.13,80.56,-0.31,-0.31,-0.13,3,3
1772047133.095540,4471655,0.28,-0.03,0.14,-168.25,-69.50,77.62,-1.00,0.50,-0.13,-0.07,0.00,0.07,12.13,61.13,80.62,-0.44,-1.37,-0.75,3,3
1772047133.286202,4471846,0.25,0.02,0.10,-168.19,-69.44,77.56,-0.06,1.12,-0.13,-0.05,0.06,0.04,12.06,61.19,80.62,0.31,-0.88,-1.12,3,3
1772047133.476852,4472037,0.24,0.02,0.12,-168.19,-69.37,77.50,-0.50,0.00,0.25,-0.07,0.03,0.08,11.94,61.19,80.69,-0.69,-0.25,-1.25,2,2
1772047133.667512,4472228,0.23,-0.03,0.14,-168.31,-69.12,77.69,-0.56,1.87,0.94,-0.11,0.16,0.02,11.69,61.19,80.81,0.25,-1.44,-1.19,2,2
1772047133.857830,4472418,0.27,0.03,0.18,-168.31,-68.75,77.62,0.94,0.44,0.06,-0.08,0.03,0.13,11.75,61.25,80.75,0.00,0.94,1.19,2,2
1772047134.048962,4472609,0.30,-0.06,0.06,-169.31,-68.44,78.19,1.94,2.19,-1.94,-0.08,0.06,0.00,11.94,61.13,80.69,-0.44,0.37,0.94,1,1
1772047134.239742,4472800,0.28,-0.10,0.09,-170.19,-68.44,78.87,1.19,-0.81,-0.62,-0.07,0.02,0.11,12.06,61.00,80.56,0.37,1.31,0.37,2,2
1772047134.430532,4472991,0.25,0.02,0.13,-170.06,-68.50,78.81,-0.19,-0.50,0.44,-0.06,0.03,0.12,12.06,60.94,80.56,-0.25,0.25,-0.25,2,1
1772047134.621383,4473181,0.22,-0.01,0.12,-169.87,-68.56,78.75,-1.12,1.25,0.25,-0.10,0.06,0.07,12.00,60.88,80.56,-0.19,-0.25,-0.50,3,1
1772047134.812286,4473372,0.30,-0.06,0.13,-169.87,-68.44,78.62,-1.00,-0.37,-0.50,-0.08,0.02,0.04,12.00,60.94,80.56,-0.25,-0.37,-0.19,3,1
1772047135.003269,4473563,0.30,-0.14,0.12,-169.31,-68.81,78.12,-3.75,-2.75,-0.56,-0.13,0.04,0.00,11.94,61.00,80.56,0.06,-2.12,-0.75,3,2
1772047135.193837,4473754,0.21,0.08,0.21,-168.62,-69.37,76.75,-5.19,-1.87,-0.50,-0.01,0.00,0.04,11.94,61.06,80.62,-0.69,-0.31,-0.44,3,2
1772047135.384490,4473944,0.21,-0.03,0.16,-168.31,-69.44,76.50,-0.13,1.50,0.37,-0.08,0.11,-0.05,11.88,61.06,80.69,-1.50,0.37,-0.13,4,2
1772047135.575204,4474135,0.15,0.04,0.20,-168.12,-69.31,76.44,-0.13,-0.06,0.25,-0.22,0.08,0.10,11.88,60.94,80.75,0.06,-0.88,-0.06,4,2
1772047135.765505,4474326,0.43,-0.15,0.16,-169.06,-68.75,77.50,6.50,3.19,0.88,-0.05,0.04,0.03,12.00,61.00,80.75,0.00,0.75,0.13,4,2
1772047135.956608,4474517,0.22,-0.05,0.11,-169.37,-68.56,77.87,-0.37,1.69,0.13,-0.08,0.00,0.01,12.00,60.94,80.75,0.06,-0.56,-0.25,5,2
1772047136.147508,4474708,0.30,-0.08,0.12,-169.69,-68.31,78.00,0.13,0.31,-0.31,-0.09,0.11,0.06,11.94,60.94,80.69,0.25,0.00,0.00,4,2
1772047136.338687,4474899,0.23,0.00,0.10,-169.62,-68.37,78.00,0.00,0.25,-0.31,-0.08,0.19,-0.08,11.94,60.94,80.62,0.50,-0.56,-0.25,4,2
1772047136.529571,4475090,0.19,-0.03,0.14,-169.50,-68.62,78.06,0.50,-1.19,-0.37,-0.05,0.01,0.12,12.06,60.81,80.56,-0.25,0.94,0.56,4,2
1772047136.719906,4475280,0.23,-0.09,0.12,-169.56,-68.62,78.19,0.19,-0.50,-0.56,0.00,0.00,0.04,12.06,60.81,80.56,0.25,0.94,0.13,3,2
1772047136.910591,4475471,0.23,-0.06,0.14,-169.50,-68.62,78.06,-1.00,0.94,0.19,-0.17,0.07,0.01,12.00,60.94,80.62,0.44,0.00,-0.06,3,2
1772047137.101695,4475662,0.31,-0.11,0.16,-169.25,-68.69,77.75,-2.56,-2.25,0.50,-0.16,0.05,0.05,12.00,61.00,80.62,-0.06,0.13,0.13,3,2
1772047137.292145,4475852,0.19,0.00,0.24,-169.19,-68.62,77.06,-1.44,4.37,-1.31,-0.05,0.04,-0.07,11.94,61.06,80.62,-0.62,0.56,0.44,3,2
1772047137.482474,4476043,0.23,-0.11,0.11,-169.50,-68.50,77.12,1.19,-0.75,-0.06,-0.07,0.01,0.15,11.94,61.00,80.62,-0.06,0.44,0.13,3,2
1772047137.672125,4476232,0.30,0.00,0.11,-169.37,-68.44,77.06,-0.31,-0.62,1.25,-0.02,0.02,0.08,11.69,61.06,80.69,0.75,-0.37,-1.00,3,2
1772047137.863331,4476424,0.23,-0.09,0.19,-168.75,-68.62,76.75,0.00,-0.56,-0.06,-0.11,0.00,0.05,11.56,61.06,80.69,0.81,0.81,1.50,2,2
1772047138.054195,4476615,0.24,-0.06,0.13,-168.69,-68.50,76.62,2.06,2.50,0.25,-0.06,0.12,0.02,11.50,61.00,80.62,0.62,0.13,0.00,2,1
1772047138.244948,4476805,0.32,0.03,0.10,-168.87,-68.25,76.62,0.25,0.37,0.00,-0.04,0.05,0.06,11.44,61.00,80.62,0.37,0.25,0.50,1,1
1772047138.436026,4476996,0.30,-0.19,0.13,-169.00,-68.37,76.75,-0.44,-1.75,0.00,-0.12,0.06,0.03,11.56,60.94,80.56,-0.31,0.94,1.19,2,1
1772047138.626532,4477187,0.19,0.00,0.16,-168.37,-68.87,76.31,-0.81,-3.44,-0.37,-0.08,0.06,0.07,11.81,60.81,80.37,0.50,0.62,1.19,2,1
1772047138.817745,4477378,0.19,-0.04,0.16,-168.44,-69.12,76.50,1.50,-0.75,-0.44,-0.11,0.04,0.03,12.06,60.75,80.31,-0.37,-0.44,-0.31,2,2
1772047139.008574,4477569,0.25,-0.03,0.14,-168.87,-69.12,76.81,0.75,0.50,-0.13,-0.12,0.07,0.03,12.13,60.81,80.31,-2.19,-2.50,-2.06,2,2
1772047139.199657,4477760,0.22,-0.03,0.14,-169.44,-68.87,77.19,-1.37,0.88,-0.31,-0.05,0.01,0.06,12.13,60.88,80.37,-0.19,0.50,0.00,2,2
1772047139.390568,4477951,0.28,-0.07,0.14,-169.62,-68.62,77.25,-0.37,1.50,-0.50,-0.15,0.07,0.02,12.13,60.94,80.37,-0.06,0.00,-0.25,2,2
1772047139.581576,4478142,0.25,-0.08,0.13,-169.50,-68.56,77.06,-0.88,0.06,0.75,-0.12,0.06,0.04,12.13,60.94,80.37,-0.19,-0.44,-0.37,2,2
1772047139.771948,4478332,0.22,-0.07,0.17,-169.25,-68.62,76.87,0.06,-1.19,0.81,-0.12,0.09,0.03,12.06,61.00,80.37,-0.06,-0.19,-0.06,2,2
1772047139.962469,4478523,0.22,-0.03,0.14,-169.00,-68.62,76.69,0.50,0.44,0.00,0.00,0.00,0.07,12.06,60.94,80.37,-0.31,0.25,0.25,2,2
1772047140.153486,4478714,0.25,-0.07,0.13,-169.00,-68.62,76.62,-0.56,-0.88,0.31,-0.17,0.04,0.02,12.06,60.88,80.44,0.06,1.19,0.25,2,2
1772047140.344267,4478904,0.23,0.02,0.15,-168.56,-68.75,76.25,-2.25,-1.75,0.37,-0.12,0.08,0.04,12.06,60.94,80.44,0.44,-1.19,-0.56,2,2
1772047140.534397,4479095,0.26,-0.01,0.20,-168.00,-69.06,76.00,-1.69,-1.12,0.25,-0.10,0.05,0.04,12.06,61.00,80.44,0.00,-0.25,0.13,2,2
1772047140.725095,4479285,0.23,-0.03,0.19,-167.81,-69.19,75.94,0.50,-1.12,-0.31,-0.06,0.01,0.03,12.06,60.88,80.37,0.44,0.81,0.62,2,2
1772047140.916168,4479476,0.24,-0.03,0.17,-167.81,-69.25,75.94,-0.19,-0.13,0.62,-0.17,0.08,-0.01,12.06,60.81,80.37,0.31,-0.31,-0.19,3,2
1772047141.107054,4479667,0.29,-0.02,0.15,-168.25,-69.06,76.19,-0.19,1.94,-0.94,-0.07,0.04,0.03,12.13,60.88,80.37,-0.37,-0.13,0.06,3,2
1772047141.298054,4479858,0.21,-0.16,0.12,-168.62,-68.87,76.44,-0.56,1.56,-0.88,-0.12,0.06,0.02,12.13,60.88,80.37,-0.69,-1.19,-0.44,3,2
1772047141.489005,4480049,0.28,-0.15,0.16,-168.81,-68.81,76.44,0.00,-0.25,-0.56,-0.07,0.07,0.09,12.13,60.94,80.44,-0.13,-0.06,0.06,3,2
1772047141.679212,4480239,0.27,0.02,0.13,-168.62,-68.81,76.25,0.00,0.31,0.13,-0.12,0.11,0.05,12.13,61.00,80.44,-0.44,-0.62,-0.44,3,2
1772047141.869853,4480430,0.22,-0.03,0.15,-168.44,-68.81,76.12,-0.13,0.50,0.06,-0.06,0.02,0.13,12.13,61.00,80.44,-0.31,0.56,0.13,4,2
1772047142.061186,4480621,0.28,-0.05,0.10,-168.44,-68.75,76.06,-0.88,0.25,-0.19,-0.11,0.03,0.05,12.13,61.00,80.44,-0.13,-0.13,-0.13,4,2
1772047142.252268,4480812,0.26,-0.02,0.13,-168.06,-68.87,75.75,-1.12,-0.69,0.44,-0.10,0.02,0.02,12.06,61.00,80.44,-0.75,-1.87,-0.69,4,2
1772047142.441782,4481002,0.23,-0.05,0.19,-167.62,-69.12,75.56,-1.00,-1.37,0.69,-0.08,0.04,0.12,12.06,61.06,80.44,0.69,0.75,0.13,4,2
1772047142.632392,4481193,0.23,-0.07,0.14,-167.62,-69.12,75.56,0.56,0.69,-0.31,-0.18,0.09,0.01,12.00,61.00,80.44,0.88,0.31,0.06,4,3
1772047142.823212,4481384,0.23,-0.10,0.11,-167.75,-69.12,75.69,0.19,0.44,0.37,-0.01,0.01,0.16,11.81,60.94,80.37,0.69,0.69,-0.44,4,3
1772047143.014061,4481574,0.24,0.01,0.13,-167.75,-68.87,75.56,-0.25,0.88,1.69,-0.14,0.08,0.06,11.69,60.88,80.37,0.37,1.37,1.00,4,2
1772047143.204939,4481765,0.30,-0.04,0.10,-168.25,-68.62,75.87,2.06,1.19,-1.12,-0.14,0.03,0.02,11.75,60.81,80.31,-0.56,-0.94,0.00,4,2
1772047143.395942,4481956,0.22,-0.18,0.17,-168.94,-68.69,76.44,0.50,-0.37,-0.37,-0.13,0.01,0.08,11.88,60.94,80.37,-0.56,-0.62,-0.50,3,2
1772047143.586168,4482146,0.32,0.01,0.14,-168.94,-68.62,76.37,-0.81,0.25,0.25,-0.11,0.14,0.03,11.81,61.00,80.37,-0.13,-0.81,-0.94,4,2
1772047143.777197,4482337,0.19,0.03,0.10,-168.44,-68.62,76.00,-2.12,0.13,0.19,-0.13,0.02,0.08,11.75,61.06,80.37,0.19,-0.13,-0.06,3,2
1772047143.968251,4482528,0.26,-0.06,0.09,-168.31,-68.75,75.94,-0.13,-1.31,-0.06,-0.09,0.05,0.03,11.75,61.06,80.37,-0.06,-0.13,0.13,3,2
1772047144.158880,4482719,0.23,-0.04,0.12,-168.19,-68.94,75.87,-0.19,0.37,0.25,-0.09,0.03,0.06,11.81,61.06,80.37,-0.25,-0.81,0.19,2,2
1772047144.349496,4482910,0.22,-0.07,0.16,-168.00,-69.06,75.81,-0.50,-0.25,0.50,-0.06,0.01,0.12,11.81,61.06,80.37,-0.19,0.69,0.37,3,2
1772047144.539704,4483100,0.30,-0.03,0.11,-167.87,-69.06,75.69,-0.62,0.13,0.19,-0.07,0.04,0.07,11.81,61.06,80.44,0.00,0.31,0.06,2,2
1772047144.730939,4483291,0.18,-0.05,0.17,-167.81,-69.12,75.62,-0.13,-0.88,0.44,-0.08,0.08,0.09,11.81,61.06,80.44,-0.37,-0.81,-0.31,3,2
1772047144.921131,4483482,0.25,-0.14,0.13,-167.87,-69.00,75.69,2.19,0.44,0.37,-0.07,0.03,0.08,11.81,61.06,80.44,0.31,0.69,0.31,3,2
1772047145.112196,4483673,0.34,0.00,0.09,-167.94,-68.94,75.69,0.75,0.19,-0.25,-0.10,0.06,0.06,11.81,61.06,80.44,0.06,-0.06,0.19,3,2
1772047145.303397,4483864,0.23,-0.06,0.16,-167.94,-69.12,75.75,0.13,-1.19,-0.06,-0.10,0.04,0.09,11.88,61.00,80.37,-0.06,0.31,0.31,3,2
1772047145.493321,4484054,0.22,0.04,0.13,-167.87,-69.19,75.81,0.31,0.19,0.06,-0.09,0.11,-0.01,11.88,61.06,80.37,0.19,-0.44,0.31,2,2
1772047145.684310,4484245,0.26,-0.09,0.13,-168.31,-69.12,76.06,2.12,2.31,-0.75,-0.11,0.01,0.02,11.94,61.00,80.37,-0.25,0.19,-0.13,3,2
1772047145.874968,4484435,0.30,-0.18,0.12,-168.94,-68.75,76.50,0.37,1.06,-0.50,-0.09,0.02,0.06,11.94,61.06,80.37,0.00,-0.50,0.13,3,3
1772047146.065948,4484626,0.21,-0.16,0.16,-168.69,-68.69,76.37,-0.56,0.44,0.88,-0.13,0.04,0.07,11.94,61.06,80.44,0.37,-0.50,-0.31,4,3
1772047146.256416,4484816,0.27,-0.01,0.16,-168.37,-68.62,76.00,-0.75,-1.37,1.12,-0.16,0.05,0.09,11.81,61.13,80.44,-0.31,-1.06,-0.44,4,2
1772047146.446886,4485007,0.26,-0.07,0.14,-168.19,-68.69,75.81,-0.50,0.31,0.19,-0.14,0.01,0.07,11.88,61.13,80.44,-0.37,-0.50,-0.31,4,3
1772047146.637552,4485198,0.24,-0.07,0.16,-168.12,-68.75,75.81,-0.13,-0.19,0.13,-0.08,0.04,0.11,11.88,61.06,80.44,-0.06,1.00,0.19,4,3
1772047146.828482,4485389,0.27,0.03,0.15,-168.12,-68.75,75.75,-0.13,0.44,0.25,-0.06,0.01,0.06,11.81,61.13,80.50,0.25,0.88,0.06,4,3
1772047147.019954,4485580,0.23,-0.03,0.13,-168.00,-68.69,75.69,-0.25,0.62,-0.13,-0.13,0.00,0.06,11.81,61.06,80.50,-0.44,-0.75,-0.37,4,3
1772047147.210204,4485771,0.30,-0.06,0.14,-168.12,-68.69,75.75,0.19,-1.00,-0.37,-0.13,0.01,0.09,11.81,61.13,80.50,0.31,1.06,0.44,6,3
1772047147.400603,4485961,0.30,-0.10,0.15,-168.06,-68.81,75.81,0.00,0.06,-0.25,-0.03,-0.05,0.15,11.81,61.06,80.50,0.50,0.81,0.44,6,3
1772047147.591704,4486152,0.19,-0.11,0.17,-168.06,-68.87,75.87,-0.37,-0.75,0.25,-0.09,0.07,0.08,11.81,61.06,80.44,-0.25,0.06,-0.06,6,2
1772047147.782747,4486343,0.26,-0.06,0.13,-168.06,-68.87,75.87,-0.13,-0.06,-0.75,-0.08,-0.01,0.08,11.81,61.06,80.44,-0.13,0.31,0.37,6,2
1772047147.973418,4486534,0.21,-0.07,0.16,-168.12,-68.87,75.94,-0.13,0.06,0.00,-0.14,0.04,0.11,11.81,61.06,80.44,-0.06,-0.62,-0.19,5,2
1772047148.163808,4486724,0.35,0.04,0.14,-168.06,-68.87,75.75,0.25,-0.56,0.00,-0.11,0.07,0.17,11.81,61.19,80.50,-0.69,0.75,0.25,5,2
1772047148.354184,4486915,0.28,-0.08,0.16,-167.94,-68.94,75.69,0.00,0.69,-0.69,-0.08,0.06,0.12,11.88,61.19,80.50,-0.88,0.31,-0.19,4,2
1772047148.545186,4487106,0.24,-0.02,0.16,-168.00,-69.00,75.69,-0.44,-1.12,-0.50,-0.06,0.01,0.13,11.88,61.25,80.50,0.19,1.37,0.69,5,2
1772047148.736290,4487297,0.27,-0.01,0.14,-167.75,-69.06,75.50,-1.06,-0.44,1.12,0.04,-0.02,0.20,11.94,61.19,80.56,-0.37,2.00,0.62,5,1
1772047148.927563,4487488,0.25,-0.17,0.23,-167.62,-69.00,75.44,0.44,0.62,-0.13,-0.10,-0.02,0.16,11.88,61.25,80.50,-0.81,0.62,0.37,5,2
1772047149.119627,4487680,0.32,-0.19,0.12,-167.75,-68.87,75.50,-1.00,-1.12,-0.37,-0.07,-0.05,0.16,11.88,61.13,80.50,-0.31,0.81,0.19,3,1
1772047149.308767,4487869,0.22,-0.11,0.17,-167.69,-68.94,75.50,-1.37,-0.69,-0.44,-0.11,0.02,0.07,11.88,61.13,80.50,0.69,0.19,0.19,2,1
1772047149.500178,4488061,0.28,-0.13,0.10,-167.62,-68.94,75.44,0.31,-0.37,-0.56,-0.10,0.07,0.01,11.81,61.13,80.50,0.62,0.94,0.44,3,2
1772047149.692985,4488254,0.19,0.00,0.13,-167.44,-69.12,75.37,0.13,-0.31,0.44,-0.11,0.00,0.08,11.69,60.94,80.50,0.62,0.37,0.50,3,2
1772047149.886481,4488447,0.21,-0.12,0.19,-168.12,-69.00,75.75,2.75,1.00,-0.13,-0.11,0.01,0.02,11.63,60.88,80.50,-0.19,0.62,-0.31,4,2
1772047150.078648,4488639,0.24,-0.05,0.13,-168.50,-68.81,75.94,0.06,1.62,-1.56,-0.09,-0.02,0.06,11.56,60.94,80.50,0.00,1.19,-0.31,4,2
1772047150.269874,4488830,0.28,-0.01,0.17,-168.50,-68.75,75.87,-2.62,-0.19,0.88,-0.11,0.01,0.06,11.50,61.00,80.56,-0.25,-0.75,-0.19,4,2
1772047150.461147,4489022,0.28,-0.10,0.13,-168.25,-68.75,75.62,-1.00,0.00,0.13,-0.06,0.00,0.04,11.50,61.00,80.56,0.00,-0.13,0.19,4,2
1772047150.652180,4489213,0.20,-0.01,0.16,-167.75,-69.12,75.31,-0.69,-2.56,0.81,-0.10,0.04,0.07,11.50,61.00,80.56,0.00,0.31,0.00,4,2
1772047150.843275,4489404,0.26,0.00,0.15,-167.44,-69.25,75.12,0.13,-1.12,-0.13,-0.09,0.02,0.02,11.50,61.06,80.56,-0.31,0.00,-0.13,4,2
1772047151.034601,4489595,0.23,-0.08,0.13,-167.31,-69.31,75.06,0.37,1.31,-0.13,-0.09,-0.01,0.06,11.50,61.06,80.56,0.00,-0.06,-0.37,4,2
1772047151.225261,4489786,0.28,-0.16,0.13,-167.62,-69.12,75.31,1.06,0.56,0.13,-0.11,-0.04,0.08,11.50,61.06,80.56,0.56,0.56,0.56,6,2
1772047151.416201,4489976,0.29,-0.08,0.14,-168.00,-68.94,75.50,1.56,2.25,-0.94,-0.05,-0.02,0.10,11.44,61.06,80.50,-0.44,-0.69,-0.13,6,1
1772047151.607201,4490167,0.25,-0.02,0.16,-168.25,-68.87,75.75,-0.25,-0.88,0.00,-0.13,0.00,0.07,11.50,61.06,80.50,-0.13,-0.69,0.00,5,2
1772047151.798662,4490359,0.23,-0.10,0.13,-168.44,-68.87,75.94,0.62,1.06,-0.25,-0.13,0.05,0.06,11.56,61.00,80.50,-0.25,-0.88,-0.25,4,2
1772047151.991850,4490552,0.22,-0.09,0.12,-168.56,-68.75,75.94,0.44,0.44,0.50,-0.02,-0.05,0.15,11.50,61.06,80.50,-0.25,-1.62,-0.75,4,2
1772047152.184785,4490745,0.28,-0.21,0.12,-168.62,-68.62,75.94,0.44,-0.69,0.13,-0.18,0.04,0.04,11.50,61.19,80.56,-0.13,-0.44,-0.06,3,2
1772047152.375261,4490936,0.23,-0.06,0.13,-168.56,-68.69,75.87,0.25,0.19,-0.06,-0.11,-0.01,0.09,11.50,61.19,80.56,-0.25,0.31,0.06,3,1
1772047152.568719,4491129,0.22,-0.07,0.16,-168.56,-68.69,75.87,-0.31,-0.81,0.06,-0.12,0.00,0.03,11.50,61.19,80.56,0.06,-0.37,-0.13,3,2
1772047152.759782,4491320,0.28,-0.01,0.12,-168.44,-68.69,75.75,-0.81,0.37,0.37,-0.13,0.08,0.02,11.50,61.25,80.56,0.06,0.19,-0.25,4,2
1772047152.951366,4491512,0.24,-0.01,0.12,-168.31,-68.69,75.62,-1.00,0.19,-0.31,-0.11,0.02,0.04,11.50,61.25,80.56,0.37,-0.19,-0.13,4,2
1772047153.142482,4491703,0.25,-0.02,0.14,-168.31,-68.75,75.62,0.62,-0.56,-0.81,-0.09,0.01,0.07,11.50,61.19,80.56,-0.13,0.44,0.50,4,2
1772047153.333720,4491894,0.23,-0.09,0.15,-168.44,-68.75,75.75,0.13,0.50,-0.37,-0.06,-0.03,0.15,11.50,61.13,80.56,0.37,0.94,0.31,3,2
1772047153.524109,4492085,0.24,-0.07,0.16,-168.44,-68.81,75.81,-0.44,-0.31,0.25,-0.12,0.02,0.06,11.50,61.13,80.56,0.19,-0.06,0.00,3,2
1772047153.715753,4492276,0.39,-0.17,0.07,-168.37,-68.81,75.75,-0.88,-0.25,-0.25,-0.08,0.01,0.09,11.50,61.13,80.56,-0.19,-0.62,-0.06,3,2
1772047153.907447,4492468,0.19,-0.10,0.17,-168.12,-69.06,75.62,-0.44,-1.50,0.37,-0.05,0.00,0.12,11.50,61.19,80.56,0.06,-0.25,-0.13,4,2
1772047154.100909,4492661,0.20,-0.13,0.23,-168.00,-69.12,75.56,0.31,-0.37,0.06,-0.12,-0.01,0.10,11.56,61.25,80.56,-0.19,-0.13,0.19,4,2
1772047154.291074,4492851,0.21,-0.12,0.13,-168.19,-68.94,75.62,0.69,2.25,-0.13,-0.13,0.09,0.05,11.44,61.25,80.62,0.13,-0.44,-0.19,3,2
1772047154.481590,4493042,0.30,0.01,0.18,-168.19,-68.75,75.50,0.81,-0.94,0.50,-0.13,0.02,0.09,11.50,61.19,80.62,-0.13,0.19,0.19,3,2
1772047154.675390,4493236,0.29,-0.05,0.13,-168.06,-68.75,75.37,-0.25,0.37,0.75,-0.13,0.05,0.02,11.44,61.19,80.62,0.06,0.69,-0.19,3,2
1772047154.867353,4493428,0.21,-0.08,0.13,-168.00,-68.75,75.31,-0.44,0.69,-0.44,-0.05,-0.02,0.08,11.44,61.13,80.62,0.25,0.69,0.44,3,2
1772047155.058940,4493619,0.22,-0.07,0.12,-168.00,-68.69,75.31,-0.31,-0.75,0.00,-0.10,0.03,0.04,11.44,61.13,80.62,0.06,-0.13,-0.25,2,2
1772047155.248943,4493809,0.22,-0.07,0.19,-168.06,-68.69,75.31,0.31,0.19,-0.81,-0.09,0.04,0.10,11.44,61.06,80.62,-1.56,-1.12,-0.37,2,2
1772047155.439402,4494000,0.24,0.00,0.20,-168.06,-68.75,75.19,-0.81,0.19,0.13,-0.04,0.01,0.09,11.44,61.00,80.50,-0.13,1.19,0.19,2,2
1772047155.630991,4494192,0.27,-0.02,0.19,-168.19,-68.75,75.37,2.19,0.62,-0.31,-0.10,0.00,0.03,11.50,60.94,80.44,0.50,0.69,0.69,2,2
1772047155.822113,4494383,0.26,-0.16,0.13,-168.75,-68.81,75.87,1.00,0.56,0.31,-0.08,-0.02,0.11,11.56,60.88,80.44,-0.56,-0.69,0.06,2,2
1772047156.012904,4494573,0.22,-0.26,0.12,-169.06,-68.81,76.06,-0.19,-0.81,0.56,-0.09,-0.03,0.10,11.50,61.00,80.50,0.37,1.06,0.62,3,2
1772047156.204072,4494765,0.27,-0.08,0.10,-168.87,-68.81,75.81,-0.13,0.44,0.13,-0.09,0.00,0.08,11.50,61.00,80.50,-0.06,0.44,0.06,3,2
1772047156.394744,4494955,0.33,-0.08,0.10,-168.75,-68.87,75.69,-1.50,-0.81,0.31,-0.13,0.05,0.08,11.50,61.00,80.50,-0.13,-0.50,-0.19,3,2
1772047156.585367,4495146,0.22,0.02,0.13,-168.12,-69.06,75.25,-0.56,-1.25,0.37,-0.07,0.08,0.01,11.56,61.06,80.50,0.19,-0.37,-0.06,3,2
1772047156.776275,4495337,0.15,0.04,0.12,-168.00,-69.19,75.25,-0.06,1.44,0.00,-0.06,0.08,0.04,11.56,61.06,80.56,-0.19,0.06,-0.50,3,3
1772047156.967440,4495528,0.29,0.05,0.13,-168.31,-69.00,75.37,0.19,0.62,-0.56,-0.12,0.02,0.01,11.56,61.06,80.56,-0.06,-0.06,-0.19,4,3
1772047157.158568,4495719,0.18,0.05,0.15,-168.31,-69.00,75.50,-0.44,-0.25,0.62,-0.11,0.00,0.00,11.56,61.13,80.56,0.37,0.37,0.00,4,3
1772047157.352181,4495913,0.22,-0.14,0.17,-168.44,-68.94,75.56,0.13,0.06,-0.69,-0.09,-0.01,0.13,11.44,61.06,80.50,-0.69,0.88,-0.56,4,3
1772047157.541423,4496102,0.30,0.04,0.11,-168.25,-68.87,75.50,-1.37,-1.62,-1.44,-0.11,0.01,0.10,11.50,61.00,80.44,-0.19,0.25,0.44,4,3
1772047157.735776,4496296,0.32,-0.11,0.11,-168.62,-69.00,75.81,-0.31,-0.50,-0.25,-0.07,0.01,0.07,11.50,60.94,80.44,0.25,0.88,0.25,4,3
1772047157.928881,4496489,0.17,-0.11,0.14,-168.50,-69.19,75.81,0.88,-0.19,-1.12,-0.12,0.04,0.05,11.50,61.00,80.44,-0.62,-0.44,-0.37,4,3
1772047158.120466,4496681,0.28,-0.03,0.11,-168.56,-69.12,75.81,-0.69,1.19,0.56,-0.12,0.03,0.09,11.50,61.06,80.44,-0.06,-1.06,-0.56,4,3
1772047158.311834,4496872,0.29,-0.10,0.13,-168.62,-69.00,75.75,0.31,-0.06,-0.25,-0.13,0.02,0.08,11.50,61.13,80.44,-0.31,-0.13,-0.31,4,3
1772047158.501067,4497062,0.32,-0.04,0.13,-168.56,-69.00,75.69,-1.06,0.31,0.25,-0.01,-0.01,0.10,11.50,61.13,80.50,-0.81,-1.56,-0.69,4,3
1772047158.692524,4497253,0.26,-0.01,0.17,-168.37,-69.00,75.56,-1.25,0.75,0.37,-0.02,0.00,0.12,11.50,61.19,80.50,0.25,0.37,-0.13,5,3
1772047158.883812,4497444,0.27,-0.01,0.11,-168.31,-69.00,75.44,-0.62,0.06,0.19,-0.09,0.01,0.05,11.50,61.13,80.50,0.13,-0.25,-0.13,4,2
1772047159.074887,4497636,0.24,-0.06,0.11,-168.19,-69.12,75.31,-0.69,-0.94,0.56,-0.02,0.03,0.09,11.50,61.13,80.50,0.06,0.06,0.06,4,2
1772047159.266168,4497827,0.18,-0.10,0.16,-167.75,-69.37,75.12,0.00,-2.69,0.69,-0.12,0.02,0.07,11.50,61.19,80.50,0.00,0.19,0.19,4,1
1772047159.457978,4498019,0.19,-0.06,0.15,-167.31,-69.62,74.87,0.31,-0.25,1.00,-0.10,0.01,0.07,11.50,61.19,80.56,-0.37,-0.50,-0.44,3,1
1772047159.647878,4498208,0.16,-0.02,0.19,-167.12,-69.69,74.81,-0.31,-0.50,0.13,-0.21,0.05,0.09,11.63,61.13,80.50,-1.87,-0.44,0.31,3,1
1772047159.839207,4498400,0.15,0.06,0.20,-167.37,-69.56,75.00,0.31,1.31,-1.12,-0.04,-0.04,0.02,11.63,61.13,80.44,0.25,-1.25,-0.06,3,1
1772047160.032671,4498593,0.26,-0.06,0.14,-168.19,-69.50,75.62,1.00,-0.25,-1.31,-0.15,0.01,0.07,11.69,61.06,80.37,0.19,-0.25,-0.13,3,1
1772047160.225794,4498786,0.30,-0.14,0.09,-168.50,-69.44,75.69,-2.56,-0.88,-0.25,-0.07,-0.03,0.02,11.56,61.00,80.31,1.00,0.37,0.44,3,2
1772047160.415259,4498976,0.21,0.07,0.16,-167.62,-69.69,75.19,-1.06,-2.12,1.56,-0.22,0.02,0.06,11.44,60.94,80.25,1.62,-1.31,-0.31,2,2
1772047160.605495,4499166,0.29,0.01,0.11,-167.37,-69.75,74.94,0.06,0.50,0.88,-0.12,0.10,0.06,11.44,61.00,80.37,-1.56,-0.62,-0.25,2,2
1772047160.799812,4499360,0.12,-0.07,0.16,-167.31,-69.87,74.94,0.25,-0.50,-1.00,-0.13,-0.07,0.01,11.44,61.06,80.31,-0.37,-0.25,-0.19,1,3
1772047160.991020,4499552,0.15,-0.01,0.15,-167.75,-69.94,75.19,-5.75,-3.31,0.62,-0.12,0.00,0.14,11.31,61.19,80.31,-1.19,1.06,0.94,2,3
1772047161.182198,4499743,0.20,-0.03,0.17,-167.25,-69.94,74.81,-0.50,-0.31,-0.44,-0.10,0.09,-0.01,11.44,61.13,80.31,0.37,0.81,0.69,2,3
1772047161.373045,4499934,0.32,0.01,0.08,-167.19,-69.81,74.69,2.00,2.87,-1.56,-0.06,-0.03,-0.01,11.69,61.00,80.25,-0.81,-0.75,0.19,2,3
1772047161.564062,4500125,0.21,-0.07,0.12,-167.94,-69.75,75.12,-1.25,-1.25,-0.13,-0.09,-0.01,0.09,11.75,61.00,80.25,0.25,0.81,0.13,2,3
1772047161.754832,4500316,0.32,-0.01,0.12,-167.37,-70.00,74.81,-2.44,-2.50,0.31,-0.11,0.02,0.00,11.69,60.94,80.25,0.13,-2.12,-0.19,3,4
1772047161.945716,4500507,0.22,0.00,0.15,-166.81,-70.44,74.62,-0.31,-1.31,0.31,-0.04,0.00,-0.01,11.69,60.94,80.25,0.00,0.37,0.44,3,4
1772047162.137110,4500698,0.23,0.04,0.14,-166.75,-70.62,74.69,0.44,-0.56,-0.69,-0.01,-0.05,0.02,11.69,60.88,80.19,-0.37,-0.75,-0.44,3,4
1772047162.328343,4500889,0.24,-0.04,0.13,-167.00,-70.56,74.81,-0.62,0.81,0.50,-0.09,0.00,0.00,11.69,60.94,80.25,0.19,-0.56,-0.44,4,4
1772047162.519596,4501080,0.17,0.01,0.21,-167.19,-70.50,74.94,1.00,1.25,-0.19,-0.03,0.00,0.01,11.69,61.00,80.25,-0.06,-0.25,-0.62,4,4
1772047162.709568,4501270,0.31,-0.19,0.10,-167.87,-70.00,75.25,0.06,2.37,-0.62,-0.08,-0.04,0.12,11.56,61.00,80.31,-1.87,-0.19,-0.81,5,4
1772047162.900195,4501461,0.29,-0.15,0.08,-167.81,-69.75,75.25,-2.50,-1.37,0.50,-0.08,0.00,0.04,11.50,61.00,80.37,0.75,0.37,0.19,4,4
1772047163.091814,4501653,0.19,-0.05,0.18,-166.75,-70.00,74.50,1.00,0.13,-1.06,-0.07,0.04,-0.03,11.50,61.06,80.37,-0.56,-0.13,0.31,4,4
1772047163.284783,4501846,0.26,0.01,0.10,-166.75,-70.00,74.44,0.06,-0.56,-0.37,-0.07,0.00,0.03,11.56,61.06,80.37,-0.50,0.00,-0.19,4,3
1772047163.478907,4502040,0.28,-0.02,0.12,-166.69,-70.19,74.44,-0.75,-0.81,0.62,-0.13,0.04,0.02,11.56,61.06,80.37,0.13,-1.12,-0.56,4,3
1772047163.669420,4502230,0.31,0.03,0.11,-165.94,-70.37,74.06,-0.88,-1.12,0.88,-0.07,0.05,0.00,11.50,61.13,80.37,0.50,-0.94,-0.37,4,3
1772047163.861826,4502423,0.23,-0.02,0.12,-165.69,-70.56,74.06,0.19,-0.81,-0.56,-0.06,0.00,0.03,11.50,61.13,80.37,0.25,-0.13,0.13,4,3
1772047164.052934,4502614,0.25,-0.05,0.16,-165.75,-70.69,74.12,1.06,-0.75,-1.06,-0.10,0.01,0.00,11.56,61.06,80.31,0.00,0.25,0.25,5,2
1772047164.244110,4502805,0.21,0.03,0.15,-165.87,-70.75,74.25,-0.44,0.56,0.19,-0.05,0.02,0.03,11.50,61.00,80.37,0.06,-0.69,-0.94,4,1
1772047164.435230,4502996,0.32,0.03,0.11,-165.87,-70.62,74.25,0.13,1.69,0.69,-0.13,0.06,0.04,11.56,61.06,80.44,-0.37,1.12,0.13,4,1
1772047164.625939,4503187,0.27,-0.01,0.12,-166.44,-70.31,74.62,0.69,3.00,-1.06,-0.13,0.00,-0.02,11.69,61.06,80.44,-0.50,-0.37,0.50,4,1
1772047164.816645,4503377,0.23,-0.15,0.13,-167.56,-70.12,75.19,0.44,-0.37,0.06,-0.17,-0.01,0.03,11.69,61.06,80.44,0.37,-0.56,-0.44,4,1
1772047165.007765,4503569,0.30,-0.03,0.13,-167.37,-70.06,75.06,-1.00,0.00,1.62,-0.19,0.03,0.02,11.56,61.13,80.50,0.13,-0.56,-0.44,4,2
1772047165.198815,4503760,0.20,-0.08,0.11,-166.87,-70.06,74.62,0.19,0.37,0.19,-0.15,0.03,0.00,11.50,61.13,80.50,-0.44,-1.81,-0.75,4,1
1772047165.390535,4503951,0.19,-0.09,0.13,-166.94,-70.06,74.69,0.06,-0.31,-0.25,-0.01,-0.07,0.16,11.56,61.06,80.50,0.00,1.37,0.37,4,2
1772047165.580284,4504141,0.23,-0.06,0.14,-166.81,-70.06,74.50,-0.75,-1.37,-0.13,-0.06,0.05,0.06,11.56,61.19,80.50,0.06,0.31,-0.31,4,1
1772047165.770572,4504331,0.26,0.10,0.16,-166.19,-70.31,74.19,-0.56,-0.13,0.13,-0.11,0.03,0.00,11.50,61.19,80.50,0.00,-1.06,-0.56,4,1
1772047165.961492,4504522,0.24,-0.03,0.11,-166.25,-70.44,74.31,0.31,-0.81,-0.44,-0.08,-0.02,0.03,11.56,61.19,80.50,0.19,0.75,0.44,3,1
1772047166.152929,4504714,0.22,-0.07,0.09,-166.19,-70.56,74.37,-0.81,-0.69,0.37,-0.06,0.00,0.00,11.56,61.19,80.44,0.81,-0.88,-0.25,3,1
1772047166.346598,4504907,0.29,0.02,0.13,-166.25,-70.50,74.31,-0.44,1.06,-0.25,-0.10,-0.02,0.07,11.56,61.19,80.44,-0.44,-0.44,-0.06,3,1
1772047166.539490,4505100,0.22,0.00,0.15,-166.25,-70.44,74.31,0.56,1.06,-0.50,-0.11,0.01,0.00,11.56,61.25,80.44,-0.06,-1.25,-0.31,3,2
1772047166.730476,4505291,0.23,-0.11,0.13,-166.62,-70.37,74.50,0.06,0.88,-0.13,-0.02,-0.05,0.12,11.56,61.25,80.44,-0.06,0.44,0.06,3,1
1772047166.923049,4505484,0.25,-0.07,0.13,-166.69,-70.31,74.56,-0.19,0.69,0.37,-0.12,-0.04,0.08,11.56,61.31,80.44,0.13,0.50,0.56,4,2
1772047167.114330,4505675,0.27,-0.01,0.11,-166.44,-70.25,74.31,-0.69,-0.56,0.75,-0.11,-0.01,0.04,11.56,61.25,80.44,0.00,0.00,-0.13,4,2
1772047167.305676,4505866,0.23,-0.04,0.14,-166.31,-70.37,74.25,-0.37,-0.37,0.62,-0.09,-0.01,0.04,11.56,61.25,80.44,0.19,-0.19,-0.37,4,2
1772047167.496575,4506058,0.40,0.00,0.11,-166.19,-70.25,74.12,0.94,0.13,1.50,-0.12,0.06,0.13,11.50,61.31,80.56,-1.12,1.00,-0.31,4,2
1772047167.687213,4506248,0.37,0.00,0.13,-166.44,-70.25,74.31,0.88,3.31,-1.56,-0.04,0.02,-0.02,11.69,61.19,80.50,-0.19,-0.06,0.13,4,2
1772047167.878132,4506439,0.18,-0.15,0.19,-167.06,-70.25,74.87,1.69,0.37,-0.88,-0.11,0.02,0.01,11.69,61.13,80.44,-0.19,-0.44,-0.44,4,2
1772047168.069308,4506630,0.30,0.01,0.07,-167.25,-70.00,74.94,-0.44,0.44,-0.31,-0.10,0.05,-0.02,11.69,61.13,80.44,0.75,0.37,0.06,4,2
1772047168.260267,4506821,0.21,-0.04,0.09,-167.19,-70.12,74.94,-0.62,0.00,0.13,-0.14,0.00,0.00,11.69,61.00,80.44,0.13,-0.44,0.06,4,2
1772047168.452238,4507013,0.23,-0.10,0.15,-167.19,-70.19,74.94,0.31,-0.62,-0.31,-0.04,0.00,0.06,11.69,61.00,80.37,-0.31,-0.69,-0.19,3,2
1772047168.641682,4507202,0.25,-0.09,0.13,-167.19,-70.12,74.94,-0.31,1.31,0.00,-0.09,-0.02,0.07,11.63,61.00,80.44,-0.25,-1.00,-0.81,4,2
1772047168.832070,4507393,0.25,-0.17,0.13,-167.00,-70.12,74.75,-2.25,0.25,0.13,-0.07,-0.04,0.08,11.63,61.06,80.44,-0.37,-0.13,0.31,3,2
1772047169.022721,4507584,0.02,0.00,0.20,-166.44,-70.31,74.31,0.37,-0.13,0.50,-0.02,-0.04,0.11,11.69,60.94,80.37,-0.06,3.00,2.75,3,2
1772047169.214020,4507775,0.52,0.00,0.28,-165.81,-68.00,73.81,10.00,20.56,12.13,0.02,-0.16,0.07,11.69,60.63,80.06,1.62,4.06,0.69,3,2
1772047169.404542,4507966,0.34,-0.31,0.13,-164.44,-65.75,74.00,1.69,3.94,5.12,-0.23,0.00,0.25,11.13,60.44,79.87,3.62,-1.44,2.75,3,2
1772047169.594357,4508155,0.58,-0.27,0.09,-162.87,-64.25,71.44,-13.19,4.75,6.37,-0.05,0.21,-0.16,10.63,60.75,79.87,-1.75,-0.56,-3.75,3,2
1772047169.785176,4508346,0.06,0.58,0.29,-154.06,-65.56,62.63,-47.63,-20.00,-2.69,-0.12,-0.22,0.26,10.69,60.44,80.06,0.37,-1.12,0.81,3,2
1772047169.976090,4508537,0.57,0.08,0.08,-149.56,-68.25,58.00,-18.69,-16.37,-11.94,0.04,0.25,-0.03,10.50,60.88,80.25,-3.06,-5.00,-3.19,3,2
1772047170.166916,4508728,0.02,0.41,0.39,-145.06,-71.87,56.81,-6.81,-13.88,-10.13,-0.06,0.08,-0.22,10.38,61.81,80.69,3.50,-5.00,0.62,3,3
1772047170.357470,4508918,-0.10,0.05,0.45,-142.56,-74.56,58.69,2.00,-9.56,-3.12,-0.05,-0.06,0.06,10.69,61.88,80.25,0.31,-1.37,-1.25,5,2
1772047170.546885,4509108,0.38,-0.04,0.09,-142.56,-75.06,59.63,-1.69,1.06,-0.06,-0.12,-0.02,-0.02,10.69,62.00,80.19,1.87,-0.94,1.12,5,2
1772047170.738061,4509299,0.15,0.16,0.30,-142.06,-75.19,59.75,5.50,-0.06,1.75,0.01,0.03,-0.13,10.56,62.06,80.31,0.44,-0.50,-1.44,4,2
1772047170.929333,4509490,0.46,-0.35,-0.03,-144.25,-74.56,61.75,9.69,8.56,1.00,-0.02,0.05,0.01,10.69,61.56,79.62,0.31,1.44,0.62,4,2
1772047171.120391,4509682,0.37,0.19,0.18,-145.37,-73.37,61.81,3.62,2.75,3.50,-0.14,0.06,0.03,10.75,61.38,79.94,-2.87,2.44,-0.50,4,2
1772047171.310273,4509871,0.33,-0.21,0.00,-147.12,-73.06,63.06,7.25,1.50,-3.06,-0.10,-0.05,-0.01,11.00,61.06,80.12,-1.75,-0.31,0.06,4,2
1772047171.501078,4510062,0.19,-0.12,0.04,-148.87,-73.56,64.50,1.25,-3.50,-0.69,-0.12,0.00,0.04,11.25,61.06,80.25,0.13,0.00,-0.69,4,2
1772047171.691941,4510253,0.20,0.03,0.14,-147.75,-73.87,64.37,-2.25,-3.37,1.31,-0.06,0.00,0.02,11.19,61.06,80.31,0.00,1.25,0.06,4,2
1772047171.883405,4510444,0.17,-0.05,0.05,-146.75,-74.12,64.25,-0.81,0.56,-0.81,-0.07,0.09,-0.12,11.06,61.06,80.25,-0.62,-1.44,-0.88,4,2
1772047172.074258,4510635,0.18,-0.06,0.09,-146.50,-74.19,64.19,0.94,-1.31,-1.94,-0.11,0.03,0.09,10.94,60.88,80.25,0.31,-1.44,-0.75,4,1
1772047172.264893,4510826,0.29,0.06,0.05,-146.25,-74.19,64.00,-1.37,-0.25,-1.37,-0.09,0.03,-0.04,11.13,60.88,80.12,0.62,0.19,0.56,2,2
1772047172.455532,4511016,0.17,-0.10,0.12,-145.62,-74.44,64.00,-0.25,-1.56,1.12,-0.11,-0.02,0.04,11.06,60.75,80.12,0.37,-0.44,0.19,2,3
1772047172.646308,4511207,0.45,-0.06,0.04,-145.44,-74.37,63.75,-0.75,-0.56,2.81,-0.23,-0.02,0.13,11.00,60.88,80.19,0.25,-0.88,-0.06,2,3
1772047172.837671,4511398,0.18,-0.06,0.07,-144.62,-74.62,63.19,-4.62,-5.19,-2.81,-0.04,-0.07,0.05,10.69,61.19,80.19,2.94,-3.50,1.62,3,3
1772047173.028400,4511589,0.25,0.09,0.26,-144.25,-75.12,63.00,2.69,-3.87,1.37,-0.04,0.10,-0.04,10.63,61.63,80.12,-0.88,0.44,-1.19,2,3
1772047173.219532,4511780,0.31,-0.04,0.00,-143.87,-75.12,63.06,-2.94,7.19,1.12,-0.05,0.06,-0.03,10.44,61.50,80.06,-0.75,0.94,0.19,3,3
1772047173.409737,4511970,0.31,-0.10,-0.02,-144.19,-74.56,62.44,-0.75,-0.31,-2.00,-0.10,0.02,0.04,10.50,61.44,80.00,-0.50,-0.13,0.00,2,3
1772047173.599869,4512161,0.20,0.04,0.08,-143.75,-74.81,62.44,0.25,-1.31,-0.44,-0.10,0.00,0.02,10.50,61.44,80.06,0.06,0.31,-0.75,3,3
1772047173.791214,4512352,0.28,-0.18,0.03,-144.06,-74.81,63.00,1.75,-0.31,0.56,-0.04,-0.07,-0.03,10.38,61.44,80.25,-1.94,2.75,0.19,2,4
1772047173.983174,4512544,0.23,-0.19,-0.10,-144.12,-74.87,62.94,-5.87,2.19,0.94,-0.01,-0.01,0.03,10.19,61.13,79.94,-0.50,2.31,-0.50,3,4
1772047174.176010,4512737,0.16,-0.05,0.07,-142.94,-74.75,62.19,-3.19,-1.12,-1.44,-0.06,-0.01,-0.03,10.38,61.19,79.75,-0.94,-0.37,0.62,3,3
1772047174.365331,4512926,0.23,-0.16,0.03,-142.37,-75.06,62.31,-0.69,-2.06,-1.44,-0.03,-0.04,0.04,10.69,61.06,79.62,1.37,-0.19,0.94,3,3
1772047174.554514,4513115,0.24,0.00,0.14,-141.69,-75.31,62.25,-1.75,-3.62,2.87,0.00,0.00,-0.01,10.69,61.13,79.75,-0.31,-0.50,-0.37,3,3
1772047174.746056,4513307,0.17,-0.20,-0.01,-140.69,-75.37,62.06,3.37,2.37,0.19,-0.07,0.01,-0.03,10.44,61.19,79.94,-1.50,-1.44,-2.06,3,2
