host_time_s,t_ms,ax1,ay1,az1,roll1,pitch1,yaw1,gx1,gy1,gz1,ax2,ay2,az2,roll2,pitch2,yaw2,gx2,gy2,gz2,emg1,emg2
1772048373.141585,5709751,0.2,-0.11,0.02,-143.19,-70.31,78.37,-0.31,1.06,-0.06,-0.09,0.03,-0.03,18.56,62.0,74.69,0.31,0.19,0.94,18,17
1772048373.142424,5709943,-0.07,0.02,0.07,-143.06,-70.37,78.12,-2.12,3.06,-0.56,-0.11,-0.07,-0.11,18.75,62.0,74.69,-3.44,1.19,-3.56,19,18
1772048373.142956,5710133,-0.06,-0.07,0.19,-143.37,-69.81,78.06,5.25,1.69,2.25,-0.09,0.03,0.02,18.25,61.75,75.69,-3.0,3.31,-0.19,17,17
1772048373.143732,5710324,0.17,-0.17,-0.16,-144.87,-68.75,77.69,-1.5,12.88,5.25,0.22,0.15,0.1,19.44,61.5,76.5,-15.75,-2.31,4.44,17,17
1772048373.144261,5710514,0.44,0.05,0.15,-140.69,-66.06,69.62,-43.06,-1.62,12.19,0.22,-0.2,0.16,23.19,60.88,77.5,-8.25,5.25,6.31,16,17
1772048373.145073,5710704,-0.02,0.21,0.18,-133.19,-65.75,60.5,-20.81,-0.25,-8.75,-0.23,-0.36,-0.09,24.81,59.75,77.62,3.06,5.31,0.37,16,17
1772048373.145979,5710896,0.2,-0.13,-0.01,-135.44,-67.19,60.44,2.81,-0.25,-9.19,-0.16,0.02,0.13,24.12,59.38,77.62,3.25,-0.75,-0.75,17,17
1772048373.146949,5711087,-0.2,0.13,0.29,-139.0,-69.81,62.13,-13.5,-2.62,-21.81,0.12,0.11,0.06,22.94,59.63,77.62,-0.37,-4.62,-2.75,16,17
1772048373.147653,5711278,-0.04,-0.03,0.26,-138.0,-70.69,61.63,9.69,-2.62,2.75,-0.09,0.03,-0.18,22.94,59.88,77.75,-1.56,-1.0,-0.44,18,17
1772048373.148372,5711469,0.01,-0.17,0.13,-140.19,-70.69,63.63,13.81,4.06,-2.19,0.0,0.06,-0.01,23.06,59.81,77.87,-0.25,1.81,-0.13,18,17
1772048373.149487,5711658,0.32,-0.03,0.0,-143.44,-70.25,65.25,1.37,2.81,0.0,-0.03,0.0,-0.06,22.94,59.75,77.94,-0.44,-1.75,-1.69,19,18
1772048373.25823,5711850,0.09,0.0,0.02,-144.19,-70.19,65.87,3.94,-0.13,-0.31,0.0,-0.02,-0.02,22.62,59.75,78.0,0.56,1.06,-0.37,17,18
1772048373.449374,5712041,0.08,-0.05,0.05,-145.06,-70.12,66.62,2.0,1.37,-0.13,-0.03,-0.01,-0.02,22.5,59.75,78.06,0.19,0.56,-0.13,18,18
1772048373.640061,5712232,0.1,-0.11,0.07,-145.75,-70.0,67.0,2.12,1.19,-0.31,-0.02,0.04,-0.03,22.5,59.75,78.06,0.69,1.56,1.0,19,19
1772048373.829698,5712422,0.15,-0.11,0.04,-146.25,-69.87,67.19,2.25,0.81,0.0,0.01,0.03,-0.04,22.5,59.63,78.0,0.88,2.12,0.88,19,18
1772048374.021277,5712613,0.03,-0.02,0.05,-146.5,-69.87,67.25,0.69,1.31,0.06,-0.16,0.1,-0.02,22.44,59.5,78.0,-0.5,-0.44,-0.37,19,19
1772048374.212859,5712805,0.05,-0.05,0.04,-146.81,-69.75,67.5,1.37,0.5,-0.19,-0.03,-0.02,-0.01,22.44,59.38,78.0,0.13,0.56,0.56,19,19
1772048374.406725,5712996,0.12,-0.07,0.01,-147.06,-69.69,67.5,0.5,0.81,0.25,-0.03,0.03,0.05,22.44,59.31,78.0,-0.06,0.88,0.0,20,19
1772048374.594421,5713186,0.11,-0.05,0.05,-147.25,-69.62,67.69,1.31,0.0,0.13,-0.01,0.01,-0.01,22.37,59.38,78.0,0.31,0.56,-0.19,19,19
1772048374.78462,5713376,0.15,-0.11,-0.05,-147.12,-69.5,68.56,8.19,-1.56,2.94,-0.03,-0.06,0.0,21.87,59.44,77.94,3.0,0.56,-0.13,19,19
1772048374.975785,5713568,0.25,-0.03,0.11,-146.5,-69.25,70.5,12.69,-0.44,8.38,-0.37,0.31,0.37,20.94,59.81,78.06,1.31,-4.12,0.37,18,19
1772048375.167418,5713759,0.27,-0.23,-0.07,-144.75,-68.19,71.44,6.75,1.12,9.31,0.06,-0.01,0.11,20.94,60.63,77.37,5.12,-11.94,0.81,19,19
1772048375.358357,5713950,0.11,0.0,0.0,-144.31,-68.31,71.69,-1.19,-3.87,-4.37,0.03,0.12,0.26,21.19,62.75,77.44,2.56,-4.56,-2.19,19,19
1772048375.548728,5714140,0.3,-0.29,0.1,-144.81,-69.37,73.25,-0.62,1.87,-1.94,0.05,0.26,-0.24,19.25,65.12,77.44,6.12,-14.31,-6.5,18,18
1772048375.738281,5714330,0.13,0.01,-0.02,-145.56,-69.81,73.06,-2.69,2.06,-2.44,-0.15,0.06,0.02,18.75,66.12,77.0,1.37,0.13,0.62,19,19
1772048375.929596,5714521,0.09,-0.07,-0.03,-146.69,-69.87,73.5,0.19,0.19,-1.06,-0.05,0.12,-0.15,18.75,66.5,76.94,-0.5,-2.19,-1.75,18,19
1772048376.121874,5714713,-0.05,-0.3,-0.01,-147.56,-70.31,74.69,5.25,-2.19,0.25,-0.05,0.07,0.0,18.62,66.62,76.94,0.75,-1.56,-0.62,18,19
1772048376.313535,5714905,0.08,-0.07,-0.02,-147.75,-70.25,74.94,0.44,1.0,-2.25,-0.08,0.1,0.02,18.62,66.62,76.69,0.44,0.19,1.31,17,19
1772048376.503396,5715095,0.14,-0.04,-0.03,-148.69,-70.12,75.06,-2.44,0.88,-0.56,-0.03,0.06,0.02,19.0,66.62,76.5,-0.06,1.06,-0.19,17,18
1772048376.693343,5715285,0.08,-0.15,0.0,-148.5,-70.25,75.06,0.44,0.06,-0.88,-0.07,0.05,-0.01,18.69,66.81,76.56,0.19,-1.19,0.88,16,18
1772048376.885734,5715477,0.08,0.02,0.01,-148.44,-70.25,74.81,-1.81,-0.94,-0.06,-0.03,0.09,0.08,19.25,66.94,76.44,-0.31,-1.56,-0.19,16,18
1772048377.077072,5715669,0.15,-0.02,0.01,-148.56,-70.31,74.81,-2.19,-0.06,-0.88,-0.04,-0.05,0.08,19.62,67.12,76.37,-0.13,-0.81,-0.44,16,16
1772048377.268425,5715860,0.12,-0.09,-0.1,-148.81,-70.69,75.12,-0.69,-3.31,-1.5,-0.1,0.15,-0.05,20.12,67.5,76.19,1.31,-1.31,1.81,16,16
1772048377.457762,5716049,-0.03,0.06,0.15,-146.62,-71.5,74.87,-0.37,-5.81,-0.13,-0.04,0.1,-0.05,20.31,67.69,76.0,1.19,-1.5,0.56,17,17
1772048377.647387,5716239,0.07,-0.11,0.0,-146.69,-71.81,75.44,1.62,0.37,0.19,-0.05,0.1,0.07,20.44,67.81,75.94,0.94,-0.44,0.37,17,16
1772048377.839222,5716431,0.09,-0.09,-0.02,-146.94,-71.69,75.44,0.0,0.94,0.37,-0.07,0.09,0.0,20.44,68.0,75.81,-0.06,-1.37,-0.44,19,16
1772048378.030177,5716622,0.01,-0.03,-0.1,-147.31,-71.62,75.62,4.0,0.81,-0.81,0.01,0.08,0.03,20.62,67.94,75.87,-0.69,1.87,0.44,19,16
1772048378.221372,5716813,0.04,-0.15,0.11,-148.62,-71.87,76.62,-1.25,-3.5,-0.37,-0.03,0.08,0.07,20.37,67.94,75.81,-0.19,2.12,1.0,19,16
1772048378.411065,5717003,0.22,-0.06,-0.06,-148.44,-71.75,76.31,1.19,3.87,0.25,-0.05,0.04,-0.04,20.31,67.69,75.75,-0.13,1.44,0.56,19,16
1772048378.601211,5717193,0.06,-0.12,0.01,-149.25,-71.62,76.75,1.56,0.0,-0.19,-0.07,0.07,-0.01,20.25,67.56,75.81,-0.13,0.5,-0.13,19,16
1772048378.793088,5717385,0.0,-0.01,-0.01,-149.81,-71.44,77.0,1.37,3.12,0.37,-0.05,0.07,-0.01,20.06,67.5,75.87,-0.06,-0.44,-0.88,20,16
1772048378.983826,5717576,0.12,-0.04,-0.08,-151.12,-70.87,77.44,2.62,2.69,1.37,-0.1,0.01,0.05,20.0,67.37,75.94,-0.94,2.19,0.81,19,18
1772048379.174636,5717766,0.21,-0.11,-0.03,-151.06,-70.12,77.75,5.5,5.0,2.87,-0.04,0.06,-0.1,19.94,67.44,76.0,0.62,-1.56,-0.62,19,18
1772048379.364732,5717957,0.03,-0.13,0.02,-151.56,-69.69,78.44,2.62,-0.19,2.69,-0.05,0.05,0.08,19.94,67.5,76.06,-0.69,-1.75,-1.0,18,17
1772048379.555263,5718147,0.13,-0.08,-0.03,-151.62,-69.25,78.5,1.25,2.06,-0.13,-0.08,0.04,0.02,20.0,67.69,76.06,0.19,0.06,0.37,19,18
1772048379.746529,5718338,0.13,-0.11,-0.05,-152.25,-69.25,79.0,1.44,-1.5,0.37,-0.08,0.12,0.03,19.75,67.75,76.19,0.37,0.69,-0.62,18,18
1772048379.937409,5718529,0.09,0.05,0.01,-151.5,-69.31,78.56,-0.62,0.94,-0.69,-0.03,0.05,0.01,19.69,67.75,76.19,0.25,-1.44,-1.0,17,17
1772048380.128172,5718720,0.13,-0.08,-0.03,-152.0,-69.12,78.62,-0.75,-0.75,0.19,0.0,0.01,0.07,19.56,67.94,76.25,0.0,-0.06,-0.06,18,18
1772048380.318486,5718910,0.1,-0.11,0.0,-152.31,-69.0,78.94,2.31,1.81,-0.69,-0.05,0.07,-0.03,19.62,67.94,76.25,-0.06,0.13,0.44,17,18
1772048380.508848,5719101,0.07,-0.12,0.04,-153.5,-68.75,79.62,2.69,1.69,0.19,-0.05,0.07,-0.01,19.69,67.75,76.19,-0.19,1.19,0.44,18,18
1772048380.7,5719292,0.17,-0.19,-0.06,-154.37,-68.37,80.06,0.88,2.87,0.44,-0.03,0.0,0.08,19.69,67.5,76.12,0.0,1.56,0.94,17,18
1772048380.891203,5719483,0.17,-0.16,0.0,-154.75,-68.0,79.94,0.0,1.69,-0.25,-0.07,0.04,0.06,19.69,67.44,76.12,0.06,0.19,0.0,18,18
1772048381.081989,5719674,0.17,-0.08,-0.04,-155.12,-67.69,79.87,0.56,3.12,0.06,-0.06,0.08,-0.04,19.69,67.5,76.12,0.0,-0.75,-0.25,18,18
1772048381.272816,5719865,0.12,-0.18,-0.01,-155.37,-67.5,79.87,0.25,0.25,0.0,-0.08,0.08,0.0,19.75,67.56,76.12,-0.19,-1.12,-0.44,18,18
1772048381.463715,5720055,0.12,-0.13,-0.03,-155.44,-67.44,79.81,-0.62,0.62,-0.13,-0.06,0.02,-0.02,19.81,67.75,76.12,0.5,-1.87,-0.69,18,19
1772048381.654308,5720246,0.12,-0.06,0.0,-155.56,-67.44,79.87,-0.56,1.0,0.19,-0.03,0.03,0.02,19.62,67.94,76.25,0.44,-0.37,0.0,17,18
1772048381.845386,5720437,0.1,-0.13,-0.04,-155.69,-67.37,79.87,0.62,-0.31,0.0,-0.04,0.11,0.02,19.62,67.94,76.25,-0.75,-0.75,-0.81,18,18
1772048382.03573,5720628,0.11,-0.14,-0.03,-155.81,-67.37,80.06,0.06,-1.06,0.5,-0.07,0.14,-0.04,19.56,67.94,76.31,0.0,0.44,-0.25,17,18
1772048382.226294,5720818,0.13,-0.08,0.02,-155.44,-67.37,79.94,-0.62,0.56,-0.13,-0.05,0.06,0.0,19.56,67.94,76.31,0.06,0.44,0.06,17,18
1772048382.416541,5721009,0.11,-0.13,0.0,-155.75,-67.12,80.0,0.62,1.87,1.06,-0.14,0.07,-0.03,19.5,67.87,76.31,0.25,0.94,0.81,17,17
1772048382.607769,5721200,0.05,-0.08,0.04,-156.12,-66.81,80.12,4.06,-1.25,1.19,-0.04,0.15,-0.04,19.56,67.62,76.19,0.0,0.75,-0.81,17,17
1772048382.798756,5721391,0.07,0.01,-0.05,-156.0,-66.69,80.31,-1.0,1.19,1.69,-0.06,0.05,0.0,19.69,67.37,76.06,-0.19,1.12,1.12,16,17
1772048382.989101,5721581,0.19,-0.19,-0.07,-156.5,-66.37,80.81,3.5,0.94,0.31,-0.04,0.04,0.16,19.69,67.12,76.0,0.13,1.44,0.69,16,17
1772048383.180287,5721772,0.2,-0.09,-0.03,-157.0,-66.19,81.19,-0.06,-1.31,0.75,-0.08,0.01,0.03,19.69,67.12,76.0,-0.25,-0.19,-0.06,16,16
1772048383.371007,5721963,0.13,-0.12,0.0,-156.94,-66.31,81.25,-0.37,-0.56,-0.13,-0.07,0.06,0.04,19.75,67.19,76.0,0.37,-0.44,-0.44,16,15
1772048383.561766,5722154,0.15,-0.1,0.04,-157.06,-66.31,81.37,-0.62,-0.69,0.25,-0.04,0.07,-0.02,19.69,67.31,76.06,0.06,-0.81,-0.13,17,16
1772048383.75262,5722345,0.18,-0.13,0.02,-157.06,-66.31,81.31,0.56,0.56,-0.69,-0.04,0.06,0.02,19.75,67.44,76.06,-0.44,-0.62,-0.25,16,16
1772048383.943369,5722535,0.15,-0.06,0.0,-157.44,-66.44,81.25,-0.62,-0.25,-1.5,-0.04,0.11,-0.01,19.81,67.56,76.06,-0.19,-0.25,-0.19,16,16
1772048384.133811,5722726,0.19,-0.04,-0.01,-157.25,-66.62,81.25,-1.62,-3.06,-1.75,-0.05,0.1,0.02,19.81,67.62,76.12,0.06,-0.13,-0.06,15,16
1772048384.324505,5722916,0.02,-0.12,0.07,-157.19,-67.06,81.5,-0.31,-0.19,-0.13,-0.04,0.05,0.0,19.87,67.69,76.12,0.25,-0.31,-0.19,16,16
1772048384.515127,5723107,0.12,-0.05,0.02,-157.19,-67.0,81.31,-0.62,-0.5,0.44,-0.03,0.06,0.06,19.87,67.69,76.12,0.0,0.44,0.13,15,16
1772048384.706371,5723298,0.15,-0.06,0.0,-157.25,-66.94,81.31,-0.44,0.13,0.0,-0.07,0.09,-0.07,19.87,67.69,76.12,0.13,-0.62,-0.19,16,16
1772048384.896651,5723489,0.14,-0.14,0.06,-157.5,-67.12,81.62,0.5,-1.62,0.37,-0.06,0.06,0.02,19.94,67.75,76.12,-0.13,0.31,0.31,16,16
1772048385.087669,5723679,0.11,-0.07,-0.01,-157.44,-67.19,81.56,0.81,0.75,-0.31,-0.07,0.05,0.0,19.94,67.75,76.12,-0.81,-0.19,-0.62,16,17
1772048385.27862,5723870,0.04,-0.12,-0.02,-157.75,-67.19,81.75,-0.94,0.13,-1.44,-0.14,0.12,-0.01,19.31,68.12,76.56,-0.44,-0.94,-0.44,16,17
1772048385.469085,5724061,0.14,-0.09,0.03,-158.06,-67.31,81.94,0.94,-1.69,-2.12,-0.01,0.03,0.09,19.25,68.19,76.44,0.44,-0.25,-0.81,15,17
1772048385.659787,5724252,0.17,-0.09,0.01,-158.62,-67.5,82.56,-1.37,0.88,0.37,0.02,0.08,0.06,18.94,68.31,76.62,-0.31,-0.31,-0.62,17,17
1772048385.850319,5724442,0.19,-0.06,0.0,-158.19,-67.44,82.31,2.56,-0.13,1.56,-0.01,0.19,0.01,18.5,68.62,77.31,1.81,-1.69,-3.44,16,17
1772048386.041186,5724633,0.19,-0.04,-0.03,-158.19,-67.44,82.5,0.5,0.13,-0.5,-0.02,0.25,-0.23,17.81,69.0,77.56,0.0,-2.75,-1.12,17,17
1772048386.231998,5724824,0.06,-0.02,0.07,-158.44,-67.94,82.69,-0.81,-1.87,-1.44,-0.02,0.07,0.03,17.94,69.12,77.37,-0.62,-0.19,-0.56,17,17
1772048386.422605,5725015,0.08,-0.1,0.03,-158.19,-68.12,82.62,-1.5,-0.06,0.5,0.0,0.1,0.02,17.81,69.25,77.44,0.75,-0.88,0.56,17,17
1772048386.613381,5725206,0.1,0.0,0.07,-158.06,-68.19,82.25,-1.19,0.56,-1.19,-0.04,0.06,-0.02,18.37,69.19,77.06,0.19,0.19,0.81,17,17
1772048386.804281,5725396,0.09,0.03,0.03,-158.12,-68.12,82.12,-2.25,2.37,-0.44,-0.11,0.14,-0.06,18.75,68.94,76.87,-0.13,-2.37,0.44,16,17
1772048386.995112,5725587,0.06,-0.06,0.1,-158.69,-68.0,82.19,-0.31,-2.19,-1.25,-0.08,0.0,0.01,19.37,68.94,76.5,-0.62,-0.06,1.19,17,18
1772048387.184808,5725777,0.06,-0.1,-0.01,-159.19,-68.0,82.56,1.0,1.37,-0.56,-0.02,0.04,0.04,19.94,68.69,76.31,0.37,1.19,2.94,17,17
1772048387.374665,5725967,0.09,-0.08,0.08,-159.75,-68.0,82.81,1.37,-1.87,-0.56,0.0,0.01,0.05,20.62,68.31,75.69,1.0,2.5,1.37,16,17
1772048387.567012,5726159,-0.02,-0.13,0.0,-159.62,-68.25,83.0,-0.88,-0.5,-0.25,-0.02,0.0,0.09,20.37,68.12,75.5,0.69,0.06,0.5,16,17
1772048387.757848,5726350,0.13,-0.13,0.04,-159.44,-68.12,82.75,-0.19,-0.31,0.06,-0.06,0.08,0.01,20.25,68.0,75.37,0.5,0.56,0.19,17,17
1772048387.948862,5726541,0.15,0.0,0.01,-159.0,-68.12,82.44,-0.44,-0.19,0.94,-0.03,0.01,0.04,20.25,67.94,75.37,-0.06,0.44,0.37,16,17
1772048388.139593,5726732,-0.03,-0.06,0.1,-159.12,-68.06,82.62,1.69,0.75,0.31,-0.09,0.06,-0.03,20.19,67.94,75.37,0.25,-0.19,0.13,16,17
1772048388.330061,5726922,0.08,-0.03,0.07,-159.87,-67.37,82.87,3.0,6.31,0.31,-0.08,0.09,0.0,20.19,67.94,75.44,0.06,0.0,-0.06,16,17
1772048388.521308,5727113,0.09,-0.07,0.0,-160.94,-66.25,83.25,2.25,6.19,0.81,-0.09,0.0,0.09,20.12,67.87,75.44,-0.19,-0.69,-0.37,16,17
1772048388.712528,5727304,0.23,-0.04,-0.03,-162.19,-65.37,83.87,3.81,2.25,-0.56,-0.07,0.04,0.05,20.19,67.94,75.44,-0.37,-0.44,-0.37,18,17
1772048388.902857,5727495,0.14,-0.07,0.01,-163.81,-65.06,85.94,10.56,1.87,0.75,-0.03,0.07,0.02,20.19,68.06,75.44,-0.5,-0.37,-0.44,17,17
1772048389.093544,5727686,0.2,-0.11,0.02,-165.5,-64.94,88.56,9.38,-0.69,0.69,-0.03,0.05,0.03,20.31,68.19,75.5,-0.44,0.56,0.37,18,17
1772048389.284304,5727877,0.15,-0.34,-0.01,-166.31,-65.0,90.94,9.06,1.81,4.5,-0.04,0.04,0.02,20.37,68.12,75.5,-0.56,0.19,0.5,19,17
1772048389.475413,5728068,0.17,-0.15,0.0,-166.0,-64.87,92.37,6.12,-1.5,4.12,-0.06,0.02,0.02,20.44,68.12,75.56,0.88,-0.25,0.13,19,17
1772048389.66648,5728259,0.0,-0.15,-0.03,-165.87,-65.06,93.87,4.06,-0.19,2.81,-0.06,0.08,0.02,20.37,68.12,75.56,-0.06,0.75,-0.13,18,17
1772048389.856952,5728449,0.11,-0.12,-0.01,-165.69,-65.0,94.81,-0.81,-2.62,2.12,-0.05,0.0,0.07,20.37,68.12,75.5,0.31,0.19,0.5,18,18
1772048390.047729,5728640,0.16,-0.13,0.0,-165.19,-65.0,95.19,-0.06,0.13,-0.25,-0.06,0.04,0.05,20.44,68.31,75.5,0.0,-1.19,-0.69,18,17
1772048390.237273,5728829,0.11,-0.18,0.03,-165.56,-65.06,95.75,-1.06,-0.88,0.75,-0.07,0.05,0.05,20.37,68.44,75.56,-0.19,-1.5,-1.0,18,17
1772048390.428824,5729021,0.16,-0.13,0.03,-165.44,-65.06,96.06,0.19,-0.19,0.25,-0.07,0.08,0.04,20.31,68.56,75.62,-0.06,-0.56,-0.25,19,18
1772048390.620328,5729212,0.05,-0.09,0.02,-165.44,-65.31,96.06,-4.06,-1.19,-3.44,-0.05,0.08,0.03,20.31,68.56,75.62,0.06,-0.81,-0.25,17,18
1772048390.811765,5729404,0.08,-0.09,0.08,-165.5,-65.31,96.37,0.5,0.69,-0.06,-0.05,0.11,-0.01,20.31,68.56,75.62,0.0,-0.37,-0.19,18,18
1772048391.001936,5729594,0.15,-0.07,0.03,-165.44,-65.12,96.5,-1.5,1.19,-0.37,-0.04,0.04,0.01,20.31,68.56,75.62,0.13,-1.12,-0.37,17,18
1772048391.192212,5729785,0.13,-0.12,0.0,-165.37,-65.12,96.56,-1.12,0.0,0.81,-0.08,0.04,0.07,20.31,68.56,75.62,-0.5,0.75,0.37,17,18
1772048391.384503,5729977,0.06,-0.06,0.0,-165.31,-65.19,96.12,-2.94,-2.19,-2.5,-0.08,0.07,0.05,20.44,68.5,75.56,-0.06,0.56,0.56,17,18
1772048391.576581,5730169,0.09,-0.09,0.03,-164.87,-65.44,96.12,-0.31,-0.56,0.62,-0.08,0.08,0.05,20.37,68.44,75.56,0.31,0.31,0.13,17,18
1772048391.76908,5730361,0.19,-0.04,0.0,-164.81,-65.44,96.12,0.75,-0.37,-0.19,-0.07,0.1,0.01,20.37,68.44,75.56,0.31,0.75,0.31,17,18
1772048391.96147,5730554,0.06,-0.05,0.06,-164.62,-65.62,96.12,-1.12,0.94,-0.13,-0.07,0.06,0.06,20.37,68.44,75.56,0.06,-0.69,-0.31,17,17
1772048392.153304,5730745,0.09,-0.11,0.02,-164.81,-65.37,96.31,0.37,0.75,-0.06,-0.05,0.04,0.08,20.37,68.44,75.56,-0.19,-0.19,-0.13,18,17
1772048392.343036,5730935,0.12,-0.02,0.04,-164.94,-65.19,96.25,-0.31,1.31,-0.06,-0.02,0.02,0.13,20.37,68.44,75.56,0.31,0.31,0.31,19,17
1772048392.535753,5731128,0.13,-0.08,0.06,-165.25,-65.0,96.5,0.06,-0.25,-0.19,-0.06,0.08,0.07,20.37,68.56,75.56,0.13,-0.75,-0.13,18,17
1772048392.727797,5731320,0.19,-0.1,0.02,-165.31,-64.94,96.5,0.25,0.88,-0.56,-0.04,0.07,0.06,20.44,68.56,75.56,-0.19,0.19,0.0,18,17
1772048392.920123,5731512,0.14,-0.12,0.03,-165.37,-64.87,96.56,-0.06,0.44,-0.13,-0.06,0.07,0.02,20.44,68.62,75.56,0.25,0.37,-0.06,18,17
1772048393.112015,5731704,0.1,-0.06,0.0,-165.31,-64.81,96.37,-0.5,1.37,0.0,-0.04,0.13,0.03,20.44,68.69,75.56,0.06,-0.19,-0.37,17,17
1772048393.302497,5731895,0.14,-0.08,0.02,-165.31,-64.75,96.31,-1.06,-0.25,0.13,-0.07,0.06,0.06,20.44,68.69,75.56,-0.19,-0.37,0.0,18,17
1772048393.49413,5732086,0.07,-0.1,0.05,-165.31,-64.75,96.25,-0.37,-0.62,-0.13,-0.06,0.09,0.03,20.44,68.69,75.56,0.0,-0.31,-0.19,18,17
1772048393.685137,5732277,0.12,-0.11,0.04,-165.25,-64.75,96.25,-0.81,-0.37,0.44,-0.02,0.05,0.07,20.44,68.69,75.56,-0.13,0.19,0.13,18,17
1772048393.876038,5732468,0.14,-0.19,0.02,-165.19,-64.75,96.19,1.19,-0.13,0.13,-0.08,0.12,0.04,20.44,68.62,75.56,-0.06,0.44,0.19,18,17
1772048394.066853,5732659,0.12,0.0,0.03,-165.0,-64.81,95.94,-0.25,-0.06,0.06,-0.06,0.05,0.07,20.44,68.56,75.56,0.0,-0.13,0.06,16,17
1772048394.257356,5732850,0.07,-0.1,0.07,-164.94,-64.87,95.94,-0.13,-0.56,0.25,-0.05,0.08,0.04,20.37,68.5,75.56,0.31,0.69,0.19,16,16
1772048394.447887,5733040,0.14,-0.07,0.05,-164.81,-64.87,95.81,-1.0,0.06,0.25,-0.06,0.03,0.12,20.37,68.44,75.56,0.19,0.69,0.37,17,16
1772048394.638775,5733231,0.14,-0.11,0.08,-164.81,-64.87,95.75,-0.5,-0.5,0.19,-0.04,0.09,0.07,20.44,68.56,75.56,-0.13,-1.25,-0.19,17,16
1772048394.82945,5733422,0.12,-0.09,0.05,-164.81,-64.87,95.69,0.56,-0.19,-0.69,-0.06,0.05,0.08,20.5,68.62,75.56,-0.25,-0.31,-0.13,17,16
1772048395.020143,5733612,0.09,-0.11,0.07,-164.81,-64.87,95.69,-0.44,0.06,-0.25,-0.06,0.09,0.04,20.5,68.69,75.56,0.0,-0.13,-0.37,18,16
1772048395.210717,5733803,0.08,-0.02,0.03,-164.75,-64.81,95.56,-0.69,0.94,-0.25,-0.05,0.1,0.05,20.37,68.81,75.75,-0.94,-2.19,-1.69,17,16
1772048395.401389,5733994,0.15,-0.04,0.04,-165.25,-64.62,95.75,-0.37,1.81,-0.5,-0.08,0.04,0.04,19.87,69.19,76.25,-1.0,-1.5,-2.19,18,16
1772048395.592053,5734184,0.14,-0.11,0.08,-165.44,-64.5,95.81,-0.13,-0.44,0.56,-0.03,0.12,0.03,19.5,69.56,76.69,-0.5,-2.19,-1.75,17,15
1772048395.782593,5734375,0.11,-0.05,0.1,-165.06,-64.69,95.5,-3.44,-1.19,-0.25,-0.01,0.1,0.12,18.44,69.56,76.12,3.31,0.25,0.25,18,16
1772048395.973209,5734566,0.08,-0.02,0.07,-164.69,-64.81,94.94,0.06,0.81,-1.12,-0.06,0.1,0.01,18.12,69.56,75.94,-0.62,0.0,-0.25,17,15
1772048396.163663,5734756,0.03,-0.1,0.11,-164.81,-64.87,95.0,-3.44,-0.75,-0.62,-0.04,0.06,0.11,18.19,69.44,75.75,-0.31,-0.31,-0.56,17,16
1772048396.354691,5734947,0.12,-0.09,0.06,-164.5,-64.81,94.62,-0.44,0.13,0.06,-0.04,0.06,0.14,18.06,69.37,75.81,0.5,1.31,0.62,16,16
1772048396.545364,5735138,0.07,0.0,0.12,-164.56,-64.81,94.62,0.31,0.19,0.56,-0.06,0.06,0.07,18.12,69.31,75.81,-0.19,-0.5,-0.13,16,16
1772048396.736235,5735328,0.14,-0.14,0.11,-165.0,-64.81,95.06,-1.56,-0.19,-0.31,-0.07,0.07,0.03,18.31,69.19,75.62,-0.31,0.56,1.12,16,16
1772048396.926844,5735519,0.08,-0.07,0.04,-164.94,-64.75,94.75,0.62,0.88,-0.81,-0.05,0.08,0.13,18.37,69.06,75.44,0.62,0.0,-0.25,16,16
1772048397.117563,5735710,0.12,-0.1,0.06,-165.06,-64.69,94.81,-1.44,-1.06,-0.37,-0.1,0.04,0.06,18.19,69.06,75.25,-0.25,-0.62,0.31,17,17
1772048397.308807,5735901,0.07,-0.12,0.11,-165.0,-64.87,94.87,-0.62,0.06,-0.13,-0.07,0.05,0.04,18.25,69.06,75.25,0.19,-0.69,-0.06,16,17
1772048397.499209,5736092,0.12,-0.05,0.04,-164.94,-64.87,94.69,-1.37,0.94,0.37,-0.08,0.05,0.12,18.19,69.12,75.25,-0.13,0.81,-0.13,17,17
1772048397.689862,5736282,0.14,-0.12,0.04,-165.12,-64.81,94.69,-0.94,-0.37,-1.0,-0.07,0.03,0.11,18.25,69.06,75.12,0.19,0.56,0.81,16,17
1772048397.880624,5736473,0.13,-0.12,0.08,-165.19,-64.81,94.75,0.25,0.44,-0.06,-0.09,0.11,0.08,18.31,69.06,75.12,0.19,-0.56,-0.13,17,17
1772048398.071484,5736664,0.11,0.03,0.03,-165.06,-64.81,94.56,0.19,-0.37,-0.25,-0.07,0.13,0.15,18.37,69.12,75.19,-1.19,0.81,-0.19,16,17
1772048398.262647,5736855,0.19,-0.11,0.03,-165.06,-64.69,94.62,-0.56,-0.19,-1.25,-0.05,0.06,0.02,18.19,69.12,75.19,0.75,-0.31,0.13,16,17
1772048398.452842,5737045,0.02,-0.06,0.09,-165.0,-64.94,94.62,0.69,-0.19,0.06,-0.08,0.07,0.11,18.06,68.94,75.19,-0.25,1.0,0.19,16,17
1772048398.643554,5737236,0.29,-0.11,0.0,-165.0,-64.62,94.62,-0.13,0.75,0.69,-0.06,0.04,-0.04,17.69,68.87,75.25,2.25,-0.31,0.25,16,17
1772048398.8343,5737427,0.12,-0.06,0.1,-164.62,-64.94,94.31,0.56,-1.12,1.12,-0.06,0.05,0.08,17.5,68.81,75.19,0.25,0.88,0.56,16,17
1772048399.024217,5737617,0.25,-0.08,0.03,-164.37,-64.69,94.06,0.25,2.12,0.81,-0.05,0.09,-0.06,17.31,68.75,75.31,1.5,-0.44,0.19,16,16
1772048399.215872,5737808,0.07,-0.09,0.1,-164.31,-64.94,94.06,0.94,-0.62,0.25,-0.1,0.03,0.06,17.25,68.69,75.25,-0.31,0.44,0.06,16,16
1772048399.406637,5737999,0.21,-0.03,0.0,-164.25,-64.69,93.87,-0.5,1.87,0.37,-0.08,0.09,-0.07,17.19,68.87,75.31,1.06,-1.44,-0.37,15,16
1772048399.597332,5738190,0.1,0.0,0.07,-164.0,-64.81,93.69,0.19,-0.75,-0.44,-0.06,-0.01,0.07,17.25,68.87,75.31,0.31,0.0,0.62,16,17
1772048399.788141,5738380,0.16,-0.14,0.05,-164.37,-64.87,93.94,-0.25,0.62,0.37,-0.08,0.06,0.05,17.31,68.87,75.25,0.25,-0.19,0.0,15,16
1772048399.97904,5738571,0.09,-0.07,0.11,-164.25,-64.87,93.75,-0.62,-0.25,0.31,-0.09,0.07,0.06,17.31,68.87,75.25,-0.06,-0.44,-0.19,16,17
1772048400.169782,5738762,0.14,-0.18,0.08,-164.37,-64.81,93.87,0.25,-0.56,0.06,-0.04,0.04,0.08,17.31,68.94,75.25,-0.13,0.13,0.19,16,17
1772048400.360383,5738953,0.11,-0.09,0.08,-164.25,-64.87,93.69,1.5,0.37,-0.06,-0.06,0.08,0.01,17.31,68.94,75.25,0.0,-0.19,0.13,16,17
1772048400.551365,5739144,0.08,-0.04,0.1,-164.31,-64.87,93.75,0.75,-0.37,1.0,-0.06,0.06,0.02,17.37,68.94,75.25,0.19,-0.13,-0.19,17,17
1772048400.741687,5739334,0.21,-0.02,0.09,-164.25,-64.81,93.75,0.0,1.19,0.37,-0.02,0.0,0.05,17.31,68.87,75.25,0.19,-0.81,-0.13,16,17
1772048400.932586,5739525,0.07,-0.1,0.06,-164.31,-64.87,93.81,-0.69,0.13,0.31,-0.05,0.01,0.09,17.31,68.87,75.25,-0.44,0.94,0.25,16,17
1772048401.12359,5739716,0.13,-0.09,0.06,-164.31,-64.81,93.81,0.5,-0.19,0.0,-0.06,0.02,0.1,17.25,68.81,75.31,-0.13,0.37,0.31,15,17
1772048401.314268,5739907,0.11,-0.1,0.09,-164.31,-64.81,93.81,-0.19,-0.31,0.0,-0.09,-0.01,0.1,17.25,68.81,75.31,0.06,0.75,0.31,16,17
1772048401.504669,5740097,0.16,-0.11,0.05,-164.37,-64.75,93.81,0.44,0.13,-0.25,-0.1,0.04,0.08,17.25,68.87,75.31,0.31,0.06,0.0,15,17
1772048401.695909,5740288,0.1,-0.01,0.07,-164.31,-64.69,93.69,-0.25,0.88,-0.19,-0.09,0.04,0.06,17.31,68.87,75.31,-0.19,-0.94,-0.56,16,17
1772048401.886595,5740479,0.11,-0.08,0.11,-164.31,-64.69,93.62,-0.06,-0.69,-0.44,-0.07,0.0,0.1,17.31,68.94,75.31,-0.06,0.0,0.13,15,16
1772048402.077627,5740670,0.12,-0.07,0.09,-164.31,-64.62,93.62,-0.5,0.88,-0.37,-0.07,0.03,0.09,17.37,68.94,75.31,-0.5,-1.62,-0.62,15,16
1772048402.26801,5740861,0.08,-0.14,0.1,-164.44,-64.62,93.75,-0.81,-0.13,0.25,-0.07,0.02,0.12,17.37,69.0,75.31,0.0,0.13,0.13,15,16
1772048402.458338,5741051,0.15,-0.12,0.07,-164.31,-64.62,93.62,-0.06,0.5,0.0,-0.07,0.0,0.09,17.37,69.0,75.31,0.19,0.19,0.44,15,16
1772048402.649257,5741242,0.11,-0.11,0.09,-164.31,-64.62,93.62,-0.13,0.13,0.31,-0.08,0.03,0.04,17.37,69.0,75.31,0.13,0.13,0.19,15,16
1772048402.840174,5741433,0.12,-0.04,0.02,-164.31,-64.56,93.5,0.0,0.81,-0.13,-0.07,0.05,0.05,17.44,69.0,75.31,0.0,-0.5,-0.19,14,16
1772048403.031492,5741624,0.1,-0.02,0.11,-164.31,-64.62,93.5,-1.12,-0.31,-0.06,-0.07,-0.01,0.13,17.37,69.0,75.31,-0.13,0.13,0.19,15,16
1772048403.221665,5741814,0.11,-0.11,0.06,-164.37,-64.62,93.56,0.56,0.06,0.44,-0.07,0.06,0.08,17.37,69.0,75.31,0.06,-0.06,-0.37,15,16
1772048403.412496,5742005,0.14,-0.03,0.1,-164.31,-64.56,93.56,-0.56,1.06,0.25,-0.08,0.04,0.09,17.37,68.94,75.31,-0.06,0.5,-0.25,15,16
1772048403.60345,5742196,0.15,-0.06,0.01,-164.5,-64.5,93.75,1.5,0.25,0.25,-0.06,0.08,0.06,17.25,69.0,75.37,-0.13,0.25,-0.69,15,16
1772048403.794245,5742387,0.04,-0.05,0.12,-164.37,-64.62,93.75,-0.69,-0.25,0.25,-0.08,0.02,0.1,17.19,68.94,75.37,-0.06,-0.25,-0.75,16,17
1772048403.985237,5742578,0.1,-0.12,0.08,-164.5,-64.5,93.81,-0.25,0.5,0.25,-0.07,0.05,0.1,17.0,69.0,75.44,-0.25,-0.69,-0.62,16,17
1772048404.176021,5742768,0.08,-0.03,0.09,-164.44,-64.5,93.75,-0.88,-0.06,-0.37,-0.08,0.08,0.12,17.0,69.0,75.44,-0.44,-0.75,-0.75,15,16
1772048404.366453,5742959,0.15,-0.14,0.04,-164.62,-64.37,93.81,0.62,-0.06,0.0,-0.09,0.08,0.05,16.87,69.19,75.56,0.25,-0.81,0.06,16,17
1772048404.557337,5743150,0.1,-0.07,0.11,-164.62,-64.37,93.81,1.75,-0.44,-0.69,-0.05,0.09,0.07,16.94,69.19,75.56,-0.5,-0.62,-0.5,15,16
1772048404.748089,5743341,0.13,-0.11,0.07,-164.75,-64.37,94.0,-0.06,0.56,0.0,-0.06,0.03,0.12,16.94,69.25,75.56,-0.69,-0.75,-0.75,16,16
1772048404.939078,5743532,0.11,-0.07,0.08,-164.81,-64.37,94.0,-0.56,0.0,0.0,-0.03,0.02,0.09,16.87,69.31,75.62,-0.13,-1.37,-0.5,15,16
1772048405.129904,5743723,0.07,-0.14,0.11,-164.81,-64.44,94.0,-0.56,-0.13,0.25,-0.05,0.05,0.09,16.94,69.37,75.62,0.06,-0.25,0.0,15,15
1772048405.321154,5743914,0.17,-0.07,0.06,-164.81,-64.37,94.0,0.88,0.56,-0.13,-0.05,0.04,0.08,16.94,69.37,75.69,-0.13,0.25,0.75,15,15
1772048405.512068,5744105,0.09,-0.19,0.11,-164.94,-64.44,94.25,1.69,-1.0,1.0,-0.09,0.06,0.12,16.94,69.37,75.62,0.0,1.37,0.25,15,15
1772048405.702753,5744295,0.1,-0.05,-0.02,-165.06,-64.31,94.31,-0.19,1.5,0.06,-0.04,0.12,0.04,16.81,69.31,75.69,0.62,0.25,-0.81,15,15
1772048405.893361,5744486,0.08,-0.01,0.1,-164.87,-64.31,94.06,-1.81,-1.19,-0.13,-0.08,0.02,0.12,16.81,69.25,75.69,0.0,0.19,0.81,15,15
1772048406.084712,5744677,0.13,-0.19,0.06,-164.81,-64.31,94.06,-0.69,-0.69,-0.13,-0.09,0.05,0.1,16.94,69.12,75.5,0.56,0.88,0.94,15,15
1772048406.276392,5744869,0.16,-0.16,0.08,-164.81,-64.37,93.94,-0.56,-1.06,-0.62,-0.06,0.05,0.12,17.19,69.06,75.19,1.81,0.19,1.12,15,15
1772048406.469225,5745062,0.15,-0.17,0.06,-164.62,-64.5,93.62,-1.62,0.0,0.0,-0.09,0.12,0.08,17.19,69.0,74.94,1.56,-0.25,1.19,15,15
1772048406.659282,5745252,0.04,-0.01,0.16,-164.19,-64.81,93.0,-1.5,-2.19,-1.25,-0.09,0.05,0.08,17.25,68.94,74.56,-0.06,-0.69,0.0,15,16
1772048406.848227,5745441,0.08,-0.13,0.07,-164.31,-64.87,93.19,1.44,0.94,-0.88,-0.07,0.05,0.07,17.19,68.87,74.62,0.13,0.06,0.13,15,16
1772048407.040836,5745633,0.12,-0.09,0.09,-164.56,-64.87,93.25,-1.25,-0.75,0.5,-0.04,0.0,0.09,17.12,68.87,74.62,0.25,-0.5,0.0,16,16
1772048407.233256,5745826,0.1,-0.11,0.05,-164.5,-64.94,93.19,-0.62,0.62,0.06,-0.04,0.06,0.07,17.06,68.81,74.69,0.0,0.19,0.25,15,16
1772048407.42616,5746019,0.09,-0.1,0.08,-164.44,-64.94,93.25,0.69,-0.94,0.88,-0.07,0.05,0.1,17.06,68.81,74.69,-0.25,0.25,-0.37,16,16
1772048407.618154,5746211,0.11,-0.1,0.07,-164.62,-65.0,93.5,0.0,-0.81,0.5,-0.08,0.04,0.05,17.06,68.81,74.69,0.13,0.94,0.31,15,16
1772048407.807486,5746400,0.1,-0.15,0.12,-164.62,-65.06,93.56,0.81,0.0,-0.13,-0.09,0.05,0.06,17.0,68.69,74.69,0.5,1.19,0.5,16,16
1772048408.000081,5746593,0.13,0.03,0.1,-164.56,-65.06,93.44,-0.44,0.81,0.31,-0.07,0.03,0.08,16.94,68.56,74.62,-0.06,0.31,0.06,16,16
1772048408.19247,5746785,0.12,-0.09,0.05,-164.69,-64.94,93.37,0.19,0.88,-0.5,-0.06,0.03,0.1,16.94,68.56,74.62,0.0,-0.19,-0.31,15,16
1772048408.384699,5746977,0.14,-0.07,0.09,-164.62,-64.94,93.31,-0.62,1.0,0.0,-0.06,0.04,0.05,16.94,68.62,74.69,-0.06,-1.5,-0.94,16,16
1772048408.576288,5747169,0.12,-0.11,0.07,-164.69,-64.81,93.31,-1.06,0.06,0.0,-0.04,0.03,0.11,16.94,68.69,74.69,0.25,0.56,0.31,16,16
1772048408.768103,5747361,0.15,-0.12,0.08,-164.62,-64.81,93.19,-0.25,-0.13,-0.13,-0.05,0.04,0.06,16.94,68.69,74.69,0.0,-0.31,0.0,15,16
1772048408.958758,5747551,0.12,-0.13,0.09,-164.62,-64.81,93.19,-0.37,0.06,0.19,-0.07,0.04,0.07,16.94,68.69,74.69,0.5,0.06,0.19,15,16
1772048409.150753,5747743,0.15,-0.1,0.05,-164.56,-64.75,93.06,1.44,0.19,-0.44,-0.09,0.08,0.06,16.94,68.75,74.69,0.13,-0.56,-0.56,15,16
1772048409.341905,5747934,0.14,-0.05,0.09,-164.31,-64.87,93.0,0.31,-0.31,1.0,-0.06,0.02,0.09,16.94,68.75,74.69,0.06,-0.62,-0.31,15,16
1772048409.532715,5748125,0.09,-0.13,0.08,-164.19,-64.94,93.06,0.19,-1.56,-0.06,-0.06,0.04,0.09,16.87,68.69,74.69,0.0,0.75,0.37,17,15
1772048409.722847,5748316,0.09,-0.08,0.09,-164.19,-65.0,93.06,-0.31,1.06,0.0,-0.08,0.0,0.13,16.87,68.69,74.69,0.25,0.62,0.25,18,16
1772048409.912912,5748506,0.11,-0.1,0.11,-164.25,-64.94,93.12,-0.37,-0.75,0.31,-0.05,0.03,0.08,16.81,68.56,74.69,0.0,0.25,0.31,17,15
1772048410.10412,5748697,0.14,-0.08,0.05,-164.31,-64.87,93.12,0.62,1.5,-0.37,-0.07,0.03,0.1,16.81,68.5,74.69,0.13,0.56,0.31,17,15
1772048410.294747,5748887,0.15,-0.08,0.05,-164.37,-64.81,93.19,-0.06,-0.31,0.25,-0.09,0.08,0.08,16.81,68.5,74.69,0.31,-0.31,-0.31,17,15
1772048410.48509,5749078,0.12,-0.04,0.05,-164.44,-64.81,93.19,1.12,0.31,-0.5,-0.09,0.06,0.07,16.87,68.62,74.69,0.0,0.19,-0.19,16,15
1772048410.675542,5749268,0.02,-0.08,0.08,-164.44,-64.81,93.19,-0.75,0.56,0.06,-0.1,0.04,0.1,16.94,68.62,74.62,0.06,-0.56,-0.19,17,15
1772048410.865967,5749459,0.1,-0.16,0.06,-164.62,-64.62,93.25,-0.19,0.75,-0.37,-0.09,0.03,0.1,16.94,68.62,74.62,0.13,-0.31,-0.19,18,15
1772048411.056453,5749649,0.08,-0.07,0.08,-164.62,-64.62,93.19,-0.88,-0.13,0.25,-0.04,0.03,0.14,16.94,68.62,74.62,0.31,0.5,0.37,19,15
1772048411.247236,5749840,0.07,-0.16,0.12,-164.56,-64.69,93.19,-0.13,-1.19,0.5,-0.06,0.03,0.09,16.94,68.69,74.69,-0.13,-0.25,0.06,18,15
1772048411.437489,5750030,0.13,-0.14,0.08,-164.5,-64.69,93.06,0.56,0.37,-0.13,-0.06,0.05,0.08,16.94,68.69,74.69,-0.13,0.44,0.19,17,16
1772048411.62807,5750221,0.08,-0.14,0.11,-164.5,-64.69,93.06,-0.06,-0.19,0.37,-0.06,0.05,0.08,16.94,68.69,74.69,0.25,0.13,0.0,16,16
1772048411.818818,5750412,0.11,-0.06,0.04,-164.5,-64.69,93.06,0.5,0.62,0.0,-0.07,0.09,0.03,16.94,68.69,74.69,0.37,0.13,-0.19,17,16
1772048412.009669,5750602,0.11,-0.07,0.1,-164.56,-64.81,93.19,-1.19,-0.69,0.25,-0.07,0.0,0.11,16.87,68.62,74.69,-0.13,0.69,0.31,17,16
1772048412.200362,5750793,0.11,-0.13,0.07,-164.5,-64.81,93.12,0.19,-0.94,0.13,-0.06,0.04,0.07,16.87,68.62,74.69,-0.06,0.25,0.19,16,16
1772048412.391312,5750984,0.07,-0.11,0.09,-164.44,-64.87,93.12,-0.44,0.13,0.44,-0.07,0.03,0.13,16.87,68.56,74.69,0.19,-0.06,-0.06,17,16
1772048412.581819,5751175,0.15,-0.15,0.09,-164.5,-64.81,93.19,0.13,0.13,0.19,-0.09,0.07,0.12,16.87,68.62,74.69,0.06,-0.5,-0.13,16,15
1772048412.772882,5751365,0.11,-0.08,0.09,-164.44,-64.81,93.12,1.06,0.75,-0.56,-0.08,0.06,0.08,16.94,68.69,74.69,-0.19,-0.31,-0.19,16,16
1772048412.963666,5751556,0.11,-0.13,0.07,-164.5,-64.75,93.19,-0.06,-0.13,0.37,-0.08,0.06,0.1,16.94,68.69,74.69,-0.06,-0.13,-0.19,14,16
1772048413.154294,5751747,0.08,-0.05,0.01,-164.37,-64.75,92.94,-0.69,0.69,-0.37,-0.08,0.1,0.0,16.94,68.75,74.69,0.13,-1.5,-0.5,16,16
1772048413.344993,5751938,0.08,-0.04,0.09,-164.37,-64.81,92.94,-1.37,-0.69,-0.06,-0.06,0.0,0.09,17.0,68.81,74.69,-0.13,0.44,0.44,14,16
1772048413.5357,5752128,0.1,-0.15,0.08,-164.44,-64.75,93.0,0.37,0.37,-0.25,-0.07,0.05,0.09,17.0,68.81,74.69,0.0,-0.06,0.19,15,16
1772048413.726523,5752319,0.1,-0.12,0.06,-164.44,-64.75,93.0,-0.37,0.06,0.5,-0.03,0.03,0.17,17.0,68.81,74.69,0.31,0.06,-0.13,15,15
1772048413.917135,5752510,0.13,-0.24,0.09,-164.5,-64.75,93.12,1.75,-0.5,0.13,-0.11,0.08,0.11,17.0,68.81,74.69,0.31,0.56,0.13,15,15
1772048414.107915,5752701,0.14,-0.01,0.05,-164.31,-64.81,92.94,0.0,-0.37,0.31,-0.06,0.06,0.06,17.0,68.81,74.69,-0.06,0.13,0.13,15,15
1772048414.298761,5752892,0.08,-0.09,0.09,-164.37,-64.87,93.0,0.13,0.0,-0.25,-0.08,0.05,0.09,16.94,68.75,74.69,0.13,0.62,0.13,15,15
1772048414.489791,5753082,0.13,-0.08,0.07,-164.37,-64.87,93.06,-0.06,0.62,-0.25,-0.04,0.03,0.13,16.87,68.62,74.69,0.13,-0.56,-0.06,16,16
1772048414.680489,5753273,0.09,-0.1,0.05,-164.5,-64.87,93.12,-0.81,0.56,0.13,-0.12,0.05,0.09,16.81,68.62,74.69,0.0,-0.13,-0.31,15,15
1772048414.871409,5753464,0.15,-0.09,0.05,-164.56,-64.81,93.06,0.13,0.06,-0.13,-0.06,0.04,0.12,16.75,68.62,74.69,0.06,-0.56,-0.25,16,15
1772048415.061816,5753655,0.11,-0.15,0.06,-164.62,-64.87,93.19,-0.31,-0.37,0.13,-0.06,0.03,0.14,16.69,68.62,74.69,0.19,0.06,0.06,15,15
1772048415.252694,5753845,0.12,-0.16,0.08,-164.56,-64.87,93.06,0.88,-0.62,0.06,-0.08,0.07,0.05,16.62,68.69,74.69,-0.19,-0.25,-0.25,15,15
1772048415.443493,5754036,0.12,-0.02,0.07,-164.37,-64.87,92.81,0.19,0.25,-0.44,-0.06,0.08,0.04,16.56,68.62,74.75,-0.13,-0.19,-0.06,16,15
1772048415.634402,5754227,0.13,-0.12,0.06,-164.37,-64.87,92.81,-0.13,-0.06,-0.44,-0.07,0.04,0.06,16.5,68.62,74.75,0.19,0.0,0.13,15,16
1772048415.824847,5754418,0.21,-0.06,0.07,-164.37,-64.87,92.75,0.06,0.69,0.13,-0.05,0.0,0.04,16.5,68.69,74.75,0.19,-0.44,0.19,16,16
1772048416.01576,5754609,0.08,-0.1,0.08,-164.44,-64.87,92.94,-0.56,0.0,0.37,-0.06,0.03,0.13,16.5,68.62,74.75,-0.88,1.25,0.19,15,16
1772048416.206562,5754799,0.16,-0.09,0.02,-164.56,-64.81,93.0,-0.31,-0.5,-0.31,-0.06,0.03,0.08,16.56,68.56,74.75,-0.13,0.0,0.37,16,16
1772048416.397376,5754990,0.05,-0.17,0.11,-164.5,-65.0,93.12,-0.25,-0.13,0.19,-0.05,0.02,0.05,16.5,68.5,74.75,0.25,0.37,0.19,14,16
1772048416.588098,5755181,0.14,-0.18,0.07,-164.5,-64.87,93.0,-0.13,-0.13,0.25,-0.11,0.04,0.12,16.5,68.37,74.69,-0.06,0.94,0.25,15,16
1772048416.779272,5755372,0.11,-0.04,0.03,-164.31,-64.81,92.75,0.25,-0.13,-0.13,-0.07,0.05,0.06,16.5,68.37,74.69,-0.5,-0.75,-0.31,15,15
1772048416.96987,5755563,0.08,-0.12,0.1,-164.5,-64.81,92.94,0.5,-0.56,-0.88,-0.07,0.04,0.04,16.56,68.44,74.69,-0.06,-0.56,-0.19,16,16
1772048417.160578,5755753,0.11,-0.09,0.07,-164.56,-64.81,92.94,-0.81,0.88,0.25,-0.06,0.01,0.05,16.56,68.5,74.69,0.25,-0.69,-0.25,15,16
1772048417.351156,5755944,0.15,-0.04,0.09,-164.44,-64.75,92.75,-1.62,0.0,0.37,-0.07,0.03,0.08,16.56,68.56,74.69,-0.06,0.06,0.31,15,16
1772048417.542256,5756135,0.1,-0.17,0.09,-164.69,-64.75,92.94,1.19,0.37,-0.62,-0.07,0.03,0.07,16.62,68.56,74.69,-0.13,-0.13,0.25,15,16
1772048417.732816,5756326,0.06,-0.17,0.05,-164.81,-64.69,93.0,-0.06,0.75,0.44,-0.03,0.02,0.1,16.62,68.56,74.69,0.13,0.5,0.06,15,15
1772048417.924093,5756517,0.11,-0.19,0.08,-164.62,-64.81,92.87,0.44,-2.06,0.5,-0.07,0.06,0.09,16.62,68.56,74.69,0.25,0.19,0.06,16,15
1772048418.115419,5756708,0.07,-0.03,0.07,-164.25,-64.94,92.62,-0.31,0.06,0.19,-0.09,0.08,0.0,16.62,68.56,74.69,-0.06,-0.56,-0.25,15,15
1772048418.306668,5756899,0.05,-0.1,0.05,-164.31,-65.0,92.56,0.31,-0.25,-0.13,-0.06,0.05,0.05,16.62,68.56,74.69,-0.13,-0.81,-0.5,16,16
1772048418.498122,5757091,0.16,-0.1,0.09,-164.44,-64.87,92.62,0.06,1.12,0.06,-0.08,0.0,0.08,16.62,68.62,74.69,-0.25,-1.06,-0.44,16,16
1772048418.687886,5757281,0.09,-0.11,0.08,-164.5,-64.87,92.69,-1.62,-0.19,0.31,-0.05,0.0,0.11,16.62,68.62,74.69,-0.19,0.62,0.25,16,16
1772048418.879397,5757472,0.12,-0.14,0.07,-164.44,-64.81,92.62,0.06,-0.37,-0.19,-0.06,0.02,0.03,16.62,68.62,74.69,-0.19,-0.5,0.0,16,14
1772048419.072891,5757666,0.06,-0.08,0.1,-164.31,-64.94,92.62,-0.13,-0.37,0.69,-0.1,0.04,0.02,16.62,68.62,74.69,0.25,1.06,0.44,15,14
1772048419.265987,5757859,0.16,-0.18,0.07,-164.37,-64.87,92.69,-0.06,-1.19,0.69,-0.06,0.04,0.07,16.62,68.56,74.69,-0.13,0.5,0.19,16,14
1772048419.455438,5758049,0.11,-0.11,0.09,-164.06,-65.0,92.5,0.25,-0.19,0.19,-0.06,0.04,0.09,16.56,68.5,74.69,0.19,0.81,0.37,15,14
1772048419.649469,5758242,0.08,-0.12,0.11,-164.06,-65.06,92.5,-0.5,-0.56,0.44,-0.08,0.02,0.09,16.56,68.5,74.69,0.19,-0.06,-0.13,15,14
1772048419.840947,5758434,0.12,-0.14,0.08,-164.06,-65.0,92.44,0.81,0.56,-0.19,-0.09,0.07,0.1,16.56,68.62,74.69,0.13,-0.13,-0.13,14,15
1772048420.03267,5758625,0.11,-0.04,0.06,-164.0,-65.0,92.31,-0.62,0.0,-0.06,-0.09,0.04,0.06,16.62,68.69,74.69,-0.19,-0.62,-0.37,15,15
1772048420.224728,5758817,0.08,-0.13,0.05,-164.0,-65.0,92.37,-0.06,-0.37,-0.44,-0.09,0.04,0.05,16.62,68.69,74.69,-0.06,-0.06,-0.06,14,14
1772048420.416609,5759010,0.12,-0.08,0.09,-163.94,-65.0,92.25,-0.81,0.31,-0.13,-0.07,0.04,0.06,16.62,68.69,74.69,0.13,-0.75,-0.06,14,14
1772048420.606017,5759199,0.1,-0.12,0.1,-163.87,-65.0,92.25,-1.5,0.13,0.13,-0.07,0.01,0.1,16.62,68.69,74.69,-0.31,0.06,0.19,14,14
1772048420.79623,5759389,0.12,-0.16,0.07,-163.87,-65.0,92.12,0.25,0.19,-0.25,-0.07,0.02,0.08,16.62,68.69,74.69,0.19,-0.13,0.06,14,16
1772048420.988798,5759582,0.09,-0.12,0.12,-163.87,-65.0,92.12,-0.44,0.0,0.25,-0.1,0.08,0.03,16.69,68.75,74.69,0.13,-1.12,-0.25,14,16
1772048421.181145,5759774,0.13,-0.21,0.06,-163.94,-65.0,92.25,0.75,-0.56,0.06,-0.08,0.04,0.1,16.62,68.75,74.69,0.0,0.37,0.19,15,16
1772048421.37293,5759966,0.08,-0.12,0.1,-163.81,-65.0,92.12,0.62,-0.06,-0.06,-0.08,0.08,0.06,16.62,68.69,74.69,-0.19,-0.06,0.13,15,15
1772048421.562777,5760156,0.08,-0.15,0.1,-163.87,-65.0,92.19,0.13,-0.13,0.13,-0.1,0.03,0.1,16.56,68.62,74.69,0.19,0.5,0.13,16,15
1772048421.754599,5760348,0.04,-0.05,0.07,-163.81,-65.0,92.12,-0.19,0.56,0.06,-0.1,0.06,0.04,16.56,68.62,74.69,0.06,-0.5,-0.31,15,15
1772048421.94683,5760540,0.11,-0.07,0.12,-163.81,-65.0,92.06,-0.75,-0.31,0.0,-0.09,0.01,0.11,16.56,68.62,74.69,-0.06,-0.13,0.0,15,15
1772048422.138878,5760732,0.1,-0.14,0.09,-163.87,-65.0,92.19,0.19,-0.25,-0.31,-0.09,0.03,0.1,16.69,68.75,74.69,0.06,-0.88,-0.31,15,14
1772048422.329481,5760922,0.03,-0.14,0.12,-163.81,-65.0,92.06,-1.31,-0.06,-0.06,-0.13,0.07,0.02,16.69,68.75,74.69,0.06,-1.5,-0.62,14,14
1772048422.521011,5761114,0.1,-0.19,0.1,-163.81,-65.0,92.06,0.06,-0.5,0.44,-0.08,0.07,0.1,16.69,68.81,74.69,-0.19,-0.25,0.25,15,14
1772048422.713764,5761307,0.08,-0.18,0.08,-163.87,-65.06,92.06,1.19,0.19,-0.25,-0.07,0.06,0.09,16.69,68.81,74.69,-0.13,0.0,0.06,15,14
1772048422.905001,5761498,0.08,-0.14,0.1,-164.06,-65.12,92.19,0.06,-0.31,0.19,-0.09,0.08,0.08,16.69,68.81,74.69,-0.06,-0.06,-0.25,15,14
1772048423.096597,5761690,0.12,-0.07,0.07,-164.12,-65.12,92.19,-0.06,0.62,-0.06,-0.06,0.04,0.04,16.75,68.81,74.69,0.25,-0.88,-0.5,15,15
1772048423.287585,5761881,0.07,-0.02,0.07,-164.19,-65.12,92.31,-1.0,-0.5,0.31,-0.1,0.0,0.15,16.69,68.81,74.69,-0.25,0.25,0.25,15,15
1772048423.478583,5762072,0.1,-0.15,0.08,-164.31,-65.12,92.44,-0.06,-0.56,0.13,-0.08,0.02,0.1,16.75,68.81,74.69,-0.13,0.25,0.13,14,15
1772048423.669161,5762262,0.06,-0.09,0.13,-164.31,-65.19,92.44,-0.56,0.13,0.37,-0.09,0.01,0.13,16.69,68.75,74.69,0.0,0.19,0.25,14,15
1772048423.859839,5762453,0.11,-0.18,0.08,-164.31,-65.19,92.44,0.44,-0.69,0.13,-0.09,0.07,0.12,16.69,68.75,74.69,-0.13,0.31,0.31,15,15
1772048424.050911,5762644,0.09,-0.05,0.07,-164.25,-65.19,92.31,1.0,1.06,-0.31,-0.1,0.06,0.08,16.69,68.75,74.69,-0.06,-0.62,-0.31,15,15
1772048424.241359,5762834,0.06,-0.09,0.11,-164.25,-65.19,92.37,-0.56,-0.19,0.25,-0.07,0.04,0.11,16.75,68.81,74.69,0.25,-0.62,-0.5,15,15
1772048424.4321,5763025,0.14,-0.02,0.1,-164.19,-65.19,92.31,-0.69,0.31,-0.06,-0.08,0.02,0.06,16.81,68.94,74.69,0.0,-0.88,-0.31,16,16
1772048424.622605,5763216,0.08,-0.07,0.11,-164.19,-65.25,92.37,-1.19,0.06,0.19,-0.11,0.05,0.12,16.81,68.94,74.69,-0.19,0.0,0.06,14,15
1772048424.813112,5763406,0.13,-0.13,0.1,-164.25,-65.19,92.37,0.19,-0.06,-0.25,-0.06,0.05,0.13,16.81,68.94,74.69,0.06,0.13,0.19,15,16
1772048425.004059,5763597,0.09,-0.1,0.12,-164.25,-65.19,92.31,-0.56,-0.31,0.31,-0.09,0.03,0.13,16.81,68.94,74.69,0.06,0.25,0.06,14,15
1772048425.194805,5763788,0.09,-0.13,0.11,-164.19,-65.19,92.31,1.37,-0.19,-0.37,-0.11,0.1,0.1,16.81,68.94,74.69,-0.13,0.0,0.0,15,16
1772048425.385198,5763979,0.08,0.0,0.08,-164.12,-65.19,92.25,0.56,0.56,0.5,-0.08,0.04,0.11,16.81,68.94,74.69,0.19,-0.56,-0.25,14,15
1772048425.576264,5764170,0.09,-0.08,0.1,-164.19,-65.25,92.37,0.06,-0.69,0.44,-0.08,0.05,0.11,16.81,68.94,74.69,-0.06,0.5,0.06,16,15
1772048425.767145,5764360,0.09,-0.01,0.12,-164.0,-65.31,92.25,-0.56,0.5,0.25,-0.1,0.01,0.17,16.75,68.87,74.69,-0.13,0.19,-0.13,16,15
1772048425.95777,5764551,0.08,-0.1,0.15,-164.0,-65.37,92.31,-0.62,-0.81,0.06,-0.09,0.01,0.12,16.75,68.87,74.69,0.06,0.25,0.5,16,15
1772048426.148474,5764742,0.15,-0.08,0.1,-164.0,-65.31,92.25,0.37,0.81,-0.19,-0.09,0.01,0.14,16.69,68.81,74.69,0.0,-0.31,-0.06,16,16
1772048426.339091,5764932,0.07,-0.07,0.1,-164.0,-65.31,92.25,0.13,0.0,0.06,-0.11,0.05,0.14,16.62,68.75,74.69,0.13,-0.69,-0.31,15,15
1772048426.53011,5765123,0.12,0.0,0.11,-164.06,-65.25,92.25,0.56,0.06,-0.31,-0.09,0.08,0.04,16.56,68.87,74.69,-0.19,-0.69,-0.37,16,16
1772048426.720631,5765314,0.09,-0.03,0.09,-164.06,-65.25,92.19,-0.56,0.06,-0.25,-0.07,0.01,0.11,16.5,68.81,74.75,0.19,0.06,0.0,16,15
1772048426.911671,5765505,0.09,-0.09,0.11,-164.06,-65.25,92.25,-0.44,-0.31,-0.13,-0.09,0.01,0.06,16.44,68.81,74.75,0.0,-0.25,-0.06,18,14
1772048427.102232,5765695,0.05,-0.02,0.12,-164.06,-65.25,92.25,-0.81,0.37,0.19,-0.04,-0.01,0.1,16.44,68.75,74.75,0.31,0.44,0.31,17,14
1772048427.293263,5765886,0.07,-0.13,0.09,-164.12,-65.19,92.31,-0.13,-0.88,0.62,-0.05,0.03,0.07,16.44,68.81,74.75,-0.06,-0.06,0.19,18,14
1772048427.483592,5766077,0.11,-0.12,0.11,-164.06,-65.25,92.25,1.06,0.25,-0.13,-0.07,0.05,0.1,16.44,68.81,74.75,0.0,0.81,0.5,16,14
1772048427.67434,5766268,0.06,-0.11,0.18,-164.12,-65.25,92.31,0.25,-0.44,0.37,-0.06,0.04,0.1,16.44,68.81,74.75,0.19,0.75,0.19,16,14
1772048427.864831,5766458,0.12,0.0,0.1,-164.06,-65.19,92.19,0.19,0.44,0.19,-0.06,0.06,0.1,16.44,68.81,74.75,0.37,1.12,0.19,16,14
1772048428.055955,5766649,0.06,-0.02,0.13,-164.06,-65.25,92.19,-0.75,-0.37,-0.06,-0.1,0.0,0.11,16.37,68.75,74.75,0.06,-0.13,0.06,16,14
1772048428.246715,5766840,0.07,-0.1,0.12,-164.06,-65.25,92.25,-0.19,0.37,-0.31,-0.08,0.02,0.1,16.37,68.75,74.75,0.13,-0.5,-0.44,16,13
1772048428.437625,5767031,0.1,-0.03,0.15,-164.06,-65.25,92.25,-0.81,0.31,0.0,-0.17,0.06,0.03,16.44,68.81,74.75,-0.06,-1.31,-0.56,15,13
1772048428.628395,5767221,0.08,-0.11,0.11,-164.12,-65.25,92.31,-0.5,-1.12,0.19,-0.06,0.02,0.14,16.44,68.87,74.75,-0.19,-0.06,0.06,16,13
1772048428.818857,5767412,0.09,-0.12,0.1,-164.0,-65.31,92.19,1.19,0.37,-0.37,-0.1,0.04,0.05,16.44,68.87,74.75,-0.31,0.13,0.13,14,14
1772048429.009685,5767603,0.07,-0.07,0.14,-164.0,-65.31,92.25,-0.25,-0.25,0.44,-0.1,0.05,0.09,16.44,68.87,74.75,0.06,-0.13,-0.31,15,15
1772048429.200348,5767793,0.13,-0.05,0.09,-163.94,-65.31,92.12,-0.06,0.13,-0.19,-0.06,0.0,0.11,16.5,68.94,74.75,0.19,-0.62,0.0,14,15
1772048429.391119,5767984,0.08,-0.02,0.14,-163.94,-65.31,92.19,-1.37,0.0,0.19,-0.07,0.01,0.13,16.5,68.94,74.75,-0.06,0.37,0.19,15,15
1772048429.581805,5768175,0.09,-0.12,0.14,-164.0,-65.31,92.25,0.31,-0.5,0.13,-0.09,0.02,0.11,16.5,68.94,74.75,-0.06,0.5,0.25,14,15
1772048429.772465,5768366,0.06,-0.11,0.17,-164.0,-65.37,92.25,0.0,-0.37,0.31,-0.08,0.04,0.1,16.5,68.94,74.75,0.06,0.56,0.31,14,15
1772048429.963131,5768556,0.08,0.0,0.15,-163.94,-65.37,92.19,0.69,-0.06,-0.06,-0.12,0.07,0.08,16.44,68.87,74.75,0.13,0.37,0.06,15,15
1772048430.153743,5768747,0.03,-0.05,0.14,-163.94,-65.37,92.19,-0.56,0.0,0.13,-0.1,0.01,0.14,16.44,68.81,74.75,0.06,0.31,0.06,15,15
1772048430.34498,5768938,0.02,-0.07,0.17,-164.0,-65.37,92.25,-0.44,-0.06,-0.13,-0.11,0.05,0.11,16.44,68.87,74.75,0.13,-0.62,-0.44,15,14
1772048430.535374,5769129,0.06,-0.01,0.14,-163.94,-65.37,92.25,-0.69,0.31,0.13,-0.08,0.0,0.13,16.37,68.87,74.75,0.06,-0.37,0.19,15,14
1772048430.726203,5769319,0.05,-0.1,0.17,-164.0,-65.44,92.31,-0.56,-0.94,0.31,-0.08,0.03,0.07,16.37,68.94,74.75,0.0,-0.31,0.0,15,14
1772048430.916635,5769510,0.08,-0.12,0.11,-163.94,-65.44,92.25,0.69,0.13,-0.31,-0.07,0.03,0.11,16.31,68.87,74.75,-0.06,0.37,0.25,15,14
1772048431.107419,5769701,0.06,-0.07,0.13,-163.94,-65.44,92.25,-0.19,0.06,0.44,-0.08,0.05,0.05,16.25,68.87,74.75,0.13,0.06,-0.25,15,14
1772048431.298406,5769892,0.11,-0.03,0.12,-163.94,-65.44,92.19,0.0,0.62,-0.13,-0.04,0.0,0.09,16.19,68.81,74.81,0.13,-0.62,0.06,15,14
1772048431.489342,5770082,0.07,-0.01,0.17,-163.94,-65.44,92.19,-1.44,-0.31,0.19,-0.06,-0.02,0.09,16.19,68.81,74.81,-0.19,0.56,0.19,15,14
1772048431.679553,5770273,0.09,-0.09,0.14,-164.0,-65.44,92.31,0.0,0.06,-0.19,-0.06,0.03,0.06,16.12,68.75,74.81,0.31,0.19,0.25,15,14
1772048431.870408,5770464,0.04,-0.08,0.16,-164.0,-65.44,92.31,-0.25,0.19,0.13,-0.08,0.04,0.09,16.12,68.75,74.81,0.13,0.06,0.06,14,14
1772048432.061065,5770655,0.1,0.0,0.12,-164.0,-65.37,92.31,0.75,0.0,-0.13,-0.11,0.05,0.1,16.12,68.69,74.81,0.06,0.56,0.19,15,14
1772048432.252437,5770846,0.01,-0.04,0.16,-163.94,-65.44,92.25,-0.13,0.19,0.0,-0.06,0.0,0.12,16.06,68.69,74.81,0.06,-0.31,-0.25,14,15
1772048432.44314,5771036,0.09,-0.1,0.14,-164.06,-65.37,92.31,-0.19,0.06,-0.19,-0.08,0.02,0.1,16.12,68.69,74.81,-0.06,-0.56,-0.37,14,15
1772048432.633667,5771227,0.07,-0.04,0.16,-164.0,-65.37,92.31,-0.62,0.0,0.0,-0.14,0.03,0.0,16.19,68.81,74.75,0.0,-0.56,0.06,13,14
1772048432.824505,5771418,0.06,-0.11,0.14,-164.0,-65.44,92.37,-0.31,-0.75,0.31,-0.06,0.0,0.12,16.19,68.87,74.75,-0.31,-0.62,0.0,14,14
1772048433.014878,5771608,0.07,-0.13,0.11,-164.0,-65.37,92.31,0.69,0.69,-0.31,-0.08,0.02,0.1,16.25,68.87,74.81,0.0,0.25,0.06,14,14
1772048433.206226,5771799,0.08,-0.05,0.15,-164.0,-65.37,92.25,-0.19,-0.62,0.19,-0.08,0.04,0.09,16.25,68.87,74.81,0.06,-0.13,-0.06,13,14
1772048433.396547,5771990,0.15,-0.05,0.16,-164.0,-65.37,92.25,0.06,0.19,0.06,-0.04,-0.01,0.06,16.25,68.87,74.75,0.31,0.19,0.25,14,15
1772048433.587388,5772181,0.06,-0.07,0.16,-164.0,-65.5,92.37,-0.44,0.44,-0.25,-0.08,0.01,0.08,16.19,68.87,74.81,0.25,0.94,0.31,14,14
1772048433.778238,5772372,0.08,-0.1,0.15,-164.06,-65.44,92.44,-0.31,-0.5,0.0,-0.08,0.0,0.12,16.19,68.75,74.81,0.19,0.81,0.44,14,14
1772048433.968861,5772562,0.1,-0.08,0.13,-164.06,-65.44,92.44,-0.19,0.06,-0.19,-0.09,0.04,0.14,16.12,68.75,74.81,0.19,0.25,0.13,13,14
1772048434.159869,5772753,0.07,-0.06,0.08,-164.06,-65.44,92.5,0.88,0.25,0.0,-0.06,0.02,0.08,16.19,68.81,74.75,0.25,0.44,-0.06,14,14
1772048434.351126,5772944,0.08,-0.04,0.17,-164.06,-65.37,92.44,-0.62,1.12,0.0,-0.1,0.01,0.1,16.19,68.87,74.81,-0.44,-0.88,-0.25,14,15
1772048434.541732,5773135,0.06,-0.02,0.15,-164.12,-65.31,92.37,-0.81,-0.19,-0.25,-0.09,0.01,0.07,16.19,68.87,74.81,0.13,-0.62,-0.5,14,15
1772048434.731227,5773324,-0.07,-0.08,0.21,-164.12,-65.31,92.44,-1.0,0.13,0.37,-0.07,0.02,0.13,16.19,68.87,74.75,-0.19,-2.44,-0.62,13,15
1772048434.922002,5773515,0.14,-0.17,0.13,-164.44,-65.12,92.56,1.12,-0.69,0.13,-0.09,0.03,0.14,16.19,68.94,74.81,-0.25,0.13,0.13,13,16
1772048435.113571,5773707,0.06,-0.09,0.11,-164.37,-65.25,92.5,1.19,-0.31,-0.25,-0.09,0.03,0.06,16.12,68.87,74.81,-0.06,-0.44,-0.25,14,15
1772048435.304248,5773898,0.05,-0.07,0.16,-164.31,-65.44,92.56,0.25,-1.94,0.62,-0.07,0.01,0.07,16.06,68.81,74.81,0.13,0.56,0.25,12,15
1772048435.495261,5774089,0.09,-0.03,0.12,-164.25,-65.62,92.62,0.31,0.5,-0.13,-0.07,0.02,0.09,16.0,68.75,74.81,-0.19,-0.31,-0.19,13,15
1772048435.686145,5774280,0.03,-0.09,0.11,-164.25,-65.69,92.75,-1.31,-0.06,0.31,-0.06,-0.02,0.07,15.88,68.62,74.81,0.25,0.75,0.5,13,15
1772048435.877147,5774471,0.14,-0.12,0.06,-164.25,-65.75,92.75,0.5,0.0,0.06,-0.07,0.0,0.09,15.88,68.5,74.81,0.19,0.19,0.31,13,15
1772048436.068943,5774662,0.11,-0.09,0.12,-164.19,-65.75,92.69,-0.19,0.37,0.31,-0.09,0.0,0.08,15.88,68.56,74.81,0.37,-0.25,-0.13,13,15
1772048436.262175,5774856,0.12,-0.01,0.09,-164.12,-65.75,92.56,0.69,0.13,-0.06,-0.09,0.03,0.04,15.88,68.75,74.87,0.19,-1.0,-0.56,13,15
1772048436.454257,5775047,0.06,-0.07,0.09,-164.06,-65.75,92.5,-0.69,0.06,-0.13,-0.06,-0.01,0.1,15.88,68.75,74.87,0.25,-0.19,-0.13,13,15
1772048436.648247,5775241,0.09,-0.09,0.1,-164.12,-65.75,92.56,-0.69,-0.25,-0.13,-0.08,0.01,0.03,15.88,68.75,74.87,-0.06,-0.44,0.0,14,13
1772048436.839397,5775433,0.07,-0.04,0.08,-164.06,-65.75,92.44,-0.81,0.0,0.13,-0.09,0.0,0.06,15.88,68.75,74.87,0.37,0.56,0.5,15,13
1772048437.03117,5775625,0.08,-0.13,0.11,-164.06,-65.75,92.5,-0.25,-0.81,0.37,-0.05,0.02,0.08,15.94,68.81,74.87,0.13,0.13,0.25,14,13
1772048437.222826,5775816,0.11,-0.11,0.05,-164.06,-65.75,92.5,0.56,0.25,-0.13,-0.07,0.0,0.11,15.88,68.75,74.87,0.06,0.88,0.5,16,14
1772048437.413974,5776008,0.07,-0.1,0.11,-164.06,-65.81,92.5,0.19,-0.25,0.0,-0.07,0.03,0.03,15.88,68.75,74.87,0.06,0.69,0.31,15,14
1772048437.60456,5776198,0.07,-0.06,0.09,-164.06,-65.81,92.5,0.19,0.44,-0.19,-0.08,0.05,-0.03,15.88,68.69,74.87,-0.06,-0.94,-0.44,16,14
1772048437.795946,5776389,0.06,-0.04,0.08,-164.06,-65.81,92.5,-0.88,0.19,0.19,-0.08,-0.05,0.13,15.81,68.62,74.87,0.06,1.25,0.5,16,14
1772048437.988924,5776582,0.12,-0.13,0.07,-164.12,-65.75,92.56,0.19,0.31,-0.19,-0.07,0.0,0.1,15.81,68.62,74.87,0.06,-0.88,-0.19,16,14
1772048438.18003,5776773,0.09,-0.11,0.09,-164.12,-65.75,92.56,-0.62,0.19,0.13,-0.01,0.02,0.13,15.88,68.69,74.87,0.06,-0.25,-0.19,17,14
1772048438.37311,5776966,0.13,-0.17,0.13,-164.19,-65.69,92.62,0.88,-0.44,-0.06,-0.1,0.04,0.1,15.88,68.81,74.87,-0.19,-0.37,0.0,17,14
1772048438.566046,5777159,0.08,-0.06,0.1,-164.12,-65.69,92.5,0.69,0.62,-0.37,-0.09,0.02,0.03,15.88,68.81,74.87,-0.31,-0.19,-0.25,17,16
1772048438.757709,5777351,0.08,-0.08,0.12,-164.19,-65.69,92.56,-0.25,-0.25,0.25,-0.08,0.02,0.06,15.88,68.81,74.87,-0.19,-0.25,-0.31,16,16
1772048438.94925,5777543,0.11,-0.04,0.13,-164.19,-65.69,92.5,-0.37,0.25,0.0,-0.02,0.0,0.05,15.88,68.81,74.87,0.25,-0.19,0.06,16,16
1772048439.141496,5777735,0.07,-0.03,0.07,-164.12,-65.75,92.56,-0.94,0.56,0.25,-0.09,0.0,0.09,15.94,68.81,74.81,-0.06,0.25,0.31,16,16
1772048439.333385,5777927,0.08,-0.11,0.09,-164.19,-65.75,92.69,-0.25,-0.62,-0.19,-0.07,0.0,0.12,15.94,68.75,74.81,0.31,0.37,0.37,16,16
1772048439.525648,5778119,0.07,-0.07,0.13,-164.19,-65.81,92.69,-0.56,0.06,0.25,-0.08,-0.04,0.1,15.88,68.75,74.81,0.37,0.5,0.44,16,16
1772048439.718157,5778312,0.11,-0.16,0.08,-164.19,-65.75,92.69,0.88,0.06,-0.25,-0.1,0.0,0.11,15.94,68.75,74.81,0.0,-0.5,-0.13,15,15
1772048439.91068,5778504,0.06,-0.03,0.08,-164.12,-65.75,92.56,0.56,0.62,-0.13,-0.11,0.02,0.06,16.0,68.81,74.81,-0.19,-1.12,-0.56,16,15
1772048440.102976,5778696,0.06,-0.09,0.1,-164.19,-65.69,92.62,-0.31,-0.31,-0.06,-0.04,0.0,0.07,16.0,68.87,74.81,-0.13,-0.37,-0.13,16,15
1772048440.295012,5778888,0.12,-0.03,0.08,-164.12,-65.69,92.5,-0.88,0.81,-0.25,-0.06,-0.01,0.1,16.0,68.94,74.81,0.13,-0.31,0.06,15,15
1772048440.486982,5779081,0.06,-0.08,0.12,-164.19,-65.69,92.56,-1.19,0.06,0.25,-0.08,0.0,0.13,16.06,68.94,74.81,-0.19,0.06,0.19,15,16
1772048440.678706,5779272,0.14,-0.14,0.1,-164.19,-65.69,92.56,-0.19,-0.13,-0.06,-0.06,0.0,0.08,16.06,68.94,74.81,0.19,0.44,0.25,15,15
1772048440.869436,5779463,0.07,-0.09,0.11,-164.12,-65.75,92.56,0.0,0.25,0.13,-0.07,-0.01,0.08,16.0,68.87,74.81,0.37,0.94,0.5,15,15
1772048441.061445,5779655,0.1,-0.12,0.11,-164.19,-65.75,92.62,1.19,-0.56,-0.5,-0.1,0.03,0.09,15.94,68.81,74.81,0.06,1.12,0.44,15,15
1772048441.251705,5779845,0.1,0.01,0.08,-164.12,-65.81,92.56,0.56,0.5,0.0,-0.1,0.0,0.09,15.94,68.75,74.81,0.13,-0.13,-0.19,15,15
1772048441.442302,5780036,0.08,-0.11,0.09,-164.19,-65.75,92.69,-0.37,-0.25,0.0,-0.08,0.0,0.12,15.94,68.75,74.81,0.0,-0.13,-0.13,14,15
1772048441.633591,5780227,0.12,-0.06,0.11,-164.12,-65.75,92.56,-0.13,0.75,0.0,-0.07,-0.01,0.06,15.94,68.87,74.81,-0.5,-1.75,-0.94,15,15
1772048441.824832,5780418,0.06,-0.09,0.14,-164.12,-65.81,92.56,-0.88,-0.19,0.31,-0.04,0.02,0.05,16.0,68.94,74.81,0.0,-0.06,0.0,14,15
1772048442.0162,5780610,0.13,-0.12,0.09,-164.12,-65.75,92.56,0.0,0.37,-0.13,-0.08,0.02,0.08,16.0,68.94,74.81,0.0,0.19,0.13,13,15
1772048442.207563,5780801,0.11,-0.1,0.09,-164.12,-65.75,92.56,-0.06,0.13,0.31,-0.1,0.02,0.12,16.0,68.94,74.81,-0.06,0.0,-0.06,14,15
1772048442.39669,5780990,0.12,-0.05,0.09,-164.06,-65.75,92.5,0.75,-0.31,-0.19,-0.09,0.06,0.08,16.0,69.0,74.81,-0.06,0.31,0.0,13,15
1772048442.587485,5781181,0.12,-0.02,0.11,-164.0,-65.81,92.37,-0.13,0.19,0.06,-0.07,0.01,0.11,16.0,68.94,74.81,0.13,0.13,0.0,14,15
1772048442.777947,5781371,0.08,-0.09,0.11,-164.12,-65.81,92.56,-0.19,-0.19,-0.25,-0.08,0.0,0.09,16.0,68.94,74.81,-0.06,0.5,0.13,13,13
1772048442.968412,5781562,0.05,-0.01,0.1,-164.06,-65.81,92.5,-0.88,0.56,0.31,-0.09,-0.02,0.09,16.0,68.94,74.87,0.06,0.62,0.25,13,13
1772048443.158729,5781752,0.07,-0.12,0.12,-164.06,-65.81,92.56,-0.25,-0.81,0.56,-0.08,0.0,0.12,15.94,68.87,74.87,-0.19,-0.06,0.13,13,13
1772048443.34892,5781943,0.09,-0.14,0.08,-164.06,-65.81,92.5,1.0,1.06,-0.37,-0.09,0.0,0.11,15.94,68.87,74.87,0.13,0.13,0.13,14,14
1772048443.53982,5782133,0.1,-0.08,0.08,-164.06,-65.81,92.56,-0.5,-0.25,0.44,-0.1,0.01,0.1,16.0,68.94,74.87,0.31,-0.88,-0.37,14,13
1772048443.730505,5782324,0.14,-0.01,0.09,-164.06,-65.81,92.5,-0.37,-0.31,0.31,-0.06,0.03,0.08,16.06,69.06,74.87,0.19,-0.44,-0.19,13,14
1772048443.921469,5782515,0.04,-0.06,0.11,-164.0,-65.87,92.5,-0.44,0.13,-0.44,-0.07,-0.02,0.15,16.06,69.06,74.87,-0.5,-0.19,0.25,14,14
1772048444.111539,5782705,0.12,-0.11,0.08,-164.06,-65.87,92.56,-0.37,-0.56,0.0,-0.09,0.02,0.12,16.06,69.06,74.87,0.13,0.19,0.0,13,14
1772048444.302483,5782896,0.07,-0.11,0.08,-164.06,-65.87,92.56,-0.5,0.13,0.25,-0.12,0.04,0.11,16.06,69.12,74.87,-0.13,-1.25,-0.31,15,14
1772048444.492883,5783087,0.11,-0.12,0.1,-164.06,-65.87,92.56,0.13,-1.12,0.69,-0.1,0.01,0.16,16.12,69.12,74.81,0.25,0.69,0.37,14,14
1772048444.683232,5783277,0.13,-0.06,0.07,-164.0,-65.94,92.56,1.62,-0.37,-0.44,-0.11,0.07,0.06,16.06,69.12,74.87,-0.37,0.06,-0.06,15,15
1772048444.874374,5783468,0.04,-0.07,0.13,-164.06,-65.94,92.69,0.19,-0.19,0.37,-0.12,0.0,0.13,16.06,69.06,74.81,-0.19,0.19,0.13,15,15
1772048445.06521,5783659,0.15,-0.07,0.09,-164.06,-65.94,92.69,0.06,0.37,-0.06,-0.07,0.0,0.1,16.06,69.06,74.81,0.0,-1.0,-0.25,15,16
1772048445.256222,5783850,0.05,-0.01,0.06,-164.06,-66.0,92.69,-0.88,0.5,0.25,-0.1,-0.02,0.15,16.0,68.94,74.81,-0.31,0.25,0.06,15,15
1772048445.44718,5784040,0.07,-0.14,0.08,-164.12,-65.94,92.75,0.25,-0.25,-0.25,-0.06,-0.02,0.15,15.94,68.94,74.81,-0.19,-0.56,-0.13,15,16
1772048445.637463,5784231,0.08,-0.14,0.07,-164.12,-65.94,92.75,-0.69,0.31,0.31,-0.04,0.03,0.14,15.94,68.87,74.81,0.13,-0.19,0.06,16,15
1772048445.828585,5784422,0.1,-0.16,0.1,-164.06,-65.94,92.56,0.69,-0.62,-0.06,-0.11,0.04,0.11,15.94,68.94,74.81,-0.13,-0.31,-0.13,15,15
1772048446.019046,5784613,0.1,0.0,0.06,-163.94,-65.94,92.44,0.75,0.13,-0.37,-0.05,0.02,0.08,15.88,68.87,74.81,-0.19,0.31,-0.19,16,15
1772048446.209966,5784804,0.07,-0.11,0.09,-164.0,-65.94,92.5,0.06,-0.19,-0.06,-0.06,0.0,0.07,15.88,68.87,74.81,0.13,0.13,-0.06,15,15
1772048446.400678,5784994,0.14,-0.05,0.11,-163.94,-65.94,92.44,-0.13,0.37,-0.13,-0.04,-0.04,0.06,15.88,68.87,74.81,0.13,-0.44,0.0,16,15
1772048446.590965,5785185,0.08,-0.11,0.1,-164.0,-65.94,92.5,-1.56,0.25,0.19,-0.06,0.01,0.06,15.88,68.87,74.81,-0.31,0.06,0.13,14,15
1772048446.782145,5785376,0.12,-0.11,0.07,-163.94,-65.94,92.5,-0.31,-0.56,-0.25,-0.06,-0.01,0.09,15.88,68.87,74.81,0.06,0.25,0.06,14,15
1772048446.972829,5785566,0.1,-0.08,0.07,-163.94,-66.0,92.5,-0.44,-0.13,0.31,-0.1,0.0,0.08,15.88,68.87,74.81,0.25,0.19,0.13,14,15
1772048447.163752,5785757,0.11,-0.07,0.06,-163.94,-66.0,92.5,1.31,-0.19,-0.56,-0.1,0.03,0.08,15.88,68.87,74.81,0.0,0.81,0.31,14,15
1772048447.354216,5785948,0.1,-0.04,0.08,-163.94,-66.06,92.5,-0.31,0.13,0.31,-0.06,0.0,0.11,15.88,68.81,74.81,-0.06,0.13,0.0,15,15
1772048447.545006,5786139,0.07,-0.14,0.06,-164.0,-66.06,92.62,0.0,-0.25,-0.19,-0.09,0.0,0.08,15.88,68.81,74.81,-0.13,0.44,-0.06,13,14
1772048447.735739,5786330,0.1,-0.01,0.06,-163.94,-66.06,92.5,-0.62,0.75,0.13,-0.09,-0.02,0.13,15.88,68.81,74.81,0.37,0.62,0.13,15,14
1772048447.92677,5786520,0.08,-0.09,0.07,-163.94,-66.0,92.56,-0.81,-0.94,0.13,-0.09,-0.01,0.07,15.88,68.87,74.87,-0.19,-1.0,-0.19,14,14
1772048448.117364,5786711,0.11,-0.13,0.05,-163.94,-66.0,92.56,0.75,0.37,-0.13,-0.09,0.0,0.14,15.88,68.94,74.87,-0.25,0.06,0.37,16,14
1772048448.308207,5786902,0.1,-0.12,0.06,-164.0,-66.0,92.62,-0.13,0.62,0.37,-0.11,0.01,0.1,15.88,68.94,74.87,-0.13,-0.25,-0.44,14,14
1772048448.498852,5787093,0.09,-0.03,0.05,-163.94,-66.0,92.5,0.19,0.44,1.12,-0.1,0.03,0.04,15.88,68.94,74.87,-0.37,-0.75,-0.13,15,14
1772048448.689752,5787283,0.09,-0.07,0.09,-163.87,-65.94,92.5,-0.75,0.06,-0.06,-0.11,-0.02,0.12,15.88,68.94,74.87,-0.5,0.19,0.13,15,14
1772048448.880507,5787474,0.13,-0.11,0.04,-164.0,-65.87,92.56,-0.19,-0.31,-0.13,-0.08,0.0,0.07,15.88,68.94,74.87,0.06,-0.37,-0.06,14,14
1772048449.071052,5787665,0.08,-0.09,0.05,-164.0,-65.87,92.56,-0.62,0.19,0.13,-0.09,0.0,0.13,15.88,68.94,74.87,0.13,-0.19,0.0,15,14
1772048449.261766,5787855,0.11,-0.05,0.06,-164.0,-65.87,92.56,0.94,-0.62,-0.31,-0.07,0.03,0.08,15.94,69.06,74.87,0.19,0.5,-0.06,14,14
1772048449.452552,5788046,0.05,-0.07,0.07,-163.94,-66.0,92.56,0.0,-0.06,0.06,-0.09,0.0,0.08,15.94,69.0,74.87,0.13,-0.31,-0.06,15,15
1772048449.643204,5788237,0.07,-0.08,0.05,-163.94,-66.0,92.62,-0.25,-0.37,0.06,-0.07,0.0,0.09,15.94,69.0,74.87,0.13,0.69,0.25,14,15
1772048449.833921,5788428,0.08,-0.06,0.05,-163.94,-66.0,92.62,-0.56,0.0,0.25,-0.08,0.01,0.14,15.88,68.94,74.87,-0.13,0.44,0.06,15,15
1772048450.024938,5788619,0.1,-0.15,0.07,-164.0,-66.0,92.69,-0.44,-0.44,0.31,-0.11,0.01,0.13,15.88,68.87,74.87,0.06,0.06,0.19,14,15
1772048450.215779,5788809,0.12,-0.11,0.03,-164.0,-65.94,92.62,1.06,0.62,-0.5,-0.09,0.03,0.09,15.88,68.94,74.87,-0.19,-0.56,-0.19,15,15
1772048450.406146,5789000,0.1,-0.1,0.09,-164.0,-65.94,92.69,0.13,0.69,0.31,-0.08,0.02,0.1,15.94,69.0,74.87,0.0,-0.44,-0.31,14,15
1772048450.596496,5789190,0.16,-0.05,0.03,-163.94,-65.94,92.5,-0.62,0.62,0.0,-0.11,0.01,0.1,15.94,69.0,74.87,-0.06,-1.06,-0.37,15,15
1772048450.787515,5789381,0.09,-0.11,0.05,-163.94,-65.94,92.56,-0.94,0.31,0.13,-0.1,0.01,0.1,15.94,69.06,74.87,-0.19,0.13,0.06,15,15
1772048450.978343,5789572,0.12,-0.15,0.04,-163.94,-65.94,92.5,0.25,0.31,-0.19,-0.07,0.0,0.13,15.94,69.06,74.87,0.13,0.31,0.31,14,15
1772048451.169198,5789763,0.11,-0.11,0.04,-163.87,-65.94,92.5,-0.25,-0.06,0.13,-0.09,0.01,0.13,15.94,69.06,74.87,0.13,0.37,0.19,15,15
1772048451.359732,5789954,0.16,-0.01,0.0,-163.87,-65.87,92.44,0.0,0.13,0.06,-0.1,0.05,0.09,16.0,69.12,74.87,0.13,-0.31,-0.44,14,15
1772048451.55066,5790144,0.05,-0.07,0.06,-163.81,-65.94,92.37,-0.5,-0.37,-0.13,-0.11,-0.01,0.16,16.0,69.06,74.87,0.06,0.25,0.31,15,16
1772048451.741318,5790335,0.09,-0.09,0.07,-163.87,-65.94,92.5,-0.19,-0.44,0.13,-0.07,0.0,0.11,15.94,69.06,74.87,0.13,0.0,-0.06,14,16
1772048451.932141,5790526,0.08,-0.11,0.06,-163.87,-65.94,92.5,-0.5,0.5,0.13,-0.1,-0.03,0.15,15.94,69.0,74.87,0.13,0.56,0.25,14,16
1772048452.12296,5790717,0.12,-0.21,0.06,-163.94,-65.87,92.56,0.81,-0.75,-0.19,-0.11,0.0,0.14,15.94,69.0,74.87,0.0,0.69,0.31,14,16
1772048452.313607,5790907,0.11,-0.03,0.03,-163.87,-65.94,92.5,0.69,0.56,-0.25,-0.08,0.0,0.1,15.94,69.0,74.87,0.0,-0.44,-0.44,14,15
1772048452.504769,5791098,0.08,-0.1,0.05,-163.94,-65.87,92.56,-0.19,-0.13,0.13,-0.07,-0.01,0.1,15.88,68.94,74.87,-0.19,-0.62,-0.31,13,15
1772048452.694277,5791288,0.12,-0.08,0.04,-163.94,-65.87,92.5,-0.75,0.75,-0.06,-0.05,-0.01,0.12,15.88,68.94,74.87,-0.44,-1.37,-0.56,13,15
1772048452.885939,5791480,0.05,-0.11,0.05,-163.94,-65.94,92.56,-0.81,-0.37,-0.06,-0.1,0.01,0.08,15.88,68.94,74.87,-0.13,-0.06,0.31,14,15
1772048453.076425,5791670,0.14,-0.16,0.03,-163.94,-65.87,92.56,0.25,0.37,0.06,-0.07,0.01,0.06,15.81,68.94,74.87,-0.13,0.0,0.19,13,14
1772048453.267454,5791861,0.07,-0.1,0.07,-163.94,-65.87,92.5,-0.13,0.0,0.13,-0.07,0.03,0.07,15.81,68.87,74.87,0.13,0.06,0.0,14,15
1772048453.458102,5792052,0.15,-0.06,0.0,-163.94,-65.87,92.5,-0.06,0.75,0.19,-0.06,0.03,0.06,15.81,68.94,74.87,0.19,0.13,-0.25,13,14
1772048453.649219,5792243,0.11,-0.05,0.07,-163.87,-65.87,92.44,-0.75,-0.44,-0.25,-0.08,0.0,0.08,15.81,68.94,74.87,-0.37,0.0,-0.06,14,14
1772048453.839952,5792434,0.1,-0.1,0.05,-164.0,-65.87,92.62,-0.5,-0.56,-0.13,-0.06,0.0,0.07,15.81,68.87,74.87,0.06,0.31,0.13,13,14
1772048454.030662,5792625,0.09,-0.07,0.07,-163.94,-65.87,92.56,-0.81,0.13,0.25,-0.09,-0.04,0.14,15.81,68.87,74.87,0.13,0.37,0.25,14,15
1772048454.221348,5792815,0.13,-0.19,0.04,-164.0,-65.87,92.62,0.69,-0.75,-0.13,-0.11,0.0,0.12,15.75,68.81,74.87,0.06,0.44,0.37,14,15
1772048454.412105,5793006,0.09,-0.02,0.03,-163.94,-65.87,92.56,0.81,0.56,-0.13,-0.06,0.0,0.12,15.75,68.81,74.87,-0.06,0.0,-0.06,14,15
1772048454.602981,5793197,0.1,-0.13,0.08,-164.06,-65.81,92.62,-0.25,0.0,0.0,-0.09,0.0,0.12,15.81,68.87,74.87,-0.06,-0.44,-0.25,16,15
1772048454.794277,5793388,0.11,-0.04,0.03,-164.06,-65.81,92.62,-0.37,0.69,0.06,-0.06,0.0,0.14,15.81,68.94,74.87,-0.19,-0.13,-0.25,15,15
1772048454.984934,5793579,0.06,-0.12,0.07,-164.06,-65.87,92.69,-0.25,-0.69,0.13,-0.08,0.0,0.11,15.88,69.0,74.87,-0.06,0.0,0.19,16,15
1772048455.175519,5793769,0.15,-0.16,0.03,-164.06,-65.87,92.69,0.37,0.56,-0.06,-0.08,0.0,0.06,15.88,69.0,74.87,-0.25,0.06,0.31,16,15
1772048455.366233,5793960,0.11,-0.12,0.04,-164.06,-65.87,92.69,-0.13,0.19,0.44,-0.1,0.03,0.09,15.88,69.0,74.87,0.06,-0.13,-0.19,17,15
1772048455.557056,5794151,0.2,-0.07,0.04,-164.06,-65.81,92.69,0.06,0.69,0.0,-0.06,-0.01,0.1,15.88,69.0,74.87,0.25,-0.37,0.0,17,15
1772048455.748602,5794342,0.11,-0.04,0.01,-164.06,-65.81,92.69,-1.31,0.13,0.06,-0.11,0.0,0.1,15.88,69.0,74.87,-0.25,0.37,0.06,17,15
1772048455.940232,5794534,0.13,-0.13,0.05,-164.06,-65.81,92.69,-0.37,-0.44,0.19,-0.08,-0.02,0.09,15.88,69.0,74.81,0.13,0.19,0.25,17,16
1772048456.134158,5794728,0.07,-0.09,0.1,-164.06,-65.81,92.69,-0.19,-0.31,0.31,-0.08,0.02,0.09,15.88,68.94,74.81,0.0,0.44,0.25,17,15
1772048456.327933,5794922,0.09,-0.1,0.02,-164.06,-65.81,92.69,0.31,0.0,0.0,-0.08,0.03,0.08,15.88,68.94,74.81,0.25,0.56,0.19,17,15
1772048456.519825,5795114,0.11,-0.04,0.06,-164.06,-65.87,92.69,-0.56,0.13,0.06,-0.11,-0.04,0.16,15.88,68.87,74.81,-0.37,-0.25,0.13,15,15
1772048456.711331,5795305,0.12,-0.11,0.02,-164.12,-65.81,92.75,-0.37,0.0,-0.13,-0.1,0.01,0.14,15.88,68.94,74.81,0.06,-0.69,-0.37,15,15
1772048456.902905,5795497,0.09,-0.11,0.04,-164.12,-65.81,92.69,-0.88,0.31,0.0,-0.07,-0.01,0.13,15.94,69.0,74.81,0.06,-0.25,-0.19,15,15
1772048457.094506,5795688,0.11,-0.17,0.06,-164.06,-65.81,92.69,0.56,-1.12,-0.56,-0.11,0.04,0.12,16.0,69.12,74.81,-0.19,-0.25,0.13,15,15
1772048457.286095,5795880,0.11,-0.03,0.04,-164.0,-65.87,92.62,-0.25,0.25,-0.31,-0.08,0.0,0.08,16.0,69.12,74.81,-0.25,-0.13,-0.13,14,15
1772048457.475316,5796069,0.11,-0.08,0.05,-164.12,-65.81,92.69,-0.44,-0.5,0.0,-0.09,0.01,0.1,16.0,69.12,74.81,0.0,0.0,0.0,14,14
1772048457.667183,5796261,0.11,-0.06,0.04,-164.06,-65.81,92.62,-0.69,0.25,0.25,-0.08,-0.01,0.09,16.0,69.12,74.81,0.0,-0.25,0.06,14,14
1772048457.859375,5796453,0.12,-0.13,0.06,-164.12,-65.87,92.69,0.06,-0.44,0.5,-0.09,0.01,0.12,16.0,69.12,74.81,-0.13,-0.25,0.06,14,14
1772048458.052403,5796646,0.1,-0.21,0.01,-164.06,-65.87,92.69,1.06,0.13,-0.06,-0.11,0.03,0.09,16.0,69.12,74.81,-0.06,0.13,0.25,14,14
1772048458.245636,5796840,0.08,-0.12,0.08,-164.06,-65.94,92.69,0.13,-0.25,0.56,-0.12,0.0,0.13,16.0,69.12,74.81,0.31,0.31,-0.06,14,14
1772048458.437352,5797031,0.17,-0.1,0.06,-164.06,-65.87,92.69,0.19,1.06,-0.19,-0.06,0.0,0.15,15.94,69.0,74.81,0.25,-0.37,-0.25,15,14
1772048458.62854,5797223,0.09,-0.09,0.05,-164.06,-65.94,92.69,-0.56,0.31,0.06,-0.08,-0.01,0.14,15.81,68.94,74.81,-0.06,0.69,0.13,15,14
1772048458.820554,5797414,0.16,-0.14,0.05,-164.12,-65.87,92.75,0.19,-0.13,-0.19,-0.07,-0.03,0.14,15.81,68.81,74.81,0.31,-0.44,-0.25,14,14
1772048459.012198,5797606,0.11,-0.13,0.02,-164.12,-65.87,92.75,-0.25,0.19,0.25,-0.09,0.02,0.09,15.81,68.87,74.81,0.06,-0.31,-0.06,15,14
1772048459.2045,5797799,0.1,-0.02,0.06,-164.06,-65.94,92.69,0.13,-1.0,-0.19,-0.08,0.04,0.06,15.75,68.94,74.81,0.0,0.0,-0.19,14,14
1772048459.396493,5797991,0.07,-0.08,0.06,-164.0,-66.0,92.69,-0.31,0.62,0.0,-0.06,0.0,0.09,15.75,68.87,74.81,0.13,0.13,0.06,15,15
1772048459.589497,5798183,0.1,-0.09,0.02,-164.06,-65.94,92.75,-0.44,-0.25,0.0,-0.08,0.0,0.05,15.75,68.87,74.81,-0.06,0.0,-0.06,14,14
1772048459.782075,5798376,0.07,-0.05,0.06,-164.06,-65.94,92.75,-0.69,0.13,0.37,-0.09,-0.01,0.06,15.75,68.87,74.81,0.44,-0.06,-0.06,14,14
1772048459.973935,5798568,0.07,-0.12,0.09,-164.06,-66.0,92.87,0.25,-0.75,0.62,-0.08,0.01,0.07,15.69,68.81,74.81,-0.31,0.0,0.19,15,14
1772048460.166095,5798760,0.11,-0.14,0.0,-164.12,-66.0,92.87,0.75,0.13,-0.31,-0.09,0.0,0.09,15.69,68.81,74.81,-0.19,0.88,0.56,15,14
1772048460.358059,5798952,0.09,-0.1,0.06,-164.12,-66.0,92.87,0.25,-0.19,0.37,-0.09,0.01,0.11,15.69,68.75,74.81,0.13,0.31,0.13,14,14
1772048460.550586,5799145,0.09,-0.06,0.04,-164.06,-66.0,92.81,0.31,0.5,-0.13,-0.08,0.03,0.03,15.69,68.81,74.81,0.31,0.13,-0.06,15,14
1772048460.742776,5799337,0.09,0.0,0.04,-164.06,-65.94,92.81,-0.5,0.0,-0.25,-0.09,-0.03,0.14,15.69,68.81,74.81,-0.13,-0.13,-0.06,14,14
1772048460.935038,5799529,0.12,-0.13,0.06,-164.12,-65.94,92.87,-0.13,-0.25,-0.25,-0.08,-0.01,0.11,15.75,68.87,74.81,-0.06,-0.75,-0.31,15,14
1772048461.124308,5799718,0.08,-0.09,0.04,-164.12,-65.94,92.87,-0.94,-0.19,0.44,-0.04,0.02,0.15,15.81,68.94,74.81,-0.13,-0.81,-0.25,15,14
1772048461.316126,5799910,0.11,-0.17,0.07,-164.12,-65.94,92.81,0.06,-0.62,0.25,-0.11,0.03,0.09,15.81,69.0,74.81,-0.06,0.19,0.25,15,14
1772048461.508686,5800103,0.12,-0.08,0.02,-164.06,-65.94,92.75,1.37,0.37,-0.25,-0.05,0.03,0.07,15.81,69.0,74.81,-0.25,0.0,-0.13,15,15
1772048461.700594,5800295,0.09,-0.12,0.07,-164.12,-65.94,92.87,0.13,-0.31,0.13,-0.06,0.0,0.12,15.81,69.0,74.81,-0.06,0.06,-0.19,14,14
1772048461.891777,5800486,0.13,-0.06,0.06,-164.12,-65.94,92.81,0.06,0.44,0.0,-0.09,0.01,0.07,15.88,69.0,74.81,0.0,-0.62,-0.06,14,14
1772048462.084427,5800678,0.05,-0.15,0.08,-164.12,-66.0,92.94,-0.69,-0.06,0.25,-0.08,0.0,0.11,15.81,69.0,74.81,0.19,0.25,0.31,14,15
1772048462.275692,5800870,0.13,-0.13,0.03,-164.12,-66.0,92.94,0.0,-0.56,0.19,-0.11,0.0,0.13,15.81,68.94,74.81,0.0,0.56,0.37,14,15
1772048462.466855,5801061,0.08,-0.1,0.06,-164.12,-66.0,92.94,-0.06,0.5,0.13,-0.09,0.02,0.11,15.81,68.87,74.81,0.25,0.75,0.25,14,15
1772048462.657851,5801252,0.13,-0.04,0.03,-164.12,-66.0,92.94,0.75,0.5,-0.06,-0.09,0.03,0.1,15.81,68.87,74.81,0.44,1.06,0.13,14,15
1772048462.848926,5801443,0.06,-0.03,0.07,-164.06,-66.0,92.87,-0.06,0.5,-0.13,-0.09,0.0,0.09,15.81,68.94,74.81,0.06,-1.06,-0.37,14,15
1772048463.039707,5801634,0.08,-0.06,0.05,-164.12,-66.0,92.94,-0.37,-0.06,-0.19,-0.07,0.0,0.08,15.88,69.0,74.81,0.19,-0.62,-0.37,13,15
1772048463.230226,5801824,0.09,-0.08,0.08,-164.06,-66.0,92.87,-1.31,-0.19,0.19,-0.12,0.02,0.05,15.88,69.06,74.81,-0.25,-1.62,-0.56,14,15
1772048463.420889,5802015,0.08,-0.13,0.1,-164.06,-66.0,92.87,-0.25,-1.06,0.31,-0.09,0.02,0.11,15.94,69.06,74.81,-0.19,-0.25,0.25,13,15
1772048463.611412,5802205,0.08,-0.16,0.01,-164.0,-66.06,92.81,1.12,0.19,-0.13,-0.1,0.04,0.07,15.94,69.06,74.81,-0.5,-0.06,-0.06,16,15
1772048463.802214,5802396,0.09,-0.1,0.05,-164.06,-66.06,92.81,-0.13,-0.31,0.37,-0.09,0.0,0.11,15.94,69.06,74.81,-0.13,-0.13,-0.13,14,15
1772048463.992853,5802587,0.16,-0.06,0.08,-164.0,-66.06,92.75,0.0,0.19,-0.06,-0.05,-0.02,0.12,15.94,69.12,74.81,0.5,-0.06,0.06,15,15
1772048464.183544,5802778,0.09,-0.07,0.05,-164.0,-66.06,92.81,-1.12,0.56,0.19,-0.11,-0.01,0.09,15.94,69.12,74.81,0.06,0.5,0.13,15,15
1772048464.374087,5802968,0.09,-0.07,0.03,-164.0,-66.06,92.81,0.0,-0.37,0.0,-0.09,0.0,0.15,15.94,69.06,74.81,0.31,0.62,0.5,15,15
1772048464.564907,5803159,0.09,-0.1,0.06,-164.0,-66.12,92.81,-0.31,0.31,0.19,-0.1,0.02,0.14,15.94,69.06,74.81,0.19,0.37,0.25,15,15
1772048464.755241,5803350,0.14,-0.07,0.01,-164.0,-66.12,92.81,1.06,-0.19,-0.19,-0.13,0.04,0.1,15.88,68.94,74.81,0.13,0.37,0.13,14,15
1772048464.946102,5803540,0.11,-0.06,0.03,-163.94,-66.12,92.81,0.0,0.62,0.13,-0.1,0.0,0.11,15.81,68.87,74.81,0.37,-0.69,-0.44,16,16
1772048465.137157,5803731,0.11,-0.08,0.05,-164.0,-66.12,92.81,-0.13,-0.06,-0.19,-0.08,0.0,0.1,15.81,68.87,74.81,0.13,-0.44,-0.25,16,15
1772048465.327488,5803922,0.11,-0.07,0.03,-163.94,-66.12,92.75,-0.81,0.25,0.31,-0.01,-0.03,0.15,15.75,68.87,74.81,0.13,0.94,0.37,18,15
1772048465.518224,5804112,0.06,-0.15,0.05,-163.94,-66.12,92.81,-0.31,-0.69,0.25,-0.05,0.01,0.05,15.75,68.87,74.81,0.0,0.0,0.19,16,15
1772048465.708874,5804303,0.14,-0.15,0.04,-163.94,-66.12,92.75,0.31,0.56,0.0,-0.05,0.02,0.07,15.75,68.87,74.81,-0.06,0.31,0.37,17,15
1772048465.89996,5804494,0.09,-0.11,0.08,-163.94,-66.12,92.69,-0.06,-0.5,0.62,-0.11,0.01,0.08,15.75,68.87,74.81,0.0,-0.06,-0.37,16,15
1772048466.090714,5804685,0.15,-0.05,0.02,-163.87,-66.06,92.62,-0.06,0.62,0.19,-0.09,0.03,0.07,15.75,68.94,74.81,0.19,-0.37,-0.37,16,15
1772048466.28126,5804875,0.07,-0.01,0.06,-163.81,-66.06,92.56,-0.62,-0.06,-0.06,-0.1,0.01,0.08,15.75,68.94,74.81,-0.31,0.0,0.13,17,15
1772048466.472075,5805066,0.1,-0.06,0.03,-163.87,-66.12,92.62,-0.44,-0.56,-0.06,-0.06,0.02,0.06,15.75,68.87,74.81,0.06,0.13,0.13,16,15
1772048466.662659,5805257,0.08,-0.06,0.06,-163.81,-66.12,92.62,-0.62,0.44,-0.06,-0.08,0.02,0.09,15.69,68.81,74.81,0.13,0.5,0.31,17,15
1772048466.853341,5805448,0.11,-0.14,0.06,-163.94,-66.06,92.69,0.37,-0.81,0.19,-0.08,0.01,0.14,15.69,68.81,74.81,0.06,0.5,0.31,16,14
1772048467.044632,5805639,0.11,-0.09,0.03,-163.87,-66.06,92.69,1.12,0.44,-0.44,-0.08,0.04,0.05,15.75,68.81,74.81,-0.13,-0.19,-0.19,15,15
1772048467.235314,5805829,0.08,-0.1,0.06,-163.94,-66.06,92.75,-0.19,-0.13,0.19,-0.1,0.03,0.1,15.75,68.87,74.81,-0.13,-0.37,-0.31,14,15
1772048467.425768,5806020,0.13,-0.02,0.01,-163.94,-66.06,92.75,-0.56,0.19,-0.37,-0.08,0.04,0.01,15.75,68.94,74.81,0.06,-1.37,-0.37,15,15
1772048467.616593,5806211,0.09,0.0,0.06,-163.87,-66.12,92.75,-1.06,-0.37,-0.19,-0.04,-0.02,0.15,15.81,68.94,74.81,-0.19,0.62,0.37,15,15
1772048467.807539,5806402,0.1,-0.12,0.04,-163.94,-66.12,92.81,-0.06,-0.69,0.06,-0.08,0.0,0.12,15.81,68.94,74.81,-0.13,-0.31,0.06,15,15
1772048467.997893,5806592,0.2,-0.15,0.04,-164.0,-66.06,92.94,2.31,3.25,0.44,-0.08,0.0,0.17,15.81,68.94,74.81,0.06,0.13,0.25,15,15
1772048468.188787,5806783,-0.16,-0.05,0.2,-164.94,-65.44,94.19,11.88,-6.31,3.31,-0.09,0.06,0.13,15.81,68.94,74.81,-0.25,1.12,0.13,14,15
1772048468.378965,5806973,0.1,-0.07,0.04,-165.69,-65.69,95.69,0.19,3.12,-1.87,-0.07,0.04,0.06,15.88,68.87,74.75,0.13,0.56,0.19,15,15
1772048468.569863,5807164,0.08,-0.11,0.02,-166.69,-65.37,96.0,-0.88,2.56,-0.94,-0.09,0.01,0.09,15.94,68.81,74.69,0.13,0.19,0.13,14,13
1772048468.761237,5807355,0.0,-0.03,0.04,-166.69,-65.37,95.87,-2.56,-0.56,-0.44,-0.08,-0.01,0.16,15.94,68.75,74.69,0.44,0.69,0.56,16,14
1772048468.952352,5807546,-0.03,-0.05,0.07,-166.5,-65.44,95.44,-3.75,-4.25,-0.62,-0.08,0.0,0.12,15.94,68.75,74.69,-0.19,-0.31,-0.06,14,13
1772048469.14253,5807737,0.04,-0.05,0.03,-165.81,-65.81,94.75,-1.06,-2.56,-0.56,-0.08,0.01,0.1,15.94,68.75,74.69,0.13,0.0,0.25,16,13
1772048469.333115,5807927,0.09,-0.09,0.08,-165.62,-65.94,94.56,-1.25,-0.06,0.19,-0.09,0.02,0.12,15.94,68.81,74.69,0.13,-0.62,-0.25,14,13
1772048469.524067,5808118,0.1,-0.04,0.01,-165.5,-65.87,94.25,-0.37,0.75,-0.31,-0.08,0.02,0.03,16.0,68.87,74.69,0.06,-1.5,-0.5,15,14
1772048469.714905,5808309,0.1,-0.03,0.05,-165.44,-65.87,94.19,-1.56,-0.37,-0.06,-0.08,0.0,0.13,16.0,68.94,74.69,-0.19,0.44,0.25,15,13
1772048469.905815,5808500,0.12,-0.11,0.09,-165.31,-65.87,94.06,-0.56,-0.69,0.13,-0.09,0.01,0.11,16.0,68.94,74.69,-0.19,-0.37,0.06,14,14
1772048470.096137,5808690,0.1,-0.07,0.08,-165.31,-65.87,94.0,-0.56,0.5,0.13,-0.09,0.03,0.1,16.0,68.94,74.69,0.06,-0.13,0.19,15,14
1772048470.286918,5808881,0.16,0.01,0.06,-165.31,-65.81,93.94,0.44,-0.62,-0.44,-0.08,0.05,0.07,16.06,69.0,74.69,0.06,0.69,-0.06,14,14
1772048470.478035,5809072,0.06,-0.04,0.06,-165.12,-65.94,93.94,-0.37,-0.06,-0.37,-0.1,-0.01,0.13,16.0,68.94,74.69,0.31,0.06,-0.25,15,15
1772048470.66852,5809263,0.08,-0.07,0.09,-165.19,-66.0,94.0,-0.19,-0.13,-0.13,-0.08,0.04,0.13,16.0,68.87,74.69,0.0,0.69,0.06,13,15
1772048470.85948,5809454,0.11,-0.08,0.06,-165.19,-66.0,94.0,-0.69,0.5,0.06,-0.07,0.0,0.14,15.94,68.81,74.69,-0.06,0.5,0.44,14,15
1772048471.050084,5809644,0.11,-0.15,0.05,-165.19,-66.0,94.06,0.62,-0.62,0.0,-0.11,0.01,0.17,16.0,68.87,74.69,0.0,-0.13,0.06,13,15
1772048471.240824,5809835,0.1,0.0,0.06,-165.06,-66.0,93.94,0.5,0.0,-0.19,-0.08,0.06,0.07,16.0,68.94,74.69,-0.13,-0.88,-0.5,14,15
1772048471.431441,5810026,0.1,-0.1,0.05,-165.12,-66.0,94.0,-0.06,0.06,0.0,-0.1,0.02,0.11,16.0,68.94,74.69,-0.06,-0.44,-0.25,14,15
1772048471.622376,5810217,0.15,-0.01,0.05,-165.06,-66.0,93.87,-0.69,0.56,0.19,-0.07,0.03,0.11,16.06,68.94,74.69,-0.25,-0.37,-0.37,15,15
1772048471.81301,5810407,0.08,-0.11,0.07,-165.06,-66.06,93.94,-0.88,-0.44,0.06,-0.09,0.02,0.1,16.06,69.0,74.69,0.06,0.0,0.37,15,15
1772048472.003545,5810598,0.14,-0.11,0.02,-165.0,-66.06,93.87,0.37,0.06,0.25,-0.1,0.02,0.13,16.06,69.0,74.69,-0.19,0.06,0.25,15,14
1772048472.194461,5810789,0.09,-0.09,0.05,-165.0,-66.12,93.87,-0.06,-0.13,0.37,-0.08,0.03,0.06,16.06,69.0,74.69,0.19,-0.13,0.0,15,15
1772048472.385203,5810979,0.11,-0.04,0.03,-165.0,-66.12,93.81,0.31,0.19,-0.13,-0.09,0.03,0.04,16.06,69.0,74.69,0.19,-1.37,-0.5,14,15
1772048472.575913,5811170,0.09,-0.02,0.04,-164.94,-66.19,93.87,-1.0,0.25,0.13,-0.04,0.0,0.19,16.06,69.0,74.69,-0.13,1.06,0.5,16,15
1772048472.766888,5811361,0.11,-0.09,0.04,-164.94,-66.19,93.81,-0.06,-0.5,-0.06,-0.12,0.0,0.13,16.06,68.94,74.69,-0.06,-0.06,0.31,14,15
1772048472.957019,5811552,0.1,-0.08,0.05,-164.94,-66.19,93.81,-0.37,0.0,0.25,-0.09,0.01,0.15,16.0,68.94,74.69,0.25,0.5,0.37,16,15
1772048473.147771,5811742,0.13,-0.11,0.04,-164.94,-66.12,93.81,1.25,0.31,-0.56,-0.1,0.03,0.12,16.0,68.94,74.69,0.19,0.0,0.19,15,15
1772048473.33887,5811933,0.15,-0.01,0.04,-164.87,-66.12,93.69,0.06,0.56,0.13,-0.09,0.02,0.06,16.0,68.94,74.69,-0.06,-1.25,-0.62,15,15
1772048473.529687,5812124,0.1,-0.05,0.05,-164.94,-66.06,93.75,-0.37,-0.5,-0.25,-0.09,0.01,0.1,15.94,68.94,74.69,0.0,-0.25,-0.19,16,15
1772048473.720588,5812315,0.11,-0.02,0.04,-164.87,-66.06,93.69,-0.94,1.25,-0.13,-0.06,0.0,0.12,15.88,68.87,74.69,-0.06,-0.19,-0.13,16,15
1772048473.910972,5812505,0.08,-0.11,0.05,-165.0,-66.06,93.75,-0.62,-0.31,0.19,-0.08,0.01,0.13,15.88,68.87,74.69,0.31,0.19,0.37,16,15
1772048474.101554,5812696,0.17,-0.11,0.05,-164.94,-66.0,93.62,0.31,0.06,0.0,-0.09,0.03,0.02,15.81,68.87,74.69,0.06,-0.44,0.06,15,15
1772048474.292517,5812887,0.08,-0.07,0.09,-164.87,-66.12,93.69,0.5,-0.5,0.44,-0.07,0.06,0.07,15.81,68.87,74.69,-0.06,0.13,0.06,16,15
1772048474.483023,5813078,0.09,-0.04,0.02,-164.87,-66.12,93.69,0.25,0.0,0.19,-0.06,0.04,0.07,15.81,68.87,74.69,0.37,0.56,0.19,15,15
1772048474.674113,5813269,0.1,0.0,0.04,-164.69,-66.19,93.56,-1.12,-0.19,0.0,-0.09,-0.02,0.11,15.75,68.75,74.69,0.06,0.0,0.0,16,15
1772048474.864773,5813459,0.08,-0.08,0.07,-164.69,-66.25,93.56,-0.69,-1.37,-0.13,-0.1,0.0,0.09,15.75,68.75,74.69,0.06,0.31,0.13,14,14
1772048475.055665,5813650,0.1,-0.03,0.05,-164.56,-66.25,93.44,-1.31,0.25,0.25,-0.13,0.01,0.05,15.81,68.75,74.69,0.06,-0.88,-0.31,16,14
1772048475.246523,5813841,0.09,-0.1,0.12,-164.56,-66.25,93.44,-0.19,-0.44,0.37,-0.07,-0.01,0.1,15.81,68.87,74.75,-0.06,-0.62,0.0,15,14
1772048475.436998,5814031,0.09,-0.1,0.03,-164.5,-66.31,93.37,1.06,0.37,-0.62,-0.06,0.03,0.05,15.81,68.94,74.75,-0.13,0.06,0.19,14,14
1772048475.628003,5814222,0.08,-0.11,0.06,-164.5,-66.31,93.44,0.0,-0.13,0.13,-0.09,0.02,0.08,15.81,68.94,74.75,0.0,0.06,-0.19,14,14
1772048475.818648,5814413,0.11,-0.01,0.01,-164.44,-66.31,93.31,-0.37,0.44,0.31,-0.07,0.04,0.05,15.88,69.0,74.69,0.19,-0.13,-0.31,13,14
1772048476.009275,5814604,0.13,0.02,0.06,-164.37,-66.31,93.25,-0.88,0.0,-0.13,-0.07,0.0,0.09,15.88,68.94,74.69,-0.25,-0.44,0.13,14,14
1772048476.199918,5814794,0.05,-0.08,0.06,-164.44,-66.31,93.31,-0.06,-0.44,0.13,-0.06,0.01,0.07,15.88,68.94,74.75,0.06,0.19,-0.06,13,14
1772048476.390654,5814985,0.07,-0.07,0.08,-164.44,-66.31,93.31,-0.81,-0.25,0.37,-0.06,0.0,0.17,15.88,68.94,74.75,0.0,0.5,0.19,14,14
1772048476.581625,5815176,0.13,-0.15,0.06,-164.44,-66.31,93.31,0.31,-0.62,0.25,-0.08,0.0,0.16,15.81,68.94,74.75,-0.06,0.75,0.37,13,14
1772048476.772499,5815367,0.12,-0.05,0.03,-164.37,-66.37,93.25,1.5,0.31,-0.62,-0.1,0.04,0.09,15.81,68.87,74.75,-0.06,0.19,0.0,15,15
1772048476.9635,5815558,0.08,-0.07,0.03,-164.44,-66.37,93.37,0.0,0.44,0.0,-0.11,0.03,0.08,15.81,68.87,74.75,-0.06,-0.62,-0.5,14,15
1772048477.154216,5815749,0.16,-0.02,0.05,-164.37,-66.31,93.19,-0.37,0.44,0.06,-0.05,0.02,0.08,15.81,69.0,74.75,0.0,-1.44,-0.56,15,15
1772048477.344626,5815939,0.13,-0.01,0.06,-164.31,-66.31,93.19,-1.44,0.25,0.13,-0.09,-0.01,0.1,15.81,69.0,74.75,-0.37,0.37,0.13,15,15
1772048477.536011,5816130,0.12,-0.14,0.02,-164.37,-66.37,93.25,0.25,-0.19,-0.13,-0.08,0.0,0.12,15.81,69.06,74.75,-0.06,-0.06,0.06,14,15
1772048477.727044,5816321,0.15,-0.11,0.01,-164.37,-66.31,93.19,-0.25,0.44,0.5,-0.09,0.01,0.12,15.81,69.06,74.75,-0.06,0.25,0.19,15,15
1772048477.918257,5816513,0.13,-0.06,0.01,-164.37,-66.25,93.12,0.75,-0.44,-0.37,-0.1,0.06,0.06,15.81,69.06,74.75,0.06,0.0,-0.06,14,15
1772048478.110063,5816705,0.11,-0.01,0.06,-164.31,-66.31,93.06,0.37,-0.06,0.19,-0.07,0.01,0.12,15.81,69.06,74.75,0.0,-0.31,-0.13,15,15
1772048478.29927,5816894,0.1,-0.09,0.07,-164.37,-66.31,93.25,0.25,-0.56,0.19,-0.07,0.01,0.11,15.81,69.0,74.75,0.13,0.56,0.06,14,14
1772048478.491083,5817086,0.11,-0.03,0.0,-164.37,-66.31,93.25,-0.44,0.44,0.19,-0.14,0.02,0.06,15.75,69.0,74.75,0.06,-0.25,0.06,15,15
1772048478.685529,5817280,0.11,-0.09,0.07,-164.44,-66.31,93.31,-0.5,-0.88,0.44,-0.08,0.01,0.11,15.75,68.94,74.75,-0.13,-0.13,0.13,14,14
1772048478.878795,5817473,0.12,-0.12,0.04,-164.37,-66.31,93.25,0.94,0.56,-0.37,-0.1,0.01,0.11,15.75,68.94,74.75,0.0,-0.13,0.06,14,14
1772048479.07052,5817665,0.12,-0.05,0.06,-164.37,-66.31,93.25,-0.13,0.0,0.31,-0.08,0.01,0.12,15.81,69.0,74.75,0.06,-0.75,-0.25,14,14
1772048479.261656,5817856,0.11,0.0,0.0,-164.37,-66.31,93.19,-0.19,0.44,-0.13,-0.06,0.02,0.07,15.81,69.12,74.75,0.06,-1.12,-0.44,14,14
1772048479.45279,5818047,0.11,-0.01,0.04,-164.31,-66.37,93.19,-1.0,0.19,-0.13,-0.06,-0.02,0.17,15.81,69.12,74.75,-0.37,0.06,-0.06,14,14
1772048479.644335,5818239,0.13,-0.11,0.06,-164.37,-66.31,93.25,-0.56,-0.37,0.25,-0.09,0.01,0.11,15.88,69.12,74.75,-0.06,-0.19,0.0,14,14
1772048479.835939,5818430,0.11,-0.08,0.04,-164.37,-66.31,93.19,-0.31,0.25,0.06,-0.08,-0.03,0.15,15.88,69.12,74.75,-0.06,0.13,0.06,14,14
1772048480.029279,5818624,0.14,-0.07,0.02,-164.37,-66.31,93.19,1.12,-0.56,-0.44,-0.12,0.04,0.11,15.88,69.19,74.75,-0.06,0.37,0.25,13,14
1772048480.222334,5818817,0.13,-0.03,0.02,-164.31,-66.37,93.19,0.62,0.06,0.13,-0.1,0.0,0.11,15.88,69.19,74.75,-0.06,0.06,-0.06,15,15
1772048480.41524,5819010,0.08,-0.05,0.1,-164.31,-66.44,93.25,-0.19,-0.19,0.31,-0.1,0.03,0.15,15.81,69.12,74.75,-0.13,0.69,0.0,15,13
1772048480.605668,5819200,0.11,-0.01,0.05,-164.31,-66.37,93.25,-0.5,0.81,0.13,-0.1,0.0,0.16,15.81,69.06,74.75,0.37,1.0,0.37,16,14
1772048480.797562,5819392,0.09,-0.1,0.06,-164.37,-66.44,93.31,-0.5,-0.62,0.06,-0.07,0.02,0.12,15.69,68.94,74.75,0.0,-0.25,0.06,16,14
1772048480.989306,5819584,0.17,-0.12,0.0,-164.37,-66.37,93.31,0.13,0.5,-0.31,-0.11,-0.01,0.1,15.69,68.94,74.75,0.13,-0.19,0.25,16,14
1772048481.180871,5819775,0.11,-0.07,0.05,-164.37,-66.37,93.31,0.31,0.0,0.19,-0.08,0.03,0.1,15.69,69.0,74.75,-0.06,-0.37,-0.19,16,14
1772048481.373674,5819967,0.12,-0.01,0.0,-164.31,-66.37,93.19,0.13,-0.06,0.0,-0.04,0.02,0.07,15.75,69.0,74.75,0.25,-0.37,-0.13,16,14
1772048481.563394,5820158,0.12,-0.01,0.05,-164.31,-66.37,93.19,-1.06,0.69,-0.13,-0.07,0.0,0.08,15.69,68.94,74.75,-0.19,0.06,0.19,16,13
1772048481.755346,5820350,0.13,-0.08,0.03,-164.37,-66.37,93.25,-0.56,-0.44,-0.25,-0.06,0.01,0.07,15.69,68.94,74.75,0.13,0.0,0.06,16,14
1772048481.948119,5820543,0.13,-0.08,0.03,-164.37,-66.37,93.25,-0.69,0.19,0.06,-0.08,0.01,0.07,15.69,68.94,74.75,0.19,0.56,0.13,16,13
1772048482.141612,5820736,0.11,-0.11,0.04,-164.37,-66.37,93.25,1.37,-0.75,-0.56,-0.12,0.04,0.09,15.69,69.0,74.75,-0.06,0.56,0.25,16,14
1772048482.333238,5820928,0.16,-0.01,0.03,-164.31,-66.44,93.25,0.44,0.0,0.44,-0.09,0.01,0.07,15.63,68.94,74.75,0.0,0.13,-0.19,14,15
1772048482.525497,5821120,0.08,-0.02,0.05,-164.31,-66.44,93.25,-0.25,0.0,-0.06,-0.09,0.01,0.07,15.63,68.87,74.75,-0.13,0.69,0.25,13,13
1772048482.715737,5821310,0.09,0.0,0.04,-164.37,-66.37,93.25,-0.37,0.5,0.06,-0.11,-0.05,0.14,15.56,68.87,74.75,0.19,1.0,0.37,14,13
1772048482.907997,5821502,0.11,-0.08,0.05,-164.37,-66.37,93.31,-0.75,-0.56,0.31,-0.07,0.0,0.09,15.56,68.81,74.75,-0.13,-0.37,0.0,14,14
1772048483.100589,5821695,0.16,-0.14,-0.02,-164.37,-66.37,93.31,0.69,0.44,-0.31,-0.08,0.0,0.12,15.63,68.94,74.75,0.06,-0.13,0.06,14,13
1772048483.292391,5821887,0.1,-0.08,0.04,-164.37,-66.44,93.31,0.19,-0.31,0.37,-0.09,0.01,0.09,15.69,69.0,74.75,0.0,-0.5,-0.25,14,13
1772048483.484605,5822079,0.1,-0.01,0.01,-164.31,-66.44,93.19,0.13,-0.13,0.06,-0.08,0.04,0.05,15.69,69.0,74.75,0.25,-0.56,-0.25,13,13
1772048483.676787,5822271,0.12,-0.01,0.07,-164.31,-66.37,93.12,-0.69,0.37,-0.25,-0.11,0.0,0.07,15.69,69.0,74.75,-0.37,-0.06,0.0,14,13
1772048483.86647,5822461,0.11,-0.06,0.04,-164.31,-66.37,93.19,-0.37,-0.31,0.13,-0.08,0.0,0.09,15.69,69.0,74.75,0.0,-0.13,0.0,14,14
1772048484.058792,5822653,0.08,-0.05,0.03,-164.31,-66.37,93.19,-0.62,-0.06,0.19,-0.02,0.02,0.13,15.69,69.0,74.75,-0.19,-0.37,0.19,15,13
1772048484.25054,5822845,0.1,-0.15,0.01,-164.37,-66.37,93.19,0.56,-0.69,0.13,-0.08,0.01,0.11,15.69,69.0,74.75,0.0,0.37,0.25,14,13
1772048484.442851,5823038,0.12,-0.07,0.03,-164.31,-66.44,93.19,1.31,-0.19,0.06,-0.09,0.04,0.06,15.69,69.0,74.75,-0.19,0.25,0.13,15,15
1772048484.635039,5823230,0.08,-0.06,0.08,-164.31,-66.44,93.19,-0.19,-0.19,0.25,-0.1,0.02,0.08,15.69,68.94,74.75,0.06,0.19,0.06,15,15
1772048484.826193,5823421,0.19,-0.06,0.05,-164.31,-66.37,93.19,0.19,0.5,-0.25,-0.08,0.01,0.06,15.69,69.0,74.75,-0.13,-1.31,-0.37,15,15
1772048485.017665,5823612,0.1,-0.03,0.04,-164.37,-66.37,93.25,-1.06,0.37,0.13,-0.1,-0.05,0.14,15.69,68.94,74.75,-0.44,0.37,0.19,15,15
1772048485.209778,5823804,0.16,-0.14,0.0,-164.44,-66.37,93.31,-0.13,-0.62,-0.19,-0.1,-0.01,0.16,15.69,69.0,74.75,0.31,-0.69,-0.31,15,15
1772048485.401309,5823996,0.12,-0.1,0.03,-164.37,-66.37,93.31,-0.88,-0.13,0.44,-0.03,0.0,0.18,15.75,69.06,74.75,0.13,-0.37,0.0,15,15
1772048485.593097,5824188,0.13,-0.12,0.05,-164.31,-66.37,93.19,0.56,-0.31,0.06,-0.12,0.02,0.12,15.81,69.12,74.75,0.06,-0.06,0.06,15,15
1772048485.785682,5824380,0.15,-0.06,0.01,-164.31,-66.37,93.12,1.0,0.37,-0.25,-0.07,0.05,0.09,15.75,69.12,74.75,-0.13,0.13,-0.06,15,15
1772048485.97668,5824571,0.08,-0.06,0.04,-164.31,-66.37,93.12,-0.37,-0.56,0.13,-0.08,0.0,0.12,15.75,69.12,74.75,0.06,0.06,-0.06,15,15
1772048486.169584,5824764,0.17,-0.05,0.04,-164.31,-66.37,93.12,-0.37,0.5,-0.13,-0.06,0.0,0.09,15.81,69.19,74.75,0.06,-1.19,-0.31,15,15
1772048486.36144,5824956,0.07,0.02,0.02,-164.25,-66.37,93.12,-1.06,0.19,0.25,-0.08,-0.01,0.17,15.81,69.12,74.75,-0.19,0.88,0.37,14,15
1772048486.552866,5825148,0.1,-0.11,0.0,-164.31,-66.37,93.25,-0.06,-1.06,0.13,-0.08,0.0,0.15,15.75,69.12,74.75,0.06,0.37,0.13,14,15
1772048486.74407,5825339,0.1,-0.05,0.08,-164.31,-66.44,93.25,-0.56,0.25,0.19,-0.06,0.01,0.18,15.75,69.12,74.75,0.06,0.69,0.31,14,14
1772048486.934655,5825529,0.14,-0.17,0.01,-164.37,-66.37,93.31,0.31,-0.75,0.19,-0.13,0.0,0.17,15.75,69.06,74.75,-0.06,0.19,0.37,14,14
1772048487.126077,5825720,0.13,-0.06,-0.01,-164.31,-66.37,93.19,1.25,1.0,-0.37,-0.1,0.02,0.09,15.69,69.0,74.75,-0.19,-0.69,-0.44,15,15
1772048487.31663,5825911,0.09,-0.05,0.04,-164.31,-66.37,93.19,-0.13,-0.13,0.19,-0.1,0.01,0.1,15.69,69.06,74.75,0.13,-0.62,-0.5,15,15
1772048487.507102,5826102,0.12,0.01,0.0,-164.19,-66.37,93.06,-0.69,0.25,-0.06,-0.03,0.0,0.08,15.63,69.06,74.75,0.0,-0.56,0.0,15,15
1772048487.697906,5826292,0.09,-0.02,0.02,-164.25,-66.44,93.19,-0.88,0.5,-0.13,-0.11,-0.02,0.12,15.63,69.0,74.75,-0.37,0.06,0.06,15,15
1772048487.888807,5826483,0.11,-0.15,0.01,-164.37,-66.37,93.25,-0.19,-0.56,-0.06,-0.08,0.02,0.09,15.56,68.94,74.75,0.0,-0.31,-0.06,15,15
1772048488.079322,5826674,0.1,-0.09,0.06,-164.31,-66.37,93.19,-0.69,-0.25,0.19,-0.07,0.0,0.12,15.56,68.94,74.75,0.19,-0.19,0.19,14,15
1772048488.27005,5826865,0.11,-0.14,0.05,-164.31,-66.37,93.19,1.62,-0.75,-0.25,-0.11,0.04,0.08,15.56,68.94,74.75,0.0,0.62,0.13,15,15
1772048488.46042,5827055,0.13,0.0,0.0,-164.25,-66.44,93.19,0.62,0.06,0.06,-0.06,0.02,0.05,15.5,68.87,74.75,0.13,0.06,-0.13,14,15
1772048488.651315,5827246,0.08,-0.05,0.03,-164.31,-66.44,93.25,-0.19,-0.31,0.13,-0.08,0.0,0.09,15.5,68.81,74.75,0.0,0.62,0.06,16,15
1772048488.841791,5827437,0.15,0.0,0.02,-164.25,-66.44,93.19,-0.37,0.81,0.06,-0.06,-0.03,0.15,15.5,68.81,74.75,0.0,0.19,0.06,16,15
1772048489.032814,5827628,0.07,-0.08,0.06,-164.31,-66.44,93.31,-0.88,0.31,-0.19,-0.05,0.02,0.09,15.5,68.87,74.75,0.06,-0.25,-0.13,16,15
1772048489.223495,5827818,0.18,-0.09,0.0,-164.37,-66.44,93.31,0.13,0.0,-0.06,-0.07,-0.01,0.15,15.56,68.94,74.75,-0.19,-0.37,0.13,15,15
1772048489.414041,5828009,0.11,-0.07,0.02,-164.37,-66.44,93.31,-0.13,-0.31,0.31,-0.09,0.05,0.1,15.56,69.0,74.75,0.0,-0.31,-0.13,16,15
1772048489.604431,5828199,0.16,0.05,0.02,-164.31,-66.44,93.25,0.31,0.31,-0.19,-0.1,0.05,0.02,15.63,69.0,74.75,0.06,0.06,-0.13,15,15
1772048489.795165,5828390,0.09,-0.02,0.02,-164.37,-66.44,93.25,-0.13,0.19,-0.25,-0.06,-0.01,0.12,15.63,69.0,74.75,0.25,0.25,0.06,15,15
1772048489.986057,5828581,0.11,-0.04,0.02,-164.37,-66.44,93.31,-0.62,-0.62,0.06,-0.06,0.0,0.1,15.63,69.0,74.75,0.06,0.06,-0.13,15,15
1772048490.176729,5828771,0.1,0.01,0.05,-164.25,-66.56,93.25,-0.81,-0.56,0.13,-0.07,0.04,0.12,15.63,69.0,74.75,-0.19,-0.25,-0.06,15,15
1772048490.367115,5828962,0.13,-0.12,0.03,-164.37,-66.56,93.44,0.75,-0.31,0.13,-0.1,0.01,0.13,15.63,69.0,74.75,-0.13,0.75,0.5,16,15
1772048490.557997,5829153,0.1,-0.07,0.0,-164.37,-66.56,93.44,0.81,0.44,-0.13,-0.09,0.02,0.08,15.56,68.94,74.75,-0.25,-0.31,0.06,14,15
1772048490.748564,5829343,0.13,-0.08,0.04,-164.44,-66.56,93.5,-0.19,-0.62,0.44,-0.08,0.0,0.14,15.56,68.87,74.75,0.13,0.56,0.06,14,15
1772048490.939716,5829534,0.13,-0.01,0.01,-164.37,-66.56,93.44,0.19,0.88,-0.25,-0.04,-0.02,0.18,15.56,68.87,74.75,-0.25,-0.81,-0.56,13,15
1772048491.129883,5829725,0.11,-0.02,0.02,-164.44,-66.5,93.5,-1.06,0.13,0.0,-0.07,-0.02,0.16,15.63,69.0,74.75,0.0,0.06,0.25,14,15
1772048491.320857,5829915,0.16,-0.11,-0.01,-164.56,-66.44,93.56,0.19,0.5,-0.06,-0.12,-0.01,0.08,15.69,69.06,74.75,-0.06,-0.69,-0.19,13,15
1772048491.511313,5830106,0.11,-0.06,0.03,-164.5,-66.5,93.56,-0.31,-0.13,0.56,-0.11,0.02,0.14,15.69,69.06,74.75,0.13,0.0,-0.19,14,15
1772048491.702158,5830297,0.16,-0.01,0.02,-164.44,-66.5,93.44,1.0,-0.44,-0.5,-0.12,0.06,0.09,15.75,69.12,74.69,-0.19,0.44,0.0,13,15
1772048491.893008,5830488,0.13,0.0,0.01,-164.37,-66.5,93.37,0.44,0.81,0.0,-0.09,0.0,0.16,15.75,69.12,74.69,-0.06,-0.44,-0.25,14,15
1772048492.08364,5830678,0.12,-0.04,0.01,-164.37,-66.56,93.44,-0.75,-0.75,0.06,-0.09,0.0,0.12,15.75,69.12,74.69,-0.06,0.13,0.0,14,15
1772048492.274458,5830869,0.11,-0.01,0.02,-164.31,-66.56,93.37,-0.69,0.13,0.44,-0.13,0.05,0.05,15.75,69.19,74.69,-0.13,-1.06,-0.44,13,15
1772048492.464835,5831060,0.12,-0.08,0.03,-164.31,-66.62,93.44,0.31,-0.88,0.56,-0.09,0.0,0.13,15.75,69.19,74.69,-0.13,0.25,0.37,13,15
1772048492.655738,5831251,0.12,-0.12,-0.02,-164.31,-66.62,93.44,0.94,-0.25,0.0,-0.11,0.04,0.07,15.75,69.12,74.69,-0.25,0.13,0.06,14,15
1772048492.846491,5831442,0.1,-0.05,0.04,-164.31,-66.69,93.5,0.0,0.19,0.31,-0.1,0.02,0.14,15.75,69.06,74.69,0.13,0.62,0.06,15,15
1772048493.037385,5831632,0.21,-0.02,0.03,-164.31,-66.62,93.44,0.06,0.25,-0.25,-0.05,-0.03,0.18,15.69,69.06,74.69,0.0,-0.5,-0.31,14,15
1772048493.227688,5831823,0.13,-0.03,0.0,-164.31,-66.62,93.5,-1.12,0.81,0.13,-0.08,0.0,0.12,15.69,69.06,74.69,0.0,0.0,0.13,15,15
1772048493.418639,5832014,0.15,-0.06,0.0,-164.31,-66.62,93.5,0.0,-0.31,-0.13,-0.07,0.0,0.17,15.63,69.0,74.69,0.06,-0.25,0.13,14,15
1772048493.609317,5832204,0.13,-0.09,0.02,-164.31,-66.62,93.5,-0.5,0.37,0.19,-0.08,-0.01,0.12,15.63,69.0,74.69,0.0,-0.31,-0.06,15,15
1772048493.80033,5832395,0.15,-0.1,0.01,-164.31,-66.62,93.44,1.12,-0.25,-0.62,-0.1,0.04,0.1,15.56,69.0,74.75,-0.13,0.5,0.19,14,15
1772048493.990766,5832586,0.17,0.0,0.0,-164.31,-66.56,93.37,0.44,1.56,0.06,-0.1,0.02,0.06,15.56,68.94,74.75,-0.31,-0.62,-0.37,14,15
1772048494.1815,5832776,0.1,-0.05,0.01,-164.69,-66.25,93.56,0.06,1.25,-0.31,-0.08,0.0,0.06,15.5,68.94,74.75,-0.25,-0.25,-0.19,14,13
1772048494.372071,5832967,0.13,0.0,0.0,-164.62,-66.25,93.5,-0.69,0.25,0.19,-0.09,-0.02,0.08,15.5,68.94,74.75,0.56,0.75,0.25,14,13
1772048494.562856,5833158,0.1,-0.09,0.06,-164.62,-66.31,93.56,0.19,-0.75,0.69,-0.07,0.0,0.13,15.5,68.94,74.75,0.06,-0.06,0.25,14,14
1772048494.753784,5833349,0.13,-0.13,-0.01,-164.62,-66.37,93.62,1.12,0.0,-0.13,-0.08,0.03,0.08,15.5,68.87,74.75,0.13,0.88,0.62,14,13
1772048494.944746,5833540,0.1,-0.07,0.04,-164.62,-66.37,93.69,0.13,-0.06,0.31,-0.1,-0.04,0.14,15.44,68.87,74.75,-0.19,-0.31,-0.94,15,13
1772048495.135403,5833730,0.2,-0.05,-0.13,-164.75,-66.25,93.81,1.56,1.31,0.62,-0.05,0.06,-0.06,14.81,69.19,75.31,-0.88,-6.06,-4.0,14,13
1772048495.324952,5833920,0.16,-0.09,0.03,-164.81,-66.44,94.12,-1.62,-2.69,0.69,-0.06,0.05,0.03,14.31,69.62,75.56,0.31,-0.94,-1.06,15,13
1772048495.515845,5834111,-0.02,0.0,0.09,-163.75,-66.94,93.44,-4.62,-1.37,0.94,-0.1,0.0,0.09,14.13,69.75,75.56,-1.25,-0.62,0.19,14,13
1772048495.707447,5834302,0.19,-0.15,-0.04,-163.5,-66.81,93.12,2.81,0.13,0.0,-0.02,0.03,0.15,14.38,69.69,75.75,-0.88,-0.13,0.69,15,14
1772048495.898112,5834493,0.12,-0.19,0.07,-163.94,-66.94,93.5,1.37,-2.62,-1.19,-0.06,-0.04,0.04,14.81,69.75,75.62,0.75,0.88,2.0,15,14
1772048496.088439,5834684,0.14,-0.15,0.0,-164.31,-67.12,93.75,1.25,0.56,0.19,-0.07,0.0,0.08,15.06,69.62,75.5,0.69,1.06,0.25,15,15
1772048496.279133,5834874,0.12,0.01,0.0,-164.06,-67.12,93.37,-0.31,0.06,0.06,-0.09,0.0,0.07,15.06,69.5,75.44,0.37,0.13,0.69,15,15
1772048496.470525,5835065,0.14,-0.06,0.08,-164.19,-67.12,93.44,-0.62,-0.06,-0.31,-0.07,-0.05,0.05,15.25,69.37,75.31,-0.19,0.31,0.44,15,15
1772048496.66117,5835256,0.11,-0.04,0.02,-164.25,-67.12,93.5,0.25,0.88,-0.37,-0.06,-0.03,0.08,15.44,69.19,75.19,-0.31,1.31,0.56,15,16
1772048496.851623,5835447,0.17,-0.08,0.01,-164.44,-67.06,93.62,0.06,-0.13,0.19,-0.06,-0.06,0.08,15.38,69.06,75.19,0.06,0.69,0.56,14,15
1772048497.042283,5835637,0.12,-0.09,0.02,-164.44,-67.06,93.69,0.37,-0.13,0.19,-0.09,-0.02,0.07,15.31,69.0,75.19,0.06,0.69,0.19,15,16
1772048497.232975,5835828,0.15,-0.11,0.01,-164.44,-67.06,93.69,0.94,0.13,-0.5,-0.11,-0.02,0.07,15.31,69.0,75.19,0.31,0.75,0.44,14,16
1772048497.423939,5836019,0.15,0.0,0.01,-164.5,-67.06,93.69,-0.06,0.94,0.5,-0.09,-0.01,0.09,15.31,69.0,75.19,-0.37,-0.44,-0.06,15,16
1772048497.614996,5836210,0.11,-0.15,0.0,-164.56,-67.0,93.81,0.37,-0.56,-0.75,-0.06,-0.04,0.07,15.38,69.12,75.19,0.44,-0.62,-0.06,14,16
1772048497.80534,5836400,0.13,-0.06,0.04,-164.5,-67.06,93.69,0.13,0.88,-0.13,-0.02,-0.03,0.05,15.38,69.12,75.19,0.69,-0.69,-0.19,15,16
1772048497.996071,5836591,0.11,-0.01,0.04,-164.31,-67.0,93.5,-0.81,0.31,0.88,-0.07,-0.02,0.04,15.31,69.19,75.19,0.62,0.44,-0.06,14,16
1772048498.186627,5836782,0.14,-0.09,0.0,-164.31,-67.0,93.5,0.5,-0.13,0.69,-0.08,-0.04,0.12,15.31,69.12,75.19,-0.5,0.88,0.44,14,16
1772048498.377563,5836972,0.09,-0.15,0.06,-164.25,-67.0,93.5,-0.44,-0.31,-0.69,-0.06,-0.04,0.11,15.25,69.12,75.12,0.44,0.56,0.37,14,15
1772048498.568204,5837163,0.14,-0.15,0.01,-164.31,-66.94,93.5,1.31,0.56,-1.0,-0.13,-0.01,0.08,15.19,69.06,75.12,0.25,1.06,0.31,14,15
1772048498.758785,5837354,0.16,0.04,0.02,-164.06,-66.94,93.25,-1.44,0.06,0.62,-0.08,-0.04,0.08,15.13,68.94,75.12,0.56,0.06,0.06,15,15
1772048498.949612,5837545,0.12,-0.09,0.01,-164.06,-66.94,93.25,0.31,-0.13,-0.13,-0.09,-0.01,0.04,15.13,68.94,75.12,0.0,0.0,0.25,13,14
1772048499.1406,5837735,0.11,-0.07,0.04,-164.06,-66.94,93.25,-0.5,0.56,-0.13,-0.06,-0.06,0.15,15.13,68.94,75.12,-0.31,-1.12,-0.5,15,15
1772048499.331308,5837926,0.1,-0.12,0.02,-164.12,-66.94,93.31,-0.81,0.31,-0.06,-0.09,-0.06,0.17,15.13,69.0,75.12,-0.06,-0.19,0.19,14,14
1772048499.522164,5838117,0.2,-0.09,0.02,-164.19,-66.81,93.19,0.44,0.69,-0.06,-0.09,-0.04,0.12,15.19,69.06,75.12,0.13,-0.31,0.06,15,14
1772048499.712683,5838308,0.12,-0.12,0.03,-164.12,-66.81,93.19,0.0,-0.75,0.37,-0.11,-0.04,0.14,15.19,69.12,75.12,0.19,0.13,0.0,14,14
1772048499.90338,5838498,0.14,-0.05,0.0,-164.06,-66.87,93.12,0.88,-0.31,-0.5,-0.1,0.04,0.07,15.25,69.19,75.12,-0.13,0.37,0.0,14,14
1772048500.094085,5838689,0.13,-0.01,0.0,-164.0,-66.87,93.0,-0.31,0.44,0.06,-0.08,-0.05,0.13,15.25,69.12,75.12,-0.13,-0.5,-0.19,14,14
1772048500.284852,5838880,0.08,-0.07,0.02,-164.0,-66.94,93.06,-0.5,-0.81,-0.13,-0.09,-0.07,0.11,15.25,69.12,75.12,0.19,0.37,-0.06,15,13
1772048500.47566,5839071,0.09,-0.07,0.03,-163.87,-67.0,93.06,-0.13,0.06,0.62,-0.06,-0.04,0.12,15.25,69.12,75.12,0.5,1.0,0.44,16,13
1772048500.666267,5839261,0.06,-0.09,0.04,-163.87,-67.06,93.12,-0.44,-0.94,0.37,-0.06,-0.02,0.12,15.19,69.12,75.12,-0.13,0.25,0.31,15,13
1772048500.857112,5839452,0.14,-0.12,-0.01,-163.87,-67.0,93.12,0.81,0.75,-0.19,-0.1,-0.04,0.12,15.19,69.06,75.12,-0.06,0.94,0.56,16,13
1772048501.047754,5839643,0.09,-0.1,0.05,-163.87,-67.0,93.19,0.13,0.5,0.5,-0.1,-0.02,0.13,15.19,69.06,75.12,0.13,0.56,0.06,14,13
1772048501.237978,5839833,0.1,0.0,0.0,-163.87,-67.0,93.12,0.19,0.44,0.19,-0.09,0.0,0.13,15.19,69.12,75.12,0.25,0.69,-0.06,15,13
1772048501.4297,5840024,0.1,-0.03,0.02,-163.87,-67.0,93.06,-0.13,-0.19,-0.19,-0.1,-0.06,0.17,15.19,69.12,75.12,-0.13,-0.62,-0.25,15,13
1772048501.619954,5840215,0.05,-0.13,0.0,-164.06,-67.0,93.25,-0.31,-0.13,-0.56,-0.09,-0.06,0.16,15.25,69.12,75.12,0.44,2.12,1.31,15,13
1772048501.810731,5840406,0.22,-0.13,-0.1,-164.25,-66.75,93.12,-0.06,1.94,0.06,-0.16,-0.03,0.09,15.31,69.06,75.06,-0.13,-0.75,0.06,15,13
1772048502.001417,5840596,0.19,-0.18,-0.02,-164.31,-66.75,93.12,0.56,-1.12,-0.06,-0.09,-0.01,0.05,15.5,69.0,75.0,0.31,-0.25,0.13,15,13
1772048502.192355,5840787,0.0,-0.04,0.08,-163.81,-67.06,92.81,-0.06,-0.37,0.5,-0.1,-0.01,0.09,15.5,69.0,75.0,-0.44,-0.5,-0.25,14,14
1772048502.383134,5840978,0.16,-0.14,-0.01,-164.12,-66.87,93.0,1.69,1.19,-0.13,-0.08,-0.05,0.06,15.5,68.94,75.0,-0.31,-0.19,-0.31,12,14
1772048502.573702,5841169,0.11,-0.11,0.0,-164.12,-66.94,93.19,-0.13,-1.37,0.37,-0.06,-0.02,0.07,15.5,68.87,75.0,-0.13,-0.62,-0.56,13,14
1772048502.764103,5841359,0.03,-0.14,0.06,-163.75,-67.12,93.06,-2.06,-0.69,0.81,-0.08,-0.02,0.08,15.44,68.81,75.0,0.37,0.75,0.56,13,14
1772048502.954884,5841550,0.17,-0.08,0.0,-163.69,-67.0,92.87,0.94,0.81,-0.31,-0.08,-0.01,0.12,15.44,68.69,74.94,-0.13,0.31,0.31,14,14
1772048503.145685,5841741,0.12,-0.14,0.01,-163.75,-67.0,93.0,0.13,0.13,0.31,-0.08,-0.04,0.09,15.44,68.69,74.94,0.0,-0.25,-0.13,13,14
1772048503.336519,5841932,0.15,-0.13,0.01,-163.75,-67.0,93.0,0.81,-0.25,0.0,-0.1,0.02,0.08,15.44,68.81,75.0,0.25,0.0,-0.25,14,15
1772048503.527248,5842122,0.11,-0.05,0.02,-163.62,-67.0,92.81,0.13,0.94,0.0,-0.07,-0.02,0.1,15.44,68.81,75.0,0.0,-0.75,-0.13,13,14
1772048503.718313,5842313,0.12,-0.12,-0.01,-163.81,-66.94,92.87,-0.19,-0.06,-0.19,-0.05,-0.03,0.08,15.44,68.81,75.0,0.06,0.06,0.06,15,15
1772048503.909025,5842504,0.1,-0.07,0.02,-163.75,-66.94,92.87,-0.88,0.69,0.19,-0.04,-0.01,0.09,15.5,68.87,75.0,-0.31,-0.75,-0.37,15,15
1772048504.099729,5842695,0.07,-0.13,0.06,-163.75,-66.94,92.87,-0.75,-0.5,0.37,-0.08,-0.01,0.06,15.5,68.87,75.0,0.13,0.0,0.19,15,15
1772048504.290712,5842885,0.17,-0.16,-0.02,-163.75,-66.87,92.81,0.44,0.75,-0.06,-0.08,-0.03,0.12,15.5,68.94,75.0,-0.06,-0.25,0.19,16,15
1772048504.481445,5843076,0.09,-0.1,0.05,-163.75,-66.87,92.81,-0.31,-0.31,0.37,-0.09,-0.01,0.08,15.5,68.94,75.0,0.06,0.62,0.06,15,15
1772048504.672682,5843268,0.11,-0.09,-0.01,-163.75,-66.87,92.81,0.13,0.44,-0.06,-0.08,0.02,0.02,15.56,68.94,75.0,0.31,-0.06,-0.06,16,15
1772048504.863523,5843459,0.1,-0.01,0.01,-163.69,-66.94,92.81,-0.81,0.06,0.25,-0.11,-0.02,0.11,15.5,68.81,75.0,-0.5,0.37,0.44,15,15
1772048505.054494,5843649,0.09,-0.13,0.02,-163.75,-66.94,92.87,-0.19,-0.69,-0.13,-0.09,-0.02,0.12,15.5,68.81,75.0,-0.06,0.44,0.06,16,15
1772048505.244709,5843840,0.08,-0.11,0.05,-163.75,-66.94,92.87,-0.5,0.75,0.13,-0.12,-0.08,0.15,15.5,68.81,75.0,0.06,-0.25,-0.06,15,15
1772048505.435852,5844031,0.13,-0.21,0.02,-163.87,-66.87,92.87,0.44,-0.69,-0.13,-0.12,0.0,0.12,15.5,68.94,75.0,-0.06,-0.44,0.06,16,15
1772048505.627366,5844223,0.12,-0.07,0.0,-163.75,-66.87,92.75,0.44,0.19,0.06,-0.09,0.02,0.04,15.56,69.0,75.0,-0.13,-0.75,-0.31,14,15
1772048505.821651,5844417,0.1,-0.12,0.05,-163.75,-66.94,92.81,0.0,-0.25,-0.19,-0.08,-0.02,0.13,15.56,69.0,75.0,0.13,-0.13,-0.06,15,14
1772048506.014559,5844610,0.16,-0.04,0.0,-163.69,-66.94,92.75,-0.31,0.75,0.13,-0.08,0.0,0.12,15.56,69.0,75.0,0.0,0.19,0.06,16,15
1772048506.205181,5844800,0.08,-0.14,0.05,-163.75,-66.94,92.81,-0.69,-0.56,0.13,-0.09,-0.04,0.09,15.63,69.0,75.0,0.19,0.19,0.25,15,14
1772048506.397198,5844993,0.16,-0.14,0.0,-163.69,-66.94,92.75,0.0,0.0,0.06,-0.08,-0.05,0.09,15.63,69.0,75.0,0.19,0.31,0.25,16,15
1772048506.588945,5845184,0.1,-0.1,0.05,-163.62,-67.0,92.75,0.0,0.13,0.25,-0.07,0.0,0.1,15.63,69.0,75.0,0.19,0.25,0.13,15,15
1772048506.780753,5845376,0.17,-0.09,0.01,-163.62,-67.0,92.75,0.13,0.0,-0.19,-0.08,-0.01,0.06,15.56,69.0,75.0,-0.06,-0.94,-0.31,16,15
1772048506.972134,5845567,0.12,-0.05,-0.01,-163.62,-67.0,92.75,-0.75,0.5,0.31,-0.07,-0.06,0.13,15.56,68.94,75.0,-0.06,1.31,0.62,16,15
1772048507.164468,5845760,0.11,-0.12,0.0,-163.56,-67.0,92.69,0.19,-0.5,0.0,-0.08,-0.03,0.16,15.5,68.87,75.0,-0.06,0.13,0.19,16,15
1772048507.35498,5845950,0.14,-0.11,0.01,-163.62,-67.0,92.69,-0.31,0.62,0.0,-0.1,-0.01,0.1,15.5,68.94,75.0,0.19,-0.37,-0.13,16,15
1772048507.548482,5846144,0.13,-0.11,0.0,-163.62,-67.0,92.69,1.19,-0.44,-0.31,-0.11,-0.01,0.12,15.56,69.06,75.0,0.31,0.06,0.0,16,15
1772048507.741822,5846337,0.17,-0.04,0.01,-163.56,-67.0,92.62,-0.06,0.25,0.37,-0.08,-0.02,0.09,15.56,69.06,75.0,0.0,-0.56,-0.25,15,15
1772048507.933565,5846529,0.09,-0.1,0.0,-163.56,-67.0,92.69,-0.06,0.25,-0.25,-0.08,-0.01,0.11,15.56,69.06,75.0,-0.06,0.0,-0.13,14,14
1772048508.125118,5846720,0.09,-0.1,0.02,-163.56,-67.0,92.62,-0.69,0.56,0.0,-0.07,-0.06,0.12,15.56,69.06,75.0,0.19,0.0,0.25,15,14
1772048508.317271,5846912,0.1,-0.15,0.05,-163.62,-67.0,92.69,-0.31,-0.25,0.31,-0.06,-0.03,0.1,15.63,69.12,75.0,-0.19,-0.44,0.06,14,14
1772048508.507688,5847103,0.12,-0.17,-0.03,-163.56,-67.0,92.62,0.62,0.19,-0.25,-0.08,-0.03,0.11,15.63,69.12,75.0,0.13,1.06,0.69,15,13
1772048508.700317,5847296,0.08,-0.14,0.01,-163.5,-67.06,92.62,0.13,-0.5,0.44,-0.11,-0.02,0.09,15.63,69.12,75.0,0.0,0.13,0.06,14,14
1772048508.892575,5847488,0.13,-0.07,0.0,-163.5,-67.06,92.62,0.06,0.31,-0.13,-0.05,-0.02,0.12,15.63,69.06,75.0,0.19,0.13,0.0,14,13
1772048509.085488,5847681,0.1,-0.07,-0.03,-163.56,-67.06,92.69,-0.94,0.75,0.19,-0.08,-0.05,0.14,15.56,69.06,75.0,0.06,0.81,0.25,15,13
1772048509.277736,5847873,0.15,-0.12,0.0,-163.62,-67.0,92.69,0.13,-0.62,0.06,-0.08,-0.05,0.18,15.56,69.0,75.0,0.13,0.13,0.13,13,13
1772048509.468881,5848064,0.12,-0.13,0.01,-163.56,-67.0,92.69,-0.56,0.25,0.25,-0.1,0.0,0.15,15.56,69.0,75.0,0.31,-0.19,-0.25,15,13
1772048509.660753,5848256,0.18,-0.07,-0.01,-163.56,-67.0,92.62,0.94,0.56,-0.25,-0.07,0.04,0.11,15.56,69.06,75.0,0.06,-0.5,-0.44,15,14
1772048509.853242,5848448,0.05,-0.06,0.02,-163.5,-67.0,92.5,-0.69,-0.5,-0.31,-0.11,-0.05,0.11,15.56,69.0,75.0,0.19,-0.56,0.06,15,15
1772048510.045232,5848640,0.07,-0.16,-0.01,-163.62,-67.0,92.62,-1.12,-0.62,-0.37,-0.12,-0.03,0.08,15.56,69.0,74.94,-0.19,0.25,-0.25,15,15
1772048510.23658,5848832,0.1,-0.05,0.01,-163.37,-67.0,92.37,-0.88,0.0,0.13,-0.02,-0.03,0.11,15.5,68.94,74.94,-0.13,-0.25,-0.19,15,15
1772048510.426205,5849021,0.1,-0.22,0.02,-163.5,-67.0,92.5,1.44,-0.31,-0.62,-0.11,0.02,0.09,15.5,68.94,74.94,-0.75,-0.94,-0.25,15,15
1772048510.616323,5849212,0.11,-0.04,0.0,-163.44,-67.0,92.44,0.69,0.0,0.37,-0.07,0.0,0.06,15.5,68.94,74.94,0.0,-0.19,-0.25,15,15
1772048510.807992,5849403,0.12,-0.11,0.02,-163.5,-67.0,92.56,0.44,-0.5,0.19,-0.07,0.0,0.1,15.5,68.87,74.94,0.0,0.13,-0.06,15,14
1772048510.999648,5849595,0.09,-0.02,0.01,-163.44,-67.0,92.44,-0.62,0.81,0.13,-0.07,-0.03,0.1,15.5,68.81,74.94,0.06,0.25,0.13,15,13
1772048511.191605,5849787,0.11,-0.11,0.04,-163.56,-66.94,92.56,-0.37,-0.13,0.19,-0.06,-0.02,0.09,15.5,68.81,74.94,-0.06,0.25,0.37,16,13
1772048511.382644,5849978,0.17,-0.12,-0.02,-163.56,-66.94,92.56,0.62,0.94,-0.37,-0.07,0.0,0.1,15.44,68.75,74.94,0.19,0.19,0.25,14,13
1772048511.572668,5850168,0.11,-0.12,0.04,-163.56,-66.87,92.56,0.0,0.25,0.25,-0.08,-0.01,0.06,15.5,68.81,74.94,0.06,-0.69,-0.37,14,13
1772048511.764386,5850359,0.1,-0.07,-0.01,-163.56,-66.87,92.44,-0.13,0.31,-0.19,-0.06,0.0,0.04,15.56,68.94,74.94,0.06,-0.88,-0.37,15,14
1772048511.955675,5850551,0.11,-0.07,0.0,-163.56,-66.94,92.5,-0.69,0.25,-0.31,-0.09,-0.05,0.11,15.56,68.94,74.94,-0.06,0.69,0.44,14,13
1772048512.147048,5850742,0.12,-0.14,-0.03,-163.56,-66.94,92.5,-0.19,-0.5,0.06,-0.07,-0.03,0.09,15.56,68.94,74.94,0.06,0.06,0.06,14,13
1772048512.337889,5850933,0.1,-0.11,0.02,-163.56,-66.94,92.5,-0.56,0.13,0.37,-0.06,-0.05,0.1,15.56,68.94,74.94,0.13,0.31,0.06,14,13
1772048512.527387,5851123,0.14,-0.2,0.0,-163.56,-66.87,92.5,1.31,-0.5,-0.44,-0.1,0.0,0.07,15.56,69.0,74.94,0.0,0.19,0.19,15,13
1772048512.718364,5851314,0.11,-0.05,0.02,-163.5,-66.94,92.44,0.31,0.62,0.44,-0.06,0.0,0.06,15.56,68.94,74.94,0.19,-0.13,-0.06,14,14
1772048512.90938,5851505,0.06,-0.1,0.04,-163.5,-67.0,92.44,-0.25,-0.19,0.13,-0.08,0.0,0.05,15.56,68.94,74.94,0.0,0.75,0.13,15,13
1772048513.100695,5851696,0.12,-0.04,0.0,-163.56,-66.94,92.44,-0.25,0.75,0.25,-0.07,-0.06,0.15,15.5,68.87,74.94,0.13,0.75,0.37,15,13
1772048513.29392,5851889,0.08,-0.11,0.08,-163.56,-66.94,92.5,-0.88,-0.62,0.13,-0.07,-0.04,0.11,15.5,68.87,74.94,0.0,-0.13,0.19,14,13
1772048513.486315,5852082,0.18,-0.16,0.01,-163.62,-66.87,92.5,0.19,0.69,-0.13,-0.09,-0.04,0.11,15.5,68.94,74.94,0.0,-0.31,0.0,15,13
1772048513.677587,5852273,0.12,-0.12,0.01,-163.62,-66.87,92.5,0.56,-0.25,0.25,-0.08,0.0,0.1,15.56,69.0,74.94,0.25,-0.19,-0.19,14,13
1772048513.86928,5852465,0.12,-0.05,-0.01,-163.56,-66.87,92.44,0.19,-0.13,0.19,-0.06,0.02,0.06,15.56,69.06,74.94,0.13,-0.06,-0.19,15,13
1772048514.060243,5852656,0.12,-0.1,0.02,-163.56,-66.94,92.44,-0.25,0.62,-0.5,-0.07,0.0,0.06,15.56,69.06,74.94,-0.19,-0.31,0.0,15,13
1772048514.250977,5852846,0.11,-0.11,0.0,-163.69,-66.87,92.5,-0.62,-0.37,0.25,-0.09,0.0,0.09,15.56,69.06,74.94,0.0,-0.13,-0.19,14,13
1772048514.441594,5853037,0.08,-0.11,0.03,-163.62,-66.87,92.5,-0.56,-0.06,0.06,-0.06,0.0,0.13,15.56,69.06,74.94,0.06,-0.19,0.0,15,13
1772048514.632039,5853228,0.13,-0.17,0.05,-163.69,-66.87,92.56,0.69,-0.69,0.19,-0.11,0.0,0.15,15.63,69.06,74.94,0.06,1.12,0.5,14,13
1772048514.823027,5853418,0.12,-0.11,-0.01,-163.62,-66.87,92.5,1.25,0.62,0.0,-0.06,0.01,0.08,15.63,69.06,74.94,0.06,0.19,-0.06,14,15
1772048515.013442,5853609,0.06,-0.12,0.02,-163.62,-66.94,92.56,-0.44,0.06,0.44,-0.1,-0.01,0.13,15.56,69.0,74.94,0.06,0.5,0.0,13,14
1772048515.20448,5853800,0.15,-0.08,0.0,-163.62,-66.94,92.56,0.25,0.69,-0.06,-0.09,-0.02,0.15,15.56,69.0,74.94,-0.37,-0.5,-0.25,15,15
1772048515.394825,5853990,0.1,-0.13,0.03,-163.69,-66.94,92.62,-0.88,0.06,0.25,-0.08,-0.03,0.16,15.56,68.94,74.94,0.19,-0.19,0.06,14,15
1772048515.585871,5854181,0.17,-0.14,0.0,-163.69,-66.94,92.62,0.13,-0.19,-0.25,-0.11,-0.04,0.15,15.56,69.0,74.94,0.06,-0.37,-0.13,14,15
1772048515.776392,5854372,0.11,-0.15,0.01,-163.69,-66.94,92.62,-0.25,0.19,0.25,-0.1,0.0,0.1,15.63,69.06,74.94,0.0,-0.62,-0.25,15,15
1772048515.966924,5854562,0.17,-0.07,0.0,-163.62,-66.94,92.62,0.37,0.0,-0.13,-0.1,0.02,0.06,15.63,69.19,74.94,0.0,-0.44,-0.31,13,14
1772048516.158031,5854753,0.06,-0.09,-0.04,-163.62,-66.94,92.5,-0.5,0.31,-0.19,-0.1,-0.02,0.12,15.63,69.19,74.94,0.19,-0.06,-0.06,15,14
1772048516.348591,5854944,0.11,-0.11,0.0,-163.62,-66.94,92.56,-0.37,-0.19,-0.13,-0.08,0.0,0.1,15.63,69.19,74.94,0.06,0.0,-0.13,13,14
1772048516.539367,5855135,0.09,-0.11,0.0,-163.62,-66.94,92.56,-0.69,-0.25,0.37,-0.08,0.0,0.13,15.63,69.19,74.94,0.06,-1.12,-0.37,15,15
1772048516.730073,5855325,0.11,-0.15,0.02,-163.56,-66.94,92.56,0.13,-0.75,0.69,-0.08,-0.01,0.13,15.69,69.19,74.94,-0.06,0.25,0.31,13,15
1772048516.920782,5855516,0.17,-0.11,0.0,-163.5,-67.0,92.56,1.37,0.06,-0.06,-0.08,0.02,0.05,15.69,69.19,74.94,-0.13,0.25,-0.06,15,15
1772048517.111407,5855707,0.1,-0.1,0.01,-163.5,-67.06,92.62,-0.31,-0.19,0.31,-0.1,0.0,0.12,15.63,69.12,74.94,0.13,0.56,0.0,13,15
1772048517.302666,5855898,0.17,-0.06,0.01,-163.37,-67.06,92.5,-0.56,0.62,-0.19,-0.04,-0.03,0.18,15.56,69.06,74.94,-0.06,-0.19,-0.25,13,15
1772048517.493338,5856089,0.1,-0.1,0.02,-163.44,-67.06,92.56,-0.75,0.56,-0.19,-0.08,-0.01,0.15,15.56,69.06,74.94,-0.13,-0.19,0.0,14,15
1772048517.684009,5856279,0.16,-0.13,-0.03,-163.5,-67.0,92.56,0.19,0.0,-0.13,-0.11,-0.04,0.1,15.56,69.06,74.94,-0.06,-0.44,0.0,13,15
1772048517.874715,5856470,0.09,-0.12,0.0,-163.5,-67.0,92.56,-0.62,-0.19,0.25,-0.09,0.0,0.08,15.56,69.0,74.94,0.19,-0.06,-0.13,14,15
1772048518.065265,5856661,0.12,-0.07,-0.01,-163.44,-67.0,92.5,0.69,-0.06,-0.56,-0.09,0.02,0.07,15.56,69.0,74.94,0.0,-0.06,-0.19,13,15
1772048518.256213,5856851,0.15,-0.07,-0.01,-163.44,-67.0,92.44,-0.13,0.69,-0.13,-0.05,-0.01,0.1,15.56,68.94,74.94,-0.19,-0.25,0.06,14,15
1772048518.447113,5857042,0.12,-0.11,0.03,-163.5,-67.0,92.56,-0.25,-0.37,-0.06,-0.08,0.0,0.08,15.56,68.94,74.94,0.0,-0.19,0.13,12,14
1772048518.637486,5857233,0.08,-0.07,0.01,-163.5,-67.0,92.5,-0.62,0.31,0.13,-0.09,-0.01,0.07,15.56,68.94,74.94,0.75,0.44,0.25,14,14
1772048518.828299,5857424,0.12,-0.15,0.02,-163.5,-67.0,92.56,-0.06,-0.44,0.5,-0.06,-0.01,0.05,15.5,68.94,74.94,-0.06,0.06,0.25,12,13
1772048519.018977,5857614,0.13,-0.19,-0.02,-163.5,-67.0,92.56,1.0,0.06,-0.13,-0.08,0.0,0.06,15.5,68.87,74.94,-0.06,1.0,0.56,14,14
1772048519.209437,5857805,0.09,-0.08,0.04,-163.5,-67.06,92.56,-0.06,0.25,0.19,-0.1,0.0,0.08,15.5,68.87,74.94,0.0,0.44,0.0,13,13
1772048519.400757,5857996,0.11,-0.08,-0.03,-163.5,-66.94,92.56,-0.06,0.5,-0.13,-0.1,0.03,0.02,15.5,68.87,74.94,0.13,-0.56,-0.25,13,14
1772048519.591388,5858187,0.11,-0.03,-0.02,-163.56,-66.94,92.56,-0.69,0.44,-0.13,-0.1,-0.06,0.15,15.5,68.87,74.94,0.06,0.5,0.0,14,14
1772048519.782189,5858377,0.11,-0.15,0.0,-163.56,-66.94,92.56,-0.19,-0.5,-0.06,-0.07,0.0,0.09,15.5,68.94,74.94,-0.06,-1.0,-0.31,13,14
1772048519.972728,5858568,0.1,-0.14,0.0,-163.56,-66.94,92.56,-1.06,-0.19,0.19,-0.02,0.0,0.15,15.56,69.0,74.94,0.13,-0.06,0.06,14,14
1772048520.163257,5858759,0.11,-0.2,0.03,-163.5,-66.94,92.5,0.5,-0.44,0.19,-0.11,0.02,0.09,15.63,69.06,74.87,-0.13,0.06,0.19,13,14
1772048520.354282,5858950,0.14,-0.13,-0.01,-163.5,-66.94,92.44,1.12,0.31,-0.25,-0.07,0.0,0.08,15.63,69.0,74.87,-0.31,0.06,-0.31,15,15
1772048520.545042,5859140,0.09,-0.11,0.03,-163.5,-66.94,92.5,0.0,-0.5,0.13,-0.08,0.0,0.03,15.63,69.0,74.87,0.06,-0.37,-0.31,14,15
1772048520.735702,5859331,0.16,-0.11,0.02,-163.5,-66.94,92.44,0.0,0.81,-0.25,-0.04,-0.03,0.07,15.63,69.06,74.87,0.06,-0.81,-0.19,15,15
1772048520.926312,5859522,0.1,-0.07,0.01,-163.5,-66.94,92.5,-0.69,0.06,0.13,-0.09,-0.02,0.11,15.63,69.06,74.87,-0.06,0.44,0.06,14,15
1772048521.116933,5859713,0.12,-0.18,0.01,-163.56,-66.94,92.56,0.5,-0.88,0.0,-0.08,0.0,0.1,15.63,69.06,74.87,0.25,0.62,0.25,15,15
1772048521.307892,5859904,0.1,-0.09,0.03,-163.5,-67.0,92.62,-0.25,0.5,0.5,-0.08,-0.03,0.12,15.63,69.0,74.87,0.25,0.62,0.19,15,15
1772048521.498564,5860094,0.14,-0.19,0.0,-163.56,-66.94,92.62,1.19,-0.06,-0.44,-0.13,0.01,0.13,15.56,69.0,74.87,0.25,0.69,0.56,14,15
1772048521.689269,5860285,0.12,-0.01,0.0,-163.5,-67.0,92.5,0.19,0.56,0.37,-0.1,0.01,0.09,15.56,69.0,74.87,0.0,-0.69,-0.44,15,15
1772048521.880409,5860476,0.06,-0.1,-0.01,-163.56,-66.94,92.56,-0.31,-0.06,0.0,-0.09,-0.01,0.11,15.63,69.0,74.87,0.0,-0.56,-0.31,14,15
1772048522.071197,5860666,0.16,-0.09,-0.01,-163.5,-66.94,92.5,-0.25,0.56,-0.13,-0.1,0.01,0.1,15.63,69.12,74.87,-0.13,-1.06,-0.56,16,15
1772048522.261649,5860857,0.07,-0.12,0.02,-163.5,-67.0,92.5,-0.75,0.13,0.06,-0.07,-0.01,0.11,15.69,69.12,74.87,-0.19,0.0,0.31,14,15
1772048522.452098,5861048,0.16,-0.13,0.0,-163.5,-67.0,92.5,0.19,-0.19,0.06,-0.08,-0.03,0.11,15.69,69.12,74.87,0.06,0.19,0.19,15,15
1772048522.642768,5861238,0.09,-0.15,0.0,-163.5,-67.0,92.5,-0.06,0.06,0.56,-0.08,0.0,0.12,15.69,69.12,74.87,0.06,0.06,-0.19,13,15
1772048522.833797,5861429,0.13,-0.05,-0.05,-163.44,-67.0,92.44,0.88,-0.37,-0.44,-0.1,0.04,0.14,15.69,69.19,74.87,-0.13,0.19,-0.13,13,15
1772048523.024357,5861620,0.14,-0.06,0.02,-163.37,-67.0,92.37,0.06,0.44,0.19,-0.1,-0.01,0.15,15.69,69.19,74.87,0.06,-0.25,-0.37,13,15
1772048523.215313,5861811,0.13,-0.08,0.01,-163.44,-67.0,92.44,0.13,-0.19,-0.06,-0.09,0.01,0.11,15.69,69.12,74.87,0.06,0.56,-0.13,13,14
1772048523.405766,5862002,0.12,-0.03,0.0,-163.44,-67.0,92.44,-0.5,0.69,0.5,-0.11,-0.02,0.12,15.69,69.12,74.87,0.19,1.0,0.37,14,14
1772048523.596682,5862192,0.12,-0.12,0.03,-163.5,-67.0,92.56,-0.5,-0.81,0.19,-0.09,0.02,0.1,15.63,69.06,74.87,-0.06,-0.06,0.25,13,14
1772048523.787269,5862383,0.14,-0.15,-0.04,-163.5,-67.0,92.5,1.0,0.81,-0.44,-0.1,-0.02,0.12,15.56,68.94,74.87,0.13,0.75,0.31,14,14
1772048523.977949,5862574,0.13,-0.11,0.01,-163.5,-67.0,92.56,0.13,0.13,0.31,-0.09,0.01,0.16,15.56,68.94,74.87,0.25,-0.31,-0.19,13,13
1772048524.168817,5862765,0.13,-0.08,-0.04,-163.5,-66.94,92.5,0.19,0.13,0.06,-0.04,0.04,0.07,15.56,69.0,74.87,0.37,-0.69,-0.19,14,13
1772048524.359705,5862955,0.13,-0.05,0.02,-163.37,-67.0,92.44,-0.69,-0.13,-0.31,-0.07,-0.03,0.09,15.56,68.94,74.87,-0.44,-0.13,0.06,13,13
1772048524.550019,5863146,0.13,-0.13,-0.02,-163.44,-67.0,92.56,-0.25,0.0,0.0,-0.06,0.0,0.04,15.5,68.94,74.87,0.0,0.06,0.06,14,13
1772048524.740935,5863337,0.12,-0.1,-0.05,-163.44,-67.0,92.5,-0.69,0.06,0.25,-0.02,0.02,0.13,15.5,68.94,74.87,0.06,-0.13,0.0,14,13
1772048524.931599,5863527,0.15,-0.21,-0.01,-163.44,-67.06,92.56,0.56,-0.37,0.13,-0.08,0.0,0.09,15.56,69.0,74.87,0.13,-0.06,0.31,14,13
1772048525.122798,5863718,0.11,-0.1,-0.01,-163.37,-67.06,92.5,1.25,-0.06,-0.06,-0.08,0.02,0.04,15.56,68.94,74.87,-0.19,0.13,-0.13,15,14
1772048525.313037,5863909,0.1,-0.12,0.04,-163.37,-67.12,92.56,0.13,-0.62,0.37,-0.08,0.01,0.08,15.56,68.94,74.87,0.19,0.5,0.13,14,14
1772048525.503997,5864100,0.17,-0.07,0.0,-163.37,-67.06,92.5,-0.13,0.69,-0.06,-0.03,-0.04,0.12,15.5,68.94,74.87,0.19,-0.06,0.0,15,14
1772048525.69473,5864290,0.11,-0.09,-0.01,-163.37,-67.12,92.56,-0.94,-0.13,0.31,-0.09,0.01,0.1,15.5,68.94,74.87,-0.13,0.31,0.06,14,14
1772048525.885301,5864481,0.17,-0.14,-0.03,-163.5,-67.06,92.56,0.44,0.37,-0.31,-0.08,-0.01,0.14,15.5,68.94,74.87,0.13,0.0,0.0,14,15
1772048526.076285,5864672,0.14,-0.12,0.0,-163.44,-67.06,92.56,-0.44,0.31,0.31,-0.11,0.0,0.16,15.56,69.0,74.87,0.19,-0.19,-0.19,13,14
1772048526.266928,5864862,0.14,-0.01,-0.02,-163.44,-67.06,92.56,0.75,-0.44,-0.56,-0.09,0.04,0.06,15.63,69.12,74.87,-0.19,0.31,-0.19,14,15
1772048526.457756,5865053,0.15,-0.04,0.0,-163.37,-67.12,92.5,-0.13,0.94,-0.13,-0.08,-0.02,0.11,15.56,69.12,74.87,-0.19,-0.31,-0.06,14,15
1772048526.648388,5865244,0.11,-0.1,-0.01,-163.44,-67.06,92.62,-0.56,-0.62,-0.06,-0.07,-0.02,0.16,15.56,69.12,74.87,0.06,0.31,0.0,15,14
1772048526.838943,5865435,0.1,-0.03,0.03,-163.37,-67.06,92.5,-1.25,-0.31,0.56,-0.05,-0.04,0.13,15.63,69.12,74.87,0.44,0.31,0.13,15,14
1772048527.029881,5865626,0.07,-0.09,0.01,-163.37,-67.12,92.56,-0.25,-1.06,0.37,-0.07,0.0,0.13,15.63,69.12,74.87,-0.19,0.06,-0.06,14,14
1772048527.220651,5865816,0.16,-0.14,-0.04,-163.31,-67.12,92.56,0.5,-0.19,-0.25,-0.08,0.01,0.14,15.56,69.12,74.87,0.31,0.94,0.5,15,14
1772048527.413927,5866007,0.12,-0.07,0.0,-163.25,-67.19,92.56,-0.19,-0.13,0.62,-0.1,0.03,0.12,15.56,69.06,74.87,0.0,0.5,0.06,14,14
1772048527.601986,5866198,0.13,-0.05,-0.05,-163.25,-67.19,92.5,0.19,0.37,0.25,-0.07,0.02,0.12,15.56,69.06,74.87,0.25,0.44,0.06,15,14
1772048527.793201,5866389,0.13,-0.04,0.01,-163.12,-67.25,92.44,-0.5,-0.19,0.19,-0.12,-0.02,0.16,15.5,69.0,74.94,-0.19,-0.31,0.0,14,14
1772048527.984271,5866580,0.14,-0.09,-0.01,-163.19,-67.19,92.5,0.31,-0.25,-0.31,-0.09,0.0,0.13,15.56,69.06,74.87,0.19,-0.62,-0.44,15,13
1772048528.174563,5866770,0.11,-0.13,-0.01,-163.19,-67.19,92.5,-0.5,0.0,0.06,-0.15,0.02,0.04,15.63,69.12,74.87,0.0,-0.94,-0.37,14,13
1772048528.365454,5866961,0.12,-0.13,0.0,-163.19,-67.19,92.5,-0.13,-1.12,0.25,-0.11,0.0,0.12,15.69,69.19,74.87,-0.25,-0.06,0.31,15,13
1772048528.556229,5867152,0.13,-0.14,-0.03,-163.19,-67.19,92.5,1.12,0.81,-0.37,-0.09,0.03,0.08,15.63,69.19,74.87,-0.19,0.0,0.06,14,14
1772048528.747428,5867343,0.12,-0.11,0.01,-163.25,-67.19,92.5,0.37,-0.06,0.13,-0.09,0.02,0.11,15.63,69.19,74.87,-0.06,-0.13,-0.19,14,14
1772048528.93833,5867534,0.12,-0.11,-0.04,-163.25,-67.12,92.5,-0.31,0.56,-0.13,-0.1,0.01,0.09,15.69,69.25,74.87,0.31,-0.44,-0.37,14,15
1772048529.128595,5867724,0.11,-0.01,-0.03,-163.19,-67.19,92.44,-0.62,0.25,-0.06,-0.11,-0.01,0.15,15.69,69.25,74.87,-0.25,0.0,0.06,14,15
1772048529.319568,5867915,0.14,-0.1,0.0,-163.19,-67.19,92.44,-0.56,-0.81,0.0,-0.08,0.0,0.12,15.69,69.25,74.87,0.06,-0.06,-0.06,14,14
1772048529.511018,5868107,0.13,-0.11,-0.01,-163.19,-67.25,92.44,-0.62,0.0,0.25,-0.07,-0.03,0.18,15.69,69.25,74.87,0.13,0.31,0.19,13,14
1772048529.703247,5868299,0.12,-0.23,0.0,-163.19,-67.25,92.5,0.88,-0.62,-0.13,-0.13,0.02,0.17,15.63,69.19,74.87,-0.19,0.31,0.37,14,14
1772048529.895052,5868491,0.13,-0.05,-0.02,-163.12,-67.25,92.44,0.75,0.62,-0.25,-0.1,0.01,0.12,15.63,69.12,74.87,-0.13,0.31,0.06,15,15
1772048530.087811,5868684,0.08,-0.14,-0.01,-163.12,-67.25,92.5,0.25,-0.06,0.06,-0.11,0.0,0.12,15.63,69.06,74.87,0.13,0.37,0.13,15,15
1772048530.281083,5868877,0.16,-0.06,-0.01,-163.12,-67.25,92.44,-0.25,0.5,0.06,-0.07,0.0,0.08,15.56,69.0,74.87,0.0,-0.81,-0.37,15,15
1772048530.472614,5869068,0.12,-0.04,-0.04,-163.12,-67.25,92.44,-0.75,0.25,0.13,-0.13,-0.02,0.12,15.5,68.94,74.87,-0.06,0.44,0.25,14,15
1772048530.66399,5869260,0.15,-0.14,-0.03,-163.31,-67.19,92.56,0.37,-0.19,-0.56,-0.07,-0.01,0.13,15.56,69.0,74.87,0.06,-0.94,-0.31,14,15
1772048530.855204,5869451,0.09,-0.15,-0.02,-163.31,-67.19,92.5,-0.75,0.06,0.37,-0.07,0.0,0.13,15.56,68.94,74.87,0.0,-0.62,-0.19,14,14
1772048531.046654,5869642,0.15,-0.19,0.0,-163.25,-67.12,92.37,0.06,-0.25,0.31,-0.1,0.01,0.09,15.56,69.0,74.87,-0.19,0.06,0.31,14,14
1772048531.236948,5869833,0.13,-0.1,0.0,-163.12,-67.12,92.25,1.06,0.25,-0.37,-0.1,0.01,0.05,15.5,68.94,74.87,-0.44,-0.31,-0.19,15,15
1772048531.42888,5870024,0.1,-0.1,-0.01,-163.19,-67.12,92.31,-0.19,-0.19,-0.06,-0.08,0.0,0.04,15.5,68.94,74.87,-0.06,-0.13,0.0,14,15
1772048531.62197,5870218,0.19,-0.09,-0.02,-163.19,-67.12,92.31,-0.37,0.56,0.25,-0.02,-0.01,0.1,15.5,69.0,74.87,0.13,-0.5,-0.19,14,15
1772048531.81451,5870410,0.12,-0.06,0.0,-163.06,-67.12,92.25,-1.44,-0.13,0.19,-0.09,-0.02,0.12,15.5,69.0,74.87,0.13,0.5,0.31,14,15
1772048532.004521,5870600,0.14,-0.13,0.0,-163.06,-67.19,92.25,0.06,-0.75,-0.19,-0.09,0.0,0.12,15.5,68.94,74.87,0.19,0.5,0.19,15,15
1772048532.197621,5870794,0.13,-0.1,0.0,-163.06,-67.19,92.31,-0.31,0.56,0.56,-0.12,0.0,0.08,15.5,68.94,74.87,0.06,0.06,0.13,15,15
1772048532.389834,5870986,0.15,-0.13,-0.03,-163.06,-67.19,92.25,1.06,-0.13,-0.13,-0.13,0.02,0.06,15.44,68.94,74.87,0.06,0.25,0.19,14,15
1772048532.581647,5871177,0.15,-0.07,0.0,-163.0,-67.19,92.19,0.0,0.56,0.25,-0.06,-0.01,0.16,15.44,68.87,74.87,0.19,-0.25,-0.19,15,15
1772048532.773795,5871369,0.13,-0.11,-0.05,-163.06,-67.19,92.25,0.13,-0.06,-0.25,-0.08,0.0,0.1,15.44,68.87,74.87,0.13,-0.31,-0.31,16,15
1772048532.96587,5871561,0.14,-0.07,-0.03,-163.0,-67.19,92.19,-0.25,0.62,-0.06,-0.05,0.0,0.12,15.5,69.0,74.87,-0.44,-1.37,-0.69,16,15
1772048533.157142,5871753,0.09,-0.12,0.01,-163.0,-67.25,92.25,-0.88,-0.31,0.0,-0.11,-0.01,0.1,15.5,69.06,74.87,0.0,0.13,0.19,16,15
1772048533.347977,5871944,0.16,-0.15,-0.06,-162.94,-67.25,92.19,0.06,0.06,-0.31,-0.09,0.01,0.08,15.5,69.06,74.87,-0.25,0.06,0.25,17,15
1772048533.540644,5872136,0.12,-0.14,-0.02,-162.94,-67.25,92.19,-0.06,-0.06,0.06,-0.07,0.0,0.09,15.5,69.06,74.87,0.06,0.31,0.25,16,15
1772048533.732857,5872329,0.16,-0.09,-0.08,-162.94,-67.19,92.12,0.0,0.56,0.19,-0.07,0.01,0.08,15.5,69.06,74.87,0.31,-0.06,-0.31,16,15
1772048533.925397,5872521,0.14,-0.06,-0.05,-162.87,-67.19,92.06,-0.56,0.0,-0.19,-0.1,0.0,0.09,15.5,69.06,74.87,-0.37,-0.19,-0.06,16,15
1772048534.117379,5872713,0.13,-0.1,-0.01,-162.94,-67.25,92.12,-0.19,-0.62,0.06,-0.1,0.0,0.08,15.5,69.06,74.87,0.0,0.19,-0.06,15,15
1772048534.309668,5872906,0.11,-0.1,-0.03,-162.87,-67.25,92.12,-0.44,0.0,0.06,-0.08,-0.04,0.17,15.5,69.06,74.87,0.0,0.88,0.19,16,15
1772048534.500207,5873096,0.16,-0.16,-0.06,-162.94,-67.19,92.19,1.0,-0.5,-0.31,-0.14,0.0,0.11,15.5,69.06,74.87,0.19,0.75,0.5,16,15
1772048534.692443,5873288,0.17,-0.07,-0.03,-162.94,-67.25,92.12,0.19,0.37,0.19,-0.11,0.01,0.08,15.5,69.0,74.87,-0.13,-0.56,-0.06,15,15
1772048534.884111,5873480,0.11,-0.12,-0.04,-162.94,-67.19,92.19,0.06,0.5,-0.13,-0.11,0.0,0.11,15.5,69.0,74.87,0.06,-0.31,-0.31,16,14
1772048535.075682,5873671,0.14,-0.05,-0.05,-162.94,-67.19,92.06,-0.13,0.5,0.13,-0.07,-0.02,0.16,15.5,69.06,74.87,0.19,-0.13,0.0,16,14
1772048535.265927,5873862,0.11,-0.13,-0.03,-162.94,-67.25,92.12,-0.94,-0.62,0.06,-0.07,0.01,0.11,15.5,69.19,74.87,-0.06,-0.25,0.06,16,15
1772048535.457565,5874053,0.17,-0.18,-0.03,-162.94,-67.19,92.12,0.19,0.56,-0.13,-0.07,0.0,0.13,15.56,69.19,74.87,-0.06,0.25,0.37,16,14
1772048535.649541,5874245,0.12,-0.13,0.0,-162.94,-67.19,92.12,0.19,-0.13,0.31,-0.09,0.0,0.09,15.56,69.19,74.87,-0.25,-0.25,0.0,16,14
1772048535.84173,5874437,0.12,-0.1,-0.06,-162.87,-67.19,92.06,-0.06,0.13,0.19,-0.08,0.0,0.09,15.56,69.19,74.87,0.25,-0.44,-0.19,16,15
1772048536.034377,5874630,0.09,-0.03,-0.03,-162.81,-67.19,92.0,-0.94,-0.19,-0.13,-0.08,-0.02,0.14,15.56,69.19,74.87,-0.37,0.19,0.06,16,14
1772048536.226919,5874823,0.11,-0.13,-0.03,-162.87,-67.19,92.06,-0.25,-0.5,0.06,-0.08,0.0,0.1,15.56,69.19,74.87,0.0,-0.25,-0.06,16,14
1772048536.418113,5875014,0.14,-0.13,0.01,-162.81,-67.19,92.06,-0.5,0.06,0.37,-0.08,0.0,0.17,15.56,69.19,74.87,0.0,0.25,0.19,16,14
1772048536.608793,5875205,0.13,-0.19,0.0,-162.87,-67.19,92.06,0.75,-0.56,-0.06,-0.13,-0.01,0.17,15.56,69.12,74.87,0.13,0.37,0.25,16,14
1772048536.800319,5875396,0.13,-0.05,-0.02,-162.75,-67.25,91.94,0.62,0.5,-0.19,-0.08,0.0,0.1,15.5,69.06,74.87,-0.19,0.13,0.13,14,15
1772048536.991243,5875587,0.12,-0.13,-0.04,-162.75,-67.25,92.0,-0.25,0.19,-0.13,-0.1,0.0,0.09,15.5,69.0,74.87,0.19,-0.5,-0.37,14,15
1772048537.182043,5875778,0.18,-0.05,-0.01,-162.75,-67.19,91.94,0.06,0.56,-0.19,-0.05,0.01,0.07,15.5,69.06,74.87,0.06,-0.81,-0.25,14,15
1772048537.37283,5875969,0.11,-0.05,-0.04,-162.75,-67.25,91.94,-1.0,0.19,0.13,-0.12,0.02,0.08,15.44,69.0,74.87,-0.13,-0.19,-0.19,15,15
1772048537.563522,5876159,0.13,-0.15,-0.02,-162.75,-67.25,91.94,-0.06,-0.19,-0.13,-0.05,0.0,0.09,15.44,69.0,74.87,0.0,-0.06,0.13,14,15
1772048537.754278,5876350,0.12,-0.18,-0.04,-162.75,-67.25,91.94,-0.31,0.0,0.31,-0.01,-0.02,0.12,15.44,68.94,74.87,0.0,-0.06,0.19,15,15
1772048537.944773,5876541,0.12,-0.24,-0.05,-162.75,-67.25,91.94,0.88,-0.37,-0.06,-0.1,0.0,0.09,15.44,69.0,74.87,0.0,0.31,0.06,14,15
1772048538.135672,5876731,0.12,-0.05,-0.03,-162.62,-67.25,91.81,1.19,-0.06,0.06,-0.08,0.02,0.08,15.44,69.0,74.87,-0.13,0.37,0.0,16,15
1772048538.326196,5876922,0.12,-0.14,-0.03,-162.69,-67.25,91.94,0.19,-0.69,0.37,-0.09,0.03,0.09,15.44,68.94,74.87,0.06,0.19,-0.19,15,15
1772048538.517017,5877113,0.17,-0.07,-0.01,-162.56,-67.25,91.81,0.0,0.62,-0.13,-0.05,0.0,0.11,15.44,68.94,74.87,-0.13,-0.56,-0.13,15,15
1772048538.707818,5877304,0.13,-0.04,-0.06,-162.56,-67.25,91.81,-0.69,0.62,0.25,-0.13,-0.02,0.09,15.38,68.87,74.87,-0.31,0.62,0.25,16,15
1772048538.898487,5877494,0.16,-0.16,-0.05,-162.62,-67.19,91.87,0.25,0.06,-0.25,-0.07,-0.03,0.14,15.38,68.87,74.87,0.06,-0.06,-0.06,15,15
1772048539.089173,5877685,0.13,-0.12,-0.03,-162.62,-67.19,91.87,-0.62,-0.06,0.37,-0.05,0.01,0.11,15.38,68.87,74.87,0.06,-0.5,-0.06,16,15
1772048539.279735,5877876,0.16,-0.22,-0.03,-162.62,-67.19,91.87,0.13,-0.75,0.0,-0.08,0.03,0.11,15.44,69.0,74.87,-0.06,-0.31,0.13,15,15
1772048539.469781,5878066,0.15,-0.09,0.0,-162.56,-67.25,91.81,1.37,0.13,-0.44,-0.08,0.02,0.05,15.44,69.0,74.87,-0.37,-0.25,-0.06,16,15
1772048539.661252,5878257,0.11,-0.14,-0.03,-162.62,-67.25,91.87,-0.31,-0.31,0.13,-0.09,0.02,0.08,15.44,69.0,74.87,-0.13,-0.13,-0.19,15,15
1772048539.851663,5878448,0.14,-0.11,-0.08,-162.56,-67.25,91.75,-0.19,0.25,0.13,-0.07,0.0,0.07,15.5,69.06,74.87,0.0,-1.06,-0.37,15,15
1772048540.042473,5878638,0.12,-0.01,-0.06,-162.5,-67.25,91.75,-1.06,-0.19,0.06,-0.1,0.0,0.12,15.5,69.06,74.87,-0.25,0.0,0.19,14,15
1772048540.233548,5878829,0.1,-0.15,-0.04,-162.5,-67.25,91.75,-0.25,-0.88,0.19,-0.05,-0.04,0.11,15.5,69.06,74.87,0.19,0.13,-0.06,14,15
1772048540.423835,5879020,0.1,-0.09,0.02,-162.44,-67.31,91.75,-0.62,-0.19,0.44,-0.07,0.01,0.14,15.44,69.0,74.87,0.06,0.44,0.13,14,15
1772048540.614697,5879211,0.14,-0.19,0.0,-162.44,-67.31,91.75,0.56,-0.62,0.13,-0.11,0.02,0.14,15.44,69.0,74.87,-0.25,0.37,0.44,13,15
1772048540.805767,5879402,0.14,-0.1,-0.02,-162.37,-67.37,91.69,1.06,0.19,-0.25,-0.09,0.02,0.06,15.44,68.94,74.87,-0.25,-0.37,-0.13,15,15
1772048540.996286,5879592,0.11,-0.15,-0.03,-162.37,-67.37,91.75,-0.25,0.0,0.06,-0.11,0.01,0.09,15.44,68.94,74.87,0.19,-0.37,-0.25,13,15
1772048541.187247,5879783,0.16,-0.05,0.0,-162.31,-67.37,91.69,-0.06,0.69,-0.13,-0.04,0.0,0.08,15.38,69.06,74.87,0.13,-0.75,-0.25,15,15
1772048541.377874,5879974,0.12,-0.08,0.0,-162.31,-67.37,91.69,-0.88,0.5,0.25,-0.1,0.02,0.08,15.44,69.06,74.87,-0.25,-0.19,0.13,14,15
1772048541.568703,5880165,0.14,-0.16,-0.02,-162.37,-67.37,91.75,0.06,-0.31,-0.13,-0.06,-0.01,0.1,15.44,69.12,74.87,0.06,0.0,0.13,15,15
1772048541.759305,5880355,0.11,-0.15,0.02,-162.37,-67.37,91.75,-0.5,0.06,0.31,-0.12,0.0,0.12,15.44,69.12,74.87,0.13,0.06,-0.06,14,15
1772048541.950212,5880546,0.14,-0.06,-0.05,-162.37,-67.37,91.69,0.88,-0.13,-0.37,-0.11,0.04,0.07,15.5,69.12,74.87,-0.13,0.13,-0.19,14,15
1772048542.141499,5880737,0.1,-0.11,-0.04,-162.31,-67.37,91.62,0.13,0.75,-0.06,-0.08,-0.02,0.11,15.5,69.12,74.87,0.19,-0.13,-0.06,15,15
1772048542.331689,5880928,0.1,-0.11,0.0,-162.37,-67.37,91.69,-0.13,-0.19,0.0,-0.07,0.02,0.08,15.5,69.12,74.87,-0.06,0.06,-0.19,14,15
1772048542.522294,5881118,0.13,-0.07,-0.01,-162.37,-67.37,91.69,-0.31,0.25,0.19,-0.1,0.0,0.11,15.5,69.12,74.87,-0.06,0.19,0.19,15,15
1772048542.71317,5881309,0.11,-0.09,-0.04,-162.37,-67.37,91.69,0.31,-0.56,-0.37,-0.1,0.0,0.13,15.5,69.12,74.87,0.13,0.88,0.13,13,15
1772048542.904209,5881500,0.11,-0.07,-0.03,-162.31,-67.37,91.69,-0.31,0.62,0.37,-0.11,-0.02,0.13,15.44,69.12,74.87,0.06,-0.13,-0.31,15,15
1772048543.094758,5881691,0.12,-0.13,-0.03,-162.37,-67.37,91.69,-0.31,0.0,0.0,-0.09,0.01,0.11,15.44,69.06,74.87,0.13,0.25,-0.13,13,15
1772048543.285664,5881881,0.15,-0.08,-0.03,-162.37,-67.37,91.69,-0.44,0.56,-0.06,-0.08,-0.02,0.15,15.44,69.06,74.87,-0.13,0.31,0.06,14,15
1772048543.476335,5882072,0.15,-0.18,-0.02,-162.37,-67.31,91.69,0.5,-0.56,-0.37,-0.12,-0.02,0.13,15.5,69.12,74.87,0.31,0.0,0.0,13,15
1772048543.66694,5882263,0.18,-0.08,-0.05,-162.31,-67.37,91.62,0.0,0.31,0.25,-0.08,0.01,0.13,15.5,69.19,74.87,0.0,-0.88,-0.31,14,15
1772048543.858226,5882454,0.11,-0.12,-0.03,-162.31,-67.37,91.62,-0.13,-0.25,-0.31,-0.09,0.02,0.13,15.56,69.25,74.87,-0.06,-0.25,-0.19,13,15
1772048544.04866,5882645,0.12,-0.09,-0.02,-162.31,-67.37,91.62,-0.5,0.31,-0.06,-0.06,-0.01,0.18,15.56,69.25,74.87,0.0,0.19,0.13,13,15
1772048544.239419,5882835,0.13,-0.2,-0.01,-162.37,-67.37,91.69,0.62,-0.13,-0.06,-0.13,0.02,0.12,15.56,69.25,74.87,-0.13,-0.19,0.06,14,15
1772048544.429968,5883026,0.15,-0.09,-0.06,-162.31,-67.31,91.56,0.37,0.31,-0.25,-0.08,0.02,0.1,15.56,69.25,74.87,-0.06,0.19,-0.06,14,15
1772048544.62087,5883217,0.12,-0.11,-0.05,-162.31,-67.31,91.62,0.13,-0.44,0.06,-0.1,0.03,0.11,15.56,69.25,74.87,0.13,0.37,-0.06,14,15
1772048544.811501,5883407,0.12,-0.07,-0.05,-162.31,-67.31,91.62,-0.06,0.31,0.37,-0.16,0.03,0.1,15.56,69.25,74.87,-0.13,-0.19,-0.13,13,15
1772048545.002215,5883598,0.13,-0.16,0.03,-162.31,-67.37,91.69,-0.25,-0.62,0.31,-0.1,0.01,0.19,15.56,69.25,74.87,0.0,0.31,0.31,15,15
1772048545.192964,5883789,0.15,-0.14,-0.05,-162.31,-67.37,91.62,0.88,0.69,-0.37,-0.12,0.02,0.08,15.44,69.12,74.87,-0.13,-0.06,0.13,14,14
1772048545.383854,5883980,0.11,-0.12,-0.02,-162.31,-67.31,91.62,-0.13,-0.19,0.31,-0.11,-0.01,0.08,15.38,69.0,74.87,0.06,-0.06,-0.13,14,14
1772048545.573707,5884170,0.2,-0.07,-0.04,-162.37,-67.31,91.62,0.06,0.62,-0.13,-0.1,0.02,0.11,15.31,68.94,74.87,-0.19,-1.37,-0.62,14,14
1772048545.764889,5884361,0.12,-0.1,-0.05,-162.31,-67.31,91.56,-0.56,0.31,0.06,-0.06,0.0,0.13,15.38,69.0,74.87,-0.13,0.19,0.06,14,14
1772048545.955847,5884552,0.17,-0.13,-0.03,-162.31,-67.31,91.56,-0.19,-0.69,0.06,-0.09,0.0,0.08,15.38,69.0,74.87,0.06,-0.25,0.13,14,14
1772048546.146198,5884743,0.13,-0.17,0.0,-162.25,-67.37,91.56,-0.13,0.5,0.25,-0.07,0.0,0.05,15.31,69.0,74.87,0.13,0.37,0.13,13,14
1772048546.33769,5884933,0.15,-0.03,-0.04,-162.19,-67.37,91.44,0.44,-0.37,-0.37,-0.09,0.05,0.04,15.38,69.06,74.87,-0.19,-0.13,-0.25,14,14
1772048546.528262,5885124,0.08,-0.06,-0.03,-162.19,-67.37,91.44,-0.31,-0.25,0.13,-0.07,-0.03,0.1,15.38,69.06,74.87,0.13,-0.06,-0.13,13,14
1772048546.718842,5885315,0.14,-0.11,-0.03,-162.19,-67.37,91.5,0.0,-0.37,0.25,-0.06,0.01,0.06,15.38,69.06,74.87,0.06,0.25,-0.13,13,14
1772048546.909646,5885506,0.13,-0.08,-0.03,-162.19,-67.37,91.44,-0.81,0.44,0.25,-0.09,0.03,0.1,15.38,69.0,74.87,0.0,-0.19,-0.13,12,14
1772048547.100223,5885696,0.14,-0.19,-0.01,-162.19,-67.37,91.5,-0.06,-0.62,0.19,-0.08,0.0,0.15,15.31,69.0,74.87,0.06,0.13,0.44,14,15
1772048547.291137,5885887,0.15,-0.12,-0.06,-162.19,-67.37,91.5,1.06,0.25,-0.31,-0.1,0.03,0.05,15.31,69.0,74.87,-0.37,0.19,0.13,14,15
1772048547.48156,5886078,0.12,-0.12,-0.01,-162.19,-67.44,91.56,0.0,0.37,0.31,-0.1,0.02,0.11,15.31,68.94,74.87,0.19,0.19,0.0,15,15
1772048547.671419,5886268,0.18,-0.07,-0.05,-162.19,-67.37,91.5,-0.31,0.75,-0.06,-0.08,0.01,0.06,15.31,69.0,74.87,0.19,-1.06,-0.44,14,15
1772048547.86334,5886459,0.13,-0.03,-0.05,-162.19,-67.37,91.44,-1.0,0.31,-0.13,-0.12,0.0,0.1,15.38,69.06,74.87,-0.31,-0.13,0.0,14,15
1772048548.054359,5886650,0.18,-0.17,-0.05,-162.31,-67.37,91.56,-0.13,-0.88,-0.13,-0.09,-0.01,0.08,15.38,69.06,74.87,0.0,-0.37,-0.19,14,15
1772048548.244883,5886841,0.12,-0.13,-0.03,-162.25,-67.44,91.56,-0.56,0.13,0.31,-0.08,0.01,0.1,15.38,69.06,74.87,0.06,-0.13,0.19,14,15
1772048548.435746,5887032,0.13,-0.22,-0.05,-162.25,-67.37,91.5,0.88,-0.37,-0.25,-0.11,0.03,0.15,15.38,69.12,74.87,0.06,0.06,0.0,15,15
1772048548.626504,5887223,0.14,-0.06,-0.05,-162.19,-67.37,91.44,0.44,0.31,0.0,-0.09,0.0,0.07,15.44,69.12,74.87,-0.13,-0.13,-0.19,14,14
1772048548.817773,5887414,0.12,-0.08,-0.04,-162.19,-67.44,91.5,-0.31,-0.31,0.13,-0.06,0.0,0.12,15.44,69.12,74.87,0.13,-0.13,-0.06,15,14
1772048549.008376,5887604,0.14,-0.02,-0.04,-162.19,-67.44,91.44,-0.06,0.19,0.25,-0.08,0.03,0.12,15.44,69.12,74.87,-0.44,-0.81,-0.5,14,14
1772048549.198859,5887795,0.1,-0.15,-0.03,-162.12,-67.5,91.5,-0.75,-0.75,0.37,-0.09,0.0,0.12,15.44,69.12,74.87,0.06,0.37,0.37,14,14
1772048549.389886,5887986,0.19,-0.08,-0.05,-162.12,-67.5,91.44,-0.06,0.0,0.06,-0.09,0.0,0.12,15.38,69.06,74.87,-0.06,0.5,0.56,13,14
1772048549.580652,5888177,0.12,-0.11,-0.02,-162.12,-67.5,91.44,0.19,0.13,0.19,-0.07,0.01,0.15,15.38,69.06,74.87,0.25,0.5,0.25,14,14
1772048549.772143,5888368,0.18,-0.07,-0.07,-162.12,-67.44,91.44,0.56,0.19,-0.06,-0.14,0.03,0.14,15.38,69.12,74.87,0.06,0.13,-0.25,14,14
1772048549.963057,5888559,0.06,-0.05,-0.04,-162.06,-67.44,91.31,0.19,0.37,-0.06,-0.09,0.0,0.14,15.38,69.12,74.87,0.06,-0.81,-0.25,14,14
1772048550.153447,5888749,0.16,-0.11,-0.05,-162.12,-67.37,91.37,-0.31,-0.62,0.0,-0.07,0.01,0.12,15.44,69.12,74.87,0.0,-0.44,-0.25,16,14
1772048550.344329,5888941,0.11,-0.04,-0.05,-162.12,-67.37,91.31,-0.37,0.62,0.0,-0.01,-0.02,0.14,15.38,69.12,74.87,0.25,0.88,0.44,16,14
1772048550.535422,5889132,0.1,-0.12,0.0,-162.12,-67.37,91.37,-0.37,-0.62,0.5,-0.07,0.0,0.11,15.31,69.06,74.87,-0.06,0.06,0.31,17,14
1772048550.726895,5889323,0.18,-0.18,-0.04,-162.19,-67.31,91.37,0.62,0.56,0.0,-0.07,0.01,0.07,15.31,69.0,74.87,-0.06,0.0,0.44,16,14
1772048550.918503,5889515,0.12,-0.1,0.0,-162.12,-67.37,91.31,0.06,-0.06,0.06,-0.07,0.03,0.07,15.25,69.0,74.87,-0.13,-0.06,0.06,17,14
1772048551.108777,5889705,0.14,-0.07,-0.07,-162.12,-67.37,91.31,0.19,0.13,-0.25,-0.08,0.03,0.0,15.31,69.0,74.87,0.25,-0.88,-0.44,16,14
1772048551.303064,5889899,0.15,-0.04,-0.03,-162.12,-67.37,91.31,-0.75,0.06,-0.06,-0.08,-0.03,0.13,15.25,69.0,74.87,-0.06,1.19,0.44,16,14
1772048551.496028,5890092,0.12,-0.07,-0.01,-162.06,-67.37,91.31,-0.13,-0.44,0.19,-0.07,0.0,0.08,15.25,68.94,74.87,0.13,0.37,0.13,16,14
1772048551.687264,5890284,0.12,-0.1,-0.06,-162.06,-67.37,91.31,-0.5,0.31,0.19,-0.08,-0.03,0.16,15.19,68.87,74.87,-0.19,0.44,0.37,15,14
1772048551.879102,5890475,0.13,-0.21,0.0,-162.12,-67.37,91.37,0.56,-0.69,-0.13,-0.1,0.0,0.14,15.19,68.87,74.87,0.0,-0.62,-0.06,15,14
1772048552.070594,5890667,0.15,-0.07,-0.04,-162.06,-67.37,91.25,0.5,0.19,-0.19,-0.06,0.04,0.07,15.25,69.0,74.87,-0.19,-0.69,-0.19,14,14
1772048552.261368,5890858,0.14,-0.12,-0.03,-162.06,-67.37,91.25,0.0,-0.56,0.06,-0.08,0.0,0.06,15.31,69.06,74.87,0.06,-0.31,-0.19,13,15
1772048552.452988,5891049,0.17,-0.08,-0.01,-162.0,-67.37,91.19,-0.13,0.25,0.0,-0.04,0.0,0.07,15.31,69.06,74.87,-0.13,-0.31,-0.06,14,15
1772048552.644864,5891241,0.12,-0.1,0.0,-162.0,-67.44,91.25,-0.88,0.19,0.13,-0.06,-0.01,0.09,15.31,69.06,74.87,-0.25,0.37,0.31,13,15
1772048552.836851,5891433,0.18,-0.16,-0.06,-162.06,-67.37,91.25,-0.19,0.0,0.06,-0.07,-0.01,0.12,15.31,69.06,74.87,0.06,0.13,0.19,13,15
1772048553.029695,5891626,0.14,-0.12,-0.03,-162.06,-67.37,91.25,0.06,0.37,0.25,-0.09,0.01,0.06,15.31,69.06,74.87,0.25,0.25,-0.06,14,15
1772048553.222452,5891819,0.14,-0.08,-0.05,-162.0,-67.37,91.19,0.62,0.5,0.37,-0.05,0.04,0.05,15.38,69.06,74.87,0.56,0.19,-0.06,14,15
1772048553.414692,5892011,0.13,-0.1,-0.03,-162.0,-67.37,91.19,-0.37,-0.31,0.19,-0.09,-0.01,0.14,15.31,69.0,74.87,-0.19,0.5,0.19,14,15
1772048553.606556,5892203,0.14,-0.06,-0.03,-162.0,-67.37,91.19,-0.25,-0.56,0.06,-0.08,0.01,0.09,15.25,69.0,74.87,0.06,0.25,0.06,15,15
1772048553.798504,5892395,0.13,-0.08,-0.06,-162.0,-67.37,91.19,-0.31,0.5,0.06,-0.09,-0.03,0.13,15.25,68.94,74.87,-0.06,0.56,0.25,14,15
1772048553.990754,5892587,0.14,-0.18,-0.05,-162.06,-67.37,91.25,0.75,-0.25,-0.44,-0.12,0.02,0.13,15.25,69.0,74.87,0.0,-0.13,0.0,14,15
1772048554.183363,5892780,0.18,0.0,-0.04,-161.94,-67.37,91.12,0.31,0.56,0.13,-0.06,0.01,0.1,15.31,69.06,74.87,-0.06,-0.69,-0.44,14,15
1772048554.375653,5892972,0.13,-0.1,-0.05,-162.0,-67.37,91.12,-0.06,-0.62,-0.37,-0.08,0.02,0.1,15.38,69.12,74.87,0.0,-0.06,-0.06,15,14
1772048554.568503,5893165,0.14,-0.04,-0.03,-162.0,-67.37,91.12,-0.44,0.5,0.0,-0.04,0.03,0.12,15.38,69.12,74.87,-0.13,-0.31,-0.13,16,14
1772048554.759979,5893356,0.09,-0.15,0.0,-162.0,-67.37,91.19,-0.37,0.06,0.19,-0.09,0.01,0.12,15.38,69.19,74.87,0.06,0.13,0.37,15,14
1772048554.951969,5893548,0.19,-0.13,-0.07,-162.0,-67.37,91.12,0.06,0.0,0.13,-0.12,0.02,0.1,15.38,69.19,74.87,-0.06,-0.19,0.31,15,14
1772048555.144417,5893741,0.14,-0.12,-0.02,-162.0,-67.37,91.12,0.19,-0.06,0.37,-0.08,0.02,0.08,15.38,69.12,74.87,0.13,0.19,0.0,16,14
1772048555.33617,5893933,0.1,-0.1,-0.05,-162.0,-67.37,91.12,0.19,0.25,0.13,-0.07,0.05,0.06,15.38,69.19,74.87,0.37,0.19,-0.06,15,14
1772048555.527221,5894124,0.12,-0.03,-0.02,-161.94,-67.44,91.06,-1.06,-0.25,0.19,-0.07,0.0,0.12,15.38,69.06,74.87,0.0,0.62,0.37,16,15
1772048555.719494,5894316,0.13,-0.09,-0.04,-161.94,-67.37,91.12,0.13,-0.06,-0.19,-0.07,0.0,0.11,15.31,69.06,74.87,0.13,0.0,0.19,15,15
1772048555.910455,5894507,0.14,-0.09,-0.04,-161.94,-67.37,91.12,-0.19,0.44,0.37,-0.1,-0.01,0.19,15.31,69.06,74.87,-0.06,0.25,0.13,16,14
1772048556.100376,5894697,0.16,-0.19,-0.06,-162.0,-67.37,91.12,0.13,-0.5,0.0,-0.1,0.01,0.13,15.31,69.0,74.87,0.13,-0.31,0.0,15,15
1772048556.292192,5894888,0.14,-0.04,-0.02,-161.87,-67.37,91.0,0.94,0.75,-0.19,-0.09,0.04,0.06,15.31,69.06,74.87,-0.06,-1.19,-0.75,14,15
1772048556.483878,5895080,0.14,-0.08,-0.03,-161.94,-67.44,91.06,-0.25,-0.44,-0.06,-0.08,0.01,0.07,15.25,69.06,74.87,-0.19,-0.5,-0.25,13,15
1772048556.67482,5895271,0.19,-0.08,-0.02,-161.94,-67.37,91.06,-0.44,0.94,-0.06,-0.07,0.0,0.08,15.25,69.06,74.87,0.0,0.06,0.25,14,15
1772048556.866253,5895463,0.13,-0.09,-0.01,-161.94,-67.37,91.06,-1.12,0.19,0.31,-0.06,0.0,0.08,15.19,69.0,74.87,0.0,0.31,0.19,14,15
1772048557.055961,5895652,0.18,-0.11,-0.08,-161.94,-67.37,91.06,-0.25,-0.5,0.0,-0.07,-0.01,0.08,15.19,69.0,74.87,0.13,-0.31,0.19,13,15
1772048557.247304,5895844,0.11,-0.13,-0.01,-161.94,-67.44,91.06,0.06,-0.13,0.25,-0.09,0.01,0.08,15.19,69.0,74.87,0.13,0.31,0.19,14,15
1772048557.439616,5896036,0.15,-0.05,-0.03,-161.94,-67.44,91.0,0.69,-0.31,0.13,-0.11,0.07,0.04,15.19,69.0,74.87,0.13,0.5,0.13,13,15
1772048557.631252,5896228,0.11,-0.03,-0.05,-161.81,-67.44,90.94,0.13,0.37,0.19,-0.1,0.0,0.11,15.13,68.87,74.87,0.44,0.19,0.0,13,15
1772048557.824349,5896421,0.11,-0.13,-0.05,-161.81,-67.5,91.0,0.06,-0.62,-0.19,-0.07,-0.01,0.1,15.13,68.87,74.87,-0.06,0.44,0.06,15,15
1772048558.015845,5896612,0.15,-0.03,-0.05,-161.81,-67.5,90.94,-0.69,0.88,0.06,-0.05,0.0,0.16,15.13,68.87,74.87,0.13,0.19,-0.06,15,15
1772048558.207092,5896803,0.13,-0.08,-0.01,-161.75,-67.5,90.87,-1.19,-0.37,0.13,-0.08,0.01,0.13,15.13,69.0,74.87,-0.13,-0.88,-0.19,16,15
1772048558.397979,5896994,0.2,-0.16,-0.04,-161.69,-67.5,90.81,0.19,-0.13,-0.25,-0.06,0.0,0.07,15.19,69.12,74.87,-0.13,-0.06,0.13,15,15
1772048558.58845,5897185,0.12,-0.12,-0.02,-161.62,-67.56,90.81,0.19,0.0,0.19,-0.11,0.03,0.09,15.19,69.12,74.87,-0.06,0.25,0.13,16,15
1772048558.779628,5897376,0.2,-0.04,-0.05,-161.62,-67.5,90.75,1.06,0.0,-0.44,-0.1,0.04,0.07,15.25,69.12,74.87,-0.25,0.19,-0.13,15,15
1772048558.97026,5897567,0.16,-0.02,-0.05,-161.56,-67.5,90.69,-0.19,0.44,0.13,-0.07,0.0,0.15,15.25,69.12,74.87,-0.06,-0.88,-0.37,16,15
1772048559.16074,5897757,0.1,-0.05,-0.05,-161.56,-67.56,90.81,0.31,-0.5,0.13,-0.09,0.02,0.11,15.25,69.12,74.87,0.31,0.37,-0.06,18,15
1772048559.351786,5897948,0.16,-0.03,-0.05,-161.5,-67.56,90.75,-0.44,0.5,0.56,-0.07,0.01,0.12,15.19,69.12,74.87,-0.06,-0.13,-0.25,18,15
1772048559.542176,5898139,0.1,-0.09,-0.01,-161.5,-67.62,90.75,-0.5,0.0,0.06,-0.07,0.01,0.1,15.19,69.06,74.87,0.0,0.44,0.44,19,15
1772048559.733074,5898330,0.19,-0.12,-0.06,-161.56,-67.56,90.81,0.69,0.0,0.06,-0.1,-0.01,0.1,15.19,69.0,74.87,-0.19,0.13,0.25,16,15
1772048559.923533,5898520,0.13,-0.14,-0.07,-161.5,-67.56,90.81,-0.31,0.31,0.25,-0.09,0.0,0.16,15.19,69.0,74.87,0.25,-0.19,-0.19,17,16
1772048560.114392,5898711,0.2,-0.09,-0.11,-161.5,-67.5,90.69,0.81,0.06,-0.13,-0.11,0.05,0.1,15.19,69.19,74.87,-0.06,-0.56,-0.44,16,15
1772048560.304973,5898901,0.21,-0.03,-0.07,-161.44,-67.56,90.62,0.13,-0.13,0.13,-0.07,0.01,0.11,15.25,69.25,74.87,-0.13,-0.69,0.13,17,15
1772048560.495769,5899092,0.11,-0.1,-0.02,-161.5,-67.56,90.69,-0.06,-0.19,-0.06,-0.08,0.01,0.12,15.25,69.25,74.87,-0.13,0.06,0.13,16,15
1772048560.686497,5899283,0.16,-0.06,-0.1,-161.5,-67.56,90.69,-0.88,0.69,0.0,-0.1,0.02,0.08,15.31,69.25,74.87,-0.44,-0.5,-0.5,16,15
1772048560.876838,5899473,0.12,-0.15,-0.06,-161.5,-67.5,90.69,-0.94,0.19,0.19,-0.07,0.0,0.18,15.31,69.31,74.87,0.37,0.06,0.25,16,15
1772048561.067565,5899664,0.17,-0.11,-0.06,-161.5,-67.5,90.69,0.31,-0.5,0.13,-0.11,-0.01,0.14,15.31,69.25,74.87,0.19,0.44,0.56,14,15
1772048561.25826,5899855,0.13,-0.16,-0.04,-161.5,-67.56,90.69,-0.13,-0.37,0.5,-0.09,0.04,0.11,15.25,69.25,74.87,0.44,0.5,0.13,14,15
1772048561.448433,5900045,0.2,0.0,-0.08,-161.37,-67.5,90.5,0.75,0.37,-0.06,-0.12,0.06,0.1,15.25,69.19,74.87,0.13,0.56,0.0,13,14
1772048561.639917,5900236,0.1,-0.03,-0.07,-161.37,-67.5,90.5,0.13,-0.06,0.19,-0.1,-0.02,0.16,15.13,69.06,74.87,0.25,-0.19,-0.13,14,15
1772048561.830257,5900427,0.1,-0.12,-0.06,-161.44,-67.5,90.62,-0.13,0.19,0.0,-0.11,0.02,0.08,15.13,69.0,74.87,0.06,-0.75,-0.56,13,13
1772048562.021208,5900618,0.15,-0.01,-0.1,-161.44,-67.5,90.5,-0.5,0.25,0.0,-0.12,0.02,0.06,15.06,69.06,74.87,0.19,-0.62,-0.13,14,13
1772048562.211814,5900808,0.12,-0.12,-0.04,-161.44,-67.56,90.62,-0.56,-0.94,0.25,-0.07,0.0,0.08,15.06,69.06,74.94,-0.37,-0.62,0.13,13,13
1772048562.402322,5900999,0.12,-0.18,-0.09,-161.37,-67.56,90.56,1.19,0.44,-0.5,-0.07,0.0,0.06,15.0,69.06,74.94,-0.19,0.44,0.19,15,14
1772048562.593281,5901190,0.15,-0.1,-0.07,-161.62,-67.5,90.69,-0.19,0.0,0.37,-0.08,0.03,0.07,15.0,69.06,74.94,-0.13,0.5,0.06,14,14
1772048562.78389,5901380,0.17,-0.06,-0.07,-161.69,-67.5,90.69,0.0,0.25,-0.25,-0.06,0.0,0.05,15.06,69.12,74.94,0.0,-1.25,-0.19,14,14
1772048562.974771,5901571,0.13,0.0,-0.08,-161.75,-67.5,90.75,-0.94,0.94,-0.19,-0.07,-0.01,0.08,15.0,69.06,74.94,-0.13,0.88,0.25,15,14
1772048563.165145,5901762,0.12,-0.05,-0.01,-161.94,-67.44,90.81,-0.75,-0.56,0.25,-0.07,0.0,0.11,15.0,69.06,74.94,0.13,0.31,0.06,14,14
1772048563.355897,5901953,0.16,-0.03,-0.01,-161.94,-67.44,90.81,-0.56,0.25,0.25,-0.08,0.02,0.11,15.0,69.0,74.94,0.13,1.0,0.31,15,14
1772048563.546817,5902144,0.17,-0.13,-0.02,-162.0,-67.44,90.81,1.0,-0.75,-0.37,-0.11,0.01,0.12,15.0,69.0,74.94,0.06,0.94,0.37,14,14
1772048563.737453,5902334,0.18,0.01,-0.06,-161.94,-67.37,90.75,0.31,0.56,0.0,-0.1,0.02,0.07,15.0,69.06,74.94,-0.06,-1.0,-0.5,16,15
1772048563.92837,5902525,0.13,-0.03,-0.05,-162.0,-67.37,90.81,0.62,0.0,-0.13,-0.09,0.02,0.11,15.06,69.12,74.94,0.0,-0.81,-0.56,16,15
1772048564.118905,5902716,0.15,0.03,-0.06,-161.94,-67.37,90.75,-0.69,0.13,-0.13,-0.02,0.0,0.15,15.13,69.19,74.94,-0.31,-0.37,-0.31,17,15
1772048564.309531,5902906,0.06,-0.12,0.01,-162.0,-67.37,90.87,-0.25,0.06,0.25,-0.06,0.0,0.07,15.13,69.19,74.94,-0.06,0.13,0.37,16,15
1772048564.500201,5903097,0.21,-0.11,-0.06,-162.0,-67.37,90.81,0.31,0.25,0.31,-0.07,0.01,0.11,15.13,69.19,74.94,0.06,0.06,0.19,17,15
1772048564.691009,5903288,0.13,-0.05,-0.01,-161.94,-67.5,90.81,0.0,-0.88,0.5,-0.09,0.03,0.11,15.13,69.19,74.94,0.13,0.13,0.06,16,15
1772048564.882188,5903479,0.14,-0.05,-0.07,-161.94,-67.5,90.81,0.19,-0.06,0.06,-0.1,0.09,0.03,15.13,69.19,74.94,0.25,-0.94,-0.25,16,15
1772048565.072646,5903669,0.14,0.05,-0.06,-161.87,-67.44,90.75,-0.81,0.25,0.13,-0.09,-0.01,0.17,15.06,69.12,74.94,-0.13,1.31,0.5,17,15
1772048565.263616,5903860,0.16,-0.07,-0.02,-161.94,-67.5,90.81,-0.19,-0.94,-0.13,-0.08,0.0,0.11,15.06,69.06,74.94,0.06,-0.19,0.06,15,15
1772048565.454228,5904051,0.15,-0.08,-0.03,-161.94,-67.44,90.81,-0.31,0.88,0.0,-0.1,0.01,0.11,15.06,69.06,74.94,0.13,-0.44,-0.25,17,15
1772048565.645088,5904242,0.16,-0.13,-0.08,-162.0,-67.37,90.81,0.88,-0.13,-0.37,-0.1,0.03,0.13,15.13,69.19,74.94,-0.06,-0.56,-0.25,15,14
1772048565.835972,5904432,0.14,0.05,-0.04,-162.0,-67.44,90.81,-0.13,-0.69,-0.06,-0.08,0.02,0.06,15.19,69.25,74.87,-0.37,-0.62,-0.25,15,14
1772048566.026593,5904623,0.12,-0.1,-0.02,-162.0,-67.44,90.87,-0.13,0.06,-0.44,-0.06,0.01,0.07,15.19,69.25,74.87,-0.06,0.25,0.06,15,14
1772048566.21719,5904814,0.17,0.0,-0.05,-162.0,-67.44,90.75,-0.56,0.69,0.13,-0.09,0.05,0.1,15.19,69.25,74.87,-0.37,-1.06,-0.37,16,14
1772048566.408001,5905005,0.13,-0.11,-0.04,-162.0,-67.44,90.81,-0.69,-1.06,0.62,-0.06,-0.01,0.13,15.19,69.31,74.87,0.44,0.56,0.13,15,14
1772048566.59846,5905195,0.18,-0.09,-0.07,-161.81,-67.5,90.75,0.19,0.19,-0.19,-0.07,0.02,0.14,15.19,69.31,74.87,0.06,0.56,0.31,16,14
1772048566.789296,5905386,0.11,-0.02,-0.02,-161.75,-67.5,90.75,-0.62,0.06,0.62,-0.08,0.03,0.13,15.13,69.25,74.87,0.19,0.62,0.0,16,14
1772048566.979849,5905577,0.14,-0.02,-0.08,-161.81,-67.44,90.69,0.06,0.19,-0.13,-0.08,0.03,0.06,15.13,69.19,74.87,0.31,0.44,0.25,15,14
1772048567.170739,5905767,0.11,0.01,-0.04,-161.75,-67.5,90.62,-0.62,0.19,0.13,-0.1,-0.01,0.17,15.13,69.19,74.94,-0.13,0.19,0.19,16,14
1772048567.361889,5905958,0.18,-0.08,-0.04,-161.87,-67.37,90.69,-0.44,-0.25,0.0,-0.1,0.01,0.14,15.19,69.25,74.87,-0.06,-0.94,-0.37,15,14
1772048567.55255,5906149,0.15,-0.08,-0.02,-161.87,-67.44,90.69,-0.44,-0.06,0.25,-0.02,0.03,0.19,15.19,69.31,74.87,0.0,-0.62,-0.19,17,15
1772048567.743279,5906340,0.14,-0.11,0.0,-161.87,-67.5,90.69,0.44,-1.06,-0.13,-0.11,0.05,0.14,15.25,69.37,74.87,-0.37,-0.19,0.25,15,14
1772048567.93403,5906530,0.17,-0.06,-0.06,-161.87,-67.37,90.69,1.25,0.75,-0.13,-0.1,0.04,0.1,15.25,69.37,74.87,-0.31,0.0,-0.25,15,15
1772048568.124753,5906721,0.15,-0.03,-0.02,-161.94,-67.37,90.69,-0.13,-0.5,0.25,-0.09,0.03,0.11,15.25,69.37,74.87,0.13,-0.31,-0.13,14,15
1772048568.315159,5906912,0.19,0.0,0.0,-161.87,-67.37,90.56,-0.06,-0.19,0.0,-0.06,0.0,0.16,15.25,69.37,74.87,0.13,-0.19,-0.13,15,15
1772048568.505769,5907103,0.12,-0.08,0.0,-161.87,-67.37,90.62,-1.06,0.13,0.44,-0.11,0.02,0.11,15.25,69.37,74.87,0.06,0.81,0.19,14,15
1772048568.696789,5907294,0.14,-0.03,-0.04,-161.81,-67.37,90.56,0.06,-0.37,0.25,-0.09,0.02,0.12,15.19,69.31,74.87,0.13,0.56,0.13,14,15
1772048568.887212,5907484,0.14,-0.04,-0.03,-161.81,-67.37,90.56,-0.13,0.0,0.44,-0.09,0.02,0.15,15.19,69.25,74.87,0.13,0.37,0.25,14,15
1772048569.077977,5907675,0.17,-0.12,-0.02,-161.87,-67.37,90.56,1.19,0.0,-0.31,-0.11,0.03,0.16,15.06,69.19,74.87,0.06,-0.13,0.25,14,15
1772048569.268629,5907866,0.16,0.04,-0.03,-161.81,-67.31,90.5,0.31,0.44,0.19,-0.07,0.03,0.12,15.06,69.19,74.94,0.0,-1.12,-0.56,15,15
1772048569.459757,5908056,0.15,-0.03,-0.02,-161.87,-67.31,90.56,0.0,-0.62,0.06,-0.1,0.04,0.09,15.06,69.25,74.87,-0.13,-0.19,-0.19,14,15
1772048569.650489,5908247,0.18,0.0,-0.01,-161.81,-67.37,90.5,-0.44,0.88,-0.56,-0.06,0.0,0.1,15.0,69.19,74.87,-0.13,-0.31,0.06,15,15
1772048569.840888,5908438,0.15,-0.02,-0.02,-161.81,-67.37,90.56,-1.19,0.56,0.13,-0.1,0.0,0.09,14.94,69.19,74.94,-0.31,0.0,0.13,14,15
1772048570.032022,5908629,0.18,-0.1,-0.04,-161.94,-67.31,90.62,-0.31,-0.37,-0.19,-0.06,0.01,0.09,14.94,69.12,74.94,0.19,-0.31,0.13,15,15
1772048570.222584,5908819,0.13,-0.05,0.0,-161.87,-67.31,90.62,-0.56,-0.31,0.25,-0.06,-0.01,0.12,14.94,69.12,74.94,0.19,-0.13,0.06,14,15
1772048570.413201,5909010,0.16,-0.15,-0.02,-161.94,-67.31,90.62,1.12,-0.5,0.06,-0.11,0.01,0.08,14.94,69.12,74.94,0.31,0.81,0.37,14,15
1772048570.60437,5909201,0.15,0.03,-0.06,-161.75,-67.31,90.5,0.56,0.69,0.13,-0.07,0.05,0.11,14.88,69.06,74.94,-0.06,-0.06,-0.06,15,15
1772048570.794813,5909392,0.14,-0.02,-0.03,-161.81,-67.31,90.56,0.0,-0.44,0.13,-0.09,0.0,0.1,14.88,69.06,74.94,0.19,0.44,0.06,14,15
1772048570.985969,5909582,0.2,-0.04,-0.01,-161.81,-67.31,90.5,0.06,0.56,-0.06,-0.05,0.0,0.12,14.81,69.06,74.94,-0.06,-0.69,-0.31,15,15
1772048571.176772,5909773,0.16,-0.02,-0.04,-161.81,-67.25,90.44,-1.19,0.0,0.19,-0.1,0.01,0.1,14.88,69.12,74.94,-0.19,-0.5,-0.25,14,15
1772048571.367417,5909964,0.17,-0.09,-0.05,-161.81,-67.25,90.5,0.19,-0.5,-0.31,-0.07,0.01,0.14,14.94,69.19,74.94,0.06,-0.44,-0.06,14,15
1772048571.558369,5910155,0.1,-0.06,-0.02,-161.75,-67.37,90.5,-0.44,-0.31,0.25,-0.07,-0.02,0.15,14.94,69.19,74.94,-0.13,-0.13,0.06,13,14
1772048571.748914,5910346,0.15,-0.14,-0.01,-161.75,-67.31,90.44,1.37,-0.25,-0.5,-0.08,0.05,0.11,14.94,69.25,74.94,-0.06,0.56,0.19,15,15
1772048571.939639,5910536,0.14,0.02,-0.05,-161.75,-67.31,90.37,0.75,0.56,-0.13,-0.07,0.04,0.09,14.94,69.25,74.94,-0.25,-0.13,-0.19,14,14
1772048572.130561,5910727,0.13,-0.05,-0.04,-161.75,-67.37,90.5,-0.06,-0.62,0.19,-0.07,0.02,0.09,14.94,69.25,74.94,0.19,-0.13,-0.13,13,14
1772048572.321134,5910918,0.16,0.02,0.0,-161.69,-67.31,90.44,0.13,0.5,0.19,-0.05,0.0,0.11,14.94,69.19,74.94,0.06,-0.19,-0.44,13,14
1772048572.51242,5911109,0.1,-0.07,-0.01,-161.69,-67.37,90.44,-1.19,0.06,0.25,-0.07,0.02,0.12,14.88,69.19,74.94,0.31,0.88,0.5,13,14
1772048572.703565,5911300,0.19,-0.06,-0.03,-161.69,-67.31,90.37,0.19,0.25,-0.19,-0.08,0.0,0.1,14.88,69.06,74.94,0.0,0.44,0.44,14,14
1772048572.89418,5911491,0.15,-0.06,-0.04,-161.69,-67.37,90.37,-0.25,0.19,0.37,-0.08,0.04,0.14,14.81,69.06,74.94,0.31,0.25,0.19,13,14
1772048573.084465,5911681,0.19,-0.04,-0.05,-161.69,-67.31,90.37,0.75,0.5,-0.19,-0.12,0.04,0.1,14.81,69.12,74.94,0.31,0.0,0.0,14,14
1772048573.275855,5911873,0.18,-0.03,-0.04,-161.69,-67.31,90.31,0.25,0.62,0.13,-0.08,0.03,0.11,14.88,69.19,74.94,0.06,-1.0,-0.37,13,14
1772048573.467368,5912064,0.13,-0.1,-0.05,-161.75,-67.31,90.37,0.06,-0.88,-0.06,-0.08,0.03,0.11,14.94,69.25,74.94,0.06,-0.25,-0.13,15,14
1772048573.659123,5912256,0.12,-0.01,0.0,-161.69,-67.37,90.37,-0.69,0.56,0.31,-0.07,0.01,0.09,14.94,69.25,74.94,-0.44,-0.88,-0.31,14,14
1772048573.852879,5912450,0.12,-0.11,-0.03,-161.75,-67.31,90.44,-0.13,-0.56,0.31,-0.07,0.02,0.11,14.94,69.31,74.94,0.06,0.13,0.44,14,14
1772048574.046371,5912643,0.22,-0.12,-0.05,-161.75,-67.31,90.44,0.13,-0.19,0.0,-0.08,0.01,0.1,14.94,69.25,74.94,-0.06,-0.13,0.25,15,14
1772048574.237961,5912835,0.1,-0.09,0.0,-161.69,-67.37,90.44,-0.13,-0.13,0.13,-0.07,0.03,0.09,14.94,69.25,74.94,0.19,0.06,-0.06,15,14
1772048574.429381,5913026,0.18,0.0,-0.07,-161.62,-67.37,90.37,0.13,-0.19,0.13,-0.06,0.05,0.07,14.94,69.31,74.94,0.31,0.19,-0.13,15,15
1772048574.620874,5913218,0.12,-0.01,-0.08,-161.56,-67.37,90.31,-0.62,-0.25,0.06,-0.08,0.0,0.13,14.88,69.19,74.94,0.31,0.5,0.13,15,15
1772048574.812274,5913409,0.13,-0.01,0.0,-161.56,-67.44,90.31,-0.06,-0.56,0.06,-0.09,0.02,0.11,14.88,69.19,74.94,0.06,0.25,-0.06,15,14
1772048575.003844,5913601,0.13,-0.02,-0.04,-161.56,-67.44,90.31,-0.69,0.37,0.13,-0.14,0.01,0.05,14.88,69.19,74.94,0.0,-0.69,-0.37,15,15
1772048575.193435,5913790,0.16,-0.08,-0.01,-161.56,-67.44,90.31,-0.81,-0.81,0.25,-0.1,0.0,0.13,14.88,69.19,74.94,0.0,-0.19,0.0,15,15
1772048575.385599,5913982,0.15,-0.11,-0.06,-161.56,-67.37,90.25,0.81,0.81,-0.5,-0.09,0.04,0.12,14.94,69.25,74.94,-0.19,-0.56,-0.06,15,15
1772048575.577561,5914174,0.15,-0.08,-0.06,-161.56,-67.37,90.25,0.19,-0.75,0.13,-0.08,0.04,0.14,14.94,69.31,74.94,-0.13,-0.31,-0.13,14,15
1772048575.770623,5914367,0.13,-0.01,-0.05,-161.5,-67.37,90.19,-0.13,0.06,0.13,-0.08,0.05,0.11,15.0,69.37,74.94,0.13,-0.31,-0.13,14,15
1772048575.963843,5914561,0.17,-0.01,-0.05,-161.5,-67.37,90.19,-0.81,0.19,-0.31,-0.12,0.0,0.11,15.0,69.37,74.94,-0.44,0.13,0.13,15,15
1772048576.155596,5914752,0.18,-0.05,-0.02,-161.56,-67.37,90.25,-0.37,-0.25,0.0,-0.08,0.01,0.12,15.0,69.37,74.94,0.0,-0.13,0.06,14,15
1772048576.346724,5914944,0.11,-0.05,-0.04,-161.56,-67.37,90.19,-0.88,0.06,0.06,-0.06,0.05,0.13,15.0,69.37,74.94,-0.31,-1.12,-0.44,15,15
1772048576.538042,5915135,0.15,-0.06,0.0,-161.62,-67.37,90.31,0.62,0.13,0.69,-0.09,0.08,0.06,14.75,69.44,75.06,-0.75,-0.69,-0.44,14,15
1772048576.730069,5915327,0.17,-0.1,-0.1,-161.69,-67.31,90.25,1.75,1.06,-0.19,-0.09,0.08,0.02,14.63,69.44,75.12,-0.25,0.31,-0.25,15,15
1772048576.922332,5915519,0.03,-0.06,0.0,-161.75,-67.37,90.37,-1.19,-0.62,-0.31,-0.11,0.01,0.18,14.81,69.31,75.0,-0.19,0.94,0.19,14,15
1772048577.114274,5915711,0.18,0.01,-0.08,-161.69,-67.25,90.25,0.0,0.81,-0.88,-0.09,0.08,0.0,14.69,69.19,75.0,0.19,-0.94,0.06,15,15
1772048577.306783,5915903,0.09,-0.05,-0.04,-161.81,-67.31,90.44,-0.25,-1.06,-0.19,-0.06,-0.04,0.17,14.63,69.12,75.0,-0.5,0.5,0.31,14,15
1772048577.498894,5916096,0.13,-0.09,-0.04,-161.81,-67.31,90.44,-0.69,-0.31,0.0,-0.08,0.01,0.1,14.63,69.12,75.0,-0.5,-1.0,-0.56,14,15
1772048577.688275,5916285,0.11,-0.01,-0.04,-161.75,-67.31,90.37,-0.81,-0.06,0.44,-0.08,0.05,0.1,14.56,69.12,75.0,-0.19,-0.81,-0.5,15,15
1772048577.880389,5916477,0.18,-0.08,-0.05,-161.81,-67.25,90.37,0.0,-0.62,0.44,-0.08,0.05,0.09,14.5,69.19,75.06,-0.13,-0.06,0.06,14,15
1772048578.072497,5916669,0.11,-0.13,-0.04,-161.81,-67.31,90.37,1.19,0.19,-0.5,-0.09,0.03,0.01,14.5,69.19,75.06,-0.56,0.13,-0.06,15,15
1772048578.264514,5916862,0.14,-0.08,-0.01,-161.81,-67.31,90.44,-0.44,-0.37,0.06,-0.09,0.03,0.05,14.5,69.19,75.06,-0.19,0.31,0.06,14,15
1772048578.455349,5917052,0.13,-0.04,-0.06,-161.81,-67.25,90.37,0.0,0.37,0.13,-0.05,0.04,0.05,14.5,69.19,75.06,0.44,-0.5,-0.37,14,15
1772048578.647848,5917245,0.11,0.01,-0.03,-161.75,-67.31,90.37,-0.62,-0.37,0.13,-0.1,-0.03,0.11,14.5,69.19,75.0,-0.31,0.31,0.19,14,15
1772048578.83953,5917436,0.14,-0.08,-0.03,-161.81,-67.31,90.44,-0.75,-0.25,0.19,-0.06,0.0,0.06,14.5,69.12,75.0,0.19,0.19,0.06,14,15
1772048579.031287,5917629,0.14,-0.04,-0.02,-161.69,-67.31,90.37,-0.56,0.5,0.25,-0.09,0.02,0.1,14.44,69.06,75.0,0.0,0.5,0.31,14,15
1772048579.223565,5917821,0.14,-0.07,0.01,-161.75,-67.31,90.37,-0.06,-1.37,0.19,-0.09,0.0,0.13,14.44,69.06,75.0,-0.37,0.31,0.31,14,15
1772048579.415562,5918013,0.13,-0.12,-0.04,-161.81,-67.31,90.44,0.62,0.37,-0.94,-0.09,0.02,0.05,14.44,69.06,75.0,0.37,-0.69,-0.19,15,15
1772048579.606946,5918204,0.15,-0.04,-0.05,-161.87,-67.31,90.44,0.31,0.25,0.62,-0.07,0.08,0.08,14.38,69.12,75.06,0.0,-0.19,-0.62,14,15
1772048579.797957,5918395,0.16,0.06,-0.07,-161.62,-67.25,90.19,-1.06,0.44,0.06,-0.07,0.03,0.02,14.38,69.19,75.06,-0.13,-1.5,-0.25,14,15
1772048579.990838,5918588,0.1,-0.07,-0.05,-161.75,-67.37,90.37,-0.69,0.13,-0.56,-0.06,-0.02,0.09,14.38,69.19,75.06,-0.5,-0.06,0.19,14,15
1772048580.183286,5918780,0.18,-0.09,-0.06,-161.87,-67.25,90.37,-0.25,-0.25,0.25,-0.07,0.02,0.1,14.38,69.25,75.06,0.06,0.06,-0.13,14,15
1772048580.374874,5918972,0.11,-0.05,-0.02,-161.81,-67.31,90.31,-0.56,-0.19,0.37,-0.09,0.02,0.01,14.44,69.25,75.06,0.31,0.0,0.13,14,15
1772048580.565399,5919162,0.14,-0.08,0.0,-161.81,-67.31,90.37,-0.25,-0.81,0.44,-0.08,0.03,0.11,14.44,69.25,75.06,0.13,-0.13,0.25,14,15
1772048580.756881,5919354,0.18,-0.1,-0.08,-161.75,-67.31,90.31,0.81,0.19,-0.13,-0.1,0.04,0.08,14.38,69.19,75.06,0.19,0.75,0.37,14,15
1772048580.947452,5919545,0.14,-0.03,-0.05,-161.75,-67.37,90.37,0.13,0.06,0.25,-0.08,0.01,0.1,14.38,69.19,75.06,0.13,0.13,0.06,14,15
1772048581.138091,5919735,0.17,0.0,-0.08,-161.75,-67.37,90.37,0.44,0.44,0.25,-0.09,0.04,0.07,14.38,69.19,75.06,0.25,0.88,0.25,14,15
1772048581.32918,5919926,0.12,-0.02,-0.02,-161.75,-67.37,90.37,-0.31,0.44,-0.13,-0.09,-0.01,0.14,14.38,69.12,75.06,0.0,-0.31,0.13,13,15
1772048581.520053,5920117,0.14,-0.08,-0.02,-161.81,-67.31,90.44,-0.5,-0.81,0.13,-0.07,0.01,0.08,14.38,69.19,75.06,0.0,-0.88,-0.37,14,14
1772048581.710789,5920308,0.13,-0.03,-0.04,-161.81,-67.31,90.44,-0.69,0.19,0.5,-0.11,0.04,0.04,14.38,69.25,75.06,0.13,-1.0,-0.25,13,14
1772048581.901349,5920498,0.15,-0.07,-0.03,-161.81,-67.31,90.37,0.0,-0.88,0.25,-0.06,0.04,0.1,14.44,69.31,75.06,-0.13,-0.06,0.19,14,14
1772048582.09205,5920689,0.21,-0.11,-0.09,-161.81,-67.31,90.37,1.0,0.5,-0.37,-0.09,0.01,0.07,14.44,69.31,75.06,-0.19,0.25,0.13,15,14
1772048582.282974,5920880,0.14,-0.04,-0.06,-161.75,-67.37,90.37,-0.19,-0.5,0.25,-0.1,0.04,0.07,14.44,69.31,75.06,-0.13,0.06,-0.13,14,14
1772048582.473267,5921070,0.16,0.0,-0.07,-161.69,-67.37,90.31,-0.19,0.13,0.0,-0.06,0.02,0.04,14.44,69.37,75.06,0.13,-1.12,-0.44,15,14
1772048582.664318,5921261,0.1,0.03,-0.03,-161.69,-67.37,90.31,-0.75,0.31,-0.37,-0.1,0.0,0.1,14.44,69.37,75.06,-0.06,0.31,0.19,14,14
1772048582.854962,5921452,0.15,-0.05,-0.06,-161.75,-67.37,90.37,-0.62,-0.56,0.31,-0.08,0.04,0.1,14.44,69.31,75.06,-0.06,0.13,0.0,15,14
1772048583.045365,5921643,0.15,-0.03,-0.03,-161.75,-67.37,90.37,-0.37,0.44,0.13,-0.09,0.0,0.17,14.44,69.31,75.06,0.0,0.44,0.25,14,14
1772048583.236317,5921833,0.16,-0.11,-0.03,-161.81,-67.31,90.37,0.69,-0.75,0.19,-0.13,0.01,0.12,14.38,69.31,75.06,-0.13,-0.13,0.25,15,14
1772048583.426835,5922024,0.16,0.0,-0.04,-161.75,-67.37,90.31,0.5,0.44,-0.31,-0.09,0.02,0.09,14.44,69.31,75.06,0.06,-0.25,-0.25,15,15
1772048583.617919,5922215,0.14,-0.03,-0.02,-161.81,-67.31,90.37,-0.56,-0.13,0.19,-0.08,0.01,0.13,14.44,69.37,75.06,0.0,-0.81,-0.5,14,15
1772048583.808882,5922406,0.16,0.0,-0.05,-161.81,-67.31,90.37,-0.44,0.56,-0.06,-0.07,0.03,0.11,14.44,69.44,75.06,-0.37,-1.69,-0.62,14,15
1772048583.999148,5922596,0.1,-0.04,-0.04,-161.81,-67.37,90.44,-0.5,0.0,0.0,-0.07,0.02,0.09,14.5,69.44,75.06,0.06,0.31,0.31,14,15
1772048584.189924,5922787,0.18,-0.05,-0.02,-161.81,-67.37,90.44,0.13,0.19,-0.13,-0.08,0.01,0.12,14.5,69.44,75.06,0.06,0.06,0.31,14,15
1772048584.380738,5922978,0.14,-0.06,-0.02,-161.81,-67.37,90.44,-0.19,-0.06,0.19,-0.08,0.02,0.15,14.5,69.44,75.06,0.06,0.37,0.0,13,15
1772048584.571697,5923169,0.18,0.05,-0.08,-161.75,-67.31,90.31,0.44,-0.13,-0.25,-0.07,0.03,0.14,14.5,69.5,75.06,0.06,0.19,-0.13,14,15
1772048584.762333,5923360,0.08,0.02,-0.02,-161.75,-67.37,90.31,0.13,-0.19,0.31,-0.09,-0.03,0.13,14.5,69.5,75.06,0.44,0.31,0.31,13,14
1772048584.952947,5923550,0.13,-0.04,-0.03,-161.75,-67.37,90.37,-0.37,-0.56,0.13,-0.08,0.03,0.16,14.5,69.44,75.06,0.13,0.44,0.0,14,15
1772048585.143663,5923741,0.15,0.01,-0.04,-161.75,-67.31,90.37,-0.56,0.88,0.31,-0.13,0.04,0.09,14.44,69.44,75.06,0.06,-0.31,0.13,13,14
1772048585.334824,5923932,0.14,-0.05,-0.02,-161.81,-67.31,90.44,-0.62,-1.25,0.44,-0.1,0.01,0.12,14.44,69.37,75.06,0.0,-0.31,0.06,14,15
1772048585.52526,5924122,0.16,-0.09,-0.05,-161.81,-67.31,90.37,0.56,0.75,-0.44,-0.09,0.01,0.13,14.38,69.25,75.06,0.0,0.37,0.25,14,15
1772048585.71642,5924313,0.14,-0.04,-0.04,-161.81,-67.31,90.37,-0.31,0.06,0.31,-0.08,0.03,0.13,14.31,69.19,75.06,0.13,-0.56,-0.31,14,15
1772048585.906992,5924504,0.13,-0.01,-0.08,-161.81,-67.25,90.31,0.25,0.06,0.13,-0.04,0.03,0.04,14.31,69.31,75.06,0.25,-0.5,-0.25,14,15
1772048586.097795,5924695,0.15,0.01,-0.02,-161.75,-67.31,90.31,-0.81,-0.13,-0.19,-0.07,-0.02,0.11,14.25,69.25,75.06,-0.37,0.19,0.25,14,15
1772048586.288039,5924885,0.15,-0.06,-0.04,-161.75,-67.31,90.31,-0.19,-0.19,0.0,-0.07,0.01,0.08,14.25,69.19,75.12,0.13,0.06,0.13,14,15
1772048586.479173,5925076,0.13,-0.04,-0.02,-161.75,-67.31,90.31,-0.81,0.13,0.31,-0.06,0.05,0.11,14.19,69.19,75.12,-0.25,-0.56,-0.13,13,15
1772048586.669797,5925267,0.19,-0.09,-0.03,-161.81,-67.31,90.31,0.44,-0.44,0.44,-0.07,0.01,0.1,14.25,69.25,75.12,0.19,0.13,0.19,15,15
1772048586.860576,5925458,0.15,-0.06,-0.07,-161.69,-67.31,90.19,1.19,0.44,-0.19,-0.08,0.05,0.01,14.25,69.25,75.12,-0.06,-0.25,-0.13,14,15
1772048587.051137,5925648,0.12,-0.03,-0.01,-161.75,-67.25,90.25,-0.37,-0.19,0.31,-0.07,0.03,0.09,14.25,69.19,75.06,0.13,0.5,0.13,15,15
1772048587.241847,5925839,0.15,0.0,-0.05,-161.75,-67.19,90.19,0.19,0.69,-0.06,-0.12,0.06,0.02,14.25,69.19,75.06,0.06,-0.37,0.0,14,15
1772048587.432758,5926030,0.1,0.05,-0.04,-161.75,-67.19,90.25,-0.62,0.19,-0.06,-0.05,-0.05,0.17,14.19,69.12,75.12,-0.31,0.75,0.25,15,15
1772048587.623608,5926221,0.15,-0.05,-0.02,-161.81,-67.19,90.31,-0.06,-0.62,-0.06,-0.07,0.0,0.11,14.19,69.12,75.12,0.0,-0.13,0.0,14,15
1772048587.814332,5926411,0.14,-0.02,-0.03,-161.81,-67.19,90.25,-1.0,0.37,0.13,-0.13,0.01,0.04,14.19,69.19,75.06,0.31,-1.12,-0.31,15,15
1772048588.005069,5926602,0.16,-0.08,0.01,-161.81,-67.19,90.25,-0.06,-0.88,0.19,-0.05,0.03,0.09,14.25,69.25,75.12,-0.06,-0.75,0.06,15,15
1772048588.195392,5926793,0.15,-0.08,0.0,-161.75,-67.25,90.25,1.25,0.19,-0.44,-0.07,0.03,0.06,14.25,69.31,75.12,0.0,0.25,0.31,14,15
1772048588.386266,5926984,0.13,-0.04,0.0,-161.75,-67.25,90.31,0.13,0.0,0.13,-0.09,0.02,0.1,14.25,69.31,75.12,-0.06,0.31,0.0,15,15
1772048588.577219,5927175,0.18,0.09,-0.04,-161.69,-67.25,90.19,-0.25,0.31,0.19,-0.08,0.05,0.11,14.25,69.37,75.12,0.0,0.13,-0.37,14,15
1772048588.767748,5927365,0.06,0.02,0.0,-161.62,-67.25,90.12,-0.56,-0.69,0.0,-0.07,0.0,0.14,14.25,69.31,75.12,0.44,0.25,0.06,14,15
1772048588.9584,5927556,0.15,-0.02,0.0,-161.69,-67.25,90.19,-0.06,-0.62,0.06,-0.05,0.02,0.08,14.25,69.31,75.12,0.19,0.69,0.06,15,14
1772048589.149285,5927747,0.15,0.02,0.01,-161.69,-67.25,90.12,-0.31,1.0,0.13,-0.06,0.01,0.17,14.25,69.25,75.12,-0.13,0.19,-0.25,16,14
1772048589.340071,5927937,0.15,-0.04,-0.01,-161.75,-67.19,90.19,0.13,-0.19,0.31,-0.09,0.02,0.11,14.25,69.25,75.12,0.0,0.5,0.19,15,14
1772048589.530879,5928128,0.19,-0.07,-0.02,-162.06,-67.12,90.44,1.75,0.56,-0.75,-0.09,0.0,0.1,14.25,69.25,75.12,-0.25,0.06,0.25,16,15
1772048589.721964,5928319,0.14,-0.07,-0.01,-162.12,-67.12,90.5,-0.75,-0.06,0.5,-0.1,-0.01,0.13,14.25,69.25,75.12,0.13,-0.69,-0.5,16,15
1772048589.912365,5928510,0.21,-0.04,-0.03,-162.12,-67.06,90.37,0.5,-0.56,0.0,-0.1,0.07,0.11,14.19,69.37,75.19,-0.13,-0.19,-0.13,16,15
1772048590.102958,5928700,0.13,0.1,0.03,-161.81,-67.12,90.19,0.25,-0.25,-0.25,-0.07,0.0,0.1,14.19,69.37,75.19,-0.5,-0.19,-0.06,17,15
1772048590.293769,5928891,0.11,-0.04,0.01,-162.0,-67.12,90.31,0.19,-0.13,-0.25,-0.08,0.01,0.09,14.19,69.37,75.19,0.0,0.0,-0.06,16,15
1772048590.48472,5929082,0.16,0.0,-0.03,-161.94,-67.06,90.25,-0.62,0.5,0.06,-0.03,-0.05,0.11,14.19,69.37,75.19,0.13,-1.12,-0.44,17,15
1772048590.675263,5929273,0.09,0.03,0.0,-161.81,-67.12,90.19,-1.12,0.06,0.0,-0.07,-0.01,0.11,14.19,69.44,75.19,-0.25,0.75,0.56,16,15
1772048590.866083,5929463,0.12,-0.09,0.01,-161.87,-67.12,90.31,0.31,-0.37,0.0,-0.08,-0.01,0.11,14.19,69.37,75.19,0.06,0.5,0.19,15,15
1772048591.056985,5929654,0.1,-0.03,0.0,-161.87,-67.12,90.31,-0.19,0.31,0.31,-0.14,0.02,0.07,14.19,69.31,75.19,-0.13,-0.69,-0.13,14,15
1772048591.247426,5929845,0.15,-0.05,0.01,-161.94,-67.12,90.37,0.06,-0.81,0.31,-0.09,0.0,0.15,14.13,69.31,75.19,0.06,-0.06,0.31,15,15
1772048591.438712,5930036,0.16,-0.08,-0.04,-162.0,-67.06,90.37,0.94,1.0,-0.75,-0.09,0.04,0.07,14.19,69.31,75.19,-0.31,-0.62,0.0,13,15
1772048591.629314,5930227,0.14,-0.02,-0.02,-162.0,-67.06,90.31,0.31,-0.19,0.19,-0.1,0.04,0.1,14.25,69.44,75.19,0.25,-0.37,-0.31,14,15
1772048591.819895,5930417,0.18,0.03,-0.01,-161.94,-67.06,90.25,0.0,0.19,0.13,-0.1,0.04,0.04,14.25,69.5,75.19,0.0,-0.37,-0.44,14,15
1772048592.010876,5930608,0.07,0.01,0.03,-161.87,-67.12,90.19,-0.56,0.13,-0.25,-0.08,-0.01,0.13,14.25,69.5,75.19,-0.19,-0.19,0.0,13,15
1772048592.201811,5930799,0.13,-0.03,0.01,-161.94,-67.06,90.25,-0.44,-0.37,-0.19,-0.09,-0.01,0.08,14.25,69.5,75.19,0.06,-0.06,0.0,16,14
1772048592.392412,5930990,0.13,0.01,0.0,-161.94,-67.06,90.19,-1.0,0.62,0.13,-0.07,0.0,0.1,14.25,69.5,75.19,-0.19,-0.62,-0.31,16,14
1772048592.583355,5931181,0.1,-0.09,0.01,-161.87,-67.06,90.25,-0.56,-0.44,0.25,-0.06,0.01,0.13,14.25,69.5,75.19,0.13,0.31,0.31,17,14
1772048592.774275,5931372,0.17,-0.06,-0.01,-161.87,-67.06,90.12,0.0,-0.06,0.13,-0.1,0.02,0.12,14.25,69.5,75.19,0.06,0.44,0.44,16,14
1772048592.964827,5931562,0.13,-0.04,0.01,-161.81,-67.06,90.12,0.06,-0.06,-0.06,-0.11,0.0,0.16,14.25,69.44,75.19,0.37,0.5,0.25,17,14
1772048593.155523,5931753,0.18,-0.06,-0.02,-161.87,-67.0,90.19,0.88,0.56,0.37,-0.13,0.05,0.1,14.25,69.5,75.19,0.13,0.44,-0.06,15,14
1772048593.346837,5931944,0.14,0.01,0.0,-161.81,-67.06,90.06,0.31,0.44,0.06,-0.09,0.01,0.14,14.19,69.37,75.19,-0.06,-0.88,-0.31,17,14
1772048593.538666,5932136,0.12,-0.05,-0.01,-161.87,-67.06,90.12,0.0,-0.13,-0.19,-0.07,0.0,0.1,14.19,69.37,75.19,-0.13,-0.37,-0.44,16,13
1772048593.730081,5932327,0.16,-0.01,0.0,-161.87,-67.06,90.12,-0.5,0.88,-0.06,-0.07,0.01,0.06,14.13,69.37,75.19,-0.44,-1.19,-0.56,17,14
1772048593.922993,5932520,0.09,-0.1,0.03,-161.87,-67.06,90.19,-0.62,-0.31,0.13,-0.05,0.0,0.12,14.13,69.37,75.19,0.06,-0.06,0.37,18,14
1772048594.115842,5932713,0.2,-0.08,-0.01,-161.87,-67.06,90.12,0.56,0.25,-0.19,-0.08,0.01,0.12,14.06,69.31,75.19,-0.19,0.06,0.37,14,14
1772048594.306426,5932904,0.15,-0.1,0.03,-161.87,-67.06,90.12,0.0,-0.37,0.37,-0.09,0.01,0.09,14.06,69.25,75.19,0.25,-0.06,-0.19,15,14
1772048594.499943,5933097,0.14,-0.02,-0.02,-161.81,-67.06,90.06,1.0,-0.81,-0.06,-0.09,0.03,0.03,14.06,69.31,75.19,0.37,0.81,0.13,14,14
1772048594.691453,5933289,0.16,0.0,-0.02,-161.75,-67.12,90.06,-0.13,0.19,0.56,-0.07,-0.01,0.07,14.0,69.25,75.19,0.25,-0.19,-0.06,15,14
1772048594.882941,5933480,0.13,-0.04,-0.03,-161.75,-67.12,90.06,0.25,-0.13,0.0,-0.07,0.02,0.08,14.0,69.19,75.19,0.19,0.44,0.25,16,14
1772048595.074183,5933672,0.13,0.02,0.0,-161.75,-67.12,90.06,-0.44,0.19,0.13,-0.07,0.02,0.13,14.0,69.19,75.19,-0.5,-0.69,-0.5,16,14
1772048595.264762,5933862,0.11,-0.07,0.01,-161.75,-67.12,90.06,-0.62,-0.13,0.19,-0.06,-0.01,0.13,14.0,69.19,75.19,0.19,0.19,0.19,16,14
1772048595.457035,5934054,0.2,-0.05,-0.05,-161.81,-67.06,90.06,0.37,0.37,-0.19,-0.08,-0.01,0.11,14.0,69.25,75.19,0.0,-0.37,0.19,17,15
1772048595.64946,5934247,0.15,-0.07,-0.04,-161.81,-67.06,90.06,0.62,-0.37,0.31,-0.1,0.03,0.13,14.06,69.37,75.19,0.06,-0.06,0.0,16,15
1772048595.842122,5934439,0.16,-0.05,-0.01,-161.81,-67.12,90.06,0.88,-0.5,-0.5,-0.1,0.03,0.06,14.13,69.44,75.19,-0.5,0.06,-0.06,16,15
1772048596.034523,5934632,0.15,0.07,-0.02,-161.62,-67.12,89.87,-0.06,0.44,0.31,-0.1,0.01,0.11,14.13,69.44,75.19,0.0,-0.44,-0.31,16,14
1772048596.226931,5934824,0.14,-0.05,0.0,-161.75,-67.12,90.0,-0.13,-0.06,-0.19,-0.09,0.02,0.09,14.13,69.44,75.19,0.06,0.0,-0.06,14,14
1772048596.41804,5935015,0.13,0.01,-0.01,-161.69,-67.12,89.94,-0.19,-0.06,0.13,-0.06,0.0,0.1,14.13,69.44,75.19,-0.19,-0.88,-0.5,15,14
1772048596.610369,5935208,0.13,-0.07,-0.01,-161.69,-67.12,90.0,-0.75,-0.25,0.81,-0.08,0.0,0.11,14.06,69.37,75.19,0.31,1.12,0.37,15,15
1772048596.802568,5935400,0.17,-0.04,-0.04,-161.62,-67.12,89.87,0.25,-0.44,0.31,-0.07,0.01,0.12,14.06,69.31,75.19,0.06,0.69,0.37,13,15
1772048596.99415,5935592,0.14,-0.07,-0.01,-161.56,-67.12,89.87,-0.37,0.44,0.13,-0.11,-0.01,0.12,14.0,69.31,75.19,-0.06,0.31,0.19,13,15
1772048597.185567,5935783,0.17,-0.1,-0.02,-161.62,-67.06,89.87,0.37,-0.31,-0.19,-0.12,0.02,0.16,14.06,69.31,75.19,0.06,-0.06,0.06,13,15
1772048597.376175,5935974,0.16,0.0,-0.02,-161.56,-67.06,89.75,0.75,0.25,-0.13,-0.07,0.03,0.1,14.13,69.37,75.19,-0.44,-1.25,-0.19,13,14
1772048597.567199,5936165,0.14,-0.07,-0.01,-161.62,-67.06,89.81,0.37,-0.06,-0.19,-0.08,0.02,0.11,14.13,69.44,75.19,0.0,-0.19,-0.37,13,15
1772048597.757434,5936355,0.14,0.0,-0.02,-161.56,-67.06,89.75,-0.75,0.0,-0.19,-0.07,0.0,0.11,14.19,69.5,75.12,-0.06,-0.62,0.0,13,15
1772048597.948112,5936546,0.12,0.04,-0.04,-161.5,-67.12,89.75,-1.31,0.37,-0.06,-0.07,0.0,0.13,14.19,69.5,75.12,-0.31,0.37,0.19,13,15
1772048598.138858,5936736,0.15,-0.08,0.0,-161.5,-67.12,89.75,-0.37,-0.44,-0.06,-0.1,0.0,0.13,14.19,69.5,75.12,0.0,-0.31,0.06,15,15
1772048598.329283,5936927,0.1,-0.07,0.01,-161.37,-67.19,89.75,-0.94,-0.56,0.37,-0.13,0.04,0.12,14.19,69.5,75.12,0.13,0.13,-0.06,14,15
1772048598.520109,5937118,0.17,-0.1,-0.01,-161.37,-67.19,89.69,0.25,-0.25,0.5,-0.09,0.01,0.16,14.13,69.44,75.12,0.25,0.75,0.31,15,15
1772048598.710944,5937308,0.13,-0.03,-0.03,-161.25,-67.19,89.56,0.94,0.13,-0.13,-0.1,0.08,0.08,14.13,69.44,75.12,-0.06,0.19,-0.13,14,15
1772048598.901169,5937499,0.13,-0.06,0.0,-161.25,-67.25,89.56,0.44,-0.5,0.13,-0.1,0.01,0.12,14.06,69.37,75.19,0.13,0.31,0.06,15,15
1772048599.09176,5937690,0.12,0.02,-0.05,-161.19,-67.25,89.5,0.25,0.62,0.37,-0.08,0.04,0.1,14.06,69.37,75.12,0.25,0.62,0.0,14,15
1772048599.28267,5937880,0.11,0.05,-0.01,-161.19,-67.19,89.44,-0.69,0.13,-0.31,-0.11,0.0,0.12,14.0,69.25,75.12,-0.44,-1.06,-0.25,14,15
1772048599.473656,5938071,0.16,-0.05,-0.02,-161.37,-67.12,89.56,0.13,-0.13,-0.31,-0.09,0.0,0.08,14.06,69.31,75.12,0.13,-0.81,-0.25,15,14
1772048599.663928,5938262,0.1,0.0,-0.02,-161.37,-67.12,89.5,-1.0,0.19,0.37,-0.01,0.0,0.15,14.0,69.31,75.12,0.19,0.75,0.37,16,14
1772048599.85496,5938452,0.1,-0.1,0.01,-161.31,-67.12,89.5,-0.13,-0.81,0.37,-0.05,0.03,0.05,14.0,69.31,75.19,-0.13,-0.19,0.25,16,14
1772048600.045562,5938643,0.16,-0.11,-0.05,-161.37,-67.06,89.44,0.81,0.75,-0.31,-0.06,0.01,0.07,14.0,69.31,75.12,-0.13,0.31,0.19,16,14
1772048600.236258,5938834,0.14,-0.11,0.02,-161.37,-67.06,89.5,0.19,-0.06,0.31,-0.08,0.03,0.09,14.0,69.31,75.12,0.06,-0.19,0.06,16,14
1772048600.427005,5939025,0.14,0.0,-0.04,-161.31,-67.06,89.44,1.0,-0.56,-0.37,-0.08,0.07,0.07,14.0,69.31,75.12,0.06,0.56,-0.25,15,14
1772048600.61782,5939215,0.13,-0.02,-0.02,-161.19,-67.12,89.37,-0.06,0.19,0.5,-0.09,-0.01,0.1,14.0,69.31,75.12,0.62,-0.06,-0.19,16,14
1772048600.808333,5939406,0.12,0.0,0.0,-161.25,-67.12,89.44,-0.25,-0.25,0.13,-0.06,0.03,0.12,13.94,69.25,75.12,0.0,0.44,0.13,17,13
1772048600.998936,5939597,0.14,0.0,0.0,-161.25,-67.12,89.44,-0.75,1.0,0.13,-0.03,-0.01,0.13,13.94,69.19,75.12,0.19,0.75,0.31,19,13
1772048601.189832,5939787,0.1,-0.07,0.02,-161.31,-67.12,89.5,-0.62,0.0,-0.06,-0.07,0.0,0.11,13.94,69.25,75.12,0.31,0.5,0.19,18,13
1772048601.381005,5939979,0.19,-0.07,-0.03,-161.31,-67.06,89.44,0.31,0.37,-0.06,-0.08,0.0,0.14,13.94,69.25,75.12,-0.06,-0.13,0.25,17,15
1772048601.571623,5940169,0.13,-0.07,-0.02,-161.31,-67.06,89.44,0.06,0.25,-0.06,-0.1,0.02,0.11,14.0,69.31,75.12,0.0,-0.31,-0.25,16,14
1772048601.762322,5940360,0.17,-0.02,-0.04,-161.31,-67.06,89.44,0.75,-0.5,-0.44,-0.08,0.05,0.07,14.0,69.44,75.19,-0.06,0.25,-0.06,16,14
1772048601.952973,5940550,0.16,0.0,0.0,-161.25,-67.12,89.44,-0.31,0.75,0.0,-0.06,-0.01,0.1,14.0,69.44,75.19,0.0,-0.25,-0.25,16,14
1772048602.143821,5940741,0.12,-0.07,-0.02,-161.31,-67.12,89.44,-0.37,-0.5,-0.13,-0.06,0.0,0.11,14.0,69.44,75.19,0.0,0.13,-0.06,18,14
1772048602.334718,5940932,0.16,0.0,-0.01,-161.25,-67.12,89.37,-0.62,0.44,0.25,-0.07,0.0,0.12,14.0,69.44,75.19,-0.13,-0.88,-0.56,19,14
1772048602.52522,5941123,0.07,-0.07,0.05,-161.19,-67.19,89.44,-0.94,-0.37,0.31,-0.06,-0.01,0.12,14.0,69.5,75.19,0.25,0.44,0.56,18,14
1772048602.715873,5941313,0.2,-0.12,-0.04,-161.25,-67.12,89.44,0.06,-0.31,0.31,-0.09,-0.02,0.11,13.94,69.44,75.19,0.0,0.62,0.37,17,15
1772048602.906449,5941504,0.12,-0.04,0.0,-161.19,-67.19,89.44,0.06,0.13,0.44,-0.08,0.05,0.12,13.94,69.37,75.19,0.06,0.06,0.0,15,15
1772048603.097238,5941695,0.17,0.02,-0.03,-161.19,-67.12,89.37,0.62,0.19,0.13,-0.08,0.02,0.14,13.94,69.37,75.19,0.31,0.94,0.25,16,15
1772048603.288462,5941886,0.11,0.0,-0.02,-161.19,-67.19,89.44,0.13,0.31,0.06,-0.1,-0.03,0.16,13.88,69.37,75.19,0.19,-0.44,-0.13,15,15
1772048603.479187,5942077,0.13,-0.05,0.0,-161.25,-67.12,89.5,-0.31,-0.56,-0.13,-0.09,0.0,0.14,13.94,69.37,75.19,-0.13,-0.56,-0.19,16,14
1772048603.669507,5942267,0.13,-0.01,-0.01,-161.25,-67.12,89.5,-0.56,0.5,0.13,-0.11,-0.01,0.12,13.94,69.44,75.19,0.31,0.56,0.19,15,13
1772048603.860193,5942458,0.13,-0.07,0.0,-161.31,-67.19,89.56,0.0,-0.81,0.25,-0.07,0.01,0.1,13.94,69.5,75.19,-0.25,-0.44,0.0,16,14
1772048604.051134,5942649,0.16,-0.1,-0.01,-161.25,-67.19,89.5,0.56,-0.06,-0.31,-0.06,0.01,0.11,13.94,69.5,75.19,-0.25,0.31,0.5,14,14
1772048604.241968,5942840,0.12,-0.04,-0.03,-161.25,-67.19,89.5,0.25,-0.25,0.19,-0.09,0.02,0.12,13.94,69.5,75.19,0.0,0.13,0.0,13,14
1772048604.432407,5943030,0.18,0.01,-0.04,-161.19,-67.19,89.44,-0.06,0.31,0.0,-0.09,0.02,0.08,14.0,69.56,75.19,0.31,-0.31,-0.31,14,14
1772048604.623457,5943221,0.14,0.01,-0.03,-161.06,-67.25,89.44,-0.5,0.31,-0.06,-0.1,-0.01,0.13,14.0,69.56,75.19,-0.19,0.25,0.19,13,14
1772048604.813777,5943412,0.13,-0.02,0.0,-161.06,-67.31,89.44,-0.37,-0.75,0.19,-0.08,0.01,0.15,13.94,69.5,75.19,0.19,0.44,0.19,15,14
1772048605.004754,5943602,0.14,-0.02,-0.02,-161.06,-67.31,89.44,-0.44,0.69,0.19,-0.06,0.0,0.18,13.94,69.5,75.19,-0.13,0.44,0.37,14,14
1772048605.195515,5943793,0.15,-0.15,-0.04,-161.19,-67.25,89.56,0.31,-0.75,0.0,-0.13,0.0,0.16,13.94,69.44,75.19,0.19,0.31,0.25,15,14
1772048605.386404,5943984,0.16,-0.08,-0.08,-161.12,-67.25,89.5,0.75,0.88,-0.62,-0.09,0.03,0.1,13.94,69.44,75.19,-0.31,-0.62,-0.31,14,15
1772048605.577042,5944175,0.12,-0.03,-0.03,-161.19,-67.25,89.56,0.13,0.25,0.13,-0.09,0.01,0.08,13.88,69.37,75.19,-0.06,-0.44,-0.31,15,15
1772048605.767785,5944365,0.15,0.01,-0.06,-161.19,-67.19,89.5,-0.31,0.37,-0.19,-0.07,0.01,0.05,13.88,69.37,75.19,0.0,-1.31,-0.31,14,15
1772048605.958615,5944556,0.1,0.01,-0.02,-161.12,-67.31,89.56,-1.12,0.31,-0.06,-0.06,-0.03,0.12,13.88,69.37,75.19,-0.31,0.5,0.31,15,15
1772048606.149668,5944747,0.17,-0.05,-0.03,-161.19,-67.25,89.56,-0.31,-0.5,-0.13,-0.07,-0.01,0.08,13.88,69.31,75.19,0.0,-0.44,-0.06,14,15
1772048606.339963,5944938,0.14,-0.09,-0.05,-161.19,-67.25,89.56,-0.44,0.19,0.31,-0.02,0.0,0.11,13.81,69.31,75.19,0.06,-0.25,0.0,14,15
1772048606.530653,5945128,0.2,-0.14,-0.04,-161.19,-67.25,89.56,0.94,-0.44,0.13,-0.09,0.0,0.09,13.81,69.37,75.19,0.25,0.37,0.19,15,15
1772048606.721241,5945319,0.18,-0.06,-0.09,-161.19,-67.25,89.5,1.19,0.75,-0.44,-0.05,0.03,0.04,13.81,69.37,75.19,0.0,0.13,-0.13,14,15
1772048606.912131,5945510,0.11,-0.05,-0.02,-161.12,-67.31,89.56,-0.25,-0.5,0.25,-0.1,0.0,0.08,13.81,69.31,75.19,0.13,0.31,0.06,15,15
1772048607.103284,5945701,0.22,-0.03,-0.02,-161.19,-67.25,89.5,0.19,0.56,-0.13,-0.03,-0.01,0.12,13.81,69.31,75.19,-0.06,-0.13,0.0,14,15
1772048607.293631,5945891,0.11,-0.03,-0.05,-161.19,-67.25,89.5,-1.12,0.5,0.06,-0.08,-0.01,0.12,13.81,69.25,75.19,0.0,0.5,0.06,15,15
1772048607.484278,5946082,0.18,-0.08,-0.06,-161.31,-67.19,89.56,0.19,0.13,-0.13,-0.05,-0.02,0.11,13.81,69.31,75.19,0.19,0.19,0.0,14,15
1772048607.675388,5946273,0.15,-0.08,-0.01,-161.31,-67.19,89.56,-0.19,0.31,0.25,-0.08,-0.02,0.13,13.81,69.31,75.19,0.19,-0.5,-0.13,15,15
1772048607.865764,5946464,0.16,-0.16,0.0,-161.37,-67.12,89.56,1.06,-0.88,-0.31,-0.11,0.03,0.12,13.88,69.44,75.19,-0.19,-0.37,0.06,14,15
1772048608.056781,5946654,0.15,0.03,-0.04,-161.31,-67.12,89.5,0.5,0.75,0.0,-0.06,0.01,0.09,13.88,69.44,75.19,-0.13,-0.44,-0.25,15,15
1772048608.247683,5946845,0.14,-0.05,-0.03,-161.44,-67.12,89.62,-0.13,0.0,-0.19,-0.07,-0.02,0.11,13.88,69.44,75.19,-0.19,0.0,-0.06,13,14
1772048608.43802,5947036,0.17,0.01,-0.02,-161.44,-67.06,89.5,-0.62,0.81,0.0,-0.11,-0.01,0.07,13.88,69.5,75.19,0.06,-0.56,-0.13,13,14
1772048608.628659,5947226,0.14,-0.04,-0.02,-161.44,-67.06,89.56,-1.19,-0.06,0.06,-0.08,-0.01,0.12,13.94,69.5,75.19,0.19,0.56,0.25,13,15
1772048608.819617,5947417,0.18,-0.08,-0.02,-161.37,-67.06,89.5,-0.06,-0.37,-0.13,-0.07,-0.02,0.14,13.88,69.5,75.19,0.13,0.56,0.31,13,15
1772048609.010082,5947608,0.09,-0.1,0.0,-161.37,-67.06,89.5,-0.56,0.0,0.62,-0.07,0.03,0.12,13.88,69.44,75.19,0.37,0.19,0.25,14,15
1772048609.200608,5947799,0.17,0.01,-0.06,-161.31,-67.06,89.44,0.62,0.19,0.0,-0.1,0.03,0.09,13.81,69.37,75.19,-0.06,0.69,0.06,12,15
1772048609.391533,5947989,0.09,0.0,-0.04,-161.25,-67.06,89.37,0.31,0.19,0.06,-0.1,-0.02,0.08,13.81,69.31,75.19,0.25,-0.13,-0.13,14,15
1772048609.582554,5948180,0.11,-0.05,-0.02,-161.37,-67.0,89.44,-0.06,-0.19,0.06,-0.08,-0.03,0.12,13.81,69.31,75.19,0.13,0.19,-0.13,13,14
1772048609.772903,5948371,0.16,0.0,-0.05,-161.37,-67.0,89.44,-0.56,0.44,0.0,-0.06,-0.02,0.19,13.81,69.37,75.19,0.25,0.31,0.06,14,14
1772048609.96416,5948562,0.13,-0.06,0.0,-161.37,-67.06,89.5,-0.37,-0.69,-0.13,-0.07,0.0,0.09,13.81,69.44,75.19,-0.19,-0.62,0.13,13,14
1772048610.154494,5948752,0.16,-0.11,0.0,-161.44,-67.06,89.5,0.75,0.56,-0.37,-0.08,-0.01,0.12,13.81,69.5,75.19,-0.13,0.37,0.37,15,14
1772048610.345407,5948943,0.13,-0.06,-0.01,-161.37,-67.06,89.5,-0.06,-0.19,0.25,-0.08,0.01,0.1,13.81,69.5,75.19,0.06,0.37,0.06,14,14
1772048610.536049,5949134,0.16,0.0,-0.08,-161.37,-67.06,89.44,0.06,0.37,-0.06,-0.06,0.03,0.09,13.88,69.5,75.19,0.0,-0.81,-0.31,14,14
1772048610.726862,5949325,0.12,0.03,-0.05,-161.37,-67.06,89.44,-1.06,0.19,-0.19,-0.11,-0.02,0.15,13.88,69.5,75.19,-0.06,0.0,0.0,14,14
1772048610.917449,5949515,0.13,-0.04,0.0,-161.37,-67.06,89.5,-0.44,-1.0,0.13,-0.08,-0.02,0.12,13.88,69.5,75.19,0.37,0.25,0.0,14,14
1772048611.10805,5949706,0.15,-0.05,-0.06,-161.37,-67.12,89.5,-0.5,0.25,0.19,-0.08,0.0,0.14,13.88,69.5,75.19,0.19,0.75,0.31,15,14
1772048611.299014,5949897,0.14,-0.07,-0.05,-161.37,-67.06,89.5,1.0,-0.44,-0.13,-0.13,0.01,0.11,13.88,69.5,75.19,0.13,0.94,0.37,14,14
1772048611.48967,5950088,0.19,0.0,-0.04,-161.31,-67.12,89.5,0.37,0.62,0.44,-0.09,0.0,0.13,13.81,69.44,75.19,0.0,-0.13,-0.19,15,15
1772048611.68046,5950278,0.12,-0.08,-0.03,-161.37,-67.12,89.5,-0.19,0.06,-0.13,-0.09,0.0,0.14,13.81,69.44,75.19,0.0,0.25,-0.13,14,14
1772048611.871424,5950469,0.17,-0.01,-0.05,-161.37,-67.12,89.5,-0.56,0.69,0.13,-0.03,-0.04,0.22,13.81,69.44,75.19,0.37,0.56,0.06,15,14
1772048612.062261,5950660,0.13,-0.06,-0.01,-161.37,-67.12,89.56,-0.56,-0.62,0.0,-0.06,0.01,0.11,13.88,69.56,75.19,-0.13,-0.62,0.06,14,14
1772048612.252928,5950851,0.15,-0.13,-0.1,-161.37,-67.12,89.56,0.44,0.31,-0.31,-0.07,-0.01,0.13,13.88,69.62,75.19,-0.19,0.31,0.44,16,14
1772048612.443682,5951041,0.15,-0.08,-0.02,-161.37,-67.12,89.56,-0.19,-0.19,0.25,-0.08,0.02,0.15,13.88,69.62,75.19,-0.06,0.25,0.0,15,14
1772048612.634373,5951232,0.15,-0.01,-0.08,-161.31,-67.12,89.5,0.06,0.44,-0.37,-0.09,0.0,0.09,13.94,69.62,75.19,0.06,-0.5,-0.31,15,14
1772048612.825153,5951423,0.13,0.0,-0.05,-161.31,-67.19,89.5,-1.06,0.13,-0.06,-0.08,-0.04,0.18,13.94,69.62,75.19,-0.13,0.31,0.0,15,14
1772048613.01609,5951614,0.15,-0.05,-0.03,-161.31,-67.12,89.5,-0.56,-0.69,0.25,-0.09,0.0,0.11,13.94,69.62,75.19,0.31,-0.13,-0.13,14,14
1772048613.206411,5951804,0.14,-0.07,-0.05,-161.31,-67.12,89.5,-0.37,0.44,-0.06,-0.11,0.0,0.13,13.94,69.62,75.19,0.19,0.25,0.0,15,14
1772048613.397183,5951995,0.17,0.03,-0.07,-161.31,-67.12,89.5,0.56,-0.25,-0.19,-0.12,0.02,0.09,13.88,69.62,75.19,0.0,0.5,0.06,14,14
1772048613.587981,5952186,0.1,-0.06,-0.06,-161.31,-67.19,89.5,0.13,0.31,0.13,-0.1,-0.04,0.18,13.88,69.56,75.19,0.25,0.19,0.06,15,15
1772048613.779196,5952377,0.12,-0.06,-0.03,-161.37,-67.12,89.5,-0.37,-0.19,-0.13,-0.09,0.0,0.16,13.81,69.5,75.19,-0.13,0.19,0.13,13,14
1772048613.970252,5952568,0.13,-0.05,-0.04,-161.37,-67.12,89.5,-0.56,0.69,0.31,-0.12,-0.01,0.15,13.81,69.5,75.19,-0.13,-1.0,-0.44,14,15
1772048614.161308,5952759,0.18,-0.13,-0.05,-161.44,-67.12,89.62,-0.37,-0.69,0.06,-0.08,-0.03,0.14,13.75,69.5,75.25,0.0,-0.31,-0.06,13,15
1772048614.352252,5952950,0.18,-0.08,-0.05,-161.37,-67.12,89.56,1.06,0.44,-0.56,-0.08,0.02,0.08,13.81,69.5,75.19,-0.19,-0.5,-0.19,14,15
1772048614.542842,5953141,0.16,-0.06,-0.07,-161.37,-67.12,89.56,0.19,-0.19,0.0,-0.08,0.01,0.11,13.75,69.44,75.19,-0.25,-0.19,-0.19,14,15
1772048614.733478,5953331,0.22,-0.01,-0.03,-161.31,-67.12,89.44,-0.44,0.56,-0.25,-0.02,-0.04,0.08,13.75,69.37,75.19,0.13,-0.13,0.06,14,15
1772048614.924431,5953522,0.12,-0.04,-0.05,-161.37,-67.12,89.5,-1.12,0.37,0.0,-0.06,-0.01,0.07,13.75,69.37,75.19,0.0,0.56,0.19,15,15
1772048615.115335,5953713,0.18,-0.11,-0.12,-161.37,-67.12,89.5,0.0,0.06,0.0,-0.08,-0.01,0.11,13.75,69.31,75.19,0.06,0.25,0.13,14,15
1772048615.306744,5953905,0.15,-0.07,0.0,-161.37,-67.12,89.5,-0.25,0.56,0.06,-0.07,0.0,0.11,13.75,69.31,75.19,0.31,0.19,0.13,15,15
1772048615.500942,5954099,0.19,-0.01,-0.04,-161.37,-67.12,89.5,0.31,0.13,-0.13,-0.05,0.01,0.08,13.75,69.37,75.19,0.25,0.37,-0.13,14,15
1772048615.691506,5954290,0.09,-0.05,-0.02,-161.31,-67.12,89.44,0.06,0.5,0.25,-0.07,-0.03,0.13,13.75,69.31,75.19,0.31,0.25,0.06,15,15
1772048615.88573,5954484,0.13,-0.05,-0.03,-161.37,-67.12,89.5,-0.13,-0.5,0.0,-0.08,0.01,0.06,13.75,69.31,75.19,-0.06,0.13,0.0,15,16
1772048616.077456,5954675,0.14,-0.05,-0.04,-161.37,-67.12,89.5,-0.69,0.31,0.25,-0.09,0.0,0.07,13.69,69.25,75.19,0.13,-0.88,-0.19,15,15
1772048616.268882,5954867,0.16,-0.08,-0.03,-161.37,-67.12,89.5,-0.69,-0.37,0.31,-0.07,0.0,0.09,13.75,69.25,75.19,0.06,-0.13,0.13,15,15
1772048616.460484,5955058,0.17,-0.12,-0.06,-161.31,-67.06,89.44,0.94,0.56,-0.5,-0.09,-0.01,0.1,13.75,69.31,75.19,-0.25,-0.19,0.0,15,15
1772048616.651937,5955250,0.15,-0.1,-0.07,-161.37,-67.12,89.44,0.62,0.0,0.06,-0.08,0.0,0.08,13.75,69.37,75.19,-0.06,-0.81,-0.31,14,15
1772048616.841958,5955440,0.16,0.0,-0.05,-161.25,-67.12,89.37,-0.13,0.06,0.0,-0.07,0.03,0.04,13.75,69.44,75.19,-0.25,-1.37,-0.44,14,15
1772048617.0354,5955633,0.15,-0.01,-0.06,-161.25,-67.12,89.37,-1.12,0.44,-0.13,-0.06,-0.02,0.13,13.81,69.44,75.19,-0.25,0.56,0.31,15,15
1772048617.228498,5955826,0.16,-0.08,-0.06,-161.31,-67.12,89.44,-0.44,-0.5,0.13,-0.09,0.0,0.05,13.81,69.44,75.19,0.0,-0.13,-0.13,14,14
1772048617.421343,5956019,0.15,-0.05,-0.04,-161.31,-67.12,89.44,-0.56,-0.25,0.19,-0.07,-0.01,0.12,13.81,69.44,75.19,0.25,0.19,0.13,15,14
1772048617.613078,5956211,0.15,-0.14,-0.02,-161.31,-67.12,89.44,1.5,-0.37,-0.31,-0.1,0.04,0.12,13.81,69.5,75.19,0.19,0.37,0.13,14,14
1772048617.804763,5956403,0.18,0.0,-0.04,-161.25,-67.12,89.37,0.13,0.44,0.5,-0.07,0.01,0.1,13.75,69.44,75.19,0.06,0.06,-0.19,14,14
1772048617.995694,5956594,0.13,-0.02,-0.04,-161.25,-67.12,89.37,0.19,0.25,-0.06,-0.09,0.01,0.11,13.75,69.44,75.19,0.19,0.56,0.13,15,14
1772048618.188383,5956786,0.17,0.0,-0.06,-161.25,-67.12,89.37,-0.19,0.75,0.06,-0.08,-0.03,0.13,13.75,69.44,75.19,-0.37,-0.94,-0.56,16,15
1772048618.380281,5956978,0.14,-0.07,-0.04,-161.25,-67.19,89.44,-0.81,0.06,-0.13,-0.09,0.0,0.14,13.75,69.44,75.19,0.06,0.13,0.25,15,15
1772048618.572361,5957170,0.21,-0.07,-0.08,-161.31,-67.12,89.44,0.06,0.31,0.13,-0.1,-0.02,0.15,13.75,69.44,75.19,-0.06,-0.62,0.13,15,14
1772048618.763696,5957362,0.19,-0.1,-0.04,-161.31,-67.12,89.44,0.94,0.19,0.75,-0.1,0.02,0.14,13.75,69.5,75.25,-0.44,-0.5,-0.37,15,14
1772048618.953826,5957552,0.18,-0.02,-0.07,-161.31,-67.12,89.44,1.25,-0.31,-0.69,-0.1,0.03,0.06,13.81,69.56,75.25,-0.25,-0.31,-0.25,15,15
1772048619.146048,5957744,0.15,-0.01,-0.03,-161.25,-67.19,89.5,-0.69,0.5,0.0,-0.1,-0.01,0.11,13.81,69.56,75.25,-0.13,-0.56,-0.19,16,15
1772048619.337806,5957936,0.15,-0.07,-0.08,-161.31,-67.19,89.5,-0.44,-0.31,-0.06,-0.08,-0.01,0.11,13.81,69.56,75.25,-0.06,0.0,0.06,15,14
1772048619.530136,5958128,0.14,-0.03,-0.1,-161.31,-67.19,89.5,-0.56,0.06,0.31,-0.11,-0.03,0.16,13.81,69.56,75.25,0.44,0.37,0.25,16,14
1772048619.719507,5958318,0.28,0.15,0.02,-161.0,-67.19,91.69,30.69,-7.5,9.56,-0.15,0.0,0.12,13.13,69.87,75.37,2.94,-4.19,-2.31,15,14
1772048619.909083,5958507,0.1,-0.75,-0.08,-162.56,-67.62,97.62,7.19,-0.62,4.69,-0.08,0.01,0.05,12.69,70.0,74.81,4.81,-2.31,3.81,15,14
1772048620.099996,5958698,0.01,-0.26,0.02,-162.31,-67.94,96.87,-4.12,-5.94,0.25,-0.14,0.19,0.23,13.0,69.62,74.75,1.25,-0.19,0.37,15,14
1772048620.29128,5958889,0.18,0.28,-0.09,-160.37,-67.87,94.69,-3.25,-1.87,0.94,-0.06,-0.03,0.01,13.44,69.25,74.87,-1.62,0.31,-0.69,15,15
1772048620.482634,5959081,0.0,-0.18,0.03,-159.87,-68.69,95.19,-2.5,-4.81,0.0,-0.12,0.01,0.01,13.56,68.94,75.06,-3.37,-0.13,0.31,16,14
1772048620.671987,5959270,0.1,-0.38,-0.1,-160.25,-68.87,95.25,-2.0,5.69,-1.25,-0.04,0.03,0.05,13.38,68.69,75.0,2.12,1.37,3.06,14,14
1772048620.861389,5959459,0.24,0.14,-0.02,-160.94,-68.25,92.31,-16.12,6.06,-6.0,-0.06,0.01,0.06,13.94,68.75,74.44,1.12,-2.06,1.37,16,14
1772048621.052028,5959650,0.08,0.12,0.08,-160.75,-68.06,90.06,-7.56,-1.87,-3.12,-0.08,-0.08,0.06,14.5,68.81,74.12,-1.06,1.44,0.37,14,14
1772048621.241842,5959840,0.1,-0.03,0.07,-160.25,-68.31,89.25,-3.06,0.0,1.62,-0.08,0.02,0.06,14.5,68.56,74.19,-1.12,1.81,0.0,15,15
1772048621.432055,5960030,0.08,0.05,0.06,-158.87,-68.19,87.94,-3.31,0.0,-0.31,0.0,-0.03,-0.01,14.81,68.06,74.0,-0.69,4.12,0.94,15,15
1772048621.621776,5960220,0.19,0.2,0.0,-158.75,-68.25,88.44,18.06,-2.25,2.56,0.0,-0.04,0.08,14.38,67.31,74.25,-1.5,2.31,0.0,15,14
1772048621.81232,5960410,-0.05,-0.71,0.08,-159.31,-68.62,93.0,10.81,1.37,5.87,-0.08,0.06,-0.03,14.5,67.06,74.06,-0.13,-0.62,0.69,14,14
1772048622.002943,5960601,0.1,0.17,0.0,-157.75,-68.37,91.75,0.5,0.0,1.44,-0.02,0.0,0.3,14.69,67.0,73.94,1.81,0.75,1.69,14,14
1772048622.194413,5960792,-0.08,-0.14,0.11,-157.06,-68.5,91.94,5.5,-4.12,5.0,-0.08,-0.1,-0.13,14.81,66.87,74.0,1.12,-1.06,-0.81,14,14
1772048622.384805,5960983,0.06,-0.18,-0.06,-156.94,-68.56,92.31,-2.0,4.0,0.5,-0.06,-0.03,0.1,14.63,66.56,74.12,0.69,1.37,1.12,14,14
1772048622.574811,5961173,0.13,-0.1,0.05,-157.5,-68.31,90.44,-13.44,-2.0,-3.81,-0.08,-0.2,0.1,15.0,66.37,73.81,-0.44,3.56,0.69,14,14
1772048622.765264,5961363,0.14,0.08,0.05,-156.75,-68.5,88.19,-9.0,2.37,-2.25,-0.03,0.03,-0.04,14.38,65.81,74.0,2.25,2.62,0.06,14,13
1772048622.956818,5961555,0.11,0.05,0.07,-155.62,-68.5,86.31,-8.5,-0.13,-1.69,-0.1,-0.03,0.15,13.94,65.12,73.75,1.37,2.5,-0.25,15,14
1772048623.147479,5961746,0.15,0.14,0.13,-154.75,-68.69,84.5,-8.5,-1.87,-0.56,-0.08,0.0,0.0,13.56,64.87,73.69,0.37,1.94,0.75,14,14
1772048623.338199,5961937,0.06,0.0,0.1,-153.31,-68.94,83.44,0.5,0.56,1.5,-0.04,-0.02,-0.03,13.19,64.62,73.75,1.37,1.81,0.19,14,14
1772048623.528509,5962127,0.1,-0.02,0.05,-153.25,-68.75,83.25,2.44,1.31,0.62,-0.15,0.1,0.06,13.13,64.5,73.75,1.25,-0.31,0.25,13,15
1772048623.71938,5962318,0.15,0.2,0.01,-153.87,-68.37,83.19,-1.62,1.94,-0.88,-0.08,0.0,0.04,13.31,64.5,73.5,0.69,1.0,0.19,14,15
1772048623.910555,5962509,0.07,0.0,0.09,-154.19,-68.44,83.5,-0.62,-0.88,0.37,-0.08,-0.01,0.1,13.31,64.5,73.44,0.13,-0.88,0.94,13,15
1772048624.101514,5962700,0.09,-0.07,0.1,-155.12,-68.5,83.75,3.62,-0.13,-1.12,-0.05,-0.02,0.01,13.81,64.5,73.31,-0.44,0.75,0.69,14,14
1772048624.29216,5962890,0.12,-0.05,0.01,-156.19,-68.5,84.56,1.12,-0.13,-0.88,-0.07,-0.07,0.14,13.94,64.37,73.19,0.13,1.56,0.75,14,14
1772048624.482779,5963081,0.11,-0.08,0.08,-156.56,-68.56,85.06,0.25,-0.44,0.69,-0.04,0.0,0.12,13.81,64.44,73.25,0.06,-0.06,-0.06,15,14
1772048624.673696,5963272,0.14,-0.05,0.07,-156.5,-68.5,85.06,0.31,0.0,0.19,-0.08,0.0,0.06,13.81,64.44,73.31,-0.56,0.13,-0.13,14,14
1772048624.864546,5963463,0.11,-0.05,0.09,-156.5,-68.56,85.12,0.44,-0.5,-0.31,-0.04,0.02,0.05,13.81,64.5,73.31,-0.25,0.62,-0.19,14,14
1772048625.055231,5963653,0.09,-0.01,0.05,-156.44,-68.56,85.06,0.06,1.37,-0.37,-0.1,0.05,-0.02,13.81,64.5,73.31,0.19,0.56,-0.25,14,14
1772048625.245695,5963844,0.08,0.03,0.01,-156.37,-68.37,84.75,-0.56,0.37,0.75,-0.04,0.02,0.06,13.81,64.5,73.31,-0.06,0.0,-0.06,14,14
1772048625.436642,5964035,0.1,0.0,0.05,-156.31,-68.31,84.75,-0.06,-0.19,-0.44,-0.07,0.0,0.03,13.81,64.5,73.31,-0.06,0.0,-0.06,15,13
1772048625.627361,5964226,0.04,0.01,0.06,-156.25,-68.37,84.75,-0.44,-0.69,0.31,-0.07,0.0,0.06,13.81,64.5,73.31,0.0,0.13,0.31,14,13
1772048625.818091,5964416,0.1,-0.02,0.1,-156.19,-68.37,84.69,-1.37,0.06,0.31,-0.08,0.01,0.0,13.81,64.5,73.31,0.13,0.06,0.0,16,13
1772048626.008887,5964607,0.15,-0.02,0.08,-156.31,-68.37,84.62,1.0,0.88,-0.62,-0.08,0.0,0.01,13.88,64.5,73.25,-0.37,0.94,0.56,15,14
1772048626.199602,5964798,0.11,-0.09,0.01,-156.5,-68.31,84.75,0.75,0.69,-0.25,-0.09,0.0,0.03,13.88,64.37,73.25,-0.13,0.19,-0.25,15,14
1772048626.390259,5964989,0.11,0.03,0.06,-156.37,-68.31,84.69,-0.56,-0.44,0.06,-0.12,0.06,0.01,13.88,64.37,73.25,0.5,-0.13,-0.25,13,14
1772048626.581212,5965179,0.06,-0.01,0.07,-156.31,-68.31,84.5,0.88,0.88,0.31,-0.09,-0.01,0.1,13.88,64.37,73.25,0.19,-0.19,-0.19,14,15
1772048626.772235,5965370,0.11,0.0,0.08,-156.37,-68.19,84.44,-0.88,-0.44,-0.5,-0.06,-0.03,0.01,13.88,64.44,73.25,0.06,-0.44,-0.19,15,14
1772048626.962494,5965561,0.08,0.0,0.07,-156.37,-68.19,84.5,-0.31,-0.69,0.5,-0.03,0.0,0.09,13.88,64.44,73.31,0.13,-0.06,-0.06,16,14
1772048627.153267,5965752,0.08,-0.05,0.06,-156.31,-68.19,84.5,-0.25,-0.37,0.0,-0.07,0.04,0.04,13.88,64.56,73.31,-0.13,-0.44,0.31,16,14
1772048627.344067,5965942,0.13,-0.07,0.06,-156.37,-68.19,84.56,0.06,-0.37,-0.19,-0.06,0.01,0.07,13.94,64.56,73.31,-0.31,0.37,0.0,16,15
1772048627.535061,5966133,0.11,-0.07,0.07,-156.31,-68.25,84.56,-0.13,0.31,0.31,-0.07,-0.01,0.06,13.94,64.56,73.31,0.13,-0.06,0.25,16,15
1772048627.725632,5966324,0.07,-0.01,0.04,-156.25,-68.25,84.5,0.88,-0.31,-0.31,-0.09,0.04,0.04,13.94,64.62,73.31,-0.19,0.44,0.0,15,15
1772048627.916305,5966515,0.14,-0.05,0.04,-156.19,-68.31,84.5,0.5,0.06,-0.13,-0.09,0.02,0.04,13.94,64.56,73.31,-0.19,-0.37,-0.69,16,15
1772048628.106896,5966705,0.05,-0.02,0.08,-156.12,-68.44,84.56,0.19,-0.81,0.06,-0.08,0.0,0.04,13.88,64.56,73.31,-0.13,0.44,0.44,14,14
1772048628.297815,5966896,0.16,-0.08,0.04,-156.25,-68.44,84.62,-0.19,0.81,-1.06,-0.06,0.0,0.09,13.94,64.56,73.25,-0.44,-0.25,-0.81,15,15
1772048628.488584,5967087,0.08,0.03,0.09,-156.0,-68.44,84.5,-2.0,-0.44,0.13,-0.08,0.0,0.09,13.88,64.56,73.25,0.06,1.12,0.31,15,15
1772048628.679727,5967278,0.12,-0.03,0.04,-156.06,-68.37,84.44,0.25,0.37,-0.06,-0.1,-0.02,0.09,13.88,64.56,73.25,-0.44,-0.69,-0.19,14,15
1772048628.870021,5967468,0.06,-0.08,0.1,-156.0,-68.37,84.44,-0.5,-0.62,0.5,-0.05,0.0,0.09,13.94,64.62,73.25,-0.19,0.0,-0.31,13,15
1772048629.060768,5967659,0.11,-0.06,0.09,-155.94,-68.37,84.44,0.75,-0.88,0.44,-0.09,0.0,0.04,13.94,64.69,73.31,-0.5,-1.12,-0.88,13,14
1772048629.251393,5967850,0.09,-0.05,0.01,-155.87,-68.44,84.5,0.5,-0.94,-1.0,-0.13,0.01,0.08,13.88,64.87,73.37,0.25,-0.19,0.5,14,15
1772048629.442231,5968041,0.1,0.01,0.11,-156.06,-68.62,84.75,0.75,-0.88,0.13,-0.08,-0.01,0.0,14.06,64.87,73.25,-0.19,0.62,0.19,14,15
1772048629.632757,5968231,0.1,-0.12,0.01,-156.69,-68.56,85.25,0.62,3.25,-1.12,-0.05,-0.01,0.04,14.19,64.75,73.06,0.81,0.37,0.88,14,15
1772048629.823467,5968422,0.11,0.0,0.09,-157.06,-68.37,85.31,-0.06,-1.19,-0.13,-0.09,0.0,0.07,14.31,64.69,72.94,0.0,0.31,0.94,13,15
1772048630.014241,5968613,0.06,-0.01,0.07,-156.94,-68.44,85.37,0.31,-0.81,0.75,-0.07,-0.03,0.07,14.31,64.56,72.94,-0.56,0.62,0.37,16,14
1772048630.205016,5968803,0.06,-0.13,0.07,-157.12,-68.44,85.56,0.75,1.12,-0.13,-0.08,-0.07,0.03,14.25,64.44,72.94,-0.06,0.44,0.19,15,14
1772048630.395933,5968994,0.07,0.0,0.07,-157.87,-68.25,85.37,-1.75,0.88,-0.37,-0.07,-0.02,0.03,14.25,64.5,72.94,0.06,0.06,-0.31,17,14
1772048630.586605,5969185,0.24,-0.03,0.05,-158.56,-67.69,85.19,-2.37,1.25,-2.25,-0.03,-0.07,0.07,14.31,64.44,72.94,0.31,1.75,1.31,15,14
1772048630.777277,5969376,0.26,-0.17,0.08,-158.81,-67.75,85.31,-1.0,1.87,-2.87,-0.06,0.01,0.05,14.31,64.44,72.94,0.0,0.0,0.31,16,14
1772048630.96793,5969566,0.13,-0.17,0.09,-159.12,-67.87,85.44,1.31,-0.13,-0.56,-0.09,0.0,0.01,14.38,64.5,72.94,0.13,0.0,0.0,15,14
1772048631.15898,5969757,0.07,-0.12,0.05,-159.06,-67.94,85.5,0.37,-0.44,0.19,-0.08,-0.01,0.04,14.38,64.5,72.94,0.0,0.0,-0.06,15,14
1772048631.34955,5969948,0.03,-0.05,0.13,-159.0,-68.0,85.5,0.37,0.37,-0.13,-0.04,0.0,0.02,14.38,64.5,72.94,0.06,0.44,0.0,15,13
1772048631.54037,5970139,0.05,0.0,0.09,-158.81,-67.87,85.31,-1.0,0.31,0.88,-0.1,0.05,0.02,14.38,64.56,72.94,-0.19,-0.37,-0.5,15,13
1772048631.731307,5970329,0.06,-0.05,0.08,-158.75,-67.87,85.25,0.13,0.5,0.06,-0.1,-0.01,0.06,14.38,64.56,72.94,-0.37,-0.13,-0.19,15,13
1772048631.922125,5970520,0.09,-0.01,0.08,-158.56,-67.69,85.0,-1.5,0.31,0.25,-0.1,-0.01,0.01,14.44,64.56,72.94,-0.25,-0.37,0.06,13,15
1772048632.112644,5970711,0.1,-0.15,0.05,-158.69,-67.62,85.06,-0.56,1.44,0.25,-0.04,-0.06,0.0,14.44,64.56,72.94,0.0,-0.56,0.13,13,15
1772048632.303565,5970902,0.06,-0.07,0.11,-158.56,-67.5,84.81,-0.37,-0.06,0.75,-0.09,0.0,0.09,14.44,64.56,72.94,-0.06,0.25,0.25,13,15
1772048632.494488,5971093,0.13,-0.04,0.05,-158.56,-67.5,84.81,-0.44,-0.19,0.25,-0.1,-0.03,0.06,14.44,64.62,72.94,-0.06,0.56,0.25,13,14
1772048632.685271,5971284,0.08,-0.09,0.08,-158.44,-67.69,84.94,-0.06,-1.06,0.5,-0.09,-0.02,0.0,14.44,64.62,72.94,0.31,0.88,0.75,13,14
1772048632.876592,5971475,0.13,-0.07,0.05,-158.31,-67.81,85.06,-0.56,-1.75,1.0,-0.08,-0.03,0.05,14.44,64.56,72.94,-0.37,0.44,0.13,14,14
1772048633.067008,5971666,0.13,-0.07,0.05,-158.12,-67.81,85.0,0.56,1.31,0.13,-0.08,-0.05,0.12,14.44,64.5,72.94,0.31,1.31,0.94,13,14
1772048633.258396,5971857,0.04,-0.1,0.1,-158.19,-67.87,85.0,0.56,-1.06,0.13,-0.1,-0.06,0.11,14.44,64.44,72.94,0.0,0.69,0.06,13,14
1772048633.448484,5972047,0.13,-0.1,0.05,-158.19,-67.81,85.0,0.69,1.19,0.06,-0.13,0.0,0.01,14.44,64.44,72.94,-0.31,0.13,0.25,13,14
1772048633.639945,5972238,0.04,0.01,0.08,-158.0,-67.81,84.87,0.5,0.62,-0.06,-0.08,-0.01,0.04,14.44,64.44,72.87,-0.06,-0.62,-0.31,13,14
1772048633.831767,5972430,0.05,-0.05,0.06,-158.12,-67.81,84.94,-0.31,-0.69,-0.37,-0.1,-0.04,0.05,14.5,64.5,72.87,-0.37,-0.94,0.06,14,14
1772048634.024786,5972623,0.08,-0.11,0.04,-158.31,-67.62,85.0,-0.19,1.75,-0.19,-0.07,-0.05,0.09,14.56,64.56,72.87,0.19,-0.5,-0.37,14,14
1772048634.215899,5972814,0.11,-0.09,0.08,-158.5,-67.56,85.0,-0.69,-0.62,-0.19,-0.08,-0.05,0.1,14.56,64.62,72.87,0.19,0.25,0.25,14,14
1772048634.409837,5973008,0.14,-0.09,0.08,-158.44,-67.56,85.0,-0.44,-0.25,0.19,-0.01,-0.1,0.11,14.5,64.62,72.94,0.75,1.25,0.5,15,15
1772048634.601734,5973200,0.09,-0.08,0.1,-158.44,-67.56,85.0,-0.19,-0.06,-0.06,-0.11,-0.04,0.14,14.5,64.62,72.87,0.13,-0.25,0.13,16,15
1772048634.793218,5973392,0.07,-0.1,0.06,-158.5,-67.56,85.06,-0.31,-0.25,0.37,-0.08,-0.07,0.1,14.56,64.62,72.87,-0.13,1.12,0.69,15,15
1772048634.984811,5973583,0.14,-0.12,0.03,-158.56,-67.5,85.12,0.0,-0.06,0.0,-0.09,-0.06,0.14,14.56,64.56,72.87,-0.06,0.69,0.44,15,15
1772048635.176525,5973775,0.09,-0.13,0.05,-158.56,-67.5,85.12,-0.06,0.31,0.31,-0.07,-0.05,0.09,14.5,64.5,72.87,-0.13,0.56,0.25,16,15
1772048635.368759,5973967,0.08,-0.18,0.11,-158.62,-67.5,85.19,0.56,0.13,-0.13,-0.08,-0.05,0.05,14.5,64.5,72.87,0.0,0.06,0.31,16,15
1772048635.560319,5974159,0.07,-0.08,0.04,-158.56,-67.5,85.06,0.37,1.06,-0.19,-0.09,-0.01,0.04,14.5,64.44,72.87,-0.19,-0.13,-0.31,16,15
1772048635.753863,5974352,0.08,-0.05,0.06,-158.62,-67.44,85.06,0.37,0.44,-0.13,-0.09,-0.02,0.05,14.5,64.44,72.87,-0.13,-0.31,-0.44,16,15
1772048635.946557,5974545,0.07,-0.01,0.05,-158.62,-67.37,85.06,-0.19,0.0,0.31,-0.06,-0.03,0.04,14.5,64.56,72.87,0.06,-0.62,-0.5,16,15
1772048636.138463,5974737,0.02,-0.07,0.1,-158.56,-67.5,85.12,0.37,0.06,0.0,-0.11,-0.03,0.09,14.5,64.5,72.87,-0.06,-0.31,-0.06,16,15
1772048636.330421,5974929,0.11,-0.04,0.08,-158.69,-67.37,85.06,-0.56,0.19,-0.37,-0.1,0.0,0.09,14.5,64.5,72.87,-0.37,-0.56,-0.19,16,14
1772048636.521946,5975120,0.08,-0.06,0.05,-158.75,-67.25,85.06,-0.37,-0.13,0.31,-0.11,-0.04,0.08,14.5,64.5,72.87,0.37,0.0,0.25,16,14
1772048636.712204,5975311,0.11,-0.08,0.1,-158.81,-67.31,85.12,0.37,-0.94,0.31,-0.04,-0.04,0.08,14.56,64.56,72.94,-0.31,0.81,0.25,16,14
1772048636.905023,5975503,0.13,-0.12,0.03,-158.81,-67.37,85.19,0.19,0.75,-0.06,-0.11,-0.06,0.05,14.56,64.5,72.94,-0.06,0.25,0.25,16,14
1772048637.096919,5975695,0.11,-0.09,0.05,-158.81,-67.31,85.19,-0.06,-0.13,0.44,-0.12,0.01,0.08,14.5,64.44,72.94,0.0,0.06,0.06,16,14
1772048637.289038,5975888,0.1,-0.1,0.01,-158.81,-67.31,85.19,0.62,0.5,-0.5,-0.1,0.0,0.05,14.5,64.44,72.94,0.0,0.37,0.37,16,14
1772048637.478775,5976077,0.14,0.0,0.07,-158.81,-67.31,85.19,0.0,0.5,0.31,-0.14,-0.03,0.04,14.5,64.44,72.94,0.06,-0.88,-0.5,16,14
1772048637.670823,5976269,0.09,-0.04,0.07,-158.87,-67.31,85.19,-0.13,-0.13,0.0,-0.08,-0.07,0.11,14.5,64.44,72.94,0.13,-0.5,-0.13,15,14
1772048637.863131,5976461,0.13,-0.07,0.1,-158.87,-67.31,85.19,-0.44,-0.13,0.56,-0.07,-0.06,0.08,14.56,64.5,72.94,-0.31,-1.12,-0.5,15,14
1772048638.055182,5976654,0.09,-0.05,0.06,-158.87,-67.31,85.25,-0.19,-0.5,-0.31,-0.11,-0.02,0.12,14.56,64.62,72.94,0.13,0.31,0.19,16,14
1772048638.2477,5976846,0.12,-0.04,0.06,-158.87,-67.31,85.25,-0.31,0.44,-0.06,-0.12,-0.02,0.05,14.56,64.62,72.94,-0.19,-0.62,0.06,14,15
1772048638.439628,5977038,0.09,-0.15,0.06,-158.94,-67.31,85.31,0.5,-0.37,0.37,-0.11,-0.06,0.1,14.56,64.62,72.94,0.13,0.31,0.13,14,15
1772048638.63117,5977230,0.15,-0.12,0.07,-159.0,-67.12,85.19,0.81,0.69,-0.19,-0.1,-0.05,0.09,14.56,64.62,72.94,0.25,0.56,0.5,14,15
1772048638.822036,5977420,0.09,0.0,0.05,-158.94,-67.19,85.12,0.31,-0.37,-0.06,-0.09,-0.03,0.1,14.56,64.56,72.87,-0.06,0.5,0.31,14,15
1772048639.013252,5977612,0.08,-0.13,0.09,-158.94,-67.19,85.19,0.37,-0.31,-0.31,-0.08,-0.04,0.1,14.63,64.56,72.87,-0.06,0.44,0.25,14,15
1772048639.204024,5977802,0.13,-0.06,0.04,-158.94,-67.19,85.12,0.25,0.62,0.06,-0.07,-0.08,0.11,14.63,64.56,72.87,-0.13,-1.12,-0.44,15,15
1772048639.394483,5977993,0.11,-0.01,0.04,-158.87,-67.12,85.0,-1.12,0.13,0.69,-0.13,-0.06,0.1,14.56,64.56,72.87,-0.13,0.5,0.06,16,15
1772048639.585291,5978184,0.12,-0.12,0.05,-158.87,-67.06,85.06,0.56,0.25,0.13,-0.15,-0.05,0.12,14.56,64.5,72.87,-0.06,0.06,0.13,15,15
1772048639.775769,5978375,0.1,-0.11,0.04,-158.87,-67.06,85.06,-0.37,0.37,0.25,-0.13,-0.05,0.16,14.56,64.5,72.87,0.37,0.31,0.0,16,15
1772048639.967031,5978565,0.13,-0.09,0.07,-158.94,-67.06,85.0,-0.06,-1.44,0.13,-0.12,-0.06,0.15,14.56,64.56,72.94,-0.19,0.06,0.19,15,15
1772048640.157364,5978756,0.11,-0.02,0.02,-158.87,-67.06,85.0,0.88,0.5,-0.5,-0.12,-0.06,0.1,14.56,64.62,72.87,-0.19,-0.69,-0.25,16,15
1772048640.348133,5978947,0.08,-0.12,0.06,-159.06,-67.06,85.12,-0.06,-0.5,0.06,-0.11,-0.07,0.09,14.56,64.62,72.87,0.31,0.06,-0.13,15,15
1772048640.53878,5979137,0.14,-0.05,0.1,-159.0,-67.06,85.06,-0.37,0.56,0.06,-0.09,-0.1,0.07,14.63,64.69,72.87,0.13,-1.12,-0.31,16,15
1772048640.729384,5979328,0.09,-0.06,0.08,-159.0,-67.12,85.06,-0.62,-0.88,0.06,-0.15,-0.03,0.17,14.63,64.75,72.87,0.31,0.5,-0.06,16,16
1772048640.920392,5979519,0.13,-0.09,0.07,-159.0,-67.12,85.06,0.44,-0.62,-0.06,-0.15,-0.05,0.07,14.69,64.62,72.87,-0.69,0.0,-0.13,15,15
1772048641.110528,5979709,0.1,-0.08,0.06,-159.06,-67.12,85.19,-0.56,0.37,0.25,-0.12,-0.05,0.11,14.69,64.5,72.87,0.06,0.44,0.25,15,15
1772048641.301138,5979900,0.1,-0.14,0.03,-159.0,-67.12,85.19,0.81,-0.31,-0.06,-0.13,0.0,0.04,14.69,64.44,72.87,0.06,0.88,0.37,14,15
1772048641.492125,5980091,0.1,-0.04,0.05,-158.94,-67.12,85.06,0.31,0.19,0.25,-0.08,-0.03,0.09,14.69,64.31,72.81,0.0,-0.06,-0.06,16,16
1772048641.682993,5980282,0.1,-0.09,0.09,-159.0,-67.12,85.12,0.25,-0.44,-0.31,-0.08,-0.06,0.11,14.69,64.19,72.81,0.13,0.06,-0.19,14,16
1772048641.873806,5980472,0.15,-0.08,0.05,-159.0,-67.06,85.06,-0.5,0.69,0.13,-0.06,-0.06,0.1,14.69,64.19,72.81,-0.06,-0.75,-0.25,15,16
1772048642.064422,5980663,0.11,-0.06,0.03,-159.06,-67.0,85.06,-0.62,-0.19,-0.19,-0.14,0.0,0.12,14.75,64.31,72.81,0.19,0.13,0.75,15,16
1772048642.255062,5980854,0.11,-0.06,0.07,-158.94,-67.12,85.06,1.31,-1.69,-0.31,-0.08,-0.04,0.06,14.81,64.37,72.81,0.06,0.37,0.25,14,16
1772048642.446014,5981045,0.12,-0.09,0.05,-159.06,-67.25,85.25,-1.06,0.13,0.75,-0.05,-0.07,0.09,14.81,64.37,72.81,0.31,0.37,0.06,14,15
1772048642.636509,5981235,0.14,-0.16,0.07,-159.0,-67.19,85.19,1.12,0.44,-0.31,-0.04,0.0,0.08,14.81,64.44,72.81,0.19,0.88,0.56,13,15
1772048642.827519,5981426,0.16,0.01,0.05,-159.0,-67.19,85.12,0.5,0.19,-0.06,-0.08,0.01,0.06,14.81,64.44,72.81,-0.19,0.0,-0.06,14,15
1772048643.018396,5981617,0.07,-0.08,0.08,-159.0,-67.25,85.19,0.5,-0.31,-0.06,-0.06,-0.01,0.04,14.81,64.44,72.81,-0.37,0.0,-0.06,13,15
1772048643.209062,5981808,0.11,-0.13,0.07,-159.06,-67.31,85.25,0.25,0.25,0.19,-0.08,-0.06,0.11,14.81,64.37,72.81,-0.44,-0.37,-0.44,14,15
1772048643.400063,5981999,0.05,-0.02,0.05,-159.12,-67.31,85.25,-0.44,-0.31,0.13,-0.15,0.0,0.12,14.75,64.31,72.81,-0.19,0.31,-0.25,13,15
1772048643.590814,5982189,0.12,-0.03,0.05,-159.19,-67.19,85.25,-0.06,-0.44,-0.06,-0.09,-0.05,0.07,14.75,64.31,72.81,-0.31,0.75,-0.06,14,15
1772048643.781408,5982380,0.13,-0.07,0.06,-159.19,-67.25,85.31,-0.75,0.44,0.06,-0.11,-0.06,0.05,14.75,64.31,72.81,0.19,0.62,0.31,13,15
1772048643.971782,5982571,0.14,-0.18,0.02,-159.12,-67.25,85.25,0.19,0.13,0.0,-0.1,-0.01,0.09,14.69,64.31,72.81,0.19,0.0,0.37,14,15
1772048644.162492,5982761,0.1,-0.07,0.01,-159.06,-67.25,85.12,1.12,0.75,-0.19,-0.08,0.02,0.04,14.75,64.44,72.81,-0.06,-1.31,-0.69,14,15
1772048644.353699,5982952,0.08,0.0,0.07,-159.19,-67.19,85.19,0.19,-0.5,-0.37,-0.06,-0.05,0.1,14.81,64.44,72.81,-0.25,0.0,-0.06,12,15
1772048644.544394,5983143,0.08,-0.06,0.06,-159.19,-67.25,85.31,-1.06,0.88,0.25,-0.09,-0.05,0.1,14.88,64.5,72.81,0.19,-0.56,-0.69,13,15
1772048644.735095,5983334,0.09,-0.07,0.05,-159.19,-67.19,85.25,-0.75,-0.25,0.31,-0.11,-0.01,0.09,14.81,64.5,72.81,-0.25,0.31,0.25,12,15
1772048644.926001,5983524,0.16,-0.12,0.02,-159.12,-67.19,85.19,-0.31,-0.25,0.0,-0.12,-0.03,0.04,14.81,64.56,72.81,-0.06,-0.37,0.0,14,15
1772048645.116426,5983715,0.07,-0.1,0.11,-159.0,-67.37,85.25,0.31,-1.31,0.13,-0.11,0.0,0.12,14.81,64.56,72.81,0.06,0.56,-0.06,12,15
1772048645.307214,5983906,0.14,0.0,0.01,-158.94,-67.37,85.19,0.06,0.56,0.56,-0.13,0.02,0.04,14.81,64.5,72.81,0.13,0.25,-0.13,13,15
1772048645.498287,5984097,0.08,-0.05,0.08,-158.87,-67.44,85.12,-0.13,0.25,-0.06,-0.09,-0.05,0.09,14.81,64.44,72.81,-0.19,-0.37,-0.06,13,15
1772048645.688854,5984288,0.1,-0.08,0.07,-158.94,-67.37,85.12,0.19,-0.62,-0.13,-0.09,-0.03,0.06,14.81,64.44,72.81,0.19,0.56,0.19,14,15
1772048645.879499,5984478,0.05,-0.09,0.07,-158.94,-67.37,85.12,-0.5,0.5,0.31,-0.14,-0.01,0.08,14.75,64.44,72.81,0.0,0.25,-0.19,14,15
1772048646.070229,5984669,0.19,-0.06,0.05,-158.94,-67.25,85.0,-0.81,-0.13,0.31,-0.05,-0.08,0.14,14.75,64.44,72.81,0.37,-0.25,0.0,14,15
1772048646.261185,5984860,0.16,-0.1,0.03,-159.06,-67.25,85.06,0.75,0.81,-0.88,-0.11,0.01,0.02,14.75,64.56,72.81,-0.13,-0.13,0.19,15,15
1772048646.451887,5985050,0.03,-0.08,0.1,-158.94,-67.37,85.12,0.37,-1.19,-0.37,-0.1,-0.02,0.04,14.81,64.62,72.81,0.0,-0.37,-0.25,15,15
1772048646.642547,5985241,0.13,-0.06,0.07,-158.94,-67.37,85.06,-0.94,0.88,0.19,-0.08,-0.05,0.05,14.81,64.62,72.81,0.0,-0.56,-0.31,15,16
1772048646.833074,5985432,0.08,-0.03,0.06,-158.87,-67.31,84.94,-0.5,0.69,0.31,-0.1,-0.02,0.14,14.81,64.62,72.81,0.25,0.25,0.31,15,15
1772048647.023871,5985623,0.17,-0.09,0.03,-158.94,-67.25,84.94,0.69,-0.44,0.13,-0.12,-0.04,0.08,14.81,64.69,72.81,-0.13,-0.13,0.25,15,16
1772048647.214541,5985813,0.1,-0.07,0.07,-158.87,-67.37,85.0,-0.31,0.37,0.13,-0.11,0.0,0.1,14.81,64.69,72.81,0.37,0.37,0.0,15,16
1772048647.405075,5986004,0.1,0.0,0.01,-158.81,-67.37,84.94,0.56,0.69,-0.06,-0.13,0.02,0.08,14.75,64.62,72.81,0.31,1.06,0.31,15,16
1772048647.595982,5986195,0.1,-0.03,0.0,-158.81,-67.37,84.87,0.25,0.75,0.31,-0.09,-0.04,0.12,14.75,64.56,72.81,0.13,0.0,-0.31,14,15
1772048647.786951,5986386,0.06,-0.07,0.04,-158.81,-67.44,84.87,-0.06,-0.88,-0.19,-0.08,-0.05,0.09,14.75,64.56,72.81,-0.31,0.0,0.13,14,14
1772048647.977794,5986576,0.02,-0.06,0.04,-158.69,-67.37,84.87,-0.88,0.69,-0.44,-0.12,-0.08,0.13,14.69,64.5,72.81,0.13,-0.13,0.06,13,14
1772048648.168859,5986767,0.13,-0.08,0.05,-158.81,-67.25,84.81,-0.94,-0.06,0.13,-0.11,-0.02,0.13,14.69,64.56,72.87,-0.13,-0.5,-0.19,13,14
1772048648.359178,5986958,0.11,-0.14,0.03,-158.94,-67.25,84.87,1.0,0.06,-0.5,-0.11,-0.05,0.1,14.75,64.56,72.87,0.06,-0.62,0.25,14,14
1772048648.54968,5987148,0.07,-0.11,0.09,-158.87,-67.44,85.0,0.81,-1.19,0.06,-0.09,-0.03,0.07,14.75,64.62,72.87,0.0,0.25,-0.06,13,14
1772048648.740695,5987339,0.12,-0.01,0.0,-158.81,-67.37,84.87,-0.62,0.56,0.06,-0.09,-0.02,0.1,14.75,64.69,72.87,0.19,-0.5,-0.19,14,14
1772048648.931285,5987530,0.09,0.0,0.02,-158.81,-67.37,84.87,-0.56,-0.06,-0.06,-0.09,-0.05,0.12,14.75,64.69,72.87,0.0,-0.13,0.06,14,14
1772048649.122436,5987721,0.07,-0.08,0.08,-158.81,-67.44,84.87,0.0,-0.94,0.56,-0.1,-0.02,0.08,14.75,64.69,72.87,0.13,-0.56,-0.25,14,14
1772048649.312878,5987912,0.04,-0.08,0.06,-158.69,-67.56,84.87,0.06,-0.81,-0.06,-0.1,-0.01,0.15,14.75,64.69,72.87,0.0,0.37,-0.13,14,14
1772048649.503765,5988102,0.14,-0.16,0.04,-158.75,-67.5,84.87,-0.31,-0.13,0.62,-0.09,-0.05,0.09,14.75,64.69,72.87,0.31,0.88,0.62,15,14
1772048649.694311,5988293,0.14,-0.12,0.02,-158.69,-67.44,84.81,0.75,0.56,-0.5,-0.14,-0.01,0.1,14.75,64.62,72.87,0.44,-0.13,0.19,15,15
1772048649.88501,5988484,0.13,-0.06,0.02,-158.62,-67.5,84.75,1.0,-0.94,0.0,-0.11,-0.01,0.13,14.75,64.62,72.87,0.13,0.37,0.06,15,15
1772048650.076256,5988675,0.2,-0.08,0.0,-158.69,-67.44,84.75,-0.69,1.56,0.19,-0.09,-0.04,0.06,14.69,64.62,72.87,0.06,-1.19,-0.69,15,16
1772048650.266505,5988866,0.05,0.05,0.05,-158.69,-67.37,84.69,-1.56,0.06,0.31,-0.11,-0.06,0.2,14.69,64.69,72.87,0.19,0.37,0.13,15,16
1772048650.457586,5989056,0.12,-0.11,0.05,-158.81,-67.31,84.69,0.13,-0.25,0.19,-0.13,-0.04,0.07,14.75,64.69,72.87,-0.06,-0.75,-0.5,15,16
1772048650.648221,5989247,0.08,-0.06,0.07,-158.75,-67.37,84.69,-0.56,-1.5,0.0,-0.05,-0.03,0.16,14.75,64.75,72.87,-0.19,0.44,0.31,16,16
1772048650.839054,5989438,0.18,-0.15,0.06,-158.69,-67.37,84.69,-0.81,0.06,0.0,-0.12,-0.05,0.15,14.75,64.75,72.87,0.06,0.19,0.31,15,16
1772048651.0305,5989629,0.1,-0.15,0.0,-158.62,-67.37,84.56,0.56,0.37,-0.37,-0.11,-0.03,0.07,14.75,64.81,72.81,0.13,-0.5,0.25,16,15
1772048651.220789,5989820,0.1,-0.02,0.07,-158.5,-67.37,84.37,0.69,-1.44,0.62,-0.12,0.03,0.06,14.75,64.75,72.94,-1.12,0.88,-0.81,16,16
1772048651.411699,5990010,0.1,-0.07,0.07,-158.19,-67.44,84.31,-1.12,1.0,-0.81,-0.12,-0.06,0.06,14.88,64.69,72.94,-1.06,-1.44,-0.06,16,15
1772048651.602488,5990201,0.07,-0.17,0.07,-158.37,-67.44,84.5,-0.19,-1.12,0.31,-0.13,0.0,0.13,14.81,64.62,72.94,0.0,0.88,-0.13,16,16
1772048651.79403,5990393,0.2,-0.09,0.01,-158.12,-67.37,84.31,-0.75,1.44,0.37,-0.1,-0.1,0.15,14.88,64.5,72.87,0.88,0.69,1.19,15,15
1772048651.984473,5990584,0.09,-0.2,0.01,-158.56,-67.44,84.56,1.62,0.37,0.88,-0.11,-0.04,0.22,14.88,64.37,72.87,0.37,1.0,0.25,15,15
1772048652.174676,5990774,0.14,0.01,0.05,-158.37,-67.37,84.25,0.25,-1.5,0.13,-0.11,-0.02,0.08,14.88,64.37,72.81,0.19,0.25,0.44,14,15
1772048652.365343,5990964,0.09,-0.04,0.05,-158.44,-67.5,84.5,0.69,1.87,1.31,-0.1,0.02,0.07,14.81,64.25,72.94,0.13,-0.31,-1.06,15,15
1772048652.556129,5991155,0.1,0.01,0.01,-158.56,-67.25,84.37,-1.12,-0.37,0.0,-0.07,-0.03,0.02,14.81,64.25,72.87,0.62,-1.56,0.0,14,15
1772048652.747697,5991346,0.14,-0.16,0.01,-158.56,-67.37,84.44,-0.5,-0.37,1.19,-0.1,0.0,0.08,14.75,64.31,72.87,-0.06,-0.44,-0.06,15,15
1772048652.939318,5991538,0.11,-0.03,0.08,-158.25,-67.5,84.31,-0.88,-0.19,-0.31,-0.11,-0.04,0.09,14.75,64.31,72.81,1.06,0.37,1.06,15,15
1772048653.128962,5991728,0.11,-0.12,0.04,-158.62,-67.44,84.5,1.31,-1.06,0.94,-0.08,0.0,0.1,14.81,64.25,72.87,0.25,-0.31,-0.31,14,15
1772048653.319329,5991918,0.18,0.01,0.03,-158.25,-67.44,84.12,-0.88,-0.19,0.5,-0.01,-0.02,0.09,14.75,64.25,72.81,-0.13,0.0,-0.31,15,16
1772048653.511082,5992110,0.1,-0.14,0.08,-158.44,-67.44,84.25,0.81,-0.88,-1.06,-0.12,-0.02,0.03,14.75,64.25,72.81,0.19,0.5,0.19,14,16
1772048653.703308,5992302,0.14,-0.07,0.01,-158.31,-67.44,84.25,-0.94,0.56,0.75,-0.08,0.02,0.01,14.75,64.25,72.81,0.25,0.0,-0.06,16,16
1772048653.894851,5992494,0.08,-0.05,0.04,-158.12,-67.5,84.06,0.75,0.37,-0.62,-0.11,0.0,0.06,14.75,64.25,72.81,0.13,0.37,0.5,15,15
1772048654.087602,5992686,0.09,-0.07,0.06,-158.19,-67.5,84.12,0.25,0.0,-0.62,-0.11,-0.05,0.1,14.75,64.19,72.81,0.06,-0.56,-0.37,15,15
1772048654.278595,5992878,0.13,-0.03,0.04,-158.12,-67.5,84.06,-1.75,0.0,0.81,-0.1,-0.02,0.1,14.75,64.19,72.81,0.13,0.31,-0.19,14,15
1772048654.471699,5993071,0.14,0.0,0.04,-157.81,-67.37,84.31,-0.81,-0.31,0.69,-0.09,-0.05,0.11,14.69,64.12,72.81,-0.62,0.06,-0.37,13,15
1772048654.663718,5993263,0.13,-0.08,0.04,-157.81,-67.37,85.06,-0.44,-0.25,-0.31,-0.08,0.01,0.08,14.69,64.25,72.87,0.37,-0.81,0.56,14,16
1772048654.855801,5993455,0.21,0.0,0.0,-158.19,-67.37,85.94,2.12,-0.13,0.06,-0.13,0.02,0.02,14.81,64.37,72.87,-0.81,-0.13,-0.94,13,15
1772048655.047055,5993646,0.19,-0.03,0.07,-158.19,-67.5,86.5,-3.5,0.69,1.44,-0.06,-0.07,0.04,14.75,64.44,72.87,0.81,-0.44,0.19,13,15
1772048655.238719,5993838,0.03,-0.16,0.08,-158.0,-67.62,87.12,1.12,0.13,0.31,-0.1,0.06,0.08,14.69,64.44,72.87,0.25,0.06,0.06,12,15
1772048655.428587,5994028,0.17,0.1,0.03,-157.81,-67.5,87.0,-0.19,-1.12,0.75,-0.1,0.01,0.1,14.75,64.44,72.87,-0.06,-0.44,0.19,12,15
1772048655.620827,5994220,0.07,-0.32,0.01,-158.56,-67.69,87.94,-1.5,1.69,-0.56,-0.07,0.01,-0.08,14.81,64.5,72.81,-1.56,0.19,-0.06,11,15
1772048655.812314,5994411,0.03,-0.22,0.06,-158.31,-67.94,88.0,0.13,-0.5,-0.62,-0.13,0.01,0.05,14.69,64.37,72.75,-0.81,-0.31,-0.5,12,15
1772048656.002709,5994602,0.14,-0.03,0.0,-158.25,-67.81,88.12,0.88,0.06,-0.19,-0.05,0.02,0.04,14.69,64.31,72.81,-0.31,-0.31,0.0,14,14
1772048656.192396,5994791,0.11,-0.05,0.01,-158.31,-67.87,88.25,0.37,1.87,-1.19,-0.07,-0.06,0.11,14.88,64.25,72.69,0.31,-0.06,0.25,14,14
1772048656.382823,5994981,0.18,-0.08,0.02,-159.06,-67.81,88.87,-2.62,0.25,-0.37,-0.07,-0.01,0.01,14.88,64.25,72.62,-1.19,-0.13,-0.44,15,15
1772048656.574268,5995173,0.05,-0.02,0.05,-158.44,-67.87,88.87,-0.69,0.31,0.37,-0.14,-0.02,0.16,14.88,64.12,72.69,-0.69,-0.19,0.37,14,14
1772048656.765458,5995364,0.22,-0.1,-0.01,-159.12,-67.62,89.31,1.06,0.19,-1.0,-0.07,-0.01,0.04,15.0,64.19,72.69,0.06,-0.5,-0.25,13,14
1772048656.956258,5995555,0.11,0.0,0.04,-159.12,-67.75,89.69,-0.19,-0.06,0.69,-0.1,0.06,0.0,14.88,64.25,72.69,0.13,-0.06,-0.44,14,14
1772048657.146693,5995746,0.1,-0.01,0.06,-158.75,-67.81,89.37,-0.56,0.13,0.37,-0.03,0.0,0.04,14.88,64.19,72.69,-0.06,0.5,0.13,14,14
1772048657.337453,5995937,0.04,-0.04,0.1,-158.69,-67.81,89.44,0.56,-0.06,-0.13,-0.06,-0.01,0.11,14.94,64.19,72.75,0.19,0.5,0.44,14,14
1772048657.528353,5996127,0.17,-0.03,0.02,-158.87,-67.62,89.44,0.25,-0.37,0.5,-0.1,0.0,0.02,14.94,64.19,72.81,0.19,-0.5,-0.44,14,14
1772048657.718926,5996318,0.09,-0.04,0.08,-158.75,-67.75,89.5,-0.56,-1.37,1.0,-0.11,0.01,0.08,14.94,64.25,72.81,0.19,0.06,0.19,15,14
1772048657.909657,5996509,0.11,-0.06,0.01,-158.75,-67.81,89.56,1.44,0.31,-0.44,-0.08,0.03,0.01,14.94,64.19,72.81,-0.06,1.31,0.06,14,14
1772048658.099771,5996699,0.07,-0.08,0.06,-158.87,-67.75,89.69,-0.88,1.37,-0.37,-0.09,-0.01,0.04,14.94,64.12,72.75,-0.44,0.25,-0.13,13,14
1772048658.290661,5996889,0.17,-0.12,0.04,-158.94,-67.62,89.69,-0.31,0.13,-0.25,-0.04,0.01,0.04,14.88,64.06,72.75,-0.13,-1.19,-0.25,13,14
1772048658.481345,5997080,0.11,0.04,0.04,-158.87,-67.62,89.56,-0.25,-0.25,0.5,-0.09,0.0,0.14,14.81,64.0,72.75,0.19,1.25,0.37,14,14
1772048658.672183,5997271,0.16,-0.01,0.01,-159.0,-67.56,89.56,-0.25,0.25,0.06,-0.17,0.04,0.06,14.88,64.06,72.75,0.0,-1.06,-0.25,14,14
1772048658.862893,5997462,0.13,-0.05,0.06,-159.0,-67.5,89.56,0.0,0.44,0.5,-0.12,0.02,0.09,14.88,64.12,72.75,0.19,-0.5,-0.44,15,15
1772048659.053668,5997653,0.12,-0.12,0.08,-159.0,-67.5,89.5,1.12,-0.5,-0.75,-0.09,0.0,0.08,14.94,64.19,72.75,-0.06,0.13,0.19,15,15
1772048659.244212,5997843,0.14,0.0,0.04,-159.0,-67.56,89.56,-0.44,0.56,0.13,-0.05,0.0,0.02,14.94,64.19,72.75,0.19,-0.31,-0.37,15,15
1772048659.435119,5998034,0.11,-0.02,0.04,-158.94,-67.62,89.56,0.19,-0.5,0.06,-0.07,0.03,0.04,14.94,64.19,72.75,0.13,-0.06,0.13,16,15
1772048659.626129,5998225,0.11,-0.04,0.07,-158.94,-67.56,89.56,-0.25,0.75,-0.13,-0.08,-0.01,0.02,14.94,64.25,72.75,0.0,-0.81,-0.06,16,15
1772048659.816989,5998416,0.08,-0.07,0.03,-159.0,-67.62,89.62,-0.69,-0.69,0.19,-0.1,0.0,0.07,14.94,64.19,72.75,-0.06,0.06,0.25,16,15
1772048660.007601,5998607,-0.04,-0.07,0.13,-159.0,-67.62,89.56,0.31,1.56,0.69,-0.11,0.02,0.02,14.94,64.12,72.75,0.06,-0.19,-0.13,16,15
1772048660.198265,5998797,0.11,-0.05,0.02,-159.0,-67.37,89.44,0.37,-1.19,0.19,-0.09,-0.04,0.11,14.88,64.06,72.75,-0.13,0.62,-0.13,16,15
1772048660.38915,5998988,0.17,-0.14,0.03,-159.0,-67.37,89.5,0.56,0.44,-0.25,-0.13,0.01,0.02,14.88,64.12,72.75,-0.19,0.13,0.06,16,15
1772048660.579576,5999179,0.07,-0.02,0.09,-158.81,-67.5,89.44,0.06,0.13,0.25,-0.15,0.03,0.02,14.88,64.12,72.75,0.13,0.06,0.13,16,15
1772048660.770771,5999370,0.12,-0.03,0.03,-158.94,-67.44,89.44,-0.31,0.75,0.06,-0.1,0.01,0.07,14.88,64.12,72.75,0.13,-0.5,-0.44,16,16
1772048660.961219,5999560,0.18,-0.02,0.04,-158.94,-67.37,89.37,-0.31,1.0,0.06,-0.06,0.0,0.06,14.88,64.12,72.75,0.0,-1.12,-0.13,16,16
1772048661.152044,5999751,0.09,-0.03,0.06,-159.0,-67.37,89.44,-0.62,0.06,0.0,-0.08,-0.01,0.12,14.94,64.25,72.75,0.44,1.06,0.69,15,16
1772048661.34311,5999942,0.12,-0.06,0.02,-159.06,-67.37,89.44,0.37,-0.31,-0.13,-0.12,0.01,0.08,14.94,64.25,72.75,-0.25,-0.25,-0.25,15,16
1772048661.53354,6000133,0.12,-0.06,0.02,-159.0,-67.37,89.37,-0.94,0.0,0.19,-0.07,-0.04,0.12,14.94,64.25,72.75,0.06,0.0,-0.13,15,16
1772048661.724574,6000324,0.1,-0.13,0.04,-159.06,-67.37,89.37,0.19,-0.13,-0.25,-0.09,0.01,0.04,15.0,64.31,72.75,-0.25,-0.25,0.19,14,15
1772048661.915142,6000514,0.15,-0.04,0.01,-159.0,-67.44,89.37,0.75,0.37,-0.13,-0.1,0.03,0.01,14.94,64.25,72.75,0.13,-0.5,-0.44,15,15
1772048662.105793,6000705,0.11,-0.1,0.05,-159.06,-67.44,89.44,0.06,-0.06,-0.06,-0.14,0.03,0.05,14.94,64.25,72.75,0.0,-0.25,-0.31,15,15
1772048662.296345,6000896,0.16,0.0,0.05,-159.06,-67.44,89.44,0.0,0.75,0.0,-0.08,0.0,0.14,14.94,64.19,72.75,-0.31,-0.37,-0.5,16,15
1772048662.487302,6001086,0.12,-0.04,0.04,-159.0,-67.44,89.44,-0.94,-0.62,0.19,-0.12,-0.01,0.09,14.94,64.19,72.75,-0.06,0.44,0.06,15,15
1772048662.67812,6001277,0.14,-0.06,0.0,-159.0,-67.44,89.37,0.0,0.19,0.31,-0.11,0.0,0.1,14.88,64.12,72.75,-0.19,0.13,-0.06,16,15
1772048662.868635,6001468,0.16,-0.06,0.02,-159.06,-67.37,89.37,-0.56,0.5,0.44,-0.1,0.0,0.08,14.88,64.12,72.75,0.31,0.44,-0.19,15,14
1772048663.059371,6001659,0.18,0.05,0.01,-158.87,-67.37,89.25,0.06,0.62,-0.25,-0.12,0.05,0.03,14.94,64.25,72.75,-0.06,0.06,0.06,14,14
1772048663.250206,6001850,0.07,-0.08,0.01,-159.0,-67.44,89.31,0.37,0.31,-0.31,-0.07,-0.02,0.12,14.94,64.25,72.75,0.06,0.13,0.06,14,14
1772048663.441338,6002040,0.1,-0.03,-0.01,-159.0,-67.44,89.37,-0.13,-0.75,0.13,-0.1,0.0,0.09,15.0,64.25,72.75,0.13,-0.69,-0.19,14,14
1772048663.63224,6002231,0.09,-0.04,0.02,-158.94,-67.44,89.31,-0.69,0.06,0.56,-0.15,0.09,0.14,15.0,64.25,72.75,-0.56,-1.19,-0.37,15,15
1772048663.82264,6002422,0.18,-0.11,0.05,-159.12,-67.44,89.44,0.94,-0.69,0.13,-0.09,-0.01,0.11,15.0,64.31,72.75,-0.13,0.75,0.56,14,15
1772048664.013282,6002613,0.16,-0.06,0.01,-159.12,-67.44,89.44,0.69,0.5,-0.25,-0.12,0.04,0.01,15.0,64.25,72.75,-0.44,0.06,-0.31,14,14
