host_time_s,t_ms,ax1,ay1,az1,roll1,pitch1,yaw1,gx1,gy1,gz1,ax2,ay2,az2,roll2,pitch2,yaw2,gx2,gy2,gz2,emg1,emg2
1772053250.065545,1925218,-0.04,-0.55,-0.24,-99.56,-75.69,49.44,-6.50,3.37,1.81,-0.17,0.05,-0.03,-132.69,41.25,8.88,-5.25,-1.06,1.62,8,6
1772053250.066470,1925409,-0.01,0.32,0.12,-95.31,-74.06,45.69,-10.38,-3.94,7.37,-0.11,0.20,0.07,-132.25,41.06,10.81,-6.50,-6.31,4.31,8,7
1772053250.067343,1925598,-0.22,0.14,0.03,-91.94,-73.44,44.56,5.19,1.75,-3.87,-0.02,-0.04,-0.15,-132.75,40.81,11.69,-1.31,-4.75,3.00,9,6
1772053250.068057,1925790,0.12,-0.35,-0.10,-94.19,-74.44,46.44,3.37,-4.69,-4.31,-0.14,0.08,-0.08,-132.94,40.69,11.94,-0.88,1.81,-0.25,9,7
1772053250.068770,1925981,-0.26,0.11,0.20,-90.94,-74.37,46.94,1.37,-4.37,3.31,-0.01,0.12,-0.06,-132.50,40.94,11.88,-1.44,2.31,1.87,8,7
1772053250.069418,1926172,0.13,0.34,0.12,-90.37,-73.75,46.06,-1.19,-1.94,1.44,-0.12,0.02,0.08,-132.69,41.19,11.88,1.62,-2.75,2.94,8,7
1772053250.070009,1926362,-0.10,-0.02,-0.05,-90.12,-73.75,45.94,-4.44,1.06,-2.87,-0.02,0.06,0.00,-133.50,41.44,12.19,1.44,-1.37,6.62,7,6
1772053250.070700,1926552,-0.02,0.00,0.05,-89.87,-74.56,45.81,-0.50,2.19,-4.06,-0.04,0.00,0.04,-134.50,42.31,10.88,0.75,0.25,5.75,7,6
1772053250.071452,1926743,0.05,-0.02,-0.15,-92.50,-75.00,47.00,7.75,1.12,-2.69,0.14,-0.07,0.07,-134.81,42.63,10.38,-1.81,1.50,1.37,7,5
1772053250.072096,1926934,0.04,0.02,0.13,-95.06,-74.62,48.38,10.06,1.69,6.12,-0.11,0.05,0.06,-134.69,42.69,10.50,4.50,-1.37,-2.12,7,5
1772053250.072760,1927125,0.37,-0.15,-0.04,-100.37,-74.19,49.88,9.06,3.81,1.87,-0.28,0.28,0.22,-134.69,42.25,10.63,-13.06,-3.81,5.56,7,4
1772053250.194187,1927315,-0.13,0.24,0.12,-100.31,-73.00,50.19,8.06,6.37,5.44,0.08,-0.02,0.00,-134.06,42.63,12.50,2.12,-3.37,5.06,7,4
1772053250.384431,1927505,-0.08,0.20,-0.28,-107.50,-72.37,50.81,11.38,8.75,-6.25,-0.07,-0.02,-0.12,-135.50,42.38,13.19,-2.75,-2.69,4.44,9,4
1772053250.575724,1927697,0.00,-0.54,-0.11,-115.12,-73.06,54.56,0.81,7.69,-2.69,-0.13,0.03,0.00,-135.81,42.75,12.31,-1.31,-0.25,1.56,11,3
1772053250.767227,1927888,-0.09,-0.21,-0.05,-115.81,-73.06,53.75,-7.00,-2.50,3.69,0.18,-0.13,-0.17,-136.00,42.63,12.13,3.69,-1.56,-3.75,11,4
1772053250.957417,1928079,0.29,0.51,0.17,-115.06,-72.00,51.00,3.44,-6.31,-10.38,0.04,0.00,0.14,-136.12,41.88,14.44,4.25,1.69,4.12,11,4
1772053251.148322,1928269,-0.16,-0.25,-0.25,-118.62,-74.37,55.75,10.75,6.62,-10.56,-0.26,0.09,-0.03,-137.19,42.44,12.06,2.06,1.69,-0.31,11,5
1772053251.338222,1928459,-0.35,-0.28,-0.11,-124.94,-75.62,58.56,0.69,4.87,-10.00,-0.18,-0.07,-0.25,-137.62,42.25,9.88,7.37,6.06,-8.25,11,5
1772053251.528928,1928650,0.11,-0.09,0.18,-127.44,-75.62,58.81,-2.50,-7.37,9.75,0.12,0.02,0.05,-136.81,42.38,10.25,-1.75,0.69,3.19,11,6
1772053251.720457,1928841,0.04,0.02,-0.10,-122.19,-74.75,56.38,-4.87,4.75,3.50,-0.07,0.05,-0.10,-136.87,42.63,10.00,-1.00,-0.56,1.44,11,5
1772053251.911401,1929032,0.06,-0.12,-0.07,-121.69,-74.25,55.38,-1.75,-2.69,1.37,-0.03,0.03,-0.09,-136.75,42.81,9.75,0.25,2.19,-0.37,11,5
1772053252.101440,1929223,-0.05,-0.04,0.02,-118.81,-74.19,54.50,-3.37,-0.62,2.37,-0.07,0.02,0.01,-136.50,43.13,9.44,-0.19,1.50,0.19,11,8
1772053252.291139,1929412,0.01,-0.03,0.00,-118.00,-73.87,53.56,-3.75,0.31,1.44,-0.05,0.05,0.00,-136.19,43.13,9.44,-0.50,1.44,0.00,9,8
1772053252.482883,1929604,-0.02,0.05,0.00,-116.75,-73.69,52.94,0.50,0.88,0.25,-0.05,0.05,-0.02,-136.12,43.19,9.44,0.25,-0.37,0.37,7,9
1772053252.673904,1929795,0.06,-0.09,-0.07,-118.00,-73.69,53.19,-1.19,1.06,-0.94,-0.12,0.05,0.00,-136.19,43.19,9.38,0.69,-0.25,-0.19,7,7
1772053252.864779,1929986,-0.02,-0.11,-0.04,-117.62,-73.81,53.13,0.44,-0.62,-0.25,-0.11,0.12,-0.07,-136.12,43.19,9.38,-2.25,-0.19,0.81,7,7
1772053253.055444,1930176,-0.04,-0.03,-0.01,-116.37,-73.87,53.06,-2.31,0.69,0.00,-0.11,0.14,-0.03,-136.12,43.31,9.19,-0.56,-0.69,0.19,7,7
1772053253.245812,1930367,-0.05,-0.09,-0.02,-116.44,-73.87,53.00,1.00,1.81,-0.31,-0.06,0.08,0.00,-136.12,43.25,9.25,-0.44,-0.31,0.88,7,7
1772053253.436479,1930557,0.09,-0.08,-0.09,-117.37,-73.56,52.75,-0.06,1.37,-0.06,-0.17,0.11,0.01,-136.19,43.25,9.13,0.44,-0.44,-0.06,6,6
1772053253.627554,1930748,-0.12,-0.06,-0.01,-116.44,-73.75,52.75,-0.50,-1.69,-0.94,-0.03,0.06,-0.02,-136.12,43.25,9.19,-0.13,0.88,-0.19,6,7
1772053253.817817,1930939,-0.01,0.01,-0.03,-116.06,-73.62,52.38,-1.44,-1.12,0.56,-0.11,0.08,-0.02,-136.06,43.19,9.31,0.19,0.44,-0.37,5,7
1772053254.008638,1931130,-0.04,0.01,-0.05,-115.37,-73.69,52.25,-0.19,0.00,0.25,-0.07,0.06,-0.03,-136.00,43.19,9.38,0.00,0.31,0.13,6,4
1772053254.199401,1931320,0.00,-0.05,-0.08,-115.31,-73.62,52.13,-0.88,-1.00,-0.31,-0.07,0.07,-0.02,-136.00,43.13,9.38,0.00,-0.19,0.50,6,4
1772053254.390103,1931511,0.02,-0.04,-0.04,-114.81,-73.75,52.13,0.88,-0.75,0.00,-0.08,0.06,-0.01,-136.06,43.19,9.31,0.62,0.94,0.13,6,2
1772053254.580643,1931702,-0.03,0.04,0.00,-114.50,-73.75,52.00,-1.25,-1.06,0.50,-0.08,0.06,-0.07,-136.00,43.19,9.25,0.13,0.50,0.56,6,3
1772053254.771200,1931892,0.03,-0.02,-0.04,-114.37,-73.75,52.00,-0.56,-0.44,-0.31,-0.07,0.04,0.00,-136.00,43.19,9.25,0.31,0.31,0.25,6,3
1772053254.961809,1932083,0.02,0.03,-0.05,-114.19,-73.81,51.94,0.19,-0.75,-0.75,-0.11,0.07,0.00,-136.00,43.19,9.25,0.13,0.06,0.31,6,3
1772053255.152285,1932273,-0.02,0.00,0.00,-113.50,-73.87,52.06,0.25,-1.06,-0.13,-0.14,0.06,-0.04,-136.06,43.19,9.25,0.06,-0.25,-0.06,6,3
1772053255.342933,1932464,-0.03,0.00,0.00,-112.81,-74.06,52.19,0.13,-1.62,-1.06,-0.09,0.06,-0.06,-136.00,43.25,9.25,0.31,0.00,0.06,6,4
1772053255.534306,1932655,-0.02,-0.09,-0.02,-112.94,-74.12,52.44,-0.25,0.31,-0.44,-0.13,0.08,0.00,-136.00,43.25,9.25,0.19,0.13,-0.69,6,3
1772053255.724789,1932846,0.00,0.00,-0.02,-113.00,-74.12,52.25,-0.31,0.31,0.37,-0.09,0.08,-0.02,-136.00,43.19,9.31,-0.31,0.50,-0.69,7,3
1772053255.915384,1933037,0.02,0.07,-0.06,-112.75,-74.00,52.00,-1.50,-0.62,0.06,-0.11,0.08,0.02,-135.87,43.13,9.38,0.31,0.19,-0.25,7,3
1772053256.106353,1933227,-0.01,0.01,-0.01,-112.12,-74.06,51.88,-0.13,-0.06,-0.19,-0.13,0.08,-0.03,-135.94,43.13,9.38,0.06,-0.81,0.06,7,3
1772053256.297191,1933418,-0.03,0.02,-0.01,-111.94,-74.06,51.94,-0.25,-0.31,-0.56,-0.11,0.09,-0.03,-135.94,43.13,9.31,0.62,-0.19,-0.06,7,3
1772053256.487690,1933609,0.01,-0.07,-0.04,-112.25,-74.12,52.06,-0.37,-0.25,0.06,-0.10,0.11,-0.01,-136.00,43.13,9.31,0.37,0.25,-0.19,8,3
1772053256.678119,1933799,0.04,0.03,-0.02,-111.81,-74.06,51.81,-0.37,0.00,0.69,-0.12,0.11,-0.04,-136.00,43.13,9.31,0.50,0.06,0.13,8,3
1772053256.868798,1933990,0.05,-0.02,-0.04,-111.69,-74.06,51.81,-0.37,-0.88,-0.31,-0.11,0.14,-0.01,-136.00,43.13,9.31,0.19,0.37,0.00,8,3
1772053257.059333,1934181,0.03,0.03,-0.03,-111.44,-74.06,51.75,-0.50,-0.25,0.00,-0.10,0.13,0.00,-136.00,43.13,9.31,-0.31,-0.44,0.56,8,3
1772053257.250292,1934372,0.03,0.01,0.03,-111.25,-74.06,51.69,-1.12,-0.88,0.50,-0.15,0.07,-0.06,-136.06,43.13,9.25,0.69,-0.19,0.25,7,2
1772053257.441010,1934562,-0.01,-0.14,0.00,-111.00,-74.12,51.81,0.37,-0.50,0.13,-0.13,0.12,-0.02,-136.12,43.19,9.19,0.31,-0.13,0.69,8,2
1772053257.631306,1934753,-0.08,0.05,-0.09,-111.06,-74.00,51.56,0.44,2.56,0.81,-0.07,0.06,0.00,-136.25,43.19,9.19,1.37,0.31,-0.69,6,3
1772053257.822365,1934943,-0.10,-0.12,0.00,-111.56,-74.12,51.50,-0.44,-2.69,-1.44,-0.07,0.07,-0.09,-136.25,43.13,8.88,1.19,1.62,-0.81,7,4
1772053258.011614,1935133,-0.21,0.00,0.15,-109.44,-74.12,51.31,1.62,-3.75,3.62,0.10,0.06,0.06,-136.00,43.38,9.00,-0.69,1.25,1.94,7,4
1772053258.202679,1935324,0.16,0.19,-0.10,-110.06,-73.44,50.31,-1.56,3.19,-0.31,-0.12,0.08,0.00,-136.12,43.31,9.06,0.06,-1.00,-0.31,7,4
1772053258.394170,1935515,-0.04,-0.13,0.00,-110.31,-73.87,51.13,1.19,-2.44,-1.87,-0.09,0.07,0.03,-136.00,43.13,9.31,-0.25,0.00,-0.81,7,4
1772053258.584617,1935706,0.01,-0.01,0.02,-109.94,-74.00,51.31,-0.56,0.62,0.62,-0.08,0.12,0.00,-136.00,43.00,9.56,-0.13,-0.88,0.00,7,4
1772053258.775517,1935897,-0.04,-0.01,-0.03,-110.06,-74.00,51.31,0.37,0.94,-0.62,-0.13,0.09,0.02,-136.00,42.94,9.69,-0.19,0.25,0.13,7,5
1772053258.966090,1936087,-0.05,-0.01,0.01,-110.19,-74.00,51.38,-0.81,0.13,1.00,-0.04,0.05,0.01,-136.00,42.94,9.69,0.81,0.56,-0.19,7,5
1772053259.156586,1936278,0.03,0.02,-0.01,-110.25,-73.87,51.06,0.13,-1.31,0.50,-0.06,0.06,0.05,-136.00,42.94,9.69,-0.06,0.06,0.00,7,6
1772053259.347655,1936469,0.00,0.01,0.02,-110.06,-73.94,51.06,-0.50,-0.44,-0.06,-0.08,0.08,-0.01,-136.00,42.94,9.69,0.44,-0.13,-0.06,6,6
1772053259.538599,1936660,-0.01,0.01,-0.05,-110.12,-73.94,51.06,1.25,-0.31,-0.37,-0.02,0.09,0.02,-136.00,42.94,9.69,-0.06,-0.50,0.31,7,4
1772053259.729257,1936850,0.03,-0.01,-0.02,-110.12,-73.94,51.13,-0.31,-0.06,0.06,-0.08,0.10,0.03,-136.00,42.94,9.69,-0.50,-0.37,0.25,6,4
1772053259.919736,1937041,0.01,-0.01,0.00,-109.81,-74.00,51.19,-0.56,-0.50,-0.44,-0.05,0.11,0.03,-136.00,42.94,9.69,0.25,-0.25,0.06,6,4
1772053260.110587,1937232,0.03,-0.04,-0.03,-109.75,-74.06,51.25,-0.62,0.19,0.13,-0.13,0.08,0.04,-136.00,42.88,9.69,-0.31,-1.00,0.00,6,4
1772053260.301372,1937423,-0.07,-0.21,0.04,-109.19,-74.12,51.44,2.87,-1.25,-0.37,-0.06,0.11,0.01,-136.00,42.94,9.69,0.06,-0.25,0.37,6,5
1772053260.491840,1937613,-0.01,-0.03,0.00,-109.12,-74.12,51.31,2.81,-0.69,-1.06,-0.03,0.10,0.02,-136.06,42.94,9.69,-0.06,0.69,0.44,6,5
1772053260.682449,1937804,0.03,0.09,-0.02,-109.12,-74.06,51.31,-0.88,-0.06,1.75,-0.03,0.06,0.00,-136.12,43.00,9.63,-0.25,-0.25,0.94,7,5
1772053260.872751,1937994,0.04,0.04,0.00,-109.06,-74.00,51.25,-0.13,0.06,-0.25,-0.03,0.07,0.04,-136.25,43.06,9.56,0.44,-0.56,0.50,7,5
1772053261.063820,1938185,0.00,-0.03,-0.02,-109.19,-74.06,51.31,-0.06,-0.62,-1.06,-0.06,0.05,0.05,-136.25,43.00,9.56,0.50,0.00,0.50,8,4
1772053261.254252,1938376,0.02,0.00,0.02,-109.19,-74.12,51.44,1.62,-0.94,0.06,-0.04,0.10,0.03,-136.31,43.06,9.56,0.31,0.37,0.50,8,4
1772053261.444927,1938566,0.00,-0.02,-0.01,-109.44,-74.12,51.50,0.06,0.94,0.88,-0.05,0.07,0.01,-136.31,43.06,9.56,-0.56,0.13,-0.13,8,4
1772053261.635923,1938757,0.03,-0.03,-0.05,-109.50,-74.06,51.44,-0.44,-0.13,1.06,-0.05,0.15,0.07,-136.25,42.94,9.81,-1.00,-1.25,0.31,8,4
1772053261.825183,1938947,0.01,0.05,0.02,-109.25,-74.06,51.44,0.75,-0.56,-1.94,-0.06,0.08,0.03,-136.31,42.81,10.00,0.25,-1.37,0.19,7,4
1772053262.015821,1939137,0.01,-0.12,0.00,-109.87,-74.37,52.13,1.31,0.06,-1.06,-0.07,0.09,0.03,-136.37,42.75,10.13,0.31,-0.19,0.00,7,4
1772053262.207344,1939329,-0.03,-0.12,0.00,-109.75,-74.44,52.25,0.81,-0.81,0.37,-0.08,0.12,0.05,-136.37,42.81,10.00,0.06,0.75,0.06,6,4
1772053262.398087,1939520,-0.02,0.05,0.00,-109.37,-74.31,51.88,0.19,0.19,0.62,-0.03,0.11,0.05,-136.37,42.81,10.00,-0.06,0.37,0.37,6,3
1772053262.589081,1939710,0.06,0.03,-0.02,-109.69,-74.25,51.81,-0.50,0.88,0.19,-0.07,0.12,0.07,-136.37,42.81,10.06,-0.06,-0.19,0.44,6,3
1772053262.779732,1939901,0.02,-0.03,-0.01,-109.94,-74.31,52.00,0.19,-0.13,-0.44,-0.05,0.11,0.03,-136.37,42.75,10.13,0.50,-0.56,0.19,7,3
1772053262.970450,1940092,0.00,-0.03,-0.03,-109.94,-74.37,52.06,0.69,-0.13,0.37,-0.06,0.06,0.03,-136.44,42.75,10.06,-0.13,-0.13,0.69,7,3
1772053263.161234,1940283,0.00,-0.03,0.00,-110.12,-74.31,52.06,0.37,0.62,0.69,-0.05,0.08,0.04,-136.44,42.81,10.00,-0.06,-0.19,0.62,7,3
1772053263.351730,1940473,0.04,0.00,0.00,-110.37,-74.25,52.06,1.75,-0.56,1.06,-0.02,0.13,0.11,-136.50,42.94,9.94,-0.56,-0.69,1.62,8,4
1772053263.542734,1940664,-0.06,-0.02,-0.04,-110.62,-74.00,52.00,0.88,4.37,-0.81,0.00,0.10,0.00,-136.81,43.06,9.56,-0.25,-0.75,2.44,7,4
1772053263.732353,1940854,-0.34,0.17,0.34,-113.25,-73.75,52.25,5.37,8.56,-0.88,0.20,-0.11,0.08,-137.81,43.38,8.94,4.50,-2.69,1.56,7,5
1772053263.922869,1941044,0.40,-0.17,-0.07,-124.06,-72.50,53.00,2.00,10.25,2.19,0.00,0.13,0.08,-138.56,43.06,9.19,-2.25,-3.62,6.87,7,5
1772053264.114148,1941236,0.01,0.01,-0.20,-123.81,-71.69,52.81,6.62,-1.31,2.25,0.12,-0.02,-0.01,-138.94,44.06,8.44,2.62,1.75,3.44,7,5
1772053264.305242,1941427,0.09,0.04,0.00,-125.31,-71.69,53.25,3.69,2.75,-1.00,-0.36,0.09,-0.09,-139.94,44.00,7.56,6.19,-3.00,-1.12,8,5
1772053264.496156,1941617,-0.22,-0.20,0.03,-128.50,-71.94,54.63,1.81,3.31,-2.19,-0.09,-0.06,-0.28,-140.94,44.25,6.19,-1.44,0.75,6.06,17,5
1772053264.685705,1941807,-0.07,-0.25,-0.23,-133.19,-71.00,55.38,3.31,7.62,7.31,0.24,-0.23,0.28,-141.37,45.00,5.00,4.44,2.50,-1.87,17,5
1772053264.876561,1941998,-0.27,0.10,-0.29,-136.94,-67.94,52.38,-6.25,26.81,-5.06,-0.73,0.49,-0.55,-141.25,44.88,1.62,11.25,3.75,-5.31,16,5
1772053265.067846,1942189,-0.19,0.02,-0.11,-138.25,-68.81,52.13,7.31,-8.88,0.94,0.34,0.08,-0.03,-141.69,44.75,1.94,6.12,-0.50,-2.12,17,6
1772053265.258958,1942380,0.40,-0.10,-0.06,-137.87,-69.00,52.94,1.31,-4.50,1.00,-0.27,0.18,-0.19,-141.56,44.19,3.12,-9.00,-6.62,2.56,19,5
1772053265.449632,1942571,-0.49,-0.06,0.00,-132.87,-70.19,54.25,9.94,-12.88,2.69,-0.01,-0.23,-0.43,-141.94,43.81,5.94,-10.00,-11.75,7.12,28,5
1772053265.639069,1942761,0.12,0.00,0.02,-134.87,-70.00,56.94,17.37,0.69,-0.19,0.25,0.08,0.20,-142.19,43.13,10.25,-6.37,-4.25,6.50,33,4
1772053265.829487,1942951,0.00,0.13,0.00,-137.62,-70.19,60.50,7.19,-1.94,0.37,0.37,0.03,0.33,-141.87,42.94,12.56,-7.50,-1.62,5.87,32,4
1772053266.021048,1943143,0.45,0.56,-0.27,-135.50,-70.25,62.13,14.63,-17.87,2.37,0.01,0.07,-0.03,-141.56,43.75,12.19,3.81,5.50,2.12,33,4
1772053266.211859,1943333,-0.10,-0.26,0.01,-126.62,-72.87,67.12,18.81,-29.37,3.00,0.04,0.13,0.14,-141.56,44.69,10.63,2.12,5.44,0.44,32,4
1772053266.402846,1943524,-0.32,-0.15,0.04,-115.62,-75.12,70.50,-0.94,-12.31,-3.25,0.09,0.07,0.10,-141.50,45.31,8.44,-0.19,4.00,-2.00,22,4
1772053266.592739,1943714,-0.21,-0.14,0.08,-111.87,-75.94,70.31,-8.44,2.44,-0.06,-0.06,0.09,-0.04,-141.69,45.06,7.81,9.31,1.00,-7.44,22,4
1772053266.782926,1943904,-0.16,-0.02,0.25,-116.75,-76.69,67.37,-30.50,16.62,-10.44,0.00,0.13,0.12,-141.87,44.75,6.19,7.06,5.81,-4.56,23,5
1772053266.974386,1944096,0.04,0.19,-0.18,-124.50,-75.00,62.38,-10.81,18.81,5.37,0.03,0.04,-0.23,-141.56,45.06,4.19,5.62,5.81,-5.25,22,3
1772053267.165448,1944287,0.04,0.01,-0.14,-130.44,-73.06,59.63,-8.19,10.06,0.75,-0.08,0.00,-0.22,-141.62,45.00,3.00,2.56,-1.31,-3.56,20,3
1772053267.356312,1944478,0.08,-0.08,-0.06,-134.00,-71.94,58.19,-1.56,6.75,-0.69,-0.08,0.07,-0.08,-141.56,44.19,4.69,-5.56,-6.44,2.31,11,3
1772053267.545927,1944667,-0.09,0.05,0.05,-135.81,-71.50,58.25,4.69,5.62,-2.75,0.00,0.17,0.17,-141.62,43.88,6.12,-0.62,-1.00,0.62,6,3
1772053267.736252,1944858,0.09,-0.05,-0.01,-139.37,-70.94,59.25,1.37,4.87,0.44,0.05,0.07,0.08,-141.44,44.00,5.87,-0.19,0.56,1.00,7,3
1772053267.927676,1945049,0.23,-0.16,0.01,-140.37,-69.69,58.00,-4.50,8.56,2.44,0.03,0.10,0.12,-141.50,44.25,5.06,3.44,3.56,-1.94,6,3
1772053268.118549,1945240,0.00,-0.18,0.00,-138.06,-68.12,53.88,-17.94,7.56,8.44,-0.01,0.04,0.04,-141.06,44.63,3.37,5.37,6.12,-5.56,5,3
1772053268.309477,1945431,0.13,0.00,-0.11,-133.44,-65.50,46.25,-22.81,4.37,14.00,-0.02,-0.03,-0.19,-141.31,44.38,2.69,-1.25,-3.87,0.75,5,2
1772053268.499116,1945621,0.01,-0.02,-0.05,-127.50,-63.19,39.31,-10.00,1.50,11.88,-0.21,0.27,0.09,-141.19,43.94,4.00,-4.00,0.37,-1.69,5,3
1772053268.689550,1945811,-0.11,0.03,0.06,-122.06,-61.38,36.00,-2.31,-11.50,17.25,0.16,-0.03,0.06,-140.31,44.38,4.12,-0.06,5.56,1.75,4,2
1772053268.880958,1946003,0.23,0.23,0.05,-117.81,-59.31,32.75,-4.31,2.50,8.31,-0.08,0.19,0.08,-140.25,44.75,4.06,-1.00,-1.69,0.81,5,1
1772053269.071900,1946194,0.20,0.05,0.03,-116.44,-59.13,32.13,1.81,-9.06,-5.50,0.12,-0.02,0.02,-140.06,44.69,4.25,0.19,1.75,1.56,5,1
1772053269.263121,1946384,-0.17,-0.01,-0.04,-116.69,-60.06,34.81,10.63,6.37,-0.75,-0.21,0.11,0.07,-140.37,44.88,4.12,-0.88,-3.12,0.13,5,1
1772053269.453865,1946575,0.01,-0.36,-0.06,-118.19,-60.13,35.88,-0.62,-0.50,0.75,-0.07,-0.01,0.01,-140.44,44.38,5.12,2.31,0.13,-2.19,6,1
1772053269.643581,1946765,0.27,-0.29,0.00,-116.50,-59.94,34.56,-9.63,-7.62,4.19,-0.15,0.10,0.07,-140.12,44.31,5.06,-0.94,1.75,0.06,6,1
1772053269.834576,1946956,0.04,0.05,0.00,-113.37,-59.25,32.25,-3.06,1.44,4.31,0.15,-0.03,-0.10,-139.69,44.75,4.31,1.37,3.56,-0.13,7,1
1772053270.025380,1947147,0.30,0.14,0.04,-113.94,-58.50,31.25,1.19,0.06,-1.50,0.10,0.14,0.12,-139.62,44.94,4.00,-0.88,-2.00,1.06,7,1
1772053270.216267,1947338,-0.11,0.17,-0.05,-114.00,-58.94,32.06,3.00,-2.50,-6.75,0.00,0.00,0.01,-140.06,44.69,4.25,1.00,-3.12,-0.44,7,1
1772053270.406161,1947528,0.08,-0.25,0.00,-115.62,-60.25,34.56,5.00,-1.19,-4.44,-0.10,0.12,0.00,-140.44,44.00,5.37,0.00,-3.75,-0.37,7,1
1772053270.596559,1947718,-0.10,-0.18,0.02,-115.44,-61.13,35.81,0.00,-1.75,-3.06,0.07,-0.05,-0.05,-140.56,43.81,5.56,0.44,0.69,0.06,7,1
1772053270.787714,1947910,0.33,-0.12,0.00,-116.25,-60.94,35.44,-1.69,2.00,2.56,0.04,0.10,0.02,-140.25,43.88,5.69,-1.44,1.94,0.13,6,1
1772053270.978743,1948101,0.01,0.12,0.02,-115.00,-60.50,34.63,-2.25,-1.25,1.06,0.05,0.05,0.07,-140.00,44.06,5.50,0.37,0.50,-0.25,6,1
1772053271.169659,1948291,0.20,0.00,-0.02,-115.50,-60.31,34.31,0.25,1.50,0.13,-0.04,0.11,0.01,-139.94,44.00,5.69,0.19,-0.75,-0.37,6,1
1772053271.359678,1948481,0.00,-0.02,-0.01,-115.37,-60.63,34.81,2.81,-0.94,-1.69,0.16,-0.03,-0.01,-140.12,43.94,5.75,-0.62,-1.37,0.31,6,1
1772053271.549706,1948671,0.15,-0.04,0.00,-116.31,-60.81,35.38,-0.37,-4.44,-1.50,0.03,0.11,0.03,-140.00,43.81,6.06,-0.31,0.06,0.00,6,2
1772053271.741307,1948863,-0.04,0.05,0.01,-115.12,-61.44,36.25,2.00,-1.31,-4.12,0.05,0.01,0.05,-140.06,43.81,5.94,0.62,-0.25,-0.06,5,2
1772053271.932571,1949054,0.12,-0.02,0.01,-115.62,-61.75,37.00,-0.94,-1.69,-0.81,-0.02,0.07,0.00,-140.12,43.75,6.00,-0.50,-1.00,0.44,5,2
1772053272.123203,1949245,0.01,-0.05,0.01,-115.56,-62.00,37.38,1.94,1.44,-0.88,0.01,0.08,0.03,-140.25,43.69,6.06,0.00,-0.25,0.19,5,2
1772053272.312700,1949434,0.05,-0.03,0.00,-116.25,-62.00,37.50,-1.12,1.44,-1.56,0.06,0.02,0.02,-140.44,43.75,5.75,0.06,-0.50,1.00,6,2
1772053272.503309,1949625,0.23,-0.07,-0.05,-116.94,-61.81,37.50,-0.25,-1.06,-0.37,0.06,0.09,0.08,-140.50,43.75,5.81,-0.37,-0.06,1.19,5,2
1772053272.694565,1949816,-0.02,0.06,0.03,-115.69,-62.06,37.50,-0.50,-0.88,-2.06,0.03,0.02,0.05,-140.69,43.69,5.75,0.56,-0.69,0.19,5,2
1772053272.885748,1950007,0.14,-0.06,-0.03,-116.00,-62.31,38.06,1.25,-1.87,-1.25,-0.01,0.08,0.01,-140.69,43.69,5.75,-0.13,0.62,0.25,5,2
1772053273.076904,1950198,-0.07,-0.06,0.04,-115.62,-62.69,38.94,2.94,1.19,-0.13,0.07,0.07,0.06,-140.56,43.75,5.87,-1.31,-0.56,-0.62,4,1
1772053273.265970,1950388,0.03,0.11,0.05,-116.62,-62.50,38.94,3.00,0.25,0.75,-0.07,0.06,0.05,-140.31,43.75,6.19,1.31,0.31,0.88,5,2
1772053273.456347,1950578,0.02,0.04,-0.09,-118.44,-62.56,40.19,8.44,4.37,-1.44,0.09,0.00,0.05,-140.50,43.81,6.00,-0.62,-0.19,0.37,4,1
1772053273.648175,1950770,0.12,-0.04,0.08,-120.37,-62.63,41.75,0.31,-1.87,-3.94,-0.02,0.10,0.05,-140.44,43.81,6.12,0.25,-0.19,0.19,4,2
1772053273.839171,1950961,-0.02,-0.04,-0.03,-120.50,-63.56,43.00,0.75,-1.56,-3.75,0.07,0.00,0.00,-140.50,43.81,6.00,0.44,-0.50,0.56,3,1
1772053274.029963,1951152,0.18,0.02,-0.07,-121.50,-63.81,43.38,1.00,1.25,-1.94,-0.11,0.17,0.09,-140.50,43.69,6.25,0.81,-0.06,0.13,3,1
1772053274.219762,1951341,-0.01,-0.04,0.04,-120.94,-64.19,44.25,0.88,-1.94,-1.31,0.12,-0.02,0.01,-140.56,43.69,6.12,0.06,-0.44,0.00,3,1
1772053274.409896,1951531,0.08,-0.03,-0.04,-121.50,-64.50,44.81,1.87,-0.62,-0.62,-0.01,0.12,0.04,-140.56,43.69,6.12,0.19,0.31,-0.56,4,1
1772053274.601636,1951723,-0.06,0.03,0.00,-121.31,-64.94,45.44,1.81,-0.56,-1.31,0.11,-0.01,0.01,-140.56,43.69,6.06,-0.37,-0.56,0.19,4,2
1772053274.792504,1951914,0.07,0.02,-0.05,-121.94,-64.94,45.69,-0.88,-2.44,0.13,-0.04,0.13,0.03,-140.50,43.63,6.19,0.44,0.37,0.00,4,2
1772053274.983329,1952105,-0.02,0.02,-0.02,-121.56,-65.19,45.94,1.56,1.12,-0.69,0.02,0.06,0.02,-140.62,43.69,6.06,-0.13,-0.37,0.19,4,2
1772053275.172888,1952295,0.10,0.00,-0.03,-122.00,-65.06,45.88,-1.31,-1.19,-0.13,-0.01,0.06,0.00,-140.62,43.63,6.12,0.62,0.37,0.25,4,1
1772053275.363068,1952485,0.00,-0.03,-0.07,-121.69,-65.12,46.00,0.13,1.44,-0.25,0.08,0.04,0.02,-140.69,43.69,6.00,-0.31,-0.81,0.37,5,1
1772053275.554583,1952676,0.14,0.01,-0.02,-121.69,-65.06,45.81,-1.12,-5.87,0.06,0.02,0.05,0.06,-140.75,43.69,6.00,0.25,0.00,0.00,4,1
1772053275.745864,1952868,0.02,0.02,-0.02,-120.37,-65.62,46.19,2.19,-1.19,-1.19,0.02,0.06,0.04,-140.81,43.69,5.87,-0.44,-0.44,0.06,4,1
1772053275.936646,1953058,0.10,0.05,0.00,-120.25,-65.75,46.44,-0.94,-2.81,-1.12,0.01,0.05,0.01,-140.81,43.69,5.94,0.50,-0.06,0.50,4,1
1772053276.126246,1953248,0.02,-0.03,-0.06,-120.12,-66.12,47.06,2.19,1.56,-1.75,0.08,0.04,0.00,-140.87,43.75,5.87,-0.44,-0.81,0.19,4,1
1772053276.316503,1953438,0.11,-0.02,0.03,-120.94,-66.00,47.25,-1.00,-3.37,-0.37,0.04,0.04,0.02,-140.87,43.69,6.00,0.06,0.19,-0.19,3,1
1772053276.507742,1953630,0.01,0.08,-0.04,-121.00,-66.06,47.31,2.50,2.81,-1.00,0.00,0.02,0.07,-140.81,43.69,6.06,0.19,0.19,0.06,4,1
1772053276.698974,1953821,0.05,0.00,-0.03,-121.69,-65.87,47.25,-1.37,-0.25,1.00,0.02,0.04,0.00,-140.69,43.63,6.19,0.37,0.00,-0.06,4,0
1772053276.890175,1954012,-0.01,-0.02,-0.06,-121.94,-65.81,47.19,0.62,2.31,-0.50,0.05,0.00,0.01,-140.69,43.63,6.19,-0.50,-0.56,0.44,5,1
1772053277.079733,1954201,0.29,-0.08,-0.05,-122.87,-65.56,47.19,-0.94,-1.69,0.13,0.08,0.09,0.06,-140.56,43.63,6.44,-0.56,0.44,1.00,5,1
1772053277.270086,1954392,0.01,0.14,-0.03,-121.37,-65.94,47.19,-1.06,-0.81,-1.94,0.05,0.10,0.04,-140.62,43.63,6.31,0.44,-0.06,-0.31,6,1
1772053277.461513,1954583,0.13,-0.06,-0.03,-122.06,-66.06,47.88,0.37,-1.50,-1.06,0.00,0.08,0.05,-140.62,43.63,6.31,0.50,-0.06,0.56,6,1
1772053277.652529,1954774,-0.01,0.00,-0.04,-122.12,-66.44,48.56,2.50,0.88,-1.31,0.06,0.01,0.00,-140.69,43.56,6.31,0.00,-0.75,0.69,6,2
1772053277.843646,1954966,0.25,-0.09,-0.13,-123.50,-66.25,48.94,1.69,1.00,0.06,-0.02,0.16,0.10,-140.69,43.50,6.44,0.19,0.25,1.00,6,2
1772053278.033468,1955155,0.01,0.03,0.03,-122.25,-66.69,49.19,-0.81,-2.06,-1.75,0.10,0.04,0.07,-140.81,43.56,6.25,-0.19,-0.50,0.44,5,1
1772053278.224542,1955346,0.12,-0.09,-0.07,-122.69,-66.81,49.63,-0.25,-0.25,0.00,-0.02,0.08,0.02,-140.87,43.56,6.31,0.50,-0.25,0.69,5,1
1772053278.415584,1955537,0.00,0.04,-0.03,-122.25,-66.94,49.63,1.94,0.44,-0.50,0.04,0.03,0.03,-140.94,43.63,6.19,-0.19,-0.44,0.37,5,1
1772053278.607145,1955729,0.10,-0.10,-0.14,-123.12,-66.81,49.81,-0.50,-0.19,0.50,0.00,0.08,0.04,-140.94,43.56,6.25,0.13,-0.13,0.37,5,1
1772053278.798474,1955920,0.06,0.06,-0.06,-122.37,-66.75,49.31,-1.19,0.00,0.31,0.04,0.02,0.01,-140.94,43.56,6.25,-0.13,0.50,-0.44,5,1
1772053278.988978,1956111,0.13,0.15,-0.03,-123.25,-66.87,50.38,11.44,-2.19,-5.44,0.03,0.07,0.11,-140.69,43.69,6.25,0.31,0.37,-0.31,5,1
1772053279.178630,1956300,-0.03,0.00,-0.02,-126.56,-68.12,54.88,16.06,-1.12,-8.88,0.04,0.06,0.05,-140.81,43.50,6.44,-0.31,-2.44,0.06,4,1
1772053279.370749,1956493,0.05,-0.13,-0.07,-132.12,-69.69,59.81,9.13,-1.37,-10.63,0.00,0.08,0.03,-141.12,43.13,7.00,0.44,-2.19,-0.13,4,1
1772053279.563017,1956685,-0.04,-0.21,-0.07,-136.06,-71.31,63.38,4.44,-3.25,-6.19,0.05,0.00,0.01,-141.31,42.94,7.06,0.44,-0.62,-0.31,4,1
1772053279.755044,1956877,-0.07,-0.10,0.00,-136.81,-72.00,64.25,-4.69,-1.00,0.19,-0.03,0.09,0.02,-141.31,42.94,7.19,0.06,0.75,-0.13,5,1
1772053279.946346,1957068,0.02,-0.01,-0.02,-135.06,-71.75,62.56,-6.50,1.50,3.50,0.00,0.06,0.03,-141.25,42.94,7.12,0.25,0.62,0.13,5,1
1772053280.137454,1957259,-0.03,0.13,-0.02,-132.87,-71.00,60.25,-4.62,1.06,3.31,-0.04,0.17,0.08,-141.31,43.00,7.06,-0.06,0.31,0.06,6,1
1772053280.328811,1957451,-0.02,-0.10,-0.03,-131.12,-70.56,58.75,-7.37,-0.56,4.00,0.03,0.04,0.01,-141.37,43.06,6.87,0.81,-0.50,0.69,6,1
1772053280.520479,1957642,0.06,0.18,-0.04,-128.94,-70.00,56.25,-3.37,1.62,2.94,-0.05,0.16,0.09,-141.37,43.13,6.87,0.00,0.81,0.31,6,1
1772053280.712709,1957835,-0.05,0.04,-0.01,-128.12,-70.06,56.13,0.50,-2.62,-0.44,0.10,0.04,0.03,-141.37,43.19,6.69,0.44,-0.37,0.19,5,1
1772053280.904908,1958027,0.05,0.05,-0.06,-128.37,-70.12,56.25,2.06,0.19,-0.13,0.01,0.09,0.03,-141.50,43.06,6.87,-0.44,-0.81,0.50,6,1
1772053281.094786,1958216,0.00,-0.06,-0.02,-128.62,-70.37,56.94,0.50,-2.37,-0.81,0.04,0.07,0.08,-141.50,43.06,6.87,-0.13,0.37,-0.25,6,1
1772053281.285430,1958407,-0.02,0.01,-0.05,-128.56,-70.37,57.00,0.31,1.00,0.50,0.01,0.12,0.11,-141.44,43.00,7.00,-0.37,0.19,-0.19,6,2
1772053281.478191,1958600,-0.01,0.07,-0.01,-128.50,-70.31,56.88,-0.37,0.31,0.88,0.05,0.06,0.02,-141.44,43.00,7.00,0.25,-0.56,0.19,6,2
1772053281.670384,1958792,0.08,-0.02,-0.07,-128.87,-70.12,56.81,0.56,1.06,0.31,0.00,0.13,0.06,-141.44,43.00,7.00,-0.06,-0.25,0.06,6,1
1772053281.862894,1958985,-0.03,0.01,-0.06,-128.94,-70.12,56.81,-0.25,0.31,0.37,0.01,0.13,0.10,-141.44,43.00,7.00,-0.25,0.00,-0.19,6,1
1772053282.054165,1959176,-0.03,0.08,-0.03,-128.81,-70.00,56.56,-1.06,-0.94,1.06,0.00,0.15,0.05,-141.37,43.00,7.06,0.56,0.50,0.19,6,1
1772053282.245228,1959367,0.00,0.07,-0.06,-129.62,-70.19,57.19,5.25,1.12,-2.44,0.05,0.13,0.09,-141.37,43.00,7.06,0.19,-0.19,0.00,5,1
1772053282.436391,1959558,0.04,0.02,-0.05,-131.87,-70.69,59.00,5.12,-2.12,-3.31,0.02,0.12,0.09,-141.50,43.00,7.06,-0.19,-0.81,0.50,6,1
1772053282.627968,1959750,0.01,-0.05,-0.01,-133.19,-71.25,60.56,2.75,-1.12,-2.00,0.03,0.12,0.08,-141.56,43.00,7.06,0.19,-0.44,0.56,8,2
1772053282.820828,1959943,-0.02,-0.04,-0.06,-133.44,-71.44,61.06,-0.19,-0.69,-0.13,0.05,0.10,0.03,-141.62,43.00,7.00,-0.44,-0.44,0.50,7,2
1772053283.013067,1960135,0.05,0.00,-0.04,-133.19,-71.50,60.94,-1.75,-0.81,0.37,0.06,0.12,0.08,-141.69,43.06,6.94,-0.19,-0.31,0.25,7,2
1772053283.205214,1960327,0.05,0.00,-0.04,-132.44,-71.44,60.38,-2.06,0.50,0.75,0.02,0.11,0.06,-141.69,43.06,6.94,0.13,-0.31,-0.06,7,2
1772053283.394712,1960517,0.02,-0.06,-0.01,-131.37,-71.31,59.56,-3.25,-1.25,1.75,0.07,0.08,0.07,-141.69,43.06,6.94,0.13,0.25,-0.06,8,2
1772053283.588298,1960710,-0.04,0.02,-0.06,-129.62,-71.00,58.00,-6.56,-0.19,2.94,0.01,0.10,0.02,-141.69,43.06,6.94,-0.31,0.62,-0.50,8,3
1772053283.779900,1960902,0.09,0.11,-0.07,-128.00,-70.50,56.06,-5.44,0.44,1.69,0.13,0.10,0.01,-141.75,43.13,6.87,-0.69,-0.13,1.69,8,3
1772053283.971307,1961093,0.16,0.11,0.00,-127.06,-70.44,55.63,1.00,-0.06,-1.19,0.10,0.15,0.12,-141.62,43.19,7.00,-1.12,-0.44,1.12,7,3
1772053284.162721,1961285,-0.14,0.07,0.00,-126.50,-70.81,56.31,1.69,-1.62,-1.87,0.05,0.08,0.07,-141.56,43.25,7.06,0.75,-0.56,-0.44,7,3
1772053284.353223,1961475,0.14,-0.08,-0.06,-128.37,-70.75,57.00,1.37,4.44,-0.19,0.00,0.17,0.11,-141.50,43.19,7.25,-0.44,-0.75,0.69,7,3
1772053284.543663,1961666,0.03,0.02,-0.08,-128.87,-70.62,56.94,-0.25,0.75,0.37,0.11,0.03,0.07,-141.50,43.25,7.19,0.25,-0.13,0.44,5,1
1772053284.734892,1961857,0.21,0.05,-0.07,-130.12,-70.25,57.06,3.50,3.75,-0.50,-0.02,0.16,0.09,-141.25,43.13,7.50,0.06,0.31,0.06,6,1
1772053284.927325,1962049,0.00,0.03,-0.06,-130.31,-70.81,58.13,2.37,-2.87,-2.75,0.11,0.02,0.04,-141.25,43.19,7.44,0.25,-0.56,0.06,5,1
1772053285.119681,1962242,0.09,0.12,-0.09,-132.25,-71.31,59.81,7.44,-0.94,-4.62,-0.10,0.14,0.04,-141.19,43.13,7.56,0.56,0.31,0.25,5,1
1772053285.309145,1962431,0.02,0.21,0.02,-135.06,-72.75,63.44,13.06,-4.19,-10.31,0.07,0.03,0.06,-141.25,43.19,7.44,0.88,-0.62,0.19,4,1
1772053285.498780,1962621,0.01,0.00,-0.11,-143.69,-74.19,69.12,16.19,2.12,-12.31,-0.02,0.13,0.10,-141.50,42.94,7.75,-0.31,-3.06,0.31,3,1
1772053285.691865,1962814,-0.09,-0.06,0.04,-153.12,-75.44,74.75,12.13,-4.12,-12.00,0.03,0.02,-0.01,-141.87,42.81,7.94,2.00,-1.44,2.44,4,1
1772053285.885290,1963007,-0.07,-0.16,-0.12,-162.06,-75.81,78.62,7.87,7.37,-5.62,0.02,0.09,0.08,-142.44,42.81,7.75,0.69,0.06,1.94,4,1
1772053286.076926,1963199,-0.07,0.02,-0.09,-164.56,-74.75,78.94,-6.62,5.37,0.75,0.12,0.03,0.18,-142.81,43.13,6.56,4.25,4.69,-1.06,4,1
1772053286.266228,1963388,-0.02,-0.04,-0.12,-162.81,-73.06,75.62,-19.37,11.69,3.81,0.09,0.09,0.09,-142.50,43.63,4.50,6.12,5.00,-5.19,4,1
1772053286.455576,1963578,0.02,0.02,0.00,-157.50,-70.62,67.81,-31.19,12.63,5.25,0.00,0.03,0.00,-142.44,43.50,3.06,5.81,3.44,-5.31,3,1
1772053286.648909,1963771,0.08,-0.04,-0.06,-152.37,-68.25,59.56,-26.19,8.94,7.87,-0.02,0.05,-0.08,-142.25,43.69,1.44,5.25,6.12,-4.12,3,1
1772053286.840104,1963962,0.02,0.17,0.06,-145.37,-66.56,50.81,-23.56,4.31,7.81,0.01,0.11,0.02,-141.87,44.06,359.62,4.81,5.81,-4.69,3,1
1772053287.031379,1964154,0.10,0.17,0.02,-140.06,-64.94,43.56,-20.87,4.44,6.31,-0.02,0.15,0.09,-141.37,44.38,357.94,5.87,5.94,-5.37,3,2
1772053287.221133,1964343,0.08,0.18,0.04,-135.87,-63.94,37.75,-16.56,2.12,2.12,-0.05,0.09,-0.08,-141.12,44.50,356.12,5.56,4.19,-5.25,4,2
1772053287.410525,1964533,0.07,0.12,-0.01,-134.06,-63.56,34.50,-6.25,0.37,-0.94,-0.08,0.09,-0.12,-141.12,44.38,355.25,2.06,0.56,-2.06,5,2
1772053287.603059,1964725,0.01,-0.06,0.00,-133.75,-64.12,34.88,1.44,-4.75,-1.75,-0.08,0.04,-0.15,-141.19,44.13,355.50,-2.12,-2.75,1.62,5,2
1772053287.794277,1964916,0.00,0.00,0.00,-133.37,-64.62,36.56,11.38,-3.75,1.12,-0.13,0.07,-0.14,-141.37,43.75,357.31,-7.50,-6.56,5.37,5,2
1772053287.985438,1965107,0.03,-0.18,-0.05,-134.06,-64.94,39.81,13.31,-6.12,4.75,0.01,0.01,-0.02,-141.44,43.44,0.25,-11.00,-7.56,7.69,6,2
1772053288.174612,1965297,0.11,0.05,0.00,-133.19,-64.81,42.13,14.00,-5.75,7.37,0.04,0.06,0.08,-141.19,43.31,3.75,-12.88,-8.69,9.06,6,2
1772053288.364192,1965486,0.05,-0.06,-0.01,-132.19,-64.56,44.69,13.00,-5.37,6.69,0.12,0.11,0.22,-140.87,43.19,7.31,-11.00,-6.75,7.56,7,3
1772053288.556127,1965678,0.09,0.00,0.00,-130.00,-64.06,45.06,-0.75,-3.87,7.75,0.13,0.12,0.24,-140.25,43.38,9.38,-3.81,-1.19,2.81,7,3
1772053288.747212,1965869,0.13,0.28,0.07,-126.25,-63.50,42.63,-8.06,-2.19,3.81,0.09,0.05,0.08,-139.94,43.69,9.13,2.19,1.62,-1.00,6,3
1772053288.938343,1966060,0.09,0.12,0.00,-125.31,-63.38,41.81,1.87,1.37,-4.06,0.02,0.06,0.03,-140.12,43.69,8.44,2.87,-0.19,-1.25,6,2
1772053289.128070,1966250,0.08,0.22,-0.04,-128.19,-64.12,44.38,14.00,0.06,-8.88,-0.02,0.01,-0.06,-140.56,43.69,7.69,2.62,-0.06,-0.50,5,2
1772053289.317284,1966439,0.10,-0.04,-0.03,-135.37,-66.06,52.25,29.44,-3.87,-16.62,0.02,0.02,-0.03,-141.00,43.44,7.44,0.88,-2.62,0.13,5,2
1772053289.509386,1966631,0.00,-0.18,0.01,-145.44,-68.87,63.00,28.56,-6.50,-17.19,-0.03,0.05,0.00,-141.37,43.13,7.81,0.31,-2.25,0.88,4,1
1772053289.700629,1966823,-0.05,-0.35,-0.04,-156.25,-71.19,72.31,18.44,-2.75,-14.06,0.04,0.04,0.00,-141.69,42.88,8.13,0.69,-1.25,-0.19,5,2
1772053289.892875,1967014,0.00,-0.21,-0.06,-163.69,-72.19,77.19,4.69,-2.37,-4.62,0.00,0.03,0.00,-141.81,42.75,8.13,0.81,0.13,-0.62,5,2
1772053290.082570,1967204,-0.02,-0.09,-0.06,-164.62,-72.50,77.69,-2.19,1.31,-0.06,0.00,0.02,-0.01,-141.69,42.75,8.06,-0.13,0.50,-0.69,5,2
1772053290.273002,1967395,0.07,0.00,-0.05,-163.81,-72.19,76.75,-0.94,1.44,1.00,-0.01,0.08,0.01,-141.69,42.75,8.13,-1.06,-0.37,0.75,5,1
1772053290.463909,1967586,0.04,-0.01,-0.03,-162.81,-72.19,76.44,-1.06,0.06,0.13,0.03,0.05,-0.01,-141.62,42.75,8.25,0.13,0.56,-0.31,5,1
1772053290.655289,1967777,-0.04,-0.10,-0.08,-163.62,-72.12,76.75,1.44,1.62,-0.06,-0.03,0.10,0.04,-141.56,42.75,8.31,0.69,-0.13,-0.31,5,1
1772053290.846226,1967968,-0.02,0.09,-0.04,-162.87,-72.19,75.75,-3.75,-1.62,0.69,0.03,0.03,-0.02,-141.62,42.69,8.25,0.44,0.44,-0.31,5,1
1772053291.037912,1968160,-0.07,-0.07,-0.06,-162.75,-72.25,75.69,1.31,2.75,-0.31,-0.15,0.21,0.09,-141.62,42.69,8.31,-0.13,0.56,-1.00,5,1
1772053291.227386,1968349,-0.10,-0.19,0.00,-161.19,-72.19,74.62,-9.69,-2.19,3.19,0.04,0.01,-0.03,-141.56,42.69,8.38,1.06,-0.19,0.00,5,1
1772053291.417756,1968540,0.00,-0.13,-0.02,-157.25,-71.81,70.81,-9.88,3.44,5.81,-0.02,0.17,0.06,-141.50,42.69,8.50,-0.56,0.25,-0.50,6,2
1772053291.608426,1968731,-0.01,0.05,0.01,-151.56,-70.87,65.87,-17.69,0.75,8.38,0.06,0.06,0.01,-141.37,42.75,8.44,0.69,1.12,0.69,5,1
1772053291.799449,1968922,0.00,0.27,-0.02,-146.44,-69.75,61.31,-5.25,5.37,4.56,0.00,0.08,0.02,-141.25,42.94,8.06,0.13,1.06,0.19,6,1
1772053291.989928,1969112,0.04,0.07,-0.03,-146.81,-68.81,60.63,2.31,2.19,-0.06,0.05,0.08,0.05,-141.25,43.06,8.00,0.44,-0.50,1.19,5,1
1772053292.179637,1969302,0.04,0.00,-0.03,-148.00,-68.56,61.25,3.50,2.19,-2.06,0.02,0.06,-0.01,-141.50,43.00,8.06,-0.19,-1.50,0.37,6,2
1772053292.370450,1969493,0.06,-0.13,-0.10,-149.94,-68.62,62.56,3.19,-1.50,-2.87,0.12,-0.01,-0.02,-141.62,42.94,8.13,0.44,0.13,1.12,6,1
1772053292.561212,1969683,0.26,-0.08,-0.04,-150.12,-68.94,62.94,-3.50,-5.31,1.44,0.20,0.06,0.03,-141.62,42.88,8.38,-2.56,-0.25,2.50,7,2
1772053292.752016,1969874,-0.03,0.00,0.07,-147.12,-69.87,62.38,-4.94,-5.50,-1.69,0.17,0.04,0.04,-141.56,42.94,8.31,0.31,1.31,-0.50,7,2
1772053292.942809,1970065,0.05,-0.07,0.01,-146.81,-70.00,62.38,-1.12,1.69,0.56,-0.07,0.15,0.05,-141.19,42.94,8.44,0.56,0.88,-0.56,7,1
1772053293.133834,1970256,-0.05,0.14,0.00,-145.75,-70.06,61.69,-0.81,-0.94,0.37,0.09,-0.01,0.01,-141.12,43.00,8.50,0.50,0.25,0.19,7,1
1772053293.324235,1970446,0.07,0.03,-0.07,-146.69,-69.69,61.81,1.69,5.56,-0.06,-0.27,0.19,0.04,-141.12,42.88,8.69,0.31,-1.12,-1.00,6,1
1772053293.515149,1970637,-0.04,-0.04,0.03,-146.94,-69.75,62.19,2.12,-2.56,0.19,0.04,-0.06,-0.12,-141.12,42.81,8.75,1.62,1.06,-0.50,6,1
1772053293.706070,1970828,0.03,-0.12,-0.08,-148.06,-69.69,62.69,3.25,3.81,1.87,-0.05,0.14,0.06,-141.12,42.88,8.75,-0.50,0.94,-0.31,6,1
1772053293.897374,1971020,0.00,0.02,0.00,-147.44,-69.50,62.19,-2.19,-2.69,1.81,0.06,0.00,-0.05,-140.87,43.06,8.50,-0.31,0.56,0.13,6,1
1772053294.086919,1971209,0.02,0.03,-0.03,-146.75,-69.37,61.56,-0.94,2.37,0.31,0.03,0.10,0.06,-140.81,43.13,8.44,0.44,0.06,-0.75,6,1
1772053294.277483,1971400,0.02,0.06,0.00,-146.69,-69.19,61.13,-1.06,-1.19,-0.50,0.06,0.00,0.01,-140.87,43.06,8.56,-0.06,-1.00,0.81,7,1
1772053294.468652,1971591,0.23,-0.03,-0.02,-147.19,-69.25,61.50,2.62,1.56,-1.06,-0.04,0.15,0.00,-141.00,42.94,8.75,-0.62,-1.12,1.50,6,1
1772053294.660007,1971782,0.00,-0.05,0.03,-146.50,-69.81,61.94,-1.31,-2.94,-1.25,0.10,0.01,-0.01,-141.19,42.94,8.63,0.37,-0.25,0.81,6,1
1772053294.853153,1971976,0.05,-0.04,-0.01,-147.00,-69.75,62.19,0.56,3.12,1.44,-0.03,0.14,0.04,-141.19,42.94,8.69,0.37,0.37,0.56,6,1
1772053295.044128,1972166,-0.05,0.12,-0.01,-146.50,-69.87,61.81,-1.69,-1.62,-0.06,0.13,-0.04,0.00,-141.37,43.00,8.44,0.81,-0.44,0.75,6,1
1772053295.233366,1972355,0.01,0.00,-0.09,-147.44,-69.69,62.06,1.00,4.25,-1.31,-0.13,0.15,0.07,-141.50,42.88,8.56,-0.37,-1.25,-0.50,7,1
1772053295.426940,1972549,-0.10,0.01,0.00,-147.87,-69.81,62.63,1.37,-5.12,1.37,0.02,0.00,-0.01,-141.44,42.88,8.69,1.06,-0.06,-0.37,8,1
1772053295.620026,1972742,0.05,-0.10,-0.04,-148.00,-69.94,62.75,3.75,2.94,0.50,0.03,0.13,0.01,-141.31,42.88,8.81,-1.94,-0.13,-0.19,7,1
1772053295.811168,1972934,0.01,0.06,-0.03,-147.50,-69.87,62.50,-4.31,-2.75,0.88,0.10,0.01,0.02,-141.19,42.94,8.88,0.44,0.56,0.06,6,1
1772053296.002622,1973125,0.06,0.01,-0.06,-147.19,-69.75,62.13,1.00,3.81,-0.13,-0.02,0.11,0.01,-141.19,42.94,8.88,-0.13,-0.31,-0.13,6,1
1772053296.193254,1973315,-0.02,0.02,-0.05,-147.50,-69.56,62.06,0.31,-0.88,0.56,0.10,0.05,0.00,-141.19,42.94,8.88,-0.19,-0.50,-0.31,5,1
1772053296.384337,1973506,-0.06,0.07,-0.05,-147.37,-69.62,62.06,-0.13,-2.69,0.88,-0.03,0.09,0.04,-141.06,42.94,8.94,0.75,0.06,-0.81,5,1
1772053296.575511,1973698,-0.01,0.00,-0.02,-147.44,-69.81,62.19,2.87,-0.37,-0.06,-0.01,0.07,0.07,-141.12,42.94,8.94,-0.50,-0.31,0.50,5,1
1772053296.766548,1973889,0.10,0.09,-0.03,-147.19,-69.75,61.94,-2.19,-0.50,0.94,0.01,0.06,0.02,-141.12,42.88,8.94,-0.50,-0.62,0.56,5,1
1772053296.957587,1974080,0.02,0.00,-0.05,-147.44,-69.69,62.06,0.94,1.69,-1.31,0.01,0.09,0.04,-141.12,42.94,8.94,0.19,-0.13,0.13,6,1
1772053297.150692,1974273,0.00,0.01,-0.04,-147.69,-69.62,62.13,-0.25,-0.44,0.31,0.03,0.06,0.02,-141.12,42.94,8.94,0.06,-0.13,0.50,5,1
1772053297.341389,1974464,0.00,0.00,-0.02,-147.69,-69.62,62.19,1.19,0.56,-0.06,-0.03,0.13,0.04,-141.19,42.94,8.88,0.31,-0.44,0.31,4,1
1772053297.535856,1974658,-0.01,0.00,-0.02,-147.62,-69.75,62.19,-1.25,-0.44,-0.06,0.01,0.08,0.03,-141.25,42.94,8.75,0.25,-0.25,0.88,5,1
1772053297.727726,1974850,0.00,0.05,-0.02,-147.56,-69.75,62.13,0.25,0.69,0.31,-0.02,0.05,-0.02,-141.31,43.00,8.69,0.56,-0.31,0.37,5,1
1772053297.918764,1975041,-0.01,0.00,-0.06,-147.87,-69.75,62.25,1.37,0.62,0.00,0.03,0.05,0.00,-141.37,43.00,8.69,0.06,0.00,0.19,5,1
1772053298.110597,1975233,0.04,0.06,-0.06,-148.00,-69.62,62.25,0.19,-0.06,0.06,0.05,-0.03,-0.01,-141.37,43.00,8.63,-0.13,-0.44,0.31,5,1
1772053298.301323,1975424,0.26,-0.04,-0.06,-148.50,-69.50,62.44,0.81,-0.19,-0.69,0.04,0.08,0.07,-141.31,42.94,8.88,-0.88,0.13,0.44,4,1
1772053298.492040,1975614,-0.04,0.05,0.00,-147.44,-70.00,62.31,-2.12,-0.81,-2.06,0.14,0.00,0.02,-141.25,42.88,9.00,-0.62,-0.31,-0.19,4,1
1772053298.683166,1975805,0.10,-0.01,-0.06,-147.94,-69.69,62.38,-1.62,0.81,0.00,-0.04,0.10,0.05,-141.19,42.88,9.06,0.50,0.62,-0.25,4,1
1772053298.874507,1975997,-0.04,0.17,-0.09,-146.94,-69.81,61.69,-1.62,0.00,0.13,0.09,0.00,-0.02,-141.25,42.88,8.94,0.13,-0.31,0.37,5,2
1772053299.065482,1976188,0.29,-0.02,-0.17,-147.69,-69.56,61.88,2.25,-0.25,-1.50,-0.03,0.14,0.10,-141.19,42.88,9.06,-0.19,0.13,0.75,5,1
1772053299.255241,1976378,-0.02,0.04,0.02,-146.12,-70.37,62.00,-2.50,-3.44,0.50,0.08,0.03,0.02,-141.25,42.88,9.06,-0.69,-0.56,0.25,5,1
1772053299.445713,1976568,0.58,-0.12,-0.01,-145.62,-70.37,61.88,-0.44,1.25,1.00,-0.02,0.13,0.05,-141.25,42.88,9.06,0.50,1.12,-0.25,5,1
1772053299.636717,1976759,0.00,0.09,-0.06,-144.19,-70.56,61.25,-2.06,-1.00,1.37,0.06,0.04,0.06,-141.19,43.00,8.81,0.75,0.94,0.50,5,1
1772053299.828289,1976951,0.08,0.09,-0.16,-143.56,-70.19,60.75,0.19,1.12,2.19,-0.10,0.18,0.03,-141.19,43.00,8.94,0.00,-0.13,-0.69,5,2
1772053300.019950,1977142,-0.22,0.13,0.02,-142.56,-70.50,60.69,-0.62,-1.12,0.56,-0.04,0.03,-0.03,-141.19,42.94,8.88,0.62,-0.25,0.19,5,1
1772053300.209237,1977332,-0.10,-0.04,0.02,-142.81,-70.69,61.13,2.19,-0.88,0.13,-0.01,0.13,0.03,-141.19,42.94,8.88,-0.37,0.19,0.50,6,2
1772053300.399422,1977522,0.04,0.07,-0.11,-143.37,-70.50,61.19,-0.25,1.50,0.31,0.13,-0.02,-0.02,-141.25,43.00,8.81,0.06,-0.62,1.06,6,2
1772053300.590677,1977713,0.10,-0.03,-0.09,-143.81,-70.25,61.19,-1.25,-3.19,1.06,0.02,0.17,0.02,-141.25,43.00,9.00,-0.88,-0.44,0.06,6,2
1772053300.782057,1977904,-0.05,0.07,-0.02,-143.06,-70.56,61.06,0.69,-2.69,-2.31,0.02,0.09,0.01,-141.25,42.94,8.88,0.62,0.31,-0.13,6,2
1772053300.975303,1978098,-0.06,0.06,-0.01,-142.75,-70.81,61.25,-2.31,-2.75,-0.13,0.08,0.04,0.01,-141.25,42.94,8.94,-0.25,-0.44,0.31,6,2
1772053301.165921,1978288,0.01,0.05,-0.07,-143.37,-70.56,61.13,2.56,4.19,-0.50,-0.15,0.22,0.12,-141.31,42.88,9.00,-0.25,-0.25,-0.88,5,1
1772053301.356418,1978479,-0.02,0.10,0.01,-143.50,-70.44,61.00,-1.25,-0.06,0.50,0.02,0.04,-0.02,-141.31,42.88,8.94,0.44,-0.06,0.31,4,1
1772053301.549804,1978672,0.05,-0.03,-0.05,-144.75,-70.12,61.25,3.81,4.25,0.06,-0.08,0.15,0.06,-141.25,42.94,9.13,-0.13,0.19,0.44,5,1
1772053301.741696,1978864,0.00,0.10,-0.05,-144.94,-70.06,61.19,-1.12,-2.50,0.25,0.05,0.01,0.01,-141.31,43.00,9.00,1.06,0.19,0.62,6,1
1772053301.933386,1979056,0.03,0.00,-0.13,-145.06,-70.19,61.31,0.31,1.00,-0.81,0.02,0.06,0.00,-141.44,43.00,8.88,-0.56,-0.56,0.75,6,1
1772053302.124864,1979247,0.21,0.00,-0.06,-145.06,-70.25,61.44,-0.44,-2.37,-0.31,0.03,0.11,0.06,-141.37,43.00,9.06,-0.25,0.00,1.44,5,1
1772053302.315393,1979438,-0.04,0.09,0.01,-143.50,-70.87,61.44,-1.69,-1.69,-1.25,0.10,0.06,0.06,-141.37,43.00,9.00,0.25,0.00,0.00,5,1
1772053302.506395,1979629,0.03,0.00,-0.02,-144.00,-70.94,61.69,-0.25,0.81,0.37,-0.01,0.07,0.01,-141.37,43.00,9.06,0.62,-0.31,0.19,4,1
1772053302.697975,1979820,-0.03,0.06,-0.07,-143.87,-70.94,61.63,1.50,1.31,-0.25,0.02,0.07,0.01,-141.37,43.06,9.00,-0.37,-0.19,0.25,4,1
1772053302.890589,1980013,0.06,0.00,-0.11,-144.69,-70.81,61.88,-0.25,-0.94,0.00,0.01,0.11,0.09,-141.37,43.06,9.00,-0.06,0.25,0.31,4,1
1772053303.083694,1980206,-0.24,0.10,-0.11,-143.87,-71.06,61.63,-1.37,1.37,0.44,0.05,0.09,0.03,-141.44,43.06,8.88,0.75,0.37,-0.44,4,1
1772053303.275144,1980398,0.04,0.03,-0.06,-143.50,-71.19,61.56,-2.06,-4.81,0.19,0.03,0.07,0.00,-141.44,43.06,8.94,0.25,-0.19,0.25,4,1
1772053303.464942,1980587,-0.02,0.07,0.00,-142.31,-71.62,61.50,-0.06,-1.06,0.00,0.00,0.12,0.05,-141.44,43.06,8.88,-0.56,-0.44,-0.31,4,1
1772053303.657994,1980780,-0.06,0.04,-0.01,-142.31,-71.69,61.63,-0.13,0.31,-0.25,0.02,0.12,0.05,-141.44,43.06,8.94,-0.13,-0.31,0.19,4,1
1772053303.849658,1980972,0.00,0.03,-0.12,-142.94,-71.44,61.63,0.44,1.56,-0.19,0.00,0.09,0.02,-141.44,43.06,8.94,0.00,-0.50,0.31,4,2
1772053304.041937,1981164,0.04,-0.02,-0.10,-143.44,-71.44,61.88,0.37,-1.06,0.69,0.06,0.12,0.07,-141.50,43.06,8.81,-0.31,-0.19,-0.13,4,2
1772053304.233046,1981356,0.00,0.07,0.01,-143.00,-71.56,61.75,0.69,-0.69,0.06,0.00,0.12,0.07,-141.50,43.06,8.88,0.00,-0.19,0.00,5,1
1772053304.425401,1981548,0.03,0.03,-0.06,-143.44,-71.44,61.88,-0.37,0.50,0.13,0.03,0.07,0.08,-141.50,43.06,8.88,0.00,-0.25,0.37,4,1
1772053304.616357,1981739,0.04,0.07,-0.12,-143.69,-71.31,61.75,0.00,0.81,0.31,0.03,0.09,0.08,-141.50,43.00,8.88,-0.19,-0.25,-0.69,4,1
1772053304.808564,1981931,-0.02,0.11,0.00,-143.25,-71.50,61.75,-1.00,-5.00,1.25,-0.02,0.14,0.06,-141.31,43.00,9.13,0.69,-0.06,-0.81,4,1
1772053305.000514,1982123,-0.01,0.05,-0.12,-142.81,-71.69,61.56,3.50,1.81,0.25,0.00,0.13,0.07,-141.37,42.94,9.06,-0.69,-0.31,0.37,4,1
1772053305.192693,1982315,0.04,0.13,-0.07,-142.81,-71.62,61.50,-1.56,-1.62,0.75,0.04,0.09,0.10,-141.25,42.94,9.19,0.56,0.37,-0.62,5,1
1772053305.382039,1982505,0.01,-0.01,-0.05,-142.19,-71.69,60.88,-5.62,0.50,-0.94,0.02,0.17,0.12,-141.06,43.13,8.31,4.94,4.00,-3.37,5,1
1772053305.571514,1982694,0.09,0.18,-0.08,-141.06,-71.56,58.88,-9.44,0.81,0.00,0.04,0.15,0.06,-141.00,43.25,6.81,6.00,4.31,-3.94,4,1
1772053305.763453,1982886,-0.10,0.17,-0.07,-140.62,-71.81,57.13,-8.69,4.31,-2.69,-0.02,0.14,0.02,-140.94,43.44,4.75,8.25,6.19,-5.81,3,1
1772053305.954930,1983078,0.19,-0.01,0.05,-139.94,-72.06,55.25,-13.56,1.94,-2.87,-0.08,0.19,0.05,-140.87,43.75,2.06,9.00,7.37,-6.44,3,1
1772053306.145697,1983268,0.00,0.20,-0.13,-139.62,-72.00,52.25,-11.31,4.19,-1.06,-0.01,0.07,-0.16,-140.62,43.94,0.37,0.69,2.69,-3.44,3,1
1772053306.335260,1983457,0.16,-0.16,-0.08,-140.81,-71.87,51.69,-1.00,-6.37,-8.88,-0.11,0.13,-0.14,-139.94,43.81,359.31,9.19,7.69,-7.19,3,1
1772053306.524781,1983647,0.13,0.07,-0.07,-140.31,-73.50,52.56,1.94,-4.94,-2.94,-0.06,0.15,-0.05,-140.31,43.81,357.25,1.44,2.75,-1.00,4,1
1772053306.716618,1983839,-0.01,0.16,0.00,-138.44,-74.19,55.00,17.00,-4.56,7.87,-0.17,0.22,-0.06,-140.69,43.75,356.94,-1.12,-1.37,1.37,3,1
1772053306.908417,1984031,-0.09,0.20,-0.06,-136.50,-73.87,59.00,32.19,-7.44,7.56,-0.08,0.04,-0.12,-141.31,43.94,356.50,2.00,0.06,2.94,4,1
1772053307.099779,1984222,0.04,-0.10,-0.08,-135.69,-73.94,67.19,48.00,-12.44,11.00,0.07,0.12,0.01,-141.19,44.13,356.87,-2.75,-0.50,2.75,4,1
1772053307.289092,1984412,-0.29,-0.21,0.18,-130.50,-74.62,74.50,24.06,-12.75,11.38,0.01,0.17,0.31,-141.19,44.56,356.94,-1.44,-2.81,1.87,4,2
1772053307.478643,1984601,0.07,0.12,-0.05,-127.06,-74.06,74.81,-0.62,4.81,3.12,0.02,0.21,0.18,-140.56,44.44,358.69,-1.56,-0.31,0.94,4,1
1772053307.670400,1984793,0.01,0.13,-0.18,-129.06,-72.87,74.12,4.37,3.37,4.00,-0.02,0.17,0.10,-139.75,44.56,358.56,4.12,5.94,-5.31,5,1
1772053307.861804,1984984,0.22,-0.11,-0.07,-127.12,-72.31,73.31,-5.44,-4.87,3.87,-0.02,0.11,-0.01,-139.25,44.63,357.69,1.25,1.25,-0.56,5,1
1772053308.053011,1985175,0.00,0.33,-0.13,-123.44,-72.31,71.37,-2.00,1.25,-1.31,-0.10,0.15,-0.07,-139.31,44.69,357.87,-1.25,0.13,1.12,5,1
1772053308.245025,1985367,-0.10,-0.04,-0.06,-122.50,-72.44,71.94,-0.44,-1.44,-0.69,-0.02,0.08,-0.04,-139.37,44.69,357.94,-0.19,-0.25,-0.62,6,2
1772053308.434642,1985557,-0.08,0.00,0.05,-122.19,-72.75,72.12,-2.62,1.06,-1.87,-0.04,0.11,-0.02,-139.25,44.69,357.87,-1.44,-0.37,0.69,6,2
1772053308.627064,1985750,-0.25,-0.08,0.01,-122.44,-72.87,71.25,-12.94,6.00,-3.37,0.00,0.20,0.02,-138.87,44.81,359.19,-7.25,-3.62,4.25,6,2
1772053308.818628,1985941,0.03,-0.07,0.00,-126.12,-72.94,67.44,-29.25,12.06,-12.00,-0.21,-0.10,0.11,-137.94,44.50,3.37,-20.31,-9.19,6.50,6,2
1772053309.010168,1986133,0.01,0.36,-0.14,-129.62,-73.25,62.19,-26.87,8.75,-7.19,0.21,-0.14,-0.16,-136.87,44.00,8.13,-3.62,-6.81,4.69,6,2
1772053309.200838,1986323,0.00,-0.06,0.01,-133.50,-72.62,60.50,7.06,4.87,-7.06,0.19,-0.12,-0.05,-136.87,43.69,8.75,3.12,3.87,-2.62,5,1
1772053309.390419,1986513,-0.02,-0.33,-0.09,-138.87,-72.44,61.13,-16.81,10.00,4.06,0.23,-0.25,-0.09,-137.19,43.75,6.19,13.75,4.12,-3.50,5,1
1772053309.581411,1986704,0.25,0.60,0.11,-134.00,-70.69,53.88,-20.44,1.31,8.06,0.08,-0.32,-0.23,-138.56,44.06,5.37,-15.19,-9.94,12.75,10,1
1772053309.773904,1986896,-0.12,-0.03,-0.10,-131.06,-70.00,52.44,10.13,-1.37,-7.00,-0.01,-0.17,-0.27,-139.31,43.56,6.44,3.75,-3.19,-2.12,11,1
1772053309.965710,1987088,-0.17,-0.30,-0.11,-137.75,-71.56,57.19,14.44,4.81,-1.06,-0.08,0.17,0.11,-139.56,43.69,7.06,-4.06,-2.31,0.88,12,1
1772053310.157245,1987280,0.06,-0.11,0.08,-138.12,-71.37,58.38,-4.25,-9.56,0.50,0.16,-0.08,-0.04,-139.44,43.56,7.69,-1.19,-1.75,3.69,12,1
1772053310.346625,1987469,0.00,0.00,-0.05,-135.75,-71.81,58.19,5.62,4.19,-0.31,-0.25,0.21,0.36,-139.69,43.75,7.87,-1.06,1.37,-0.69,12,1
1772053310.536256,1987659,-0.09,0.11,0.12,-134.81,-71.69,58.19,-6.44,-4.94,5.44,0.13,0.00,0.17,-139.12,44.06,7.69,-0.69,1.00,0.06,12,1
1772053310.728681,1987851,0.03,0.24,-0.07,-132.62,-71.00,55.81,-5.87,6.00,-2.75,0.06,-0.09,-0.08,-139.50,44.06,6.94,1.81,-2.12,-0.31,12,1
1772053310.920394,1988043,0.11,-0.25,-0.04,-135.37,-70.87,56.50,3.62,-3.00,-2.50,-0.04,0.05,0.00,-139.81,43.88,7.12,1.69,-0.06,-0.56,13,1
1772053311.112286,1988234,-0.16,-0.05,0.01,-135.06,-71.81,57.13,-1.56,-0.19,-0.81,-0.02,0.01,-0.04,-139.94,43.81,6.56,-0.19,-0.31,0.37,13,1
1772053311.301231,1988424,0.00,0.02,0.00,-134.56,-71.75,56.94,1.87,-2.12,1.25,-0.01,0.01,0.02,-139.94,43.94,6.69,-1.06,-0.75,1.69,12,1
1772053311.490823,1988614,0.01,0.10,-0.01,-134.25,-71.75,57.00,1.06,1.19,0.19,0.02,0.05,0.09,-140.12,44.00,6.81,-1.81,-1.25,1.81,7,1
1772053311.683737,1988806,0.00,-0.08,0.01,-134.44,-71.75,57.31,-4.69,-0.88,-1.00,0.05,0.00,0.03,-140.12,44.13,6.50,1.25,0.81,-0.94,6,1
1772053311.875666,1988998,0.09,0.00,-0.04,-134.50,-71.56,56.81,2.19,2.94,0.75,-0.12,0.12,0.03,-140.00,44.06,6.69,-0.44,-1.06,-0.37,6,1
1772053312.068653,1989191,0.07,-0.03,0.03,-134.37,-71.69,57.06,2.62,-0.94,-1.50,0.03,0.00,-0.03,-140.12,43.94,6.87,1.00,-0.50,-0.19,6,1
1772053312.260006,1989383,0.01,-0.16,-0.01,-135.94,-71.87,57.94,2.62,1.50,-0.69,-0.03,0.09,0.08,-140.19,43.88,6.94,0.06,0.44,0.13,5,1
1772053312.451538,1989574,0.02,0.07,0.01,-135.81,-71.81,57.69,-0.88,-0.06,0.88,0.01,0.07,0.04,-140.19,43.88,6.94,0.00,0.44,-0.13,5,1
1772053312.642771,1989765,0.02,0.00,-0.02,-135.69,-71.75,57.63,-0.19,-0.19,0.00,0.01,0.10,0.08,-140.19,43.88,6.94,0.00,-0.13,-0.19,5,1
1772053312.834063,1989957,-0.03,0.06,0.00,-135.44,-71.81,57.63,0.75,-0.50,0.31,0.00,0.11,0.06,-140.19,43.81,7.00,0.06,-0.37,0.31,5,1
1772053313.026503,1990149,0.02,-0.04,-0.05,-136.12,-71.87,57.81,0.44,1.19,-0.69,0.02,0.06,0.04,-140.25,43.81,6.87,0.25,0.25,0.37,6,1
1772053313.218953,1990342,0.05,0.03,-0.01,-136.12,-71.81,57.75,-1.56,-1.81,1.31,0.06,0.05,0.06,-140.31,43.88,6.87,-0.56,-0.88,0.75,6,1
1772053313.409420,1990532,0.00,0.00,-0.03,-136.00,-71.87,57.81,1.87,0.94,-1.44,0.01,0.08,0.06,-140.31,43.88,6.87,0.25,0.19,0.13,5,1
1772053313.599311,1990722,0.02,0.00,-0.01,-136.06,-71.94,58.00,-0.81,-1.37,1.12,0.02,0.07,0.09,-140.37,43.88,6.81,-0.25,-0.06,0.56,5,1
1772053313.792077,1990915,0.01,0.07,-0.03,-135.44,-71.94,57.75,0.37,0.56,-0.69,0.00,0.06,0.01,-140.37,43.88,6.81,0.19,-0.31,-0.06,5,1
1772053313.984764,1991107,0.01,-0.04,-0.01,-135.81,-72.06,58.06,0.19,-0.37,0.06,0.05,0.07,0.05,-140.44,43.94,6.75,-0.13,-0.37,0.56,5,1
1772053314.176742,1991299,0.06,0.04,-0.06,-135.69,-72.00,57.88,0.62,0.81,0.00,-0.01,0.07,0.06,-140.50,43.94,6.69,-0.06,-0.69,0.75,5,1
1772053314.368723,1991491,0.02,-0.02,-0.01,-135.87,-72.00,58.00,0.69,-0.25,-0.56,0.01,0.07,0.08,-140.50,43.94,6.69,-0.13,0.13,0.00,5,1
1772053314.559936,1991683,0.05,0.07,0.00,-135.81,-71.94,57.81,-0.62,0.25,0.88,0.02,0.11,0.09,-140.50,43.94,6.69,-0.44,0.31,-0.06,5,1
1772053314.750444,1991873,0.05,0.03,0.00,-135.75,-71.94,57.75,0.06,1.00,-0.13,0.02,0.12,0.08,-140.50,43.94,6.75,0.37,-0.13,-0.19,4,1
1772053314.943439,1992066,0.01,0.00,-0.02,-135.81,-72.00,57.88,-0.06,-0.56,-0.06,-0.01,0.13,0.09,-140.56,43.94,6.69,0.50,-0.31,0.19,5,1
1772053315.135410,1992258,0.02,0.06,-0.03,-135.75,-72.00,57.81,0.19,0.31,0.19,-0.01,0.11,0.03,-140.56,43.94,6.69,0.44,-0.37,0.25,5,1
1772053315.327822,1992451,0.00,-0.05,-0.01,-135.94,-72.00,57.94,-0.25,-0.69,0.50,0.00,0.11,0.09,-140.56,43.94,6.69,0.37,0.00,0.25,5,1
1772053315.520566,1992644,0.04,0.07,-0.04,-135.69,-71.94,57.69,0.06,0.81,0.13,0.00,0.14,0.08,-140.56,43.94,6.69,0.13,-0.25,0.25,6,1
1772053315.711206,1992834,0.04,0.08,-0.06,-135.81,-71.94,57.69,-0.44,0.06,-0.06,0.00,0.09,0.10,-140.56,43.94,6.75,0.06,-0.31,0.13,6,1
1772053315.903407,1993026,0.01,0.12,-0.02,-135.62,-72.00,57.56,-0.88,-0.44,0.06,0.03,0.12,0.08,-140.56,43.94,6.75,0.31,-0.25,-0.13,6,1
1772053316.095468,1993218,0.01,0.00,-0.06,-135.69,-72.00,57.63,-0.13,-0.06,0.13,-0.01,0.12,0.07,-140.56,43.94,6.75,-0.37,-0.37,0.19,6,1
1772053316.286741,1993410,0.03,0.03,-0.05,-135.56,-72.06,57.63,-0.44,-0.37,0.25,0.00,0.14,0.08,-140.56,43.94,6.75,0.31,-0.13,0.37,6,1
1772053316.478991,1993602,0.03,0.06,-0.01,-135.50,-72.06,57.63,0.25,-0.37,-0.06,-0.01,0.13,0.08,-140.56,43.94,6.75,0.00,-0.25,0.25,6,1
1772053316.670473,1993793,0.01,0.09,-0.03,-135.56,-72.06,57.63,0.13,0.50,0.06,0.00,0.13,0.10,-140.56,43.94,6.81,-0.25,-0.06,0.50,6,1
1772053316.861174,1993984,0.00,0.07,-0.04,-135.56,-72.06,57.63,-0.62,-0.25,0.13,0.01,0.07,0.03,-140.56,43.94,6.81,0.13,-0.31,0.06,6,1
1772053317.053804,1994177,0.02,0.03,-0.03,-135.56,-72.12,57.63,0.25,-0.50,0.25,0.00,0.09,0.06,-140.56,43.94,6.81,-0.19,-0.19,0.00,6,1
1772053317.246400,1994369,0.00,0.00,-0.05,-135.37,-72.19,57.69,-0.37,0.25,0.37,-0.02,0.09,0.07,-140.50,43.88,6.87,-0.37,0.31,-0.94,6,1
1772053317.438533,1994561,0.00,0.05,-0.03,-135.12,-72.19,57.56,0.00,-0.75,0.13,0.04,0.10,0.10,-140.37,43.81,7.00,-0.25,-0.06,-0.88,6,1
1772053317.630312,1994753,0.07,0.05,0.00,-134.87,-72.25,57.56,-0.19,-1.37,-0.13,0.02,0.09,0.13,-140.31,43.75,7.12,-0.13,-0.06,-0.44,6,1
1772053317.822232,1994945,0.04,0.12,0.00,-134.56,-72.37,57.56,-0.62,-0.19,-0.13,0.00,0.11,0.11,-140.31,43.75,7.12,-0.25,-0.19,-0.19,6,1
1772053318.012656,1995135,0.03,0.06,-0.03,-134.62,-72.37,57.63,0.06,-0.19,-0.50,0.00,0.11,0.11,-140.31,43.75,7.12,0.00,0.25,-0.06,6,1
1772053318.205389,1995328,0.02,0.11,0.00,-134.50,-72.37,57.44,-1.06,-0.13,0.50,0.00,0.11,0.05,-140.31,43.75,7.12,-0.25,0.13,-0.06,6,1
1772053318.397824,1995521,0.01,0.07,-0.01,-134.50,-72.37,57.44,0.06,0.19,-0.06,0.01,0.11,0.05,-140.31,43.75,7.12,-0.56,-0.50,0.13,6,2
1772053318.590428,1995713,0.01,0.02,0.00,-134.50,-72.44,57.50,-0.37,-0.37,0.06,0.01,0.11,0.09,-140.31,43.75,7.12,-0.06,-0.31,0.13,6,1
1772053318.782278,1995905,0.03,0.08,-0.01,-134.50,-72.44,57.44,0.62,0.50,-0.69,0.01,0.12,0.08,-140.31,43.75,7.12,0.00,-0.19,0.50,6,1
1772053318.972898,1996096,0.05,0.08,-0.03,-134.50,-72.44,57.50,0.50,-0.31,0.25,0.01,0.12,0.09,-140.31,43.75,7.12,0.00,-0.19,0.37,6,1
1772053319.164760,1996288,0.02,0.09,0.01,-134.37,-72.50,57.50,0.13,-0.69,0.00,0.00,0.09,0.06,-140.31,43.75,7.12,0.19,-0.19,0.50,7,3
1772053319.356710,1996480,0.00,0.09,-0.03,-134.37,-72.50,57.50,0.56,0.88,-0.25,0.03,0.10,0.03,-140.31,43.75,7.12,-0.88,-0.56,0.50,7,3
1772053319.548522,1996671,0.01,0.04,-0.03,-134.56,-72.44,57.50,-0.81,-0.13,-0.06,0.04,0.07,0.05,-140.31,43.75,7.12,-0.19,-0.31,0.31,7,3
1772053319.740502,1996864,0.05,0.07,-0.04,-134.56,-72.50,57.50,0.31,0.19,-0.44,0.03,0.04,0.06,-140.31,43.75,7.12,0.13,0.50,-0.06,7,3
1772053319.933496,1997057,0.00,0.07,-0.03,-134.50,-72.44,57.50,0.00,-0.06,1.00,0.00,0.09,0.10,-140.31,43.75,7.19,-0.44,0.56,-0.81,7,3
1772053320.124041,1997247,0.01,0.11,-0.01,-134.31,-72.44,57.38,0.25,-0.69,0.25,0.06,0.06,0.08,-140.19,43.75,7.25,-0.19,0.19,-0.75,7,3
1772053320.317300,1997440,0.06,0.06,-0.02,-134.44,-72.50,57.44,0.37,-0.31,-0.44,0.00,0.08,0.10,-140.06,43.63,7.37,0.00,-0.13,-0.25,7,2
1772053320.509293,1997632,0.00,0.14,0.00,-134.12,-72.56,57.44,-0.13,0.19,0.13,0.04,0.10,0.09,-140.06,43.63,7.44,0.00,-0.19,-0.13,7,2
1772053320.700799,1997824,0.04,0.08,-0.08,-134.50,-72.62,57.63,0.31,0.62,-0.94,0.00,0.07,0.06,-140.06,43.63,7.44,0.00,0.00,0.13,7,3
1772053320.892695,1998016,0.04,0.11,-0.06,-134.62,-72.62,57.81,-0.56,0.19,0.13,0.01,0.08,0.06,-140.06,43.63,7.44,-0.25,-0.13,-0.19,7,3
1772053321.083934,1998207,-0.02,0.06,-0.04,-134.62,-72.62,57.75,0.50,0.25,-0.19,0.00,0.12,0.07,-140.06,43.63,7.44,-0.25,-0.25,-0.06,6,2
1772053321.274321,1998397,0.01,0.08,-0.02,-134.50,-72.75,57.81,-0.56,-0.25,0.13,0.01,0.11,0.09,-140.06,43.63,7.44,-0.06,-0.31,0.13,6,2
1772053321.467380,1998590,0.04,0.09,-0.05,-134.44,-72.75,57.81,0.50,-0.13,-0.13,0.00,0.09,0.07,-140.06,43.63,7.44,-0.19,-0.31,0.06,6,2
1772053321.660158,1998783,0.03,0.06,-0.08,-134.44,-72.81,57.88,0.81,-1.12,0.13,0.01,0.07,0.04,-140.06,43.63,7.44,0.31,-0.19,0.19,6,2
1772053321.853445,1998976,0.04,0.12,-0.03,-134.19,-72.87,57.94,0.19,-0.69,-0.31,0.00,0.06,0.06,-140.06,43.63,7.44,0.25,-0.13,0.25,6,2
1772053322.045126,1999168,0.07,0.13,-0.07,-134.37,-72.87,58.06,0.31,0.62,-0.44,0.00,0.10,0.10,-140.12,43.69,7.37,0.25,0.06,0.62,5,2
1772053322.236812,1999360,0.00,0.11,-0.05,-134.44,-72.94,58.13,0.19,-0.37,0.06,0.00,0.03,0.03,-140.12,43.69,7.31,0.13,-0.37,0.50,5,2
1772053322.427953,1999551,0.02,0.06,-0.05,-134.44,-72.94,58.13,0.50,-0.25,0.00,0.00,0.06,0.04,-140.12,43.69,7.31,-0.19,-0.06,0.19,5,2
1772053322.619530,1999742,0.03,0.09,-0.06,-134.44,-72.94,58.13,-0.94,0.44,0.31,-0.01,0.06,0.06,-140.12,43.69,7.37,-0.13,0.56,-0.69,6,3
1772053322.812308,1999935,0.02,0.07,-0.06,-134.44,-72.94,58.13,0.00,0.06,-0.06,0.07,0.09,0.00,-139.94,43.63,7.44,-1.12,-0.31,-0.62,6,2
1772053323.004558,2000128,0.01,0.08,-0.03,-134.31,-72.94,58.06,-0.44,0.06,-0.19,0.02,0.11,0.05,-139.94,43.63,7.44,0.00,0.13,-0.25,6,2
1772053323.196342,2000319,0.04,0.10,-0.02,-134.37,-72.94,58.13,0.88,0.62,-0.19,0.00,0.08,0.02,-139.94,43.63,7.44,0.37,0.37,0.00,6,2
1772053323.386077,2000509,0.01,0.03,-0.08,-134.62,-72.94,58.19,0.50,0.19,0.31,0.00,0.05,0.08,-139.94,43.63,7.44,0.31,0.44,0.25,6,2
1772053323.579628,2000703,0.06,0.10,-0.09,-134.81,-72.81,58.13,0.25,1.00,0.19,0.00,0.06,0.09,-139.94,43.69,7.44,0.19,0.37,0.31,6,2
1772053323.771392,2000895,0.06,0.08,-0.10,-135.25,-72.75,58.13,0.62,0.06,-0.69,0.02,0.06,0.07,-139.94,43.69,7.44,0.13,0.00,0.00,7,2
1772053323.963282,2001086,0.05,0.12,-0.07,-135.19,-72.75,58.06,-0.44,-0.25,0.13,0.01,0.07,0.02,-139.94,43.69,7.50,-0.13,-0.50,0.00,7,2
1772053324.154822,2001278,0.00,0.02,-0.04,-135.25,-72.81,58.19,-0.75,-0.56,-0.69,0.07,0.05,0.05,-140.06,43.63,7.37,0.19,-0.37,0.06,7,2
1772053324.344216,2001467,0.05,0.05,-0.06,-134.50,-72.44,56.94,-7.00,2.62,2.44,0.02,0.05,0.10,-140.06,43.69,6.94,2.06,2.37,-1.44,7,3
1772053324.535338,2001658,0.04,0.15,-0.04,-132.31,-71.62,54.06,-11.25,2.56,3.75,0.07,0.03,0.00,-140.00,43.81,6.19,2.25,1.62,-2.00,6,2
1772053324.726861,2001850,0.08,0.08,-0.02,-130.06,-70.75,50.69,-11.13,2.37,3.87,0.04,0.08,0.05,-140.06,43.88,5.37,3.62,2.56,-2.37,6,2
1772053324.918715,2002042,0.05,0.14,-0.02,-127.94,-69.94,47.13,-12.81,4.81,2.00,0.03,0.05,0.10,-140.06,44.06,3.62,6.31,5.44,-4.94,7,2
1772053325.110696,2002234,0.12,0.10,0.03,-127.00,-68.87,43.13,-16.69,6.50,2.69,0.00,0.05,0.04,-139.81,44.25,1.44,8.75,7.50,-6.81,8,2
1772053325.300394,2002423,0.05,0.19,0.02,-125.75,-67.87,38.38,-17.25,7.94,0.50,-0.03,-0.03,-0.08,-139.62,44.44,358.87,8.88,6.44,-6.94,8,3
1772053325.490302,2002613,0.18,0.19,-0.02,-126.31,-67.19,35.06,-8.31,4.87,-2.25,-0.08,-0.02,-0.13,-139.56,44.50,357.00,5.69,4.00,-3.75,8,3
1772053325.683409,2002806,0.06,0.08,-0.05,-127.50,-67.37,34.75,1.75,2.00,-3.62,-0.09,0.00,-0.11,-139.56,44.44,356.31,0.06,-0.44,-0.62,7,3
1772053325.876096,2002999,0.08,0.06,-0.04,-128.50,-67.62,35.88,5.06,-2.25,0.56,-0.08,-0.03,-0.15,-139.62,44.31,357.19,-5.81,-5.25,4.50,8,3
1772053326.068449,2003191,0.03,0.00,-0.03,-128.69,-67.75,37.88,12.06,-2.06,-0.06,-0.06,0.00,-0.07,-139.75,44.00,359.44,-7.62,-6.25,5.19,8,3
1772053326.257447,2003380,0.10,0.03,-0.07,-129.37,-67.87,40.94,14.88,-6.00,5.06,0.01,0.00,0.02,-139.56,43.81,2.69,-11.69,-7.75,7.62,8,2
1772053326.447017,2003570,0.03,0.11,0.01,-128.19,-68.06,43.38,10.06,-5.37,3.94,0.09,0.03,0.12,-139.37,43.69,5.37,-8.06,-5.25,5.37,8,2
1772053326.639452,2003763,0.12,0.13,0.01,-127.37,-67.94,44.75,5.12,-3.56,3.12,0.03,0.08,0.26,-139.00,43.69,7.06,-2.87,-1.69,1.75,8,2
1772053326.832226,2003955,0.01,0.17,0.01,-126.19,-68.06,44.81,-4.12,1.44,-0.56,0.02,-0.11,-0.07,-139.00,43.81,6.81,0.31,-1.69,0.44,8,2
1772053327.023969,2004147,0.14,-0.12,-0.04,-126.69,-67.81,44.81,3.56,-2.06,-1.31,0.05,-0.08,-0.02,-139.12,43.69,7.12,1.12,-0.31,-0.44,7,1
1772053327.214939,2004338,0.05,-0.05,-0.04,-126.81,-68.12,45.19,1.37,-0.44,0.44,0.03,-0.09,0.00,-139.25,43.69,6.94,0.06,0.31,0.19,7,1
1772053327.406165,2004529,0.06,0.08,-0.01,-126.56,-68.06,45.00,-0.50,-0.75,0.19,0.04,-0.05,0.01,-139.25,43.69,6.94,-0.37,-0.25,0.06,7,1
1772053327.596538,2004720,0.01,0.07,0.00,-126.25,-68.12,45.00,-0.56,1.00,0.25,0.03,-0.07,0.04,-139.25,43.69,6.94,0.00,0.25,-0.94,8,1
1772053327.788093,2004911,0.16,0.00,-0.06,-126.94,-67.87,44.94,1.25,2.06,0.13,0.01,-0.04,0.00,-139.06,43.56,7.06,-0.44,-0.56,-0.19,8,1
1772053327.980281,2005103,0.06,0.07,-0.06,-126.56,-67.87,44.94,0.25,-0.81,0.31,0.03,-0.08,-0.07,-139.00,43.44,7.50,0.19,-0.37,-0.62,8,1
1772053328.173160,2005296,0.02,-0.05,-0.08,-127.19,-68.12,45.56,1.75,0.56,0.25,0.02,-0.08,-0.05,-138.94,43.44,7.56,0.25,-0.31,-0.44,7,1
1772053328.365719,2005489,0.02,0.08,0.00,-127.00,-68.12,45.31,0.37,0.13,0.56,0.08,-0.07,0.00,-138.87,43.38,7.62,-0.25,0.00,-0.13,7,1
1772053328.555779,2005679,0.08,0.04,-0.05,-127.31,-68.00,45.31,-1.37,0.62,-0.13,0.06,-0.07,0.00,-138.87,43.38,7.62,0.00,-0.06,0.00,7,1
1772053328.748926,2005872,0.04,0.06,-0.05,-127.44,-68.00,45.25,-0.25,0.56,-0.62,0.12,-0.12,-0.05,-138.87,43.38,7.62,0.37,0.19,-0.62,7,1
1772053328.940136,2006063,0.22,0.00,-0.07,-127.87,-67.87,45.19,0.13,0.88,0.13,0.00,-0.02,0.00,-138.81,43.38,7.69,-0.50,-0.44,0.13,7,1
1772053329.131823,2006255,0.03,0.04,0.00,-127.25,-68.00,45.13,-0.19,0.13,-1.25,0.07,-0.11,-0.04,-138.81,43.38,7.75,0.00,-0.25,-0.19,6,1
1772053329.323262,2006446,0.11,-0.05,-0.10,-128.12,-68.00,45.50,0.37,1.19,0.50,0.02,-0.04,-0.01,-138.75,43.38,7.81,0.37,0.50,-0.50,6,1
1772053329.513295,2006637,0.04,0.17,-0.02,-127.31,-68.00,45.13,-0.06,-1.50,0.56,0.07,-0.11,0.00,-138.75,43.38,7.81,0.00,-0.25,0.19,5,1
1772053329.704155,2006827,0.08,0.09,-0.04,-127.37,-68.06,45.19,0.69,-0.25,-0.75,0.04,-0.05,0.01,-138.75,43.31,7.94,-0.62,-0.94,0.75,4,1
1772053329.895484,2007019,0.03,0.04,-0.05,-127.37,-68.31,45.63,0.56,-0.50,-0.88,0.06,-0.10,-0.02,-138.87,43.25,8.00,0.00,-0.75,0.44,4,1
1772053330.087827,2007211,0.07,0.02,-0.10,-127.62,-68.37,45.81,0.88,0.00,-0.62,0.06,-0.14,-0.07,-138.87,43.25,8.06,0.06,-0.44,-0.13,5,1
1772053330.281315,2007404,0.05,0.00,-0.08,-127.62,-68.44,45.88,0.19,-0.50,0.56,0.09,-0.14,-0.02,-138.87,43.25,8.06,-0.25,0.19,-0.25,4,1
1772053330.474644,2007598,0.08,0.11,-0.05,-127.62,-68.44,45.69,0.31,0.06,0.00,0.07,-0.16,-0.04,-138.81,43.19,8.19,-0.50,0.37,-1.00,5,1
1772053330.665289,2007789,0.08,0.04,-0.04,-127.69,-68.44,45.75,0.13,0.13,0.00,0.07,-0.14,0.00,-138.69,43.13,8.31,-0.44,0.06,-0.37,5,1
1772053330.857194,2007980,0.11,0.10,-0.03,-127.69,-68.37,45.75,-0.62,-0.06,-0.19,0.10,-0.12,0.00,-138.62,43.06,8.44,-0.25,0.19,-0.50,6,1
1772053331.048360,2008171,0.07,0.05,-0.06,-127.69,-68.37,45.75,-0.62,0.00,-0.19,0.12,-0.11,-0.01,-138.62,43.06,8.44,0.00,0.31,-0.44,6,1
1772053331.239445,2008363,0.06,0.11,-0.04,-127.69,-68.37,45.75,-0.13,0.13,0.00,0.11,-0.11,-0.03,-138.62,43.06,8.44,0.00,0.13,-0.19,7,3
1772053331.430853,2008554,0.06,0.05,-0.02,-127.69,-68.37,45.75,0.06,0.56,0.31,0.08,-0.12,-0.03,-138.62,43.06,8.44,-0.62,-0.62,0.13,7,3
1772053331.621973,2008745,0.08,0.04,-0.07,-127.87,-68.37,45.81,0.31,0.31,-0.19,0.09,-0.09,-0.01,-138.62,43.06,8.44,0.00,-0.37,0.06,7,3
1772053331.812025,2008935,0.07,0.05,-0.10,-127.94,-68.37,45.75,0.19,0.37,-0.06,0.07,-0.15,-0.02,-138.62,43.06,8.44,-0.06,-0.25,0.25,7,3
1772053332.003509,2009127,0.08,0.06,-0.08,-127.87,-68.37,45.75,0.25,-0.69,0.06,0.10,-0.12,-0.01,-138.62,43.06,8.44,-0.37,-0.31,0.06,7,3
1772053332.196325,2009319,0.06,0.14,-0.11,-127.81,-68.37,45.69,0.62,-0.31,0.13,0.09,-0.09,0.00,-138.62,43.06,8.44,0.19,-0.25,0.13,8,3
1772053332.390716,2009514,0.08,0.09,-0.07,-127.62,-68.50,45.88,0.00,-1.00,-0.25,0.11,-0.12,-0.02,-138.62,43.06,8.50,-0.25,0.06,0.13,7,3
1772053332.582867,2009706,0.03,0.08,-0.06,-127.44,-68.69,46.13,-0.69,-0.19,-0.25,0.09,-0.15,-0.03,-138.62,43.06,8.50,0.19,0.13,-0.06,7,3
1772053332.773898,2009897,0.06,0.04,-0.03,-127.44,-68.69,46.13,0.37,-0.06,0.06,0.08,-0.18,-0.07,-138.62,43.06,8.50,-0.37,-0.06,0.00,7,3
1772053332.965234,2010088,0.08,0.04,-0.09,-127.44,-68.69,46.13,-0.31,-0.50,0.37,0.09,-0.15,-0.04,-138.62,43.06,8.50,-0.13,0.13,-0.19,7,3
1772053333.156164,2010279,0.06,0.05,-0.10,-127.37,-68.69,46.13,0.56,0.06,-0.13,0.13,-0.14,-0.01,-138.62,43.06,8.50,0.00,0.25,-1.06,7,2
1772053333.347328,2010470,0.07,0.03,-0.06,-127.31,-68.75,46.19,0.44,-1.31,-0.37,0.11,-0.20,0.00,-138.44,42.94,8.69,-0.31,0.13,-0.75,7,1
1772053333.538349,2010661,0.08,0.08,-0.08,-127.19,-68.81,46.25,-0.37,0.19,0.19,0.09,-0.14,-0.01,-138.44,42.94,8.69,-0.13,0.19,-0.75,7,1
1772053333.729124,2010852,0.07,0.06,-0.07,-127.19,-68.81,46.25,-0.44,-0.37,-0.50,0.11,-0.15,-0.02,-138.50,43.00,8.50,0.25,0.31,-0.50,6,1
1772053333.919215,2011042,0.06,0.08,-0.04,-127.12,-68.81,46.19,-0.81,0.37,0.06,0.07,-0.11,-0.03,-138.62,43.06,8.31,0.00,-0.06,-0.13,6,2
1772053334.110326,2011233,0.04,0.03,-0.09,-127.25,-68.81,46.31,0.37,-0.06,0.06,0.08,-0.10,-0.05,-138.69,43.13,8.19,-0.62,-0.50,0.06,6,3
1772053334.301782,2011425,0.06,0.00,-0.08,-127.31,-68.81,46.25,-0.62,0.13,0.37,0.09,-0.07,-0.05,-138.75,43.13,8.06,-0.13,-0.13,-0.06,6,2
1772053334.494814,2011618,0.06,0.04,-0.09,-127.31,-68.75,46.19,0.94,0.69,-0.44,0.04,-0.10,-0.05,-138.81,43.19,7.94,-0.13,-0.37,0.25,6,2
1772053334.689327,2011812,0.07,0.02,-0.07,-127.44,-68.75,46.25,0.31,-0.44,0.19,0.05,-0.09,0.00,-138.81,43.19,7.94,-0.31,-0.19,-0.06,5,2
1772053334.880224,2012003,0.08,0.07,-0.09,-127.44,-68.75,46.25,0.25,0.06,0.00,0.06,-0.09,-0.01,-138.81,43.19,7.94,-0.19,-0.31,0.00,5,2
1772053335.071773,2012195,0.13,0.07,-0.11,-127.37,-68.75,46.25,-0.25,0.13,0.06,0.10,-0.08,-0.01,-138.81,43.19,7.94,0.25,0.37,0.13,5,3
1772053335.262868,2012386,0.06,0.10,-0.08,-127.19,-68.81,46.25,-0.88,0.00,0.00,0.05,-0.14,-0.07,-138.87,43.19,7.87,0.56,-0.19,0.25,6,3
1772053335.453840,2012577,0.10,0.04,-0.08,-127.25,-68.75,46.19,0.56,-0.25,-0.25,0.05,-0.11,-0.04,-138.87,43.19,7.81,0.37,-0.13,0.13,7,3
1772053335.644456,2012768,0.01,0.01,-0.02,-127.25,-68.75,46.25,-0.19,0.37,0.19,0.08,-0.16,-0.05,-138.87,43.19,7.81,0.31,-0.06,0.25,7,3
1772053335.835167,2012958,0.11,-0.01,-0.09,-127.69,-68.62,46.25,1.00,0.69,0.25,0.08,-0.12,-0.01,-138.87,43.19,7.81,-0.13,0.19,-0.06,7,2
1772053336.026230,2013149,0.10,0.05,-0.01,-127.37,-68.62,46.13,-0.62,-1.19,-0.50,0.09,-0.18,-0.02,-138.87,43.19,7.87,-0.25,-0.50,-0.69,7,1
1772053336.217032,2013340,0.10,0.01,-0.05,-127.44,-68.62,46.19,-0.44,0.31,-0.19,0.13,-0.16,-0.04,-138.75,43.06,8.00,-0.75,0.13,-0.25,7,1
1772053336.407499,2013531,0.22,-0.01,-0.11,-127.56,-68.56,46.19,0.13,1.56,0.06,0.07,-0.09,0.00,-138.69,43.06,8.06,-0.25,0.56,-0.25,6,1
1772053336.598280,2013721,0.00,0.12,0.01,-126.50,-68.69,46.00,-2.75,-1.50,-0.94,0.09,-0.13,-0.03,-138.69,43.06,8.00,0.19,0.06,-0.69,6,1
1772053336.788721,2013912,0.12,-0.04,-0.09,-127.19,-68.69,46.25,0.25,2.06,1.00,0.10,-0.06,-0.02,-138.69,43.13,7.94,0.37,0.31,-0.50,6,1
1772053336.979061,2014102,0.00,0.10,-0.05,-126.87,-68.69,45.94,0.19,0.19,-0.06,0.07,-0.12,0.00,-138.75,43.19,7.69,-0.06,0.00,0.13,5,1
1772053337.170084,2014293,0.16,0.08,-0.09,-127.37,-68.56,46.00,-0.62,-0.44,0.62,0.05,-0.09,-0.02,-138.81,43.19,7.62,0.00,-0.13,-0.13,5,1
1772053337.360560,2014484,0.02,-0.01,-0.11,-127.62,-68.62,46.25,2.31,2.94,-0.25,-0.05,0.00,0.00,-138.87,43.25,7.50,-0.19,0.00,-0.37,4,1
1772053337.551453,2014675,0.12,0.05,-0.08,-127.62,-68.56,46.25,-0.94,-1.06,0.44,0.07,-0.16,-0.05,-138.87,43.25,7.56,0.75,0.25,-0.37,5,1
1772053337.741727,2014865,0.04,-0.07,-0.15,-127.87,-68.75,46.63,2.62,0.25,0.00,0.00,-0.03,0.03,-138.75,43.19,7.69,0.62,0.37,-0.81,5,1
1772053337.932531,2015056,-0.03,0.20,0.00,-126.75,-68.94,46.38,-0.19,-3.25,0.44,0.10,-0.13,-0.02,-138.81,43.19,7.69,0.19,-0.37,0.06,5,2
1772053338.123239,2015246,0.09,0.01,-0.10,-127.37,-69.00,46.75,0.81,1.81,-0.69,0.03,-0.09,-0.01,-138.81,43.19,7.69,-0.19,0.00,0.37,6,2
1772053338.314118,2015437,0.08,0.05,-0.13,-127.75,-68.87,46.88,-0.56,1.31,-0.19,0.07,-0.14,-0.08,-138.81,43.19,7.69,-0.13,0.13,0.13,8,3
1772053338.504038,2015627,0.28,0.07,-0.31,-127.44,-69.00,46.94,0.06,-7.56,-1.50,0.09,-0.18,-0.04,-138.69,43.19,7.62,-0.44,0.25,-2.12,9,3
1772053338.693426,2015817,0.16,0.09,0.00,-122.62,-70.81,48.38,1.31,-20.25,-5.19,0.12,-0.12,-0.01,-138.44,43.13,7.69,-0.13,0.75,-1.31,10,3
1772053338.885158,2016008,-0.58,0.24,0.64,-117.37,-73.44,51.44,8.13,-0.31,-9.25,0.00,-0.04,0.03,-138.37,43.00,7.87,-0.56,-1.19,0.19,10,3
1772053339.076148,2016199,0.01,-0.07,-0.01,-129.19,-72.75,54.81,17.44,26.12,-4.50,0.08,-0.13,-0.03,-138.87,43.13,7.75,0.81,-1.75,2.44,10,3
1772053339.266737,2016390,0.24,-0.22,-0.47,-142.50,-69.44,56.44,3.94,25.25,-1.12,0.08,-0.10,0.03,-139.62,43.25,6.94,2.31,0.56,-0.81,9,3
1772053339.456438,2016580,0.41,-0.02,-0.36,-147.50,-66.56,54.94,-10.38,-0.37,-0.37,0.09,-0.13,0.02,-139.56,43.44,5.62,5.06,5.00,-4.94,8,3
1772053339.645866,2016769,0.14,0.16,-0.02,-142.62,-68.00,52.06,-15.56,-15.94,-2.56,0.07,-0.10,-0.06,-139.31,43.38,4.44,4.12,3.62,-6.25,8,3
1772053339.838546,2016962,-0.26,0.16,0.40,-136.81,-70.94,51.50,-5.44,-10.75,-6.87,-0.07,-0.01,-0.02,-139.06,43.25,3.50,3.50,2.87,-3.25,7,3
1772053340.029274,2017152,-0.22,0.16,0.23,-137.37,-72.56,53.25,8.88,5.56,-8.88,0.01,-0.08,-0.11,-139.19,43.38,2.37,2.37,1.19,-0.37,6,3
1772053340.220063,2017343,0.00,-0.18,-0.12,-147.31,-71.56,57.00,11.94,15.69,-4.19,0.09,-0.07,-0.07,-139.62,43.25,2.25,-0.62,-2.00,1.37,5,1
1772053340.410684,2017534,0.04,-0.25,-0.18,-153.81,-69.44,58.56,-2.12,13.44,1.19,0.00,-0.13,-0.18,-139.81,43.13,2.56,-1.50,-1.06,1.00,5,1
1772053340.600302,2017723,0.21,0.00,-0.25,-154.12,-67.56,57.00,-1.06,1.37,4.56,0.05,-0.15,-0.12,-139.75,43.25,3.06,-4.12,-1.06,2.19,4,1
1772053340.791698,2017915,0.10,0.03,0.00,-151.12,-68.06,56.50,1.75,-12.44,5.44,0.04,-0.04,-0.02,-139.44,43.25,4.37,-6.37,-3.56,3.12,5,1
1772053340.982306,2018106,-0.02,0.22,0.09,-146.25,-69.62,56.94,6.62,-12.31,2.87,0.05,-0.05,0.01,-139.19,43.19,6.44,-7.81,-5.62,5.19,5,1
1772053341.173281,2018296,-0.23,0.16,0.06,-143.81,-70.81,59.50,13.19,-4.19,2.19,-0.09,-0.01,0.00,-139.25,43.00,8.94,-7.12,-6.25,4.56,6,1
1772053341.363391,2018487,0.00,0.21,0.02,-145.81,-71.37,63.75,25.56,-3.31,-2.31,0.12,0.00,0.18,-139.19,43.06,10.56,-1.00,0.00,0.69,7,1
1772053341.553423,2018677,-0.09,-0.14,-0.05,-151.94,-72.50,69.37,7.69,-0.88,-7.25,0.15,-0.06,0.05,-139.06,43.25,10.13,1.12,-0.81,-1.56,7,1
1772053341.745099,2018868,0.01,-0.28,0.00,-154.87,-72.50,70.19,-8.06,1.87,0.06,0.00,-0.09,-0.08,-139.19,42.94,9.94,3.00,1.06,-2.69,8,1
1772053341.935911,2019059,-0.08,-0.14,-0.02,-152.37,-71.81,66.37,-16.25,6.37,3.94,0.04,-0.11,-0.05,-139.31,42.94,8.88,2.81,3.69,-3.50,8,1
1772053342.126203,2019250,0.04,0.01,0.01,-148.75,-70.12,61.25,-17.12,5.75,6.06,0.02,-0.08,-0.05,-139.06,43.06,8.13,1.19,2.44,-1.12,8,1
1772053342.316786,2019440,0.03,0.03,0.02,-144.00,-68.62,55.50,-16.25,6.31,8.06,0.05,-0.08,-0.02,-139.06,43.19,7.81,-1.00,-0.06,0.00,7,1
1772053342.507503,2019631,0.08,0.10,0.00,-140.37,-66.94,50.38,-12.50,3.62,5.06,0.06,-0.09,-0.03,-139.00,43.25,7.75,0.06,1.06,-0.13,7,1
1772053342.698340,2019822,0.07,0.11,-0.01,-137.69,-66.06,47.13,-5.87,1.50,3.75,0.07,-0.09,0.00,-138.94,43.44,7.44,-0.25,0.56,-0.37,6,1
1772053342.889170,2020012,0.08,0.10,0.00,-136.50,-65.56,45.69,-2.00,-0.81,1.12,0.05,-0.08,-0.04,-138.94,43.50,7.37,0.13,-0.31,-0.50,6,1
1772053343.079493,2020203,0.10,0.10,0.00,-136.87,-65.81,46.38,7.37,-2.44,-2.12,0.03,-0.07,-0.02,-138.94,43.50,7.37,-0.25,-0.19,0.06,6,1
1772053343.269890,2020393,0.05,0.16,0.03,-138.62,-66.75,49.50,11.56,-5.44,-5.62,0.05,-0.04,-0.03,-139.00,43.44,7.37,0.13,-0.50,0.00,6,1
1772053343.460900,2020584,0.04,0.04,0.01,-142.37,-68.56,54.88,14.88,-5.87,-9.63,0.04,-0.09,-0.02,-139.12,43.38,7.37,0.88,-0.62,-0.25,5,1
1772053343.651948,2020775,-0.01,-0.06,0.00,-147.50,-70.50,60.88,15.44,-5.81,-9.06,0.05,-0.10,-0.06,-139.25,43.31,7.44,-0.19,-0.88,0.06,5,1
1772053343.842849,2020966,-0.12,0.00,-0.05,-152.81,-72.00,65.81,12.88,-3.12,-8.06,0.00,-0.07,-0.05,-139.37,43.13,7.62,-0.44,-0.56,-1.75,5,1
1772053344.033263,2021156,-0.19,-0.14,-0.01,-158.06,-73.12,70.06,6.56,-6.62,-4.81,-0.03,-0.03,-0.05,-139.25,43.13,7.94,1.44,0.25,-1.50,6,1
1772053344.222828,2021346,-0.15,-0.04,-0.01,-159.56,-73.75,70.94,0.94,1.56,-2.69,0.02,-0.14,-0.10,-139.50,43.06,7.75,-1.81,-0.06,0.25,7,1
1772053344.412278,2021536,-0.02,-0.16,0.04,-159.50,-73.12,70.37,-9.06,2.37,3.62,0.01,-0.08,-0.08,-139.31,43.13,7.69,-0.06,1.75,-0.25,7,1
1772053344.604933,2021728,-0.02,-0.02,-0.02,-154.44,-72.06,66.00,-16.50,6.75,8.75,0.01,-0.06,-0.07,-139.12,43.31,7.44,-0.88,1.19,-0.62,7,1
1772053344.795629,2021919,0.02,0.03,0.00,-148.19,-70.12,59.56,-19.25,4.19,11.00,0.00,-0.05,-0.06,-138.87,43.44,7.44,-0.50,1.56,0.06,7,1
1772053344.986067,2022110,0.01,0.11,0.02,-140.62,-68.25,52.06,-19.69,4.31,11.75,0.01,-0.05,-0.11,-138.81,43.63,7.12,-0.37,0.81,-0.25,7,1
1772053345.175478,2022299,0.10,0.17,0.03,-135.25,-66.50,45.94,-12.06,2.19,8.44,0.00,-0.06,-0.10,-138.75,43.75,6.87,0.25,1.37,0.00,7,1
1772053345.366880,2022490,0.08,0.17,0.00,-133.06,-65.56,43.63,2.12,0.31,1.37,0.05,-0.06,-0.05,-138.56,43.94,6.62,-0.06,0.62,0.13,6,1
1772053345.558540,2022682,0.08,0.10,-0.01,-133.81,-65.62,44.69,7.19,-2.37,-3.19,-0.03,-0.05,-0.11,-138.62,43.94,6.69,0.13,-0.62,0.37,5,1
1772053345.748698,2022872,0.02,0.10,0.00,-136.50,-66.87,48.75,15.50,-4.44,-7.81,0.04,-0.08,-0.13,-138.69,43.88,6.75,-0.44,-0.31,0.31,6,1
1772053345.939605,2023063,-0.04,-0.07,0.00,-141.50,-68.69,55.38,18.81,-10.50,-9.69,0.01,-0.01,-0.03,-138.75,43.88,6.81,0.25,-1.06,0.19,5,1
1772053346.129350,2023253,-0.11,-0.04,0.04,-146.12,-70.69,60.75,9.94,-1.44,-9.38,0.00,-0.09,-0.11,-139.19,43.63,6.94,-0.13,-1.69,0.56,5,1
1772053346.320703,2023444,-0.01,-0.25,-0.02,-150.94,-71.31,64.37,4.44,-0.13,-2.94,-0.01,-0.07,-0.07,-139.25,43.56,7.00,-0.25,-0.69,1.12,5,1
1772053346.511663,2023635,-0.06,-0.10,-0.04,-151.94,-71.44,64.94,-1.37,1.31,0.94,0.02,-0.07,-0.09,-139.44,43.63,6.81,0.31,0.37,-0.13,6,1
1772053346.701939,2023825,0.02,-0.03,-0.06,-150.75,-71.00,63.44,-6.25,1.31,2.50,0.00,-0.06,-0.07,-139.44,43.63,6.81,0.00,0.62,0.19,6,1
1772053346.892787,2024016,-0.10,0.02,-0.03,-147.56,-70.62,60.63,-12.44,1.62,4.87,0.04,-0.12,-0.13,-139.37,43.63,6.81,-0.62,-0.13,-0.62,7,1
1772053347.082328,2024206,0.00,0.07,0.00,-144.44,-69.81,57.38,-6.06,-1.62,4.62,-0.01,0.00,-0.04,-139.19,43.69,6.75,0.19,1.87,-0.75,7,1
1772053347.273279,2024397,-0.03,0.14,0.00,-141.81,-69.56,55.31,-3.81,0.69,1.56,0.03,-0.05,-0.05,-139.00,43.88,6.50,-0.62,0.88,-0.19,8,1
1772053347.464598,2024588,0.03,0.09,0.00,-141.12,-69.25,54.50,-2.56,-1.19,0.25,0.00,-0.05,-0.08,-138.94,43.88,6.56,0.31,0.00,-0.13,8,1
1772053347.655597,2024779,0.02,-0.01,0.00,-140.87,-69.50,54.56,1.00,-0.25,-1.75,0.00,-0.03,-0.09,-139.00,43.88,6.56,0.13,-0.31,-0.37,8,1
1772053347.846117,2024969,0.00,-0.01,-0.02,-141.25,-69.56,54.94,-0.19,-0.88,-0.31,0.03,-0.07,-0.11,-139.00,43.88,6.56,-0.50,0.00,0.37,8,1
1772053348.036474,2025160,0.07,-0.02,-0.01,-141.19,-69.56,54.88,-0.25,-1.44,0.25,0.03,-0.01,-0.03,-139.00,43.88,6.56,-0.69,0.19,0.25,7,1
1772053348.226987,2025351,-0.01,0.14,0.00,-140.50,-69.56,54.50,-1.19,0.13,-1.06,0.02,-0.06,-0.08,-139.00,43.88,6.56,0.13,0.06,0.25,8,2
1772053348.418352,2025542,0.08,-0.01,-0.03,-141.06,-69.50,54.81,-1.69,0.69,-0.19,-0.04,-0.01,-0.09,-139.00,43.88,6.56,-0.56,-0.62,0.13,6,2
1772053348.608928,2025732,-0.02,-0.03,-0.01,-140.87,-69.56,54.81,0.62,-0.19,-0.69,0.01,0.00,-0.08,-139.00,43.88,6.56,-0.25,-0.50,-0.06,6,2
1772053348.799384,2025923,0.01,0.00,-0.07,-141.06,-69.56,54.88,0.69,-0.44,-0.19,-0.03,-0.04,-0.11,-139.00,43.88,6.56,0.19,-0.13,0.31,6,2
1772053348.989810,2026113,0.00,0.01,-0.05,-141.06,-69.62,54.94,1.06,-0.62,-0.19,-0.02,-0.04,-0.04,-139.00,43.88,6.56,0.19,0.37,0.13,6,2
1772053349.180350,2026304,0.01,0.05,0.02,-141.00,-69.62,54.94,-0.31,-0.13,0.19,-0.02,-0.02,-0.08,-139.00,43.88,6.56,0.06,0.31,0.31,5,3
1772053349.371637,2026495,0.03,-0.01,-0.01,-141.12,-69.62,55.00,0.13,0.75,-0.19,0.00,-0.04,-0.14,-139.00,43.88,6.56,-0.75,-0.44,-0.19,6,3
1772053349.562083,2026685,0.02,-0.05,-0.06,-141.19,-69.62,55.06,-0.75,-0.62,0.13,0.02,-0.02,-0.12,-139.00,43.88,6.62,-0.25,0.31,-0.19,6,4
1772053349.752641,2026876,0.00,0.02,-0.04,-140.87,-69.56,54.81,-0.13,0.13,-0.13,-0.01,-0.08,-0.05,-138.94,43.88,6.62,0.19,0.44,-0.50,7,4
1772053349.943208,2027067,0.03,0.00,-0.02,-140.81,-69.56,54.81,0.31,-1.00,0.37,-0.01,-0.06,-0.11,-138.81,43.88,6.62,-0.06,0.88,-0.69,8,4
1772053350.133731,2027257,0.03,0.04,-0.01,-140.62,-69.62,54.69,0.00,0.75,0.31,-0.04,-0.03,-0.04,-138.75,43.81,6.69,-0.31,0.50,-0.31,7,3
1772053350.324828,2027448,-0.02,0.04,-0.01,-140.69,-69.62,54.69,-0.56,0.19,0.06,-0.02,-0.04,-0.08,-138.75,43.81,6.75,0.50,0.13,-0.13,7,3
1772053350.515076,2027639,0.00,0.02,-0.02,-140.69,-69.62,54.69,-0.88,0.19,0.00,0.00,-0.05,-0.11,-138.75,43.81,6.75,0.19,-0.06,-0.13,7,3
1772053350.705721,2027829,0.01,0.01,-0.07,-140.69,-69.62,54.75,0.31,0.31,0.06,-0.03,-0.03,-0.12,-138.75,43.81,6.75,0.06,-0.13,0.00,7,3
1772053350.896464,2028020,0.01,0.00,-0.04,-140.75,-69.62,54.75,-0.37,-0.13,0.06,-0.03,-0.04,-0.11,-138.75,43.81,6.75,0.44,-0.13,0.00,6,3
1772053351.087061,2028211,0.02,-0.01,-0.06,-140.69,-69.62,54.69,0.75,0.69,-0.25,-0.02,-0.03,-0.09,-138.75,43.81,6.75,0.06,0.00,-0.06,6,2
1772053351.277862,2028401,0.03,0.05,-0.09,-140.75,-69.62,54.69,0.06,0.62,-0.06,-0.01,-0.02,-0.07,-138.69,43.81,6.75,-0.44,0.25,0.31,5,1
1772053351.468302,2028592,0.02,0.05,-0.08,-140.81,-69.62,54.75,-1.50,0.31,0.13,-0.04,-0.05,-0.12,-138.69,43.81,6.75,0.13,0.13,0.06,5,1
1772053351.659109,2028783,0.04,0.01,-0.06,-140.75,-69.62,54.75,0.00,-0.94,0.31,-0.03,-0.04,-0.12,-138.69,43.81,6.75,0.25,0.06,0.06,4,1
1772053351.849961,2028973,0.01,0.00,-0.04,-140.62,-69.75,54.81,-0.25,-1.19,0.25,-0.01,-0.04,-0.09,-138.69,43.81,6.75,-0.06,0.13,0.44,5,1
1772053352.040351,2029164,0.01,0.04,-0.03,-140.44,-69.75,54.75,0.88,0.25,-0.13,-0.01,-0.02,-0.09,-138.69,43.81,6.75,-0.06,0.06,0.13,5,2
1772053352.231622,2029355,0.06,-0.01,-0.07,-140.75,-69.69,54.88,-0.37,1.19,0.50,-0.03,-0.04,-0.08,-138.69,43.81,6.81,-0.50,0.19,0.25,6,2
1772053352.422100,2029545,0.01,0.02,-0.07,-140.75,-69.69,54.88,-0.81,-0.25,-0.19,-0.01,-0.08,-0.07,-138.69,43.81,6.81,0.13,-0.13,0.06,7,2
1772053352.612754,2029736,0.00,0.02,-0.04,-140.69,-69.69,54.81,0.81,-0.19,-0.13,-0.03,-0.06,-0.12,-138.69,43.81,6.81,-0.56,-0.13,-0.62,7,2
1772053352.803348,2029927,0.00,-0.03,-0.05,-140.56,-69.75,54.88,-0.13,-0.88,0.31,0.00,-0.08,-0.11,-138.56,43.75,6.94,-0.37,0.13,-0.44,8,2
1772053352.993659,2030117,0.04,0.02,-0.05,-140.50,-69.75,54.75,0.37,0.81,0.19,-0.02,-0.05,-0.09,-138.56,43.75,7.00,0.06,0.19,-0.25,8,2
1772053353.184869,2030308,0.00,0.03,-0.06,-140.50,-69.75,54.75,-0.06,-0.44,-0.75,-0.03,-0.08,-0.05,-138.56,43.69,7.00,0.13,-0.06,0.13,8,1
1772053353.375316,2030499,0.01,0.03,-0.04,-140.50,-69.75,54.75,-0.25,-0.37,0.00,-0.01,-0.07,-0.11,-138.56,43.69,7.00,0.44,-0.06,-0.25,7,1
1772053353.565862,2030689,0.01,0.00,-0.07,-140.62,-69.75,54.88,-0.06,0.06,-0.50,0.00,-0.03,-0.10,-138.56,43.69,7.00,0.06,-0.06,0.06,7,2
1772053353.756510,2030880,0.04,0.05,-0.05,-140.62,-69.75,54.88,-1.00,0.50,0.13,0.00,-0.07,-0.10,-138.56,43.69,7.00,0.25,-0.13,0.06,6,1
1772053353.947194,2031071,0.06,0.02,-0.08,-140.62,-69.75,54.81,0.31,0.25,-0.31,0.00,-0.06,-0.11,-138.56,43.69,7.00,-0.13,-0.25,-0.06,6,1
1772053354.137973,2031262,0.06,0.00,-0.08,-140.69,-69.81,54.88,0.94,-0.44,-0.50,-0.04,-0.06,-0.05,-138.56,43.69,7.00,0.00,-0.62,0.13,5,1
1772053354.328540,2031452,0.00,0.03,-0.08,-140.56,-69.87,54.88,0.50,-0.50,0.06,0.00,-0.05,-0.10,-138.62,43.69,7.00,-0.13,-0.06,0.13,6,1
1772053354.519163,2031643,0.04,0.03,-0.09,-140.69,-69.87,55.00,-0.56,-0.56,-0.44,-0.03,-0.05,-0.11,-138.62,43.69,7.00,0.25,0.56,0.00,6,1
1772053354.709796,2031833,0.03,0.04,-0.03,-140.50,-69.94,55.00,-0.62,0.06,-0.13,-0.03,-0.07,-0.09,-138.62,43.69,7.00,0.00,0.00,0.19,6,1
1772053354.900467,2032024,0.04,0.00,-0.10,-140.56,-69.94,55.06,0.25,-0.06,-0.31,0.02,-0.13,-0.11,-138.62,43.69,7.00,0.25,-0.06,-0.25,6,1
1772053355.091545,2032215,0.07,-0.04,-0.09,-140.62,-70.00,55.13,0.44,-0.75,0.44,-0.04,-0.09,-0.09,-138.56,43.69,7.06,0.13,0.19,-0.44,7,1
1772053355.281764,2032405,0.05,0.04,-0.08,-140.50,-70.00,55.06,0.19,0.25,-0.06,-0.02,-0.06,-0.09,-138.50,43.63,7.12,-0.56,0.13,-0.69,8,1
1772053355.472631,2032596,0.02,0.02,-0.09,-140.50,-70.00,55.06,-0.44,0.37,-0.44,0.01,-0.08,-0.14,-138.50,43.63,7.19,-0.19,0.56,-0.69,7,1
1772053355.663223,2032787,0.06,0.05,-0.08,-140.44,-70.00,55.00,-0.81,-0.44,-0.13,0.00,-0.10,-0.13,-138.37,43.56,7.31,0.13,0.13,-0.06,7,1
1772053355.853768,2032977,0.02,-0.01,-0.06,-140.25,-70.12,55.00,0.19,-0.50,-0.31,-0.04,-0.01,-0.04,-138.44,43.56,7.19,0.19,0.69,2.12,6,1
1772053356.044481,2033168,-0.03,-0.01,0.01,-140.25,-70.19,55.19,0.44,1.56,0.94,-0.05,-0.01,-0.07,-138.75,44.25,6.19,0.50,2.62,5.69,6,1
1772053356.234855,2033359,0.15,0.03,-0.19,-139.81,-70.25,55.31,1.87,-6.50,0.13,0.14,-0.18,-0.09,-139.44,45.56,4.00,0.19,3.25,5.44,5,1
1772053356.426195,2033549,-0.03,-0.01,-0.17,-138.69,-71.00,56.19,2.19,-3.31,-0.06,0.11,-0.10,-0.10,-139.87,46.13,3.00,-0.94,-0.69,-1.06,5,1
1772053356.615649,2033739,0.05,0.05,0.03,-137.19,-71.50,56.31,-2.00,-11.38,0.94,-0.09,0.00,-0.07,-139.87,46.13,3.06,0.37,0.06,-0.81,5,1
1772053356.806475,2033930,-0.08,0.14,-0.08,-133.56,-72.87,56.56,0.50,-7.12,-3.62,0.01,-0.08,-0.05,-140.06,46.00,2.87,-0.62,0.31,0.19,6,1
1772053356.997623,2034121,0.03,-0.08,0.07,-130.06,-74.12,57.81,-0.37,-15.13,-0.13,0.00,-0.08,-0.03,-139.87,46.13,2.81,0.62,0.62,-0.94,6,1
1772053357.188526,2034312,-0.08,0.02,-0.06,-125.81,-75.00,58.06,-0.25,0.88,-1.19,0.00,-0.02,-0.05,-139.81,45.94,2.94,0.13,-0.50,-2.12,6,1
1772053357.379182,2034503,-0.01,-0.05,-0.02,-126.31,-75.06,58.13,-2.44,-1.50,-0.81,0.05,-0.01,-0.07,-139.50,45.69,3.12,1.87,0.88,-3.31,7,1
1772053357.569669,2034693,-0.06,0.13,-0.07,-125.75,-75.12,57.63,0.94,1.00,1.44,-0.08,0.03,0.02,-139.37,45.50,3.50,-1.06,-0.88,-1.25,7,1
1772053357.759943,2034884,0.08,-0.06,0.01,-126.31,-75.06,57.63,-2.31,0.13,-0.62,0.03,-0.09,-0.07,-139.19,45.31,3.81,0.25,-0.31,-0.69,8,1
1772053357.951240,2035075,0.04,0.04,-0.03,-127.12,-74.69,57.13,-1.19,4.69,1.00,-0.06,0.00,-0.07,-139.12,45.19,3.94,-0.25,-0.56,-0.69,8,1
1772053358.141999,2035265,0.00,-0.02,-0.07,-128.50,-74.37,57.06,1.25,-1.31,-0.44,0.14,-0.12,-0.04,-139.12,45.19,3.94,-0.44,-0.13,1.00,8,2
1772053358.332616,2035456,0.21,-0.02,-0.08,-129.00,-74.25,57.06,-0.25,-0.62,0.44,0.05,-0.03,-0.03,-139.12,45.19,4.06,-1.19,-0.56,0.62,7,1
1772053358.522508,2035646,0.01,0.05,-0.02,-127.50,-74.50,56.88,-2.37,-3.94,-2.06,0.05,-0.06,-0.05,-139.19,45.19,4.06,0.62,0.56,0.81,7,1
1772053358.712723,2035836,0.00,-0.04,-0.07,-126.00,-74.75,57.06,-1.19,-1.50,1.25,-0.05,0.00,-0.03,-139.31,45.38,3.87,0.00,0.06,0.56,6,1
1772053358.904213,2036028,0.06,0.09,-0.21,-124.00,-74.87,56.63,0.81,-4.87,-0.75,0.17,-0.12,-0.03,-139.25,45.31,3.87,-0.06,0.25,-1.81,6,2
1772053359.095509,2036219,-0.08,0.06,0.02,-119.75,-75.69,57.13,-1.69,-12.44,-0.19,-0.06,-0.03,-0.03,-139.00,45.00,4.37,0.44,-0.69,-2.56,6,1
1772053359.285927,2036410,-0.09,-0.03,0.06,-112.94,-76.81,58.13,5.44,-9.38,-1.62,0.07,-0.01,0.02,-138.87,44.75,4.75,-1.25,-0.94,0.19,6,2
1772053359.475855,2036599,-0.16,-0.03,0.10,-110.25,-77.31,58.94,-1.56,2.06,-0.44,0.01,-0.11,-0.11,-138.94,44.75,4.75,-0.31,-0.88,1.75,6,1
1772053359.665369,2036789,0.15,-0.07,-0.06,-115.94,-76.75,58.94,3.81,10.69,-0.50,0.05,-0.06,-0.01,-139.06,44.81,4.69,-0.94,-0.13,2.37,7,2
1772053359.857088,2036981,0.12,0.09,-0.15,-120.25,-76.06,58.81,-0.25,4.00,0.31,0.06,-0.10,-0.02,-139.19,44.94,4.50,0.69,0.62,-0.13,7,1
1772053360.048135,2037172,0.09,-0.15,-0.03,-122.06,-75.75,59.25,0.94,1.12,1.06,0.02,-0.07,0.00,-139.00,44.88,4.62,0.31,-0.19,-1.87,8,2
1772053360.239414,2037363,-0.03,0.01,0.03,-121.87,-75.19,57.75,-7.69,4.62,4.75,0.04,-0.14,-0.16,-139.00,44.75,4.81,-0.56,-0.31,-0.37,7,2
1772053360.428526,2037553,0.10,0.47,0.00,-124.81,-74.69,57.50,12.69,1.50,-12.00,0.06,0.09,0.19,-138.87,44.81,4.87,0.62,-1.00,-0.56,7,2
1772053360.618467,2037742,-0.22,-0.32,0.00,-131.50,-76.25,62.56,5.06,0.69,-9.19,-0.02,-0.07,-0.04,-139.31,44.56,4.81,1.19,-3.19,-0.06,8,2
1772053360.810176,2037934,0.00,0.03,-0.03,-135.81,-76.62,63.81,4.44,0.56,-4.00,0.04,-0.09,-0.10,-139.75,44.38,4.81,0.56,0.69,-0.50,7,1
1772053361.001767,2038125,-0.18,-0.40,-0.10,-140.56,-77.25,66.31,2.12,1.31,-2.06,0.11,-0.04,-0.02,-139.62,44.38,4.62,0.00,-0.31,-1.62,7,2
1772053361.192547,2038316,-0.01,-0.24,0.05,-139.81,-76.37,63.63,-21.94,5.69,11.81,0.00,-0.02,-0.01,-139.44,44.25,4.56,1.56,1.62,-1.87,6,1
1772053361.381892,2038506,0.00,0.18,0.00,-131.12,-73.69,55.19,-24.87,8.06,15.94,0.00,-0.08,-0.06,-139.31,44.50,3.94,0.50,2.44,-1.19,7,2
1772053361.571240,2038695,0.15,0.30,-0.03,-125.94,-71.00,48.38,-12.69,1.37,7.37,0.02,0.00,0.06,-138.94,44.75,3.25,2.75,4.19,-2.25,6,1
1772053361.763642,2038888,0.06,0.37,0.04,-122.19,-70.31,45.63,-4.06,-0.37,1.19,0.00,-0.08,-0.04,-138.87,44.88,2.62,0.25,-0.25,0.69,7,2
1772053361.955071,2039079,0.09,0.15,0.01,-123.75,-70.75,47.88,22.00,-1.00,-12.56,0.04,-0.09,-0.05,-139.19,44.81,2.87,-1.12,-2.37,2.00,7,1
1772053362.146154,2039270,0.07,-0.24,0.07,-133.75,-73.62,57.38,32.38,-7.06,-19.50,0.07,-0.05,0.00,-139.50,44.69,3.44,-1.62,-3.62,2.25,7,1
1772053362.335728,2039459,0.10,-0.31,0.04,-145.69,-76.31,66.44,18.31,-0.69,-13.25,0.05,-0.15,-0.11,-140.06,44.13,5.00,-6.31,-8.56,5.50,7,1
1772053362.525256,2039649,-0.03,-0.20,0.02,-155.44,-77.75,72.50,19.12,-2.69,-8.19,0.05,-0.03,0.02,-140.50,43.69,6.94,-3.94,-3.12,2.81,8,1
1772053362.717235,2039841,-0.24,-0.39,-0.08,-163.75,-78.44,77.56,8.19,2.06,-0.94,0.15,0.01,0.17,-140.19,43.88,7.56,-2.37,-0.19,0.50,8,1
1772053362.908272,2040032,-0.02,-0.04,0.00,-159.12,-77.12,74.69,-20.31,5.94,8.94,0.12,0.03,0.14,-139.75,44.00,7.25,4.62,6.00,-4.75,7,1
1772053363.099174,2040223,0.03,0.09,0.03,-151.00,-75.62,67.31,-33.00,4.12,6.12,0.16,-0.04,0.06,-139.19,44.63,3.94,11.13,10.81,-8.25,7,1
1772053363.288952,2040413,0.09,0.44,0.05,-142.12,-74.19,58.19,-29.75,4.12,3.62,-0.03,-0.08,-0.17,-139.19,44.88,0.81,8.94,5.44,-6.31,6,1
1772053363.478567,2040602,0.00,0.12,-0.03,-139.81,-73.69,54.31,-3.69,0.94,-5.56,-0.08,-0.06,-0.16,-139.50,44.75,359.00,6.37,3.81,-4.75,5,1
1772053363.670847,2040794,-0.06,-0.15,-0.03,-143.31,-74.44,55.63,1.75,-0.13,-5.12,-0.06,-0.08,-0.18,-139.69,44.63,357.94,0.31,0.06,-1.31,5,1
1772053363.862099,2040986,-0.11,-0.03,0.00,-145.87,-74.94,57.69,10.63,-0.56,-2.75,-0.13,-0.04,-0.15,-139.75,44.50,358.50,-4.00,-3.19,2.31,5,1
1772053364.052983,2041177,-0.02,0.00,0.05,-149.19,-75.56,61.63,22.00,-4.12,-2.06,0.05,-0.05,-0.13,-140.00,44.19,0.88,-9.06,-7.87,6.87,6,1
1772053364.242499,2041366,-0.07,-0.10,0.01,-155.62,-76.37,68.12,28.37,-2.12,-4.56,0.16,-0.05,0.07,-140.06,43.94,3.81,-11.19,-8.31,8.44,7,2
1772053364.431660,2041556,0.00,-0.09,-0.08,-160.37,-76.44,73.62,15.63,1.75,1.56,0.00,0.02,0.06,-140.12,43.75,6.81,-9.19,-7.62,6.25,7,1
1772053364.624205,2041748,-0.06,-0.05,-0.06,-160.81,-76.75,76.50,13.75,-5.31,3.25,0.27,-0.08,0.16,-140.00,43.75,9.31,-8.50,-5.25,6.37,7,1
1772053364.815935,2041940,-0.32,-0.03,-0.18,-159.44,-77.00,77.62,-3.25,2.44,0.88,-0.06,0.04,0.15,-139.87,43.75,10.31,-2.06,-1.81,-0.06,8,1
1772053365.006390,2042130,-0.05,-0.03,0.00,-156.12,-77.25,76.81,-5.31,-3.50,0.88,0.14,-0.07,0.01,-139.69,44.00,9.94,5.44,3.12,-3.37,8,1
1772053365.195819,2042320,-0.15,0.00,0.00,-155.81,-77.56,75.56,-1.87,0.88,-0.44,0.10,-0.02,0.11,-139.87,44.06,8.69,3.50,1.31,-2.19,7,1
1772053365.385333,2042509,0.00,-0.04,-0.09,-156.94,-77.25,74.44,-8.81,2.50,-3.44,0.06,0.00,0.08,-140.00,44.13,6.94,10.44,7.25,-8.06,8,1
1772053365.577484,2042701,-0.07,-0.04,-0.01,-158.19,-77.31,72.06,-18.37,0.25,-3.44,0.07,-0.07,0.02,-139.87,44.31,3.25,12.56,10.00,-9.56,7,1
1772053365.768726,2042893,0.00,0.09,-0.04,-157.56,-77.06,68.12,-16.87,3.00,-3.12,-0.04,-0.08,-0.12,-139.87,44.50,359.87,10.94,7.50,-7.87,6,1
1772053365.960231,2043084,-0.08,-0.08,0.00,-158.56,-77.12,65.81,-11.13,1.50,-4.12,0.00,-0.11,-0.18,-140.06,44.56,357.19,8.25,5.56,-5.87,6,1
1772053366.149556,2043273,0.00,-0.06,0.00,-159.50,-77.00,64.25,-7.06,0.88,-0.25,-0.08,-0.05,-0.20,-140.06,44.56,355.75,2.06,1.25,-1.75,6,1
1772053366.339112,2043463,-0.07,-0.07,0.03,-159.81,-77.12,64.00,2.44,-0.37,-0.69,-0.08,-0.02,-0.10,-139.94,44.56,355.81,-1.31,-0.75,0.44,6,1
1772053366.530921,2043655,-0.06,0.05,0.01,-159.44,-77.00,64.44,4.69,0.75,2.81,-0.03,-0.03,-0.10,-139.94,44.50,356.87,-5.37,-3.94,3.87,6,1
1772053366.722464,2043846,-0.02,0.00,-0.08,-160.00,-76.94,66.19,12.56,-1.37,0.75,-0.01,-0.10,-0.14,-139.94,44.31,359.12,-9.75,-7.50,7.00,7,1
1772053366.913373,2044037,-0.03,0.06,0.00,-160.50,-77.12,69.31,19.56,-2.50,3.00,0.03,-0.16,-0.14,-140.00,44.00,2.81,-14.63,-11.69,10.50,6,1
1772053367.102860,2044227,-0.01,-0.13,0.00,-161.81,-77.31,73.94,22.94,-2.00,3.50,0.11,-0.05,0.10,-140.00,43.69,7.06,-13.19,-9.06,9.56,7,1
1772053367.292218,2044416,-0.02,-0.02,-0.09,-161.25,-77.25,76.94,8.50,0.25,5.75,0.17,0.03,0.21,-139.62,44.00,9.50,-7.00,-3.06,5.06,8,1
1772053367.484163,2044608,0.02,0.18,-0.06,-157.75,-76.94,76.62,-1.00,-0.13,3.81,0.12,0.01,0.14,-139.31,44.25,10.13,-0.31,-0.19,0.37,8,1
1772053367.675876,2044800,0.00,0.12,-0.07,-156.56,-76.81,75.75,-1.87,-1.00,-2.00,-0.07,-0.01,0.02,-139.50,44.25,9.81,1.69,-0.19,-0.88,8,1
1772053367.869644,2044991,-0.07,-0.04,-0.02,-157.87,-77.00,75.62,-3.12,0.56,-1.87,0.06,-0.13,-0.10,-139.75,44.25,8.88,3.50,1.81,-1.87,8,1
1772053368.057043,2045181,-0.02,-0.06,-0.04,-158.75,-77.00,74.94,-5.19,1.06,-1.69,0.00,-0.08,-0.08,-139.94,44.25,7.75,2.75,1.75,-1.94,7,1
1772053368.246755,2045370,0.01,-0.04,-0.04,-158.87,-76.87,74.25,-3.50,0.88,-0.31,-0.05,-0.05,-0.05,-140.00,44.25,7.19,1.25,0.88,-1.81,7,2
1772053368.438515,2045562,-0.08,-0.05,-0.04,-158.50,-77.00,73.81,-1.06,0.50,-0.44,0.09,-0.08,-0.09,-139.94,44.19,7.06,-1.37,-0.94,-0.50,8,3
1772053368.630171,2045754,0.03,-0.06,-0.04,-158.75,-76.75,73.69,-1.87,0.88,0.06,0.00,0.04,-0.05,-139.87,44.13,7.19,0.19,-0.13,-0.81,8,3
1772053368.822520,2045947,-0.06,-0.02,0.00,-158.44,-76.81,73.31,0.19,-0.13,-0.37,0.07,-0.07,0.00,-139.81,44.13,7.25,-0.25,0.25,0.13,8,3
1772053369.014934,2046139,0.02,0.00,-0.06,-158.62,-76.50,73.25,-0.31,2.25,0.75,0.03,0.00,0.00,-139.81,44.13,7.25,0.00,-0.19,-0.44,8,3
1772053369.206694,2046331,0.00,-0.01,-0.01,-158.56,-76.44,73.06,0.75,-1.44,-0.75,0.05,-0.08,0.00,-139.87,44.13,7.25,-0.06,0.06,-0.44,7,3
1772053369.397686,2046522,0.04,0.00,-0.01,-158.56,-76.56,73.19,-0.56,0.19,1.06,0.01,-0.01,0.00,-139.81,44.06,7.37,-0.06,-0.50,-0.19,7,3
1772053369.589504,2046713,-0.04,0.00,-0.01,-158.50,-76.62,73.19,1.37,0.19,-0.75,0.08,-0.06,0.00,-139.81,44.06,7.37,-0.37,-0.56,0.44,8,3
1772053369.781679,2046906,0.06,0.00,-0.10,-159.12,-76.50,73.37,-1.12,0.13,-0.69,0.00,0.00,-0.06,-139.87,44.00,7.44,0.37,-0.13,0.25,9,3
1772053369.974471,2047098,-0.07,-0.03,-0.02,-159.19,-76.81,73.62,0.37,1.62,0.37,0.06,-0.07,0.00,-139.87,44.00,7.44,-0.31,-0.19,0.56,8,3
1772053370.167333,2047291,0.08,0.05,-0.06,-159.31,-76.50,73.44,0.44,-1.37,-1.75,-0.03,-0.05,-0.02,-139.94,44.00,7.50,0.25,-0.13,0.50,7,1
1772053370.359362,2047483,-0.16,-0.06,0.00,-159.62,-77.00,73.94,-0.44,1.56,0.81,0.06,-0.12,0.00,-139.94,44.00,7.50,-0.37,-0.37,0.00,7,1
1772053370.550409,2047674,0.08,0.07,-0.09,-159.31,-76.56,73.44,-0.06,-0.88,-0.94,0.00,-0.08,-0.04,-139.87,43.94,7.50,0.25,0.19,-0.69,6,1
1772053370.742523,2047866,-0.05,-0.04,-0.02,-159.69,-76.87,73.87,-0.81,-0.25,0.50,0.04,-0.04,-0.02,-139.75,43.88,7.69,-0.56,0.31,-0.75,6,1
1772053370.934161,2048058,-0.01,-0.12,-0.07,-157.81,-76.62,72.75,-6.56,2.44,3.50,0.07,-0.05,0.01,-139.69,43.81,7.87,-0.13,-0.31,-0.19,6,1
1772053371.125210,2048249,0.04,0.19,-0.06,-154.37,-75.87,69.94,-6.06,2.12,3.31,0.09,-0.03,0.05,-139.69,43.88,7.62,1.50,2.31,-0.75,6,1
1772053371.314473,2048439,0.00,0.01,-0.05,-153.12,-75.62,68.56,-9.38,0.75,-0.88,0.09,0.00,0.15,-139.37,44.19,6.00,7.37,6.06,-5.56,6,1
1772053371.504348,2048628,0.04,0.28,-0.01,-151.37,-75.31,65.62,-11.44,2.69,-1.31,0.00,-0.04,-0.01,-139.37,44.31,3.87,7.69,3.56,-5.00,5,1
1772053371.695784,2048820,-0.01,-0.10,-0.02,-153.75,-75.50,65.00,-2.12,0.44,-8.00,0.01,-0.07,-0.07,-139.75,44.19,1.87,7.19,3.62,-4.87,5,1
1772053371.887161,2049011,-0.06,-0.15,-0.10,-157.87,-75.94,65.81,-3.25,1.25,-4.31,-0.03,-0.07,-0.10,-139.94,44.19,0.31,5.00,3.25,-3.62,6,1
1772053372.077952,2049202,-0.09,-0.10,-0.05,-160.00,-76.12,65.75,-4.44,0.19,-1.81,0.01,-0.05,-0.11,-140.00,44.19,359.12,2.75,1.75,-2.06,6,1
1772053372.267142,2049391,-0.06,-0.07,0.00,-159.50,-76.12,65.00,-2.00,-0.56,0.00,0.00,-0.04,-0.05,-140.00,44.19,358.62,1.81,1.75,-1.94,6,1
1772053372.458421,2049582,-0.08,-0.03,-0.01,-159.00,-76.19,64.31,-3.44,-0.13,1.12,0.02,-0.01,-0.04,-139.94,44.31,358.06,0.94,1.06,-0.50,7,1
1772053372.649949,2049774,-0.05,0.22,-0.01,-157.87,-76.12,63.69,3.00,-0.56,-0.13,-0.04,-0.09,-0.14,-140.12,44.25,358.25,-2.81,-4.50,2.81,7,1
1772053372.840862,2049965,0.01,0.04,-0.03,-160.56,-76.37,66.37,18.94,-2.06,-2.69,-0.02,-0.08,-0.14,-140.81,43.69,0.69,-9.81,-9.75,7.94,8,1
1772053373.031459,2050155,-0.10,-0.38,-0.01,-167.37,-77.06,72.62,21.25,-1.62,-2.00,0.08,-0.04,0.08,-140.94,43.44,3.50,-8.63,-5.81,6.50,8,1
1772053373.220671,2050345,0.00,0.01,-0.11,-168.25,-77.06,75.31,7.06,0.44,6.62,0.10,-0.06,0.03,-140.75,43.44,5.75,-7.62,-4.19,5.19,9,1
1772053373.410252,2050535,0.00,0.11,-0.05,-164.87,-76.81,75.50,6.00,-0.81,4.19,0.11,0.02,0.17,-140.37,43.50,7.44,-4.56,-1.75,2.19,9,1
1772053373.601839,2050726,0.00,0.07,-0.08,-162.50,-76.75,75.37,-2.06,-0.13,2.75,0.10,0.00,0.16,-139.94,43.69,8.00,0.06,0.62,-0.88,8,1
1772053373.793157,2050917,-0.01,0.26,0.00,-160.75,-76.62,74.25,-0.37,-0.31,-1.87,0.05,-0.07,0.01,-139.94,43.63,7.94,1.19,-0.44,-0.56,8,1
1772053373.983508,2051108,-0.09,0.02,0.00,-163.94,-76.94,75.62,3.50,-1.19,-5.25,0.10,-0.03,0.07,-140.12,43.56,7.50,3.69,1.81,-2.44,7,1
1772053374.172993,2051297,-0.01,0.00,-0.06,-167.25,-76.87,76.31,-4.94,2.44,-2.06,0.07,0.00,0.06,-140.19,43.56,6.31,5.00,3.56,-3.62,6,1
1772053374.362522,2051487,-0.02,0.08,-0.01,-167.75,-76.62,74.87,-9.81,1.37,-2.56,0.07,-0.01,0.03,-140.25,43.69,4.37,7.44,5.19,-5.37,5,1
1772053374.554421,2051679,-0.08,0.06,-0.04,-168.37,-76.37,73.06,-10.56,2.50,-3.31,0.02,0.00,0.01,-140.31,43.81,2.06,8.50,5.87,-6.19,5,1
1772053374.745888,2051870,-0.05,-0.02,-0.08,-168.56,-75.87,70.62,-14.50,3.81,-1.37,0.02,0.00,-0.04,-140.31,43.81,359.94,7.25,5.00,-5.31,4,1
1772053374.936501,2052061,-0.10,-0.20,0.01,-165.75,-75.31,66.44,-22.75,3.81,3.12,0.02,-0.02,-0.01,-140.37,43.88,357.94,7.00,4.87,-5.19,5,1
1772053375.126252,2052250,-0.03,-0.18,0.06,-157.81,-73.94,58.56,-32.94,8.06,12.00,-0.03,-0.05,-0.09,-140.25,44.00,356.06,5.87,5.12,-4.94,5,1
1772053375.315254,2052440,0.03,0.00,0.10,-146.25,-71.37,47.38,-33.44,7.56,16.94,-0.08,-0.03,-0.11,-139.94,44.25,354.69,2.06,3.69,-2.25,5,1
1772053375.507524,2052632,0.08,0.09,0.06,-135.69,-68.31,36.38,-28.00,6.12,18.25,-0.06,-0.02,-0.10,-139.50,44.50,354.37,-1.81,1.81,0.69,7,2
1772053375.698660,2052823,0.12,0.25,0.03,-128.31,-65.56,28.25,-14.00,1.69,13.19,-0.01,-0.05,-0.03,-138.94,44.88,354.44,-2.75,1.19,1.25,8,2
1772053375.889663,2053014,0.12,0.17,0.04,-124.25,-63.94,24.94,2.06,-3.56,6.00,0.04,0.00,0.01,-138.56,45.19,354.87,-3.19,-0.62,1.94,9,2
1772053376.079281,2053204,0.05,0.05,0.04,-123.12,-63.94,25.62,4.75,-3.87,0.31,0.00,-0.03,-0.01,-138.56,45.06,356.00,-4.62,-4.62,2.81,10,2
1772053376.269128,2053393,0.05,-0.07,0.01,-123.37,-64.19,27.50,10.13,-3.19,-0.19,0.00,-0.07,-0.08,-138.69,44.75,357.87,-6.25,-6.00,4.44,11,2
1772053376.461250,2053585,0.03,-0.08,-0.02,-124.44,-64.56,30.56,14.69,-3.44,1.06,0.02,-0.11,-0.08,-138.75,44.44,0.50,-9.94,-7.94,6.44,11,3
1772053376.652182,2053776,0.00,-0.16,-0.02,-125.37,-64.75,34.13,15.38,-4.87,3.06,0.11,-0.03,0.00,-138.62,44.19,3.50,-10.13,-6.50,5.69,10,3
1772053376.842920,2053967,0.06,-0.02,0.04,-125.25,-64.81,36.69,8.44,-4.87,4.31,0.15,0.00,0.13,-138.31,44.13,5.87,-7.81,-4.19,4.25,9,3
1772053377.032508,2054157,0.04,0.00,0.08,-124.25,-64.62,37.56,3.87,-2.44,1.62,0.12,-0.01,0.17,-138.06,44.13,7.25,-2.62,-1.62,1.75,8,3
1772053377.223347,2054348,0.01,-0.02,0.08,-124.12,-64.69,38.00,0.50,-0.06,-0.62,0.08,-0.07,0.07,-138.00,44.25,7.31,0.75,0.00,-0.62,7,3
1772053377.415011,2054539,0.05,-0.04,-0.01,-124.62,-64.69,37.94,-0.19,1.12,-1.69,0.06,-0.05,0.02,-138.12,44.25,6.87,2.37,1.37,-1.56,6,2
1772053377.605921,2054730,0.07,-0.01,-0.03,-125.25,-64.69,37.56,-3.06,2.44,-0.94,0.06,-0.07,0.06,-138.25,44.31,6.00,3.19,2.44,-2.37,6,2
1772053377.796520,2054921,0.11,-0.02,0.00,-125.62,-64.62,36.88,-3.69,1.00,-1.31,0.07,-0.05,0.02,-138.25,44.38,5.00,3.94,2.69,-2.50,6,2
1772053377.985982,2055110,0.09,0.02,0.03,-125.31,-64.81,36.06,-5.44,1.75,-1.31,0.07,-0.05,0.01,-138.37,44.44,3.75,4.25,2.50,-2.12,6,2
1772053378.177020,2055301,0.07,0.06,-0.02,-125.56,-64.87,35.25,-2.37,3.06,-2.06,-0.03,-0.11,-0.11,-138.62,44.44,2.87,1.12,-0.50,-0.50,6,2
1772053378.368463,2055492,0.05,-0.08,-0.02,-126.31,-65.25,36.19,4.94,-4.25,-1.87,0.04,-0.17,-0.15,-138.87,44.25,3.31,-3.12,-3.25,2.69,6,1
1772053378.559260,2055683,0.03,-0.05,-0.05,-126.44,-65.56,38.13,10.31,-2.12,0.94,0.02,-0.08,-0.07,-139.19,44.06,4.81,-6.87,-5.25,4.56,7,1
1772053378.749816,2055874,0.05,-0.20,-0.01,-126.75,-65.81,40.50,5.37,-5.19,2.87,0.14,-0.02,0.19,-139.00,44.13,6.37,-3.81,-1.94,2.62,7,1
1772053378.939303,2056064,0.08,0.15,0.05,-124.37,-65.81,40.19,-1.37,-2.25,2.37,0.02,-0.07,0.07,-138.62,44.25,6.94,-2.25,-1.50,0.62,8,1
1772053379.128883,2056253,0.09,-0.06,0.01,-123.75,-65.50,40.25,6.87,1.00,-0.69,-0.03,-0.04,0.01,-138.69,44.00,7.87,1.19,-1.62,-0.88,9,1
1772053379.321339,2056445,-0.03,-0.24,-0.02,-125.12,-66.06,41.69,4.00,-1.50,0.50,0.11,-0.09,0.02,-138.69,43.94,8.00,-0.81,-0.13,0.19,8,1
1772053379.512072,2056636,0.08,0.02,-0.01,-125.44,-65.94,41.50,-1.19,2.56,-0.31,0.01,-0.04,0.00,-138.69,43.94,7.94,0.94,0.94,-0.50,7,1
1772053379.703021,2056827,0.01,-0.10,0.00,-125.87,-65.81,41.31,-2.56,2.25,-0.62,0.10,-0.07,0.07,-138.56,44.06,7.44,2.25,2.56,-1.19,6,1
1772053379.892728,2057017,0.20,0.13,-0.02,-125.81,-65.37,39.94,-2.62,4.06,0.81,-0.05,-0.07,-0.03,-138.56,44.06,7.19,-1.12,-2.19,1.31,6,1
1772053380.082258,2057206,0.07,-0.24,-0.05,-126.69,-65.19,40.63,3.12,-0.13,-2.50,0.03,-0.10,-0.02,-138.81,43.88,7.62,1.62,-0.44,-1.00,5,1
1772053380.274463,2057399,0.02,-0.20,-0.04,-127.62,-65.62,41.44,0.69,-0.31,1.62,0.06,-0.01,0.05,-138.75,43.81,7.69,-0.56,0.62,0.00,5,1
1772053380.465447,2057590,0.06,0.09,0.00,-126.69,-65.44,40.69,-1.44,-0.19,0.25,0.06,-0.05,0.01,-138.62,43.88,7.56,0.25,1.00,-0.50,4,1
1772053380.656260,2057781,0.06,-0.06,0.02,-126.62,-65.44,40.63,-1.87,1.25,0.13,0.10,-0.02,0.11,-138.56,43.88,7.50,1.31,1.56,-0.62,5,1
1772053380.845967,2057970,0.15,0.06,-0.01,-126.56,-65.37,40.13,-2.69,1.56,0.75,0.00,-0.05,0.00,-138.69,43.94,7.19,-1.25,-1.87,1.94,5,1
1772053381.035451,2058160,0.07,-0.15,-0.01,-126.37,-65.37,40.56,2.37,-0.37,-2.00,0.05,-0.10,-0.01,-138.94,43.88,7.56,1.62,-1.12,-0.37,5,1
1772053381.227733,2058352,0.01,-0.21,-0.03,-127.25,-65.87,41.56,3.00,-0.62,0.69,0.06,-0.03,0.07,-139.00,43.81,7.50,-0.25,0.62,0.00,6,1
1772053381.418710,2058543,0.06,0.12,0.02,-126.44,-65.81,41.06,-1.37,-0.69,0.56,0.08,-0.09,0.03,-139.00,43.81,7.50,0.00,-0.06,0.06,6,1
1772053381.609862,2058734,0.08,-0.08,0.01,-126.56,-65.94,41.50,1.25,0.50,-0.31,0.09,-0.03,0.07,-139.00,43.81,7.56,-0.69,-0.62,0.19,7,1
1772053381.800496,2058925,0.07,0.00,0.00,-126.62,-65.94,41.44,0.06,0.00,-0.56,0.09,-0.05,0.05,-139.00,43.81,7.62,0.00,0.13,-0.25,6,1
1772053381.991090,2059116,0.03,-0.04,-0.01,-126.50,-65.94,41.50,0.00,1.87,0.50,0.05,-0.06,0.02,-138.94,43.75,7.62,0.31,0.13,-1.00,6,1
1772053382.181991,2059306,0.03,-0.08,0.00,-126.62,-65.87,41.38,-0.13,-1.19,1.50,0.11,-0.07,0.07,-138.94,43.75,7.69,0.00,0.00,-0.25,6,1
1772053382.372447,2059497,0.14,0.11,-0.03,-126.37,-65.69,40.94,1.69,1.75,-0.25,0.01,-0.01,0.08,-138.87,43.75,7.69,0.37,0.50,0.00,6,1
1772053382.563457,2059688,-0.09,0.26,-0.07,-127.62,-66.25,42.75,10.31,0.75,-5.50,-0.05,-0.03,0.09,-139.00,43.81,7.50,0.69,0.62,-1.50,5,1
1772053382.752914,2059877,-0.10,0.14,-0.02,-131.87,-67.56,48.44,23.69,-6.81,-5.94,0.05,-0.02,0.13,-139.00,43.88,7.81,1.87,-1.87,-1.00,5,1
1772053382.942079,2060067,-0.04,0.04,0.04,-136.94,-69.69,54.94,21.75,-5.19,-12.81,0.07,0.00,0.09,-139.37,43.63,7.94,0.44,-1.44,-0.25,4,1
1772053383.134537,2060259,-0.07,-0.15,0.00,-142.94,-71.44,60.88,8.94,-3.94,-8.88,0.14,-0.10,0.01,-139.62,43.50,7.69,2.31,0.75,-1.19,4,1
1772053383.325930,2060450,-0.04,-0.12,-0.06,-147.44,-72.00,63.81,3.56,3.69,-1.37,0.07,-0.07,-0.07,-139.75,43.50,7.50,-0.25,-0.94,-0.31,5,1
1772053383.516642,2060641,-0.05,-0.09,-0.03,-149.06,-71.56,64.06,-2.06,-1.00,1.50,0.23,-0.02,0.07,-139.81,43.38,7.87,-1.75,-0.88,0.88,6,1
1772053383.705991,2060830,-0.04,0.24,-0.05,-147.94,-71.12,62.63,-5.56,2.50,-1.25,0.07,-0.06,0.02,-139.87,43.50,7.44,1.81,2.50,-0.94,6,1
1772053383.896931,2061021,0.10,-0.03,-0.08,-148.56,-70.94,62.88,0.06,-1.25,-0.44,0.07,-0.04,0.08,-139.75,43.75,7.00,1.19,1.00,-0.25,7,1
1772053384.088493,2061213,-0.05,0.11,-0.06,-147.87,-71.44,62.75,1.75,-1.50,0.25,0.13,-0.03,0.04,-139.75,43.81,6.81,-0.81,-1.69,-0.31,9,1
1772053384.278915,2061403,-0.07,0.17,0.00,-148.44,-71.87,63.75,5.44,-7.69,-3.50,0.10,0.01,0.08,-139.87,43.69,7.31,-0.69,-1.62,0.94,9,1
1772053384.469791,2061594,-0.12,0.02,-0.06,-151.37,-73.25,67.00,9.31,-2.00,-9.19,0.06,-0.09,0.03,-140.06,43.63,7.31,0.37,-0.06,-0.31,10,1
1772053384.660690,2061785,-0.09,-0.15,-0.05,-156.56,-73.81,70.19,1.62,0.19,-3.75,0.04,-0.03,-0.01,-140.00,43.56,7.44,0.56,-0.62,-0.50,9,1
1772053384.851222,2061975,-0.21,-0.39,-0.02,-157.94,-73.87,70.44,-6.37,2.81,0.13,0.12,-0.04,-0.01,-140.06,43.50,7.25,0.44,-0.56,-0.88,9,1
1772053385.041991,2062166,0.13,-0.10,-0.02,-155.56,-72.00,65.94,-15.69,11.69,10.88,-0.11,0.09,0.02,-139.75,43.44,7.56,-1.12,1.25,-0.75,8,1
1772053385.232273,2062357,0.06,0.11,0.00,-146.37,-70.00,58.25,-21.12,2.75,14.88,0.10,-0.13,-0.01,-139.56,43.63,7.56,-0.25,2.31,-0.69,8,1
1772053385.422653,2062547,0.16,0.08,0.03,-139.12,-67.81,50.81,-17.69,5.25,14.00,0.03,0.07,0.12,-139.19,43.75,7.44,-0.50,0.94,0.25,6,1
1772053385.613538,2062738,0.12,0.20,0.04,-132.19,-65.81,43.44,-22.19,1.31,9.75,0.15,-0.08,0.04,-139.19,43.81,7.25,0.25,0.13,-0.19,6,1
1772053385.803050,2062928,0.07,0.10,0.03,-127.31,-64.06,37.31,-14.81,4.31,8.31,0.01,-0.02,0.05,-139.12,43.81,7.25,0.13,1.31,-1.06,5,1
1772053385.994659,2063119,0.09,0.13,0.02,-125.00,-62.75,33.81,-5.62,-0.31,4.12,0.09,-0.01,0.06,-138.87,44.00,7.00,0.69,1.12,-0.13,5,1
1772053386.185386,2063310,0.10,0.13,-0.03,-124.44,-62.31,32.69,0.50,2.56,0.06,0.11,-0.05,0.00,-138.94,44.00,7.00,-0.62,-1.12,0.69,5,1
1772053386.376260,2063501,0.32,-0.02,0.01,-125.75,-62.56,34.00,7.69,-4.37,-4.19,0.22,-0.04,0.07,-139.00,43.94,7.31,-1.87,-2.00,3.12,5,1
1772053386.567016,2063691,-0.01,0.02,0.02,-126.37,-63.81,37.13,5.69,-4.06,-7.69,0.17,-0.07,0.05,-139.37,43.81,7.31,0.62,-0.81,-0.69,6,1
1772053386.757690,2063882,0.00,-0.35,0.01,-128.69,-64.62,39.81,1.81,-0.06,-0.13,0.04,-0.03,0.02,-139.37,43.69,7.62,0.31,-0.50,0.44,7,1
1772053386.948185,2064073,0.04,0.06,0.02,-127.50,-64.25,38.31,-5.81,1.94,3.75,0.13,-0.07,0.01,-139.44,43.75,7.50,-0.19,1.00,0.25,8,1
1772053387.138918,2064264,0.16,0.08,-0.02,-126.81,-63.56,36.63,-3.56,1.19,1.31,0.08,-0.05,0.10,-139.19,43.94,7.25,0.62,1.44,-0.88,9,1
1772053387.329724,2064454,0.15,0.13,0.04,-125.87,-63.38,36.00,-0.31,-2.19,0.37,0.09,-0.02,0.08,-139.06,44.06,7.06,-0.19,-0.44,-0.25,9,1
1772053387.520374,2064645,0.09,0.20,-0.01,-126.19,-63.63,36.94,9.94,-1.25,-5.12,0.00,0.02,0.07,-139.06,43.88,7.37,-1.12,-1.19,-0.44,9,1
1772053387.709936,2064834,-0.08,0.11,0.03,-129.06,-65.06,41.75,16.87,-7.94,-7.25,0.01,-0.02,0.07,-139.12,43.81,7.69,1.69,-0.31,-1.00,9,1
1772053387.901303,2065026,0.03,0.10,0.02,-133.81,-67.19,48.50,22.75,-3.56,-13.38,0.02,-0.03,0.02,-139.25,43.75,7.56,-0.37,-0.56,0.13,9,2
1772053388.092089,2065217,0.05,-0.06,0.01,-142.37,-69.31,57.63,27.69,-4.06,-14.50,0.10,0.00,0.04,-139.31,43.69,7.69,-0.25,-3.25,0.69,8,2
1772053388.283072,2065407,0.00,-0.19,-0.02,-152.37,-71.31,66.31,20.19,-2.56,-15.00,0.11,-0.06,0.04,-139.81,43.31,8.13,-0.06,-3.31,0.25,7,2
1772053388.472824,2065597,-0.03,-0.28,-0.05,-161.06,-72.44,72.37,10.44,-2.19,-7.25,0.04,-0.05,0.00,-140.06,42.94,8.56,0.44,-1.25,0.00,6,2
1772053388.664098,2065789,-0.07,-0.16,-0.05,-164.00,-72.87,74.31,-0.06,0.19,0.31,0.09,-0.05,0.01,-140.06,42.94,8.63,0.50,1.19,-0.88,5,2
1772053388.855025,2065980,0.00,-0.02,-0.05,-162.06,-72.56,72.69,-7.94,0.75,3.56,0.11,-0.06,0.05,-139.81,43.00,8.50,0.00,1.37,-0.69,5,2
1772053389.045975,2066170,-0.01,0.19,-0.05,-158.37,-71.94,69.50,-8.75,3.06,4.06,-0.02,0.00,0.07,-139.62,43.06,8.56,-0.56,-0.25,-1.19,5,2
1772053389.236519,2066361,-0.01,0.16,-0.02,-155.19,-71.69,67.31,-4.37,-3.75,2.94,0.07,-0.07,0.01,-139.62,43.06,8.69,2.31,0.44,-1.37,5,2
1772053389.427303,2066552,-0.03,0.05,-0.12,-154.31,-72.06,66.50,-0.13,-1.62,-0.94,0.03,0.00,0.08,-139.75,43.13,8.25,-0.94,0.13,-1.12,5,2
1772053389.617707,2066742,-0.31,0.12,0.13,-152.00,-72.87,65.94,-6.62,-10.88,2.44,0.08,-0.05,0.06,-139.69,43.13,8.44,0.81,-0.75,-0.81,6,2
1772053389.808585,2066933,-0.07,0.04,0.05,-150.37,-72.87,64.81,-0.25,5.06,-0.06,0.08,-0.07,0.03,-139.81,43.06,8.38,0.25,0.37,0.13,7,1
1772053389.999284,2067124,0.10,0.05,-0.14,-151.81,-72.06,64.75,1.81,3.25,-0.06,0.00,-0.01,0.05,-139.81,43.19,8.25,-0.75,-0.25,0.00,8,1
1772053390.189971,2067315,0.16,0.16,-0.01,-152.00,-72.19,65.50,7.31,-2.87,-2.81,0.08,-0.07,0.00,-139.87,43.19,8.44,0.81,-1.00,-0.37,8,1
1772053390.380700,2067505,-0.09,-0.22,0.01,-155.62,-73.19,68.50,7.44,0.25,-3.50,0.05,0.01,0.10,-139.94,43.13,8.50,0.00,-0.62,-0.44,9,1
1772053390.571377,2067696,0.05,-0.10,-0.01,-156.87,-72.94,68.75,-4.31,2.37,1.12,0.12,-0.10,0.00,-139.87,43.06,8.56,-0.06,0.75,-0.44,9,1
1772053390.762060,2067887,0.14,-0.03,-0.15,-155.19,-72.31,66.94,-7.56,4.00,4.44,0.00,0.03,0.05,-139.75,43.13,8.56,-0.94,0.56,-0.19,8,1
1772053390.952464,2068077,0.05,0.13,0.09,-150.25,-72.06,63.88,-7.50,-1.00,4.19,0.08,-0.03,0.00,-139.56,43.13,8.69,0.00,0.25,0.19,8,2
1772053391.143109,2068268,-0.02,-0.01,0.02,-149.56,-71.75,62.94,1.06,4.94,1.56,0.05,0.02,0.08,-139.50,43.25,8.50,0.62,0.13,0.13,7,2
1772053391.333936,2068459,0.05,0.05,-0.08,-150.31,-70.81,62.00,-2.25,3.44,0.13,0.11,-0.08,0.03,-139.62,43.25,8.31,0.37,0.13,0.44,6,2
1772053391.525033,2068649,0.10,0.00,-0.16,-150.69,-70.50,61.88,-0.13,-1.31,-0.19,0.02,-0.02,0.03,-139.62,43.31,8.31,-0.88,-0.44,-1.00,5,1
1772053391.715677,2068840,-0.25,0.06,0.14,-148.87,-71.50,62.19,0.31,-8.75,1.25,0.02,-0.01,0.05,-139.50,43.25,8.50,0.75,-0.37,-0.88,6,3
1772053391.906044,2069031,-0.15,-0.01,0.06,-149.12,-71.75,62.50,3.69,4.94,-0.62,0.02,0.00,0.03,-139.50,43.25,8.50,-0.88,-0.75,0.06,5,2
1772053392.096672,2069221,0.07,0.02,-0.09,-151.00,-70.50,62.25,-3.31,7.19,0.56,0.12,-0.08,-0.01,-139.56,43.25,8.44,0.00,-0.44,0.88,6,2
1772053392.287420,2069412,0.09,0.07,-0.17,-151.56,-69.37,61.38,0.31,3.56,-0.19,0.10,-0.07,0.00,-139.62,43.31,8.38,-0.19,-0.69,-0.19,6,2
1772053392.478038,2069603,0.05,0.07,0.01,-152.12,-69.50,62.06,5.00,-7.44,-1.75,0.12,-0.04,0.09,-139.62,43.31,8.50,-0.56,-0.56,0.88,7,2
1772053392.669012,2069794,-0.04,0.11,0.01,-153.06,-70.81,64.19,5.56,-4.31,-6.06,0.07,-0.03,0.02,-139.75,43.25,8.44,0.06,-0.81,0.13,9,2
1772053392.859729,2069984,-0.01,-0.10,-0.04,-156.25,-71.75,67.44,7.81,-3.75,-4.06,0.07,-0.03,0.00,-139.75,43.19,8.50,0.25,-1.25,-0.25,10,3
1772053393.050274,2070175,-0.02,-0.06,-0.01,-157.62,-72.56,68.87,1.31,-2.25,-1.69,0.08,-0.06,-0.05,-139.81,43.13,8.56,0.00,0.19,-0.06,11,3
1772053393.241041,2070365,-0.06,-0.11,-0.03,-157.75,-72.69,69.06,-1.25,1.06,1.25,-0.02,0.02,0.07,-139.75,43.13,8.63,-0.50,0.13,-0.75,11,3
1772053393.431394,2070556,-0.12,0.00,0.06,-155.37,-72.31,67.44,-5.81,2.19,5.44,0.03,-0.07,-0.01,-139.69,43.13,8.75,0.75,0.69,-1.00,11,3
1772053393.622306,2070747,-0.03,0.00,-0.03,-153.75,-71.19,65.00,-5.31,6.87,3.12,0.06,0.00,0.03,-139.62,43.19,8.69,-0.50,0.81,-0.13,9,2
1772053393.812793,2070938,0.12,0.06,-0.07,-151.87,-70.00,62.19,-9.38,3.94,2.69,0.07,-0.02,0.06,-139.56,43.25,8.56,0.06,0.19,-0.19,9,2
1772053394.003412,2071128,0.03,0.07,-0.08,-150.19,-69.56,60.31,-3.25,0.62,1.87,0.03,0.00,0.06,-139.56,43.25,8.63,-0.25,-0.37,-0.25,8,2
1772053394.194057,2071319,-0.03,0.18,0.00,-149.44,-70.06,60.56,4.94,-7.69,-0.50,0.08,-0.01,0.06,-139.50,43.25,8.69,0.56,-0.56,-0.44,7,2
1772053394.384879,2071510,-0.04,0.08,0.05,-151.50,-71.44,63.56,12.13,-4.00,-6.31,0.08,0.00,0.07,-139.56,43.25,8.63,-0.13,-0.25,-0.31,6,2
1772053394.575779,2071700,-0.01,-0.06,-0.01,-155.06,-72.19,66.87,5.19,-1.06,-5.06,0.09,-0.02,0.02,-139.62,43.19,8.69,0.06,-0.69,0.31,7,3
1772053394.766632,2071891,-0.02,-0.14,-0.06,-157.37,-72.25,68.37,1.56,2.56,-1.19,0.09,-0.05,-0.05,-139.69,43.13,8.75,-0.81,-1.12,0.19,6,3
1772053394.956826,2072082,0.07,-0.15,-0.04,-157.56,-71.62,67.81,-5.31,1.37,2.81,0.17,0.00,0.02,-139.62,43.06,8.94,-0.88,0.06,1.00,7,3
1772053395.147418,2072272,-0.01,0.08,0.00,-153.87,-71.12,64.62,-11.81,1.94,2.62,0.09,-0.06,0.01,-139.62,43.13,8.88,0.69,0.62,0.00,7,2
1772053395.338025,2072463,0.06,0.04,-0.03,-151.81,-70.56,62.56,-2.37,0.13,1.94,0.05,0.00,0.08,-139.56,43.25,8.63,0.75,1.12,-0.06,8,2
1772053395.529246,2072654,-0.02,0.17,-0.01,-150.37,-70.50,61.56,-0.13,0.13,0.75,0.13,-0.07,0.04,-139.62,43.31,8.50,-0.50,-0.69,0.62,9,3
1772053395.719687,2072844,0.07,-0.02,-0.04,-150.87,-70.44,62.06,1.81,-4.06,-0.19,0.15,-0.05,0.05,-139.75,43.25,8.75,-0.88,-1.44,0.62,10,3
1772053395.910694,2073035,-0.05,0.01,0.00,-151.00,-70.94,62.63,0.75,-1.25,-2.31,0.11,-0.05,-0.02,-139.87,43.19,8.75,-0.19,-0.25,-0.25,11,3
1772053396.101167,2073226,0.02,-0.06,-0.04,-151.31,-70.87,62.88,-2.69,-1.00,0.75,0.10,-0.05,0.03,-139.81,43.19,8.75,-0.19,0.31,0.06,11,3
1772053396.291620,2073416,0.01,0.04,-0.02,-150.19,-71.00,62.13,0.13,0.13,-0.88,0.15,-0.07,0.03,-139.62,43.19,8.75,0.13,1.00,-0.88,11,3
1772053396.482608,2073607,0.10,0.03,-0.06,-150.37,-70.75,62.00,-0.69,2.12,1.00,-0.03,0.05,0.11,-139.50,43.19,9.00,-0.50,-0.13,-0.25,9,1
1772053396.673134,2073798,0.00,0.05,-0.05,-149.19,-71.00,61.75,-0.37,-0.69,0.44,0.08,-0.06,-0.02,-139.44,43.06,9.25,0.62,-0.50,-0.81,8,2
1772053396.863664,2073988,0.00,-0.15,-0.02,-150.31,-71.19,62.44,2.19,0.69,0.31,0.06,0.00,0.08,-139.44,43.00,9.31,-0.19,0.19,-0.31,7,1
1772053397.054529,2074179,-0.05,0.15,0.00,-149.56,-71.12,61.88,-1.50,-0.56,1.56,0.10,-0.08,0.03,-139.44,43.00,9.31,-0.06,-0.31,0.19,7,2
1772053397.245209,2074370,0.01,-0.06,-0.04,-149.94,-71.00,62.06,1.00,0.94,-0.37,0.08,-0.01,0.08,-139.44,43.00,9.31,-0.13,-0.19,0.13,6,1
1772053397.435834,2074561,0.00,0.03,0.00,-149.81,-71.00,61.94,-0.25,0.31,0.44,0.11,-0.05,0.05,-139.44,43.00,9.31,-0.06,-0.13,0.06,6,1
1772053397.626434,2074751,0.05,0.07,-0.07,-150.12,-70.81,62.00,0.62,0.06,-1.00,0.09,-0.03,0.07,-139.44,43.00,9.38,-0.13,0.19,0.31,6,1
1772053397.817109,2074942,-0.04,0.09,-0.03,-150.12,-70.87,62.00,-0.75,-0.13,0.37,0.09,-0.08,0.00,-139.44,43.00,9.38,0.25,-0.25,0.44,6,1
1772053398.007896,2075133,0.03,-0.01,-0.02,-150.19,-70.87,62.06,0.44,-0.62,-0.31,0.07,-0.06,0.06,-139.44,43.00,9.38,0.25,-0.13,0.06,6,1
1772053398.198620,2075323,-0.01,0.00,0.00,-149.87,-71.06,62.06,-0.88,-0.75,0.31,0.09,-0.05,0.06,-139.44,43.00,9.38,-0.13,-0.44,0.37,7,1
1772053398.389316,2075514,0.02,0.05,0.00,-149.87,-71.06,62.06,0.94,-0.31,-0.69,0.11,-0.09,0.05,-139.44,43.00,9.38,0.06,-0.06,0.25,7,1
1772053398.580135,2075705,-0.02,-0.02,-0.05,-150.25,-71.06,62.31,0.94,-0.19,-0.88,0.09,-0.10,0.06,-139.44,43.00,9.44,-0.06,-0.06,0.13,8,1
1772053398.770491,2075895,-0.04,0.01,0.00,-150.25,-71.12,62.38,0.25,-0.44,0.13,0.12,-0.09,0.03,-139.37,43.00,9.44,-0.31,0.13,-0.88,8,1
1772053398.961530,2076086,-0.02,-0.02,-0.04,-150.37,-71.12,62.44,-0.37,-0.50,-0.19,0.11,-0.06,0.02,-139.31,42.94,9.56,-0.44,0.75,-0.56,7,1
1772053399.152015,2076277,-0.01,0.03,-0.02,-150.06,-71.06,62.25,-1.56,0.75,0.19,0.12,-0.08,0.04,-139.19,42.94,9.63,-0.19,0.44,-0.50,8,2
1772053399.342799,2076468,0.01,0.07,-0.04,-150.00,-71.06,62.13,-0.13,0.13,0.13,0.12,-0.04,0.02,-139.19,42.88,9.63,-0.62,-0.06,-0.44,7,2
1772053399.533355,2076658,0.01,0.02,-0.02,-150.00,-71.06,62.13,0.19,-0.44,-0.19,0.14,-0.06,0.05,-139.19,42.88,9.69,-0.50,-0.50,-0.19,7,2
1772053399.724085,2076849,-0.02,0.00,-0.06,-150.19,-71.12,62.25,1.12,0.06,-0.75,0.08,-0.09,0.01,-139.19,42.88,9.69,-0.31,-0.31,-0.13,6,2
1772053399.914596,2077039,0.01,-0.02,-0.02,-150.25,-71.12,62.31,0.25,-0.37,0.37,0.11,-0.08,0.03,-139.19,42.88,9.63,-0.31,0.50,-0.19,6,2
1772053400.105410,2077230,0.00,0.08,-0.04,-150.12,-71.12,62.19,-0.13,0.37,0.37,0.12,-0.08,0.06,-139.19,42.88,9.63,-0.31,-0.19,-0.06,6,2
1772053400.296294,2077421,0.06,0.03,-0.06,-150.19,-71.06,62.13,-0.06,0.19,-0.13,0.10,-0.05,0.01,-139.19,42.88,9.69,-0.44,-0.56,-0.06,6,3
1772053400.486858,2077612,-0.02,-0.03,-0.04,-150.25,-71.12,62.25,-0.06,0.56,-0.75,0.11,-0.05,0.02,-139.19,42.88,9.63,0.19,0.00,-0.13,7,3
1772053400.677509,2077802,-0.07,0.04,-0.07,-150.06,-70.94,62.00,-0.37,1.50,1.37,0.13,-0.09,0.03,-139.19,42.88,9.69,-0.62,-0.50,0.50,7,3
1772053400.868154,2077993,0.01,0.11,-0.03,-149.44,-70.87,61.75,-0.75,-3.25,0.06,0.11,-0.07,0.06,-139.19,42.88,9.69,0.75,-0.19,-0.25,8,3
1772053401.059131,2078184,-0.10,0.04,-0.03,-149.56,-71.25,62.00,2.50,0.56,-1.44,0.12,-0.10,-0.01,-139.31,42.94,9.50,0.75,-0.37,0.25,7,2
1772053401.249518,2078375,0.19,-0.11,-0.09,-151.37,-71.00,62.63,1.19,0.69,0.25,0.10,-0.08,0.01,-139.37,43.00,9.31,0.88,0.56,0.06,7,2
1772053401.440351,2078565,0.13,0.13,-0.07,-149.94,-71.19,61.75,-1.69,1.12,0.62,0.06,-0.02,0.06,-139.62,43.13,8.81,-0.69,-0.06,-0.13,6,2
1772053401.630926,2078756,-0.01,0.02,0.00,-149.69,-71.19,61.75,-3.37,-4.44,0.88,0.07,-0.05,-0.01,-139.56,43.19,8.75,0.94,-0.37,0.06,6,2
1772053401.820203,2078945,0.00,0.02,-0.02,-148.94,-71.50,61.50,4.69,1.50,0.44,0.05,-0.01,0.07,-139.50,43.25,8.88,-1.87,0.00,-0.25,6,2
1772053402.012321,2079137,0.00,0.11,-0.09,-149.06,-71.25,61.69,-0.75,0.13,0.69,0.12,-0.14,0.00,-139.37,43.25,9.00,0.25,-0.13,-0.31,6,1
1772053402.203177,2079328,0.03,-0.06,-0.10,-150.50,-70.94,62.06,2.31,1.56,-1.69,0.02,0.03,0.05,-139.25,43.25,8.88,1.37,1.75,-1.44,5,1
1772053402.394114,2079519,-0.02,0.20,-0.05,-149.94,-71.00,61.44,-3.94,-1.06,2.25,0.09,-0.09,-0.08,-139.25,43.25,8.69,-0.69,-0.62,0.37,5,1
1772053402.584481,2079709,0.02,-0.09,-0.05,-149.87,-71.00,61.63,2.31,-0.06,-0.88,0.04,-0.01,0.00,-139.25,43.25,8.81,-0.62,-0.62,0.13,5,1
1772053402.774783,2079900,0.00,0.07,-0.04,-149.44,-71.06,61.63,0.25,-1.00,1.12,0.05,0.00,0.04,-139.19,43.25,9.06,0.13,0.25,0.00,5,1
1772053402.965974,2080091,0.00,0.09,-0.01,-149.37,-71.12,61.63,-0.56,0.37,-0.06,0.06,-0.04,0.00,-139.19,43.25,9.00,-0.56,-0.31,0.06,5,1
1772053403.156833,2080282,0.04,-0.03,-0.06,-149.87,-71.00,61.88,2.19,-0.44,0.25,0.03,0.01,0.09,-139.19,43.25,9.06,-0.06,-0.13,0.19,7,1
1772053403.347405,2080472,-0.07,0.13,-0.04,-149.37,-71.06,61.63,0.31,0.19,0.06,0.08,-0.09,-0.05,-139.19,43.25,9.06,0.19,-0.75,-0.50,8,1
1772053403.538238,2080663,0.00,-0.09,-0.05,-150.12,-71.06,62.06,0.00,-1.62,-0.06,0.05,-0.02,0.01,-139.25,43.19,9.13,0.06,0.50,-0.06,8,1
1772053403.728589,2080854,0.02,0.12,-0.02,-149.25,-71.19,61.56,-1.81,0.69,0.69,0.07,-0.03,0.02,-139.25,43.25,9.06,-0.13,-0.13,0.69,8,1
1772053403.919521,2081045,0.02,0.05,-0.04,-149.44,-71.19,61.63,0.62,0.13,-0.75,0.06,-0.07,0.05,-139.25,43.25,9.00,0.25,-0.25,0.31,8,1
1772053404.110566,2081235,0.06,-0.01,-0.06,-149.75,-71.19,61.81,1.19,-0.31,0.31,0.07,-0.06,0.03,-139.31,43.25,9.00,0.00,-0.19,0.31,8,0
1772053404.301017,2081426,0.06,0.05,-0.10,-149.81,-71.19,61.81,0.31,-0.25,-0.62,0.09,-0.07,0.02,-139.37,43.25,9.00,-0.44,-0.37,0.50,7,0
1772053404.491785,2081617,0.01,0.01,-0.06,-149.94,-71.19,61.88,-0.56,-0.44,-0.25,0.10,-0.08,0.01,-139.37,43.25,9.00,0.06,0.25,-0.31,7,0
1772053404.682351,2081807,0.02,0.07,-0.03,-149.69,-71.19,61.75,-0.81,0.13,0.50,0.05,-0.03,0.04,-139.31,43.25,9.00,-0.13,0.50,-0.37,6,0
1772053404.873034,2081998,0.00,0.15,-0.09,-149.75,-71.19,61.75,-0.50,0.88,0.56,0.04,-0.01,0.06,-139.31,43.19,9.13,0.00,-0.25,0.06,7,1
1772053405.063914,2082189,-0.01,0.07,-0.08,-149.75,-71.19,61.75,-0.19,-0.06,-0.25,0.08,-0.04,0.01,-139.37,43.19,9.13,0.19,-0.69,0.13,6,1
1772053405.254697,2082379,0.01,0.01,-0.03,-149.75,-71.25,61.81,-0.25,-0.56,-0.13,0.07,-0.01,0.04,-139.37,43.13,9.25,-0.06,-0.75,0.25,7,1
1772053405.444892,2082570,0.01,0.03,-0.02,-149.75,-71.25,61.75,-1.19,0.62,0.19,0.06,0.00,0.05,-139.37,43.13,9.25,0.31,-0.25,0.00,7,1
1772053405.635897,2082761,0.02,0.08,-0.05,-149.69,-71.25,61.69,0.62,0.44,-0.19,0.05,-0.02,0.11,-139.37,43.13,9.25,-0.37,-0.06,0.19,7,1
1772053405.826700,2082952,0.05,0.04,-0.06,-149.81,-71.19,61.69,0.50,-0.19,0.25,0.06,-0.01,0.08,-139.37,43.13,9.25,0.25,-0.06,0.00,8,1
1772053406.017379,2083142,0.00,0.06,-0.05,-149.81,-71.19,61.69,0.25,-0.06,-0.50,0.08,-0.01,0.07,-139.37,43.13,9.25,-0.31,-0.06,0.06,9,1
1772053406.207620,2083333,0.05,0.07,-0.07,-149.81,-71.19,61.63,0.31,0.62,0.13,0.04,0.00,0.05,-139.37,43.13,9.25,-0.37,0.06,0.31,8,1
1772053406.398312,2083523,0.00,0.12,-0.08,-149.56,-71.25,61.56,-0.69,-0.06,0.00,0.07,-0.02,0.01,-139.37,43.13,9.25,0.56,0.00,0.31,8,1
1772053406.589003,2083714,0.01,0.00,-0.05,-149.56,-71.31,61.63,0.56,0.56,-0.31,0.00,0.00,0.07,-139.37,43.13,9.31,-0.50,-0.37,0.44,8,1
1772053406.780123,2083905,-0.02,0.08,-0.06,-149.50,-71.37,61.63,-1.19,0.88,0.00,0.08,-0.06,0.06,-139.44,43.13,9.25,-0.06,-0.31,0.75,7,1
1772053406.970801,2084096,0.05,0.01,-0.09,-149.62,-71.31,61.69,0.13,-0.06,-0.06,0.08,-0.07,0.03,-139.44,43.13,9.25,0.13,-0.13,0.13,7,1
1772053407.161318,2084286,0.01,0.02,-0.08,-149.62,-71.37,61.69,0.88,0.50,0.19,0.10,-0.06,0.03,-139.44,43.13,9.25,-0.44,-0.13,0.44,6,1
1772053407.351772,2084477,0.05,0.05,-0.09,-149.94,-71.19,61.63,0.37,1.06,0.31,0.12,-0.07,0.06,-139.44,43.13,9.25,-0.31,0.19,-0.31,7,1
1772053407.542504,2084668,0.03,0.01,-0.05,-149.94,-71.12,61.56,-0.69,-0.75,0.56,0.12,-0.06,0.05,-139.44,43.13,9.31,0.25,0.13,0.37,7,1
1772053407.733455,2084858,0.06,-0.02,-0.10,-148.81,-71.00,60.75,-4.69,0.88,2.37,0.12,-0.03,0.06,-139.44,43.13,9.31,0.13,-0.13,-0.31,7,1
1772053407.924107,2085049,0.10,0.07,-0.14,-145.81,-70.81,58.44,-8.25,-2.69,3.12,0.11,-0.04,0.12,-139.44,43.13,9.25,0.31,1.12,-0.44,7,1
1772053408.114510,2085240,0.10,0.21,-0.06,-141.69,-71.31,56.63,-5.56,-8.63,0.94,0.08,0.02,0.14,-139.37,43.25,8.94,1.81,1.87,-1.25,8,2
1772053408.305203,2085430,0.08,0.17,-0.10,-137.25,-72.69,56.31,-2.62,-12.13,-1.56,0.10,-0.04,0.10,-139.25,43.44,8.06,3.87,2.87,-2.06,8,1
1772053408.495024,2085620,0.09,0.10,-0.04,-132.00,-74.87,57.00,-0.69,-15.88,-6.44,0.13,-0.01,0.10,-139.31,43.69,6.44,6.25,4.19,-4.19,8,1
1772053408.685707,2085811,-0.14,-0.03,0.05,-124.12,-77.62,58.25,-3.25,-16.37,-1.56,0.07,-0.02,0.05,-139.44,43.75,4.25,8.13,4.87,-5.81,8,1
1772053408.877124,2086002,-0.13,0.00,0.10,-117.56,-78.69,57.44,-12.13,0.69,-1.62,0.00,0.02,0.01,-139.56,43.75,2.25,7.50,4.87,-4.87,7,1
1772053409.068085,2086193,0.01,0.03,-0.03,-118.44,-78.56,55.44,-8.63,4.81,-0.44,0.03,-0.03,-0.02,-139.75,43.94,0.13,5.69,4.19,-3.50,7,1
1772053409.258558,2086384,0.04,0.07,-0.09,-119.44,-78.31,53.81,-6.37,-0.25,0.25,0.01,-0.02,-0.10,-139.87,44.06,358.87,1.50,0.37,-1.19,6,1
1772053409.448381,2086573,0.02,0.04,-0.01,-118.62,-78.25,53.19,2.75,-0.88,0.00,-0.07,-0.03,-0.11,-140.06,43.81,359.56,-6.00,-6.62,4.25,6,1
1772053409.639393,2086764,-0.05,-0.02,0.01,-117.81,-78.44,54.88,16.00,-3.94,-2.00,0.02,-0.09,-0.07,-140.44,43.25,2.94,-12.69,-10.75,8.81,5,1
1772053409.830837,2086956,-0.05,-0.22,-0.06,-119.50,-79.12,59.19,21.81,-3.56,1.31,0.11,0.04,0.15,-140.12,43.06,6.75,-13.13,-6.50,8.00,6,1
1772053410.021465,2087147,0.03,0.03,-0.10,-118.56,-78.69,61.75,7.19,-2.12,6.37,0.19,0.02,0.27,-139.19,43.38,9.56,-8.69,-3.25,5.19,6,1
1772053410.211815,2087337,0.01,0.24,-0.02,-114.81,-77.62,61.25,3.31,-1.19,4.94,0.17,0.05,0.25,-138.56,43.75,11.13,-4.19,-2.69,2.50,7,1
1772053410.401653,2087527,0.03,0.11,-0.01,-113.75,-77.12,60.88,-3.31,0.13,-0.06,0.10,0.00,0.14,-138.31,43.81,11.50,2.31,0.69,-1.19,7,1
1772053410.592461,2087718,0.00,-0.01,-0.03,-114.00,-77.06,60.06,-6.31,3.12,-1.75,0.08,0.00,0.12,-138.37,43.88,10.31,6.37,4.19,-4.19,7,2
1772053410.784119,2087909,0.00,0.05,0.00,-115.12,-76.94,58.25,-11.63,4.44,-0.37,0.02,0.00,-0.03,-138.56,44.00,8.25,6.75,3.69,-5.00,7,2
1772053410.975111,2088100,-0.01,-0.04,-0.04,-116.50,-76.75,56.25,-8.38,3.69,-1.81,0.02,-0.02,-0.02,-138.81,44.00,6.31,7.19,3.94,-4.37,7,2
1772053411.165551,2088290,0.00,-0.05,-0.08,-117.94,-76.75,54.69,-7.75,2.50,-1.44,-0.02,-0.04,-0.08,-139.00,44.06,4.44,5.75,3.44,-3.69,7,2
1772053411.355533,2088480,-0.02,0.00,-0.02,-118.19,-76.75,53.44,-3.12,1.12,-0.44,-0.01,-0.06,-0.11,-139.25,44.00,3.37,1.25,-0.31,-0.19,7,2
1772053411.546372,2088671,0.04,-0.07,-0.02,-118.75,-76.75,53.63,4.56,-1.31,-0.31,-0.02,-0.04,-0.08,-139.50,43.88,3.75,-4.50,-4.62,4.12,6,2
1772053411.737613,2088863,0.05,-0.10,-0.06,-119.12,-76.94,55.25,11.69,-0.50,-1.81,0.02,0.00,-0.01,-139.69,43.69,5.56,-5.94,-4.62,4.62,4,2
1772053411.928356,2089053,-0.03,-0.15,-0.04,-120.31,-77.25,57.88,9.25,-1.62,1.94,0.14,0.06,0.22,-139.62,43.69,7.25,-5.37,-3.06,4.50,4,2
1772053412.118622,2089244,0.05,0.07,-0.03,-119.19,-76.75,58.06,-0.62,0.50,3.12,0.11,0.05,0.17,-139.31,43.94,7.81,0.37,1.00,-0.19,4,2
1772053412.309303,2089434,-0.02,0.18,-0.02,-118.12,-76.31,56.94,-3.00,1.94,1.56,0.04,0.01,0.03,-139.19,44.06,7.56,0.50,-0.50,-0.81,5,2
1772053412.499834,2089625,0.00,-0.02,-0.06,-119.44,-76.12,56.69,-1.19,1.75,-0.88,0.09,-0.03,0.05,-139.25,44.00,7.31,2.44,1.12,-1.81,4,1
1772053412.690836,2089816,0.00,0.00,-0.05,-120.69,-76.06,56.13,-4.00,1.19,-0.75,0.03,0.00,0.04,-139.31,43.94,6.69,2.62,1.50,-1.50,5,1
1772053412.881495,2090007,0.00,0.04,-0.07,-120.94,-75.94,55.38,-3.81,1.50,-0.56,0.03,0.01,0.05,-139.37,44.00,5.94,2.75,1.69,-1.94,5,1
1772053413.072274,2090197,0.00,-0.01,-0.06,-121.31,-75.87,54.63,-4.50,1.44,-0.88,0.02,0.02,0.05,-139.37,44.06,5.00,3.56,2.69,-2.56,6,1
1772053413.262361,2090387,-0.01,0.10,-0.06,-121.12,-75.81,53.50,-4.06,1.37,-0.13,0.01,-0.04,-0.03,-139.44,44.06,4.25,1.50,0.06,-0.56,7,1
1772053413.453085,2090578,0.03,-0.05,-0.08,-122.12,-75.87,53.81,6.00,-0.75,-1.12,0.04,0.00,-0.02,-139.62,43.88,4.81,-3.44,-3.69,2.81,8,1
1772053413.644741,2090770,-0.06,-0.15,-0.07,-122.75,-76.19,55.56,7.37,-1.31,-1.94,0.06,0.00,0.05,-139.75,43.69,6.00,-3.12,-2.44,2.50,8,1
1772053413.835023,2090960,0.03,-0.12,-0.06,-123.62,-76.19,56.94,2.81,0.13,3.69,0.08,0.02,0.13,-139.62,43.69,6.87,-2.81,-1.06,1.81,7,1
1772053414.025600,2091151,0.10,0.08,-0.03,-122.25,-75.62,56.19,-0.75,0.13,2.94,0.12,0.07,0.16,-139.50,43.81,7.19,-0.25,0.13,0.69,7,1
1772053414.216109,2091341,0.02,0.12,-0.05,-121.75,-75.31,55.50,-1.44,1.50,0.06,0.04,0.01,0.07,-139.56,43.88,7.00,0.56,-1.12,0.56,6,1
1772053414.407021,2091532,0.01,-0.05,-0.08,-123.00,-75.37,55.88,1.50,0.19,-1.81,0.08,0.00,0.13,-139.69,43.81,7.00,0.62,-0.31,0.25,7,1
1772053414.598066,2091723,-0.03,0.00,-0.06,-123.25,-75.62,56.00,-3.62,0.06,-0.62,0.06,0.01,0.07,-139.81,43.88,6.44,3.19,1.94,-1.75,6,1
1772053414.788760,2091914,-0.03,0.04,-0.04,-122.87,-75.62,55.13,-4.62,1.06,-0.25,0.02,-0.01,0.01,-139.87,44.00,5.44,2.69,1.31,-1.25,7,1
1772053414.979486,2092105,0.02,0.01,-0.10,-123.37,-75.62,54.81,1.81,0.31,-1.25,0.04,-0.01,0.00,-140.12,44.00,5.12,-0.88,-1.69,1.19,7,1
1772053415.169621,2092295,-0.02,-0.13,-0.05,-124.50,-75.81,55.88,4.12,-0.25,-0.25,0.05,0.00,0.05,-140.12,43.88,5.75,-1.94,-1.44,0.62,7,1
1772053415.359961,2092485,0.00,-0.08,-0.04,-125.19,-75.87,56.81,5.62,-1.25,0.37,0.08,-0.01,0.07,-140.00,43.81,6.69,-4.19,-2.62,2.31,7,1
1772053415.551281,2092677,0.00,-0.02,-0.08,-125.37,-75.62,57.56,4.62,0.62,1.87,0.09,0.03,0.17,-139.94,43.69,8.00,-4.25,-2.56,2.62,8,1
1772053415.742095,2092867,-0.01,-0.01,-0.09,-125.12,-75.25,57.88,0.62,-0.13,1.56,0.13,0.09,0.21,-139.62,43.81,8.63,0.37,1.06,-0.62,8,2
1772053415.932698,2093058,0.01,0.13,-0.04,-124.12,-75.00,56.88,-5.25,1.19,1.81,0.07,0.05,0.12,-139.44,44.00,8.13,2.75,1.56,-2.06,8,1
1772053416.122399,2093248,0.05,0.05,-0.05,-124.00,-74.87,55.75,-7.12,2.06,-0.56,0.06,0.04,0.09,-139.44,44.06,7.00,4.44,2.37,-2.75,8,1
1772053416.313263,2093438,-0.01,0.00,-0.06,-124.37,-74.94,54.75,-4.62,1.87,-2.50,0.05,-0.01,0.02,-139.69,44.06,5.75,5.12,2.12,-3.00,7,1
1772053416.504893,2093630,-0.01,-0.15,-0.10,-125.81,-75.12,54.25,-5.00,1.87,-1.56,0.04,0.01,0.05,-139.81,44.06,4.31,5.25,3.81,-3.62,7,2
1772053416.695395,2093821,-0.01,0.00,-0.08,-125.69,-75.06,52.81,-7.81,0.88,0.31,0.02,0.04,0.05,-139.81,44.19,2.87,4.37,3.12,-2.75,7,1
1772053416.886248,2094011,0.00,0.08,-0.07,-125.31,-75.00,51.50,-3.06,1.50,-1.19,0.00,-0.02,-0.05,-140.00,44.25,1.87,1.00,-0.56,0.19,6,2
1772053417.075665,2094201,0.00,-0.07,-0.10,-126.12,-75.06,52.00,5.56,-2.56,-1.50,0.00,0.00,0.01,-140.25,44.13,2.37,-2.62,-2.81,2.62,6,1
1772053417.266678,2094392,-0.06,-0.05,-0.04,-125.87,-75.44,53.38,7.50,-2.37,-0.31,0.03,0.00,0.05,-140.37,43.94,3.50,-3.87,-3.00,2.81,7,2
1772053417.458096,2094583,0.00,-0.08,-0.08,-125.81,-75.50,54.69,4.00,-1.62,1.81,0.08,0.05,0.17,-140.31,43.94,4.62,-3.62,-1.94,2.56,6,2
1772053417.648851,2094774,0.01,0.07,-0.07,-124.44,-75.31,54.88,0.69,-0.94,1.87,0.13,0.06,0.15,-140.25,43.94,5.37,-1.94,-1.06,1.44,7,2
1772053417.839655,2094965,-0.03,0.01,-0.11,-123.62,-75.25,54.88,0.31,-0.62,-0.06,0.15,0.01,0.04,-140.12,43.94,5.75,-1.62,-1.62,0.06,7,2
1772053418.029440,2095155,-0.11,0.11,-0.02,-122.62,-75.37,55.13,3.75,-2.37,0.37,0.07,0.03,0.05,-140.06,43.75,6.69,-2.50,-3.12,1.44,7,2
1772053418.220192,2095345,0.00,-0.13,-0.08,-124.12,-75.62,56.56,6.75,1.06,-0.56,0.11,0.04,0.15,-140.00,43.63,7.44,-1.94,-1.19,1.12,8,2
1772053418.411577,2095537,0.07,-0.01,-0.11,-124.75,-75.44,56.81,-3.37,0.44,2.37,0.09,0.01,0.14,-139.81,43.75,7.56,0.75,0.56,-0.75,7,2
1772053418.602274,2095728,0.05,0.02,-0.11,-123.81,-75.19,55.94,0.06,0.37,-0.44,0.06,0.01,0.17,-139.81,43.81,7.37,0.62,0.37,-0.88,7,2
1772053418.792710,2095918,0.00,0.04,-0.02,-123.50,-75.25,55.81,-0.75,-1.44,0.75,0.08,0.00,0.08,-139.81,43.75,7.44,0.25,-0.69,0.06,6,2
1772053418.983622,2096109,0.06,-0.03,-0.05,-123.44,-75.31,55.88,1.25,0.37,-0.81,0.06,0.04,0.11,-139.81,43.75,7.37,-0.44,-0.19,0.19,6,2
1772053419.174473,2096300,0.00,0.07,-0.02,-123.31,-75.19,55.81,-0.37,1.00,0.81,0.07,0.04,0.12,-139.75,43.81,7.37,0.25,-0.06,0.37,6,1
1772053419.365155,2096491,0.01,0.01,-0.09,-124.12,-75.12,55.81,1.12,0.75,-1.12,0.02,0.05,0.11,-139.75,43.88,7.25,0.69,0.50,-0.19,7,2
1772053419.555836,2096681,0.01,-0.03,-0.11,-124.62,-75.12,55.94,-0.75,-0.25,0.19,0.09,0.00,0.12,-139.81,43.88,7.12,0.25,-0.69,1.12,7,1
1772053419.746435,2096872,0.00,0.02,-0.07,-124.19,-75.12,55.81,0.62,-0.44,-0.69,0.09,-0.02,0.09,-140.00,43.81,7.12,0.44,-0.25,0.19,8,1
1772053419.937318,2097063,-0.01,-0.05,-0.05,-124.69,-75.25,56.19,0.19,-0.56,-0.62,0.08,0.03,0.12,-140.00,43.81,7.12,-0.13,0.13,0.37,8,1
1772053420.127751,2097253,-0.01,0.05,-0.07,-124.25,-75.25,56.06,-1.69,0.69,0.62,0.07,0.00,0.11,-140.00,43.81,7.12,0.31,-0.06,0.50,9,1
1772053420.318770,2097444,0.03,0.00,-0.12,-124.56,-75.19,56.06,0.94,-0.13,-0.50,0.08,-0.03,0.14,-140.06,43.81,7.12,0.13,-0.25,0.37,8,1
1772053420.509360,2097635,-0.04,0.05,-0.09,-124.44,-75.25,56.13,-0.13,-0.44,0.25,0.06,-0.04,0.08,-140.06,43.81,7.12,0.13,-0.44,-0.31,8,1
1772053420.699918,2097825,0.01,-0.03,-0.10,-124.75,-75.25,56.25,0.06,0.25,-0.31,0.08,0.00,0.06,-140.00,43.75,7.25,0.13,0.56,-0.94,7,2
1772053420.890496,2098016,0.01,0.01,-0.04,-124.69,-75.25,56.25,-0.69,0.56,0.31,0.13,-0.01,0.08,-139.87,43.69,7.37,-0.25,0.13,-0.94,7,2
1772053421.081349,2098207,-0.01,-0.01,-0.08,-125.00,-75.19,56.19,0.19,0.44,-0.19,0.09,0.00,0.14,-139.75,43.63,7.50,0.19,0.06,-0.31,6,2
1772053421.271998,2098397,0.00,0.06,-0.10,-125.12,-75.12,56.06,-0.19,0.81,0.56,0.12,0.00,0.10,-139.75,43.63,7.50,-0.13,-0.06,-0.31,5,1
1772053421.462539,2098588,0.01,0.03,-0.09,-125.37,-75.12,56.19,0.06,-0.06,-0.69,0.08,-0.02,0.09,-139.75,43.63,7.50,0.19,0.19,-0.50,5,1
1772053421.653146,2098779,0.00,0.03,-0.10,-125.37,-75.19,56.19,-0.37,-0.06,0.25,0.14,0.00,0.07,-139.75,43.63,7.50,0.25,-0.13,-0.31,5,1
1772053421.843933,2098969,0.04,-0.01,-0.09,-125.44,-75.19,56.19,0.50,-0.50,-0.13,0.09,0.00,0.13,-139.75,43.63,7.50,0.19,0.13,-0.13,6,1
1772053422.034436,2099160,0.04,0.07,-0.09,-125.37,-75.19,56.19,0.25,0.56,0.00,0.10,0.00,0.12,-139.75,43.63,7.50,-0.25,0.00,0.25,5,1
1772053422.225300,2099351,0.04,0.00,-0.11,-125.56,-75.19,56.31,0.62,0.13,-0.56,0.11,-0.04,0.09,-139.75,43.63,7.50,0.25,-0.06,0.37,6,1
1772053422.415825,2099541,0.03,0.09,-0.12,-125.56,-75.19,56.31,-0.69,-0.31,0.00,0.09,-0.04,0.10,-139.75,43.63,7.50,0.50,-0.06,0.31,7,1
1772053422.606556,2099732,0.00,0.03,-0.07,-125.50,-75.25,56.25,0.25,-0.88,-0.94,0.08,-0.08,0.10,-139.75,43.63,7.56,0.25,0.13,0.31,7,0
1772053422.797190,2099923,0.00,0.04,-0.08,-125.50,-75.25,56.31,0.44,-0.37,-0.06,0.14,-0.06,0.05,-139.75,43.63,7.56,-0.13,-0.13,0.00,7,0
1772053422.988006,2100113,0.00,0.00,-0.09,-125.69,-75.31,56.50,0.31,-0.25,-0.62,0.10,-0.03,0.10,-139.75,43.63,7.56,-0.19,0.25,-0.19,6,0
1772053423.178939,2100304,0.00,0.04,-0.09,-125.56,-75.31,56.44,-1.31,0.00,0.50,0.11,-0.06,0.09,-139.75,43.63,7.56,-0.62,0.44,-0.56,6,1
1772053423.369602,2100495,0.03,0.04,-0.12,-125.50,-75.25,56.38,-0.44,-0.25,0.25,0.12,-0.04,0.06,-139.56,43.56,7.75,-0.13,0.31,-0.56,6,1
1772053423.560114,2100685,0.03,0.05,-0.09,-125.37,-75.25,56.31,-0.13,-0.31,0.13,0.12,-0.06,0.05,-139.56,43.56,7.81,0.13,-0.56,-0.37,6,1
1772053423.750907,2100876,0.01,-0.02,-0.08,-125.56,-75.31,56.44,0.06,-0.37,-0.56,0.09,-0.01,0.09,-139.56,43.56,7.81,0.06,-0.13,-0.44,6,1
1772053423.941312,2101067,-0.02,0.01,-0.07,-125.56,-75.31,56.44,-1.06,0.06,0.13,0.10,0.00,0.09,-139.56,43.56,7.81,0.19,-0.06,-0.25,7,2
1772053424.132118,2101258,-0.03,0.01,-0.11,-125.50,-75.31,56.31,0.31,0.31,-0.06,0.12,0.00,0.07,-139.56,43.50,7.81,-0.75,-0.69,0.37,6,2
1772053424.322524,2101448,0.02,0.01,-0.10,-125.56,-75.37,56.38,-0.31,0.13,0.13,0.11,0.00,0.06,-139.56,43.50,7.81,0.00,-0.50,0.25,7,2
1772053424.513305,2101639,0.03,0.02,-0.11,-125.69,-75.37,56.44,0.56,0.06,-0.25,0.12,-0.05,0.06,-139.56,43.50,7.81,0.00,-0.50,0.13,7,2
1772053424.704108,2101830,-0.01,-0.01,-0.09,-125.62,-75.37,56.44,0.19,-0.81,0.44,0.12,-0.01,0.09,-139.56,43.50,7.81,0.00,-0.19,0.19,7,2
1772053424.894769,2102020,0.05,0.06,-0.07,-125.56,-75.37,56.38,0.13,0.19,0.00,0.10,-0.02,0.11,-139.56,43.50,7.81,0.13,-0.06,0.62,7,2
1772053425.085718,2102211,0.00,0.01,-0.09,-125.56,-75.37,56.38,0.75,-0.37,-1.00,0.11,-0.05,0.11,-139.56,43.56,7.81,0.06,-0.19,0.62,7,2
1772053425.276196,2102402,0.03,0.05,-0.09,-125.62,-75.44,56.50,0.25,0.13,-0.19,0.11,-0.04,0.08,-139.62,43.56,7.75,-0.06,-0.19,0.37,7,2
1772053425.466579,2102592,0.02,0.04,-0.09,-125.81,-75.44,56.63,0.00,-0.44,-0.75,0.10,-0.03,0.09,-139.62,43.56,7.75,0.00,0.25,0.19,6,2
1772053425.657249,2102783,0.02,0.08,-0.08,-125.62,-75.50,56.50,-1.06,0.19,0.31,0.10,-0.08,0.07,-139.62,43.56,7.75,0.25,0.19,0.25,6,2
1772053425.848288,2102974,0.06,0.01,-0.13,-125.62,-75.44,56.50,-0.31,0.62,0.25,0.05,-0.03,0.09,-139.56,43.56,7.81,-0.13,0.56,-0.50,5,1
1772053426.039037,2103164,-0.01,0.07,-0.06,-125.62,-75.50,56.50,-0.44,0.00,0.44,0.09,-0.02,0.09,-139.50,43.56,7.81,-0.06,-0.19,-0.62,6,1
1772053426.229376,2103355,0.03,0.03,-0.08,-125.62,-75.50,56.50,0.81,0.00,0.13,0.09,-0.06,0.06,-139.50,43.56,7.87,0.00,0.19,-0.25,6,1
1772053426.420116,2103546,0.00,0.02,-0.06,-125.62,-75.50,56.56,-0.44,-0.62,0.37,0.12,-0.02,0.09,-139.50,43.56,7.87,0.06,0.31,-0.13,6,1
1772053426.610693,2103736,0.03,0.07,-0.08,-125.50,-75.50,56.44,0.06,0.00,0.00,0.11,-0.03,0.11,-139.50,43.56,7.87,-0.13,0.25,-0.06,6,1
1772053426.801679,2103927,0.02,0.02,-0.09,-125.56,-75.50,56.50,0.31,-0.37,0.31,0.11,-0.03,0.10,-139.50,43.50,7.87,-0.13,-0.25,0.06,7,1
1772053426.992296,2104118,0.02,0.08,-0.12,-125.50,-75.50,56.38,0.37,0.13,-0.56,0.11,0.00,0.10,-139.50,43.50,7.87,-0.44,-0.13,0.44,7,1
1772053427.183028,2104309,0.04,0.06,-0.11,-125.56,-75.50,56.44,-0.06,-0.37,0.13,0.15,-0.03,0.09,-139.50,43.50,7.87,-0.25,-0.13,0.25,6,1
1772053427.373497,2104499,0.04,0.13,-0.10,-125.56,-75.50,56.44,0.31,-0.37,-0.06,0.11,0.00,0.10,-139.50,43.56,7.81,0.37,-0.19,0.50,7,1
1772053427.564712,2104690,0.07,0.07,-0.12,-125.44,-75.56,56.50,-0.62,-0.25,-0.06,0.11,0.00,0.10,-139.56,43.50,7.87,0.37,-0.13,0.13,6,1
1772053427.755107,2104881,0.00,0.13,-0.09,-125.00,-75.62,56.38,-1.19,-0.25,-0.13,0.12,-0.07,0.05,-139.56,43.56,7.81,-0.13,-0.25,0.69,7,1
1772053427.945923,2105071,0.00,0.10,-0.09,-124.94,-75.62,56.31,-0.13,-0.19,0.31,0.12,-0.07,0.08,-139.62,43.56,7.75,-0.13,0.25,0.37,6,1
1772053428.136273,2105262,0.05,0.07,-0.11,-125.06,-75.56,56.31,-0.69,0.44,0.62,0.12,-0.03,0.08,-139.62,43.56,7.75,0.13,0.00,0.06,8,2
1772053428.327093,2105453,0.03,0.07,-0.06,-125.06,-75.62,56.25,1.12,0.19,-0.94,0.23,-0.03,0.06,-139.62,43.56,7.75,-0.75,-0.81,-0.31,8,2
1772053428.516684,2105642,0.08,0.03,-0.07,-125.94,-75.75,56.63,-0.37,0.13,-1.75,0.16,0.00,0.10,-139.50,43.63,7.62,0.25,0.94,-1.12,8,3
1772053428.707759,2105833,0.07,0.10,-0.12,-125.81,-75.62,56.06,-3.81,2.12,1.19,0.09,-0.04,0.06,-139.31,43.63,7.56,1.50,1.25,-1.62,8,3
1772053428.899068,2106025,0.02,0.08,-0.13,-125.87,-75.44,55.38,-1.25,0.69,0.31,0.13,-0.03,0.06,-139.25,43.69,7.12,0.94,1.00,-1.31,8,2
1772053429.089867,2106215,0.03,0.18,-0.10,-125.81,-75.31,54.88,-0.37,-1.56,0.37,0.15,-0.06,0.03,-139.19,43.69,7.06,-0.31,-0.69,0.06,8,2
1772053429.280291,2106406,0.18,0.06,-0.06,-126.12,-75.31,55.19,3.31,0.19,-1.12,0.02,-0.01,0.03,-139.19,43.56,7.56,-2.69,-2.25,2.06,7,2
1772053429.469972,2106596,0.01,0.09,-0.05,-126.06,-75.56,56.25,4.69,-0.31,-2.19,0.12,-0.10,0.01,-139.25,43.44,8.44,-3.50,-2.50,3.25,8,2
1772053429.660973,2106787,0.12,-0.02,-0.16,-128.06,-75.50,57.63,4.62,0.50,0.88,0.10,-0.04,0.09,-139.19,43.50,9.31,-3.12,-1.31,1.87,7,2
1772053429.852693,2106978,0.00,0.10,-0.04,-126.75,-75.31,57.63,-2.87,-1.87,2.81,0.15,-0.05,0.13,-138.94,43.56,9.81,-0.69,0.69,-0.25,7,2
1772053430.043143,2107169,0.04,0.25,-0.04,-124.69,-74.87,56.31,-2.19,-0.25,0.81,0.07,-0.08,0.07,-138.87,43.69,9.63,0.62,-0.50,0.56,6,1
1772053430.233695,2107359,-0.03,-0.01,-0.03,-125.06,-74.94,56.50,1.19,0.00,-1.94,0.10,-0.09,0.01,-139.00,43.75,9.44,0.25,-0.44,0.50,6,1
1772053430.424156,2107550,0.02,-0.01,-0.11,-126.06,-75.12,57.00,1.31,0.19,-1.06,0.08,-0.07,0.03,-139.25,43.81,9.31,-0.19,0.00,0.56,6,1
1772053430.615256,2107741,-0.01,0.01,-0.05,-126.37,-75.19,57.25,-0.94,-0.81,0.00,0.09,-0.10,0.04,-139.25,43.81,9.25,-0.25,0.75,0.25,7,1
1772053430.806069,2107932,0.07,0.15,-0.05,-125.62,-75.06,56.81,-1.75,-0.19,1.62,0.05,-0.10,0.04,-139.19,43.88,9.25,0.19,0.56,0.13,7,1
1772053430.996673,2108122,0.03,0.03,-0.05,-125.25,-75.00,56.69,1.00,0.25,-0.44,0.06,-0.08,0.05,-139.19,43.88,9.25,0.00,-0.37,-0.62,7,1
1772053431.187702,2108313,-0.03,-0.02,-0.09,-126.06,-75.06,57.00,1.12,-0.06,-1.19,0.08,-0.07,0.02,-139.12,43.88,9.38,-1.12,-0.13,-0.50,7,1
1772053431.377587,2108503,0.01,0.03,-0.03,-126.06,-75.06,57.06,-2.06,-0.69,0.69,0.05,-0.05,0.04,-139.06,43.88,9.50,0.25,0.06,-0.44,6,1
1772053431.568514,2108694,-0.01,0.04,-0.08,-125.75,-75.12,57.00,0.31,0.62,0.31,0.08,-0.04,0.07,-139.00,43.88,9.56,-0.31,0.13,0.00,6,2
1772053431.759461,2108885,0.00,0.11,-0.04,-125.50,-75.00,56.69,-0.62,-0.31,0.50,0.08,-0.08,0.01,-139.00,43.88,9.56,-0.31,-0.69,0.31,6,1
1772053431.950099,2109076,0.05,-0.01,-0.10,-126.25,-75.00,56.88,0.94,0.50,-1.25,0.06,-0.05,0.03,-139.00,43.81,9.63,-0.13,-0.44,-0.06,6,1
1772053432.140529,2109266,0.00,0.02,-0.06,-126.50,-75.06,57.13,-1.50,0.25,0.62,0.07,-0.06,0.03,-139.00,43.81,9.63,-0.25,-0.37,0.00,7,2
1772053432.331435,2109457,0.00,0.02,-0.07,-126.44,-75.06,57.06,0.69,-0.06,-0.13,0.08,-0.03,0.01,-139.00,43.81,9.63,-0.06,-0.37,-0.25,7,2
1772053432.522093,2109648,0.04,0.01,-0.06,-126.50,-75.06,57.00,-0.31,-0.06,0.06,0.07,-0.04,0.01,-139.00,43.81,9.63,0.19,-0.37,0.00,7,1
1772053432.712939,2109839,0.04,-0.01,-0.11,-126.44,-75.06,57.06,1.31,0.13,-0.56,0.07,-0.08,0.04,-139.06,43.81,9.63,0.37,-0.56,0.56,8,1
1772053432.903526,2110029,0.00,0.03,-0.06,-126.31,-75.12,57.19,0.56,-1.00,-0.19,0.08,-0.09,0.01,-139.06,43.81,9.63,0.06,-0.13,0.37,7,2
1772053433.093757,2110220,0.00,0.04,-0.06,-126.19,-75.19,57.19,0.19,0.19,0.31,0.08,-0.06,0.02,-139.06,43.81,9.63,0.06,0.06,0.50,8,2
1772053433.284515,2110410,0.04,0.08,-0.10,-126.25,-75.12,57.19,-0.06,0.44,0.19,0.08,-0.06,0.00,-139.06,43.81,9.69,0.25,0.25,0.00,8,2
1772053433.475633,2110601,0.02,0.10,-0.06,-126.12,-75.25,57.31,0.06,-0.94,-0.56,0.10,-0.10,0.00,-139.06,43.81,9.69,0.31,0.19,-0.19,8,2
1772053433.666450,2110792,0.04,0.15,-0.09,-126.87,-75.75,58.31,6.25,-1.81,-4.12,0.10,-0.07,0.04,-139.00,43.81,9.69,-0.19,0.13,-0.94,8,2
1772053433.857135,2110983,-0.01,0.05,-0.04,-130.06,-76.75,61.25,9.50,-1.25,-6.31,0.07,-0.10,0.02,-138.94,43.69,9.81,0.50,-0.75,-0.62,8,2
1772053434.047517,2111173,-0.05,-0.06,-0.08,-136.00,-77.69,64.81,10.69,1.44,-6.81,0.11,-0.09,0.00,-139.06,43.63,9.81,0.75,-0.56,-0.75,8,2
1772053434.237969,2111363,-0.03,-0.10,-0.06,-142.12,-77.87,67.19,2.50,3.81,-2.44,0.11,-0.12,-0.06,-139.06,43.56,9.81,0.25,-0.69,-0.69,8,2
1772053434.428969,2111555,-0.13,-0.01,-0.11,-143.94,-77.25,66.94,-1.44,2.50,2.31,0.02,-0.10,0.00,-139.12,43.56,10.00,0.06,-0.19,-0.50,9,2
1772053434.619784,2111745,0.02,0.02,-0.18,-143.94,-76.75,66.06,-0.69,0.25,1.06,0.09,-0.12,-0.02,-139.12,43.63,9.63,-0.56,1.31,-0.50,9,2
1772053434.810514,2111936,0.00,0.09,-0.08,-141.19,-76.56,64.94,-5.81,-1.25,4.44,0.05,-0.07,-0.02,-139.00,43.81,9.56,-0.69,-0.62,0.06,9,2
1772053435.000918,2112127,-0.04,0.09,-0.10,-138.56,-76.37,63.75,0.37,-0.06,0.69,0.08,-0.06,-0.01,-139.00,43.75,9.88,-1.19,-0.88,0.31,9,2
1772053435.191392,2112317,0.00,0.01,-0.10,-138.37,-76.37,64.00,-0.62,-0.56,1.19,0.09,-0.06,0.07,-138.87,43.75,10.13,0.13,0.00,0.00,9,2
1772053435.382013,2112508,0.01,0.11,-0.08,-137.69,-76.31,63.50,-2.06,-0.88,0.06,0.09,-0.12,-0.01,-139.00,43.75,9.81,1.44,0.44,-0.37,8,2
1772053435.573103,2112699,0.09,-0.12,-0.12,-137.94,-76.37,63.50,-1.12,0.19,0.44,0.05,-0.09,-0.01,-139.06,43.75,9.50,0.31,-0.25,0.44,7,2
1772053435.763676,2112889,0.01,0.07,-0.10,-136.81,-76.37,63.00,1.25,0.69,-1.50,0.05,-0.12,-0.01,-139.19,43.69,9.56,-0.13,-0.37,0.19,7,1
1772053435.954488,2113080,0.04,-0.01,-0.14,-138.06,-76.50,63.63,-1.06,-1.12,0.25,0.07,-0.13,-0.02,-139.19,43.69,9.63,0.56,0.50,-0.19,6,1
1772053436.145135,2113271,0.04,0.10,-0.08,-137.00,-76.62,63.25,-0.19,-0.62,0.50,0.05,-0.11,0.00,-139.19,43.69,9.63,-0.13,-0.13,-0.25,6,1
1772053436.335703,2113462,0.02,0.05,-0.12,-136.94,-76.62,63.25,0.19,0.69,-0.44,0.06,-0.09,-0.02,-139.12,43.63,9.69,-0.13,0.13,-1.00,5,1
1772053436.526702,2113652,-0.02,-0.01,-0.11,-136.87,-76.69,63.31,-0.69,0.44,0.06,0.08,-0.10,-0.01,-139.00,43.56,9.88,0.06,0.06,-0.75,5,1
1772053436.717232,2113843,0.00,0.01,-0.17,-137.06,-76.62,63.25,-0.37,0.69,0.06,0.13,-0.07,-0.02,-138.94,43.50,9.94,-0.56,-0.13,-0.31,6,1
1772053436.907732,2114034,0.00,0.07,-0.10,-136.56,-76.62,63.13,-1.31,0.06,0.56,0.07,-0.08,-0.01,-138.87,43.50,9.94,0.37,-0.19,-0.06,6,1
1772053437.098239,2114224,-0.02,0.01,-0.08,-136.56,-76.69,63.19,2.00,-1.69,-0.50,0.12,-0.13,-0.01,-138.94,43.50,10.00,0.13,-0.50,0.00,6,1
1772053437.289346,2114415,0.01,-0.01,-0.18,-136.81,-76.75,63.31,-0.13,0.88,0.31,0.05,-0.06,-0.01,-138.94,43.50,10.00,0.25,-0.13,-0.25,6,1
1772053437.480094,2114606,-0.01,0.01,-0.12,-136.56,-76.75,63.25,0.56,-1.00,-0.19,0.08,-0.10,0.05,-138.94,43.50,10.00,0.25,0.19,-0.13,7,1
1772053437.670645,2114796,0.04,0.13,-0.16,-136.69,-76.69,63.13,-0.56,0.88,-0.44,0.10,-0.13,0.05,-138.94,43.50,10.00,-0.19,0.00,0.62,6,1
1772053437.861349,2114987,0.06,0.03,-0.16,-136.94,-76.69,63.19,-1.19,-0.37,-0.19,0.08,-0.14,0.00,-138.94,43.44,10.00,-0.50,-0.88,0.31,6,1
1772053438.051909,2115178,0.03,0.01,-0.12,-136.56,-76.81,63.31,0.25,-0.62,-0.62,0.08,-0.06,0.02,-139.00,43.38,10.13,0.06,-0.31,0.25,6,1
1772053438.242640,2115369,0.01,0.09,-0.12,-136.19,-76.87,63.31,-1.31,1.00,0.19,0.11,-0.12,0.02,-139.00,43.44,10.06,0.00,0.06,0.62,6,1
1772053438.433775,2115559,0.02,0.11,-0.17,-136.56,-76.81,63.19,-0.06,0.06,-0.25,0.13,-0.11,-0.01,-139.12,43.50,10.00,-0.06,-0.31,0.13,6,1
1772053438.624442,2115750,0.00,0.02,-0.13,-136.69,-76.75,63.25,0.25,-1.31,-0.94,0.07,-0.13,0.04,-139.12,43.44,10.06,-0.19,-0.81,0.00,6,1
1772053438.815126,2115941,-0.10,0.00,-0.07,-136.19,-76.87,63.31,-0.88,0.88,-0.19,0.12,-0.17,-0.03,-139.19,43.50,9.94,0.13,-0.31,-0.13,6,1
1772053439.005338,2116131,0.05,-0.07,-0.17,-137.87,-76.56,63.44,0.44,1.37,-0.37,0.07,-0.09,0.07,-139.25,43.56,9.81,-0.13,0.94,-1.12,7,1
1772053439.196490,2116322,-0.06,0.17,-0.02,-136.81,-76.50,62.88,-3.37,-0.37,0.88,0.07,-0.09,0.04,-139.12,43.56,9.81,-0.13,0.31,-0.50,7,1
1772053439.387017,2116513,0.01,0.03,-0.09,-136.81,-76.37,62.69,-0.31,2.19,0.00,0.04,-0.04,0.04,-139.06,43.56,9.69,0.75,0.31,-0.88,7,1
1772053439.577745,2116704,0.05,0.03,-0.11,-137.25,-76.25,62.63,1.19,1.06,0.44,0.05,-0.04,0.02,-139.12,43.63,9.56,0.00,-0.25,-0.13,7,1
1772053439.768091,2116894,0.10,0.00,-0.06,-137.12,-76.25,62.56,0.25,0.19,-0.94,0.08,-0.10,-0.02,-139.19,43.63,9.50,0.31,0.00,0.13,7,1
1772053439.958875,2117085,0.12,-0.14,-0.11,-138.00,-76.31,63.06,0.50,0.88,0.62,0.04,0.00,0.03,-139.12,43.63,9.50,-0.06,0.13,-0.25,7,1
1772053440.149708,2117276,0.00,0.16,-0.03,-136.44,-76.25,62.31,-0.06,0.44,-0.94,0.07,-0.07,0.00,-139.12,43.63,9.56,0.69,0.37,-0.44,6,1
1772053440.340540,2117466,0.06,-0.06,-0.13,-137.62,-76.25,62.75,0.37,0.88,-0.56,0.03,-0.05,0.04,-139.12,43.63,9.63,0.31,0.31,-0.50,6,1
1772053440.531093,2117657,0.00,0.11,-0.08,-136.87,-76.37,62.44,0.44,-0.06,-0.13,0.08,-0.07,0.00,-139.12,43.63,9.63,0.31,0.31,-0.31,6,1
1772053440.721696,2117848,0.22,0.01,-0.18,-137.37,-76.37,62.63,-0.31,-0.19,-0.75,0.11,-0.04,0.03,-139.06,43.63,9.63,-0.19,0.19,0.31,6,1
1772053440.912342,2118038,-0.17,0.19,-0.08,-135.87,-76.50,62.44,-2.00,-0.37,1.94,0.01,-0.06,0.00,-139.12,43.63,9.63,1.19,0.44,-0.44,6,1
1772053441.103257,2118229,-0.02,-0.07,-0.07,-135.50,-76.37,62.56,2.31,0.31,0.37,0.09,-0.02,0.09,-139.06,43.56,9.69,-0.50,0.19,-0.37,7,1
1772053441.294080,2118420,-0.03,0.10,-0.05,-135.37,-76.37,62.31,-3.81,0.94,-0.37,0.09,-0.10,0.00,-139.06,43.63,9.69,-0.13,-0.50,0.25,7,1
1772053441.484420,2118610,0.05,0.03,-0.16,-136.44,-76.19,62.19,1.69,2.62,-1.69,0.05,-0.08,0.01,-139.06,43.56,9.69,0.25,0.13,-0.13,8,1
1772053441.675295,2118801,-0.02,0.02,-0.09,-137.25,-76.25,62.63,-0.81,-0.31,-0.75,0.11,-0.08,0.00,-139.12,43.56,9.56,0.62,0.62,-0.06,8,1
1772053441.864836,2118991,0.00,0.10,-0.08,-137.62,-76.37,62.69,-0.31,0.56,-1.37,0.13,-0.01,0.12,-139.25,43.63,9.25,1.94,1.44,-1.06,9,1
1772053442.055723,2119182,-0.21,-0.44,-0.05,-138.06,-76.25,61.88,-15.19,5.12,4.81,0.15,-0.10,0.03,-139.37,43.75,8.00,5.00,2.50,-3.87,8,1
1772053442.247176,2119373,0.11,0.00,0.00,-133.25,-73.19,53.44,-31.06,14.50,20.06,0.01,-0.10,-0.04,-139.31,43.81,6.37,6.50,6.75,-5.50,7,1
1772053442.437786,2119564,0.18,0.04,-0.02,-125.31,-68.81,42.25,-28.00,8.69,22.44,0.11,-0.06,0.07,-138.75,44.31,3.81,7.69,10.25,-7.56,7,1
1772053442.628266,2119754,0.18,0.14,0.08,-116.31,-64.00,30.25,-35.56,4.56,26.44,-0.05,-0.06,-0.05,-137.94,44.75,1.12,8.38,10.44,-7.75,7,1
1772053442.818023,2119944,0.21,0.49,0.04,-108.87,-60.50,19.56,-27.00,3.00,9.88,-0.01,-0.12,-0.16,-137.37,45.38,358.31,4.81,7.56,-3.19,7,1
1772053443.009296,2120135,0.16,0.31,-0.06,-106.25,-58.81,15.50,2.94,-1.06,-3.25,-0.01,-0.08,-0.08,-137.25,45.69,357.25,-1.87,-0.62,1.81,7,1
1772053443.200429,2120326,0.11,0.01,0.00,-107.75,-60.19,19.75,23.56,-10.63,-12.44,0.05,-0.14,-0.17,-137.62,45.56,358.62,-8.25,-8.88,5.62,7,1
1772053443.391662,2120517,-0.03,-0.38,-0.03,-110.19,-62.88,27.50,20.87,-10.19,-8.13,-0.06,-0.13,-0.18,-138.19,44.69,2.75,-15.38,-15.13,10.44,8,1
1772053443.581720,2120708,-0.03,0.01,0.05,-112.12,-64.87,35.13,38.00,-11.75,-7.81,0.17,-0.11,0.05,-138.37,44.31,7.62,-18.81,-12.25,12.50,9,1
1772053443.771374,2120897,-0.02,-0.03,0.07,-116.81,-66.56,45.19,38.94,-6.31,-4.44,0.22,0.00,0.31,-138.00,44.56,11.94,-14.13,-7.75,8.94,9,1
1772053443.962116,2121088,0.21,0.10,0.12,-123.31,-67.37,52.75,18.19,0.81,-4.12,0.14,0.04,0.33,-137.06,45.06,14.13,-1.37,-1.69,4.19,10,1
1772053444.153702,2121280,-0.11,0.08,0.06,-128.31,-67.94,56.31,8.56,11.94,-12.06,0.20,0.01,0.15,-137.56,45.25,13.44,5.94,-1.56,-1.56,9,2
1772053444.344464,2121470,0.13,-0.14,-0.12,-139.06,-67.44,58.25,-4.37,20.50,-14.63,0.03,0.00,0.00,-138.50,45.13,10.75,15.06,6.69,-7.62,9,2
1772053444.535064,2121661,0.12,-0.14,-0.22,-146.37,-66.50,57.00,-18.00,12.63,-11.19,0.04,-0.28,-0.31,-139.69,45.13,6.50,12.38,4.12,-7.44,8,2
1772053444.725031,2121851,0.11,-0.11,-0.12,-150.37,-65.69,54.38,-9.25,9.13,-10.56,-0.14,-0.11,-0.30,-140.87,44.50,4.44,5.37,0.50,-3.87,8,1
1772053444.916708,2122042,-0.06,-0.28,-0.03,-153.19,-66.00,55.06,1.62,-3.06,-3.25,0.02,-0.11,-0.08,-141.50,44.19,3.87,-1.12,0.31,-0.31,8,2
1772053445.107165,2122233,0.08,-0.09,0.00,-153.69,-66.25,55.63,-2.12,0.13,2.25,0.00,0.05,0.00,-141.00,44.25,4.19,0.00,3.37,-1.69,8,2
1772053445.298137,2122424,0.03,0.16,0.02,-151.25,-66.19,54.06,-1.81,-3.12,6.12,0.08,-0.04,-0.04,-140.50,44.38,4.87,-7.06,-4.00,3.06,8,1
1772053445.488464,2122614,-0.09,0.32,0.02,-149.06,-66.19,54.38,15.56,-2.31,-1.12,-0.08,0.04,0.07,-140.31,44.31,6.62,-2.00,-0.69,0.00,7,1
1772053445.678897,2122805,-0.07,0.00,0.01,-154.06,-67.00,61.13,27.00,-4.00,-3.37,0.04,0.12,0.23,-139.87,44.38,7.44,-0.25,-0.13,0.06,8,2
1772053445.869907,2122996,-0.07,0.08,-0.04,-159.37,-68.44,67.62,14.44,-4.44,-10.00,0.04,-0.05,0.03,-140.00,44.25,7.56,1.00,-2.87,-0.44,8,1
1772053446.061358,2123187,-0.03,-0.14,0.04,-165.69,-69.31,72.87,11.44,-1.56,-8.94,-0.02,-0.02,-0.08,-140.56,43.81,7.69,1.87,-1.25,-1.12,9,1
1772053446.251814,2123377,-0.10,-0.26,-0.07,-170.56,-69.87,76.50,0.88,-1.50,-0.50,0.00,-0.11,-0.22,-140.94,43.63,7.50,-0.56,-0.75,-0.25,9,1
1772053446.441884,2123568,-0.03,0.00,-0.01,-170.81,-69.94,76.56,1.56,-2.12,3.06,0.02,-0.10,-0.13,-140.87,43.63,7.94,-5.00,-2.19,2.75,8,1
1772053446.631430,2123757,0.00,0.11,-0.03,-169.81,-70.06,77.25,9.81,-1.75,1.75,0.11,0.00,0.09,-140.69,43.56,9.50,-4.06,-2.06,1.62,9,1
1772053446.822640,2123949,0.02,-0.13,-0.03,-170.19,-70.06,78.50,-7.75,0.50,1.75,0.09,0.03,0.10,-140.19,43.75,9.56,2.19,3.25,-1.75,8,1
1772053447.014269,2124140,0.18,-0.20,-0.16,-166.62,-70.06,74.50,-16.44,-3.81,-1.94,0.00,-0.03,-0.06,-140.25,44.00,8.56,2.44,0.19,0.06,7,1
1772053447.205031,2124331,0.04,0.28,-0.04,-161.56,-71.25,68.00,-21.44,-9.13,2.06,-0.03,-0.06,-0.14,-140.37,43.88,8.00,1.62,2.00,-2.00,7,1
1772053447.395194,2124521,-0.04,0.07,0.03,-155.12,-73.12,65.31,-2.62,-12.31,1.00,0.03,0.00,0.00,-140.12,44.06,7.56,0.37,1.75,-0.88,7,1
1772053447.585868,2124712,-0.07,0.15,0.02,-150.44,-75.12,64.94,-1.62,-12.31,0.94,0.03,-0.02,-0.02,-139.94,44.19,7.44,-0.19,1.00,-0.31,7,1
1772053447.777147,2124903,-0.11,0.07,0.08,-147.94,-76.94,66.06,5.87,-7.25,-3.37,0.01,-0.01,-0.06,-139.87,44.25,7.44,-0.69,-1.00,-0.06,7,2
1772053447.967803,2125094,-0.13,-0.01,0.03,-149.75,-77.87,68.19,6.81,-0.06,-2.44,0.04,0.00,-0.02,-139.94,44.06,8.06,-1.50,-1.69,0.75,7,1
1772053448.158265,2125284,-0.07,-0.14,-0.03,-154.19,-77.62,70.12,4.75,5.31,-2.12,0.04,-0.03,0.00,-139.81,44.00,8.19,0.81,1.19,-1.19,9,3
1772053448.348611,2125475,-0.02,-0.06,-0.08,-157.19,-76.69,70.31,-1.81,5.69,1.06,0.07,-0.03,-0.03,-139.75,43.94,8.06,0.13,0.19,-1.56,9,3
1772053448.539225,2125665,0.04,0.12,-0.02,-156.06,-75.81,68.75,-5.56,1.19,1.94,0.05,-0.01,-0.05,-139.69,43.88,8.13,-0.13,-0.25,0.06,10,3
1772053448.730554,2125856,-0.01,-0.05,-0.04,-155.31,-75.62,68.25,1.62,1.31,-0.50,0.03,-0.02,0.00,-139.69,43.88,8.13,0.31,0.13,-0.25,9,3
1772053448.921360,2126047,-0.02,0.02,-0.06,-155.25,-75.56,68.00,-1.44,-0.69,1.19,0.04,-0.03,-0.02,-139.69,43.94,8.13,0.13,0.56,-0.37,8,2
1772053449.111830,2126238,-0.03,0.06,-0.04,-154.06,-75.44,67.31,-1.69,0.44,0.75,0.02,-0.05,-0.01,-139.69,43.94,8.13,-0.13,0.19,0.00,8,3
1772053449.302537,2126429,-0.03,0.05,-0.07,-153.50,-75.37,67.00,-0.75,-0.25,0.75,0.02,-0.04,0.00,-139.69,43.94,8.13,0.00,0.19,0.56,7,2
1772053449.492842,2126619,0.00,0.12,-0.01,-152.62,-75.31,66.44,-1.69,0.19,0.00,0.05,-0.07,-0.04,-139.69,43.94,8.13,0.37,-0.13,-0.06,7,2
1772053449.683847,2126810,-0.02,-0.06,-0.04,-153.00,-75.31,66.62,0.50,0.31,-0.75,0.05,-0.04,0.00,-139.69,43.94,8.13,0.00,0.06,0.19,6,2
1772053449.874809,2127001,0.00,0.04,-0.06,-152.94,-75.25,66.62,-0.06,0.94,0.50,0.05,-0.04,-0.01,-139.69,43.94,8.06,0.19,-0.31,0.50,7,2
1772053450.065240,2127191,0.00,0.05,-0.07,-153.12,-75.19,66.62,0.31,0.31,-0.19,0.03,-0.07,-0.04,-139.69,43.94,8.06,0.13,-0.19,0.25,6,1
1772053450.255854,2127382,0.00,0.04,-0.06,-153.19,-75.12,66.56,-0.19,0.56,0.19,0.04,-0.09,-0.02,-139.75,44.00,8.06,0.31,-0.50,0.75,6,1
1772053450.446617,2127573,0.05,0.08,-0.07,-153.19,-75.00,66.44,0.56,0.69,-0.06,0.07,-0.10,-0.05,-139.81,44.00,8.00,-0.31,-0.62,0.50,6,1
1772053450.637351,2127763,0.01,0.00,-0.11,-153.44,-75.00,66.62,0.37,-0.44,-0.50,0.05,-0.05,-0.01,-139.81,44.00,8.00,0.19,0.31,0.19,8,1
1772053450.828437,2127954,-0.05,0.07,-0.06,-153.25,-75.12,66.56,-0.50,0.19,0.06,0.05,-0.08,0.00,-139.81,44.00,8.00,-0.19,-0.25,-0.19,8,1
1772053451.018972,2128145,-0.01,0.03,-0.11,-153.37,-75.00,66.56,-0.62,0.56,0.37,0.09,-0.08,-0.05,-139.81,44.00,8.06,-0.88,-0.37,-0.31,8,1
1772053451.209278,2128335,0.00,0.06,-0.08,-153.25,-75.00,66.44,-0.37,-0.06,0.25,0.07,-0.02,0.01,-139.81,44.00,8.06,0.00,-0.19,0.00,8,1
1772053451.399967,2128526,0.01,0.05,-0.08,-153.25,-75.00,66.44,0.62,-0.56,0.06,0.04,-0.05,-0.01,-139.81,44.00,8.06,0.06,-0.25,0.06,7,1
1772053451.590827,2128717,0.00,0.00,-0.06,-153.31,-75.00,66.44,0.13,-0.06,0.19,0.05,-0.03,-0.02,-139.81,44.00,8.06,-0.06,-0.13,0.19,7,1
1772053451.781651,2128908,-0.01,0.10,-0.10,-153.25,-75.00,66.37,0.13,0.81,-0.13,0.05,-0.04,0.01,-139.81,44.00,8.06,0.13,0.19,0.31,6,1
1772053451.972138,2129098,0.01,0.10,-0.12,-153.31,-74.94,66.31,-0.50,-0.06,-0.56,0.04,-0.02,0.00,-139.81,43.94,8.13,0.06,0.06,0.25,7,1
1772053452.162849,2129289,0.02,0.07,-0.11,-153.31,-74.94,66.25,-0.56,-0.06,0.25,0.02,-0.05,-0.02,-139.81,43.94,8.13,0.37,0.13,0.00,6,1
1772053452.353357,2129480,-0.01,0.06,-0.09,-153.37,-74.94,66.31,-0.37,0.31,-0.50,0.02,-0.02,0.00,-139.81,43.94,8.13,0.19,0.13,-0.13,7,1
1772053452.544118,2129670,0.01,0.09,-0.09,-153.37,-74.94,66.25,-1.06,0.25,0.25,0.04,-0.04,0.00,-139.81,43.94,8.13,-0.06,-0.19,0.19,7,1
1772053452.735010,2129861,0.02,0.05,-0.12,-153.31,-74.94,66.19,0.69,0.19,-0.31,0.04,-0.05,-0.01,-139.81,43.94,8.13,0.19,-0.06,0.31,7,1
1772053452.925779,2130052,-0.02,0.07,-0.12,-153.31,-75.00,66.25,0.50,-0.69,-0.62,0.05,-0.08,-0.01,-139.81,44.00,8.13,0.25,0.06,0.19,8,1
1772053453.116464,2130242,0.00,0.11,-0.09,-153.12,-75.06,66.19,-0.06,-0.37,0.37,0.06,-0.09,-0.06,-139.81,44.00,8.13,-0.19,-0.13,0.25,9,1
1772053453.306956,2130433,0.00,0.06,-0.13,-153.25,-75.06,66.19,0.19,-0.19,-0.69,0.04,-0.06,-0.02,-139.81,44.00,8.13,0.06,0.37,-0.13,9,1
1772053453.497729,2130624,0.01,0.09,-0.10,-153.25,-75.06,66.25,-0.81,-0.13,0.13,0.06,-0.10,0.00,-139.81,44.00,8.13,-0.06,0.00,-0.37,10,2
1772053453.688665,2130815,0.00,0.07,-0.11,-153.25,-75.12,66.25,0.00,-0.19,-0.19,0.11,-0.10,-0.03,-139.69,43.88,8.25,-1.12,-0.44,-1.00,9,2
1772053453.879104,2131005,-0.04,0.10,-0.09,-153.06,-75.19,66.19,-0.88,0.13,0.13,0.11,-0.09,-0.03,-139.56,43.81,8.44,0.00,-0.13,-0.62,8,2
1772053454.069564,2131196,0.03,0.07,-0.10,-153.06,-75.06,66.12,0.31,0.94,0.25,0.07,-0.12,-0.05,-139.50,43.75,8.50,-0.06,0.19,-0.62,8,2
1772053454.260298,2131386,0.00,0.03,-0.12,-153.12,-75.06,66.12,0.44,-0.56,0.19,0.09,-0.10,-0.02,-139.50,43.69,8.56,-0.13,0.06,-0.44,7,2
1772053454.451000,2131577,0.00,0.10,-0.10,-153.06,-75.06,66.06,0.00,0.25,-0.06,0.07,-0.11,-0.03,-139.44,43.69,8.56,-0.19,-0.06,-0.44,7,2
1772053454.641863,2131768,0.03,0.02,-0.13,-153.25,-75.06,66.12,0.25,-0.25,-0.75,0.06,-0.12,-0.01,-139.44,43.69,8.63,0.44,-0.06,-0.13,7,2
1772053454.832234,2131958,0.04,0.10,-0.15,-153.19,-75.06,66.06,-0.13,0.31,0.13,0.08,-0.11,0.00,-139.44,43.69,8.63,-0.13,0.19,-0.13,7,2
1772053455.023000,2132149,0.01,0.08,-0.13,-153.25,-75.06,66.06,-0.31,0.19,-0.62,0.05,-0.11,-0.01,-139.44,43.69,8.63,0.31,0.31,-0.31,7,2
1772053455.213515,2132340,0.03,0.11,-0.15,-153.25,-75.06,66.00,-0.62,0.19,0.19,0.08,-0.13,0.00,-139.44,43.69,8.63,-0.06,-0.13,0.06,8,2
1772053455.404504,2132531,-0.01,0.08,-0.19,-153.19,-75.06,66.00,0.19,0.06,-0.13,0.05,-0.09,-0.02,-139.44,43.69,8.69,-0.19,-0.88,0.31,7,1
1772053455.595253,2132721,-0.02,0.02,-0.14,-153.12,-75.12,66.06,-0.19,-0.56,-0.06,0.08,-0.11,0.00,-139.44,43.63,8.69,0.31,-0.56,0.56,8,1
1772053455.785654,2132912,0.02,0.00,-0.13,-153.25,-75.12,66.12,0.88,-0.25,0.19,0.08,-0.12,-0.03,-139.50,43.63,8.69,0.19,-0.13,0.37,8,1
1772053455.976674,2133103,-0.02,0.02,-0.11,-153.19,-75.06,66.06,-0.25,-0.19,0.75,0.09,-0.13,-0.02,-139.50,43.63,8.69,-0.06,0.06,0.44,8,1
1772053456.167257,2133293,0.04,0.08,-0.12,-153.06,-74.94,65.87,0.44,0.19,-0.19,0.11,-0.15,-0.03,-139.50,43.63,8.63,-0.06,-0.13,-0.06,7,1
1772053456.357803,2133484,0.05,0.05,-0.09,-153.00,-74.87,65.81,0.19,-0.94,-0.37,0.07,-0.15,0.01,-139.56,43.69,8.56,0.56,-0.25,0.06,7,1
1772053456.548858,2133675,0.04,0.07,-0.08,-152.87,-74.94,65.87,0.88,-0.50,-0.19,0.11,-0.10,-0.02,-139.69,43.75,8.44,-0.50,-0.37,-0.31,7,1
1772053456.739114,2133865,0.03,0.00,-0.14,-153.00,-74.94,66.00,-0.31,0.13,-0.19,0.06,-0.11,-0.02,-139.69,43.69,8.44,0.37,0.31,-1.06,6,1
1772053456.929849,2134056,0.03,0.08,-0.11,-152.75,-74.94,65.87,-0.94,0.75,0.37,0.09,-0.10,-0.02,-139.62,43.63,8.44,-0.19,0.00,-0.94,7,1
1772053457.120423,2134247,0.00,0.04,-0.13,-152.75,-74.87,65.81,0.25,-0.31,-0.69,0.08,-0.11,0.02,-139.62,43.63,8.44,0.31,-0.06,-0.37,7,1
1772053457.311215,2134437,0.00,0.06,-0.13,-152.69,-74.94,65.81,0.13,0.00,-0.13,0.11,-0.07,0.00,-139.62,43.63,8.44,-0.13,-0.13,-0.31,7,1
1772053457.502317,2134628,0.00,0.04,-0.12,-152.81,-74.94,65.87,-0.62,-0.25,-0.69,0.08,-0.07,0.03,-139.62,43.63,8.44,-0.06,-0.06,-0.50,7,1
1772053457.692553,2134819,0.00,0.11,-0.09,-152.62,-74.94,65.75,-1.12,0.00,0.50,0.08,-0.06,-0.02,-139.62,43.63,8.44,0.25,0.00,-0.44,8,1
1772053457.883016,2135009,0.00,0.04,-0.09,-152.62,-74.94,65.69,-0.25,0.56,0.31,0.08,-0.05,0.00,-139.56,43.63,8.44,0.13,-0.06,0.00,8,2
1772053458.073910,2135200,-0.02,0.08,-0.13,-152.69,-75.00,65.69,-0.81,0.19,0.31,0.06,-0.09,0.02,-139.56,43.63,8.44,0.25,-0.37,0.06,9,2
1772053458.264702,2135391,0.04,0.02,-0.12,-152.87,-74.94,65.75,0.00,0.37,0.00,0.07,-0.06,0.00,-139.56,43.63,8.44,-0.13,-0.06,-0.06,8,2
1772053458.455296,2135582,0.00,0.06,-0.09,-152.87,-74.94,65.75,-0.88,-0.37,0.44,0.10,-0.07,0.03,-139.56,43.63,8.44,0.13,-0.13,0.37,8,2
1772053458.645974,2135772,0.03,0.06,-0.11,-152.87,-74.94,65.69,0.94,0.00,-0.25,0.11,-0.12,0.00,-139.56,43.63,8.44,0.31,0.00,-0.13,7,2
1772053458.836773,2135963,0.01,0.02,-0.07,-153.06,-75.00,65.81,0.44,-0.25,0.00,0.08,-0.12,-0.01,-139.62,43.63,8.50,-0.25,-0.31,0.31,6,1
1772053459.027376,2136154,0.01,0.05,-0.15,-153.19,-74.94,65.87,0.94,0.75,-1.12,0.08,-0.11,0.00,-139.62,43.63,8.50,-0.31,-0.62,0.25,6,1
1772053459.218528,2136345,0.02,0.03,-0.13,-153.50,-74.94,66.06,0.44,-0.44,0.00,0.11,-0.13,-0.02,-139.62,43.63,8.50,0.13,0.44,-0.13,6,1
1772053459.408932,2136535,0.00,0.09,-0.10,-153.37,-74.94,65.87,-0.19,0.13,0.19,0.12,-0.15,-0.03,-139.62,43.63,8.50,-0.25,0.50,-0.31,7,1
1772053459.599613,2136726,0.03,0.05,-0.15,-153.50,-74.87,65.87,-0.37,-0.62,-0.13,0.08,-0.14,0.01,-139.50,43.56,8.63,0.13,0.31,-0.44,7,1
1772053459.790406,2136917,0.06,0.14,-0.12,-153.12,-74.87,65.69,-0.31,0.31,0.25,0.10,-0.12,-0.01,-139.50,43.56,8.69,-0.13,0.06,-0.44,7,1
1772053459.981189,2137107,0.02,0.03,-0.14,-153.19,-74.94,65.75,-0.81,-1.00,-0.31,0.10,-0.12,0.02,-139.50,43.56,8.69,0.13,-0.06,-0.31,8,1
1772053460.171981,2137298,0.01,0.12,-0.10,-152.62,-75.06,65.50,-1.00,-0.25,0.50,0.08,-0.06,0.01,-139.50,43.56,8.69,-0.13,0.00,-0.25,9,1
1772053460.362673,2137489,-0.01,0.10,-0.12,-152.56,-75.06,65.44,-0.13,-0.56,-0.81,0.09,-0.10,0.01,-139.50,43.56,8.69,0.13,0.31,0.50,9,1
1772053460.553116,2137680,0.07,0.15,-0.14,-152.75,-75.00,65.44,-0.37,0.69,0.13,0.08,-0.10,0.00,-139.50,43.50,8.69,0.31,-0.31,0.25,9,1
1772053460.744115,2137870,0.03,0.06,-0.14,-153.25,-75.06,65.69,0.75,-0.31,-0.88,0.09,-0.10,-0.01,-139.50,43.50,8.69,-0.13,-0.37,0.13,8,1
1772053460.933690,2138060,0.00,0.07,-0.12,-153.31,-75.12,65.75,-1.31,-0.31,0.44,0.08,-0.11,0.00,-139.50,43.50,8.69,0.00,0.19,0.13,9,3
1772053461.125122,2138251,0.01,0.13,-0.13,-153.19,-75.12,65.62,-0.19,0.13,0.25,0.07,-0.09,0.00,-139.50,43.50,8.69,-0.81,-1.00,0.19,9,3
1772053461.315947,2138442,0.02,0.09,-0.13,-153.00,-75.06,65.50,-0.25,-0.56,0.06,0.11,-0.05,0.00,-139.50,43.50,8.75,0.06,-0.75,0.25,8,2
1772053461.506883,2138633,0.00,0.07,-0.13,-153.00,-75.00,65.50,1.12,-0.13,-0.37,0.08,-0.12,-0.02,-139.62,43.44,8.81,0.25,-0.56,0.69,8,3
1772053461.697282,2138824,0.00,0.04,-0.07,-152.81,-75.06,65.56,0.00,-0.88,0.37,0.09,-0.10,-0.01,-139.62,43.44,8.81,0.19,-0.13,0.50,8,2
1772053461.887943,2139014,0.02,0.13,-0.06,-152.62,-75.06,65.37,-0.06,-0.25,0.13,0.10,-0.12,0.04,-139.62,43.44,8.81,0.06,-0.06,0.13,8,3
1772053462.079107,2139205,-0.01,0.10,-0.06,-152.56,-75.00,65.31,0.44,-0.81,-0.75,0.08,-0.16,0.04,-139.62,43.44,8.81,0.37,-0.31,0.31,8,2
1772053462.269756,2139396,0.00,0.08,-0.04,-152.37,-75.06,65.31,0.37,-0.25,0.19,0.11,-0.12,0.00,-139.62,43.44,8.81,-0.13,-0.56,-0.25,9,2
1772053462.460246,2139587,0.00,0.03,-0.10,-152.56,-75.06,65.44,0.19,0.31,-0.31,0.07,-0.08,0.00,-139.56,43.38,8.94,-0.19,0.62,-1.06,9,2
1772053462.649884,2139776,0.00,0.09,-0.05,-152.19,-75.06,65.25,-1.62,-0.44,0.56,0.12,-0.13,-0.01,-139.37,43.31,9.06,0.00,0.31,-0.81,10,2
1772053462.840944,2139967,-0.01,0.12,-0.07,-152.06,-75.06,65.19,-0.25,-0.25,0.31,0.10,-0.08,0.00,-139.31,43.25,9.19,0.19,0.37,-0.31,9,1
1772053463.032178,2140159,-0.04,0.12,-0.09,-152.00,-75.12,65.19,-0.25,0.62,0.31,0.09,-0.14,0.00,-139.31,43.25,9.19,0.06,-0.44,0.00,9,1
1772053463.223159,2140349,0.00,0.03,-0.05,-152.44,-75.00,65.31,0.31,0.50,-0.62,0.13,-0.13,0.03,-139.31,43.25,9.19,0.06,0.00,-0.06,8,1
1772053463.414084,2140540,0.02,0.04,-0.07,-152.62,-75.00,65.37,-1.19,0.06,0.19,0.14,-0.14,0.01,-139.31,43.25,9.19,-0.06,0.00,-0.19,8,2
1772053463.604841,2140731,0.02,0.08,-0.04,-152.56,-75.00,65.25,0.37,-0.56,-0.06,0.10,-0.09,-0.02,-139.37,43.25,9.13,-0.75,-0.69,0.06,8,2
1772053463.795382,2140922,-0.05,0.04,-0.06,-152.56,-75.06,65.31,-0.31,-0.19,0.13,0.13,-0.09,0.02,-139.37,43.31,9.00,-0.06,-0.44,0.00,7,2
1772053463.986513,2141113,0.00,0.10,-0.08,-152.62,-75.06,65.31,1.06,0.13,-0.06,0.11,-0.11,-0.02,-139.44,43.38,8.88,-0.13,-0.50,0.31,8,2
1772053464.176749,2141303,0.00,0.01,-0.06,-152.81,-75.12,65.50,0.37,-0.75,0.37,0.11,-0.10,0.01,-139.50,43.44,8.75,0.13,-0.13,0.37,8,2
1772053464.367718,2141494,-0.01,0.12,-0.04,-152.69,-75.12,65.37,-0.19,0.19,0.00,0.10,-0.07,0.00,-139.56,43.50,8.63,0.06,0.13,0.50,8,2
1772053464.558588,2141685,0.01,0.15,-0.10,-152.75,-75.06,65.37,-0.19,0.00,-0.56,0.06,-0.08,0.00,-139.62,43.56,8.56,-0.06,0.19,0.62,8,2
1772053464.749513,2141876,0.06,0.14,-0.06,-152.75,-75.12,65.31,0.37,-0.25,-0.25,0.08,-0.15,0.00,-139.62,43.56,8.50,0.06,-0.44,0.25,8,2
1772053464.941715,2142068,0.00,0.08,-0.07,-153.12,-75.12,65.62,0.62,-0.44,-0.81,0.08,-0.11,-0.01,-139.56,43.56,8.56,-0.37,-0.19,0.00,8,2
1772053465.131507,2142258,-0.02,0.10,-0.04,-153.31,-75.19,65.69,-1.19,0.56,0.31,0.06,-0.11,-0.01,-139.56,43.50,8.63,-0.06,0.37,-0.75,8,2
1772053465.322867,2142449,0.00,0.06,-0.08,-153.37,-75.12,65.56,-0.50,-0.19,0.13,0.13,-0.10,-0.03,-139.44,43.50,8.69,-0.75,0.06,-0.50,8,1
1772053465.514401,2142641,-0.01,0.14,-0.02,-153.19,-75.12,65.44,-0.56,0.19,0.19,0.12,-0.10,0.00,-139.31,43.44,8.75,0.25,0.50,-0.44,8,1
1772053465.705816,2142832,0.00,0.13,-0.06,-153.31,-75.12,65.56,0.94,0.06,-0.06,0.09,-0.13,0.00,-139.31,43.44,8.75,0.06,0.06,-0.25,8,1
1772053465.897412,2143024,0.00,0.06,-0.06,-153.37,-75.12,65.62,-0.25,-0.37,0.13,0.07,-0.10,-0.02,-139.31,43.44,8.75,0.13,0.25,-0.31,8,1
1772053466.088136,2143215,0.01,0.09,-0.03,-153.31,-75.19,65.50,0.06,-0.31,0.00,0.12,-0.09,0.01,-139.31,43.44,8.75,0.00,0.37,-0.62,8,1
1772053466.280718,2143407,0.04,0.09,-0.07,-153.37,-75.12,65.44,0.13,-0.06,0.06,0.06,-0.10,0.01,-139.31,43.44,8.75,0.37,0.13,-0.19,6,1
1772053466.472833,2143600,0.03,0.16,-0.02,-153.25,-75.12,65.31,-1.25,0.37,0.31,0.11,-0.09,0.00,-139.37,43.44,8.69,0.56,0.44,-0.50,6,1
1772053466.665113,2143792,0.01,0.12,-0.10,-153.44,-75.19,65.12,-1.19,0.56,-0.88,0.07,-0.07,-0.01,-139.44,43.44,8.38,1.56,1.19,-1.06,6,1
1772053466.856068,2143983,0.01,0.16,-0.04,-153.25,-75.12,64.75,-1.00,0.44,-0.44,0.07,-0.12,-0.05,-139.50,43.44,8.13,0.06,-0.19,0.13,7,2
1772053467.048345,2144175,0.00,0.02,-0.10,-153.44,-75.19,65.06,1.81,-0.56,0.06,0.09,-0.06,-0.02,-139.50,43.44,8.19,-1.12,-0.81,0.50,8,3
1772053467.238695,2144365,-0.02,0.15,-0.04,-153.00,-75.19,64.87,-1.94,0.94,0.50,0.08,-0.05,0.02,-139.50,43.44,8.19,-0.13,0.44,0.25,8,2
1772053467.430060,2144557,0.15,0.06,-0.03,-152.94,-75.00,64.75,0.31,1.75,1.19,0.04,-0.07,0.05,-139.56,43.50,8.00,-1.31,-0.62,0.88,7,2
1772053467.620916,2144747,0.04,0.10,-0.18,-153.12,-74.81,64.62,0.56,2.56,-0.81,0.00,-0.11,-0.05,-139.75,43.69,7.69,-0.44,-0.62,-0.50,6,2
1772053467.810463,2144937,-0.06,0.05,-0.04,-153.37,-74.94,65.00,2.31,-4.37,0.88,0.06,-0.14,-0.12,-139.75,43.63,8.19,-4.81,-3.94,2.94,6,2
1772053468.001507,2145128,0.02,0.10,-0.04,-152.81,-75.06,66.25,13.06,-0.75,0.37,0.05,-0.08,-0.05,-139.94,43.44,10.19,-7.62,-5.69,5.94,6,3
1772053468.192028,2145318,-0.06,0.03,-0.12,-153.75,-75.12,68.87,8.56,-0.94,4.62,0.18,-0.13,0.03,-139.94,43.44,12.25,-7.94,-5.69,6.12,7,3
1772053468.383271,2145510,0.08,0.17,-0.13,-152.25,-74.69,69.94,10.63,-1.94,3.69,0.17,-0.01,0.14,-139.87,43.50,14.31,-6.81,-5.12,5.06,7,3
1772053468.573481,2145700,-0.05,-0.08,-0.04,-151.94,-74.87,71.56,0.75,-1.81,-0.06,0.11,0.05,0.18,-139.50,43.69,14.81,3.44,2.75,-3.00,7,3
1772053468.762768,2145890,-0.09,0.20,0.03,-149.94,-74.94,69.50,-11.13,1.06,1.69,0.11,-0.04,0.14,-139.31,44.00,12.94,7.62,6.62,-5.56,7,2
1772053468.954431,2146081,0.08,0.18,-0.04,-148.69,-74.37,66.19,-15.25,2.00,-3.31,0.06,-0.07,0.01,-139.44,44.25,10.06,10.94,6.62,-6.69,7,1
1772053469.145419,2146272,-0.04,-0.02,-0.04,-149.25,-74.44,63.75,-12.75,3.06,-5.56,0.00,-0.04,-0.03,-139.69,44.38,6.94,11.19,7.31,-7.75,9,2
1772053469.336981,2146463,0.03,-0.03,-0.06,-150.94,-74.31,61.31,-14.56,2.81,-4.75,0.00,-0.05,-0.07,-139.75,44.50,3.69,10.81,8.69,-8.25,9,2
1772053469.527562,2146654,0.03,0.04,-0.06,-151.37,-74.31,58.63,-13.31,1.56,-3.62,-0.03,-0.11,-0.28,-139.87,44.63,0.94,5.56,3.50,-3.81,10,2
1772053469.718150,2146845,0.03,-0.14,0.01,-151.75,-74.50,57.75,-0.37,-1.81,-4.00,-0.06,-0.06,-0.18,-140.19,44.38,0.31,1.00,0.06,-0.56,10,2
1772053469.909083,2147035,-0.03,-0.04,-0.03,-152.37,-74.81,58.44,3.00,0.88,2.19,-0.03,-0.02,-0.10,-140.25,44.38,0.81,-4.37,-2.75,3.12,9,1
1772053470.099230,2147226,0.07,0.23,-0.05,-151.75,-74.56,59.31,16.44,-1.19,1.81,-0.06,-0.11,-0.16,-140.62,44.00,3.37,-13.69,-12.00,9.88,9,1
1772053470.290840,2147417,-0.08,-0.28,0.01,-153.94,-74.94,64.75,24.44,-3.06,1.50,0.07,0.04,0.11,-140.69,43.56,7.81,-11.50,-7.94,8.19,8,1
1772053470.481430,2147608,0.01,-0.02,-0.12,-154.69,-74.94,67.81,4.37,-0.19,7.31,0.16,0.07,0.26,-140.12,43.88,10.06,-6.00,-1.75,4.00,7,1
1772053470.672238,2147799,0.04,0.33,-0.01,-149.94,-74.37,66.06,-5.94,-0.69,3.50,0.06,0.05,0.07,-139.56,44.19,10.31,0.69,0.75,-1.25,8,1
1772053470.862642,2147989,-0.09,0.05,0.05,-148.31,-74.31,64.87,-0.56,-0.13,-3.69,0.11,-0.02,0.00,-139.69,44.06,9.81,3.94,2.12,-2.62,8,1
1772053471.052766,2148179,0.01,-0.01,-0.01,-150.19,-74.37,64.69,-6.00,2.31,-2.25,-0.02,0.00,0.00,-139.81,44.13,8.50,4.94,3.06,-3.19,6,1
1772053471.244705,2148371,0.02,0.01,-0.07,-151.00,-74.31,63.69,-6.44,2.25,-2.62,0.00,-0.03,-0.01,-139.94,44.19,7.06,4.50,3.25,-3.00,6,1
1772053471.436146,2148563,-0.01,0.00,0.04,-151.69,-74.25,62.69,-7.06,-0.75,-2.31,0.00,0.00,-0.07,-140.00,44.19,5.81,4.12,2.56,-2.87,6,1
1772053471.627861,2148754,-0.03,0.04,-0.01,-151.69,-74.25,61.63,-5.81,2.37,-2.06,0.02,-0.04,-0.12,-140.12,44.31,4.62,2.87,1.75,-1.69,6,1
1772053471.817246,2148944,0.09,0.08,-0.01,-152.56,-74.06,61.31,1.19,-0.56,-1.06,-0.05,0.00,-0.13,-140.31,44.19,4.62,-1.69,-2.50,2.00,6,1
1772053472.007457,2149134,-0.01,-0.14,0.01,-153.37,-74.44,62.75,4.50,-0.44,-1.87,-0.03,-0.05,-0.02,-140.50,44.06,5.19,-0.62,-0.81,0.56,5,1
1772053472.200590,2149327,0.03,-0.16,-0.03,-154.56,-74.44,63.63,-1.44,-0.06,2.62,0.03,0.05,0.07,-140.50,44.19,5.19,-0.25,0.75,0.94,7,1
1772053472.391979,2149519,0.03,0.14,-0.01,-152.87,-74.19,62.25,-3.12,1.19,-0.75,0.00,0.00,-0.02,-140.50,44.31,4.75,1.37,1.00,-0.56,8,1
1772053472.582741,2149710,0.03,0.03,-0.05,-153.06,-74.12,62.19,0.69,0.81,1.44,0.01,0.00,0.02,-140.56,44.31,4.81,-1.19,-0.88,1.06,7,1
1772053472.774294,2149901,-0.01,0.10,0.00,-153.00,-74.19,62.44,3.06,-1.81,-1.75,-0.03,-0.01,-0.04,-140.62,44.19,5.25,-0.06,-0.13,-0.62,7,1
1772053472.965460,2150092,-0.02,-0.18,-0.03,-154.69,-74.44,63.56,0.56,0.13,-0.37,0.00,-0.01,0.00,-140.50,44.19,5.25,-0.19,0.50,-0.31,8,1
1772053473.156520,2150283,0.05,0.10,-0.04,-153.44,-74.31,62.81,-1.87,-0.13,1.75,0.11,0.05,0.07,-140.44,44.19,5.31,-0.75,0.00,0.19,7,1
1772053473.348686,2150475,0.00,0.04,-0.03,-153.00,-74.25,62.63,0.88,-0.31,-0.13,0.03,0.01,0.00,-140.37,44.06,5.62,-0.50,-0.69,-0.19,6,1
1772053473.541698,2150668,0.02,0.01,-0.01,-153.44,-74.19,62.94,0.75,-1.06,0.37,0.00,0.04,-0.02,-140.37,44.06,5.75,0.00,-0.06,-0.13,7,1
1772053473.735160,2150862,-0.09,0.00,-0.01,-153.37,-74.31,63.00,0.50,-0.44,-0.31,0.09,0.04,0.08,-140.37,44.06,5.75,0.19,0.56,0.19,8,1
1772053473.927069,2151054,0.03,0.08,-0.03,-153.06,-74.19,62.63,-1.00,1.00,0.81,-0.04,0.02,-0.03,-140.37,44.06,5.75,0.44,0.13,-0.50,7,1
1772053474.118438,2151245,0.01,-0.04,-0.07,-153.44,-74.25,62.88,1.56,-0.25,-0.06,0.00,0.05,0.01,-140.31,44.06,5.81,-0.50,-0.56,0.19,6,1
1772053474.310131,2151437,-0.01,0.07,-0.03,-153.12,-74.25,62.88,0.06,-0.31,-0.75,0.03,0.00,-0.01,-140.31,44.06,5.81,0.62,0.13,0.13,6,2
1772053474.501684,2151628,0.01,-0.07,-0.02,-153.75,-74.25,63.19,-0.56,1.06,0.81,0.01,0.02,0.00,-140.31,44.06,5.81,-0.81,-0.37,0.44,7,3
1772053474.694240,2151821,0.00,0.09,0.01,-152.87,-74.31,62.75,-1.06,-1.00,0.06,0.05,-0.01,-0.03,-140.37,44.13,5.69,0.31,-0.31,0.37,7,3
1772053474.883618,2152010,0.01,-0.02,-0.06,-153.56,-74.19,63.00,1.12,2.06,-0.37,-0.02,0.00,0.00,-140.44,44.13,5.69,0.19,-0.37,0.44,7,3
1772053475.077786,2152204,-0.06,0.00,-0.02,-153.37,-74.31,63.00,-0.94,-1.06,0.69,0.04,-0.02,0.00,-140.44,44.13,5.69,-0.44,-0.37,0.37,7,3
1772053475.268226,2152395,-0.01,0.04,-0.06,-153.19,-74.31,62.94,1.44,-0.19,-0.44,0.02,0.01,0.02,-140.44,44.13,5.69,-0.44,-0.50,-0.06,7,3
1772053475.462227,2152589,-0.01,-0.03,-0.01,-153.44,-74.31,63.19,0.06,-0.56,0.00,0.02,0.00,0.00,-140.37,44.13,5.75,-0.06,0.31,-0.75,7,3
1772053475.653434,2152780,0.00,0.07,-0.02,-153.06,-74.25,62.88,-0.88,0.00,0.25,0.00,0.02,0.00,-140.37,44.06,5.81,-0.37,-0.06,-0.13,8,3
1772053475.844411,2152971,-0.02,0.07,-0.01,-153.00,-74.25,62.81,0.13,0.13,-0.56,0.00,0.03,0.02,-140.37,44.06,5.81,0.00,-0.19,-0.19,8,3
1772053476.035334,2153162,-0.02,0.05,0.00,-153.12,-74.25,62.88,0.37,-0.19,-0.31,0.00,0.04,0.00,-140.37,44.06,5.81,0.13,-0.13,0.13,8,3
1772053476.226235,2153353,0.03,0.03,-0.07,-153.19,-74.25,62.88,-0.19,0.44,0.19,0.03,0.01,0.01,-140.37,44.06,5.81,0.06,0.62,0.44,7,1
1772053476.417647,2153545,0.06,0.05,-0.09,-153.19,-74.19,62.81,-0.56,0.69,0.44,0.00,0.00,0.00,-140.37,44.06,5.81,0.06,0.25,0.13,7,1
1772053476.609299,2153736,-0.02,0.07,0.00,-152.94,-74.25,62.75,-0.69,-0.62,-0.31,0.02,0.00,0.01,-140.37,44.13,5.81,-0.06,-0.06,0.00,7,1
1772053476.801145,2153928,0.03,0.00,-0.04,-153.19,-74.19,62.81,-0.69,0.37,0.00,0.00,0.01,-0.02,-140.37,44.13,5.81,0.31,0.25,0.25,7,1
1772053476.992159,2154119,-0.01,0.01,-0.06,-153.12,-74.19,62.81,0.44,0.00,-0.19,0.04,0.03,0.03,-140.37,44.13,5.81,0.00,-0.13,0.31,8,1
1772053477.186171,2154313,0.05,0.01,-0.05,-153.00,-74.19,62.81,0.31,-1.19,0.13,0.00,0.01,0.03,-140.37,44.06,5.81,0.75,0.37,0.25,7,1
1772053477.377455,2154504,-0.01,0.06,-0.03,-152.69,-74.37,62.75,0.56,-0.31,0.00,0.02,0.02,-0.01,-140.37,44.06,5.75,-0.13,0.00,0.19,7,1
1772053477.570043,2154697,-0.03,0.03,-0.04,-152.75,-74.37,62.75,0.62,0.19,-0.44,0.03,-0.01,0.00,-140.37,44.06,5.75,0.13,0.25,0.44,7,1
1772053477.761160,2154888,0.03,0.02,-0.06,-152.87,-74.31,62.88,-0.25,-0.25,0.00,0.01,0.00,-0.03,-140.37,44.06,5.75,0.37,0.44,0.13,8,1
1772053477.952301,2155079,-0.06,0.00,-0.02,-152.62,-74.50,62.88,0.00,-0.19,0.00,0.09,0.00,-0.04,-140.37,44.06,5.81,-0.75,-0.75,0.00,9,1
1772053478.143310,2155270,-0.02,0.05,-0.03,-152.62,-74.50,62.88,-0.44,0.06,-0.25,0.03,-0.01,0.00,-140.37,44.06,5.87,-0.19,-0.13,-0.44,9,1
1772053478.333911,2155461,0.00,-0.01,-0.05,-152.62,-74.50,62.94,0.19,0.13,0.62,0.03,-0.04,-0.04,-140.31,44.00,5.94,-0.31,-0.19,-0.56,9,1
1772053478.525075,2155652,0.06,-0.02,-0.09,-152.81,-74.37,62.94,0.62,-0.06,-0.13,0.00,0.04,0.00,-140.19,43.94,6.06,-0.13,0.06,-0.75,8,1
1772053478.715844,2155843,-0.02,0.00,-0.01,-152.12,-74.56,62.75,-1.06,-1.19,0.62,0.07,-0.03,0.01,-140.12,43.88,6.19,-0.25,0.13,-0.50,7,2
1772053478.906623,2156033,0.00,0.03,-0.05,-152.06,-74.50,62.63,0.44,0.62,-0.56,-0.02,0.02,0.00,-140.12,43.81,6.25,0.56,0.19,-0.56,7,2
1772053479.097010,2156224,-0.03,0.01,-0.04,-152.06,-74.50,62.63,0.50,-0.13,0.13,0.08,-0.01,0.00,-140.12,43.81,6.25,-0.31,-0.19,0.00,8,2
1772053479.287526,2156414,0.02,0.07,-0.09,-152.12,-74.44,62.50,0.50,0.50,-0.19,0.03,0.02,0.05,-140.12,43.81,6.25,-0.19,-0.44,0.13,8,2
1772053479.478988,2156606,-0.01,0.04,-0.04,-152.00,-74.50,62.50,-0.75,-0.69,-0.44,0.02,-0.02,-0.03,-140.12,43.81,6.25,0.69,0.13,-0.19,8,2
1772053479.669422,2156796,0.02,-0.09,-0.05,-152.25,-74.50,62.69,0.31,0.94,0.31,0.04,0.00,-0.01,-140.12,43.81,6.25,-0.13,0.06,0.31,7,1
1772053479.859910,2156987,0.01,0.07,-0.04,-152.06,-74.44,62.50,-0.81,0.00,0.37,0.01,0.00,0.04,-140.12,43.81,6.25,-0.13,-0.44,0.62,8,1
1772053480.050215,2157177,0.00,0.01,-0.04,-152.12,-74.56,62.69,0.25,0.00,-0.50,0.03,-0.04,-0.05,-140.19,43.81,6.25,0.25,-0.37,0.44,8,1
1772053480.241076,2157368,-0.02,-0.11,-0.08,-152.81,-74.62,63.06,0.94,0.19,-0.06,0.02,0.00,0.00,-140.19,43.81,6.25,-0.44,-0.31,0.50,9,1
1772053480.432051,2157559,-0.01,0.05,-0.08,-152.37,-74.69,62.94,-0.75,-1.12,0.37,0.06,-0.06,-0.03,-140.25,43.88,6.19,-0.13,-0.06,0.25,9,1
1772053480.622708,2157750,0.00,-0.03,-0.10,-152.56,-74.69,63.00,1.56,0.06,-1.12,0.03,-0.04,0.06,-140.25,43.81,6.25,0.06,-0.37,0.37,9,1
1772053480.813359,2157940,-0.01,0.12,-0.05,-152.44,-74.69,62.94,0.37,0.94,0.44,0.07,-0.05,-0.03,-140.25,43.81,6.25,-0.56,-0.44,0.19,8,1
1772053481.003914,2158130,0.00,-0.03,-0.08,-153.25,-74.62,63.25,-0.25,-0.56,-0.88,0.03,-0.01,0.00,-140.12,43.75,6.37,-0.19,0.56,-1.00,7,1
1772053481.194222,2158321,-0.02,0.06,-0.03,-152.31,-74.75,62.94,-2.00,0.37,0.88,0.03,0.01,0.00,-140.06,43.69,6.44,-0.37,0.31,-0.44,6,1
1772053481.384768,2158512,-0.02,0.09,-0.13,-152.19,-74.62,62.81,0.06,1.25,0.37,0.01,0.03,0.04,-140.00,43.69,6.50,0.50,0.25,-0.50,6,1
1772053481.575827,2158702,-0.03,0.11,-0.08,-152.06,-74.69,62.69,-0.56,-0.31,0.06,0.05,-0.06,-0.01,-140.06,43.63,6.62,0.19,-0.94,-0.19,6,1
1772053481.765906,2158893,0.02,0.00,-0.04,-152.62,-74.75,63.06,1.12,-0.37,-0.88,0.06,-0.03,0.01,-140.12,43.56,6.69,-0.06,-0.62,0.00,5,1
1772053481.956650,2159083,-0.01,-0.04,-0.06,-153.06,-74.87,63.31,-1.25,0.19,0.25,0.07,-0.06,0.01,-140.12,43.56,6.69,-0.13,0.13,-0.19,6,1
1772053482.146969,2159274,0.03,0.04,-0.11,-152.75,-74.75,63.06,-0.94,0.00,0.19,0.05,-0.01,0.03,-140.12,43.50,6.69,-0.19,0.00,-0.25,6,1
1772053482.338025,2159465,0.02,0.07,-0.05,-152.31,-74.81,62.88,-0.44,-0.50,0.37,0.06,-0.01,0.05,-140.06,43.50,6.75,0.19,-0.25,0.00,7,1
1772053482.528456,2159655,0.03,0.03,-0.05,-152.37,-74.81,63.00,1.69,0.62,-0.37,0.06,0.01,0.02,-140.12,43.50,6.75,0.00,-0.44,-0.06,7,1
1772053482.718652,2159846,-0.01,0.01,-0.10,-152.62,-74.87,63.13,0.31,0.00,0.37,0.07,0.00,0.03,-140.12,43.50,6.81,0.19,0.13,0.13,9,1
1772053482.909460,2160036,0.00,0.12,-0.02,-152.37,-74.81,63.00,-0.56,-0.56,0.06,0.07,-0.04,0.01,-140.12,43.50,6.81,0.00,-0.37,0.25,9,1
1772053483.100230,2160227,0.01,0.05,-0.08,-152.50,-74.87,63.13,-0.50,0.31,0.19,0.11,-0.06,0.01,-140.12,43.50,6.81,0.06,-0.31,-0.50,10,1
1772053483.291381,2160418,0.02,0.02,-0.07,-152.81,-74.87,63.25,0.37,-0.88,-0.56,0.06,-0.08,-0.03,-140.12,43.44,6.87,-0.25,-0.31,-0.13,10,1
1772053483.481943,2160609,-0.03,-0.03,-0.07,-152.94,-74.87,63.31,0.44,-0.06,-0.69,0.07,-0.08,0.02,-140.12,43.44,6.87,-0.44,0.00,-0.25,10,1
1772053483.672536,2160799,0.03,-0.01,-0.08,-152.94,-74.87,63.31,0.31,-0.88,0.50,0.10,-0.07,-0.01,-139.94,43.44,6.94,-0.13,0.88,-0.81,9,1
1772053483.862853,2160990,0.00,0.07,-0.11,-152.19,-74.94,63.00,-0.62,0.25,0.69,0.05,-0.04,0.02,-139.81,43.38,7.00,0.06,0.56,-0.44,7,1
1772053484.053558,2161181,-0.05,0.08,-0.08,-152.12,-74.94,63.00,-0.62,0.31,0.13,0.05,-0.04,0.02,-139.75,43.38,7.06,0.19,0.37,-0.31,7,1
1772053484.244481,2161371,-0.01,0.04,-0.09,-152.25,-75.00,63.06,-0.81,0.44,-0.06,0.08,-0.06,-0.01,-139.75,43.38,7.06,0.31,0.31,0.06,6,1
1772053484.434643,2161562,-0.02,0.00,-0.11,-152.37,-75.00,63.19,0.25,0.00,-0.06,0.08,-0.04,0.02,-139.75,43.38,7.06,0.19,0.50,-0.13,6,1
1772053484.625409,2161752,0.00,0.05,-0.11,-152.31,-75.00,63.13,-1.00,0.06,0.44,0.07,-0.07,-0.01,-139.75,43.38,7.00,0.25,0.31,-0.25,6,1
1772053484.815966,2161943,0.03,0.06,-0.10,-152.25,-75.00,63.06,0.19,-0.31,-0.31,0.08,-0.06,0.03,-139.75,43.44,7.00,0.25,0.00,0.06,7,2
1772053485.006835,2162134,-0.01,0.08,-0.10,-152.31,-75.00,63.06,0.56,-0.50,-1.00,0.05,-0.05,0.04,-139.75,43.38,7.06,-0.19,-0.25,0.44,7,1
1772053485.197298,2162325,0.01,0.07,-0.08,-152.31,-75.06,63.06,0.00,-0.06,0.31,0.04,-0.05,0.02,-139.75,43.38,7.06,0.13,0.19,0.13,8,1
1772053485.388025,2162515,0.01,0.05,-0.12,-152.44,-75.06,63.13,-0.31,-0.25,-0.19,0.07,-0.06,0.01,-139.75,43.38,7.06,0.06,0.19,0.06,8,1
1772053485.578779,2162706,0.00,0.09,-0.08,-152.31,-75.06,63.06,-0.94,-0.31,0.06,0.07,-0.09,0.00,-139.75,43.38,7.06,0.19,-0.13,0.31,9,1
1772053485.769340,2162896,0.01,0.05,-0.10,-152.31,-75.06,63.13,0.44,0.31,-0.44,0.08,-0.10,-0.01,-139.75,43.44,7.00,0.13,0.19,0.31,10,1
1772053485.960016,2163087,0.00,0.04,-0.13,-152.50,-75.06,63.19,1.06,-0.81,-1.19,0.08,-0.11,0.02,-139.75,43.38,7.06,-0.06,0.06,0.06,10,1
1772053486.151245,2163278,-0.02,0.05,-0.13,-152.50,-75.12,63.19,-0.06,-0.69,0.19,0.09,-0.13,-0.04,-139.75,43.38,7.06,0.06,0.19,-0.50,9,1
1772053486.341638,2163469,0.01,0.03,-0.15,-152.56,-75.12,63.19,-0.37,0.69,-0.06,0.07,-0.07,-0.01,-139.62,43.38,7.19,-0.37,0.94,-1.25,8,1
1772053486.532257,2163659,-0.03,0.06,-0.10,-152.19,-75.12,63.06,-1.44,0.13,0.37,0.10,-0.11,-0.01,-139.44,43.31,7.25,-0.37,0.44,-0.81,8,2
1772053486.723150,2163850,0.01,0.07,-0.13,-152.12,-75.12,62.94,0.06,0.19,0.00,0.14,-0.12,-0.03,-139.37,43.25,7.37,-0.31,-0.13,-0.75,7,2
1772053486.913602,2164041,0.01,0.02,-0.09,-152.06,-75.19,62.94,0.19,-0.69,0.06,0.10,-0.07,0.00,-139.31,43.19,7.44,-0.19,-0.06,-0.62,7,2
1772053487.104416,2164231,0.01,0.02,-0.13,-152.25,-75.19,63.06,1.00,-0.13,-0.56,0.09,-0.13,0.00,-139.31,43.19,7.50,0.00,0.06,-0.44,7,2
1772053487.294853,2164422,0.00,0.00,-0.11,-152.25,-75.19,63.06,0.37,-0.25,0.37,0.09,-0.11,-0.02,-139.25,43.19,7.50,-0.13,0.19,-0.50,7,2
1772053487.485414,2164612,0.01,0.09,-0.12,-152.19,-75.19,63.00,0.31,0.25,0.37,0.08,-0.09,-0.01,-139.25,43.19,7.50,-0.06,0.00,-0.50,7,2
1772053487.676350,2164803,0.03,0.02,-0.13,-152.19,-75.19,63.00,0.00,0.13,-0.37,0.07,-0.10,-0.03,-139.25,43.19,7.50,-0.13,-0.25,-0.06,8,2
1772053487.866817,2164994,-0.03,0.07,-0.09,-152.25,-75.25,63.06,-0.88,0.13,-0.19,0.09,-0.10,0.00,-139.25,43.19,7.50,0.31,-0.13,0.06,9,2
1772053488.057517,2165185,0.02,0.04,-0.14,-152.31,-75.25,63.06,0.31,-0.13,0.31,0.10,-0.14,0.00,-139.25,43.19,7.50,0.19,-0.19,0.00,10,2
1772053488.248201,2165375,0.03,0.02,-0.15,-152.19,-75.31,63.06,-0.25,-0.75,0.31,0.10,-0.10,0.00,-139.25,43.19,7.50,0.19,-0.19,-0.13,10,2
1772053488.439182,2165566,-0.01,0.07,-0.12,-151.81,-75.50,63.00,0.81,-0.62,-0.56,0.09,-0.13,-0.02,-139.25,43.19,7.50,0.06,-0.37,0.31,10,2
1772053488.629514,2165757,0.03,0.06,-0.14,-152.19,-75.50,63.25,0.31,0.37,-0.19,0.09,-0.10,-0.04,-139.25,43.19,7.56,0.06,0.31,0.06,9,2
1772053488.820215,2165947,0.00,0.06,-0.15,-152.19,-75.62,63.38,-0.50,-0.69,0.13,0.06,-0.15,-0.05,-139.25,43.19,7.56,0.25,0.31,-0.19,8,2
1772053489.011011,2166138,0.00,0.02,-0.12,-152.06,-75.75,63.38,0.56,-0.13,0.19,0.09,-0.12,-0.03,-139.25,43.19,7.56,-0.44,0.19,0.00,8,2
1772053489.201592,2166329,0.02,0.00,-0.17,-152.06,-75.69,63.38,-0.81,0.62,0.62,0.08,-0.12,-0.05,-139.19,43.25,7.50,-0.06,0.81,-0.44,7,1
1772053489.392323,2166519,0.00,0.04,-0.10,-152.06,-75.62,63.19,0.13,1.06,0.37,0.07,-0.13,-0.02,-139.06,43.38,7.31,-0.19,0.62,-0.25,7,2
1772053489.583099,2166710,0.05,0.05,-0.13,-152.25,-75.44,63.06,-0.75,-0.13,0.37,0.07,-0.11,-0.03,-139.06,43.38,7.31,0.19,0.19,-0.13,6,1
1772053489.773556,2166901,0.00,0.08,-0.13,-152.19,-75.31,62.88,0.31,0.06,-0.81,0.06,-0.09,-0.02,-139.06,43.38,7.31,0.06,0.25,0.06,6,1
1772053489.964264,2167091,0.00,0.06,-0.14,-152.31,-75.31,62.88,0.50,0.00,-0.13,0.08,-0.12,-0.03,-139.06,43.38,7.31,0.00,0.25,0.00,6,2
1772053490.154822,2167282,0.03,0.07,-0.06,-152.00,-75.12,62.75,0.56,0.81,2.81,0.03,-0.11,-0.05,-139.06,43.44,7.19,-0.31,-0.62,0.19,7,1
1772053490.345491,2167473,0.02,0.00,-0.12,-151.94,-74.94,62.81,0.37,0.62,-0.50,0.07,-0.11,-0.02,-139.12,43.44,7.19,-1.06,-0.13,1.69,7,2
1772053490.536338,2167663,0.00,0.07,-0.08,-152.31,-74.87,62.88,-1.25,1.00,0.37,0.04,-0.12,-0.08,-139.19,43.44,7.12,0.06,-0.37,0.06,8,1
1772053490.727207,2167854,-0.06,0.05,-0.11,-152.12,-74.94,62.88,-0.06,-0.25,0.69,0.07,-0.13,-0.08,-139.19,43.44,7.19,0.25,-0.37,-0.19,9,1
1772053490.917905,2168045,0.00,0.00,-0.12,-151.69,-75.00,62.81,-0.81,-3.19,0.88,0.05,-0.16,-0.04,-139.19,43.44,7.12,0.62,0.37,0.00,9,1
1772053491.108521,2168236,0.09,-0.03,-0.17,-150.87,-75.31,62.63,-1.00,-0.69,1.19,0.00,-0.18,-0.06,-139.06,43.38,7.31,0.37,0.56,0.56,8,2
1772053491.298893,2168426,0.08,0.00,-0.13,-150.25,-75.44,62.25,-1.31,-1.25,-1.81,0.00,-0.10,-0.06,-139.06,43.31,7.19,0.69,0.81,-0.62,8,1
1772053491.489837,2168617,-0.11,0.02,-0.09,-149.25,-75.81,62.13,0.56,2.87,1.00,0.03,-0.01,0.01,-139.19,43.44,7.06,-1.06,0.19,-0.56,7,2
1772053491.680210,2168807,-0.04,0.15,-0.01,-147.94,-75.56,61.38,-2.44,-2.31,1.44,0.14,-0.13,-0.04,-139.25,43.63,6.81,-0.88,-0.19,1.56,6,1
1772053491.871115,2168998,0.10,0.07,-0.17,-148.56,-75.31,61.13,0.44,2.25,-1.56,0.12,-0.03,0.01,-139.44,43.75,6.37,-1.25,0.69,1.69,6,1
1772053492.061800,2169189,-0.02,0.02,-0.04,-148.31,-75.12,61.13,-3.69,2.56,1.81,0.09,0.01,-0.01,-139.44,44.00,6.44,-0.75,-1.31,1.25,7,1
1772053492.252541,2169379,0.25,0.08,-0.04,-147.37,-74.75,60.25,-1.56,0.06,-1.06,-0.22,-0.18,-0.02,-139.81,43.75,6.62,-0.19,-2.50,0.88,8,2
1772053492.443221,2169570,0.04,-0.06,-0.17,-149.00,-75.06,61.44,1.81,4.62,4.62,-0.21,0.13,0.17,-139.69,44.06,6.50,-1.44,0.69,-0.81,9,2
1772053492.633988,2169761,-0.13,0.18,0.01,-147.06,-74.87,60.50,-1.50,-1.75,-0.88,0.14,-0.08,-0.13,-139.62,44.13,6.31,-0.31,-0.81,0.19,9,2
1772053492.824887,2169952,0.31,0.07,-0.08,-147.62,-74.62,60.56,1.69,1.75,-0.50,-0.11,-0.05,0.05,-139.87,43.88,6.94,-0.88,-3.62,-0.56,13,2
1772053493.015295,2170142,-0.23,-0.03,-0.17,-149.19,-75.00,61.44,-1.12,1.75,-1.62,0.19,0.07,-0.07,-140.12,43.81,6.62,0.94,0.88,-3.19,15,2
1772053493.205739,2170333,0.20,0.14,0.07,-149.69,-74.69,60.88,-3.62,-3.94,0.13,-0.02,0.00,-0.04,-140.00,43.63,6.62,-0.06,-0.69,-0.25,16,2
1772053493.396502,2170523,-0.07,-0.03,-0.03,-148.69,-75.12,61.13,1.00,5.56,0.56,0.06,-0.01,0.00,-140.12,43.63,6.62,-0.25,-1.50,0.44,17,3
1772053493.587125,2170714,0.03,-0.03,-0.06,-150.81,-74.50,61.38,2.25,0.88,-2.00,0.09,-0.07,-0.07,-140.25,43.63,6.56,0.25,-0.56,0.81,17,3
1772053493.778225,2170905,-0.06,-0.01,-0.09,-152.00,-74.50,62.06,-0.25,1.00,1.00,0.00,0.00,0.00,-140.31,43.63,6.62,-0.88,-0.75,0.00,17,2
1772053493.968467,2171096,0.02,0.00,-0.05,-152.31,-74.31,62.00,-0.06,-0.44,-1.69,0.03,-0.08,-0.02,-140.37,43.56,6.50,0.13,0.13,0.19,15,2
1772053494.158932,2171286,-0.03,-0.03,-0.06,-152.25,-74.44,62.31,1.12,-1.75,0.75,0.04,0.02,0.07,-140.25,43.63,6.69,-0.13,0.88,0.50,13,2
1772053494.350238,2171477,-0.02,0.18,-0.04,-151.37,-74.56,61.75,-1.12,-0.37,-1.00,0.04,-0.08,-0.01,-140.44,43.69,6.37,1.06,0.37,-0.25,12,2
1772053494.540717,2171668,0.00,-0.01,-0.05,-152.00,-74.69,62.25,0.06,-1.50,0.31,0.06,-0.03,0.00,-140.44,43.69,6.31,-0.19,0.06,0.19,12,1
1772053494.731762,2171859,0.01,0.10,-0.03,-151.12,-74.81,61.88,-0.88,-1.37,-0.56,0.03,-0.04,-0.02,-140.44,43.69,6.31,0.00,0.19,0.25,9,1
1772053494.922222,2172049,0.00,-0.06,-0.06,-151.25,-74.94,62.19,-0.06,0.56,-0.06,0.02,-0.04,-0.01,-140.37,43.69,6.37,0.00,0.13,-0.44,7,1
1772053495.112868,2172240,-0.03,0.06,-0.01,-150.87,-74.94,61.88,1.00,-0.31,0.13,0.03,0.00,-0.01,-140.37,43.69,6.44,-0.25,0.13,-0.25,8,1
1772053495.303531,2172431,0.00,0.04,-0.06,-151.06,-74.94,62.00,-0.37,0.06,-0.50,0.01,0.00,-0.01,-140.37,43.69,6.44,-0.06,0.37,-0.19,8,1
1772053495.494307,2172621,-0.03,0.07,-0.01,-150.94,-75.00,62.00,-1.19,-0.19,0.44,0.04,0.00,0.02,-140.37,43.69,6.44,-0.19,0.19,-0.06,9,1
1772053495.684936,2172812,-0.02,0.06,-0.07,-150.87,-75.00,61.88,0.75,0.31,-1.00,0.01,-0.02,0.02,-140.37,43.69,6.44,0.31,0.06,0.44,9,1
1772053495.875454,2173003,-0.03,0.10,-0.04,-150.94,-75.00,61.88,0.25,0.25,0.19,0.06,-0.03,-0.05,-140.37,43.69,6.44,0.19,-0.06,0.13,10,1
1772053496.066220,2173193,-0.01,0.02,-0.07,-151.12,-74.94,62.00,-0.25,-0.06,-0.50,0.02,0.01,-0.02,-140.37,43.69,6.44,0.19,0.00,0.00,10,1
1772053496.256583,2173384,-0.02,0.06,-0.03,-151.00,-75.00,61.88,-1.50,0.13,0.56,0.03,0.00,0.00,-140.37,43.69,6.44,0.13,0.19,0.00,10,1
1772053496.447395,2173575,-0.01,0.04,-0.08,-151.00,-75.00,61.81,0.37,0.19,0.00,0.06,0.00,-0.01,-140.37,43.69,6.44,-0.06,-0.50,-0.44,10,1
1772053496.638320,2173766,0.03,-0.02,-0.08,-151.06,-75.06,61.94,0.62,-1.00,0.44,0.06,0.00,0.00,-140.44,43.63,6.44,0.06,-0.62,0.13,9,1
1772053496.828854,2173956,0.00,0.03,-0.06,-150.94,-75.06,61.81,0.56,0.25,-0.50,0.04,-0.01,-0.02,-140.44,43.63,6.44,0.00,-0.19,0.62,8,1
1772053497.019478,2174147,0.03,0.05,-0.11,-150.94,-75.06,61.81,0.37,-0.06,0.13,0.06,-0.03,-0.01,-140.44,43.63,6.44,0.06,0.19,0.31,6,1
1772053497.210470,2174338,0.01,0.11,-0.08,-150.87,-75.06,61.75,-0.06,0.19,0.25,0.05,-0.05,-0.01,-140.44,43.63,6.44,0.19,-0.19,0.25,6,1
1772053497.400865,2174528,0.04,-0.01,-0.10,-150.87,-75.06,61.81,0.19,0.06,-0.31,0.00,0.01,0.05,-140.44,43.63,6.44,-0.37,-0.13,0.19,5,1
1772053497.591797,2174719,0.00,0.06,-0.08,-150.81,-75.12,61.81,-0.81,0.06,0.37,0.06,-0.03,0.00,-140.37,43.63,6.50,0.50,0.56,-0.56,5,1
1772053497.782195,2174910,0.00,0.09,-0.05,-150.69,-75.12,61.75,0.25,0.06,0.44,0.05,-0.03,-0.01,-140.31,43.50,6.62,-0.25,0.37,-0.62,5,1
1772053497.973175,2175100,0.00,0.03,-0.06,-150.69,-75.12,61.75,-0.75,-0.62,0.62,0.05,-0.04,0.00,-140.31,43.50,6.62,-0.19,-0.13,-0.50,5,1
1772053498.163543,2175291,0.00,0.08,-0.07,-150.56,-75.12,61.63,0.50,0.31,-0.44,0.04,-0.02,0.03,-140.31,43.50,6.62,0.19,0.19,0.00,5,1
1772053498.354304,2175482,-0.02,0.11,-0.10,-150.62,-75.12,61.69,0.06,-0.31,-0.94,0.06,-0.03,0.04,-140.31,43.50,6.69,0.19,0.19,0.19,6,1
1772053498.545109,2175673,0.05,0.08,-0.08,-150.75,-75.19,61.75,-0.31,-0.25,0.19,0.02,-0.04,-0.02,-140.31,43.50,6.69,0.31,0.00,0.00,7,1
1772053498.735785,2175863,0.00,0.08,-0.07,-150.81,-75.19,61.75,-0.25,-0.13,-0.44,0.05,0.00,0.00,-140.31,43.50,6.69,-0.06,0.00,0.00,8,1
1772053498.926386,2176054,0.01,0.10,-0.04,-150.75,-75.19,61.75,-1.19,0.37,0.37,0.06,-0.02,-0.02,-140.31,43.50,6.69,0.06,0.25,0.00,9,1
1772053499.117045,2176244,0.01,0.06,-0.09,-150.75,-75.19,61.69,0.25,0.13,-0.19,0.06,-0.01,0.00,-140.31,43.50,6.69,0.06,0.00,-0.13,10,1
1772053499.307679,2176435,0.01,0.11,-0.11,-150.75,-75.19,61.69,-0.19,-0.50,-0.44,0.05,0.00,0.01,-140.31,43.50,6.69,0.00,0.19,0.19,10,1
1772053499.498875,2176626,0.01,0.15,-0.04,-150.62,-75.25,61.69,-0.56,-0.37,0.56,0.01,-0.05,-0.01,-140.31,43.50,6.69,0.13,-0.31,0.19,10,1
1772053499.689147,2176817,0.00,0.04,-0.04,-150.75,-75.25,61.75,0.06,0.19,-0.31,0.04,-0.02,0.00,-140.31,43.50,6.69,0.19,0.19,0.25,9,1
1772053499.879862,2177007,0.00,0.08,-0.08,-150.69,-75.31,61.75,-1.19,0.06,0.25,0.03,-0.02,-0.04,-140.25,43.50,6.69,0.19,0.25,0.31,8,1
1772053500.070674,2177198,0.02,0.07,-0.11,-150.69,-75.31,61.69,-0.06,-0.13,0.19,0.05,-0.03,0.01,-140.25,43.50,6.69,-0.13,0.00,0.13,8,1
1772053500.261371,2177389,0.00,0.15,-0.11,-150.69,-75.31,61.69,0.37,-0.13,-0.13,0.05,-0.05,0.00,-140.25,43.50,6.75,-0.25,0.19,0.31,6,1
1772053500.452343,2177579,0.00,0.13,-0.08,-150.50,-75.44,61.69,-0.62,-1.00,0.44,0.07,-0.09,-0.06,-140.25,43.50,6.75,-0.13,-0.50,-0.06,6,2
1772053500.642890,2177770,0.00,0.06,-0.09,-150.44,-75.44,61.75,0.56,-0.06,-0.31,0.06,-0.04,0.00,-140.25,43.50,6.75,-0.31,0.06,-0.62,5,1
1772053500.832958,2177960,0.00,0.06,-0.07,-150.44,-75.44,61.69,-1.50,-0.13,0.56,0.08,-0.07,-0.03,-140.19,43.44,6.87,-0.25,0.44,-0.75,5,2
1772053501.023988,2178151,0.02,0.08,-0.06,-150.31,-75.44,61.56,0.19,0.06,-0.31,0.09,-0.04,0.00,-140.12,43.44,6.87,-0.06,0.31,-0.50,5,1
1772053501.214511,2178342,0.02,0.07,-0.04,-150.37,-75.44,61.56,0.50,-0.44,-0.31,0.03,-0.05,0.00,-140.12,43.44,6.94,0.31,0.00,0.13,6,1
1772053501.405270,2178533,0.06,0.13,-0.08,-150.37,-75.44,61.56,0.06,0.13,-0.06,0.04,-0.05,0.01,-140.12,43.44,6.94,0.06,0.00,0.00,6,1
1772053501.595931,2178723,0.04,0.10,-0.11,-150.50,-75.50,61.69,0.13,0.62,-0.31,0.04,-0.03,0.01,-140.12,43.44,6.87,0.25,0.37,0.13,7,1
1772053501.786951,2178914,0.02,0.15,-0.09,-150.50,-75.50,61.63,-0.69,-0.13,0.37,0.07,-0.06,-0.02,-140.12,43.44,6.87,0.13,-0.06,-0.06,8,1
1772053501.977336,2179105,0.01,0.08,-0.10,-150.44,-75.50,61.56,0.00,0.06,-0.06,0.06,-0.02,-0.02,-140.12,43.44,6.87,0.06,0.00,-0.06,9,1
1772053502.167951,2179295,0.04,0.07,-0.07,-150.56,-75.50,61.69,0.69,-0.50,0.19,0.04,-0.03,-0.01,-140.06,43.44,6.94,0.00,0.00,0.06,10,1
1772053502.358888,2179486,0.05,0.13,-0.09,-150.56,-75.50,61.63,0.25,0.50,-0.25,0.07,-0.04,0.00,-140.06,43.44,6.94,-0.19,0.00,0.19,10,1
1772053502.549526,2179677,0.04,0.10,-0.11,-150.69,-75.50,61.63,0.31,0.37,-0.25,0.06,-0.05,-0.02,-140.06,43.44,6.94,-0.06,0.06,-0.06,10,1
1772053502.739988,2179868,0.02,0.15,-0.09,-150.56,-75.50,61.56,0.00,-0.06,0.13,0.06,-0.04,0.00,-140.06,43.44,6.94,0.00,-0.25,0.13,10,1
1772053502.930962,2180058,0.02,0.11,-0.09,-150.56,-75.50,61.56,0.06,-0.31,-0.13,0.06,-0.05,-0.02,-140.06,43.44,6.94,0.19,-0.06,0.00,9,1
1772053503.121374,2180249,0.01,0.07,-0.14,-150.62,-75.50,61.56,0.50,-0.50,-0.44,0.05,-0.06,0.00,-140.06,43.44,6.94,0.25,-0.06,0.37,8,1
1772053503.312402,2180440,-0.04,0.13,-0.12,-150.44,-75.56,61.50,0.25,0.19,0.50,0.08,-0.09,-0.01,-140.06,43.44,6.94,-0.06,-0.06,0.37,8,1
1772053503.502888,2180630,0.02,0.11,-0.13,-150.44,-75.56,61.50,0.06,0.00,-0.44,0.07,-0.06,-0.03,-140.06,43.44,6.94,-0.06,0.19,-0.19,6,1
1772053503.693794,2180821,0.03,0.13,-0.11,-150.44,-75.56,61.44,-0.88,0.19,0.00,0.07,-0.09,-0.07,-140.06,43.44,6.94,-0.13,0.13,-0.06,6,1
1772053503.884212,2181012,0.00,0.09,-0.09,-150.44,-75.56,61.44,0.00,0.13,0.06,0.08,-0.08,0.00,-140.06,43.38,7.00,0.00,0.25,-0.75,5,1
1772053504.075209,2181202,0.05,0.06,-0.11,-150.37,-75.50,61.38,-0.44,-1.37,0.37,0.06,-0.08,-0.01,-140.00,43.38,7.12,-0.31,-0.06,-0.75,5,1
1772053504.265820,2181393,0.06,0.10,-0.12,-150.06,-75.50,61.19,0.25,0.00,-0.69,0.06,-0.05,-0.03,-139.94,43.31,7.12,-0.19,-0.13,-0.31,4,1
1772053504.456394,2181584,0.01,0.09,-0.05,-150.12,-75.44,61.19,0.50,-0.25,-0.37,0.07,-0.07,0.00,-139.94,43.31,7.12,-0.19,0.13,-0.13,5,1
1772053504.647175,2181775,0.02,0.09,-0.09,-150.06,-75.37,61.13,-0.25,-0.25,0.25,0.06,-0.09,-0.04,-139.94,43.31,7.12,-0.13,0.13,-0.31,6,1
1772053504.838135,2181965,-0.01,0.07,-0.07,-150.00,-75.31,61.06,-0.06,-0.37,0.31,0.07,-0.07,-0.05,-139.94,43.31,7.12,0.06,-0.06,-0.25,7,1
1772053505.028607,2182156,0.00,0.04,-0.07,-150.00,-75.31,61.06,0.00,-0.44,0.13,0.07,-0.05,0.00,-139.94,43.31,7.19,-0.13,-0.13,0.13,8,1
1772053505.219164,2182347,-0.02,0.07,-0.11,-149.94,-75.31,61.00,0.50,0.31,-0.81,0.05,-0.02,0.00,-139.94,43.31,7.19,0.00,-0.37,0.37,9,1
1772053505.410054,2182537,0.03,0.06,-0.07,-150.06,-75.31,61.00,0.56,-0.06,0.13,0.07,-0.08,-0.05,-139.94,43.31,7.19,-0.13,0.13,0.19,10,1
1772053505.600737,2182728,0.00,0.11,-0.06,-149.94,-75.31,60.88,0.00,-0.06,0.19,0.06,-0.06,-0.02,-139.94,43.31,7.19,-0.19,-0.13,0.19,11,1
1772053505.791583,2182919,0.00,0.08,-0.07,-149.87,-75.31,60.88,0.06,-0.44,-0.25,0.06,-0.07,-0.01,-139.94,43.31,7.19,0.00,0.00,-0.06,11,1
1772053505.982440,2183110,0.00,0.04,-0.05,-150.00,-75.37,60.94,0.06,-0.62,0.50,0.06,-0.07,-0.03,-139.94,43.31,7.19,0.25,-0.19,-0.06,11,1
1772053506.173095,2183301,-0.02,0.11,-0.09,-149.94,-75.37,60.88,0.37,0.75,-0.75,0.08,-0.05,-0.01,-139.94,43.31,7.19,0.06,-0.31,0.50,10,1
1772053506.363709,2183491,0.03,0.07,-0.09,-150.00,-75.31,60.88,0.50,-0.13,-0.06,0.08,-0.09,-0.03,-139.94,43.31,7.19,0.19,0.06,0.19,9,1
1772053506.554558,2183682,0.02,0.11,-0.10,-149.94,-75.37,60.81,-0.06,0.19,-0.06,0.09,-0.11,-0.05,-139.94,43.31,7.19,0.00,-0.19,-0.06,8,2
1772053506.745421,2183873,0.00,0.08,-0.08,-149.94,-75.37,60.81,-0.06,-0.06,-0.06,0.06,-0.10,-0.04,-139.94,43.31,7.19,-0.69,-0.37,-0.31,7,1
1772053506.935891,2184063,0.02,0.04,-0.11,-150.00,-75.31,60.88,-0.75,-0.19,-0.19,0.10,-0.08,-0.02,-139.87,43.25,7.31,-0.50,-0.06,-0.62,6,1
1772053507.126166,2184254,0.00,0.08,-0.15,-150.00,-75.37,60.81,0.44,0.81,-0.62,0.09,-0.10,-0.03,-139.87,43.25,7.31,0.06,0.00,-0.37,5,1
1772053507.316939,2184445,0.03,0.05,-0.08,-150.00,-75.37,60.81,0.25,-1.00,0.13,0.07,-0.08,-0.03,-139.87,43.25,7.31,-0.25,0.25,-0.50,5,2
1772053507.507568,2184635,0.00,0.09,-0.07,-149.81,-75.44,60.75,0.31,0.00,0.31,0.05,-0.05,-0.02,-139.87,43.25,7.31,-0.25,0.13,-0.13,5,2
1772053507.698609,2184826,0.01,0.08,-0.09,-149.81,-75.44,60.75,-0.06,0.44,-0.13,0.04,-0.06,-0.02,-139.81,43.25,7.37,-0.13,-0.19,0.19,6,2
1772053507.888902,2185017,0.01,0.08,-0.11,-149.94,-75.44,60.81,-1.25,0.00,0.06,0.06,-0.08,-0.03,-139.81,43.25,7.37,0.31,0.00,0.25,6,2
1772053508.079714,2185207,0.02,0.05,-0.10,-150.00,-75.44,60.75,0.31,-0.13,0.50,0.06,-0.09,-0.03,-139.81,43.25,7.37,-0.19,-0.25,0.00,7,2
1772053508.270625,2185398,-0.01,0.05,-0.08,-149.94,-75.44,60.75,-0.31,-0.25,0.56,0.07,-0.07,-0.02,-139.81,43.25,7.37,-0.13,0.00,-0.06,7,2
1772053508.461090,2185589,0.01,0.08,-0.12,-149.87,-75.44,60.69,0.25,0.44,-0.06,0.05,-0.06,-0.02,-139.81,43.25,7.37,-0.19,-0.06,0.19,8,2
1772053508.651794,2185780,0.03,0.10,-0.13,-149.87,-75.44,60.69,-0.06,0.37,0.37,0.08,-0.06,-0.06,-139.81,43.25,7.37,0.50,0.06,0.19,9,2
1772053508.842558,2185970,0.00,0.13,-0.09,-149.94,-75.50,60.75,-1.31,-0.56,0.06,0.07,-0.09,-0.02,-139.87,43.25,7.31,0.75,0.25,0.06,10,2
1772053509.033278,2186161,0.02,0.07,-0.11,-149.94,-75.50,60.75,0.19,-0.06,0.19,0.06,-0.10,-0.01,-139.87,43.25,7.31,-0.25,-0.44,0.37,10,2
1772053509.224118,2186352,-0.01,0.07,-0.10,-149.94,-75.50,60.75,-0.62,-0.06,0.13,0.07,-0.12,-0.02,-139.87,43.25,7.31,0.00,-0.19,0.13,11,1
1772053509.414757,2186542,0.03,0.09,-0.12,-149.94,-75.50,60.69,0.44,-0.19,-0.31,0.06,-0.11,0.00,-139.87,43.25,7.31,-0.06,-0.06,0.00,10,1
1772053509.605713,2186733,0.00,0.08,-0.13,-149.94,-75.50,60.69,0.62,0.00,-0.62,0.06,-0.13,0.00,-139.81,43.25,7.37,-0.06,0.13,0.00,9,1
1772053509.796533,2186924,-0.02,0.12,-0.12,-150.00,-75.50,60.63,0.13,-0.62,0.50,0.07,-0.13,-0.02,-139.81,43.19,7.37,-0.19,0.00,-0.44,8,1
1772053509.987069,2187114,0.05,0.06,-0.16,-150.12,-75.44,60.69,0.31,0.25,-0.19,0.06,-0.09,-0.03,-139.81,43.19,7.44,-0.25,-0.25,-0.50,7,1
1772053510.177934,2187305,0.00,0.08,-0.12,-150.00,-75.50,60.69,-1.06,-0.62,0.06,0.08,-0.10,-0.04,-139.75,43.19,7.50,-0.13,-0.06,-0.37,7,1
1772053510.368894,2187496,0.00,0.08,-0.11,-149.94,-75.50,60.69,0.00,-0.62,0.00,0.09,-0.08,-0.05,-139.75,43.19,7.50,0.13,0.19,-0.50,6,1
1772053510.560033,2187688,0.03,0.05,-0.11,-149.94,-75.56,60.69,0.31,-0.19,0.37,0.10,-0.07,-0.01,-139.75,43.19,7.50,0.00,-0.25,0.00,6,1
1772053510.750288,2187878,0.00,0.07,-0.12,-149.94,-75.56,60.63,0.81,0.25,-0.81,0.06,-0.06,-0.01,-139.75,43.19,7.50,-0.06,-0.06,0.06,5,1
1772053510.940515,2188068,0.02,0.06,-0.12,-150.12,-75.56,60.69,0.56,-0.31,0.25,0.09,-0.06,-0.02,-139.75,43.19,7.50,0.00,0.25,0.00,6,1
1772053511.131312,2188259,-0.01,0.13,-0.12,-150.06,-75.56,60.63,0.06,0.13,0.31,0.09,-0.08,-0.01,-139.75,43.19,7.50,-0.06,0.19,0.06,6,1
1772053511.322692,2188450,0.01,0.09,-0.14,-150.06,-75.56,60.63,-0.13,0.37,-0.25,0.04,-0.08,-0.05,-139.75,43.13,7.50,-0.44,-0.62,0.37,7,1
1772053511.514205,2188642,0.02,0.09,-0.10,-150.06,-75.50,60.63,-0.88,-0.37,-0.31,0.09,-0.07,-0.02,-139.75,43.13,7.50,0.37,-0.37,0.50,8,1
1772053511.705627,2188833,0.04,0.05,-0.07,-150.06,-75.44,60.63,0.31,-0.37,0.06,0.04,-0.14,-0.04,-139.75,43.19,7.50,0.37,-0.44,0.50,9,1
1772053511.895215,2189023,-0.01,0.04,-0.11,-150.06,-75.44,60.56,-0.19,-0.13,0.44,0.09,-0.10,0.00,-139.75,43.19,7.50,-0.25,-0.06,0.00,9,1
1772053512.086172,2189214,0.02,0.11,-0.11,-149.87,-75.37,60.38,0.37,0.13,-0.19,0.09,-0.10,-0.02,-139.75,43.19,7.50,-0.06,0.25,0.13,10,1
1772053512.277816,2189405,0.00,0.14,-0.10,-149.87,-75.31,60.31,-0.06,-0.31,-0.25,0.11,-0.12,-0.04,-139.75,43.13,7.56,-0.06,0.25,0.25,10,1
1772053512.469902,2189597,-0.03,0.10,-0.06,-149.81,-75.31,60.38,0.13,-0.31,0.06,0.09,-0.18,-0.07,-139.75,43.13,7.56,-0.31,-0.25,-0.31,9,1
1772053512.661229,2189789,0.02,0.04,-0.08,-150.00,-75.31,60.44,0.25,-0.06,0.13,0.07,-0.13,-0.03,-139.62,43.13,7.69,-0.75,0.25,-0.56,9,1
1772053512.853080,2189981,0.00,0.05,-0.08,-149.87,-75.31,60.38,-1.12,0.13,0.37,0.07,-0.11,-0.03,-139.50,43.00,7.87,-0.19,0.44,-0.75,9,2
1772053513.045831,2190173,0.01,0.06,-0.06,-149.75,-75.37,60.31,0.13,-0.25,-0.13,0.09,-0.13,-0.05,-139.50,43.00,7.87,-0.25,-0.06,-0.44,9,2
1772053513.237756,2190365,0.00,0.03,-0.06,-149.81,-75.37,60.31,0.25,-0.81,0.13,0.09,-0.12,-0.05,-139.50,43.00,7.94,0.00,-0.19,0.06,8,1
1772053513.428547,2190556,0.00,0.06,-0.06,-149.87,-75.37,60.31,0.94,0.56,-0.81,0.08,-0.13,-0.04,-139.50,43.00,7.94,0.00,-0.31,0.19,7,2
1772053513.620166,2190748,0.02,0.06,-0.12,-149.94,-75.44,60.38,0.31,-0.25,0.44,0.09,-0.12,-0.02,-139.50,43.00,7.94,0.06,0.19,0.00,7,2
1772053513.811653,2190939,0.01,0.08,-0.09,-149.81,-75.44,60.31,0.06,0.06,0.19,0.09,-0.12,-0.03,-139.50,43.00,7.94,-0.06,0.06,-0.06,7,2
1772053514.002118,2191130,0.01,0.06,-0.11,-149.81,-75.44,60.31,-0.06,0.00,-0.31,0.05,-0.08,-0.02,-139.44,43.00,7.94,-0.50,-0.44,0.44,7,2
1772053514.193545,2191321,0.00,0.08,-0.08,-150.00,-75.44,60.31,-1.00,0.44,-0.19,0.07,-0.11,-0.05,-139.44,43.00,7.94,0.19,0.00,0.31,9,2
1772053514.385487,2191513,0.02,0.05,-0.08,-150.06,-75.44,60.31,0.31,0.00,0.19,0.09,-0.17,-0.07,-139.44,43.00,7.94,0.00,-0.25,0.25,10,2
1772053514.577863,2191705,-0.03,0.03,-0.05,-149.94,-75.44,60.31,-0.44,-0.75,0.25,0.09,-0.11,-0.03,-139.44,43.00,7.94,-0.06,-0.25,0.19,9,2
1772053514.769743,2191897,-0.01,0.08,-0.06,-149.87,-75.44,60.25,-0.06,-0.25,0.00,0.07,-0.15,-0.04,-139.44,43.00,7.94,0.13,-0.06,0.50,8,2
1772053514.961656,2192089,0.03,0.07,-0.11,-149.94,-75.44,60.25,-0.19,0.69,0.00,0.10,-0.10,-0.03,-139.44,43.00,8.00,-0.19,0.13,0.19,7,2
1772053515.154011,2192282,0.01,0.10,-0.12,-149.87,-75.44,60.25,-1.19,0.06,-0.06,0.12,-0.18,-0.05,-139.44,43.00,8.00,0.06,0.19,0.19,8,2
1772053515.345784,2192473,0.00,0.11,-0.07,-150.00,-75.50,60.25,0.56,-0.19,0.06,0.08,-0.17,-0.09,-139.44,43.00,8.00,-0.37,-0.19,-0.06,9,2
1772053515.537020,2192665,0.00,0.01,-0.09,-150.12,-75.50,60.38,-0.19,-0.06,0.31,0.09,-0.15,-0.07,-139.37,42.94,8.13,-0.44,0.25,-0.94,10,2
1772053515.729492,2192857,0.00,0.07,-0.11,-150.00,-75.50,60.25,0.37,0.06,-0.25,0.11,-0.17,-0.06,-139.25,42.88,8.25,-0.31,0.19,-0.62,9,2
1772053515.921745,2193049,-0.01,0.07,-0.09,-150.00,-75.56,60.25,0.13,-0.62,-0.56,0.13,-0.18,0.00,-139.19,42.81,8.31,0.06,0.19,-0.19,8,1
1772053516.110849,2193239,-0.02,0.12,-0.07,-149.87,-75.56,60.25,0.13,0.06,0.06,0.11,-0.15,-0.04,-139.19,42.81,8.31,-0.25,0.06,-0.50,7,1
1772053516.303040,2193431,0.00,0.10,-0.07,-150.00,-75.62,60.31,-0.31,0.19,-0.50,0.08,-0.15,-0.05,-139.19,42.81,8.31,-0.13,0.37,-0.37,7,1
1772053516.495628,2193623,0.04,0.13,-0.11,-149.94,-75.62,60.31,-1.00,0.25,0.13,0.09,-0.15,-0.05,-139.19,42.81,8.31,-0.50,0.00,-0.31,7,1
1772053516.686952,2193815,0.00,0.10,-0.08,-149.94,-75.62,60.25,0.19,-0.25,0.00,0.08,-0.14,0.03,-139.19,42.81,8.31,0.25,0.06,-0.37,9,1
1772053516.879188,2194007,0.02,0.06,-0.09,-150.12,-75.62,60.38,0.31,0.00,0.31,0.10,-0.15,-0.05,-139.19,42.81,8.31,-0.19,-0.44,0.19,8,1
1772053517.071375,2194199,-0.03,0.09,-0.12,-150.12,-75.62,60.31,0.37,0.25,-0.88,0.10,-0.15,-0.02,-139.19,42.81,8.31,0.13,-0.50,0.37,7,1
1772053517.262826,2194391,0.04,0.08,-0.13,-150.25,-75.62,60.31,0.44,-0.69,0.19,0.14,-0.18,-0.02,-139.19,42.81,8.31,0.19,0.13,0.06,6,1
1772053517.454846,2194583,0.04,0.11,-0.12,-150.12,-75.62,60.25,0.19,-0.25,0.25,0.10,-0.14,-0.07,-139.19,42.81,8.31,0.13,0.13,0.19,6,2
1772053517.646403,2194774,0.01,0.13,-0.12,-150.12,-75.62,60.25,0.00,0.37,0.00,0.13,-0.18,-0.12,-139.25,42.81,8.31,-1.00,-0.75,0.19,7,2
1772053517.838601,2194966,0.00,0.09,-0.10,-150.12,-75.62,60.25,-0.50,0.25,-0.37,0.11,-0.14,-0.08,-139.44,42.94,8.00,-0.25,-0.06,0.06,7,2
1772053518.029993,2195158,0.00,0.09,-0.15,-150.19,-75.69,60.25,0.37,0.19,-0.56,0.07,-0.18,-0.05,-139.62,43.06,7.69,0.13,-0.13,0.06,8,2
1772053518.219475,2195347,0.00,0.06,-0.12,-150.19,-75.69,60.31,0.37,-0.62,0.19,0.10,-0.13,-0.03,-139.75,43.13,7.50,-0.44,0.13,-0.31,7,2
1772053518.411079,2195539,0.04,0.10,-0.11,-150.19,-75.69,60.19,0.56,0.06,0.25,0.09,-0.11,-0.02,-139.75,43.06,7.44,-0.25,0.31,-0.88,7,2
1772053518.603387,2195731,0.01,0.11,-0.14,-150.12,-75.62,60.19,0.19,-0.50,-0.50,0.09,-0.08,0.00,-139.75,43.13,7.44,-0.13,-0.19,-0.13,6,2
1772053518.795039,2195923,-0.02,0.10,-0.09,-149.94,-75.62,60.13,0.00,-0.88,-0.06,0.08,-0.10,-0.04,-139.75,43.13,7.37,0.25,-0.25,-0.50,6,2
1772053518.986655,2196114,0.01,0.05,-0.10,-150.00,-75.56,60.19,-0.13,0.19,-0.50,0.06,-0.09,-0.05,-139.75,43.13,7.37,0.13,0.19,-0.13,8,2
1772053519.178338,2196306,0.00,0.09,-0.10,-149.94,-75.56,60.06,-0.69,0.19,0.25,0.08,-0.06,-0.03,-139.75,43.13,7.37,-0.13,-0.13,-0.06,7,3
1772053519.370114,2196498,0.00,0.05,-0.08,-149.87,-75.50,60.00,0.13,0.19,0.13,0.07,-0.06,-0.04,-139.75,43.13,7.44,-0.75,-0.75,0.13,8,1
1772053519.562745,2196690,-0.03,0.01,-0.06,-149.94,-75.44,60.00,-0.44,-0.06,0.06,0.08,-0.05,-0.04,-139.75,43.13,7.44,-0.13,-0.50,0.13,7,1
1772053519.754440,2196882,0.00,0.05,-0.08,-150.00,-75.44,60.00,0.44,0.25,-0.44,0.06,-0.09,-0.05,-139.75,43.06,7.44,0.06,-0.37,0.25,7,1
1772053519.947371,2197075,0.00,0.01,-0.08,-150.00,-75.44,60.00,0.37,-0.50,0.25,0.06,-0.07,0.00,-139.75,43.06,7.44,-0.13,-0.06,0.06,7,2
1772053520.139097,2197267,0.00,0.11,-0.10,-149.94,-75.44,59.94,0.56,0.00,0.06,0.06,-0.07,-0.02,-139.75,43.06,7.44,0.13,-0.13,0.13,8,2
1772053520.331061,2197459,0.00,0.05,-0.08,-149.94,-75.50,59.94,-0.19,0.13,0.06,0.09,-0.08,-0.01,-139.75,43.06,7.44,0.00,0.13,0.13,8,2
1772053520.523206,2197651,0.00,0.07,-0.08,-150.06,-75.44,59.94,-0.88,0.69,0.19,0.08,-0.14,-0.05,-139.75,43.06,7.44,0.44,0.19,0.19,8,2
1772053520.715356,2197843,0.06,0.07,-0.09,-150.06,-75.44,59.94,0.69,0.44,0.06,0.07,-0.15,-0.04,-139.75,43.06,7.44,-0.25,-0.25,-0.19,8,2
1772053520.906536,2198034,0.00,0.03,-0.08,-150.06,-75.50,60.00,-0.81,-0.25,0.25,0.08,-0.13,-0.04,-139.75,43.06,7.44,0.00,-0.13,-0.13,8,2
1772053521.099111,2198227,0.01,0.04,-0.11,-150.00,-75.50,59.94,0.62,0.50,-0.25,0.09,-0.13,-0.05,-139.75,43.06,7.44,-0.19,-0.06,-0.69,8,1
1772053521.290639,2198418,0.03,0.04,-0.08,-150.00,-75.50,59.94,-0.25,-1.44,0.25,0.09,-0.13,0.00,-139.62,43.00,7.62,-0.19,-0.06,-0.69,8,1
1772053521.480192,2198608,0.05,0.11,-0.09,-149.87,-75.56,59.94,0.06,0.19,-0.37,0.10,-0.10,-0.05,-139.56,42.94,7.69,-0.31,0.19,-0.50,9,1
1772053521.672499,2198800,0.02,0.07,-0.06,-150.00,-75.56,60.00,0.06,0.19,-0.25,0.10,-0.13,-0.03,-139.56,42.94,7.69,0.06,0.50,-0.37,9,1
1772053521.864947,2198993,0.02,0.13,-0.09,-149.94,-75.50,59.88,-0.50,0.37,0.44,0.07,-0.10,-0.02,-139.56,42.94,7.69,0.13,0.06,0.06,8,1
1772053522.056405,2199184,0.02,0.11,-0.14,-150.00,-75.50,59.88,-0.50,0.75,0.75,0.10,-0.10,-0.02,-139.56,42.94,7.69,0.06,0.31,0.31,7,1
1772053522.248415,2199376,0.00,0.13,-0.11,-150.06,-75.50,59.81,-1.00,0.56,0.25,0.11,-0.16,-0.03,-139.56,42.94,7.69,0.13,0.00,0.06,8,1
1772053522.440487,2199569,0.03,0.06,-0.14,-150.25,-75.44,59.88,0.56,0.56,0.19,0.11,-0.12,-0.03,-139.56,42.94,7.69,-0.31,0.06,-0.25,9,1
1772053522.632331,2199760,0.02,0.05,-0.13,-150.31,-75.44,59.88,-0.94,0.06,0.44,0.09,-0.12,-0.03,-139.56,42.94,7.69,0.00,0.06,-0.37,9,1
1772053522.825087,2199953,0.04,0.10,-0.10,-150.25,-75.44,59.75,0.19,-0.50,-0.31,0.12,-0.14,-0.04,-139.56,42.94,7.69,0.50,-0.44,-0.06,8,1
1772053523.017547,2200145,0.05,0.07,-0.12,-150.25,-75.50,59.81,0.56,-1.12,-0.19,0.10,-0.14,-0.02,-139.56,42.94,7.75,0.44,-0.44,0.44,8,1
1772053523.210032,2200338,0.01,0.13,-0.08,-150.06,-75.56,59.75,0.37,0.13,0.06,0.12,-0.17,-0.02,-139.56,42.94,7.75,-0.13,-0.25,0.31,8,1
1772053523.401894,2200530,0.02,0.07,-0.12,-150.31,-75.50,59.81,0.19,0.31,-0.37,0.11,-0.16,-0.03,-139.62,42.94,7.69,0.13,-0.06,0.19,8,1
1772053523.594104,2200722,0.03,0.14,-0.14,-150.25,-75.50,59.75,-0.44,0.06,-0.06,0.13,-0.18,-0.04,-139.62,42.94,7.69,0.00,-0.25,0.13,8,1
1772053523.786353,2200914,-0.01,0.13,-0.14,-150.25,-75.50,59.75,-0.19,-0.31,0.19,0.11,-0.17,-0.01,-139.56,42.94,7.75,0.31,0.31,-0.19,9,1
1772053523.978434,2201106,0.02,0.10,-0.11,-150.25,-75.50,59.81,0.25,-0.81,0.37,0.12,-0.19,-0.07,-139.50,42.88,7.81,0.00,0.06,-0.56,9,1
1772053524.171279,2201299,0.01,0.07,-0.13,-150.25,-75.56,59.81,0.19,0.13,-0.19,0.12,-0.13,-0.03,-139.50,42.88,7.87,-0.25,0.19,-0.44,9,1
1772053524.364128,2201492,0.01,0.11,-0.12,-150.12,-75.56,59.81,-1.12,-0.19,0.37,0.13,-0.16,-0.03,-139.44,42.81,7.94,0.00,0.13,-0.62,8,1
1772053524.555831,2201684,0.03,0.07,-0.13,-150.06,-75.56,59.69,0.37,0.00,-0.50,0.08,-0.11,-0.01,-139.44,42.81,7.94,-0.06,-0.31,0.37,7,1
1772053524.747550,2201876,0.01,0.07,-0.11,-150.06,-75.62,59.75,-0.44,0.37,0.00,0.10,-0.14,0.00,-139.44,42.81,7.94,0.37,-0.06,0.25,8,1
1772053524.939507,2202068,0.04,0.08,-0.15,-150.12,-75.62,59.75,0.56,0.06,0.19,0.10,-0.15,-0.02,-139.44,42.81,7.94,0.06,0.13,-0.06,8,1
1772053525.132588,2202260,0.01,0.07,-0.10,-150.12,-75.69,59.75,-0.88,-0.25,0.56,0.09,-0.14,-0.02,-139.44,42.81,7.94,-0.06,0.06,-0.06,8,1
1772053525.325125,2202453,0.03,0.15,-0.10,-150.00,-75.62,59.63,0.56,0.25,-0.19,0.11,-0.14,0.00,-139.44,42.81,7.94,0.13,-0.13,0.06,7,1
1772053525.518159,2202646,0.01,0.12,-0.15,-150.06,-75.62,59.63,1.00,0.06,-0.81,0.10,-0.16,0.00,-139.44,42.81,8.00,-0.06,0.06,0.19,7,1
1772053525.709788,2202838,-0.01,0.12,-0.10,-149.94,-75.56,59.56,0.31,-0.31,0.13,0.11,-0.19,-0.04,-139.44,42.81,7.94,0.13,-0.19,0.19,8,1
1772053525.901236,2203029,0.00,0.12,-0.10,-150.00,-75.56,59.56,-0.50,-0.31,-0.13,0.09,-0.14,-0.01,-139.44,42.81,7.94,0.00,0.19,0.31,8,1
1772053526.092997,2203221,0.00,0.12,-0.09,-149.81,-75.50,59.44,-0.94,0.06,0.00,0.10,-0.18,-0.03,-139.44,42.81,7.94,-0.19,-0.25,0.44,8,1
1772053526.285547,2203413,0.00,0.09,-0.07,-149.75,-75.44,59.38,0.56,-0.19,-0.31,0.13,-0.20,-0.04,-139.50,42.81,7.87,-0.06,-0.06,-0.31,7,1
1772053526.475852,2203604,0.03,0.00,-0.04,-149.87,-75.37,59.44,0.31,-0.62,0.19,0.11,-0.12,-0.03,-139.62,42.94,7.62,-0.44,-0.37,-0.31,7,1
1772053526.668477,2203796,0.00,0.05,-0.10,-149.87,-75.37,59.44,0.56,0.88,-0.88,0.06,-0.10,-0.02,-139.75,42.94,7.50,-0.31,0.19,-0.62,7,1
1772053526.860880,2203989,0.00,0.06,-0.07,-149.94,-75.37,59.44,0.25,-0.19,0.19,0.10,-0.12,-0.02,-139.69,43.00,7.37,-0.19,0.69,-0.62,7,1
1772053527.051011,2204179,0.02,0.12,-0.08,-149.81,-75.37,59.31,-0.25,-0.25,0.25,0.07,-0.08,-0.02,-139.69,43.00,7.31,-0.13,0.25,-0.37,8,1
1772053527.243711,2204371,0.00,0.11,-0.07,-149.75,-75.44,59.31,0.00,-0.37,-0.81,0.06,-0.10,-0.01,-139.69,43.00,7.31,-0.06,0.31,-0.31,9,1
1772053527.435577,2204563,-0.02,0.08,-0.03,-149.87,-75.44,59.38,-0.06,-0.25,-0.19,0.05,-0.11,-0.04,-139.75,43.00,7.31,0.25,0.13,-0.25,9,1
1772053527.626733,2204755,0.01,0.06,-0.07,-150.00,-75.44,59.44,-0.37,0.44,-0.37,0.08,-0.07,0.00,-139.75,43.00,7.31,-0.06,0.37,-0.31,7,1
1772053527.818141,2204946,0.02,0.12,-0.06,-149.81,-75.44,59.31,-1.37,0.06,0.25,0.07,-0.11,-0.02,-139.69,43.00,7.31,-0.19,0.25,-0.19,7,1
1772053528.009674,2205138,0.00,0.07,-0.08,-149.75,-75.44,59.25,0.31,0.13,-0.25,0.06,-0.08,0.03,-139.69,43.00,7.31,-0.06,-0.06,-0.19,6,1
1772053528.201598,2205330,0.03,0.03,-0.07,-150.00,-75.44,59.31,0.75,-0.25,0.37,0.05,-0.08,-0.02,-139.69,43.00,7.31,0.13,-0.19,0.13,7,1
1772053528.395288,2205523,0.00,0.09,-0.07,-149.87,-75.50,59.31,0.13,-0.13,-0.25,0.09,-0.07,-0.03,-139.75,43.00,7.31,0.00,-0.31,0.37,8,1
1772053528.587969,2205716,0.01,0.06,-0.06,-149.87,-75.50,59.31,0.25,-0.31,-0.13,0.10,-0.12,-0.05,-139.75,43.00,7.25,0.13,0.19,0.31,7,1
1772053528.779969,2205908,0.00,0.16,-0.04,-149.75,-75.50,59.19,0.31,0.56,0.19,0.08,-0.14,-0.03,-139.75,43.00,7.25,0.13,-0.06,0.50,7,1
1772053528.971570,2206100,0.07,0.04,-0.11,-149.81,-75.50,59.25,0.25,0.13,-0.37,0.04,-0.09,0.00,-139.75,43.00,7.31,-0.31,-0.25,0.13,7,1
1772053529.162961,2206291,0.00,0.09,-0.09,-149.75,-75.56,59.31,-0.75,-0.25,-0.31,0.12,-0.17,-0.03,-139.75,43.00,7.31,0.37,0.13,-0.06,7,1
1772053529.354381,2206482,0.01,0.06,-0.11,-149.87,-75.56,59.38,0.75,0.44,0.00,0.08,-0.12,-0.03,-139.75,43.00,7.31,-0.19,-0.06,-0.69,8,2
1772053529.545241,2206673,-0.01,0.04,-0.07,-149.69,-75.62,59.31,-0.75,-0.44,0.69,0.10,-0.14,-0.03,-139.62,42.88,7.44,-0.31,0.13,-0.75,9,2
1772053529.735020,2206863,0.00,0.09,-0.09,-149.50,-75.62,59.19,0.31,0.06,0.25,0.11,-0.10,0.00,-139.56,42.81,7.56,0.13,0.31,-0.50,10,2
1772053529.926491,2207054,0.02,0.10,-0.08,-149.44,-75.62,59.19,0.25,-0.69,-0.06,0.11,-0.11,0.00,-139.56,42.81,7.56,0.06,-0.31,-0.13,10,2
1772053530.117729,2207246,0.00,0.10,-0.09,-149.56,-75.62,59.25,0.75,0.13,-1.06,0.09,-0.11,0.01,-139.62,42.81,7.62,0.00,-0.50,0.19,10,2
1772053530.310236,2207438,0.03,0.04,-0.08,-149.81,-75.62,59.38,0.44,0.00,0.06,0.09,-0.14,-0.02,-139.62,42.81,7.62,0.19,0.00,-0.06,9,2
1772053530.504064,2207632,0.01,0.12,-0.08,-149.69,-75.62,59.25,-0.19,0.00,0.50,0.09,-0.11,-0.02,-139.62,42.81,7.62,-0.06,-0.25,0.19,11,2
1772053530.697074,2207825,0.03,0.07,-0.13,-149.69,-75.62,59.25,-0.13,0.50,-0.06,0.08,-0.10,-0.01,-139.62,42.75,7.62,-0.25,-0.50,0.37,11,2
1772053530.888158,2208016,0.04,0.06,-0.10,-149.81,-75.69,59.31,-0.94,0.44,-0.19,0.09,-0.09,-0.03,-139.62,42.75,7.62,0.44,-0.13,0.25,10,2
1772053531.079387,2208207,0.03,0.07,-0.11,-149.94,-75.62,59.31,0.56,0.19,0.13,0.11,-0.15,-0.01,-139.62,42.75,7.62,-0.13,-0.31,0.13,9,2
1772053531.270672,2208399,0.00,0.06,-0.12,-149.94,-75.69,59.31,-0.19,-0.69,0.37,0.10,-0.10,-0.03,-139.62,42.75,7.62,0.13,-0.31,0.00,8,2
1772053531.461790,2208590,0.02,0.08,-0.10,-149.81,-75.69,59.25,0.13,0.37,-0.19,0.08,-0.10,-0.02,-139.62,42.75,7.62,-0.06,-0.06,0.13,8,2
1772053531.652320,2208780,0.01,0.05,-0.09,-149.87,-75.69,59.25,0.13,1.06,-0.19,0.08,-0.11,-0.01,-139.62,42.75,7.69,-0.31,0.00,0.31,7,2
1772053531.842446,2208971,0.02,0.11,-0.10,-149.87,-75.69,59.31,-0.81,-0.06,-0.13,0.11,-0.15,0.00,-139.62,42.75,7.69,0.19,0.13,0.37,7,2
1772053532.033553,2209162,0.02,0.09,-0.07,-149.94,-75.75,59.38,0.62,-0.06,0.06,0.08,-0.17,-0.05,-139.56,42.75,7.75,-0.19,-0.06,0.25,8,2
1772053532.224404,2209353,0.00,0.05,-0.10,-149.94,-75.75,59.38,-0.19,-0.37,0.50,0.12,-0.20,-0.03,-139.56,42.75,7.75,-0.31,0.06,0.00,8,2
1772053532.415325,2209543,0.02,0.08,-0.14,-149.87,-75.75,59.31,0.56,0.31,-0.06,0.11,-0.15,-0.03,-139.56,42.75,7.75,-0.06,0.13,-0.37,8,2
1772053532.606470,2209734,-0.01,0.07,-0.11,-149.81,-75.75,59.25,0.31,-0.75,-0.31,0.11,-0.19,-0.02,-139.56,42.75,7.81,-0.06,0.00,-0.62,8,1
1772053532.796258,2209924,0.00,0.14,-0.10,-149.81,-75.81,59.25,-0.06,-0.44,0.25,0.12,-0.11,-0.05,-139.62,42.75,7.69,-0.06,0.13,-0.69,9,2
1772053532.987018,2210115,0.00,0.10,-0.10,-149.94,-75.81,59.31,-0.06,0.31,-0.62,0.08,-0.10,-0.01,-139.69,42.81,7.50,0.13,0.06,-0.25,10,1
1772053533.177993,2210306,0.02,0.12,-0.09,-149.87,-75.81,59.25,-0.88,-0.13,0.00,0.11,-0.11,-0.03,-139.75,42.88,7.31,-0.19,-0.13,-0.13,11,2
1772053533.368584,2210497,0.01,0.10,-0.11,-149.87,-75.81,59.25,0.06,0.69,0.13,0.07,-0.08,-0.06,-139.81,42.94,7.25,-0.56,-0.19,0.19,11,2
1772053533.559491,2210687,0.02,0.07,-0.08,-150.00,-75.81,59.31,-0.50,-0.56,-0.06,0.09,-0.06,-0.02,-139.81,42.94,7.19,-0.13,-0.13,0.25,11,2
1772053533.749297,2210877,0.00,0.09,-0.12,-150.06,-75.81,59.31,0.69,0.25,-0.50,0.07,-0.08,-0.03,-139.81,43.00,7.12,0.19,-0.31,0.19,11,2
1772053533.940052,2211068,0.02,0.03,-0.12,-150.12,-75.81,59.38,0.62,-0.37,0.19,0.07,-0.10,0.00,-139.81,43.00,7.12,-0.19,-0.06,-0.19,12,2
1772053534.130531,2211259,0.03,0.13,-0.11,-150.06,-75.81,59.25,0.37,-0.19,0.06,0.07,-0.03,0.00,-139.81,43.00,7.12,0.25,-0.06,-0.06,11,2
1772053534.321337,2211450,0.05,0.13,-0.13,-150.06,-75.81,59.25,-0.44,0.62,0.13,0.10,-0.04,-0.05,-139.81,43.00,7.12,0.25,0.19,0.25,11,2
1772053534.511971,2211640,-0.01,0.17,-0.09,-149.87,-75.94,59.25,-1.06,0.06,-0.06,0.06,-0.12,-0.05,-139.81,43.00,7.12,0.19,-0.19,0.37,10,2
1772053534.702532,2211831,0.04,0.11,-0.13,-150.12,-75.94,59.38,0.50,-0.13,-0.06,0.08,-0.11,-0.07,-139.81,43.00,7.12,-0.19,-0.13,0.37,9,2
1772053534.892926,2212021,0.00,0.05,-0.10,-150.12,-76.00,59.44,-0.44,-0.44,0.44,0.07,-0.14,-0.01,-139.81,43.00,7.12,-0.06,0.13,0.00,8,2
1772053535.083257,2212212,0.00,0.11,-0.10,-150.06,-76.00,59.38,0.37,-0.13,0.00,0.06,-0.14,0.01,-139.81,43.00,7.12,0.00,0.50,-0.50,6,2
1772053535.274366,2212403,0.04,0.10,-0.09,-150.00,-76.06,59.38,-0.13,-0.62,0.06,0.08,-0.10,-0.03,-139.81,42.94,7.19,-0.31,0.31,-0.94,6,2
1772053535.464966,2212593,0.00,0.10,-0.12,-150.00,-76.06,59.38,0.19,0.19,-0.69,0.08,-0.11,-0.03,-139.69,42.88,7.31,-0.25,0.56,-0.75,5,2
1772053535.655818,2212784,0.03,0.08,-0.11,-150.06,-76.06,59.44,0.19,-0.06,-0.06,0.10,-0.13,-0.01,-139.56,42.81,7.44,-0.06,0.69,-0.75,5,2
1772053535.846353,2212974,0.03,0.17,-0.09,-149.87,-76.06,59.25,-0.13,-0.25,0.44,0.09,-0.14,-0.07,-139.44,42.75,7.50,-0.19,0.31,-0.75,4,1
1772053536.036963,2213165,0.02,0.07,-0.13,-149.94,-76.12,59.31,0.31,-0.75,-0.69,0.11,-0.13,0.00,-139.44,42.75,7.50,0.19,-0.13,-0.13,5,1
1772053536.227954,2213356,0.01,0.15,-0.11,-149.87,-76.12,59.31,0.56,0.25,0.00,0.09,-0.12,-0.04,-139.44,42.75,7.50,-0.25,0.06,-0.19,5,1
1772053536.418508,2213547,0.00,0.10,-0.11,-150.06,-76.19,59.44,-0.25,-0.13,-0.50,0.06,-0.11,-0.04,-139.44,42.75,7.50,0.13,0.62,-0.06,6,1
1772053536.609004,2213737,0.02,0.15,-0.09,-149.87,-76.19,59.31,-0.88,0.19,0.62,0.10,-0.11,-0.02,-139.44,42.75,7.50,-0.06,0.13,0.06,5,2
1772053536.799696,2213928,0.01,0.12,-0.12,-149.87,-76.19,59.31,0.19,0.37,-0.13,0.08,-0.11,-0.06,-139.44,42.75,7.50,-0.56,-0.50,0.25,7,2
1772053536.990642,2214119,0.02,0.05,-0.11,-149.94,-76.12,59.31,-0.56,-0.50,-0.06,0.10,-0.11,-0.02,-139.44,42.75,7.50,0.00,-0.44,-0.06,7,2
1772053537.181218,2214310,0.00,0.05,-0.12,-149.94,-76.06,59.25,0.88,0.19,-0.75,0.09,-0.12,-0.03,-139.44,42.75,7.50,0.13,-0.31,0.25,9,2
1772053537.372076,2214500,-0.01,0.05,-0.07,-149.94,-76.00,59.31,0.62,-0.81,0.25,0.07,-0.16,-0.04,-139.44,42.75,7.50,0.37,-0.13,0.19,9,2
1772053537.562561,2214691,0.00,0.09,-0.06,-149.75,-75.94,59.19,0.19,-0.25,0.06,0.08,-0.14,-0.07,-139.44,42.75,7.50,0.13,-0.13,0.25,10,2
1772053537.753298,2214882,0.00,0.05,-0.08,-149.69,-75.94,59.13,0.00,0.75,-0.31,0.06,-0.13,-0.03,-139.37,42.75,7.56,-0.62,-0.62,0.44,10,2
1772053537.943912,2215072,0.00,0.06,-0.08,-149.75,-75.87,59.13,-0.88,0.19,-0.06,0.09,-0.17,-0.03,-139.37,42.75,7.56,0.00,0.06,0.44,10,2
1772053538.134999,2215263,0.04,0.07,-0.10,-149.81,-75.87,59.13,0.31,0.13,0.13,0.09,-0.18,-0.08,-139.37,42.75,7.62,-0.37,-0.13,-0.06,10,2
1772053538.325668,2215454,-0.02,0.03,-0.04,-149.75,-75.94,59.13,-0.06,-0.37,0.19,0.11,-0.18,-0.09,-139.37,42.75,7.62,-0.37,0.13,-0.19,9,2
1772053538.515992,2215644,0.00,0.06,-0.08,-149.69,-75.94,59.13,0.50,0.13,-0.13,0.13,-0.14,-0.05,-139.37,42.75,7.62,0.19,0.31,-0.94,9,1
1772053538.707037,2215835,0.01,0.06,-0.07,-149.56,-76.00,59.13,-0.31,-0.62,0.19,0.08,-0.15,-0.06,-139.31,42.69,7.75,-0.37,-0.25,-0.50,8,1
1772053538.897330,2216026,0.03,0.12,-0.09,-149.56,-76.00,59.13,0.13,0.19,-0.50,0.10,-0.14,-0.04,-139.25,42.69,7.75,-0.13,0.06,-0.31,7,1
1772053539.088134,2216216,0.00,0.07,-0.12,-149.69,-76.00,59.19,-0.19,0.19,-0.25,0.10,-0.13,-0.07,-139.25,42.69,7.75,0.06,0.25,-0.25,5,1
1772053539.278710,2216407,0.00,0.11,-0.05,-149.56,-76.00,59.06,-0.56,0.06,0.37,0.09,-0.12,-0.05,-139.25,42.69,7.75,0.13,0.06,-0.06,4,1
1772053539.469149,2216598,0.06,0.14,-0.10,-149.62,-76.00,59.06,-0.37,0.31,0.44,0.11,-0.11,-0.02,-139.25,42.69,7.81,0.00,0.13,0.31,4,1
1772053539.659951,2216788,-0.01,0.16,-0.11,-149.69,-76.00,59.06,-0.37,0.06,0.19,0.13,-0.15,-0.07,-139.25,42.69,7.81,0.13,-0.37,0.13,4,1
1772053539.850748,2216979,0.01,0.06,-0.11,-149.87,-76.00,59.13,0.00,0.19,-0.44,0.09,-0.13,-0.05,-139.31,42.63,7.81,-0.37,-0.37,0.19,4,1
1772053540.041382,2217170,0.00,0.11,-0.08,-149.87,-76.00,59.13,-1.00,0.00,0.19,0.09,-0.15,-0.06,-139.31,42.63,7.81,0.00,0.00,0.06,4,1
1772053540.232073,2217360,-0.01,0.07,-0.08,-149.87,-76.00,59.13,0.50,-0.06,0.00,0.10,-0.18,-0.10,-139.31,42.63,7.81,0.56,-0.19,0.00,4,1
1772053540.422847,2217551,0.00,0.07,-0.02,-149.75,-76.06,59.13,-0.06,-0.94,0.25,0.08,-0.15,-0.05,-139.31,42.63,7.87,-0.13,0.00,-0.06,6,1
1772053540.613597,2217742,-0.01,0.07,-0.11,-149.81,-76.06,59.13,0.81,0.81,-0.56,0.10,-0.17,-0.07,-139.31,42.63,7.87,-0.13,-0.06,0.06,7,1
1772053540.804091,2217932,0.01,0.06,-0.13,-149.87,-76.06,59.13,0.56,-0.31,0.06,0.11,-0.21,-0.06,-139.31,42.63,7.87,-0.13,0.37,-0.13,8,1
1772053540.994905,2218123,0.02,0.12,-0.11,-149.81,-76.06,59.06,0.06,-0.13,0.00,0.13,-0.20,-0.03,-139.31,42.63,7.87,0.00,0.13,-0.19,9,1
1772053541.185787,2218314,-0.02,0.06,-0.13,-149.81,-76.06,59.06,0.13,-0.37,-0.56,0.09,-0.20,-0.02,-139.31,42.63,7.81,0.00,-0.06,-0.50,9,1
1772053541.376262,2218505,0.00,0.08,-0.10,-149.75,-76.06,59.06,0.37,-0.44,0.00,0.10,-0.15,-0.07,-139.44,42.69,7.62,-0.44,0.31,-0.81,10,1
1772053541.566836,2218695,0.01,0.08,-0.12,-149.87,-76.06,59.13,-0.31,0.00,-0.50,0.08,-0.12,-0.04,-139.50,42.69,7.44,0.00,0.37,-0.69,10,1
1772053541.757804,2218886,0.00,0.07,-0.12,-149.62,-76.12,59.13,-1.94,0.37,-0.37,0.08,-0.10,-0.03,-139.56,42.75,7.31,0.06,0.00,-0.44,10,1
1772053541.948612,2219077,0.00,0.10,-0.13,-149.50,-76.12,59.00,-0.19,0.50,0.25,0.03,-0.07,-0.04,-139.62,42.81,7.19,-0.06,-0.13,0.13,10,1
1772053542.139015,2219268,0.03,0.13,-0.15,-149.56,-76.12,59.00,-0.75,0.13,0.25,0.12,-0.10,-0.05,-139.69,42.81,7.12,0.25,0.00,-0.06,9,1
1772053542.329961,2219458,-0.02,0.08,-0.10,-149.81,-76.06,59.06,0.50,-0.19,-0.13,0.07,-0.08,-0.04,-139.75,42.81,7.06,-0.19,-0.37,0.00,8,1
1772053542.520450,2219649,-0.01,0.11,-0.11,-149.75,-76.06,59.00,-1.06,-0.19,0.44,0.08,-0.09,-0.04,-139.75,42.81,7.06,0.19,0.25,-0.13,7,1
1772053542.710975,2219840,0.03,0.09,-0.13,-149.81,-76.06,59.06,-1.31,0.75,-0.31,0.09,-0.10,-0.02,-139.75,42.81,7.06,0.06,0.19,0.06,6,1
1772053542.901997,2220030,-0.03,0.07,-0.13,-149.94,-76.06,59.06,1.06,-0.37,-1.06,0.09,-0.12,0.00,-139.69,42.81,7.12,0.62,-0.06,0.31,6,1
1772053543.092406,2220221,-0.02,0.11,-0.08,-149.81,-76.00,58.94,0.00,-0.75,0.19,0.09,-0.14,-0.04,-139.75,42.81,7.12,0.31,0.25,0.06,5,1
1772053543.282961,2220412,0.02,0.05,-0.13,-149.81,-75.94,58.88,0.31,0.37,-0.31,0.08,-0.13,-0.03,-139.75,42.81,7.06,0.06,0.44,0.19,5,1
1772053543.473689,2220602,0.03,0.11,-0.10,-149.69,-75.87,58.81,-0.81,0.25,0.31,0.09,-0.12,0.00,-139.75,42.81,7.06,0.00,0.25,0.19,5,1
1772053543.664501,2220793,0.00,0.05,-0.09,-149.69,-75.81,58.81,-0.06,-0.31,-0.19,0.08,-0.16,0.00,-139.75,42.81,7.06,0.19,0.06,-0.44,6,1
1772053543.855470,2220984,0.02,0.01,-0.04,-149.75,-75.81,58.81,0.31,-0.69,0.19,0.10,-0.10,-0.05,-139.69,42.81,7.12,-0.44,-0.31,-0.25,6,1
1772053544.045947,2221174,0.02,0.04,-0.11,-149.75,-75.81,58.75,0.56,0.88,-0.69,0.06,-0.14,-0.03,-139.69,42.75,7.19,-0.19,0.31,-0.69,7,1
1772053544.236552,2221365,0.01,0.03,-0.11,-149.75,-75.81,58.81,0.44,-0.31,0.00,0.13,-0.14,-0.04,-139.56,42.69,7.31,-0.19,0.19,-0.56,8,1
1772053544.427366,2221556,0.00,0.09,-0.09,-149.69,-75.81,58.69,-0.13,-0.56,0.25,0.09,-0.11,-0.02,-139.50,42.69,7.37,-0.06,0.13,-0.50,9,1
1772053544.618003,2221746,0.02,0.12,-0.10,-149.62,-75.81,58.63,-0.50,-0.37,0.13,0.09,-0.14,-0.02,-139.50,42.63,7.44,0.00,-0.06,-0.06,10,1
1772053544.808661,2221937,0.00,0.12,-0.09,-149.50,-75.87,58.63,-0.44,0.00,0.06,0.09,-0.18,-0.06,-139.50,42.63,7.44,0.13,0.13,0.25,11,1
1772053544.999422,2222128,0.01,0.03,-0.09,-149.69,-75.87,58.69,-0.06,0.13,-0.37,0.09,-0.10,-0.04,-139.50,42.63,7.44,-0.06,-0.06,0.06,11,1
1772053545.190046,2222319,0.00,0.07,-0.10,-149.62,-75.87,58.69,-1.25,-0.13,0.19,0.11,-0.13,-0.03,-139.50,42.63,7.44,0.06,0.19,0.00,11,1
1772053545.380868,2222509,0.04,0.06,-0.09,-149.56,-75.87,58.63,0.19,0.06,-0.19,0.09,-0.15,-0.02,-139.50,42.63,7.44,0.00,-0.19,-0.06,11,1
1772053545.571468,2222700,0.02,0.03,-0.13,-149.69,-75.94,58.69,0.88,-0.50,-0.37,0.07,-0.14,0.00,-139.50,42.63,7.44,0.06,-0.25,0.06,10,1
1772053545.762298,2222891,-0.01,0.06,-0.06,-149.62,-75.94,58.63,0.56,-0.56,0.25,0.10,-0.11,-0.05,-139.50,42.63,7.44,0.37,-0.50,0.44,9,1
1772053545.952851,2223081,0.00,0.05,-0.07,-149.69,-75.94,58.69,-0.37,0.19,-0.50,0.08,-0.14,-0.02,-139.50,42.63,7.44,0.31,0.31,0.44,8,1
1772053546.143629,2223272,0.01,0.11,-0.07,-149.62,-75.94,58.56,-0.56,0.25,0.25,0.12,-0.16,-0.05,-139.50,42.69,7.44,-0.06,0.06,0.56,7,1
1772053546.334395,2223463,-0.02,0.09,-0.10,-149.62,-75.94,58.56,0.19,-0.25,-0.19,0.09,-0.16,-0.05,-139.50,42.69,7.44,-0.56,-0.44,-0.19,6,1
1772053546.525021,2223653,0.00,0.01,-0.09,-149.62,-76.00,58.69,-0.31,-0.37,-0.25,0.12,-0.15,-0.05,-139.50,42.63,7.44,-0.13,-0.31,0.13,5,1
1772053546.715509,2223844,0.00,0.05,-0.09,-149.75,-76.00,58.69,0.25,0.62,-0.62,0.10,-0.19,-0.07,-139.50,42.63,7.44,0.00,0.06,-0.62,5,0
1772053546.906225,2224035,0.02,0.00,-0.07,-149.69,-76.06,58.75,0.25,-1.44,0.37,0.14,-0.18,-0.06,-139.37,42.63,7.50,-0.44,0.50,-0.62,5,1
1772053547.096957,2224225,0.01,0.07,-0.11,-149.37,-76.06,58.56,0.31,0.31,0.00,0.12,-0.15,-0.10,-139.31,42.56,7.56,-0.13,0.19,-0.81,4,1
1772053547.287708,2224416,0.02,0.04,-0.09,-149.37,-76.12,58.63,-0.44,-0.69,-0.44,0.08,-0.17,0.03,-139.31,42.56,7.56,0.31,0.13,-0.06,5,1
1772053547.478061,2224607,0.03,0.12,-0.12,-149.31,-76.12,58.63,0.06,0.13,-0.06,0.11,-0.17,-0.03,-139.31,42.56,7.56,0.00,0.06,0.31,6,1
1772053547.668806,2224798,0.01,0.02,-0.12,-149.50,-76.19,58.69,0.06,0.13,-0.50,0.12,-0.14,-0.03,-139.31,42.56,7.56,0.13,0.44,0.00,7,1
1772053547.859641,2224988,0.00,0.11,-0.07,-149.44,-76.19,58.63,-0.69,0.00,0.31,0.10,-0.15,-0.08,-139.31,42.56,7.56,0.13,0.19,0.13,8,1
1772053548.050608,2225179,-0.03,0.05,-0.13,-149.44,-76.19,58.63,0.13,0.44,-0.06,0.06,-0.10,-0.03,-139.31,42.56,7.62,-0.19,-0.44,0.13,9,1
1772053548.240897,2225369,0.01,0.07,-0.12,-149.50,-76.19,58.63,-1.00,0.31,-0.19,0.10,-0.15,-0.04,-139.31,42.56,7.62,0.06,-0.37,0.31,10,1
1772053548.431713,2225560,0.01,0.07,-0.14,-149.62,-76.19,58.69,0.44,-0.37,0.25,0.11,-0.17,-0.05,-139.31,42.56,7.62,0.25,-0.44,0.44,11,1
1772053548.622636,2225751,0.00,0.01,-0.10,-149.62,-76.25,58.69,-0.69,-0.62,0.50,0.11,-0.15,-0.02,-139.31,42.56,7.62,-0.06,-0.31,0.37,11,2
1772053548.812949,2225942,0.03,0.09,-0.11,-149.50,-76.19,58.56,0.44,0.75,0.00,0.11,-0.18,-0.01,-139.31,42.56,7.62,-0.06,-0.19,0.25,12,1
1772053549.003936,2226132,0.01,0.07,-0.14,-149.56,-76.19,58.56,0.44,-0.94,-0.88,0.12,-0.21,-0.04,-139.31,42.50,7.69,0.25,-0.19,0.19,12,1
1772053549.194724,2226323,-0.03,0.06,-0.13,-149.44,-76.19,58.56,0.81,-0.62,0.00,0.09,-0.18,-0.05,-139.56,42.63,7.37,-0.37,-0.44,0.00,11,1
1772053549.385102,2226514,0.00,0.03,-0.13,-149.56,-76.19,58.56,0.19,0.13,-0.44,0.11,-0.14,-0.02,-139.69,42.75,7.06,-0.44,0.19,-0.37,10,1
1772053549.575998,2226704,0.03,0.11,-0.10,-149.56,-76.12,58.50,-1.00,-0.25,0.44,0.10,-0.11,-0.07,-139.75,42.75,7.00,-0.31,0.37,-0.62,9,1
1772053549.766393,2226895,0.00,0.09,-0.11,-149.50,-76.06,58.38,-0.62,0.31,0.75,0.07,-0.09,-0.03,-139.75,42.75,6.94,0.31,-0.06,-0.19,8,1
1772053549.957527,2227086,-0.02,0.09,-0.10,-149.31,-76.06,58.38,-0.44,-0.13,0.25,0.11,-0.11,-0.07,-139.81,42.75,6.81,0.25,-0.44,-0.06,7,1
1772053550.147818,2227276,0.02,0.02,-0.11,-149.44,-76.06,58.50,0.31,-0.13,-0.06,0.03,-0.08,0.00,-139.87,42.75,6.81,0.06,-0.62,0.00,6,1
1772053550.338568,2227467,0.00,0.04,-0.09,-149.44,-76.06,58.44,-1.00,0.81,0.19,0.07,-0.07,-0.01,-139.87,42.75,6.81,0.13,-0.13,0.13,6,1
1772053550.529634,2227658,-0.02,0.06,-0.13,-149.44,-76.06,58.38,0.06,0.06,0.06,0.11,-0.09,-0.03,-139.87,42.75,6.81,-0.25,-0.44,-0.06,6,2
1772053550.720011,2227849,0.01,0.01,-0.07,-149.50,-76.06,58.38,-0.25,-0.44,0.19,0.08,-0.07,-0.01,-139.87,42.75,6.81,0.00,-0.31,-0.06,6,2
1772053550.910761,2228039,0.00,0.08,-0.08,-149.69,-76.06,58.50,1.19,0.44,-1.06,0.03,-0.11,-0.07,-139.87,42.75,6.81,0.31,-0.25,0.56,6,2
1772053551.100292,2228229,0.07,0.30,-0.01,-153.06,-76.31,61.44,26.37,-1.50,-8.94,0.13,0.00,0.12,-140.12,43.00,6.31,0.56,-1.37,2.94,7,2
1772053551.290838,2228419,-0.04,-0.19,-0.20,-163.62,-77.19,67.37,10.25,-1.94,-10.06,0.18,-0.03,0.15,-141.25,42.94,5.94,4.19,-4.81,1.44,7,2
1772053551.482263,2228611,-0.02,-0.35,-0.16,-169.12,-77.37,68.06,-19.25,1.50,-3.00,0.02,0.00,0.08,-142.19,42.44,4.75,10.19,6.56,-7.81,8,2
1772053551.673174,2228802,-0.06,-0.22,-0.04,-165.44,-76.94,61.69,-44.13,4.94,6.44,0.06,-0.06,-0.05,-141.81,43.00,0.44,15.56,16.56,-14.75,9,2
1772053551.864011,2228993,0.02,0.43,0.13,-152.12,-75.69,49.75,-38.06,1.69,8.25,-0.04,-0.05,-0.18,-140.94,43.81,354.94,13.25,15.94,-12.38,12,2
1772053552.053944,2229183,0.04,0.31,0.07,-142.31,-74.69,41.56,-17.81,1.56,2.81,-0.16,-0.03,-0.29,-140.69,44.19,351.81,4.62,2.87,-3.69,13,2
1772053552.244310,2229373,-0.27,0.05,0.02,-140.81,-74.69,39.81,4.56,-2.87,-1.44,-0.07,-0.13,-0.41,-141.62,43.69,352.00,-7.50,-7.62,5.87,13,2
1772053552.435733,2229564,0.03,-0.23,-0.08,-141.69,-74.87,43.25,25.37,-4.94,3.87,0.05,-0.16,-0.22,-142.12,43.06,356.25,-18.00,-14.25,13.25,14,2
1772053552.626656,2229755,-0.11,-0.24,-0.08,-143.25,-75.25,49.75,37.81,-6.75,5.44,0.07,-0.10,-0.03,-142.06,42.69,2.69,-25.19,-19.50,18.12,14,2
1772053552.817513,2229946,-0.23,-0.03,-0.04,-142.62,-75.31,56.56,34.81,-5.06,11.69,0.25,0.14,0.42,-141.50,42.50,10.25,-21.69,-13.13,14.69,14,2
1772053553.007183,2230136,0.04,0.19,-0.08,-140.44,-74.75,60.31,12.31,-2.87,7.56,0.38,0.00,0.39,-140.50,43.13,14.38,-12.63,-7.81,9.50,14,2
1772053553.197647,2230326,0.14,0.24,-0.06,-136.75,-73.94,60.50,2.37,-1.62,4.94,0.11,0.02,0.17,-139.94,43.50,16.44,-2.94,-3.87,2.00,14,1
1772053553.389390,2230518,-0.13,-0.11,0.00,-135.44,-74.00,60.25,-5.25,0.00,-2.44,0.15,-0.02,0.21,-139.75,43.56,16.19,7.62,5.37,-7.25,14,1
1772053553.580043,2230709,-0.04,-0.06,0.01,-135.31,-74.06,57.63,-23.56,0.88,-1.37,0.09,-0.05,0.07,-139.50,43.88,12.38,16.12,13.38,-12.25,13,1
1772053553.770922,2230900,0.03,0.22,0.05,-132.81,-73.75,51.44,-28.81,9.31,-3.81,0.03,0.00,-0.17,-139.37,44.19,7.00,19.37,14.50,-14.00,10,1
1772053553.961140,2231090,0.11,0.19,-0.23,-133.81,-73.56,46.56,-15.75,2.37,-6.75,-0.05,-0.14,-0.19,-139.44,44.25,2.62,14.38,9.94,-14.56,9,1
1772053554.151633,2231280,-0.08,-0.21,0.04,-136.00,-75.37,46.56,-8.75,-13.13,-15.19,-0.05,-0.04,-0.22,-139.25,43.94,358.62,13.06,10.81,-9.00,8,1
1772053554.342852,2231471,-0.55,0.05,-0.05,-134.62,-77.69,47.31,-0.94,3.44,-1.12,-0.17,0.04,-0.20,-139.87,44.00,354.75,10.25,8.50,-10.00,7,1
1772053554.533062,2231662,0.00,0.30,0.05,-131.56,-76.94,47.88,22.19,-4.81,17.44,-0.04,-0.12,-0.19,-140.50,44.06,352.31,2.94,2.25,2.69,6,1
1772053554.724476,2231853,0.14,-0.04,-0.06,-125.50,-73.87,54.25,80.56,-15.31,33.63,-0.19,0.09,-0.18,-141.00,44.63,350.56,4.94,5.06,-0.94,7,1
1772053554.914424,2232043,-0.35,-0.50,0.15,-118.31,-72.44,65.19,36.38,-22.25,14.50,0.18,0.09,0.06,-140.25,44.50,352.06,-11.44,-10.00,4.19,7,1
1772053555.104900,2232234,0.10,-0.05,-0.02,-115.25,-72.50,68.00,12.69,-2.87,3.19,-0.04,0.21,0.13,-140.12,44.38,355.50,-14.50,-6.00,8.56,7,1
1772053555.295923,2232425,0.14,-0.56,-0.18,-114.87,-71.37,70.25,8.88,-6.62,9.81,0.02,0.24,0.31,-139.31,44.69,357.87,-3.06,0.25,1.56,9,1
1772053555.486563,2232615,-0.04,0.13,0.01,-111.56,-70.69,68.75,-16.50,4.37,-3.31,-0.09,0.12,0.18,-138.50,44.88,357.94,0.62,0.19,-1.50,10,1
1772053555.678074,2232806,-0.08,-0.01,0.31,-110.94,-71.06,64.81,-27.31,8.00,-11.75,0.03,0.02,-0.04,-138.44,44.69,357.75,-4.19,-4.69,4.25,12,1
1772053555.868684,2232997,0.04,-0.15,0.03,-115.00,-72.69,58.31,-56.00,28.19,-17.19,-0.27,0.35,0.12,-137.19,43.94,3.44,-9.94,-6.25,1.12,14,1
1772053556.059033,2233187,0.14,0.27,-0.02,-120.50,-73.06,46.31,-67.25,23.37,-17.37,-0.30,0.11,-0.16,-137.75,43.13,4.75,-6.31,-7.19,-2.00,15,2
1772053556.249411,2233378,0.14,0.34,-0.03,-128.62,-73.25,38.69,-13.75,10.63,-4.19,0.00,0.00,-0.05,-138.62,42.75,3.87,7.37,0.75,-0.94,16,2
1772053556.440052,2233569,0.03,0.33,0.06,-127.06,-71.31,38.00,20.81,-8.69,16.69,0.27,-0.40,-0.10,-140.12,43.50,2.81,-16.94,-12.56,17.06,17,1
1772053556.631379,2233760,0.56,-0.07,0.10,-128.06,-69.75,40.94,27.31,4.50,-12.94,-0.02,-0.23,-0.24,-140.12,43.13,6.62,1.00,-4.37,1.44,18,2
1772053556.821558,2233950,-0.31,-0.53,-0.14,-136.00,-72.62,49.13,17.87,-1.81,-5.50,0.25,0.01,0.23,-140.37,43.06,7.50,-2.06,-1.87,-0.31,18,2
1772053557.011766,2234141,0.21,0.07,0.08,-138.37,-72.50,49.81,-15.81,-1.12,2.62,-0.05,0.08,0.05,-140.06,43.13,7.06,4.75,3.94,-2.75,17,2
1772053557.203014,2234332,-0.16,0.04,0.13,-133.75,-72.69,46.56,-12.25,2.50,-0.13,0.10,-0.11,-0.04,-140.12,43.38,5.19,4.56,3.25,-4.06,16,2
1772053557.393828,2234522,0.16,0.11,-0.03,-134.94,-71.69,44.06,-3.81,5.50,-1.25,-0.10,-0.01,-0.17,-140.31,43.06,4.94,-0.50,-2.00,0.81,15,3
1772053557.585101,2234714,-0.14,-0.13,0.00,-136.19,-72.06,45.31,8.00,-2.44,-2.12,0.06,-0.02,-0.09,-140.62,43.00,5.12,-2.62,-2.50,1.62,13,3
1772053557.774875,2234904,0.00,-0.02,0.04,-136.94,-72.37,46.69,3.00,-1.75,1.00,0.05,0.04,0.00,-140.75,43.00,5.62,-2.81,-2.31,2.94,11,3
1772053557.965932,2235095,-0.04,0.00,-0.02,-135.94,-72.44,47.13,1.25,-1.69,1.31,0.09,0.01,0.09,-140.81,43.13,6.00,-0.06,0.50,0.13,10,2
1772053558.156522,2235286,0.06,0.04,0.01,-135.12,-72.37,46.56,-4.25,-0.19,1.06,0.01,0.02,0.01,-140.69,43.25,5.50,1.94,1.87,-1.69,10,2
1772053558.347579,2235476,0.00,0.13,0.04,-133.75,-72.44,45.56,-1.62,-2.00,0.44,0.04,-0.03,-0.09,-140.75,43.25,5.25,-1.31,-1.69,0.75,8,2
1772053558.538367,2235667,0.05,-0.07,0.04,-134.12,-72.56,46.06,2.37,0.25,-0.81,0.02,0.03,-0.04,-140.69,43.19,5.56,-0.88,-0.50,-0.37,9,2
1772053558.728953,2235858,0.02,-0.04,-0.04,-134.56,-72.62,46.38,-0.44,0.62,-0.81,0.04,0.00,-0.04,-140.62,43.13,5.62,0.00,0.13,-0.69,9,2
1772053558.919289,2236048,-0.01,0.03,0.00,-134.37,-72.62,46.25,0.06,-0.81,0.62,0.03,0.03,0.02,-140.62,43.13,5.62,0.00,0.19,-0.25,10,2
1772053559.110418,2236239,-0.03,0.06,0.05,-134.00,-72.69,46.19,0.31,-0.25,-0.06,-0.01,0.04,0.06,-140.62,43.13,5.62,-0.19,0.19,-0.25,11,2
1772053559.301049,2236430,0.04,-0.03,-0.01,-134.62,-72.62,46.38,-0.50,-0.19,-0.81,0.11,-0.02,-0.05,-140.69,43.19,5.50,0.50,0.25,0.25,12,1
1772053559.491801,2236621,-0.06,0.07,0.00,-134.50,-72.56,46.38,-0.75,-2.75,0.81,0.07,0.02,0.00,-140.69,43.19,5.56,-1.00,-0.81,0.37,13,1
1772053559.682283,2236811,0.00,0.06,0.00,-134.50,-72.75,46.50,2.25,-0.25,-2.81,0.05,0.02,-0.04,-140.75,43.19,5.50,0.56,0.37,0.00,15,1
1772053559.872964,2237002,-0.02,0.07,0.00,-134.81,-72.81,46.75,-2.69,-0.06,1.06,0.00,0.03,-0.02,-140.75,43.19,5.50,0.37,0.37,0.31,16,1
1772053560.063939,2237193,-0.04,0.07,-0.03,-134.62,-72.81,46.63,1.37,0.81,-1.25,-0.11,0.04,0.07,-140.81,43.19,5.50,0.44,0.19,0.37,17,1
1772053560.254526,2237383,0.02,0.12,0.04,-134.12,-72.87,46.63,-0.62,-1.00,1.69,-0.02,-0.01,-0.06,-140.87,43.19,5.50,1.00,-0.25,0.37,17,1
1772053560.445097,2237574,0.00,-0.07,-0.02,-134.37,-73.06,46.94,1.94,0.00,-1.00,0.00,0.06,0.01,-140.94,43.13,5.44,0.13,0.19,-0.25,17,1
1772053560.636129,2237765,-0.08,0.09,0.03,-134.00,-73.19,46.94,-1.87,-1.19,0.50,0.08,-0.03,-0.01,-140.94,43.19,5.37,-0.62,-0.19,0.31,17,1
1772053560.826955,2237956,-0.04,0.06,0.01,-133.81,-73.12,46.88,-1.00,-2.06,0.94,-0.05,0.06,0.07,-140.87,43.19,5.50,-1.00,-0.62,0.00,15,1
1772053561.017413,2238146,-0.02,0.03,0.00,-133.56,-73.25,46.88,1.50,0.06,-0.62,0.05,0.00,0.01,-140.81,43.13,5.62,-0.25,0.13,-0.37,13,1
1772053561.208242,2238337,0.04,0.13,0.00,-133.69,-73.19,46.81,-0.75,-0.69,0.62,0.01,0.02,0.01,-140.75,43.06,5.69,-0.13,-0.25,-0.50,11,1
1772053561.399093,2238528,-0.05,-0.02,0.02,-133.62,-73.31,47.06,-0.19,-0.13,-0.75,0.11,0.00,-0.08,-140.75,43.06,5.62,0.31,0.13,-0.19,11,2
1772053561.589439,2238718,-0.07,0.10,0.02,-133.56,-73.25,46.88,-1.87,-3.12,1.81,0.08,0.07,0.04,-140.75,43.06,5.75,-2.00,-1.06,0.62,9,2
1772053561.780176,2238909,-0.02,0.16,0.01,-132.81,-73.25,46.56,0.75,1.19,-2.25,0.07,0.02,-0.01,-140.75,43.06,5.75,0.56,-0.13,-0.31,9,2
1772053561.970921,2239100,0.06,0.00,-0.02,-134.00,-73.19,47.06,-0.62,0.06,0.31,0.00,0.00,0.00,-140.75,43.06,5.75,0.06,-0.13,0.13,8,2
1772053562.161379,2239290,0.00,-0.01,0.00,-133.87,-73.25,47.00,0.19,-0.50,0.19,0.01,0.05,-0.01,-140.75,43.06,5.75,0.13,0.19,-0.25,8,2
1772053562.352051,2239481,0.01,0.09,0.02,-133.56,-73.19,46.81,-0.06,0.00,0.69,0.04,0.02,0.06,-140.75,43.06,5.75,0.50,0.19,0.31,8,2
1772053562.542770,2239672,0.08,0.07,0.03,-133.56,-73.19,46.88,0.75,-0.81,-0.56,0.00,0.01,0.00,-140.87,43.06,5.69,0.37,-0.75,0.31,9,2
1772053562.733373,2239863,0.01,0.05,0.00,-133.81,-73.31,47.13,1.12,0.50,-0.94,0.01,0.05,0.01,-141.00,43.00,5.69,0.31,-0.13,0.25,10,2
1772053562.924437,2240053,0.00,0.03,0.01,-134.25,-73.44,47.31,1.06,-0.06,-0.56,0.06,-0.01,-0.01,-141.00,43.00,5.69,-0.13,0.25,0.62,12,2
1772053563.114965,2240244,0.18,0.08,-0.04,-134.37,-73.31,47.25,0.75,1.19,0.31,-0.06,0.04,0.00,-141.00,43.06,5.62,0.25,0.56,0.44,14,2
1772053563.305588,2240435,0.08,0.00,0.04,-133.75,-73.44,47.31,0.62,0.13,0.44,0.01,-0.04,-0.01,-141.00,43.13,5.56,0.62,0.37,-0.06,14,1
1772053563.496472,2240625,0.04,-0.01,-0.04,-134.69,-73.31,47.44,0.94,2.06,1.00,0.03,0.01,0.02,-141.00,43.13,5.62,-0.19,0.19,-0.62,16,0
1772053563.687051,2240816,0.05,0.13,-0.05,-134.81,-73.12,47.13,0.56,-0.19,0.13,0.07,0.02,0.04,-140.94,43.13,5.62,0.06,0.62,-0.75,16,1
1772053563.877768,2241007,0.08,0.14,0.00,-134.69,-73.12,47.06,-1.12,-1.25,0.00,0.07,0.02,0.01,-140.87,43.06,5.75,-0.13,-0.19,-0.56,17,1
1772053564.068291,2241198,0.02,0.07,0.04,-134.37,-73.25,47.13,-0.19,0.13,0.19,0.02,0.01,0.03,-140.87,43.06,5.75,0.19,-0.13,0.00,17,0
1772053564.259296,2241388,0.02,0.08,-0.01,-134.50,-73.25,47.19,0.94,0.44,-0.37,0.05,0.03,0.00,-140.87,43.06,5.75,-0.06,0.06,0.00,17,0
1772053564.449591,2241579,0.04,0.05,-0.02,-134.75,-73.19,47.31,0.37,0.69,-0.31,0.00,0.02,0.04,-140.87,43.06,5.75,0.19,0.44,-0.31,16,1
1772053564.640438,2241770,0.03,0.11,-0.03,-134.75,-73.19,47.25,-0.50,0.56,0.13,0.03,0.03,0.03,-140.87,43.06,5.75,0.00,0.37,0.00,15,1
1772053564.831566,2241961,0.00,0.14,-0.03,-134.81,-73.19,47.19,-0.37,0.19,-0.13,0.02,0.02,0.02,-140.87,43.06,5.81,-0.06,0.00,0.44,13,1
1772053565.021835,2242151,0.02,0.13,0.00,-134.81,-73.19,47.19,0.50,-0.06,0.06,0.06,0.01,0.04,-140.94,43.00,5.81,0.31,-0.31,0.56,12,1
1772053565.212838,2242342,0.02,0.04,-0.03,-135.06,-73.19,47.44,-0.13,-0.13,-0.88,0.04,0.01,0.03,-141.00,43.00,5.87,0.31,0.06,0.13,10,1
1772053565.403355,2242532,0.03,0.06,-0.02,-134.94,-73.25,47.50,-0.94,-0.19,0.06,0.06,0.01,0.05,-141.00,43.00,5.87,0.06,0.13,0.19,8,1
1772053565.594259,2242723,0.06,0.02,-0.05,-134.94,-73.25,47.44,-0.19,0.19,-0.06,0.01,0.03,0.04,-141.00,42.94,5.94,-0.56,-0.25,0.31,7,1
1772053565.784962,2242914,0.00,0.11,-0.03,-134.75,-73.31,47.44,0.00,0.00,-0.37,0.08,0.00,0.06,-141.00,42.94,5.94,0.75,0.50,0.00,6,1
1772053565.975603,2243105,0.01,0.10,-0.01,-134.87,-73.31,47.50,0.81,0.31,-0.06,0.06,-0.01,0.00,-141.00,42.94,5.94,-0.25,0.19,-0.37,6,1
1772053566.166594,2243295,0.02,0.02,-0.05,-134.81,-73.31,47.56,-0.81,-1.37,0.69,0.08,-0.04,0.01,-140.87,42.88,6.06,-0.44,0.31,-0.62,7,2
1772053566.356961,2243486,0.03,0.14,-0.04,-134.44,-73.37,47.38,0.06,0.00,-0.19,0.11,0.00,0.02,-140.81,42.81,6.19,-1.06,-0.25,-0.31,7,2
1772053566.548041,2243677,0.02,0.12,-0.02,-134.25,-73.37,47.31,-0.44,-0.13,-0.19,0.08,0.02,0.05,-140.81,42.81,6.19,-0.31,-0.31,-0.13,9,2
1772053566.738269,2243868,0.05,0.05,-0.06,-134.50,-73.37,47.44,1.25,0.44,0.00,0.02,0.00,0.00,-140.81,42.81,6.19,0.00,-0.50,-0.06,10,2
1772053566.929099,2244058,0.00,-0.02,-0.02,-134.81,-73.44,47.63,0.50,-0.06,0.13,0.03,0.00,0.02,-140.75,42.81,6.25,0.31,0.62,-0.62,12,2
1772053567.119860,2244249,0.01,-0.01,-0.05,-134.69,-73.44,47.38,-0.75,1.00,0.44,0.08,0.01,0.10,-140.62,43.00,5.87,0.81,1.87,-1.12,14,2
1772053567.310497,2244440,0.14,0.19,-0.01,-134.06,-73.12,46.38,-3.37,-0.44,0.81,0.07,0.00,0.02,-140.50,43.06,5.44,1.56,1.69,-1.37,15,2
1772053567.500827,2244630,0.05,0.07,-0.05,-133.94,-73.25,45.94,-2.37,1.81,-2.00,0.02,0.00,0.04,-140.56,43.06,4.94,2.19,1.25,-1.25,17,2
1772053567.691805,2244821,0.03,0.06,-0.07,-134.37,-73.31,45.63,-3.00,0.37,-1.75,0.06,-0.03,-0.07,-140.69,43.13,4.19,1.81,1.44,-1.31,17,2
1772053567.882703,2245012,0.07,0.08,-0.06,-134.44,-73.31,45.25,-0.62,-0.25,-0.13,0.00,-0.01,-0.07,-140.75,43.13,3.94,-0.44,-0.69,0.50,17,2
1772053568.073459,2245203,0.09,0.03,0.00,-134.37,-73.50,45.69,0.94,-2.94,-0.31,0.07,0.01,0.01,-140.69,43.06,4.25,-1.25,-0.31,1.19,16,1
1772053568.264303,2245393,-0.03,0.21,0.06,-133.19,-73.75,45.56,-1.19,-1.19,-1.19,0.38,-0.14,-0.19,-140.75,43.13,4.12,1.00,-0.13,1.06,16,1
1772053568.454728,2245584,0.24,0.11,-0.13,-135.25,-73.25,45.63,0.31,-0.94,0.44,0.13,-0.02,-0.02,-140.87,43.06,4.37,-2.06,-1.25,1.37,15,1
1772053568.645708,2245774,-0.02,0.11,-0.01,-134.44,-73.56,46.13,0.75,-2.50,-1.75,0.10,-0.07,-0.07,-140.69,43.00,4.94,-0.56,-0.44,-0.06,14,1
1772053568.835694,2245965,0.17,-0.06,-0.15,-135.69,-73.44,46.88,0.31,2.12,1.06,-0.06,0.07,0.05,-140.37,42.94,5.50,-1.37,0.50,-0.25,13,1
1772053569.026983,2246156,-0.12,0.18,0.07,-133.06,-73.56,46.06,-2.56,-3.00,0.62,0.02,-0.03,-0.05,-140.25,43.00,5.37,1.00,0.75,-0.75,11,1
1772053569.217656,2246347,0.03,0.04,-0.08,-133.37,-73.44,45.94,1.75,2.69,0.25,0.06,-0.02,-0.01,-140.25,43.06,5.31,-0.13,0.06,0.25,9,1
1772053569.408255,2246537,0.01,0.14,-0.07,-133.75,-73.12,45.75,0.75,-0.25,0.31,0.05,-0.04,-0.03,-140.19,43.00,5.50,0.00,0.19,-0.25,8,1
1772053569.599059,2246728,0.06,-0.01,-0.02,-134.25,-73.25,45.94,-0.62,-0.69,-0.81,0.04,0.00,0.00,-140.12,42.94,5.50,0.75,1.25,-0.62,7,1
1772053569.789377,2246918,0.01,0.13,-0.06,-133.75,-73.25,45.56,-3.37,2.94,0.88,0.03,-0.06,-0.05,-140.00,43.06,5.25,0.06,0.88,-0.56,6,1
1772053569.980349,2247109,0.06,0.05,0.00,-133.75,-73.00,45.13,0.13,-1.87,0.25,0.01,-0.03,-0.09,-139.94,43.13,5.19,-0.56,-1.06,1.25,5,1
1772053570.171053,2247300,-0.02,0.03,-0.02,-133.44,-73.12,45.38,1.69,2.37,0.31,0.06,-0.04,-0.05,-140.12,43.13,5.25,-2.12,-1.87,2.31,5,1
1772053570.361486,2247491,0.08,0.08,-0.08,-134.62,-72.87,46.00,3.81,-1.12,-1.56,0.00,-0.06,-0.12,-140.25,43.19,5.62,-1.69,-0.94,1.81,5,1
1772053570.552112,2247681,0.06,0.42,0.04,-136.00,-73.44,48.25,15.69,-2.37,-4.69,0.02,-0.10,-0.15,-140.44,43.38,6.06,-4.44,-2.87,4.81,7,1
1772053570.742527,2247872,0.06,0.13,0.01,-145.44,-74.87,56.63,40.13,-1.62,-22.44,0.03,-0.12,-0.20,-141.19,43.13,8.00,-10.50,-15.44,11.25,8,1
1772053570.934035,2248063,-0.06,-0.32,-0.06,-165.75,-77.25,70.69,50.44,-6.44,-12.06,0.12,-0.15,0.08,-142.31,42.19,12.88,-12.94,-15.00,11.25,9,1
1772053571.124340,2248253,-0.14,-0.62,-0.07,177.37,-78.06,81.75,19.62,-1.94,-4.12,0.14,-0.01,0.14,-142.50,41.69,16.37,-5.37,-3.31,3.44,11,1
1772053571.314691,2248444,0.02,0.06,-0.11,176.87,-77.69,83.00,-6.87,5.62,10.13,0.19,-0.11,0.01,-142.06,42.06,16.94,-1.81,1.31,0.19,12,1
1772053571.505404,2248635,0.10,0.39,-0.12,-174.75,-76.56,79.37,-3.50,2.06,0.13,0.12,-0.06,0.10,-141.69,42.38,16.56,0.81,3.81,-2.19,13,1
1772053571.696150,2248825,-0.04,0.13,-0.06,-172.94,-76.56,78.37,-8.63,-1.12,-1.06,0.09,-0.04,0.02,-141.50,42.50,15.75,4.50,2.56,-3.94,15,1
1772053571.887246,2249016,-0.03,0.04,-0.05,-172.37,-76.81,77.06,-3.56,-0.37,-1.19,0.09,-0.09,-0.03,-141.44,42.50,14.69,7.00,3.06,-5.06,16,1
1772053572.077820,2249207,-0.10,0.00,-0.10,-175.50,-76.94,76.62,-2.56,-2.56,-5.50,0.06,-0.09,0.00,-141.69,42.50,12.69,8.25,5.25,-5.75,17,0
1772053572.268558,2249398,-0.02,0.01,-0.05,-178.62,-77.25,75.87,-13.25,-1.81,-4.37,0.12,-0.05,0.00,-141.69,42.56,10.19,9.63,8.63,-7.81,17,0
1772053572.459110,2249588,-0.13,-0.01,0.00,-179.69,-77.50,73.31,-18.56,0.94,-5.31,0.04,-0.06,-0.08,-141.56,42.81,6.81,12.00,9.31,-10.00,16,0
1772053572.649459,2249778,0.01,0.08,-0.04,179.94,-77.19,70.19,-15.88,-0.44,-4.69,-0.02,-0.04,-0.20,-141.50,43.00,3.37,12.13,7.56,-8.31,15,0
1772053572.840525,2249970,-0.08,0.02,0.01,176.56,-77.50,68.56,-6.25,-2.94,-7.06,-0.02,-0.06,-0.14,-142.00,43.06,0.50,6.00,4.25,-4.44,15,0
1772053573.031258,2250160,-0.03,-0.02,0.00,173.69,-77.87,68.06,-8.81,-3.12,-5.44,-0.04,-0.09,-0.25,-142.31,42.94,358.69,6.06,3.37,-4.06,13,1
1772053573.221795,2250351,0.01,-0.15,0.06,170.00,-78.06,68.00,-2.50,1.94,-4.87,-0.26,-0.16,-0.15,-143.06,43.06,356.81,2.19,1.06,-0.75,12,1
1772053573.411919,2250541,0.07,-0.19,0.02,168.25,-77.56,68.62,4.44,-8.38,4.19,-0.06,0.02,-0.14,-142.44,42.81,357.87,-1.81,1.12,1.75,10,1
1772053573.602412,2250732,-0.45,0.41,0.00,170.31,-79.19,68.06,11.94,5.25,3.19,-0.07,-0.13,-0.22,-142.87,43.13,358.69,-8.19,-8.44,6.44,8,1
1772053573.793666,2250923,0.05,-0.26,0.00,166.69,-78.25,72.44,21.50,-1.44,-3.25,-0.03,0.15,0.10,-142.94,42.56,1.94,-7.25,-4.12,5.00,7,1
1772053573.984168,2251113,-0.16,0.17,-0.05,164.12,-78.69,75.25,7.56,2.06,5.44,0.16,-0.10,0.01,-142.75,42.56,4.37,-10.75,-6.31,7.56,6,1
1772053574.174730,2251304,0.11,0.05,-0.03,167.50,-78.37,77.12,15.38,0.19,1.87,0.04,0.05,0.07,-142.50,42.25,7.94,-11.38,-7.06,7.00,6,2
1772053574.365059,2251494,-0.18,-0.16,0.00,166.31,-78.62,79.87,4.19,0.62,4.31,0.19,0.05,0.20,-142.06,42.31,10.00,-3.62,-1.00,1.94,6,2
1772053574.555498,2251685,0.00,0.17,-0.11,171.37,-78.44,78.69,-5.00,1.62,2.81,0.06,0.04,0.09,-141.50,42.63,10.00,-0.06,1.50,-1.06,6,2
1772053574.747120,2251876,-0.04,0.11,-0.01,174.12,-78.56,77.12,-1.94,-1.12,-3.12,0.04,-0.04,0.01,-141.50,42.69,9.63,2.56,1.50,-2.31,6,3
1772053574.937722,2252067,-0.11,-0.04,0.03,172.44,-78.62,76.81,-3.62,0.50,-1.06,0.02,-0.12,-0.17,-141.56,42.69,8.81,1.12,0.94,-1.81,9,3
1772053575.128285,2252257,-0.17,-0.09,0.02,172.31,-78.50,76.50,-0.56,-0.25,1.37,-0.06,0.01,-0.05,-141.50,42.81,8.38,1.12,0.94,-0.37,10,3
1772053575.318369,2252448,-0.01,0.06,0.00,173.87,-78.12,75.87,0.00,2.62,2.75,0.10,-0.03,-0.04,-141.62,42.94,8.06,-1.50,-0.81,1.75,12,3
1772053575.508795,2252638,0.07,0.09,-0.04,175.00,-77.50,75.62,0.13,4.25,-1.75,0.10,-0.07,-0.12,-141.87,42.94,7.94,-1.69,-2.19,2.56,14,3
1772053575.700457,2252829,-0.02,-0.21,-0.08,173.81,-77.44,76.44,-0.81,-3.19,-2.87,0.09,-0.05,-0.05,-142.12,42.88,7.94,-1.00,-0.88,1.31,16,3
1772053575.890873,2253020,-0.04,-0.06,0.00,172.81,-77.56,76.62,-2.62,-0.19,-1.31,0.03,0.00,-0.03,-142.19,42.88,7.81,2.12,1.12,-1.31,18,3
1772053576.081579,2253211,-0.03,-0.10,-0.03,172.62,-77.62,76.25,-2.75,1.06,0.56,0.00,-0.05,-0.01,-142.12,43.00,7.25,0.31,1.87,-0.94,18,3
1772053576.271412,2253401,-0.07,0.05,-0.01,174.56,-77.62,75.12,-4.62,0.56,1.25,0.00,0.02,0.02,-141.87,43.19,6.62,3.44,3.62,-3.06,19,3
1772053576.461891,2253591,-0.15,0.04,-0.02,175.50,-77.62,73.69,-9.38,0.69,0.31,0.01,-0.03,-0.05,-141.62,43.31,5.37,5.44,5.06,-4.81,20,3
1772053576.653287,2253783,-0.03,0.10,-0.02,177.62,-77.56,71.37,-6.69,1.06,0.19,0.06,-0.16,-0.23,-141.62,43.38,4.12,4.19,1.19,-3.44,20,1
1772053576.844608,2253974,-0.01,-0.06,0.03,176.69,-77.12,71.06,3.37,-1.12,-1.31,-0.04,-0.06,-0.16,-141.81,43.06,4.25,-1.50,-1.44,0.81,19,1
1772053577.035192,2254164,-0.06,-0.04,0.01,175.37,-77.25,72.00,4.06,-0.56,0.19,0.02,-0.14,-0.14,-142.00,42.88,5.00,-4.62,-3.31,3.87,18,1
1772053577.224612,2254354,-0.05,-0.01,-0.06,175.56,-77.06,73.50,10.50,1.56,1.37,0.00,0.00,-0.05,-142.00,42.63,7.12,-7.81,-5.87,5.75,17,1
1772053577.414648,2254544,-0.15,-0.07,-0.02,175.44,-77.25,75.62,10.63,-1.56,3.31,0.13,0.00,0.11,-141.87,42.56,9.19,-6.31,-2.81,4.12,16,1
1772053577.606363,2254736,0.00,0.01,-0.07,177.69,-77.06,76.12,-1.87,1.81,3.87,0.12,0.03,0.11,-141.31,42.88,9.81,0.44,3.19,-0.94,14,1
1772053577.797446,2254927,0.00,0.26,-0.05,-178.25,-76.94,73.94,-9.13,-0.37,1.44,0.07,-0.01,0.03,-141.12,43.13,8.94,3.87,2.81,-3.00,12,1
1772053577.989341,2255118,-0.09,-0.02,-0.02,-177.44,-76.87,72.44,-5.25,1.44,-3.06,0.06,-0.04,-0.12,-141.31,43.13,7.56,5.06,1.87,-3.44,11,1
1772053578.178592,2255308,-0.03,-0.05,-0.05,-179.12,-76.75,71.81,-4.19,-0.06,-2.62,-0.02,-0.10,-0.17,-141.69,43.13,6.25,3.81,1.62,-2.19,10,1
1772053578.368009,2255497,-0.05,-0.11,0.00,179.06,-76.81,71.87,-0.13,0.56,-1.50,-0.02,-0.09,-0.17,-142.00,43.06,5.62,0.62,0.37,-0.13,8,1
1772053578.559819,2255689,-0.04,-0.09,-0.05,178.25,-76.81,72.25,1.00,-0.13,0.94,0.03,-0.02,-0.06,-142.00,43.06,5.69,-0.44,0.44,0.13,7,1
1772053578.750946,2255880,-0.05,0.04,-0.04,179.37,-76.81,71.75,-1.69,0.19,1.37,0.01,-0.04,-0.01,-142.00,43.06,5.62,-0.06,0.19,-1.19,8,1
1772053578.942269,2256072,0.00,-0.02,0.01,-179.87,-76.81,71.37,-1.87,-1.25,0.50,0.05,-0.02,-0.06,-141.94,43.06,5.69,-0.44,0.25,-0.37,9,1
1772053579.132754,2256262,-0.02,0.01,-0.03,-179.25,-76.81,70.87,0.13,0.56,0.00,0.00,0.01,-0.02,-141.87,43.13,5.69,-1.00,0.31,0.81,10,1
1772053579.322400,2256452,-0.23,0.04,0.08,-177.87,-77.00,70.44,-0.81,2.37,0.88,0.11,0.03,-0.08,-141.87,43.31,5.31,-0.50,0.81,-1.75,11,1
1772053579.514730,2256644,-0.27,-0.04,0.05,-173.87,-77.19,68.81,-11.81,1.25,6.06,0.21,-0.09,-0.01,-142.06,43.56,4.69,3.56,1.50,-2.44,12,1
1772053579.706110,2256836,-0.28,0.12,0.03,-167.25,-76.94,64.75,-16.87,0.81,5.37,0.14,0.06,0.00,-142.00,43.75,3.25,6.50,4.19,-7.00,13,1
1772053579.896517,2257026,-0.26,0.14,-0.02,-160.44,-76.31,59.38,-22.87,-0.19,4.00,-0.01,-0.10,0.01,-141.94,43.88,0.88,9.50,6.00,-7.94,13,0
1772053580.086348,2257216,0.23,-0.05,-0.02,-157.37,-75.37,54.44,-15.19,3.19,3.31,-0.08,-0.04,0.01,-141.62,44.13,358.00,11.75,8.50,-8.81,14,0
1772053580.276135,2257405,-0.10,0.08,0.03,-153.25,-75.25,50.06,-19.06,-0.75,-0.31,-0.12,-0.02,-0.08,-141.62,44.56,354.25,10.75,9.00,-8.50,15,1
1772053580.468094,2257597,-0.10,0.10,0.11,-151.50,-75.31,46.63,-12.44,3.37,-2.25,-0.14,0.11,-0.16,-141.25,44.31,352.31,5.50,4.37,-6.00,15,1
1772053580.659755,2257789,-0.08,-0.06,-0.09,-150.94,-75.75,45.44,-4.37,2.37,-0.88,-0.24,-0.01,-0.24,-141.69,44.25,351.00,0.44,0.75,-0.88,14,1
1772053580.850017,2257979,-0.11,-0.11,-0.02,-151.94,-75.69,45.44,3.56,-3.06,0.94,-0.06,0.03,-0.09,-141.75,44.13,351.37,-3.44,-2.12,2.44,12,1
1772053581.039131,2258169,-0.12,0.02,0.05,-151.69,-75.56,46.13,6.06,3.81,1.94,-0.03,0.02,-0.08,-141.56,44.00,352.56,-4.19,-1.37,2.44,10,1
1772053581.228907,2258358,-0.18,0.19,0.02,-151.06,-75.44,47.06,4.62,-1.12,2.44,-0.01,0.00,-0.14,-141.50,44.00,354.06,-7.62,-5.00,5.44,9,1
1772053581.421719,2258551,-0.15,0.17,-0.01,-151.00,-75.62,48.69,10.25,-1.50,-0.75,-0.05,-0.18,-0.23,-141.94,43.69,357.19,-14.88,-13.06,11.06,8,1
1772053581.612999,2258742,-0.06,-0.13,0.08,-155.50,-75.75,54.06,34.25,-2.87,1.06,0.16,-0.08,-0.05,-142.25,43.31,2.12,-16.56,-12.31,14.25,7,1
1772053581.803281,2258933,-0.08,-0.29,-0.18,-159.19,-75.94,60.69,19.37,-2.44,7.12,0.30,-0.07,0.20,-142.12,43.50,5.62,-11.50,-5.62,8.50,8,1
1772053581.992736,2259122,0.23,0.19,-0.10,-153.56,-75.19,60.44,-3.44,-1.19,12.81,0.00,0.08,0.26,-141.50,43.75,7.75,-4.75,-2.19,3.00,7,1
1772053582.182237,2259312,0.15,0.29,0.07,-145.25,-75.06,57.25,-8.50,-4.12,1.31,0.18,-0.10,0.06,-141.25,43.94,8.00,-3.25,-0.62,1.06,7,1
1772053582.375267,2259505,-0.02,0.16,-0.03,-143.62,-74.94,55.94,-0.06,8.69,-3.12,-0.17,0.11,-0.13,-140.75,44.00,8.38,2.81,5.25,-4.44,8,1
1772053582.567088,2259696,0.03,-0.07,-0.20,-146.50,-76.19,57.13,-5.75,-11.56,-6.31,0.11,-0.24,-0.09,-140.87,44.50,4.69,14.13,11.63,-8.75,10,1
1772053582.757002,2259886,0.19,-0.07,-0.23,-142.44,-78.62,57.38,-1.62,-15.06,2.69,-0.02,-0.01,0.06,-141.00,45.19,0.00,11.25,10.00,-10.38,12,1
1772053582.946531,2260076,-0.05,0.03,0.15,-124.37,-79.62,56.44,1.44,-18.44,12.94,-0.08,-0.05,-0.18,-140.31,45.50,356.12,14.25,11.06,-12.25,13,2
1772053583.137228,2260267,-0.14,-0.12,0.08,-109.37,-79.06,56.31,8.56,-7.81,4.56,-0.05,-0.07,-0.32,-140.50,45.13,352.94,9.00,2.37,-8.31,14,2
1772053583.331206,2260461,0.02,0.02,-0.02,-107.31,-78.87,58.38,23.25,-3.00,2.75,0.07,0.07,-0.13,-140.50,44.50,353.37,-4.25,-1.50,0.31,15,2
1772053583.522940,2260652,0.02,-0.07,-0.06,-105.81,-78.06,62.06,24.56,-4.44,9.00,-0.05,0.08,-0.11,-140.37,44.31,354.81,-4.06,-2.19,4.12,14,2
1772053583.712178,2260842,0.10,0.05,-0.17,-102.56,-77.31,63.81,4.31,-1.00,3.31,0.10,0.08,-0.05,-140.06,44.44,356.87,-11.50,-2.56,3.31,14,2
1772053583.901530,2261031,0.01,-0.02,0.04,-100.06,-76.75,64.94,5.62,-2.37,3.44,0.13,0.12,0.17,-139.31,44.69,357.87,-5.87,-1.12,0.50,14,2
1772053584.094128,2261224,0.03,-0.19,0.12,-101.25,-76.94,64.19,-16.06,6.50,-2.50,0.00,0.01,0.03,-138.62,44.63,359.12,-2.56,-2.69,2.00,14,2
1772053584.285192,2261415,0.08,0.17,0.10,-106.50,-77.75,59.63,-31.56,20.56,-15.06,0.18,-0.71,-0.08,-138.00,44.19,3.44,-22.69,-16.37,10.56,13,2
1772053584.475929,2261606,0.28,0.40,-0.26,-124.37,-79.81,57.44,-15.75,14.38,-27.75,-0.13,0.16,0.06,-137.56,43.75,6.19,7.50,2.25,-1.00,11,3
1772053584.666063,2261795,-0.04,-0.09,-0.13,-143.87,-81.87,59.25,-3.81,0.75,-12.75,0.51,-0.30,-0.17,-138.44,43.88,3.44,6.75,1.50,-1.31,10,3
1772053584.855497,2261985,-0.01,0.36,-0.07,-148.75,-82.12,58.88,-10.19,6.56,-4.87,-0.22,0.25,-0.01,-139.94,43.38,2.37,-2.81,-0.88,-2.62,9,2
1772053585.047313,2262177,-0.63,0.03,0.15,-158.94,-82.87,61.00,4.31,2.62,-7.25,0.23,-0.22,-0.15,-140.19,43.44,0.69,5.37,3.62,-4.62,8,3
1772053585.238430,2262368,0.11,-0.31,-0.14,-176.44,-81.06,63.81,-6.25,5.62,-5.56,-0.07,0.08,-0.04,-140.87,43.56,356.50,1.19,1.75,1.69,8,2
1772053585.429139,2262559,-0.03,0.43,0.06,-171.50,-80.56,60.38,-11.56,4.81,1.06,-0.11,0.10,-0.13,-140.75,43.81,356.94,20.19,7.50,-8.38,10,2
1772053585.618922,2262748,-0.29,0.06,-0.12,179.62,-80.81,60.25,-1.00,4.19,-16.37,0.04,-0.10,-0.11,-142.06,43.69,354.81,0.31,-1.75,-0.69,9,2
1772053585.808773,2262938,0.05,-0.24,-0.04,172.00,-79.87,62.25,0.31,0.44,-1.69,-0.15,-0.02,-0.20,-142.44,43.06,355.69,-1.94,-2.25,0.31,10,3
1772053586.000254,2263130,-0.19,0.06,0.04,171.56,-80.44,62.19,2.87,-1.19,2.62,0.04,-0.14,-0.26,-142.44,42.75,357.25,-9.56,-6.69,5.87,11,3
1772053586.191362,2263321,-0.03,-0.02,0.05,174.19,-80.44,63.56,14.00,0.31,4.69,-0.03,0.00,-0.11,-142.44,42.38,1.00,-13.63,-9.63,10.13,12,3
1772053586.382172,2263512,-0.15,-0.05,-0.04,176.69,-80.44,66.19,15.94,2.37,6.19,0.15,-0.05,0.10,-142.25,42.31,4.62,-12.25,-7.19,8.69,14,2
1772053586.571699,2263701,-0.06,0.00,-0.12,-177.69,-79.69,67.31,6.37,4.31,8.13,0.15,0.07,0.19,-141.69,42.63,7.06,-7.50,-2.87,4.62,14,2
1772053586.761505,2263891,0.00,0.28,-0.08,-170.37,-78.94,65.81,-4.44,0.13,5.12,0.11,-0.02,0.12,-141.12,42.88,7.94,-0.94,1.25,0.31,16,2
1772053586.953762,2264083,-0.06,0.21,0.01,-165.94,-78.94,64.12,-3.19,-0.69,0.00,0.09,-0.05,0.00,-141.12,43.00,7.62,1.44,-0.13,-1.12,17,2
1772053587.145124,2264274,-0.04,-0.01,0.02,-166.81,-79.06,63.94,-1.50,-0.69,-2.25,0.06,-0.08,-0.04,-141.25,42.88,7.19,2.56,1.31,-1.69,17,2
1772053587.335811,2264465,-0.03,-0.03,-0.02,-167.81,-79.06,63.44,-6.25,1.19,-1.56,0.04,-0.09,-0.06,-141.37,42.94,6.06,4.31,3.62,-3.62,17,2
1772053587.524979,2264654,0.00,0.03,0.00,-167.81,-79.00,62.19,-6.50,-1.00,-0.62,0.00,-0.08,-0.10,-141.37,43.00,4.75,3.81,2.12,-2.94,17,2
1772053587.716493,2264846,-0.05,0.02,0.04,-167.94,-79.12,61.44,-0.13,-0.44,-2.25,-0.04,-0.10,-0.11,-141.62,42.94,4.19,0.75,-0.69,-0.44,17,1
1772053587.907672,2265037,-0.09,-0.12,0.01,-169.94,-79.19,62.00,2.37,-0.25,-1.00,0.01,-0.03,-0.05,-141.69,42.88,4.25,-0.69,0.31,-0.06,15,1
1772053588.098296,2265228,-0.05,0.04,-0.01,-169.12,-79.19,61.81,-3.37,-0.06,1.94,0.02,-0.06,-0.08,-141.56,43.00,4.12,-0.13,0.62,-0.37,14,1
1772053588.288862,2265418,-0.03,0.06,0.03,-167.56,-79.19,61.19,-0.25,-1.37,0.94,0.02,-0.06,-0.05,-141.50,43.00,4.19,-0.37,-0.06,0.25,12,1
1772053588.479501,2265609,-0.03,0.08,0.00,-167.06,-79.25,61.00,0.37,-0.44,-0.75,0.01,-0.06,-0.04,-141.50,43.00,4.25,-0.13,-0.44,0.25,10,1
1772053588.669860,2265799,-0.05,0.03,0.00,-167.69,-79.25,61.25,1.75,0.00,-0.37,0.03,-0.08,-0.07,-141.50,43.00,4.25,-0.25,0.00,0.19,8,1
1772053588.861043,2265990,-0.06,0.05,-0.01,-167.75,-79.25,61.31,-0.37,0.00,0.19,0.02,-0.08,-0.08,-141.50,43.00,4.25,-0.06,0.06,0.00,7,1
1772053589.051140,2266181,0.00,0.03,-0.02,-167.69,-79.25,61.31,-0.19,0.00,0.37,0.00,-0.04,-0.06,-141.50,43.00,4.31,0.25,0.44,0.19,6,1
1772053589.242040,2266372,-0.09,0.08,0.00,-167.44,-79.31,61.13,-0.50,-0.44,0.56,0.04,-0.09,-0.11,-141.50,43.00,4.31,0.31,0.13,-0.25,5,1
1772053589.432963,2266562,-0.05,0.01,-0.04,-167.56,-79.25,61.25,-0.19,-0.13,-0.44,0.03,-0.07,-0.06,-141.50,43.00,4.31,0.25,0.25,-0.06,5,1
1772053589.623235,2266753,-0.01,0.03,0.00,-167.56,-79.25,61.19,-1.12,0.19,0.06,0.03,-0.06,-0.07,-141.50,43.00,4.31,0.06,0.13,0.31,5,2
1772053589.814111,2266944,-0.10,0.04,0.00,-167.50,-79.25,61.13,-0.25,0.13,0.06,0.06,-0.07,-0.08,-141.50,43.00,4.31,-0.69,-0.50,0.19,7,2
1772053590.004654,2267134,-0.03,0.08,0.00,-167.37,-79.25,61.06,-0.94,0.13,0.50,0.02,-0.06,-0.08,-141.50,43.00,4.31,-0.06,-0.13,0.25,8,1
1772053590.195407,2267325,-0.03,0.04,-0.03,-167.56,-79.25,61.19,0.88,-0.31,0.00,0.04,-0.06,-0.09,-141.50,42.94,4.37,-0.06,-0.69,0.13,10,2
1772053590.386326,2267516,-0.03,0.00,-0.02,-167.87,-79.31,61.31,0.06,-0.31,0.19,0.03,-0.07,-0.05,-141.50,42.94,4.37,-0.06,-0.31,-0.06,11,2
1772053590.576679,2267706,-0.04,-0.01,0.00,-167.87,-79.31,61.38,0.50,-0.56,-0.19,0.06,-0.10,-0.02,-141.50,42.94,4.37,0.00,0.50,-0.56,13,2
1772053590.767487,2267897,-0.01,0.02,0.05,-167.62,-79.31,61.25,-0.88,-0.56,0.69,0.04,-0.06,-0.04,-141.50,42.94,4.37,0.69,0.69,-0.13,14,2
1772053590.957807,2268088,0.00,0.11,0.01,-166.56,-79.25,60.69,-1.19,0.75,-0.44,0.03,0.00,0.01,-141.62,42.94,4.12,2.19,1.06,-1.44,15,2
1772053591.148559,2268278,-0.08,0.10,0.05,-166.37,-79.31,60.06,-5.19,0.06,0.19,0.04,-0.02,0.02,-141.69,43.00,3.31,3.62,2.50,-2.62,16,2
1772053591.338573,2268468,-0.05,0.07,0.00,-166.12,-79.25,58.81,-7.44,1.12,-2.19,0.04,0.00,0.03,-141.81,43.06,1.75,6.87,4.62,-4.62,16,1
1772053591.528578,2268658,-0.06,0.04,-0.03,-166.81,-79.06,57.00,-12.81,0.62,-2.37,0.02,-0.02,0.00,-141.87,43.19,359.37,8.94,6.00,-6.19,17,1
1772053591.720120,2268849,-0.10,0.15,0.02,-166.12,-79.19,54.44,-9.13,-0.50,-1.62,-0.03,-0.05,-0.22,-142.06,43.25,357.06,5.87,3.12,-3.69,16,1
1772053591.911039,2269041,-0.07,0.00,0.00,-167.19,-79.25,53.69,-1.87,0.13,-2.37,-0.06,-0.05,-0.21,-142.56,43.13,356.12,0.37,-0.94,0.56,15,1
1772053592.101888,2269231,-0.05,-0.02,0.00,-167.94,-79.31,54.25,3.50,-0.62,1.31,-0.02,-0.05,-0.20,-142.81,42.94,356.75,-4.81,-4.37,4.69,14,1
1772053592.292060,2269421,-0.01,0.02,0.00,-168.19,-79.31,55.94,16.31,-0.69,0.56,0.00,0.00,-0.10,-143.00,42.69,359.19,-10.88,-7.69,8.69,13,1
1772053592.481747,2269611,-0.07,-0.03,0.00,-169.44,-79.50,59.56,17.00,-0.81,4.00,0.14,0.02,0.05,-142.94,42.56,2.62,-11.31,-6.75,8.38,13,1
1772053592.672611,2269802,0.03,-0.02,-0.07,-167.62,-79.37,61.94,11.00,0.00,5.19,0.15,0.01,0.09,-142.44,42.63,5.50,-9.38,-4.62,6.06,12,1
1772053592.864074,2269994,-0.02,0.18,-0.04,-163.69,-79.37,62.81,8.63,-1.19,4.50,0.10,0.02,0.10,-142.06,42.63,8.06,-7.94,-5.69,5.62,10,1
1772053593.054959,2270185,-0.07,0.02,-0.04,-162.62,-79.50,64.37,8.00,-0.88,0.69,0.14,0.08,0.16,-141.94,42.50,9.94,-4.81,-2.69,2.87,9,2
1772053593.245437,2270375,-0.05,0.09,-0.03,-161.69,-79.50,64.62,-4.62,1.25,1.62,0.13,0.02,0.14,-141.75,42.75,10.00,1.62,1.19,-0.56,7,1
1772053593.435267,2270565,0.01,0.11,-0.03,-160.75,-79.37,63.50,-3.94,0.19,-1.25,0.10,0.01,0.04,-141.87,42.81,9.19,3.62,1.81,-2.19,6,1
1772053593.626160,2270756,-0.05,0.07,-0.03,-161.62,-79.44,62.81,-5.31,0.62,-1.87,0.03,0.00,0.02,-142.06,42.88,8.00,4.81,2.44,-3.19,6,1
1772053593.817268,2270947,0.00,0.01,-0.05,-162.87,-79.50,61.94,-5.81,0.19,-2.25,0.02,-0.03,-0.02,-142.25,42.88,6.50,4.56,3.06,-3.56,6,1
1772053594.008038,2271138,0.00,0.04,-0.02,-163.37,-79.56,61.06,-5.37,-0.13,-0.88,-0.02,0.00,-0.09,-142.31,42.94,5.44,2.87,1.50,-1.81,7,2
1772053594.198766,2271328,-0.04,0.04,-0.02,-163.25,-79.62,60.38,-0.06,0.25,-1.19,-0.02,0.03,-0.06,-142.44,42.88,5.12,0.06,-0.31,0.50,8,2
1772053594.388817,2271519,-0.06,-0.03,-0.07,-163.50,-79.62,60.63,1.06,0.00,1.00,0.02,0.05,0.00,-142.44,42.94,5.19,-0.75,-0.06,0.50,8,1
1772053594.579394,2271709,-0.05,0.08,-0.04,-161.81,-79.50,60.13,-1.06,-0.31,1.69,0.00,0.01,0.00,-142.37,42.94,5.25,-1.31,-0.81,1.62,9,1
1772053594.770679,2271900,-0.16,-0.36,-0.06,-158.62,-79.31,58.94,-10.75,1.62,8.56,-0.06,0.00,-0.07,-142.56,42.88,6.25,-4.19,-4.62,4.81,11,1
1772053594.961129,2272091,-0.03,-0.29,-0.08,-145.81,-78.00,52.63,-26.06,-0.37,20.31,0.08,0.11,0.13,-142.62,42.94,7.06,-0.56,1.62,1.25,13,1
1772053595.151751,2272282,0.12,-0.14,0.10,-126.75,-75.56,41.50,-48.81,-2.37,22.44,0.10,0.17,0.24,-141.69,43.81,5.37,6.19,11.94,-6.87,14,1
1772053595.341394,2272471,-0.12,0.06,0.58,-108.87,-73.00,25.56,-85.25,8.31,7.37,0.06,0.13,0.16,-140.19,44.88,1.62,14.06,16.00,-12.56,16,3
1772053595.532383,2272662,0.27,0.36,0.18,-95.44,-70.31,9.38,-50.75,-11.31,17.69,-0.12,-0.03,-0.27,-139.56,45.63,357.00,12.75,11.13,-8.81,17,3
1772053595.723766,2272853,-0.21,0.54,0.14,-82.06,-68.56,2.87,-5.75,-9.06,-0.31,-0.08,0.04,-0.20,-139.31,45.88,353.94,4.06,4.31,-4.94,17,3
1772053595.914641,2273044,-0.04,0.46,0.16,-77.87,-69.12,4.81,23.69,-11.25,-9.19,-0.11,0.08,-0.08,-139.44,45.50,354.00,-1.81,-2.19,0.13,17,3
1772053596.105443,2273235,-0.10,-0.16,0.26,-81.12,-69.69,13.94,65.44,-4.56,-1.69,-0.05,0.06,-0.02,-139.62,45.50,354.94,-5.00,-6.44,6.00,17,3
1772053596.295321,2273425,-0.01,-0.61,-0.11,-90.44,-70.00,23.44,35.94,3.87,-1.94,0.00,-0.03,-0.14,-140.56,44.94,357.37,-8.81,-11.19,8.88,16,3
1772053596.485294,2273615,0.06,-0.14,-0.15,-96.75,-71.50,28.31,17.19,2.87,-4.75,0.03,0.00,0.04,-141.00,44.50,0.56,-8.94,-6.19,7.19,15,3
1772053596.677064,2273807,0.03,-0.01,-0.04,-100.19,-71.75,31.56,12.88,-0.25,2.19,0.06,0.13,0.20,-140.81,44.63,2.62,-6.62,-2.56,5.31,14,3
1772053596.867682,2273998,0.09,0.16,0.01,-101.12,-71.25,32.69,3.56,-1.50,3.06,0.08,0.06,0.19,-140.56,45.00,3.69,-2.56,-1.12,2.87,12,2
1772053597.059080,2274189,0.04,0.12,-0.04,-101.12,-71.00,32.88,-0.69,-0.31,-0.75,0.02,0.05,0.08,-140.56,45.06,3.75,0.94,-0.94,0.06,11,2
1772053597.248786,2274378,0.01,0.01,-0.06,-101.12,-71.19,33.00,0.56,-0.75,-2.19,-0.01,0.04,-0.01,-140.75,44.94,3.69,1.12,-0.06,-0.37,8,1
1772053597.439756,2274569,-0.01,-0.04,-0.02,-101.00,-71.62,33.56,0.75,0.25,-0.94,0.00,0.02,-0.02,-140.81,44.94,3.56,0.25,-0.37,-0.31,7,1
1772053597.630586,2274761,0.02,-0.05,-0.04,-101.31,-71.69,33.63,-0.50,0.13,0.25,0.00,0.05,0.01,-140.81,44.94,3.56,-0.31,0.31,0.00,7,1
1772053597.821319,2274951,0.02,0.07,-0.08,-101.25,-71.62,33.50,-0.50,0.31,0.31,0.02,0.07,0.03,-140.75,44.94,3.62,0.19,0.56,0.00,7,1
1772053598.011972,2275142,0.06,0.02,-0.05,-101.31,-71.62,33.56,0.13,1.12,0.06,0.00,0.11,0.06,-140.75,44.88,3.75,-0.25,-0.88,0.31,7,1
1772053598.202890,2275333,0.03,-0.02,-0.05,-101.25,-71.75,33.69,-0.50,0.13,-0.81,-0.03,0.08,0.04,-140.81,44.88,3.69,0.81,0.06,0.00,8,1
1772053598.393671,2275524,0.06,-0.01,-0.04,-101.31,-71.75,33.69,1.06,-0.56,0.37,0.00,0.06,0.01,-140.81,44.88,3.69,-0.25,-0.37,0.44,8,1
1772053598.584427,2275714,0.03,-0.03,-0.09,-101.56,-71.75,33.88,1.37,0.81,-0.25,0.00,0.07,0.03,-140.87,44.88,3.62,0.06,0.00,0.44,10,1
1772053598.775332,2275905,0.05,0.02,-0.08,-101.81,-71.75,33.88,0.31,-0.25,-0.13,-0.01,0.08,0.07,-140.87,44.88,3.62,-0.19,-0.37,0.19,12,1
1772053598.965618,2276096,0.08,0.02,-0.04,-101.81,-71.69,33.88,0.00,-0.75,0.31,0.00,0.08,0.02,-140.87,44.88,3.69,0.56,0.19,0.37,13,1
1772053599.155973,2276286,0.03,0.03,-0.08,-101.69,-71.81,33.94,0.50,0.56,-1.50,0.00,0.07,0.03,-141.00,44.88,3.50,0.25,-0.25,0.44,15,1
1772053599.346432,2276476,0.03,0.04,-0.04,-101.31,-71.87,34.13,1.31,-1.69,0.25,-0.03,0.09,0.04,-141.12,44.94,3.50,-0.44,-0.44,0.88,16,1
1772053599.537515,2276668,0.00,0.05,-0.03,-100.94,-72.06,34.44,1.06,0.19,-1.19,0.01,0.07,0.04,-141.19,45.00,3.44,0.50,0.44,0.25,16,1
