host_time_s,t_ms,ax1,ay1,az1,roll1,pitch1,yaw1,gx1,gy1,gz1,ax2,ay2,az2,roll2,pitch2,yaw2,gx2,gy2,gz2,emg1,emg2
1772052025.338463,700443,0.07,0.09,-0.01,-96.31,-76.37,57.06,2.62,0.81,2.69,0.09,-0.11,0.02,-137.87,45.75,239.87,2.81,1.25,-1.25,4,9
1772052025.339271,700634,0.01,-0.23,0.07,-98.37,-76.31,57.88,2.62,1.50,-1.19,0.01,-0.10,0.07,-138.00,45.56,239.56,-0.69,0.13,0.13,4,9
1772052025.340069,700824,-0.03,0.11,-0.01,-99.44,-75.94,57.81,5.12,2.69,3.06,0.18,-0.15,0.11,-137.75,45.75,239.75,-0.88,0.25,2.12,4,9
1772052025.341041,701013,0.01,0.01,0.05,-102.75,-75.25,58.44,7.69,4.06,2.00,0.00,-0.06,0.02,-137.94,45.88,240.06,-2.81,-1.94,2.56,3,11
1772052025.341653,701205,0.19,-0.13,-0.17,-106.94,-75.00,59.25,3.56,2.00,0.19,0.18,-0.06,0.15,-137.56,46.13,240.69,-0.75,1.44,2.19,3,9
1772052025.342259,701396,-0.03,-0.04,-0.08,-108.37,-75.00,59.63,-2.50,5.19,-1.94,0.08,-0.02,0.04,-138.12,46.31,239.69,0.88,-0.44,0.37,3,9
1772052025.342785,701587,0.02,0.17,0.00,-109.44,-74.94,59.44,1.56,-3.00,0.88,0.02,-0.03,0.11,-138.25,46.25,239.94,-1.06,-1.12,0.62,3,6
1772052025.343317,701777,-0.19,-0.13,-0.07,-108.25,-75.31,59.75,-3.62,1.50,-6.00,0.03,-0.10,-0.14,-139.19,46.06,239.37,2.25,-2.12,-1.31,4,6
1772052025.343847,701966,-0.05,-0.08,-0.02,-108.25,-75.75,59.94,1.00,-3.81,-0.19,0.05,-0.05,0.04,-139.12,46.06,239.37,-0.13,3.44,-1.31,4,6
1772052025.344499,702158,0.06,0.02,-0.04,-105.56,-75.81,60.00,-1.31,-3.69,0.19,0.08,-0.08,0.08,-138.87,46.13,239.19,3.06,-0.44,-2.06,5,7
1772052025.345132,702349,0.02,-0.02,-0.03,-104.62,-76.19,59.81,-0.50,-2.31,-1.62,0.05,-0.10,0.07,-138.94,45.88,239.25,0.69,0.25,-1.56,5,7
1772052025.452940,702540,-0.01,-0.07,-0.02,-103.44,-76.37,60.00,-0.88,-1.31,0.75,0.07,-0.07,0.05,-138.75,45.75,239.56,-0.06,0.50,-0.75,5,6
1772052025.642572,702730,0.00,0.10,-0.07,-100.44,-76.44,59.69,-4.31,-6.75,-1.06,0.10,-0.14,0.03,-138.62,45.69,239.62,0.00,0.19,-1.69,5,6
1772052025.832397,702920,0.02,-0.02,0.02,-96.62,-76.69,59.88,-0.94,-1.87,0.81,0.04,-0.09,0.06,-138.50,45.63,239.69,2.75,-0.69,-1.62,5,6
1772052026.024230,703111,-0.13,-0.27,-0.14,-93.75,-76.94,59.81,-3.00,-7.56,-1.69,0.01,-0.10,0.02,-138.75,45.25,239.56,-0.06,0.25,-1.12,5,5
1772052026.215149,703303,-0.32,0.27,0.28,-85.37,-76.62,58.75,0.00,-5.50,0.06,0.10,-0.13,0.04,-138.50,45.44,239.62,-0.69,1.06,-0.62,5,5
1772052026.405602,703493,0.09,0.07,0.09,-89.50,-76.81,60.13,16.12,6.69,0.75,-0.01,-0.02,0.04,-138.31,45.50,239.62,0.81,2.44,0.19,4,5
1772052026.595853,703683,-0.11,0.02,-0.03,-96.62,-76.81,61.75,-2.25,10.38,-0.62,0.09,-0.13,0.06,-138.69,45.69,239.19,1.12,-0.94,1.06,4,5
1772052026.786389,703874,0.16,0.04,-0.22,-105.87,-76.19,61.25,1.62,6.56,-0.13,0.07,-0.11,0.00,-139.00,45.63,239.31,0.37,-0.81,0.25,3,4
1772052026.977304,704065,-0.15,0.02,0.00,-107.75,-76.31,61.56,2.00,0.37,0.00,0.08,-0.17,0.02,-139.06,45.69,239.31,1.56,-1.12,0.13,4,3
1772052027.168576,704256,-0.05,0.16,0.02,-112.00,-76.12,62.06,9.38,7.87,-0.31,0.04,-0.09,-0.02,-139.44,45.31,239.75,2.00,-1.12,-0.37,4,4
1772052027.359235,704447,-0.19,-0.02,0.09,-120.37,-75.94,65.06,19.50,10.56,-1.62,0.11,-0.15,-0.04,-139.81,45.44,239.19,-3.56,1.81,3.62,4,4
1772052027.549121,704637,0.13,-0.05,-0.08,-132.50,-74.69,68.75,15.50,12.75,-3.00,0.00,-0.04,0.29,-139.44,45.63,241.00,-3.81,-1.37,3.31,4,4
1772052027.738767,704826,0.01,0.30,0.03,-143.87,-75.19,72.75,7.25,1.19,-23.94,0.21,-0.21,0.24,-140.31,46.19,239.87,-1.06,-3.44,4.19,5,3
1772052027.930528,705018,-0.01,-0.44,-0.24,-155.19,-75.44,76.12,-2.81,3.87,4.87,0.06,-0.25,-0.02,-141.56,46.25,239.44,0.50,-3.37,1.44,6,3
1772052028.121824,705209,0.17,0.08,-0.06,-150.25,-74.50,73.31,-3.19,-6.81,7.62,0.01,-0.19,-0.07,-141.44,46.75,238.62,-1.81,8.56,-2.06,6,3
1772052028.312505,705400,-0.18,-0.14,-0.08,-145.25,-76.31,74.44,9.44,-8.56,-0.50,0.18,-0.05,0.15,-139.69,47.44,237.62,0.37,5.56,-5.37,6,3
1772052028.502605,705590,0.00,-0.22,0.03,-135.81,-75.69,72.12,-23.12,-2.94,19.37,0.00,-0.02,0.03,-138.69,47.50,237.81,1.69,-1.69,-3.12,6,3
1772052028.692374,705780,0.20,0.82,0.13,-120.31,-73.44,62.63,-17.75,-5.06,11.63,0.04,-0.09,0.00,-138.75,47.56,237.37,1.56,2.31,-2.00,6,2
1772052028.884005,705972,-0.04,0.21,0.01,-115.44,-73.31,61.06,0.56,-0.62,-4.56,0.09,-0.06,0.10,-138.62,47.50,237.25,0.94,0.00,-2.19,5,2
1772052029.075421,706163,0.13,0.06,-0.08,-115.31,-73.87,61.63,-3.44,-5.25,-3.44,0.01,-0.07,-0.03,-138.56,47.31,237.31,0.88,-0.19,-2.00,5,1
1772052029.265950,706353,-0.12,0.11,0.05,-108.69,-75.69,62.31,-3.75,-17.94,-7.00,0.06,-0.13,-0.01,-138.37,47.19,237.44,-0.50,0.81,-1.75,5,1
1772052029.455698,706543,0.03,0.00,0.12,-100.81,-77.19,63.81,2.94,-7.75,-4.06,0.03,-0.10,0.06,-138.06,47.00,237.69,1.31,0.00,-1.37,5,3
1772052029.646701,706734,-0.10,0.05,0.07,-97.69,-77.75,64.69,2.19,1.25,-1.00,0.05,-0.08,0.01,-138.12,46.94,237.62,-0.06,0.00,-0.37,4,3
1772052029.837463,706925,0.04,-0.05,0.00,-99.37,-77.81,65.00,-0.44,2.06,0.62,0.03,-0.07,0.06,-138.12,46.94,237.56,0.25,0.50,-0.25,5,4
1772052030.028530,707116,0.03,0.11,-0.03,-99.25,-77.50,64.25,-2.44,0.37,1.50,0.05,-0.06,0.06,-138.12,47.06,237.44,-0.25,-0.06,0.06,5,6
1772052030.218861,707307,0.08,0.02,0.01,-97.81,-77.31,63.63,-2.75,-2.62,0.44,0.00,-0.06,0.04,-138.12,47.06,237.50,0.25,0.50,0.50,5,8
1772052030.410072,707497,-0.07,0.20,0.06,-92.94,-77.50,62.88,-4.69,-2.69,-1.06,0.06,-0.10,0.02,-138.12,47.06,237.44,-0.13,-0.25,0.00,5,9
1772052030.600498,707688,-0.09,0.10,0.08,-93.62,-77.62,63.31,8.69,4.81,-0.75,0.02,-0.06,0.08,-138.12,47.06,237.44,-0.50,-0.19,-0.19,6,9
1772052030.791092,707879,0.00,0.01,-0.09,-98.25,-77.44,64.00,-1.87,3.37,0.31,0.09,-0.19,0.03,-138.19,47.13,237.37,0.25,-0.50,0.37,6,10
1772052030.982053,708070,-0.06,-0.02,-0.03,-100.56,-77.31,63.88,1.69,1.94,-0.19,0.06,-0.09,0.05,-138.12,47.00,237.50,-0.81,-0.44,-1.37,6,10
1772052031.172652,708260,-0.03,0.11,0.00,-101.94,-77.25,63.81,-0.69,0.56,0.69,0.12,-0.14,0.05,-137.87,46.88,237.75,0.44,-0.06,-1.12,6,10
1772052031.363443,708451,-0.03,0.03,-0.04,-102.50,-77.19,63.75,0.31,1.25,-0.13,0.09,-0.14,0.02,-137.81,46.75,237.94,-0.13,-1.12,-0.37,5,8
1772052031.553740,708642,0.01,0.04,0.03,-103.00,-77.19,63.75,1.25,0.19,0.44,0.08,-0.16,0.07,-137.87,46.69,237.94,1.12,-0.31,-0.37,5,9
1772052031.744500,708832,0.00,0.10,-0.02,-104.25,-77.12,63.63,2.44,-0.19,2.06,0.12,-0.15,0.04,-137.94,46.75,237.81,0.75,-0.25,-0.44,4,8
1772052031.935041,709023,0.09,0.09,-0.06,-105.31,-77.06,63.69,0.06,1.69,1.62,0.05,-0.12,0.05,-138.00,46.81,237.75,-0.25,0.00,-0.19,4,7
1772052032.125945,709214,-0.03,0.08,-0.04,-105.50,-77.12,63.88,1.37,-0.06,-0.75,0.10,-0.15,0.01,-138.06,46.88,237.56,0.00,-0.44,-0.31,4,4
1772052032.316346,709404,0.00,0.01,-0.03,-106.06,-77.19,64.12,1.19,0.81,-0.69,0.00,-0.07,0.03,-138.12,46.94,237.44,0.13,-0.31,-0.50,4,4
1772052032.506339,709594,-0.06,0.01,0.00,-106.50,-77.25,64.44,0.37,1.00,-0.37,0.11,-0.13,-0.02,-138.25,47.00,237.19,1.44,0.13,-0.25,4,4
1772052032.697045,709785,-0.04,0.05,0.01,-108.25,-77.12,64.56,2.75,1.12,0.44,0.08,-0.19,0.04,-138.25,47.00,237.31,0.19,0.19,0.00,5,4
1772052032.888399,709976,0.00,0.02,-0.05,-111.19,-77.06,64.94,1.87,2.19,-1.06,0.07,-0.13,0.06,-138.31,46.94,237.44,0.75,-0.44,0.94,5,4
1772052033.079177,710167,-0.03,0.06,-0.04,-113.56,-76.94,65.00,1.37,3.37,-0.06,0.12,-0.17,0.01,-138.62,47.00,237.31,0.00,-2.06,1.06,6,4
1772052033.269325,710357,0.13,0.08,-0.11,-116.94,-76.94,65.50,3.12,3.75,-3.19,0.01,-0.12,0.00,-139.06,46.63,237.69,-1.81,0.56,1.50,6,4
1772052033.458926,710547,-0.08,-0.04,-0.01,-120.31,-77.00,67.19,5.75,9.31,-1.94,0.04,-0.06,0.00,-139.25,46.69,237.56,-2.62,-1.94,0.62,8,5
1772052033.650075,710738,0.08,0.14,-0.08,-125.69,-76.25,68.62,15.94,2.19,0.31,0.10,-0.08,0.02,-139.06,46.81,238.12,-3.06,0.06,1.12,8,5
1772052033.841667,710929,-0.01,-0.20,-0.09,-128.12,-76.12,70.62,-4.62,3.44,3.25,0.14,-0.11,0.02,-138.75,47.25,237.81,1.25,1.31,-0.62,7,5
1772052034.032331,711120,0.02,0.04,-0.01,-126.75,-75.50,68.56,-6.56,-0.13,0.44,0.11,-0.14,0.00,-138.75,47.38,237.37,0.13,-0.37,-0.37,7,5
1772052034.222634,711310,0.05,0.08,-0.08,-126.44,-75.37,67.69,-0.62,2.44,-0.75,0.12,-0.11,0.09,-138.87,47.31,237.62,-1.37,-2.81,-0.88,7,5
1772052034.412278,711500,0.04,0.11,0.02,-128.00,-75.06,67.44,-0.62,2.31,-2.62,0.07,-0.10,0.02,-138.94,46.94,238.25,-0.62,-1.50,-0.81,7,7
1772052034.603346,711691,0.00,0.09,-0.07,-129.75,-75.12,68.06,3.50,1.06,-1.19,0.09,-0.10,0.06,-139.00,47.06,238.25,0.06,-0.44,1.00,6,7
1772052034.794807,711883,0.09,-0.13,-0.06,-131.37,-75.12,68.94,2.31,0.25,-1.25,0.10,-0.16,0.08,-139.12,47.13,238.06,1.00,0.13,0.19,6,7
1772052034.985507,712073,0.01,-0.02,-0.04,-131.81,-75.12,68.75,-2.12,1.50,0.50,0.05,-0.10,0.05,-139.06,47.13,237.87,0.62,0.62,-1.75,6,7
1772052035.176453,712264,-0.07,0.17,-0.08,-131.69,-74.69,67.50,-2.56,3.44,-0.13,0.17,-0.12,0.04,-139.06,46.94,238.12,-0.69,-1.12,-0.19,6,7
1772052035.366745,712455,0.19,0.07,-0.10,-133.62,-74.44,67.81,4.56,-1.06,-3.12,0.13,-0.10,0.10,-139.12,46.81,238.62,1.25,0.88,0.37,5,6
1772052035.557822,712645,0.10,-0.06,-0.06,-134.00,-75.00,68.75,-3.62,-2.25,1.37,0.12,-0.12,0.07,-139.06,46.88,238.19,1.19,2.12,-0.06,6,6
1772052035.748100,712836,0.09,0.14,-0.04,-132.12,-75.00,67.81,-1.44,2.19,0.13,0.01,-0.09,0.00,-139.06,47.00,237.94,0.06,-0.56,0.06,6,7
1772052035.939047,713027,-0.02,-0.05,0.00,-132.50,-75.37,68.25,0.88,-1.75,-2.12,0.09,-0.12,0.04,-139.12,47.06,237.81,0.13,0.00,-0.13,6,6
1772052036.129739,713217,0.04,0.01,-0.11,-132.69,-75.44,68.37,-0.56,0.94,0.62,0.06,-0.10,-0.04,-139.19,47.19,237.62,-0.62,-0.75,-0.44,6,6
1772052036.320439,713408,-0.03,0.02,-0.01,-132.31,-75.50,68.31,0.19,-1.69,-0.50,0.08,-0.12,0.05,-139.19,47.19,237.62,-0.44,-0.44,-0.25,5,4
1772052036.511047,713599,0.03,0.05,-0.08,-132.25,-75.50,68.25,-0.37,1.00,0.25,0.06,-0.10,0.02,-139.25,47.19,237.56,0.31,-0.50,-0.19,5,3
1772052036.701681,713789,-0.03,-0.01,-0.04,-132.19,-75.56,68.37,1.81,-1.00,-0.13,0.09,-0.10,0.08,-139.12,47.19,237.62,0.06,0.00,-1.06,4,4
1772052036.892373,713980,-0.02,0.09,-0.05,-132.12,-75.56,68.44,-0.31,-0.19,0.44,0.07,-0.09,0.05,-139.00,47.06,237.81,0.00,-0.06,-1.37,4,4
1772052037.083035,714171,-0.04,0.13,-0.07,-132.06,-75.56,68.44,-0.37,0.31,0.44,0.09,-0.10,0.04,-138.87,46.94,238.06,-0.06,0.13,-0.56,3,5
1772052037.273640,714361,-0.01,0.06,-0.05,-132.06,-75.56,68.50,-0.50,-0.13,0.50,0.06,-0.14,0.05,-138.81,46.88,238.12,0.37,-0.13,-0.88,3,5
1772052037.464415,714552,0.03,0.08,-0.03,-132.06,-75.56,68.44,0.37,0.50,0.44,0.05,-0.11,0.02,-138.81,46.88,238.12,-0.37,-0.13,-0.44,3,4
1772052037.654891,714743,-0.02,0.04,-0.06,-132.12,-75.50,68.44,-0.94,0.25,0.25,0.07,-0.14,0.05,-138.81,46.81,238.19,0.06,0.00,-0.31,3,4
1772052037.845604,714933,-0.06,0.13,-0.04,-132.00,-75.50,68.37,0.06,-0.06,-0.62,0.05,-0.13,0.03,-138.81,46.69,238.25,0.31,-0.56,-1.06,4,4
1772052038.036484,715124,-0.04,0.02,-0.03,-132.19,-75.69,68.62,-1.56,0.00,-0.75,0.09,-0.18,0.06,-138.81,46.63,238.31,0.13,-0.13,-0.88,5,4
1772052038.226394,715314,0.01,0.01,0.03,-133.44,-75.37,68.69,0.81,5.87,1.19,0.05,-0.11,0.07,-138.75,46.63,238.50,-0.25,-0.62,0.00,6,4
1772052038.417462,715505,-0.02,0.12,-0.08,-135.94,-74.37,67.75,-2.87,6.19,1.56,0.20,-0.18,0.03,-138.81,46.63,238.44,-0.62,-0.19,0.13,6,6
1772052038.608130,715696,0.13,0.11,-0.13,-137.12,-73.56,67.19,1.12,2.75,-0.94,0.22,-0.15,-0.03,-138.94,46.81,238.06,1.69,1.56,2.00,7,5
1772052038.798568,715887,0.13,0.04,-0.09,-138.25,-73.56,67.94,3.12,-0.88,0.00,0.10,-0.17,0.03,-139.25,47.13,237.50,0.19,1.06,3.00,6,7
1772052038.989352,716077,0.05,0.09,-0.04,-137.37,-73.94,68.50,0.81,-1.31,0.13,0.08,-0.15,0.05,-139.50,47.31,237.12,-0.13,-0.81,-1.12,6,5
1772052039.180085,716268,0.04,-0.01,-0.18,-137.50,-74.06,68.87,0.50,-3.81,-0.31,0.08,-0.12,0.03,-139.44,47.13,237.37,-0.19,-0.06,-0.19,6,5
1772052039.370397,716458,0.00,0.05,0.02,-135.06,-74.75,68.94,-0.25,-5.50,0.44,0.04,-0.13,0.04,-139.31,47.19,237.31,0.13,0.06,-1.12,6,5
1772052039.561494,716649,0.03,0.10,-0.04,-133.37,-75.19,68.87,-2.06,-2.81,-0.13,0.08,-0.12,0.01,-139.31,47.19,237.25,-0.37,0.13,-0.19,5,5
1772052039.752186,716840,0.13,0.01,-0.08,-132.37,-75.37,68.87,-0.75,-0.81,0.00,0.05,-0.05,0.04,-139.31,47.25,237.31,-1.94,-0.81,1.87,5,5
1772052039.942838,717031,0.05,0.18,-0.04,-131.56,-75.69,68.62,-1.50,-1.00,-0.88,0.06,-0.07,0.04,-139.31,47.31,237.25,0.50,-0.19,-0.94,5,5
1772052040.133325,717221,0.00,0.03,-0.11,-131.56,-75.94,68.94,0.19,-0.31,-1.37,0.03,-0.11,0.08,-139.19,47.25,237.44,0.37,0.44,-0.75,5,5
1772052040.324286,717412,0.00,0.13,-0.04,-130.81,-76.12,68.87,-0.50,-1.06,0.56,0.06,-0.13,0.05,-139.19,47.19,237.37,0.31,-0.37,-0.75,5,4
1772052040.514742,717603,0.07,0.09,-0.05,-130.94,-76.12,68.87,0.06,-0.56,0.13,0.08,-0.13,0.05,-139.12,47.13,237.50,0.56,0.69,-0.37,6,4
1772052040.705090,717793,0.00,0.05,-0.05,-130.81,-76.19,68.94,-0.62,0.88,0.25,0.06,-0.11,0.04,-139.00,47.13,237.50,0.25,0.00,-0.13,6,2
1772052040.896011,717984,0.05,0.10,-0.12,-131.06,-76.12,68.81,-0.13,-0.19,-1.00,0.12,-0.13,0.06,-139.06,47.13,237.50,0.00,0.50,-0.25,7,3
1772052041.086465,718175,0.00,0.06,-0.05,-131.00,-76.25,69.00,-0.06,0.37,-0.88,0.05,-0.15,0.07,-139.00,47.06,237.56,0.31,0.06,-0.50,7,3
1772052041.277482,718365,0.02,0.12,-0.08,-131.06,-76.25,69.00,-0.19,-0.25,0.00,0.08,-0.17,0.05,-139.00,47.06,237.56,0.13,-0.25,-0.25,8,4
1772052041.468186,718556,0.08,0.04,-0.12,-131.31,-76.31,69.12,0.94,0.62,-0.69,0.08,-0.13,0.03,-139.06,47.00,237.62,0.25,-0.62,-0.06,7,4
1772052041.658733,718747,0.05,0.05,-0.06,-130.81,-76.44,69.25,0.06,-0.44,-0.19,0.11,-0.14,0.00,-139.00,47.00,237.69,0.13,-0.31,-0.37,7,5
1772052041.849300,718937,0.02,0.09,-0.09,-131.06,-76.37,69.25,-0.13,0.31,0.37,0.13,-0.16,0.04,-139.06,46.94,237.75,0.44,-0.94,-0.56,6,5
1772052042.039728,719128,0.00,0.01,-0.10,-131.25,-76.50,69.44,0.81,-1.94,0.44,0.09,-0.18,0.07,-139.00,46.88,237.87,0.13,-0.50,-0.37,5,5
1772052042.230800,719319,0.01,0.15,-0.05,-131.31,-76.44,69.31,0.31,1.12,-0.06,0.11,-0.14,0.07,-139.06,46.88,237.87,-0.25,0.25,-0.75,5,4
1772052042.421560,719510,0.04,0.10,-0.12,-132.19,-76.31,69.31,-0.25,1.00,-0.31,0.06,-0.11,0.06,-139.00,46.88,237.81,0.06,0.37,-1.19,4,6
1772052042.612217,719700,0.03,0.13,-0.10,-132.25,-76.25,69.12,-1.12,0.94,0.19,0.10,-0.10,0.02,-138.94,46.88,237.75,-0.31,-0.37,-0.50,4,6
1772052042.802921,719891,0.05,0.16,-0.13,-132.62,-76.31,68.81,-2.44,0.50,-0.44,0.07,-0.12,0.02,-138.94,46.94,237.69,0.19,-0.13,-0.81,4,6
1772052042.993575,720081,-0.01,0.13,-0.07,-132.37,-76.31,68.81,0.56,-0.50,-0.06,0.06,-0.10,0.09,-139.00,47.00,237.56,0.25,-1.00,-0.13,4,5
1772052043.184224,720272,0.05,0.03,-0.09,-133.12,-76.31,69.06,2.44,-0.37,-1.12,0.09,-0.13,0.03,-139.12,47.00,237.50,-0.19,0.00,-0.25,4,4
1772052043.374760,720463,0.00,0.05,-0.08,-134.25,-76.44,69.81,1.62,0.00,-0.75,0.07,-0.11,0.03,-139.12,47.00,237.50,0.06,0.19,-0.44,5,4
1772052043.565430,720654,0.04,0.05,-0.11,-134.75,-76.44,70.00,-0.44,0.50,0.00,0.11,-0.14,0.03,-139.12,46.94,237.50,0.37,0.31,-0.50,5,4
1772052043.756295,720844,-0.03,0.03,-0.10,-134.75,-76.31,69.87,0.44,-0.13,-0.69,0.08,-0.13,0.06,-139.06,46.94,237.56,0.44,0.19,-0.25,6,4
1772052043.947107,721035,-0.03,0.08,-0.07,-134.75,-76.31,69.87,-0.06,-0.44,0.13,0.10,-0.13,0.02,-139.06,46.94,237.62,0.00,-0.37,-0.37,7,5
1772052044.137748,721226,0.00,0.06,-0.07,-134.87,-76.37,69.94,0.25,0.31,-0.81,0.07,-0.13,0.05,-139.06,46.88,237.62,-0.25,-0.31,-0.25,7,5
1772052044.328544,721416,-0.01,0.09,-0.07,-134.69,-76.44,70.00,-0.81,-0.31,0.50,0.10,-0.12,0.02,-139.06,46.88,237.62,0.13,-0.56,-0.37,7,2
1772052044.519036,721607,0.03,0.03,-0.12,-134.69,-76.44,70.00,1.19,-1.75,-0.06,0.13,-0.16,0.04,-139.06,46.88,237.69,0.25,0.00,-0.31,7,3
1772052044.709562,721798,0.01,0.06,-0.07,-134.50,-76.50,70.06,1.25,-0.75,-0.69,0.10,-0.16,0.08,-139.06,46.81,237.75,0.19,0.50,0.06,7,4
1772052044.899939,721988,0.05,0.07,-0.05,-134.50,-76.50,70.12,0.37,0.13,-0.19,0.11,-0.21,0.06,-139.06,46.81,237.75,0.31,-0.50,0.06,7,5
1772052045.091174,722179,0.04,0.05,-0.14,-134.81,-76.56,70.31,0.56,0.31,-0.94,0.11,-0.15,0.04,-139.12,46.75,237.87,-0.13,-0.25,-0.31,6,5
1772052045.281513,722370,0.00,0.06,-0.10,-134.87,-76.69,70.50,-0.88,0.13,0.19,0.12,-0.19,0.06,-139.12,46.75,237.87,0.06,0.13,-0.81,6,5
1772052045.472397,722560,0.05,0.02,-0.10,-134.87,-76.62,70.44,-0.13,-0.50,0.00,0.20,-0.15,0.08,-138.94,46.63,238.06,0.50,0.00,-0.94,5,4
1772052045.662900,722751,0.04,0.07,-0.09,-134.87,-76.75,70.44,1.19,-1.19,-0.62,0.07,-0.17,0.08,-139.00,46.69,237.87,0.31,0.00,-0.88,5,4
1772052045.853638,722942,0.04,0.16,-0.09,-134.50,-76.81,70.44,-0.37,0.56,0.00,0.09,-0.13,0.09,-139.06,46.75,237.75,-0.37,-0.31,-0.44,5,4
1772052046.044320,723132,0.02,0.10,-0.11,-134.75,-76.81,70.56,0.06,0.06,-0.31,0.10,-0.14,0.04,-139.12,46.88,237.56,0.00,-0.19,-0.69,4,4
1772052046.235125,723323,0.01,0.12,-0.13,-134.75,-76.81,70.56,-0.81,-0.13,-0.56,0.11,-0.12,0.04,-139.12,46.94,237.44,0.00,-0.25,-0.62,5,5
1772052046.425676,723514,0.00,0.02,-0.14,-134.81,-76.87,70.75,0.62,-0.69,-0.37,0.07,-0.11,0.00,-139.12,46.94,237.37,0.37,0.13,-0.81,5,4
1772052046.616226,723704,0.03,0.02,-0.12,-134.56,-76.94,70.75,0.00,-0.50,0.00,0.08,-0.10,0.09,-139.12,46.94,237.37,0.37,-0.50,-0.13,5,5
1772052046.806580,723895,0.05,0.09,-0.14,-134.81,-76.94,70.69,2.00,-0.31,-0.50,0.12,-0.10,0.04,-139.12,46.94,237.44,0.19,0.06,-0.69,6,3
1772052046.997527,724086,0.02,0.10,-0.15,-135.00,-76.94,70.81,0.94,0.81,-0.44,0.07,-0.09,0.03,-139.12,46.88,237.44,0.06,0.37,-0.44,7,4
1772052047.188514,724276,0.01,0.08,-0.12,-135.00,-76.94,70.87,-1.19,-0.06,0.50,0.08,-0.11,0.05,-139.06,46.81,237.50,0.06,-0.19,-0.56,7,3
1772052047.379055,724467,0.01,0.06,-0.17,-134.94,-76.94,70.81,0.13,-0.37,-0.37,0.09,-0.10,0.05,-139.06,46.81,237.56,0.13,0.13,-0.13,7,7
1772052047.569481,724658,0.01,0.11,-0.13,-134.56,-77.00,70.87,0.31,-0.56,0.06,0.06,-0.11,0.07,-139.06,46.81,237.62,-0.31,0.00,0.06,7,10
1772052047.760254,724848,0.03,0.17,-0.11,-134.50,-77.00,70.75,-1.19,0.69,-0.19,0.06,-0.12,0.03,-139.06,46.75,237.62,-0.19,0.13,-0.13,7,11
1772052047.951344,725039,0.00,0.10,-0.10,-134.37,-77.06,70.81,-0.94,-0.19,0.31,0.09,-0.14,0.04,-139.06,46.75,237.62,-0.25,-0.13,-0.44,7,11
1772052048.141784,725230,-0.04,0.04,-0.07,-134.25,-77.12,70.87,-0.88,-0.06,0.19,0.07,-0.11,0.04,-139.06,46.75,237.62,0.13,-0.06,-0.31,7,10
1772052048.332247,725420,0.00,0.04,-0.13,-134.25,-77.12,70.87,0.81,-0.25,0.00,0.10,-0.13,0.02,-139.06,46.75,237.62,0.19,-0.06,-0.31,6,10
1772052048.522890,725611,0.02,0.09,-0.16,-134.25,-77.12,70.87,0.25,0.37,0.50,0.16,-0.12,0.04,-139.00,46.69,237.81,0.00,0.00,-0.81,6,9
1772052048.713545,725801,-0.01,0.10,-0.08,-134.06,-77.12,70.81,0.37,-0.37,0.88,0.10,-0.18,0.08,-138.87,46.63,237.87,0.44,-0.13,-1.31,5,10
1772052048.904522,725992,0.02,0.11,-0.11,-134.31,-77.06,70.75,-0.94,0.75,-0.37,0.08,-0.14,0.05,-138.87,46.56,238.00,-0.50,-0.50,-0.56,4,11
1772052049.095100,726183,0.00,0.06,-0.10,-134.56,-77.12,71.00,-1.25,0.69,0.00,0.11,-0.15,0.05,-138.87,46.56,238.00,0.37,-0.13,-0.50,4,11
1772052049.285619,726374,0.01,0.04,-0.15,-134.69,-77.06,70.94,0.00,-0.25,0.25,0.11,-0.16,0.07,-138.81,46.50,238.06,0.13,0.19,-0.56,4,9
1772052049.476508,726564,-0.02,0.04,-0.13,-134.62,-77.00,70.81,0.25,-0.69,0.00,0.12,-0.18,0.04,-138.75,46.44,238.19,-0.81,-0.62,-0.31,4,6
1772052049.667148,726755,0.02,0.08,-0.07,-134.62,-76.94,70.75,-0.81,-0.19,-0.25,0.15,-0.15,0.08,-138.75,46.44,238.19,0.00,-0.25,0.06,5,6
1772052049.857815,726946,0.00,0.04,-0.08,-134.62,-76.94,70.69,0.31,0.31,-0.37,0.12,-0.17,0.05,-138.75,46.44,238.19,0.06,-0.44,-0.13,5,6
1772052050.048703,727137,-0.02,0.02,-0.06,-134.87,-76.87,70.75,0.19,-0.06,0.19,0.07,-0.15,0.02,-138.81,46.56,237.94,-0.19,-0.19,-0.50,5,6
1772052050.239255,727327,-0.02,0.06,-0.08,-135.06,-76.81,70.75,-0.31,0.06,0.25,0.12,-0.13,0.03,-138.87,46.69,237.75,-0.06,-0.13,-0.44,6,6
1772052050.429881,727518,0.02,0.00,-0.10,-135.06,-76.81,70.81,0.06,-0.06,-0.06,0.09,-0.12,0.05,-138.94,46.75,237.56,-0.06,-0.31,-0.31,7,5
1772052050.620524,727709,0.02,0.08,-0.11,-135.06,-76.81,70.81,0.81,-0.56,-0.81,0.10,-0.11,0.02,-138.94,46.88,237.44,0.19,-0.37,-0.25,8,5
1772052050.811512,727899,-0.01,0.10,-0.06,-134.87,-76.87,70.81,0.81,-0.13,0.13,0.06,-0.14,0.04,-139.00,46.94,237.31,-0.13,-0.75,-0.13,8,4
1772052051.001873,728090,0.00,0.08,-0.08,-135.00,-76.87,70.87,0.00,-0.37,-0.69,0.05,-0.09,0.02,-139.06,46.94,237.25,-0.06,-0.19,-0.31,9,4
1772052051.192352,728281,0.04,0.12,-0.13,-135.12,-76.94,70.94,-1.50,0.62,0.06,0.04,-0.10,0.00,-139.06,46.94,237.31,-0.25,0.06,-0.25,9,3
1772052051.383161,728471,0.00,0.07,-0.07,-135.06,-76.94,71.00,-1.12,0.00,0.00,0.09,-0.11,0.06,-139.06,46.94,237.31,0.06,-0.19,-0.31,8,3
1772052051.573681,728662,0.02,0.04,-0.09,-135.06,-76.94,70.94,0.00,0.50,0.06,0.11,-0.15,0.00,-139.06,46.94,237.31,-0.50,-0.31,-0.13,7,6
1772052051.764824,728853,0.02,0.09,-0.06,-135.00,-76.94,70.94,-0.88,0.06,-0.25,0.05,-0.11,0.05,-139.06,46.88,237.37,0.00,-0.13,-0.13,6,7
1772052051.955322,729043,0.02,0.01,-0.11,-135.19,-76.94,71.06,-1.12,0.50,-0.31,0.10,-0.18,0.03,-139.06,46.81,237.44,0.19,0.56,-0.19,6,8
1772052052.145712,729234,0.02,0.01,-0.12,-135.19,-76.94,71.00,0.37,0.06,-0.19,0.08,-0.12,0.03,-139.00,46.81,237.50,0.06,-0.13,-0.81,5,9
1772052052.336339,729425,0.05,0.10,-0.13,-135.06,-76.87,70.81,0.00,0.00,0.13,0.09,-0.11,0.06,-138.94,46.75,237.56,-0.19,-0.25,-0.37,4,9
1772052052.527146,729615,0.02,0.03,-0.12,-135.06,-76.87,70.81,0.56,-0.50,-0.50,0.14,-0.13,0.03,-138.94,46.75,237.62,0.00,-0.25,-0.81,3,10
1772052052.717912,729806,0.01,0.02,-0.09,-135.00,-76.87,70.87,0.13,-0.69,0.37,0.10,-0.12,0.07,-138.87,46.69,237.69,0.06,0.06,-0.50,3,10
1772052052.908635,729997,0.04,0.05,-0.07,-134.87,-76.87,70.81,-0.44,0.56,-0.06,0.11,-0.14,0.06,-138.87,46.69,237.69,0.13,-0.37,-0.19,2,11
1772052053.099132,730187,0.03,0.05,-0.12,-134.94,-76.94,70.81,0.44,0.00,-0.69,0.09,-0.12,0.06,-138.87,46.69,237.69,0.06,-0.06,-0.56,2,11
1772052053.289824,730378,0.01,0.09,-0.09,-134.75,-76.94,70.81,-0.56,0.13,0.13,0.10,-0.16,0.06,-138.81,46.69,237.75,-0.06,0.00,-0.44,3,10
1772052053.480008,730569,0.00,0.06,-0.11,-134.81,-76.94,70.81,0.19,0.06,0.31,0.13,-0.11,0.08,-138.81,46.69,237.75,0.00,0.13,0.06,5,9
1772052053.671625,730760,-0.01,0.03,-0.12,-134.87,-76.94,70.87,0.75,-0.06,-0.13,0.10,-0.16,0.02,-138.81,46.69,237.75,-0.88,-0.94,0.06,6,7
1772052053.862262,730950,-0.01,0.04,-0.10,-134.50,-77.06,70.94,-0.94,-1.31,-0.31,0.13,-0.14,0.06,-138.87,46.63,237.75,-0.06,-0.37,0.13,7,6
1772052054.052401,731141,0.00,0.05,-0.13,-134.37,-77.12,70.94,0.62,-0.13,-0.25,0.13,-0.16,0.05,-138.87,46.63,237.75,0.37,-0.06,0.31,8,5
1772052054.243111,731331,-0.02,0.02,-0.13,-134.56,-77.12,71.06,1.25,-0.62,0.13,0.11,-0.16,0.09,-138.87,46.63,237.75,-0.25,0.00,0.06,8,6
1772052054.433608,731522,0.05,0.14,-0.15,-134.56,-77.12,71.06,-0.31,0.37,-0.75,0.08,-0.16,0.06,-138.94,46.69,237.62,0.00,0.37,0.06,9,5
1772052054.624583,731713,0.00,0.09,-0.10,-134.62,-77.25,71.31,-0.75,-0.37,0.00,0.10,-0.18,0.07,-139.00,46.81,237.37,0.06,0.62,-0.06,9,5
1772052054.815317,731904,0.02,0.03,-0.08,-134.62,-77.25,71.31,-0.94,0.00,0.37,0.07,-0.13,0.02,-139.06,46.94,237.25,0.00,-0.06,-0.62,9,6
1772052055.006071,732094,0.05,0.10,-0.10,-134.56,-77.19,71.19,-0.75,1.00,-0.25,0.04,-0.08,0.02,-139.06,47.00,237.06,-0.06,-0.31,-0.37,9,6
1772052055.196368,732285,0.06,0.08,-0.18,-134.69,-77.19,71.19,-0.13,0.00,0.00,0.02,-0.10,0.00,-139.12,47.06,236.94,0.56,-0.25,-0.06,8,7
1772052055.387238,732475,-0.04,-0.05,-0.09,-134.62,-77.25,71.31,0.44,-0.06,0.69,0.06,-0.07,0.01,-139.12,47.19,236.75,0.06,-0.06,-0.06,6,6
1772052055.577976,732666,0.04,0.06,-0.12,-134.56,-77.25,71.25,0.62,0.50,-0.37,0.08,-0.09,0.06,-139.12,47.19,236.75,0.37,0.62,-0.19,6,7
1772052055.768514,732857,0.02,0.06,-0.12,-134.56,-77.19,71.25,0.19,-0.37,-0.25,0.01,-0.10,0.05,-139.12,47.19,236.81,0.56,0.13,0.13,5,7
1772052055.959045,733048,0.00,0.04,-0.13,-134.50,-77.19,71.25,0.44,-0.13,-0.25,0.05,-0.07,0.02,-139.12,47.13,236.81,0.44,-0.19,0.00,4,8
1772052056.149851,733238,0.03,0.10,-0.14,-134.69,-77.25,71.31,0.00,0.06,-0.62,0.03,-0.10,0.01,-139.12,47.13,236.81,0.00,0.25,-0.25,4,7
1772052056.340610,733429,0.01,0.11,-0.12,-134.81,-77.25,71.31,-1.31,0.56,0.69,0.01,-0.09,0.00,-139.12,47.13,236.75,0.31,-0.31,-0.19,4,8
1772052056.531382,733620,-0.01,-0.03,-0.10,-135.12,-77.25,71.44,0.13,-0.19,0.00,0.05,-0.07,0.02,-139.12,47.19,236.75,0.50,0.06,0.00,4,7
1772052056.722169,733810,0.06,0.00,-0.13,-135.06,-77.25,71.37,0.75,0.56,-0.50,-0.02,-0.05,0.01,-139.12,47.13,236.87,-0.31,-0.06,0.13,5,6
1772052056.912698,734001,0.00,0.14,-0.11,-134.75,-77.31,71.37,-0.69,-0.56,0.19,0.09,-0.08,-0.01,-139.12,47.13,236.87,0.44,0.19,-0.06,6,6
1772052057.103399,734192,0.01,0.07,-0.16,-134.87,-77.31,71.37,0.81,-0.19,-0.19,0.07,-0.13,0.02,-139.12,47.13,236.87,0.56,-0.19,0.25,7,5
1772052057.294193,734382,0.00,0.00,-0.11,-135.06,-77.37,71.62,0.62,-0.19,-0.19,0.04,-0.08,0.03,-139.12,47.13,236.87,-0.31,-0.13,0.00,7,5
1772052057.484902,734573,0.03,0.09,-0.14,-135.00,-77.37,71.56,-0.19,0.06,0.31,0.07,-0.12,0.04,-139.12,47.13,236.87,-0.13,0.00,0.06,7,4
1772052057.675578,734764,0.00,0.11,-0.13,-135.00,-77.37,71.56,-0.13,0.00,0.13,0.03,-0.14,-0.02,-139.12,47.13,236.87,0.00,-0.31,-0.50,8,4
1772052057.865978,734954,0.00,0.01,-0.11,-135.00,-77.37,71.62,-1.19,0.19,0.13,0.06,-0.09,0.02,-139.06,47.13,236.87,-0.06,0.44,0.00,8,4
1772052058.056632,735145,0.01,0.05,-0.12,-135.00,-77.25,71.44,0.19,0.31,-0.25,0.08,-0.15,0.08,-139.06,47.13,236.87,0.19,0.37,0.19,8,5
1772052058.247518,735336,0.05,0.07,-0.09,-135.25,-77.12,71.37,0.88,-0.19,-0.31,0.10,-0.10,0.05,-139.06,47.13,236.87,0.00,0.19,-0.13,8,5
1772052058.438317,735527,0.03,0.12,-0.12,-135.37,-77.06,71.37,-0.13,0.37,0.19,0.06,-0.08,0.03,-139.06,47.13,236.87,0.13,0.06,-0.25,7,4
1772052058.628901,735717,0.05,0.03,-0.04,-135.44,-77.00,71.31,0.19,-0.19,-0.25,0.03,-0.07,0.03,-139.00,47.13,236.87,0.00,-0.19,0.00,6,4
1772052058.819362,735908,0.00,0.08,-0.11,-135.31,-77.06,71.31,-0.88,0.31,0.00,0.07,-0.09,0.00,-139.00,47.13,236.87,0.19,0.00,-0.06,5,6
1772052059.010034,736098,0.06,0.11,-0.14,-135.62,-77.00,71.25,0.94,0.13,-0.81,0.05,-0.09,0.05,-139.06,47.13,236.87,0.00,0.25,0.06,4,5
1772052059.200837,736289,0.01,0.06,-0.08,-135.62,-77.06,71.37,-0.06,-0.69,0.62,0.11,-0.11,0.04,-139.06,47.13,236.87,0.13,0.31,-0.50,4,5
1772052059.391535,736480,0.01,0.10,-0.11,-135.50,-77.06,71.37,-0.06,0.19,0.25,0.05,-0.08,0.04,-139.06,47.13,236.87,0.06,0.19,-0.19,4,5
1772052059.582450,736671,0.00,0.05,-0.09,-135.50,-77.06,71.37,0.25,-0.88,-0.06,0.04,-0.11,0.06,-139.06,47.13,236.87,-0.06,0.06,-0.06,4,6
1772052059.772920,736861,0.03,0.01,-0.09,-135.44,-77.12,71.50,0.00,-0.81,-0.13,0.07,-0.10,0.03,-139.06,47.13,236.87,0.19,-0.13,0.37,5,6
1772052059.963607,737052,0.02,0.08,-0.10,-135.31,-77.12,71.50,-0.19,0.69,0.37,0.08,-0.09,0.01,-139.06,47.13,236.87,-0.31,-0.13,0.44,5,5
1772052060.154001,737243,0.05,0.07,-0.11,-135.50,-77.12,71.50,0.06,0.00,-0.75,0.10,-0.15,0.04,-139.06,47.13,236.87,0.31,0.37,0.25,6,6
1772052060.345111,737433,0.03,0.08,-0.11,-135.31,-77.19,71.50,-0.56,-0.37,0.75,0.08,-0.11,0.02,-139.06,47.13,236.87,0.19,-0.37,-0.06,6,6
1772052060.535542,737624,-0.04,0.00,-0.06,-135.31,-77.25,71.69,1.06,-1.25,0.50,0.06,-0.14,0.00,-139.06,47.13,236.87,0.19,0.25,0.37,7,6
1772052060.726060,737815,0.00,0.00,-0.13,-135.56,-77.25,71.69,1.06,0.19,0.19,0.04,-0.14,0.02,-139.00,47.19,236.87,0.81,0.88,-0.50,7,5
1772052060.916909,738005,0.02,0.04,-0.12,-135.31,-77.19,71.56,-0.31,-0.37,0.19,0.09,-0.14,0.04,-138.94,47.19,236.81,0.13,0.06,-0.25,8,6
1772052061.107564,738196,0.07,0.05,-0.16,-135.56,-77.12,71.56,0.31,0.56,-0.56,0.03,-0.07,0.02,-138.94,47.19,236.81,0.19,0.50,-0.06,8,6
1772052061.298319,738387,0.03,0.07,-0.10,-135.44,-77.19,71.56,-1.00,0.13,0.37,0.06,-0.12,0.04,-138.94,47.25,236.81,-0.25,0.31,-0.06,8,6
1772052061.489070,738578,0.02,0.03,-0.12,-135.44,-77.19,71.56,-0.19,-0.50,0.00,0.09,-0.10,0.08,-138.87,47.25,236.75,0.37,0.25,0.00,8,5
1772052061.679740,738768,0.01,0.15,-0.15,-135.44,-77.19,71.50,0.25,-0.75,-1.37,0.02,-0.11,0.00,-138.94,47.25,236.81,-0.06,0.37,-0.13,7,4
1772052061.870176,738959,0.00,0.15,-0.10,-135.00,-77.31,71.62,-1.00,-0.56,0.88,0.06,-0.15,0.01,-138.87,47.31,236.75,0.50,0.62,-0.25,7,4
1772052062.060729,739149,0.04,0.05,-0.15,-135.50,-77.25,71.62,-0.13,0.81,0.00,0.04,-0.08,0.02,-138.81,47.31,236.75,-0.19,0.37,0.25,6,3
1772052062.251839,739340,-0.01,0.10,-0.12,-135.37,-77.25,71.62,-0.88,0.06,-0.13,0.04,-0.11,0.00,-138.81,47.31,236.75,-0.06,0.13,0.13,5,3
1772052062.442224,739531,0.02,0.08,-0.13,-135.37,-77.25,71.62,0.06,-0.44,-0.37,0.05,-0.13,0.00,-138.81,47.31,236.75,0.06,0.19,0.31,6,5
1772052062.632979,739721,0.02,0.01,-0.15,-135.50,-77.25,71.69,0.13,0.62,-0.06,0.12,-0.14,-0.05,-138.81,47.31,236.75,-0.88,-0.50,0.50,6,5
1772052062.823659,739912,0.00,0.07,-0.11,-135.37,-77.31,71.75,-0.81,-0.69,0.00,0.12,-0.14,0.00,-138.81,47.31,236.81,0.13,-0.50,0.50,6,5
1772052063.013830,740102,0.06,0.02,-0.11,-135.69,-77.19,71.69,2.37,-1.31,0.44,0.03,-0.17,0.00,-138.75,47.38,236.81,-0.31,0.31,0.69,5,4
1772052063.204474,740293,0.03,-0.01,-0.13,-135.94,-77.12,71.75,2.31,0.62,0.81,0.05,-0.11,0.03,-138.81,47.44,236.62,-0.19,0.69,-0.06,6,4
1772052063.395540,740484,0.02,0.10,-0.10,-136.12,-77.00,71.56,0.50,-0.94,0.62,0.07,-0.12,0.00,-138.75,47.50,236.44,-0.06,0.50,-0.50,6,4
1772052063.586552,740675,0.04,0.00,-0.11,-136.12,-76.87,71.50,0.56,0.31,0.25,0.04,-0.08,-0.02,-138.75,47.50,236.50,-0.56,-0.62,-0.50,7,5
1772052063.777220,740865,-0.03,0.09,-0.05,-135.81,-77.00,71.50,-0.44,-0.81,0.50,0.02,-0.11,-0.03,-138.75,47.56,236.44,0.25,0.06,-0.06,7,4
1772052063.967599,741056,0.04,0.06,-0.10,-136.06,-76.94,71.50,0.44,-0.31,0.50,0.08,-0.11,0.00,-138.81,47.56,236.37,0.31,-0.31,-0.06,8,5
1772052064.158177,741247,0.03,-0.04,-0.07,-136.37,-77.06,71.69,2.37,-1.56,0.62,0.04,-0.07,0.00,-138.75,47.56,236.37,0.31,0.44,-0.31,9,5
1772052064.349011,741438,-0.01,0.10,-0.06,-135.87,-77.06,71.50,1.25,0.69,0.81,0.00,-0.09,-0.02,-138.75,47.56,236.37,0.13,0.19,-0.13,7,3
1772052064.539595,741628,0.02,0.00,-0.13,-136.06,-77.00,71.56,-0.13,0.31,0.50,-0.01,-0.06,-0.01,-138.75,47.56,236.37,-0.19,0.19,0.00,8,2
1772052064.730672,741819,0.00,0.10,-0.12,-136.00,-77.00,71.50,-0.56,-0.50,-0.44,0.03,-0.10,-0.03,-138.75,47.63,236.37,0.19,0.25,0.25,8,2
1772052064.920914,742010,0.00,0.08,-0.08,-136.00,-77.06,71.50,0.31,-0.37,-0.19,0.03,-0.14,-0.07,-138.75,47.63,236.37,0.19,0.31,0.69,8,3
1772052065.111765,742200,-0.03,0.01,-0.09,-136.00,-77.06,71.62,0.31,-1.06,0.06,0.03,-0.11,0.00,-138.75,47.63,236.31,-0.25,0.37,0.19,8,3
1772052065.302651,742391,0.00,0.09,-0.09,-135.94,-77.12,71.62,-0.25,0.81,-0.06,0.00,-0.11,-0.01,-138.69,47.63,236.31,0.06,-0.31,-0.25,8,3
1772052065.493472,742582,-0.03,0.05,-0.11,-135.94,-77.06,71.62,0.44,-0.37,-0.25,0.01,-0.11,-0.09,-138.69,47.63,236.37,-0.94,-0.62,-0.44,7,3
1772052065.684048,742772,0.02,0.08,-0.08,-135.69,-77.12,71.62,-0.50,0.31,0.13,0.02,-0.12,-0.03,-138.69,47.63,236.44,-0.06,-0.13,-0.25,6,3
1772052065.874350,742963,0.05,0.09,-0.12,-135.87,-77.06,71.56,0.44,0.25,-0.25,0.05,-0.13,0.00,-138.62,47.56,236.50,0.06,0.25,-0.19,5,2
1772052066.065600,743154,0.02,0.01,-0.14,-136.06,-77.06,71.62,1.12,-0.88,-0.13,0.06,-0.12,0.01,-138.56,47.50,236.56,-0.13,0.25,-0.44,5,2
1772052066.256021,743345,0.00,0.11,-0.11,-135.87,-77.12,71.56,0.13,-0.56,0.06,0.08,-0.12,-0.02,-138.50,47.50,236.62,0.00,0.13,-0.69,5,3
1772052066.446727,743535,0.01,0.07,-0.15,-135.87,-77.12,71.56,0.06,-0.19,-0.19,0.00,-0.10,0.01,-138.50,47.44,236.62,0.13,-0.13,-0.56,5,4
1772052066.637321,743726,0.05,0.04,-0.12,-135.94,-77.12,71.56,0.19,-0.25,0.25,0.01,-0.10,-0.02,-138.50,47.44,236.69,0.25,-0.06,-0.19,5,5
1772052066.827668,743916,0.04,0.09,-0.14,-136.00,-77.06,71.50,-1.75,1.06,-0.62,0.01,-0.11,-0.06,-138.50,47.38,236.69,-0.81,-0.31,-0.13,6,4
1772052067.018247,744107,0.01,0.07,-0.10,-136.12,-77.19,71.69,-1.56,-0.19,-0.50,0.03,-0.13,-0.03,-138.50,47.44,236.69,0.00,0.56,-0.06,5,4
1772052067.209383,744298,0.01,0.08,-0.12,-136.12,-77.12,71.62,-0.69,0.69,0.37,0.05,-0.11,0.01,-138.44,47.44,236.69,0.19,0.50,0.25,6,4
1772052067.400321,744489,-0.01,0.11,-0.10,-136.12,-77.12,71.62,0.31,-0.37,-0.50,0.04,-0.13,-0.02,-138.44,47.44,236.69,-0.19,-0.44,0.37,6,4
1772052067.590528,744679,0.00,0.08,-0.16,-136.19,-77.19,71.69,0.75,0.13,0.13,0.05,-0.15,-0.01,-138.50,47.38,236.75,-0.31,0.13,0.56,7,5
1772052067.781456,744870,-0.05,0.10,-0.07,-136.00,-77.25,71.75,0.25,-0.19,0.44,0.00,-0.19,-0.02,-138.50,47.38,236.75,0.56,0.50,-0.19,8,4
1772052067.972632,745061,0.01,0.10,-0.11,-136.06,-77.19,71.69,-0.13,-0.06,0.25,0.05,-0.16,-0.09,-138.62,47.44,236.62,0.13,-0.69,-0.37,9,5
1772052068.163147,745252,-0.03,-0.05,-0.09,-136.31,-77.25,71.94,-0.75,0.25,0.62,0.02,-0.12,-0.06,-138.62,47.50,236.50,0.00,0.31,-0.19,9,5
1772052068.353588,745442,0.02,0.09,-0.13,-136.25,-77.25,71.69,-0.13,1.31,-0.25,0.02,-0.10,-0.05,-138.62,47.56,236.37,0.13,0.00,-0.25,8,3
1772052068.544307,745633,0.00,0.07,-0.16,-136.44,-77.19,71.69,-0.37,0.19,0.31,0.04,-0.07,0.03,-138.69,47.56,236.37,-0.37,-0.06,-0.19,7,2
1772052068.735210,745824,-0.03,0.10,-0.10,-136.25,-77.25,71.69,-0.25,-0.50,0.25,0.02,-0.07,-0.02,-138.69,47.56,236.31,0.06,-0.13,-0.13,7,2
1772052068.925820,746014,0.00,0.07,-0.11,-136.31,-77.25,71.75,0.44,0.13,0.50,0.02,-0.10,-0.04,-138.75,47.56,236.31,0.25,-0.19,-0.19,7,2
1772052069.116640,746205,0.00,0.08,-0.15,-136.31,-77.25,71.69,-0.88,-0.06,-0.62,0.01,-0.06,-0.02,-138.75,47.56,236.25,-0.56,0.25,-0.19,5,2
1772052069.307633,746396,0.00,0.18,-0.11,-136.06,-77.25,71.62,-1.06,-0.06,-0.31,-0.01,-0.09,-0.03,-138.69,47.63,236.25,-0.31,-0.06,-0.06,5,2
1772052069.497670,746586,0.04,0.06,-0.19,-136.19,-77.19,71.69,0.31,0.19,0.06,0.03,-0.08,0.01,-138.69,47.63,236.25,-0.06,0.00,-0.19,4,2
1772052069.688357,746777,0.03,0.06,-0.12,-136.12,-77.19,71.62,0.31,-1.00,0.06,-0.02,-0.08,0.00,-138.69,47.63,236.25,0.37,-0.06,0.50,4,2
1772052069.879240,746968,0.01,0.05,-0.07,-135.87,-77.19,71.56,0.56,0.94,-0.19,0.02,-0.10,-0.02,-138.69,47.63,236.25,-0.06,-0.19,0.50,3,1
1772052070.069749,747158,0.03,0.07,-0.12,-136.44,-77.06,71.56,0.37,0.69,-0.75,-0.02,-0.12,-0.04,-138.75,47.63,236.19,0.13,0.44,0.31,4,2
1772052070.260473,747349,0.01,0.11,-0.09,-136.50,-77.00,71.50,-0.44,0.25,0.69,0.02,-0.10,-0.03,-138.75,47.63,236.19,-0.13,0.44,-0.06,4,2
1772052070.451304,747540,0.04,0.06,-0.13,-136.50,-76.94,71.44,-0.44,-0.44,0.13,0.05,-0.16,-0.04,-138.75,47.63,236.19,0.06,0.13,-0.13,5,2
1772052070.641295,747730,-0.01,0.03,-0.08,-136.50,-76.87,71.44,0.31,-0.75,0.31,0.00,-0.10,0.00,-138.75,47.63,236.25,-0.06,-0.13,-0.37,6,3
1772052070.832884,747921,-0.04,0.03,-0.04,-136.31,-76.94,71.37,-0.19,-0.25,-0.06,0.05,-0.12,-0.03,-138.62,47.69,236.19,-0.13,-0.69,-0.44,6,3
1772052071.023069,748112,0.02,0.07,-0.10,-136.75,-76.87,71.37,0.19,0.06,-0.50,0.02,-0.11,-0.05,-138.62,47.69,236.19,0.19,0.44,0.00,7,3
1772052071.213725,748302,0.00,0.08,-0.07,-136.62,-76.94,71.37,-1.00,-0.44,0.06,0.00,-0.12,-0.07,-138.62,47.69,236.19,0.00,0.13,-0.13,7,3
1772052071.404631,748493,0.01,0.04,-0.08,-136.50,-76.94,71.37,0.19,-0.44,-0.25,0.01,-0.10,-0.02,-138.62,47.69,236.19,0.19,-0.06,-0.50,8,3
1772052071.595050,748684,0.00,0.02,-0.06,-136.56,-76.94,71.37,0.25,-0.31,0.25,0.00,-0.09,-0.03,-138.62,47.69,236.25,-0.31,-0.19,0.19,8,3
1772052071.786028,748875,-0.02,0.07,-0.10,-136.56,-76.94,71.31,0.06,0.56,-0.44,0.02,-0.09,-0.05,-138.62,47.69,236.19,-0.31,-0.06,0.25,8,5
1772052071.976608,749065,0.00,0.03,-0.10,-136.87,-76.94,71.37,1.44,0.06,-0.13,0.06,-0.10,-0.05,-138.56,47.69,236.19,0.31,0.62,0.06,7,4
1772052072.167220,749256,-0.01,0.13,-0.08,-136.81,-76.94,71.37,-0.31,-0.25,0.50,0.01,-0.13,-0.04,-138.56,47.69,236.19,0.00,0.50,0.00,6,4
1772052072.357692,749446,0.00,0.07,-0.12,-136.75,-77.00,71.37,0.13,-0.69,-0.19,0.02,-0.11,0.00,-138.56,47.69,236.19,0.37,0.00,0.06,5,5
1772052072.547664,749637,0.01,0.08,-0.09,-137.00,-77.06,71.44,1.31,0.62,-1.25,0.00,-0.10,0.01,-138.56,47.69,236.25,-0.19,0.31,0.81,4,6
1772052072.739230,749828,-0.01,0.11,-0.04,-136.62,-77.12,71.56,0.13,0.81,-0.69,-0.02,-0.12,-0.02,-138.62,47.75,236.12,-0.19,-0.31,0.13,3,5
1772052072.929897,750019,0.06,0.07,-0.12,-137.37,-77.00,71.62,-0.37,0.81,-0.81,0.00,-0.11,-0.04,-138.69,47.81,236.06,-0.19,-0.13,0.00,3,7
1772052073.120521,750209,0.00,0.15,-0.05,-137.00,-77.00,71.50,-1.25,0.06,0.31,0.02,-0.13,-0.06,-138.69,47.81,236.06,-0.13,0.31,-0.13,4,7
1772052073.311448,750400,-0.04,0.08,-0.10,-136.94,-77.00,71.50,-0.31,-0.50,-0.13,0.02,-0.13,-0.05,-138.62,47.75,236.12,-0.37,0.13,-0.75,4,8
1772052073.501961,750590,0.03,0.08,-0.05,-136.62,-77.06,71.50,-0.88,-0.37,-0.19,0.02,-0.10,-0.04,-138.56,47.81,236.12,-0.13,-0.19,-0.37,4,8
1772052073.692254,750781,0.00,0.03,-0.09,-136.62,-77.06,71.44,0.06,0.13,-0.06,0.02,-0.13,-0.01,-138.56,47.81,236.12,0.19,0.19,0.25,5,6
1772052073.883366,750972,0.04,0.02,-0.06,-137.06,-77.06,71.50,2.75,-0.56,-0.31,0.03,-0.09,-0.03,-138.50,47.81,236.06,0.06,1.00,-0.50,5,6
1772052074.073699,751163,0.02,0.11,-0.09,-136.94,-77.00,71.37,0.62,0.88,1.00,0.01,-0.08,-0.08,-138.50,47.81,236.06,-0.19,0.25,-0.13,6,5
1772052074.264542,751353,0.03,0.12,-0.12,-137.06,-76.94,71.37,-0.56,0.25,0.50,0.03,-0.06,-0.05,-138.44,47.88,236.06,0.13,0.13,-0.56,7,5
1772052074.455004,751544,0.01,0.10,-0.07,-136.87,-77.00,71.37,-0.69,-0.31,0.56,0.01,-0.13,0.00,-138.44,47.88,236.06,0.13,0.25,0.13,8,5
1772052074.645535,751735,0.01,0.08,-0.08,-136.87,-77.00,71.37,0.44,-0.25,0.31,0.02,-0.10,-0.05,-138.44,47.88,236.06,0.25,0.37,0.13,8,5
1772052074.836694,751925,0.00,0.06,-0.08,-136.87,-77.00,71.37,-0.62,-0.31,0.50,0.02,-0.10,-0.04,-138.44,47.88,236.06,-0.25,-0.06,-0.13,9,6
1772052075.027232,752116,0.00,0.10,-0.07,-136.75,-77.06,71.31,-0.06,-0.13,0.13,0.00,-0.09,-0.06,-138.44,47.88,236.06,0.31,0.25,0.00,8,5
1772052075.217989,752307,0.02,0.11,-0.11,-136.75,-77.06,71.31,-0.50,0.44,-0.81,-0.06,-0.10,-0.12,-138.50,47.88,236.00,-1.25,-1.31,0.37,8,5
1772052075.407725,752497,0.00,0.04,-0.04,-136.87,-77.19,71.62,-2.50,0.13,0.00,0.00,-0.13,-0.05,-138.44,47.88,236.06,0.06,0.06,0.50,7,5
1772052075.598700,752688,0.02,0.11,-0.17,-136.87,-77.19,71.50,0.06,0.94,-0.44,0.00,-0.13,-0.01,-138.44,47.88,236.06,0.06,0.00,0.56,6,5
1772052075.789871,752878,-0.02,0.06,-0.10,-136.81,-77.19,71.56,0.81,-1.00,0.25,0.02,-0.13,-0.06,-138.44,47.88,236.06,-0.13,0.13,-0.06,6,4
1772052075.980260,753069,0.02,0.13,-0.09,-136.81,-77.19,71.50,0.56,0.00,-0.31,0.03,-0.14,-0.05,-138.44,47.88,236.06,0.00,0.00,-0.44,6,6
1772052076.171131,753260,0.03,0.11,-0.07,-136.69,-77.19,71.50,-0.44,-0.37,0.06,0.08,-0.13,-0.12,-138.37,47.88,236.12,-0.56,0.37,-0.88,7,5
1772052076.361555,753450,0.00,0.10,-0.06,-136.50,-77.25,71.44,-1.12,0.31,0.06,0.03,-0.12,-0.08,-138.25,47.88,236.12,0.00,0.37,-0.19,6,5
1772052076.552070,753641,0.04,0.14,-0.13,-136.62,-77.19,71.37,-0.31,0.88,0.37,0.00,-0.14,-0.06,-138.25,47.81,236.12,0.75,-0.25,0.31,6,8
1772052076.743163,753832,-0.02,-0.10,-0.12,-137.00,-77.19,71.62,2.19,-2.00,0.69,0.00,-0.12,-0.06,-138.19,47.88,236.06,-0.13,0.25,0.13,6,6
1772052076.933530,754022,0.00,0.06,-0.07,-136.44,-77.19,71.31,1.12,0.44,0.13,0.00,-0.08,-0.05,-138.19,47.88,236.06,-0.37,-0.13,-0.31,6,7
1772052077.124265,754213,0.04,0.16,-0.08,-136.50,-77.06,71.25,-0.25,0.62,-0.19,0.03,-0.14,-0.07,-138.19,47.94,236.06,0.19,0.44,-0.19,7,7
1772052077.315124,754404,0.06,0.04,-0.12,-136.75,-76.94,71.19,1.06,-0.50,-0.37,-0.02,-0.12,-0.06,-138.19,47.88,236.06,0.19,-0.13,0.19,8,8
1772052077.505732,754594,0.04,0.06,-0.03,-136.50,-76.94,71.19,-0.19,-0.19,-0.62,-0.02,-0.10,-0.06,-138.19,47.88,236.12,0.06,-0.62,-0.50,8,8
1772052077.696460,754785,0.04,0.07,-0.08,-136.56,-76.87,71.06,-0.31,0.19,-0.06,0.01,-0.11,-0.07,-138.19,47.88,236.12,0.06,0.25,-0.06,9,8
1772052077.887059,754976,0.00,0.09,-0.05,-136.37,-76.87,70.94,-1.31,0.06,0.37,0.02,-0.13,-0.01,-138.19,47.88,236.06,-0.19,-0.88,0.56,8,9
1772052078.077949,755167,0.04,0.13,-0.12,-136.50,-76.94,70.69,-0.31,-0.13,-0.62,-0.01,-0.14,-0.06,-138.25,47.88,236.12,0.75,-0.31,-0.56,8,9
1772052078.268439,755357,-0.01,0.11,-0.06,-137.00,-77.00,70.87,1.06,1.37,-1.19,0.03,-0.08,-0.04,-138.25,47.81,236.25,-0.75,-0.13,0.88,8,9
1772052078.458582,755547,0.00,0.11,-0.09,-138.25,-77.25,71.56,1.87,0.44,-1.62,0.02,-0.18,-0.01,-138.50,47.94,236.12,-0.62,-1.25,1.75,8,7
1772052078.649797,755739,0.03,0.13,-0.12,-140.87,-77.50,72.69,4.31,0.25,-4.00,-0.05,-0.14,-0.11,-139.00,47.94,236.06,0.13,-1.19,0.88,7,7
1772052078.840448,755929,-0.02,0.02,-0.11,-145.06,-78.31,74.94,4.69,-1.94,-6.19,0.03,-0.14,-0.09,-139.19,47.94,235.87,0.31,0.31,0.00,6,7
1772052079.031237,756120,0.01,0.01,-0.15,-148.62,-79.00,76.69,3.25,-1.94,-2.44,-0.01,-0.09,-0.09,-139.25,47.94,235.87,0.50,0.44,-1.06,6,6
1772052079.221241,756310,0.01,0.01,-0.12,-149.37,-79.56,77.56,1.81,-3.50,-1.19,-0.04,-0.09,-0.07,-139.12,47.94,235.81,-0.19,0.19,-0.81,5,5
1772052079.411870,756500,-0.01,0.08,-0.08,-148.56,-79.94,77.69,-2.06,0.06,-0.25,-0.02,-0.05,-0.09,-139.12,47.81,235.81,-0.06,0.81,-0.81,4,6
1772052079.602991,756692,0.01,0.02,-0.09,-148.37,-80.12,77.81,-0.44,-0.06,-0.94,0.04,-0.09,-0.06,-138.94,47.81,235.81,0.44,1.50,-0.75,3,5
1772052079.793824,756882,-0.02,0.07,-0.12,-148.37,-80.19,77.81,-1.12,0.81,0.69,-0.02,-0.07,-0.05,-138.69,47.75,235.87,0.69,0.69,-1.19,3,4
1772052079.984816,757073,-0.06,-0.01,-0.09,-148.37,-80.12,77.75,-0.62,0.44,0.00,-0.03,-0.05,-0.08,-138.62,47.69,236.00,-0.31,-0.94,-0.19,3,3
1772052080.175076,757264,-0.03,0.04,-0.12,-148.50,-80.06,77.50,-1.06,0.88,0.62,-0.01,-0.06,-0.05,-138.62,47.69,235.94,0.06,0.31,0.06,4,3
1772052080.365807,757455,0.00,0.08,-0.14,-148.12,-79.94,77.19,-0.62,0.88,0.56,-0.01,-0.12,-0.07,-138.62,47.69,235.94,0.19,0.25,-0.13,3,3
1772052080.556847,757645,-0.03,0.05,-0.15,-148.06,-79.87,77.12,-0.19,-0.31,0.44,-0.01,-0.07,-0.05,-138.62,47.75,235.87,0.25,0.19,-0.13,4,4
1772052080.747634,757836,0.00,0.13,-0.13,-147.94,-79.87,77.00,-0.50,0.06,-0.31,-0.03,-0.06,-0.12,-138.62,47.69,235.94,0.25,-0.75,-0.37,6,4
1772052080.938017,758027,-0.07,-0.05,-0.13,-148.31,-80.06,77.37,0.44,-0.50,-0.06,0.00,-0.11,-0.11,-138.56,47.69,235.94,-1.00,-0.37,0.13,6,4
1772052081.128618,758217,0.00,-0.04,-0.13,-148.19,-80.06,77.37,-0.13,-0.25,0.00,0.02,-0.07,-0.02,-138.44,47.75,236.06,-0.31,0.56,0.13,7,3
1772052081.318977,758408,0.00,0.15,-0.13,-147.44,-80.00,77.00,-0.19,1.12,-0.31,-0.01,-0.08,-0.02,-138.37,47.81,236.00,0.06,0.00,0.44,8,4
1772052081.510079,758599,0.03,0.12,-0.16,-148.12,-79.94,77.12,1.69,-0.62,-0.56,-0.03,-0.12,-0.06,-138.37,47.81,236.00,0.06,-0.19,0.19,9,3
1772052081.700599,758789,-0.01,0.10,-0.11,-148.00,-80.00,77.19,0.25,-0.50,-0.25,-0.02,-0.11,-0.09,-138.44,47.75,236.06,-0.37,-0.62,0.06,9,3
1772052081.890978,758980,0.00,0.05,-0.12,-148.00,-80.00,77.25,0.06,-0.44,0.06,-0.01,-0.13,-0.02,-138.44,47.75,236.06,-0.44,0.06,0.00,9,3
1772052082.081729,759171,0.03,0.05,-0.11,-148.37,-80.06,77.37,1.00,-1.25,-0.62,0.02,-0.13,-0.02,-138.44,47.75,236.06,-0.06,0.44,-0.06,8,3
1772052082.272357,759361,0.00,0.19,-0.09,-147.94,-80.12,77.31,-1.12,0.37,0.62,0.01,-0.12,-0.03,-138.50,47.75,236.06,-0.56,0.19,0.25,8,2
1772052082.463146,759552,0.00,0.06,-0.17,-148.50,-80.06,77.44,0.69,0.50,-0.50,0.00,-0.12,-0.06,-138.44,47.81,236.00,0.37,1.06,-0.37,6,2
1772052082.653891,759743,-0.02,0.14,-0.12,-148.19,-80.06,77.25,-0.69,-0.19,0.25,0.00,-0.13,-0.11,-138.31,47.81,235.94,0.06,-0.19,-0.75,5,1
1772052082.844802,759933,-0.01,0.00,-0.15,-148.25,-80.06,77.25,-0.25,-0.19,-0.13,0.00,-0.09,-0.09,-138.25,47.81,236.06,-0.94,-0.56,-0.25,4,1
1772052083.035014,760124,-0.01,0.13,-0.12,-147.94,-80.06,77.19,-1.00,1.00,0.50,0.01,-0.11,-0.07,-138.25,47.81,236.00,-0.06,0.31,-0.25,4,4
1772052083.225945,760315,0.00,0.19,-0.15,-148.31,-79.94,77.00,-0.81,0.81,0.13,-0.02,-0.13,-0.13,-138.25,47.81,236.00,-0.06,-0.50,-0.06,4,5
1772052083.416339,760505,0.00,0.00,-0.14,-148.94,-79.94,77.31,-0.94,0.00,0.13,0.00,-0.14,-0.07,-138.19,47.88,236.00,0.13,0.00,0.19,4,6
1772052083.606815,760696,0.01,0.10,-0.14,-148.56,-79.94,77.12,0.00,0.69,0.13,0.00,-0.09,-0.10,-138.19,47.88,236.00,0.19,0.25,0.06,4,7
1772052083.797757,760887,0.00,0.16,-0.18,-148.50,-79.87,77.06,-0.25,0.31,0.88,0.01,-0.09,-0.05,-138.19,47.88,236.00,-0.25,0.19,-0.13,5,7
1772052083.988474,761077,-0.03,0.19,-0.14,-148.56,-79.87,77.06,-0.13,-0.37,0.19,0.04,-0.13,-0.10,-138.19,47.88,236.00,0.19,0.50,0.31,6,7
1772052084.178955,761268,0.03,0.13,-0.15,-148.75,-79.87,77.06,0.56,-0.37,0.06,0.00,-0.17,-0.10,-138.19,47.88,236.00,0.00,-0.06,0.19,7,7
1772052084.369792,761459,-0.03,0.07,-0.15,-148.81,-79.94,77.19,-0.56,-0.50,0.31,0.00,-0.09,-0.07,-138.25,47.88,235.87,-0.13,0.13,0.13,7,7
1772052084.560484,761649,0.02,0.20,-0.15,-148.87,-79.94,77.06,0.19,0.69,-1.19,0.00,-0.09,-0.07,-138.44,47.94,235.75,-0.37,0.50,0.44,8,7
1772052084.751221,761840,0.03,0.14,-0.14,-149.00,-79.81,77.19,-1.44,-0.19,-0.25,0.03,-0.11,-0.05,-138.50,47.94,235.69,-0.88,-0.06,0.37,8,7
1772052084.941738,762031,-0.01,0.16,-0.10,-148.62,-79.75,77.06,-0.81,0.19,0.25,0.01,-0.11,-0.05,-138.56,47.94,235.62,0.06,0.31,0.44,8,5
1772052085.132230,762221,0.00,0.11,-0.13,-148.62,-79.56,76.94,0.88,0.06,0.37,0.02,-0.14,-0.09,-138.69,47.94,235.50,0.00,-0.31,-0.06,8,3
1772052085.323294,762412,0.01,0.01,-0.10,-149.06,-79.50,77.06,-0.25,0.19,0.19,-0.02,-0.07,-0.03,-138.62,47.94,235.56,0.31,0.25,-0.81,7,3
1772052085.513947,762603,0.00,0.11,-0.08,-148.44,-79.44,76.75,-0.25,0.25,-0.06,0.00,-0.10,-0.07,-138.50,47.88,235.56,0.06,0.06,-0.75,6,3
1772052085.704533,762793,-0.02,0.05,-0.04,-148.31,-79.44,76.69,-0.06,-0.69,0.00,0.02,-0.11,0.00,-138.44,47.88,235.62,0.13,-0.31,0.06,5,3
1772052085.894646,762984,0.02,0.14,-0.10,-148.37,-79.37,76.62,2.25,-0.50,0.19,0.04,-0.11,-0.05,-138.44,47.88,235.62,0.00,-0.06,-0.37,4,3
1772052086.085452,763174,0.00,0.13,-0.10,-148.37,-79.37,76.62,0.44,-0.31,-0.19,0.02,-0.11,-0.03,-138.44,47.88,235.62,0.06,0.37,-0.50,3,3
1772052086.276750,763365,-0.03,0.09,-0.07,-148.19,-79.37,76.56,-1.31,0.00,0.75,0.03,-0.09,-0.05,-138.44,47.94,235.56,-0.13,0.50,-0.25,3,3
1772052086.467151,763556,-0.03,0.13,-0.10,-148.19,-79.31,76.50,-0.06,0.31,0.00,0.00,-0.09,-0.08,-138.44,47.94,235.56,-0.13,0.06,-0.31,3,3
1772052086.658009,763747,0.00,0.08,-0.08,-148.25,-79.31,76.50,-0.19,-0.19,0.13,0.01,-0.08,-0.05,-138.37,47.94,235.62,-0.31,-0.13,0.06,4,3
1772052086.848664,763937,-0.01,0.12,-0.11,-148.25,-79.31,76.50,0.13,-0.19,-0.37,0.00,-0.10,-0.06,-138.37,47.94,235.62,-0.19,-0.37,0.50,4,3
1772052087.039351,764128,-0.05,0.03,-0.06,-148.06,-79.37,76.56,0.25,-1.00,-0.06,-0.01,-0.12,-0.07,-138.37,47.94,235.62,0.44,-0.25,-0.06,4,3
1772052087.229976,764319,-0.04,0.06,-0.07,-148.12,-79.44,76.62,0.37,0.06,0.37,-0.01,-0.11,-0.09,-138.37,47.94,235.62,0.19,-0.25,0.50,4,4
1772052087.420616,764509,0.00,0.02,-0.12,-148.25,-79.44,76.69,-0.13,0.62,-0.62,0.04,-0.10,-0.11,-138.37,47.94,235.69,-1.25,-0.75,0.13,5,5
1772052087.611272,764700,-0.04,0.12,-0.09,-148.06,-79.44,76.62,-1.00,-0.06,0.19,0.04,-0.13,-0.06,-138.31,47.94,235.69,-0.06,0.00,0.19,6,5
1772052087.801704,764891,0.00,0.10,-0.12,-148.31,-79.44,76.69,0.75,0.06,0.00,0.04,-0.20,-0.04,-138.37,47.88,235.69,0.13,0.19,-0.06,7,6
1772052087.992370,765081,-0.04,0.02,-0.11,-148.62,-79.44,76.81,0.56,-1.06,0.50,0.07,-0.13,-0.06,-138.37,47.94,235.62,0.31,0.50,-0.94,7,6
1772052088.183127,765272,0.03,0.11,-0.12,-148.31,-79.44,76.69,0.19,-0.37,0.25,0.04,-0.13,-0.05,-138.31,47.94,235.56,0.31,0.69,-0.75,8,6
1772052088.374101,765463,-0.01,0.16,-0.08,-148.12,-79.50,76.50,-0.31,-0.06,-1.12,0.01,-0.09,0.00,-138.37,47.88,235.56,-0.75,-0.06,0.25,8,6
1772052088.564632,765654,0.01,0.16,-0.13,-148.25,-79.50,76.50,-2.44,1.00,0.06,0.03,-0.13,-0.06,-138.44,47.94,235.50,-0.19,0.13,-0.13,8,7
1772052088.755155,765844,0.01,0.13,-0.13,-148.06,-79.37,76.37,-0.94,0.13,0.00,0.01,-0.08,-0.04,-138.50,47.94,235.44,0.00,0.37,-0.31,7,7
1772052088.945968,766035,0.01,0.17,-0.10,-147.62,-79.37,76.12,-1.00,0.50,0.75,0.00,-0.10,-0.02,-138.50,47.94,235.44,-0.13,-0.06,0.00,6,7
1772052089.136579,766226,0.03,0.14,-0.16,-147.69,-79.31,76.06,0.31,-0.25,-0.37,0.05,-0.08,-0.06,-138.50,47.94,235.44,0.19,0.19,-0.37,7,5
1772052089.327291,766416,0.00,0.13,-0.12,-147.75,-79.31,76.06,0.62,-0.44,0.06,-0.02,-0.07,-0.02,-138.50,47.94,235.50,0.19,0.25,0.37,6,4
1772052089.517860,766607,0.00,0.15,-0.13,-147.50,-79.31,76.00,-0.19,0.25,-0.19,0.00,-0.09,-0.01,-138.50,47.88,235.50,-0.13,-0.69,0.13,5,3
1772052089.707512,766797,0.04,0.17,-0.14,-147.81,-79.31,76.06,0.50,0.44,-1.31,0.02,-0.11,0.01,-138.56,47.88,235.56,-0.13,1.25,0.62,4,3
1772052089.898624,766987,-0.02,0.20,-0.11,-147.56,-79.31,76.06,-1.25,0.75,-0.31,0.02,-0.13,-0.03,-138.50,47.94,235.50,-0.37,0.13,0.19,4,2
1772052090.089642,767179,0.03,0.07,-0.11,-148.44,-78.87,75.94,-0.44,2.94,0.56,0.01,-0.11,-0.04,-138.56,47.88,235.56,0.00,-0.75,-0.06,4,3
1772052090.280308,767369,0.06,0.12,-0.13,-148.62,-78.31,75.19,-3.37,0.56,2.19,-0.01,-0.11,-0.07,-138.56,47.88,235.62,-0.31,0.00,0.37,4,3
1772052090.470909,767560,0.05,0.10,-0.10,-146.62,-78.00,74.25,-0.88,0.06,1.75,0.03,-0.10,0.02,-138.56,47.94,235.56,-0.31,0.56,0.13,5,2
1772052090.661886,767751,-0.09,0.15,-0.06,-145.44,-77.87,73.69,0.00,0.62,-0.31,0.09,-0.13,-0.03,-138.56,47.94,235.56,-0.44,0.06,-0.13,6,1
1772052090.852539,767942,-0.01,0.12,-0.10,-145.75,-77.69,73.75,0.13,0.37,0.00,0.03,-0.12,-0.05,-138.50,47.94,235.56,-0.62,-0.37,0.00,6,3
1772052091.043697,768132,-0.03,0.07,-0.12,-145.87,-77.69,73.81,0.25,0.06,-0.81,0.09,-0.11,-0.08,-138.50,47.94,235.56,-0.75,-0.94,-0.31,7,3
1772052091.234396,768323,-0.05,0.01,-0.08,-145.94,-77.81,73.94,0.31,-1.87,-0.50,0.09,-0.11,-0.07,-138.56,47.94,235.62,-0.37,-0.56,-0.13,7,3
1772052091.424672,768514,-0.05,0.03,-0.10,-145.75,-77.94,73.94,1.00,0.81,-1.31,0.06,-0.14,0.00,-138.56,47.88,235.62,0.37,-0.81,-0.50,8,3
1772052091.614138,768703,-0.02,0.04,-0.07,-145.94,-77.94,73.94,0.94,-2.06,0.06,0.02,-0.10,0.01,-138.44,47.94,235.56,-0.19,0.44,-0.75,8,3
1772052091.805297,768894,-0.02,0.15,-0.06,-144.75,-78.06,73.62,-0.69,-0.37,0.19,0.01,-0.06,-0.02,-138.44,47.94,235.56,-0.13,0.06,-0.06,8,3
1772052091.996440,769086,0.02,0.07,-0.07,-144.44,-78.12,73.56,-0.75,0.13,0.13,0.07,-0.11,-0.02,-138.44,47.88,235.69,0.25,-0.19,-0.31,8,3
1772052092.187030,769276,-0.02,0.06,-0.08,-144.87,-78.12,73.81,0.00,0.13,-0.44,0.03,-0.15,0.00,-138.56,47.88,235.69,0.13,-0.50,1.06,7,3
1772052092.378029,769467,0.02,0.06,-0.16,-145.81,-78.06,74.00,2.06,0.75,-0.37,0.04,-0.15,-0.02,-138.62,47.88,235.69,-0.56,-0.62,0.50,6,3
1772052092.568610,769658,0.00,0.05,-0.08,-146.25,-78.12,74.25,0.00,-0.50,0.31,0.00,-0.13,0.00,-138.75,47.88,235.56,-0.25,-0.13,0.13,5,3
1772052092.759306,769848,0.03,0.10,-0.08,-145.94,-78.06,74.12,0.56,0.13,0.00,0.00,-0.11,-0.01,-138.81,47.94,235.50,-0.31,0.13,0.19,5,2
1772052092.949788,770039,0.02,0.14,-0.12,-145.94,-78.06,74.12,0.31,-0.44,0.06,0.00,-0.13,0.00,-138.87,47.94,235.44,0.19,0.44,0.37,4,4
1772052093.140886,770230,-0.01,0.04,-0.11,-145.81,-78.12,74.12,0.62,-0.50,0.50,0.05,-0.10,-0.04,-138.87,47.94,235.44,0.37,0.31,-0.44,4,5
1772052093.331861,770421,0.00,0.04,-0.14,-145.87,-78.12,74.12,0.06,0.88,-0.25,-0.01,-0.05,0.01,-138.87,47.94,235.37,0.00,0.37,-0.31,4,5
1772052093.521685,770611,-0.02,0.12,-0.12,-145.69,-78.06,74.00,-2.69,0.31,0.31,-0.01,-0.11,-0.06,-138.94,47.94,235.31,0.50,-0.19,-0.37,4,7
1772052093.712273,770801,-0.02,-0.04,-0.10,-145.81,-78.06,74.06,-0.69,0.25,-0.19,0.01,-0.07,0.00,-138.81,48.00,235.37,0.25,-0.06,-0.13,4,7
1772052093.903618,770993,0.00,0.01,-0.11,-145.75,-78.06,74.00,0.25,-0.31,-0.19,-0.02,-0.08,-0.02,-138.81,47.94,235.50,0.19,0.13,0.13,5,7
1772052094.094569,771184,-0.02,0.10,-0.11,-145.69,-78.06,73.94,-0.44,0.75,0.37,0.04,-0.08,-0.03,-138.81,47.94,235.50,-0.31,0.00,0.00,6,8
1772052094.285219,771374,0.06,0.06,-0.18,-146.12,-78.00,74.00,0.25,0.00,-0.75,0.01,-0.10,0.00,-138.81,47.94,235.50,-0.13,0.31,-0.19,7,8
1772052094.475758,771565,0.00,0.12,-0.11,-145.81,-78.12,73.94,-0.56,-0.69,0.13,0.00,-0.07,-0.04,-138.81,47.94,235.50,-0.37,-0.06,0.00,8,8
1772052094.666592,771756,0.02,0.11,-0.12,-145.81,-78.12,73.94,-0.06,0.00,-0.31,0.02,-0.10,-0.04,-138.81,47.94,235.50,-0.06,-0.56,-0.06,8,9
1772052094.858043,771947,0.07,0.04,-0.15,-146.12,-78.06,74.00,2.25,-1.25,-0.50,0.00,-0.08,0.01,-138.87,47.94,235.50,0.13,-0.06,0.62,9,7
1772052095.049010,772138,-0.02,0.16,-0.09,-145.69,-78.06,73.94,0.00,0.06,-0.06,-0.01,-0.07,-0.05,-138.94,47.94,235.50,-0.31,-0.75,0.50,9,7
1772052095.240083,772329,0.01,-0.01,-0.13,-146.44,-78.12,74.31,0.19,0.00,-0.44,-0.01,-0.10,-0.05,-138.94,47.94,235.50,0.25,-0.06,0.19,8,7
1772052095.431606,772521,-0.01,0.06,-0.09,-146.19,-78.06,74.19,0.00,-0.13,0.88,0.02,-0.08,-0.01,-138.94,47.94,235.50,-0.37,0.19,0.06,7,4
1772052095.620874,772710,0.01,0.08,-0.03,-145.94,-78.00,74.12,-0.19,-0.69,-0.13,0.07,-0.11,0.00,-138.94,47.94,235.50,0.19,-0.13,0.13,7,4
1772052095.812161,772901,0.00,0.00,-0.03,-146.06,-77.94,74.19,0.25,-0.31,-0.19,0.00,-0.07,0.00,-138.94,47.88,235.56,0.50,0.13,-0.56,6,4
1772052096.003057,773092,0.00,0.06,-0.03,-145.87,-78.00,74.12,-0.94,0.00,-0.31,0.03,-0.11,0.00,-138.94,47.81,235.62,0.31,0.13,-0.62,5,4
1772052096.194315,773283,0.03,0.07,-0.10,-146.31,-77.94,74.06,-0.62,1.25,-0.88,0.00,-0.10,-0.04,-138.87,47.69,235.81,-0.44,-0.69,-0.62,5,5
1772052096.383526,773473,0.04,-0.04,-0.11,-146.44,-78.00,74.37,0.13,-1.00,0.62,0.00,-0.10,0.00,-138.50,47.44,236.69,-1.37,-1.31,-1.62,6,4
1772052096.573437,773662,-0.01,0.00,-0.02,-145.56,-78.37,74.25,-0.81,-1.75,-1.44,0.03,-0.07,-0.04,-138.25,47.25,237.06,-1.00,-0.62,-1.06,6,5
1772052096.764057,773853,-0.06,0.05,0.03,-144.94,-78.69,74.31,-1.44,-0.56,0.37,0.05,-0.07,-0.02,-138.19,47.25,237.12,-0.13,0.19,0.37,6,4
1772052096.954911,774044,0.00,0.10,-0.10,-145.25,-78.50,74.19,1.56,1.31,-0.56,0.00,-0.11,-0.05,-138.19,47.19,237.12,-0.06,-0.50,0.37,6,4
1772052097.146771,774235,-0.04,-0.03,-0.09,-146.12,-78.56,74.62,1.19,-0.62,-0.06,0.03,-0.08,-0.01,-138.19,47.19,237.12,-0.06,0.19,0.37,7,4
1772052097.337262,774427,-0.01,0.10,-0.05,-146.00,-78.56,74.56,0.19,0.06,0.56,0.00,-0.07,-0.01,-138.19,47.19,237.12,-0.06,-0.25,0.06,8,5
1772052097.527050,774616,-0.06,-0.01,-0.09,-146.12,-78.56,74.62,0.31,0.81,1.25,0.05,-0.09,-0.02,-138.19,47.25,237.19,-0.19,0.44,0.13,9,5
1772052097.718173,774808,-0.01,0.13,-0.06,-145.87,-78.44,74.37,-0.56,-0.13,0.06,0.03,-0.12,0.02,-138.12,47.25,237.19,0.13,0.19,0.31,10,6
1772052097.909409,774999,0.03,0.11,-0.07,-146.06,-78.44,74.44,0.69,0.25,0.13,0.04,-0.11,-0.08,-138.19,47.25,237.12,0.44,-0.06,1.00,10,5
1772052098.100172,775189,-0.14,0.11,-0.02,-146.37,-78.50,74.62,1.69,1.81,0.94,0.15,-0.17,0.04,-138.62,47.50,236.81,0.37,-1.62,1.75,10,5
1772052098.289621,775379,0.11,-0.08,-0.11,-148.25,-77.69,75.12,7.37,0.81,-1.50,0.01,0.00,0.03,-138.69,47.63,237.12,-1.25,0.81,2.25,8,4
1772052098.480204,775569,-0.14,-0.02,-0.03,-150.44,-78.12,76.25,-0.13,0.13,-0.69,0.03,-0.09,0.09,-139.00,47.88,236.69,-1.69,-2.37,1.75,9,3
1772052098.670791,775760,0.12,-0.22,-0.17,-151.25,-77.56,76.62,-0.81,-0.31,2.12,-0.02,-0.04,0.02,-138.75,48.06,237.12,1.25,2.25,1.50,9,4
1772052098.861124,775950,-0.15,-0.18,0.01,-149.56,-77.75,75.44,-8.38,1.50,-1.19,0.13,-0.29,-0.17,-139.56,48.50,234.94,5.69,2.50,1.31,9,3
1772052099.052268,776142,-0.03,0.18,-0.01,-146.50,-76.50,72.12,-11.44,9.63,12.81,0.09,0.30,0.31,-139.75,48.69,235.94,-7.87,-4.00,2.81,8,4
1772052099.241690,776331,0.21,0.21,0.01,-141.75,-73.62,67.31,-14.44,8.75,4.19,-0.06,0.01,0.00,-140.37,48.63,235.94,0.62,-2.69,1.00,8,3
1772052099.431421,776521,-0.03,0.09,-0.05,-143.00,-72.81,65.94,4.00,4.87,-4.56,-0.01,-0.13,-0.02,-140.50,48.56,235.50,2.87,0.75,-3.06,7,3
1772052099.622602,776712,0.37,0.07,-0.16,-147.00,-72.25,67.37,2.94,5.00,-1.69,-0.08,0.00,0.00,-140.37,48.81,234.50,2.12,3.00,2.56,6,3
1772052099.813629,776903,0.03,-0.05,-0.13,-146.62,-72.69,68.31,8.75,-2.44,1.75,-0.10,-0.11,-0.02,-140.25,48.75,235.12,4.87,3.12,0.88,5,3
1772052100.004526,777094,-0.07,0.07,-0.05,-146.12,-73.87,69.19,11.19,-7.25,-0.13,-0.03,-0.04,0.06,-140.25,48.81,235.37,1.19,4.25,-0.75,5,4
1772052100.193893,777283,-0.04,0.00,-0.03,-147.12,-75.44,71.81,3.00,-7.75,-2.31,0.06,-0.07,0.00,-139.62,49.13,234.25,0.88,0.81,-0.94,5,5
1772052100.384214,777473,-0.04,-0.05,0.00,-146.81,-76.62,73.19,2.37,-2.31,-2.31,-0.01,0.08,0.10,-139.50,49.13,234.12,0.62,0.56,-1.81,5,5
1772052100.575785,777665,-0.03,0.16,0.00,-146.37,-77.00,73.44,0.37,-3.06,-2.37,0.00,-0.04,0.05,-139.62,49.13,233.44,2.81,1.00,-0.75,5,6
1772052100.766809,777856,0.04,-0.02,-0.06,-148.12,-77.50,74.69,3.37,-1.12,-2.94,-0.02,0.00,0.00,-139.87,49.13,232.94,2.06,0.44,-0.56,5,6
1772052100.957271,778047,0.00,0.00,0.00,-149.81,-78.00,75.75,1.44,-1.50,-2.31,0.00,0.01,-0.01,-139.94,49.13,232.87,0.19,0.06,-0.06,5,6
1772052101.148319,778238,-0.04,-0.06,-0.03,-150.87,-78.31,76.37,1.44,-0.31,-0.94,-0.04,0.01,-0.01,-139.94,49.13,232.81,0.00,1.06,-0.25,5,6
1772052101.337625,778427,-0.03,0.07,0.00,-150.44,-78.37,76.37,-1.69,-0.13,0.62,0.00,0.01,0.00,-139.87,49.19,232.75,0.06,0.13,0.00,5,6
1772052101.529333,778619,-0.04,0.00,-0.09,-150.62,-78.25,76.25,-0.69,1.44,0.62,0.02,0.04,0.00,-139.87,49.13,232.87,-0.19,-0.13,0.25,6,5
1772052101.719876,778809,0.00,0.11,-0.06,-150.81,-78.25,76.25,0.88,-0.75,-0.37,0.03,-0.01,0.00,-139.87,49.13,232.81,0.06,0.44,0.56,6,5
1772052101.910971,779000,0.02,0.05,-0.08,-151.12,-78.25,76.44,-0.13,0.62,-0.13,-0.02,-0.01,-0.05,-139.87,49.13,232.81,-0.13,0.06,0.19,7,7
1772052102.101518,779191,-0.08,-0.04,-0.02,-151.25,-78.25,76.56,-0.69,-0.37,0.69,0.00,0.00,0.01,-139.87,49.19,232.75,-0.13,0.00,0.06,7,6
1772052102.292020,779381,0.00,0.02,-0.05,-151.00,-78.19,76.37,0.44,0.06,-0.25,-0.03,0.04,0.01,-139.87,49.19,232.75,0.00,-0.37,-0.13,8,5
1772052102.483184,779573,-0.02,-0.02,-0.04,-151.00,-78.19,76.37,0.37,0.00,-0.06,-0.01,0.01,-0.02,-139.87,49.19,232.75,0.19,0.19,0.13,8,3
1772052102.673612,779763,0.01,-0.03,-0.05,-151.06,-78.19,76.44,0.31,-0.31,-0.06,-0.04,0.01,0.00,-139.87,49.13,232.81,0.37,0.69,0.37,8,3
1772052102.864433,779954,-0.01,0.00,-0.05,-150.62,-78.25,76.31,-0.62,0.00,-0.13,0.01,0.01,-0.01,-139.87,49.19,232.81,-0.37,-0.25,0.00,8,4
1772052103.053810,780143,0.02,0.08,-0.09,-151.00,-78.19,76.31,-0.81,1.37,-1.50,-0.02,0.04,0.02,-139.87,49.13,232.87,-0.19,0.69,0.25,8,3
1772052103.243936,780333,-0.04,0.08,-0.05,-150.81,-78.31,76.37,-2.12,0.44,0.13,0.00,0.00,-0.03,-139.87,49.19,232.81,-0.06,-0.31,-0.06,8,4
1772052103.435721,780525,-0.02,-0.04,-0.10,-150.81,-78.31,76.44,-0.69,-0.31,0.13,-0.01,0.01,0.01,-139.87,49.19,232.81,0.19,-0.13,0.13,7,4
1772052103.626925,780716,-0.02,0.05,-0.11,-150.75,-78.31,76.31,0.56,0.13,-0.56,-0.04,0.04,-0.02,-139.87,49.19,232.87,-0.75,-0.88,0.62,7,6
1772052103.817392,780907,-0.01,0.03,-0.06,-150.87,-78.44,76.50,-0.81,-0.69,-0.62,0.01,0.00,-0.03,-139.87,49.19,232.81,0.06,-0.25,0.56,5,4
1772052104.007920,781097,0.02,0.01,-0.10,-151.19,-78.37,76.50,0.50,0.44,-0.31,-0.05,0.00,-0.03,-139.94,49.19,232.81,0.13,-0.37,0.37,5,4
1772052104.198705,781288,-0.03,-0.09,-0.08,-151.62,-78.44,76.75,0.13,-0.31,0.31,0.01,-0.02,0.00,-139.94,49.19,232.81,-0.19,0.19,0.13,4,4
1772052104.389392,781479,0.00,0.01,-0.09,-151.31,-78.44,76.62,0.50,-0.50,0.31,0.00,-0.01,-0.03,-139.94,49.19,232.81,0.25,-0.25,-0.44,4,4
1772052104.580351,781669,-0.07,-0.11,-0.04,-151.44,-78.44,76.69,1.31,-0.56,0.69,-0.01,0.04,-0.04,-139.87,49.19,232.81,-0.56,-0.06,-0.25,4,5
1772052104.770102,781860,-0.04,0.06,-0.11,-151.06,-78.44,76.44,0.00,1.00,0.75,0.01,0.02,0.00,-139.87,49.19,232.75,-0.19,0.00,0.06,4,5
1772052104.960712,782050,0.03,0.03,-0.09,-151.31,-78.25,76.37,0.00,0.44,0.50,0.00,0.01,-0.02,-139.87,49.19,232.75,0.06,0.19,0.25,4,6
1772052105.151913,782241,-0.04,-0.02,-0.08,-151.31,-78.25,76.44,0.25,-0.37,0.13,-0.01,0.05,-0.01,-139.87,49.19,232.75,0.00,0.19,-0.06,5,6
1772052105.342782,782432,-0.01,0.05,-0.06,-151.19,-78.25,76.37,0.06,0.25,-0.25,-0.04,0.02,-0.02,-139.87,49.19,232.75,-0.06,-0.56,0.00,5,6
1772052105.532914,782622,-0.02,0.00,-0.09,-151.25,-78.25,76.31,0.44,0.37,0.00,-0.01,-0.01,-0.03,-139.87,49.19,232.75,0.06,0.19,0.00,6,5
1772052105.723497,782813,0.00,-0.02,-0.10,-151.37,-78.19,76.37,-0.13,0.31,-0.06,0.00,0.00,0.00,-139.87,49.19,232.87,0.00,-0.13,0.25,7,5
1772052105.914169,783004,0.02,0.03,-0.07,-151.44,-78.19,76.31,0.62,-0.44,-0.44,-0.01,0.01,0.03,-139.94,49.19,232.81,0.06,0.31,0.06,8,5
1772052106.104726,783194,0.01,-0.01,-0.12,-151.44,-78.25,76.31,1.06,-0.13,0.62,0.00,0.02,0.00,-139.94,49.19,232.81,-0.19,0.25,0.06,9,5
1772052106.295319,783385,0.00,0.08,-0.10,-151.25,-78.19,76.25,-0.06,0.44,0.69,0.00,0.02,0.00,-139.94,49.19,232.81,-0.37,-0.06,0.00,9,6
1772052106.486008,783576,0.00,0.04,-0.13,-151.19,-78.19,76.25,0.06,-0.37,-0.25,-0.01,0.00,0.00,-139.94,49.19,232.81,0.13,0.00,0.37,10,5
1772052106.676685,783766,0.00,0.04,-0.13,-151.25,-78.25,76.31,0.88,-0.69,-0.88,-0.02,0.00,0.03,-139.94,49.13,232.94,0.00,0.19,0.37,10,5
1772052106.867709,783957,-0.08,0.01,-0.10,-150.94,-78.37,76.31,0.31,-0.25,0.62,0.03,-0.05,-0.01,-139.94,49.13,232.94,-0.37,-0.37,0.06,10,4
1772052107.058001,784148,0.01,0.03,-0.16,-151.12,-78.31,76.31,0.00,0.31,-1.12,-0.03,0.00,0.00,-139.94,49.13,233.00,-0.81,-0.06,0.06,9,5
1772052107.249095,784338,-0.03,0.07,-0.14,-151.31,-78.44,76.56,-2.00,0.06,-0.06,0.00,-0.01,-0.01,-139.87,49.13,233.00,-0.13,-0.44,0.00,9,5
1772052107.439204,784529,-0.02,0.00,-0.12,-151.44,-78.37,76.50,0.25,0.25,0.06,0.00,-0.01,0.02,-139.87,49.13,233.00,-0.13,-0.06,-0.25,8,4
1772052107.629932,784720,0.00,0.03,-0.18,-151.56,-78.31,76.50,0.31,-0.13,-0.25,0.00,-0.02,0.02,-139.75,49.13,233.06,0.06,1.06,-0.06,7,4
1772052107.820813,784910,-0.02,0.06,-0.12,-151.31,-78.31,76.37,0.06,-0.31,0.50,0.00,-0.04,0.00,-139.75,49.13,233.06,-0.19,-0.25,-0.25,6,4
1772052108.011279,785101,0.00,0.01,-0.15,-151.50,-78.31,76.44,-0.13,0.62,-0.25,-0.02,0.00,0.00,-139.75,49.13,233.06,-0.19,0.06,-0.19,5,5
1772052108.202244,785292,-0.01,0.06,-0.11,-151.69,-78.31,76.44,-0.37,0.25,0.19,0.01,-0.01,0.00,-139.75,49.13,233.06,-0.06,-0.13,-0.44,4,3
1772052108.392724,785482,0.00,0.08,-0.15,-151.69,-78.25,76.44,-0.50,0.88,-0.50,-0.04,0.00,-0.02,-139.75,49.06,233.12,0.13,0.00,-0.31,4,4
1772052108.583404,785673,0.02,0.03,-0.19,-151.94,-78.31,76.56,-1.00,-0.44,-0.50,0.00,-0.02,0.00,-139.69,49.06,233.12,0.31,0.19,-0.25,4,5
1772052108.773935,785864,0.00,0.08,-0.14,-151.81,-78.31,76.50,0.06,0.00,0.13,-0.02,-0.02,0.02,-139.69,49.06,233.12,-0.13,-0.06,-0.19,5,5
1772052108.964458,786054,0.01,0.09,-0.16,-151.81,-78.31,76.50,-0.19,0.37,-0.69,-0.02,0.00,0.01,-139.69,49.06,233.19,-0.13,0.13,-0.37,4,4
1772052109.155730,786245,-0.01,0.08,-0.13,-152.00,-78.31,76.56,-1.25,-0.25,0.13,-0.01,-0.04,0.00,-139.69,49.06,233.19,-0.19,0.06,-0.13,6,5
1772052109.345943,786436,0.02,0.05,-0.17,-151.94,-78.31,76.50,0.44,-0.13,-0.19,0.02,-0.03,-0.01,-139.69,49.06,233.19,0.13,0.19,0.37,6,5
1772052109.536352,786626,0.01,0.08,-0.21,-151.94,-78.37,76.50,0.44,0.50,0.50,0.02,0.02,0.04,-139.69,49.06,233.19,-0.13,0.19,0.19,7,6
1772052109.727190,786817,-0.02,0.12,-0.11,-151.81,-78.37,76.50,0.13,-1.12,0.19,0.03,-0.05,0.00,-139.75,49.06,233.19,0.44,-0.19,0.19,8,6
1772052109.917187,787007,0.00,0.01,-0.12,-152.12,-78.31,76.62,1.37,-0.25,0.50,-0.01,-0.03,-0.02,-139.75,49.06,233.25,-0.06,-0.19,0.19,9,6
1772052110.108233,787198,-0.03,0.06,-0.12,-152.19,-78.25,76.56,-0.44,0.25,0.50,0.02,-0.02,0.01,-139.75,49.06,233.19,0.19,0.31,0.13,9,6
1772052110.299034,787389,0.00,0.08,-0.13,-152.19,-78.12,76.56,0.44,0.44,0.00,0.02,-0.04,-0.01,-139.75,49.06,233.19,0.06,-0.06,0.44,9,7
1772052110.490022,787580,0.03,-0.05,-0.13,-152.31,-78.06,76.50,-0.06,0.81,0.25,0.00,0.02,0.03,-139.69,49.00,233.31,-0.06,-0.19,-0.06,9,6
1772052110.680746,787770,-0.05,0.07,-0.05,-152.19,-78.12,76.44,-0.13,-0.69,0.62,0.00,-0.04,0.03,-139.75,49.00,233.25,0.50,0.19,-0.19,9,5
1772052110.871191,787961,0.00,0.04,-0.09,-152.25,-78.00,76.44,0.56,-0.13,0.62,0.00,-0.04,0.00,-139.75,49.00,233.25,-0.13,-0.31,-0.37,9,6
1772052111.062142,788152,-0.03,0.00,-0.10,-152.25,-78.00,76.44,-0.56,-0.06,0.25,0.00,-0.01,0.00,-139.75,49.00,233.25,0.00,-0.25,-0.13,8,5
1772052111.252852,788342,0.00,0.10,-0.13,-152.19,-78.00,76.37,-0.25,0.50,-0.25,-0.03,-0.01,-0.04,-139.75,49.00,233.25,0.00,-0.25,-0.13,8,5
1772052111.443170,788533,-0.02,0.00,-0.12,-152.19,-78.12,76.50,-1.62,0.25,0.13,0.00,0.00,0.00,-139.75,49.00,233.31,-0.37,-0.37,0.13,7,5
1772052111.633740,788724,0.01,0.10,-0.10,-152.12,-78.12,76.44,-1.12,0.13,-0.31,0.02,0.00,0.00,-139.75,49.00,233.31,0.25,-0.19,0.19,7,5
1772052111.824388,788914,0.00,0.06,-0.11,-152.00,-78.06,76.37,0.88,0.31,0.37,0.01,-0.03,0.00,-139.75,49.00,233.31,-0.06,-0.81,0.19,5,4
1772052112.015946,789106,-0.05,-0.04,-0.11,-152.12,-78.19,76.50,-0.25,-0.94,0.44,0.03,-0.01,0.03,-139.75,49.00,233.31,0.00,0.06,0.00,5,4
1772052112.206998,789297,0.00,0.08,-0.14,-152.00,-78.19,76.44,0.69,0.44,0.13,0.01,0.00,0.01,-139.75,49.00,233.31,-0.06,-0.13,-0.13,5,3
1772052112.398196,789488,-0.01,0.04,-0.15,-152.06,-78.19,76.44,0.00,-0.06,0.13,0.05,0.00,0.00,-139.75,49.00,233.31,0.19,-0.19,-0.06,5,3
1772052112.589718,789679,0.00,-0.01,-0.14,-152.12,-78.19,76.44,-0.06,-0.81,0.31,-0.04,0.00,0.02,-139.75,48.94,233.37,0.37,-0.13,-0.06,5,7
1772052112.778982,789869,0.00,0.01,-0.11,-151.81,-78.25,76.44,-0.94,0.25,0.37,0.04,0.01,0.03,-139.75,48.94,233.37,0.25,-0.25,0.50,6,7
1772052112.970228,790060,0.04,0.07,-0.17,-152.06,-78.25,76.50,0.44,0.13,-0.88,0.05,-0.03,0.06,-139.81,48.94,233.37,0.62,0.50,0.37,6,6
1772052113.162087,790252,-0.02,0.09,-0.11,-152.06,-78.31,76.50,-0.06,-0.25,0.25,0.04,-0.05,0.03,-139.81,48.94,233.37,-0.13,-0.31,0.31,6,6
1772052113.352835,790443,0.00,0.03,-0.16,-152.06,-78.31,76.56,0.31,-0.37,-0.44,0.04,-0.02,0.03,-139.81,48.94,233.37,0.19,0.06,0.50,7,7
1772052113.543748,790634,0.02,0.08,-0.18,-152.00,-78.37,76.56,0.25,0.19,0.06,0.00,-0.04,0.07,-139.81,48.94,233.44,0.25,0.31,0.56,7,7
1772052113.733480,790823,-0.06,0.06,-0.13,-151.94,-78.31,76.44,0.00,-0.06,0.31,0.05,-0.05,0.02,-139.81,48.94,233.44,-0.13,-0.50,-0.25,8,7
1772052113.925383,791015,0.01,0.03,-0.15,-152.31,-78.06,76.44,0.25,0.06,-0.25,0.02,-0.05,0.00,-139.81,48.94,233.44,0.19,-0.56,-0.37,8,8
1772052114.117284,791207,0.00,0.07,-0.07,-152.31,-78.06,76.44,-0.56,-0.81,0.50,0.04,-0.01,0.01,-139.81,48.94,233.44,-0.06,0.00,-0.44,8,8
1772052114.309186,791399,-0.03,0.04,-0.12,-152.00,-78.06,76.31,0.69,0.06,0.06,0.00,0.00,0.04,-139.81,48.94,233.44,-0.25,0.00,-0.06,7,10
1772052114.501583,791591,0.03,0.09,-0.15,-152.00,-77.94,76.25,-0.31,0.13,-0.25,0.00,-0.01,0.06,-139.81,48.88,233.50,0.44,0.44,0.25,8,7
1772052114.693743,791783,-0.06,0.12,-0.09,-151.75,-78.00,76.19,1.00,-0.44,0.13,-0.02,-0.04,0.02,-139.81,48.88,233.50,-0.19,-0.81,0.13,8,7
1772052114.884215,791974,0.00,0.03,-0.08,-152.19,-77.94,76.25,0.50,0.88,-0.37,0.01,0.02,0.03,-139.81,48.88,233.56,-0.19,-0.44,-0.06,8,7
1772052115.075664,792166,0.00,0.06,-0.12,-152.37,-77.94,76.31,-1.31,0.06,0.37,0.03,-0.03,0.01,-139.81,48.88,233.56,0.06,-0.06,-0.19,7,6
1772052115.267679,792357,-0.01,0.06,-0.11,-152.37,-77.94,76.25,-0.06,-0.25,0.06,0.03,0.02,0.03,-139.81,48.88,233.56,0.19,-0.19,-0.13,7,5
1772052115.459107,792549,0.00,0.10,-0.11,-152.37,-77.94,76.25,-0.69,0.69,-0.13,0.03,0.04,0.01,-139.87,48.81,233.56,0.13,-0.13,-0.19,6,6
1772052115.648773,792739,0.00,0.10,-0.09,-152.50,-78.00,76.31,-2.50,0.00,0.50,0.03,-0.02,0.03,-139.87,48.81,233.56,0.56,0.19,-0.25,6,7
1772052115.838224,792928,-0.12,-0.37,-0.13,-151.94,-77.69,75.37,-12.94,3.06,6.37,0.08,-0.06,0.00,-139.87,48.69,233.62,0.94,1.81,0.94,5,6
1772052116.030207,793120,-0.09,0.32,-0.05,-142.75,-76.00,69.56,-13.06,3.87,12.75,0.21,0.12,-0.03,-139.25,49.19,233.44,-3.06,2.56,-0.06,5,5
1772052116.222213,793312,0.26,0.36,-0.03,-135.75,-73.69,64.44,-4.87,3.12,12.13,0.08,0.11,0.39,-138.25,50.13,233.50,-6.87,8.63,5.87,7,5
1772052116.412944,793503,0.09,0.20,0.03,-128.62,-72.81,62.56,3.06,-10.69,1.37,0.04,-0.17,0.11,-138.00,52.25,231.44,3.19,7.94,9.38,6,5
1772052116.602753,793692,0.08,0.15,-0.09,-127.37,-73.25,63.50,5.37,5.50,-3.31,0.04,-0.04,0.02,-139.31,53.13,229.62,-0.31,-5.25,0.75,6,5
1772052116.792511,793882,-0.05,0.23,-0.03,-134.75,-74.00,67.19,19.00,-1.19,-19.31,-0.03,0.01,0.05,-140.56,52.69,229.37,3.62,-9.44,-1.12,5,4
1772052116.983871,794073,0.17,-0.25,-0.04,-151.56,-76.31,75.44,15.63,-4.12,-24.31,-0.10,-0.17,0.20,-142.37,51.50,229.12,5.31,-5.81,-0.75,6,6
1772052117.175131,794265,-0.24,-0.47,-0.10,-165.81,-78.12,81.56,7.75,-4.69,-4.87,0.14,-0.03,0.10,-142.94,51.06,229.00,1.62,2.62,-1.37,7,6
1772052117.365265,794455,-0.03,0.13,-0.04,-165.50,-78.25,81.19,-9.75,1.31,7.69,0.18,0.21,-0.12,-142.31,50.88,229.37,-6.19,-1.94,-2.44,8,5
1772052117.554604,794644,0.15,0.11,0.00,-158.06,-77.81,78.37,-7.81,-1.81,4.06,-0.60,0.18,0.14,-142.12,50.44,229.81,0.44,-0.31,-1.94,8,5
1772052117.744399,794834,-0.66,-0.10,0.04,-154.87,-79.25,78.06,-1.19,-7.62,0.50,0.33,-0.09,0.18,-141.56,51.50,228.25,-0.50,2.87,-1.25,9,5
1772052117.935656,795026,0.24,0.40,0.00,-152.37,-77.37,75.50,-8.38,4.00,5.56,-0.02,0.01,0.01,-141.37,51.13,229.06,-1.00,-0.69,1.56,10,5
1772052118.127674,795217,-0.06,-0.03,-0.09,-152.69,-76.94,75.37,4.44,5.06,-3.87,-0.02,0.08,0.14,-141.56,50.81,229.69,-0.31,-1.81,0.37,9,4
1772052118.318847,795409,-0.05,0.00,-0.06,-156.12,-76.62,76.50,0.88,1.25,-1.06,0.08,0.01,0.05,-141.56,50.81,229.75,0.44,-0.13,-0.25,9,4
1772052118.509671,795599,-0.01,0.05,-0.06,-157.00,-76.25,76.56,0.81,4.44,-1.06,0.00,0.07,0.00,-141.56,50.75,229.75,0.25,0.31,-0.13,9,4
1772052118.699417,795789,-0.05,-0.05,-0.04,-158.37,-75.87,76.81,0.69,0.37,-0.13,0.01,0.04,0.03,-141.56,50.69,229.81,0.44,0.56,0.06,9,4
1772052118.892286,795982,-0.06,0.06,-0.08,-158.44,-75.94,77.00,2.25,0.13,0.19,-0.03,0.09,0.07,-141.56,50.69,230.12,-1.06,-1.19,-0.13,8,3
1772052119.084377,796174,-0.02,0.07,-0.01,-158.31,-76.19,77.19,-0.06,-4.37,0.31,0.08,0.05,0.04,-141.56,50.75,229.94,0.81,1.12,-0.19,8,3
1772052119.276384,796366,0.03,0.04,-0.05,-158.25,-76.31,77.31,0.88,1.87,0.62,-0.01,0.07,0.04,-141.69,50.69,229.94,-0.19,-0.13,0.44,8,3
1772052119.467235,796557,0.00,0.00,-0.06,-158.75,-76.31,77.56,0.31,1.00,0.06,0.00,0.06,0.05,-141.75,50.69,229.94,0.62,1.19,0.06,8,4
1772052119.659338,796749,-0.11,0.00,-0.03,-158.69,-76.31,77.50,-1.00,-0.37,0.94,0.04,0.04,0.07,-141.75,50.69,229.87,-0.19,0.13,0.25,8,4
1772052119.849718,796940,0.03,0.03,-0.05,-158.00,-76.12,77.12,-0.06,-0.44,0.13,0.02,0.04,0.08,-141.75,50.69,229.87,0.81,0.13,0.62,8,4
1772052120.042486,797132,0.02,-0.07,-0.05,-158.25,-76.25,77.25,0.31,-0.75,-0.37,0.04,0.06,0.06,-141.81,50.69,229.87,-0.19,-0.44,0.13,8,5
1772052120.234223,797324,0.00,0.02,-0.06,-157.44,-76.50,76.94,-1.31,-2.56,0.56,0.02,0.06,0.02,-141.75,50.69,229.87,-0.13,0.88,0.19,7,4
1772052120.426486,797516,-0.03,0.06,-0.02,-156.19,-76.81,76.62,-1.25,-0.75,0.75,-0.01,0.08,0.06,-141.69,50.75,229.81,-0.06,0.00,-0.69,8,5
1772052120.618521,797708,-0.07,0.09,-0.05,-155.50,-76.75,76.37,-1.00,0.50,-0.25,0.02,0.06,0.00,-141.69,50.75,229.87,-1.06,-1.00,0.00,8,5
1772052120.807821,797898,-0.03,0.00,-0.01,-155.81,-76.75,76.50,-0.62,0.62,0.06,0.06,0.07,0.03,-141.75,50.69,229.87,-0.13,-0.62,-0.06,8,5
1772052121.000376,798090,-0.02,-0.02,-0.04,-156.12,-76.56,76.44,0.75,1.75,0.31,0.02,0.06,0.06,-141.75,50.69,229.94,-0.13,-0.37,0.00,9,5
1772052121.192618,798282,-0.04,-0.05,-0.05,-156.37,-76.44,76.50,0.31,0.13,0.81,0.03,0.06,0.07,-141.75,50.69,229.94,-0.25,-0.25,-0.06,9,5
1772052121.384313,798474,-0.04,0.04,-0.06,-156.19,-76.37,76.31,0.13,0.00,0.13,0.02,0.07,0.09,-141.75,50.69,229.94,-0.06,0.19,0.25,8,3
1772052121.576506,798666,0.00,0.02,-0.03,-156.31,-76.37,76.37,0.06,1.44,-0.25,0.02,0.07,0.02,-141.75,50.69,229.94,-0.62,-0.75,-0.06,7,4
1772052121.768413,798858,-0.01,0.00,-0.03,-156.50,-76.19,76.37,-0.75,0.44,-0.25,0.06,0.06,0.06,-141.75,50.69,230.00,0.13,0.19,0.31,7,4
1772052121.957880,799048,-0.01,0.02,-0.06,-156.81,-76.00,76.31,-0.19,2.56,-0.50,0.01,0.06,0.03,-141.75,50.63,230.00,0.13,0.00,0.31,7,4
1772052122.150190,799240,0.01,0.00,-0.09,-157.19,-75.87,76.37,1.56,-0.88,-0.25,0.05,0.01,0.08,-141.75,50.63,230.00,0.00,-0.50,0.13,8,5
1772052122.342261,799432,0.07,0.01,-0.10,-157.37,-75.81,76.50,1.12,-0.06,0.13,0.00,0.09,0.07,-141.81,50.56,230.06,0.62,0.44,0.37,7,7
1772052122.534206,799625,0.00,0.01,-0.05,-157.12,-76.12,76.56,-0.44,0.37,0.62,0.03,0.03,0.12,-141.75,50.63,230.00,0.13,0.62,0.06,8,9
1772052122.726966,799817,0.03,0.01,-0.06,-156.81,-76.06,76.44,-0.88,-1.06,-0.56,0.03,0.09,0.12,-141.75,50.63,230.00,0.56,-0.19,0.62,7,9
1772052122.917296,800007,-0.03,0.01,-0.11,-156.37,-76.19,76.12,-1.69,0.94,0.25,0.00,0.06,0.08,-141.87,50.63,230.00,-0.37,-0.37,0.13,6,9
1772052123.109576,800200,-0.16,-0.03,-0.02,-155.00,-76.37,75.62,-1.75,-2.19,0.75,0.11,0.06,0.13,-141.94,50.88,229.62,-0.69,0.88,0.44,6,9
1772052123.301291,800391,0.05,0.08,-0.12,-152.12,-76.12,74.62,-1.94,-2.12,3.25,0.04,0.05,0.04,-141.94,50.94,229.62,0.00,-0.13,-1.12,6,9
1772052123.493957,800584,-0.21,0.06,-0.08,-150.44,-76.81,74.62,1.06,-6.00,-0.19,0.06,0.06,0.08,-141.69,50.75,229.94,0.37,-0.25,-0.69,7,9
1772052123.685243,800775,0.00,0.05,-0.07,-150.87,-77.12,74.75,0.19,-1.87,0.13,0.12,0.02,0.08,-141.75,50.69,229.94,0.25,0.37,0.25,7,9
1772052123.874715,800965,0.02,0.07,-0.08,-151.44,-77.12,74.87,0.19,3.44,0.44,0.06,0.09,0.09,-141.75,50.63,230.00,-0.19,-0.19,-0.06,8,9
1772052124.065100,801155,0.00,0.01,-0.08,-152.37,-76.81,75.00,1.06,0.37,-0.44,0.10,0.08,0.11,-141.75,50.63,230.00,0.25,-0.06,0.25,8,7
1772052124.257758,801348,0.07,0.02,-0.11,-152.81,-76.69,75.12,1.69,0.94,-0.37,0.02,0.09,0.08,-141.75,50.63,230.06,0.31,-0.56,-0.19,8,5
1772052124.450092,801540,-0.04,0.02,-0.10,-152.44,-77.00,75.25,-1.19,-0.69,1.12,0.06,0.07,0.13,-141.75,50.63,230.00,0.25,0.00,0.31,7,4
1772052124.642880,801733,0.01,0.06,-0.14,-152.06,-76.94,75.00,0.56,0.25,-0.25,0.01,0.09,0.09,-141.81,50.63,230.00,-0.19,-0.69,0.00,8,3
1772052124.835108,801925,-0.06,-0.05,-0.09,-152.37,-76.94,75.19,-0.25,0.06,1.06,0.06,0.07,0.09,-141.81,50.63,230.00,0.31,-0.31,0.19,9,3
1772052125.025775,802116,-0.01,0.02,-0.11,-152.25,-76.81,75.00,1.31,-0.31,0.69,0.08,0.13,0.08,-141.81,50.63,230.00,0.00,0.44,0.37,9,3
1772052125.217437,802307,-0.04,0.15,-0.06,-152.06,-76.94,74.94,0.06,-0.44,0.44,0.04,0.05,0.10,-141.94,50.69,229.87,0.13,-0.50,0.69,10,3
1772052125.409162,802499,0.11,-0.02,-0.15,-153.00,-76.75,75.19,1.50,1.19,-0.25,0.01,0.07,0.09,-142.06,50.56,229.94,0.00,0.00,0.88,8,4
1772052125.601640,802692,-0.03,-0.01,-0.12,-153.12,-76.87,75.44,-0.62,0.31,0.69,0.01,0.07,0.09,-142.12,50.63,229.87,-0.13,0.06,0.19,8,3
1772052125.794411,802884,-0.03,0.14,-0.13,-152.56,-76.94,75.25,1.31,-0.62,-0.69,0.04,0.07,0.13,-142.06,50.56,229.94,-0.25,-0.44,0.13,7,4
1772052125.983508,803074,-0.04,0.08,-0.09,-152.56,-77.12,75.44,-0.56,-1.62,0.31,0.08,0.04,0.12,-142.12,50.56,229.94,0.06,0.25,0.06,7,4
1772052126.172775,803263,0.05,0.11,-0.14,-152.75,-76.94,75.31,-1.37,2.06,-0.25,0.05,0.10,0.08,-142.06,50.56,229.94,-0.37,0.00,0.13,7,3
1772052126.365955,803456,0.00,0.00,-0.11,-153.06,-76.94,75.44,-0.44,-0.31,-0.62,0.07,0.06,0.10,-142.06,50.50,230.00,-0.06,0.06,-0.19,7,3
1772052126.558441,803649,0.02,0.02,-0.08,-152.87,-76.87,75.37,-0.50,-0.13,0.19,0.00,0.08,0.12,-142.00,50.50,230.06,0.50,0.37,0.37,8,3
1772052126.751346,803841,0.02,0.01,-0.10,-152.69,-76.94,75.37,0.81,0.81,-0.19,0.08,0.08,0.14,-142.06,50.44,230.12,-0.31,-0.75,-0.19,7,3
1772052126.942644,804033,0.01,0.05,-0.10,-153.19,-76.81,75.44,0.25,0.00,-0.62,0.03,0.08,0.12,-142.06,50.44,230.12,0.19,0.13,0.00,6,3
1772052127.134733,804225,-0.01,0.03,-0.08,-153.19,-76.81,75.44,-0.25,0.06,0.62,0.07,0.08,0.16,-142.06,50.44,230.12,-0.13,-0.13,-0.13,6,4
1772052127.325296,804415,0.00,0.00,-0.07,-153.12,-76.87,75.44,0.13,-0.94,-0.37,0.07,0.08,0.14,-142.06,50.44,230.19,0.31,-0.13,0.25,6,4
1772052127.516813,804607,0.03,0.12,-0.11,-153.37,-76.81,75.44,0.62,1.00,-0.88,0.05,0.11,0.13,-142.06,50.44,230.19,-0.62,-0.19,0.37,7,4
1772052127.709890,804800,-0.03,0.09,-0.12,-153.69,-76.87,75.56,0.06,-0.69,-0.13,0.08,0.08,0.13,-142.06,50.44,230.19,-0.25,0.25,0.06,7,5
1772052127.902739,804993,0.00,0.11,-0.08,-153.25,-76.87,75.44,-0.31,0.31,0.75,0.03,0.12,0.15,-142.06,50.44,230.19,0.00,0.00,0.13,6,5
1772052128.095361,805186,0.00,0.06,-0.10,-153.31,-76.81,75.50,0.13,1.00,0.06,0.08,0.11,0.12,-142.12,50.38,230.25,0.00,0.00,0.25,6,5
1772052128.286526,805377,-0.02,0.10,-0.09,-153.31,-76.87,75.50,-0.56,-0.50,0.37,0.08,0.04,0.13,-142.12,50.38,230.25,0.37,-0.13,0.06,6,5
1772052128.478243,805568,0.03,0.06,-0.14,-153.50,-76.87,75.56,0.31,-0.25,-0.06,0.09,0.09,0.11,-142.12,50.38,230.25,-0.31,-0.25,0.06,7,5
1772052128.669790,805760,-0.01,0.03,-0.08,-153.50,-76.87,75.56,-0.62,-0.06,0.19,0.08,0.07,0.14,-142.12,50.38,230.25,-0.13,-0.19,0.00,8,5
1772052128.861159,805951,0.01,0.11,-0.11,-153.50,-76.87,75.56,0.00,0.19,-0.88,0.07,0.07,0.09,-142.19,50.38,230.25,-0.13,-0.19,-0.31,8,6
1772052129.053289,806143,0.04,0.04,-0.07,-153.50,-76.94,75.62,-0.94,-0.31,-0.06,0.05,0.08,0.13,-142.12,50.31,230.37,0.25,0.13,-0.50,8,4
1772052129.242317,806333,0.00,0.09,-0.12,-153.50,-76.87,75.50,0.62,1.75,-0.94,0.04,0.09,0.14,-142.12,50.31,230.37,0.00,-0.25,0.00,8,4
1772052129.432746,806523,0.00,0.04,-0.14,-153.62,-76.81,75.50,0.19,-0.37,0.37,0.05,0.09,0.16,-142.12,50.31,230.37,-0.19,0.13,-0.31,8,3
1772052129.624460,806715,0.01,0.11,-0.11,-153.62,-76.81,75.50,0.19,-0.37,0.13,0.05,0.09,0.13,-142.12,50.31,230.37,0.06,-0.25,-0.25,8,2
1772052129.817720,806908,-0.02,0.07,-0.09,-153.62,-76.81,75.50,0.19,-0.37,-1.00,0.02,0.08,0.16,-142.12,50.31,230.44,0.37,0.37,0.44,9,1
1772052130.011895,807102,-0.06,0.11,-0.07,-153.62,-76.87,75.50,0.19,0.37,-0.13,0.11,0.06,0.15,-142.12,50.31,230.44,0.37,-0.37,-0.25,9,2
1772052130.203476,807294,0.08,0.11,-0.12,-154.12,-76.75,75.56,0.50,-0.31,-0.37,0.07,0.11,0.16,-142.12,50.31,230.44,0.31,1.06,-0.06,9,3
1772052130.394539,807485,-0.04,0.17,-0.05,-153.69,-76.81,75.44,-0.50,-0.25,1.25,0.07,0.08,0.15,-142.12,50.31,230.44,-0.19,-0.25,0.06,8,5
1772052130.585731,807676,0.01,0.08,-0.09,-153.56,-76.81,75.37,0.19,-0.06,0.06,0.05,0.12,0.11,-142.12,50.31,230.50,-0.75,-1.00,0.56,8,6
1772052130.777018,807867,0.00,0.08,-0.08,-153.62,-76.81,75.37,-0.50,0.25,-0.25,0.07,0.11,0.10,-142.19,50.31,230.44,0.06,-0.37,0.56,7,6
1772052130.968175,808059,0.00,0.01,-0.11,-153.81,-76.87,75.50,0.25,0.00,0.06,0.04,0.06,0.12,-142.25,50.31,230.37,0.13,-0.44,0.62,7,6
1772052131.159957,808250,0.01,0.04,-0.09,-153.81,-76.87,75.50,0.19,-0.37,0.31,0.09,0.07,0.15,-142.25,50.31,230.37,-0.06,0.13,0.37,7,7
1772052131.353353,808444,0.00,0.11,-0.11,-153.56,-76.87,75.44,0.13,0.50,0.19,0.08,0.08,0.18,-142.25,50.38,230.37,0.00,-0.25,0.62,7,7
1772052131.543904,808634,0.02,0.06,-0.11,-153.75,-76.81,75.44,0.37,-0.69,-0.56,0.03,0.06,0.17,-142.12,50.38,230.44,-0.37,0.06,0.69,8,7
1772052131.737941,808828,-0.05,0.16,-0.08,-153.44,-76.94,75.37,-0.44,0.50,-0.06,0.08,0.07,0.13,-142.00,50.44,230.44,-0.19,-0.13,-0.37,7,9
1772052131.929666,809020,0.01,0.10,-0.13,-154.00,-76.87,75.50,-0.06,-0.31,-0.75,0.06,0.04,0.10,-141.81,50.50,230.56,0.31,0.19,-0.19,7,8
1772052132.121044,809211,0.01,0.16,-0.10,-153.87,-76.87,75.44,-0.06,0.31,0.31,0.01,0.07,0.07,-141.69,50.56,230.56,-0.19,-0.37,-0.13,6,7
1772052132.312005,809402,-0.01,0.12,-0.12,-153.87,-76.87,75.44,0.31,-0.50,-0.19,0.01,0.04,0.12,-141.56,50.56,230.69,0.13,0.06,0.25,7,7
1772052132.502896,809593,0.03,0.13,-0.10,-153.75,-76.94,75.44,0.06,0.06,0.37,0.04,0.04,0.08,-141.50,50.56,230.69,0.37,-0.56,0.13,7,7
1772052132.693674,809784,0.01,0.10,-0.14,-154.12,-76.94,75.50,-0.50,0.31,-0.62,0.03,0.06,0.10,-141.50,50.56,230.69,0.37,-0.06,0.13,8,7
1772052132.884646,809975,0.03,0.13,-0.11,-154.12,-76.94,75.50,0.06,-0.94,0.94,0.05,0.06,0.09,-141.50,50.56,230.69,0.31,0.19,-0.62,9,9
1772052133.075784,810166,0.00,0.12,-0.14,-153.87,-77.00,75.44,0.69,0.50,0.13,0.04,0.07,0.06,-141.50,50.56,230.75,-0.62,-0.75,0.19,9,9
1772052133.267214,810358,0.01,0.10,-0.11,-153.94,-76.94,75.44,-0.94,-0.13,0.06,0.06,0.05,0.06,-141.50,50.56,230.75,0.06,-0.06,0.31,9,9
1772052133.461242,810551,0.04,0.09,-0.13,-154.19,-76.94,75.50,0.62,0.56,-0.06,0.01,0.05,0.09,-141.56,50.50,230.81,0.25,-0.13,0.37,9,8
1772052133.651946,810742,-0.02,0.04,-0.13,-154.25,-77.00,75.62,-0.69,-0.56,0.31,0.05,0.04,0.12,-141.56,50.50,230.81,0.31,0.00,0.13,9,7
1772052133.846029,810936,0.04,0.14,-0.14,-154.19,-77.00,75.56,0.44,-0.50,-0.37,0.06,0.04,0.11,-141.56,50.50,230.81,0.25,-0.13,0.44,10,8
1772052134.037429,811128,0.03,0.07,-0.15,-154.12,-77.06,75.56,0.37,-0.62,-0.37,0.01,0.02,0.13,-141.50,50.50,230.87,0.13,-0.19,0.19,10,8
1772052134.228546,811319,0.00,0.11,-0.12,-154.12,-77.06,75.56,0.25,0.62,-0.19,0.08,0.03,0.08,-141.50,50.50,230.87,-0.56,-0.31,0.00,9,5
1772052134.420020,811510,0.02,0.13,-0.15,-154.25,-77.06,75.62,-0.19,-0.37,-0.56,0.04,0.01,0.09,-141.50,50.50,230.87,-0.13,0.44,-0.31,8,5
1772052134.610598,811701,0.01,0.16,-0.13,-154.06,-77.06,75.50,-0.37,0.19,0.56,0.02,0.04,0.07,-141.50,50.50,230.87,-0.06,-0.06,-0.81,8,5
1772052134.801289,811891,-0.01,0.14,-0.13,-154.12,-77.00,75.50,-0.31,-0.56,0.56,0.02,0.06,0.10,-141.37,50.44,231.00,-0.19,0.19,0.13,6,3
1772052134.992570,812083,-0.03,0.15,-0.13,-154.12,-77.06,75.50,-0.06,-0.25,0.25,0.08,-0.02,0.04,-141.37,50.44,231.00,-0.13,-0.50,0.06,6,4
1772052135.183057,812273,0.00,0.09,-0.15,-154.25,-77.06,75.56,-0.44,0.06,0.13,0.03,0.03,0.09,-141.44,50.44,231.00,0.00,0.00,-0.06,6,4
1772052135.374064,812464,0.01,0.12,-0.15,-154.19,-77.06,75.50,-1.06,-0.06,0.19,0.06,0.04,0.11,-141.44,50.44,231.00,-0.13,0.13,0.06,7,4
1772052135.565740,812656,0.01,0.10,-0.12,-154.12,-77.06,75.44,0.31,-0.31,-0.25,0.05,0.07,0.06,-141.44,50.44,231.00,0.50,-0.06,-0.37,7,4
1772052135.755248,812846,-0.02,0.01,-0.09,-154.19,-77.00,75.50,1.06,-1.69,0.19,0.10,0.05,0.12,-141.44,50.38,231.12,0.00,-0.31,0.06,7,3
1772052135.945836,813036,0.00,0.07,-0.12,-153.94,-76.87,75.31,1.37,1.25,-0.50,0.01,0.10,0.13,-141.44,50.38,231.12,0.00,-0.13,0.19,7,3
1772052136.136838,813227,0.03,0.05,-0.13,-154.00,-76.75,75.31,0.13,-0.06,0.31,0.06,0.05,0.10,-141.44,50.38,231.12,0.06,0.25,-0.06,8,5
1772052136.328195,813419,0.02,0.12,-0.10,-153.87,-76.69,75.19,0.50,0.13,-0.13,0.02,0.06,0.11,-141.44,50.38,231.12,-0.19,-0.13,0.00,8,3
1772052136.519554,813610,-0.02,0.04,-0.04,-153.69,-76.75,75.12,-0.69,-0.56,-0.50,0.03,0.07,0.08,-141.44,50.38,231.19,-0.19,0.06,0.13,8,4
1772052136.708691,813799,0.00,0.08,-0.06,-153.50,-76.81,75.25,-1.62,-0.06,0.06,0.08,0.01,0.11,-141.44,50.38,231.12,0.19,0.06,0.44,9,4
1772052136.899672,813990,0.03,0.06,-0.08,-153.69,-76.75,75.25,0.81,0.62,0.19,0.07,0.02,0.14,-141.50,50.38,231.19,-0.06,-0.50,0.50,9,4
1772052137.091466,814182,0.00,0.01,-0.11,-153.81,-76.81,75.31,0.25,-0.69,-0.19,0.09,0.01,0.15,-141.44,50.38,231.19,-0.44,0.00,0.44,8,4
1772052137.285413,814376,0.00,0.08,-0.09,-153.50,-76.87,75.25,0.13,0.19,-0.06,0.05,0.00,0.09,-141.44,50.38,231.19,0.13,-0.19,0.13,9,4
1772052137.478951,814569,-0.01,0.03,-0.08,-153.56,-76.87,75.31,0.19,-0.62,0.31,0.05,-0.01,0.13,-141.44,50.38,231.25,0.44,0.13,-0.37,8,4
1772052137.669821,814760,0.01,0.06,-0.06,-153.37,-76.87,75.19,0.06,0.25,-0.06,0.09,0.06,0.09,-141.44,50.38,231.12,-0.25,-0.13,-0.31,8,4
1772052137.861292,814952,0.03,0.06,-0.10,-153.69,-76.87,75.31,0.25,-0.44,-0.62,0.04,0.03,0.15,-141.44,50.38,231.12,0.00,0.56,-0.31,7,4
1772052138.052216,815143,-0.01,0.13,-0.08,-153.50,-77.00,75.25,0.06,0.00,0.37,0.03,0.07,0.12,-141.44,50.38,231.12,-0.13,-0.31,0.00,7,3
1772052138.242843,815333,0.00,0.08,-0.11,-153.44,-77.00,75.25,0.31,-0.44,-0.56,0.03,0.06,0.12,-141.44,50.38,231.19,0.06,0.06,0.19,7,3
1772052138.433684,815524,0.00,0.13,-0.10,-153.37,-77.00,75.19,0.31,0.25,-0.75,0.07,0.04,0.12,-141.50,50.38,231.19,-0.37,-0.13,0.06,6,4
1772052138.624353,815715,0.00,0.10,-0.10,-153.50,-77.00,75.25,-0.75,-0.06,-0.37,0.07,0.05,0.12,-141.50,50.38,231.19,0.06,0.00,-0.25,6,3
1772052138.814864,815905,0.00,0.12,-0.12,-153.50,-77.00,75.19,-0.88,0.19,0.44,0.07,0.04,0.12,-141.50,50.38,231.19,0.00,0.13,-0.06,6,4
1772052139.006165,816096,-0.01,0.11,-0.08,-153.37,-77.00,75.19,0.75,-0.25,-0.31,0.06,0.05,0.17,-141.50,50.38,231.19,0.13,-0.19,-0.19,6,4
1772052139.196676,816287,0.02,0.07,-0.11,-153.50,-77.00,75.25,0.50,-0.50,0.06,0.02,0.08,0.11,-141.50,50.31,231.25,0.00,-0.06,0.31,6,4
1772052139.387515,816478,0.04,0.10,-0.11,-153.50,-77.00,75.19,0.31,0.94,-0.19,0.06,0.08,0.15,-141.50,50.31,231.25,-0.37,-0.06,0.25,6,5
1772052139.578298,816669,0.00,0.08,-0.14,-153.62,-77.00,75.25,0.31,-0.25,-0.44,0.09,0.02,0.15,-141.50,50.31,231.25,-0.06,0.37,0.25,6,4
1772052139.768948,816859,0.00,0.12,-0.10,-153.50,-77.00,75.19,-0.13,0.19,0.37,0.05,0.05,0.12,-141.50,50.31,231.25,-0.06,-0.19,0.19,7,4
1772052139.959848,817050,-0.03,0.00,-0.10,-153.56,-77.12,75.37,0.81,-0.62,-0.31,0.07,0.00,0.15,-141.50,50.31,231.25,0.00,-0.31,0.06,7,4
1772052140.150446,817241,0.03,0.03,-0.11,-153.56,-77.12,75.37,0.44,-0.44,0.06,0.06,0.05,0.14,-141.50,50.31,231.31,-0.25,0.13,0.19,8,4
1772052140.341362,817432,-0.02,0.11,-0.07,-153.50,-77.12,75.31,0.13,0.88,-0.56,0.06,0.04,0.10,-141.50,50.31,231.31,-0.44,-0.44,0.25,9,3
1772052140.531545,817622,0.00,0.07,-0.13,-153.81,-77.12,75.44,0.94,-0.88,-0.25,0.09,0.00,0.17,-141.50,50.31,231.31,0.13,0.44,-0.13,10,3
1772052140.722271,817813,0.01,0.13,-0.12,-153.62,-77.19,75.37,-0.13,0.50,0.69,0.04,0.05,0.13,-141.44,50.31,231.37,-0.06,0.13,-0.62,10,2
1772052140.912951,818003,-0.02,0.09,-0.12,-153.50,-77.25,75.37,-0.31,0.25,0.56,0.08,0.08,0.13,-141.44,50.31,231.44,-0.31,0.06,-0.25,10,3
1772052141.103662,818194,0.00,0.13,-0.14,-153.37,-77.25,75.31,-0.56,0.31,0.25,0.08,0.02,0.11,-141.44,50.31,231.44,0.25,-0.13,-0.19,10,2
1772052141.294698,818385,0.00,0.08,-0.14,-153.62,-77.19,75.31,0.13,0.56,-0.13,0.07,0.04,0.13,-141.44,50.25,231.44,-0.62,-0.69,0.56,9,2
1772052141.485575,818576,-0.12,0.09,-0.08,-153.44,-77.31,75.37,-1.25,-0.75,0.19,0.06,0.02,0.14,-141.44,50.25,231.50,0.00,0.13,0.06,8,2
1772052141.675869,818766,0.04,0.10,-0.12,-153.50,-77.25,75.37,-0.13,0.81,-0.25,0.08,0.04,0.11,-141.44,50.25,231.50,0.31,0.31,-0.19,7,2
1772052141.866856,818957,0.00,0.10,-0.16,-153.62,-77.25,75.37,0.31,-0.06,-0.81,0.05,0.03,0.12,-141.37,50.25,231.56,0.37,0.00,0.19,6,3
1772052142.057697,819148,-0.13,0.11,-0.13,-153.62,-77.31,75.31,0.44,0.25,-1.12,0.05,0.07,0.10,-141.31,50.38,231.44,0.62,-0.06,0.25,5,3
1772052142.247974,819339,0.02,0.11,-0.14,-154.62,-77.06,75.37,-0.13,0.94,0.06,0.09,0.00,0.13,-141.25,50.44,231.37,0.31,0.56,0.50,5,3
1772052142.438363,819529,0.04,0.14,-0.13,-154.56,-76.87,75.19,-0.94,0.31,0.50,0.06,0.00,0.11,-141.19,50.50,231.37,-0.88,-0.44,0.25,4,2
1772052142.629054,819719,-0.01,0.10,-0.09,-153.50,-76.75,75.00,1.19,-1.37,0.19,0.07,0.00,0.17,-141.00,50.50,231.56,-0.94,-0.31,0.13,5,3
1772052142.819329,819910,0.02,0.05,-0.11,-153.31,-76.87,75.12,-0.13,-1.69,0.00,0.04,0.00,0.10,-140.94,50.56,231.69,0.37,-0.19,0.75,4,2
1772052143.010061,820101,-0.02,0.06,-0.10,-153.00,-76.94,75.12,0.94,0.50,-0.62,0.08,0.01,0.13,-141.00,50.56,231.69,-0.19,-0.31,0.31,5,2
1772052143.200977,820291,0.00,0.10,-0.10,-153.00,-76.75,74.94,0.19,-0.69,-0.13,0.08,-0.03,0.08,-141.00,50.56,231.69,-0.06,-0.50,0.44,5,2
1772052143.391534,820482,0.01,0.03,-0.07,-153.00,-76.75,75.00,0.37,-0.50,-0.31,0.06,-0.01,0.08,-141.06,50.50,231.69,-0.19,-0.50,0.31,6,2
1772052143.582324,820673,0.00,-0.06,-0.10,-153.00,-76.81,75.12,0.37,0.00,-0.25,0.05,0.03,0.06,-141.06,50.44,231.81,-0.69,-0.06,-0.13,7,2
1772052143.772867,820863,0.00,0.09,-0.10,-152.62,-76.94,75.06,-1.12,-0.81,0.62,0.14,-0.01,0.12,-141.00,50.50,231.81,0.13,0.88,0.13,8,2
1772052143.963696,821054,0.07,0.12,-0.11,-152.31,-76.87,74.94,1.00,-0.44,0.62,0.05,-0.02,0.06,-141.00,50.44,231.87,-0.88,-0.88,0.69,8,2
1772052144.154309,821245,-0.02,-0.13,-0.09,-152.81,-77.12,75.62,1.50,-0.69,0.13,0.07,0.02,0.12,-140.94,50.44,232.00,-0.37,0.37,-0.06,8,2
1772052144.345059,821435,0.00,0.10,-0.07,-152.00,-77.06,75.25,-0.37,-0.31,0.81,0.07,0.02,0.05,-140.94,50.44,232.00,-0.81,-0.50,-0.31,9,3
1772052144.535801,821626,0.00,0.01,-0.04,-151.94,-77.19,75.37,0.19,-1.00,-0.37,0.09,0.00,0.13,-140.87,50.44,232.12,-0.25,-0.44,0.13,9,3
1772052144.726358,821817,0.04,0.04,-0.12,-152.31,-77.19,75.50,1.37,-0.19,-1.00,0.07,0.00,0.11,-140.87,50.44,232.12,0.13,-0.06,0.19,9,3
1772052144.916958,822007,0.01,0.00,-0.12,-152.37,-77.19,75.56,1.12,-0.50,0.75,0.07,0.02,0.08,-140.87,50.44,232.12,-0.37,-0.13,-0.13,9,4
1772052145.107639,822198,-0.01,0.07,-0.06,-152.00,-77.19,75.44,-0.37,-0.88,0.37,0.06,0.01,0.13,-140.87,50.44,232.12,0.19,0.56,-0.19,8,4
1772052145.298428,822389,0.02,0.17,-0.11,-151.94,-77.25,75.44,-0.37,0.44,0.37,0.09,0.02,0.13,-140.81,50.44,232.12,0.13,0.19,-0.13,8,4
1772052145.489047,822580,0.01,0.16,-0.08,-152.00,-77.37,75.50,0.75,-2.69,0.19,0.09,0.02,0.12,-140.87,50.50,232.06,0.37,0.81,0.44,8,4
1772052145.680357,822771,-0.03,0.09,-0.13,-151.25,-77.75,75.69,0.13,-2.56,-0.31,0.08,-0.01,0.09,-140.87,50.50,232.00,-0.13,0.31,-0.06,7,4
1772052145.871047,822962,-0.02,0.05,-0.07,-150.94,-78.06,75.87,-1.12,-1.44,0.56,0.08,0.00,0.08,-140.87,50.50,232.00,0.25,0.25,0.06,6,4
1772052146.062075,823153,0.00,0.07,-0.09,-150.37,-78.12,75.69,0.25,-0.19,0.25,0.10,-0.02,0.09,-140.87,50.50,232.00,0.13,-0.06,0.00,6,4
1772052146.252369,823343,-0.03,0.06,-0.08,-150.25,-78.12,75.69,0.56,-1.31,-0.19,0.07,-0.05,0.15,-140.81,50.50,232.06,0.25,0.06,0.06,5,3
1772052146.443077,823533,-0.07,0.10,-0.05,-149.94,-78.25,75.69,0.37,-0.13,-0.06,0.10,0.00,0.11,-140.81,50.50,232.06,-0.25,-0.44,0.06,5,3
1772052146.633895,823724,0.05,0.12,-0.11,-150.44,-78.25,75.81,1.19,-0.06,-1.00,0.09,0.00,0.14,-140.81,50.50,232.12,-0.25,1.00,-0.13,5,3
1772052146.824831,823915,-0.04,0.12,-0.07,-150.00,-78.37,75.75,-1.19,0.69,0.50,0.10,-0.03,0.11,-140.75,50.44,232.19,-0.62,-0.06,-0.37,4,4
1772052147.015898,824106,0.01,0.04,-0.11,-150.37,-78.19,75.69,-0.31,0.50,-1.06,0.11,-0.02,0.07,-140.62,50.44,232.25,-1.19,-0.69,-0.19,5,4
1772052147.207020,824297,-0.03,0.11,-0.05,-149.94,-78.31,75.69,-0.56,-0.56,-0.31,0.09,0.01,0.10,-140.62,50.44,232.31,-0.31,-0.37,-0.31,5,3
1772052147.396930,824488,0.00,0.03,-0.05,-150.00,-78.31,75.75,0.50,0.06,-0.19,0.09,-0.03,0.08,-140.62,50.44,232.31,0.00,-0.25,-0.06,6,3
1772052147.587817,824679,-0.01,0.00,-0.11,-150.19,-78.31,75.81,0.31,-0.13,0.31,0.10,0.00,0.11,-140.62,50.44,232.31,-0.06,0.13,0.00,7,3
1772052147.779286,824870,0.00,0.13,-0.11,-150.12,-78.31,75.75,0.13,0.00,0.00,0.07,0.00,0.11,-140.62,50.44,232.31,0.19,-0.13,-0.19,8,3
1772052147.972369,825063,-0.06,0.10,-0.10,-150.06,-78.31,75.75,-0.62,0.62,0.62,0.00,0.03,0.05,-140.69,50.38,232.31,-0.06,0.62,-0.37,8,3
1772052148.161777,825252,-0.09,0.19,-0.05,-149.75,-78.44,75.75,-1.94,0.06,-1.00,0.10,-0.03,0.12,-140.75,50.44,232.25,1.31,0.94,-0.37,7,3
1772052148.351064,825442,0.05,0.09,-0.16,-150.75,-78.25,75.87,-0.06,0.62,0.37,0.06,-0.02,0.11,-140.75,50.38,232.31,0.19,0.31,-0.19,7,3
1772052148.542725,825633,-0.04,0.08,-0.09,-150.50,-78.31,75.87,-1.31,-0.31,0.31,0.07,0.01,0.13,-140.75,50.38,232.31,-0.06,-0.19,0.00,6,3
1772052148.735969,825827,0.00,0.09,-0.11,-150.44,-78.31,75.81,0.19,-0.19,-0.44,0.10,0.00,0.12,-140.75,50.38,232.31,0.19,0.00,0.25,7,2
1772052148.930036,826021,-0.05,0.03,-0.12,-150.50,-78.31,75.81,0.37,0.56,-0.13,0.05,0.00,0.11,-140.75,50.38,232.37,-0.69,-0.44,0.44,6,2
1772052149.121675,826212,-0.02,0.11,-0.09,-150.44,-78.37,75.81,-0.88,-0.37,0.06,0.11,-0.03,0.09,-140.75,50.38,232.37,0.06,-0.19,0.31,6,2
1772052149.312703,826403,0.01,0.09,-0.15,-150.62,-78.37,75.87,0.62,-0.37,0.31,0.09,-0.03,0.08,-140.75,50.31,232.37,0.19,-0.13,-0.19,5,3
1772052149.503929,826594,-0.06,0.01,-0.09,-150.62,-78.44,75.87,-1.00,-0.06,-0.44,0.09,-0.02,0.13,-140.75,50.31,232.37,-0.75,0.00,0.13,4,2
1772052149.694881,826786,0.00,0.10,-0.10,-150.31,-78.37,75.75,-0.50,0.19,-0.69,0.08,-0.01,0.12,-140.69,50.31,232.44,-0.06,0.00,-0.31,4,5
1772052149.885998,826977,0.02,0.09,-0.14,-150.37,-78.37,75.75,-0.31,0.69,0.50,0.10,0.01,0.08,-140.69,50.31,232.56,-0.25,0.19,-0.37,4,6
1772052150.077811,827168,-0.05,0.13,-0.11,-150.12,-78.44,75.69,-0.44,-0.13,0.37,0.09,-0.03,0.12,-140.69,50.31,232.56,0.19,0.19,-0.13,5,6
1772052150.269095,827360,0.00,0.07,-0.15,-150.31,-78.31,75.69,0.25,0.13,0.56,0.06,0.00,0.12,-140.69,50.31,232.56,-0.19,-0.44,0.00,6,6
1772052150.458971,827550,-0.01,0.02,-0.11,-150.31,-78.37,75.75,-0.25,0.06,0.19,0.10,-0.01,0.14,-140.69,50.31,232.56,0.37,0.25,-0.19,7,6
1772052150.652344,827743,0.00,0.08,-0.16,-150.31,-78.37,75.69,0.00,-0.25,-0.31,0.08,-0.01,0.13,-140.69,50.31,232.56,0.00,-0.13,0.00,7,6
1772052150.845844,827936,0.00,0.05,-0.15,-150.31,-78.37,75.69,-0.50,0.25,0.25,0.07,0.01,0.07,-140.69,50.31,232.56,-0.13,-0.13,-0.31,6,7
1772052151.038173,828129,-0.01,0.14,-0.12,-150.12,-78.37,75.62,-0.88,-0.25,0.50,0.08,0.01,0.08,-140.62,50.38,232.50,0.19,0.25,0.13,6,7
1772052151.229209,828320,0.00,0.09,-0.12,-150.19,-78.37,75.62,0.44,0.44,0.37,0.07,-0.04,0.10,-140.56,50.44,232.50,-0.06,0.00,0.19,7,6
1772052151.420096,828511,-0.03,0.03,-0.11,-150.37,-78.37,75.69,-0.81,-0.19,0.06,0.07,0.00,0.07,-140.50,50.50,232.44,0.06,0.13,0.06,8,6
1772052151.611405,828702,0.02,0.13,-0.11,-150.31,-78.37,75.62,0.25,0.00,-0.25,0.07,-0.01,0.08,-140.50,50.56,232.44,0.06,-0.31,0.00,8,4
1772052151.802734,828893,0.02,0.07,-0.12,-150.31,-78.37,75.62,0.06,0.31,-0.19,0.09,-0.01,0.03,-140.50,50.56,232.37,-1.06,-0.94,0.00,9,3
1772052151.993737,829084,-0.01,0.07,-0.13,-150.06,-78.44,75.62,-0.88,-0.50,-0.44,0.08,0.00,0.06,-140.44,50.56,232.44,-0.13,-0.19,0.19,9,3
1772052152.184287,829275,0.00,0.03,-0.13,-149.94,-78.31,75.50,0.62,0.62,0.06,0.08,-0.07,0.04,-140.50,50.50,232.50,0.13,-0.75,-0.31,9,3
1772052152.374657,829465,-0.05,0.00,-0.08,-150.12,-78.31,75.56,2.00,-1.87,0.44,0.07,-0.04,0.11,-140.50,50.50,232.50,-0.06,-0.19,-0.25,8,3
1772052152.564892,829656,0.01,0.09,-0.12,-149.94,-78.25,75.37,0.56,0.81,0.19,0.07,0.00,0.10,-140.44,50.44,232.56,0.13,-0.06,-0.44,8,3
1772052152.755883,829847,0.01,0.04,-0.10,-150.06,-78.12,75.37,0.13,0.81,0.06,0.07,0.00,0.08,-140.44,50.44,232.69,-0.31,0.31,-0.37,8,3
1772052152.947632,830038,-0.03,0.13,-0.09,-149.87,-78.12,75.25,-0.88,-0.31,0.13,0.07,-0.04,0.08,-140.44,50.44,232.69,0.31,-0.06,-0.13,7,3
1772052153.138635,830229,0.00,0.06,-0.05,-150.06,-78.12,75.25,0.19,0.19,0.31,0.06,-0.04,0.06,-140.37,50.44,232.69,0.00,-0.50,-0.19,6,3
1772052153.331973,830423,-0.03,0.00,-0.08,-150.25,-78.12,75.37,-0.25,0.13,0.13,0.07,0.00,0.09,-140.37,50.44,232.69,0.00,-0.06,-0.37,6,3
1772052153.522347,830613,0.00,0.08,-0.10,-150.19,-78.12,75.31,0.31,0.13,-0.13,0.05,-0.03,0.08,-140.37,50.44,232.69,0.19,0.06,0.00,7,2
1772052153.717379,830808,0.01,0.15,-0.11,-150.12,-78.12,75.31,0.19,-0.13,-0.31,0.07,-0.02,0.09,-140.37,50.38,232.75,-0.19,0.25,0.19,6,2
1772052153.908431,831000,-0.03,0.10,-0.07,-150.06,-78.19,75.25,0.44,0.00,0.37,0.10,0.00,0.06,-140.37,50.38,232.75,0.19,0.06,0.25,5,2
1772052154.099812,831191,0.00,0.07,-0.11,-150.19,-78.19,75.25,-0.56,0.00,-0.06,0.07,-0.02,0.08,-140.37,50.38,232.75,0.06,0.19,-0.25,5,2
1772052154.290815,831382,-0.03,0.07,-0.12,-150.19,-78.19,75.25,-0.62,0.25,0.31,0.08,-0.04,0.10,-140.37,50.38,232.75,0.06,0.13,0.19,5,2
1772052154.481750,831572,-0.01,0.05,-0.09,-150.19,-78.19,75.31,0.56,-0.06,-0.44,0.05,-0.03,0.09,-140.37,50.38,232.75,0.13,0.00,0.19,6,2
1772052154.672284,831763,0.00,0.06,-0.11,-150.25,-78.19,75.37,0.19,0.06,0.31,0.10,-0.02,0.12,-140.37,50.38,232.81,-0.13,0.13,0.31,6,3
1772052154.863927,831954,-0.05,0.12,-0.07,-150.19,-78.25,75.31,-0.56,-0.62,0.50,0.08,-0.06,0.08,-140.37,50.38,232.81,0.19,0.00,-0.19,7,3
1772052155.055090,832146,0.04,0.08,-0.13,-150.31,-78.25,75.37,0.13,-0.19,-0.06,0.11,-0.05,0.11,-140.37,50.38,232.81,-0.31,0.00,0.06,8,4
1772052155.247015,832338,-0.04,0.04,-0.08,-150.06,-78.31,75.37,-1.00,-0.37,0.25,0.06,-0.02,0.08,-140.37,50.38,232.81,-0.37,0.00,0.00,8,4
1772052155.440532,832531,0.04,0.09,-0.11,-150.00,-78.31,75.31,0.31,0.13,-0.31,0.08,-0.07,0.11,-140.37,50.38,232.81,0.37,0.50,-0.50,7,3
1772052155.631153,832722,-0.02,0.01,-0.09,-149.94,-78.31,75.37,0.25,-0.37,-0.50,0.06,-0.06,0.13,-140.37,50.31,232.87,0.25,0.37,0.13,7,6
1772052155.825238,832916,-0.10,0.06,-0.07,-149.87,-78.31,75.31,-0.31,0.44,0.37,0.05,-0.02,0.12,-140.37,50.31,232.87,0.37,0.19,-0.44,8,6
1772052156.016541,833107,0.01,0.11,-0.12,-149.81,-78.25,75.25,-0.37,0.13,-0.50,0.06,-0.02,0.07,-140.37,50.31,232.87,0.00,0.19,-0.25,8,5
1772052156.208065,833299,-0.01,0.09,-0.11,-149.75,-78.31,75.25,-0.94,0.00,-0.06,0.09,-0.03,0.07,-140.37,50.31,232.87,-0.06,0.00,-0.06,8,5
1772052156.399111,833490,0.00,0.09,-0.11,-149.81,-78.31,75.25,-0.56,0.44,-0.62,0.08,-0.03,0.08,-140.37,50.31,232.87,0.00,0.06,-0.13,8,5
1772052156.589763,833680,0.02,0.02,-0.07,-150.00,-78.37,75.37,-1.75,-0.75,0.56,0.06,-0.05,0.08,-140.31,50.31,232.94,0.44,0.31,0.25,8,5
1772052156.780409,833871,-0.01,0.06,-0.11,-149.87,-78.31,75.25,0.19,0.75,-0.75,0.10,-0.04,0.11,-140.31,50.31,232.87,-0.25,-0.31,0.37,7,4
1772052156.971727,834062,0.00,0.08,-0.17,-149.94,-78.31,75.25,0.75,-0.19,-0.13,0.08,-0.03,0.12,-140.31,50.31,232.87,-0.13,0.06,0.31,6,4
1772052157.163521,834254,-0.03,0.08,-0.11,-149.81,-78.37,75.25,0.31,-0.56,0.00,0.06,-0.02,0.08,-140.31,50.31,232.87,0.00,0.00,0.13,6,4
1772052157.356762,834447,-0.01,0.09,-0.10,-149.81,-78.37,75.25,0.37,-0.06,-0.13,0.09,-0.04,0.05,-140.31,50.31,232.94,-1.06,-0.81,0.00,6,5
1772052157.550351,834641,0.00,0.03,-0.08,-149.81,-78.37,75.31,-0.81,0.25,-0.31,0.12,-0.03,0.09,-140.37,50.31,232.94,-0.25,-0.44,0.44,6,2
1772052157.740738,834831,0.02,0.05,-0.11,-149.94,-78.37,75.31,0.50,0.19,-0.13,0.06,-0.09,0.08,-140.37,50.31,233.00,0.00,-0.13,0.19,5,2
1772052157.933151,835024,0.00,0.00,-0.11,-149.94,-78.37,75.31,0.00,0.00,-0.31,0.07,-0.06,0.11,-140.37,50.31,233.00,-0.50,0.31,0.13,4,2
1772052158.124405,835215,0.00,0.11,-0.12,-149.62,-78.37,75.19,-0.81,0.25,-0.25,0.10,-0.03,0.09,-140.25,50.31,233.00,0.06,0.25,-0.37,5,2
1772052158.315834,835407,0.03,0.08,-0.16,-149.62,-78.37,75.19,-0.19,-0.56,-0.19,0.08,-0.05,0.11,-140.19,50.25,233.06,0.06,0.37,0.00,5,2
1772052158.507196,835598,0.00,0.09,-0.07,-149.44,-78.44,75.12,0.56,0.25,-0.19,0.07,-0.07,0.09,-140.19,50.25,233.06,0.19,-0.37,-0.19,6,3
1772052158.698020,835789,0.01,0.08,-0.14,-149.56,-78.37,75.12,-0.75,0.13,-0.31,0.09,-0.04,0.09,-140.19,50.25,233.06,0.13,0.25,-0.25,7,3
1772052158.888461,835979,-0.01,0.11,-0.12,-149.56,-78.44,75.06,-1.12,-0.19,0.19,0.09,-0.06,0.09,-140.19,50.25,233.06,0.13,0.00,-0.13,8,4
1772052159.080056,836171,-0.04,0.08,-0.12,-149.50,-78.44,75.06,0.31,0.06,-0.06,0.10,-0.05,0.04,-140.19,50.25,233.06,-0.06,-0.19,-0.13,7,4
1772052159.272325,836363,-0.02,0.06,-0.10,-149.31,-78.44,75.06,0.00,-1.06,0.69,0.08,-0.04,0.10,-140.25,50.25,233.06,0.25,-0.56,0.06,6,5
1772052159.464729,836555,-0.01,-0.08,-0.14,-149.69,-78.44,75.19,0.62,0.31,-0.19,0.06,-0.02,0.08,-140.19,50.31,233.06,0.31,-0.13,0.19,7,5
1772052159.657010,836748,0.00,0.00,-0.12,-149.56,-78.50,75.19,0.94,-0.62,0.69,0.07,-0.02,0.12,-140.19,50.38,233.00,0.06,0.56,0.19,7,5
1772052159.846954,836938,-0.02,0.11,-0.09,-149.12,-78.50,75.00,0.19,0.37,0.06,0.07,-0.01,0.10,-140.19,50.44,232.94,0.06,-0.19,0.69,8,5
1772052160.040559,837131,0.01,0.02,-0.14,-149.44,-78.44,75.12,0.81,0.81,0.00,0.05,-0.02,0.10,-140.19,50.44,232.94,-0.25,-0.69,0.13,8,5
1772052160.232209,837323,-0.03,0.12,-0.11,-149.31,-78.50,75.12,-1.19,-1.12,-0.25,0.09,-0.07,0.09,-140.19,50.50,232.87,0.50,0.25,0.44,7,4
1772052160.423081,837514,0.01,0.04,-0.11,-149.12,-78.50,75.06,0.19,0.62,0.81,0.09,-0.07,0.05,-140.19,50.50,232.87,-0.13,0.13,0.13,6,4
1772052160.614816,837706,-0.02,0.02,-0.16,-149.37,-78.31,75.06,-0.06,0.62,0.37,0.08,-0.03,0.09,-140.19,50.50,232.87,0.00,-0.19,-0.13,6,4
1772052160.805853,837897,0.00,0.05,-0.10,-149.37,-78.25,74.94,0.50,-1.12,-0.25,0.08,-0.08,0.12,-140.19,50.50,232.94,0.19,0.44,-0.62,6,4
1772052160.996434,838087,0.01,-0.02,-0.05,-149.31,-78.25,75.00,-0.19,-0.69,0.19,0.06,-0.04,0.08,-140.19,50.44,233.00,-0.06,-0.13,0.00,6,4
1772052161.188563,838279,0.00,0.07,-0.10,-149.12,-78.19,74.81,-0.62,0.69,-0.75,0.04,-0.01,0.08,-140.19,50.44,233.00,-0.44,-0.25,0.37,7,3
1772052161.381133,838472,0.01,0.05,-0.10,-149.12,-78.19,74.81,0.44,-0.75,0.25,0.08,-0.01,0.11,-140.19,50.44,233.00,0.00,0.00,0.19,7,4
1772052161.574161,838665,0.00,0.07,-0.09,-149.06,-78.19,74.81,0.06,-0.13,-0.19,0.06,-0.02,0.11,-140.19,50.44,233.00,0.13,-0.19,0.19,6,4
1772052161.766750,838858,-0.01,0.05,-0.10,-149.12,-78.19,74.81,0.13,0.06,-0.31,0.07,-0.02,0.11,-140.19,50.44,233.00,0.00,0.13,0.06,6,4
1772052161.957829,839049,-0.01,0.13,-0.10,-149.19,-78.25,74.75,1.94,-0.75,-0.62,0.09,-0.04,0.09,-140.25,50.44,232.94,-0.25,0.13,0.06,6,3
1772052162.149490,839240,-0.04,0.11,-0.09,-149.25,-78.25,74.81,0.25,0.37,0.00,0.06,-0.01,0.09,-140.25,50.44,232.94,-0.31,0.06,-0.37,7,4
1772052162.341032,839432,0.00,0.08,-0.12,-149.19,-78.19,74.81,-1.56,0.06,0.69,0.09,-0.03,0.10,-140.25,50.44,232.94,-0.13,0.44,0.13,8,4
1772052162.533566,839624,-0.02,0.05,-0.10,-148.87,-78.25,74.75,0.81,-0.81,-0.50,0.07,-0.02,0.13,-140.25,50.44,232.94,0.00,-0.13,0.25,9,4
1772052162.726223,839817,-0.01,0.05,-0.06,-148.87,-78.31,74.81,0.31,-0.81,0.25,0.05,-0.04,0.10,-140.25,50.50,232.94,0.06,-0.31,0.31,8,3
1772052162.918304,840009,-0.02,0.02,-0.10,-148.94,-78.31,74.81,0.75,0.69,-0.62,0.07,-0.04,0.12,-140.25,50.50,232.94,-0.44,-0.13,0.44,8,2
1772052163.108204,840199,-0.04,0.00,-0.10,-149.12,-78.25,74.87,0.69,-1.19,0.19,0.06,-0.05,0.07,-140.31,50.50,232.87,0.56,0.19,-0.44,8,2
1772052163.301076,840392,-0.01,0.06,-0.08,-148.44,-78.31,74.81,0.06,-0.44,0.56,0.07,-0.02,0.11,-140.25,50.50,232.94,0.50,0.69,0.00,8,2
1772052163.493385,840584,-0.01,0.02,-0.14,-148.44,-78.31,74.81,0.88,-0.06,-0.62,0.05,-0.04,0.11,-140.19,50.50,233.00,0.19,0.31,0.31,9,3
1772052163.685303,840776,-0.08,0.05,-0.11,-148.37,-78.31,74.75,0.31,0.19,0.25,0.05,-0.06,0.10,-140.19,50.50,232.94,0.13,0.06,-0.37,8,3
1772052163.876768,840968,0.00,0.02,-0.13,-148.81,-78.31,74.81,-0.37,0.25,-0.75,0.04,0.00,0.10,-140.19,50.50,232.94,0.00,0.19,0.00,8,4
1772052164.069092,841160,0.01,0.12,-0.08,-148.75,-78.31,74.75,-0.69,0.19,0.44,0.05,-0.02,0.10,-140.19,50.50,232.94,0.00,0.13,-0.19,7,3
1772052164.259561,841351,-0.02,0.06,-0.12,-148.69,-78.31,74.75,0.31,-0.56,-0.56,0.07,0.01,0.10,-140.19,50.50,233.00,0.25,0.06,0.44,7,3
1772052164.452254,841543,-0.01,0.08,-0.11,-148.56,-78.37,74.69,0.62,0.13,0.31,0.09,-0.07,0.06,-140.25,50.50,233.00,0.75,-0.56,0.00,8,3
1772052164.644329,841735,-0.07,-0.08,-0.11,-149.12,-78.44,74.94,0.56,-0.88,0.13,0.06,-0.01,0.07,-140.31,50.50,232.94,0.25,0.25,0.25,8,3
1772052164.836324,841928,0.00,0.11,-0.12,-148.75,-78.37,74.81,0.31,0.62,0.25,0.07,0.00,0.10,-140.25,50.50,232.94,0.37,0.25,0.06,9,4
1772052165.028598,842120,0.01,0.08,-0.12,-148.75,-78.37,74.75,0.06,-0.19,0.06,0.09,-0.01,0.07,-140.31,50.50,232.94,-0.88,-0.94,0.06,8,4
1772052165.219665,842311,0.00,0.07,-0.07,-148.69,-78.44,74.75,-0.94,-0.50,-0.06,0.07,0.02,0.11,-140.31,50.50,232.94,0.19,-0.44,0.50,8,4
1772052165.410871,842502,0.00,0.08,-0.12,-148.81,-78.50,74.81,0.31,1.06,0.00,0.04,-0.03,0.07,-140.37,50.56,232.87,0.25,-0.19,0.75,9,3
1772052165.603121,842694,-0.03,-0.01,-0.13,-149.00,-78.50,74.94,0.50,-0.37,0.13,0.07,-0.01,0.11,-140.44,50.56,232.87,0.00,-0.25,0.37,10,3
1772052165.795338,842886,0.04,0.09,-0.17,-148.94,-78.50,74.87,0.56,0.13,-0.25,0.07,-0.02,0.05,-140.44,50.56,232.87,-0.13,0.00,-0.13,10,3
1772052165.987870,843079,-0.01,0.04,-0.12,-149.06,-78.50,74.87,-0.94,-0.06,-1.00,0.04,0.00,0.14,-140.50,50.56,232.87,-0.50,0.37,0.69,9,3
1772052166.180469,843271,0.01,0.14,-0.11,-148.62,-78.62,74.81,-1.00,0.81,-0.69,0.07,-0.02,0.11,-140.50,50.56,232.81,-0.62,-0.31,0.44,9,3
1772052166.370049,843461,-0.03,0.08,-0.13,-149.19,-78.56,74.94,0.06,-0.62,-0.06,0.05,-0.02,0.11,-140.50,50.56,232.81,0.00,0.19,0.19,9,4
1772052166.563238,843655,0.01,0.12,-0.11,-148.94,-78.56,74.87,0.00,0.56,0.25,0.03,0.00,0.09,-140.50,50.56,232.81,0.31,0.31,-0.50,9,4
1772052166.754782,843846,0.03,0.13,-0.13,-149.00,-78.56,74.87,-0.37,0.19,0.19,0.03,0.00,0.10,-140.50,50.56,232.81,0.00,0.44,0.00,9,5
1772052166.946590,844038,-0.02,0.13,-0.13,-148.94,-78.56,74.81,0.19,0.25,0.25,0.05,0.00,0.09,-140.50,50.56,232.81,0.06,-0.56,0.06,9,6
1772052167.138326,844229,0.00,0.09,-0.13,-149.19,-78.56,74.87,-0.44,0.00,-0.25,0.05,0.00,0.10,-140.50,50.56,232.81,0.19,0.25,-0.19,8,6
1772052167.328449,844419,-0.02,0.16,-0.12,-149.12,-78.56,74.87,-2.00,0.31,-1.00,0.03,0.01,0.07,-140.56,50.56,232.75,-0.62,-0.06,0.00,8,8
1772052167.519337,844610,-0.03,0.17,-0.10,-148.94,-78.69,74.94,-2.56,0.06,-0.81,0.06,-0.01,0.05,-140.50,50.56,232.75,-0.19,-0.37,0.00,7,10
1772052167.711031,844802,0.01,0.02,-0.13,-148.94,-78.69,74.94,-1.31,0.31,-0.06,0.05,0.04,0.10,-140.44,50.63,232.69,0.31,0.00,0.19,7,9
1772052167.904140,844995,0.01,0.11,-0.19,-149.00,-78.62,74.81,0.13,1.00,-0.13,0.06,-0.02,0.04,-140.44,50.63,232.69,0.19,-0.25,0.00,7,10
1772052168.097011,845188,-0.02,0.00,-0.14,-149.31,-78.62,74.94,-0.06,-0.88,0.19,0.04,0.01,0.12,-140.44,50.63,232.69,0.19,0.06,0.00,7,10
1772052168.289508,845381,-0.01,0.12,-0.06,-148.94,-78.56,74.75,0.50,0.37,-0.37,0.05,0.05,0.11,-140.44,50.63,232.69,0.19,-0.06,0.19,7,9
1772052168.480486,845571,-0.01,0.09,-0.10,-149.12,-78.50,74.81,0.31,-0.37,-0.88,0.04,-0.03,0.14,-140.50,50.56,232.69,0.06,0.31,0.56,6,9
1772052168.672291,845763,0.00,0.07,-0.12,-149.06,-78.44,74.75,0.69,-0.06,-0.31,0.08,-0.04,0.13,-140.50,50.56,232.69,0.31,-0.56,-0.19,5,8
1772052168.863314,845955,0.04,0.07,-0.09,-149.44,-78.37,74.75,2.00,-1.81,0.25,0.06,0.01,0.09,-140.50,50.56,232.75,0.06,0.50,-0.06,6,6
1772052169.054846,846146,-0.04,0.11,-0.07,-149.00,-78.44,74.75,0.56,0.31,0.88,0.07,0.01,0.09,-140.44,50.63,232.69,-0.44,0.00,0.00,7,6
1772052169.247867,846339,-0.01,0.07,-0.10,-148.94,-78.37,74.75,-0.25,0.13,0.75,0.04,0.00,0.10,-140.44,50.63,232.69,0.44,0.50,-0.81,6,4
1772052169.440163,846531,0.00,0.04,-0.02,-148.62,-78.37,74.69,-0.81,-0.62,0.13,0.08,0.01,0.09,-140.44,50.63,232.62,0.13,0.19,-0.13,6,3
1772052169.630580,846722,0.03,0.05,-0.11,-148.69,-78.37,74.62,0.00,0.69,-0.56,0.06,0.02,0.10,-140.44,50.63,232.62,0.13,-0.06,0.13,5,4
1772052169.823979,846915,0.00,0.01,-0.10,-148.87,-78.37,74.69,0.75,-0.62,0.44,0.07,0.02,0.09,-140.44,50.63,232.62,0.19,0.25,-0.19,5,4
1772052170.015737,847107,-0.02,0.09,-0.08,-148.69,-78.44,74.62,0.25,0.50,0.13,0.03,0.03,0.09,-140.44,50.63,232.62,0.19,0.00,0.00,6,4
1772052170.207410,847299,0.01,0.13,-0.17,-148.81,-78.37,74.62,-0.19,0.69,0.44,0.05,0.01,0.11,-140.44,50.63,232.69,-0.13,0.37,0.31,6,5
1772052170.398957,847490,-0.01,0.15,-0.09,-148.75,-78.44,74.56,-0.62,-0.13,0.56,0.10,0.00,0.09,-140.44,50.63,232.69,0.00,0.19,0.13,7,5
1772052170.590593,847682,0.00,0.09,-0.12,-148.81,-78.44,74.56,-0.13,0.00,-0.06,0.05,0.02,0.10,-140.44,50.63,232.69,-0.06,0.13,-0.13,6,6
1772052170.780678,847872,-0.01,0.11,-0.10,-148.75,-78.44,74.56,-0.94,0.50,0.13,0.07,0.03,0.07,-140.44,50.63,232.69,-0.06,0.06,0.06,6,6
1772052170.972415,848063,0.00,0.08,-0.10,-148.75,-78.44,74.50,0.25,0.06,-0.13,0.06,-0.01,0.11,-140.44,50.63,232.69,0.19,-0.37,0.31,5,6
1772052171.165653,848257,0.03,0.13,-0.13,-148.69,-78.44,74.50,-0.13,-0.37,0.56,0.04,0.03,0.10,-140.37,50.63,232.75,-0.37,0.06,0.56,6,5
1772052171.358853,848450,-0.05,0.14,-0.11,-148.50,-78.50,74.50,0.56,-0.06,0.06,0.09,-0.04,0.10,-140.44,50.63,232.69,0.00,-0.06,0.44,7,5
1772052171.551033,848642,-0.01,0.09,-0.15,-148.81,-78.50,74.56,-1.06,1.06,-1.50,0.00,0.02,0.04,-140.50,50.63,232.62,-0.81,-0.31,0.37,7,4
1772052171.742137,848833,-0.06,0.12,-0.08,-148.75,-78.56,74.62,-3.50,0.31,-0.56,0.09,-0.02,0.08,-140.50,50.69,232.56,0.62,0.62,-0.19,6,4
1772052171.933540,849025,0.03,0.01,-0.11,-148.44,-78.44,74.50,0.19,-0.50,-0.62,0.05,-0.01,0.09,-140.44,50.69,232.62,0.00,-0.13,-0.19,5,4
1772052172.124715,849216,0.00,0.04,-0.07,-148.37,-78.37,74.44,-0.50,-0.44,-0.31,0.02,0.02,0.08,-140.50,50.69,232.62,0.44,0.00,-0.44,5,2
1772052172.315719,849407,0.00,0.07,-0.07,-148.25,-78.37,74.37,-0.06,0.81,-0.37,0.04,0.01,0.11,-140.50,50.69,232.62,-0.25,0.06,0.13,5,3
1772052172.506988,849598,0.01,0.11,-0.11,-148.50,-78.31,74.37,-0.37,-0.13,-0.62,0.06,0.02,0.10,-140.50,50.69,232.62,0.00,0.31,-0.37,6,2
1772052172.698601,849790,-0.04,0.10,-0.08,-148.44,-78.31,74.31,-0.88,-0.25,0.50,0.02,0.03,0.10,-140.50,50.69,232.56,-0.25,-0.13,0.00,7,1
1772052172.888304,849980,-0.02,0.05,-0.09,-148.37,-78.31,74.25,-1.00,0.50,0.13,0.01,0.05,0.05,-140.50,50.69,232.62,-0.25,0.19,0.13,7,2
1772052173.080075,850171,0.00,0.09,-0.05,-148.44,-78.37,74.31,-1.87,0.37,0.19,0.07,-0.01,0.10,-140.56,50.69,232.56,0.75,0.50,0.00,7,2
1772052173.274038,850365,-0.01,0.03,-0.10,-148.69,-78.31,74.31,0.37,0.56,0.31,0.05,0.01,0.07,-140.56,50.69,232.56,-0.13,-0.06,-0.06,6,2
1772052173.467489,850559,-0.03,0.07,-0.08,-148.50,-78.31,74.25,-1.37,-0.19,0.44,0.06,0.05,0.08,-140.56,50.69,232.56,0.06,-0.13,0.31,7,1
1772052173.658898,850750,-0.01,0.08,-0.06,-148.44,-78.37,74.25,0.75,-0.06,-0.19,0.09,0.00,0.13,-140.56,50.69,232.56,0.31,0.06,0.56,8,1
1772052173.849954,850941,0.00,0.04,-0.08,-148.62,-78.37,74.31,0.81,-0.94,-0.94,0.03,0.01,0.15,-140.56,50.69,232.62,0.37,0.37,0.62,9,1
1772052174.041095,851132,-0.03,0.11,-0.08,-148.37,-78.44,74.25,0.81,0.00,0.31,0.07,-0.02,0.11,-140.62,50.69,232.62,0.19,-0.44,0.19,9,2
1772052174.232433,851323,-0.02,-0.02,-0.11,-148.81,-78.44,74.44,2.44,-1.31,-0.06,0.02,0.01,0.08,-140.62,50.63,232.62,-0.19,-0.19,0.19,9,1
1772052174.423603,851515,0.03,0.10,-0.12,-148.50,-78.50,74.37,-0.44,0.06,1.44,0.05,0.01,0.06,-140.56,50.69,232.56,0.19,0.37,-0.25,10,3
1772052174.616255,851707,0.00,0.11,-0.06,-148.25,-78.44,74.37,0.62,-0.06,0.56,0.14,0.01,0.06,-140.56,50.69,232.62,-0.75,-0.81,-0.25,9,4
1772052174.809737,851901,0.03,0.05,-0.08,-148.31,-78.44,74.37,-0.56,-0.44,-0.31,0.09,0.03,0.11,-140.62,50.63,232.62,0.44,0.37,0.06,10,5
1772052175.000361,852092,0.01,0.03,-0.12,-148.31,-78.50,74.37,0.69,0.19,0.56,0.04,0.00,0.12,-140.62,50.63,232.56,0.06,-0.13,-0.19,10,5
1772052175.194007,852285,-0.06,0.03,-0.08,-148.19,-78.50,74.37,-0.25,-0.62,0.62,0.06,0.04,0.13,-140.62,50.63,232.56,0.00,0.37,-0.19,10,5
1772052175.385253,852476,0.01,0.12,-0.10,-148.00,-78.50,74.25,0.25,-0.25,-0.19,0.08,0.02,0.16,-140.62,50.63,232.56,0.00,-0.19,-0.31,9,5
1772052175.576572,852668,0.08,0.07,-0.12,-148.44,-78.56,74.37,1.06,-1.75,-0.44,0.04,0.05,0.14,-140.69,50.63,232.62,0.31,0.56,-0.25,8,6
1772052175.767774,852859,-0.01,0.08,-0.09,-148.25,-78.69,74.37,0.88,0.37,-0.62,0.02,0.07,0.12,-140.69,50.63,232.62,-0.25,0.06,0.00,7,6
1772052175.958624,853050,0.01,0.08,-0.12,-148.37,-78.62,74.37,-0.31,-0.50,0.81,0.07,0.03,0.14,-140.69,50.63,232.62,-0.13,0.37,-0.06,7,5
1772052176.148978,853240,0.01,0.16,-0.12,-147.87,-78.56,74.19,0.31,0.25,0.06,0.05,0.04,0.15,-140.69,50.63,232.62,-0.31,-0.19,0.00,6,7
1772052176.340209,853431,0.00,0.07,-0.12,-148.06,-78.56,74.31,0.06,-0.37,-0.31,0.05,0.04,0.09,-140.69,50.56,232.69,-1.19,-1.19,0.19,6,6
1772052176.531835,853623,0.02,0.11,-0.10,-147.81,-78.69,74.31,-0.94,-0.31,0.13,0.05,0.05,0.08,-140.69,50.56,232.69,0.19,0.00,0.13,7,5
1772052176.725629,853817,0.01,0.07,-0.12,-147.87,-78.69,74.31,0.06,0.50,0.25,0.05,-0.01,0.13,-140.75,50.56,232.69,0.00,-0.50,0.37,7,4
1772052176.919508,854011,-0.05,0.00,-0.09,-148.00,-78.69,74.44,0.19,-0.19,-0.13,0.09,0.03,0.13,-140.75,50.56,232.69,-0.19,-0.25,0.25,6,5
1772052177.109670,854201,0.00,0.10,-0.12,-147.94,-78.69,74.37,0.13,0.00,-0.19,0.06,0.01,0.15,-140.75,50.56,232.69,0.13,0.19,0.19,6,5
1772052177.301702,854393,0.01,0.07,-0.13,-148.00,-78.69,74.37,0.44,-0.50,-0.19,0.04,-0.01,0.17,-140.75,50.56,232.75,0.69,0.25,0.37,7,5
1772052177.492821,854584,0.00,0.08,-0.12,-147.87,-78.69,74.31,0.75,0.88,-0.06,0.03,0.01,0.13,-140.75,50.56,232.69,0.13,-0.31,-0.69,8,5
1772052177.683710,854775,-0.01,0.11,-0.13,-148.31,-78.69,74.37,-0.37,0.13,-1.06,0.05,0.02,0.15,-140.69,50.56,232.75,-0.06,0.31,-0.44,9,5
1772052177.874237,854966,0.00,0.12,-0.11,-148.31,-78.69,74.37,-1.50,-0.37,0.50,0.03,0.03,0.11,-140.69,50.56,232.69,0.19,0.31,-0.44,9,5
1772052178.064770,855156,-0.01,0.13,-0.14,-148.31,-78.69,74.31,-0.37,0.62,0.44,0.03,0.07,0.17,-140.69,50.56,232.69,0.00,0.06,0.00,10,4
1772052178.256073,855347,-0.05,0.19,-0.08,-148.12,-78.75,74.31,-0.13,-0.37,0.06,0.12,0.01,0.13,-140.69,50.56,232.69,0.56,-0.81,-0.19,10,3
1772052178.447066,855538,-0.03,-0.01,-0.15,-148.94,-78.75,74.56,2.37,-1.62,0.06,0.05,0.05,0.10,-140.69,50.63,232.69,-0.19,-0.06,0.00,10,3
1772052178.637900,855729,0.00,0.12,-0.11,-148.50,-78.75,74.44,-0.06,0.69,1.06,0.05,0.05,0.12,-140.56,50.69,232.62,0.31,0.44,-0.13,10,3
1772052178.829007,855920,0.03,0.15,-0.11,-148.50,-78.69,74.37,0.00,-0.69,0.25,0.05,0.02,0.16,-140.50,50.75,232.62,0.00,0.06,-0.31,10,3
1772052179.020606,856112,0.00,0.06,-0.08,-148.37,-78.81,74.50,0.75,-1.06,-0.19,0.00,0.04,0.11,-140.44,50.75,232.69,0.25,-0.19,0.37,9,6
1772052179.210170,856302,-0.01,0.10,-0.10,-148.37,-78.81,74.50,0.06,0.94,-0.81,0.01,0.00,0.07,-140.37,50.81,232.62,-0.25,-0.13,0.37,8,5
1772052179.401349,856493,0.02,0.08,-0.17,-148.62,-78.81,74.56,0.81,-0.37,0.37,0.04,0.01,0.12,-140.37,50.81,232.62,-0.19,0.19,0.00,7,5
1772052179.594223,856685,0.02,0.19,-0.10,-148.56,-78.81,74.50,0.00,-0.19,-0.19,0.05,0.02,0.09,-140.37,50.81,232.62,-0.19,-0.13,-0.06,7,5
1772052179.788940,856880,-0.03,0.10,-0.15,-148.56,-78.81,74.50,-0.44,-0.25,-0.94,-0.03,-0.02,0.08,-140.44,50.75,232.69,0.37,0.13,0.62,7,5
1772052179.980564,857072,-0.06,0.15,-0.09,-148.56,-78.87,75.62,-1.06,1.06,-0.13,0.02,0.01,0.11,-140.44,50.75,232.62,0.75,0.37,-0.50,6,5
1772052180.171616,857263,0.01,0.10,-0.13,-149.00,-78.87,76.44,-0.69,0.44,-0.75,0.04,0.01,0.11,-140.44,50.75,232.62,0.13,0.56,-0.50,5,7
1772052180.362758,857454,0.00,0.16,-0.11,-148.75,-78.81,76.50,-1.12,-0.13,0.13,0.01,0.03,0.11,-140.50,50.75,232.56,0.56,0.19,-0.44,4,7
1772052180.553353,857645,-0.02,0.12,-0.13,-148.69,-78.81,76.87,0.56,-0.06,-0.62,0.00,0.02,0.11,-140.50,50.75,232.62,0.25,0.06,0.00,4,7
1772052180.744246,857836,-0.05,0.17,-0.12,-148.62,-78.87,77.19,0.37,0.44,-0.31,0.03,0.00,0.08,-140.50,50.75,232.62,0.25,-0.06,-0.25,4,6
1772052180.934929,858026,0.03,0.15,-0.09,-149.00,-78.81,77.37,-0.62,-0.13,-0.50,0.04,0.04,0.10,-140.50,50.75,232.62,0.25,0.25,-0.37,4,4
1772052181.125632,858217,0.00,0.21,-0.12,-149.00,-78.81,77.69,-1.56,1.00,-0.25,-0.01,0.05,0.04,-140.56,50.75,232.50,-0.50,0.06,-0.19,5,4
1772052181.316311,858408,-0.03,0.21,-0.06,-148.69,-78.81,77.81,-2.62,-0.13,0.81,0.03,0.05,0.10,-140.56,50.75,232.56,0.13,0.50,0.06,5,4
1772052181.506789,858598,-0.01,0.14,-0.09,-148.56,-78.69,77.75,-0.19,0.19,-0.31,0.08,0.00,0.12,-140.62,50.75,232.50,0.25,-0.13,0.56,5,4
1772052181.697362,858789,0.00,0.07,-0.11,-148.50,-78.62,77.75,-0.13,-0.25,0.06,0.05,0.01,0.08,-140.62,50.75,232.50,0.13,-0.25,0.06,5,5
1772052181.888039,858979,-0.03,0.09,-0.04,-148.50,-78.56,77.94,-0.62,-0.31,0.06,0.04,0.02,0.10,-140.62,50.75,232.50,-0.19,0.06,0.13,6,5
1772052182.078813,859170,-0.03,0.10,-0.05,-148.25,-78.50,77.94,0.37,-0.13,-0.06,0.05,0.00,0.16,-140.62,50.75,232.50,0.00,-0.13,-0.19,7,2
1772052182.269695,859361,-0.02,0.02,-0.02,-148.19,-78.50,77.94,-0.25,-0.81,-0.06,0.08,0.01,0.13,-140.62,50.69,232.50,-0.13,-0.37,0.31,8,2
1772052182.460054,859551,-0.01,0.07,-0.08,-148.25,-78.50,77.87,0.19,0.88,-0.81,0.05,0.00,0.13,-140.62,50.69,232.50,0.44,-0.31,0.06,9,2
1772052182.650678,859742,0.00,0.00,-0.06,-148.62,-78.50,78.00,2.00,-1.94,0.56,0.08,0.04,0.11,-140.56,50.75,232.44,0.37,0.62,-0.50,10,2
1772052182.841294,859933,0.04,0.11,-0.06,-148.31,-78.50,77.81,0.31,0.25,0.19,0.06,0.04,0.09,-140.62,50.75,232.37,0.25,0.19,-0.56,10,2
1772052183.032010,860124,0.00,0.06,-0.10,-148.25,-78.56,77.81,0.19,-0.88,0.00,0.01,0.01,0.15,-140.62,50.75,232.37,0.44,0.13,-0.25,10,2
1772052183.223031,860314,-0.04,0.13,-0.08,-148.00,-78.56,77.75,0.31,0.31,-0.06,0.05,0.03,0.14,-140.62,50.75,232.37,-0.06,-0.62,-0.37,11,2
1772052183.413374,860505,0.03,0.08,-0.10,-148.56,-78.50,77.81,-0.25,0.37,-0.44,0.06,0.01,0.12,-140.62,50.69,232.44,0.13,0.37,0.00,11,3
1772052183.603819,860695,-0.01,0.13,-0.06,-148.50,-78.50,77.81,-0.44,0.06,0.25,0.04,0.05,0.11,-140.62,50.69,232.44,0.25,0.13,0.00,11,2
1772052183.794682,860886,0.00,0.09,-0.09,-148.50,-78.50,77.75,-0.06,0.69,0.50,0.07,0.09,0.11,-140.62,50.69,232.44,-0.25,-0.06,0.37,10,3
1772052183.985155,861077,0.04,0.19,-0.10,-148.69,-78.50,77.69,-0.44,0.50,-0.56,0.06,0.03,0.12,-140.69,50.69,232.37,-0.13,0.37,0.19,10,3
1772052184.176214,861268,0.00,0.15,-0.07,-148.75,-78.50,77.81,-0.44,-0.13,0.25,0.02,0.04,0.12,-140.69,50.69,232.37,-0.69,-0.37,-0.06,10,3
1772052184.366754,861458,-0.04,0.08,-0.05,-148.62,-78.56,77.87,-1.25,-0.44,0.62,0.02,0.01,0.13,-140.69,50.75,232.37,0.00,-0.06,0.13,9,4
1772052184.557186,861649,0.01,0.14,-0.11,-148.44,-78.50,77.75,0.44,-0.25,-0.44,0.05,0.04,0.11,-140.69,50.75,232.37,0.13,-0.19,0.56,8,4
1772052184.747681,861839,-0.02,0.04,-0.10,-148.69,-78.50,77.87,0.62,-0.81,-0.62,0.02,0.00,0.15,-140.69,50.69,232.44,0.31,0.00,0.75,7,4
1772052184.938388,862030,-0.06,0.11,-0.08,-148.56,-78.56,77.87,1.00,-0.13,0.00,0.06,0.03,0.14,-140.75,50.75,232.37,-0.25,-0.19,0.25,6,4
1772052185.130170,862221,0.00,0.13,-0.14,-148.81,-78.56,77.94,-0.31,-0.13,-0.62,0.02,0.02,0.12,-140.75,50.75,232.37,0.06,0.44,0.06,6,4
1772052185.319740,862411,-0.04,0.20,-0.13,-148.56,-78.56,77.81,-1.37,0.44,0.81,0.00,0.03,0.10,-140.75,50.75,232.37,0.44,-0.13,-0.69,5,4
1772052185.510283,862602,0.00,0.04,-0.11,-148.62,-78.62,77.94,-1.06,0.00,-0.19,0.04,0.08,0.12,-140.69,50.69,232.44,0.50,0.50,-0.25,5,3
1772052185.700981,862793,-0.01,0.16,-0.08,-148.37,-78.62,77.81,-1.37,1.00,0.06,0.06,0.03,0.13,-140.69,50.75,232.37,1.00,0.56,-0.25,4,3
1772052185.891936,862983,-0.02,0.05,-0.12,-148.44,-78.56,77.81,-0.31,-0.44,-0.31,0.06,0.06,0.12,-140.75,50.75,232.31,-0.25,-0.75,-0.13,5,3
1772052186.082453,863174,-0.02,0.07,-0.06,-148.12,-78.69,77.75,-1.25,-0.62,0.00,0.03,0.07,0.15,-140.75,50.75,232.37,0.19,0.00,0.25,4,3
1772052186.272956,863365,0.02,0.07,-0.09,-148.25,-78.75,77.81,0.81,0.25,-0.75,0.04,0.04,0.13,-140.75,50.69,232.37,-0.44,-0.44,0.13,5,4
1772052186.463667,863555,-0.03,0.10,-0.07,-148.44,-78.75,77.94,0.81,-0.88,-0.13,0.04,0.09,0.13,-140.81,50.69,232.37,-0.25,-0.31,0.69,6,5
1772052186.654299,863746,0.00,0.08,-0.12,-148.87,-78.75,78.06,1.00,1.12,-0.88,0.03,0.07,0.14,-140.87,50.69,232.31,-0.19,-0.56,0.31,7,6
1772052186.845023,863936,0.00,0.09,-0.15,-149.19,-78.69,78.19,0.88,-0.69,0.13,0.04,0.04,0.12,-140.94,50.69,232.37,-0.13,-0.06,0.00,7,8
1772052187.035739,864127,0.05,0.12,-0.11,-148.94,-78.75,78.12,-0.50,0.00,0.50,0.04,0.07,0.15,-140.87,50.69,232.37,0.19,0.19,-0.06,8,8
1772052187.226184,864318,0.00,0.13,-0.14,-148.94,-78.75,78.12,-0.56,0.06,0.50,0.05,0.09,0.15,-140.94,50.69,232.37,0.19,0.13,0.37,9,9
1772052187.416808,864509,0.00,0.16,-0.15,-149.00,-78.75,78.06,-0.69,0.25,0.00,0.03,0.03,0.09,-140.94,50.69,232.37,0.31,-0.25,0.31,10,10
1772052187.607749,864699,0.00,0.05,-0.09,-149.06,-78.75,78.12,-0.19,-0.75,0.37,0.05,0.04,0.12,-140.94,50.69,232.37,0.06,0.31,0.00,10,10
1772052187.798247,864890,0.00,0.13,-0.10,-148.75,-78.75,78.00,-1.12,0.31,0.44,0.08,0.05,0.15,-140.94,50.69,232.37,0.25,0.25,-0.06,10,10
1772052187.989305,865081,-0.06,0.10,-0.13,-148.69,-78.75,77.94,0.56,-0.19,-0.56,0.03,0.04,0.13,-140.94,50.69,232.37,-0.31,-0.19,-0.37,10,10
1772052188.180030,865271,-0.03,0.07,-0.08,-148.62,-78.81,77.94,-1.06,0.00,-0.44,0.05,0.06,0.09,-141.00,50.69,232.31,-0.25,-0.25,-0.13,10,7
1772052188.370142,865462,0.01,0.08,-0.14,-148.94,-78.75,77.87,0.13,0.62,-0.37,0.05,0.06,0.12,-141.00,50.69,232.31,0.19,0.06,-0.06,10,6
1772052188.560978,865653,-0.03,0.08,-0.09,-148.75,-78.75,77.87,0.69,-0.69,0.37,0.06,0.08,0.16,-141.00,50.69,232.31,0.00,-0.06,-0.19,10,6
1772052188.751482,865843,0.00,0.16,-0.13,-148.69,-78.75,77.75,-0.06,0.37,0.00,0.03,0.07,0.13,-141.00,50.69,232.31,0.37,-0.44,-0.06,10,4
1772052188.942282,866034,0.00,0.06,-0.11,-148.94,-78.81,77.94,1.81,-1.56,-0.31,0.02,0.08,0.16,-141.00,50.69,232.37,0.13,0.19,0.13,9,4
1772052189.132452,866224,0.00,0.20,-0.11,-148.69,-78.87,77.81,0.69,0.94,0.37,0.03,0.06,0.14,-141.00,50.69,232.37,0.25,0.06,0.06,8,5
1772052189.323414,866415,0.06,0.14,-0.16,-149.25,-78.75,77.94,-0.50,0.13,-0.25,0.05,0.06,0.14,-141.00,50.69,232.37,0.19,0.37,0.06,7,4
1772052189.514155,866606,0.03,0.18,-0.12,-149.19,-78.75,77.94,-0.56,0.13,0.50,0.01,0.05,0.08,-141.00,50.63,232.37,0.25,-0.31,-0.13,6,4
1772052189.704873,866796,-0.07,0.01,-0.07,-149.25,-78.94,78.12,0.94,-0.88,-0.13,0.04,0.05,0.16,-141.00,50.63,232.37,0.31,0.25,0.25,5,4
1772052189.895581,866987,0.04,0.05,-0.12,-149.44,-78.87,78.12,0.75,-0.50,0.13,0.06,0.04,0.14,-141.00,50.69,232.37,0.31,-0.06,0.56,5,4
1772052190.086311,867178,0.00,0.13,-0.12,-149.12,-78.75,77.94,0.75,0.31,-0.62,0.04,0.05,0.13,-141.06,50.69,232.37,-0.13,-0.62,0.69,4,4
1772052190.276944,867369,-0.02,0.06,-0.10,-149.25,-78.75,78.00,1.25,-1.12,-0.37,0.07,0.03,0.16,-141.06,50.69,232.37,-0.19,0.13,0.13,4,5
1772052190.467678,867559,0.02,0.16,-0.07,-149.00,-78.69,77.87,-0.13,0.44,0.19,0.02,0.06,0.14,-141.06,50.69,232.37,-0.19,-0.19,0.13,4,5
1772052190.658375,867750,-0.02,0.14,-0.17,-148.94,-78.56,77.75,-0.62,0.88,0.50,0.02,0.10,0.16,-141.06,50.69,232.37,0.19,0.69,-0.13,4,5
1772052190.849328,867941,-0.09,0.15,-0.01,-148.50,-78.56,77.62,-1.19,-0.25,0.37,0.08,-0.01,0.06,-140.87,50.81,232.31,0.44,0.06,-0.25,4,4
1772052191.039661,868131,0.01,0.01,-0.12,-148.87,-78.37,77.62,0.13,0.44,-0.31,0.05,0.05,0.11,-140.81,50.81,232.37,0.13,0.06,-0.13,5,3
1772052191.230452,868322,0.00,0.12,-0.08,-148.75,-78.37,77.56,-0.94,-0.44,0.25,0.01,0.05,0.09,-140.69,50.88,232.44,0.00,-0.06,-0.13,6,3
1772052191.421049,868513,0.00,0.03,-0.06,-148.69,-78.37,77.56,0.37,-0.25,-0.13,0.03,0.07,0.10,-140.62,50.88,232.44,0.13,0.06,0.06,7,3
1772052191.611491,868703,-0.01,0.13,-0.06,-148.56,-78.50,77.56,-1.12,0.13,0.13,0.01,0.04,0.09,-140.56,50.88,232.50,0.37,0.06,0.31,8,3
1772052191.802407,868894,-0.01,0.05,-0.11,-148.81,-78.50,77.62,0.44,0.50,0.25,0.01,0.06,0.08,-140.56,50.88,232.50,0.06,-0.19,0.00,9,3
1772052191.993158,869085,-0.02,0.08,-0.09,-148.87,-78.50,77.62,-0.88,-0.31,0.50,0.04,0.05,0.10,-140.56,50.88,232.50,0.25,-0.25,-0.19,10,2
1772052192.183657,869275,0.00,0.04,-0.09,-148.81,-78.50,77.62,0.94,-0.19,0.06,0.06,0.06,0.07,-140.56,50.88,232.50,0.13,0.13,-0.25,11,1
1772052192.374677,869466,-0.01,0.07,-0.08,-148.69,-78.50,77.62,0.69,-0.75,0.19,0.02,0.03,0.10,-140.56,50.88,232.56,-0.13,-0.37,0.31,11,1
1772052192.565044,869657,0.02,0.12,-0.10,-148.69,-78.50,77.62,0.69,0.62,-0.81,0.03,0.04,0.14,-140.56,50.88,232.56,-0.69,-0.31,0.44,11,2
1772052192.755956,869848,0.01,0.09,-0.10,-149.12,-78.50,77.75,0.69,-0.25,-0.37,0.05,0.01,0.11,-140.62,50.88,232.56,-0.50,0.13,0.44,11,4
1772052192.946457,870038,-0.01,0.14,-0.08,-149.12,-78.56,77.81,-0.13,0.00,0.19,0.03,0.02,0.06,-140.62,50.88,232.56,-0.37,-0.19,0.13,11,4
1772052193.137208,870229,-0.01,0.02,-0.10,-149.06,-78.56,77.81,0.31,0.25,-0.19,0.00,0.05,0.10,-140.56,50.81,232.62,-0.37,-0.37,0.00,10,4
1772052193.327887,870420,0.02,0.15,-0.05,-148.81,-78.62,77.75,-0.69,-0.25,0.37,0.06,0.00,0.08,-140.62,50.81,232.62,0.37,-0.06,0.00,9,4
1772052193.518337,870610,0.00,0.02,-0.09,-149.25,-78.69,77.94,1.37,0.37,0.44,0.01,0.01,0.08,-140.56,50.81,232.69,0.56,0.37,-0.62,9,5
1772052193.709184,870801,-0.04,0.05,-0.08,-149.06,-78.62,77.81,-0.50,0.31,0.75,0.03,0.05,0.12,-140.50,50.75,232.69,0.37,0.62,-0.75,7,5
1772052193.899672,870991,0.02,0.14,-0.11,-148.75,-78.62,77.69,0.00,-0.13,0.19,0.05,0.04,0.08,-140.44,50.75,232.75,0.13,-0.06,-0.56,6,5
1772052194.090711,871182,-0.02,0.09,-0.06,-148.75,-78.62,77.69,-0.06,-0.81,0.13,0.04,0.04,0.09,-140.44,50.75,232.75,-0.06,-0.37,-0.13,5,5
1772052194.281058,871373,0.00,0.08,-0.11,-148.87,-78.69,77.75,0.88,0.44,-0.81,0.04,0.02,0.08,-140.44,50.75,232.75,0.13,-0.13,-0.25,4,5
1772052194.471448,871563,0.00,0.05,-0.13,-148.94,-78.69,77.81,0.62,-0.25,0.62,0.05,0.01,0.12,-140.44,50.75,232.75,0.06,0.13,-0.31,3,4
1772052194.662262,871754,0.02,0.16,-0.13,-148.81,-78.69,77.69,0.25,0.44,0.00,0.02,0.05,0.13,-140.44,50.75,232.75,0.25,0.13,0.00,3,2
1772052194.853141,871945,-0.04,0.11,-0.11,-148.94,-78.69,77.75,0.69,-0.88,-0.88,0.02,0.02,0.11,-140.44,50.69,232.81,0.25,-0.69,0.31,3,2
1772052195.043589,872135,-0.09,0.05,-0.13,-149.06,-78.75,77.81,1.25,0.13,-0.06,0.04,0.02,0.09,-140.44,50.69,232.81,0.25,-0.13,0.00,3,2
1772052195.234451,872326,0.02,0.11,-0.15,-149.25,-78.69,77.81,-0.25,0.06,-0.25,0.03,0.01,0.10,-140.44,50.69,232.81,-0.06,0.50,0.13,3,2
1772052195.425167,872517,0.00,0.22,-0.12,-148.87,-78.69,77.69,-0.56,0.13,0.25,0.04,0.01,0.14,-140.44,50.69,232.81,-0.19,-0.44,0.13,4,1
1772052195.615963,872708,-0.02,0.14,-0.08,-149.19,-78.75,77.81,0.81,-0.37,-0.62,0.05,0.00,0.16,-140.50,50.69,232.87,0.00,-0.37,0.13,4,1
1772052195.806332,872898,0.01,0.08,-0.12,-149.31,-78.81,77.94,0.00,-1.06,0.13,0.06,0.00,0.08,-140.50,50.63,232.94,-0.25,-0.56,0.50,5,2
1772052195.997051,873089,0.01,0.10,-0.09,-149.25,-78.81,77.94,0.19,0.88,-0.50,0.04,0.01,0.12,-140.56,50.63,232.94,-0.31,-0.50,0.31,7,2
1772052196.187866,873279,0.00,0.08,-0.08,-149.50,-78.81,78.00,0.75,-0.37,-0.25,0.07,-0.01,0.14,-140.56,50.63,233.00,0.06,-0.75,-0.13,8,3
1772052196.378341,873470,0.00,0.05,-0.08,-149.50,-78.81,78.00,1.31,-0.56,-0.13,0.06,0.00,0.14,-140.56,50.56,233.00,0.56,0.37,-0.62,8,5
1772052196.569125,873661,-0.02,0.11,-0.11,-149.31,-78.75,77.87,0.62,0.44,-0.31,0.04,0.03,0.18,-140.50,50.56,233.06,0.25,0.19,0.13,9,4
1772052196.759694,873851,-0.02,0.15,-0.12,-149.06,-78.75,77.75,0.00,0.25,0.56,0.06,0.02,0.12,-140.50,50.56,233.06,0.13,-0.25,0.06,10,4
1772052196.950496,874042,0.01,0.13,-0.13,-149.50,-78.69,77.81,-0.25,-0.56,-0.62,0.04,0.02,0.11,-140.50,50.56,233.06,0.13,-0.06,-0.25,10,4
1772052197.141252,874233,-0.02,0.16,-0.08,-149.37,-78.75,77.75,-0.69,-0.19,0.44,0.03,0.03,0.12,-140.50,50.56,233.06,-0.06,-0.31,-0.25,10,4
1772052197.331790,874423,-0.01,0.16,-0.10,-149.31,-78.75,77.75,-0.25,0.31,0.62,0.05,0.06,0.14,-140.50,50.50,233.12,-0.19,0.31,0.25,11,4
1772052197.522473,874614,0.00,0.21,-0.11,-149.25,-78.75,77.69,-0.44,0.19,0.13,0.10,0.01,0.10,-140.50,50.50,233.12,0.13,-0.19,0.19,11,6
1772052197.713078,874805,0.05,0.18,-0.13,-149.31,-78.62,77.62,-0.56,0.94,-1.19,0.05,0.02,0.11,-140.56,50.50,233.19,-0.56,0.25,0.62,10,5
1772052197.904120,874996,-0.03,0.15,-0.06,-149.25,-78.75,77.81,-2.75,-0.06,0.25,0.07,-0.01,0.06,-140.50,50.56,233.12,-0.31,-0.13,0.50,10,5
1772052198.094339,875186,0.00,0.09,-0.09,-149.00,-78.56,77.69,-0.31,-0.06,0.06,0.06,0.01,0.11,-140.37,50.63,233.12,0.13,0.13,0.25,9,5
1772052198.285033,875377,0.01,0.06,-0.07,-148.69,-78.50,77.56,-0.06,-0.44,-0.06,0.05,0.01,0.11,-140.37,50.69,233.12,-0.31,-0.88,0.44,9,4
1772052198.475797,875568,-0.01,0.00,-0.09,-148.87,-78.44,77.69,0.81,0.50,-0.94,0.03,0.00,0.08,-140.37,50.75,233.06,0.00,-0.37,0.62,8,5
1772052198.666362,875758,-0.02,0.00,-0.06,-148.94,-78.44,77.69,0.75,-0.31,0.44,0.04,0.00,0.10,-140.37,50.75,233.06,-0.13,0.19,0.13,7,5
1772052198.856967,875949,0.00,0.12,-0.09,-148.81,-78.44,77.62,-0.31,0.25,0.25,0.05,0.00,0.02,-140.37,50.75,233.06,0.00,0.56,-0.50,5,5
1772052199.047730,876140,0.01,0.12,-0.07,-148.69,-78.44,77.56,-1.06,0.13,-0.31,-0.05,0.01,0.09,-140.37,50.75,233.06,0.69,0.25,0.13,5,5
1772052199.238444,876330,0.00,0.08,-0.06,-148.94,-78.44,77.62,-0.94,1.44,-0.37,0.05,0.02,0.12,-140.37,50.75,233.00,-0.06,0.06,-0.06,4,4
1772052199.429354,876521,0.00,0.04,-0.11,-149.00,-78.44,77.62,-0.06,-0.69,-0.06,0.03,0.03,0.11,-140.37,50.75,233.00,0.06,0.50,-0.06,4,3
1772052199.619786,876712,-0.02,0.16,-0.02,-148.37,-78.44,77.44,-0.37,0.06,0.50,0.02,0.05,0.10,-140.37,50.75,233.00,0.13,-0.06,0.00,4,3
1772052199.810570,876902,-0.01,0.04,-0.14,-148.50,-78.44,77.50,0.06,0.62,0.00,0.07,0.06,0.09,-140.44,50.75,233.06,-0.13,-0.31,0.13,5,3
1772052200.000754,877093,0.00,0.16,-0.06,-148.50,-78.50,77.44,-1.44,-0.13,0.25,0.05,0.02,0.08,-140.44,50.75,233.06,0.37,0.00,0.50,5,4
1772052200.191646,877284,0.02,0.08,-0.08,-148.56,-78.50,77.44,-0.06,0.00,0.44,0.06,0.02,0.08,-140.44,50.75,233.06,0.00,-0.44,0.31,6,4
1772052200.382625,877475,-0.01,0.09,-0.05,-148.50,-78.56,77.50,-0.31,0.13,0.19,0.03,0.03,0.09,-140.44,50.69,233.06,0.19,-0.81,0.44,6,4
1772052200.573263,877665,-0.04,0.02,-0.09,-148.37,-78.56,77.50,2.19,-1.31,0.00,0.05,0.03,0.12,-140.44,50.69,233.12,-0.44,-0.69,0.56,8,4
1772052200.763549,877856,0.08,0.20,-0.13,-148.31,-78.56,77.50,0.37,0.94,0.81,0.03,0.03,0.14,-140.50,50.69,233.25,-0.13,0.25,0.81,9,5
1772052200.954792,878046,-0.04,0.19,-0.09,-148.19,-78.56,77.44,-0.06,-0.37,0.50,0.08,-0.06,0.11,-140.50,50.69,233.19,0.00,-0.50,0.25,10,5
1772052201.144956,878237,0.02,0.09,-0.10,-148.44,-78.56,77.50,0.37,0.00,-0.44,0.05,0.03,0.13,-140.62,50.69,233.19,0.00,0.00,0.00,11,5
1772052201.336038,878428,0.03,0.12,-0.06,-148.50,-78.56,77.44,-1.44,0.25,0.31,0.05,0.04,0.12,-140.62,50.69,233.19,0.37,0.06,-0.31,11,6
1772052201.526589,878618,0.00,0.08,-0.08,-148.44,-78.56,77.37,0.19,0.13,-0.37,0.05,0.01,0.16,-140.62,50.69,233.19,0.06,-0.06,-0.25,11,6
1772052201.717106,878809,0.00,0.07,-0.07,-148.37,-78.56,77.44,-0.44,-0.88,0.00,0.08,0.05,0.14,-140.62,50.63,233.25,0.13,-0.50,0.13,11,6
1772052201.907823,879000,0.06,0.13,-0.13,-148.69,-78.62,77.37,1.50,0.13,-1.50,0.07,0.04,0.19,-140.69,50.56,233.31,-0.19,-0.13,0.25,11,5
1772052202.098524,879190,0.00,0.12,-0.10,-148.81,-78.62,77.50,0.69,-0.13,0.56,0.05,0.04,0.15,-140.69,50.56,233.31,-0.31,-0.13,-0.13,11,4
1772052202.289269,879381,0.00,0.18,-0.05,-148.56,-78.62,77.37,-0.75,0.37,0.44,0.06,0.08,0.12,-140.69,50.56,233.31,0.06,0.00,0.06,10,3
1772052202.479936,879572,-0.02,0.13,-0.10,-148.50,-78.62,77.37,0.37,0.06,-0.31,0.07,0.07,0.12,-140.69,50.56,233.31,-0.37,-0.81,0.31,9,4
1772052202.670542,879762,-0.02,0.05,-0.08,-148.50,-78.69,77.44,-0.69,-0.19,0.00,0.09,0.03,0.13,-140.75,50.56,233.31,0.00,-0.37,0.37,9,5
1772052202.860994,879953,0.01,0.11,-0.12,-148.44,-78.69,77.37,0.13,0.19,-0.13,0.07,0.01,0.15,-140.81,50.56,233.31,0.31,-0.13,1.06,7,5
1772052203.051703,880144,-0.01,0.04,-0.09,-148.50,-78.75,77.44,1.00,-0.88,0.19,0.05,0.05,0.18,-140.81,50.56,233.31,-0.19,-0.37,0.81,6,4
1772052203.242936,880335,0.05,0.18,-0.12,-148.62,-78.69,77.44,-0.25,0.62,-0.56,0.06,0.03,0.16,-140.81,50.56,233.31,-0.31,-0.19,0.62,6,4
1772052203.433373,880525,0.00,0.13,-0.08,-148.75,-78.75,77.56,-0.56,0.13,-0.06,0.11,0.04,0.06,-140.69,50.63,233.37,-1.00,-0.88,0.25,6,4
1772052203.623653,880716,0.01,0.13,-0.08,-148.56,-78.75,77.50,-1.50,0.25,0.25,0.11,0.01,0.08,-140.62,50.69,233.37,0.00,-0.44,0.44,5,4
1772052203.814371,880906,0.03,0.15,-0.15,-148.81,-78.62,77.44,0.69,0.69,0.19,0.06,-0.03,0.11,-140.56,50.75,233.37,0.19,-0.69,-0.19,5,4
1772052204.005113,881097,-0.01,0.04,-0.07,-148.87,-78.62,77.50,-0.37,-1.69,0.25,0.07,0.02,0.13,-140.50,50.81,233.31,0.25,0.13,-0.44,5,4
1772052204.195940,881288,0.01,0.14,-0.09,-148.31,-78.62,77.25,0.62,0.06,-0.06,0.06,0.04,0.12,-140.44,50.81,233.37,0.19,0.06,0.00,6,4
1772052204.386854,881479,-0.02,0.08,-0.09,-148.12,-78.50,77.12,-0.25,-0.25,-0.25,0.02,0.05,0.13,-140.44,50.75,233.37,0.13,-0.19,0.31,6,3
1772052204.577192,881669,-0.04,0.14,-0.11,-147.87,-78.44,77.00,-0.31,0.06,0.31,0.03,0.04,0.08,-140.56,50.75,233.37,0.44,-0.62,-0.37,7,2
1772052204.767869,881860,-0.07,0.00,-0.03,-148.06,-78.50,77.19,0.06,-0.25,-0.25,0.02,0.03,0.11,-140.56,50.75,233.44,0.44,0.13,0.25,7,2
1772052204.958595,882050,-0.01,0.07,-0.09,-148.00,-78.37,77.06,-0.13,0.81,0.37,0.05,0.02,0.14,-140.56,50.75,233.37,-0.06,-0.13,-0.06,8,3
1772052205.149618,882242,0.01,0.11,-0.06,-147.94,-78.31,76.94,0.06,-0.62,-0.19,0.05,0.05,0.18,-140.56,50.75,233.37,0.06,0.19,-0.19,8,2
1772052205.340114,882432,-0.02,0.08,-0.05,-147.81,-78.44,77.00,0.37,-1.37,0.00,0.03,0.07,0.13,-140.62,50.75,233.37,0.19,-0.44,0.37,9,2
1772052205.530628,882623,0.00,0.09,-0.09,-147.87,-78.44,76.94,0.62,0.75,-0.81,0.06,0.03,0.12,-140.69,50.69,233.44,-0.25,-0.81,0.81,9,2
1772052205.721128,882813,0.01,0.06,-0.06,-148.06,-78.44,77.06,0.94,-0.50,0.31,0.05,0.06,0.16,-140.75,50.75,233.37,-0.06,0.00,0.44,10,3
1772052205.912005,883004,0.00,0.16,-0.06,-148.00,-78.44,77.00,0.37,0.25,0.13,0.03,0.03,0.13,-140.75,50.75,233.37,-0.37,-0.81,0.31,11,2
1772052206.102911,883195,0.03,0.09,-0.09,-148.12,-78.44,77.00,-0.13,0.75,-0.44,0.03,0.05,0.12,-140.75,50.69,233.50,-0.50,0.19,0.25,11,4
1772052206.293512,883385,0.00,0.16,-0.07,-147.81,-78.56,77.06,-1.69,0.00,0.37,0.09,0.01,0.17,-140.75,50.69,233.44,0.00,-0.06,-0.13,11,4
1772052206.483912,883576,0.05,0.10,-0.14,-148.19,-78.44,77.00,-0.06,-0.50,0.50,0.07,0.02,0.13,-140.75,50.69,233.50,0.13,0.06,-0.37,11,5
1772052206.674489,883767,-0.02,0.05,-0.06,-148.19,-78.44,77.06,0.19,0.19,0.19,0.05,0.06,0.14,-140.75,50.69,233.50,0.25,0.06,-0.13,11,5
1772052206.865426,883957,-0.02,0.09,-0.07,-148.19,-78.44,77.00,0.31,-0.19,-0.19,0.06,0.04,0.18,-140.75,50.69,233.50,0.13,-0.06,-0.19,11,4
1772052207.056041,884148,0.02,0.08,-0.08,-148.31,-78.37,77.00,0.37,-0.56,0.31,0.04,0.06,0.13,-140.75,50.63,233.50,0.31,0.13,-0.06,10,3
1772052207.246842,884339,0.02,0.12,-0.10,-148.19,-78.37,76.94,0.44,0.62,-0.62,0.06,0.07,0.15,-140.75,50.63,233.50,-0.13,-0.50,-0.19,9,3
1772052207.437327,884529,0.00,0.16,-0.11,-148.44,-78.44,76.94,-0.31,0.31,-1.06,0.02,0.06,0.12,-140.75,50.63,233.50,-0.56,-0.06,-0.13,9,3
1772052207.627777,884720,-0.03,0.19,-0.06,-148.37,-78.50,77.06,-1.94,0.25,0.25,0.06,0.03,0.14,-140.75,50.63,233.50,0.06,0.19,0.00,7,4
1772052207.818398,884910,0.01,0.06,-0.15,-148.50,-78.44,77.00,-0.31,0.44,0.31,0.03,0.07,0.14,-140.75,50.63,233.56,-0.62,-0.56,0.00,6,3
1772052208.009424,885101,0.00,0.22,-0.03,-148.06,-78.50,76.87,-0.81,-0.31,-0.13,0.07,0.03,0.18,-140.75,50.63,233.56,0.13,-0.25,0.56,4,2
1772052208.199757,885292,0.01,0.09,-0.10,-148.25,-78.44,76.94,0.50,0.19,0.13,0.06,0.00,0.13,-140.81,50.63,233.56,-0.19,-0.56,0.37,4,3
1772052208.390369,885483,0.00,0.06,-0.12,-148.44,-78.37,77.00,-0.25,0.06,0.37,0.05,0.05,0.12,-140.81,50.63,233.56,-0.06,0.06,0.19,3,3
1772052208.581213,885673,0.02,0.17,-0.05,-148.19,-78.25,76.81,0.13,-0.25,-0.25,0.08,0.01,0.18,-140.81,50.63,233.56,0.06,-0.06,-0.06,3,3
1772052208.772031,885864,-0.02,0.06,-0.07,-148.06,-78.25,76.81,0.56,-1.25,-0.44,0.07,-0.02,0.18,-140.75,50.56,233.62,0.69,-0.25,0.13,3,3
1772052208.962699,886055,-0.07,-0.03,-0.05,-147.87,-78.25,76.81,2.69,-0.37,0.50,0.04,0.05,0.13,-140.75,50.56,233.56,0.62,0.00,-0.75,4,4
1772052209.152984,886245,-0.04,0.13,-0.09,-148.19,-78.12,76.75,0.50,1.06,0.19,0.05,0.08,0.15,-140.75,50.56,233.56,0.25,0.75,-0.50,4,4
1772052209.343637,886436,0.00,0.15,-0.05,-148.00,-78.06,76.56,-1.25,-0.44,0.75,0.06,0.03,0.14,-140.69,50.56,233.50,0.19,0.00,-0.37,5,4
1772052209.534423,886626,-0.01,0.04,-0.08,-147.75,-78.12,76.56,0.50,-0.19,-0.25,0.06,0.08,0.18,-140.69,50.56,233.56,0.06,0.13,-0.13,5,4
1772052209.725981,886817,-0.03,0.12,0.00,-147.69,-78.19,76.56,-0.75,0.13,-0.06,0.06,0.03,0.15,-140.69,50.56,233.56,0.37,-0.13,-0.13,6,4
1772052209.915736,887008,0.00,0.04,-0.11,-147.94,-78.12,76.62,-0.19,0.00,0.44,0.06,0.03,0.12,-140.69,50.56,233.56,0.19,0.13,0.13,7,4
1772052210.106285,887198,-0.03,0.05,-0.06,-147.81,-78.19,76.56,-0.75,-0.31,0.31,0.06,0.05,0.16,-140.69,50.63,233.50,0.00,0.06,0.06,8,3
1772052210.296969,887389,0.07,0.18,-0.07,-147.94,-78.12,76.44,0.31,-0.19,-1.19,0.08,0.03,0.17,-140.75,50.56,233.56,-0.13,0.50,0.19,9,2
1772052210.487579,887580,0.00,0.10,-0.04,-148.19,-78.19,76.62,-0.31,-0.56,-0.13,0.08,0.00,0.16,-140.75,50.56,233.62,0.00,0.13,0.44,9,2
1772052210.678238,887770,0.00,0.12,-0.08,-148.00,-78.25,76.62,0.00,0.56,0.31,0.07,0.05,0.20,-140.75,50.56,233.62,-0.44,-0.37,0.06,10,1
1772052210.869254,887961,-0.01,0.17,-0.08,-148.06,-78.19,76.62,0.25,0.25,-1.00,0.06,0.02,0.18,-140.75,50.50,233.62,-0.37,-0.37,0.25,10,1
1772052211.059934,888152,-0.01,0.13,-0.05,-148.19,-78.25,76.75,-0.56,0.13,0.19,0.09,0.01,0.13,-140.75,50.50,233.62,-0.13,-0.37,0.13,11,2
1772052211.250589,888343,-0.01,0.04,-0.07,-148.25,-78.25,76.75,0.50,0.44,-0.31,0.06,0.04,0.13,-140.69,50.56,233.69,-0.69,-0.37,0.00,12,2
1772052211.440753,888533,0.00,0.17,-0.05,-147.94,-78.31,76.75,-1.00,0.19,0.31,0.10,-0.02,0.16,-140.56,50.63,233.69,0.69,0.69,0.00,12,2
1772052211.631664,888724,0.02,0.08,-0.11,-148.44,-78.19,76.75,0.50,-0.25,0.37,0.08,0.01,0.11,-140.50,50.69,233.62,0.50,-0.50,-0.56,12,4
1772052211.822614,888915,-0.05,-0.01,-0.05,-148.56,-78.31,76.87,1.56,-0.88,0.19,0.05,0.02,0.10,-140.31,50.69,233.62,0.25,0.44,-0.62,12,5
1772052212.013063,889105,0.00,0.13,-0.03,-148.37,-78.37,76.81,0.50,0.19,0.31,0.03,0.04,0.07,-140.19,50.69,233.69,-0.69,-0.56,-0.50,12,5
1772052212.203705,889296,0.00,0.17,-0.04,-148.31,-78.31,76.69,-0.94,-0.25,0.44,0.08,0.04,0.09,-140.06,50.75,233.69,0.25,-0.06,-0.25,11,5
1772052212.394291,889486,0.01,0.07,-0.08,-148.31,-78.25,76.69,1.19,0.31,-0.37,0.04,0.01,0.06,-140.06,50.75,233.69,0.19,-0.31,-0.19,10,6
1772052212.584847,889677,-0.03,0.00,-0.02,-148.50,-78.25,76.81,0.25,0.00,0.56,0.04,0.03,0.09,-140.06,50.75,233.69,0.37,0.06,-0.44,9,6
1772052212.775692,889868,0.00,0.12,-0.07,-148.25,-78.19,76.62,0.06,0.44,0.06,0.03,0.02,0.12,-140.06,50.75,233.75,0.19,0.19,-0.06,8,7
1772052212.966597,890059,-0.04,0.13,-0.10,-148.00,-78.12,76.50,0.31,-0.69,-0.81,0.03,0.01,0.11,-140.06,50.69,233.75,0.25,-0.13,0.19,7,8
1772052213.156947,890249,-0.01,0.14,-0.08,-147.94,-78.06,76.44,0.69,0.81,-1.00,0.03,0.00,0.09,-140.12,50.69,233.81,-0.13,0.25,0.06,5,8
1772052213.347809,890440,0.02,0.11,-0.07,-148.44,-78.06,76.62,-1.87,0.25,-0.56,0.08,-0.01,0.10,-140.12,50.69,233.81,-0.44,0.06,-0.06,5,10
1772052213.538123,890630,0.01,0.11,0.00,-147.75,-78.00,76.37,-1.44,-0.25,0.37,0.04,0.03,0.10,-140.06,50.69,233.81,-0.19,0.13,0.25,4,8
1772052213.729182,890821,0.03,0.06,-0.04,-147.75,-77.94,76.37,0.81,0.19,-0.31,0.11,0.00,0.10,-140.06,50.69,233.81,0.06,-0.31,0.62,4,8
1772052213.919721,891012,0.03,0.03,-0.11,-148.12,-77.94,76.44,0.44,-0.44,-0.19,0.02,-0.03,0.10,-140.12,50.69,233.87,0.06,-0.37,0.50,4,8
1772052214.110305,891203,-0.01,0.10,-0.03,-147.81,-78.00,76.37,0.56,0.44,-0.19,0.06,0.02,0.12,-140.12,50.69,233.87,-0.37,-0.37,0.50,4,7
1772052214.300965,891393,0.01,0.08,-0.09,-148.12,-78.00,76.44,0.81,-0.25,-0.44,0.09,-0.03,0.10,-140.12,50.69,233.87,-0.19,0.13,0.25,4,7
1772052214.491797,891584,0.00,0.15,-0.07,-147.94,-78.00,76.37,-0.94,0.37,-0.44,0.04,-0.01,0.12,-140.19,50.63,233.87,-0.69,-0.13,0.37,5,7
1772052214.682545,891775,-0.01,0.14,-0.06,-148.00,-78.06,76.56,-1.81,0.69,-0.69,0.06,-0.04,0.16,-140.12,50.69,233.94,0.62,0.75,0.06,6,6
1772052214.873338,891965,-0.03,0.10,-0.07,-148.06,-78.06,76.44,-0.31,-0.31,0.31,0.05,-0.03,0.10,-140.06,50.75,233.81,-0.19,-0.56,-0.37,7,6
1772052215.063901,892156,-0.01,0.08,-0.09,-148.31,-78.00,76.50,-0.31,-0.37,-0.88,0.03,0.00,0.10,-140.06,50.75,233.81,-0.19,-0.25,-0.37,8,5
1772052215.254158,892346,0.00,0.10,-0.04,-148.31,-78.06,76.50,-0.88,0.06,0.56,0.02,0.01,0.11,-140.00,50.81,233.81,0.25,0.00,-0.25,9,4
1772052215.444697,892537,-0.01,0.16,-0.07,-148.31,-78.06,76.50,0.00,0.06,0.56,0.02,0.05,0.14,-139.94,50.81,233.87,-0.13,0.00,0.06,10,4
1772052215.636133,892728,-0.06,0.19,-0.05,-148.31,-78.12,76.44,-0.44,-0.06,0.25,0.04,-0.05,0.05,-139.94,50.81,233.87,0.00,-0.31,0.06,10,4
1772052215.826258,892919,0.01,0.09,-0.07,-148.62,-78.06,76.50,-0.06,0.13,-0.31,0.09,0.00,0.11,-139.94,50.81,233.87,0.19,-0.25,0.06,10,6
1772052216.016859,893109,0.04,0.13,-0.06,-148.69,-78.12,76.56,1.50,-2.19,0.19,0.03,0.00,0.07,-139.87,50.81,233.94,0.19,0.31,-0.06,11,7
1772052216.207509,893300,0.00,0.10,-0.04,-148.31,-78.19,76.56,1.62,1.12,0.88,0.03,0.04,0.09,-139.87,50.81,234.00,-0.69,-0.50,0.25,11,7
1772052216.398322,893490,-0.01,0.18,-0.07,-148.25,-78.06,76.50,-1.37,0.25,0.88,0.05,-0.02,0.08,-139.94,50.81,234.00,0.00,-0.31,0.37,11,7
1772052216.589405,893682,0.04,0.07,-0.09,-148.12,-77.94,76.44,0.75,-0.37,-0.44,0.05,-0.02,0.12,-140.00,50.75,234.06,-0.13,-0.31,0.44,10,7
1772052216.779793,893872,-0.02,0.10,-0.04,-148.12,-78.06,76.50,-0.75,0.69,0.31,0.03,-0.01,0.06,-140.00,50.75,234.06,-0.06,-0.31,0.13,9,7
1772052216.970449,894063,0.04,0.05,-0.09,-148.00,-78.00,76.50,0.69,-0.25,0.56,0.05,-0.02,0.07,-140.00,50.75,234.06,-0.31,0.00,-0.25,8,7
1772052217.161227,894253,-0.03,0.13,-0.06,-147.75,-78.00,76.31,-0.37,-0.37,0.44,0.10,-0.03,0.07,-140.00,50.75,234.06,0.62,0.37,-0.06,8,8
1772052217.351607,894444,0.00,0.02,-0.07,-148.00,-78.00,76.37,0.56,0.25,-0.06,0.06,0.00,0.07,-140.00,50.75,234.06,0.00,-0.37,-0.31,7,8
1772052217.542791,894635,-0.01,0.07,-0.03,-147.94,-78.00,76.37,-0.81,-0.25,0.37,0.06,0.00,0.10,-140.00,50.75,234.06,-0.19,-0.06,-0.13,6,7
1772052217.733255,894825,-0.03,0.07,-0.08,-147.75,-78.00,76.25,0.37,-0.31,-0.31,0.07,0.04,0.09,-140.00,50.75,234.06,-0.13,-0.44,0.19,5,5
1772052217.923673,895016,-0.05,0.14,-0.03,-147.50,-78.06,76.25,-0.81,0.06,0.13,0.06,0.00,0.09,-140.00,50.81,234.06,0.13,-0.25,0.69,4,4
1772052218.114127,895207,0.00,0.03,-0.08,-147.94,-78.00,76.37,0.44,0.37,0.19,0.04,-0.02,0.08,-140.06,50.81,234.06,0.00,-0.44,0.56,4,4
1772052218.304870,895397,0.00,0.05,-0.07,-147.87,-78.00,76.31,-0.50,-0.31,0.44,0.07,0.01,0.09,-140.06,50.81,234.06,0.31,0.06,0.31,4,5
1772052218.496108,895588,0.00,0.15,-0.06,-147.75,-78.00,76.25,-0.25,-0.19,-0.13,0.07,0.01,0.14,-140.06,50.81,234.06,0.00,-0.37,0.06,5,6
1772052218.686442,895779,0.12,0.21,-0.11,-147.94,-78.00,76.25,0.56,-0.13,-0.31,0.05,0.03,0.15,-140.06,50.69,234.25,-0.44,0.75,0.19,5,6
1772052218.877091,895969,-0.07,0.20,0.00,-147.44,-78.19,76.31,-0.62,-0.69,0.88,0.12,-0.04,0.08,-140.12,50.75,234.12,-0.25,0.56,2.25,5,6
1772052219.067412,896160,0.04,0.03,-0.08,-148.31,-77.44,75.94,-1.44,4.31,2.37,0.05,0.00,0.12,-140.37,50.81,234.00,0.06,0.13,0.75,6,6
1772052219.257163,896350,0.03,0.06,-0.07,-148.00,-76.87,75.69,0.50,0.94,0.25,0.07,0.01,0.16,-140.25,50.81,234.06,-0.56,-0.75,-1.44,7,6
1772052219.449101,896541,-0.07,0.14,0.03,-147.06,-77.19,75.50,-1.62,-2.69,-0.62,0.09,-0.02,0.06,-140.06,50.81,234.19,0.31,-0.37,-0.44,8,6
1772052219.639395,896732,0.01,0.00,-0.07,-147.37,-77.19,75.69,1.69,1.25,-0.62,0.00,0.01,0.11,-140.06,50.81,234.25,0.56,0.06,0.37,9,6
1772052219.830257,896923,0.00,0.09,-0.03,-147.44,-77.25,75.75,-0.37,0.13,0.31,0.07,0.00,0.12,-140.06,50.88,234.19,-0.56,-0.13,0.13,9,6
1772052220.020984,897113,-0.02,0.05,-0.02,-147.44,-77.25,75.75,0.25,-0.13,-0.50,0.03,0.01,0.07,-140.06,50.88,234.19,0.44,0.13,-0.31,10,6
1772052220.211767,897304,-0.08,0.00,0.00,-147.12,-77.31,75.69,0.06,-0.56,0.69,0.03,0.01,0.05,-140.00,50.94,234.19,0.00,-0.37,-0.31,10,6
1772052220.402433,897495,0.00,-0.01,-0.03,-146.87,-77.31,75.56,-0.06,0.00,-0.44,0.01,0.00,0.13,-139.94,50.94,234.25,0.31,0.06,0.25,10,6
1772052220.593020,897685,0.02,0.12,-0.03,-146.56,-77.25,75.37,0.00,0.88,-0.13,0.06,0.03,0.08,-139.94,50.94,234.25,-0.31,-0.56,0.06,10,5
1772052220.783775,897876,-0.02,0.05,-0.05,-147.12,-77.25,75.50,0.19,-0.44,-0.88,0.03,0.02,0.10,-140.00,50.94,234.25,-0.06,0.13,0.06,10,4
1772052220.974231,898067,0.02,0.09,0.00,-147.00,-77.25,75.50,-0.50,-0.25,0.37,0.06,0.00,0.04,-140.00,50.94,234.25,-0.06,0.19,0.06,10,4
1772052221.164940,898257,0.00,0.03,-0.01,-147.19,-77.25,75.56,0.31,-0.31,-0.81,0.02,-0.01,0.12,-140.00,50.88,234.31,0.00,-0.06,1.12,8,5
1772052221.355756,898448,0.00,0.09,-0.03,-147.06,-77.31,75.56,0.62,0.50,-0.31,0.05,0.00,0.09,-140.12,50.88,234.25,-0.44,-0.81,0.13,8,5
1772052221.546436,898639,-0.01,0.07,-0.09,-147.56,-77.31,75.75,-0.69,0.06,-1.44,0.01,0.00,0.08,-140.25,50.81,234.37,-0.81,0.19,0.75,6,4
1772052221.737023,898830,-0.03,0.13,-0.04,-147.06,-77.44,75.69,-2.37,0.31,0.06,0.07,-0.01,0.09,-140.25,50.81,234.37,0.00,0.19,0.37,6,4
1772052221.927662,899020,0.00,0.08,-0.10,-147.06,-77.37,75.69,-0.31,0.19,0.25,0.04,-0.02,0.16,-140.25,50.81,234.44,0.06,0.31,0.62,5,4
1772052222.118698,899211,-0.02,0.08,-0.05,-146.81,-77.44,75.62,0.06,-0.56,-0.13,0.07,-0.03,0.10,-140.25,50.81,234.31,0.31,-0.06,-0.19,4,4
1772052222.309242,899402,0.00,0.03,-0.08,-147.06,-77.44,75.69,-0.13,0.44,-0.50,0.04,0.02,0.12,-140.25,50.81,234.37,0.00,0.31,0.06,4,2
1772052222.499641,899592,0.00,0.12,-0.05,-146.75,-77.44,75.62,-1.25,0.25,0.37,0.04,0.03,0.12,-140.25,50.81,234.37,0.06,0.00,-0.25,4,2
1772052222.690526,899783,0.01,0.16,-0.07,-146.75,-77.44,75.56,-0.06,-0.50,0.44,0.03,0.03,0.14,-140.25,50.81,234.44,-0.13,0.06,0.06,4,3
1772052222.881198,899974,-0.08,0.18,-0.03,-146.62,-77.50,75.56,-0.56,0.75,0.19,0.00,-0.01,0.10,-140.31,50.69,234.50,0.25,-0.88,0.13,5,3
1772052223.072080,900164,-0.04,-0.01,-0.04,-147.56,-77.44,75.94,-0.69,-0.25,-0.19,0.07,0.01,0.12,-140.31,50.69,234.56,0.50,0.44,0.13,6,2
1772052223.262636,900355,0.00,0.06,-0.04,-147.44,-77.44,75.81,-1.12,0.13,0.44,0.06,0.02,0.14,-140.31,50.69,234.56,0.00,0.19,-0.06,7,2
1772052223.453442,900546,-0.06,0.09,-0.02,-147.19,-77.44,75.69,0.50,-0.44,-0.19,0.07,0.02,0.15,-140.31,50.69,234.56,0.06,-0.37,-0.06,8,3
1772052223.644090,900736,0.01,0.03,-0.01,-147.44,-77.44,75.75,-0.62,-0.37,-0.37,0.07,0.01,0.12,-140.31,50.75,234.56,-0.50,-0.56,0.69,9,3
1772052223.834545,900927,0.03,0.06,-0.09,-147.69,-77.37,75.81,0.88,1.06,-0.81,0.03,0.00,0.11,-140.31,50.81,234.56,-0.19,-0.75,0.44,10,3
1772052224.025345,901118,-0.03,0.04,-0.01,-147.56,-77.50,75.87,0.75,-1.62,0.25,0.08,0.00,0.12,-140.25,50.88,234.56,-0.25,-0.13,0.13,11,3
1772052224.216070,901309,0.01,0.12,-0.04,-147.37,-77.50,75.81,0.44,0.00,-0.31,0.07,0.00,0.12,-140.19,50.88,234.56,0.19,-0.56,-0.13,11,3
1772052224.406551,901499,0.00,0.03,-0.03,-147.62,-77.50,75.87,2.25,-1.62,-0.06,0.00,0.00,0.14,-140.12,50.94,234.62,0.56,0.19,-0.37,10,2
1772052224.597247,901690,-0.03,0.11,-0.02,-147.31,-77.50,75.75,0.94,1.37,0.69,0.04,0.06,0.10,-140.12,50.94,234.56,-0.44,-0.50,-0.81,11,2
1772052224.788179,901880,0.00,0.11,-0.05,-147.62,-77.44,75.75,-0.44,-0.62,-0.13,0.05,0.01,0.11,-140.12,50.94,234.56,-0.06,0.31,-0.19,10,2
1772052224.978655,902071,0.00,0.13,-0.03,-147.25,-77.50,75.62,-0.19,0.19,0.50,0.02,0.02,0.13,-140.12,50.94,234.56,0.06,-0.06,0.06,9,5
1772052225.169348,902262,0.00,0.17,-0.05,-147.25,-77.50,75.62,-0.25,0.50,0.44,0.01,0.03,0.15,-140.12,50.88,234.62,-0.06,-0.25,0.13,8,5
1772052225.360103,902452,-0.04,0.14,-0.03,-147.19,-77.50,75.56,-0.25,-0.62,0.25,0.05,-0.02,0.08,-140.12,50.88,234.62,0.00,-0.13,0.25,7,5
1772052225.550557,902643,0.00,0.08,-0.03,-147.31,-77.50,75.62,-0.19,0.19,-0.19,0.03,0.02,0.08,-140.12,50.88,234.62,0.00,0.13,-0.06,6,4
1772052225.741102,902834,0.00,0.16,-0.04,-147.06,-77.56,75.56,-1.81,0.37,0.62,0.00,0.01,0.07,-140.19,50.88,234.62,0.69,0.00,0.00,5,4
1772052225.932186,903024,-0.04,0.00,-0.05,-147.12,-77.62,75.81,0.25,-0.06,0.19,0.08,-0.01,0.12,-140.12,50.88,234.69,0.62,-0.13,-0.13,4,4
1772052226.122816,903215,0.00,0.04,-0.02,-147.31,-77.62,75.81,0.19,0.00,-0.31,0.04,0.02,0.12,-140.19,50.81,234.81,-0.13,-0.50,0.50,5,5
1772052226.313710,903406,-0.01,0.09,-0.05,-147.31,-77.69,75.81,0.00,-0.19,-0.88,0.04,-0.02,0.09,-140.25,50.88,234.75,0.13,-0.44,0.44,4,5
1772052226.503987,903597,0.00,0.02,-0.04,-147.44,-77.69,75.94,1.00,-0.75,0.00,0.07,0.01,0.13,-140.25,50.81,234.81,-0.19,-0.37,0.13,4,5
1772052226.694588,903787,0.02,0.14,-0.06,-147.31,-77.69,75.81,0.56,0.25,-0.25,0.06,0.00,0.12,-140.25,50.81,234.81,0.00,-0.25,-0.25,5,5
1772052226.885249,903978,0.00,0.08,-0.09,-147.19,-77.75,75.87,-0.31,-1.25,-0.44,0.03,0.00,0.14,-140.25,50.81,234.75,0.62,0.56,0.06,6,3
1772052227.076370,904169,-0.02,0.12,-0.03,-147.06,-77.75,75.81,0.25,1.00,0.06,0.04,0.05,0.14,-140.25,50.81,234.75,-0.31,-0.25,-0.31,6,3
1772052227.267122,904359,-0.02,0.11,-0.09,-147.37,-77.75,75.81,-0.62,0.13,-0.31,0.08,0.01,0.12,-140.25,50.81,234.75,-0.19,0.37,-0.06,7,2
1772052227.457571,904550,0.01,0.16,-0.08,-147.25,-77.75,75.75,-0.94,0.25,0.50,0.03,0.03,0.12,-140.25,50.81,234.75,-0.19,0.00,0.13,8,2
1772052227.648027,904741,0.04,0.18,-0.09,-147.12,-77.75,75.69,-0.62,0.50,0.56,0.04,0.03,0.16,-140.25,50.81,234.81,0.00,0.19,0.31,10,3
1772052227.839010,904932,-0.05,0.19,-0.05,-147.00,-77.81,75.62,-0.25,0.13,0.13,0.09,-0.02,0.10,-140.25,50.75,234.87,0.00,-0.37,0.31,11,3
1772052228.030036,905122,0.00,0.08,-0.06,-147.19,-77.75,75.69,-0.56,0.13,-0.19,0.05,0.03,0.17,-140.31,50.75,234.87,-0.13,-0.13,0.00,11,3
1772052228.220780,905313,0.00,0.13,-0.07,-147.12,-77.81,75.62,-1.12,-0.13,0.37,0.08,0.03,0.14,-140.31,50.75,234.87,0.13,-0.06,-0.25,11,4
1772052228.411450,905504,0.02,0.12,-0.05,-147.06,-77.81,75.62,0.56,-0.56,-0.19,0.09,0.00,0.22,-140.31,50.75,234.87,0.25,-0.37,0.06,10,4
1772052228.601987,905695,0.09,0.12,-0.06,-147.25,-77.81,75.62,1.87,-1.94,-0.75,0.05,0.04,0.18,-140.25,50.81,234.87,0.37,0.56,0.13,10,7
1772052228.792583,905885,-0.02,0.16,-0.05,-146.87,-77.81,75.56,0.44,1.44,-0.31,0.04,0.04,0.15,-140.25,50.88,234.87,-1.00,-0.88,0.44,9,7
1772052228.983183,906076,0.02,0.10,-0.09,-147.25,-77.69,75.62,0.13,-0.88,0.31,0.07,0.00,0.16,-140.19,50.94,234.87,-0.19,0.50,0.31,8,7
1772052229.173667,906266,0.02,0.16,-0.07,-146.56,-77.62,75.44,0.25,0.25,0.06,0.02,0.01,0.10,-140.12,51.00,234.87,-0.13,-0.44,0.00,7,8
1772052229.364536,906457,0.03,0.13,-0.09,-146.75,-77.69,75.56,-0.25,-0.19,0.06,0.01,-0.03,0.07,-140.12,51.00,234.81,0.31,0.56,0.75,6,7
1772052229.555145,906648,-0.01,0.06,-0.04,-146.75,-77.62,75.56,1.12,0.13,0.06,0.00,0.00,0.13,-140.12,51.06,234.75,0.37,0.31,-0.25,5,9
1772052229.745708,906838,0.00,0.07,-0.05,-146.94,-77.56,75.62,-0.50,0.56,-0.31,0.04,0.01,0.12,-140.12,51.06,234.75,0.06,0.37,-0.19,5,9
1772052229.936716,907029,0.00,0.14,-0.06,-146.75,-77.56,75.50,-1.94,0.44,-0.37,0.02,0.04,0.07,-140.12,51.06,234.75,-0.37,0.56,0.37,4,10
1772052230.127510,907220,-0.02,0.14,-0.06,-146.44,-77.62,75.44,-2.12,1.06,-0.13,0.02,0.04,0.12,-140.12,51.06,234.75,0.00,0.13,0.13,4,9
1772052230.318354,907411,-0.02,0.13,-0.06,-146.37,-77.62,75.37,-1.37,-0.31,0.19,0.05,0.00,0.06,-140.12,51.06,234.75,-0.19,-0.31,0.00,4,9
1772052230.509046,907602,0.01,0.07,-0.06,-146.50,-77.62,75.44,0.00,0.25,-0.25,0.04,0.04,0.05,-140.12,51.06,234.75,0.00,0.06,0.19,5,6
1772052230.700036,907793,-0.03,0.05,-0.02,-146.56,-77.69,75.50,-1.06,0.25,0.31,0.02,0.02,0.10,-140.12,51.06,234.75,0.06,0.25,0.06,6,8
1772052230.890655,907983,0.01,0.09,-0.07,-146.44,-77.69,75.44,0.31,-0.62,-0.06,0.05,0.05,0.09,-140.12,51.06,234.75,0.00,0.06,-0.37,8,9
1772052231.081598,908174,-0.04,0.07,-0.02,-146.25,-77.75,75.44,0.19,-0.56,0.06,0.04,0.05,0.09,-140.19,51.06,234.75,-0.19,-0.69,0.50,9,9
1772052231.272255,908365,0.01,0.05,-0.08,-146.50,-77.75,75.50,0.62,0.75,-1.06,0.02,0.01,0.10,-140.31,51.00,234.81,0.31,-1.31,0.69,10,10
1772052231.463177,908556,-0.01,-0.03,-0.08,-147.06,-77.81,75.75,3.25,-2.31,0.31,0.06,0.02,0.15,-140.31,51.00,234.94,-0.50,-0.31,0.44,10,7
1772052231.653579,908746,0.01,0.11,-0.05,-146.19,-77.81,75.50,0.75,0.37,1.12,0.03,0.04,0.15,-140.31,50.94,234.94,-0.06,0.00,-0.06,11,8
1772052231.843893,908937,0.03,0.16,-0.08,-146.19,-77.81,75.50,-0.25,-0.44,0.75,0.03,0.00,0.14,-140.31,50.94,235.00,0.31,0.31,0.81,11,7
1772052232.035199,909128,-0.04,0.12,-0.06,-146.12,-77.81,75.50,0.94,0.31,-0.19,0.00,0.02,0.13,-140.31,50.94,235.06,0.37,-0.06,-0.44,10,6
1772052232.226871,909319,-0.05,0.07,-0.08,-146.25,-77.81,75.62,-0.62,0.19,-0.25,0.04,0.02,0.12,-140.37,50.94,235.00,-0.19,-0.06,-0.44,10,7
1772052232.418591,909511,-0.01,0.09,-0.06,-146.00,-77.81,75.56,-1.75,0.13,0.37,0.05,0.01,0.14,-140.37,50.94,235.00,0.06,-0.19,-0.19,9,7
1772052232.612379,909705,0.00,0.07,-0.08,-145.94,-77.81,75.44,0.31,0.06,0.19,0.02,0.08,0.15,-140.37,50.88,235.06,-0.06,-0.25,-0.06,9,5
1772052232.803748,909896,0.03,0.18,-0.09,-146.12,-77.87,75.44,-0.13,-0.19,-0.75,0.07,0.05,0.16,-140.37,50.88,235.06,-0.06,0.13,0.13,9,5
1772052232.996625,910089,0.00,0.10,-0.10,-146.19,-77.94,75.62,-0.31,0.25,0.50,0.02,0.03,0.09,-140.44,50.88,235.06,-0.31,-0.19,0.13,8,4
1772052233.188032,910281,0.00,0.11,-0.09,-146.12,-77.94,75.56,-1.50,0.19,0.50,0.05,0.04,0.15,-140.44,50.88,235.06,-0.13,0.25,0.19,7,5
1772052233.379136,910472,0.03,0.12,-0.09,-145.94,-77.87,75.44,0.56,-0.19,-0.44,0.04,0.06,0.14,-140.44,50.88,235.06,0.06,-0.25,0.31,7,5
1772052233.570155,910663,0.00,0.05,-0.05,-145.94,-78.00,75.56,0.44,-1.12,0.06,0.03,0.04,0.17,-140.44,50.88,235.06,0.06,-0.62,0.44,6,4
1772052233.761098,910854,-0.01,0.11,-0.07,-145.87,-78.00,75.56,0.56,1.00,-0.56,0.06,0.05,0.15,-140.50,50.88,235.06,-0.56,-0.69,0.69,7,4
1772052233.951711,911044,0.00,0.11,-0.12,-146.19,-78.00,75.62,0.62,-0.25,-0.31,0.04,0.03,0.15,-140.56,50.88,235.06,-0.31,-0.19,0.50,8,5
1772052234.142911,911235,0.01,0.15,-0.09,-146.19,-78.00,75.56,-0.13,-0.06,0.13,0.03,0.01,0.15,-140.56,50.88,235.06,0.13,-0.19,0.13,8,4
1772052234.334189,911427,-0.04,0.13,-0.13,-146.19,-78.00,75.62,-0.13,0.50,0.62,0.05,0.03,0.13,-140.56,50.88,235.06,0.06,0.56,0.44,9,4
1772052234.527613,911620,-0.02,0.16,-0.10,-146.06,-78.00,75.56,0.37,0.31,0.44,0.07,-0.01,0.11,-140.56,50.88,235.06,0.37,-0.19,-1.00,8,4
1772052234.721223,911814,-0.05,0.08,-0.09,-146.25,-78.00,75.56,-0.50,0.00,-0.50,0.05,0.03,0.14,-140.50,50.81,235.06,0.06,0.06,-0.50,8,4
1772052234.911737,912005,0.00,0.09,-0.06,-146.31,-78.00,75.62,-0.81,0.00,0.31,0.07,0.05,0.14,-140.50,50.81,235.06,0.19,0.25,-0.37,8,4
1772052235.104459,912197,0.00,0.06,-0.11,-146.25,-78.00,75.56,0.37,0.13,-0.19,0.08,0.02,0.12,-140.50,50.81,235.12,-0.56,-0.69,-0.31,8,3
1772052235.295554,912388,0.00,0.15,-0.06,-146.00,-78.06,75.50,-0.88,-0.19,0.19,0.11,0.01,0.14,-140.50,50.81,235.12,0.62,0.19,0.19,9,2
1772052235.487040,912580,0.11,0.15,-0.14,-146.75,-78.06,75.62,1.50,-0.25,-0.50,0.04,0.06,0.16,-140.44,50.81,235.12,0.19,0.44,-0.25,9,3
1772052235.678598,912771,-0.04,0.11,-0.05,-146.56,-78.12,75.69,0.06,0.56,0.13,0.03,0.06,0.13,-140.31,50.88,235.06,-0.50,-0.19,0.00,9,3
1772052235.869931,912963,0.02,0.16,-0.11,-146.44,-78.00,75.56,-0.69,-0.25,0.44,0.04,0.02,0.10,-140.12,51.00,235.06,0.13,0.44,-0.25,8,2
1772052236.059639,913152,0.01,0.12,-0.11,-146.37,-78.00,75.56,0.81,-0.75,-1.12,0.00,0.00,0.12,-140.06,51.00,235.19,0.37,0.31,0.69,7,2
1772052236.250944,913344,-0.04,0.11,-0.06,-146.00,-78.00,75.50,0.69,0.19,-0.06,0.04,0.04,0.11,-140.00,51.00,235.12,0.00,-0.13,0.06,6,3
1772052236.442662,913535,-0.01,0.12,-0.12,-146.12,-77.94,75.50,-0.25,-0.50,-0.62,0.04,0.00,0.10,-140.00,51.00,235.12,0.00,0.25,0.00,6,4
1772052236.636209,913729,0.03,0.13,-0.08,-146.06,-77.87,75.56,-0.37,0.00,0.44,0.06,-0.05,0.04,-140.00,51.00,235.19,0.13,-1.00,-0.13,6,6
1772052236.827852,913920,-0.08,-0.15,-0.04,-146.19,-77.87,75.75,1.06,-0.25,0.88,0.02,0.00,0.07,-140.00,51.00,235.25,-0.75,-1.12,0.06,6,6
1772052237.017674,914111,0.00,0.12,-0.07,-146.00,-77.87,75.56,0.25,0.62,0.81,0.07,0.00,0.10,-140.00,51.00,235.19,1.00,0.75,0.06,6,6
1772052237.211384,914304,-0.01,0.04,-0.07,-145.94,-77.75,75.50,0.81,-0.25,0.50,0.06,-0.02,0.08,-140.00,51.00,235.12,0.44,0.31,-0.50,6,6
1772052237.402856,914495,-0.04,0.07,-0.08,-145.94,-77.81,75.50,-0.62,-0.44,0.19,0.04,0.01,0.07,-140.00,51.00,235.12,0.25,0.19,-0.56,6,6
1772052237.593855,914687,0.01,0.03,-0.09,-145.87,-77.81,75.44,0.37,0.00,0.13,0.03,0.05,0.11,-139.94,51.00,235.19,0.06,-0.25,-0.25,6,7
1772052237.785053,914878,-0.03,0.11,-0.02,-145.69,-77.87,75.37,-0.94,0.44,0.37,0.00,0.02,0.11,-139.94,51.00,235.19,0.25,0.19,0.13,7,7
1772052237.976170,915069,0.00,0.06,-0.09,-145.87,-77.87,75.37,0.50,0.06,0.25,0.03,0.02,0.09,-140.00,51.00,235.19,-0.06,-0.25,0.00,9,9
1772052238.166605,915259,0.00,0.04,-0.05,-146.00,-77.87,75.44,-0.56,0.19,0.19,0.05,0.02,0.10,-140.00,51.00,235.19,-0.06,0.25,-0.06,8,10
1772052238.358396,915451,0.04,0.10,-0.10,-145.94,-77.87,75.37,-0.19,-0.25,-0.06,0.04,0.00,0.05,-139.94,50.94,235.19,-0.75,-0.56,-0.31,10,10
1772052238.551530,915644,-0.02,0.08,-0.05,-145.87,-77.94,75.37,-0.88,-0.25,0.13,0.05,0.04,0.06,-139.94,51.00,235.19,0.06,-0.50,0.31,9,7
1772052238.744425,915838,0.03,0.07,-0.10,-146.12,-77.87,75.44,0.62,0.56,0.13,0.05,0.00,0.08,-140.00,50.94,235.19,0.06,0.00,0.31,9,8
1772052238.937351,916030,-0.01,0.07,-0.07,-146.06,-77.94,75.50,-0.44,0.19,0.31,0.04,0.01,0.14,-140.00,50.94,235.19,-0.13,0.00,0.31,9,10
1772052239.128689,916221,-0.02,0.13,-0.05,-146.00,-77.94,75.44,-0.06,-0.06,-0.37,0.04,0.00,0.12,-140.00,51.00,235.19,-0.25,-0.37,0.44,10,11
1772052239.319766,916413,0.02,0.05,-0.08,-146.19,-77.94,75.56,0.31,-0.94,-0.31,-0.01,0.00,0.12,-140.00,50.94,235.25,0.13,-0.25,0.06,10,13
1772052239.511121,916604,0.07,0.16,-0.10,-146.31,-77.94,75.50,0.31,1.19,-1.19,0.07,0.01,0.15,-140.00,50.94,235.31,-0.69,0.19,0.56,10,13
1772052239.703146,916796,0.00,0.14,-0.07,-146.62,-78.06,75.69,-0.19,-0.13,-0.62,0.05,-0.02,0.08,-140.00,50.94,235.31,-0.44,0.13,-0.13,9,12
1772052239.896284,916989,0.02,0.17,-0.11,-146.50,-77.94,75.62,-0.50,0.56,0.62,0.05,-0.02,0.14,-140.00,50.94,235.31,0.44,0.81,-0.37,8,11
1772052240.089648,917182,-0.02,0.11,-0.09,-146.50,-78.00,75.69,0.19,-0.69,-0.81,0.04,-0.01,0.13,-139.94,51.00,235.25,0.44,-0.06,-0.37,9,8
1772052240.279468,917373,-0.05,0.13,-0.08,-146.44,-78.06,75.62,0.06,0.25,0.31,0.04,0.00,0.09,-140.00,51.00,235.25,0.25,0.06,-0.31,9,8
1772052240.473083,917566,0.00,0.13,-0.09,-146.62,-78.00,75.62,-0.69,-0.25,-0.31,0.04,0.03,0.12,-139.94,51.00,235.25,0.31,0.44,-0.06,9,8
1772052240.664519,917757,-0.01,0.20,-0.06,-146.56,-78.00,75.56,-0.69,-0.25,0.19,0.03,0.01,0.11,-139.94,51.00,235.25,0.06,0.06,-0.19,8,8
1772052240.855893,917949,0.02,0.19,-0.09,-146.62,-78.00,75.56,0.13,0.19,0.06,0.06,0.04,0.16,-139.94,50.94,235.31,-0.13,-0.06,0.56,8,6
1772052241.047351,918140,0.03,0.25,-0.06,-146.75,-77.94,75.44,-0.13,0.19,-0.56,0.03,-0.02,0.12,-140.00,50.94,235.31,0.19,0.31,-0.13,7,6
1772052241.239238,918332,-0.02,0.16,-0.06,-146.56,-77.94,75.44,-0.69,0.44,-0.19,0.02,0.01,0.07,-140.06,50.94,235.31,-0.37,-0.06,-0.19,8,4
1772052241.428950,918522,0.00,0.18,-0.06,-146.44,-77.81,75.31,-1.69,-0.31,0.88,0.04,0.03,0.11,-140.06,50.94,235.25,-0.19,0.00,-0.19,8,3
1772052241.620513,918713,0.00,0.11,-0.05,-145.94,-77.75,75.19,0.88,0.13,-0.25,0.07,0.00,0.16,-140.06,50.94,235.25,-0.13,-0.37,-0.06,9,5
1772052241.813795,918906,-0.03,0.05,-0.02,-145.87,-77.81,75.25,-0.13,-1.00,0.19,0.05,0.00,0.12,-140.19,50.94,235.25,-0.44,-1.00,0.25,9,5
1772052242.006568,919100,0.03,0.04,-0.09,-146.00,-77.69,75.25,0.56,0.37,-0.75,0.04,0.00,0.12,-140.19,50.94,235.25,-0.13,-0.31,0.69,8,5
1772052242.199325,919292,-0.01,0.04,-0.05,-146.06,-77.69,75.25,0.75,-0.62,0.50,0.06,0.01,0.14,-140.19,50.94,235.25,-0.19,-0.13,0.31,7,4
1772052242.389853,919483,0.06,0.12,-0.04,-145.94,-77.69,75.19,0.19,0.25,-0.81,0.05,0.00,0.15,-140.25,50.88,235.31,-0.31,0.56,0.13,8,4
1772052242.581771,919674,-0.04,0.11,-0.09,-146.06,-77.75,75.25,-1.00,0.06,-0.62,0.03,-0.02,0.16,-140.25,50.88,235.37,0.06,0.13,-0.44,10,4
1772052242.773240,919866,-0.09,0.12,-0.04,-145.81,-77.75,75.12,-0.88,0.06,0.50,0.05,0.04,0.14,-140.19,50.94,235.25,-0.13,-0.44,-0.56,10,4
1772052242.965052,920058,0.00,0.12,-0.08,-146.06,-77.69,75.12,-0.69,-0.31,-0.94,0.05,0.01,0.11,-140.12,50.94,235.25,0.06,0.19,-0.19,10,5
1772052243.157816,920251,0.00,0.13,-0.05,-145.94,-77.75,75.12,-1.00,0.06,0.37,0.03,0.03,0.09,-140.06,51.00,235.25,0.25,-0.13,-0.37,9,4
1772052243.350232,920443,-0.04,0.11,-0.06,-145.94,-77.75,75.12,0.13,-0.81,-0.81,0.04,0.03,0.13,-140.00,51.00,235.31,0.13,0.00,0.31,9,4
1772052243.540344,920633,-0.06,0.15,-0.04,-145.75,-77.81,75.06,0.31,0.31,0.19,0.01,0.02,0.08,-139.94,51.06,235.31,0.19,-0.31,-0.37,9,2
1772052243.733828,920827,0.00,0.11,-0.08,-146.12,-77.81,75.19,-0.88,0.81,-0.25,0.00,0.04,0.06,-139.94,51.00,235.37,0.69,0.06,-0.50,9,2
1772052243.925751,921019,-0.05,0.05,-0.02,-146.12,-77.87,75.31,-1.00,-0.37,0.94,0.04,0.02,0.06,-139.87,51.06,235.37,0.44,0.19,-0.25,11,3
1772052244.117323,921210,0.03,0.08,-0.11,-146.06,-77.81,75.19,0.31,0.50,-0.19,0.01,0.01,0.06,-139.87,51.06,235.37,-0.94,-1.06,0.13,10,3
1772052244.309139,921402,0.00,0.13,-0.05,-145.75,-77.87,75.12,-0.44,0.19,-0.13,0.02,0.02,0.10,-139.87,51.00,235.44,-0.06,-0.62,0.37,9,3
1772052244.500525,921593,0.04,0.06,-0.07,-146.06,-77.87,75.25,0.88,0.31,-0.19,0.07,-0.03,0.08,-140.00,50.94,235.50,-0.19,-0.69,0.37,8,3
1772052244.690413,921783,0.03,0.05,-0.10,-146.25,-77.94,75.44,0.25,-0.13,0.25,0.07,0.01,0.12,-140.00,50.94,235.50,-0.13,-0.06,0.00,8,4
1772052244.883542,921976,0.00,0.13,-0.06,-146.19,-77.94,75.37,0.25,-0.25,-0.19,0.09,-0.01,0.09,-140.00,50.94,235.50,-0.25,-0.31,-0.13,9,5
1772052245.076402,922169,-0.02,0.13,-0.05,-146.06,-77.94,75.37,0.00,-1.31,0.19,0.06,-0.05,0.09,-140.00,50.94,235.56,0.31,-1.25,0.00,9,6
1772052245.269740,922363,0.04,0.00,-0.10,-146.00,-77.87,75.31,2.37,-0.06,-0.88,0.06,0.02,0.11,-140.00,50.88,235.62,-0.19,0.13,0.06,8,7
1772052245.460955,922554,0.00,0.10,-0.07,-146.25,-77.87,75.25,1.19,1.25,0.50,0.06,0.02,0.17,-139.94,50.88,235.62,0.00,0.56,-0.62,8,7
1772052245.652737,922746,0.01,0.18,0.00,-145.87,-77.81,75.06,-0.50,-0.94,0.44,0.05,-0.01,0.11,-139.94,50.88,235.62,0.19,0.06,-0.37,7,7
1772052245.843721,922937,0.00,0.05,-0.07,-145.62,-77.75,75.06,0.13,-0.75,-0.25,0.04,0.03,0.15,-139.94,50.81,235.69,0.19,-0.06,0.13,6,6
1772052246.035124,923128,-0.02,0.13,-0.04,-145.31,-77.75,74.94,0.37,1.06,0.06,0.07,0.01,0.15,-139.94,50.81,235.69,-0.31,-0.25,-0.06,8,6
1772052246.227826,923321,-0.03,0.10,-0.10,-145.69,-77.69,75.00,0.06,-0.50,-0.31,0.08,0.00,0.14,-139.94,50.81,235.69,-0.19,0.31,-0.19,8,6
1772052246.420547,923513,0.00,0.11,-0.07,-145.50,-77.75,74.87,-0.25,0.06,0.37,0.04,0.03,0.13,-139.94,50.81,235.69,-0.13,0.06,-0.13,7,6
1772052246.612270,923705,0.04,0.22,-0.14,-145.62,-77.69,74.87,-0.50,0.50,-1.75,0.04,0.02,0.12,-139.94,50.81,235.75,-1.06,0.37,0.75,7,4
1772052246.801943,923895,-0.03,0.17,0.02,-145.44,-77.81,74.94,-2.25,0.13,-0.31,0.06,-0.08,0.08,-139.87,50.94,235.69,-0.13,0.06,0.31,6,4
1772052246.994973,924088,0.05,0.08,-0.08,-145.75,-77.69,75.00,-1.31,0.31,-0.44,0.06,0.00,0.09,-139.81,51.00,235.69,-0.19,0.44,0.25,7,3
1772052247.187194,924280,-0.03,0.11,-0.05,-145.31,-77.62,74.81,-0.69,0.37,0.25,0.06,-0.01,0.10,-139.81,51.06,235.62,-0.19,-0.25,0.31,9,4
1772052247.378603,924471,-0.04,0.06,-0.05,-145.37,-77.62,74.87,0.50,-0.62,-0.56,0.06,-0.01,0.06,-139.75,51.06,235.69,-0.94,-0.75,0.19,9,5
1772052247.569833,924663,0.00,0.07,-0.03,-145.25,-77.69,74.87,-0.56,0.19,-0.13,0.08,-0.03,0.08,-139.75,51.06,235.69,-0.19,0.06,0.69,9,5
1772052247.761242,924854,0.00,0.07,-0.05,-145.37,-77.62,74.94,0.44,0.25,0.31,0.07,-0.05,0.07,-139.81,51.13,235.62,-0.19,0.13,-0.06,8,5
1772052247.951514,925045,0.02,0.07,-0.07,-145.37,-77.62,74.87,-1.19,0.25,-0.62,0.03,0.00,0.07,-139.75,51.06,235.69,-0.19,0.69,0.13,9,6
1772052248.143963,925237,-0.01,0.11,-0.07,-145.19,-77.75,74.87,-1.06,1.00,-0.37,0.04,0.00,0.04,-139.69,51.13,235.62,-0.62,-0.19,-0.13,9,6
1772052248.336669,925430,0.01,0.08,-0.05,-145.19,-77.69,74.87,-1.56,-0.31,0.25,0.06,0.02,0.05,-139.69,51.13,235.69,-0.13,-0.06,0.00,10,6
1772052248.529662,925623,0.03,0.06,-0.07,-145.19,-77.69,74.81,0.62,-0.06,0.00,0.02,0.01,0.05,-139.69,51.13,235.69,-0.13,-0.31,0.06,11,6
1772052248.722071,925815,-0.03,0.01,-0.05,-145.19,-77.75,74.81,0.00,-0.31,0.37,0.02,0.00,0.07,-139.69,51.13,235.69,-0.13,0.25,0.06,11,6
1772052248.912635,926006,0.04,0.09,-0.09,-145.06,-77.75,74.75,-0.06,-0.19,0.00,0.08,0.01,0.11,-139.69,51.13,235.69,0.13,0.00,0.13,10,5
1772052249.104175,926197,0.03,0.07,-0.05,-145.06,-77.75,74.75,0.25,-0.81,0.25,0.02,0.01,0.09,-139.69,51.13,235.75,0.00,-0.25,0.19,7,3
1772052249.295961,926389,-0.01,0.07,-0.09,-145.06,-77.75,74.69,0.37,0.62,-0.94,0.05,-0.01,0.06,-139.75,51.06,235.75,0.25,-1.12,0.50,8,2
1772052249.487589,926580,-0.07,-0.13,-0.07,-145.62,-77.87,75.00,3.62,-1.31,0.13,0.02,0.00,0.05,-139.75,51.06,235.81,-0.31,-0.31,0.50,8,3
1772052249.679637,926773,0.01,0.14,-0.07,-145.06,-77.81,74.75,0.94,1.00,0.69,0.04,0.00,0.07,-139.75,51.06,235.87,-0.31,-0.31,0.25,9,2
1772052249.872799,926966,0.00,0.11,-0.09,-145.31,-77.75,74.81,0.31,0.37,0.13,0.06,-0.01,0.10,-139.75,51.06,235.94,-0.81,-0.94,0.44,8,1
1772052250.063273,927156,0.00,0.12,-0.06,-145.25,-77.81,74.87,-0.06,-0.25,-0.37,0.07,-0.05,0.10,-139.75,51.06,235.94,0.31,0.00,0.50,8,1
1772052250.256625,927350,0.00,0.05,-0.08,-145.56,-77.75,74.94,0.19,0.19,0.50,0.07,-0.03,0.03,-139.75,51.06,235.87,0.37,0.13,-0.25,7,1
1772052250.448596,927542,0.00,0.02,-0.10,-145.50,-77.75,74.94,-0.25,-0.06,0.56,0.07,0.02,0.07,-139.75,51.06,235.87,0.25,0.25,-0.25,7,1
1772052250.639988,927733,0.00,0.12,-0.05,-145.37,-77.75,74.81,0.31,0.06,-0.19,0.06,0.00,0.12,-139.75,51.06,235.87,-0.19,-0.44,-0.31,7,1
1772052250.831732,927925,-0.02,0.08,-0.08,-145.44,-77.75,74.81,-0.88,0.00,0.50,0.04,0.01,0.09,-139.81,51.00,236.00,0.13,-0.37,-0.06,8,1
1772052251.023223,928116,-0.01,-0.08,-0.06,-145.69,-77.75,74.94,1.19,0.13,-0.31,0.03,-0.01,0.08,-139.81,51.00,236.00,0.13,-0.31,0.00,8,4
1772052251.212959,928306,-0.01,0.01,-0.06,-145.56,-77.75,74.87,0.94,-0.06,0.25,0.03,0.00,0.14,-139.81,51.00,235.94,-0.13,0.19,0.00,9,4
1772052251.405479,928499,0.00,0.14,-0.08,-145.25,-77.75,74.69,0.00,0.44,0.31,0.03,0.02,0.12,-139.81,51.00,235.94,-0.06,-0.13,0.19,8,5
1772052251.598564,928691,-0.04,0.09,-0.13,-145.31,-77.75,74.75,1.00,-1.12,-0.94,0.04,0.00,0.13,-139.81,51.00,236.00,0.31,-0.06,0.69,7,5
1772052251.791423,928885,-0.02,0.11,-0.09,-145.12,-77.81,74.75,0.56,-0.19,0.19,0.06,0.00,0.10,-139.87,51.00,235.94,-0.19,-0.56,0.13,7,5
1772052251.983472,929077,0.01,0.08,-0.12,-145.56,-77.81,74.81,0.00,-0.13,-0.75,0.06,0.00,0.12,-139.94,51.00,235.94,-0.31,0.13,0.31,8,4
1772052252.174732,929268,-0.03,0.16,-0.05,-145.31,-77.81,74.75,-0.75,-0.06,0.50,0.00,-0.01,0.08,-139.94,51.00,235.94,0.19,-0.69,0.06,8,5
1772052252.365787,929459,-0.03,0.02,-0.09,-145.44,-77.87,74.94,-0.94,-0.06,0.94,0.08,0.00,0.10,-139.94,51.00,236.00,0.50,0.50,0.44,8,4
1772052252.557377,929650,-0.02,0.12,-0.11,-145.31,-77.87,74.81,0.00,0.00,-0.06,0.09,-0.07,0.09,-140.00,51.00,236.00,0.19,-0.37,0.25,7,5
1772052252.748937,929842,0.00,0.08,-0.13,-145.50,-77.87,74.87,-0.06,0.19,-0.37,0.05,0.01,0.11,-140.00,51.00,236.00,0.44,0.13,-0.44,6,6
1772052252.942108,930035,0.00,0.10,-0.10,-145.37,-77.94,74.87,-1.00,0.13,0.06,0.03,-0.01,0.12,-140.00,51.00,236.00,0.13,0.44,-0.06,7,3
1772052253.134117,930227,-0.01,0.13,-0.12,-145.44,-77.94,74.81,-0.19,0.13,0.44,0.05,0.02,0.15,-140.00,51.00,236.00,0.06,0.19,0.13,7,3
1772052253.324732,930418,-0.01,0.14,-0.09,-145.31,-77.94,74.81,-0.25,-0.13,0.06,0.06,-0.03,0.11,-140.00,51.00,236.00,-0.13,-0.37,0.06,8,2
1772052253.518041,930611,0.00,0.11,-0.10,-145.50,-77.94,74.87,-0.50,0.25,-0.13,0.09,0.00,0.06,-140.00,50.94,236.06,0.62,-0.69,-0.37,8,2
1772052253.709788,930803,-0.07,-0.08,-0.06,-145.50,-78.06,75.06,0.81,-0.94,0.37,0.04,0.00,0.10,-140.00,51.00,236.00,-0.13,-0.06,0.00,7,2
1772052253.900914,930994,0.00,0.08,-0.14,-145.31,-78.00,74.94,0.88,0.50,0.13,0.05,0.02,0.14,-140.00,51.00,236.00,-0.44,-0.19,-0.06,7,2
1772052254.092445,931186,0.00,0.11,-0.09,-145.00,-78.06,74.87,-0.56,-0.75,0.19,0.07,0.04,0.09,-140.00,51.00,236.00,-0.06,-0.25,0.19,7,2
1772052254.283890,931377,0.00,0.08,-0.14,-145.19,-78.06,74.94,1.19,0.00,-0.37,0.04,-0.01,0.11,-140.00,51.00,235.94,0.25,-0.50,0.50,8,3
1772052254.474093,931567,0.00,0.06,-0.09,-145.31,-78.12,75.06,0.13,-0.25,0.44,0.05,0.00,0.13,-140.00,51.00,235.94,-0.25,-0.25,0.19,9,3
1772052254.665797,931759,0.01,0.13,-0.13,-145.31,-78.12,75.00,0.06,0.00,-0.06,0.06,0.00,0.11,-140.00,51.00,235.94,0.06,-0.06,0.13,9,2
1772052254.858477,931952,0.00,0.13,-0.15,-145.31,-78.12,75.00,0.00,0.06,0.56,0.08,0.02,0.11,-140.00,51.00,236.00,0.06,0.31,0.25,9,2
1772052255.052001,932145,-0.07,0.16,-0.10,-145.12,-78.19,75.00,0.81,0.13,0.31,0.11,-0.04,0.10,-140.06,51.00,236.00,0.19,0.06,-0.06,8,2
1772052255.244654,932338,0.03,0.11,-0.15,-145.44,-78.12,75.06,-0.31,0.31,-0.31,0.04,-0.01,0.12,-140.06,51.00,236.00,0.06,0.44,-0.56,9,3
1772052255.435372,932529,0.00,0.16,-0.13,-145.44,-78.12,75.06,-1.56,-0.37,0.00,0.07,-0.03,0.14,-139.87,51.00,236.00,0.44,0.56,-0.75,9,3
1772052255.626996,932720,-0.01,0.10,-0.12,-145.37,-78.12,75.00,0.62,-0.19,0.06,0.09,-0.03,0.11,-139.75,50.94,236.06,0.00,0.13,-0.62,9,3
1772052255.818261,932912,0.00,0.11,-0.08,-145.25,-78.19,75.00,-0.44,-0.81,0.06,0.07,0.01,0.11,-139.75,50.94,236.06,0.13,0.00,-0.31,10,3
1772052256.009372,933103,0.01,0.12,-0.15,-145.31,-78.19,75.00,0.25,0.44,-0.50,0.07,0.00,0.10,-139.75,50.94,236.06,0.37,0.31,-0.06,9,3
1772052256.200919,933294,0.00,0.08,-0.13,-145.44,-78.19,75.06,1.06,-0.25,0.19,0.09,0.00,0.17,-139.75,50.94,236.06,0.31,0.13,-0.19,8,2
1772052256.393204,933487,0.07,0.19,-0.11,-145.31,-78.06,74.87,1.25,-0.56,-0.69,0.05,0.00,0.16,-139.75,50.94,236.00,0.06,0.56,-0.56,7,2
1772052256.583097,933676,0.00,0.16,-0.10,-145.25,-78.00,74.87,0.50,0.37,0.13,0.04,0.00,0.16,-139.75,50.94,235.94,-0.44,0.19,-0.25,7,2
1772052256.777380,933871,0.01,0.22,-0.08,-144.87,-77.94,74.62,0.06,-0.56,0.50,0.06,-0.03,0.14,-139.75,51.00,235.94,0.13,0.37,0.06,8,3
1772052256.970311,934064,0.06,0.11,-0.10,-145.00,-77.81,74.62,0.62,0.25,-0.94,0.05,0.00,0.07,-139.75,51.00,235.94,0.00,-0.06,0.31,7,3
1772052257.162172,934255,-0.02,0.15,-0.10,-145.06,-77.81,74.69,-0.44,0.25,0.37,0.07,-0.06,0.11,-139.75,51.00,235.94,-0.19,-0.06,-0.13,7,4
1772052257.353316,934446,0.01,0.06,-0.07,-145.00,-77.75,74.62,0.00,-0.69,-0.13,0.05,-0.05,0.13,-139.75,51.00,235.94,-0.88,-0.69,-0.19,7,3
1772052257.543850,934637,0.01,0.04,-0.03,-144.62,-77.75,74.56,-0.62,0.25,-0.19,0.10,-0.02,0.09,-139.75,51.00,236.00,0.06,0.19,0.31,7,3
1772052257.734882,934828,0.01,0.09,-0.12,-144.75,-77.69,74.56,-0.25,0.81,0.44,0.02,-0.04,0.05,-139.75,51.00,235.94,0.94,-0.06,-0.31,7,3
1772052257.926377,935019,-0.06,-0.07,-0.04,-144.81,-77.75,74.81,-0.50,-0.50,1.12,0.07,-0.02,0.10,-139.69,51.00,235.94,1.56,1.25,-1.19,8,3
1772052258.117478,935211,0.00,0.04,-0.13,-144.69,-77.62,74.50,0.62,1.00,-0.19,0.07,-0.04,0.08,-139.56,50.94,235.94,0.44,0.56,-0.56,10,3
1772052258.309940,935403,-0.03,0.05,-0.03,-144.44,-77.69,74.44,-0.69,-1.75,0.13,0.06,-0.01,0.11,-139.50,50.94,235.94,0.13,-0.13,-0.37,10,4
1772052258.503194,935597,-0.01,0.03,-0.09,-144.44,-77.75,74.44,0.81,0.37,-0.69,0.04,0.00,0.09,-139.50,50.94,235.94,0.31,0.00,-0.19,9,4
1772052258.693442,935787,0.01,0.01,-0.06,-144.44,-77.75,74.44,0.56,-0.13,0.44,0.06,-0.01,0.11,-139.50,50.94,235.94,0.13,0.19,-0.37,8,3
1772052258.887457,935981,0.00,0.10,-0.09,-144.37,-77.75,74.37,-0.13,-0.13,-0.13,0.08,-0.03,0.07,-139.50,50.94,235.94,0.00,-0.25,-0.25,9,3
1772052259.078682,936172,0.01,0.03,-0.09,-144.37,-77.81,74.44,0.31,-1.00,0.00,0.05,-0.01,0.09,-139.50,50.94,236.00,0.06,-0.19,0.37,9,2
1772052259.269647,936363,0.13,0.12,-0.14,-144.62,-77.75,74.37,0.69,0.88,-1.62,0.09,0.01,0.13,-139.56,50.88,236.06,-1.06,0.44,0.19,9,2
1772052259.461010,936554,-0.03,0.11,-0.06,-144.62,-77.94,74.56,-0.13,0.31,-0.88,0.08,-0.04,0.10,-139.56,50.94,236.00,-0.94,-0.13,0.37,10,2
1772052259.651602,936745,0.00,0.12,-0.08,-144.50,-77.81,74.50,-1.56,-0.44,0.62,0.09,-0.04,0.13,-139.50,50.94,236.12,-0.19,-0.06,0.31,9,2
1772052259.842100,936935,0.06,0.15,-0.13,-144.37,-77.81,74.44,0.19,0.44,0.06,0.02,-0.04,0.15,-139.50,50.88,236.25,-0.37,-0.19,0.75,9,2
1772052260.033658,937127,-0.10,0.13,-0.07,-144.31,-77.87,74.50,0.06,-0.50,0.19,0.07,-0.09,0.07,-139.50,50.88,236.25,-0.25,-0.81,0.06,8,2
1772052260.225227,937318,0.03,0.05,-0.14,-144.69,-77.81,74.56,0.00,-0.25,-0.56,0.08,-0.03,0.10,-139.50,50.88,236.25,-0.19,0.00,0.19,7,2
1772052260.418276,937512,0.01,0.12,-0.07,-144.69,-77.81,74.50,-1.56,0.94,0.31,0.05,-0.06,0.12,-139.50,50.88,236.25,0.31,0.06,-0.25,8,2
1772052260.611649,937705,-0.04,0.09,-0.09,-144.75,-77.87,74.50,0.00,-0.13,0.62,0.09,-0.03,0.07,-139.56,50.88,236.25,0.69,0.00,-0.50,9,2
1772052260.801676,937895,-0.08,-0.01,-0.05,-144.75,-77.94,74.62,0.94,-0.75,1.19,0.07,-0.06,0.06,-139.50,50.94,236.19,0.19,-0.13,0.19,9,2
1772052260.994794,938088,0.04,0.05,-0.17,-145.06,-77.75,74.50,-0.06,1.19,0.06,0.04,0.00,0.09,-139.50,51.00,236.19,0.25,0.44,-0.37,8,3
1772052261.186391,938279,-0.04,0.13,-0.07,-144.44,-77.87,74.37,-1.06,-0.75,0.31,0.06,-0.01,0.09,-139.44,51.06,236.12,0.06,-0.19,-0.13,7,2
1772052261.377488,938471,0.00,0.04,-0.13,-144.50,-77.87,74.37,0.31,-0.25,-0.06,0.04,-0.01,0.08,-139.44,51.06,236.12,-0.13,-0.06,0.00,6,3
1772052261.568590,938662,0.00,0.14,-0.14,-144.69,-77.87,74.37,-0.94,0.88,0.25,0.04,-0.04,0.08,-139.37,51.13,236.06,0.37,0.13,-0.06,6,4
1772052261.759550,938853,0.01,0.07,-0.10,-144.81,-77.87,74.37,0.06,-0.44,0.19,0.06,-0.03,0.07,-139.37,51.13,236.06,-0.13,0.25,-0.19,6,3
1772052261.949957,939043,0.00,0.11,-0.09,-144.69,-77.87,74.37,-0.94,-0.62,0.31,0.06,-0.01,0.08,-139.37,51.13,236.06,0.13,-0.62,0.19,7,4
1772052262.141321,939234,0.00,0.12,-0.10,-144.87,-77.94,74.44,2.50,-1.81,-0.19,0.02,-0.02,0.01,-139.37,51.06,236.12,-0.31,-0.62,-0.37,8,4
1772052262.332942,939426,-0.04,0.02,-0.05,-144.81,-78.06,74.69,0.81,0.25,0.50,0.04,-0.02,0.05,-139.31,51.06,236.25,-0.37,-0.37,0.19,8,5
1772052262.526707,939620,0.04,0.11,-0.16,-145.12,-77.94,74.62,0.75,0.56,0.25,0.06,-0.06,0.10,-139.31,51.06,236.31,0.19,0.31,0.19,8,5
1772052262.720333,939814,0.00,0.08,-0.08,-144.94,-78.00,74.62,0.44,-1.12,0.19,0.06,-0.05,0.09,-139.31,51.06,236.31,-0.13,0.06,-0.06,7,5
1772052262.911492,940005,-0.01,0.08,-0.06,-144.81,-78.00,74.62,0.31,-0.06,-0.13,0.07,-0.06,0.12,-139.31,51.06,236.31,-0.19,0.06,-0.25,8,5
1772052263.102840,940196,0.05,0.08,-0.07,-144.87,-77.94,74.56,-0.50,-0.37,0.19,0.05,-0.04,0.08,-139.25,51.06,236.37,0.13,0.37,-0.50,9,6
1772052263.293959,940387,0.02,0.14,-0.12,-144.94,-78.00,74.56,0.06,0.88,-0.88,0.04,-0.05,0.07,-139.25,51.06,236.31,-0.06,0.00,0.00,10,8
1772052263.485302,940578,-0.01,0.10,-0.09,-145.06,-78.00,74.62,0.88,-0.62,0.25,0.05,-0.07,0.04,-139.25,51.06,236.31,-0.25,-0.19,-0.44,11,7
1772052263.676136,940769,0.02,0.13,-0.11,-145.00,-78.00,74.56,-0.31,-0.50,0.56,0.05,-0.02,0.10,-139.25,51.06,236.31,0.13,0.44,-0.50,10,7
1772052263.867090,940960,-0.01,0.07,-0.04,-145.00,-78.06,74.56,-0.19,-0.62,0.37,0.05,-0.01,0.09,-139.25,51.06,236.37,0.13,0.00,0.13,10,6
1772052264.057134,941151,0.04,0.14,-0.12,-145.12,-78.06,74.50,1.06,0.75,-0.75,0.05,-0.02,0.07,-139.25,51.06,236.37,0.00,-0.25,0.50,9,6
1772052264.247947,941341,0.00,0.08,-0.10,-145.31,-78.06,74.62,0.94,-0.75,0.44,0.05,-0.02,0.07,-139.25,51.06,236.37,0.06,0.19,-0.06,9,6
1772052264.439522,941533,0.02,0.16,-0.10,-145.19,-78.06,74.56,0.31,-0.44,0.25,0.06,-0.02,0.02,-139.25,51.06,236.37,0.00,-0.13,0.00,8,6
1772052264.633513,941727,0.03,0.12,-0.10,-145.31,-78.06,74.62,0.75,-0.75,-0.56,0.05,-0.05,0.11,-139.25,51.06,236.37,0.44,0.31,0.56,9,6
1772052264.827267,941921,0.03,0.15,-0.08,-144.94,-78.00,74.50,0.94,0.75,-0.19,0.06,-0.05,0.10,-139.31,51.06,236.37,-0.56,-0.56,0.31,9,6
1772052265.018447,942112,0.00,0.12,-0.10,-145.19,-77.87,74.50,-0.25,-0.19,-0.88,0.02,-0.08,0.02,-139.37,51.00,236.50,-0.25,-0.13,0.06,8,4
1772052265.209785,942303,-0.03,0.15,-0.06,-144.81,-77.94,74.50,-2.12,0.06,0.44,0.08,-0.09,0.05,-139.31,51.00,236.50,0.50,0.25,-0.37,7,2
1772052265.400450,942494,0.00,0.03,-0.10,-144.69,-77.81,74.37,-1.00,-0.81,-0.31,0.04,-0.08,0.11,-139.31,51.00,236.56,0.44,0.13,0.06,6,2
1772052265.591337,942685,0.05,0.13,-0.08,-144.31,-77.69,74.12,0.19,1.87,-0.50,0.02,-0.01,0.10,-139.31,50.94,236.62,-0.06,-0.25,-0.13,5,4
1772052265.782640,942876,-0.01,0.07,-0.07,-144.75,-77.69,74.19,0.31,-0.13,-0.62,0.05,-0.06,0.09,-139.31,50.94,236.62,0.19,-1.06,-0.50,5,4
1772052265.973215,943066,-0.04,0.00,-0.02,-144.62,-77.75,74.19,2.44,-2.06,-0.06,0.07,-0.03,0.14,-139.25,50.94,236.62,-0.69,-0.31,-0.25,5,4
1772052266.163311,943257,0.02,0.07,-0.02,-144.37,-77.75,74.12,0.06,0.62,0.88,0.04,0.00,0.12,-139.25,50.94,236.62,0.31,0.25,-0.31,5,5
1772052266.354581,943448,0.03,0.14,-0.10,-144.19,-77.69,73.94,0.19,0.19,-0.69,0.05,-0.03,0.10,-139.25,50.94,236.62,-0.06,-0.37,0.25,6,5
1772052266.545800,943639,0.01,0.06,-0.07,-144.50,-77.75,74.06,1.12,-0.94,-0.13,0.06,-0.02,0.11,-139.25,50.94,236.62,0.06,-0.06,-0.13,6,5
1772052266.736321,943830,0.00,0.10,-0.08,-144.37,-77.75,74.06,-0.13,0.62,0.50,0.07,-0.04,0.11,-139.25,50.94,236.62,0.19,0.00,-0.50,7,6
1772052266.927279,944021,0.00,0.05,-0.05,-144.56,-77.75,74.12,0.06,-1.00,0.31,0.05,-0.04,0.10,-139.25,50.94,236.69,0.19,-0.06,0.25,7,6
1772052267.117438,944211,0.00,0.08,-0.06,-144.56,-77.75,74.06,0.75,0.19,-1.00,0.07,-0.05,0.15,-139.31,50.88,236.69,0.19,-0.69,0.56,8,6
1772052267.308232,944402,0.07,0.08,-0.12,-144.94,-77.81,74.19,1.25,-1.00,0.13,0.06,-0.06,0.10,-139.37,50.88,236.69,0.13,0.00,0.13,9,5
1772052267.499264,944593,-0.01,0.11,-0.07,-144.69,-77.87,74.25,0.75,0.13,-0.37,0.09,-0.05,0.09,-139.37,50.88,236.69,-0.44,-0.06,-0.13,10,4
1772052267.690494,944784,0.06,0.12,-0.08,-144.75,-77.75,74.19,-0.81,-0.62,0.62,0.08,-0.05,0.12,-139.31,50.88,236.69,0.19,0.25,-0.19,10,5
1772052267.881979,944975,0.00,0.18,-0.05,-144.31,-77.75,74.00,-0.13,-0.06,-0.94,0.07,-0.03,0.13,-139.37,50.88,236.69,-0.13,-0.31,0.44,10,4
1772052268.071253,945165,-0.01,0.11,-0.05,-144.75,-77.87,74.25,0.81,-0.50,-0.37,0.09,-0.08,0.12,-139.37,50.88,236.69,0.13,0.19,0.00,10,3
1772052268.262837,945356,0.02,0.12,-0.10,-144.87,-77.81,74.25,-0.13,-0.13,0.25,0.10,-0.04,0.09,-139.31,50.88,236.69,0.37,0.31,-0.69,9,3
1772052268.456350,945550,-0.01,0.14,-0.06,-144.69,-77.87,74.25,-0.50,-0.75,0.13,0.05,-0.03,0.12,-139.31,50.88,236.69,0.44,-0.06,-0.31,8,2
1772052268.650149,945744,0.00,0.15,-0.04,-144.75,-77.81,74.19,0.31,1.25,-1.00,0.06,-0.06,0.14,-139.31,50.88,236.62,0.00,-0.19,0.13,8,2
1772052268.841958,945935,0.01,0.07,-0.07,-145.06,-77.81,74.31,0.31,-0.81,0.19,0.07,-0.04,0.10,-139.31,50.88,236.62,-0.19,-0.19,-0.25,8,1
1772052269.032800,946126,0.02,0.15,-0.02,-144.75,-77.87,74.19,0.00,-0.19,0.37,0.07,-0.03,0.16,-139.31,50.88,236.62,0.19,0.44,-0.37,7,2
1772052269.223767,946317,-0.01,0.12,-0.01,-144.81,-77.87,74.25,-0.06,-0.62,0.13,0.08,-0.04,0.15,-139.31,50.88,236.69,0.31,0.06,0.37,6,2
1772052269.414360,946508,0.02,0.12,-0.07,-144.94,-77.87,74.25,0.88,0.56,-1.00,0.04,-0.05,0.09,-139.31,50.88,236.69,0.31,-0.31,0.19,5,1
1772052269.604823,946698,0.02,0.09,-0.08,-145.00,-77.94,74.31,0.56,-1.06,0.37,0.09,-0.03,0.13,-139.31,50.88,236.69,0.13,0.19,0.13,5,1
1772052269.795629,946889,0.00,0.16,-0.05,-144.81,-77.94,74.25,0.56,0.06,-0.13,0.05,-0.04,0.18,-139.31,50.88,236.69,0.00,-0.06,-0.25,5,1
1772052269.986354,947080,0.00,0.10,-0.02,-144.87,-78.00,74.31,0.06,-0.56,-0.06,0.09,-0.05,0.12,-139.31,50.81,236.69,-0.13,-0.56,0.31,5,1
1772052270.177164,947271,0.01,0.08,-0.10,-145.19,-78.00,74.37,0.75,1.06,-0.94,0.05,-0.07,0.13,-139.37,50.81,236.75,-0.19,-0.50,0.37,5,1
1772052270.367765,947461,-0.03,0.12,-0.08,-145.25,-78.00,74.44,0.37,-0.37,0.37,0.09,-0.06,0.13,-139.37,50.81,236.75,0.13,0.13,-0.19,5,2
1772052270.558272,947652,0.00,0.19,-0.09,-145.25,-78.00,74.37,0.37,0.00,0.06,0.09,-0.08,0.07,-139.37,50.81,236.75,-0.19,-1.00,-0.31,4,1
1772052270.749313,947842,-0.01,0.17,-0.09,-145.25,-78.06,74.37,-0.50,-0.19,-0.37,0.09,-0.01,0.12,-139.37,50.88,236.62,-0.31,-0.37,-0.19,5,2
1772052270.939433,948033,0.01,0.12,-0.07,-145.69,-78.06,74.50,1.25,0.31,0.44,0.10,-0.06,0.07,-139.37,50.94,236.50,0.31,0.19,-0.50,5,2
1772052271.130391,948224,0.00,0.12,-0.10,-145.75,-78.00,74.50,0.06,-0.13,0.56,0.12,-0.03,0.15,-139.31,51.00,236.44,0.37,-0.19,-0.44,6,2
1772052271.320991,948414,0.05,0.17,-0.08,-145.12,-77.87,74.19,1.56,-1.12,-0.19,0.08,-0.01,0.12,-139.25,51.06,236.44,-0.06,0.37,-0.50,7,2
1772052271.511746,948605,-0.04,0.19,-0.05,-144.62,-77.94,74.19,-0.37,0.69,0.81,0.09,-0.04,0.05,-139.25,51.06,236.44,0.31,-0.13,-0.31,8,2
1772052271.702100,948796,0.02,0.06,-0.09,-144.87,-77.81,74.12,-0.25,0.06,0.62,0.06,-0.04,0.08,-139.31,51.13,236.37,0.00,0.25,-0.06,9,2
1772052271.892414,948986,0.00,0.14,-0.03,-144.75,-77.75,74.00,-0.69,0.06,0.31,0.05,0.00,0.10,-139.31,51.13,236.37,0.25,0.31,0.00,10,2
1772052272.083452,949177,0.05,0.17,-0.06,-144.50,-77.69,73.94,0.06,-0.69,-0.50,0.06,0.00,0.10,-139.25,51.06,236.44,-0.25,0.13,0.37,10,2
1772052272.273905,949368,0.04,0.12,-0.05,-144.25,-77.69,73.94,0.37,0.25,0.31,0.02,-0.03,0.07,-139.31,51.06,236.37,0.25,-0.06,0.13,10,2
1772052272.464824,949558,0.01,0.11,-0.10,-144.44,-77.69,74.00,0.06,0.00,-0.88,0.10,-0.05,0.10,-139.31,51.06,236.44,-0.13,-0.25,0.19,10,2
1772052272.655440,949749,0.07,0.14,-0.06,-144.44,-77.75,73.94,0.00,-1.19,-0.25,0.09,-0.07,0.12,-139.25,51.06,236.44,0.00,0.88,-0.13,10,3
1772052272.845911,949940,-0.04,0.10,-0.05,-144.06,-77.81,73.94,0.25,-0.31,0.19,0.06,-0.06,0.15,-139.25,51.06,236.44,0.25,0.31,0.13,9,3
1772052273.036983,950130,-0.03,0.14,-0.03,-144.00,-77.75,73.87,-0.13,0.13,0.44,0.06,-0.07,0.09,-139.31,51.06,236.37,-0.31,-0.50,-0.06,8,3
1772052273.227455,950321,-0.01,0.08,-0.08,-144.50,-77.81,74.00,0.31,0.06,-0.88,0.03,-0.05,0.10,-139.25,51.06,236.44,0.50,0.37,-0.69,7,3
1772052273.417992,950512,0.00,0.13,-0.07,-144.37,-77.81,74.00,-0.25,0.13,0.37,0.08,-0.04,0.05,-139.19,51.06,236.44,-0.13,0.19,-0.62,6,3
1772052273.608669,950702,0.01,0.08,-0.03,-144.44,-77.81,74.00,-0.88,-0.37,-0.37,0.09,-0.04,0.10,-139.19,51.00,236.56,0.06,-0.13,0.00,5,3
1772052273.799372,950893,0.03,0.09,-0.10,-144.69,-77.81,73.94,0.19,0.69,-1.12,0.05,-0.08,0.07,-139.19,51.00,236.56,0.19,-0.31,-0.13,4,3
1772052273.990178,951084,0.08,0.13,-0.09,-144.87,-77.81,74.00,0.19,-0.19,-1.25,0.07,-0.02,0.11,-139.19,51.00,236.62,-0.62,0.62,-0.13,4,3
1772052274.180978,951274,0.03,0.17,-0.04,-144.44,-77.87,73.94,-1.69,1.00,0.44,0.07,-0.06,0.05,-139.12,51.00,236.62,-0.50,-0.37,-0.37,4,3
1772052274.371270,951465,0.01,0.14,-0.07,-144.25,-77.81,73.81,-2.00,0.00,0.75,0.07,-0.06,0.07,-139.12,51.00,236.62,0.19,0.25,-0.19,4,3
1772052274.562290,951656,0.07,0.09,-0.10,-143.94,-77.62,73.62,0.31,-0.13,-0.31,0.08,-0.07,0.08,-139.12,51.00,236.62,-0.19,-0.31,-0.06,5,2
1772052274.752794,951846,-0.05,0.06,-0.04,-144.00,-77.75,73.75,-1.37,-0.69,0.50,0.07,-0.05,0.09,-139.12,51.00,236.62,0.06,0.13,0.25,6,2
1772052274.943369,952037,0.00,0.08,-0.08,-143.87,-77.69,73.69,0.25,0.00,0.44,0.08,-0.01,0.11,-139.12,50.94,236.69,-0.31,0.13,0.25,7,2
1772052275.134068,952228,-0.04,0.15,-0.06,-143.62,-77.69,73.56,-0.25,0.62,0.56,0.12,-0.12,0.07,-139.19,51.00,236.69,0.13,-0.37,0.44,8,2
1772052275.324851,952418,0.00,0.07,-0.10,-143.94,-77.62,73.62,-0.56,-0.06,-0.94,0.04,-0.05,0.07,-139.25,50.94,236.69,-0.62,0.25,-0.06,9,2
1772052275.515272,952609,-0.05,0.15,-0.02,-143.44,-77.75,73.69,-3.37,0.94,-0.69,0.07,-0.08,0.04,-139.19,51.06,236.62,0.81,0.75,-0.50,10,2
1772052275.705849,952800,-0.02,0.09,-0.11,-143.62,-77.69,73.62,-0.88,-0.31,0.06,0.05,-0.06,0.14,-139.19,51.06,236.62,0.25,0.50,0.25,11,1
1772052275.896987,952991,0.01,0.13,-0.05,-143.06,-77.69,73.44,-0.19,0.31,-0.06,0.03,-0.06,0.09,-139.19,51.13,236.50,0.88,-0.31,-0.81,11,1
1772052276.087976,953181,-0.04,0.06,-0.05,-143.62,-77.75,73.62,-0.19,-0.31,-0.88,0.05,-0.05,0.08,-139.19,51.19,236.44,-0.06,-0.13,-0.31,11,1
1772052276.277860,953372,0.02,0.09,-0.11,-143.75,-77.75,73.62,-1.00,0.00,0.13,0.07,-0.05,0.03,-139.12,51.19,236.44,0.00,0.13,-0.69,10,1
1772052276.468541,953562,0.00,0.06,-0.02,-143.69,-77.75,73.62,0.06,-0.50,0.25,0.01,-0.02,0.11,-139.12,51.19,236.44,0.19,0.13,0.00,9,1
1772052276.659219,953753,0.00,0.17,-0.06,-143.62,-77.75,73.50,0.37,0.75,-0.94,0.06,-0.03,0.12,-139.12,51.19,236.44,-0.13,-0.56,-0.06,7,2
1772052276.850263,953944,0.07,0.09,-0.07,-144.50,-77.81,73.69,1.75,-1.06,-1.00,0.07,-0.03,0.10,-139.19,51.13,236.50,-0.06,0.56,-0.25,7,2
1772052277.040747,954134,0.00,0.12,-0.05,-144.12,-77.87,73.69,-0.56,0.37,0.69,0.06,-0.04,0.11,-139.19,51.13,236.44,-0.69,-0.19,-0.50,6,4
1772052277.231130,954325,0.04,0.12,-0.09,-144.00,-77.81,73.62,-0.62,-0.44,0.62,0.04,-0.03,0.07,-139.19,51.13,236.44,0.06,0.00,-0.06,6,4
1772052277.421904,954515,0.01,0.12,-0.10,-143.87,-77.75,73.56,1.37,1.06,-1.25,0.02,-0.04,0.09,-139.19,51.06,236.50,-0.13,-0.75,0.56,5,4
1772052277.612630,954706,-0.05,0.03,-0.05,-144.37,-77.81,73.81,1.00,-0.94,-0.13,0.07,-0.07,0.10,-139.25,51.06,236.50,-0.56,-0.37,0.31,6,4
1772052277.803593,954897,0.01,0.11,-0.05,-144.37,-77.75,73.75,0.06,-0.13,0.19,0.07,-0.06,0.12,-139.25,51.06,236.50,-0.25,-0.19,-0.37,5,5
1772052277.994240,955088,0.01,0.06,-0.02,-144.00,-77.75,73.69,-0.81,-0.75,-0.25,0.07,-0.06,0.08,-139.19,51.06,236.62,-0.31,-0.25,0.13,6,5
1772052278.184470,955278,0.10,0.09,-0.10,-144.37,-77.69,73.62,0.13,1.56,-1.75,0.07,-0.08,0.10,-139.25,51.00,236.69,-0.25,0.25,0.37,7,5
1772052278.375230,955469,-0.05,0.04,-0.02,-144.12,-77.75,73.75,-0.50,0.56,0.37,0.06,-0.07,0.10,-139.19,51.00,236.69,-0.56,-0.06,-0.69,8,4
1772052278.566191,955659,-0.04,0.10,-0.04,-143.87,-77.69,73.56,-0.44,-0.25,0.19,0.09,-0.05,0.12,-139.06,51.00,236.69,-0.69,-0.44,-0.56,9,5
1772052278.756753,955851,0.00,0.12,-0.03,-143.75,-77.62,73.50,0.13,0.69,0.06,0.07,-0.08,0.07,-139.00,51.00,236.69,0.37,-0.06,0.31,9,5
1772052278.947454,956041,0.00,0.02,-0.06,-144.19,-77.62,73.62,0.75,-0.37,0.19,0.09,-0.09,0.04,-139.00,51.00,236.69,-0.13,-0.31,-0.06,10,3
1772052279.137888,956232,0.00,0.07,-0.05,-144.06,-77.62,73.56,-1.00,-0.25,0.31,0.06,-0.04,0.05,-139.00,51.00,236.69,0.13,0.31,-0.31,10,3
1772052279.328590,956422,0.03,0.16,-0.03,-143.87,-77.62,73.50,0.13,-0.06,-0.19,0.08,-0.03,0.10,-139.00,50.94,236.75,0.13,-0.06,0.13,10,2
1772052279.519216,956613,0.03,0.18,-0.05,-144.12,-77.56,73.37,-0.50,0.81,-1.25,0.10,-0.06,0.10,-139.12,50.94,236.69,-0.37,0.56,0.25,9,2
1772052279.710579,956804,-0.03,0.14,-0.01,-144.37,-77.62,73.62,-2.31,0.25,-0.75,0.07,-0.07,0.06,-139.12,51.00,236.62,-0.31,-0.13,-0.31,9,2
1772052279.900583,956994,0.03,0.11,-0.06,-144.12,-77.56,73.50,-2.06,-0.19,0.81,0.07,-0.06,0.07,-139.06,51.06,236.62,0.06,0.25,0.06,8,2
1772052280.091281,957185,0.06,0.14,-0.09,-143.50,-77.50,73.25,0.37,0.25,-0.13,0.05,-0.02,0.09,-139.06,51.06,236.62,-0.13,-0.19,0.50,7,2
1772052280.281952,957376,0.00,0.10,-0.03,-143.37,-77.56,73.31,0.50,0.06,0.00,0.07,-0.10,0.07,-139.12,51.13,236.50,0.06,-0.44,-0.13,6,2
1772052280.472690,957566,0.01,0.02,-0.06,-143.75,-77.50,73.44,0.31,-0.75,-0.50,0.08,-0.06,0.09,-139.12,51.13,236.56,-0.06,0.19,-0.13,6,2
1772052280.663558,957757,-0.01,0.12,-0.05,-143.25,-77.56,73.25,-1.00,0.06,0.75,0.07,-0.06,0.08,-139.12,51.13,236.56,0.19,0.19,-0.06,5,1
1772052280.854044,957948,-0.01,0.09,-0.08,-143.31,-77.56,73.31,0.37,-0.56,-0.62,0.04,-0.10,0.10,-139.19,51.13,236.56,0.25,0.19,0.44,6,4
1772052281.044763,958138,-0.07,0.08,-0.07,-143.25,-77.56,73.31,0.62,0.56,-0.13,0.03,-0.08,0.05,-139.19,51.13,236.56,0.69,0.13,-1.00,6,4
1772052281.235403,958329,-0.06,0.04,-0.04,-143.62,-77.56,73.37,-0.75,0.06,-0.56,0.06,-0.06,0.08,-139.19,51.06,236.56,0.31,0.44,-0.69,6,4
1772052281.425765,958520,0.00,0.11,0.00,-143.44,-77.56,73.94,-0.75,0.00,0.31,0.08,-0.08,0.05,-139.12,51.06,236.62,0.31,0.25,-0.75,7,4
1772052281.616883,958711,-0.01,0.05,-0.02,-143.44,-77.56,74.25,0.06,-0.44,-0.25,0.04,-0.06,0.11,-139.06,51.00,236.69,0.25,-0.31,0.06,8,4
1772052281.807541,958901,0.00,0.09,-0.05,-143.44,-77.56,74.62,0.13,0.44,-0.31,0.05,-0.05,0.10,-139.06,51.00,236.69,-0.19,-0.50,-0.19,9,4
1772052281.998287,959092,-0.02,0.03,-0.04,-143.81,-77.56,75.37,0.50,-0.37,-0.25,0.07,-0.06,0.09,-139.06,51.00,236.69,0.00,0.25,-0.50,10,4
1772052282.188839,959283,0.00,0.10,-0.03,-143.69,-77.56,75.44,-0.13,-0.06,0.37,0.09,-0.03,0.12,-139.06,51.00,236.69,0.44,0.00,-0.31,10,4
1772052282.379221,959473,0.04,0.09,-0.04,-143.94,-77.56,75.81,1.56,-1.44,-1.62,0.06,-0.06,0.15,-139.12,51.00,236.75,0.06,0.37,0.06,10,4
1772052282.570482,959664,-0.01,0.16,-0.02,-143.56,-77.62,75.75,0.31,0.75,0.19,0.06,-0.05,0.09,-139.12,51.00,236.75,-0.69,-0.19,-0.13,9,5
1772052282.760794,959855,-0.01,0.11,-0.06,-143.75,-77.56,75.94,0.31,-0.25,0.06,0.08,-0.05,0.13,-139.12,51.00,236.75,-0.06,0.25,0.06,8,2
1772052282.951464,960045,-0.01,0.16,-0.02,-143.44,-77.56,75.94,0.13,0.31,0.13,0.05,-0.07,0.08,-139.12,51.00,236.75,-0.25,-0.13,0.19,7,2
1772052283.141979,960236,0.02,0.12,-0.10,-143.50,-77.50,76.25,0.06,-0.06,0.06,0.04,-0.06,0.13,-139.06,51.00,236.81,0.00,0.37,0.56,6,2
1772052283.333036,960427,-0.01,0.11,0.00,-143.25,-77.56,76.25,0.56,-0.44,0.31,0.06,-0.10,0.08,-139.12,51.06,236.69,-0.06,-0.31,-0.25,6,3
1772052283.523839,960618,0.00,0.07,-0.04,-143.50,-77.50,76.19,-0.25,-0.19,-0.50,0.06,-0.08,0.08,-139.12,51.19,236.56,-0.25,-0.19,-0.06,5,3
1772052283.714194,960808,-0.02,0.11,-0.06,-143.44,-77.56,76.19,-0.94,0.19,0.56,0.04,-0.09,0.07,-139.12,51.25,236.50,0.62,-0.62,-0.44,5,3
1772052283.904717,960999,-0.02,-0.01,-0.05,-143.69,-77.62,76.37,2.69,-2.25,1.00,0.06,-0.08,0.06,-139.12,51.25,236.44,0.19,0.00,0.19,5,4
1772052284.095384,961189,0.01,0.06,-0.05,-143.37,-77.56,76.12,1.25,1.06,1.31,0.04,-0.03,0.05,-139.12,51.25,236.31,0.13,-0.06,-0.75,6,5
1772052284.286317,961380,-0.05,0.11,-0.05,-143.62,-77.50,76.12,-0.44,-0.75,0.19,0.08,-0.03,0.08,-139.12,51.25,236.37,0.13,0.00,-0.31,6,5
1772052284.477409,961571,-0.02,0.09,-0.06,-143.56,-77.50,76.19,-0.37,-0.50,-0.06,0.03,-0.02,0.09,-139.12,51.25,236.37,0.25,-0.13,-0.25,8,4
1772052284.667395,961761,0.02,0.17,-0.06,-143.50,-77.50,76.12,0.00,0.44,0.44,0.02,-0.01,0.09,-139.12,51.19,236.37,-0.06,0.13,-0.06,9,4
1772052284.858312,961952,-0.03,0.11,-0.03,-143.56,-77.56,76.19,-0.31,0.06,0.44,0.03,-0.08,0.05,-139.12,51.19,236.37,0.25,-0.31,-0.13,10,5
1772052285.048985,962143,0.00,0.08,-0.09,-143.75,-77.56,76.19,-0.50,0.13,-0.19,0.04,-0.02,0.06,-139.12,51.19,236.44,0.56,-0.19,-0.37,10,5
1772052285.239437,962333,-0.11,-0.05,0.01,-143.50,-77.75,76.37,-0.50,-0.75,0.94,0.03,-0.01,0.04,-139.12,51.19,236.44,0.06,0.06,0.00,10,4
1772052285.430174,962524,-0.01,0.04,-0.08,-143.50,-77.69,76.31,0.94,1.25,0.44,0.09,0.00,0.09,-139.06,51.13,236.50,0.06,0.56,-0.06,9,4
1772052285.620823,962715,0.00,0.17,-0.05,-143.19,-77.69,76.19,-0.69,-0.19,0.56,0.04,-0.05,0.04,-139.06,51.19,236.50,-0.13,-0.25,0.19,8,4
1772052285.811507,962905,0.03,0.06,-0.11,-143.69,-77.69,76.37,1.06,-0.37,-0.69,0.07,-0.05,0.04,-139.06,51.13,236.56,-0.31,-0.31,0.31,8,3
1772052286.002237,963096,0.00,0.11,-0.04,-143.81,-77.75,76.50,-0.75,0.37,0.44,0.04,-0.05,0.05,-139.06,51.13,236.56,-0.06,-0.25,-0.06,7,2
1772052286.192849,963287,0.01,0.04,-0.05,-143.81,-77.75,76.44,0.44,0.06,-0.19,0.08,-0.02,0.11,-139.06,51.13,236.62,-0.69,-0.44,0.00,7,2
1772052286.383776,963478,-0.01,0.13,-0.03,-143.50,-77.75,76.37,-0.50,0.31,0.37,0.04,-0.10,0.05,-139.12,51.13,236.62,1.00,-0.25,0.06,6,2
1772052286.574489,963668,-0.05,-0.02,-0.05,-144.06,-77.81,76.69,1.25,-1.19,0.94,0.09,-0.09,0.02,-139.12,51.13,236.50,0.69,-0.13,-0.19,7,2
1772052286.764675,963859,0.02,0.06,-0.10,-144.25,-77.75,76.62,0.37,1.00,0.88,0.08,-0.03,0.06,-139.19,51.13,236.44,0.62,0.62,-0.25,7,2
1772052286.955443,964049,0.00,0.09,-0.03,-144.00,-77.69,76.37,0.31,-0.31,0.44,0.09,-0.01,0.14,-139.19,51.13,236.37,0.25,0.00,-0.37,8,2
1772052287.146067,964240,0.00,0.15,-0.02,-143.81,-77.75,76.37,-0.19,-0.50,0.00,0.04,-0.03,0.08,-139.19,51.13,236.31,0.62,0.00,-0.19,9,2
1772052287.336811,964431,0.02,0.07,-0.10,-144.12,-77.75,76.44,0.13,0.06,0.00,0.05,-0.01,0.09,-139.19,51.13,236.31,0.19,0.06,0.00,10,2
1772052287.527766,964622,-0.01,0.10,-0.04,-144.06,-77.75,76.44,-1.31,-0.31,0.56,0.05,-0.04,0.08,-139.19,51.13,236.31,0.37,0.25,-0.19,11,3
1772052287.718084,964812,0.01,0.17,-0.11,-143.87,-77.75,76.31,-0.44,0.94,-1.75,0.04,0.00,0.06,-139.31,51.13,236.25,-0.69,0.37,0.50,12,3
1772052287.907774,965002,-0.04,0.20,0.00,-143.56,-77.81,76.37,-3.50,1.44,-0.44,0.08,-0.06,0.04,-139.31,51.13,236.19,1.06,0.19,0.00,12,2
1772052288.099507,965193,0.02,0.04,-0.08,-143.87,-77.62,76.37,-0.37,-0.50,0.00,0.08,-0.07,0.10,-139.37,51.13,236.12,-0.13,-0.13,0.13,11,3
1772052288.290426,965384,0.01,0.11,-0.04,-143.50,-77.56,76.25,-1.12,-0.37,0.44,0.07,-0.02,0.08,-139.37,51.13,236.12,0.19,-0.13,0.31,11,3
1772052288.481072,965575,-0.01,0.07,-0.08,-143.44,-77.56,76.19,0.75,0.25,-0.56,0.06,-0.03,0.08,-139.37,51.13,236.12,-0.75,-0.88,0.13,10,3
1772052288.671586,965765,0.00,0.11,-0.01,-143.19,-77.56,76.19,-0.75,-0.31,0.00,0.09,-0.01,0.09,-139.37,51.13,236.12,-0.19,-0.25,0.50,9,3
1772052288.861975,965956,0.04,0.05,-0.06,-143.31,-77.50,76.19,0.37,0.19,0.25,0.07,-0.07,0.09,-139.37,51.13,236.12,0.44,0.06,0.13,8,3
1772052289.053074,966147,-0.05,0.03,-0.02,-143.25,-77.50,76.19,-0.13,-0.44,0.75,0.05,-0.06,0.05,-139.44,51.13,236.06,0.69,-0.50,-0.44,8,2
1772052289.243775,966338,-0.06,-0.08,-0.02,-143.19,-77.56,76.25,0.50,-0.81,0.50,0.10,0.00,0.05,-139.31,51.19,236.00,0.56,0.25,-0.06,7,2
1772052289.434010,966528,0.02,0.06,-0.06,-143.25,-77.50,76.06,0.19,1.37,0.00,0.07,-0.02,0.10,-139.37,51.25,235.81,1.25,0.56,0.00,7,2
1772052289.624951,966719,0.00,0.05,-0.06,-143.31,-77.50,76.06,0.62,-0.37,0.44,0.07,-0.02,0.05,-139.37,51.31,235.69,0.31,-0.37,-0.13,7,2
1772052289.815573,966910,-0.02,0.06,-0.02,-143.37,-77.56,76.12,-0.25,-0.81,0.19,0.06,0.00,0.13,-139.31,51.31,235.69,0.56,0.25,-0.13,8,2
1772052290.005909,967100,0.05,0.17,-0.07,-143.44,-77.50,76.06,0.06,0.69,0.62,0.00,0.03,0.13,-139.31,51.38,235.69,0.31,0.19,0.06,8,1
1772052290.197290,967291,-0.05,0.14,-0.04,-143.31,-77.56,76.06,-0.37,-0.19,0.44,0.05,-0.03,0.04,-139.31,51.38,235.69,0.31,-0.50,0.00,9,1
1772052290.387607,967482,0.01,0.08,-0.06,-143.44,-77.56,76.06,-0.13,0.00,-0.50,0.03,-0.01,0.08,-139.31,51.38,235.69,0.69,0.25,-0.19,10,1
1772052290.578304,967672,0.09,0.17,-0.09,-143.37,-77.62,76.00,-0.62,-1.00,-0.44,0.06,0.01,0.11,-139.37,51.38,235.56,0.37,1.19,-0.13,9,1
1772052290.769191,967863,-0.03,0.23,0.02,-142.69,-77.75,76.00,0.19,-0.62,-0.13,0.03,-0.01,0.11,-139.37,51.38,235.56,-0.56,-0.37,0.25,9,4
1772052290.959806,968054,-0.03,0.15,-0.04,-142.81,-77.62,75.94,-0.62,0.25,0.69,0.06,-0.02,0.08,-139.37,51.44,235.50,0.19,-0.06,0.25,8,5
1772052291.150523,968245,0.03,0.09,-0.07,-143.00,-77.50,75.94,0.50,0.37,-0.75,0.02,-0.03,0.11,-139.44,51.44,235.50,0.25,-0.06,0.44,8,5
1772052291.341043,968435,-0.01,0.10,-0.03,-143.06,-77.50,76.00,-0.50,0.25,0.31,0.05,-0.06,0.04,-139.44,51.44,235.50,0.25,0.31,0.31,7,5
1772052291.531791,968626,0.00,0.01,-0.10,-143.12,-77.50,76.00,0.44,-0.81,-0.50,0.01,-0.06,0.11,-139.44,51.44,235.50,0.75,0.06,0.19,7,6
1772052291.722524,968816,-0.02,0.10,0.00,-142.94,-77.50,75.94,0.13,1.25,-0.44,0.04,-0.01,0.08,-139.50,51.44,235.44,-0.25,-0.56,-0.06,6,6
1772052291.913048,969007,0.00,0.02,-0.06,-143.37,-77.44,76.06,-0.50,0.19,-0.19,0.01,-0.02,0.05,-139.62,51.44,235.31,1.19,0.44,-0.44,6,6
1772052292.103693,969198,-0.05,0.00,0.00,-143.19,-77.50,76.06,-1.31,0.19,0.75,0.01,0.00,0.04,-139.56,51.44,235.19,0.37,0.13,-0.50,6,6
1772052292.294433,969389,0.00,0.03,-0.02,-143.06,-77.50,75.94,-1.25,0.37,-0.13,0.04,0.04,0.08,-139.56,51.44,235.19,0.25,0.00,-0.13,6,6
1772052292.485029,969579,0.03,0.09,-0.06,-142.94,-77.50,75.81,0.75,0.13,-0.13,0.01,0.00,0.07,-139.56,51.44,235.19,0.31,-0.19,-0.06,7,6
1772052292.675715,969770,-0.04,0.00,-0.02,-143.12,-77.56,76.00,0.50,-0.50,0.13,0.02,0.02,0.08,-139.56,51.44,235.19,0.31,-0.06,-0.06,8,4
1772052292.866344,969960,-0.01,0.06,-0.04,-143.06,-77.56,75.94,0.06,0.62,-0.19,0.07,0.04,0.08,-139.56,51.44,235.19,0.00,-0.13,-0.25,8,2
1772052293.056754,970151,0.00,0.15,0.00,-143.06,-77.56,75.87,-1.06,0.37,0.25,0.02,0.00,0.08,-139.56,51.44,235.19,0.19,0.00,0.06,8,3
1772052293.247610,970342,0.04,0.06,-0.08,-143.37,-77.50,75.94,0.50,-0.19,0.19,0.02,0.00,0.08,-139.69,51.38,235.25,0.19,-0.94,-0.13,8,3
1772052293.438331,970532,-0.08,-0.06,-0.03,-143.31,-77.75,76.25,-0.13,-1.06,1.12,0.04,0.02,0.04,-139.62,51.38,235.25,0.19,-0.25,0.37,8,3
1772052293.628983,970723,-0.01,0.04,-0.08,-143.12,-77.69,76.06,1.00,0.69,-0.13,0.06,0.03,0.11,-139.62,51.38,235.31,-0.69,-0.44,0.50,7,3
1772052293.819548,970914,0.00,0.16,-0.04,-142.87,-77.69,75.94,-0.88,0.50,0.31,0.07,-0.02,0.16,-139.69,51.38,235.31,0.31,-0.19,0.75,7,3
1772052294.010596,971105,0.04,0.04,-0.11,-143.19,-77.62,76.06,1.19,-0.25,-0.37,0.05,0.00,0.06,-139.75,51.38,235.31,-0.06,-0.31,0.44,7,3
1772052294.200830,971295,-0.03,0.06,-0.07,-143.19,-77.69,76.12,-0.88,0.25,0.56,0.04,0.00,0.10,-139.75,51.38,235.31,0.06,0.13,0.25,7,4
1772052294.391651,971486,0.01,0.08,-0.10,-143.00,-77.62,76.00,-0.06,0.56,0.56,0.03,0.04,0.09,-139.75,51.31,235.37,-0.13,0.13,-0.37,7,4
1772052294.582447,971677,-0.04,0.11,-0.04,-142.62,-77.62,75.87,0.25,-0.75,0.37,0.09,-0.03,0.13,-139.81,51.31,235.31,1.06,-0.44,-0.25,8,4
1772052294.776960,971867,0.01,-0.03,-0.07,-143.25,-77.56,76.00,2.00,-0.81,-0.31,0.06,0.04,0.12,-139.87,51.31,235.31,0.19,-0.19,-0.50,9,4
1772052294.963873,972058,-0.02,0.07,-0.01,-142.81,-77.56,75.81,-0.94,0.75,1.06,0.00,0.07,0.15,-139.87,51.31,235.31,-0.19,0.19,-0.19,9,4
1772052295.154353,972249,0.00,0.15,-0.07,-142.69,-77.50,75.75,-0.25,-0.19,0.88,0.06,0.06,0.14,-139.87,51.31,235.31,0.13,0.13,-0.06,10,4
1772052295.345001,972439,-0.01,0.11,-0.06,-142.69,-77.50,75.69,-0.19,0.25,0.13,0.07,0.01,0.07,-139.87,51.31,235.31,0.31,-0.06,0.44,10,3
1772052295.535728,972630,0.01,0.00,-0.09,-142.94,-77.50,75.81,-0.31,0.25,0.00,0.03,0.03,0.10,-139.87,51.31,235.31,0.06,0.06,-0.19,11,3
1772052295.726606,972821,0.00,0.09,-0.02,-142.62,-77.50,75.69,-1.62,-0.06,0.37,0.05,0.03,0.12,-139.87,51.31,235.31,-0.06,0.13,-0.19,12,3
1772052295.917338,973011,-0.03,0.03,-0.06,-142.56,-77.50,75.62,0.62,0.13,-0.44,0.03,0.03,0.14,-139.87,51.25,235.44,-0.13,-0.56,0.13,11,3
1772052296.107825,973202,0.00,0.13,-0.05,-142.56,-77.50,75.62,-1.94,0.81,0.13,0.04,0.00,0.10,-140.00,51.25,235.37,-0.06,-0.19,0.88,10,3
1772052296.298344,973393,0.03,0.06,-0.10,-143.06,-77.50,75.81,-1.00,0.31,0.37,0.06,-0.02,0.12,-140.06,51.25,235.44,0.06,0.00,0.13,9,3
1772052296.489032,973583,-0.01,0.06,-0.04,-143.00,-77.50,75.81,-0.69,-0.13,0.50,0.06,0.03,0.16,-140.06,51.25,235.44,0.00,0.06,0.00,9,4
1772052296.679675,973774,-0.01,0.10,-0.05,-142.94,-77.50,75.81,0.62,0.13,-0.62,0.12,0.04,0.12,-140.06,51.25,235.44,-0.69,-1.00,0.13,8,4
1772052296.870618,973965,0.00,0.11,-0.02,-142.94,-77.56,75.87,-0.31,0.37,-0.25,0.07,-0.01,0.16,-140.06,51.19,235.50,0.81,0.13,0.13,8,4
1772052297.061088,974155,0.00,0.06,-0.07,-143.19,-77.62,75.94,0.88,-0.25,0.25,0.07,0.01,0.13,-140.12,51.19,235.37,0.25,-0.13,-0.37,7,4
1772052297.251442,974346,-0.04,0.02,-0.06,-143.12,-77.62,75.94,-0.75,0.06,0.81,0.09,0.06,0.16,-140.12,51.19,235.37,0.25,0.25,-0.25,7,4
1772052297.441278,974536,0.02,0.07,-0.06,-142.94,-77.56,75.75,0.19,0.13,0.00,0.06,0.06,0.16,-140.06,51.19,235.44,0.25,-1.12,-0.19,7,4
1772052297.632716,974727,-0.06,-0.01,-0.01,-143.06,-77.75,76.00,1.12,-1.00,0.06,0.05,0.03,0.11,-139.94,51.25,235.50,0.37,-0.50,0.31,7,4
1772052297.823684,974918,0.02,0.04,-0.13,-143.31,-77.69,76.00,1.44,0.62,0.25,0.04,0.04,0.12,-139.87,51.31,235.44,0.13,0.19,0.00,8,4
1772052298.014375,975109,-0.01,0.13,-0.07,-142.94,-77.69,75.87,-1.12,0.06,0.81,0.05,0.03,0.13,-139.75,51.38,235.44,0.31,0.25,-0.31,9,4
1772052298.205123,975299,0.06,0.10,-0.06,-142.75,-77.62,75.81,0.81,-0.19,-0.62,0.06,0.04,0.04,-139.69,51.38,235.50,-0.81,-1.06,0.13,9,4
1772052298.395869,975490,-0.01,0.11,-0.05,-142.69,-77.75,75.81,-1.12,-0.06,-0.06,0.05,0.02,0.07,-139.62,51.38,235.56,-0.13,-0.44,0.50,9,2
1772052298.586354,975681,0.00,0.05,-0.10,-142.87,-77.75,75.94,0.37,-0.19,0.50,0.05,-0.02,0.07,-139.62,51.44,235.50,-0.13,-0.31,0.37,9,2
1772052298.777369,975872,0.00,0.08,-0.09,-142.87,-77.75,75.94,-0.06,0.06,0.31,0.04,0.00,0.12,-139.62,51.44,235.50,-0.19,-0.19,0.06,8,2
1772052298.967980,976062,0.01,0.19,-0.12,-142.81,-77.75,75.87,-0.62,0.31,-0.50,0.04,-0.03,0.12,-139.69,51.38,235.56,-0.44,0.19,0.00,8,2
1772052299.158286,976253,0.00,0.12,-0.04,-142.56,-77.94,76.06,-2.19,-1.06,0.19,0.06,0.00,0.07,-139.69,51.38,235.56,0.13,0.00,0.25,7,2
1772052299.348886,976443,0.03,0.06,-0.12,-142.69,-77.81,75.94,0.00,1.19,-0.62,0.02,0.00,0.12,-139.69,51.38,235.56,0.19,-0.19,0.44,6,2
1772052299.539647,976634,0.04,0.03,-0.06,-142.69,-77.69,75.81,0.62,-0.06,0.37,0.04,0.02,0.13,-139.69,51.38,235.56,0.56,0.13,-0.37,6,2
1772052299.730753,976825,0.00,0.12,-0.04,-142.44,-77.62,75.75,0.50,0.00,-0.13,0.02,0.02,0.09,-139.62,51.38,235.62,0.06,-0.13,-0.62,7,2
1772052299.921373,977016,0.00,0.07,-0.03,-142.44,-77.56,75.69,-0.56,-0.37,-0.19,0.06,0.02,0.12,-139.62,51.31,235.62,0.19,-0.37,-0.13,7,2
1772052300.111717,977206,0.01,0.04,-0.08,-142.44,-77.50,75.62,0.44,0.56,-0.50,0.04,0.02,0.10,-139.62,51.31,235.62,0.13,-0.31,-0.06,7,2
1772052300.302543,977397,-0.04,0.03,-0.03,-142.50,-77.50,75.62,0.88,-0.69,0.25,0.06,0.03,0.14,-139.62,51.31,235.62,0.44,-0.81,-0.31,8,2
1772052300.493169,977587,-0.03,0.00,-0.05,-142.44,-77.56,75.69,2.00,-1.00,-0.06,0.07,0.03,0.09,-139.69,51.31,235.69,-0.06,0.00,-0.37,9,1
1772052300.684205,977778,-0.07,0.04,-0.04,-142.37,-77.56,75.62,-0.06,-0.06,0.37,0.02,0.05,0.13,-139.69,51.31,235.69,0.13,-0.13,0.13,9,1
1772052300.874386,977969,0.00,0.09,-0.09,-142.44,-77.56,75.56,0.69,0.19,-0.19,0.04,0.02,0.09,-139.69,51.31,235.69,0.44,-0.19,0.19,10,1
1772052301.065397,978159,-0.01,0.03,-0.10,-142.56,-77.56,75.69,0.62,-0.62,-0.06,0.05,0.03,0.12,-139.69,51.31,235.69,0.06,-0.31,-0.19,11,1
1772052301.255723,978350,0.00,0.10,-0.06,-142.50,-77.62,75.62,0.06,-0.19,0.00,0.07,0.01,0.11,-139.69,51.31,235.69,0.13,-0.19,0.13,11,2
1772052301.446484,978541,0.00,0.05,-0.06,-142.31,-77.62,75.62,0.31,-1.12,0.19,0.05,0.01,0.13,-139.69,51.31,235.75,0.25,-0.06,0.62,11,2
1772052301.637434,978732,0.00,0.07,-0.08,-142.25,-77.69,75.62,0.81,1.00,-0.81,0.06,0.00,0.15,-139.69,51.31,235.69,-0.19,-0.56,0.50,9,2
1772052301.828176,978922,0.05,0.08,-0.10,-142.75,-77.69,75.75,1.81,-1.12,-0.56,0.06,0.01,0.16,-139.69,51.31,235.75,-0.06,0.69,-0.06,8,2
1772052302.018304,979113,0.00,0.17,-0.02,-142.19,-77.75,75.69,-0.13,0.19,0.75,0.05,0.01,0.13,-139.69,51.31,235.69,-0.19,0.19,0.00,7,2
1772052302.209311,979303,0.00,0.11,-0.13,-142.12,-77.69,75.62,-0.75,-0.81,-0.19,0.04,-0.04,0.18,-139.69,51.31,235.75,0.69,0.25,0.25,6,2
1772052302.399751,979494,0.00,0.12,-0.09,-142.00,-77.75,75.69,1.00,0.94,-0.44,0.02,0.04,0.14,-139.69,51.31,235.75,0.19,-0.44,-0.37,6,2
1772052302.590954,979685,-0.03,0.10,-0.09,-142.56,-77.87,75.94,-0.13,0.13,-0.62,0.03,0.02,0.12,-139.75,51.31,235.69,0.19,0.25,-0.31,6,2
1772052302.781098,979876,0.03,0.14,-0.07,-142.44,-77.81,75.81,-0.62,0.00,0.50,0.06,0.01,0.14,-139.75,51.31,235.69,0.31,0.25,-0.25,6,2
1772052302.971753,980066,0.00,0.09,-0.10,-142.31,-77.81,75.75,-0.13,0.00,-0.19,0.05,0.01,0.16,-139.75,51.31,235.69,0.31,0.13,0.06,7,2
1772052303.162818,980257,-0.01,0.21,-0.08,-142.31,-77.81,75.75,-0.25,1.12,-0.94,0.04,0.05,0.14,-139.81,51.25,235.69,-0.25,-0.25,0.19,7,2
1772052303.353367,980447,-0.02,0.10,-0.05,-142.62,-77.87,75.94,-1.56,-0.25,-0.50,0.06,0.00,0.14,-139.81,51.25,235.69,0.06,0.25,-0.06,8,2
1772052303.544168,980638,-0.01,0.13,-0.09,-142.25,-77.75,75.69,-1.00,0.13,0.88,0.02,0.06,0.14,-139.75,51.25,235.69,-0.13,0.00,-0.06,9,5
1772052303.734377,980829,0.03,0.17,-0.12,-141.87,-77.62,75.50,-0.19,0.62,0.37,0.03,0.07,0.17,-139.75,51.25,235.75,0.00,0.06,0.62,10,5
1772052303.925172,981019,-0.03,0.12,-0.07,-141.81,-77.62,75.50,0.00,-0.19,-0.06,0.08,0.00,0.05,-139.75,51.25,235.75,0.13,-0.25,0.19,10,5
1772052304.116009,981210,0.00,0.03,-0.08,-142.12,-77.56,75.50,-0.31,0.13,-0.13,0.05,0.05,0.13,-139.75,51.25,235.75,0.06,0.19,-0.19,10,5
1772052304.306449,981401,0.01,0.12,-0.05,-141.75,-77.50,75.31,-1.19,-0.06,0.62,0.05,0.03,0.14,-139.75,51.25,235.75,-0.06,0.25,0.25,11,5
1772052304.497636,981592,-0.05,0.05,-0.06,-141.81,-77.50,75.37,0.81,-0.25,-0.37,0.05,0.03,0.10,-139.75,51.25,235.75,-0.75,-1.56,0.19,10,5
1772052304.687906,981782,0.00,-0.02,-0.03,-142.06,-77.62,75.56,1.56,-0.75,-0.81,0.04,0.00,0.11,-139.69,51.31,235.75,-0.37,-0.50,0.13,9,5
1772052304.878291,981973,0.00,0.06,-0.12,-142.12,-77.50,75.44,0.75,0.56,0.62,0.03,0.01,0.08,-139.69,51.38,235.75,-0.25,0.00,-0.25,8,5
1772052305.069106,982163,-0.01,0.07,-0.08,-141.81,-77.50,75.37,-0.37,-0.25,0.81,0.02,0.02,0.13,-139.56,51.44,235.75,0.06,0.31,-0.19,7,5
1772052305.259840,982354,0.01,0.10,-0.05,-141.75,-77.50,75.37,0.88,-0.25,-0.75,0.07,-0.01,0.16,-139.50,51.44,235.75,0.13,-0.13,-0.06,6,4
1772052305.450571,982545,0.01,0.03,-0.03,-142.00,-77.50,75.50,-0.62,-0.37,0.13,0.00,0.01,0.07,-139.50,51.44,235.75,0.37,0.13,-0.56,7,1
1772052305.641027,982735,0.02,0.06,-0.08,-142.00,-77.50,75.44,0.25,1.19,-0.81,0.01,0.03,0.05,-139.44,51.44,235.69,0.25,0.13,-0.13,7,1
1772052305.831481,982926,0.00,0.03,-0.09,-142.12,-77.50,75.44,0.69,-0.44,0.25,0.02,0.00,0.09,-139.44,51.44,235.69,0.00,0.06,-0.44,7,2
1772052306.022328,983117,0.04,0.17,-0.10,-142.06,-77.50,75.37,-0.62,0.44,-0.56,0.05,0.03,0.12,-139.44,51.44,235.69,-0.56,0.44,-0.13,7,3
1772052306.213058,983307,0.00,0.12,-0.02,-142.00,-77.69,75.56,-1.81,-0.75,-0.31,0.02,0.01,0.10,-139.44,51.50,235.62,0.44,0.31,-0.25,8,3
1772052306.404000,983498,0.03,0.04,-0.11,-142.06,-77.56,75.44,-0.06,0.75,-0.81,0.01,0.02,0.15,-139.44,51.50,235.62,0.06,-0.25,0.00,8,3
1772052306.594103,983689,0.00,0.02,-0.07,-142.19,-77.56,75.44,0.75,-0.44,0.19,0.03,0.01,0.08,-139.44,51.50,235.62,0.00,0.13,-0.31,10,3
1772052306.784868,983879,-0.01,0.10,-0.11,-142.12,-77.56,75.44,0.19,-0.19,0.00,0.02,0.03,0.07,-139.44,51.50,235.62,0.00,0.00,-0.37,10,5
1772052306.975407,984070,0.00,0.04,-0.07,-142.12,-77.56,75.44,0.19,-1.12,0.13,0.00,0.03,0.10,-139.44,51.44,235.69,0.06,-0.06,0.56,11,5
1772052307.166394,984261,0.00,0.09,-0.06,-141.94,-77.62,75.44,0.62,0.75,-0.25,0.04,0.04,0.10,-139.44,51.44,235.69,-0.50,-0.19,0.19,11,5
1772052307.357387,984452,-0.04,0.10,-0.12,-142.12,-77.62,75.50,0.06,-0.19,-0.25,-0.04,0.00,0.01,-139.50,51.44,235.69,-0.06,0.00,0.00,10,5
1772052307.547654,984642,-0.04,0.02,-0.04,-141.75,-77.75,75.62,-1.56,-0.69,1.19,0.04,-0.01,0.03,-139.44,51.50,235.69,0.31,0.19,0.00,9,4
1772052307.738260,984833,0.00,0.02,-0.17,-141.81,-77.69,75.50,0.44,0.50,-0.37,0.03,-0.01,0.14,-139.37,51.50,235.75,0.88,0.81,0.37,8,3
1772052307.928951,985023,-0.05,0.15,-0.08,-141.44,-77.62,75.31,0.50,0.44,-0.06,0.02,0.00,0.11,-139.37,51.50,235.69,0.00,-0.13,-0.25,7,3
1772052308.119658,985214,0.02,0.03,-0.11,-142.06,-77.62,75.44,0.31,-0.81,-1.06,0.03,-0.01,0.09,-139.37,51.44,235.69,0.69,0.88,-0.56,7,2
1772052308.310483,985405,0.03,0.13,-0.10,-141.81,-77.75,75.44,-0.50,0.75,0.31,0.01,0.02,0.05,-139.31,51.50,235.69,0.50,0.37,-0.44,7,4
1772052308.500996,985595,-0.03,0.04,-0.09,-141.75,-77.69,75.37,-0.25,-0.13,-0.19,0.03,-0.01,0.12,-139.31,51.50,235.69,0.50,0.19,0.06,7,4
1772052308.691601,985786,0.00,0.12,-0.09,-141.75,-77.69,75.31,0.19,0.31,-0.06,0.03,0.00,0.05,-139.31,51.50,235.69,0.25,-0.81,-0.31,7,3
1772052308.882386,985976,-0.03,-0.03,-0.08,-142.25,-77.81,75.50,1.50,-1.69,-0.69,0.00,0.02,0.08,-139.31,51.44,235.69,-0.13,0.13,-0.13,7,3
1772052309.072757,986167,0.02,0.11,-0.10,-141.75,-77.81,75.37,0.13,1.06,0.81,0.03,0.02,0.12,-139.31,51.44,235.69,0.31,0.75,-0.19,8,4
1772052309.263755,986358,-0.03,0.12,-0.17,-141.81,-77.69,75.31,0.25,-0.75,-0.44,0.00,0.00,0.12,-139.25,51.44,235.69,0.25,0.37,0.19,8,4
1772052309.454588,986549,-0.03,0.15,-0.10,-141.75,-77.75,75.31,0.62,-0.25,-0.25,0.02,0.01,0.07,-139.25,51.44,235.69,0.06,-0.19,-0.13,9,7
1772052309.644814,986739,0.00,0.13,-0.11,-142.00,-77.75,75.44,-0.13,0.25,-0.69,0.03,0.01,0.06,-139.25,51.44,235.69,0.19,0.37,0.06,10,7
1772052309.835475,986930,0.00,0.14,-0.09,-142.06,-77.75,75.44,-0.44,-0.19,0.44,0.04,0.00,0.08,-139.25,51.44,235.69,0.00,0.19,0.19,11,7
1772052310.026114,987121,0.05,0.13,-0.13,-142.12,-77.75,75.50,0.31,0.62,0.25,0.03,0.02,0.12,-139.31,51.44,235.81,-0.13,-0.19,0.31,10,7
1772052310.217452,987312,0.00,0.18,-0.12,-141.87,-77.81,75.44,-0.13,0.06,-0.19,0.07,-0.04,0.08,-139.31,51.44,235.75,-0.13,0.37,-0.13,9,6
1772052310.408003,987502,0.01,0.10,-0.10,-141.94,-77.81,75.56,-0.56,0.50,-0.69,0.05,-0.03,0.09,-139.31,51.44,235.75,-0.25,-0.06,-0.19,9,6
1772052310.598342,987693,0.03,0.15,-0.15,-141.81,-77.81,75.50,-1.50,-0.06,0.69,0.03,-0.04,0.06,-139.31,51.44,235.75,0.13,0.25,-0.37,7,5
1772052310.788792,987883,0.02,0.16,-0.19,-141.50,-77.81,75.44,0.44,0.13,0.06,0.01,0.00,0.15,-139.25,51.38,235.81,0.56,0.50,-0.25,7,5
1772052310.979878,988074,-0.01,0.14,-0.10,-141.31,-77.94,75.50,0.25,0.25,0.19,0.04,-0.05,0.08,-139.31,51.38,235.69,0.37,-0.19,-0.31,6,5
1772052311.170441,988265,0.02,0.06,-0.17,-141.81,-77.81,75.50,-0.31,0.06,-0.13,0.06,0.00,0.12,-139.31,51.31,235.69,0.44,0.25,-0.56,6,4
1772052311.360959,988456,0.00,0.15,-0.14,-141.62,-77.75,75.31,-1.31,0.00,0.56,0.04,0.00,0.10,-139.19,51.25,235.81,0.31,0.00,-0.56,6,2
1772052311.551802,988646,-0.04,0.14,-0.11,-141.37,-77.62,75.12,0.69,-0.44,-0.56,0.05,0.00,0.09,-139.12,51.19,235.87,0.44,-0.44,-0.37,6,2
1772052311.742396,988837,-0.04,0.00,-0.06,-141.44,-77.62,75.19,0.62,-0.06,0.25,0.06,-0.04,0.10,-139.19,51.19,235.87,0.37,-0.25,-0.37,6,2
1772052311.932973,989027,0.05,0.05,-0.11,-141.81,-77.50,75.25,0.00,0.44,-0.69,0.06,-0.01,0.10,-139.12,51.19,235.94,0.31,0.69,-0.31,7,3
1772052312.124087,989218,-0.02,0.15,-0.07,-141.50,-77.44,75.00,-0.56,0.13,0.37,0.06,-0.03,0.13,-139.12,51.19,235.87,0.25,-0.06,-0.62,8,2
1772052312.314252,989409,0.03,0.08,-0.11,-141.50,-77.44,75.06,0.19,0.00,0.13,0.05,0.00,0.14,-139.12,51.13,235.94,-0.06,-0.06,-0.06,9,2
1772052312.504979,989599,-0.03,0.15,-0.06,-141.37,-77.56,75.00,-0.06,0.37,0.37,0.09,-0.09,0.08,-139.12,51.13,235.94,0.00,-0.25,0.13,10,2
1772052312.695946,989790,0.00,0.09,-0.09,-141.50,-77.56,75.12,-0.25,-0.50,-0.13,0.08,-0.04,0.14,-139.12,51.13,235.94,0.00,0.00,-0.13,11,4
1772052312.886343,989981,0.02,0.10,-0.11,-141.56,-77.56,75.12,-0.94,0.19,0.19,0.09,-0.06,0.15,-139.12,51.13,235.94,0.06,-0.19,0.00,11,4
1772052313.077359,990172,0.01,0.04,-0.10,-141.75,-77.56,75.19,1.06,-0.94,-1.00,0.09,-0.03,0.14,-139.12,51.13,235.94,-0.62,0.00,0.06,10,4
1772052313.267794,990362,-0.01,0.16,-0.08,-141.44,-77.69,75.19,-0.56,1.06,0.50,0.10,-0.09,0.13,-139.12,51.13,235.87,0.37,0.50,0.25,10,4
1772052313.458228,990553,0.03,0.07,-0.13,-141.87,-77.56,75.25,0.44,-0.31,0.25,0.10,-0.07,0.07,-139.12,51.13,235.87,-0.13,0.06,-0.50,8,4
1772052313.649024,990744,-0.01,0.09,-0.09,-141.75,-77.62,75.25,-0.81,-0.44,0.00,0.07,-0.06,0.10,-139.00,51.13,235.94,0.44,0.37,-0.56,7,4
1772052313.839494,990934,0.03,0.05,-0.10,-141.62,-77.62,75.25,0.44,0.19,0.25,0.09,-0.04,0.13,-138.87,51.06,236.00,0.00,0.37,-0.44,6,4
1772052314.030677,991125,-0.01,0.13,-0.06,-141.62,-77.69,75.19,-0.25,-0.13,0.44,0.10,-0.04,0.12,-138.87,51.06,236.00,0.44,0.37,-0.44,6,5
1772052314.220889,991316,0.00,0.05,-0.09,-141.69,-77.69,75.19,0.06,-0.50,0.00,0.06,-0.05,0.09,-138.87,51.06,236.00,0.13,0.19,-0.19,6,6
1772052314.411570,991506,0.06,0.14,-0.09,-141.75,-77.69,75.19,-1.00,0.37,-0.94,0.06,-0.07,0.07,-138.87,51.06,236.00,0.13,0.88,0.19,6,6
1772052314.602400,991697,-0.02,0.10,-0.11,-141.62,-77.75,75.25,-0.69,0.13,0.06,0.07,-0.05,0.10,-138.87,51.13,235.94,-0.13,0.06,-0.31,6,5
1772052314.792802,991887,0.05,0.14,-0.11,-141.62,-77.75,75.19,-1.81,0.19,0.88,0.08,-0.05,0.10,-138.81,51.19,235.87,0.50,0.56,-0.44,6,5
1772052314.983773,992078,0.05,0.08,-0.13,-141.62,-77.69,75.19,0.50,0.00,-0.13,0.06,-0.08,0.09,-138.81,51.19,235.87,0.19,0.13,-0.37,7,5
1772052315.174310,992269,0.00,0.09,-0.11,-141.62,-77.75,75.25,-1.00,-0.62,0.19,0.08,-0.05,0.08,-138.81,51.19,235.87,0.19,0.44,-0.06,7,5
1772052315.365107,992460,0.03,0.10,-0.15,-141.56,-77.75,75.19,0.50,-0.37,-0.13,0.07,-0.02,0.04,-138.81,51.19,235.87,-0.75,-0.50,0.00,8,5
1772052315.555683,992650,0.00,0.10,-0.06,-141.25,-77.87,75.25,-1.06,0.00,0.25,0.09,-0.04,0.06,-138.81,51.19,235.94,-0.19,-0.31,0.25,9,5
1772052315.746118,992841,0.02,0.08,-0.14,-141.56,-77.81,75.31,0.37,0.37,0.06,0.08,-0.10,0.05,-138.81,51.19,235.87,0.44,-0.62,0.00,9,7
1772052315.937572,993032,0.00,-0.02,-0.11,-141.69,-77.87,75.44,1.81,-1.94,0.13,0.04,-0.05,0.07,-138.81,51.19,235.87,-0.06,0.19,-0.19,8,7
1772052316.127688,993222,0.00,0.12,-0.07,-141.06,-77.81,75.19,0.94,0.56,0.31,0.10,-0.06,0.11,-138.75,51.25,235.81,0.06,-0.06,-0.44,8,6
1772052316.318549,993413,-0.01,0.12,-0.10,-141.00,-77.69,75.12,-0.37,-1.19,0.37,0.06,-0.09,0.09,-138.75,51.25,235.75,0.13,0.13,-0.50,7,6
1772052316.508964,993604,0.06,0.05,-0.12,-141.12,-77.62,75.12,0.31,1.12,-1.19,0.07,-0.06,0.09,-138.75,51.25,235.69,0.31,0.25,-0.19,6,6
1772052316.699616,993794,0.02,0.02,-0.10,-141.56,-77.62,75.19,0.75,0.31,0.06,0.07,-0.06,0.07,-138.69,51.25,235.69,-0.06,0.62,-0.50,5,6
1772052316.890802,993985,0.01,0.11,-0.06,-141.37,-77.56,75.06,-0.25,-0.13,0.44,0.05,-0.06,0.09,-138.62,51.25,235.75,0.19,0.25,-0.50,6,7
1772052317.081262,994176,0.00,0.13,-0.10,-141.37,-77.56,75.06,0.00,-0.44,-1.00,0.04,-0.05,0.08,-138.62,51.19,235.75,0.19,0.31,-0.13,6,7
1772052317.271803,994366,0.03,0.18,-0.08,-141.44,-77.62,75.00,0.50,0.56,-1.50,0.05,-0.05,0.06,-138.69,51.19,235.69,-0.13,0.81,0.00,6,7
1772052317.462514,994557,0.00,0.18,-0.07,-141.75,-77.69,75.25,-1.75,0.25,-0.50,0.08,-0.08,0.07,-138.69,51.25,235.62,-0.19,0.50,-0.50,6,6
1772052317.652959,994747,0.03,0.12,-0.10,-141.75,-77.56,75.12,-1.69,-0.31,0.81,0.06,-0.06,0.07,-138.56,51.31,235.56,0.00,0.37,-0.19,7,4
1772052317.844000,994939,0.01,0.08,-0.06,-141.44,-77.56,75.00,0.13,-0.50,-0.44,0.04,-0.04,0.10,-138.56,51.31,235.56,0.06,-0.06,-0.44,8,3
1772052318.034445,995129,0.00,0.01,-0.07,-141.44,-77.62,75.12,0.25,-0.56,0.00,0.05,-0.04,0.07,-138.56,51.31,235.56,0.06,0.06,0.06,9,3
1772052318.225243,995320,0.00,0.05,-0.11,-141.50,-77.62,75.06,0.31,1.00,-0.75,0.06,-0.05,0.02,-138.56,51.31,235.56,-0.44,-0.06,0.44,10,2
1772052318.415654,995510,0.02,0.08,-0.11,-141.69,-77.62,75.06,1.06,-0.62,0.19,0.07,-0.07,0.04,-138.56,51.31,235.56,0.00,0.31,-0.06,11,3
1772052318.606607,995701,0.04,0.15,-0.07,-141.37,-77.62,75.00,-0.37,-0.06,-0.75,0.02,-0.06,0.07,-138.56,51.31,235.56,-0.25,0.81,0.06,11,3
1772052318.797534,995892,-0.02,0.16,-0.14,-141.50,-77.69,75.12,-1.12,1.25,0.50,0.07,-0.06,0.06,-138.50,51.31,235.56,-0.37,0.44,0.25,10,3
1772052318.988115,996083,-0.03,0.18,-0.10,-141.50,-77.69,75.06,-0.06,-0.94,0.56,0.13,-0.16,0.04,-138.50,51.38,235.50,0.44,0.25,-0.25,9,3
1772052319.178709,996273,0.03,0.09,-0.13,-141.69,-77.69,75.06,-0.13,-0.13,-0.44,0.04,-0.05,0.06,-138.50,51.31,235.50,0.50,0.44,-0.69,8,3
1772052319.369259,996464,0.01,0.09,-0.10,-141.81,-77.75,75.19,-1.44,0.37,0.13,0.05,-0.08,0.04,-138.37,51.31,235.56,0.19,0.56,-0.44,9,4
1772052319.559990,996654,0.00,0.11,-0.09,-141.75,-77.75,75.06,0.19,-0.19,-0.19,0.08,-0.04,0.00,-138.31,51.31,235.56,-0.69,-0.62,-0.50,7,4
1772052319.750875,996845,0.00,0.12,-0.08,-141.56,-77.75,75.12,-0.88,0.00,-0.13,0.06,-0.06,0.01,-138.31,51.31,235.62,0.13,0.06,0.13,7,4
1772052319.941354,997036,0.04,0.14,-0.17,-141.75,-77.75,75.06,-0.25,1.12,-0.31,0.01,-0.09,-0.01,-138.37,51.25,235.62,0.19,0.00,0.25,7,4
1772052320.132080,997227,-0.03,0.04,-0.10,-141.94,-77.87,75.37,-1.81,0.06,0.50,0.05,-0.09,0.02,-138.31,51.31,235.56,0.44,0.37,-0.31,7,4
1772052320.322521,997417,0.06,0.10,-0.12,-141.81,-77.75,75.12,-0.88,0.31,0.19,0.04,-0.06,0.07,-138.31,51.31,235.56,0.31,0.69,-0.37,7,3
1772052320.513246,997608,0.01,0.19,-0.12,-141.69,-77.75,75.06,0.00,-0.06,-0.50,0.02,-0.05,0.06,-138.25,51.31,235.56,0.25,0.44,-0.06,8,3
1772052320.704271,997799,0.00,0.12,-0.08,-141.50,-77.69,74.94,0.75,-0.19,-0.25,0.00,-0.10,0.04,-138.25,51.31,235.56,0.13,-0.06,-0.19,8,4
1772052320.894799,997989,0.00,0.08,-0.10,-141.62,-77.62,75.00,0.06,0.06,-0.37,0.04,-0.06,0.02,-138.25,51.31,235.56,-0.13,0.31,-0.13,10,4
1772052321.085468,998180,0.01,0.12,-0.08,-141.37,-77.62,74.94,-1.12,-0.19,0.62,0.07,-0.09,0.00,-138.25,51.31,235.56,0.00,0.31,-0.19,11,3
1772052321.276286,998371,0.00,0.06,-0.08,-141.19,-77.50,74.87,0.62,-0.19,-0.31,0.08,-0.08,0.05,-138.25,51.31,235.56,0.44,-0.13,-0.06,10,2
1772052321.466574,998561,0.00,0.05,-0.01,-141.12,-77.50,74.81,0.13,-1.00,0.00,0.03,-0.08,0.07,-138.25,51.31,235.56,0.13,-0.44,0.25,11,2
1772052321.657523,998752,0.02,0.09,-0.06,-141.12,-77.50,74.81,0.13,1.44,-0.69,0.02,-0.11,0.08,-138.25,51.31,235.56,-0.13,0.00,0.25,11,3
1772052321.848154,998943,0.01,0.02,-0.08,-141.44,-77.44,74.81,0.62,-0.62,0.19,0.05,-0.11,0.07,-138.25,51.31,235.56,0.44,0.37,-0.56,10,2
1772052322.038621,999134,0.03,0.12,-0.10,-141.19,-77.50,74.75,0.25,0.25,0.00,0.04,-0.07,0.04,-138.25,51.31,235.56,0.13,-0.37,-0.44,9,2
1772052322.229088,999324,0.01,0.11,-0.09,-141.31,-77.50,74.81,-0.25,0.25,0.44,0.02,-0.06,0.07,-138.25,51.13,235.75,0.13,0.13,0.00,8,4
1772052322.419896,999515,-0.02,0.14,-0.07,-141.12,-77.50,74.75,-0.13,0.31,0.50,0.11,-0.13,0.02,-138.25,51.19,235.62,0.31,0.25,0.37,7,4
1772052322.611039,999706,0.01,0.06,-0.12,-141.37,-77.50,74.75,-0.44,-0.50,-0.13,0.04,-0.06,0.06,-138.25,51.19,235.62,0.25,0.06,-0.25,7,4
1772052322.801467,999896,0.04,0.17,-0.07,-141.06,-77.56,74.69,-0.81,0.31,-0.56,0.06,-0.07,0.07,-138.25,51.19,235.62,0.50,0.94,-0.13,6,4
1772052322.992168,1000087,0.01,0.13,-0.10,-141.19,-77.56,74.69,-0.19,0.25,-0.06,0.09,-0.08,0.03,-138.25,51.19,235.56,0.13,-0.06,-0.19,6,4
1772052323.182816,1000278,0.04,0.07,-0.09,-141.44,-77.50,74.69,-0.13,-0.81,0.37,0.03,-0.10,0.08,-138.25,51.19,235.62,0.31,0.06,-0.13,6,4
1772052323.373547,1000468,0.05,0.12,-0.07,-141.19,-77.56,74.69,0.25,0.75,-0.37,0.05,-0.05,0.08,-138.25,51.19,235.62,-0.13,-0.31,0.13,7,4
1772052323.564455,1000659,0.00,0.04,-0.10,-141.56,-77.56,74.75,0.44,-0.56,-0.19,0.08,-0.10,0.07,-138.25,51.19,235.62,0.00,0.37,0.25,7,4
1772052323.754792,1000850,0.02,0.12,-0.06,-141.50,-77.56,74.75,0.13,-0.37,0.31,0.06,-0.09,0.03,-138.25,51.19,235.62,-0.31,0.13,0.19,7,4
1772052323.945650,1001040,-0.03,0.08,-0.08,-141.50,-77.56,74.75,0.56,0.25,-0.06,0.07,-0.11,0.02,-138.25,51.19,235.62,-0.75,-0.94,-0.13,8,4
1772052324.136295,1001231,0.02,0.06,-0.05,-141.37,-77.62,74.81,-0.69,-0.06,-0.31,0.11,-0.09,0.09,-138.31,51.13,235.69,-0.25,-0.25,0.37,9,2
1772052324.326619,1001422,0.07,0.11,-0.11,-141.75,-77.56,74.75,1.00,0.62,-0.75,0.09,-0.14,0.08,-138.31,51.13,235.69,0.13,0.44,0.06,10,2
1772052324.517997,1001613,-0.03,0.07,-0.06,-141.69,-77.62,74.87,0.25,-0.31,0.56,0.08,-0.12,0.07,-138.31,51.13,235.69,-0.31,-0.13,-0.50,10,4
1772052324.708498,1001803,0.03,0.18,-0.10,-141.75,-77.56,74.81,-0.13,-1.25,-0.13,0.11,-0.14,0.06,-138.25,51.06,235.75,0.62,0.44,-0.62,10,4
1772052324.898897,1001994,0.01,0.07,-0.09,-141.56,-77.69,74.87,0.37,-0.44,-0.31,0.02,-0.12,0.08,-138.25,51.00,235.81,0.69,0.06,-0.31,9,4
1772052325.089687,1002184,0.01,0.14,-0.07,-141.50,-77.69,74.87,-0.19,1.00,0.00,0.07,-0.09,0.08,-138.25,51.00,235.81,-0.25,-0.31,-0.50,8,3
1772052325.280396,1002375,0.04,0.13,-0.08,-141.62,-77.62,74.81,-0.31,-0.13,-0.19,0.09,-0.11,0.08,-138.25,51.00,235.81,0.00,0.06,-0.44,7,4
1772052325.471298,1002566,0.01,0.16,-0.10,-141.44,-77.62,74.75,-0.31,0.37,0.19,0.07,-0.11,0.05,-138.25,51.00,235.81,-0.06,-0.37,-0.19,6,4
1772052325.661750,1002757,0.01,0.11,-0.14,-141.44,-77.62,74.69,-0.94,0.50,-0.50,0.09,-0.08,0.03,-138.25,50.94,235.87,-0.37,0.00,0.19,5,4
1772052325.852209,1002947,0.00,0.12,-0.06,-141.19,-77.81,74.87,-2.62,-0.13,0.56,0.10,-0.15,0.03,-138.19,51.00,235.81,0.44,0.69,0.37,5,4
1772052326.042882,1003138,0.05,0.08,-0.15,-141.50,-77.75,74.81,0.13,0.50,0.56,0.08,-0.10,0.07,-138.19,51.00,235.81,-0.13,0.06,-0.06,5,4
1772052326.233909,1003329,-0.02,0.10,-0.10,-141.25,-77.75,74.75,-0.37,-0.56,0.13,0.07,-0.09,0.07,-138.12,51.00,235.81,-0.13,-0.19,0.00,5,4
1772052326.424528,1003519,0.01,0.11,-0.12,-141.19,-77.75,74.75,0.37,-0.44,-0.31,0.08,-0.11,0.06,-138.12,51.00,235.81,-0.13,0.13,0.44,5,2
1772052326.615124,1003710,0.08,0.16,-0.15,-141.12,-77.75,74.69,-0.19,-0.37,0.00,0.08,-0.09,0.07,-138.12,51.00,235.87,-0.25,0.50,0.44,6,2
1772052326.805771,1003901,-0.06,0.20,-0.11,-140.87,-77.81,74.62,0.37,0.00,0.44,0.08,-0.17,0.07,-138.12,51.06,235.87,-0.31,-0.06,0.37,7,2
1772052326.996388,1004091,0.01,0.12,-0.13,-141.19,-77.75,74.69,0.31,-0.31,-0.81,0.11,-0.13,0.06,-138.12,51.06,235.87,-0.37,0.00,0.19,8,4
1772052327.186925,1004282,0.05,0.20,-0.12,-141.25,-77.81,74.69,-1.56,0.62,-0.25,0.04,-0.16,0.05,-138.12,51.00,235.87,-0.19,1.00,0.31,9,3
1772052327.378130,1004473,-0.02,0.16,-0.06,-140.87,-77.81,74.69,-1.56,-0.13,0.19,0.10,-0.19,0.11,-138.06,51.06,235.81,-0.31,0.62,-0.19,10,3
1772052327.568663,1004663,0.05,0.07,-0.13,-141.12,-77.56,74.56,-1.00,-0.19,-0.06,0.09,-0.11,0.06,-138.00,51.13,235.87,0.06,0.37,-0.31,11,3
1772052327.759125,1004854,0.02,0.09,-0.10,-140.94,-77.50,74.37,0.37,1.37,-1.19,0.05,-0.10,0.04,-138.00,51.13,235.81,-0.31,-0.19,0.00,11,3
1772052327.949920,1005045,-0.01,0.03,-0.05,-141.06,-77.56,74.50,0.44,-0.81,0.19,0.10,-0.13,0.07,-137.94,51.13,235.81,-0.31,0.44,-0.13,10,3
1772052328.140451,1005235,0.02,0.13,-0.07,-141.00,-77.44,74.25,-0.50,0.56,0.50,0.06,-0.11,0.05,-137.94,51.13,235.81,-0.06,0.56,0.06,9,3
1772052328.331275,1005426,0.03,0.12,-0.11,-141.00,-77.37,74.25,0.37,-0.19,-0.37,0.06,-0.12,0.09,-137.94,51.13,235.87,0.00,0.44,0.25,9,3
1772052328.521789,1005617,-0.02,0.16,-0.06,-140.75,-77.50,74.19,-0.31,0.31,0.31,0.00,-0.11,0.00,-137.94,51.13,235.87,0.06,-0.31,0.06,7,3
1772052328.712607,1005807,0.01,0.04,-0.10,-141.37,-77.50,74.50,-1.94,0.50,-0.06,0.10,-0.10,-0.03,-137.87,51.13,235.87,0.25,0.75,-0.06,6,3
1772052328.902990,1005998,0.03,0.07,-0.11,-141.19,-77.50,74.37,-1.31,0.25,0.31,0.04,-0.13,0.03,-137.81,51.19,235.81,0.00,0.44,0.00,6,1
1772052329.093920,1006189,0.04,0.09,-0.08,-141.00,-77.50,74.25,0.31,-0.19,-0.25,0.09,-0.10,0.02,-137.81,51.19,235.81,-0.06,0.06,0.06,6,1
1772052329.284908,1006380,-0.01,0.02,-0.04,-141.00,-77.56,74.37,1.00,-1.19,-0.50,0.03,-0.12,0.05,-137.81,51.19,235.87,0.00,-0.13,0.31,6,1
1772052329.475442,1006570,-0.02,0.08,-0.06,-140.87,-77.56,74.37,0.50,0.69,-0.06,0.07,-0.11,0.04,-137.81,51.25,235.81,-0.62,-0.19,0.44,6,1
1772052329.665852,1006761,0.05,0.10,-0.12,-141.31,-77.56,74.44,0.37,0.19,-0.94,0.08,-0.14,0.04,-137.81,51.25,235.81,-0.31,0.19,0.44,7,2
1772052329.856647,1006952,0.02,0.14,-0.08,-141.25,-77.62,74.44,-0.19,-0.25,0.25,0.09,-0.15,0.03,-137.81,51.25,235.81,0.00,-0.31,0.19,9,2
1772052330.047372,1007142,0.00,0.01,-0.07,-141.31,-77.69,74.56,1.81,-0.81,-0.31,0.08,-0.11,0.00,-137.81,51.25,235.81,-1.00,-0.56,-0.25,10,2
1772052330.238055,1007333,0.00,0.12,-0.08,-141.12,-77.69,74.44,0.06,0.94,0.37,0.09,-0.12,0.04,-137.75,51.25,235.87,-0.31,0.31,0.00,10,2
1772052330.428539,1007524,0.05,0.14,-0.11,-141.37,-77.56,74.44,0.00,-0.25,0.50,0.11,-0.16,0.00,-137.69,51.31,235.87,0.69,0.31,-0.06,11,3
1772052330.619403,1007714,0.00,0.05,-0.10,-141.44,-77.62,74.56,0.69,-0.69,0.31,0.08,-0.12,0.02,-137.69,51.31,235.87,-0.13,0.25,-0.44,12,2
1772052330.809844,1007905,0.02,0.14,-0.08,-141.31,-77.62,74.44,0.13,0.13,0.13,0.08,-0.12,0.00,-137.69,51.31,235.87,0.06,0.00,-0.13,11,3
1772052331.000761,1008096,0.01,0.10,-0.05,-141.37,-77.69,74.44,-0.25,-1.12,-0.06,0.04,-0.12,0.07,-137.69,51.31,235.87,0.19,0.37,0.13,10,3
1772052331.191829,1008287,0.03,0.18,-0.12,-141.25,-77.69,74.37,0.00,1.19,-0.44,0.01,-0.10,0.03,-137.75,51.25,235.94,-0.31,-0.25,-0.13,10,4
1772052331.382270,1008477,-0.02,0.04,-0.09,-141.62,-77.81,74.62,-0.56,-0.56,0.06,0.08,-0.13,-0.01,-137.69,51.25,235.94,0.06,0.81,0.06,8,4
1772052331.572743,1008668,0.04,0.12,-0.12,-141.50,-77.69,74.44,-0.25,0.62,0.50,0.04,-0.12,0.02,-137.69,51.31,235.87,-0.13,0.19,0.00,7,3
1772052331.763520,1008858,0.01,0.12,-0.09,-141.44,-77.69,74.44,0.25,-0.19,0.00,0.08,-0.12,0.00,-137.69,51.31,235.87,0.06,0.13,-0.44,5,2
1772052331.954211,1009049,0.01,0.04,-0.06,-141.37,-77.75,74.56,0.06,-1.56,-0.44,0.08,-0.14,0.01,-137.69,51.25,235.94,0.00,-0.06,0.31,5,2
1772052332.145221,1009240,0.05,0.07,-0.12,-141.19,-77.81,74.50,0.31,1.19,-0.37,0.02,-0.12,0.01,-137.69,51.25,235.94,-0.37,-0.06,0.50,5,2
1772052332.335483,1009431,0.00,0.09,-0.06,-141.12,-77.87,74.50,0.37,-0.75,0.50,0.07,-0.13,0.03,-137.69,51.25,235.94,-0.37,0.31,0.37,5,3
1772052332.526411,1009621,0.01,0.15,-0.09,-140.94,-77.87,74.44,0.56,0.00,-0.31,0.07,-0.16,0.02,-137.69,51.25,235.94,-0.19,-0.44,0.31,6,3
1772052332.717097,1009812,0.00,0.03,-0.08,-141.31,-77.87,74.62,1.62,-0.06,-0.62,0.02,-0.11,0.00,-137.62,51.31,235.94,-0.69,-0.19,-0.13,7,3
1772052332.907567,1010003,0.00,0.17,-0.07,-141.19,-77.94,74.62,-0.56,0.06,0.37,0.07,-0.18,0.06,-137.69,51.31,235.87,0.06,0.44,0.25,8,3
1772052333.098841,1010194,0.02,0.16,-0.12,-141.31,-77.81,74.56,-0.06,-0.50,0.62,0.06,-0.20,-0.01,-137.62,51.31,235.87,0.19,0.00,-0.06,10,3
1772052333.289083,1010384,0.00,0.08,-0.08,-141.56,-77.87,74.69,-0.37,0.37,0.13,0.04,-0.11,0.00,-137.75,51.44,235.69,0.50,0.81,-0.50,11,4
1772052333.479615,1010575,0.00,0.13,-0.12,-141.50,-77.87,74.62,0.50,0.00,-0.56,0.04,-0.13,0.01,-137.69,51.50,235.56,0.25,0.19,-1.00,12,5
1772052333.670539,1010765,0.01,0.08,-0.07,-141.56,-77.94,74.69,-0.62,-0.94,0.06,0.04,-0.12,0.00,-137.69,51.50,235.50,0.44,0.25,-0.31,12,6
1772052333.861120,1010956,0.02,0.11,-0.11,-141.62,-77.87,74.56,0.81,1.06,-0.56,0.00,-0.09,0.00,-137.75,51.56,235.37,0.13,-0.06,-0.19,12,6
1772052334.052295,1011147,0.06,0.15,-0.12,-141.81,-77.87,74.62,0.31,-0.44,-0.69,0.03,-0.09,0.01,-137.81,51.56,235.31,-0.13,1.06,-0.13,11,6
1772052334.242862,1011338,0.02,0.17,-0.09,-141.37,-77.94,74.56,-0.25,0.06,-0.13,0.02,-0.09,-0.04,-137.75,51.63,235.25,-0.25,-0.06,-0.37,10,5
1772052334.433302,1011528,0.04,0.11,-0.13,-141.62,-77.87,74.62,-0.56,-0.13,0.19,-0.01,-0.07,0.00,-137.75,51.63,235.25,0.31,0.62,-0.13,9,5
1772052334.623941,1011719,-0.01,0.19,-0.09,-141.25,-77.81,74.44,0.37,0.75,-0.25,0.02,-0.07,0.00,-137.75,51.63,235.19,-0.19,-0.06,-0.25,7,5
1772052334.814418,1011910,0.00,0.13,-0.11,-141.50,-77.69,74.44,0.06,-0.44,-0.50,0.01,-0.11,0.00,-137.75,51.63,235.19,0.06,0.44,-0.31,7,5
1772052335.005766,1012101,0.00,0.13,-0.08,-141.31,-77.62,74.31,-0.06,-0.44,0.25,0.02,-0.10,-0.02,-137.75,51.63,235.19,-0.25,-0.13,-0.13,6,3
1772052335.196253,1012291,0.02,0.11,-0.09,-141.19,-77.56,74.25,-0.19,0.06,0.37,0.03,-0.07,-0.05,-137.75,51.63,235.25,-0.13,-0.31,-0.13,6,4
1772052335.386609,1012482,-0.03,0.09,-0.02,-140.94,-77.69,74.25,0.37,-0.13,0.31,-0.01,-0.09,-0.05,-137.75,51.63,235.19,0.37,0.25,0.06,5,4
1772052335.577042,1012672,0.03,0.06,-0.08,-141.50,-77.50,74.25,0.69,0.75,0.19,0.05,-0.11,-0.03,-137.75,51.63,235.19,-0.13,0.44,0.06,6,3
1772052335.768071,1012863,0.02,0.10,-0.09,-141.25,-77.44,74.12,-1.37,-0.19,0.75,0.03,-0.10,-0.02,-137.75,51.63,235.19,0.31,0.56,-0.06,6,3
1772052335.959033,1013054,-0.01,0.12,-0.04,-140.94,-77.50,74.06,0.56,-0.50,-0.56,0.00,-0.12,0.01,-137.75,51.63,235.19,0.06,-0.13,-0.25,8,4
1772052336.149575,1013244,0.01,0.05,-0.05,-141.06,-77.44,74.12,-0.62,-0.25,0.19,0.00,-0.09,-0.04,-137.75,51.63,235.19,-0.06,-0.31,0.00,9,4
1772052336.340076,1013435,0.02,0.08,-0.09,-141.19,-77.44,74.12,-0.13,0.88,-0.62,0.01,-0.10,-0.01,-137.75,51.63,235.19,0.44,0.13,0.19,10,3
1772052336.530590,1013626,0.01,0.08,-0.05,-141.31,-77.50,74.19,0.75,-0.19,0.31,0.05,-0.13,0.00,-137.75,51.63,235.19,0.06,-0.69,-0.25,11,3
1772052336.721623,1013816,0.00,0.04,-0.07,-141.44,-77.50,74.19,1.50,-1.19,-0.19,0.00,-0.11,0.01,-137.75,51.63,235.19,-0.44,-0.06,-0.25,11,3
1772052336.912239,1014007,-0.02,0.07,-0.02,-141.44,-77.50,74.19,0.00,-0.37,0.56,0.00,-0.06,0.00,-137.75,51.63,235.19,0.31,0.06,-0.25,11,4
1772052337.102845,1014198,0.01,0.13,-0.06,-141.37,-77.50,74.12,0.19,0.50,-0.44,0.01,-0.09,-0.01,-137.75,51.63,235.19,-0.13,-0.19,0.31,11,3
1772052337.293581,1014388,0.02,0.03,-0.10,-141.62,-77.50,74.25,1.06,-0.44,-0.13,0.00,-0.09,-0.03,-137.75,51.63,235.19,-0.13,0.06,-0.13,10,2
1772052337.484169,1014579,0.00,0.11,-0.04,-141.56,-77.50,74.19,-0.06,-0.19,0.25,0.02,-0.09,-0.05,-137.75,51.63,235.19,0.00,0.13,-0.19,9,2
1772052337.674580,1014770,0.02,0.03,-0.07,-141.56,-77.56,74.19,0.13,-0.62,0.13,0.02,-0.09,0.03,-137.69,51.63,235.25,0.19,0.13,0.31,8,2
1772052337.865612,1014961,0.00,0.13,-0.07,-141.44,-77.56,74.12,0.81,0.75,-0.19,0.02,-0.07,0.01,-137.69,51.63,235.25,-0.50,-0.13,0.25,6,2
1772052338.056319,1015151,0.01,0.10,-0.09,-141.62,-77.56,74.19,0.31,-0.13,0.00,0.01,-0.12,-0.03,-137.75,51.63,235.25,0.37,-0.19,0.13,6,3
1772052338.247215,1015342,-0.02,0.01,-0.05,-141.50,-77.69,74.37,-0.19,-0.25,0.81,0.02,-0.10,-0.08,-137.81,51.63,235.25,-0.88,-1.00,1.87,6,3
1772052338.436522,1015531,0.00,0.19,-0.08,-141.31,-77.37,74.12,-1.94,4.19,1.37,-0.01,-0.10,0.03,-138.12,51.88,235.31,-1.94,0.50,1.06,6,3
1772052338.627418,1015722,0.13,0.23,-0.16,-141.75,-76.94,73.69,-1.12,-1.44,0.62,0.09,-0.14,-0.03,-138.00,51.94,235.31,1.12,1.12,-0.06,5,3
1772052338.818953,1015914,0.01,0.06,-0.10,-141.19,-77.06,73.75,1.56,0.06,-0.31,0.00,-0.20,0.00,-138.12,52.00,235.06,0.00,-0.13,-0.13,7,3
1772052339.009732,1016105,0.01,0.09,0.00,-141.00,-77.12,73.94,2.75,-2.69,-0.19,-0.10,-0.07,-0.05,-138.19,51.88,235.37,-1.56,-1.50,-0.50,7,4
1772052339.200410,1016295,-0.15,0.07,-0.03,-140.56,-77.56,74.69,2.81,0.94,0.37,-0.01,-0.09,0.01,-138.19,51.75,235.81,-1.81,-0.88,0.31,9,4
1772052339.391451,1016486,0.09,0.23,-0.04,-140.62,-77.19,74.62,1.50,-1.37,0.56,-0.06,-0.22,-0.18,-138.06,51.75,236.19,-0.88,-1.62,-0.31,10,4
1772052339.580683,1016676,-0.21,0.01,-0.08,-141.31,-77.37,75.44,3.50,0.88,1.25,-0.03,-0.16,0.02,-138.06,51.75,236.37,-2.75,-2.56,0.94,11,4
1772052339.772796,1016868,-0.39,-0.01,-0.01,-141.87,-77.31,76.12,2.19,-4.50,0.13,0.14,-0.21,0.03,-138.12,51.69,236.81,-1.81,-0.94,-0.25,12,4
1772052339.963618,1017058,-0.17,-0.04,-0.11,-142.00,-76.94,76.12,-2.19,-1.81,0.75,-0.06,-0.05,0.15,-137.62,51.69,237.12,3.37,3.50,-2.62,11,3
1772052340.154233,1017249,-0.07,0.25,0.04,-138.75,-76.87,74.31,-3.75,-1.62,1.69,0.09,-0.16,-0.13,-137.37,51.81,236.31,2.25,-0.19,-0.94,11,2
1772052340.343849,1017439,-0.05,-0.13,-0.09,-140.44,-77.00,74.56,3.19,-0.88,-5.44,0.02,-0.12,-0.05,-137.94,51.63,236.00,1.06,0.75,0.69,11,2
1772052340.533880,1017629,-0.01,0.03,-0.05,-141.25,-77.12,74.81,-2.94,-0.44,1.44,-0.17,-0.03,-0.17,-137.94,51.75,235.75,0.06,-0.25,-1.19,11,2
1772052340.726079,1017821,-0.41,0.21,0.11,-139.50,-77.37,74.37,-3.62,-0.31,-2.37,0.21,-0.04,0.11,-137.94,51.81,235.44,-0.75,0.06,-0.25,9,2
1772052340.916709,1018012,0.35,0.26,-0.16,-141.44,-76.62,73.81,-1.44,0.19,0.44,-0.01,-0.07,-0.09,-138.06,51.81,235.37,1.00,0.69,0.81,8,5
1772052341.107432,1018203,0.00,0.01,0.01,-140.94,-77.06,74.25,1.44,-0.81,-1.06,0.00,-0.06,-0.04,-138.31,51.81,235.31,0.13,-0.50,0.06,7,4
1772052341.298046,1018393,0.01,0.03,0.00,-141.00,-77.19,74.50,-1.44,-0.25,1.06,0.00,-0.08,-0.02,-138.31,51.81,235.25,-0.13,0.06,0.37,6,4
1772052341.488853,1018584,0.05,0.00,-0.04,-140.62,-77.19,74.44,1.25,0.19,-0.50,-0.02,-0.02,0.00,-138.31,51.75,235.44,-0.44,-0.44,0.00,6,4
1772052341.679831,1018775,-0.06,0.01,0.00,-140.50,-77.31,74.56,-0.37,-0.31,0.44,-0.01,-0.07,-0.01,-138.31,51.75,235.44,0.31,0.50,-0.31,6,4
1772052341.870329,1018966,0.03,0.03,-0.03,-140.62,-77.19,74.50,0.44,0.56,0.69,0.03,-0.09,-0.01,-138.25,51.75,235.44,0.06,0.44,-0.44,6,5
1772052342.061298,1019156,0.00,0.01,-0.07,-140.75,-77.19,74.50,-0.13,0.44,0.56,0.01,-0.06,-0.05,-138.12,51.69,235.56,0.13,-0.06,-0.50,7,5
1772052342.251933,1019347,-0.03,0.01,-0.02,-140.56,-77.19,74.50,-0.19,0.56,0.75,-0.02,0.00,-0.02,-138.12,51.63,235.56,-0.19,0.00,-0.44,7,4
1772052342.442435,1019537,-0.02,0.05,0.00,-140.19,-77.25,74.44,-1.00,0.06,0.75,-0.02,-0.03,-0.04,-138.12,51.69,235.56,0.25,0.31,0.00,8,5
1772052342.632947,1019728,0.05,0.00,-0.05,-140.37,-77.19,74.44,0.13,0.81,0.88,0.04,-0.06,0.00,-138.12,51.69,235.56,0.00,0.31,-0.06,9,4
1772052342.823670,1019919,0.01,0.00,-0.03,-140.31,-77.19,74.44,-0.81,0.13,0.37,0.03,-0.07,-0.03,-138.12,51.69,235.56,0.13,0.37,-0.31,9,2
1772052343.014446,1020110,0.01,0.06,0.00,-140.19,-77.19,74.37,0.69,-0.88,-0.13,0.00,-0.08,0.04,-138.12,51.69,235.56,-0.13,0.06,-0.31,10,4
1772052343.204907,1020300,-0.01,0.01,-0.01,-140.19,-77.25,74.44,0.37,-0.88,0.13,0.00,-0.05,0.00,-138.06,51.69,235.56,0.19,0.19,0.06,10,6
1772052343.395694,1020491,-0.01,0.01,-0.05,-140.25,-77.25,74.37,0.25,0.88,-0.94,0.00,-0.07,-0.02,-138.06,51.69,235.56,-0.31,0.13,0.31,9,7
1772052343.586525,1020682,0.02,0.02,-0.01,-140.44,-77.25,74.44,0.88,-0.19,-0.06,0.00,-0.08,-0.01,-138.06,51.69,235.56,0.13,0.56,0.13,8,7
1772052343.777289,1020872,-0.04,0.06,-0.02,-140.44,-77.25,74.44,0.37,0.37,-0.13,0.00,-0.06,-0.01,-138.06,51.69,235.56,-0.37,-0.19,0.31,8,7
1772052343.967993,1021063,-0.04,0.00,-0.07,-140.44,-77.25,74.50,-0.06,0.25,-0.56,0.01,-0.03,-0.02,-138.06,51.69,235.62,-0.56,0.00,-0.19,7,7
1772052344.158265,1021254,0.00,0.06,-0.04,-140.31,-77.31,74.50,-1.06,0.37,-0.13,0.03,-0.10,0.00,-138.06,51.69,235.62,0.37,0.56,0.19,6,7
1772052344.349103,1021444,0.01,0.03,-0.03,-140.37,-77.31,74.56,0.13,-0.13,0.25,0.03,-0.11,-0.07,-138.06,51.69,235.62,-0.19,0.13,-0.25,5,9
1772052344.540055,1021635,-0.03,0.00,-0.03,-140.50,-77.31,74.62,-0.37,0.13,0.25,0.02,-0.10,0.00,-138.06,51.69,235.62,-0.06,0.31,-0.37,5,9
1772052344.730374,1021826,0.01,0.05,-0.06,-140.50,-77.31,74.56,0.25,0.00,-0.25,0.00,-0.07,-0.01,-137.94,51.63,235.75,0.25,0.06,-0.75,5,9
1772052344.921902,1022017,-0.01,0.01,-0.02,-140.31,-77.37,74.56,-0.31,-0.25,-0.19,0.01,-0.07,-0.05,-137.94,51.63,235.75,-0.13,-0.37,-0.19,5,7
1772052345.112387,1022207,0.01,0.03,-0.05,-140.56,-77.31,74.56,-0.19,1.12,-0.19,0.02,-0.11,-0.05,-138.00,51.63,235.75,0.13,-0.13,-0.13,6,4
1772052345.302918,1022398,0.00,0.02,-0.04,-140.56,-77.31,74.56,0.19,-0.62,0.44,0.01,-0.07,-0.01,-138.00,51.63,235.75,0.00,0.25,-0.25,7,5
1772052345.493631,1022589,0.02,0.10,-0.01,-140.44,-77.31,74.50,0.19,0.00,-0.06,0.03,-0.08,-0.03,-138.00,51.63,235.75,0.13,-0.19,-0.13,8,4
1772052345.684587,1022780,0.02,0.03,-0.04,-140.62,-77.37,74.56,0.13,-0.50,-0.50,0.01,-0.10,0.03,-138.00,51.56,235.75,0.19,0.25,0.37,9,4
1772052345.875377,1022971,0.01,0.08,-0.03,-140.44,-77.37,74.50,0.31,0.37,-0.13,0.02,-0.08,0.00,-138.00,51.56,235.75,-0.31,-0.06,0.13,9,4
1772052346.066459,1023161,-0.01,0.03,-0.08,-140.62,-77.37,74.50,0.31,-0.19,-0.37,0.04,-0.08,0.00,-138.00,51.56,235.75,-0.13,-0.06,0.13,9,4
1772052346.256885,1023352,-0.03,0.05,-0.04,-140.44,-77.37,74.44,0.37,-0.69,0.13,0.01,-0.10,-0.01,-138.00,51.56,235.75,-0.19,-0.31,0.00,9,3
1772052346.447344,1023542,-0.03,0.07,-0.03,-140.44,-77.37,74.44,0.44,-0.06,-0.19,0.02,-0.06,-0.04,-138.00,51.56,235.75,-1.06,-1.06,0.25,9,3
1772052346.638340,1023733,0.00,0.04,-0.03,-140.25,-77.44,74.50,-0.62,0.06,-0.13,0.05,-0.06,-0.03,-138.00,51.56,235.81,-0.19,-0.50,0.37,8,3
1772052346.828891,1023924,0.00,0.01,-0.10,-140.50,-77.44,74.56,0.37,-0.19,-0.19,0.02,-0.13,-0.03,-138.00,51.56,235.81,0.06,-0.31,0.25,7,3
1772052347.019881,1024115,0.00,-0.02,-0.03,-140.44,-77.50,74.62,0.50,-0.62,0.50,0.04,-0.12,-0.01,-138.00,51.56,235.81,-0.25,-0.13,0.00,7,3
1772052347.211106,1024306,0.01,0.10,-0.03,-140.31,-77.50,74.50,0.19,0.19,-0.25,0.06,-0.11,0.01,-138.00,51.56,235.81,0.19,0.00,-0.06,6,3
1772052347.401222,1024496,0.00,0.01,-0.05,-140.31,-77.56,74.56,0.13,-1.06,-0.44,0.01,-0.13,0.03,-138.06,51.56,235.81,0.81,0.31,-0.19,7,3
1772052347.592757,1024688,-0.06,0.00,-0.04,-140.12,-77.56,74.56,0.94,0.37,0.00,0.02,-0.04,-0.01,-138.00,51.50,235.81,0.06,-0.31,-0.62,7,4
1772052347.785929,1024881,0.00,0.06,-0.09,-140.44,-77.50,74.56,-0.06,-0.13,-0.37,0.02,-0.08,0.00,-138.00,51.50,235.81,0.19,0.37,-0.37,7,4
1772052347.980656,1025076,-0.01,0.10,-0.03,-140.12,-77.56,74.37,-0.37,-0.13,0.69,0.04,-0.05,-0.02,-138.00,51.50,235.81,-0.06,-0.06,-0.19,8,4
1772052348.171602,1025267,0.03,0.08,-0.09,-140.12,-77.50,74.37,-0.19,0.19,0.44,0.03,-0.03,0.01,-138.00,51.50,235.87,-0.31,0.06,0.37,8,2
1772052348.362819,1025458,-0.02,0.11,-0.03,-140.00,-77.56,74.37,-0.25,0.06,0.31,0.02,-0.06,0.00,-138.00,51.50,235.87,-0.13,-0.06,0.25,9,2
1772052348.553941,1025649,0.00,0.05,-0.07,-140.19,-77.56,74.37,-0.25,0.19,0.06,0.05,-0.08,0.00,-138.00,51.50,235.87,-0.13,-0.13,0.00,10,2
1772052348.744924,1025840,-0.01,0.07,-0.05,-140.19,-77.62,74.37,-1.00,0.00,0.31,0.00,-0.10,0.00,-138.00,51.50,235.87,0.13,0.19,0.25,11,4
1772052348.936126,1026031,0.00,0.09,-0.07,-140.19,-77.56,74.37,0.37,-0.37,-0.19,0.02,-0.08,0.00,-138.00,51.50,235.87,0.19,-0.56,-0.06,11,3
1772052349.127260,1026222,-0.01,0.02,-0.06,-140.06,-77.69,74.44,-0.06,-0.88,0.25,0.00,-0.08,0.00,-138.00,51.50,235.87,0.13,-0.19,0.56,10,3
1772052349.318421,1026414,0.00,0.08,-0.08,-140.12,-77.69,74.50,0.50,0.31,-0.75,0.06,-0.10,0.00,-138.06,51.50,235.87,-0.25,-0.69,0.44,9,3
1772052349.508497,1026604,0.00,0.02,-0.09,-140.31,-77.75,74.56,1.19,-0.69,-0.37,0.03,-0.12,0.00,-138.06,51.50,235.94,0.00,0.06,0.31,8,2
1772052349.699759,1026795,-0.03,0.10,-0.04,-140.25,-77.75,74.62,0.06,-0.37,0.06,0.03,-0.13,-0.01,-138.06,51.50,235.94,-0.19,-0.31,0.13,7,2
1772052349.891469,1026986,0.00,0.00,-0.09,-140.25,-77.75,74.62,-0.19,0.13,-0.06,-0.01,-0.06,-0.01,-138.06,51.50,235.94,-0.37,-0.13,-0.06,7,3
1772052350.084615,1027180,0.00,0.14,-0.05,-139.87,-77.81,74.56,-0.62,-0.25,0.13,0.03,-0.12,-0.01,-138.06,51.50,235.94,0.31,0.44,-0.25,7,3
1772052350.277778,1027373,-0.01,0.10,-0.08,-140.19,-77.81,74.62,0.37,-0.75,0.00,0.02,-0.13,-0.05,-138.06,51.44,235.87,0.37,0.06,-0.62,6,3
1772052350.467883,1027563,-0.03,0.00,-0.07,-140.37,-77.94,74.81,-1.31,0.25,0.81,0.02,-0.08,0.00,-138.06,51.50,235.87,0.62,0.19,-0.56,5,3
1772052350.660516,1027756,0.00,0.05,-0.08,-140.19,-77.87,74.62,0.25,0.06,0.19,0.03,-0.10,0.04,-138.00,51.44,235.87,0.13,0.44,-0.44,5,2
1772052350.852044,1027947,0.00,0.09,-0.03,-139.81,-77.94,74.56,-0.25,-1.25,0.19,0.02,-0.08,-0.01,-138.00,51.44,235.94,0.25,0.00,0.13,5,2
1772052351.043161,1028139,0.01,0.04,-0.10,-140.00,-77.94,74.56,0.62,0.69,-0.88,0.01,-0.07,-0.01,-138.00,51.44,235.94,0.13,-0.37,0.06,7,3
1772052351.234480,1028330,0.01,0.03,-0.11,-140.00,-77.94,74.62,0.75,-0.56,0.44,0.03,-0.08,0.02,-138.00,51.44,235.94,0.06,0.37,-0.25,7,3
1772052351.425727,1028521,0.01,0.14,-0.07,-139.87,-77.94,74.50,-0.13,0.19,0.50,0.02,-0.07,0.03,-138.00,51.44,235.94,0.06,-0.06,-0.19,8,2
1772052351.615926,1028711,0.03,0.11,-0.12,-139.81,-77.94,74.50,0.00,0.19,0.69,0.04,-0.05,0.01,-138.00,51.44,236.00,-0.06,-0.13,0.56,9,3
1772052351.807777,1028903,-0.01,0.10,-0.05,-139.87,-78.00,74.62,1.37,-0.56,0.00,0.03,-0.07,-0.03,-138.06,51.44,236.00,-0.37,-0.06,0.56,8,2
1772052352.000913,1029096,0.01,0.13,-0.12,-140.12,-78.00,74.62,1.00,0.13,0.19,0.04,-0.07,0.01,-138.12,51.50,235.94,-0.31,0.06,0.19,8,4
1772052352.194464,1029290,0.01,0.14,-0.10,-140.19,-78.00,74.69,-1.44,0.13,0.37,0.01,-0.10,0.00,-138.12,51.50,235.94,-0.19,-0.06,0.25,9,3
1772052352.386966,1029482,0.01,0.10,-0.09,-140.25,-78.06,74.75,0.75,-0.44,-0.75,0.05,-0.11,-0.01,-138.12,51.44,235.94,0.06,-0.13,-0.25,10,4
1772052352.577886,1029673,0.00,0.07,-0.07,-140.12,-78.12,74.81,-0.25,-1.31,0.06,-0.01,-0.14,-0.01,-138.06,51.44,236.00,0.25,-0.06,-0.19,9,4
1772052352.768948,1029864,0.06,0.11,-0.12,-140.06,-78.12,74.75,-0.31,1.44,-0.25,0.02,-0.06,0.00,-138.06,51.44,236.00,0.13,0.06,-0.31,8,4
1772052352.960566,1030056,0.02,0.12,-0.09,-140.19,-78.06,74.75,0.25,-0.19,-0.56,0.06,-0.08,0.01,-138.06,51.44,236.00,0.19,0.50,-0.50,7,4
1772052353.151996,1030247,0.01,0.13,-0.07,-140.12,-78.06,74.69,-0.50,-0.69,0.13,0.02,-0.09,0.00,-138.00,51.44,236.00,0.19,0.00,-0.50,7,4
1772052353.345310,1030441,0.05,0.19,-0.12,-140.06,-78.06,74.69,-0.06,0.19,0.13,0.04,-0.08,0.02,-138.00,51.44,236.00,0.13,0.44,-0.19,7,4
1772052353.538949,1030634,0.00,0.18,-0.09,-139.87,-78.12,74.62,0.06,-0.06,0.06,0.00,-0.11,0.02,-138.00,51.44,236.00,0.31,-0.06,-0.06,7,4
1772052353.729518,1030825,0.01,0.11,-0.10,-140.00,-78.12,74.62,-0.44,0.19,-0.50,0.02,-0.08,0.00,-138.00,51.44,236.00,0.25,0.19,-0.44,7,4
1772052353.922293,1031018,0.03,0.17,-0.09,-140.06,-78.12,74.62,-1.12,-0.56,0.37,0.03,-0.09,0.01,-138.00,51.44,236.00,0.13,0.44,-0.06,7,3
1772052354.113865,1031209,0.01,0.10,-0.09,-140.06,-78.12,74.62,0.06,-0.25,-0.25,0.04,-0.09,0.05,-138.00,51.44,236.00,-0.13,-0.31,-0.13,7,3
1772052354.304969,1031401,0.01,0.09,-0.08,-139.81,-78.19,74.62,0.13,-0.75,0.00,0.02,-0.09,-0.03,-138.00,51.44,236.06,-0.19,-0.50,0.69,7,3
1772052354.496469,1031592,0.05,0.13,-0.15,-140.00,-78.19,74.69,0.19,0.88,-1.31,0.04,-0.10,0.00,-138.06,51.44,236.00,-0.19,-0.13,0.81,8,3
1772052354.687828,1031783,0.01,0.08,-0.09,-140.25,-78.25,74.81,0.25,-0.06,-0.50,0.07,-0.14,0.01,-138.12,51.44,236.06,-0.31,-0.37,0.37,8,3
1772052354.877942,1031973,0.02,0.11,-0.09,-140.25,-78.25,74.81,-0.19,-0.13,0.19,0.01,-0.11,0.01,-138.12,51.44,236.06,-0.19,-0.25,0.13,7,3
1772052355.071283,1032167,0.02,0.15,-0.15,-140.25,-78.25,74.81,-0.06,0.50,0.62,0.04,-0.07,0.01,-138.12,51.38,236.12,0.25,0.50,0.19,7,2
1772052355.264788,1032360,-0.02,0.19,-0.11,-140.00,-78.31,74.81,0.37,-0.31,0.13,0.12,-0.16,-0.02,-138.12,51.38,236.06,0.25,-0.19,-0.37,7,3
1772052355.457343,1032553,0.02,0.12,-0.15,-140.37,-78.31,74.87,-0.13,-0.81,-0.56,0.07,-0.12,-0.01,-138.12,51.38,236.06,0.13,0.19,-0.56,7,3
1772052355.648362,1032744,0.02,0.16,-0.11,-140.19,-78.37,74.94,-1.19,0.56,0.37,0.02,-0.09,0.01,-138.06,51.38,236.06,0.37,0.44,-0.25,7,5
1772052355.839845,1032935,-0.01,0.07,-0.09,-140.12,-78.37,74.87,-0.69,0.13,0.44,0.00,-0.09,0.00,-138.12,51.31,236.12,-0.13,-0.44,-0.19,7,4
1772052356.030416,1033126,0.06,0.04,-0.11,-140.06,-78.31,74.81,-1.25,0.25,0.75,0.01,-0.13,0.02,-138.12,51.38,236.06,1.25,1.06,0.88,6,4
1772052356.221742,1033317,0.01,0.08,-0.10,-139.69,-78.19,74.56,1.37,1.62,0.31,-0.02,-0.05,0.01,-138.25,51.44,235.87,-0.44,-0.13,0.56,7,4
1772052356.413070,1033508,-0.02,0.09,-0.05,-139.00,-78.06,74.31,-2.75,-1.19,1.06,0.07,-0.11,0.00,-138.31,51.56,235.69,0.06,0.06,-0.06,7,4
1772052356.604604,1033700,-0.01,0.07,-0.07,-138.50,-78.06,74.12,0.94,0.44,-0.88,0.06,-0.05,0.00,-138.19,51.50,235.81,0.44,0.25,-0.88,9,4
1772052356.796484,1033892,0.00,0.08,-0.11,-138.87,-77.94,74.12,-0.19,-0.44,-0.13,0.08,-0.12,0.02,-138.19,51.50,235.75,0.06,-0.31,-0.31,9,4
1772052356.986676,1034082,0.02,0.06,-0.07,-138.87,-77.87,74.06,0.19,-0.56,-0.88,0.02,-0.10,0.04,-138.25,51.44,235.75,0.19,-0.06,0.00,9,4
1772052357.180690,1034276,-0.03,0.08,-0.04,-138.69,-77.94,74.12,0.13,0.81,-0.13,0.02,-0.06,0.03,-138.25,51.44,235.75,0.00,0.19,0.06,8,4
1772052357.373538,1034469,0.00,0.07,-0.08,-138.94,-77.87,74.06,-0.81,0.00,0.37,0.08,-0.10,0.00,-138.25,51.44,235.75,0.31,0.19,-0.37,9,4
1772052357.565103,1034661,0.00,0.05,-0.04,-138.62,-77.87,74.00,-0.44,-1.37,0.31,0.04,-0.06,0.03,-138.25,51.44,235.81,-0.13,-0.37,0.31,10,2
1772052357.756443,1034852,-0.02,0.08,-0.04,-138.69,-77.87,73.94,0.50,0.69,-0.56,0.03,-0.09,0.00,-138.25,51.50,235.75,0.25,-0.69,0.56,9,2
1772052357.947624,1035043,0.03,0.03,-0.07,-139.06,-77.94,74.19,0.50,0.19,0.19,0.04,-0.08,0.05,-138.31,51.50,235.75,-0.19,-0.06,0.00,9,2
1772052358.138419,1035234,0.00,0.11,-0.05,-138.81,-78.00,74.12,0.31,-0.81,-0.25,0.04,-0.11,0.05,-138.31,51.50,235.75,-0.31,0.13,-0.31,8,2
1772052358.329610,1035425,0.00,0.04,-0.02,-138.56,-78.06,74.19,-0.31,-1.06,0.00,0.03,-0.10,0.02,-138.25,51.50,235.81,-0.06,-0.13,0.00,7,3
1772052358.521927,1035617,0.00,0.07,-0.10,-138.56,-78.06,74.19,-0.13,0.81,-0.37,-0.01,-0.10,-0.02,-138.31,51.44,235.87,0.06,-0.69,0.13,7,3
1772052358.715298,1035811,-0.01,-0.03,-0.07,-138.62,-78.19,74.37,-0.13,-0.88,0.31,0.06,-0.12,0.06,-138.31,51.44,235.87,0.25,0.31,-0.19,7,3
1772052358.907669,1036003,0.05,0.07,-0.08,-138.56,-78.19,74.25,0.50,0.37,-0.13,0.05,-0.08,0.06,-138.25,51.44,235.87,0.13,0.44,-0.75,6,3
1772052359.098382,1036194,-0.01,0.09,-0.01,-138.44,-78.19,74.25,-0.50,-0.62,0.06,0.05,-0.08,0.02,-138.19,51.44,235.87,0.25,0.19,-0.56,6,2
1772052359.290944,1036386,0.03,0.10,-0.09,-138.62,-78.19,74.25,-0.37,0.88,-0.69,0.04,-0.07,0.01,-138.19,51.38,235.87,-0.37,-0.06,-0.31,6,2
1772052359.481990,1036578,0.03,0.07,-0.08,-138.62,-78.19,74.31,0.13,-0.69,-0.06,0.04,-0.07,0.05,-138.19,51.44,235.87,0.00,0.25,-0.37,6,4
1772052359.673365,1036769,0.01,0.17,-0.05,-138.50,-78.19,74.19,-0.37,0.19,0.25,0.05,-0.09,0.02,-138.19,51.44,235.87,0.06,0.19,-0.13,7,4
1772052359.864583,1036960,-0.03,0.09,-0.14,-138.69,-78.12,74.19,0.06,0.25,-0.81,0.00,-0.10,0.00,-138.19,51.38,235.94,0.06,0.31,0.37,8,4
1772052360.056562,1037152,-0.05,0.10,-0.05,-138.75,-78.19,74.25,-0.44,0.19,0.19,0.06,-0.10,0.00,-138.25,51.38,235.94,0.25,0.50,0.13,7,4
1772052360.246810,1037342,0.02,0.09,-0.11,-138.87,-78.19,74.25,-0.19,0.25,-0.56,0.04,-0.06,0.01,-138.25,51.38,235.94,-0.06,0.13,0.13,7,2
1772052360.440592,1037536,0.00,0.16,-0.10,-138.75,-78.12,74.12,-0.62,-0.13,0.13,0.05,-0.09,0.02,-138.25,51.38,235.94,-0.19,0.19,0.37,7,3
1772052360.634535,1037730,0.00,0.06,-0.07,-138.87,-78.19,74.25,0.44,-0.50,-0.69,0.02,-0.10,0.05,-138.25,51.38,235.94,0.13,0.13,-0.19,7,3
1772052360.826172,1037922,0.00,0.05,-0.04,-138.81,-78.19,74.31,-0.13,-0.50,-0.13,0.06,-0.09,0.03,-138.25,51.38,236.00,-0.13,-0.25,0.06,8,4
1772052361.017231,1038113,0.01,0.06,-0.09,-138.75,-78.19,74.25,0.19,0.31,-0.50,0.05,-0.08,0.02,-138.25,51.38,236.00,0.06,-0.25,0.25,8,4
1772052361.208204,1038304,-0.01,0.04,-0.09,-138.81,-78.19,74.31,0.94,-0.50,0.19,0.07,-0.13,0.07,-138.25,51.38,236.00,0.19,0.00,-0.13,7,4
1772052361.399095,1038495,0.03,0.15,-0.09,-138.69,-78.12,74.12,1.12,-0.19,-0.62,0.03,-0.08,0.07,-138.19,51.38,236.00,0.44,0.19,-0.88,7,2
1772052361.590050,1038686,-0.05,0.16,-0.10,-138.75,-78.06,74.19,-0.25,0.44,0.62,0.00,-0.09,0.04,-138.19,51.31,236.06,-0.06,0.19,0.06,7,2
1772052361.781248,1038877,-0.02,0.16,-0.06,-138.69,-78.06,74.06,-1.06,-0.44,0.81,0.09,-0.14,-0.01,-138.19,51.31,236.06,0.06,0.19,0.06,7,2
1772052361.972309,1039068,-0.01,0.06,-0.06,-138.56,-77.94,73.94,0.19,0.00,0.06,0.02,-0.05,0.03,-138.19,51.31,236.06,0.00,-0.19,-0.25,8,2
1772052362.163539,1039259,0.00,0.06,-0.03,-138.50,-78.00,73.94,-0.88,0.06,0.13,0.05,-0.10,0.04,-138.19,51.31,236.06,0.13,0.44,0.06,9,2
1772052362.353177,1039449,0.01,0.07,-0.04,-138.44,-77.94,73.87,0.44,0.06,-0.19,0.06,-0.08,0.01,-138.19,51.31,236.06,0.00,0.00,0.25,8,2
1772052362.545695,1039641,0.02,0.03,-0.07,-138.50,-77.87,73.87,0.37,-0.25,-0.37,0.01,-0.09,0.05,-138.19,51.31,236.12,0.13,0.13,0.37,8,1
1772052362.739542,1039835,0.05,0.10,-0.06,-138.37,-77.87,73.75,0.88,-0.37,-0.44,0.07,-0.10,0.04,-138.19,51.31,236.12,-0.19,0.00,-0.31,8,1
1772052362.932723,1040028,0.01,0.10,-0.08,-138.50,-77.94,73.87,0.44,-0.25,-0.25,0.04,-0.08,0.04,-138.19,51.31,236.12,-0.31,0.19,-0.06,9,2
1772052363.124266,1040220,-0.01,0.15,-0.05,-138.44,-77.94,73.87,-0.81,-0.37,0.31,0.07,-0.12,0.06,-138.19,51.31,236.12,-0.37,-0.25,0.19,10,2
1772052363.315135,1040411,-0.01,0.06,-0.05,-138.62,-78.00,73.94,0.06,-0.69,-0.75,0.06,-0.15,0.09,-138.19,51.31,236.12,0.00,0.06,0.06,9,2
1772052363.506348,1040602,0.00,0.02,-0.06,-138.50,-78.06,74.00,-0.25,-0.94,-0.13,0.05,-0.10,0.03,-138.19,51.25,236.25,-0.13,-0.37,0.25,9,2
1772052363.697334,1040793,-0.01,0.08,-0.08,-138.44,-78.06,73.94,-0.06,0.62,-0.56,0.06,-0.12,0.00,-138.19,51.25,236.25,-0.25,-0.19,0.50,8,3
1772052363.888260,1040984,0.01,0.03,-0.11,-138.56,-78.06,74.00,0.81,-0.50,0.06,0.07,-0.14,0.00,-138.19,51.25,236.25,-0.19,0.13,0.06,8,3
1772052364.080236,1041176,-0.04,0.14,-0.06,-138.44,-78.06,73.94,-0.13,-0.13,0.19,0.03,-0.09,0.02,-138.19,51.25,236.25,0.13,-0.19,-0.44,8,5
1772052364.273957,1041370,-0.02,0.05,-0.07,-138.50,-78.06,74.00,0.13,-0.62,0.06,0.06,-0.14,0.04,-138.19,51.31,236.25,0.25,0.44,0.13,8,5
1772052364.464955,1041561,-0.04,0.04,-0.07,-138.50,-78.12,74.00,0.44,0.44,0.00,0.03,-0.12,0.02,-138.19,51.31,236.19,0.19,0.19,-0.37,8,5
1772052364.658782,1041754,-0.01,0.08,-0.09,-138.37,-78.06,73.94,-0.69,-0.25,-0.25,0.06,-0.08,0.02,-138.19,51.31,236.19,0.00,-0.06,-0.06,8,5
1772052364.849994,1041946,0.00,0.12,-0.07,-138.31,-78.12,73.87,-0.62,-0.37,0.25,0.06,-0.08,0.03,-138.19,51.31,236.19,-0.06,-0.13,0.06,8,5
1772052365.040953,1042137,-0.05,0.06,-0.11,-138.31,-78.12,73.87,0.44,0.37,-0.25,0.04,-0.10,0.00,-138.19,51.25,236.25,-0.56,-0.50,0.25,9,5
1772052365.231769,1042328,-0.01,0.14,-0.06,-138.37,-78.12,73.87,-1.12,0.06,0.19,0.06,-0.10,0.04,-138.19,51.25,236.25,0.13,0.00,0.37,9,6
1772052365.422379,1042518,0.00,0.07,-0.11,-138.56,-78.12,73.87,0.31,0.31,0.56,0.07,-0.13,0.00,-138.25,51.25,236.25,0.19,-1.00,0.06,10,6
1772052365.613233,1042709,-0.09,-0.07,-0.06,-138.69,-78.19,74.06,1.25,-1.56,0.19,0.05,-0.07,0.02,-138.25,51.25,236.25,0.06,0.19,0.31,11,5
1772052365.804181,1042900,0.04,0.08,-0.12,-138.75,-78.12,73.94,1.31,1.31,0.13,0.04,-0.06,0.04,-138.25,51.25,236.31,0.19,0.37,0.19,11,5
1772052365.995485,1043091,0.04,0.21,-0.11,-138.69,-78.12,73.87,-0.31,-0.75,-0.19,0.06,-0.09,0.06,-138.25,51.25,236.31,0.06,0.25,0.75,10,3
1772052366.187169,1043283,-0.04,0.14,-0.05,-138.50,-78.19,73.87,0.44,-0.44,-0.06,0.03,-0.11,0.04,-138.31,51.31,236.25,-0.06,-0.37,0.19,9,3
1772052366.381074,1043477,0.01,0.09,-0.10,-138.69,-78.19,74.00,0.31,0.44,-0.50,0.06,-0.09,0.00,-138.37,51.31,236.25,-0.31,-0.13,0.13,10,4
1772052366.572447,1043668,0.02,0.14,-0.08,-138.69,-78.25,74.06,-1.00,-0.50,0.37,0.07,-0.11,0.02,-138.37,51.31,236.25,-0.06,0.19,0.19,9,4
1772052366.766159,1043862,-0.02,0.06,-0.11,-138.69,-78.25,74.06,0.44,0.00,-0.13,0.13,-0.09,0.00,-138.37,51.31,236.25,-0.50,-0.75,-0.06,8,4
1772052366.957145,1044053,0.06,0.14,-0.12,-138.62,-78.25,74.00,0.69,-0.44,-0.19,0.08,-0.07,0.05,-138.37,51.31,236.25,0.81,0.94,-0.13,7,4
1772052367.148052,1044244,0.03,0.09,-0.12,-138.69,-78.31,74.06,1.06,0.25,0.50,0.06,-0.10,0.00,-138.37,51.31,236.19,-0.56,-0.56,-0.37,6,3
1772052367.339000,1044435,-0.01,0.06,-0.09,-138.56,-78.31,74.06,-1.00,-0.88,1.00,0.04,-0.08,0.04,-138.37,51.31,236.19,0.13,0.25,-0.25,6,3
1772052367.529507,1044625,0.03,0.12,-0.10,-138.31,-78.31,73.94,0.37,-0.13,0.06,0.06,-0.07,0.08,-138.37,51.31,236.19,0.13,0.31,-0.19,6,3
1772052367.720442,1044816,0.00,0.09,-0.05,-138.12,-78.37,73.94,0.00,-1.25,0.13,0.04,-0.09,0.06,-138.37,51.31,236.19,0.19,-0.19,0.13,7,4
1772052367.911272,1045007,0.03,0.05,-0.15,-138.44,-78.31,73.94,0.44,0.69,-0.81,0.03,-0.05,0.03,-138.37,51.31,236.19,-0.06,0.00,0.00,8,4
1772052368.102430,1045198,0.01,0.07,-0.11,-138.50,-78.31,73.94,0.81,-0.25,0.56,0.06,-0.06,0.07,-138.37,51.31,236.19,-0.31,0.25,-0.06,9,4
1772052368.293276,1045389,0.00,0.18,-0.11,-138.44,-78.31,73.87,-0.44,0.44,0.25,-0.01,-0.06,-0.01,-138.37,51.31,236.19,0.00,0.19,0.00,8,5
1772052368.483107,1045579,0.00,0.10,-0.12,-138.62,-78.31,74.06,-1.75,0.37,0.88,0.04,-0.08,0.01,-138.37,51.31,236.25,0.37,0.81,0.19,9,4
1772052368.673631,1045770,-0.05,0.09,-0.11,-138.25,-78.31,73.94,0.00,0.25,0.56,0.05,-0.09,0.05,-138.37,51.31,236.25,-0.19,0.19,0.50,9,4
1772052368.864552,1045960,0.01,0.16,-0.09,-138.12,-78.19,73.81,-0.37,0.31,-0.06,0.06,-0.08,0.00,-138.37,51.31,236.25,-0.75,-0.44,0.00,9,4
1772052369.055343,1046151,-0.03,0.10,-0.13,-138.44,-78.12,73.94,-0.56,0.19,-0.37,0.06,-0.10,0.02,-138.31,51.31,236.25,-0.31,-0.13,0.19,8,4
1772052369.246058,1046342,-0.01,0.05,-0.10,-138.37,-78.06,73.87,0.56,-0.19,-0.44,0.06,-0.14,0.07,-138.31,51.31,236.25,-0.06,0.31,-0.37,7,4
1772052369.436723,1046532,0.01,0.05,-0.02,-138.19,-78.06,73.87,-0.75,-0.44,0.25,0.04,-0.10,0.04,-138.25,51.38,236.25,-0.31,0.06,-0.44,7,3
1772052369.627167,1046723,0.08,0.07,-0.09,-138.44,-78.06,73.87,0.06,1.50,-0.81,0.06,-0.10,0.05,-138.25,51.31,236.31,0.62,0.06,-0.37,6,2
1772052369.817750,1046914,0.03,0.03,-0.08,-138.69,-78.12,74.00,1.75,-1.06,0.13,0.03,-0.11,0.03,-138.19,51.38,236.25,0.06,0.31,-0.81,6,2
1772052370.008571,1047105,0.02,0.12,-0.03,-138.37,-78.12,73.81,0.06,-0.13,0.50,0.06,-0.10,0.04,-138.06,51.31,236.31,0.13,0.81,-0.50,6,2
1772052370.199524,1047295,0.02,0.10,-0.11,-138.19,-78.12,73.75,-0.13,-0.69,-0.44,0.04,-0.10,0.04,-137.94,51.31,236.31,0.37,0.62,0.00,7,1
1772052370.390281,1047486,-0.03,0.11,-0.09,-137.94,-78.19,73.75,0.56,0.31,-0.31,0.08,-0.12,0.02,-137.94,51.31,236.31,0.44,0.37,-0.44,7,1
1772052370.580575,1047676,0.00,0.10,-0.12,-138.19,-78.19,73.94,-0.13,0.19,-0.69,0.06,-0.09,0.00,-137.94,51.31,236.31,0.13,0.62,-0.25,8,2
1772052370.771431,1047867,0.00,0.13,-0.05,-138.12,-78.25,73.87,-0.75,-0.50,0.44,0.07,-0.10,0.02,-137.94,51.31,236.31,0.06,0.37,-0.37,8,3
1772052370.962350,1048058,0.03,0.10,-0.10,-138.19,-78.19,73.87,0.75,-0.50,-0.56,0.06,-0.09,0.00,-137.94,51.31,236.31,-0.94,-0.44,0.06,9,3
1772052371.152666,1048249,0.00,0.10,-0.03,-138.31,-78.25,73.94,-1.19,0.37,0.13,0.06,-0.07,0.00,-137.94,51.31,236.37,-0.31,-0.31,0.13,9,3
1772052371.343638,1048439,0.04,0.10,-0.11,-138.44,-78.19,73.94,-0.81,-0.13,0.50,0.05,-0.12,-0.01,-137.94,51.31,236.37,-0.13,-0.13,0.00,9,3
1772052371.534025,1048630,-0.01,0.03,-0.06,-138.44,-78.19,74.00,-0.13,-0.37,0.19,0.05,-0.09,0.02,-137.94,51.31,236.37,0.13,-0.13,-0.06,9,5
1772052371.724346,1048820,0.00,0.09,-0.08,-138.44,-78.19,73.94,0.56,0.69,-0.06,0.05,-0.10,0.00,-137.94,51.31,236.37,0.06,-0.06,0.37,8,6
1772052371.915439,1049011,0.01,0.05,-0.08,-138.44,-78.19,73.94,0.19,0.00,-0.13,0.07,-0.13,-0.02,-137.87,51.31,236.37,-1.12,-0.88,0.19,8,7
1772052372.106151,1049202,0.00,0.10,-0.08,-138.25,-78.25,73.94,-0.88,-0.13,-0.19,0.09,-0.13,0.00,-137.87,51.31,236.44,0.19,-0.50,0.13,8,7
1772052372.296546,1049392,0.01,0.05,-0.09,-138.62,-78.25,74.00,1.69,-0.37,-0.37,0.04,-0.16,-0.01,-137.94,51.31,236.44,0.06,-0.44,-0.25,8,7
1772052372.486889,1049583,-0.03,0.06,-0.10,-138.44,-78.25,74.00,0.25,-0.31,0.44,0.08,-0.13,0.03,-137.87,51.31,236.44,-0.06,0.25,-0.37,8,7
1772052372.677455,1049774,0.02,0.16,-0.11,-138.31,-78.25,73.94,0.37,-0.25,0.13,0.05,-0.14,0.01,-137.87,51.31,236.44,0.31,0.37,-0.50,8,7
1772052372.868338,1049964,-0.01,0.15,-0.11,-138.19,-78.31,73.94,0.25,0.37,0.25,0.07,-0.12,0.04,-137.81,51.25,236.56,0.00,0.31,-0.13,8,7
1772052373.059077,1050155,-0.02,0.14,-0.13,-138.19,-78.31,73.94,0.31,-0.50,0.37,0.09,-0.17,0.00,-137.81,51.25,236.50,0.13,0.00,-0.25,9,7
1772052373.249554,1050345,-0.01,0.05,-0.12,-138.25,-78.37,73.94,-0.25,0.00,0.06,0.03,-0.11,0.02,-137.81,51.25,236.56,-0.06,0.13,-0.37,10,7
1772052373.440070,1050536,0.00,0.11,-0.06,-138.12,-78.37,73.94,-0.75,0.06,0.25,0.07,-0.12,0.05,-137.81,51.25,236.56,0.44,-0.50,-0.31,10,5
1772052373.630670,1050727,0.00,0.04,-0.08,-138.37,-78.37,74.00,1.94,-1.00,-0.69,0.05,-0.13,0.01,-137.81,51.19,236.56,0.06,0.06,-0.31,9,4
1772052373.821375,1050917,-0.01,0.10,-0.15,-138.19,-78.37,73.94,0.81,-0.50,-0.50,0.02,-0.13,0.05,-137.81,51.19,236.56,0.06,0.62,-0.31,9,5
1772052374.012030,1051108,0.00,0.17,-0.07,-138.00,-78.37,73.81,0.06,0.31,0.25,0.05,-0.12,0.02,-137.81,51.19,236.56,-0.06,0.06,-0.44,8,5
1772052374.202633,1051298,0.02,0.13,-0.14,-138.25,-78.37,73.87,0.25,0.44,-1.19,0.06,-0.11,0.02,-137.81,51.19,236.56,0.19,0.25,-0.25,7,4
1772052374.393138,1051489,0.02,0.14,-0.10,-138.25,-78.44,73.94,-0.94,-0.06,0.37,0.08,-0.15,0.01,-137.81,51.19,236.56,0.00,0.37,-0.37,7,5
1772052374.583607,1051680,0.02,0.10,-0.09,-138.25,-78.44,73.87,-0.13,-0.19,-0.06,0.05,-0.14,0.02,-137.81,51.19,236.56,0.13,0.13,0.13,7,4
1772052374.774022,1051870,0.00,0.18,-0.15,-138.31,-78.44,73.94,0.37,-0.69,-1.06,0.03,-0.13,0.03,-137.81,51.19,236.69,0.56,-0.37,0.06,7,3
1772052374.964632,1052061,-0.02,0.05,-0.08,-138.06,-78.44,73.94,1.81,-0.62,-0.25,0.04,-0.13,0.00,-137.81,51.19,236.62,0.13,-0.25,0.00,7,5
1772052375.155194,1052251,0.01,0.13,-0.12,-138.19,-78.31,73.87,0.25,0.69,-0.88,0.05,-0.12,0.01,-137.87,51.25,236.56,-0.13,0.00,0.13,7,5
1772052375.345902,1052442,0.03,0.16,-0.09,-138.25,-78.31,73.87,-0.94,0.37,0.62,0.08,-0.15,0.02,-137.87,51.25,236.56,-0.19,0.13,0.25,7,5
1772052375.536628,1052632,0.00,0.06,-0.09,-138.25,-78.19,73.81,0.69,-0.44,-0.62,0.07,-0.16,0.00,-137.87,51.25,236.56,0.06,-0.31,-0.06,8,5
1772052375.727164,1052823,0.00,0.01,-0.06,-138.12,-78.19,73.81,-0.13,-0.94,0.37,0.06,-0.16,0.00,-137.87,51.25,236.62,0.25,0.00,0.06,9,4
1772052375.917838,1053014,0.01,0.09,-0.09,-138.06,-78.06,73.62,0.00,1.50,-0.31,0.07,-0.12,0.03,-137.87,51.25,236.62,-0.44,-0.06,0.06,10,4
1772052376.108569,1053204,0.01,0.08,-0.09,-138.37,-78.06,73.62,0.06,-0.81,-0.25,0.12,-0.17,0.05,-137.87,51.25,236.62,0.06,0.37,-0.25,10,4
1772052376.299469,1053395,0.01,0.08,-0.06,-138.19,-78.06,73.62,0.69,-1.06,-0.31,0.07,-0.13,0.03,-137.81,51.19,236.69,0.00,0.06,-0.44,10,4
1772052376.489892,1053586,0.00,0.13,-0.11,-138.00,-78.12,73.56,0.00,0.19,0.88,0.02,-0.07,0.01,-137.81,51.19,236.69,-0.25,0.13,-0.06,9,4
1772052376.680659,1053777,-0.04,0.16,-0.09,-137.75,-78.12,73.50,-0.62,-0.19,0.56,0.10,-0.11,0.00,-137.81,51.19,236.69,0.06,-0.06,0.00,9,5
1772052376.871054,1053967,0.01,0.06,-0.10,-137.94,-78.12,73.56,0.31,0.25,-0.19,0.06,-0.12,0.00,-137.81,51.19,236.69,-0.06,-0.13,0.13,8,2
1772052377.061723,1054158,-0.02,0.05,-0.04,-137.94,-78.19,73.56,-1.19,-0.19,0.37,0.05,-0.12,0.00,-137.81,51.19,236.69,0.13,0.25,0.06,7,2
1772052377.252524,1054349,0.00,0.08,-0.08,-137.94,-78.19,73.50,-0.25,-0.13,-0.25,0.07,-0.11,0.04,-137.81,51.19,236.69,0.06,0.00,0.00,7,2
1772052377.443229,1054539,0.07,0.13,-0.09,-138.00,-78.19,73.56,0.25,-0.69,-0.44,0.06,-0.11,0.05,-137.87,51.19,236.75,0.06,0.25,0.19,7,3
1772052377.633992,1054730,0.03,0.15,-0.10,-137.81,-78.25,73.56,-0.62,0.31,0.00,0.07,-0.11,0.01,-137.87,51.19,236.75,-0.69,-0.44,0.06,8,3
1772052377.824460,1054921,0.01,0.07,-0.12,-137.87,-78.25,73.56,0.37,-0.69,0.06,0.04,-0.15,0.02,-137.87,51.19,236.75,-0.13,0.31,0.13,8,3
1772052378.015195,1055111,0.00,0.14,-0.08,-137.50,-78.31,73.50,0.00,-0.13,-0.25,0.05,-0.12,0.02,-137.87,51.19,236.75,-0.25,-0.44,0.37,8,3
1772052378.206029,1055302,-0.03,0.09,-0.11,-137.62,-78.37,73.56,0.37,0.00,-0.13,0.06,-0.13,0.00,-137.87,51.13,236.75,-0.94,-1.06,0.19,8,3
1772052378.396390,1055492,0.01,0.05,-0.07,-137.37,-78.37,73.56,-0.62,-0.31,0.06,0.08,-0.11,0.00,-137.87,51.13,236.87,-0.44,-0.31,0.56,9,2
1772052378.586921,1055683,0.02,0.11,-0.13,-137.31,-78.37,73.50,0.19,0.50,0.13,0.07,-0.20,0.00,-137.87,51.13,236.87,-0.06,-0.50,0.44,9,2
1772052378.777608,1055874,0.00,0.05,-0.12,-137.44,-78.37,73.62,0.31,-0.25,0.00,0.04,-0.15,0.01,-137.87,51.13,236.87,-0.31,0.00,0.19,9,3
1772052378.968311,1056064,0.11,0.11,-0.15,-137.44,-78.37,73.56,-0.94,-0.06,-0.44,0.08,-0.14,0.03,-137.87,51.13,236.87,0.37,0.62,0.00,9,2
1772052379.159329,1056255,-0.01,0.03,-0.13,-137.19,-78.44,73.62,-0.19,-0.50,-0.44,0.06,-0.15,0.07,-137.81,51.13,236.87,0.37,0.13,0.25,8,2
1772052379.349844,1056446,-0.01,0.07,-0.10,-137.19,-78.44,73.50,0.37,0.13,0.00,0.07,-0.13,0.02,-137.81,51.13,236.87,0.13,-0.19,-0.25,7,2
1772052379.540316,1056636,0.04,0.09,-0.17,-137.56,-78.37,73.56,-0.37,-0.56,-0.31,0.04,-0.12,0.00,-137.81,51.13,236.87,0.19,0.44,0.00,6,1
1772052379.731198,1056827,-0.01,0.13,-0.06,-137.12,-78.50,73.56,-0.50,-0.06,0.13,0.07,-0.10,0.01,-137.81,51.13,236.87,-0.06,-0.25,0.13,6,1
1772052379.921813,1057018,-0.05,0.09,-0.14,-137.31,-78.44,73.56,0.13,0.69,-0.37,0.04,-0.09,0.03,-137.81,51.13,236.94,-0.37,-0.56,0.13,6,1
1772052380.112677,1057209,0.03,0.10,-0.11,-137.50,-78.37,73.50,-1.19,-0.06,0.00,0.11,-0.13,0.04,-137.81,51.13,236.94,0.37,-0.13,0.06,7,1
1772052380.303203,1057399,0.00,0.04,-0.09,-137.56,-78.31,73.50,1.50,-1.19,0.25,0.07,-0.13,0.00,-137.87,51.13,236.94,-0.13,-0.19,-0.06,7,3
1772052380.493689,1057590,-0.03,0.06,-0.10,-137.50,-78.25,73.44,-0.19,0.06,0.44,0.05,-0.10,0.02,-137.87,51.13,236.94,0.06,0.06,-0.06,8,3
1772052380.684210,1057780,0.00,0.12,-0.09,-137.62,-78.12,73.31,-0.19,0.00,0.06,0.06,-0.11,0.03,-137.87,51.13,236.94,-0.06,-0.06,0.25,8,2
1772052380.874839,1057971,0.00,0.06,-0.10,-137.56,-78.12,73.25,0.13,-0.06,0.19,0.09,-0.10,0.01,-137.87,51.06,236.94,0.13,0.25,0.44,9,3
1772052381.065769,1058162,0.00,0.11,-0.06,-137.37,-78.19,73.31,-0.75,0.13,0.00,0.03,-0.12,0.05,-137.94,51.13,236.87,0.13,0.25,0.44,9,3
1772052381.256275,1058352,0.01,0.09,-0.09,-137.56,-78.19,73.37,0.44,-0.62,0.06,0.08,-0.13,0.02,-138.00,51.13,236.87,-0.25,-0.31,0.44,9,4
1772052381.446850,1058543,-0.02,0.04,-0.10,-137.50,-78.25,73.44,-0.31,-0.06,0.31,0.04,-0.12,0.02,-138.00,51.13,236.87,0.06,0.00,0.25,8,4
1772052381.637408,1058734,-0.01,0.05,-0.11,-137.50,-78.25,73.44,0.50,0.50,-0.25,0.06,-0.14,0.00,-138.06,51.13,236.87,0.00,0.13,0.00,8,4
1772052381.828348,1058924,-0.04,0.01,-0.07,-137.44,-78.31,73.56,-0.81,-0.94,-0.19,0.04,-0.17,0.03,-138.00,51.13,236.87,0.50,0.25,-0.25,7,4
1772052382.018955,1059115,0.02,0.02,-0.14,-137.50,-78.31,73.50,0.00,0.88,0.06,0.06,-0.10,0.06,-138.00,51.13,236.87,0.25,0.37,-0.44,7,3
1772052382.209419,1059306,0.02,0.11,-0.10,-137.62,-78.31,73.50,0.69,0.44,-0.62,0.05,-0.11,0.06,-137.94,51.13,236.94,0.25,0.44,-0.31,7,3
1772052382.400418,1059496,0.00,0.09,-0.10,-137.62,-78.31,73.44,-0.50,-0.06,0.19,0.07,-0.09,0.00,-137.94,51.13,236.87,-0.13,0.13,-0.31,7,3
1772052382.590761,1059687,0.02,0.04,-0.11,-137.62,-78.31,73.44,0.13,0.50,0.25,0.06,-0.09,0.04,-137.94,51.06,236.94,-0.06,0.06,-0.25,7,4
1772052382.781301,1059878,0.00,0.14,-0.07,-137.50,-78.31,73.44,-0.81,0.00,0.06,0.10,-0.13,0.04,-137.94,51.06,236.94,0.50,0.37,0.06,7,3
1772052382.972471,1060069,0.00,0.06,-0.09,-137.62,-78.37,73.44,0.44,-0.13,0.44,0.07,-0.15,0.04,-137.94,51.06,236.94,0.37,-0.37,-0.44,9,3
1772052383.163196,1060259,-0.06,-0.01,-0.07,-137.44,-78.37,73.56,0.62,-0.94,0.13,0.05,-0.09,0.03,-137.87,51.13,236.87,0.06,0.06,-0.19,9,3
1772052383.353799,1060450,0.02,0.10,-0.14,-137.37,-78.37,73.37,0.56,1.06,-0.13,0.04,-0.09,0.03,-137.87,51.13,236.87,0.13,0.56,-0.06,10,3
1772052383.544350,1060641,0.01,0.17,-0.12,-137.25,-78.31,73.37,-0.25,-0.50,0.00,0.07,-0.12,0.03,-137.87,51.13,236.94,0.19,0.50,-0.06,10,3
1772052383.735029,1060831,-0.01,0.16,-0.08,-136.94,-78.44,73.37,0.75,-0.81,0.00,0.03,-0.12,0.03,-137.87,51.13,236.94,0.19,0.06,-0.06,10,3
1772052383.925545,1061022,0.01,0.09,-0.12,-137.06,-78.44,73.44,0.19,0.13,-0.31,0.04,-0.11,0.03,-137.87,51.13,236.94,0.00,0.37,0.06,10,3
1772052384.116374,1061213,0.00,0.13,-0.11,-137.06,-78.50,73.50,-0.81,-0.13,0.25,0.10,-0.14,0.03,-137.87,51.13,236.94,-0.06,0.13,0.13,9,2
1772052384.307205,1061403,0.00,0.11,-0.15,-137.06,-78.50,73.50,0.81,0.00,-0.13,0.12,-0.16,0.07,-137.87,51.13,236.94,0.00,-0.31,-0.06,8,3
1772052384.497775,1061594,-0.01,0.04,-0.12,-137.06,-78.56,73.62,1.81,-1.87,-0.62,0.03,-0.15,0.06,-137.81,51.13,237.00,0.19,0.00,-0.31,8,3
1772052384.688405,1061785,-0.01,0.13,-0.10,-136.75,-78.56,73.50,0.69,1.44,0.62,0.05,-0.09,0.04,-137.87,51.13,236.87,-0.50,-0.25,-0.50,8,3
1772052384.879036,1061975,0.01,0.13,-0.15,-137.25,-78.50,73.56,0.00,0.25,-0.56,0.05,-0.12,0.03,-137.94,51.25,236.69,0.19,0.50,-0.50,7,3
1772052385.069788,1062166,0.00,0.15,-0.13,-137.19,-78.56,73.56,-0.13,-0.31,-0.13,0.05,-0.11,0.00,-137.94,51.25,236.62,0.25,0.00,-0.69,7,3
1772052385.260486,1062356,-0.03,0.03,-0.14,-137.31,-78.56,73.62,0.13,0.19,-0.25,0.02,-0.06,0.00,-137.94,51.25,236.62,-0.50,-0.25,-0.50,7,3
1772052385.450885,1062547,0.00,0.10,-0.07,-136.94,-78.62,73.56,-1.12,0.25,0.44,0.07,-0.11,0.03,-137.94,51.31,236.56,0.37,0.19,-0.19,8,3
1772052385.641652,1062738,0.03,0.10,-0.14,-137.19,-78.56,73.50,0.31,-0.13,0.37,0.05,-0.10,0.02,-137.94,51.31,236.50,-0.13,-0.25,-0.44,9,3
1772052385.832473,1062929,0.05,0.09,-0.13,-137.25,-78.56,73.56,-0.19,0.06,-0.37,0.05,-0.07,0.01,-137.94,51.31,236.50,0.00,0.37,-0.31,9,3
1772052386.023257,1063119,-0.03,0.13,-0.11,-137.06,-78.56,73.50,-0.37,0.19,-0.19,0.04,-0.09,0.01,-137.94,51.31,236.50,0.06,-0.13,-0.19,9,3
1772052386.213696,1063310,0.09,0.15,-0.19,-137.00,-78.50,73.44,-1.00,-0.13,0.56,0.02,-0.07,0.02,-137.87,51.31,236.56,-0.13,0.37,-0.25,8,2
1772052386.404558,1063500,-0.02,0.19,-0.08,-136.56,-78.44,73.25,0.31,-0.06,0.19,0.01,-0.14,0.00,-137.87,51.31,236.50,-0.19,-0.44,-0.25,8,2
1772052386.595046,1063691,0.02,0.06,-0.10,-136.87,-78.37,73.31,-0.13,0.06,-0.31,0.03,-0.09,0.02,-137.87,51.31,236.50,0.00,-0.13,-0.44,7,2
1772052386.785656,1063882,0.01,0.11,-0.10,-136.94,-78.37,73.25,-0.75,0.06,0.37,0.04,-0.08,0.02,-137.87,51.38,236.50,0.25,0.44,0.19,7,2
1772052386.976171,1064072,0.04,0.08,-0.09,-136.81,-78.31,73.19,0.25,-0.19,-0.31,0.03,-0.10,0.01,-137.87,51.38,236.50,0.00,0.13,0.06,7,2
1772052387.166771,1064263,-0.01,0.03,-0.09,-136.87,-78.25,73.12,0.31,-0.88,-0.69,0.05,-0.13,0.00,-137.87,51.31,236.56,0.19,0.13,0.19,7,3
1772052387.357680,1064454,-0.03,0.03,-0.06,-136.69,-78.31,73.12,0.37,0.62,-0.25,0.04,-0.11,0.01,-137.81,51.31,236.62,-0.31,-0.44,0.31,7,3
1772052387.548008,1064644,0.01,0.05,-0.08,-137.00,-78.25,73.12,0.50,0.37,-0.37,0.04,-0.15,0.01,-137.81,51.31,236.62,0.00,0.50,-0.06,7,3
1772052387.738900,1064835,0.03,0.12,-0.08,-136.87,-78.25,73.12,0.00,-0.62,0.56,0.07,-0.13,0.03,-137.81,51.31,236.62,0.00,0.25,-0.19,7,4
1772052387.929888,1065026,0.03,0.06,-0.09,-136.87,-78.25,73.12,0.00,-0.06,-0.06,0.11,-0.12,-0.07,-137.81,51.31,236.62,-0.31,-0.50,-0.50,8,4
1772052388.120273,1065217,0.02,0.06,-0.09,-136.87,-78.31,73.12,-0.50,0.44,0.31,0.07,-0.09,-0.05,-137.81,51.31,236.62,0.19,0.00,-0.06,8,4
1772052388.310779,1065407,0.04,0.08,-0.10,-137.00,-78.25,73.12,0.00,0.25,0.37,0.06,-0.13,-0.01,-137.81,51.31,236.62,0.37,-0.06,0.06,9,4
1772052388.501480,1065598,0.00,-0.03,-0.11,-137.06,-78.31,73.19,0.06,-0.13,0.25,0.07,-0.09,0.01,-137.81,51.31,236.62,0.31,-0.13,-0.31,9,5
1772052388.692110,1065788,0.00,0.06,-0.07,-136.81,-78.31,73.06,1.50,-0.69,-0.19,0.04,-0.10,0.05,-137.81,51.31,236.62,0.06,-0.25,-0.13,8,6
1772052388.882645,1065979,-0.03,0.09,-0.11,-136.69,-78.31,73.00,0.62,-0.31,-0.44,0.01,-0.11,0.03,-137.81,51.31,236.69,0.19,0.19,0.31,8,6
1772052389.073197,1066169,-0.04,0.11,-0.11,-136.69,-78.31,72.94,0.44,-0.13,0.06,0.06,-0.11,0.00,-137.81,51.31,236.69,0.13,0.13,0.00,7,4
1772052389.263673,1066360,0.01,0.08,-0.11,-136.87,-78.31,73.00,0.06,0.25,-0.69,0.06,-0.10,0.02,-137.81,51.31,236.69,0.06,0.25,0.06,6,4
1772052389.454514,1066551,0.01,0.10,-0.05,-136.75,-78.31,73.00,-0.75,-0.31,0.31,0.04,-0.11,0.02,-137.81,51.31,236.69,-0.06,-0.25,0.13,6,4
1772052389.645207,1066742,0.01,0.06,-0.06,-136.81,-78.31,73.00,0.44,0.06,-0.44,0.04,-0.14,0.06,-137.81,51.31,236.69,0.06,0.06,0.31,7,3
1772052389.836097,1066932,0.00,0.02,-0.06,-136.62,-78.37,73.06,-0.25,-0.69,-0.13,0.05,-0.12,0.00,-137.81,51.31,236.69,-0.19,-0.37,0.50,7,3
1772052390.026695,1067123,0.06,0.10,-0.15,-136.81,-78.37,73.00,0.06,0.62,-0.75,0.01,-0.12,-0.01,-137.87,51.31,236.69,-0.25,-0.19,0.88,7,3
1772052390.217149,1067314,0.00,0.03,-0.07,-136.69,-78.44,73.12,0.00,-0.56,0.31,0.07,-0.16,0.01,-137.87,51.31,236.69,0.00,-0.06,0.31,8,3
1772052390.407962,1067504,0.01,0.10,-0.14,-136.69,-78.37,73.06,0.25,0.25,-0.13,0.07,-0.12,0.04,-137.87,51.31,236.69,-0.13,-0.06,-0.06,9,2
1772052390.598785,1067695,0.04,0.10,-0.15,-136.69,-78.37,73.00,-0.19,-0.50,-0.37,0.03,-0.14,0.05,-137.87,51.31,236.69,1.06,0.44,-0.31,9,1
1772052390.789231,1067885,-0.10,0.03,-0.06,-136.06,-78.44,73.06,0.62,-0.31,-0.31,0.02,-0.10,0.02,-137.94,51.31,236.62,0.37,-0.06,-0.69,10,1
1772052390.979735,1068076,0.01,0.05,-0.12,-136.62,-78.37,73.06,-0.69,0.13,-0.50,0.09,-0.11,0.00,-137.87,51.25,236.62,0.19,0.25,-0.31,10,1
1772052391.170290,1068267,0.01,0.08,-0.10,-136.62,-78.31,73.00,-1.12,0.37,0.62,0.03,-0.10,0.04,-137.87,51.25,236.62,0.44,-0.69,-0.56,10,1
1772052391.361299,1068457,-0.04,0.05,-0.10,-136.44,-78.31,72.94,1.69,-1.44,-0.31,0.03,-0.09,0.03,-137.87,51.25,236.69,-0.06,-0.25,-0.19,9,2
1772052391.552116,1068648,-0.02,0.11,-0.08,-136.56,-78.25,72.87,0.25,0.94,-0.06,0.05,-0.14,0.00,-137.87,51.25,236.69,-0.06,-0.31,-0.25,8,3
1772052391.742425,1068839,0.00,0.09,-0.09,-136.81,-78.25,72.87,-0.69,-0.37,0.13,0.05,-0.09,0.02,-137.87,51.25,236.69,0.13,0.19,-0.19,8,3
1772052391.932955,1069029,0.01,0.07,-0.09,-136.69,-78.25,72.87,-0.56,-0.13,0.19,0.05,-0.09,0.00,-137.87,51.25,236.69,0.06,0.06,-0.25,7,3
1772052392.123847,1069220,-0.07,0.02,-0.13,-136.69,-78.25,72.87,0.56,0.19,-0.37,0.04,-0.10,0.00,-137.87,51.25,236.75,-0.62,-0.88,0.25,7,3
1772052392.314458,1069411,-0.02,0.07,-0.05,-136.44,-78.31,72.87,-0.75,0.44,-0.13,0.03,-0.09,0.01,-137.87,51.25,236.75,-0.25,-0.25,0.56,7,4
1772052392.504956,1069602,0.00,0.07,-0.15,-136.50,-78.31,72.87,0.56,0.31,0.31,0.07,-0.19,0.00,-137.94,51.19,236.75,0.31,-0.75,0.25,8,4
1772052392.696095,1069792,-0.04,-0.06,-0.12,-136.81,-78.37,73.12,1.31,-0.31,-0.06,0.05,-0.11,0.00,-138.00,51.19,236.81,-0.31,-0.69,0.19,8,4
1772052392.886264,1069983,-0.03,0.00,-0.10,-136.69,-78.44,73.06,1.44,0.31,-0.13,0.06,-0.15,0.08,-138.00,51.19,236.81,0.00,0.00,-0.44,9,4
1772052393.077135,1070173,0.01,0.05,-0.05,-136.56,-78.37,73.06,-0.37,-1.12,0.56,0.08,-0.12,0.06,-137.94,51.19,236.81,-0.25,-0.06,-0.13,10,4
1772052393.267811,1070364,0.09,0.13,-0.10,-136.75,-78.37,73.06,0.62,1.00,-1.12,0.07,-0.11,0.02,-138.00,51.13,236.87,0.19,-0.69,0.56,10,4
1772052393.458741,1070555,0.00,-0.02,-0.13,-137.62,-78.50,73.50,2.00,0.19,-0.37,0.07,-0.14,0.03,-138.00,51.13,236.94,-0.44,-0.13,0.19,10,3
1772052393.649197,1070746,0.04,0.08,-0.14,-137.37,-78.44,73.44,-0.13,-0.75,1.06,0.14,-0.11,0.04,-138.00,51.13,236.94,0.13,0.37,-0.81,9,4
1772052393.839760,1070936,0.01,0.06,-0.10,-136.87,-78.50,73.25,0.13,-2.25,0.56,0.02,-0.10,0.02,-137.94,51.13,236.94,-0.44,-0.62,0.00,9,3
1772052394.030242,1071127,0.00,0.18,-0.08,-135.94,-78.44,73.06,1.00,0.06,0.88,0.03,-0.10,0.05,-137.94,51.06,237.00,-0.75,-0.69,0.00,8,3
1772052394.219979,1071316,0.02,0.06,-0.14,-137.19,-78.37,73.25,-1.19,-0.31,-2.50,0.04,-0.13,0.03,-138.06,51.00,236.94,1.12,0.69,-1.37,7,5
1772052394.411611,1071508,0.00,-0.01,-0.07,-136.81,-78.50,73.25,-1.06,1.06,0.13,0.03,-0.14,0.05,-138.00,51.00,236.94,0.13,0.25,-0.44,6,4
1772052394.602279,1071699,0.02,0.01,-0.11,-136.56,-78.31,72.87,0.06,-0.88,-0.75,0.02,-0.13,0.06,-137.94,51.00,237.06,0.62,0.44,0.31,6,4
1772052394.792940,1071889,0.00,0.09,-0.08,-136.00,-78.37,72.75,0.44,1.31,0.00,0.03,-0.11,0.05,-137.94,51.00,237.00,-0.06,-0.44,0.06,6,4
1772052394.983637,1072080,-0.05,0.04,-0.08,-136.31,-78.37,72.81,0.50,0.19,-0.56,0.08,-0.14,0.05,-137.94,51.00,237.00,-0.13,0.31,0.13,7,4
1772052395.174335,1072271,0.01,0.11,-0.09,-136.37,-78.31,72.87,0.00,-0.25,0.31,0.07,-0.16,0.05,-137.94,51.00,237.00,0.19,0.31,0.00,7,4
1772052395.365213,1072462,-0.02,0.04,-0.10,-136.06,-78.37,72.81,0.37,-1.31,-0.50,0.05,-0.17,0.08,-137.94,51.00,237.00,0.31,0.25,0.25,8,4
1772052395.555914,1072652,-0.07,0.06,-0.09,-135.69,-78.44,72.81,0.44,0.19,0.25,0.07,-0.13,0.07,-137.94,51.00,237.00,-0.25,-0.19,-0.06,8,3
1772052395.746297,1072843,0.00,0.06,-0.13,-135.94,-78.44,72.87,0.00,0.50,-0.69,0.09,-0.16,0.05,-137.94,51.00,237.00,-0.19,0.37,0.00,8,4
1772052395.937019,1073034,0.05,0.14,-0.05,-135.75,-78.44,72.75,-1.00,0.25,-0.13,0.08,-0.15,0.00,-137.94,51.00,236.94,0.37,0.50,-0.37,8,4
1772052396.127784,1073224,0.02,-0.02,-0.12,-135.87,-78.44,72.81,-0.37,-0.31,-0.13,0.03,-0.14,0.07,-137.94,51.00,237.00,0.13,0.06,0.06,8,2
1772052396.318832,1073415,-0.03,0.07,-0.10,-135.81,-78.44,72.69,-0.19,0.37,0.19,0.07,-0.13,0.06,-137.94,51.00,237.00,0.25,-0.37,-0.25,8,2
1772052396.509180,1073606,-0.03,0.00,-0.12,-136.37,-78.50,72.94,0.62,0.19,-0.37,0.04,-0.13,0.03,-137.94,51.00,237.00,0.25,0.31,0.31,7,2
1772052396.699988,1073796,0.04,0.07,-0.12,-136.31,-78.50,72.87,-0.19,-0.37,0.37,0.08,-0.13,0.03,-137.94,51.00,236.94,0.25,0.25,-0.06,7,3
1772052396.890651,1073987,-0.01,0.07,-0.09,-136.31,-78.50,72.87,-0.19,-0.37,-0.75,0.05,-0.13,0.06,-137.94,51.00,236.94,0.25,0.06,0.62,7,3
1772052397.081409,1074178,-0.06,0.06,-0.06,-136.06,-78.56,72.87,0.25,-0.62,-0.25,0.13,-0.13,0.05,-138.06,51.06,236.87,0.06,-0.06,1.06,7,2
1772052397.272321,1074369,0.04,0.01,-0.16,-136.94,-78.37,72.87,0.13,-0.13,-0.50,0.14,-0.12,0.06,-138.25,51.19,236.69,-0.31,0.44,0.62,7,2
1772052397.462987,1074559,-0.02,0.13,-0.06,-136.56,-78.44,72.75,-0.94,-1.12,0.00,0.06,-0.14,0.06,-138.19,51.13,236.75,0.06,-0.50,-0.88,8,3
1772052397.653456,1074750,-0.01,0.09,-0.07,-136.00,-78.56,72.75,0.81,0.31,-0.56,0.07,-0.12,0.08,-138.12,51.00,236.94,0.25,-0.06,0.06,9,3
1772052397.844109,1074941,0.04,0.08,-0.10,-136.50,-78.50,72.81,0.37,0.81,0.31,0.07,-0.13,0.06,-138.12,51.00,236.94,-0.19,-0.06,0.44,9,5
1772052398.034851,1075131,0.01,0.09,-0.08,-136.37,-78.62,72.87,0.00,-1.50,-1.19,0.08,-0.13,0.06,-138.19,51.00,236.87,-0.19,-0.13,0.37,9,7
1772052398.225674,1075322,0.01,0.11,-0.08,-135.94,-78.75,72.94,-0.56,-0.50,0.19,0.06,-0.14,0.07,-138.19,51.00,236.87,0.00,0.00,0.19,9,9
1772052398.416392,1075513,-0.01,0.05,-0.07,-135.50,-78.87,73.00,-0.13,-1.50,0.19,0.08,-0.13,0.07,-138.19,51.00,236.94,0.00,-0.37,0.31,9,11
1772052398.606935,1075703,0.01,0.12,-0.09,-135.44,-78.87,72.94,-0.06,1.12,-0.69,0.09,-0.12,0.05,-138.19,51.00,236.94,-0.25,-0.31,0.00,8,11
1772052398.797511,1075894,0.00,0.07,-0.08,-135.69,-78.87,73.00,0.50,-1.25,-0.19,0.08,-0.12,0.06,-138.19,51.00,236.94,0.25,0.44,0.06,8,11
1772052398.988018,1076085,0.08,0.08,-0.12,-135.69,-78.87,72.94,0.31,0.69,0.62,0.08,-0.08,0.10,-138.19,51.00,237.00,-0.13,0.06,-0.31,7,11
1772052399.179260,1076276,0.01,0.14,-0.08,-135.44,-78.94,72.81,-0.94,0.13,-0.06,0.07,-0.10,0.11,-138.19,51.00,237.00,0.75,-0.62,-0.50,8,11
1772052399.369992,1076466,0.01,0.04,-0.13,-136.00,-78.87,72.94,2.44,-1.62,-0.25,0.08,-0.09,0.03,-138.25,51.06,236.94,-0.31,-0.44,-0.19,8,10
1772052399.560239,1076657,0.00,0.10,-0.12,-135.87,-78.94,73.00,-0.25,0.31,0.62,0.04,-0.07,0.05,-138.31,51.13,236.81,0.00,0.37,-0.25,8,10
1772052399.750948,1076847,-0.02,0.18,-0.11,-135.62,-78.87,72.87,-0.44,-0.69,-0.19,0.02,-0.07,0.08,-138.31,51.13,236.81,0.06,0.19,0.13,8,7
1772052399.941447,1077038,0.00,0.14,-0.10,-135.50,-78.94,72.87,0.56,0.25,-0.25,0.05,-0.07,0.06,-138.31,51.19,236.75,0.13,-0.31,0.56,9,5
1772052400.132316,1077229,0.00,0.10,-0.10,-135.81,-79.00,73.00,0.44,0.25,-0.81,0.04,-0.08,0.04,-138.37,51.25,236.69,-0.31,0.19,0.13,9,3
1772052400.322944,1077420,0.03,0.16,-0.11,-135.69,-79.00,73.00,-0.56,0.00,0.37,0.05,-0.09,0.05,-138.44,51.25,236.69,-0.13,0.00,-0.06,9,1
1772052400.513490,1077610,0.00,0.08,-0.12,-135.50,-79.06,73.00,0.44,-1.06,-0.44,0.00,-0.15,0.04,-138.37,51.19,236.81,0.69,-0.81,0.37,9,1
1772052400.704246,1077801,-0.05,0.03,-0.08,-135.50,-79.12,73.19,1.31,0.13,0.25,0.07,-0.07,0.05,-138.44,51.25,236.75,-0.37,-0.56,0.44,8,1
1772052400.894789,1077992,0.00,0.07,-0.17,-135.75,-79.12,73.12,1.06,0.56,-0.13,0.06,-0.07,0.10,-138.44,51.25,236.81,0.00,0.62,-0.31,8,2
1772052401.085652,1078182,0.02,0.21,-0.10,-135.19,-79.06,72.87,-0.50,-0.94,0.31,0.06,-0.04,0.06,-138.31,51.25,236.75,0.25,0.56,-0.50,7,2
1772052401.276495,1078373,0.01,0.10,-0.06,-135.19,-79.12,72.94,-0.50,-0.13,-0.37,0.04,-0.04,0.03,-138.31,51.25,236.75,-0.06,-0.50,-0.13,7,2
1772052401.466845,1078563,0.02,0.11,-0.17,-135.44,-79.06,73.00,-0.06,0.56,-0.50,0.07,-0.08,0.03,-138.31,51.25,236.75,-0.19,-0.31,0.19,6,2
1772052401.657454,1078754,0.02,0.07,-0.11,-135.50,-79.12,73.00,-0.06,-0.50,0.37,0.05,-0.04,0.05,-138.31,51.25,236.75,-0.13,0.19,0.13,6,2
1772052401.848101,1078945,0.00,0.23,-0.13,-135.31,-79.06,72.81,-0.94,1.12,-0.31,0.03,-0.05,0.03,-138.37,51.19,236.87,-0.94,-0.13,0.50,6,3
1772052402.038765,1079136,0.00,0.18,-0.08,-135.31,-79.06,72.94,-3.31,0.37,0.00,0.05,-0.10,0.04,-138.37,51.19,236.81,0.88,0.31,-0.13,7,2
1772052402.229506,1079326,0.05,0.03,-0.13,-135.62,-78.87,72.81,-0.25,-0.69,0.44,0.05,-0.06,0.05,-138.44,51.19,236.87,-0.25,-0.19,0.13,7,2
1772052402.419962,1079517,-0.01,0.15,-0.06,-135.06,-78.87,72.62,-0.81,0.13,0.19,0.04,-0.03,0.07,-138.37,51.19,236.87,0.13,-0.06,0.19,8,4
1772052402.610786,1079707,-0.01,0.06,-0.08,-135.06,-78.81,72.62,0.75,0.19,-0.37,0.05,-0.09,0.09,-138.44,51.19,236.87,-0.06,-0.19,0.44,9,4
1772052402.801493,1079898,-0.02,0.01,-0.04,-135.00,-78.81,72.62,-0.06,-0.44,-0.06,0.07,-0.06,0.07,-138.44,51.19,236.87,-0.31,-0.62,0.50,9,3
1772052402.992250,1080089,0.01,0.05,-0.11,-135.19,-78.69,72.56,0.37,0.69,-0.62,0.04,-0.07,0.05,-138.50,51.19,236.87,-0.37,-0.37,0.69,8,3
1772052403.182735,1080279,0.06,0.03,-0.09,-135.44,-78.69,72.62,0.75,-0.56,0.44,0.06,-0.07,0.05,-138.50,51.19,236.87,-0.44,-0.31,0.31,8,4
1772052403.373139,1080470,0.00,0.12,-0.06,-135.06,-78.69,72.50,0.62,0.00,0.37,0.09,-0.07,0.09,-138.50,51.19,236.87,-0.19,0.00,-0.31,7,4
1772052403.564209,1080661,0.01,0.05,-0.05,-135.12,-78.69,72.56,-0.62,-0.94,-0.13,0.05,-0.03,0.05,-138.56,51.19,236.94,0.00,-0.13,-0.56,7,5
1772052403.754732,1080851,0.01,0.09,-0.06,-135.37,-78.69,72.50,-0.25,1.44,-0.94,0.03,-0.06,0.08,-138.56,51.13,236.94,-0.06,-0.25,-0.37,7,4
1772052403.945467,1081042,-0.03,0.03,-0.05,-135.50,-78.69,72.62,0.19,-0.13,0.19,0.04,-0.05,0.09,-138.56,51.13,236.94,-0.19,0.06,0.06,6,4
1772052404.136029,1081233,0.00,0.08,-0.10,-135.44,-78.69,72.56,-0.13,0.50,0.19,0.04,-0.06,0.09,-138.56,51.13,236.94,-0.19,0.06,-0.44,7,5
1772052404.326639,1081423,0.00,0.08,-0.05,-135.31,-78.75,72.56,-0.19,-0.94,0.37,0.04,-0.03,0.09,-138.56,51.13,236.94,0.19,-0.19,0.25,7,3
1772052404.517474,1081614,0.01,0.08,-0.09,-135.44,-78.75,72.56,1.00,0.62,-1.00,0.03,-0.02,0.09,-138.56,51.13,236.94,-0.13,-0.69,0.19,8,2
1772052404.707901,1081805,0.02,0.04,-0.08,-135.62,-78.75,72.69,0.69,-0.50,0.00,0.06,-0.04,0.11,-138.56,51.13,236.94,-0.06,0.13,0.00,9,3
1772052404.898939,1081995,0.00,0.12,-0.07,-135.31,-78.75,72.56,0.69,-0.25,-0.19,0.03,-0.05,0.08,-138.56,51.13,236.94,-0.37,-0.06,0.37,10,3
1772052405.089260,1082186,0.02,0.14,-0.12,-135.25,-78.75,72.56,0.19,-0.37,-0.19,0.03,-0.07,0.09,-138.56,51.06,237.06,0.13,0.25,0.56,10,2
1772052405.280100,1082377,-0.02,0.11,-0.09,-135.12,-78.81,72.62,0.75,-0.31,0.31,0.02,-0.06,0.08,-138.62,51.06,237.06,0.00,-0.81,-0.13,10,4
1772052405.470773,1082567,-0.02,-0.01,-0.06,-135.56,-78.87,72.87,0.19,-0.25,-0.50,0.06,-0.06,0.08,-138.62,51.06,237.12,0.00,0.37,0.13,10,6
1772052405.661144,1082758,0.01,0.11,-0.09,-135.19,-78.87,72.75,-0.56,0.13,0.50,0.05,-0.07,0.10,-138.62,51.06,237.12,0.06,0.31,-0.06,9,7
1772052405.851934,1082949,0.05,0.07,-0.08,-135.19,-78.87,72.75,-0.06,0.31,0.31,0.00,0.00,0.11,-138.56,51.06,237.12,0.00,0.06,-0.31,9,7
1772052406.042666,1083139,-0.01,0.10,-0.08,-135.00,-78.94,72.81,-0.44,0.25,0.00,0.10,-0.07,0.05,-138.56,51.06,237.06,0.37,0.31,-0.44,8,6
1772052406.233313,1083330,0.00,0.08,-0.11,-135.44,-78.87,72.81,0.25,-0.25,0.44,0.07,-0.05,0.08,-138.56,51.06,237.12,-0.06,-0.06,-0.37,8,7
1772052406.423823,1083521,-0.02,0.10,-0.08,-135.25,-78.87,72.75,-0.94,0.06,0.50,0.06,-0.02,0.10,-138.56,51.06,237.12,0.19,0.13,-0.19,7,9
1772052406.614571,1083711,0.01,0.12,-0.05,-135.19,-78.94,72.69,0.37,0.00,-0.62,0.06,-0.05,0.04,-138.56,51.06,237.12,-0.56,-0.62,-0.06,8,9
1772052406.805548,1083902,-0.02,0.06,-0.04,-135.12,-79.00,72.75,-0.75,-0.13,0.06,0.07,-0.06,0.06,-138.56,51.00,237.12,0.13,-0.06,0.00,7,9
1772052406.995600,1084093,0.03,0.10,-0.11,-135.19,-79.00,72.69,0.19,0.31,0.19,0.05,-0.05,0.07,-138.56,51.00,237.12,0.13,0.00,0.06,8,9
1772052407.186569,1084283,-0.02,0.07,-0.07,-135.06,-79.00,72.69,-0.13,-0.56,0.31,0.07,-0.05,0.09,-138.56,51.00,237.12,0.19,0.19,0.13,9,8
1772052407.377174,1084474,0.03,0.08,-0.09,-135.00,-79.00,72.69,0.44,0.13,-0.06,0.04,-0.04,0.11,-138.56,51.00,237.12,0.19,-0.81,0.13,10,6
1772052407.567677,1084665,0.06,0.12,-0.09,-135.06,-79.00,72.75,1.56,-1.31,0.13,0.05,-0.05,0.11,-138.56,51.00,237.25,-0.25,0.00,0.44,9,5
1772052407.758826,1084855,-0.04,0.18,-0.09,-134.56,-79.06,72.69,0.31,0.25,0.75,0.06,-0.08,0.11,-138.56,51.00,237.25,-0.19,-0.31,-0.06,9,5
1772052407.949306,1085046,0.02,0.15,-0.13,-134.81,-79.00,72.69,-0.56,-0.37,-0.44,0.06,-0.06,0.09,-138.56,51.00,237.25,-0.19,0.00,0.13,8,5
1772052408.139932,1085237,0.00,0.17,-0.07,-134.75,-79.06,72.75,-1.06,-0.25,0.37,0.06,-0.07,0.07,-138.56,51.00,237.25,0.13,-0.13,-0.06,8,5
1772052408.330723,1085427,-0.02,0.11,-0.09,-134.75,-79.06,72.75,0.50,-0.06,-0.19,0.05,-0.04,0.07,-138.56,51.00,237.25,-0.62,-0.44,0.06,8,3
1772052408.520962,1085618,-0.24,0.04,0.05,-134.56,-79.06,72.69,-0.56,0.81,0.50,0.01,0.00,0.07,-138.56,51.06,237.12,-0.31,-0.19,0.00,7,3
1772052408.711777,1085809,0.13,0.08,-0.17,-135.06,-78.87,72.56,-0.56,0.56,-0.06,0.12,-0.09,0.06,-138.56,51.13,237.06,0.00,-0.25,0.13,8,4
1772052408.902417,1085999,-0.02,0.09,-0.09,-134.94,-78.81,72.50,0.50,0.06,0.37,0.03,-0.02,0.04,-138.56,51.13,237.00,-0.56,-0.37,-0.31,8,4
1772052409.092703,1086190,0.00,0.11,-0.07,-134.00,-78.87,72.37,0.62,0.50,0.25,0.05,-0.01,0.05,-138.50,51.13,237.06,0.19,0.19,-0.19,8,4
1772052409.283915,1086380,-0.01,0.11,-0.13,-133.62,-78.81,72.19,-0.69,-0.62,-0.50,-0.01,-0.01,0.11,-138.44,51.13,237.12,-0.81,-0.13,0.25,8,3
1772052409.474242,1086571,0.00,0.17,-0.07,-132.69,-78.75,71.87,-0.31,0.81,-0.62,0.02,-0.03,0.06,-138.50,51.19,237.00,0.00,-0.69,0.06,9,3
1772052409.664855,1086762,0.00,0.12,-0.10,-133.56,-78.69,72.06,0.31,0.13,-1.31,0.01,0.00,0.06,-138.62,51.06,237.12,-0.06,0.25,0.31,10,3
1772052409.855504,1086952,-0.02,0.02,-0.06,-133.50,-78.81,72.25,-2.31,0.13,0.06,0.06,-0.04,0.03,-138.69,51.06,237.12,0.06,0.50,-0.13,10,4
1772052410.046098,1087143,0.01,0.11,-0.07,-133.06,-78.62,71.94,-0.44,-0.37,2.25,0.06,0.00,0.06,-138.56,51.06,237.25,-0.50,-0.13,0.13,9,3
1772052410.236836,1087334,-0.04,0.03,-0.02,-132.44,-78.62,71.75,0.13,-0.50,-0.88,0.03,-0.05,0.07,-138.62,51.13,237.19,-0.37,-1.00,0.50,8,3
1772052410.427251,1087524,0.02,0.03,-0.08,-133.19,-78.56,71.94,-0.06,-0.13,0.69,0.07,-0.06,0.04,-138.62,51.13,237.31,0.37,-0.25,0.13,8,3
1772052410.618221,1087715,-0.02,0.06,-0.03,-132.75,-78.50,71.87,2.50,-1.62,0.75,0.02,0.00,0.10,-138.62,51.06,237.44,-0.19,-0.37,0.37,7,2
1772052410.808576,1087905,0.00,0.00,-0.03,-133.12,-78.56,72.12,1.06,-0.25,-0.31,0.06,-0.06,0.08,-138.62,51.06,237.44,0.06,0.19,0.31,7,3
1772052410.998974,1088096,0.00,0.00,-0.11,-133.56,-78.50,72.12,0.13,0.75,-0.31,0.01,-0.12,0.07,-138.56,51.13,237.44,0.44,0.81,0.06,6,3
1772052411.189585,1088287,0.01,0.06,-0.02,-132.87,-78.37,71.75,0.00,-0.19,0.94,0.06,-0.02,0.09,-138.50,51.19,237.37,0.37,0.25,-0.37,6,3
1772052411.380319,1088477,0.02,0.06,-0.07,-133.06,-78.31,71.69,0.25,0.81,-0.62,0.02,0.00,0.06,-138.50,51.19,237.37,0.19,0.13,-0.25,6,3
1772052411.571506,1088668,-0.02,0.07,-0.04,-133.19,-78.37,71.81,-0.37,-0.37,0.19,0.01,-0.02,0.09,-138.50,51.19,237.37,0.06,0.13,-0.19,7,3
1772052411.761685,1088859,-0.01,0.05,-0.08,-133.19,-78.37,71.81,-0.88,0.37,0.37,0.00,0.02,0.10,-138.50,51.13,237.44,-0.62,0.31,0.25,8,3
1772052411.952513,1089049,-0.04,0.11,-0.04,-132.62,-78.37,71.62,-1.06,0.19,-0.88,0.05,-0.04,0.04,-138.50,51.19,237.44,-0.06,-0.31,0.25,9,4
1772052412.142890,1089240,0.03,0.04,-0.08,-133.00,-78.31,71.69,-0.50,0.25,-0.81,0.03,-0.02,0.07,-138.56,51.13,237.44,-0.13,-0.50,0.00,10,3
1772052412.333764,1089430,-0.01,0.04,-0.03,-133.00,-78.37,71.69,-0.62,0.44,-0.25,0.02,-0.02,0.05,-138.56,51.13,237.44,-0.19,-0.25,0.31,10,4
1772052412.524206,1089621,0.00,0.02,-0.06,-133.25,-78.31,71.69,-0.19,0.62,0.25,0.01,-0.04,0.09,-138.50,51.13,237.44,2.56,1.19,0.13,10,3
1772052412.715140,1089812,-0.01,0.02,-0.06,-133.12,-78.25,71.50,-0.75,0.13,0.37,0.03,-0.02,0.05,-138.50,51.13,237.44,-0.37,-0.37,0.25,9,4
1772052412.905369,1090002,0.00,0.04,-0.08,-132.94,-78.25,71.44,0.31,-1.06,0.06,0.00,-0.06,0.03,-138.56,51.13,237.44,0.00,-0.56,0.00,8,4
1772052413.095960,1090193,0.00,0.03,-0.10,-132.87,-78.31,71.44,0.69,0.88,-0.06,0.00,0.00,0.09,-138.56,51.13,237.44,-1.00,-0.50,0.69,7,5
1772052413.286859,1090384,-0.04,0.02,-0.09,-132.50,-78.37,71.44,0.25,-1.37,-0.62,0.10,-0.04,0.08,-138.50,51.19,237.37,-0.31,0.44,-0.13,7,5
1772052413.477580,1090574,-0.09,0.14,-0.14,-132.25,-78.12,71.12,-1.25,0.75,0.25,0.07,0.02,0.10,-138.44,51.25,237.31,0.44,-0.37,-1.00,6,5
1772052413.668406,1090765,-0.03,0.04,-0.13,-132.81,-77.94,70.94,-1.44,-1.31,-0.69,0.01,-0.03,0.06,-138.56,51.19,237.37,-0.06,-0.31,-0.25,6,5
1772052413.858503,1090955,0.01,0.03,-0.13,-132.56,-78.00,70.87,0.69,0.81,0.81,0.04,-0.03,0.04,-138.50,51.13,237.44,-1.31,-1.75,0.13,6,4
1772052414.049217,1091146,0.00,0.08,-0.08,-132.37,-77.94,70.75,-1.00,-2.25,0.31,0.05,0.00,0.06,-138.44,51.13,237.62,-0.75,-0.69,0.56,7,4
1772052414.239841,1091337,0.08,0.03,-0.19,-132.87,-78.00,70.94,0.06,1.37,-0.37,0.05,-0.01,0.16,-138.44,51.06,237.69,-0.25,0.00,-0.19,7,5
1772052414.430772,1091528,0.05,0.10,-0.02,-132.62,-78.00,70.81,-0.19,-1.87,0.00,0.02,-0.02,0.07,-138.44,51.06,237.75,0.50,0.31,0.06,8,5
1772052414.621290,1091718,-0.03,0.10,-0.09,-132.12,-78.12,70.87,0.56,0.50,-0.56,0.07,0.00,0.09,-138.44,51.06,237.75,-0.25,0.00,0.19,8,4
1772052414.811835,1091909,0.03,0.04,-0.17,-133.00,-78.00,70.87,0.19,1.00,-0.69,0.04,-0.04,0.05,-138.50,51.00,237.75,-0.06,-0.06,0.13,9,4
1772052415.002682,1092099,-0.03,0.09,-0.10,-132.69,-77.94,70.75,-1.12,-0.81,0.13,0.04,-0.02,0.09,-138.44,51.06,237.81,-0.56,-0.50,0.31,8,4
1772052415.193166,1092290,0.04,0.10,-0.12,-132.62,-77.94,70.69,-0.31,-0.06,0.13,0.04,0.03,0.03,-138.50,51.00,237.87,-0.31,-0.88,0.37,7,4
1772052415.383995,1092481,-0.08,0.02,-0.06,-132.37,-78.19,70.94,0.13,-0.88,-0.62,0.10,-0.05,0.06,-138.56,51.06,237.81,-0.13,0.44,0.62,8,3
1772052415.574269,1092671,0.05,0.05,-0.13,-133.00,-78.06,70.94,-0.13,0.44,0.37,0.08,-0.04,0.09,-138.56,51.06,237.81,-0.56,0.75,0.44,7,3
1772052415.764948,1092862,-0.01,0.17,-0.12,-132.44,-78.00,70.62,-1.94,0.19,0.69,0.06,-0.04,0.08,-138.50,51.13,237.75,-0.13,-0.25,0.25,8,3
1772052415.955771,1093053,-0.01,0.05,-0.10,-132.56,-78.06,70.81,1.00,-1.25,-1.00,0.07,-0.08,0.12,-138.50,51.13,237.81,-0.13,-0.13,0.19,7,3
1772052416.146228,1093243,0.00,0.03,-0.08,-132.37,-78.19,70.94,0.00,-0.94,-0.50,0.01,-0.04,0.06,-138.56,51.13,237.81,-0.19,-0.06,0.25,8,2
1772052416.336860,1093434,0.04,0.08,-0.13,-132.31,-78.19,70.94,-1.31,0.94,0.13,0.07,-0.04,0.10,-138.50,51.13,237.87,1.06,1.19,0.06,8,2
1772052416.527594,1093625,0.10,0.02,-0.16,-132.87,-78.19,71.06,1.37,-0.75,-0.37,0.05,-0.05,0.07,-138.44,51.13,237.87,-0.44,0.81,0.31,9,3
1772052416.717967,1093815,0.00,0.13,-0.11,-131.81,-78.25,70.94,-0.62,-1.44,0.56,0.04,-0.09,0.05,-138.44,51.13,237.94,0.00,0.13,-0.44,9,3
1772052416.908783,1094006,0.00,-0.07,-0.11,-132.06,-78.25,71.06,0.25,-0.94,-0.75,0.03,-0.06,0.09,-138.37,51.13,238.00,0.50,-0.31,0.25,10,3
1772052417.098987,1094196,0.00,0.08,-0.15,-132.00,-78.19,70.87,0.00,0.69,0.81,0.03,-0.02,0.13,-138.44,51.13,237.94,0.44,0.00,-0.13,10,3
1772052417.290043,1094387,0.03,0.20,-0.11,-132.00,-78.19,70.75,0.25,-1.00,-1.12,0.00,-0.02,0.02,-138.50,51.06,237.94,0.00,0.06,0.31,10,3
1772052417.480677,1094578,-0.09,-0.03,-0.11,-131.81,-78.50,71.25,0.06,-0.88,1.00,0.01,-0.05,0.02,-138.50,51.06,237.94,-0.06,-0.44,0.19,9,2
1772052417.671002,1094768,0.00,0.04,-0.18,-131.87,-78.37,71.12,-0.13,1.25,1.75,0.00,0.02,0.08,-138.44,51.06,238.06,0.00,0.13,-0.94,8,2
1772052417.862031,1094959,-0.02,0.15,-0.07,-131.31,-78.12,70.56,-1.06,-0.19,-0.44,0.07,-0.05,0.03,-138.44,51.06,237.94,0.81,-0.19,-0.06,7,2
1772052418.052249,1095149,0.01,-0.01,-0.13,-132.44,-78.06,70.75,1.00,0.37,0.19,0.00,0.00,0.08,-138.50,51.00,238.00,-0.69,-0.13,0.44,7,2
1772052418.243494,1095340,-0.02,0.14,-0.07,-131.94,-78.06,70.69,-1.19,0.75,-0.50,0.07,-0.05,0.03,-138.50,51.00,238.06,-0.69,-0.62,0.50,7,3
1772052418.433924,1095531,0.00,-0.07,-0.14,-132.75,-78.06,70.94,0.00,0.50,-1.19,0.03,0.00,0.03,-138.44,51.00,238.19,-1.06,-1.06,0.31,6,1
1772052418.624376,1095721,-0.01,0.09,-0.06,-131.94,-78.06,70.75,-2.25,-0.44,0.06,0.09,-0.05,0.02,-138.50,51.00,238.19,0.00,0.13,0.44,7,1
1772052418.814564,1095912,0.04,0.08,-0.11,-131.69,-77.94,70.56,1.06,-0.69,1.50,0.10,-0.08,0.09,-138.56,51.00,238.37,0.62,-0.13,0.81,7,2
1772052419.004506,1096101,0.00,0.05,-0.11,-132.00,-78.06,70.62,1.69,0.62,-0.81,0.06,-0.02,0.11,-138.56,51.00,238.31,-1.44,-0.06,0.56,8,2
1772052419.196215,1096293,0.00,0.13,-0.10,-132.00,-78.06,70.69,-1.00,-1.44,0.13,0.08,-0.07,0.11,-138.50,51.06,238.37,-0.56,-0.13,0.19,9,2
1772052419.386769,1096484,0.05,0.09,-0.11,-131.75,-78.25,70.87,0.69,-0.25,-1.69,0.01,-0.01,0.09,-138.56,50.94,238.56,0.06,-0.94,0.37,9,2
1772052419.577390,1096674,-0.03,-0.04,-0.05,-132.25,-78.50,71.37,1.37,0.37,-2.12,0.02,-0.05,0.04,-138.69,50.94,238.50,-0.19,0.31,0.13,9,4
1772052419.767361,1096864,0.16,0.03,-0.22,-132.44,-78.50,71.31,-1.87,0.88,0.37,0.07,-0.03,0.08,-138.56,51.06,238.44,0.00,1.31,0.06,9,5
1772052419.958600,1097056,0.03,0.19,-0.04,-130.69,-78.19,70.50,-1.19,-0.56,0.37,0.07,-0.04,0.09,-138.44,51.06,238.56,0.19,-0.50,-0.81,9,5
1772052420.149372,1097246,0.18,0.00,-0.20,-132.06,-78.00,70.62,1.06,-0.31,-1.06,0.03,-0.09,0.12,-138.50,51.00,238.50,1.06,0.62,0.88,8,4
1772052420.339783,1097437,-0.02,0.10,-0.01,-131.56,-78.12,70.75,1.12,1.31,-0.13,0.01,0.01,0.12,-138.56,51.00,238.56,-1.25,-1.44,0.37,8,5
1772052420.530517,1097627,0.05,-0.01,-0.13,-132.94,-78.00,70.94,-0.25,-0.56,-1.12,0.09,-0.06,0.06,-138.62,51.00,238.56,0.75,1.44,-0.56,8,5
1772052420.719985,1097817,0.01,0.17,-0.04,-132.12,-77.81,70.50,-2.75,3.37,0.19,0.01,0.04,0.11,-138.62,51.06,238.44,1.56,1.19,0.31,8,5
1772052420.911553,1098009,0.09,0.03,-0.13,-133.25,-77.56,70.31,-0.44,-0.13,-0.44,0.03,-0.08,0.14,-138.94,51.13,238.06,0.25,-0.44,0.81,7,6
1772052421.102370,1098200,0.04,0.02,-0.09,-133.25,-77.50,70.25,1.69,0.13,0.75,-0.03,0.00,0.05,-139.00,51.13,238.25,-0.94,0.50,1.00,8,6
1772052421.292997,1098390,-0.13,0.04,0.05,-132.75,-77.75,70.56,-1.06,-0.25,-1.00,0.11,-0.07,0.08,-138.94,51.25,238.12,0.31,0.62,-0.13,8,7
1772052421.483524,1098581,0.05,0.08,-0.16,-133.44,-77.37,70.25,-2.00,1.94,1.69,0.01,-0.01,0.11,-138.87,51.25,238.12,0.75,-0.31,-0.37,10,5
1772052421.673651,1098771,-0.06,0.04,0.01,-132.50,-77.44,69.94,2.62,-2.87,-0.94,0.05,-0.07,0.10,-138.87,51.25,238.12,0.69,-0.31,0.25,10,5
1772052421.864092,1098961,-0.05,0.06,-0.10,-132.94,-77.31,69.81,0.81,1.44,0.50,0.07,-0.02,0.09,-138.87,51.25,238.06,-0.62,0.25,0.56,11,5
1772052422.055631,1099152,0.00,0.11,-0.05,-133.06,-77.25,69.81,-0.62,0.50,-0.81,0.06,-0.03,0.10,-138.87,51.25,238.12,-1.19,-0.19,0.31,10,4
1772052422.246090,1099343,0.04,0.03,-0.11,-133.19,-77.25,69.94,-0.13,-0.06,-0.56,0.04,-0.01,0.08,-138.75,51.25,238.31,-0.31,0.25,0.37,9,5
1772052422.436360,1099533,0.00,0.04,-0.09,-132.06,-77.44,69.75,-2.69,-1.19,-0.31,0.03,-0.03,0.09,-138.75,51.31,238.25,0.19,0.69,0.69,9,5
1772052422.626569,1099724,-0.01,0.07,-0.04,-131.81,-77.37,69.31,0.37,2.50,0.62,0.02,-0.03,0.11,-138.75,51.25,238.31,-0.31,-0.69,0.13,8,4
1772052422.816990,1099914,0.04,0.00,-0.11,-132.69,-77.12,68.94,-3.62,1.31,-0.06,0.09,-0.06,0.09,-138.87,51.19,238.31,-0.06,0.13,0.62,8,4
1772052423.008037,1100105,0.00,0.06,-0.08,-132.81,-77.00,68.69,0.19,0.31,0.31,0.06,-0.04,0.11,-138.87,51.19,238.37,0.19,0.44,0.13,7,3
1772052423.198882,1100296,0.05,0.05,-0.13,-132.69,-77.12,68.94,2.50,-1.37,-0.88,0.08,-0.04,0.14,-138.81,51.25,238.37,0.50,0.50,1.25,7,2
1772052423.389417,1100487,0.00,0.04,-0.05,-132.06,-77.37,69.25,1.12,-0.69,-0.81,0.07,-0.03,0.05,-138.94,51.31,238.31,0.13,0.00,0.75,7,2
1772052423.580508,1100677,-0.05,0.04,-0.06,-132.19,-77.56,69.56,0.19,1.37,-0.50,0.02,-0.02,0.09,-139.00,51.31,238.25,-0.06,-0.37,-0.50,8,3
1772052423.771073,1100868,0.01,0.03,-0.13,-133.12,-77.31,69.56,-0.25,0.00,-0.06,0.04,-0.09,0.12,-139.00,51.31,238.19,-0.06,-0.19,-0.19,8,3
1772052423.961598,1101059,0.01,0.01,-0.08,-132.56,-77.44,69.56,0.31,-2.12,0.31,0.06,-0.01,0.11,-139.00,51.31,238.25,-0.06,0.06,0.31,9,3
1772052424.152294,1101249,0.10,0.07,-0.18,-132.37,-77.44,69.50,0.44,1.12,-0.69,0.05,-0.03,0.11,-139.00,51.31,238.25,-0.06,-0.37,0.37,9,3
1772052424.343080,1101440,-0.05,0.05,-0.08,-132.50,-77.44,69.56,0.94,0.06,0.50,0.03,-0.02,0.09,-138.94,51.31,238.25,-0.81,-0.31,-0.81,9,3
1772052424.533588,1101631,0.00,0.14,-0.04,-132.31,-77.44,69.44,-0.56,-1.12,0.25,0.08,-0.04,0.13,-138.94,51.31,238.31,-0.19,0.31,0.19,9,3
1772052424.724293,1101822,0.04,0.03,-0.09,-132.44,-77.44,69.56,0.06,0.88,0.31,0.01,-0.02,0.11,-138.94,51.31,238.37,0.13,-0.37,0.31,9,3
1772052424.915248,1102012,0.00,0.07,-0.10,-132.44,-77.50,69.56,0.37,0.50,-0.88,0.06,-0.05,0.08,-138.94,51.31,238.31,-0.06,-0.31,0.19,9,4
1772052425.105789,1102203,0.04,0.03,-0.10,-132.50,-77.50,69.62,0.19,-1.00,0.44,0.06,-0.05,0.08,-138.94,51.31,238.31,0.06,0.31,0.00,8,4
1772052425.296549,1102394,0.01,0.11,-0.13,-132.25,-77.56,69.56,0.25,0.88,0.19,0.06,-0.01,0.11,-138.94,51.31,238.31,-0.19,-0.19,0.06,9,4
1772052425.485941,1102583,0.00,0.13,-0.15,-132.62,-77.50,69.50,0.25,-0.25,-1.37,0.03,-0.03,0.12,-138.94,51.31,238.37,-0.37,0.13,0.75,8,3
1772052425.677038,1102774,-0.04,0.10,-0.12,-132.44,-77.50,69.56,0.25,-0.19,0.06,0.06,-0.05,0.11,-139.00,51.31,238.37,-0.50,-0.13,0.25,9,4
1772052425.868542,1102965,-0.04,0.11,-0.15,-132.31,-77.50,69.50,-0.50,-0.44,-0.37,0.05,-0.03,0.09,-139.00,51.38,238.31,-0.31,0.25,0.37,8,3
1772052426.059047,1103156,0.03,0.09,-0.07,-131.87,-77.50,69.37,-0.81,-0.06,0.37,0.06,-0.04,0.08,-139.00,51.38,238.31,-0.37,-0.31,0.13,10,4
1772052426.250072,1103347,0.01,0.08,-0.12,-131.87,-77.44,69.31,0.44,0.31,0.00,0.07,-0.02,0.04,-139.00,51.31,238.37,-1.19,-1.00,0.06,10,3
1772052426.441010,1103538,0.00,0.04,-0.07,-131.75,-77.44,69.31,-0.88,-0.19,-0.25,0.10,0.01,0.07,-139.00,51.31,238.37,0.06,0.13,0.62,10,4
1772052426.630690,1103728,0.03,0.05,-0.09,-132.12,-77.44,69.44,1.31,0.37,-0.13,0.08,-0.04,0.10,-139.00,51.38,238.37,0.13,0.13,-0.25,10,4
1772052426.822026,1103919,0.02,-0.01,-0.10,-132.75,-77.44,69.62,0.13,-0.25,0.13,0.07,-0.04,0.06,-138.94,51.38,238.37,0.19,0.19,-0.37,10,5
1772052427.013560,1104111,0.03,0.11,-0.07,-132.69,-77.44,69.62,0.75,-0.75,-0.50,0.03,0.00,0.07,-138.94,51.31,238.44,-0.19,-0.13,-0.56,10,5
1772052427.205734,1104303,-0.01,0.06,-0.05,-132.50,-77.56,69.81,-0.37,0.06,-0.44,0.04,-0.02,0.08,-138.94,51.31,238.37,-0.06,-0.31,-0.06,10,5
1772052427.396858,1104494,0.02,0.01,-0.09,-132.69,-77.62,69.94,0.37,0.37,-0.13,0.00,-0.03,0.06,-138.94,51.31,238.37,-0.31,-0.69,-0.06,10,5
1772052427.589320,1104686,-0.04,0.01,-0.08,-132.69,-77.81,70.25,1.87,-0.56,-0.88,0.05,0.05,0.14,-138.94,51.31,238.37,-0.13,-0.37,-0.37,9,4
1772052427.779619,1104877,0.04,0.11,-0.11,-133.12,-77.75,70.31,-0.06,2.06,0.25,0.01,-0.02,0.07,-138.94,51.31,238.44,-0.25,-0.19,-0.13,9,5
1772052427.971735,1105069,0.02,-0.06,-0.07,-134.50,-77.81,71.12,4.06,0.25,-1.50,0.01,0.04,0.12,-138.94,51.31,238.44,-0.44,-0.19,0.25,8,4
1772052428.163979,1105261,0.03,0.15,-0.10,-134.37,-77.75,70.94,-2.06,2.19,1.37,0.02,-0.03,0.06,-139.00,51.31,238.37,-0.31,-0.19,0.13,8,4
1772052428.355983,1105453,0.07,0.01,-0.16,-134.69,-77.62,70.94,0.56,0.25,-0.25,0.03,0.00,0.11,-139.00,51.31,238.37,-0.25,0.31,0.31,9,4
1772052428.548552,1105645,-0.01,0.16,-0.06,-133.56,-77.69,70.69,-0.56,-0.56,0.31,0.05,-0.05,0.09,-139.00,51.31,238.37,-0.25,-0.13,0.19,10,3
1772052428.740043,1105837,-0.01,0.03,-0.08,-133.56,-77.75,70.81,-0.25,-0.81,-0.56,0.06,-0.07,0.13,-139.00,51.31,238.37,0.44,0.13,0.37,9,2
1772052428.930156,1106027,0.03,0.08,-0.07,-133.50,-77.75,70.75,0.50,-0.69,0.62,0.10,-0.01,0.10,-139.00,51.31,238.37,-0.19,-0.44,0.13,8,2
1772052429.122804,1106220,-0.06,0.07,-0.09,-133.44,-77.81,70.81,0.37,-0.13,-1.44,0.06,-0.05,0.09,-139.00,51.31,238.37,0.00,-0.19,-0.13,8,2
1772052429.314711,1106412,0.01,0.12,-0.12,-133.62,-77.87,70.94,-0.37,-0.19,0.06,0.05,-0.03,0.07,-139.00,51.25,238.44,0.56,0.62,-0.75,8,2
1772052429.506417,1106604,0.01,0.12,-0.15,-133.87,-77.75,70.81,-1.00,1.50,0.50,0.07,-0.07,0.11,-138.81,51.25,238.44,0.44,0.56,-0.25,8,2
1772052429.698479,1106796,0.05,0.11,-0.13,-134.31,-77.56,70.56,0.50,0.56,0.37,-0.02,0.01,0.10,-138.81,51.25,238.44,0.25,-0.06,-0.25,8,2
1772052429.889324,1106986,-0.09,0.08,-0.06,-134.00,-77.75,70.69,0.19,-0.19,-1.56,0.06,-0.03,0.06,-138.81,51.25,238.44,-0.19,-0.13,-0.25,7,2
1772052430.080980,1107178,0.06,0.11,-0.16,-134.56,-77.62,70.69,-1.87,0.13,0.69,0.03,-0.05,0.11,-138.81,51.25,238.44,0.31,0.31,-0.06,7,2
1772052430.273640,1107371,0.00,0.06,-0.13,-134.37,-77.69,70.62,0.31,0.81,-0.06,0.04,0.00,0.08,-138.87,51.25,238.44,-0.13,0.25,0.06,7,2
1772052430.466957,1107564,0.01,0.16,-0.10,-134.37,-77.69,70.56,-0.94,0.06,0.50,0.08,-0.04,0.06,-138.87,51.25,238.44,0.25,-0.25,-0.37,7,2
1772052430.659611,1107757,0.07,0.06,-0.12,-134.75,-77.69,70.62,0.13,-0.13,0.00,0.08,-0.06,0.09,-138.87,51.25,238.44,0.75,-0.37,0.00,7,2
1772052430.851109,1107949,0.00,0.04,-0.08,-134.81,-77.75,70.75,2.00,-1.81,0.69,0.06,-0.03,0.09,-138.87,51.25,238.37,0.19,0.00,-0.31,8,2
1772052431.042068,1108139,0.05,0.09,-0.12,-134.69,-77.69,70.62,1.31,0.19,0.50,0.06,-0.03,0.10,-138.87,51.25,238.37,0.00,0.69,-0.37,8,2
1772052431.233658,1108331,0.06,0.10,-0.10,-134.37,-77.69,70.62,0.56,-1.50,0.69,0.04,-0.02,0.08,-138.87,51.25,238.44,0.31,0.19,0.25,8,2
1772052431.425468,1108523,0.05,0.05,-0.12,-134.19,-77.75,70.62,0.94,-0.06,-0.50,0.08,-0.03,0.07,-138.87,51.19,238.44,-0.19,-0.50,0.44,8,3
1772052431.618660,1108716,0.01,0.03,-0.10,-134.56,-77.81,70.87,1.69,-0.81,-0.69,0.08,-0.06,0.08,-138.87,51.19,238.44,-0.31,0.25,0.37,8,3
1772052431.811805,1108909,0.03,0.13,-0.10,-134.37,-77.87,70.87,-0.50,-0.44,0.31,0.08,-0.07,0.10,-138.87,51.19,238.44,-0.06,0.06,0.06,9,3
1772052432.004315,1109102,-0.01,0.15,-0.15,-134.56,-77.81,70.94,-0.56,0.81,0.00,0.02,-0.01,0.05,-138.94,51.19,238.50,-0.19,0.31,0.31,10,3
1772052432.195193,1109293,-0.08,0.15,-0.08,-134.31,-77.87,70.94,-1.44,0.31,0.37,0.09,-0.11,0.08,-138.94,51.19,238.37,0.88,0.56,-0.50,9,3
1772052432.386589,1109484,0.00,0.02,-0.13,-135.00,-77.69,70.87,0.00,0.00,0.06,0.09,-0.05,0.10,-138.94,51.19,238.37,-0.06,0.31,-0.69,9,3
1772052432.577812,1109675,-0.02,0.10,-0.09,-134.75,-77.62,70.75,-1.06,-0.37,0.69,0.03,-0.03,0.05,-138.87,51.19,238.37,0.13,0.13,-0.56,9,4
1772052432.768986,1109866,-0.03,0.01,-0.09,-134.69,-77.56,70.62,0.56,-0.06,-0.62,0.05,-0.05,0.06,-138.87,51.19,238.44,-0.31,-0.44,0.13,9,3
1772052432.959651,1110057,0.01,0.07,-0.05,-134.81,-77.56,70.62,-0.62,0.56,0.06,0.07,-0.04,0.08,-138.87,51.19,238.44,0.37,-0.06,0.37,9,4
1772052433.149884,1110247,0.00,0.05,-0.10,-134.87,-77.56,70.62,0.37,0.00,0.37,0.08,-0.07,0.06,-138.87,51.19,238.37,0.62,-0.62,-0.31,9,3
1772052433.341374,1110439,-0.06,-0.03,-0.05,-134.94,-77.69,70.81,1.62,-1.44,0.44,0.04,-0.03,0.08,-138.87,51.19,238.37,0.00,-0.06,-0.37,9,3
1772052433.532770,1110630,0.01,0.09,-0.13,-134.94,-77.62,70.69,1.00,0.56,0.19,0.05,-0.01,0.07,-138.87,51.19,238.37,0.13,0.00,-0.31,10,3
1772052433.726426,1110824,0.01,0.06,-0.06,-134.87,-77.62,70.69,-0.13,-0.88,0.62,0.10,-0.03,0.07,-138.87,51.19,238.37,-0.06,0.06,0.37,9,3
1772052433.920304,1111018,0.03,0.05,-0.12,-135.06,-77.62,70.75,1.12,0.00,-0.88,0.06,-0.06,0.06,-138.87,51.19,238.37,0.31,-0.19,0.50,10,2
1772052434.111872,1111209,0.02,0.04,-0.07,-135.06,-77.69,70.87,0.31,-1.06,0.19,0.08,-0.05,0.09,-138.87,51.19,238.37,-0.25,0.06,0.06,10,2
1772052434.302672,1111400,0.00,0.10,-0.07,-134.94,-77.75,70.87,0.50,-0.13,0.06,0.07,-0.08,0.05,-138.87,51.19,238.37,0.31,-0.62,-0.19,10,2
1772052434.494125,1111591,-0.04,-0.02,-0.04,-134.87,-77.87,71.06,1.50,-1.50,-0.13,0.06,-0.10,0.10,-138.81,51.13,238.50,0.37,0.13,0.50,10,2
1772052434.685025,1111783,0.00,0.10,-0.12,-134.94,-77.87,71.06,1.06,1.31,0.00,0.07,-0.09,0.07,-138.81,51.13,238.50,-0.19,0.13,0.00,9,1
1772052434.876344,1111974,0.00,0.08,-0.10,-135.62,-77.87,71.19,0.13,-0.06,-0.37,0.06,-0.07,0.05,-138.75,51.19,238.44,0.25,0.88,-0.25,9,2
1772052435.066915,1112164,0.00,0.10,-0.06,-135.19,-77.75,71.00,-0.19,0.19,0.37,0.08,-0.08,0.07,-138.69,51.19,238.50,-0.25,-0.13,-0.69,9,2
1772052435.257123,1112355,0.01,0.07,-0.10,-135.19,-77.75,71.00,-0.69,-0.13,-0.94,0.00,-0.10,0.08,-138.62,51.13,238.56,-0.06,0.37,0.13,8,2
1772052435.448147,1112546,0.00,0.11,-0.09,-134.94,-77.81,71.00,-1.37,0.25,0.19,0.05,-0.10,0.05,-138.62,51.13,238.56,0.44,0.25,-0.31,8,1
1772052435.639676,1112737,0.01,0.09,-0.12,-135.06,-77.87,71.00,0.56,0.00,-0.13,0.05,-0.07,0.05,-138.62,51.13,238.56,-0.13,0.13,-0.13,9,2
1772052435.833179,1112931,0.01,0.13,-0.12,-135.00,-77.87,70.94,0.31,0.25,0.81,0.04,-0.07,0.08,-138.62,51.13,238.56,0.50,0.00,-0.44,8,2
1772052436.027397,1113125,0.03,0.11,-0.13,-135.12,-77.81,70.94,1.25,-0.50,-0.37,0.04,-0.10,0.09,-138.62,51.13,238.62,-0.06,0.13,-0.25,9,2
1772052436.219014,1113316,0.03,0.10,-0.09,-135.00,-77.81,70.87,1.00,-0.56,0.06,0.08,-0.10,0.12,-138.62,51.13,238.62,0.50,0.25,-0.50,9,2
1772052436.409969,1113507,0.03,0.09,-0.11,-135.19,-77.81,70.87,0.69,0.00,-0.44,0.07,-0.05,0.10,-138.56,51.13,238.62,0.13,0.50,-0.62,10,2
1772052436.601051,1113699,0.06,0.17,-0.13,-135.06,-77.81,70.81,-0.31,0.00,-0.06,0.10,-0.08,0.11,-138.56,51.13,238.62,-0.44,0.19,0.06,10,2
1772052436.792479,1113890,-0.02,0.10,-0.12,-134.94,-77.81,70.87,0.06,-0.37,-0.19,0.10,-0.09,0.05,-138.56,51.13,238.62,-0.44,-0.19,-0.19,10,1
1772052436.982851,1114080,-0.01,0.06,-0.05,-134.69,-77.94,70.94,-0.44,-1.56,0.13,0.07,-0.08,0.04,-138.56,51.13,238.69,-0.25,-0.13,0.31,9,1
1772052437.173054,1114271,0.01,0.07,-0.12,-134.81,-77.81,70.94,0.62,0.81,-1.19,0.07,-0.08,0.05,-138.56,51.13,238.69,-0.19,0.00,0.75,8,1
1772052437.363632,1114461,0.00,0.01,-0.11,-135.25,-77.81,71.00,0.75,-0.56,-0.06,0.10,-0.10,0.08,-138.56,51.13,238.69,-0.06,0.19,-0.06,8,1
1772052437.554332,1114652,0.01,0.09,-0.12,-135.25,-77.75,70.94,0.13,-0.25,0.13,0.07,-0.09,0.05,-138.56,51.13,238.69,0.00,0.25,-0.06,7,1
1772052437.744774,1114842,0.00,0.16,-0.13,-135.25,-77.69,70.94,-0.50,0.31,0.56,0.05,-0.10,0.05,-138.56,51.13,238.69,0.31,0.06,-0.13,8,1
1772052437.935720,1115033,-0.11,0.04,-0.02,-135.19,-77.69,70.94,1.56,-1.19,0.31,0.08,-0.12,0.04,-138.62,51.13,238.56,-0.06,-0.13,-0.06,8,1
1772052438.126057,1115224,-0.01,0.03,-0.10,-135.69,-77.62,70.94,0.31,0.88,-0.25,0.07,-0.07,0.02,-138.62,51.13,238.56,0.25,0.31,-0.31,8,1
1772052438.316612,1115414,0.00,0.08,-0.06,-135.62,-77.62,70.87,-1.50,0.25,0.25,0.07,-0.11,0.04,-138.62,51.13,238.56,-0.06,0.00,0.06,8,1
1772052438.507720,1115605,-0.01,0.09,-0.10,-135.56,-77.62,70.81,-0.06,-0.25,-0.50,0.02,-0.08,0.08,-138.62,51.13,238.56,0.31,0.00,-0.31,9,2
1772052438.698417,1115796,-0.02,-0.01,-0.03,-135.50,-77.75,71.00,-0.56,-0.69,0.06,0.06,-0.06,0.06,-138.56,51.13,238.62,0.62,0.50,0.31,10,2
1772052438.888787,1115986,0.03,0.02,-0.12,-135.50,-77.69,70.87,-0.06,1.06,-0.62,0.06,-0.09,0.08,-138.56,51.13,238.62,-0.13,0.37,0.31,10,2
1772052439.079304,1116177,0.02,0.06,-0.09,-135.37,-77.62,70.75,0.62,-0.81,-0.13,0.08,-0.08,0.09,-138.56,51.13,238.62,0.00,0.06,0.00,10,1
1772052439.269816,1116368,-0.01,0.09,-0.05,-135.25,-77.62,70.75,0.25,0.00,0.06,0.07,-0.08,0.06,-138.56,51.13,238.62,0.00,-0.19,0.06,9,1
1772052439.460698,1116558,0.00,0.00,-0.09,-135.31,-77.62,70.81,0.44,0.06,-0.25,0.07,-0.09,0.07,-138.56,51.13,238.62,-0.13,0.06,0.13,9,1
1772052439.650965,1116749,0.00,0.08,-0.07,-135.00,-77.69,70.75,-1.69,0.31,0.19,0.07,-0.12,0.06,-138.56,51.13,238.62,0.44,0.56,0.50,8,1
1772052439.842093,1116939,-0.01,0.12,-0.10,-135.06,-77.69,70.81,-0.56,-0.19,-0.25,0.10,-0.16,0.03,-138.62,51.13,238.62,0.88,0.13,-0.13,8,1
1772052440.032599,1117130,-0.02,-0.02,-0.10,-135.62,-77.75,71.06,0.25,-0.19,-0.56,0.05,-0.12,0.06,-138.56,51.13,238.69,-0.19,0.06,0.25,7,1
1772052440.222964,1117321,0.01,0.07,-0.03,-135.37,-77.75,70.94,0.31,0.31,-0.13,0.10,-0.12,0.11,-138.56,51.13,238.69,0.37,0.19,0.13,8,1
1772052440.413909,1117512,0.00,0.04,-0.13,-135.31,-77.75,70.94,0.06,-1.12,-0.44,0.07,-0.17,0.10,-138.56,51.13,238.69,0.37,0.44,0.00,7,1
1772052440.604584,1117702,-0.06,0.08,-0.08,-135.12,-77.81,70.94,0.44,0.13,-0.31,0.09,-0.08,0.04,-138.56,51.13,238.62,0.37,-0.06,-0.56,8,1
1772052440.795034,1117893,0.00,0.08,-0.10,-135.44,-77.75,70.94,-0.62,0.69,-0.37,0.07,-0.10,0.02,-138.56,51.13,238.62,0.19,0.13,-0.25,8,1
1772052440.985876,1118083,0.01,0.12,-0.08,-135.37,-77.69,70.81,-0.88,-0.13,0.31,0.07,-0.10,0.05,-138.56,51.13,238.62,-0.19,0.13,-0.25,9,1
1772052441.176403,1118274,0.00,0.08,-0.11,-135.31,-77.75,70.81,-0.19,0.56,-0.06,0.01,-0.04,0.06,-138.62,51.13,238.62,0.06,0.25,-0.06,9,1
1772052441.367382,1118465,-0.05,0.13,-0.06,-135.06,-77.81,70.87,-1.69,0.37,-0.37,0.09,-0.11,0.07,-138.62,51.13,238.56,0.88,0.50,-0.37,9,2
1772052441.557765,1118655,0.03,0.04,-0.14,-135.50,-77.75,70.87,0.31,0.31,-0.06,0.06,-0.08,0.06,-138.62,51.13,238.62,-0.31,0.00,-0.06,9,2
1772052441.748156,1118846,0.00,0.12,-0.10,-135.31,-77.81,70.81,-1.44,0.13,0.19,0.08,-0.06,0.04,-138.56,51.19,238.56,0.25,0.13,0.00,8,2
1772052441.938910,1119037,0.02,0.09,-0.10,-135.37,-77.81,70.81,0.44,0.13,-0.37,0.07,-0.11,0.08,-138.56,51.19,238.56,0.13,0.44,0.00,8,2
1772052442.129544,1119227,0.01,0.03,-0.09,-135.31,-77.81,70.87,0.13,-0.62,0.25,0.07,-0.09,0.05,-138.56,51.13,238.62,-0.13,0.06,0.06,7,1
1772052442.320607,1119418,0.02,0.06,-0.12,-135.37,-77.87,70.81,0.06,0.44,-1.19,0.08,-0.08,0.11,-138.56,51.13,238.62,-0.25,-0.81,0.69,8,2
1772052442.511000,1119609,0.12,0.07,-0.18,-136.00,-77.87,71.00,2.06,-0.62,-0.13,0.11,-0.11,0.14,-138.62,51.19,238.56,-0.56,0.37,0.44,8,2
1772052442.701546,1119799,0.00,0.18,-0.10,-135.19,-77.94,70.87,-0.25,0.06,0.56,0.08,-0.10,0.04,-138.62,51.19,238.56,-1.00,-0.25,0.25,8,2
1772052442.892059,1119990,0.03,0.20,-0.16,-135.06,-77.87,70.81,-1.19,-0.31,1.06,0.08,-0.10,0.04,-138.56,51.25,238.62,-0.25,0.50,0.62,8,1
1772052443.082718,1120180,-0.03,0.15,-0.06,-134.56,-77.87,70.75,0.31,-0.31,0.00,0.12,-0.16,0.03,-138.56,51.31,238.50,0.13,-0.06,0.31,9,2
1772052443.273384,1120371,0.00,0.02,-0.14,-135.06,-77.75,70.87,0.19,0.06,-0.44,0.10,-0.14,0.02,-138.56,51.31,238.50,-0.13,0.06,0.00,9,2
1772052443.463904,1120562,0.00,0.07,-0.10,-135.37,-77.75,70.87,-0.94,0.37,0.25,0.09,-0.10,0.05,-138.50,51.38,238.50,0.56,0.75,-0.13,9,2
1772052443.654647,1120752,0.04,0.03,-0.13,-135.37,-77.69,70.75,0.31,0.25,0.37,0.11,-0.09,0.07,-138.44,51.31,238.50,0.37,-0.25,-0.37,9,2
1772052443.845344,1120943,0.07,0.09,-0.08,-135.56,-77.69,70.69,1.37,-1.56,0.25,0.11,-0.11,0.04,-138.50,51.31,238.44,-0.31,0.00,-0.19,8,2
1772052444.035889,1121134,0.02,0.05,-0.10,-135.50,-77.69,70.69,1.12,0.81,0.69,0.05,-0.10,0.03,-138.50,51.31,238.50,-0.75,-0.31,0.00,8,2
1772052444.226841,1121324,0.03,0.09,-0.08,-135.50,-77.62,70.62,-1.44,-0.50,1.19,0.09,-0.08,0.05,-138.44,51.31,238.50,0.00,0.50,-0.13,7,2
1772052444.417387,1121515,0.01,0.05,-0.11,-135.19,-77.62,70.56,0.62,-0.06,-0.56,0.06,-0.07,0.00,-138.44,51.38,238.44,-0.50,-0.75,-0.13,7,2
1772052444.607945,1121706,0.00,0.02,-0.08,-135.19,-77.69,70.69,-0.62,0.00,-0.06,0.08,-0.09,0.01,-138.44,51.31,238.50,0.13,0.00,-0.06,7,2
1772052444.798793,1121896,0.02,0.00,-0.11,-135.31,-77.69,70.62,0.31,0.44,0.06,0.07,-0.11,0.00,-138.44,51.31,238.50,0.19,0.13,0.19,8,2
1772052444.988993,1122087,0.00,0.01,-0.10,-135.25,-77.69,70.62,0.44,-0.25,0.56,0.06,-0.07,0.04,-138.44,51.31,238.50,0.19,0.06,-0.31,7,2
1772052445.179903,1122278,0.03,0.12,-0.15,-135.25,-77.69,70.56,-0.06,0.31,-0.69,0.04,-0.06,0.06,-138.44,51.31,238.50,-0.37,0.37,0.44,9,2
1772052445.370710,1122468,-0.01,0.11,-0.12,-135.25,-77.81,70.69,-1.25,-0.44,-1.31,0.06,-0.12,0.04,-138.44,51.38,238.50,-0.13,0.19,0.31,9,2
1772052445.561100,1122659,-0.02,0.06,-0.10,-135.19,-77.75,70.62,0.56,0.62,0.19,0.08,-0.10,0.02,-138.37,51.38,238.56,-0.94,-0.31,0.19,9,2
1772052445.751942,1122849,0.00,0.13,-0.10,-135.19,-77.75,70.69,0.00,-0.62,-1.19,0.04,-0.11,0.02,-138.37,51.38,238.56,-0.37,-0.06,0.44,9,2
1772052445.942712,1123040,-0.03,0.11,-0.07,-135.12,-77.81,70.81,-0.25,-0.13,-0.13,0.06,-0.13,0.03,-138.44,51.44,238.56,-0.44,-0.19,0.37,8,2
1772052446.133314,1123231,-0.01,0.02,-0.12,-135.19,-77.81,70.81,0.62,-0.19,-0.31,0.08,-0.11,0.00,-138.44,51.44,238.56,-0.94,-0.62,0.19,9,2
1772052446.323453,1123421,0.00,0.10,-0.10,-134.81,-77.87,70.81,-0.75,0.19,0.06,0.07,-0.15,0.02,-138.37,51.44,238.56,0.13,0.13,0.69,8,2
1772052446.514171,1123612,0.04,0.06,-0.17,-135.31,-77.87,70.87,0.69,0.50,0.19,0.06,-0.15,0.03,-138.37,51.44,238.56,0.13,-0.31,-0.25,8,2
1772052446.704830,1123803,0.01,0.01,-0.09,-135.44,-77.94,71.00,0.88,-1.19,0.00,0.06,-0.14,0.02,-138.37,51.50,238.56,0.19,0.56,-0.81,7,3
1772052446.895813,1123993,0.00,0.09,-0.10,-135.37,-77.87,70.87,0.19,0.44,0.56,0.03,-0.07,-0.02,-138.31,51.50,238.56,-0.88,-0.13,-0.50,7,3
1772052447.086474,1124184,0.00,0.10,-0.07,-135.25,-77.81,70.75,-0.88,0.06,0.50,0.06,-0.07,0.00,-138.31,51.50,238.62,-0.19,0.00,0.06,7,3
1772052447.277174,1124375,0.03,0.04,-0.11,-135.44,-77.75,70.69,0.62,0.44,-0.50,0.04,-0.14,-0.01,-138.31,51.50,238.62,-0.19,-0.37,0.31,8,3
1772052447.467721,1124565,-0.04,-0.02,-0.08,-135.69,-77.75,70.81,0.50,-0.62,0.06,0.04,-0.09,0.00,-138.31,51.50,238.62,-0.31,-0.25,-0.06,8,3
1772052447.658089,1124756,0.00,0.07,-0.10,-135.69,-77.69,70.69,0.37,0.31,0.06,0.10,-0.10,0.00,-138.31,51.50,238.62,-0.06,-0.13,0.13,9,3
1772052447.848873,1124947,0.01,0.05,-0.09,-135.75,-77.69,70.69,0.37,-0.56,-0.13,0.03,-0.11,0.03,-138.25,51.50,238.69,-0.06,0.06,0.13,9,2
1772052448.039716,1125138,0.11,0.14,-0.12,-135.87,-77.75,70.69,0.62,0.37,-1.94,0.08,-0.10,0.01,-138.31,51.44,238.69,-0.81,0.50,0.62,8,2
1772052448.230307,1125328,0.00,0.12,-0.12,-135.87,-77.94,70.94,-1.75,0.37,-0.31,0.03,-0.13,0.00,-138.31,51.50,238.69,-0.62,0.62,0.44,7,2
1772052448.420821,1125519,0.03,0.12,-0.10,-135.62,-77.87,70.81,-0.81,0.31,0.88,0.06,-0.14,0.01,-138.25,51.50,238.75,-0.50,-0.25,0.19,7,4
1772052448.611725,1125709,0.01,0.10,-0.11,-135.50,-77.81,70.81,0.69,-0.31,-0.56,0.12,-0.11,-0.05,-138.25,51.50,238.75,-1.25,-1.25,0.37,8,3
1772052448.801996,1125900,0.01,0.05,-0.09,-135.37,-77.94,70.94,0.06,-0.31,-0.19,0.10,-0.12,0.00,-138.25,51.50,238.81,-0.06,0.00,0.62,8,2
1772052448.992825,1126091,0.03,0.09,-0.12,-135.50,-77.94,71.00,0.50,0.31,0.31,0.08,-0.17,0.00,-138.31,51.50,238.75,-0.06,0.00,-0.06,8,3
1772052449.183543,1126281,0.00,0.01,-0.13,-135.62,-77.94,71.00,-0.31,-1.25,0.44,0.07,-0.13,-0.01,-138.25,51.50,238.75,0.00,0.44,-0.13,8,3
1772052449.374259,1126472,-0.02,0.09,-0.13,-135.44,-77.94,70.87,0.00,0.69,0.13,-0.02,-0.11,-0.09,-138.25,51.50,238.81,0.56,-0.06,-0.56,9,3
1772052449.565108,1126662,-0.06,-0.03,-0.03,-135.31,-78.06,71.06,-0.94,-0.44,0.37,0.07,-0.10,-0.02,-138.19,51.50,238.81,-0.25,-0.13,0.19,9,3
1772052449.755309,1126853,0.06,0.04,-0.15,-135.94,-77.87,70.81,0.75,1.69,-0.69,0.04,-0.09,0.01,-138.19,51.50,238.81,0.06,0.19,0.19,10,3
1772052449.946216,1127044,0.00,0.08,-0.12,-136.00,-77.75,70.69,0.69,-0.94,0.37,0.06,-0.10,0.01,-138.19,51.50,238.81,-0.25,0.00,-0.19,10,3
1772052450.136933,1127235,0.01,0.07,-0.08,-135.94,-77.69,70.62,0.69,-0.37,-0.31,0.07,-0.12,0.00,-138.19,51.50,238.81,-0.06,0.06,0.06,9,3
1772052450.327374,1127425,0.01,0.02,-0.08,-136.06,-77.69,70.62,0.19,-0.19,-0.62,0.06,-0.13,0.00,-138.12,51.50,238.87,0.00,0.25,0.25,9,2
1772052450.518009,1127616,0.00,0.06,-0.05,-136.00,-77.62,70.50,0.25,-0.13,0.19,0.07,-0.10,0.01,-138.12,51.50,238.87,-0.44,-0.19,0.06,8,2
1772052450.708722,1127806,0.00,0.09,-0.05,-136.06,-77.62,70.50,0.19,-0.88,-0.25,0.07,-0.14,0.00,-138.12,51.50,238.87,0.25,-0.13,0.06,9,2
1772052450.899635,1127997,-0.07,0.01,-0.02,-135.94,-77.75,70.62,2.06,-0.94,0.62,0.04,-0.12,-0.04,-138.12,51.56,238.87,-0.62,-0.31,0.50,8,2
1772052451.089960,1128188,0.01,0.06,-0.15,-135.87,-77.69,70.56,0.44,1.31,1.12,0.08,-0.07,-0.02,-138.12,51.50,239.06,-0.13,0.56,0.13,8,2
1772052451.281025,1128379,-0.01,0.16,-0.08,-135.50,-77.69,70.37,-0.62,-0.62,0.88,0.04,-0.13,-0.02,-138.12,51.56,239.00,-0.13,-0.06,0.13,8,1
1772052451.471458,1128569,0.00,0.03,-0.10,-135.62,-77.75,70.50,1.19,-0.75,-0.25,0.06,-0.12,-0.04,-138.12,51.56,239.00,-0.37,-0.25,0.19,8,2
1772052451.662160,1128760,-0.01,0.02,-0.08,-135.69,-77.81,70.69,-0.81,0.13,0.25,0.05,-0.15,-0.04,-138.12,51.56,239.00,-0.06,-0.06,-0.06,9,2
1772052451.852650,1128951,0.00,0.02,-0.14,-135.69,-77.81,70.62,0.19,0.06,-0.44,0.04,-0.10,0.00,-138.06,51.56,239.00,-0.56,-0.31,0.13,10,2
1772052452.043193,1129141,0.01,0.11,-0.08,-135.50,-77.87,70.62,-0.44,0.81,0.13,0.12,-0.14,0.05,-138.06,51.56,239.00,0.50,0.00,0.37,10,2
1772052452.234055,1129332,0.08,0.06,-0.12,-136.25,-77.87,70.75,1.56,-1.00,-0.13,0.05,-0.16,-0.03,-138.19,51.56,239.00,-0.19,0.19,0.13,9,2
1772052452.424458,1129522,0.00,0.06,-0.11,-136.00,-77.94,70.75,-0.25,0.44,1.00,0.01,-0.10,0.00,-138.12,51.56,239.00,-0.62,-0.31,0.25,9,2
1772052452.615470,1129713,0.02,0.16,-0.09,-135.75,-77.81,70.56,-0.44,-0.25,0.69,0.07,-0.11,-0.02,-138.12,51.56,239.00,0.06,-0.13,0.00,8,2
1772052452.806038,1129904,-0.01,0.02,-0.09,-135.81,-77.81,70.62,0.25,-0.13,-0.06,0.07,-0.10,-0.01,-138.12,51.56,239.06,0.19,-0.62,0.37,8,2
1772052452.996734,1130094,0.00,0.02,-0.11,-135.81,-77.81,70.62,0.75,0.37,-0.06,0.05,-0.11,0.00,-138.12,51.56,239.06,-0.06,-0.19,0.44,8,2
1772052453.186936,1130285,-0.02,0.02,-0.07,-135.56,-77.87,70.62,0.44,-1.37,0.62,0.05,-0.09,0.00,-138.19,51.56,239.06,-0.19,0.00,0.75,8,2
1772052453.377853,1130476,0.00,0.12,-0.09,-135.44,-77.87,70.56,0.50,0.13,-0.31,0.04,-0.13,-0.04,-138.25,51.56,239.06,-0.06,-1.25,0.19,7,2
1772052453.568771,1130666,-0.05,-0.04,-0.07,-135.75,-78.00,70.81,2.06,-2.19,-0.37,0.02,-0.12,0.03,-138.31,51.56,239.12,-0.13,-0.37,0.88,7,2
1772052453.759215,1130857,-0.02,0.09,-0.08,-135.69,-78.00,70.81,1.12,1.62,0.37,0.07,-0.08,0.01,-138.44,51.63,239.00,-0.44,-0.31,0.19,7,1
1772052453.949896,1131048,0.03,0.10,-0.16,-136.06,-77.94,70.81,0.13,-0.56,-0.31,0.08,-0.14,0.02,-138.44,51.63,239.00,-0.25,0.25,0.37,8,1
1772052454.140370,1131238,0.05,0.15,-0.08,-135.75,-78.00,70.75,0.00,-0.19,0.00,0.03,-0.12,0.01,-138.44,51.63,239.00,0.19,0.25,0.06,8,1
1772052454.331050,1131429,0.00,0.10,-0.13,-135.56,-78.00,70.75,-0.37,0.37,-0.44,0.06,-0.12,0.02,-138.44,51.63,239.00,0.25,0.31,0.50,8,1
1772052454.521945,1131620,-0.04,0.10,-0.12,-135.56,-78.00,70.75,-0.13,-0.13,0.25,0.03,-0.08,0.00,-138.44,51.63,239.00,0.19,-0.31,-0.13,8,1
1772052454.712835,1131810,-0.01,0.14,-0.13,-135.62,-78.00,70.75,-0.75,0.31,-0.25,-0.02,-0.07,-0.03,-138.56,51.56,239.06,0.44,-0.19,-0.06,7,1
1772052454.903016,1132001,-0.01,0.04,-0.06,-135.56,-78.12,70.94,-1.81,0.25,0.37,0.03,-0.10,-0.01,-138.50,51.56,239.06,0.69,0.25,0.13,7,1
1772052455.093505,1132192,0.05,0.01,-0.20,-136.00,-78.00,70.81,0.00,1.37,0.31,0.05,-0.05,0.02,-138.50,51.56,239.12,-0.13,0.13,0.50,7,1
1772052455.284611,1132382,-0.01,0.20,-0.04,-135.56,-77.94,70.62,-0.37,-0.44,-0.06,0.04,-0.06,0.01,-138.56,51.56,239.12,0.06,-0.75,0.75,7,1
1772052455.475163,1132573,0.04,0.00,-0.10,-135.94,-77.94,70.87,0.25,-0.50,-0.56,0.06,-0.07,0.00,-138.75,51.56,239.06,-0.44,-0.31,1.06,7,1
1772052455.665572,1132764,0.00,0.03,-0.08,-135.94,-77.94,70.94,-1.06,0.25,0.44,0.07,-0.11,0.00,-138.81,51.63,239.00,0.81,0.25,-0.06,8,1
1772052455.856232,1132954,-0.04,0.03,-0.07,-135.44,-77.94,70.81,0.69,-0.88,0.31,0.08,-0.05,0.08,-138.81,51.69,239.00,0.13,0.25,0.06,8,1
1772052456.047122,1133145,-0.01,0.11,-0.06,-135.25,-77.81,70.69,1.25,-0.25,-0.44,0.03,-0.07,0.04,-138.87,51.63,239.00,0.81,-0.69,-0.06,9,1
1772052456.237484,1133335,0.00,0.08,-0.05,-135.56,-77.81,70.75,0.06,-0.88,0.00,0.01,-0.02,0.05,-139.00,51.63,238.94,0.88,-0.31,-0.37,9,1
1772052456.427977,1133526,0.01,-0.01,-0.07,-135.56,-77.87,70.75,1.19,0.00,0.50,0.07,-0.05,0.08,-139.00,51.69,238.94,0.00,0.62,0.00,8,1
1772052456.618879,1133717,0.00,0.14,-0.02,-135.06,-77.81,70.50,-0.31,-0.50,0.81,0.04,-0.04,0.08,-139.00,51.69,238.94,-0.19,0.06,0.25,8,1
1772052456.809364,1133907,0.00,0.07,-0.09,-135.00,-77.81,70.50,0.13,-1.06,-0.69,0.00,-0.08,0.07,-139.06,51.69,238.94,0.31,-0.06,0.56,8,1
1772052456.999971,1134098,-0.07,0.04,-0.10,-134.94,-77.87,70.56,0.37,0.06,0.06,0.02,-0.05,0.02,-139.12,51.63,238.94,0.13,-0.44,0.19,8,1
1772052457.190569,1134289,0.00,0.05,-0.08,-135.12,-77.87,70.62,-0.13,0.50,-0.31,0.03,-0.04,0.05,-139.12,51.69,238.94,0.00,0.31,-0.06,8,1
1772052457.381385,1134479,0.01,0.13,-0.07,-135.00,-77.87,70.50,-0.94,0.06,0.69,0.04,-0.06,0.06,-139.12,51.69,238.94,0.19,-0.13,0.06,8,2
1772052457.571946,1134670,0.00,0.06,-0.13,-135.12,-77.87,70.56,0.00,-0.19,0.44,0.02,0.00,0.07,-139.12,51.63,239.00,0.06,0.06,0.56,8,2
1772052457.762639,1134861,0.00,0.12,-0.09,-134.81,-77.94,70.50,-0.06,0.06,0.31,0.06,-0.06,0.02,-139.12,51.63,239.00,0.00,-0.50,0.50,8,2
1772052457.953224,1135051,-0.01,0.06,-0.12,-134.87,-77.94,70.50,-0.19,0.00,-0.19,0.05,0.00,0.03,-139.12,51.63,239.00,0.13,0.19,0.25,8,2
1772052458.143882,1135242,0.00,0.10,-0.11,-134.87,-77.94,70.50,-1.25,0.25,0.19,0.04,-0.04,0.05,-139.12,51.63,239.00,0.13,0.19,0.25,9,2
1772052458.334670,1135433,0.03,0.03,-0.13,-134.87,-77.94,70.44,0.31,0.75,0.31,0.03,0.01,0.06,-139.12,51.63,239.00,-0.37,-0.13,0.06,9,2
1772052458.525623,1135623,-0.01,0.13,-0.08,-134.69,-78.00,70.44,-0.94,-0.31,-0.50,0.01,-0.02,0.06,-139.12,51.63,239.06,0.06,0.19,0.37,8,2
1772052458.716042,1135814,0.02,0.08,-0.12,-134.81,-78.06,70.50,0.31,0.00,0.13,0.06,-0.02,0.05,-139.19,51.69,239.00,-0.37,-0.31,0.50,8,2
1772052458.906679,1136005,0.00,0.09,-0.12,-134.87,-78.06,70.56,-1.00,0.31,0.31,0.05,-0.02,0.02,-139.19,51.69,239.00,-0.19,-0.25,0.13,8,2
1772052459.097440,1136195,-0.01,0.05,-0.11,-134.94,-78.06,70.62,0.62,0.13,-0.69,0.09,-0.02,0.01,-139.19,51.63,239.00,-0.69,-0.81,-0.13,8,3
1772052459.287844,1136386,0.02,0.10,-0.09,-134.81,-78.12,70.69,-0.56,0.19,-0.06,0.06,-0.03,0.05,-139.19,51.63,239.06,0.13,-0.19,0.50,7,2
1772052459.478703,1136577,0.00,0.07,-0.12,-134.94,-78.12,70.69,0.69,-0.31,0.13,0.07,-0.07,0.00,-139.19,51.63,239.06,0.13,0.00,-0.06,8,2
1772052459.669454,1136767,-0.04,0.00,-0.14,-134.94,-78.12,70.75,-0.88,0.13,0.81,0.00,-0.02,0.06,-139.19,51.63,239.06,0.62,0.44,-0.62,8,2
1772052459.860045,1136958,0.04,0.00,-0.11,-134.94,-78.12,70.69,0.69,0.37,-0.19,0.04,-0.01,0.07,-139.12,51.56,239.06,-0.13,-0.13,-0.44,9,2
1772052460.050489,1137149,0.01,0.11,-0.10,-134.81,-78.12,70.56,-0.31,0.25,0.50,0.06,-0.05,0.06,-139.12,51.56,239.06,0.69,-0.31,-0.50,9,2
1772052460.241180,1137339,-0.01,0.00,-0.12,-135.06,-78.19,70.69,1.25,-0.69,0.81,0.04,-0.01,0.05,-139.12,51.56,239.06,0.13,-0.50,-0.31,10,2
1772052460.432060,1137530,-0.01,-0.01,-0.09,-134.94,-78.19,70.69,0.50,-0.19,0.88,0.03,0.00,0.02,-139.12,51.56,239.06,0.62,-0.19,-0.31,11,4
1772052460.622514,1137721,0.00,0.01,-0.14,-134.81,-78.19,70.62,1.25,-0.37,0.06,0.04,-0.01,0.03,-139.12,51.56,239.00,-0.37,-0.56,-0.13,10,4
1772052460.813288,1137911,-0.01,0.07,-0.10,-134.75,-78.19,70.50,-0.25,-0.25,-0.13,0.10,0.02,0.06,-139.12,51.56,239.00,0.00,0.00,-0.06,11,3
1772052461.003476,1138102,0.04,0.10,-0.17,-134.75,-78.19,70.50,0.50,-0.13,-0.06,0.03,-0.04,0.02,-139.12,51.56,239.00,0.31,0.00,0.13,10,3
1772052461.194281,1138292,0.00,0.03,-0.13,-134.44,-78.31,70.62,0.13,-0.50,0.19,0.02,-0.02,0.09,-139.12,51.56,239.00,0.13,0.00,0.00,11,3
1772052461.385132,1138483,0.05,0.12,-0.12,-134.44,-78.31,70.56,0.50,0.31,-0.19,0.05,-0.05,0.10,-139.12,51.56,239.00,-0.19,-0.13,0.19,10,3
1772052461.575556,1138674,0.02,0.07,-0.16,-134.44,-78.25,70.56,0.56,-1.62,-0.62,0.02,-0.07,0.08,-139.12,51.56,239.06,0.44,0.13,0.37,10,3
1772052461.766689,1138864,-0.03,0.06,-0.11,-133.87,-78.31,70.62,0.69,0.06,-0.13,0.05,-0.03,0.04,-139.19,51.56,239.06,-0.13,-0.50,-0.19,10,3
1772052461.956905,1139055,0.02,0.05,-0.12,-134.37,-78.25,70.69,0.06,-0.19,-0.50,0.03,-0.07,0.07,-139.12,51.56,239.06,-0.06,0.44,0.06,10,3
1772052462.147820,1139246,0.02,0.12,-0.10,-134.31,-78.25,70.56,-0.56,0.31,0.37,0.03,-0.05,0.06,-139.12,51.56,239.12,0.31,0.37,-0.44,10,3
1772052462.338362,1139436,0.03,0.09,-0.10,-134.25,-78.19,70.50,-0.69,-0.19,0.06,0.06,-0.04,0.07,-139.12,51.50,239.12,0.06,0.44,0.31,8,1
1772052462.528802,1139627,0.00,0.08,-0.09,-134.06,-78.12,70.44,0.50,0.00,0.00,0.04,-0.02,0.07,-139.12,51.50,239.12,0.13,-0.31,-0.31,9,1
1772052462.719612,1139818,0.00,0.04,-0.13,-134.37,-78.12,70.44,0.06,0.25,-0.62,0.05,0.00,0.03,-139.12,51.50,239.12,-0.50,-0.25,-0.06,8,1
1772052462.910043,1140008,-0.02,0.07,-0.05,-134.25,-78.19,70.44,-1.12,0.00,0.25,0.03,-0.03,0.06,-139.12,51.50,239.12,0.06,0.13,-0.25,10,3
1772052463.100775,1140199,0.01,0.06,-0.13,-134.25,-78.12,70.37,0.25,0.50,0.00,0.08,-0.04,0.03,-139.06,51.50,239.19,-0.62,-0.69,0.13,9,3
1772052463.291690,1140390,-0.02,0.06,-0.06,-134.12,-78.19,70.37,-0.62,-0.25,0.06,0.05,0.00,0.05,-139.06,51.50,239.19,-0.06,-0.06,0.50,10,3
1772052463.482131,1140580,-0.01,0.04,-0.13,-134.31,-78.19,70.37,0.25,0.13,0.06,0.03,-0.06,0.04,-139.06,51.50,239.19,0.37,0.13,0.50,9,3
1772052463.672919,1140771,-0.01,0.02,-0.06,-134.31,-78.19,70.37,0.06,-0.81,0.56,0.06,-0.02,0.04,-139.06,51.50,239.19,0.56,-0.19,-0.19,10,3
1772052463.863090,1140961,-0.01,0.02,-0.10,-134.19,-78.19,70.31,0.62,0.19,0.19,0.03,0.00,0.08,-139.06,51.50,239.19,0.00,-0.13,0.31,10,3
1772052464.053816,1141152,0.01,0.01,-0.11,-134.19,-78.19,70.37,0.31,0.13,0.25,0.03,0.01,0.09,-139.06,51.50,239.19,0.13,0.50,0.00,11,3
1772052464.244691,1141343,0.00,0.13,-0.09,-133.87,-78.25,70.31,-0.62,0.44,0.13,0.06,-0.07,0.07,-139.06,51.50,239.19,0.06,0.13,0.75,10,3
1772052464.435425,1141533,0.01,0.07,-0.16,-134.12,-78.25,70.44,0.69,-0.37,-0.19,0.05,-0.07,0.04,-139.12,51.56,239.19,-0.06,-0.37,0.50,10,3
1772052464.626199,1141724,0.00,0.04,-0.11,-134.31,-78.31,70.56,-0.88,-0.25,0.44,0.05,-0.05,0.01,-139.12,51.56,239.19,-0.06,-0.06,0.19,10,3
1772052464.816690,1141915,0.03,0.07,-0.07,-134.25,-78.31,70.50,0.56,-0.31,-0.25,0.08,-0.08,0.03,-139.12,51.56,239.19,0.13,-0.06,-0.13,8,1
1772052465.007432,1142105,0.02,0.07,-0.08,-134.25,-78.31,70.50,-0.37,-0.37,-0.56,0.02,-0.04,0.07,-139.12,51.50,239.19,0.25,0.19,-0.31,9,1
1772052465.198357,1142296,0.04,0.07,-0.11,-134.31,-78.31,70.50,-1.12,1.25,-0.37,0.06,-0.05,0.05,-139.19,51.50,239.06,-0.06,-0.06,-0.25,8,1
1772052465.388681,1142487,0.05,0.08,-0.14,-134.62,-78.25,70.50,-0.56,-0.06,-0.13,0.05,-0.01,0.04,-139.19,51.50,239.06,-0.06,0.25,-0.44,9,1
1772052465.579266,1142677,0.00,0.17,-0.08,-134.25,-78.25,70.37,-0.25,-0.31,0.00,0.02,0.00,0.06,-139.19,51.50,239.06,0.06,-0.13,-0.13,8,1
1772052465.769696,1142868,0.06,0.12,-0.14,-134.31,-78.25,70.44,-0.37,0.06,0.19,0.03,0.00,0.09,-139.19,51.50,239.06,-0.06,0.31,0.13,8,1
1772052465.960463,1143059,-0.01,0.13,-0.06,-134.19,-78.31,70.37,0.13,0.37,0.25,0.04,-0.05,0.04,-139.19,51.50,239.06,0.19,0.06,-0.13,8,1
1772052466.151088,1143249,0.00,0.08,-0.13,-134.94,-78.25,70.50,-0.25,0.75,-0.37,0.07,0.00,0.07,-139.19,51.50,239.06,0.50,0.00,-0.37,9,1
1772052466.341586,1143440,-0.03,0.10,-0.10,-135.19,-78.25,70.56,0.62,-0.50,0.44,0.04,-0.01,0.05,-139.19,51.50,239.06,0.06,0.25,-0.13,9,2
1772052466.532355,1143630,-0.03,0.11,-0.11,-135.19,-78.25,70.50,0.44,-0.13,-0.06,0.09,0.00,0.08,-139.19,51.50,239.06,0.19,0.19,-0.37,9,2
1772052466.723105,1143821,0.00,0.08,-0.09,-135.00,-78.25,70.44,-0.13,-1.12,1.00,0.04,-0.01,0.06,-139.12,51.50,239.06,-0.37,-0.31,0.19,9,2
1772052466.913377,1144012,0.04,0.03,-0.13,-134.62,-78.25,70.44,0.88,0.37,-0.44,0.04,0.00,0.06,-139.12,51.50,239.06,0.19,-0.56,0.62,8,2
1772052467.104248,1144203,0.02,0.03,-0.12,-134.69,-78.25,70.50,0.50,-0.37,0.62,0.05,-0.03,0.10,-139.12,51.50,239.06,-0.37,0.19,0.00,8,2
1772052467.294864,1144393,0.00,0.13,-0.12,-134.37,-78.25,70.37,-0.19,0.13,0.50,0.04,-0.04,0.07,-139.12,51.50,239.06,-0.31,-0.25,0.00,9,3
1772052467.485802,1144584,0.02,0.05,-0.14,-134.37,-78.25,70.37,0.06,-0.06,0.19,0.04,-0.03,0.05,-139.12,51.50,239.12,-0.44,-0.56,0.19,9,3
1772052467.676077,1144774,-0.01,0.10,-0.08,-134.19,-78.31,70.44,0.88,-0.88,0.00,0.08,-0.07,0.05,-139.19,51.50,239.12,0.50,0.31,0.00,9,3
1772052467.866831,1144965,0.00,0.07,-0.10,-134.25,-78.31,70.44,0.94,-0.19,0.31,0.08,-0.07,0.05,-139.19,51.50,239.12,0.13,-0.25,-0.19,10,3
1772052468.057698,1145156,0.00,0.10,-0.14,-134.37,-78.31,70.50,-1.06,0.44,0.25,0.04,-0.03,0.09,-139.12,51.50,239.12,0.56,0.56,-0.37,10,3
1772052468.248207,1145346,0.03,0.11,-0.11,-134.19,-78.31,70.37,0.37,0.13,-0.69,0.07,-0.02,0.09,-139.12,51.44,239.12,-0.19,-0.37,-0.37,10,3
1772052468.439124,1145537,-0.01,0.06,-0.06,-134.25,-78.37,70.44,-1.00,-0.37,0.00,0.05,-0.02,0.08,-139.12,51.44,239.19,-0.44,-0.25,-0.13,10,3
1772052468.629378,1145728,0.03,0.10,-0.14,-134.44,-78.25,70.31,0.00,0.81,-0.50,0.05,-0.02,0.08,-139.12,51.44,239.19,-0.25,-0.37,0.13,10,3
1772052468.820283,1145918,0.04,0.09,-0.09,-134.62,-78.12,70.25,0.13,-0.94,-0.50,0.05,-0.03,0.10,-139.19,51.44,239.19,-0.19,-0.06,-0.06,10,3
1772052469.011118,1146109,-0.01,0.10,-0.07,-134.31,-78.19,70.19,-0.44,0.19,0.13,0.07,-0.03,0.07,-139.19,51.44,239.19,-0.06,-0.13,-0.13,10,2
1772052469.201580,1146300,0.00,0.07,-0.09,-134.50,-78.06,70.19,-0.56,-0.62,0.50,0.05,-0.03,0.10,-139.19,51.38,239.25,-0.06,-0.25,0.25,9,1
1772052469.391975,1146490,0.04,0.09,-0.13,-134.25,-78.00,70.00,0.13,0.37,-0.75,0.09,0.01,0.05,-139.19,51.38,239.25,-0.31,-0.25,0.31,9,1
1772052469.582555,1146681,0.00,0.01,-0.10,-134.44,-78.06,70.12,0.81,0.00,0.13,0.07,-0.02,0.09,-139.19,51.38,239.25,-0.13,-0.06,0.06,9,2
1772052469.773497,1146872,0.01,0.09,-0.11,-134.25,-78.06,70.00,-0.37,-0.75,0.25,0.04,-0.02,0.08,-139.19,51.38,239.25,0.56,-0.13,-0.19,9,1
1772052469.964063,1147062,0.04,0.19,-0.07,-133.75,-78.12,70.00,-0.50,-0.62,0.13,0.04,0.00,0.12,-139.25,51.44,239.25,-0.62,-0.06,1.19,9,1
1772052470.154549,1147253,0.03,0.20,-0.07,-133.37,-78.19,70.00,0.06,0.69,1.06,0.05,-0.04,0.12,-139.37,51.56,239.25,-1.12,-1.06,1.12,9,1
1772052470.345458,1147443,0.03,-0.01,-0.13,-134.19,-78.06,70.12,-0.69,-0.13,-0.19,0.06,-0.05,0.06,-139.62,51.56,239.37,-0.44,-0.19,0.75,9,1
1772052470.535793,1147634,0.00,0.11,-0.07,-133.81,-78.00,70.00,-0.81,-0.25,0.69,0.05,-0.01,0.15,-139.62,51.56,239.37,0.19,0.06,0.25,9,1
1772052470.726382,1147825,-0.02,0.12,-0.12,-133.75,-78.00,69.94,0.19,0.00,0.56,0.06,-0.01,0.13,-139.56,51.56,239.37,0.25,0.81,1.12,8,2
1772052470.917503,1148016,0.00,0.14,-0.09,-133.37,-78.06,69.94,1.31,-0.69,-0.06,0.09,-0.04,0.12,-139.62,51.63,239.37,-0.06,-0.62,0.06,9,2
1772052471.107902,1148206,0.01,0.06,-0.12,-133.69,-78.12,70.06,0.44,0.25,-0.75,0.09,-0.04,0.11,-139.62,51.56,239.44,-0.31,-0.25,0.37,8,2
1772052471.298661,1148397,0.01,0.11,-0.10,-133.81,-78.12,70.12,-0.31,-0.19,-0.13,0.07,-0.03,0.05,-139.62,51.56,239.44,-0.25,-0.37,-0.44,8,2
1772052471.488823,1148587,0.00,0.02,-0.08,-133.62,-78.19,70.12,-0.44,-1.62,-0.62,0.04,-0.03,0.12,-139.62,51.56,239.56,-0.13,-0.37,-0.13,8,1
1772052471.679959,1148778,-0.01,0.10,-0.05,-133.25,-78.25,70.12,-0.31,0.44,-0.75,0.06,0.00,0.11,-139.62,51.50,239.56,-0.25,-0.69,-0.50,9,1
1772052471.870535,1148969,0.01,0.02,-0.13,-133.62,-78.25,70.25,0.37,-0.62,-0.19,0.03,-0.01,0.12,-139.56,51.56,239.50,0.13,0.81,-0.44,9,1
1772052472.061008,1149159,-0.01,0.15,-0.08,-133.25,-78.31,70.12,0.62,0.00,-0.44,0.04,0.01,0.09,-139.56,51.56,239.50,0.00,-0.56,-0.56,9,2
1772052472.251781,1149350,-0.02,0.06,-0.07,-133.50,-78.44,70.37,0.06,-0.62,-0.37,0.04,0.01,0.09,-139.56,51.50,239.56,-0.19,-0.62,0.19,9,2
1772052472.442452,1149541,0.00,0.04,-0.10,-133.69,-78.44,70.44,0.75,0.25,-0.94,0.03,-0.01,0.10,-139.62,51.50,239.62,-0.06,-0.56,0.25,10,1
1772052472.633092,1149731,-0.02,0.01,-0.10,-133.75,-78.50,70.50,0.31,-0.69,0.50,0.05,0.01,0.10,-139.62,51.50,239.62,-0.25,0.25,-0.44,10,1
1772052472.823940,1149922,-0.01,0.09,-0.04,-133.31,-78.56,70.44,0.56,-0.44,-0.31,0.04,0.03,0.13,-139.62,51.50,239.62,-0.37,-0.31,-0.06,9,1
1772052473.014160,1150113,-0.02,0.02,-0.03,-133.31,-78.62,70.50,0.25,-1.19,0.00,0.05,0.00,0.11,-139.69,51.44,239.69,-0.19,-0.69,0.19,9,1
1772052473.204817,1150303,0.01,0.02,-0.09,-133.31,-78.62,70.44,0.44,0.69,-0.31,0.03,0.03,0.10,-139.69,51.44,239.69,-0.13,-0.31,0.50,9,1
1772052473.395402,1150494,-0.03,0.02,-0.07,-133.37,-78.56,70.44,0.31,-0.25,0.75,0.05,0.02,0.11,-139.69,51.44,239.69,-0.25,0.06,0.25,9,1
1772052473.585963,1150685,0.00,0.11,-0.10,-132.94,-78.50,70.25,0.31,0.25,0.19,0.04,0.04,0.13,-139.69,51.44,239.69,-0.13,-0.19,0.06,8,2
1772052473.776718,1150875,0.01,0.07,-0.13,-132.94,-78.50,70.25,0.00,0.50,0.69,0.05,0.04,0.09,-139.69,51.44,239.75,-0.13,0.00,0.00,9,2
1772052473.967280,1151066,-0.03,0.11,-0.08,-132.62,-78.56,70.25,-0.50,0.25,0.50,0.04,0.04,0.06,-139.69,51.44,239.75,0.00,0.00,0.00,9,2
1772052474.157832,1151257,0.03,0.09,-0.12,-132.75,-78.56,70.19,0.06,0.44,0.31,0.04,0.01,0.13,-139.69,51.44,239.75,0.00,-0.13,0.13,9,2
1772052474.348920,1151447,-0.02,0.08,-0.09,-132.69,-78.56,70.25,-0.62,-0.75,0.25,0.03,0.01,0.10,-139.69,51.44,239.75,-0.06,-0.25,0.37,9,2
1772052474.539141,1151638,0.00,0.05,-0.08,-132.56,-78.62,70.25,0.75,0.00,-0.56,0.04,0.00,0.13,-139.69,51.44,239.75,0.00,0.00,0.00,10,2
1772052474.730103,1151829,0.04,0.15,-0.14,-132.62,-78.56,70.25,-0.31,0.69,0.69,0.06,0.00,0.14,-139.62,51.38,239.81,0.00,0.56,0.37,10,2
1772052474.920905,1152019,-0.01,0.14,-0.11,-132.37,-78.62,70.19,0.00,-0.19,0.37,0.07,-0.05,0.08,-139.62,51.38,239.81,0.00,-0.37,-0.25,9,2
1772052475.111510,1152210,-0.02,0.06,-0.12,-132.56,-78.56,70.19,0.31,0.00,-0.75,0.06,0.00,0.08,-139.62,51.38,239.81,-0.13,-0.06,-0.06,9,2
1772052475.301350,1152400,0.00,0.07,-0.12,-132.81,-78.62,70.25,-1.25,1.00,0.62,0.03,0.00,0.10,-139.62,51.38,239.81,0.31,0.25,-0.37,8,2
1772052475.492812,1152591,-0.03,0.08,-0.11,-132.87,-78.56,70.19,0.37,-0.50,-0.31,0.10,0.00,0.11,-139.56,51.31,239.87,0.13,-0.06,-0.56,9,2
1772052475.683631,1152782,-0.02,0.03,-0.08,-132.56,-78.62,70.19,-0.56,-0.81,0.37,0.11,0.00,0.13,-139.56,51.25,240.06,0.13,-1.69,-0.69,8,2
1772052475.874171,1152973,0.03,0.10,-0.13,-132.87,-78.56,70.06,1.25,0.31,-0.62,0.05,0.01,0.09,-139.62,51.06,240.25,0.06,-0.62,-0.56,9,2
1772052476.064737,1153163,0.00,0.05,-0.06,-133.31,-78.62,70.31,0.44,0.31,-0.19,0.05,0.00,0.09,-139.75,50.88,240.44,0.56,-1.06,-0.50,8,2
1772052476.255617,1153354,0.01,0.07,-0.15,-133.75,-78.62,70.12,-0.94,1.00,-0.25,0.06,-0.01,0.12,-140.06,50.56,240.75,-0.75,-3.12,-1.75,9,3
1772052476.446302,1153545,0.00,0.10,-0.15,-132.94,-78.44,69.50,-1.50,-1.69,2.00,0.04,0.06,0.10,-139.94,50.38,241.50,-2.12,-0.81,1.00,9,3
1772052476.637371,1153735,-0.11,0.00,-0.06,-130.81,-78.69,69.37,-0.50,-1.44,-0.81,0.01,-0.02,0.10,-139.94,50.44,241.50,0.88,-1.44,-0.44,9,3
1772052476.827510,1153926,0.06,0.00,-0.11,-131.81,-78.94,69.69,1.25,-1.44,-0.81,0.04,0.00,0.11,-139.81,50.44,241.31,0.00,1.69,-1.25,9,3
1772052477.017723,1154116,-0.02,0.10,-0.07,-130.25,-79.06,69.69,-0.62,-0.44,1.50,0.03,0.00,0.07,-139.56,50.63,241.31,-0.31,-0.31,0.56,9,3
1772052477.207503,1154306,-0.05,0.06,-0.07,-130.12,-79.06,69.56,1.81,-0.69,-0.19,0.04,0.04,0.08,-139.56,50.63,241.31,-1.37,0.25,-0.13,8,3
1772052477.399468,1154498,0.02,0.08,-0.10,-130.06,-79.00,69.62,-1.06,-0.44,0.37,0.07,-0.04,0.08,-139.44,50.56,241.37,0.88,0.25,-0.88,7,3
1772052477.590132,1154689,0.01,-0.03,-0.09,-129.56,-79.12,69.62,-0.25,-1.37,0.81,0.01,0.00,0.13,-139.25,50.44,241.56,0.56,-0.19,-0.56,7,3
1772052477.780831,1154879,0.01,0.08,-0.05,-128.31,-79.25,69.37,1.25,-3.06,-2.12,0.10,0.01,0.14,-139.31,50.56,241.31,-0.88,2.19,1.31,7,3
1772052477.971060,1155069,0.16,0.14,-0.14,-127.06,-79.31,69.31,-3.81,-0.75,0.31,0.01,-0.09,0.03,-139.37,50.56,241.19,1.25,1.12,-1.44,8,3
1772052478.162102,1155260,-0.08,-0.01,-0.02,-125.06,-79.69,69.37,-0.06,-0.75,1.19,0.01,0.05,0.08,-139.06,50.50,241.31,0.13,-0.50,-1.00,8,3
1772052478.353045,1155452,0.09,0.06,-0.13,-123.00,-79.62,68.56,-4.87,-3.00,0.75,0.07,-0.07,0.03,-139.12,49.94,242.12,1.62,-0.06,-2.19,8,3
1772052478.544204,1155642,-0.01,0.07,-0.07,-116.19,-80.69,67.25,-13.38,-10.69,-3.56,-0.02,-0.06,-0.02,-139.44,49.69,241.69,0.81,-0.50,-1.56,8,3
1772052478.734307,1155833,-0.06,0.04,0.10,-110.12,-81.12,66.81,6.25,0.56,2.31,-0.01,0.05,0.08,-138.69,49.56,242.19,-0.75,3.06,-1.62,8,3
1772052478.924192,1156023,0.07,0.06,-0.15,-110.50,-80.75,66.94,-1.75,-3.31,0.94,0.05,-0.11,0.04,-138.50,49.56,242.31,3.06,1.44,0.06,9,3
1772052479.113935,1156212,0.10,0.16,-0.01,-107.37,-80.87,66.56,5.25,-1.25,3.00,0.06,0.08,0.15,-138.50,49.44,242.56,-0.56,0.00,-0.19,9,4
1772052479.305736,1156404,0.08,0.04,-0.07,-107.19,-81.25,66.87,-3.19,0.75,-0.88,-0.12,0.04,-0.02,-138.62,49.31,242.31,-2.12,-1.19,1.25,9,3
1772052479.496947,1156595,-0.36,0.07,-0.01,-100.37,-81.25,66.50,-2.50,-6.37,-0.94,0.11,-0.10,0.04,-138.50,49.63,242.19,0.88,0.88,-1.44,8,4
1772052479.687467,1156786,0.00,0.09,0.02,-100.00,-81.31,66.31,2.19,-1.00,-0.37,-0.03,0.03,0.13,-138.31,49.50,242.50,-0.75,1.12,-1.31,8,4
