host_time_s,t_ms,ax1,ay1,az1,roll1,pitch1,yaw1,gx1,gy1,gz1,ax2,ay2,az2,roll2,pitch2,yaw2,gx2,gy2,gz2,emg1,emg2
1772051404.973788,80212,-0.17,0.09,0.21,-85.94,-77.87,54.44,0.25,1.12,-2.75,-0.08,-0.12,-0.01,-133.94,45.44,192.75,3.94,0.06,-5.00,3,8
1772051404.974899,80403,0.06,0.16,0.23,-86.50,-77.87,54.19,-4.44,-1.87,1.00,0.09,-0.09,0.20,-134.00,45.06,193.31,-4.94,-5.00,-0.13,3,10
1772051404.975740,80595,0.36,-0.24,-0.08,-87.69,-77.62,53.19,-4.06,2.00,-1.50,-0.19,-0.11,-0.03,-134.31,44.94,192.94,8.94,1.12,-2.06,3,9
1772051404.976476,80786,-0.07,0.08,0.08,-85.44,-78.00,52.56,-0.31,-3.44,-2.37,0.00,-0.01,0.07,-135.75,44.81,192.44,-3.75,-2.37,5.94,3,9
1772051404.977031,80976,-0.08,0.02,0.04,-84.37,-78.37,54.44,8.63,1.62,1.37,0.10,-0.10,0.10,-136.19,45.06,192.19,2.50,-2.00,1.81,3,11
1772051404.977623,81166,-0.05,-0.05,-0.11,-88.00,-78.37,55.56,2.06,2.50,-1.75,0.08,-0.14,0.02,-137.00,45.25,191.19,-0.56,0.00,1.19,3,10
1772051404.978196,81358,-0.05,0.04,0.00,-90.62,-78.37,55.63,0.69,0.31,-0.19,0.02,-0.08,0.06,-137.00,45.25,191.75,2.00,-0.25,-0.44,3,9
1772051404.978718,81548,-0.02,-0.11,-0.07,-91.56,-78.75,56.06,2.06,1.19,-0.81,0.02,-0.10,0.06,-137.06,45.06,191.81,0.13,0.37,-1.62,3,9
1772051404.979233,81739,-0.02,0.12,0.00,-91.44,-78.69,56.00,-2.31,-2.75,0.37,0.01,-0.05,0.07,-136.87,44.88,192.06,0.25,0.25,-0.88,3,8
1772051404.979755,81930,-0.01,-0.02,-0.01,-89.69,-78.75,56.06,0.13,0.69,-1.19,-0.01,-0.06,0.04,-136.87,44.75,192.25,-0.19,-0.06,-0.69,3,7
1772051405.048050,82120,-0.01,0.00,-0.02,-89.62,-78.75,56.13,-0.25,0.06,0.06,0.03,-0.09,0.05,-136.81,44.75,192.25,-0.06,-0.37,-0.44,2,6
1772051405.238580,82311,0.01,0.01,0.00,-89.81,-78.75,56.13,0.50,-0.25,0.56,0.00,-0.06,0.07,-136.81,44.75,192.25,0.37,0.00,-0.31,2,5
1772051405.429085,82502,-0.02,0.10,0.00,-90.94,-78.75,56.31,5.06,3.44,0.31,0.02,-0.07,0.08,-136.81,44.75,192.31,0.00,0.37,-0.31,2,5
1772051405.619888,82693,-0.07,0.26,0.16,-99.56,-77.37,58.19,37.19,11.44,13.19,-0.01,-0.05,0.00,-136.81,44.88,192.06,0.81,1.62,1.69,2,6
1772051405.810644,82883,0.04,-0.22,-0.21,-109.56,-75.50,63.00,18.94,2.00,-1.81,0.22,-0.07,0.11,-137.12,45.38,191.62,-3.31,-3.19,5.25,3,5
1772051406.000394,83073,0.01,-0.01,-0.12,-117.87,-76.19,65.94,6.44,9.38,-16.19,-0.05,-0.02,0.04,-137.19,45.44,192.00,1.19,-0.62,-1.75,2,6
1772051406.191465,83264,-0.01,-0.18,-0.13,-130.00,-77.62,69.06,5.87,4.44,-7.31,0.03,-0.10,0.00,-137.12,45.13,193.37,-4.56,-1.50,-0.94,3,6
1772051406.382321,83455,0.12,-0.22,-0.13,-134.69,-77.81,70.87,1.06,1.62,1.94,0.02,0.01,0.08,-136.62,45.06,193.87,1.25,0.62,1.50,2,7
1772051406.573122,83646,-0.02,0.10,0.03,-128.50,-77.75,69.94,-2.25,-3.31,2.94,-0.02,-0.06,0.10,-137.00,45.44,193.00,0.25,4.81,3.44,3,7
1772051406.763944,83836,-0.14,0.08,0.00,-124.37,-77.44,68.94,0.25,2.06,1.75,-0.06,-0.13,0.00,-136.94,45.63,193.00,2.25,-0.50,-2.81,3,7
1772051406.953653,84026,0.11,0.00,-0.02,-125.75,-77.19,68.44,-2.37,-1.06,1.81,0.04,-0.07,0.06,-136.81,45.56,192.81,-0.19,2.19,-0.13,3,8
1772051407.144542,84217,-0.06,0.15,-0.14,-122.75,-76.75,67.12,-4.69,-1.25,3.19,0.03,-0.09,0.05,-136.56,45.94,192.37,0.31,1.50,1.06,3,7
1772051407.336054,84408,0.02,0.05,0.00,-119.87,-76.56,66.44,-2.25,1.87,0.88,-0.07,-0.09,0.07,-136.44,45.81,192.50,-0.19,-0.06,0.06,2,7
1772051407.526866,84599,-0.09,0.00,0.00,-118.87,-76.31,65.87,0.00,3.31,-0.25,-0.05,-0.08,0.08,-136.25,45.56,193.12,-1.81,-2.00,-1.56,2,5
1772051407.717676,84790,-0.03,0.05,-0.04,-120.19,-76.12,65.50,-0.06,1.25,-0.56,-0.01,-0.08,0.06,-136.25,45.31,193.44,-0.31,-1.00,-1.19,2,5
1772051407.907386,84980,0.02,-0.03,-0.07,-120.25,-75.87,65.06,-1.69,-0.19,0.94,0.02,-0.12,0.03,-136.31,45.19,193.56,0.44,0.31,0.00,2,5
1772051408.098764,85171,-0.03,0.02,0.01,-119.50,-75.81,64.56,-1.25,-0.19,0.44,0.00,-0.10,0.01,-136.25,45.25,193.44,-2.06,0.00,-0.31,2,5
1772051408.289551,85362,0.03,-0.05,-0.02,-119.56,-75.37,63.88,-2.87,2.56,0.75,-0.08,-0.09,-0.02,-136.00,45.13,193.44,0.37,1.06,-0.88,2,4
1772051408.479870,85553,-0.01,0.26,0.07,-118.31,-75.00,62.94,0.06,-2.81,1.25,0.10,-0.13,0.04,-136.12,45.25,193.62,0.06,-0.62,0.25,1,5
1772051408.670875,85743,0.09,-0.02,-0.15,-120.06,-75.25,63.63,0.25,4.44,0.81,0.01,-0.16,-0.01,-136.25,45.13,193.56,1.69,-1.19,-2.19,1,5
1772051408.860510,85933,0.01,-0.05,-0.02,-121.62,-75.19,63.44,-1.44,-0.31,0.69,-0.04,-0.05,0.04,-136.25,45.06,193.50,-0.25,1.69,1.06,2,4
1772051409.051442,86124,0.02,0.13,0.01,-120.25,-74.87,62.81,0.25,-0.56,1.00,0.02,-0.07,0.13,-136.12,45.31,193.31,-0.37,0.69,0.94,2,4
1772051409.242771,86315,0.04,0.00,-0.02,-120.19,-74.81,62.69,-1.37,0.62,-0.94,0.02,-0.11,0.05,-136.25,45.38,193.19,-0.13,-0.44,0.56,2,4
1772051409.433466,86506,0.03,0.01,-0.02,-120.62,-75.06,62.75,0.56,-0.44,-1.50,0.00,-0.06,0.02,-136.31,45.44,193.12,-0.44,0.19,-0.25,2,4
1772051409.624058,86697,-0.03,0.01,0.00,-119.62,-75.31,62.94,-1.75,-1.25,-0.13,0.00,-0.08,0.03,-136.25,45.38,193.25,-0.56,0.06,-0.62,2,5
1772051409.814732,86887,0.00,-0.03,-0.02,-119.31,-75.37,62.94,-0.37,-0.37,-0.13,0.07,-0.06,0.06,-136.12,45.25,193.50,0.06,-0.37,-0.56,2,5
1772051410.004921,87078,-0.02,0.07,0.03,-118.62,-75.50,62.88,-0.25,-2.12,-1.37,0.00,-0.12,0.00,-136.19,45.25,193.44,1.25,0.37,-1.00,2,5
1772051410.196042,87269,-0.05,-0.01,0.00,-119.19,-75.62,63.31,0.37,1.12,0.75,-0.01,-0.07,0.03,-136.19,45.25,193.37,0.13,-0.37,0.13,2,5
1772051410.386794,87459,-0.01,-0.10,-0.03,-119.87,-75.50,63.38,0.56,1.81,0.88,0.04,-0.12,0.03,-136.25,45.25,193.31,-0.19,-1.06,0.06,2,4
1772051410.577424,87650,0.02,0.00,-0.05,-120.44,-75.31,62.69,-2.75,0.88,1.12,0.01,-0.12,0.06,-136.12,45.13,193.50,-0.31,0.00,-0.94,3,4
1772051410.769204,87840,-0.01,0.02,0.00,-120.56,-75.06,62.13,-1.56,1.37,-0.62,-0.01,-0.11,0.06,-136.06,45.06,193.62,0.69,0.50,-0.44,2,5
1772051410.958380,88031,-0.03,0.04,-0.05,-119.69,-75.19,61.94,-0.56,-2.31,0.75,0.05,-0.12,0.06,-136.00,45.06,193.56,-0.06,-0.06,-0.50,2,5
1772051411.149554,88222,0.03,0.03,-0.02,-118.69,-75.31,61.94,0.19,-1.12,-0.88,-0.02,-0.07,0.05,-136.06,45.06,193.44,0.88,0.62,-0.19,2,5
1772051411.339951,88413,0.00,0.03,0.00,-118.19,-75.50,62.13,-0.31,1.19,0.13,0.06,-0.12,0.06,-136.00,45.06,193.44,0.31,0.50,-0.13,3,6
1772051411.530569,88603,0.03,0.04,0.00,-118.00,-75.50,62.19,1.12,-3.31,0.81,0.06,-0.16,0.11,-135.94,45.13,193.31,0.31,0.56,-1.50,3,5
1772051411.720788,88794,0.01,0.02,0.00,-117.44,-75.50,62.13,1.12,-2.06,0.75,0.04,-0.11,0.04,-135.81,45.19,193.25,-0.88,-0.19,-0.88,3,5
1772051411.912074,88985,-0.13,0.02,0.06,-117.00,-75.56,62.19,0.81,0.31,-0.25,0.04,-0.11,0.05,-135.75,45.13,193.44,-1.50,-1.56,-0.50,2,5
1772051412.103244,89176,0.15,0.00,-0.09,-117.62,-75.50,62.19,-1.19,-4.12,-0.62,0.06,-0.12,0.07,-135.69,45.00,193.75,-0.69,0.56,0.56,2,5
1772051412.294022,89366,-0.11,0.10,0.00,-115.12,-75.87,62.13,-0.50,-0.62,-1.44,0.00,-0.08,0.10,-135.75,45.06,193.62,-0.44,0.44,-0.25,2,4
1772051412.486264,89557,0.05,0.11,0.00,-115.06,-76.00,62.25,-2.81,-3.31,-0.37,0.04,-0.13,0.04,-135.87,45.13,193.44,0.94,0.37,0.19,2,4
1772051412.674334,89747,-0.01,-0.04,-0.03,-114.50,-76.31,62.50,1.31,0.56,-0.19,0.06,-0.13,0.02,-135.94,45.13,193.44,0.50,-0.62,0.75,2,4
1772051412.864734,89938,0.06,-0.05,-0.07,-115.19,-76.37,62.63,0.13,0.25,-1.25,0.01,-0.15,0.04,-136.06,45.13,193.44,0.31,-0.50,0.06,2,4
1772051413.056169,90129,0.00,-0.04,-0.03,-115.56,-76.69,62.56,-3.44,0.31,-1.06,0.03,-0.11,0.06,-136.06,45.06,193.50,0.25,0.13,-0.50,2,6
1772051413.247300,90320,0.14,-0.18,-0.16,-114.44,-76.56,61.81,-6.44,-3.87,1.56,0.07,0.03,-0.06,-135.81,44.75,194.12,-4.37,-2.87,-3.50,2,5
1772051413.438023,90511,-0.46,0.26,0.08,-100.94,-78.25,59.19,-21.94,-13.31,-9.56,-0.03,0.02,0.09,-135.37,45.06,192.75,5.31,10.38,-3.94,2,5
1772051413.627845,90700,-0.01,0.39,0.43,-90.75,-78.87,57.06,-9.50,-6.69,-3.37,0.20,-0.29,0.08,-136.00,45.31,190.19,7.50,-4.44,-1.06,3,5
1772051413.818055,90891,0.19,-0.43,-0.29,-91.87,-79.75,56.44,-7.56,4.25,-6.87,-0.06,0.01,0.14,-136.50,44.94,188.94,7.69,10.00,-6.06,4,6
1772051414.009731,91082,-0.08,0.40,0.30,-87.75,-80.00,54.94,-6.31,-1.19,1.44,-0.09,0.05,-0.04,-136.00,45.69,186.87,1.37,0.81,-0.88,4,6
1772051414.200763,91273,0.31,0.15,-0.12,-88.44,-79.62,53.75,-5.06,-2.81,-2.19,-0.09,0.03,0.07,-135.94,45.38,187.44,-0.19,4.25,-0.62,4,7
1772051414.391445,91464,-0.43,0.02,0.25,-84.44,-79.81,53.75,-0.88,-0.81,1.37,0.10,-0.22,0.05,-135.50,45.94,185.87,3.56,3.37,0.19,5,8
1772051414.581075,91654,-0.38,0.67,0.42,-95.75,-78.62,53.44,24.69,23.25,6.81,-0.03,-0.06,0.00,-136.37,46.38,185.12,-3.75,-3.94,4.56,5,8
1772051414.771470,91844,0.47,-0.54,-0.47,-117.87,-75.50,57.81,23.69,7.50,3.81,0.01,-0.03,0.00,-137.06,46.19,185.12,0.19,-2.06,3.31,6,8
1772051414.963458,92036,0.18,0.03,-0.18,-120.50,-76.12,59.25,0.88,-1.50,0.13,-0.20,0.12,-0.07,-137.19,44.88,187.94,-4.25,-7.62,-10.94,5,6
1772051415.154321,92227,0.10,-0.33,-0.02,-105.87,-77.56,57.19,-58.31,-45.25,-11.88,0.19,-0.40,-0.11,-136.50,44.63,188.81,0.56,8.00,4.56,6,6
1772051415.345396,92418,-0.04,0.22,0.32,-84.69,-80.37,54.13,-1.87,4.12,-0.69,-0.14,-0.05,-0.05,-136.31,45.00,187.19,3.75,4.06,-2.56,5,7
1772051415.534418,92607,-0.56,0.63,0.57,-93.75,-80.00,54.56,22.56,22.19,8.75,0.08,0.03,0.17,-135.62,45.13,187.62,-6.44,0.00,-1.12,5,6
1772051415.724787,92798,0.29,-0.56,-0.47,-113.00,-76.25,57.63,13.63,2.12,5.50,0.41,-0.22,0.12,-134.75,45.31,188.87,-9.75,3.81,7.94,6,5
1772051415.916899,92989,0.26,0.06,-0.11,-107.87,-75.00,56.44,-7.06,-10.69,8.69,-0.07,-0.07,-0.06,-133.19,46.38,189.69,-0.56,5.37,-2.31,7,5
1772051416.108272,93181,-0.78,-0.14,-0.18,-94.00,-75.75,55.44,-0.75,-8.69,-4.00,0.39,-0.62,-0.46,-132.37,46.00,190.56,-12.19,-3.44,-1.12,9,6
1772051416.299233,93372,0.73,-0.77,-0.17,-89.06,-75.62,55.50,-15.88,-31.00,-1.06,-0.13,-0.06,-0.36,-131.69,45.63,194.19,-2.37,-10.50,0.56,9,5
1772051416.488292,93561,-0.22,0.38,0.89,-70.44,-76.37,56.06,10.25,0.56,-5.75,-0.21,0.08,0.26,-133.62,43.94,198.19,-7.50,-20.06,9.50,9,4
1772051416.678238,93751,-0.42,-0.44,0.13,-85.56,-76.00,61.44,43.94,17.19,6.31,0.29,0.00,0.21,-135.81,43.63,199.25,6.25,-12.38,9.69,9,4
1772051416.870498,93943,0.80,-0.22,-0.22,-102.37,-76.06,64.12,12.25,6.62,-9.88,-0.33,-0.17,0.34,-139.44,41.75,200.12,7.19,-11.88,-0.44,9,4
1772051417.061553,94134,-0.34,-0.08,-0.67,-103.56,-77.75,68.06,6.75,-3.37,-2.69,1.42,0.16,0.97,-141.06,41.38,198.81,12.63,16.81,-8.06,12,4
1772051417.252487,94325,1.41,0.14,-0.48,-103.37,-77.25,66.56,-26.44,-6.31,6.81,-0.19,-0.06,0.33,-140.31,41.13,196.06,7.50,8.38,-8.25,14,4
1772051417.442280,94515,0.36,-0.23,0.51,-82.25,-78.25,61.38,-27.00,-0.06,-6.37,-0.08,-0.02,-0.11,-139.25,41.56,194.19,-0.50,9.06,0.37,14,4
1772051417.632184,94705,-0.40,0.18,0.17,-82.25,-79.00,59.25,6.19,10.88,6.25,0.24,-0.16,0.11,-139.37,42.69,192.81,-3.25,-1.81,6.69,12,4
1772051417.823919,94897,-0.18,0.00,0.07,-102.00,-77.37,59.25,23.87,25.94,11.94,0.17,-0.12,-0.04,-139.62,43.38,191.25,7.50,3.94,-1.69,12,4
1772051418.015146,95088,0.41,-0.13,-0.30,-116.31,-75.00,59.19,-4.50,9.44,1.87,-0.32,0.22,0.39,-139.75,43.69,191.50,-9.31,-5.56,0.19,11,4
1772051418.206675,95279,-0.11,-0.06,0.16,-120.37,-74.87,59.94,7.44,-6.31,-9.31,0.00,-0.20,0.08,-140.25,43.25,190.44,8.44,8.13,-1.56,10,4
1772051418.396471,95469,-0.14,0.16,-0.05,-124.75,-75.81,63.69,15.94,4.94,-1.00,0.48,-0.21,-0.12,-141.56,44.06,186.81,-4.12,-5.25,11.88,12,4
1772051418.585960,95659,0.13,-0.07,-0.08,-133.94,-76.37,67.87,15.38,7.31,-12.50,0.09,-0.15,-0.07,-143.25,43.81,188.75,-3.56,-15.44,11.25,14,4
1772051418.777870,95850,-0.10,-1.05,-0.06,-144.44,-76.87,72.94,16.00,-1.75,-0.56,-0.23,-0.25,-0.03,-143.75,43.81,190.12,-1.25,4.50,4.25,14,4
1772051418.968695,96041,-0.54,-0.04,-0.22,-138.44,-75.94,71.81,-1.25,-5.31,5.25,0.39,-0.14,-0.16,-143.25,45.19,189.37,2.37,5.62,-1.62,12,4
1772051419.159523,96232,0.35,-0.19,0.00,-137.56,-75.81,71.06,-2.37,-5.25,-5.87,-0.09,0.15,0.15,-142.94,44.81,188.81,7.37,6.75,-6.06,11,4
1772051419.349081,96422,-0.23,0.04,-0.04,-134.62,-76.62,70.44,-8.81,-4.00,6.75,0.23,-0.16,0.20,-142.00,45.44,186.81,4.56,9.06,-4.06,11,3
1772051419.539257,96612,0.30,-0.06,-0.22,-127.19,-76.44,66.94,-17.87,-11.81,-1.12,0.15,-0.14,-0.06,-141.87,45.38,186.12,13.00,6.25,-6.75,10,3
1772051419.730936,96804,0.01,0.13,0.08,-122.12,-77.87,66.12,10.13,3.87,-7.94,-0.12,0.07,-0.07,-142.31,45.31,184.62,-3.06,-2.12,-1.37,10,2
1772051419.922718,96996,0.03,-0.29,-0.04,-111.37,-79.62,63.81,-63.94,-32.13,-10.44,0.43,-0.43,-0.25,-142.69,45.06,184.19,10.31,4.50,0.44,7,2
1772051420.113318,97186,0.08,0.10,0.10,-94.50,-80.62,59.31,9.00,0.94,3.87,-0.18,0.17,0.00,-142.50,44.75,184.94,-2.62,-0.69,-1.31,7,2
1772051420.302453,97376,-0.25,0.50,0.33,-100.31,-79.81,61.63,31.81,11.63,6.56,0.07,-0.04,0.00,-142.12,44.94,184.94,0.25,3.25,0.44,5,2
1772051420.492580,97565,0.21,-0.60,-0.35,-116.87,-77.50,68.06,31.94,7.87,4.56,0.11,-0.09,-0.01,-141.94,45.38,184.56,-2.94,0.19,2.00,4,2
1772051420.684491,97757,-0.03,-0.01,0.03,-123.00,-77.31,69.81,-6.81,0.06,0.31,-0.09,0.04,0.01,-142.00,45.38,184.87,1.00,-1.37,-0.25,4,2
1772051420.875812,97948,-0.14,0.29,0.10,-124.06,-76.94,68.75,-0.13,8.94,-0.13,0.05,-0.03,0.02,-142.62,45.44,183.94,-0.19,-0.75,0.13,3,3
1772051421.066714,98139,-0.08,-0.12,-0.18,-129.75,-76.37,69.37,1.19,2.19,-3.69,0.17,-0.06,0.00,-142.75,45.50,183.44,0.69,-0.50,-0.19,2,3
1772051421.256027,98329,0.02,-0.10,0.01,-131.12,-76.12,68.81,-7.75,3.62,3.19,0.01,-0.01,-0.02,-142.87,45.31,183.81,0.06,0.56,-0.69,2,3
1772051421.446132,98519,-0.04,0.10,0.02,-128.87,-75.75,66.69,-3.62,-1.75,2.69,0.07,-0.02,-0.01,-142.62,45.56,183.44,-0.44,1.37,-0.69,3,4
1772051421.637600,98711,0.00,0.00,-0.03,-127.37,-75.44,65.56,-4.44,0.37,1.44,0.02,0.04,0.02,-142.50,45.63,183.56,-1.06,-0.56,0.06,3,4
1772051421.829304,98902,0.18,-0.12,-0.18,-124.19,-75.56,64.69,-6.31,-8.13,0.88,0.02,0.00,0.02,-142.37,45.69,183.62,-0.06,0.94,-1.12,3,4
1772051422.020899,99093,-0.33,0.16,0.24,-108.75,-78.19,61.31,-45.19,-21.06,-13.38,0.15,-0.04,0.00,-142.12,45.69,183.56,-1.50,-1.19,-3.12,3,4
1772051422.210130,99283,-0.10,0.16,0.08,-94.56,-79.31,57.81,-4.25,-5.87,1.12,0.00,-0.04,-0.03,-141.37,44.81,184.56,1.56,-0.13,-7.31,3,3
1772051422.399721,99473,-0.03,0.04,0.19,-91.44,-79.06,56.94,-7.69,2.00,-1.50,-0.14,0.01,-0.06,-141.19,44.06,184.62,2.25,-0.62,-4.37,3,4
1772051422.591373,99664,-0.12,0.32,0.21,-93.75,-79.12,56.44,10.38,7.94,2.37,-0.02,0.02,-0.01,-140.94,43.94,184.62,-0.25,1.81,-1.12,4,4
1772051422.782155,99855,0.00,0.30,0.22,-105.00,-76.87,58.94,43.56,13.06,15.81,0.08,-0.03,0.05,-140.75,44.06,184.94,1.37,1.12,-0.19,4,3
1772051422.973461,100046,0.26,-0.40,-0.32,-115.94,-75.06,63.00,4.06,0.56,-1.94,0.07,-0.11,-0.01,-141.12,44.13,184.69,0.69,1.31,2.44,5,4
1772051423.164460,100237,0.02,0.14,0.08,-114.81,-75.94,63.00,-0.37,-1.12,0.94,-0.01,-0.04,-0.06,-141.19,44.31,184.31,-0.25,-0.81,-0.69,5,4
1772051423.354148,100427,0.14,-0.64,-0.17,-110.37,-76.62,62.88,-17.62,-16.75,-6.19,-0.09,-0.26,-0.13,-141.06,43.94,184.31,2.19,4.12,-1.37,4,4
1772051423.545716,100619,-0.30,0.32,0.19,-95.25,-77.19,59.38,-12.00,-4.56,0.62,0.09,-0.11,0.02,-140.50,44.38,184.56,-0.62,1.81,-0.31,4,5
1772051423.736617,100810,0.00,0.08,0.05,-95.12,-76.87,58.50,2.56,2.12,-1.81,0.07,-0.05,0.01,-140.31,44.38,184.75,0.25,0.88,-1.56,4,5
1772051423.928263,101001,-0.06,0.05,-0.02,-98.87,-77.00,59.25,4.56,1.12,-0.13,0.05,-0.09,0.13,-140.19,44.50,184.50,0.62,0.62,0.00,5,5
1772051424.117858,101191,-0.11,-0.02,0.11,-100.81,-76.87,59.31,1.44,3.50,-1.44,-0.07,-0.09,-0.09,-140.69,44.25,184.19,2.87,0.56,-1.19,4,6
1772051424.307364,101380,-0.13,0.07,0.04,-106.19,-76.69,60.75,19.25,5.06,3.44,0.03,-0.05,-0.03,-140.87,44.31,183.94,-0.19,-0.75,-0.19,5,5
1772051424.499234,101572,0.10,-0.22,-0.12,-111.87,-76.31,62.88,-2.56,2.25,0.00,0.06,-0.03,0.00,-140.87,44.06,184.56,-2.69,-1.50,2.31,4,6
1772051424.690874,101764,0.00,0.04,0.02,-111.31,-76.19,62.00,-2.94,0.62,-0.31,0.00,-0.05,-0.13,-140.94,44.38,184.37,0.19,0.69,1.25,4,6
1772051424.883031,101956,0.05,-0.05,-0.06,-109.56,-76.44,61.50,-2.62,-6.06,-0.62,0.03,-0.08,0.04,-141.00,44.50,184.25,0.06,1.00,2.31,3,5
1772051425.074024,102147,0.02,-0.33,-0.08,-105.87,-76.87,61.25,-9.94,-1.69,-2.06,0.07,-0.04,0.03,-141.06,44.63,184.25,0.94,-0.75,0.88,3,5
1772051425.263351,102336,-0.17,0.07,-0.04,-101.44,-78.12,59.19,-11.63,-1.69,-5.19,0.43,-0.35,-0.14,-140.94,44.56,184.50,-2.00,0.00,0.00,4,5
1772051425.454824,102528,-0.05,0.20,0.22,-102.69,-78.12,58.75,9.50,5.12,1.44,-0.07,0.01,0.00,-140.56,44.63,184.87,-1.25,-0.31,1.62,4,4
1772051425.646696,102720,0.02,-0.21,-0.08,-108.06,-77.31,60.75,8.19,0.62,1.06,0.00,-0.08,0.03,-140.62,44.63,185.00,-0.69,-1.50,0.75,4,4
1772051425.838014,102911,-0.01,-0.11,-0.07,-109.94,-77.69,61.25,0.75,1.19,-5.00,0.07,-0.08,0.00,-140.69,44.31,185.25,1.44,1.31,-2.19,3,3
1772051426.026869,103100,0.01,0.05,0.02,-111.19,-77.94,61.63,-1.50,0.31,0.25,0.05,0.00,0.08,-141.31,44.31,184.00,2.25,-1.25,0.00,4,3
1772051426.216619,103290,0.04,-0.04,0.00,-112.31,-77.81,61.75,2.50,1.44,-0.81,-0.03,-0.09,-0.08,-141.69,44.38,183.06,-0.44,-0.50,1.31,3,3
1772051426.409252,103482,0.05,-0.08,-0.03,-113.25,-77.81,62.50,8.13,-2.44,-0.13,0.12,0.00,0.07,-141.69,44.44,183.56,-1.62,-1.62,0.00,3,2
1772051426.602027,103675,0.03,-0.17,-0.11,-111.50,-78.19,63.06,-2.69,-4.87,-0.13,0.08,-0.11,0.01,-141.62,44.31,183.75,0.19,0.13,-1.19,3,2
1772051426.793458,103866,-0.13,0.25,0.13,-103.87,-78.87,61.56,-12.00,-4.75,-2.81,0.00,-0.06,0.00,-141.50,44.25,183.94,-1.25,0.37,-0.69,3,2
1772051426.982700,104056,-0.13,0.00,0.12,-103.31,-78.87,61.31,6.44,3.56,1.50,0.28,-0.16,-0.12,-141.06,44.38,184.56,-3.31,1.19,-0.19,3,2
1772051427.171938,104245,0.12,0.25,0.11,-109.56,-78.06,61.63,3.06,3.06,1.75,0.00,-0.03,0.00,-141.06,44.75,184.00,1.81,0.31,3.25,3,2
1772051427.364608,104438,0.04,-0.27,-0.12,-114.50,-77.31,63.69,16.56,3.31,-1.87,0.23,-0.18,0.00,-141.50,44.69,183.87,-0.37,-2.00,0.25,3,2
1772051427.556593,104629,0.01,-0.14,-0.14,-121.31,-77.69,65.87,1.31,0.37,-1.56,0.03,-0.09,-0.08,-141.69,44.56,184.31,2.12,-1.19,-2.06,4,3
1772051427.747803,104821,0.09,-0.08,0.10,-121.25,-78.19,66.12,-1.75,-4.69,-1.75,0.06,-0.10,-0.01,-142.12,44.50,183.31,5.00,2.06,2.31,4,3
1772051427.938735,105012,0.01,0.16,0.00,-118.62,-78.12,65.50,-1.37,4.37,2.50,0.07,-0.07,-0.03,-142.62,44.75,182.56,-0.88,-1.81,1.00,4,3
1772051428.128995,105202,0.00,-0.06,-0.06,-121.44,-77.87,65.69,3.44,1.69,-1.00,0.06,-0.05,0.00,-142.81,44.75,182.69,0.19,0.13,0.00,4,2
1772051428.319444,105393,0.03,-0.08,-0.05,-122.37,-78.00,66.19,0.00,0.37,0.56,0.05,-0.03,0.00,-142.75,44.75,182.69,-0.06,0.56,0.13,6,4
1772051428.511214,105584,-0.04,0.02,-0.07,-121.56,-77.87,65.87,-1.00,0.75,0.75,0.07,-0.02,0.00,-142.56,44.75,182.87,-0.88,0.19,-2.19,5,4
1772051428.703432,105776,0.20,-0.45,-0.25,-119.44,-78.00,65.19,-10.50,-7.69,1.50,0.07,-0.07,-0.01,-142.12,44.31,183.56,-0.44,-1.37,-3.00,5,4
1772051428.894996,105968,-0.27,0.51,0.32,-101.56,-80.25,60.19,-31.44,-16.62,-5.87,0.02,-0.02,0.02,-142.00,44.13,183.69,-0.31,-0.69,-3.12,5,4
1772051429.083916,106157,-0.06,0.14,0.28,-87.37,-80.12,58.38,0.69,-7.19,2.94,0.01,-0.04,0.04,-141.69,43.94,184.00,-0.25,0.88,-0.88,5,4
1772051429.273821,106347,-0.17,0.07,0.12,-86.62,-79.50,58.75,8.06,7.56,2.50,0.08,-0.06,0.13,-141.56,44.06,183.81,-0.75,0.62,0.13,6,4
1772051429.466058,106539,0.21,0.03,0.00,-103.75,-77.62,59.88,28.94,21.50,12.94,0.00,-0.01,0.03,-141.50,44.00,184.12,0.25,0.44,1.00,5,3
1772051429.658503,106732,0.10,-0.13,-0.17,-115.44,-75.62,62.13,8.56,7.94,2.75,0.04,-0.03,-0.02,-141.69,44.19,183.94,0.31,0.13,1.37,5,3
1772051429.851052,106924,0.08,0.03,-0.07,-119.69,-75.37,62.50,2.19,0.69,-2.62,0.03,0.00,0.02,-141.81,44.38,183.62,-0.44,0.50,0.81,4,3
1772051430.043973,107117,0.03,0.03,-0.02,-121.06,-75.81,63.19,1.25,0.50,-1.44,0.02,-0.03,0.02,-141.87,44.38,183.56,-0.06,-0.31,-0.44,4,3
1772051430.234572,107308,-0.02,-0.01,-0.06,-121.37,-76.12,63.63,-1.31,-1.19,-0.06,0.08,-0.06,0.02,-141.81,44.38,183.62,0.00,0.25,0.50,3,2
1772051430.426302,107499,-0.03,0.03,-0.03,-120.44,-76.25,63.50,-0.50,-0.75,0.25,0.05,0.00,0.03,-141.81,44.38,183.62,-0.13,-0.25,0.25,3,2
1772051430.617733,107691,0.00,0.02,-0.05,-120.31,-76.31,63.56,-0.25,0.00,-0.25,0.09,-0.04,0.00,-141.87,44.38,183.62,0.19,-0.13,0.00,3,2
1772051430.809642,107883,0.05,-0.08,-0.12,-119.87,-76.37,63.69,-0.62,-2.31,-0.44,0.09,-0.06,0.02,-141.81,44.38,183.62,0.19,0.19,-0.44,3,2
1772051430.999790,108073,0.14,-0.39,-0.11,-114.37,-77.37,63.00,-20.75,-16.19,-5.25,0.13,-0.14,0.04,-141.62,44.19,183.94,0.88,-0.13,-1.75,3,2
1772051431.190240,108263,-0.09,0.23,0.27,-103.44,-79.44,60.75,-8.13,-5.19,-5.06,-0.05,0.00,0.03,-141.31,43.88,184.44,0.13,-0.19,-0.94,3,2
1772051431.380485,108454,-0.13,0.26,0.13,-102.12,-79.19,61.56,18.00,4.50,3.19,0.08,-0.10,0.00,-141.19,43.94,184.56,-0.31,1.69,1.19,3,2
1772051431.571583,108645,0.04,-0.25,-0.20,-111.25,-78.19,65.44,18.00,5.94,1.94,0.05,-0.09,0.00,-141.25,44.25,184.12,0.19,-0.31,1.37,3,2
1772051431.762888,108836,-0.03,-0.07,-0.08,-115.69,-78.00,66.87,2.56,0.88,-1.69,0.06,-0.06,-0.01,-141.37,44.38,184.06,-1.44,-1.44,1.06,4,3
1772051431.953642,109026,-0.01,-0.07,-0.03,-116.87,-78.00,67.12,-1.31,-1.12,-0.88,0.07,-0.06,-0.05,-141.44,44.31,184.12,-1.00,-0.62,0.25,4,3
1772051432.143333,109217,0.00,0.00,-0.01,-116.69,-77.94,66.69,-1.56,0.88,0.81,0.05,-0.04,0.00,-141.37,44.31,184.19,-0.44,0.00,-0.06,3,3
1772051432.334166,109407,-0.03,-0.01,-0.04,-116.81,-77.81,66.37,-0.94,0.25,0.31,0.06,-0.08,0.01,-141.37,44.31,184.19,-0.19,0.13,0.31,3,3
1772051432.525245,109598,0.04,0.01,-0.03,-117.00,-77.75,66.12,-0.31,0.00,-0.19,0.04,-0.04,-0.01,-141.37,44.31,184.19,-0.31,0.13,0.00,3,3
1772051432.716957,109790,-0.01,0.06,-0.04,-116.94,-77.75,66.06,-0.75,0.13,0.06,0.06,-0.03,-0.01,-141.37,44.31,184.19,-0.19,-0.37,-0.06,4,3
1772051432.909592,109983,0.01,-0.02,-0.12,-116.62,-77.81,66.00,-1.25,-1.44,0.00,0.05,-0.06,-0.02,-141.37,44.31,184.31,-0.31,-0.69,-0.13,4,3
1772051433.098929,110172,-0.09,0.06,0.05,-112.37,-78.25,65.69,-2.50,-4.75,-0.75,0.02,0.01,0.05,-141.37,44.31,184.25,-0.37,-0.19,0.31,4,3
1772051433.288768,110362,0.07,-0.16,-0.03,-110.19,-78.56,65.50,-5.62,-1.75,-1.25,0.05,-0.14,-0.04,-141.50,44.50,184.19,-4.94,0.44,9.38,4,3
1772051433.480047,110553,-0.14,0.01,-0.09,-107.87,-79.12,65.31,3.75,0.75,-1.69,0.00,-0.04,0.03,-141.12,44.75,184.50,-2.12,-0.88,-0.88,4,3
1772051433.673132,110747,0.10,-0.06,-0.02,-112.31,-79.00,66.50,7.06,2.56,0.19,0.02,0.00,0.03,-140.94,44.75,184.75,0.75,0.37,-0.56,3,2
1772051433.867564,110941,-0.01,-0.05,-0.09,-113.62,-79.00,67.00,-2.00,0.25,-0.06,0.06,0.03,0.04,-141.06,44.69,184.62,1.19,-0.44,1.00,3,2
1772051434.056891,111130,-0.13,0.15,0.05,-113.00,-79.00,66.50,-3.19,0.81,-0.56,0.03,-0.07,0.00,-141.94,44.75,183.12,4.50,-1.25,-1.25,3,2
1772051434.246499,111320,-0.01,0.06,-0.12,-116.75,-79.12,66.56,0.94,5.81,-2.31,0.07,-0.03,0.00,-142.37,44.44,183.44,-0.31,-1.87,-0.13,4,2
1772051434.440006,111513,0.00,-0.04,-0.01,-120.75,-79.25,67.44,3.00,-0.56,-1.25,0.05,0.00,0.00,-142.37,44.38,183.56,0.06,-0.06,-0.25,3,1
1772051434.631169,111704,0.01,-0.04,-0.07,-121.12,-79.31,67.75,-0.13,0.62,0.37,0.05,-0.04,0.00,-142.37,44.38,183.56,-0.06,0.44,0.06,3,1
1772051434.822183,111895,-0.02,0.02,-0.03,-120.56,-79.19,67.50,-0.44,-0.50,0.94,0.05,0.00,0.04,-142.37,44.38,183.56,-0.13,0.25,-0.62,2,1
1772051435.011844,112085,0.08,-0.02,-0.15,-119.25,-79.06,66.94,-2.19,-2.69,0.88,0.02,0.00,0.04,-142.25,44.31,183.69,-0.06,-0.50,-1.62,3,1
1772051435.201332,112274,-0.13,0.21,0.04,-109.19,-79.62,64.62,-22.75,-12.50,-1.94,0.07,-0.05,-0.01,-142.06,44.13,184.06,-1.31,-0.19,-1.19,3,1
1772051435.393410,112467,-0.04,0.09,0.11,-100.87,-79.94,63.25,2.06,-0.81,-0.44,0.00,0.00,0.04,-141.62,44.06,184.50,1.62,2.37,-2.00,3,1
1772051435.584264,112658,-0.01,0.10,0.00,-102.87,-79.94,63.75,2.81,3.37,1.37,0.02,0.05,0.08,-141.19,44.13,184.69,0.25,1.19,0.81,3,1
1772051435.775692,112849,0.13,0.12,0.00,-107.81,-79.69,64.37,7.56,4.62,-1.87,0.03,0.00,-0.01,-141.44,44.13,184.81,-4.00,-3.62,3.44,2,1
1772051435.965422,113039,0.02,-0.26,-0.09,-113.44,-80.06,66.81,8.13,0.50,-2.94,-0.09,0.02,0.06,-141.81,43.94,184.81,5.81,-0.25,-0.88,3,1
1772051436.154708,113228,-0.15,0.16,0.00,-114.31,-80.37,67.19,-2.37,3.06,1.62,0.12,-0.03,0.05,-142.50,43.94,184.12,-2.56,-2.56,2.31,2,1
1772051436.346924,113420,0.14,0.03,-0.09,-118.12,-79.62,66.69,-2.75,2.50,2.12,0.00,0.00,-0.03,-142.56,43.88,184.50,-0.19,0.62,0.13,3,1
1772051436.537740,113611,-0.06,0.00,0.02,-116.62,-79.44,66.31,0.37,-0.94,0.56,0.00,0.02,0.07,-142.50,44.00,184.44,-0.81,0.44,0.06,3,1
1772051436.728761,113802,-0.01,0.12,-0.04,-116.06,-79.25,66.12,-0.88,-0.06,1.56,0.10,0.00,0.05,-142.44,44.00,184.44,0.00,-0.25,0.13,3,1
1772051436.919476,113993,0.03,0.04,-0.04,-116.25,-79.25,66.12,1.62,-1.12,-0.75,0.03,0.01,0.10,-142.50,43.94,184.62,0.25,0.50,-0.19,3,1
1772051437.109339,114183,0.04,0.05,-0.05,-114.06,-79.37,66.06,-2.62,-3.37,0.13,0.07,-0.02,0.05,-142.37,43.88,184.75,-0.81,-0.31,-1.62,2,1
1772051437.300955,114374,-0.01,0.12,0.01,-109.62,-79.81,65.12,-8.94,-3.81,-0.75,0.02,-0.01,0.06,-142.12,43.69,185.12,-0.31,-0.06,-0.56,2,1
1772051437.491416,114565,-0.04,0.10,0.01,-105.25,-80.00,64.19,-2.87,-1.25,0.06,0.04,0.00,0.06,-141.87,43.63,185.50,-1.31,0.31,0.50,2,1
1772051437.682230,114756,0.04,0.09,-0.02,-105.44,-79.87,64.25,2.37,1.62,-0.31,0.03,0.04,0.08,-141.69,43.63,185.87,-0.44,0.37,0.00,2,1
1772051437.873055,114947,0.00,-0.09,-0.08,-106.69,-79.75,65.37,8.44,0.50,2.62,0.03,0.08,0.09,-141.62,43.69,185.87,1.31,0.56,-0.44,3,2
1772051438.062882,115136,-0.04,0.15,0.06,-106.19,-79.75,65.44,-1.81,0.00,-0.31,0.09,0.00,0.01,-141.94,43.69,185.25,-0.31,-1.81,0.19,3,2
1772051438.254138,115328,-0.01,0.00,-0.03,-107.56,-79.81,65.50,-0.56,1.81,0.13,0.10,0.00,0.05,-142.00,43.63,185.37,0.13,-0.56,0.37,4,2
1772051438.444904,115518,-0.02,0.03,-0.03,-108.94,-79.75,65.56,1.44,1.31,-0.94,0.02,0.00,0.05,-142.00,43.63,185.37,0.25,-0.56,0.00,3,2
1772051438.635976,115709,-0.03,0.00,-0.03,-109.94,-79.87,65.87,0.69,0.69,-0.25,0.08,-0.01,0.03,-142.00,43.63,185.37,-0.06,-0.13,0.06,4,2
1772051438.826685,115900,0.01,0.04,-0.05,-110.50,-79.81,65.87,-0.19,-0.19,-0.13,0.08,-0.03,0.06,-142.00,43.63,185.37,0.25,0.44,-0.19,3,2
1772051439.017208,116091,0.07,0.05,-0.12,-110.19,-79.81,65.81,-1.00,-1.56,0.06,0.05,-0.01,0.09,-142.00,43.63,185.50,-0.06,0.00,-0.06,3,2
1772051439.208407,116282,-0.10,0.11,0.07,-104.37,-80.12,64.50,-17.12,-5.00,-3.00,0.06,-0.05,0.04,-142.00,43.56,185.56,-0.13,-0.81,-0.44,3,2
1772051439.398786,116472,-0.02,0.05,0.08,-101.62,-80.25,63.31,2.94,-0.13,-0.19,0.20,-0.03,0.22,-142.06,43.44,185.56,3.12,0.25,-1.25,3,2
1772051439.589329,116663,-0.04,0.17,-0.09,-104.87,-80.00,63.31,0.62,4.00,-1.94,0.07,0.00,0.08,-142.50,43.13,185.44,1.56,-1.75,-1.12,3,2
1772051439.779083,116852,0.00,-0.05,-0.02,-108.81,-80.44,64.44,5.37,-2.12,-1.06,-0.02,-0.01,0.04,-142.81,42.94,185.25,1.56,-0.06,0.25,2,1
1772051439.968115,117042,0.01,0.07,0.02,-107.37,-80.50,65.31,5.75,-1.00,2.81,0.04,0.03,0.10,-142.75,43.25,185.44,-2.25,-0.56,2.50,2,1
1772051440.161065,117234,-0.02,0.00,-0.10,-108.31,-80.31,65.81,2.62,2.31,-1.12,0.08,-0.01,0.13,-142.81,43.31,185.50,-0.50,-0.50,0.00,1,1
1772051440.352223,117425,0.01,-0.04,-0.09,-110.94,-80.31,66.31,0.81,-0.81,-0.31,0.05,0.03,0.11,-142.81,43.31,185.50,0.13,0.37,-0.50,2,1
1772051440.542725,117616,-0.01,0.01,-0.02,-110.37,-80.25,66.06,-1.37,0.44,0.94,0.05,0.02,0.10,-142.75,43.31,185.56,-0.06,0.06,-0.62,1,1
1772051440.732258,117806,-0.01,0.00,0.00,-109.69,-80.12,65.75,-0.50,-1.44,0.31,0.07,0.03,0.15,-142.62,43.25,185.69,0.25,-2.25,-2.87,2,1
1772051440.922096,117995,-0.23,0.05,-0.12,-107.94,-79.81,65.06,-2.06,-0.13,2.37,0.04,-0.05,0.04,-142.69,42.25,187.19,-2.00,-1.00,-0.94,2,2
1772051441.114493,118188,0.11,-0.26,0.05,-103.81,-79.94,64.69,-8.88,-14.31,0.75,0.11,-0.02,0.07,-142.25,42.31,187.44,4.31,3.19,-0.81,1,2
1772051441.305574,118379,-0.37,0.16,0.00,-90.37,-80.62,63.13,-5.94,-3.19,-1.69,0.09,-0.01,0.16,-142.25,42.75,186.44,1.94,2.00,-2.44,2,4
1772051441.496232,118570,-0.08,0.00,0.06,-92.19,-80.44,62.56,0.69,-2.44,-0.37,-0.02,-0.03,0.09,-141.81,42.63,187.06,0.62,2.31,-1.81,2,4
1772051441.685494,118759,0.23,0.07,-0.25,-94.00,-80.19,62.38,0.88,4.75,5.94,0.11,0.05,0.23,-141.25,42.69,187.62,-2.06,-1.31,0.37,3,4
1772051441.875219,118949,0.35,0.59,-0.01,-88.87,-79.56,62.06,7.19,-12.06,3.50,-0.05,0.09,0.06,-140.81,42.50,188.87,-1.31,-0.88,1.06,4,5
1772051442.068129,119141,-0.24,-0.20,0.04,-72.75,-78.19,66.62,30.81,-23.25,-0.75,0.20,-0.04,0.27,-140.62,42.69,189.31,-0.62,-2.06,1.06,4,6
1772051442.259198,119332,-0.32,-0.42,-0.09,-62.94,-77.69,70.50,6.25,-3.50,-0.81,0.21,-0.09,0.10,-140.62,42.44,190.25,-4.50,1.44,1.19,4,7
1772051442.449265,119523,0.25,0.30,-0.13,-65.37,-77.81,69.37,-4.50,8.56,6.56,0.37,-0.05,0.25,-139.81,43.38,190.87,4.19,1.44,2.19,4,9
1772051442.639310,119712,-0.50,-0.67,0.35,-73.31,-78.81,70.00,3.62,23.94,-5.62,-0.07,-0.01,-0.46,-141.62,42.38,188.69,9.50,-8.13,-9.13,5,10
1772051442.828441,119902,0.36,0.28,-0.40,-101.50,-79.19,67.56,-4.56,24.81,-3.81,-0.09,0.10,0.15,-141.94,42.31,187.69,-0.94,-0.13,0.19,5,9
1772051443.021532,120095,-0.07,-0.02,-0.05,-107.56,-78.50,66.19,-8.56,-3.50,0.13,0.19,-0.17,0.05,-141.87,42.31,187.25,4.00,-0.31,-4.37,5,9
1772051443.212314,120286,0.04,0.07,-0.04,-102.37,-78.75,64.00,-15.69,-9.31,0.81,0.01,-0.01,0.03,-141.81,42.44,187.06,2.37,1.37,-2.62,4,8
1772051443.403152,120476,-0.11,0.03,0.09,-95.44,-79.06,62.75,-1.62,-5.94,-1.37,-0.06,0.04,0.02,-141.37,42.00,187.81,0.06,0.25,-2.94,4,7
1772051443.592674,120666,-0.36,0.23,0.15,-86.69,-79.44,61.94,-11.00,-6.12,-3.62,0.13,-0.03,0.08,-141.06,42.13,188.12,-0.94,1.94,-0.37,3,8
1772051443.781777,120855,0.25,0.05,0.02,-89.50,-79.56,61.25,-0.44,4.44,-0.81,0.04,0.06,0.09,-140.62,42.56,188.00,-0.69,2.37,2.12,3,7
1772051443.974411,121048,-0.16,0.44,0.10,-93.37,-79.62,61.94,10.56,8.88,2.19,0.09,-0.01,0.11,-140.69,43.06,187.44,1.12,0.44,1.87,4,7
1772051444.165819,121239,0.07,-0.29,-0.25,-103.56,-78.81,64.06,2.81,-0.44,-0.19,0.00,0.08,0.05,-140.87,43.00,187.50,1.44,-1.75,-0.06,4,7
1772051444.356751,121430,-0.08,0.02,0.08,-100.94,-79.44,63.94,-2.06,-0.62,-2.87,0.02,-0.02,-0.02,-141.44,42.81,186.62,0.50,-2.62,-1.56,4,4
1772051444.546222,121620,-0.04,-0.07,-0.02,-101.62,-79.75,64.44,0.62,1.00,-1.87,-0.02,0.02,0.04,-141.56,42.63,186.75,2.87,0.94,-1.81,3,3
1772051444.735170,121809,-0.03,0.01,0.01,-102.50,-79.69,64.44,0.56,-2.44,3.44,0.01,0.00,0.04,-141.50,42.56,186.75,-1.87,-0.25,1.37,2,3
1772051444.928063,122002,0.16,-0.08,-0.08,-100.12,-79.37,63.88,-3.62,-4.25,1.37,-0.08,0.01,0.05,-141.31,42.56,187.00,-1.12,0.06,0.25,2,3
1772051445.119048,122193,-0.21,0.27,0.12,-91.44,-79.56,62.19,-10.00,-2.12,-1.06,0.06,0.02,0.07,-141.25,42.69,187.19,-1.06,0.44,0.88,3,3
1772051445.309898,122383,-0.06,0.02,0.02,-92.50,-79.62,62.00,1.25,0.37,-0.94,0.03,-0.04,0.01,-141.25,42.81,187.12,-1.00,-0.31,0.62,3,3
1772051445.500269,122574,0.00,0.05,-0.07,-94.50,-79.62,61.75,-1.87,3.19,0.88,0.05,0.00,0.09,-141.25,42.94,187.31,0.25,0.19,0.13,4,3
1772051445.691015,122765,0.00,0.02,0.00,-95.94,-79.56,61.63,-0.69,-0.06,0.13,0.03,0.03,0.10,-141.25,42.94,187.31,0.50,0.37,0.13,4,3
1772051445.882131,122956,-0.04,0.02,0.00,-96.94,-79.56,61.69,1.31,2.87,-0.06,0.05,0.04,0.09,-141.25,42.88,187.25,0.06,-0.31,-0.88,3,2
1772051446.072530,123146,0.16,-0.02,-0.11,-100.62,-79.19,62.00,5.19,1.50,2.19,0.09,0.04,0.10,-141.19,42.75,187.44,0.06,-0.25,0.69,3,2
1772051446.263162,123337,-0.10,0.00,-0.01,-99.56,-79.31,62.19,0.13,-0.75,0.31,0.03,0.00,0.03,-141.25,42.69,187.50,0.00,-0.62,0.37,3,3
1772051446.454063,123528,0.00,0.00,0.01,-99.75,-79.31,62.38,1.94,-0.19,-0.25,0.06,0.04,0.08,-141.25,42.69,187.62,0.44,-0.44,-0.13,3,3
1772051446.644799,123718,0.05,-0.04,-0.03,-98.75,-79.56,62.56,-3.25,-4.12,-0.88,0.13,0.00,0.09,-141.37,42.63,187.44,1.00,0.25,0.25,4,3
1772051446.835546,123909,0.05,-0.05,0.00,-96.94,-79.62,62.50,1.56,0.50,-1.00,0.01,0.00,0.07,-141.31,42.56,187.56,-0.50,0.37,0.19,4,2
1772051447.026093,124100,-0.13,0.02,0.04,-96.44,-79.50,62.19,-2.50,1.37,1.62,0.09,0.01,0.11,-141.25,42.69,187.50,-1.19,-0.56,0.19,3,2
1772051447.216993,124291,-0.18,0.01,0.02,-97.50,-79.37,62.06,1.50,-1.12,-2.56,0.04,0.02,0.06,-141.25,42.69,187.37,-0.31,-0.69,-0.50,4,2
1772051447.407369,124481,-0.02,0.04,0.01,-98.94,-79.25,62.06,-0.13,1.31,1.87,0.02,0.02,0.07,-141.31,42.81,187.25,0.50,0.37,1.37,4,3
1772051447.596758,124671,0.00,0.03,0.00,-101.00,-79.19,62.31,3.75,1.50,-1.25,0.06,0.03,0.10,-141.50,42.94,187.06,0.06,-0.25,1.87,4,2
1772051447.788820,124862,0.04,-0.01,-0.09,-104.94,-79.25,63.13,3.37,3.31,-1.75,0.07,0.01,0.12,-141.87,43.00,186.94,-0.19,-1.00,1.12,4,2
1772051447.979688,125053,-0.03,-0.03,-0.04,-106.62,-79.44,63.69,1.37,0.06,-1.31,0.04,0.04,0.07,-141.94,43.00,186.94,0.06,-0.31,0.37,4,2
1772051448.170446,125244,0.01,-0.04,-0.02,-106.62,-79.50,63.81,0.88,-0.19,-0.37,0.03,0.04,0.11,-141.94,43.00,186.94,-0.13,0.06,0.13,4,2
1772051448.359899,125433,0.10,-0.15,-0.23,-104.81,-79.44,63.50,-5.25,-4.81,1.37,0.05,0.00,0.13,-141.87,42.94,187.06,0.25,-0.19,-1.87,4,2
1772051448.550902,125624,-0.18,0.32,0.18,-93.87,-79.81,61.38,-13.69,-5.25,-1.06,0.03,0.07,0.13,-141.75,42.81,187.25,-0.06,0.31,-0.81,5,2
1772051448.742095,125816,-0.07,0.05,0.06,-90.87,-79.75,60.81,1.06,0.94,0.13,0.14,0.00,0.13,-141.56,42.88,187.50,-3.12,-0.62,1.19,5,3
1772051448.933247,126007,0.10,-0.03,-0.06,-94.12,-79.75,61.25,1.94,1.94,-2.12,-0.02,0.06,0.05,-141.44,42.81,187.75,0.00,-0.19,-0.88,6,3
1772051449.123548,126197,-0.14,0.20,0.09,-95.06,-79.87,62.00,9.44,2.69,1.12,0.07,0.03,0.12,-141.50,42.75,187.69,-1.50,-1.37,0.88,5,3
1772051449.314369,126388,0.22,-0.34,-0.11,-102.06,-79.37,64.50,15.56,-0.44,0.25,0.07,0.08,0.18,-141.56,42.69,187.81,0.94,0.31,0.94,4,2
1772051449.504133,126578,-0.03,0.01,0.03,-102.06,-79.75,65.44,-0.06,-0.31,0.13,0.10,0.01,0.14,-141.81,42.81,187.56,-1.25,-1.69,0.81,3,1
1772051449.695948,126769,0.02,-0.05,-0.03,-103.00,-79.87,65.62,0.13,-1.00,-2.19,0.09,0.01,0.07,-141.94,42.69,187.62,-0.06,-0.25,-0.06,3,2
1772051449.886572,126960,-0.06,0.01,-0.01,-102.31,-80.00,65.69,-0.13,-0.31,-0.37,0.09,0.07,0.17,-141.87,42.69,187.75,0.13,0.13,-0.25,4,2
1772051450.077100,127151,0.05,-0.07,-0.07,-102.69,-80.06,65.75,-2.00,-0.31,-1.25,0.03,0.09,0.13,-142.00,42.63,187.50,0.13,-0.06,-0.94,4,2
1772051450.266771,127340,-0.11,-0.15,-0.08,-97.62,-80.19,64.94,-14.06,-7.44,0.31,0.16,0.00,0.10,-141.81,42.63,187.37,0.31,-0.62,-1.31,4,2
1772051450.457201,127531,0.00,0.22,0.10,-91.44,-80.62,62.06,-11.69,0.25,-2.44,0.02,0.10,0.15,-141.56,42.56,187.81,-0.31,-0.13,0.19,3,2
1772051450.649216,127723,-0.10,0.11,0.01,-91.37,-80.69,61.63,3.81,2.25,-0.69,0.13,-0.03,0.11,-141.56,42.56,187.94,0.13,-1.25,0.62,4,2
1772051450.839728,127914,0.23,-0.29,-0.16,-102.56,-79.87,64.06,24.69,4.94,4.75,0.03,0.08,0.16,-141.69,42.63,188.00,-0.06,-1.56,1.75,3,2
1772051451.030503,128104,-0.07,0.06,0.02,-104.44,-80.12,65.69,-0.94,-0.94,0.06,0.05,0.04,0.03,-141.94,42.75,187.69,-0.13,-0.81,0.69,4,2
1772051451.220174,128294,-0.06,-0.17,-0.06,-105.19,-80.12,66.00,2.50,-0.25,-0.56,0.00,0.02,0.12,-141.87,42.75,187.81,1.75,1.25,-0.88,4,2
1772051451.409729,128483,-0.12,0.06,0.10,-104.00,-79.94,65.69,-3.56,-3.12,3.75,0.11,-0.02,0.15,-142.12,43.00,187.00,-0.31,-1.19,0.69,4,2
1772051451.602263,128676,0.03,0.03,-0.05,-104.56,-79.56,64.87,-1.37,1.69,-1.25,0.01,0.02,0.03,-142.19,43.00,186.94,-0.13,-0.94,0.69,5,2
1772051451.793332,128867,-0.01,-0.04,-0.04,-105.19,-79.69,65.12,-0.56,-0.37,-0.62,0.03,0.04,0.07,-142.19,42.94,187.06,1.12,-0.13,-1.25,4,2
1772051451.984099,129058,-0.12,0.13,0.00,-101.81,-79.94,64.87,-1.44,-2.00,-0.31,-0.03,0.04,0.04,-142.06,42.81,187.25,-0.25,0.31,-1.19,4,2
1772051452.173832,129247,-0.02,-0.10,-0.04,-98.94,-80.06,64.75,-9.31,-4.69,0.25,0.12,0.00,0.03,-141.75,42.75,187.62,-2.44,-0.56,-0.44,4,1
1772051452.364505,129438,0.00,0.02,0.02,-93.50,-80.56,62.75,-19.94,-4.75,-3.94,0.00,0.06,0.08,-141.31,42.63,188.31,-0.62,-0.62,-0.62,4,1
1772051452.555758,129630,-0.27,0.22,0.37,-88.12,-80.56,61.13,6.00,2.19,2.19,0.00,0.10,0.08,-141.25,42.56,188.37,0.69,0.50,-0.50,4,1
1772051452.746552,129820,0.16,-0.15,-0.12,-101.06,-78.75,63.38,33.25,9.44,10.63,0.02,0.05,0.05,-141.37,42.63,188.25,-0.31,0.25,0.50,3,1
1772051452.937630,130011,0.04,-0.32,-0.10,-108.62,-78.37,66.19,-0.94,0.31,-1.12,0.08,-0.06,0.05,-141.62,42.88,187.56,3.44,-0.31,1.56,3,1
1772051453.128160,130202,-0.01,-0.03,-0.06,-108.94,-78.62,65.81,1.56,-2.06,-2.50,0.06,0.00,0.09,-141.81,42.81,187.50,0.69,-0.25,1.06,3,1
1772051453.318900,130393,0.06,0.01,-0.04,-109.37,-78.87,66.06,1.06,-0.25,-0.44,0.01,0.05,0.09,-141.87,42.75,187.62,-0.50,-0.13,0.13,3,1
1772051453.509621,130583,0.08,0.00,-0.09,-108.06,-78.94,66.00,-3.56,-3.25,0.19,0.00,0.05,0.06,-141.87,42.75,187.62,-0.31,0.00,-0.37,3,1
1772051453.700442,130774,-0.11,0.12,0.02,-100.44,-79.81,64.87,-15.06,-6.50,-4.75,0.00,0.03,0.06,-141.81,42.75,187.75,-1.37,-0.31,-0.19,3,1
1772051453.891351,130965,-0.04,0.12,-0.04,-96.94,-80.56,63.69,-5.44,-0.56,-1.31,0.00,-0.02,0.00,-141.50,42.75,188.31,-0.56,-0.50,-0.69,3,1
1772051454.080831,131154,-0.11,-0.10,0.15,-95.56,-80.62,63.75,-1.12,-2.25,-0.06,0.06,0.03,0.09,-141.31,42.81,188.06,-1.31,-0.19,1.94,4,2
1772051454.271242,131345,-0.01,0.13,-0.02,-96.81,-80.12,63.13,1.25,5.50,1.19,-0.06,0.04,0.03,-141.12,42.94,188.44,0.31,-0.19,-0.69,4,2
1772051454.462930,131537,0.06,-0.10,-0.02,-100.44,-79.87,63.69,5.87,0.69,-3.31,0.09,0.00,0.12,-141.06,42.94,188.37,-0.88,0.31,0.19,4,2
1772051454.653481,131727,0.03,-0.02,-0.10,-103.19,-79.31,64.56,4.56,0.69,3.37,0.13,0.01,0.16,-140.81,43.00,188.50,0.62,0.25,0.06,4,2
1772051454.844277,131918,-0.10,0.02,0.00,-104.00,-79.31,64.75,1.44,0.37,-2.00,0.03,0.05,0.04,-140.94,42.88,188.62,-0.06,-0.56,-0.13,4,2
1772051455.034112,132108,0.14,-0.23,-0.15,-101.75,-79.62,64.81,-9.25,-8.44,1.50,0.05,0.00,0.09,-140.81,42.81,188.62,6.00,4.31,-3.56,5,3
1772051455.223504,132297,0.00,0.16,0.12,-94.19,-79.69,63.13,-7.37,-1.81,3.06,-0.07,0.09,0.02,-140.94,42.94,187.25,2.00,1.75,-0.62,5,3
1772051455.416049,132490,0.02,0.26,0.05,-93.06,-79.06,61.56,-1.94,2.56,1.06,0.08,0.09,0.09,-141.12,43.00,187.06,0.44,-1.06,1.37,5,4
1772051455.606847,132681,-0.08,0.04,0.03,-94.69,-79.12,61.56,1.87,1.81,-2.94,0.05,0.07,0.07,-141.56,42.94,187.06,0.25,-2.31,0.19,6,4
1772051455.797726,132872,-0.01,-0.15,-0.02,-98.56,-79.81,62.75,3.19,1.62,-3.31,0.03,0.08,0.08,-141.75,42.88,186.87,0.94,0.94,0.19,5,4
1772051455.987364,133061,0.03,-0.01,-0.09,-99.87,-79.62,62.56,-4.69,1.06,4.31,0.00,0.05,0.00,-141.75,42.94,186.75,-1.62,-0.13,2.06,5,3
1772051456.178295,133252,0.08,0.12,0.03,-100.81,-78.81,61.94,12.69,3.00,3.00,-0.01,0.07,0.12,-141.62,43.00,187.06,-1.00,-0.19,0.69,5,3
1772051456.370273,133444,-0.07,0.05,0.06,-100.69,-78.87,62.81,-2.94,-2.75,-1.31,0.11,0.00,0.06,-141.62,43.00,187.00,-1.50,-1.00,1.44,4,3
1772051456.560722,133635,0.02,0.13,-0.02,-100.25,-78.87,62.81,0.62,-0.19,-0.19,0.01,0.06,0.10,-141.75,43.00,187.19,0.00,-0.50,-0.25,5,3
1772051456.751754,133825,-0.08,-0.16,-0.01,-99.00,-79.37,63.69,0.06,-3.06,-1.69,0.06,0.02,0.09,-141.75,43.00,187.19,-3.25,-1.50,2.19,5,3
1772051456.941274,134015,0.00,0.01,0.00,-96.06,-79.37,63.63,-1.87,-4.75,-2.50,-0.01,0.15,0.17,-141.25,42.94,188.31,0.19,0.00,-2.37,4,2
1772051457.131122,134205,-0.04,-0.32,-0.09,-92.44,-80.06,64.00,-6.25,-3.87,-3.44,0.13,-0.08,0.02,-141.06,42.63,188.31,1.56,1.31,-3.69,4,2
1772051457.323093,134397,-0.20,0.40,0.21,-85.62,-80.12,61.56,-12.75,1.37,6.75,-0.04,0.08,0.09,-140.81,42.81,188.06,-0.81,-0.62,0.19,4,1
1772051457.514155,134588,-0.04,0.28,0.10,-90.25,-79.37,60.38,12.06,11.38,2.50,-0.05,0.04,0.10,-140.81,42.81,187.94,-0.44,-0.56,0.13,3,2
1772051457.704643,134779,-0.05,-0.26,-0.22,-100.19,-78.44,62.13,1.69,2.81,1.00,0.03,0.02,0.07,-140.87,42.88,187.87,0.00,-1.12,0.69,3,2
1772051457.895517,134969,-0.10,0.01,0.00,-99.50,-78.62,61.75,-2.06,-6.25,-2.19,0.09,0.03,0.09,-140.87,42.81,188.06,0.31,-1.12,-0.81,3,2
1772051458.086171,135160,0.05,-0.12,-0.02,-96.00,-79.06,61.81,-3.00,-2.00,-2.75,0.04,0.00,0.06,-140.94,42.69,188.31,-1.19,-0.19,-0.50,2,1
1772051458.276836,135351,-0.09,0.08,0.02,-93.00,-79.62,61.50,0.31,1.44,1.06,0.01,0.02,0.12,-140.62,42.63,188.75,-1.56,0.25,0.06,3,3
1772051458.467447,135541,-0.09,0.07,0.07,-97.69,-78.81,61.88,11.56,6.87,6.75,0.04,0.07,0.07,-140.44,42.69,188.87,-0.06,-0.19,1.31,3,3
1772051458.658123,135732,0.02,0.00,-0.07,-100.87,-77.81,62.44,3.00,0.56,0.50,0.00,0.06,0.10,-140.69,42.75,189.00,-1.75,-2.25,0.37,2,3
1772051458.849158,135923,-0.07,-0.22,-0.02,-100.69,-78.19,63.19,-0.69,-3.06,-3.19,0.00,-0.07,0.08,-140.81,42.69,188.94,0.19,-0.50,-0.56,3,3
1772051459.039520,136113,0.01,-0.12,-0.03,-97.12,-78.56,63.06,-6.31,-6.19,0.31,0.04,0.01,0.18,-140.94,42.63,188.75,-1.25,-0.75,0.56,3,3
1772051459.230527,136304,-0.08,0.17,0.04,-90.75,-79.12,61.50,-14.38,-0.62,-5.69,0.00,0.02,0.10,-140.81,42.56,188.94,-1.25,-1.06,0.37,4,3
1772051459.421041,136495,-0.01,-0.10,0.02,-90.81,-79.37,61.31,4.06,-0.06,-0.44,-0.03,0.07,0.21,-140.75,42.50,189.31,0.37,0.06,0.19,4,2
1772051459.611407,136686,-0.05,0.02,0.00,-92.00,-79.37,61.56,0.31,1.19,-0.37,0.06,0.02,0.10,-140.87,42.63,189.00,0.81,-0.37,0.88,4,3
1772051459.802055,136876,0.00,0.01,-0.02,-94.31,-79.50,61.94,3.50,0.81,-1.19,0.01,0.06,0.14,-141.06,42.69,188.94,-0.69,-0.44,0.25,4,3
1772051459.992636,137067,-0.02,0.21,0.05,-97.12,-79.56,62.81,12.88,4.81,2.00,0.00,0.00,0.12,-141.00,42.69,189.00,0.19,-0.81,-0.88,4,3
1772051460.184078,137258,-0.01,-0.28,-0.08,-101.62,-79.19,64.75,-0.06,-0.19,0.37,0.06,0.02,0.10,-140.81,42.69,189.12,0.19,-0.88,-0.69,4,1
1772051460.374411,137448,0.00,-0.11,-0.01,-100.25,-79.12,64.12,-1.25,-3.81,1.25,0.08,-0.03,0.10,-140.69,42.63,189.19,2.19,1.06,-0.56,4,1
1772051460.565176,137639,0.07,-0.09,-0.10,-96.56,-78.94,62.94,-10.63,-3.19,-1.00,0.06,0.02,0.03,-140.56,42.56,189.37,0.94,1.00,-1.25,4,1
1772051460.755518,137829,-0.05,0.22,0.10,-91.62,-79.31,61.19,-5.94,0.13,1.37,-0.01,0.07,0.12,-140.50,42.56,189.25,0.13,-0.81,0.50,4,2
1772051460.944985,138019,0.01,0.09,0.01,-93.25,-78.94,60.88,6.12,6.62,2.00,0.11,0.07,0.12,-140.69,42.63,189.25,-2.44,-2.50,2.87,4,2
1772051461.137249,138211,-0.07,-0.04,-0.03,-97.44,-78.75,61.56,1.62,-2.50,-3.50,0.03,0.02,0.10,-140.81,42.44,189.62,0.81,-0.06,-0.13,3,2
1772051461.327958,138402,-0.01,-0.02,0.00,-96.87,-79.19,62.19,-0.13,0.50,-0.62,0.00,-0.02,0.07,-140.75,42.44,189.56,-1.25,0.56,0.25,4,2
1772051461.518217,138592,-0.08,0.07,0.02,-96.87,-79.06,62.06,-2.31,0.44,2.19,0.04,0.06,0.11,-140.94,42.56,189.19,0.44,-1.81,0.56,3,1
1772051461.707873,138782,-0.05,0.07,0.00,-97.44,-79.00,61.88,1.37,0.13,-1.19,0.06,0.00,0.10,-141.19,42.56,189.06,-1.12,-1.75,1.00,3,1
1772051461.898036,138972,0.07,-0.12,-0.11,-96.94,-79.25,62.31,-2.69,-5.37,-1.75,0.02,-0.10,0.07,-141.19,42.50,189.31,-1.19,-0.44,0.19,3,1
1772051462.090239,139164,-0.17,0.06,0.01,-90.87,-79.81,61.94,-1.62,-0.56,-0.50,0.00,0.02,0.13,-140.87,42.50,189.81,-2.56,-0.25,0.25,3,1
1772051462.281110,139355,0.03,0.01,-0.03,-91.19,-79.81,61.88,1.50,-1.00,-0.25,0.00,0.04,0.08,-140.69,42.50,190.12,1.06,0.94,-0.37,3,1
1772051462.471711,139546,-0.08,0.14,0.04,-90.06,-79.75,61.88,-0.44,2.31,0.25,0.01,0.07,0.09,-140.75,42.56,190.00,-0.25,-0.56,-0.50,3,1
1772051462.662254,139736,0.03,0.03,-0.04,-92.81,-79.87,62.13,0.88,0.56,-2.00,0.07,0.00,0.08,-140.87,42.50,190.06,0.75,-0.94,0.13,2,1
1772051462.853362,139927,-0.08,-0.02,-0.07,-93.37,-80.06,62.56,0.94,0.88,-0.37,0.02,0.01,0.05,-141.00,42.38,190.19,0.37,-0.44,-0.19,2,1
1772051463.044178,140118,-0.10,0.04,-0.02,-95.06,-80.12,62.81,2.19,1.50,1.12,0.01,0.06,0.12,-141.00,42.38,190.19,-0.06,0.06,0.37,2,1
1772051463.234635,140309,-0.09,0.15,-0.09,-95.62,-79.87,63.06,-2.31,1.12,0.94,0.06,0.01,0.08,-141.06,42.44,189.94,0.31,-0.50,-0.19,2,1
1772051463.425314,140499,-0.05,0.00,-0.07,-95.94,-79.94,63.06,0.44,-1.00,-0.06,0.04,0.07,0.08,-141.00,42.44,190.06,0.19,0.31,-0.88,2,2
1772051463.615683,140690,0.04,-0.05,-0.10,-94.37,-79.94,62.88,-3.37,-3.25,1.62,0.06,0.00,0.14,-140.94,42.38,190.12,0.94,0.81,-0.44,2,2
1772051463.806223,140880,0.00,0.22,0.04,-90.00,-79.87,61.88,-2.69,1.62,-0.75,0.03,0.03,0.07,-141.00,42.38,189.94,-0.88,-0.19,0.62,2,2
1772051463.997741,141072,-0.02,-0.05,-0.01,-91.69,-79.94,62.19,0.06,3.25,0.50,0.01,0.00,0.09,-140.87,42.44,190.06,-0.88,-0.50,0.94,3,2
1772051464.188029,141262,-0.01,0.01,-0.09,-95.06,-79.81,62.38,4.31,1.25,1.25,0.07,0.01,0.11,-140.87,42.50,190.06,0.69,-0.69,0.00,3,2
1772051464.378832,141453,0.01,0.00,-0.08,-95.94,-79.87,62.56,0.00,1.44,2.31,0.13,-0.01,0.08,-140.94,42.44,190.31,-0.44,-1.50,1.00,3,2
1772051464.568452,141643,-0.07,-0.15,-0.02,-95.87,-79.94,62.94,3.69,-0.13,0.31,0.01,0.04,0.05,-140.94,42.31,190.69,1.06,-1.50,0.62,3,2
1772051464.758095,141832,0.00,-0.05,-0.08,-96.31,-80.12,63.31,3.25,0.19,-1.25,0.08,0.06,0.15,-141.19,42.31,190.50,0.19,0.06,1.56,4,1
1772051464.950835,142025,0.10,0.11,-0.15,-96.75,-80.12,63.19,-2.00,0.00,-0.06,0.02,0.00,0.06,-141.44,42.38,190.12,-0.25,-0.19,-0.06,3,1
1772051465.141661,142216,-0.04,0.00,-0.03,-94.06,-80.12,63.19,-1.56,-2.44,-0.25,0.00,-0.04,0.08,-141.37,42.38,190.19,0.13,0.25,-0.37,3,1
1772051465.332566,142406,-0.05,0.04,-0.04,-92.69,-80.12,63.06,-0.37,-0.69,0.37,0.09,-0.07,0.08,-141.19,42.38,190.37,-0.88,0.31,-0.69,3,1
1772051465.521945,142596,0.01,0.02,-0.14,-93.44,-80.06,63.06,1.25,1.37,1.62,-0.02,0.04,0.10,-140.69,42.31,191.12,-1.37,1.19,-0.50,3,1
1772051465.713158,142787,0.02,0.23,0.02,-92.62,-79.75,62.75,-0.81,-0.75,0.50,0.00,0.07,0.15,-140.62,42.31,191.31,0.56,0.75,-1.00,3,2
1772051465.904636,142979,-0.03,0.10,-0.06,-91.50,-79.75,62.69,-0.44,1.06,-0.44,-0.01,0.02,0.10,-140.62,42.31,191.37,0.62,0.56,-0.69,3,2
1772051466.094880,143169,0.02,0.11,-0.05,-91.00,-80.00,62.44,-8.94,-0.13,0.88,0.02,0.00,0.06,-140.69,42.31,190.62,-0.50,0.25,0.81,3,2
1772051466.285715,143360,-0.02,0.10,-0.02,-89.62,-79.69,61.63,-0.25,-0.13,-1.12,0.09,0.04,0.11,-140.69,42.31,190.62,0.56,0.37,-0.44,3,2
1772051466.475896,143550,0.01,0.07,-0.04,-90.37,-79.81,61.81,-1.81,0.37,0.94,0.02,0.04,0.06,-140.81,42.31,190.44,-0.06,-0.50,0.50,4,3
1772051466.665681,143740,0.00,0.03,-0.01,-91.75,-79.75,61.75,3.00,2.31,0.50,0.00,0.10,0.09,-140.87,42.31,190.50,-1.25,-1.62,0.37,4,3
1772051466.857456,143932,0.03,0.00,-0.05,-93.44,-79.75,62.06,-0.75,0.69,-0.31,0.05,0.05,0.07,-141.00,42.38,190.44,-1.06,0.00,1.75,4,2
1772051467.048539,144122,0.00,-0.05,-0.08,-93.37,-79.69,62.00,1.44,-0.06,-2.31,0.09,-0.03,0.10,-141.00,42.44,190.56,-0.69,-0.31,1.06,3,3
1772051467.238822,144313,0.05,0.00,-0.15,-93.62,-79.69,62.06,1.19,-0.94,0.50,0.01,0.06,0.15,-140.87,42.44,190.94,0.06,0.94,-0.69,4,3
1772051467.429286,144503,0.04,0.10,-0.05,-91.62,-79.69,61.88,-3.37,-1.12,0.62,0.06,0.01,0.08,-140.94,42.50,190.62,-0.88,0.13,0.19,3,3
1772051467.620189,144694,-0.01,-0.03,-0.06,-88.69,-79.75,61.63,-3.12,-3.75,-0.44,0.03,0.02,0.14,-140.81,42.44,190.75,0.62,-0.44,-1.00,3,3
1772051467.811255,144885,-0.08,0.22,0.10,-83.87,-80.06,60.44,-7.12,0.19,-1.62,0.00,0.06,0.13,-140.94,42.31,190.81,0.44,-0.62,-0.37,4,3
1772051468.001532,145076,-0.07,0.05,0.02,-84.12,-80.12,60.56,1.56,1.19,-0.44,0.07,0.05,0.12,-141.12,42.38,190.75,-0.50,-1.56,1.25,4,3
1772051468.192198,145266,0.07,0.07,-0.01,-87.69,-80.06,61.19,10.13,1.87,0.44,0.03,0.04,0.13,-141.31,42.19,190.81,-0.56,-1.44,0.81,4,3
1772051468.382556,145457,0.03,-0.13,-0.07,-91.44,-80.06,62.94,4.69,0.13,-1.12,0.01,0.10,0.14,-141.50,42.13,191.06,1.25,-0.81,1.12,3,2
1772051468.572252,145646,-0.04,0.10,-0.10,-92.44,-80.25,63.31,1.69,0.81,0.31,0.05,0.03,0.12,-141.75,42.13,191.25,-1.87,-2.25,1.87,3,2
1772051468.764469,145838,-0.02,-0.24,-0.06,-93.87,-80.69,64.62,3.81,-1.06,-5.06,-0.01,0.06,0.09,-141.44,41.88,191.94,3.19,2.56,-4.50,3,2
1772051468.955003,146029,-0.17,-0.02,0.11,-90.00,-81.37,64.69,-11.38,-3.69,5.44,0.14,-0.08,0.16,-141.44,42.25,190.31,0.75,1.06,2.75,3,2
1772051469.145665,146220,0.03,0.13,-0.10,-89.75,-80.06,61.69,-8.75,-2.12,1.56,0.14,-0.07,0.04,-141.37,42.44,190.19,1.56,0.69,-1.00,3,2
1772051469.335193,146410,-0.02,0.14,0.01,-89.50,-80.69,60.81,4.56,1.87,-0.44,0.00,0.10,0.08,-141.12,42.38,190.81,-2.25,0.19,0.56,3,1
1772051469.524771,146599,0.07,0.09,0.03,-92.00,-80.31,61.50,2.37,-0.94,3.75,-0.01,0.02,0.15,-140.87,42.38,191.37,1.25,0.06,0.31,3,1
1772051469.717275,146792,-0.09,0.00,0.04,-91.87,-80.25,61.44,1.37,2.56,-1.12,0.06,0.00,0.06,-140.94,42.44,191.00,0.31,0.31,0.88,3,1
1772051469.908248,146983,0.01,0.21,-0.04,-96.00,-80.12,61.50,5.62,2.87,3.56,0.00,0.01,0.09,-141.06,42.63,190.69,-0.44,-0.31,1.75,3,1
1772051470.099192,147173,0.10,-0.13,-0.02,-98.37,-79.50,62.25,2.87,-1.56,-2.06,0.06,0.04,0.07,-141.25,42.69,190.69,0.50,-1.12,1.06,3,1
1772051470.288975,147363,-0.05,-0.06,-0.04,-98.06,-79.87,62.75,-1.19,-0.06,-2.50,0.02,0.04,0.12,-141.44,42.63,190.62,1.69,0.44,-0.94,3,1
1772051470.478310,147553,0.08,-0.02,0.00,-97.31,-80.06,62.81,1.81,-0.75,0.50,0.06,0.02,0.16,-141.31,42.69,190.75,-1.56,0.50,1.56,3,1
1772051470.671246,147745,-0.04,0.07,0.01,-95.87,-79.87,62.50,-0.37,-1.31,-0.81,-0.01,0.02,0.09,-141.12,42.63,191.12,0.13,0.81,-1.75,3,1
1772051470.862115,147936,-0.07,0.03,0.00,-94.00,-79.94,62.19,-5.81,-0.19,2.12,0.08,-0.04,0.05,-141.00,42.63,191.00,-0.88,-0.50,-0.44,3,1
1772051471.052265,148127,-0.04,0.07,0.06,-94.50,-79.62,61.38,-2.12,0.56,0.50,0.01,0.01,0.09,-141.00,42.63,191.00,0.50,-1.81,0.25,3,1
1772051471.242723,148317,-0.02,0.00,-0.09,-95.75,-79.87,61.56,1.06,-0.62,-3.00,0.06,0.00,0.05,-141.25,42.44,191.00,0.37,-0.62,0.00,3,1
1772051471.433259,148508,-0.02,-0.01,0.02,-95.87,-80.25,62.13,1.00,-1.31,-0.13,0.02,0.05,0.04,-141.25,42.44,191.06,0.06,0.00,-0.37,3,1
1772051471.624974,148699,-0.03,0.02,-0.03,-94.69,-80.25,61.94,-1.94,-3.00,1.62,0.04,-0.02,0.05,-141.00,42.50,191.31,-1.75,0.88,-0.13,3,1
1772051471.815584,148890,0.00,0.08,0.00,-94.81,-79.87,61.31,1.75,1.56,2.44,-0.02,0.05,0.13,-140.62,42.50,191.75,-0.88,0.19,0.50,3,1
1772051472.006094,149080,-0.03,0.04,-0.02,-97.69,-79.19,61.69,12.94,3.37,4.37,0.07,-0.03,0.10,-140.69,42.56,191.62,-0.56,-1.12,2.06,3,1
1772051472.196386,149271,0.08,0.08,-0.09,-101.00,-79.00,62.31,-2.37,0.13,-1.56,0.05,-0.03,0.05,-140.94,42.44,191.75,-0.75,-0.81,0.06,3,1
1772051472.386403,149460,-0.01,-0.21,-0.08,-97.69,-79.37,62.00,-14.81,-7.44,-1.19,0.11,-0.05,0.10,-141.25,42.38,191.44,-1.06,-2.62,1.94,3,1
1772051472.577889,149652,0.00,0.17,0.05,-92.87,-79.81,60.13,0.25,-1.56,-0.81,0.04,0.04,0.13,-141.31,42.31,191.56,-0.94,0.50,0.31,3,1
1772051472.768684,149843,0.02,0.08,-0.02,-94.00,-79.81,60.44,0.06,1.12,-0.44,0.02,0.03,0.13,-141.31,42.31,191.75,-0.19,-0.25,0.13,3,1
1772051472.959658,150034,-0.04,-0.03,0.02,-95.37,-80.00,60.75,-0.25,2.31,-0.56,0.05,0.00,0.07,-141.44,42.31,191.62,-0.56,-1.12,1.19,3,1
1772051473.149682,150224,-0.02,0.12,-0.07,-99.56,-79.62,61.25,15.25,3.37,4.37,0.04,0.03,0.14,-141.37,42.31,192.00,-0.19,0.50,0.69,3,1
1772051473.340777,150415,-0.04,-0.10,0.00,-102.12,-79.06,62.75,0.19,0.62,0.56,0.07,0.00,0.13,-141.31,42.38,191.81,-0.31,-0.88,-0.19,3,1
1772051473.531963,150606,0.18,-0.05,-0.11,-103.50,-78.94,62.50,-1.81,1.00,0.44,0.05,-0.01,0.12,-141.25,42.38,191.87,0.19,-0.13,0.44,2,1
1772051473.722634,150797,-0.12,0.01,0.02,-102.87,-79.06,62.31,0.06,-0.31,-1.31,0.06,0.02,0.09,-141.19,42.44,191.87,-0.37,-0.37,-0.31,3,1
1772051473.913242,150987,-0.19,0.11,0.00,-103.31,-78.94,62.38,0.75,0.06,0.06,0.03,-0.01,0.07,-141.06,42.44,192.00,0.37,-0.37,-0.13,3,1
1772051474.103905,151178,0.03,0.00,-0.05,-105.00,-79.12,62.69,0.37,0.88,-1.19,0.04,-0.05,0.06,-141.19,42.44,191.94,0.69,-0.56,0.69,3,1
1772051474.293983,151368,0.08,-0.11,-0.09,-105.75,-79.06,62.88,1.69,1.56,0.81,0.03,0.05,0.09,-141.25,42.38,192.00,-0.06,-0.37,0.13,2,1
1772051474.485423,151560,0.03,0.00,-0.03,-106.00,-79.00,62.81,-0.94,-0.06,0.81,0.04,0.01,0.10,-141.25,42.38,192.00,-0.31,0.00,-0.19,2,1
1772051474.676207,151750,0.21,0.01,-0.14,-104.56,-79.00,62.50,-3.69,-5.62,-0.56,0.03,0.01,0.09,-141.12,42.31,192.12,0.37,-0.06,-1.31,2,1
1772051474.867134,151941,-0.05,0.06,0.03,-96.81,-79.56,61.94,-6.31,-1.19,-2.75,0.02,0.05,0.08,-141.00,42.19,192.37,-1.06,-0.19,-1.19,2,1
1772051475.056684,152131,0.01,0.00,0.00,-95.25,-79.87,61.63,0.75,-2.31,1.06,0.02,0.05,0.11,-140.94,42.19,192.50,0.81,0.62,0.56,2,1
1772051475.247908,152322,-0.08,-0.06,-0.02,-94.06,-79.87,61.69,1.12,-0.44,0.88,0.08,0.02,0.16,-140.87,42.31,192.37,0.75,0.25,0.88,2,1
1772051475.438995,152513,-0.14,0.15,0.02,-95.69,-79.62,61.38,4.37,3.69,0.56,0.01,0.03,0.15,-141.00,42.44,192.31,-1.25,-0.81,1.19,3,1
1772051475.629497,152704,0.10,-0.05,-0.13,-102.12,-78.81,62.19,6.81,1.12,1.19,0.07,0.00,0.12,-141.12,42.50,192.44,-0.69,-1.37,0.94,2,1
1772051475.820254,152895,0.07,-0.18,-0.11,-103.19,-79.25,62.81,-2.31,-0.19,-1.56,0.07,-0.01,0.06,-141.25,42.50,191.94,4.50,3.19,0.69,3,1
1772051476.009981,153084,0.22,0.11,-0.22,-102.06,-78.87,61.75,-1.75,-0.62,1.81,0.08,0.01,0.12,-141.31,42.63,191.87,1.87,1.00,-1.00,3,1
1772051476.200203,153274,0.02,-0.01,-0.01,-98.87,-79.25,61.81,0.31,-4.50,-1.94,-0.02,0.03,0.16,-141.25,42.50,192.12,-0.37,-0.69,-1.37,2,1
1772051476.392217,153466,-0.07,0.01,0.02,-92.12,-79.75,61.31,-12.44,-4.25,-2.37,0.04,0.00,0.06,-141.00,42.38,192.44,-2.06,-1.50,0.06,3,2
1772051476.582852,153657,-0.04,-0.04,0.00,-90.81,-79.87,60.75,3.94,-1.06,0.69,0.04,0.06,0.10,-140.81,42.31,192.81,-0.75,0.25,0.00,3,2
1772051476.773497,153848,-0.11,0.09,0.06,-91.25,-79.75,60.75,-0.13,2.87,1.37,0.05,0.01,0.06,-140.81,42.31,192.81,-0.06,0.37,0.19,4,2
1772051476.964049,154038,0.19,-0.08,-0.09,-99.00,-79.06,61.00,8.38,7.31,4.75,0.04,0.09,0.14,-140.81,42.31,192.94,-0.31,-1.06,0.50,3,2
1772051477.155084,154229,-0.17,0.07,0.02,-100.31,-79.00,61.13,-0.69,0.69,-0.69,0.01,0.02,0.07,-141.06,42.31,192.44,0.13,-0.75,-0.44,4,2
1772051477.346394,154420,0.00,-0.02,-0.06,-100.56,-79.12,61.25,-0.81,-2.00,-0.62,0.03,0.07,0.11,-141.12,42.31,192.44,-0.19,-0.37,-0.25,4,3
1772051477.536936,154611,-0.11,0.03,0.01,-96.00,-79.31,60.88,-9.63,-6.19,-1.62,0.06,-0.05,0.06,-141.00,42.31,192.50,-2.56,-0.94,0.44,4,3
1772051477.727568,154802,-0.02,0.00,0.00,-92.56,-79.56,60.31,0.56,-1.62,-0.44,0.01,0.06,0.05,-140.75,42.31,192.94,-0.50,-0.13,-0.06,4,3
1772051477.918160,154992,-0.02,0.03,0.02,-91.25,-79.56,60.25,-1.06,-0.75,-0.31,0.02,0.04,0.11,-140.75,42.31,192.87,0.81,-0.44,0.19,4,3
1772051478.108408,155183,-0.01,0.03,-0.01,-91.69,-79.56,60.19,1.37,1.87,0.69,0.04,0.06,0.15,-140.94,42.38,192.75,-0.19,-0.75,1.00,4,4
1772051478.299939,155374,0.02,-0.01,-0.03,-93.62,-79.50,60.44,1.87,1.44,-0.88,0.08,0.07,0.10,-141.12,42.44,192.69,-0.44,-1.44,0.62,4,4
1772051478.490222,155565,-0.01,0.01,0.02,-95.12,-79.69,60.94,4.50,4.19,0.13,0.07,0.00,0.06,-141.31,42.38,192.69,-0.50,-0.81,1.87,4,4
1772051478.681335,155755,-0.09,-0.01,-0.06,-97.69,-79.50,61.44,-2.44,-0.69,0.69,0.07,0.04,0.16,-141.37,42.56,192.44,-0.31,-0.37,0.81,4,4
1772051478.871364,155946,0.05,-0.10,-0.05,-98.31,-79.44,61.44,3.56,-0.88,-2.44,0.04,0.05,0.11,-141.25,42.44,192.94,0.44,0.69,-0.88,4,4
1772051479.061145,156135,0.09,-0.14,-0.05,-96.69,-79.62,61.31,-6.06,-4.62,2.00,0.15,-0.07,0.13,-141.31,42.31,192.69,-1.44,-1.87,1.12,4,4
1772051479.253161,156327,-0.13,0.12,0.07,-92.44,-79.56,60.25,-3.87,-0.31,-1.81,0.03,0.00,0.08,-141.25,42.31,192.75,-1.00,-0.19,-1.19,4,3
1772051479.443507,156518,0.00,-0.20,-0.04,-93.62,-79.75,60.56,2.25,0.62,1.06,0.01,0.01,0.12,-140.81,42.31,193.19,0.44,0.50,-0.25,3,3
1772051479.634460,156709,-0.08,0.14,0.06,-92.75,-79.44,60.06,-0.44,-1.44,2.25,0.00,0.04,0.09,-140.81,42.31,193.12,-0.06,-1.06,0.50,3,3
1772051479.824659,156899,-0.01,0.11,0.01,-93.94,-79.25,60.13,3.31,2.19,0.56,0.06,0.07,0.13,-140.87,42.31,193.19,-0.13,-0.75,1.06,3,3
1772051480.016292,157089,-0.05,-0.09,-0.02,-96.69,-79.12,61.00,2.69,2.37,-2.06,0.13,-0.04,0.06,-141.06,42.44,192.81,0.25,-0.81,2.62,3,2
1772051480.206607,157281,0.06,0.08,-0.11,-98.62,-79.31,61.44,4.06,-0.62,-3.37,-0.01,0.08,0.11,-141.06,42.38,193.44,-1.44,0.19,-0.25,3,2
1772051480.397528,157472,-0.02,-0.18,-0.02,-96.69,-79.94,62.56,-1.94,-3.31,-1.12,0.03,-0.01,0.01,-140.81,42.19,193.75,0.75,0.75,-1.12,3,2
1772051480.587888,157662,0.01,0.23,-0.02,-91.37,-79.75,61.56,-8.75,0.25,4.75,0.04,0.06,0.10,-141.00,42.44,193.06,-0.13,-0.94,0.81,3,2
1772051480.778528,157853,0.04,-0.01,-0.01,-90.62,-79.62,60.81,-0.44,-1.62,-2.50,0.05,0.00,0.08,-141.12,42.44,192.81,0.31,-0.50,0.56,3,2
1772051480.968765,158043,0.00,0.00,-0.07,-90.31,-79.87,60.19,-8.06,2.62,-0.56,0.06,-0.03,0.04,-141.00,42.44,193.00,-1.12,0.13,0.37,3,2
1772051481.160059,158235,0.02,0.02,-0.04,-91.37,-79.69,59.63,3.06,0.69,0.25,-0.09,0.13,0.16,-140.81,42.50,193.31,0.31,0.69,-0.50,2,2
1772051481.350934,158425,-0.07,0.08,-0.02,-91.69,-79.56,60.06,3.25,0.56,1.06,0.05,-0.04,0.06,-140.81,42.56,193.19,0.06,-0.44,0.75,3,2
1772051481.541448,158616,0.11,-0.06,0.00,-96.31,-79.06,61.31,15.25,1.56,3.44,0.10,-0.05,0.02,-140.94,42.63,192.94,0.62,-0.44,2.19,3,1
1772051481.731230,158806,0.06,0.05,-0.13,-99.00,-79.12,62.25,-1.56,0.50,-2.87,0.04,-0.04,-0.02,-141.19,42.44,193.31,-0.94,-1.50,0.81,3,1
1772051481.920935,158995,0.04,-0.31,-0.13,-98.25,-79.69,63.13,2.56,-1.37,-2.50,-0.08,0.09,0.08,-140.81,42.25,194.00,2.12,1.94,-2.87,3,1
1772051482.113434,159188,-0.11,0.25,-0.02,-92.75,-79.69,62.13,-8.38,-1.94,4.75,0.06,0.04,0.19,-140.81,42.38,193.50,-0.31,0.94,0.31,3,1
1772051482.304115,159379,0.02,0.02,0.01,-89.81,-79.31,60.31,-7.06,0.37,1.44,-0.06,0.00,0.01,-140.75,42.50,192.87,-0.44,-0.56,0.50,4,1
1772051482.494998,159569,0.01,0.15,-0.02,-89.25,-79.12,59.44,-1.44,1.31,0.13,0.00,0.03,0.10,-140.75,42.44,192.94,-0.56,0.81,-0.25,4,1
1772051482.685010,159759,-0.03,-0.16,-0.01,-90.06,-79.19,59.44,-4.06,2.00,-0.75,0.02,0.02,0.01,-140.56,42.50,193.12,-0.56,-1.56,-0.06,5,1
1772051482.875349,159950,-0.02,-0.14,0.01,-90.50,-79.25,59.13,3.31,-2.19,-1.19,0.03,0.02,0.14,-140.56,42.38,193.44,-0.69,-0.94,0.56,4,1
1772051483.067187,160142,0.02,0.01,-0.07,-91.12,-79.37,59.31,-1.25,2.94,-1.00,-0.06,0.07,0.05,-140.69,42.38,193.25,0.94,-0.06,-0.06,5,2
1772051483.257671,160332,-0.07,0.06,0.09,-91.00,-79.44,59.50,1.69,-0.31,0.37,0.10,0.03,0.16,-140.75,42.44,193.06,-1.87,-0.69,2.75,4,2
1772051483.448401,160523,0.15,-0.17,-0.14,-94.50,-78.75,60.13,7.25,1.44,0.37,-0.04,0.10,0.07,-140.94,42.56,193.12,1.69,-0.06,0.44,4,3
1772051483.638284,160713,-0.07,0.01,-0.03,-93.94,-79.06,60.44,1.00,-1.25,-0.75,0.00,0.00,0.09,-141.25,42.50,193.06,-1.81,-1.44,0.50,4,3
1772051483.828974,160903,0.00,-0.08,-0.02,-93.19,-79.31,60.94,0.44,-2.50,0.50,0.00,0.03,0.09,-141.06,42.50,193.31,-0.13,0.75,-0.37,4,2
1772051484.020448,161095,-0.02,0.01,0.00,-91.12,-79.31,60.94,-0.44,-1.06,0.50,0.02,0.06,0.15,-141.00,42.56,193.19,-0.44,0.81,-0.50,4,2
1772051484.211405,161286,-0.06,-0.01,-0.05,-90.06,-79.19,60.63,-1.44,-0.81,0.75,0.08,0.02,0.12,-140.81,42.44,193.37,0.69,0.19,-1.81,4,2
1772051484.401947,161476,0.20,-0.25,-0.05,-88.00,-79.06,60.13,-2.25,-5.87,-1.00,0.00,0.08,0.16,-140.75,42.31,193.50,1.00,1.12,-0.75,4,3
1772051484.591945,161667,-0.05,0.19,0.10,-82.44,-79.31,59.06,-7.81,2.44,0.00,0.01,0.08,0.14,-140.81,42.38,193.19,-0.62,0.50,-0.06,3,2
1772051484.782556,161857,-0.03,0.07,0.03,-83.00,-79.19,58.44,-3.25,0.50,-0.62,0.04,0.07,0.20,-140.81,42.38,193.25,0.19,-0.62,0.00,3,2
1772051484.974148,162049,-0.02,0.05,-0.02,-84.00,-79.37,58.56,2.19,0.94,-1.06,-0.02,0.08,0.04,-140.81,42.38,193.19,1.19,-0.37,-0.06,2,2
1772051485.164518,162239,0.02,0.15,0.00,-86.19,-79.25,59.38,14.69,-0.19,3.56,-0.01,0.11,0.04,-140.81,42.38,193.25,0.62,0.06,-0.13,2,2
1772051485.355685,162430,-0.03,-0.01,-0.08,-87.37,-79.19,60.75,-1.19,-0.69,-2.06,0.02,0.01,0.09,-141.00,42.31,193.25,1.12,-0.31,-0.13,2,1
1772051485.545815,162620,-0.10,-0.03,-0.02,-85.75,-79.31,60.88,-0.31,-1.75,0.88,0.04,0.07,0.07,-140.94,42.31,193.31,-0.50,-0.37,-0.19,2,2
1772051485.735859,162810,-0.06,-0.02,0.05,-82.81,-79.44,60.38,-8.06,-2.81,-1.75,0.02,0.00,0.08,-140.94,42.31,193.37,0.31,0.06,-0.13,3,2
1772051485.927166,163002,0.02,-0.06,0.06,-82.50,-79.62,60.00,2.50,0.94,0.62,0.00,0.05,0.15,-140.87,42.38,193.25,-0.62,0.44,0.75,3,2
1772051486.118161,163193,-0.01,0.11,-0.03,-84.06,-79.31,59.75,1.44,1.75,0.56,0.03,0.07,0.15,-141.12,42.50,193.12,-0.13,-1.06,0.94,3,2
1772051486.308691,163383,-0.05,0.02,-0.04,-86.25,-79.50,60.44,5.56,0.56,-2.75,-0.01,0.04,0.05,-141.31,42.44,193.00,1.87,0.44,-0.44,2,1
1772051486.499335,163574,-0.04,0.02,-0.08,-87.12,-79.69,61.38,0.56,0.06,1.12,0.09,0.03,0.15,-141.50,42.50,192.94,-0.13,-0.25,0.37,3,2
1772051486.689314,163764,0.00,0.07,0.01,-88.12,-79.62,61.81,10.19,-1.37,2.19,0.05,0.05,0.10,-141.50,42.50,192.87,0.62,0.62,-0.37,3,1
1772051486.881051,163955,0.05,0.10,-0.01,-88.37,-79.44,62.31,-2.31,-0.37,1.50,-0.02,0.13,0.11,-141.44,42.50,193.06,-0.44,-0.37,-0.69,4,1
1772051487.071688,164146,0.09,-0.07,-0.12,-86.69,-79.25,61.88,-4.62,-4.00,0.50,0.04,0.12,0.24,-141.37,42.31,193.75,-6.19,-5.37,1.94,3,1
1772051487.262422,164337,-0.09,0.10,0.01,-79.62,-80.31,59.50,-12.88,-3.25,-3.87,-0.07,0.04,0.06,-141.06,41.94,194.31,3.44,3.06,-3.87,3,1
1772051487.452155,164527,-0.02,0.16,0.05,-76.94,-79.94,58.63,-1.31,2.25,4.81,-0.06,0.11,0.13,-140.81,42.06,194.12,-0.50,1.56,-0.56,3,1
1772051487.641449,164716,-0.03,0.41,0.09,-80.12,-79.00,58.00,9.94,3.75,5.62,0.04,0.06,0.11,-140.69,42.19,194.06,-1.37,-1.81,1.44,3,1
1772051487.834143,164909,0.00,-0.36,-0.21,-86.75,-78.12,60.75,17.44,-3.37,-1.06,0.08,0.06,0.20,-140.69,42.19,194.12,1.06,-1.00,0.06,3,1
1772051488.025171,165100,-0.06,0.00,-0.04,-85.81,-78.56,61.75,1.75,-0.13,-0.56,-0.04,0.02,0.07,-140.69,42.06,194.31,-0.13,0.19,0.25,3,1
1772051488.215856,165290,0.02,-0.06,-0.06,-85.25,-78.69,62.00,-0.44,-0.69,0.56,0.03,0.04,0.10,-140.50,42.13,194.50,-0.37,0.81,-0.37,3,1
1772051488.405853,165480,0.11,0.09,-0.11,-84.94,-78.31,61.19,-3.31,-1.44,2.12,0.00,0.03,0.11,-140.44,42.19,194.44,-0.25,-0.06,-0.13,3,1
1772051488.596506,165671,-0.13,0.18,0.11,-81.81,-78.12,60.69,-0.25,-1.00,-0.69,-0.03,0.05,0.05,-140.37,42.19,194.56,-0.50,-1.12,0.56,3,1
1772051488.787677,165862,0.10,-0.16,-0.02,-81.81,-78.25,60.88,-5.81,-2.50,-1.44,0.04,0.02,0.13,-140.62,42.25,194.25,3.00,2.25,0.44,4,1
1772051488.978701,166053,0.04,0.28,-0.02,-80.44,-78.56,59.69,-2.12,4.50,2.19,-0.01,0.04,0.05,-140.94,42.38,193.69,-1.62,-1.00,1.69,4,1
1772051489.169243,166244,-0.08,-0.01,0.15,-84.56,-78.44,60.44,13.19,3.44,3.75,0.04,0.02,0.00,-140.81,42.56,193.37,0.88,0.88,0.50,4,1
1772051489.359533,166434,0.03,0.07,-0.18,-87.62,-77.81,60.75,-3.87,-3.31,-0.81,0.13,-0.02,0.15,-140.81,42.63,193.56,0.31,-0.94,-0.50,4,1
1772051489.549530,166624,0.00,-0.15,0.05,-84.56,-77.94,60.88,-1.25,-5.75,-0.31,0.00,0.03,0.06,-140.62,42.44,194.12,0.19,-0.13,-0.81,3,1
1772051489.741217,166816,-0.04,-0.06,0.06,-79.75,-77.87,60.50,-3.31,-1.50,-0.75,0.03,0.07,0.16,-140.50,42.44,194.19,-0.69,0.94,-0.25,3,1
1772051489.932104,167007,0.00,0.13,0.09,-78.56,-78.00,59.69,-5.44,0.88,-0.31,-0.03,0.10,0.09,-140.44,42.50,194.12,0.50,0.31,-0.13,4,1
1772051490.122846,167198,-0.04,0.00,0.03,-79.06,-78.19,59.50,-1.44,2.44,-1.62,0.00,0.01,0.06,-140.69,42.44,193.81,1.75,-0.50,0.19,3,1
1772051490.313105,167387,-0.06,-0.11,-0.05,-80.69,-78.50,59.50,-2.81,1.12,-2.00,0.03,0.09,0.10,-140.69,42.38,194.00,-0.75,-1.06,-0.50,3,2
1772051490.502675,167578,0.01,0.13,0.06,-81.69,-78.81,59.19,2.62,0.31,1.00,0.02,0.09,0.13,-140.75,42.31,194.19,-0.62,-0.75,0.19,3,2
1772051490.694241,167769,0.00,-0.05,0.02,-83.06,-78.94,59.75,3.31,1.00,-1.19,0.04,0.03,0.10,-140.87,42.19,194.37,0.31,-0.94,0.69,3,2
1772051490.885416,167960,-0.10,-0.02,0.03,-83.87,-79.00,60.06,-0.13,0.25,-0.13,0.03,0.00,0.05,-141.00,42.13,194.37,0.69,-0.37,0.31,2,1
1772051491.076212,168151,0.03,-0.02,0.02,-85.25,-79.00,60.31,3.62,1.00,0.13,0.03,0.07,0.14,-141.06,42.06,194.62,-0.31,-0.44,0.19,2,2
1772051491.266043,168341,0.02,-0.14,-0.03,-87.44,-78.62,61.31,8.56,0.44,0.62,0.01,0.00,0.07,-141.06,42.13,194.69,-1.25,-0.19,0.88,3,2
1772051491.455721,168530,-0.11,0.12,-0.03,-87.37,-78.69,61.50,-2.06,1.69,1.62,0.15,0.00,0.12,-141.00,42.19,194.81,-1.87,-0.81,0.62,3,2
1772051491.647584,168722,-0.15,0.00,0.00,-87.19,-78.75,61.75,0.81,-2.31,-0.75,0.00,0.01,0.07,-140.81,42.19,195.06,0.69,0.69,-1.06,4,2
1772051491.839161,168914,-0.07,-0.15,-0.03,-86.31,-79.00,61.94,-2.75,-0.44,1.00,0.03,-0.01,0.06,-140.69,42.38,194.56,1.75,1.81,-1.94,3,2
1772051492.030048,169105,-0.14,0.26,0.11,-84.87,-78.50,60.69,-3.75,-1.12,4.62,-0.02,0.10,0.09,-140.69,42.56,194.25,-0.37,-1.31,1.19,3,2
1772051492.219406,169294,0.00,-0.01,-0.02,-85.50,-78.37,60.31,-0.50,2.69,-1.87,0.00,0.00,0.00,-141.06,42.56,193.81,0.56,-1.50,1.12,3,2
1772051492.409777,169484,-0.07,-0.14,-0.10,-86.94,-78.69,60.81,1.94,-0.62,-1.75,-0.05,0.00,0.08,-141.12,42.50,193.94,0.00,-0.25,-0.31,4,2
1772051492.601740,169676,-0.17,-0.07,0.09,-85.62,-78.75,61.00,-0.31,-2.06,0.19,0.04,0.07,0.12,-141.06,42.50,194.00,-0.13,-0.19,-0.13,3,2
1772051492.792900,169867,0.06,-0.04,-0.14,-85.87,-78.81,60.94,-0.50,-0.19,-1.25,0.00,0.02,0.08,-141.12,42.44,194.06,-0.37,-0.19,-0.62,3,2
1772051492.983723,170058,-0.06,0.23,0.06,-83.37,-79.25,60.25,-6.44,-0.62,0.06,-0.05,0.02,0.02,-141.00,42.31,194.44,-1.31,0.06,-0.88,3,2
1772051493.173162,170248,0.02,-0.13,0.03,-82.87,-78.94,60.19,-0.94,-0.13,3.44,-0.02,0.08,0.13,-140.69,42.25,194.94,-1.87,-1.00,1.44,3,2
1772051493.362165,170437,0.01,0.17,0.09,-83.19,-78.69,59.44,4.12,1.37,2.44,0.03,0.02,0.16,-140.50,42.31,194.81,0.44,1.44,0.31,3,1
1772051493.554818,170629,0.16,-0.32,-0.20,-88.62,-77.37,60.75,13.31,-0.25,3.37,0.05,0.10,0.11,-140.44,42.44,194.81,-0.44,-0.62,0.69,2,1
1772051493.746361,170821,-0.17,-0.02,0.02,-86.87,-77.62,61.13,-0.75,-1.06,0.88,-0.05,0.11,0.14,-140.44,42.44,194.94,-0.25,-0.25,-0.44,3,1
1772051493.937288,171012,-0.01,-0.02,0.01,-85.94,-77.62,60.81,-3.00,-1.50,-0.56,0.00,0.05,0.07,-140.44,42.38,194.94,-0.44,-0.50,0.44,2,1
1772051494.126658,171201,0.02,-0.02,-0.03,-84.81,-77.69,60.56,-2.56,-1.00,0.25,0.00,0.05,0.10,-140.37,42.44,194.87,1.00,0.25,0.62,2,1
1772051494.316716,171391,-0.06,0.11,0.01,-83.50,-77.75,60.06,-1.37,-0.62,-0.94,0.01,-0.03,0.10,-140.50,42.50,194.62,0.75,-0.06,0.19,2,1
1772051494.509097,171583,0.07,-0.02,-0.08,-82.94,-78.37,59.69,-8.75,-0.88,-4.69,-0.01,0.04,0.11,-140.44,42.38,195.00,-0.50,-0.06,-0.13,3,2
1772051494.699549,171774,-0.06,0.06,0.11,-80.12,-78.69,59.31,1.06,-1.31,0.94,0.00,0.04,0.11,-140.44,42.44,194.94,-0.13,-0.50,0.81,3,2
1772051494.890817,171966,0.00,0.03,0.01,-81.00,-78.69,59.50,2.12,1.31,-0.13,-0.01,0.04,0.12,-140.56,42.44,195.00,0.37,-0.75,0.31,2,2
1772051495.080532,172155,0.00,-0.02,0.02,-81.87,-78.81,60.00,1.37,0.00,-0.13,-0.06,0.05,0.07,-140.81,42.31,195.12,-0.75,-1.19,0.94,2,2
1772051495.269852,172345,0.00,0.08,0.01,-83.37,-78.75,61.00,12.44,-0.56,1.62,0.04,0.02,0.12,-140.94,42.31,195.19,0.19,-0.31,0.13,2,2
1772051495.462497,172537,-0.05,-0.06,-0.09,-84.37,-79.00,62.31,-0.06,-1.06,-1.69,0.00,0.08,0.09,-140.94,42.13,195.56,-1.44,-0.56,-0.81,2,2
1772051495.653572,172728,-0.08,-0.04,0.03,-82.69,-79.00,62.38,-2.62,0.37,0.25,-0.02,0.04,0.12,-140.75,42.13,195.37,1.56,2.31,-1.56,2,2
1772051495.844126,172919,0.06,0.25,0.02,-82.81,-78.44,61.19,-0.56,-0.44,2.37,-0.02,0.12,0.13,-140.50,42.25,195.50,-0.44,0.37,0.19,2,2
1772051496.033831,173109,-0.03,0.00,-0.04,-83.06,-78.44,61.06,-1.37,2.50,-0.88,0.03,0.04,0.04,-140.62,42.31,195.25,-0.56,-0.88,0.81,2,2
1772051496.223887,173298,0.01,-0.04,-0.03,-84.19,-78.56,61.31,-0.13,2.44,-1.87,-0.05,0.04,0.06,-140.69,42.31,195.25,-0.37,-0.44,0.19,2,2
1772051496.415548,173490,-0.05,0.02,-0.01,-84.56,-78.56,61.44,0.19,-0.06,1.25,0.01,0.08,0.12,-140.50,42.31,195.62,-0.88,0.19,-0.13,3,3
1772051496.606714,173682,-0.38,-0.04,0.19,-86.37,-78.56,61.50,1.00,10.75,1.37,-0.02,0.15,0.04,-140.44,42.25,195.81,-0.94,-1.56,0.81,3,3
1772051496.797410,173872,0.35,0.11,-0.10,-106.19,-77.44,60.63,4.25,28.31,8.31,0.07,0.07,0.17,-140.87,42.19,196.25,1.31,-1.37,3.12,3,3
1772051496.987047,174062,0.23,0.06,-0.25,-114.81,-76.00,59.63,0.81,-2.62,1.69,0.12,-0.10,0.10,-141.31,42.38,195.75,-1.75,0.31,1.56,4,4
1772051497.177046,174252,-0.11,0.17,0.03,-110.62,-76.19,59.69,-2.12,-3.62,0.94,-0.01,0.07,0.09,-140.94,42.56,195.94,0.56,-0.94,-1.56,4,4
1772051497.369042,174444,-0.07,-0.06,-0.13,-110.44,-76.44,59.81,0.94,1.56,-1.19,0.00,0.00,0.11,-141.00,42.44,195.81,0.37,-0.44,-2.00,4,4
1772051497.560433,174635,0.14,0.25,-0.12,-107.87,-76.37,60.13,16.12,-19.50,4.50,-0.39,0.14,0.05,-140.06,42.06,197.37,-4.81,2.69,-3.56,4,4
1772051497.752454,174827,-0.31,-0.20,0.14,-94.56,-75.44,62.31,5.50,-11.63,11.13,0.29,-0.04,0.56,-138.12,42.38,199.06,-5.62,1.00,-1.25,4,5
1772051497.941813,175017,0.01,0.01,-0.20,-92.81,-73.56,60.13,-9.88,14.88,14.06,-0.15,0.16,0.18,-136.62,42.25,201.06,-7.31,-1.75,0.06,5,5
1772051498.131433,175206,0.03,0.48,0.30,-101.19,-72.19,58.00,17.87,11.38,-8.75,-0.08,-0.04,-0.12,-136.81,42.13,201.37,4.19,2.69,3.50,4,6
1772051498.323349,175398,0.01,-0.94,-0.18,-104.62,-74.19,62.81,4.37,-11.38,1.12,0.17,-0.13,0.03,-137.19,43.00,199.00,7.56,5.12,-4.69,4,5
1772051498.514739,175590,0.03,0.54,-0.05,-104.56,-73.75,60.63,-6.31,3.00,3.75,0.06,0.10,0.26,-136.69,43.13,199.12,-1.25,-1.00,1.75,3,5
1772051498.706451,175781,0.07,0.09,-0.12,-104.31,-73.69,59.88,-1.75,0.81,-5.75,0.00,-0.11,-0.02,-137.25,43.13,198.69,1.37,-1.00,1.00,3,5
1772051498.896035,175971,0.03,-0.18,-0.07,-105.31,-74.87,61.06,-2.81,-2.00,-5.50,0.07,0.00,0.14,-137.44,43.13,198.75,-0.44,-2.69,0.75,3,5
1772051499.085426,176160,-0.02,0.04,-0.03,-105.31,-75.56,61.44,-0.37,1.25,-1.00,0.00,-0.03,0.06,-137.81,43.00,198.75,-0.06,-0.75,1.31,3,5
1772051499.276827,176352,0.00,-0.17,-0.09,-105.19,-75.81,62.50,2.62,-4.37,-2.37,-0.02,-0.03,0.13,-138.00,42.94,198.87,0.62,-1.50,0.25,3,6
1772051499.468472,176543,0.05,0.06,-0.11,-104.31,-75.94,63.56,8.63,-1.44,0.19,0.03,-0.03,0.08,-138.12,42.69,199.31,-0.75,-2.12,0.44,3,6
1772051499.660379,176735,0.00,-0.16,0.00,-103.62,-76.31,65.12,0.88,2.87,-3.31,0.01,0.05,0.03,-138.31,42.31,199.87,0.81,-2.31,-1.00,4,5
1772051499.852241,176927,0.00,0.02,0.01,-103.25,-76.56,65.12,-1.75,-0.31,0.88,-0.01,-0.01,0.11,-138.50,42.13,200.06,-0.06,-1.25,-0.13,4,5
1772051500.044198,177119,0.03,0.01,-0.04,-102.62,-76.37,64.50,-2.81,-1.06,1.56,0.03,-0.04,0.03,-138.62,42.13,200.06,-0.56,-0.88,0.62,4,4
1772051500.233184,177308,-0.05,-0.05,-0.03,-101.31,-76.25,64.25,0.06,-0.75,-0.50,0.02,0.01,0.11,-138.62,42.13,200.06,-0.62,0.06,1.31,3,4
1772051500.425988,177500,-0.09,-0.07,-0.03,-101.06,-76.37,64.31,-0.75,2.31,-0.37,-0.02,-0.07,0.09,-138.69,42.13,199.94,0.31,-1.12,-0.69,3,4
1772051500.617430,177692,-0.06,-0.02,-0.02,-102.31,-76.25,63.94,-1.44,0.37,0.75,0.05,-0.03,0.14,-138.62,42.13,200.00,-0.88,0.94,0.13,3,4
1772051500.809155,177884,-0.05,0.12,-0.03,-103.56,-75.81,63.50,1.12,0.69,1.25,0.01,-0.02,0.07,-138.56,42.06,200.25,-0.25,-1.94,-0.62,3,6
1772051500.998165,178073,0.04,0.04,0.00,-105.25,-75.56,64.31,8.56,-1.56,1.37,0.00,0.00,0.15,-138.44,42.19,200.37,-0.44,1.56,0.62,3,6
1772051501.187717,178263,0.01,0.08,-0.04,-105.37,-75.44,64.87,-2.56,-0.06,-0.88,0.00,-0.02,0.10,-138.56,42.25,200.37,1.37,-0.75,0.00,3,5
1772051501.380033,178455,0.08,-0.13,-0.06,-106.12,-75.69,65.00,-2.50,1.00,-1.94,0.09,-0.03,0.20,-138.56,42.25,200.50,-0.50,0.50,1.00,3,4
1772051501.571732,178647,0.03,0.19,-0.07,-105.06,-76.25,64.19,-4.25,-0.19,-2.25,0.01,-0.02,0.06,-138.62,42.25,200.44,-0.06,1.12,0.56,3,4
1772051501.762758,178837,-0.12,-0.17,-0.04,-102.50,-76.44,64.94,0.00,-4.00,-2.12,0.01,-0.02,0.12,-138.56,42.25,200.44,0.50,-1.06,-0.19,3,4
1772051501.953233,179028,0.08,-0.01,-0.04,-102.06,-76.62,65.19,2.44,-2.87,-0.81,0.06,-0.04,0.13,-138.69,42.13,200.50,-1.00,-0.37,1.12,2,4
1772051502.142828,179217,-0.07,-0.29,-0.04,-99.94,-76.94,66.75,3.62,-2.50,-2.12,0.00,0.01,0.16,-138.69,42.06,200.50,-1.00,-1.50,0.62,3,4
1772051502.334763,179409,-0.02,-0.02,0.04,-99.19,-77.00,66.69,-0.81,-1.00,-0.13,0.03,-0.04,0.12,-138.75,42.06,200.50,0.62,0.06,-0.31,3,4
1772051502.525993,179601,-0.01,0.05,-0.07,-99.44,-76.94,66.44,1.37,-1.75,0.62,0.06,0.00,0.14,-138.81,42.00,200.50,1.12,0.50,-0.25,3,4
1772051502.717195,179792,0.06,0.02,-0.06,-99.87,-76.87,66.44,-1.06,3.00,1.19,0.02,0.00,0.14,-138.81,42.00,200.44,-0.06,-0.44,-0.37,3,3
1772051502.909597,179985,0.04,0.01,-0.07,-101.06,-76.75,66.19,-1.00,0.94,-0.44,0.00,0.02,0.17,-138.94,41.88,200.62,-0.06,-0.37,0.00,3,3
1772051503.100311,180175,0.05,-0.01,-0.07,-100.81,-76.75,66.19,-0.56,0.19,0.25,0.01,0.06,0.18,-138.94,41.81,200.81,-0.56,-0.56,0.31,3,3
1772051503.291613,180367,-0.03,0.12,0.00,-100.12,-76.81,66.00,0.06,0.25,-0.44,0.01,0.00,0.10,-139.00,41.69,201.12,0.44,-0.69,-0.50,3,3
1772051503.484412,180560,-0.07,-0.06,-0.04,-100.62,-77.00,66.37,0.50,0.31,1.94,0.06,-0.06,0.11,-139.12,41.63,201.25,0.37,0.44,0.56,3,4
1772051503.677346,180753,0.06,0.00,-0.06,-100.75,-76.81,66.06,-1.06,0.75,2.87,0.05,0.03,0.15,-139.00,41.75,201.06,-0.19,0.69,0.50,3,3
1772051503.868989,180944,-0.05,0.05,-0.01,-100.56,-76.62,65.69,1.37,1.06,0.19,0.08,0.00,0.20,-139.00,41.81,201.00,0.06,-0.25,0.00,4,4
1772051504.060353,181136,-0.01,0.06,-0.06,-101.06,-76.50,65.56,0.00,0.37,0.69,0.05,0.03,0.15,-138.94,41.88,201.00,-1.06,0.00,0.81,3,3
1772051504.251352,181326,0.02,-0.03,-0.05,-101.31,-76.44,65.56,-0.81,0.50,-0.31,0.12,0.00,0.23,-138.94,41.88,201.06,-0.44,0.37,0.62,3,4
1772051504.443198,181518,0.00,0.05,-0.13,-101.50,-76.44,65.44,-0.94,-0.19,0.06,0.11,-0.01,0.13,-138.81,42.00,201.00,0.25,-0.56,-0.13,3,5
1772051504.635594,181711,0.05,-0.03,-0.07,-101.31,-76.62,65.56,0.25,-1.44,0.56,0.13,-0.01,0.18,-138.69,42.06,201.00,-0.31,-0.44,0.25,4,5
1772051504.827905,181903,-0.09,0.00,-0.08,-100.81,-76.56,65.25,-0.81,3.50,-2.94,-0.02,0.04,0.11,-138.69,42.06,201.00,-0.88,-1.00,0.00,4,5
1772051505.019763,182095,-0.09,0.08,0.07,-100.44,-76.69,65.12,-0.25,0.37,-0.88,0.09,0.00,0.17,-138.69,42.06,201.00,0.25,0.56,-0.69,4,6
1772051505.210863,182286,0.00,0.06,-0.05,-101.81,-76.50,64.69,-4.81,1.37,1.31,0.04,-0.07,0.09,-138.62,42.13,200.94,0.25,-0.13,0.25,4,5
1772051505.401360,182476,-0.01,0.00,-0.08,-101.87,-76.44,64.44,1.50,-0.06,-0.13,0.04,-0.01,0.12,-138.56,42.19,200.87,0.19,-0.50,-0.31,4,5
1772051505.593698,182669,0.01,0.08,-0.06,-101.50,-76.50,64.37,-0.19,-1.62,-0.81,0.11,-0.02,0.14,-138.62,42.25,200.81,0.56,-0.88,0.06,4,5
1772051505.786077,182861,-0.01,0.02,-0.04,-99.06,-77.25,64.56,-7.81,-8.81,-3.06,0.20,-0.13,0.08,-138.69,41.81,201.37,1.94,-3.12,-2.69,4,5
1772051505.977533,183052,0.36,-0.15,-0.11,-99.44,-77.44,64.37,-2.62,2.69,0.44,-0.18,0.19,0.01,-138.75,41.31,202.12,-0.31,-0.25,-0.31,4,5
1772051506.167181,183242,-0.08,-0.13,0.04,-88.75,-77.94,62.94,-21.50,-19.25,-3.37,-0.05,0.06,0.13,-138.31,41.75,201.62,-2.87,4.75,2.25,4,5
1772051506.356284,183431,-0.35,0.33,-0.08,-79.62,-77.75,60.19,-8.06,4.19,-3.44,0.34,-0.19,0.25,-138.31,42.44,200.31,8.69,4.06,-4.69,4,6
1772051506.548446,183624,0.12,0.18,0.09,-84.75,-78.44,59.81,-6.25,0.19,-0.31,-0.35,0.25,0.01,-138.81,41.75,199.19,5.06,-1.06,-5.50,2,5
1772051506.739878,183815,-0.24,0.32,0.20,-83.19,-78.25,60.00,12.75,1.81,-2.31,0.00,-0.04,0.06,-139.00,41.31,199.69,5.12,-0.31,-2.44,3,5
1772051506.930841,184006,0.17,-0.15,-0.17,-94.81,-77.87,63.13,19.75,11.06,1.56,-0.03,0.09,0.18,-139.44,40.88,200.94,1.12,-3.62,0.31,4,5
1772051507.120713,184196,-0.14,-0.32,-0.05,-102.00,-79.25,66.06,-1.00,0.13,-4.56,-0.04,-0.05,0.00,-140.37,40.25,200.56,6.19,-2.44,1.56,4,5
1772051507.309654,184385,0.00,0.08,0.01,-100.56,-79.12,65.37,1.25,-1.00,3.87,0.06,-0.10,0.02,-140.69,41.19,198.94,0.81,2.31,4.25,4,5
1772051507.502264,184577,0.22,-0.14,-0.21,-103.69,-79.06,65.94,5.06,0.94,-0.62,0.11,-0.03,0.13,-140.75,41.75,198.62,-1.50,-0.62,2.31,4,5
1772051507.693909,184769,0.04,-0.28,-0.14,-101.44,-79.50,66.06,-7.44,-5.12,0.31,0.04,-0.02,0.02,-140.62,41.75,198.75,-1.94,-0.56,-0.25,4,5
1772051507.884926,184960,-0.08,0.36,0.29,-91.75,-80.31,63.31,-14.88,-3.56,-4.12,-0.08,0.03,0.04,-140.44,41.75,199.25,-2.00,-0.25,0.31,4,5
1772051508.074198,185149,-0.23,-0.06,0.06,-88.56,-80.06,63.06,-0.06,2.25,2.87,0.08,0.01,0.11,-140.19,42.00,199.00,-0.50,1.12,1.37,4,4
1772051508.264576,185340,-0.14,0.31,0.09,-96.31,-79.19,62.81,14.06,12.69,6.69,-0.08,0.15,0.20,-140.06,42.19,198.87,-0.88,0.62,-0.19,4,3
1772051508.456149,185532,0.08,-0.15,-0.14,-106.94,-77.56,64.06,2.94,7.81,4.81,0.05,0.02,0.05,-140.25,42.50,198.44,0.31,-2.31,2.94,4,2
1772051508.647714,185723,0.07,0.00,-0.12,-109.87,-77.44,63.13,-0.75,4.69,-0.06,-0.12,-0.05,-0.11,-140.75,42.44,198.50,-1.69,-3.31,3.56,4,2
1772051508.838361,185914,0.05,-0.06,-0.07,-112.75,-77.75,64.00,7.62,1.31,-2.31,0.04,0.00,0.03,-141.19,42.44,198.62,-0.62,0.06,1.50,4,2
1772051509.027801,186103,0.04,-0.29,-0.05,-114.81,-78.12,65.50,-1.50,-1.00,1.62,0.19,0.01,0.00,-140.94,42.69,198.37,0.13,2.50,1.31,4,2
1772051509.218674,186294,-0.08,0.27,0.02,-112.75,-77.56,64.00,-2.75,-1.50,2.37,0.03,0.08,0.09,-140.81,42.88,198.06,-1.50,-1.31,-0.31,4,2
1772051509.410488,186485,-0.15,0.02,0.05,-112.31,-77.56,64.12,0.50,-0.06,-0.25,0.20,-0.06,0.05,-140.87,42.81,198.31,-0.88,-2.06,-0.44,4,2
1772051509.601244,186677,0.00,0.00,-0.08,-113.81,-77.44,64.25,-0.13,-2.31,0.37,0.00,0.02,0.07,-140.75,42.75,198.50,0.19,0.06,0.19,4,1
1772051509.792570,186868,-0.02,0.08,0.00,-112.69,-77.50,64.12,0.81,-0.56,-0.06,0.03,0.02,0.07,-140.75,42.75,198.50,-0.37,-0.06,0.13,3,1
1772051509.983327,187059,0.03,0.10,0.00,-112.81,-77.56,64.19,-0.88,0.50,0.50,0.02,0.00,0.03,-140.75,42.81,198.50,-0.06,-0.13,0.44,3,1
1772051510.173228,187248,0.18,-0.08,-0.19,-111.87,-77.69,64.12,-3.31,-4.44,0.37,0.04,-0.01,0.00,-140.69,42.75,198.62,-0.06,-0.31,-1.44,3,1
1772051510.364342,187439,-0.22,0.20,0.14,-102.69,-78.62,63.00,-11.13,-7.37,-3.50,-0.04,0.04,0.09,-140.56,42.69,198.81,0.44,-0.13,-1.06,4,1
1772051510.554925,187631,0.00,0.00,0.01,-99.37,-78.81,62.75,0.62,-1.31,0.06,0.07,0.01,0.10,-140.44,42.63,198.94,0.00,0.62,0.44,3,1
1772051510.746173,187821,0.00,0.08,-0.01,-99.81,-78.81,62.81,-0.19,2.81,0.19,0.01,0.00,0.06,-140.44,42.63,198.94,0.25,-0.31,0.00,3,1
1772051510.936557,188012,-0.02,0.07,0.02,-103.44,-78.69,62.94,2.69,5.19,0.37,-0.01,0.00,0.02,-140.50,42.63,198.94,-0.25,0.37,0.31,3,0
1772051511.126867,188202,0.07,0.07,-0.08,-107.62,-78.31,63.25,0.25,3.19,2.44,0.15,-0.04,0.16,-140.69,42.63,198.87,0.56,0.19,1.00,3,1
1772051511.318480,188394,-0.01,0.05,-0.05,-108.62,-78.37,63.44,-0.19,0.62,0.31,0.03,-0.03,0.02,-140.81,42.63,198.81,-0.69,0.13,0.69,3,1
1772051511.509808,188585,0.04,0.05,-0.09,-109.06,-78.31,63.69,1.19,-0.56,0.50,0.03,0.01,0.11,-140.75,42.63,198.87,-0.19,0.13,0.37,3,1
1772051511.701319,188777,0.00,0.09,0.00,-108.31,-78.37,63.63,-0.88,0.06,1.31,0.01,0.00,0.06,-140.75,42.63,198.87,-0.31,-0.19,0.31,3,1
1772051511.894590,188970,0.01,0.03,-0.02,-108.25,-78.31,63.56,0.56,0.56,-0.31,0.03,0.00,0.09,-140.81,42.63,198.87,0.19,-0.37,0.44,3,1
1772051512.087079,189162,-0.04,0.00,0.00,-108.25,-78.31,63.50,-0.50,0.31,0.88,0.06,-0.01,0.08,-140.81,42.63,198.81,-0.31,0.06,0.69,3,2
1772051512.278523,189354,0.01,0.00,-0.01,-108.12,-78.25,63.44,0.44,0.00,0.00,0.10,-0.02,0.09,-140.81,42.69,198.81,-0.06,-0.13,-0.13,3,1
1772051512.471133,189546,0.01,0.02,-0.05,-107.69,-78.25,63.38,-0.56,-1.50,0.37,0.06,-0.02,0.11,-140.81,42.63,198.87,0.00,-0.37,-0.94,3,1
1772051512.662596,189737,-0.04,0.09,0.00,-104.62,-78.44,63.19,-3.25,-5.25,-0.31,0.09,-0.04,0.12,-140.69,42.50,199.06,-0.44,-0.88,-0.62,3,1
1772051512.853735,189929,-0.01,-0.01,0.07,-103.81,-78.69,63.44,1.87,-0.06,-1.19,0.07,0.01,0.10,-140.69,42.38,199.25,0.19,-0.31,-0.31,2,1
1772051513.045024,190120,-0.02,0.04,-0.05,-104.06,-78.75,63.50,-0.37,0.94,0.31,0.05,-0.01,0.11,-140.69,42.38,199.25,-0.06,-0.06,-0.44,3,2
1772051513.235408,190310,-0.02,0.08,-0.03,-104.19,-78.75,63.50,-0.75,-0.81,0.06,0.10,-0.02,0.07,-140.62,42.38,199.25,-0.25,-0.88,-0.62,3,2
1772051513.426669,190502,-0.02,0.03,0.03,-104.31,-78.75,63.44,0.13,1.56,0.56,-0.01,0.04,0.01,-140.75,42.31,199.31,0.00,-1.19,-0.31,4,2
1772051513.617985,190693,-0.01,-0.04,-0.06,-106.19,-78.62,63.56,3.19,0.75,-1.19,0.04,-0.01,0.08,-140.75,42.38,199.25,0.44,-0.25,0.50,3,2
1772051513.808339,190884,0.00,-0.04,-0.01,-107.69,-78.62,63.81,1.62,1.19,0.50,0.07,-0.01,0.11,-140.69,42.44,199.19,0.00,0.44,0.13,3,2
1772051513.998568,191074,0.03,0.08,-0.02,-109.06,-78.37,63.50,-0.25,2.37,1.25,0.06,-0.02,0.09,-140.62,42.50,199.12,0.06,-0.06,-0.25,5,4
1772051514.188883,191264,0.01,0.12,-0.05,-109.81,-78.19,63.31,-0.69,0.44,0.25,0.07,0.00,0.03,-140.62,42.56,199.06,-1.12,-1.25,0.19,5,4
1772051514.380155,191455,0.00,0.04,-0.03,-109.44,-78.19,63.31,-0.56,-1.00,-0.13,0.07,0.00,0.09,-140.62,42.56,199.19,-0.31,-1.00,0.13,5,4
1772051514.571727,191647,-0.05,0.03,-0.01,-108.44,-78.25,63.38,0.25,-0.69,-0.62,0.06,-0.03,0.09,-140.62,42.50,199.25,0.37,-0.50,0.06,5,4
1772051514.765098,191840,-0.01,-0.04,-0.04,-108.50,-78.31,63.44,0.31,-0.37,0.19,0.07,-0.01,0.09,-140.62,42.50,199.25,-0.31,-0.25,0.25,5,4
1772051514.955071,192030,0.11,0.00,-0.06,-107.56,-78.19,63.00,-1.81,-2.19,0.44,0.08,-0.04,0.10,-140.62,42.50,199.25,0.13,0.37,0.06,3,3
1772051515.146717,192222,0.00,0.04,0.03,-105.06,-78.31,62.81,-0.44,-0.19,0.19,0.09,0.00,0.15,-140.56,42.44,199.37,-0.19,-0.19,-0.69,4,3
1772051515.337956,192413,-0.01,0.14,-0.01,-104.94,-78.37,62.69,-1.19,-0.25,-0.19,0.05,-0.06,0.15,-140.50,42.38,199.50,0.06,0.37,-0.25,4,3
1772051515.531538,192607,-0.03,0.03,-0.02,-106.25,-78.31,62.94,0.69,2.37,-0.31,0.10,-0.07,0.11,-140.56,42.31,199.56,-1.25,-2.12,0.00,4,3
1772051515.723151,192798,-0.05,-0.06,-0.06,-108.56,-78.31,63.31,2.62,1.37,0.44,0.08,-0.05,0.08,-140.50,42.25,199.81,0.69,-0.94,-0.19,4,3
1772051515.914285,192990,0.02,0.00,-0.02,-109.00,-78.25,63.31,2.00,-1.25,-0.56,0.12,-0.08,0.15,-140.56,42.19,199.87,0.06,0.37,-0.44,2,1
1772051516.105020,193181,0.05,0.02,0.00,-108.81,-78.25,63.31,0.06,-0.19,0.19,0.11,-0.04,0.17,-140.56,42.13,199.87,0.31,0.19,-0.13,3,1
1772051516.296364,193371,-0.01,0.06,-0.01,-108.75,-78.25,63.25,-0.25,0.25,0.50,0.12,-0.06,0.11,-140.56,42.13,199.87,-0.25,-0.37,-0.13,3,1
1772051516.487753,193563,0.02,0.05,-0.04,-108.81,-78.31,63.25,-0.50,-0.56,-0.62,0.12,-0.06,0.15,-140.56,42.13,199.94,0.31,0.00,-0.13,2,1
1772051516.678622,193754,-0.02,0.06,-0.02,-108.56,-78.31,63.25,-0.94,0.50,0.50,0.12,-0.03,0.15,-140.56,42.13,199.94,0.13,-0.25,-0.06,4,2
1772051516.870151,193945,0.00,0.06,-0.06,-108.81,-78.31,63.25,0.13,0.88,-0.13,0.12,-0.03,0.11,-140.56,42.13,199.94,-0.69,-0.62,-0.19,4,3
1772051517.062160,194137,0.04,0.03,-0.03,-108.69,-78.31,63.25,-0.56,-0.62,0.25,0.13,-0.01,0.13,-140.62,42.06,200.06,-0.13,-0.62,-0.06,4,3
1772051517.251524,194326,0.02,0.04,-0.08,-107.81,-78.44,63.25,-1.00,-2.62,-1.19,0.12,-0.11,0.13,-140.69,42.00,200.12,0.25,-0.56,-0.06,3,2
1772051517.443054,194518,-0.06,-0.02,0.00,-105.06,-78.69,63.44,0.13,-2.62,-0.31,0.09,-0.03,0.13,-140.62,42.13,200.00,-0.13,-0.25,0.06,4,3
1772051517.636431,194712,0.00,0.05,-0.07,-104.12,-78.75,63.31,0.19,0.06,-0.06,0.09,-0.04,0.15,-140.62,42.25,199.87,0.13,-0.37,-0.50,4,3
1772051517.829562,194905,0.00,0.06,-0.05,-104.62,-78.69,63.19,-1.25,1.37,0.50,0.07,-0.05,0.08,-140.56,42.25,199.87,0.50,-0.19,0.13,3,3
1772051518.021578,195097,0.01,0.08,-0.07,-105.19,-78.69,62.94,-1.25,0.00,-1.06,0.17,-0.07,0.10,-140.62,42.13,200.00,0.56,-1.31,-1.50,3,3
1772051518.212873,195288,0.14,0.05,-0.03,-106.75,-78.87,63.00,1.00,0.13,-0.88,0.04,-0.01,0.01,-140.62,41.88,200.37,-0.37,-0.81,-1.06,3,3
1772051518.403372,195479,-0.07,-0.06,0.00,-106.56,-79.06,63.25,1.12,0.75,1.69,0.02,-0.01,0.08,-140.56,42.00,200.12,-1.00,0.62,1.12,5,4
1772051518.594631,195670,-0.06,0.01,0.02,-106.44,-78.62,63.50,6.87,-1.56,1.56,0.12,-0.04,0.15,-140.25,42.38,200.12,-0.88,-0.25,1.94,3,3
1772051518.785307,195861,0.11,0.05,-0.16,-109.19,-78.44,63.69,2.19,3.00,-1.56,0.04,-0.02,0.06,-140.44,42.44,200.06,-1.12,-0.56,0.69,3,2
1772051518.976448,196052,-0.05,0.06,-0.02,-109.87,-78.50,64.00,-0.56,-0.44,-0.69,0.04,-0.08,0.02,-140.50,42.50,200.00,-0.13,-0.88,0.25,4,2
1772051519.167080,196242,0.00,-0.07,-0.04,-110.62,-78.50,64.25,0.88,0.25,0.13,0.06,-0.04,0.08,-140.50,42.56,200.00,-0.62,-0.13,0.00,4,2
1772051519.357618,196433,0.01,0.06,-0.05,-110.81,-78.37,64.12,-0.13,0.88,0.19,0.04,-0.03,0.11,-140.50,42.63,199.94,0.00,-0.06,-0.19,4,2
1772051519.549095,196624,-0.03,0.04,-0.08,-110.81,-78.37,64.12,-0.31,-1.25,-0.75,0.04,-0.03,0.09,-140.50,42.63,199.87,0.06,0.13,-0.06,4,2
1772051519.740065,196815,0.07,0.04,-0.07,-109.56,-78.50,64.06,-0.56,-3.00,0.06,0.07,-0.06,0.07,-140.44,42.63,199.94,0.31,-0.25,-0.69,4,2
1772051519.930816,197006,0.03,-0.07,-0.11,-107.69,-78.62,64.12,-1.12,-2.62,-0.56,0.00,0.01,0.08,-140.37,42.56,200.06,0.19,-0.19,-0.94,4,2
1772051520.121676,197197,-0.04,0.11,0.00,-104.06,-78.81,63.88,-0.62,-1.19,0.06,0.04,-0.01,0.08,-140.44,42.56,200.06,-0.06,-0.31,-0.25,4,2
1772051520.311477,197387,-0.06,0.00,0.00,-104.00,-78.94,64.06,-0.13,0.00,0.00,0.07,0.00,0.06,-140.44,42.56,200.06,0.06,-0.50,0.37,4,1
1772051520.502822,197578,-0.02,-0.05,-0.02,-105.06,-78.87,64.19,1.44,1.06,0.00,0.08,-0.01,0.10,-140.50,42.56,200.12,0.44,-0.75,0.50,3,1
1772051520.693701,197769,0.03,0.04,-0.08,-106.56,-78.81,64.19,0.00,2.37,0.62,0.06,-0.04,0.04,-140.56,42.56,200.12,-0.56,-0.50,1.06,3,1
1772051520.884525,197960,0.03,-0.08,-0.08,-107.87,-78.87,64.87,4.69,0.50,-0.81,0.09,-0.04,0.11,-140.62,42.56,200.06,0.13,0.44,-0.06,3,1
1772051521.074582,198150,0.00,0.09,-0.04,-107.69,-78.87,64.87,-1.31,0.88,0.50,0.09,-0.03,0.10,-140.62,42.56,200.06,-0.13,0.25,-0.62,3,1
1772051521.264923,198340,0.06,0.01,-0.08,-108.12,-78.87,64.81,0.19,1.19,0.00,0.07,0.00,0.10,-140.56,42.50,200.19,-0.31,-0.69,-0.13,2,1
1772051521.456229,198532,-0.02,0.05,-0.06,-108.00,-78.87,64.75,-0.81,-0.31,0.37,0.08,-0.02,0.12,-140.56,42.50,200.19,0.31,0.06,0.06,3,1
1772051521.647608,198723,0.04,0.05,-0.11,-108.00,-78.87,64.75,0.25,0.06,-0.06,0.07,-0.03,0.03,-140.56,42.50,200.25,0.00,-0.31,-0.25,3,1
1772051521.838496,198914,-0.06,0.03,-0.08,-105.31,-78.94,64.37,-4.87,-5.31,1.31,0.05,-0.04,0.06,-140.44,42.38,200.44,0.06,-0.13,-0.69,2,1
1772051522.028068,199103,0.03,0.05,-0.02,-102.25,-79.00,63.94,0.31,-1.62,-0.13,0.03,0.00,0.13,-140.37,42.31,200.56,-0.25,0.00,-0.44,3,1
1772051522.218429,199294,-0.03,0.07,-0.06,-101.50,-79.00,63.94,-0.31,0.37,-0.31,0.05,-0.03,0.14,-140.37,42.31,200.62,0.19,0.19,0.31,2,1
1772051522.409519,199485,0.02,0.12,-0.01,-101.75,-79.00,63.94,0.56,0.31,-0.31,0.09,-0.06,0.13,-140.31,42.31,200.56,0.37,-0.19,-0.25,2,1
1772051522.600331,199676,0.05,0.04,-0.10,-103.62,-78.87,63.94,0.69,1.81,0.50,0.09,-0.01,0.12,-140.37,42.25,200.69,0.19,-0.94,0.31,2,1
1772051522.791770,199867,-0.03,-0.05,-0.06,-103.69,-79.00,64.12,0.88,0.94,0.06,0.06,-0.02,0.08,-140.37,42.19,200.75,-0.37,-0.81,0.19,2,1
1772051522.981868,200057,0.00,-0.04,-0.07,-104.31,-78.94,64.25,3.56,-0.37,-0.56,0.11,-0.03,0.13,-140.37,42.19,200.87,0.31,-0.94,-0.13,2,1
1772051523.172086,200247,0.02,0.00,-0.07,-104.50,-78.94,64.37,0.31,-0.37,-0.50,0.09,-0.06,0.14,-140.44,42.13,200.94,0.56,-0.06,0.44,3,1
1772051523.363328,200439,-0.03,0.05,-0.07,-104.25,-78.94,64.25,0.31,-0.06,0.25,0.11,-0.07,0.10,-140.44,42.13,200.94,-0.06,-0.37,0.25,3,1
1772051523.553954,200630,0.04,0.04,-0.10,-104.56,-79.00,64.31,-0.06,0.00,-0.69,0.10,-0.07,0.13,-140.44,42.13,200.87,0.06,0.37,0.37,2,1
1772051523.745163,200821,0.03,0.11,-0.06,-104.25,-79.00,64.25,-0.81,0.31,0.44,0.12,-0.07,0.10,-140.44,42.13,200.87,-0.06,-0.13,0.13,3,1
1772051523.935332,201011,0.03,0.02,-0.16,-103.69,-79.00,64.25,-1.25,-2.00,0.50,0.13,-0.11,0.14,-140.44,42.13,200.94,0.44,0.44,-0.94,2,1
1772051524.124886,201200,-0.04,0.16,0.01,-99.44,-79.12,63.75,-2.44,-3.06,-0.56,0.05,-0.05,0.10,-140.25,42.13,201.06,-2.62,0.31,-0.56,3,1
1772051524.315785,201391,0.12,-0.04,-0.24,-100.06,-78.75,63.38,-1.12,1.62,1.62,0.05,-0.10,0.15,-139.37,42.25,201.94,0.13,1.75,-1.19,2,1
1772051524.506431,201582,0.04,0.15,0.01,-99.56,-78.31,62.75,2.12,-0.88,0.19,0.04,-0.08,0.05,-139.31,42.31,201.94,0.44,0.06,-0.13,2,1
1772051524.697426,201772,-0.05,0.01,-0.02,-99.50,-78.50,63.19,-1.44,-0.62,-1.87,0.03,-0.04,0.10,-139.31,42.19,202.25,-0.94,-1.56,-1.81,2,1
1772051524.886487,201962,-0.16,0.01,0.06,-99.81,-78.81,63.38,-7.69,-1.44,1.75,0.15,-0.14,0.05,-139.75,42.44,200.37,7.87,1.06,-0.88,3,1
1772051525.076707,202152,0.08,0.04,-0.18,-102.75,-78.37,62.69,6.25,2.56,-2.12,0.09,0.00,0.16,-140.06,42.44,200.37,-0.19,-1.31,1.56,2,1
1772051525.268590,202344,0.02,0.00,-0.08,-105.19,-78.69,63.56,1.87,0.44,-1.19,0.07,-0.07,0.04,-140.25,42.38,200.44,-0.06,-0.62,0.06,3,1
1772051525.459604,202535,-0.02,-0.06,-0.06,-105.87,-78.87,64.00,0.19,0.44,-0.06,0.05,-0.02,0.08,-140.25,42.38,200.44,0.19,0.37,-0.37,3,1
1772051525.650422,202726,0.03,0.07,-0.08,-106.06,-78.69,63.69,-0.56,0.75,0.94,0.08,-0.04,0.10,-140.25,42.50,200.31,-0.25,0.31,-0.13,3,1
1772051525.841327,202917,0.00,0.09,-0.10,-106.06,-78.56,63.56,-0.75,-0.94,-0.31,0.06,-0.06,0.09,-140.25,42.50,200.31,-0.25,-0.44,-0.19,3,1
1772051526.031938,203107,0.07,-0.03,-0.15,-105.06,-78.62,63.56,-0.44,-2.31,0.06,0.02,-0.05,0.06,-140.25,42.50,200.37,0.44,-0.31,-0.69,2,1
1772051526.222699,203298,-0.11,0.06,0.02,-100.25,-78.87,63.38,-0.94,-4.06,0.06,0.02,-0.02,0.05,-140.19,42.44,200.44,0.13,0.06,-0.31,2,1
1772051526.413837,203489,-0.05,-0.03,-0.01,-99.12,-78.87,63.38,-0.44,-0.75,0.31,0.06,-0.06,0.09,-140.12,42.44,200.37,-0.31,-0.25,0.50,3,1
1772051526.604300,203680,0.04,-0.02,-0.07,-100.12,-78.75,63.25,1.06,0.81,0.25,-0.01,-0.02,0.09,-140.00,42.50,200.50,0.75,1.31,-0.50,3,1
1772051526.794923,203870,-0.01,0.16,-0.05,-100.31,-78.56,63.06,-0.56,2.62,2.00,0.08,-0.03,0.06,-139.94,42.56,200.56,0.00,-0.19,-0.88,2,1
1772051526.985026,204061,0.01,0.03,-0.02,-102.25,-78.50,63.44,2.69,1.81,1.25,0.03,-0.03,0.07,-139.87,42.50,200.62,0.31,-0.69,0.06,3,1
1772051527.176212,204252,0.00,-0.02,-0.09,-102.87,-78.56,63.69,1.81,-0.37,-0.88,0.05,-0.03,0.08,-139.94,42.50,200.69,0.00,-0.13,-0.13,2,1
1772051527.366753,204442,0.03,0.05,-0.08,-103.00,-78.56,63.69,-0.19,0.37,0.13,0.05,-0.04,0.07,-139.94,42.50,200.62,0.19,0.31,-0.37,3,1
1772051527.557485,204633,-0.01,0.05,-0.06,-103.00,-78.62,63.69,-0.13,-0.25,-0.37,0.06,-0.05,0.07,-139.94,42.56,200.56,0.31,0.19,0.00,3,1
1772051527.748100,204824,0.00,0.08,-0.08,-103.19,-78.56,63.56,-0.37,0.13,0.31,0.06,-0.05,0.02,-139.94,42.56,200.56,0.31,-0.19,-0.06,3,1
1772051527.938659,205014,0.01,0.04,-0.07,-103.37,-78.62,63.69,0.00,0.50,-0.69,0.06,-0.05,0.08,-139.94,42.56,200.56,0.06,0.19,-0.13,3,1
1772051528.130115,205205,-0.01,0.08,-0.11,-103.31,-78.62,63.63,-1.12,-0.88,0.13,0.08,-0.05,0.05,-139.94,42.56,200.50,-0.31,-0.19,-0.44,3,1
1772051528.320904,205396,0.04,-0.04,-0.10,-103.25,-78.62,63.69,0.56,-0.19,-0.31,0.05,-0.03,0.06,-139.94,42.56,200.56,-0.19,-0.06,-0.37,3,1
1772051528.511420,205587,0.03,0.09,-0.08,-103.37,-78.69,63.56,-1.75,1.31,-0.13,0.07,-0.06,0.10,-140.00,42.44,200.69,1.50,-1.19,-1.06,3,1
1772051528.702394,205778,-0.01,0.15,-0.03,-103.37,-78.75,63.44,-0.06,-1.00,-0.56,-0.03,-0.06,0.00,-140.19,42.31,200.62,-0.31,-0.75,-0.06,3,1
1772051528.892599,205968,-0.07,0.03,-0.05,-103.06,-78.87,63.81,-0.94,-1.12,-0.62,0.00,-0.07,0.00,-140.25,42.25,200.62,0.44,-0.06,0.31,3,1
1772051529.082903,206159,0.08,0.00,-0.14,-103.62,-78.87,64.00,0.69,2.00,1.37,0.00,-0.03,0.08,-140.25,42.31,200.62,-0.50,0.13,1.19,4,1
1772051529.273574,206349,-0.02,0.03,-0.06,-103.56,-78.81,64.19,1.56,1.25,0.00,0.05,-0.04,0.12,-140.25,42.44,200.50,0.06,0.44,0.88,4,1
1772051529.464304,206540,0.06,0.10,-0.11,-104.25,-78.81,64.19,1.00,-0.13,-0.06,0.08,-0.06,0.07,-140.44,42.50,200.31,0.31,-0.25,0.44,4,1
1772051529.654681,206730,0.04,0.02,-0.12,-104.37,-78.81,64.31,0.37,0.37,-0.37,0.03,-0.06,0.08,-140.44,42.56,200.31,0.31,0.13,0.00,3,1
1772051529.845525,206921,0.00,0.05,-0.10,-104.44,-78.81,64.25,-1.06,0.56,0.62,0.08,-0.04,0.05,-140.44,42.56,200.31,0.31,0.37,-0.19,3,1
1772051530.036277,207112,0.08,0.00,-0.14,-104.50,-78.75,64.25,0.31,0.19,-0.06,0.05,0.01,0.11,-140.37,42.50,200.37,0.06,-0.25,-0.13,3,1
1772051530.227121,207302,-0.01,0.02,-0.16,-102.75,-78.81,64.19,-2.25,-2.69,0.37,0.06,-0.03,0.08,-140.31,42.44,200.50,0.56,-0.13,-0.69,3,1
1772051530.417892,207493,-0.05,0.07,-0.08,-100.06,-79.00,64.06,-0.44,-1.19,-0.94,0.03,-0.02,0.05,-140.31,42.38,200.50,0.56,-0.06,-0.50,3,1
1772051530.607506,207683,-0.25,-0.10,-0.15,-99.75,-79.06,64.06,-1.12,0.62,3.00,0.33,-0.04,0.12,-139.87,42.38,201.25,-2.62,-0.44,-1.06,2,2
1772051530.797118,207872,-0.03,0.17,-0.05,-99.75,-78.94,63.56,-5.75,-2.87,-3.81,-0.03,-0.03,0.09,-140.06,42.13,200.87,3.94,-0.06,-2.00,3,2
1772051530.989116,208065,0.02,-0.08,-0.10,-99.75,-79.44,64.12,5.00,0.06,-1.19,0.06,0.00,0.11,-140.31,42.06,200.62,-1.44,1.31,2.69,2,1
1772051531.180123,208256,-0.07,0.17,-0.07,-100.94,-79.25,64.50,0.69,2.44,1.25,0.09,-0.04,0.07,-140.44,42.38,200.44,-0.37,-0.19,2.12,2,2
1772051531.370780,208446,0.07,0.01,-0.20,-104.81,-79.19,65.06,2.19,1.69,-1.81,0.06,-0.01,0.09,-140.62,42.44,200.25,0.50,-0.06,0.56,2,1
1772051531.561649,208637,0.10,0.01,-0.12,-105.81,-79.12,65.19,-0.69,1.50,1.94,0.01,0.00,0.05,-140.56,42.50,200.25,-0.25,-0.25,0.50,2,1
1772051531.752109,208828,-0.01,0.05,-0.10,-106.12,-78.94,65.00,0.13,0.44,0.88,0.00,0.05,0.13,-140.56,42.50,200.31,-0.06,0.00,0.31,3,1
1772051531.942891,209019,0.02,0.11,-0.08,-106.12,-78.75,64.56,-1.87,1.12,1.56,0.01,-0.02,0.06,-140.62,42.56,200.12,0.19,0.25,0.69,3,1
1772051532.133805,209210,0.02,0.01,-0.14,-106.25,-78.56,64.31,-0.13,-0.50,-0.25,0.06,0.01,0.08,-140.62,42.56,200.12,0.06,0.19,0.06,3,1
1772051532.324538,209400,0.00,0.02,-0.10,-105.06,-78.62,64.25,-2.62,-2.75,0.25,0.03,0.02,0.06,-140.62,42.56,200.06,0.19,0.37,-0.06,3,1
1772051532.514915,209591,0.01,0.00,0.00,-103.44,-78.75,64.19,0.37,0.37,-0.69,0.04,0.04,0.13,-140.62,42.56,200.12,-0.44,-0.44,0.50,3,1
1772051532.705874,209782,0.00,0.09,-0.07,-104.25,-78.69,64.19,0.56,2.06,-0.06,0.09,-0.02,0.10,-140.62,42.56,200.12,0.13,-0.31,0.31,2,1
1772051532.896707,209972,0.02,-0.03,-0.13,-106.75,-78.62,64.37,0.94,1.75,0.06,0.08,-0.01,0.12,-140.62,42.50,200.19,0.13,-0.88,0.31,3,1
1772051533.087535,210163,-0.04,-0.01,-0.12,-107.50,-78.62,64.44,2.31,-0.44,-0.37,0.05,0.03,0.12,-140.62,42.44,200.37,0.06,-0.19,-0.13,4,2
1772051533.277919,210354,-0.11,0.14,-0.06,-107.31,-78.62,64.44,0.69,-0.06,0.06,0.03,0.02,0.09,-140.62,42.44,200.37,-0.75,-0.37,0.25,4,2
1772051533.468590,210544,0.05,-0.02,-0.05,-109.19,-78.56,64.62,0.75,1.87,-0.75,0.06,0.04,0.13,-140.62,42.50,200.44,-0.56,-0.44,0.44,4,2
1772051533.659333,210735,-0.08,0.06,-0.09,-108.25,-78.62,64.50,0.25,1.06,-0.13,0.03,-0.02,0.14,-140.62,42.44,200.44,0.25,-0.50,0.00,4,2
1772051533.850090,210926,0.01,-0.01,-0.10,-109.06,-78.56,64.50,-0.06,0.06,0.56,0.05,0.01,0.12,-140.62,42.44,200.44,-0.13,0.00,0.00,4,2
1772051534.040709,211116,0.29,-0.11,-0.22,-107.69,-78.44,64.06,-3.56,-4.31,1.00,0.10,0.00,0.10,-140.56,42.38,200.50,0.31,-0.31,-1.06,5,2
1772051534.231545,211307,-0.02,0.03,0.01,-102.19,-78.56,63.50,0.88,-3.25,-0.44,-0.01,0.06,0.13,-140.44,42.31,200.69,-0.06,-0.19,-0.25,5,3
1772051534.422255,211498,-0.04,0.06,-0.02,-100.56,-78.62,63.50,-0.50,-1.25,0.13,0.08,-0.01,0.12,-140.50,42.31,200.75,-0.25,-0.62,0.56,4,2
1772051534.612314,211688,0.03,0.02,-0.06,-101.12,-78.81,63.75,1.31,0.94,-0.81,0.02,0.00,0.11,-140.56,42.25,200.87,0.00,-0.13,0.75,4,2
1772051534.803385,211879,-0.05,0.00,-0.04,-102.06,-78.87,64.06,1.69,1.62,0.44,0.04,-0.03,0.08,-140.62,42.25,200.75,-0.69,-0.06,1.06,4,2
1772051534.994027,212070,-0.04,0.09,-0.13,-104.00,-78.56,63.94,-0.62,1.19,2.12,0.05,-0.02,0.08,-140.62,42.31,200.81,0.50,-0.06,0.62,3,1
1772051535.184640,212260,-0.06,0.06,-0.02,-104.06,-78.56,63.88,0.37,-0.50,0.44,0.05,0.00,0.12,-140.75,42.31,200.75,-0.13,-1.19,0.37,3,1
1772051535.375391,212451,-0.02,-0.02,-0.09,-105.06,-78.62,64.06,0.75,1.25,-0.56,0.04,0.00,0.11,-140.81,42.25,200.87,-0.19,-1.00,0.13,3,1
1772051535.565975,212642,-0.03,-0.01,-0.06,-105.56,-78.69,64.19,0.75,0.94,-0.31,0.06,0.03,0.17,-140.81,42.19,200.94,0.06,0.00,-0.31,3,1
1772051535.756874,212833,-0.05,0.09,-0.05,-105.50,-78.62,64.06,-0.50,-0.62,0.94,0.06,0.02,0.14,-140.81,42.19,200.94,0.13,0.13,-0.25,3,1
1772051535.947423,213023,0.00,0.08,-0.07,-104.75,-78.62,63.94,-1.44,-0.94,0.37,0.10,0.00,0.14,-140.81,42.19,200.94,-0.06,-0.31,0.00,3,1
1772051536.137960,213214,0.00,0.01,-0.04,-104.31,-78.62,63.88,0.06,-0.31,0.00,0.04,0.03,0.12,-140.81,42.19,200.94,-0.06,-0.37,-0.06,3,1
1772051536.328865,213404,0.02,0.00,-0.07,-102.69,-78.69,63.75,-3.62,-3.19,0.25,0.09,-0.01,0.12,-140.75,42.13,201.06,0.25,-0.19,-0.75,4,2
1772051536.519536,213595,0.01,0.08,0.01,-100.37,-78.81,63.44,0.62,-0.69,0.00,0.04,0.04,0.13,-140.75,42.13,201.06,-0.19,-0.56,-0.19,4,3
1772051536.710430,213786,-0.01,-0.04,-0.02,-101.44,-78.75,63.63,1.50,3.00,0.19,0.08,0.02,0.13,-140.69,42.13,201.19,-1.31,-0.88,1.19,4,3
1772051536.900577,213977,0.05,-0.02,-0.15,-104.44,-78.62,63.75,3.12,2.69,-0.44,0.05,0.01,0.14,-140.56,42.19,201.50,0.44,0.56,0.00,4,2
1772051537.091555,214167,-0.03,0.03,-0.08,-104.56,-78.50,63.75,-2.19,-1.75,1.75,0.08,0.00,0.14,-140.44,42.25,201.50,1.25,0.13,-0.25,4,3
1772051537.281143,214357,-0.01,0.06,-0.01,-103.44,-78.44,63.44,1.37,-1.19,-0.44,0.09,0.00,0.16,-140.44,42.31,201.37,1.31,-0.62,0.56,4,3
1772051537.472448,214548,0.01,0.07,-0.11,-103.75,-78.56,63.69,1.06,-0.50,-0.69,0.07,0.02,0.12,-140.56,42.25,201.44,0.13,-0.37,0.62,4,3
1772051537.663543,214739,-0.01,0.09,-0.08,-103.44,-78.69,63.81,0.06,-0.13,0.00,0.05,0.01,0.11,-140.56,42.31,201.37,-0.13,0.13,0.31,4,3
1772051537.854340,214930,0.01,0.07,-0.06,-103.25,-78.69,63.75,-0.37,-0.62,0.19,0.05,-0.01,0.10,-140.50,42.38,201.31,-0.37,-0.13,0.31,4,3
1772051538.045061,215121,0.00,0.05,-0.04,-102.37,-78.69,63.75,-1.56,-0.62,0.50,0.02,0.00,0.11,-140.50,42.44,201.31,-0.19,-0.13,-0.13,4,3
1772051538.235760,215311,0.10,-0.07,-0.08,-101.31,-78.75,63.69,-1.81,-2.94,-0.25,0.08,0.03,0.11,-140.37,42.31,201.50,0.00,-0.69,-1.50,3,2
1772051538.426177,215502,-0.05,0.14,0.04,-97.06,-78.87,63.13,-1.00,-1.62,0.13,0.05,0.02,0.16,-140.25,42.19,201.69,-0.19,-0.75,0.06,3,2
1772051538.617166,215693,-0.39,0.00,-0.14,-98.56,-78.81,63.13,0.69,2.19,2.44,0.11,-0.11,0.02,-139.87,42.19,202.25,-2.12,-1.00,-0.19,4,2
1772051538.807457,215883,0.13,-0.06,0.00,-102.25,-78.31,63.13,7.31,-0.25,1.12,0.00,0.05,0.14,-139.69,42.38,202.44,-0.69,-0.75,0.00,4,2
1772051538.998278,216074,-0.02,0.00,-0.02,-101.94,-78.31,63.31,0.37,-1.75,-1.56,0.03,0.04,0.13,-139.75,42.25,202.50,2.87,1.06,-0.75,4,2
1772051539.187609,216264,0.00,0.15,0.00,-101.50,-78.56,63.00,-0.94,2.44,0.69,0.05,-0.01,0.08,-140.31,42.31,201.62,0.13,-1.12,1.87,4,2
1772051539.378868,216455,0.04,-0.05,-0.18,-104.37,-78.50,63.31,1.69,3.25,-1.37,0.03,0.00,0.08,-140.44,42.44,201.37,0.88,-0.50,0.62,3,2
1772051539.570347,216646,0.05,-0.07,-0.13,-105.12,-78.56,63.44,0.25,-3.00,0.00,0.04,-0.02,0.10,-140.44,42.44,201.31,-0.19,-0.31,0.50,4,2
1772051539.760935,216837,0.05,0.00,-0.08,-101.94,-78.62,63.19,-1.56,-4.19,0.31,0.02,0.00,0.08,-140.37,42.38,201.50,-0.31,-0.62,-0.88,3,1
1772051539.951607,217027,-0.06,0.15,0.10,-97.25,-78.75,62.69,-2.62,-2.94,-0.25,0.06,0.00,0.18,-140.31,42.31,201.94,-2.25,-1.06,1.06,3,1
1772051540.141116,217217,-0.11,0.11,-0.06,-98.37,-78.62,62.56,0.06,2.06,0.50,0.05,0.02,0.13,-139.94,42.38,202.50,-1.81,-0.25,0.69,3,1
1772051540.331310,217407,0.00,0.09,0.03,-99.44,-78.44,62.50,-1.00,0.44,0.19,-0.02,0.05,0.10,-139.94,42.44,202.50,1.75,0.81,-0.69,4,1
1772051540.523118,217599,-0.01,0.03,-0.04,-99.75,-78.44,62.50,-1.37,1.50,0.62,0.07,0.00,0.13,-140.12,42.50,202.00,0.69,0.06,0.44,3,1
1772051540.713961,217790,0.09,0.10,-0.20,-100.12,-78.37,62.19,-1.31,0.00,0.62,0.05,0.01,0.14,-140.19,42.50,202.00,1.00,0.31,-0.37,3,1
1772051540.904886,217981,-0.07,0.14,0.06,-96.44,-78.50,61.94,-1.81,-3.69,-0.44,0.02,0.00,0.11,-140.12,42.25,202.25,0.69,-0.94,-0.81,3,0
1772051541.095406,218171,-0.10,0.03,-0.02,-96.87,-78.69,62.25,2.94,2.69,-0.13,0.03,0.06,0.18,-140.19,42.19,202.37,0.94,0.19,0.25,3,1
1772051541.285081,218361,0.15,0.15,-0.16,-100.31,-78.44,62.38,1.62,3.75,1.37,0.05,-0.01,0.10,-140.25,42.25,202.31,-1.69,-1.19,0.94,3,1
1772051541.477037,218553,-0.18,-0.01,-0.01,-100.81,-78.62,62.88,0.06,-1.56,-0.56,0.02,0.00,0.05,-140.19,42.25,202.56,1.37,-0.37,-0.25,2,1
1772051541.667469,218743,-0.04,0.21,-0.02,-100.12,-78.75,62.69,-2.19,0.06,1.56,0.06,0.06,0.15,-140.37,42.38,202.00,-1.25,-1.00,0.44,2,1
1772051541.858552,218934,0.09,0.01,-0.07,-99.81,-78.75,62.56,-3.12,-1.50,-0.81,-0.03,0.03,0.09,-140.37,42.38,201.75,1.31,0.00,-1.00,2,1
1772051542.048862,219125,-0.11,0.05,0.06,-97.19,-79.00,62.69,1.81,0.81,-0.56,0.04,0.05,0.13,-140.37,42.38,201.69,-0.06,-0.06,0.31,3,1
1772051542.239262,219316,0.03,0.04,-0.01,-100.12,-78.94,62.88,1.75,2.81,0.75,0.03,0.04,0.15,-140.37,42.44,201.69,-0.13,0.13,0.50,2,1
1772051542.430608,219506,0.15,0.10,-0.03,-101.94,-78.69,62.75,-0.13,-0.81,-0.50,0.10,-0.02,0.13,-140.44,42.38,201.75,-0.25,-0.44,0.56,2,1
1772051542.620781,219697,0.02,0.13,-0.04,-101.69,-78.69,62.81,0.44,0.00,-0.44,0.07,0.02,0.15,-140.56,42.38,201.81,-0.44,0.25,1.19,2,1
1772051542.811430,219888,0.03,0.05,-0.07,-102.31,-78.69,62.94,-0.44,-0.25,0.37,0.08,0.00,0.10,-140.56,42.44,201.75,0.31,0.81,0.56,2,2
1772051543.002192,220078,0.03,0.10,-0.01,-101.87,-78.56,62.63,-1.00,0.69,1.31,0.04,0.02,0.12,-140.56,42.44,201.75,-0.19,0.13,0.56,3,2
1772051543.192171,220268,-0.01,-0.01,-0.05,-101.87,-78.50,62.56,-0.06,-0.13,-0.50,0.11,0.03,0.09,-140.56,42.44,201.81,-0.94,-1.31,0.44,3,2
1772051543.383895,220460,-0.01,0.01,-0.03,-100.25,-78.62,62.50,-2.50,-3.31,-0.69,0.10,0.00,0.10,-140.56,42.38,201.87,-0.06,-0.37,-0.19,3,2
1772051543.574274,220650,-0.08,0.09,0.03,-98.75,-78.75,62.50,2.56,1.12,-0.44,0.03,0.00,0.11,-140.56,42.31,202.06,-1.06,-0.94,-0.06,3,1
1772051543.764968,220841,0.00,-0.02,-0.05,-102.00,-78.75,63.00,2.75,2.25,0.19,0.15,-0.02,0.16,-140.56,42.38,202.12,-0.44,-0.62,0.94,3,2
1772051543.955901,221032,-0.05,0.04,-0.03,-103.12,-78.69,63.06,-0.88,-0.94,0.31,0.10,0.01,0.13,-140.62,42.38,202.12,-0.13,-0.69,-0.13,3,1
1772051544.146180,221222,-0.02,0.01,0.00,-103.00,-78.69,63.06,1.19,-1.94,-1.87,0.03,0.01,0.21,-140.69,42.31,202.19,0.13,0.06,0.37,3,1
1772051544.337034,221413,0.02,0.04,-0.05,-103.19,-78.69,63.06,0.13,1.00,0.56,0.09,0.00,0.12,-140.69,42.25,202.19,0.19,-0.25,-0.06,3,1
1772051544.527767,221604,0.01,0.03,-0.08,-103.50,-78.69,63.06,-0.06,-0.37,-0.25,0.11,0.01,0.14,-140.69,42.25,202.25,0.00,0.37,0.19,3,1
1772051544.718367,221795,0.00,0.09,-0.03,-103.19,-78.62,62.94,-1.00,0.37,0.69,0.06,0.01,0.14,-140.75,42.25,202.19,-0.13,-0.06,0.50,3,1
1772051544.909206,221985,0.01,-0.04,-0.13,-103.19,-78.62,62.94,0.06,-0.69,-0.31,0.12,0.00,0.18,-140.69,42.25,202.25,0.44,-0.13,-1.06,3,1
1772051545.099857,222176,0.00,0.04,-0.05,-99.25,-78.69,62.44,-3.69,-6.25,0.88,0.10,-0.01,0.15,-140.56,42.06,202.56,0.19,-0.19,-0.81,3,1
1772051545.290974,222367,-0.07,0.13,-0.02,-95.56,-78.75,62.19,-0.69,-0.56,0.00,0.05,0.02,0.15,-140.50,41.94,202.69,-0.06,-0.88,-0.81,3,1
1772051545.481237,222557,-0.04,0.00,-0.05,-96.12,-78.75,62.38,1.25,1.81,-0.44,0.04,0.01,0.16,-140.44,42.00,202.69,0.37,-0.88,0.50,3,1
1772051545.672097,222748,0.00,-0.02,-0.08,-97.94,-78.69,62.44,1.25,1.62,-0.94,0.10,-0.02,0.16,-140.44,42.19,202.56,0.25,-0.25,1.06,2,1
1772051545.862726,222939,-0.03,-0.04,-0.07,-98.81,-78.69,62.56,1.69,0.44,0.06,0.12,-0.05,0.16,-140.44,42.31,202.37,-0.13,-0.06,0.00,3,1
1772051546.053611,223129,0.02,0.01,-0.05,-99.19,-78.62,62.50,-0.06,-0.62,0.31,0.08,-0.01,0.15,-140.44,42.38,202.37,-0.13,-0.19,-0.50,3,1
1772051546.244372,223320,0.02,0.11,-0.07,-99.31,-78.56,62.44,-0.44,1.50,0.13,0.06,-0.01,0.10,-140.37,42.38,202.37,-0.25,-0.25,-0.25,3,1
1772051546.434839,223511,0.02,0.07,-0.08,-99.69,-78.56,62.38,0.13,0.19,-0.44,0.07,-0.01,0.12,-140.31,42.38,202.37,0.00,-0.13,-0.50,2,1
1772051546.625663,223701,0.06,0.02,-0.15,-99.37,-78.56,62.38,-1.81,-1.50,0.19,0.06,0.00,0.08,-140.31,42.38,202.44,-0.25,-0.44,-0.88,2,1
1772051546.816206,223892,0.01,0.08,-0.03,-96.44,-78.62,62.13,-1.56,-2.31,-0.13,0.02,0.03,0.09,-140.19,42.25,202.69,-0.31,0.31,-0.37,2,1
1772051547.005663,224082,-0.14,0.07,-0.02,-95.37,-78.75,62.25,-0.37,1.44,0.37,0.08,0.06,0.17,-140.00,42.31,202.87,0.81,2.00,-1.69,2,2
1772051547.197217,224273,0.06,-0.03,-0.15,-97.62,-78.62,62.13,2.62,2.31,1.06,0.04,0.01,0.12,-140.00,42.38,202.56,0.69,0.56,0.56,2,1
1772051547.388054,224464,0.00,0.03,-0.11,-98.06,-78.56,62.19,0.50,-1.37,-1.12,0.07,0.00,0.09,-140.12,42.38,202.50,0.94,-0.13,0.50,2,2
1772051547.578971,224655,-0.06,0.03,-0.11,-99.06,-78.81,62.63,1.37,2.00,-0.13,0.04,0.01,0.14,-140.25,42.44,202.37,-0.31,-0.31,0.69,2,1
1772051547.769478,224846,0.02,0.07,-0.12,-100.56,-78.75,62.63,0.50,1.69,1.25,0.08,0.03,0.14,-140.25,42.44,202.37,-0.13,-0.13,0.62,2,1
1772051547.960203,225036,0.00,0.10,-0.14,-101.19,-78.69,62.63,-0.44,0.81,0.44,0.08,-0.01,0.12,-140.31,42.44,202.31,0.19,-0.19,0.31,2,1
1772051548.150988,225227,0.00,0.00,-0.09,-101.25,-78.75,62.63,0.00,-0.31,0.00,0.04,-0.01,0.11,-140.31,42.44,202.31,0.06,0.00,-0.13,2,1
1772051548.341895,225418,0.06,-0.01,-0.21,-100.31,-78.75,62.56,-2.94,-2.44,0.75,0.07,0.01,0.09,-140.25,42.44,202.31,-0.13,0.06,-0.81,2,1
1772051548.532463,225608,0.00,0.09,-0.04,-97.25,-78.69,62.13,0.13,-2.44,-0.19,0.01,0.00,0.09,-140.19,42.44,202.37,-0.37,0.31,0.25,2,1
1772051548.723289,225799,-0.05,0.04,-0.02,-96.56,-78.75,62.38,1.81,-0.19,-0.56,0.04,-0.01,0.17,-140.19,42.50,202.44,-0.19,0.19,0.56,3,1
1772051548.913643,225990,0.04,-0.01,-0.12,-98.81,-78.75,62.69,2.56,2.19,0.19,0.05,0.02,0.14,-140.19,42.50,202.44,0.06,0.75,0.31,2,1
1772051549.104487,226181,0.02,0.02,-0.07,-99.56,-78.69,62.81,0.75,0.81,-0.19,0.06,0.00,0.13,-140.25,42.56,202.31,-0.19,0.50,0.75,3,1
1772051549.294920,226371,0.00,0.05,-0.10,-100.62,-78.50,62.69,0.06,1.87,1.62,0.05,0.00,0.12,-140.31,42.63,202.25,0.31,0.62,0.31,3,1
1772051549.485969,226562,0.03,-0.01,-0.11,-101.00,-78.37,62.56,-0.31,-0.44,0.56,0.06,-0.01,0.11,-140.31,42.69,202.12,0.62,-0.25,0.06,3,1
1772051549.676765,226753,-0.01,-0.01,-0.04,-100.25,-78.50,62.56,1.75,0.25,-0.88,0.04,0.04,0.15,-140.31,42.69,202.12,0.56,-0.69,0.25,3,1
1772051549.867150,226943,0.00,0.08,-0.09,-100.87,-78.44,62.50,-0.44,1.31,0.00,0.02,0.01,0.09,-140.31,42.75,202.06,0.88,-0.62,-0.37,3,1
1772051550.058418,227134,0.01,-0.07,-0.17,-100.75,-78.56,62.63,-0.62,-2.31,-0.31,0.05,0.00,0.12,-140.25,42.75,202.06,0.44,-0.44,-0.81,3,1
1772051550.248828,227325,-0.03,0.11,0.00,-97.87,-78.62,62.25,-0.13,-1.50,-0.06,0.00,0.08,0.12,-140.19,42.75,202.12,-1.25,0.19,-0.31,3,1
1772051550.439499,227515,0.00,0.10,-0.10,-97.87,-78.56,62.06,1.00,1.44,-0.13,-0.02,-0.13,0.11,-140.00,42.75,202.37,-2.75,-0.88,-0.06,3,1
1772051550.630221,227706,0.01,0.10,-0.07,-99.12,-78.44,62.13,-1.12,-1.62,0.00,0.00,0.02,0.05,-139.81,42.69,202.62,-0.44,-0.62,-0.75,3,1
1772051550.819691,227896,-0.03,-0.09,-0.01,-98.81,-78.37,62.38,2.75,-0.69,-0.06,0.04,0.01,0.08,-139.69,42.69,202.81,-0.94,-0.13,0.56,3,1
1772051551.011489,228087,-0.01,0.10,-0.08,-99.06,-78.06,62.06,-0.31,-0.06,0.31,-0.05,0.04,0.14,-139.75,42.75,202.75,-1.37,-1.31,1.06,3,1
1772051551.202272,228278,0.04,-0.06,-0.04,-99.06,-78.19,62.56,4.19,-1.62,-4.87,0.00,0.04,0.08,-139.62,42.56,203.56,-0.69,-0.13,-0.19,3,1
1772051551.392824,228469,0.08,-0.03,-0.02,-98.81,-78.62,62.94,-3.87,-1.19,0.19,0.00,-0.01,0.05,-139.87,42.63,203.06,4.94,2.37,0.50,3,1
1772051551.583462,228660,0.07,0.02,-0.11,-98.75,-78.37,62.25,0.88,2.19,-0.44,0.04,0.01,0.10,-140.25,42.69,202.62,1.19,-0.06,0.25,3,1
1772051551.774466,228850,0.01,-0.05,-0.07,-98.81,-78.56,62.44,-0.94,-4.00,-0.50,0.02,0.02,0.09,-140.31,42.75,202.44,0.44,0.37,-0.44,3,1
1772051551.965150,229041,0.04,0.08,0.02,-96.44,-78.56,62.25,0.44,1.12,-0.13,-0.01,0.07,0.08,-140.25,42.69,202.56,-1.12,-0.75,0.62,4,1
1772051552.155878,229232,-0.03,-0.03,-0.13,-98.44,-78.56,62.63,2.44,1.25,-0.19,-0.01,0.06,0.09,-140.06,42.69,202.94,0.50,0.44,-0.31,3,1
1772051552.345891,229422,0.00,0.03,0.00,-99.37,-78.56,62.94,2.19,0.19,1.06,0.01,0.02,0.08,-140.06,42.69,203.00,0.75,0.00,0.50,4,1
1772051552.536302,229612,-0.04,-0.07,-0.05,-99.94,-78.62,63.06,-2.50,-0.06,-0.19,-0.03,0.04,0.09,-140.06,42.63,202.87,-1.44,-0.62,-0.44,3,2
1772051552.725572,229802,-0.08,0.16,0.03,-99.12,-78.62,62.50,-5.94,3.87,0.06,0.02,-0.02,0.01,-140.31,42.75,202.19,-1.75,-2.50,0.25,3,2
1772051552.917880,229994,-0.07,-0.05,-0.04,-101.12,-78.44,62.44,-2.94,0.69,-0.62,0.00,0.06,0.09,-140.31,42.81,202.19,0.69,-0.44,0.50,4,2
1772051553.109291,230185,0.02,-0.06,-0.06,-101.81,-78.50,62.44,1.25,0.69,-0.81,-0.01,0.04,0.08,-140.31,42.81,202.12,-0.19,-0.31,0.31,3,2
1772051553.299645,230376,0.05,-0.07,-0.15,-101.94,-78.50,62.44,-1.62,-0.81,0.44,0.00,0.04,0.09,-140.25,42.81,202.12,0.25,0.37,-0.37,4,3
1772051553.490505,230567,-0.02,0.04,0.05,-98.81,-78.56,62.13,0.44,-2.56,-0.37,-0.02,0.06,0.04,-140.19,42.81,202.19,-1.56,-0.62,0.00,4,3
1772051553.681120,230757,-0.07,0.02,0.00,-98.19,-78.62,62.13,-0.69,0.50,0.25,0.02,0.02,0.07,-139.94,42.81,202.44,-0.56,-0.69,-0.69,4,3
1772051553.871947,230948,0.04,-0.09,-0.09,-99.87,-78.56,62.25,2.81,1.00,0.31,-0.02,0.08,0.09,-139.69,42.81,202.94,-0.50,0.44,0.06,4,3
1772051554.062405,231139,-0.03,0.00,0.01,-99.56,-78.37,62.13,-0.13,-2.12,0.62,0.00,0.02,0.09,-139.69,42.81,202.81,0.31,0.06,0.81,4,3
1772051554.253108,231329,0.03,0.16,-0.07,-99.19,-78.19,61.88,-1.00,0.37,0.75,-0.15,0.17,0.15,-139.69,42.81,203.06,1.12,0.62,-0.37,4,2
1772051554.442968,231519,-0.07,0.32,0.02,-98.19,-78.44,61.94,-0.06,3.06,-1.06,-0.01,-0.03,0.04,-140.12,42.81,202.44,-0.19,-1.69,0.56,4,2
1772051554.633769,231710,0.01,0.00,0.00,-100.19,-78.56,62.50,-2.19,-0.81,0.75,-0.02,0.03,0.00,-140.31,42.88,202.19,1.06,-0.13,0.37,4,2
1772051554.825005,231901,0.00,-0.09,-0.03,-99.69,-78.69,62.56,0.81,-1.62,-0.88,0.01,0.02,0.09,-140.37,42.88,202.12,0.44,0.25,0.19,3,2
1772051555.015817,232092,0.03,0.03,-0.02,-98.62,-78.69,62.38,-1.19,0.06,0.50,-0.03,0.05,0.07,-140.31,42.94,202.12,-0.13,0.06,-0.37,4,2
1772051555.206617,232283,-0.05,0.03,-0.07,-97.94,-78.69,62.38,-0.88,-0.75,0.37,-0.02,0.06,0.05,-140.19,42.88,202.31,-0.06,0.13,-0.44,3,1
1772051555.396033,232472,0.03,0.06,0.02,-95.94,-78.69,62.00,-2.37,-2.94,-0.13,-0.01,-0.05,0.00,-140.00,42.88,202.69,-3.25,-0.75,1.12,3,1
1772051555.587073,232663,-0.02,-0.10,0.05,-95.69,-78.75,62.19,-0.25,0.25,-0.69,-0.10,0.13,0.10,-139.81,42.88,202.75,1.06,0.62,-0.81,3,1
1772051555.778292,232855,-0.04,0.12,0.00,-96.94,-78.56,61.75,0.94,5.00,1.12,0.05,0.05,0.12,-139.87,42.88,202.50,-0.25,-0.75,0.75,3,1
1772051555.969131,233045,0.07,0.07,-0.04,-99.50,-78.31,61.56,-1.06,-1.12,-1.50,-0.02,0.04,0.04,-139.94,42.94,202.37,0.50,0.06,0.50,3,1
1772051556.160060,233236,-0.04,-0.02,-0.01,-99.37,-78.44,61.88,1.81,1.25,-0.44,-0.06,0.06,0.09,-140.00,42.94,202.31,0.31,-0.56,0.13,3,1
1772051556.350605,233427,0.03,0.02,-0.05,-100.50,-78.44,61.81,-0.13,0.75,0.00,-0.01,0.01,0.05,-140.06,42.94,202.25,0.25,-0.31,-0.13,3,1
1772051556.541317,233617,0.04,0.00,-0.02,-100.12,-78.50,61.88,-0.81,-1.31,0.31,-0.01,0.02,0.06,-140.06,42.94,202.25,-0.62,-0.44,0.31,2,2
1772051556.732324,233808,-0.01,0.02,0.01,-98.75,-78.56,61.88,0.56,-0.69,-0.88,-0.03,0.07,0.03,-140.00,42.94,202.31,-0.81,-0.88,0.00,3,2
1772051556.922766,233999,-0.12,0.04,0.01,-96.00,-78.62,61.81,-2.87,-2.31,0.00,-0.04,0.06,0.05,-140.00,42.94,202.31,-0.13,-0.81,0.37,3,2
1772051557.113156,234190,-0.03,0.00,0.00,-95.87,-78.69,61.88,1.44,0.37,-0.94,-0.02,0.04,0.06,-140.06,42.88,202.37,1.31,-0.69,0.00,3,2
1772051557.304085,234380,-0.04,0.04,-0.02,-97.81,-78.75,61.94,0.62,3.19,0.81,-0.18,0.04,-0.14,-140.31,42.81,202.19,-0.88,-0.81,0.81,3,1
1772051557.494875,234571,-0.13,-0.08,0.01,-98.50,-78.69,62.06,1.50,0.00,0.56,-0.06,0.06,0.01,-140.37,43.00,202.06,-0.75,-0.50,1.12,3,2
1772051557.685653,234762,-0.01,-0.11,-0.04,-98.81,-78.62,62.25,1.62,0.56,-0.19,0.00,0.08,0.06,-140.37,43.13,202.00,-0.56,-0.31,0.69,3,2
1772051557.876532,234952,-0.03,0.02,-0.03,-98.75,-78.56,62.06,0.19,-0.94,-0.69,-0.02,0.04,0.04,-140.31,43.13,202.00,-0.06,-0.37,-0.75,3,2
1772051558.066967,235143,-0.03,0.03,0.01,-97.06,-78.75,62.06,0.81,-2.12,-0.81,-0.04,0.07,0.04,-140.31,43.06,202.06,-0.25,-0.13,-0.06,4,2
1772051558.257335,235334,0.00,-0.01,-0.03,-97.19,-78.81,62.25,1.12,0.81,0.00,0.00,0.02,0.03,-140.25,43.06,202.19,-1.50,0.31,0.06,4,2
1772051558.447018,235523,-0.02,0.05,-0.13,-97.75,-78.69,62.13,-1.62,0.81,1.75,0.02,0.11,0.04,-139.87,43.06,202.69,-1.06,1.50,-1.75,4,1
1772051558.638560,235715,0.00,0.16,-0.02,-96.56,-78.19,61.50,-1.37,-1.25,2.37,-0.12,0.12,0.07,-139.50,43.19,202.69,0.19,0.44,0.31,3,1
1772051558.829413,235906,0.01,-0.03,-0.06,-96.19,-78.12,61.63,1.56,0.75,0.44,-0.08,0.16,0.15,-139.37,43.13,203.00,1.62,1.31,-0.25,3,1
1772051559.020228,236096,0.04,0.19,-0.05,-96.56,-78.06,61.25,1.06,2.19,-0.37,-0.07,0.03,0.09,-139.50,43.19,202.56,1.19,1.56,-0.19,3,2
1772051559.210751,236287,0.09,0.11,-0.07,-97.50,-78.06,61.19,-1.69,1.06,1.56,-0.02,0.08,0.15,-139.62,43.31,202.37,1.12,0.69,-0.06,2,1
1772051559.401577,236478,0.01,0.12,-0.05,-97.50,-78.06,61.13,-0.06,1.31,-0.69,-0.03,0.04,0.07,-139.69,43.25,202.37,0.00,-0.37,0.94,2,1
1772051559.592451,236669,0.06,-0.05,-0.11,-97.75,-78.25,61.50,-0.44,-2.12,-0.37,-0.07,0.08,0.05,-139.69,43.25,202.37,0.75,1.00,0.44,2,1
1772051559.782967,236859,-0.10,0.16,0.02,-93.44,-78.31,61.13,-1.81,-2.62,0.31,-0.08,0.11,0.04,-139.62,43.31,202.31,0.06,-0.31,0.06,2,1
1772051559.973597,237050,-0.03,0.01,-0.02,-93.37,-78.37,61.38,0.56,0.00,-0.56,-0.07,0.03,0.01,-139.56,43.31,202.37,0.50,0.25,0.44,2,1
1772051560.164083,237241,0.05,0.05,-0.03,-94.12,-78.37,61.31,0.44,1.50,0.19,-0.04,0.05,0.08,-139.56,43.31,202.37,0.37,0.37,0.69,2,0
1772051560.355041,237431,-0.03,0.06,-0.02,-95.31,-78.37,61.38,0.00,1.12,0.25,-0.07,0.04,0.06,-139.62,43.38,202.31,-0.19,-0.25,0.37,2,1
1772051560.546023,237622,-0.02,0.04,-0.03,-95.81,-78.37,61.38,-0.37,1.19,0.25,-0.01,-0.03,0.08,-139.56,43.38,202.50,-2.37,0.19,-0.81,2,0
1772051560.736224,237813,0.11,-0.09,-0.16,-97.50,-78.12,61.31,1.44,0.19,1.81,-0.04,0.07,0.01,-139.00,43.31,203.06,1.19,1.06,-0.94,2,1
1772051560.927243,238003,-0.05,0.12,0.11,-94.94,-78.00,61.06,-1.44,-4.94,0.88,-0.02,0.05,0.13,-139.00,43.31,202.94,-0.31,-0.50,0.44,2,1
1772051561.117520,238194,0.01,0.17,-0.04,-96.12,-77.87,61.06,2.50,4.19,-0.25,-0.08,0.00,0.00,-139.12,43.19,203.12,0.62,-0.69,0.19,2,1
1772051561.308891,238385,-0.01,-0.17,-0.04,-98.44,-78.00,61.75,-0.75,-2.50,-0.81,-0.05,0.01,0.00,-139.25,43.25,203.06,-0.81,-0.75,-0.31,4,3
1772051561.499366,238576,-0.05,-0.15,-0.06,-97.62,-78.06,61.63,-0.94,0.81,-0.69,-0.13,0.20,0.09,-139.00,43.25,203.06,3.81,3.69,-0.31,4,3
1772051561.689604,238766,0.12,0.21,-0.13,-96.25,-77.75,60.56,-1.62,-0.50,1.87,0.00,0.09,0.10,-139.00,43.44,202.50,1.87,1.37,-0.69,4,3
1772051561.880607,238957,0.00,0.12,-0.02,-94.50,-77.87,60.25,-1.75,-0.81,-1.62,-0.06,0.05,0.01,-139.12,43.38,202.19,1.00,-0.69,-0.25,4,3
1772051562.071186,239147,-0.11,0.02,0.02,-94.87,-78.06,60.75,3.94,1.19,-0.88,-0.06,0.09,0.02,-139.25,43.31,202.31,-0.25,-0.06,1.00,4,3
1772051562.260602,239337,0.09,-0.08,-0.05,-98.19,-77.87,61.13,3.25,3.87,2.12,-0.02,0.09,0.08,-139.31,43.31,202.31,0.44,-1.31,0.31,4,3
1772051562.452227,239529,0.00,-0.12,-0.01,-98.94,-77.87,61.19,0.25,-0.37,-0.25,-0.06,0.05,0.00,-139.37,43.31,202.37,0.06,-0.37,0.31,4,3
1772051562.642991,239719,0.01,-0.08,-0.06,-98.12,-77.81,61.13,-1.44,-1.75,0.25,-0.07,0.06,0.00,-139.37,43.31,202.37,0.06,-0.25,0.44,4,3
1772051562.833897,239910,0.02,-0.02,-0.03,-96.00,-77.87,60.88,-1.37,-1.25,0.00,-0.04,0.07,0.07,-139.31,43.31,202.44,-0.25,0.56,0.50,4,2
1772051563.024642,240101,-0.09,0.15,0.00,-92.62,-78.00,60.25,-5.37,-2.81,-1.19,-0.02,0.00,0.05,-139.31,43.31,202.37,0.50,0.31,-1.19,5,2
1772051563.214937,240291,0.08,0.01,0.00,-92.62,-78.06,60.31,-0.13,-0.25,0.44,-0.13,0.05,0.04,-139.25,43.25,202.50,-0.13,-0.37,0.25,3,1
1772051563.406115,240482,-0.03,-0.09,-0.01,-93.56,-78.06,60.56,2.37,2.62,-0.44,-0.01,0.01,0.06,-139.19,43.25,202.50,-0.13,-0.31,0.69,3,1
1772051563.596458,240673,-0.04,0.08,-0.05,-96.94,-77.75,60.50,5.25,3.25,1.56,0.02,0.05,0.05,-139.19,43.25,202.56,-0.44,0.25,0.31,4,1
1772051563.787132,240864,-0.08,0.00,-0.07,-97.87,-77.62,60.63,-1.00,-1.31,-0.25,0.00,0.04,0.03,-139.25,43.25,202.56,0.19,0.31,0.31,4,1
1772051563.978157,241054,0.00,-0.04,-0.02,-97.37,-77.75,60.69,-0.81,-1.06,-0.69,-0.05,0.05,0.02,-139.25,43.25,202.56,0.37,0.50,-0.44,4,1
1772051564.168516,241245,0.00,0.02,-0.06,-96.37,-77.81,60.50,-1.31,-1.12,-1.00,-0.04,0.02,0.07,-139.31,43.25,202.56,0.00,-0.31,0.13,4,1
1772051564.359368,241436,-0.06,-0.04,0.02,-95.81,-78.00,60.75,0.75,-0.62,0.13,-0.03,0.03,0.04,-139.31,43.25,202.56,0.13,-0.50,0.13,4,1
1772051564.549903,241626,-0.02,-0.07,-0.02,-97.06,-78.06,60.94,2.12,2.25,-0.69,0.02,0.05,0.12,-139.25,43.31,202.50,0.25,0.06,0.31,4,2
1772051564.740626,241817,0.06,0.13,-0.08,-98.81,-77.81,60.63,0.06,0.13,-1.00,-0.02,0.03,0.05,-139.44,43.19,202.62,-0.81,0.00,0.44,5,2
1772051564.931299,242008,-0.03,0.11,0.01,-98.19,-78.00,60.88,-2.62,0.37,-0.62,-0.07,0.01,0.02,-139.44,43.19,202.56,0.06,0.44,0.50,4,1
1772051565.122075,242198,-0.01,0.00,-0.03,-98.31,-78.00,61.00,0.00,-0.25,0.13,-0.03,0.02,0.05,-139.50,43.19,202.56,-0.13,0.06,0.56,4,2
1772051565.312984,242389,0.04,0.02,-0.05,-97.81,-78.00,60.94,-0.13,-1.19,-0.06,-0.04,0.03,0.05,-139.50,43.19,202.56,0.06,0.19,0.31,4,1
1772051565.503645,242580,-0.01,-0.01,-0.03,-96.75,-78.06,61.06,0.75,-2.06,-0.69,-0.04,0.03,0.08,-139.50,43.19,202.56,0.50,0.44,0.69,3,1
1772051565.694024,242771,0.00,0.11,-0.03,-95.06,-78.06,60.94,-0.56,-2.06,0.06,0.00,0.00,0.03,-139.50,43.25,202.56,0.00,-0.19,0.06,2,1
1772051565.885052,242961,-0.01,0.01,-0.09,-93.31,-78.31,61.13,-0.31,-2.87,-1.06,-0.04,0.02,0.05,-139.50,43.25,202.62,-1.56,-0.06,-0.69,3,1
1772051566.075827,243152,-0.02,0.00,-0.04,-91.00,-78.44,61.06,-1.37,-1.25,-0.44,-0.09,0.05,0.03,-139.19,43.13,203.00,-0.88,-0.25,-0.88,3,1
1772051566.266357,243343,-0.02,0.10,-0.03,-90.19,-78.37,60.88,0.19,0.31,0.06,-0.10,0.10,0.11,-139.12,43.06,203.12,-0.13,-0.44,0.19,3,1
1772051566.456925,243533,-0.07,0.15,-0.06,-90.94,-78.37,61.06,2.50,2.06,-0.13,-0.04,0.02,0.06,-139.31,43.00,203.25,0.81,-1.31,0.75,4,1
1772051566.647541,243724,0.04,-0.01,-0.11,-93.94,-78.50,62.06,9.25,1.31,-0.13,-0.06,0.03,0.01,-139.44,42.81,203.44,0.50,0.25,0.00,3,1
1772051566.838200,243915,-0.03,-0.03,-0.03,-94.69,-78.69,63.06,-1.75,-0.37,-0.25,-0.01,0.03,0.02,-139.50,42.81,203.37,0.50,0.31,0.50,3,1
1772051567.029035,244105,-0.07,-0.06,-0.03,-94.56,-78.56,62.88,-0.50,0.31,0.69,-0.02,0.12,0.11,-139.37,42.88,203.37,1.00,0.81,-0.56,3,1
1772051567.219421,244296,0.10,0.05,-0.14,-95.56,-78.31,62.38,1.56,2.00,0.50,-0.06,0.10,0.09,-139.50,42.94,203.25,1.25,0.50,0.00,3,1
1772051567.410370,244487,-0.02,0.20,-0.02,-95.06,-78.25,62.31,2.50,-0.88,0.25,-0.12,0.10,0.06,-139.56,42.88,203.37,1.12,0.50,-1.50,3,1
1772051567.600876,244677,-0.06,0.10,-0.05,-95.00,-78.56,62.69,-0.94,1.06,2.37,0.00,0.01,0.00,-139.62,42.94,203.12,0.31,0.19,0.62,3,1
1772051567.791822,244868,0.03,0.05,-0.05,-96.00,-78.44,62.50,-1.12,0.25,1.62,-0.04,0.05,0.00,-139.62,42.94,203.19,-0.44,-0.31,-0.50,3,1
1772051567.982259,245059,-0.02,-0.10,0.01,-95.06,-78.44,62.56,-1.31,-1.44,-0.13,-0.01,0.10,0.05,-139.62,43.00,202.94,0.75,0.31,0.37,3,1
1772051568.173012,245250,0.02,-0.05,-0.09,-94.37,-78.37,62.13,-2.87,-1.87,0.56,0.01,0.00,0.08,-139.62,43.06,202.75,1.37,0.94,-0.50,3,2
1772051568.363546,245440,0.02,0.23,-0.04,-91.31,-78.25,61.00,-6.00,-0.25,2.00,-0.10,0.03,0.15,-139.69,43.13,202.69,0.13,0.81,0.56,2,2
1772051568.554468,245631,-0.07,0.01,0.03,-90.25,-78.25,60.75,0.06,-1.12,-0.94,-0.08,0.02,0.07,-139.62,43.13,202.75,-0.25,0.62,-0.50,3,2
1772051568.744779,245821,0.01,0.18,-0.02,-90.94,-78.50,60.50,-5.56,2.75,0.06,-0.02,0.09,0.04,-139.50,43.13,202.69,0.00,0.56,-0.81,3,2
1772051568.934379,246011,0.00,0.11,-0.02,-92.12,-78.12,60.19,1.00,1.12,0.94,-0.07,0.08,0.02,-139.62,43.25,202.37,0.06,-1.50,1.69,3,2
1772051569.125738,246202,-0.01,0.20,-0.06,-94.62,-78.12,60.75,9.69,3.56,-0.94,-0.07,0.08,0.03,-139.81,43.13,202.44,0.25,0.25,0.00,3,3
1772051569.317107,246393,-0.03,-0.17,-0.08,-96.69,-78.31,62.75,-0.81,-2.19,-1.69,0.02,0.03,0.07,-139.94,43.19,202.31,0.69,-0.44,-0.06,3,3
1772051569.507609,246584,-0.10,-0.04,0.01,-94.75,-78.37,62.69,-1.19,-2.94,0.94,-0.06,0.12,0.03,-139.81,43.25,202.25,1.06,1.06,-0.81,3,2
1772051569.698430,246775,-0.05,0.01,-0.02,-92.19,-78.25,62.13,-1.62,-3.12,-0.13,-0.03,0.09,0.09,-139.69,43.25,202.31,0.19,0.94,-1.00,3,3
1772051569.887982,246964,-0.11,0.11,0.03,-88.94,-78.50,61.31,-7.94,-1.62,-2.12,-0.06,0.06,0.00,-139.56,43.19,202.12,2.37,1.50,-1.75,3,2
1772051570.079159,247156,-0.08,0.11,0.07,-88.19,-78.50,60.75,-1.94,-0.13,2.44,-0.02,0.21,0.12,-139.37,43.25,202.00,0.75,0.69,0.00,3,2
1772051570.270197,247347,0.05,0.12,-0.04,-90.50,-78.12,60.25,1.37,2.69,-0.31,-0.09,0.10,0.07,-139.50,43.13,202.25,1.25,-1.62,1.19,3,2
1772051570.460900,247538,0.07,0.19,0.00,-94.12,-78.06,61.44,14.75,1.00,2.87,0.00,0.02,-0.01,-140.00,43.19,202.25,-2.87,-3.75,3.37,3,1
1772051570.650572,247727,0.00,-0.28,0.03,-94.75,-78.31,63.25,-0.06,-1.56,-4.69,0.00,-0.01,-0.01,-140.31,43.13,202.25,2.37,0.81,0.56,3,1
1772051570.839732,247916,0.14,-0.03,-0.13,-95.00,-78.62,63.38,1.25,0.56,-0.75,0.01,0.06,0.05,-140.31,43.19,202.25,-0.06,1.37,-0.75,2,1
1772051571.032170,248109,0.00,0.02,-0.03,-93.12,-78.69,63.13,-3.94,-3.12,1.50,-0.13,0.07,0.04,-140.00,43.19,202.06,0.00,1.62,-1.69,2,1
1772051571.223294,248300,0.06,0.15,0.02,-90.06,-78.37,62.25,-3.37,-1.37,3.87,-0.01,0.09,0.11,-139.69,43.25,202.12,-1.19,0.13,0.88,2,1
1772051571.414561,248491,0.08,0.02,-0.03,-88.69,-78.06,61.69,-1.31,-2.06,-0.81,-0.09,0.03,0.01,-139.56,43.19,202.37,0.31,-0.25,-1.44,2,1
1772051571.603917,248680,-0.02,0.04,-0.02,-85.37,-78.44,61.06,-9.13,-1.37,-1.69,-0.05,0.00,0.04,-139.62,43.00,202.37,1.19,0.06,-1.31,2,1
1772051571.794505,248871,-0.05,0.03,0.11,-83.81,-78.62,60.31,-0.75,0.31,1.37,-0.07,0.07,0.06,-139.62,42.94,201.94,0.44,0.69,0.37,3,1
1772051571.985807,249063,0.08,0.44,0.03,-86.94,-78.00,59.94,10.44,4.87,5.12,-0.02,0.09,0.14,-139.81,43.13,201.81,-1.62,-2.00,2.62,3,1
1772051572.177020,249254,0.08,0.09,-0.13,-90.37,-77.81,61.06,1.31,0.06,-4.94,-0.04,0.07,0.03,-140.31,43.06,201.94,1.44,-0.37,0.44,3,1
1772051572.367992,249444,-0.11,-0.17,0.00,-88.81,-78.75,62.81,4.50,-1.87,-4.37,-0.11,0.06,0.07,-140.19,43.06,202.06,-1.62,0.56,-2.00,3,1
1772051572.557339,249634,0.01,-0.24,-0.03,-88.62,-79.12,63.31,-4.00,-1.37,2.25,-0.07,0.05,0.02,-139.81,43.06,202.00,0.50,2.12,-1.00,3,1
1772051572.746711,249823,-0.07,0.31,-0.05,-85.19,-78.56,60.81,-15.56,3.37,2.06,0.00,0.10,0.10,-139.50,43.25,201.87,-3.19,-0.75,-0.13,3,1
1772051572.939136,250016,0.11,-0.04,0.01,-86.75,-78.19,59.19,2.44,-0.06,-1.00,-0.12,0.13,0.04,-139.19,43.19,202.12,-0.25,0.25,-0.69,3,1
1772051573.130027,250207,-0.05,0.03,0.04,-86.37,-78.19,59.50,0.88,1.06,-0.44,-0.03,0.01,0.01,-139.25,43.19,202.12,-0.75,-1.12,1.00,3,1
1772051573.321015,250398,-0.04,0.01,-0.01,-88.00,-78.25,59.81,2.69,1.00,-1.06,-0.11,0.07,0.02,-139.44,43.19,202.19,1.25,-1.00,0.69,4,1
1772051573.510743,250587,-0.07,-0.03,0.07,-88.62,-78.56,60.75,4.44,-0.75,-1.06,-0.03,0.05,0.05,-139.81,43.19,201.87,0.56,-0.19,1.37,4,1
1772051573.699764,250777,0.13,-0.08,-0.08,-92.31,-78.19,62.13,12.63,1.87,0.94,-0.11,0.10,0.03,-140.06,43.25,201.87,1.75,0.69,0.19,4,1
1772051573.892302,250969,0.00,-0.01,-0.04,-92.44,-78.56,63.06,-3.37,0.25,-0.50,-0.05,0.01,0.01,-140.31,43.25,201.62,-0.25,0.25,0.06,4,1
1772051574.083684,251160,-0.08,-0.06,-0.06,-91.31,-78.50,62.69,-2.50,-2.94,1.37,-0.11,0.07,0.00,-140.19,43.31,201.62,-0.88,-0.25,0.37,4,2
1772051574.274352,251351,-0.07,0.04,0.06,-86.19,-78.37,61.44,-12.88,-4.00,-2.81,0.00,0.01,0.01,-139.87,43.13,202.25,1.19,0.50,-2.37,5,2
1772051574.463735,251541,0.00,-0.03,0.04,-84.25,-78.69,60.63,1.00,0.75,0.25,-0.10,0.08,0.00,-139.75,43.06,202.06,0.19,1.56,-0.25,5,2
1772051574.654596,251731,0.03,0.14,0.01,-85.06,-78.31,60.19,-0.50,1.87,3.19,-0.04,0.06,0.10,-139.62,43.19,202.00,-0.06,0.25,1.00,5,2
1772051574.846024,251923,0.05,0.19,-0.04,-89.19,-77.75,60.19,12.94,4.31,0.88,-0.12,0.15,0.07,-139.81,43.06,202.31,1.19,0.25,0.50,6,2
1772051575.037667,252114,-0.09,-0.12,-0.05,-89.62,-78.00,62.00,-2.87,-2.94,-1.75,-0.03,-0.01,-0.05,-140.00,43.06,202.12,-0.06,-1.06,0.31,6,2
1772051575.228051,252304,-0.01,-0.10,-0.03,-88.62,-78.25,62.19,0.13,-1.06,-0.37,-0.09,0.07,0.02,-139.87,43.00,202.37,-0.75,0.69,-1.00,5,2
1772051575.417442,252494,-0.05,-0.02,0.03,-86.75,-78.19,61.88,-3.00,-1.62,0.75,-0.04,0.11,0.09,-139.56,43.06,202.44,0.37,1.94,-0.94,5,2
1772051575.607852,252685,0.03,0.18,-0.04,-86.94,-77.75,61.19,0.25,1.62,1.44,-0.07,0.11,0.11,-139.37,43.13,202.50,-0.62,0.06,0.13,5,2
1772051575.799578,252876,-0.11,0.08,0.00,-87.19,-77.75,61.19,-0.81,-0.44,0.00,-0.01,0.00,0.00,-139.44,43.06,202.56,0.00,-1.06,0.62,5,2
1772051575.990393,253067,0.02,-0.11,-0.05,-87.94,-77.94,61.63,1.25,0.25,-0.94,-0.13,0.11,0.02,-139.50,43.06,202.62,0.50,0.50,0.44,4,1
1772051576.181376,253258,-0.05,0.09,0.00,-87.25,-77.94,61.44,-1.87,0.56,0.37,-0.06,0.02,0.05,-139.62,43.06,202.37,-0.13,-0.19,0.25,3,1
1772051576.372201,253449,0.04,-0.02,-0.16,-87.56,-77.87,61.31,-2.06,-1.06,1.19,-0.02,0.06,0.05,-139.56,43.06,202.56,0.06,0.31,-0.94,2,1
1772051576.561686,253638,-0.12,0.03,0.07,-83.50,-77.94,60.50,-10.44,-1.31,-2.12,-0.06,0.08,0.04,-139.50,43.06,202.50,1.31,-0.25,-0.50,3,1
1772051576.752816,253830,-0.01,0.09,0.01,-83.12,-77.94,59.75,2.75,1.50,1.25,-0.03,0.07,0.08,-139.56,43.13,202.37,-0.81,-0.69,1.44,2,1
1772051576.943924,254021,-0.02,0.07,-0.01,-84.69,-78.12,60.13,1.62,1.19,-1.69,-0.07,0.02,0.00,-139.81,43.06,202.37,0.50,-0.25,0.06,2,1
1772051577.134911,254212,-0.02,-0.01,-0.03,-86.50,-78.56,60.88,2.12,1.12,0.00,-0.03,0.03,0.02,-139.75,43.13,202.50,-1.69,-0.69,0.69,3,1
1772051577.325431,254402,0.04,0.00,-0.02,-87.44,-78.50,60.94,-0.56,0.44,1.37,-0.07,0.01,-0.02,-139.75,43.13,202.50,0.06,-0.13,0.13,2,1
1772051577.515973,254593,0.03,-0.10,-0.06,-87.94,-78.56,61.06,0.94,1.00,-1.00,-0.10,0.11,0.09,-139.75,43.13,202.50,0.56,0.88,0.50,2,1
1772051577.707148,254784,0.02,0.03,-0.05,-88.00,-78.56,60.88,-1.87,0.13,0.44,-0.01,0.02,0.03,-139.81,43.19,202.19,-0.31,-0.06,0.19,3,1
1772051577.898219,254975,-0.04,0.04,-0.09,-88.50,-78.56,60.94,1.50,-0.19,0.31,-0.11,0.09,0.07,-139.75,43.19,202.31,0.25,0.56,-0.94,3,1
1772051578.089035,255166,-0.06,0.17,0.09,-89.00,-78.44,61.00,1.62,1.06,2.62,-0.04,0.04,0.01,-139.94,43.25,201.69,0.37,-0.44,1.69,3,1
1772051578.278795,255355,0.09,-0.12,-0.19,-92.44,-77.81,61.88,5.12,0.44,-1.19,-0.14,0.15,0.13,-140.12,43.25,202.19,0.13,-1.69,-0.25,3,1
1772051578.469533,255546,-0.13,-0.19,0.04,-90.31,-78.44,62.63,-0.44,-2.94,-3.25,-0.06,0.01,0.02,-140.25,43.06,202.06,0.75,0.37,-0.94,3,1
1772051578.660366,255737,-0.08,0.21,-0.03,-88.87,-78.44,62.25,-3.19,-1.31,2.12,-0.10,0.10,0.04,-140.12,43.13,202.12,-1.37,-0.50,0.31,3,1
1772051578.851225,255928,-0.06,-0.06,0.01,-88.25,-78.31,62.25,-0.50,0.75,-2.25,-0.11,0.06,0.00,-140.12,43.06,202.31,1.50,0.31,-0.25,2,1
1772051579.041887,256119,-0.08,0.05,-0.07,-88.44,-78.44,62.31,-0.62,1.06,0.37,-0.05,0.10,0.08,-140.25,43.19,202.00,-0.25,0.56,-0.44,2,1
1772051579.231330,256308,0.04,0.00,-0.07,-88.87,-78.37,62.13,-1.37,-0.75,0.88,-0.11,0.13,0.08,-140.19,43.25,202.00,-1.25,0.50,0.19,2,1
1772051579.422453,256499,-0.10,-0.08,0.05,-85.12,-78.31,61.75,-3.87,-5.56,-0.56,-0.10,0.07,0.09,-139.94,43.25,202.00,1.00,0.69,-0.75,2,1
1772051579.613135,256690,0.12,0.12,0.03,-81.87,-78.31,60.56,-8.19,0.75,0.37,-0.07,0.08,0.03,-139.94,43.19,202.00,0.31,0.19,0.06,1,1
1772051579.804172,256881,-0.03,0.00,0.01,-81.37,-78.31,60.19,-0.19,0.06,-1.75,-0.04,0.04,0.02,-140.06,43.19,201.87,0.81,-0.81,0.44,2,1
1772051579.994898,257072,-0.02,-0.07,-0.11,-82.75,-78.56,60.63,2.44,1.56,-0.37,-0.05,0.10,0.05,-139.94,43.19,202.06,0.00,0.44,-0.13,2,1
1772051580.185493,257263,0.03,0.02,0.02,-84.00,-78.56,60.81,1.06,-0.50,0.25,-0.12,0.12,0.08,-139.87,43.13,202.25,1.12,0.75,-0.75,2,1
1772051580.375055,257452,-0.09,0.24,0.04,-83.87,-78.50,60.75,-1.69,2.25,0.56,0.01,0.03,0.05,-140.19,43.13,201.87,-1.69,-2.44,2.37,2,1
1772051580.566699,257643,0.05,-0.08,-0.06,-87.31,-78.50,61.25,5.19,1.94,-2.81,-0.10,0.03,-0.01,-140.25,43.00,202.37,0.19,-1.44,-0.19,2,0
1772051580.757502,257834,0.00,-0.28,-0.13,-89.94,-78.87,63.00,8.38,-1.81,-1.50,-0.02,0.09,0.01,-140.31,42.94,202.50,-0.13,0.75,0.19,2,1
1772051580.947979,258025,0.00,0.12,-0.05,-88.69,-78.94,63.00,-3.50,1.37,1.69,-0.12,0.11,0.00,-140.25,42.94,202.31,-0.19,0.75,-0.56,3,1
1772051581.138787,258216,-0.01,0.01,-0.07,-88.06,-78.75,62.69,-1.44,-0.81,0.94,-0.06,0.06,0.08,-140.06,43.00,202.44,0.13,0.31,-0.75,3,1
1772051581.329597,258406,-0.06,0.02,0.02,-85.94,-78.56,62.25,-0.69,-1.75,0.44,-0.07,0.11,0.09,-140.00,42.94,202.56,-0.37,0.13,-0.56,3,1
1772051581.520430,258597,0.00,0.07,-0.01,-83.50,-78.37,61.75,-4.25,-3.00,1.12,-0.11,0.12,0.05,-139.94,42.94,202.62,-0.88,-0.44,-0.31,4,1
1772051581.711010,258788,-0.10,-0.04,0.08,-79.31,-78.31,61.06,-6.31,-2.37,-1.62,-0.02,0.12,0.07,-139.94,42.94,202.62,-0.50,-0.31,0.06,4,2
1772051581.901323,258978,0.00,0.09,0.00,-79.56,-78.37,60.56,2.31,1.06,-0.50,-0.02,0.06,0.01,-139.87,42.94,202.75,1.12,0.19,0.00,4,2
1772051582.090883,259168,-0.05,0.07,0.01,-81.75,-78.50,61.06,4.69,2.50,1.12,-0.02,0.08,0.05,-140.12,43.00,202.75,-3.69,-3.56,4.00,5,3
1772051582.280240,259357,0.11,-0.19,-0.09,-86.75,-78.12,62.56,16.62,-0.69,1.62,-0.07,0.06,0.00,-140.25,43.00,202.81,1.50,-0.56,-0.37,5,3
1772051582.472615,259549,-0.09,-0.15,-0.03,-86.31,-78.69,63.88,0.81,-1.75,1.75,0.00,0.06,0.01,-140.44,43.06,202.56,-0.81,-0.31,0.44,5,3
1772051582.663607,259740,-0.01,-0.01,-0.02,-85.69,-78.56,63.44,-0.88,-0.94,0.13,-0.04,0.14,0.07,-140.31,43.06,202.62,0.31,0.50,-0.44,4,3
1772051582.854689,259931,0.05,-0.05,-0.08,-84.81,-78.50,63.06,-3.87,-1.25,0.69,-0.03,0.12,0.09,-140.25,43.00,202.62,0.69,0.56,-1.25,4,3
1772051583.045262,260122,-0.04,0.25,0.03,-82.44,-78.56,61.44,-7.00,1.37,-0.69,-0.09,0.12,0.08,-140.25,42.88,202.69,0.56,0.56,-0.69,4,3
1772051583.234723,260312,-0.03,0.10,0.05,-83.06,-78.50,61.19,-0.19,1.12,2.19,0.00,0.07,0.12,-140.25,42.94,202.50,-0.44,-0.44,1.94,4,3
1772051583.426252,260503,0.22,-0.15,-0.13,-87.50,-77.81,61.56,15.94,1.31,1.06,-0.08,0.10,0.04,-140.19,42.94,202.75,-0.56,-0.62,1.19,4,3
1772051583.617181,260694,-0.08,0.12,0.00,-86.56,-78.19,62.50,-1.19,-2.44,-1.44,-0.11,0.10,-0.01,-140.31,42.81,202.87,0.00,0.81,-0.69,3,3
1772051583.807825,260885,0.09,-0.09,-0.07,-85.50,-78.44,62.69,-2.69,-1.75,-0.06,-0.09,0.10,0.07,-140.12,42.81,202.87,0.37,1.62,-0.13,4,3
1772051583.998420,261075,-0.09,0.14,0.06,-82.94,-78.31,62.13,-1.19,0.50,0.88,-0.06,0.12,0.08,-139.94,42.94,202.75,0.00,0.06,-0.19,3,2
1772051584.188924,261266,0.00,0.11,0.03,-85.00,-78.37,62.19,2.44,2.19,-0.94,-0.09,0.06,0.06,-139.87,42.88,203.06,0.00,-0.37,0.81,2,1
1772051584.380016,261457,0.08,-0.17,-0.09,-87.62,-78.37,62.94,1.75,0.13,-1.00,-0.09,0.05,0.04,-140.00,42.88,203.06,0.81,-0.13,1.19,2,1
1772051584.570836,261647,-0.16,0.06,-0.01,-85.81,-78.56,62.94,-1.69,-1.94,-0.19,-0.09,0.03,0.03,-140.12,42.94,202.87,-0.94,-0.94,0.37,3,1
1772051584.761142,261838,0.00,-0.10,-0.06,-84.19,-78.50,62.75,-4.31,-4.69,0.81,-0.03,0.04,0.03,-140.00,42.94,203.06,-0.37,0.06,-0.75,3,1
1772051584.951502,262029,-0.04,0.19,0.08,-81.19,-78.44,62.13,0.13,1.12,0.94,-0.07,0.16,0.12,-140.00,42.94,203.00,0.31,0.62,0.00,2,1
1772051585.142543,262219,-0.07,0.14,0.00,-82.06,-78.44,62.06,-1.62,1.75,0.50,-0.01,-0.02,-0.03,-140.12,43.00,202.69,0.94,0.56,0.13,2,1
1772051585.333349,262410,0.01,-0.02,-0.05,-83.75,-78.69,62.38,0.69,0.50,-0.62,-0.05,0.08,0.09,-140.06,42.94,202.87,-1.31,-0.69,0.62,2,1
1772051585.523688,262601,-0.07,0.06,0.03,-83.94,-78.62,62.56,0.50,0.13,-0.06,-0.02,0.00,0.00,-140.06,42.94,202.94,-0.25,-1.62,1.25,2,1
1772051585.714621,262791,-0.03,-0.06,-0.09,-85.12,-78.81,63.00,3.19,0.69,-2.06,-0.08,0.09,0.01,-140.19,42.81,203.06,1.62,0.88,-0.50,2,1
1772051585.904935,262982,0.05,0.00,-0.16,-85.87,-78.62,63.31,3.37,0.31,3.19,-0.02,0.08,0.11,-140.19,42.81,203.12,-1.00,0.50,0.25,2,1
1772051586.095822,263173,0.00,0.20,-0.04,-83.94,-78.44,62.94,-4.37,-2.44,1.81,-0.04,0.06,0.02,-140.19,42.81,203.12,0.44,-0.06,-1.12,2,1
1772051586.286636,263363,-0.08,0.01,0.04,-80.31,-78.44,62.50,-6.87,-2.81,-1.06,-0.06,0.08,0.05,-140.00,42.75,203.31,0.37,0.56,-0.94,2,2
1772051586.477134,263554,-0.04,-0.03,0.00,-80.00,-78.56,61.88,-1.25,2.25,0.69,-0.04,0.06,0.06,-139.81,42.81,203.06,0.31,1.69,-0.88,2,2
1772051586.667482,263745,0.09,0.35,-0.07,-84.44,-78.06,61.69,14.56,4.12,7.06,-0.10,0.12,0.01,-139.75,42.94,203.06,-0.13,0.37,0.88,2,2
1772051586.857544,263934,-0.03,0.10,-0.01,-86.12,-77.94,62.69,-3.31,-2.31,-2.19,-0.09,0.04,-0.01,-140.00,42.88,203.00,0.69,-2.12,0.25,2,2
1772051587.048720,264126,0.02,-0.19,-0.07,-84.62,-78.31,63.19,-0.62,-2.00,-1.62,-0.09,0.07,0.01,-140.06,42.88,203.00,-0.19,0.06,0.62,3,2
1772051587.239933,264317,-0.16,0.09,0.07,-80.56,-78.56,62.31,-9.31,-1.12,-1.44,-0.03,0.04,0.02,-140.12,42.88,202.94,-0.37,-0.44,-0.06,3,2
1772051587.430180,264507,0.05,0.06,0.01,-80.56,-78.62,61.38,0.62,0.88,-0.25,-0.14,0.12,0.09,-140.12,42.88,202.69,1.75,1.44,-0.56,3,2
1772051587.621117,264698,-0.15,0.15,0.01,-81.19,-78.31,61.06,1.94,0.88,2.37,-0.01,0.15,0.13,-140.31,43.06,202.37,-0.31,-0.88,1.37,2,2
1772051587.810748,264888,0.10,-0.09,-0.11,-85.06,-77.69,61.88,11.19,-1.75,1.75,-0.13,0.17,0.10,-140.62,43.00,202.56,-0.13,-1.75,0.75,2,2
1772051588.002032,265079,-0.04,-0.15,0.02,-83.75,-78.31,62.88,-0.81,-1.56,-1.62,-0.02,0.09,0.00,-140.81,42.94,202.37,1.25,1.19,0.00,3,2
1772051588.193191,265270,0.08,0.09,-0.09,-83.75,-78.25,62.69,0.37,-0.19,-0.50,-0.13,0.17,0.12,-140.50,42.94,203.00,-0.31,1.31,-1.37,2,1
1772051588.383867,265461,-0.09,-0.17,0.01,-81.25,-78.50,62.69,-6.75,-0.69,-1.25,-0.12,0.11,0.03,-140.12,42.88,203.00,0.69,1.37,-0.69,2,1
1772051588.574364,265651,0.02,0.14,0.00,-80.37,-78.56,61.38,-4.31,2.81,1.87,-0.03,0.09,0.05,-139.94,42.94,203.12,-0.37,0.44,-0.13,2,1
1772051588.763592,265841,0.02,0.04,0.01,-81.44,-78.44,61.06,0.62,0.62,-0.94,-0.08,0.06,0.02,-139.94,42.94,203.00,1.37,0.13,-0.44,3,1
1772051588.953690,266031,-0.04,0.03,0.00,-81.87,-78.50,61.38,2.31,0.62,1.37,-0.01,0.07,0.10,-140.00,42.94,203.00,-1.25,-1.50,1.44,3,1
1772051589.146091,266223,0.04,-0.07,-0.06,-84.00,-78.37,61.94,8.38,-2.12,-0.56,-0.08,0.06,0.01,-140.06,42.81,203.31,0.62,-0.69,0.31,2,1
1772051589.336941,266414,-0.04,-0.08,-0.02,-83.00,-78.75,62.81,0.75,-0.44,0.25,-0.04,0.04,0.04,-140.12,42.75,203.37,-0.81,0.19,0.31,3,1
1772051589.527542,266605,0.00,0.06,0.00,-82.56,-78.62,62.56,-1.19,-1.19,0.56,-0.06,0.09,0.05,-140.06,42.75,203.37,-0.19,0.06,-0.37,4,1
1772051589.718118,266795,0.01,0.01,0.02,-81.81,-78.56,62.50,-1.19,0.62,0.06,-0.05,0.15,0.06,-140.00,42.75,203.44,0.25,0.25,-0.25,4,1
1772051589.907636,266985,-0.02,0.03,0.02,-81.75,-78.56,62.44,0.62,-0.19,-0.81,-0.11,0.11,0.10,-140.06,42.81,203.37,1.25,0.56,0.88,5,1
1772051590.099659,267177,0.00,0.00,-0.05,-82.31,-78.56,62.50,0.25,1.87,-1.00,-0.03,0.06,0.05,-140.31,42.94,203.00,-1.00,-0.88,0.81,5,1
1772051590.290366,267367,0.01,-0.05,-0.11,-82.56,-78.69,62.69,0.13,-1.50,0.44,-0.10,0.05,0.04,-140.12,42.94,203.31,-0.50,0.56,-0.94,5,1
1772051590.481089,267558,0.01,-0.03,0.04,-79.94,-78.62,62.38,-3.25,-1.62,0.13,-0.06,0.15,0.06,-140.12,42.94,203.19,0.62,0.56,-0.94,5,1
1772051590.671523,267749,-0.07,0.18,0.04,-78.31,-78.44,61.69,-2.06,-0.56,1.37,-0.01,0.06,0.06,-140.06,42.94,203.12,0.19,0.37,0.06,4,1
1772051590.861533,267938,-0.04,-0.08,0.00,-78.44,-78.50,61.69,-3.69,-1.19,-2.62,-0.05,0.08,0.08,-140.12,42.88,203.25,1.44,-0.31,-0.69,4,1
1772051591.052451,268130,-0.02,0.07,0.01,-78.06,-78.75,61.50,3.12,1.37,0.25,-0.03,0.09,0.06,-140.31,42.88,203.00,0.00,0.00,1.06,4,1
1772051591.243340,268321,0.06,0.02,-0.10,-81.19,-78.31,62.44,15.81,1.37,3.50,-0.06,0.07,0.06,-140.44,42.88,203.06,-0.13,-0.37,0.75,3,1
1772051591.434668,268511,-0.11,-0.12,-0.05,-82.50,-78.62,63.94,-0.69,-0.81,-2.19,0.01,-0.04,-0.01,-140.69,42.88,202.62,0.06,-1.00,1.12,3,1
1772051591.623818,268701,0.08,-0.18,0.00,-82.44,-78.69,63.94,0.25,-2.00,-1.31,-0.03,0.05,0.02,-140.56,42.94,202.44,0.62,1.62,-0.06,3,2
1772051591.814361,268891,-0.08,0.15,-0.05,-80.56,-78.44,63.50,-0.69,1.69,-0.69,-0.13,0.21,0.08,-140.44,42.88,202.62,0.06,0.62,-1.87,2,1
1772051592.006354,269083,0.01,0.06,0.01,-79.12,-78.44,63.19,-6.12,0.50,-0.19,-0.09,0.10,0.07,-140.25,42.88,203.12,-1.19,-0.56,-0.75,2,1
1772051592.197363,269274,-0.08,-0.10,0.01,-77.50,-78.62,62.94,-2.12,-2.00,-0.19,-0.07,-0.01,0.03,-140.12,42.81,203.06,1.12,0.50,-0.06,2,1
1772051592.387521,269465,0.06,0.02,-0.03,-76.37,-78.75,61.94,-7.31,-1.75,1.75,0.00,0.06,0.09,-140.00,42.81,203.12,-0.75,0.19,0.44,3,1
1772051592.578381,269655,0.04,0.19,0.03,-75.19,-78.44,60.75,-2.44,0.44,0.06,-0.07,0.09,0.03,-139.87,42.75,203.50,-0.31,-1.25,-0.06,3,1
1772051592.768867,269846,-0.07,-0.07,0.03,-75.25,-78.69,61.25,1.44,0.69,-1.12,-0.01,0.05,0.04,-139.87,42.75,203.62,0.19,-0.19,0.44,3,1
1772051592.959756,270037,0.00,0.03,-0.04,-77.19,-78.81,61.19,-1.56,2.37,0.56,-0.06,0.04,0.05,-139.94,42.75,203.56,0.13,-0.44,0.69,3,1
1772051593.150653,270228,-0.07,-0.02,-0.02,-79.06,-78.81,60.75,-1.62,1.62,-0.13,-0.01,0.06,0.02,-140.00,42.81,203.62,0.13,0.00,0.19,3,2
1772051593.341142,270418,0.00,0.02,0.00,-79.87,-78.81,60.75,-0.06,1.06,0.00,-0.02,0.05,0.05,-139.94,42.81,203.62,-0.13,-0.13,-0.56,3,2
1772051593.531790,270609,0.18,-0.05,-0.11,-83.19,-78.25,61.44,20.87,0.31,4.81,-0.04,0.08,0.15,-139.94,42.81,203.56,-0.62,-0.37,0.94,4,2
1772051593.721153,270798,-0.11,0.00,0.01,-82.62,-78.31,62.69,0.44,-0.37,-1.06,0.00,0.02,0.04,-140.06,42.75,203.62,-1.19,-1.87,0.94,4,2
1772051593.913328,270990,-0.09,-0.06,0.01,-82.56,-78.44,63.00,-0.06,-0.06,-0.44,-0.09,0.10,0.03,-140.19,42.75,203.50,0.13,-0.44,-0.13,4,2
1772051594.103731,271181,0.01,0.00,-0.09,-83.06,-78.44,62.94,0.06,-0.06,1.37,-0.02,0.08,0.04,-140.06,42.75,203.75,-1.06,0.44,-0.13,4,2
1772051594.294457,271372,-0.05,0.00,0.00,-81.50,-78.25,62.50,-5.81,-2.81,0.37,-0.06,0.08,0.03,-139.94,42.88,203.50,0.56,0.19,0.06,4,1
1772051594.485165,271562,0.04,0.10,0.01,-79.56,-78.31,61.50,-4.00,1.12,-1.06,-0.11,0.11,0.01,-140.00,42.88,203.44,0.81,0.69,-0.19,4,1
1772051594.675762,271753,-0.02,-0.02,0.01,-79.62,-78.31,61.38,-0.25,0.56,-0.25,-0.05,0.08,0.05,-140.12,42.88,203.25,1.19,0.00,0.13,4,1
1772051594.866847,271944,0.04,0.04,-0.12,-79.69,-78.44,61.38,-0.31,-0.31,0.06,0.00,0.05,0.11,-140.12,42.81,203.31,-1.06,-0.25,0.00,4,1
1772051595.057383,272135,0.01,0.11,0.02,-78.44,-78.69,60.50,-5.37,-0.69,-0.56,-0.10,0.03,0.00,-140.12,42.75,203.50,0.88,0.37,-0.25,4,1
1772051595.247957,272325,-0.05,0.05,0.00,-77.31,-78.62,60.63,2.31,1.06,0.06,-0.03,0.09,0.09,-140.12,42.75,203.62,-1.87,-1.06,1.19,3,1
1772051595.437776,272515,-0.03,-0.01,0.01,-78.50,-78.69,61.00,-0.50,-0.37,-1.12,-0.10,0.08,0.04,-140.25,42.75,203.62,1.62,-0.25,0.00,3,1
1772051595.629103,272706,-0.05,-0.06,-0.04,-78.31,-78.87,61.25,0.69,0.69,0.69,-0.01,0.09,0.06,-140.37,42.75,203.37,-0.19,0.31,0.88,2,1
1772051595.820170,272897,0.10,-0.09,-0.04,-80.87,-78.31,61.75,11.13,-1.56,2.06,-0.04,0.08,0.11,-140.56,42.88,203.06,0.44,-1.12,1.44,3,1
1772051596.010911,273088,0.02,-0.04,-0.03,-80.62,-78.56,62.31,0.50,0.69,-0.50,-0.07,0.09,0.04,-140.81,42.81,202.81,0.69,-0.25,-0.19,3,1
1772051596.201334,273279,-0.07,-0.02,0.00,-80.44,-78.75,62.50,0.13,-0.69,1.00,0.02,0.09,0.11,-140.87,42.81,202.81,0.00,0.31,0.06,2,2
1772051596.392320,273469,-0.02,-0.14,-0.03,-80.56,-78.75,62.56,0.00,-2.25,-0.31,-0.03,0.11,0.05,-140.62,42.81,202.94,-0.25,0.50,-1.00,2,2
1772051596.581563,273659,0.00,0.04,0.00,-80.06,-78.56,62.25,-0.19,0.37,1.56,-0.02,0.10,0.14,-140.56,42.88,203.00,-1.81,-0.37,1.00,3,2
1772051596.773636,273851,-0.01,0.05,-0.04,-80.62,-78.50,62.19,1.00,-0.69,-1.56,-0.11,0.12,0.07,-140.50,42.81,203.19,0.81,-0.19,-0.88,3,2
1772051596.964411,274041,-0.01,-0.11,-0.03,-80.00,-78.75,62.63,-0.13,-0.25,-0.06,-0.05,0.09,0.08,-140.50,42.81,203.06,-0.56,0.69,0.13,3,2
1772051597.154951,274232,0.03,0.00,-0.07,-80.12,-78.50,62.25,-0.19,0.13,1.44,-0.06,0.14,0.07,-140.44,42.88,203.12,-1.25,0.00,-0.19,4,3
1772051597.345583,274423,-0.06,0.09,0.04,-79.50,-78.37,61.94,-1.31,0.62,-0.25,-0.05,0.13,0.04,-140.50,42.88,203.00,0.37,-0.31,0.31,3,2
1772051597.536515,274614,-0.01,-0.01,-0.06,-80.62,-78.50,62.25,1.00,1.37,-1.31,-0.07,0.08,0.05,-140.62,42.88,202.94,0.25,-0.69,0.44,3,2
1772051597.727347,274804,-0.06,-0.29,-0.08,-81.50,-78.56,63.00,4.31,-0.75,0.56,-0.03,0.11,0.09,-140.62,42.81,202.94,-0.56,-0.56,0.37,3,2
1772051597.917717,274995,-0.03,0.02,0.00,-81.06,-78.56,62.69,0.62,-1.44,0.13,-0.08,0.14,0.11,-140.62,42.81,202.94,0.06,0.06,-0.06,3,2
1772051598.108533,275186,0.00,0.04,-0.07,-81.00,-78.56,62.56,-0.56,2.12,-0.06,-0.03,0.13,0.08,-140.69,42.88,202.94,-0.06,0.06,0.69,3,1
1772051598.299048,275376,0.04,0.03,-0.11,-81.56,-78.56,62.56,-0.25,-0.62,0.06,-0.05,0.08,0.05,-140.69,42.88,202.87,0.13,0.31,0.50,3,1
1772051598.490099,275567,-0.08,-0.03,-0.01,-80.87,-78.56,62.50,-2.19,0.75,0.31,-0.09,0.12,0.00,-140.75,42.88,202.87,-0.19,-0.44,0.44,3,1
1772051598.680589,275758,0.03,0.00,-0.06,-81.44,-78.56,62.13,-2.50,2.25,1.44,-0.09,0.09,0.07,-140.75,42.94,202.75,-0.37,0.31,1.19,2,1
1772051598.871095,275949,0.01,0.09,-0.13,-82.50,-78.56,62.06,1.31,1.25,-0.31,-0.01,0.07,0.06,-140.81,43.06,202.62,0.31,0.88,0.31,2,1
1772051599.062371,276139,-0.01,0.08,0.10,-81.37,-78.56,62.19,-0.06,-1.25,-0.25,-0.11,0.14,0.05,-140.81,43.06,202.69,-0.81,-0.94,-0.06,2,1
1772051599.252456,276330,0.03,0.00,-0.05,-82.81,-78.62,62.31,0.06,2.19,0.69,-0.01,0.13,0.06,-140.75,43.13,202.75,-1.62,0.31,1.81,2,1
1772051599.442068,276519,0.26,0.60,-0.18,-84.56,-78.19,62.81,14.69,1.00,6.19,-0.38,0.18,0.18,-140.81,42.81,203.81,-0.06,-3.62,2.75,2,2
1772051599.634035,276711,-0.28,-0.56,-0.02,-83.37,-76.75,68.56,35.75,-9.69,6.50,0.01,-0.08,-0.02,-140.87,42.63,204.12,0.37,-1.50,-0.50,3,2
1772051599.824661,276902,-0.13,-0.20,0.01,-82.87,-76.06,71.12,4.69,-8.25,5.62,-0.08,0.21,0.12,-139.75,42.69,206.06,-7.06,3.50,2.37,2,3
1772051600.015599,277093,-0.01,0.29,-0.42,-79.31,-74.56,70.44,2.06,-7.81,-0.75,0.06,-0.06,-0.04,-139.50,42.81,206.56,-0.56,0.06,0.88,2,3
1772051600.204903,277282,-0.01,-0.03,0.13,-71.06,-74.00,71.69,1.75,-14.31,4.00,-0.08,0.13,0.13,-139.00,42.44,208.75,-4.25,-3.87,0.62,2,4
1772051600.394649,277472,-0.01,-0.09,-0.07,-66.69,-73.69,72.12,1.19,-0.94,-1.94,0.01,0.00,0.11,-138.81,42.19,209.69,-0.56,-1.94,0.19,3,6
1772051600.587113,277664,0.01,0.18,-0.07,-64.31,-73.87,72.44,1.31,-4.31,-1.81,-0.02,0.00,0.03,-138.56,41.69,211.12,-5.00,-1.19,-0.50,3,7
1772051600.778040,277855,0.17,0.16,-0.05,-62.50,-73.06,73.19,7.69,-8.50,2.69,-0.02,0.03,0.18,-137.25,41.50,213.87,-7.94,-3.87,3.44,3,7
1772051600.968842,278046,0.02,0.17,-0.03,-60.94,-72.25,74.50,9.75,-5.50,-0.75,-0.01,0.04,0.12,-137.00,41.06,216.37,-5.06,-4.87,1.87,3,9
1772051601.158567,278236,-0.06,-0.21,-0.08,-60.75,-71.56,77.50,19.00,-8.13,2.87,0.04,-0.03,0.21,-136.69,40.75,218.56,-5.25,-6.06,1.69,2,9
1772051601.348092,278425,0.00,0.07,-0.03,-60.00,-71.06,78.50,-1.50,-1.19,-0.88,0.00,0.01,0.16,-136.87,40.19,220.44,-1.25,-4.56,2.87,3,10
1772051601.540376,278618,0.15,0.17,-0.17,-59.06,-71.50,78.87,-0.50,0.88,-7.25,0.05,0.04,0.14,-138.19,39.63,220.75,5.37,-6.25,1.94,2,10
1772051601.731603,278809,-0.04,-0.11,-0.14,-56.25,-72.62,81.06,5.69,-1.75,-5.50,0.08,-0.13,0.00,-139.50,39.25,220.50,0.19,-5.12,1.87,2,10
1772051601.922294,279000,-0.05,-0.24,-0.04,-54.06,-73.19,82.94,5.81,-4.25,-2.94,0.02,-0.02,0.06,-139.75,38.94,221.06,-0.50,0.19,0.13,2,10
1772051602.111772,279189,-0.04,-0.16,-0.05,-52.88,-72.87,83.69,1.00,-1.87,2.00,0.02,-0.01,0.08,-139.56,39.06,220.87,0.19,1.87,-1.81,2,10
1772051602.301649,279379,-0.03,0.06,0.00,-53.19,-72.37,82.75,-4.56,-0.50,4.87,0.04,0.01,0.13,-139.00,39.19,220.69,0.25,3.69,-2.50,1,8
1772051602.493582,279571,0.00,0.18,0.01,-54.31,-71.87,81.25,-5.69,2.50,5.06,0.11,-0.02,0.10,-138.50,39.38,220.44,0.81,3.37,-0.75,2,7
1772051602.684610,279762,0.03,0.10,-0.09,-56.00,-71.62,79.75,-3.56,1.06,2.81,-0.05,0.01,0.06,-138.19,39.69,219.69,0.62,2.44,-1.00,2,9
1772051602.875745,279953,-0.05,0.12,-0.01,-56.44,-71.25,79.06,-1.12,0.44,1.25,-0.14,0.04,0.17,-137.94,39.81,219.69,-0.37,3.06,-0.31,2,7
1772051603.064759,280142,0.05,0.10,-0.12,-57.06,-71.25,78.56,-4.44,3.50,0.50,0.00,-0.08,0.06,-137.87,40.06,219.06,2.75,2.56,0.13,3,9
1772051603.254879,280332,0.19,0.05,0.03,-58.50,-71.12,77.81,-3.94,2.94,6.31,-0.14,-0.01,0.06,-137.81,40.50,218.00,0.69,-0.25,3.31,3,8
1772051603.447102,280524,-0.15,-0.19,-0.07,-57.25,-72.31,76.50,-25.44,18.69,-11.75,0.18,-0.16,0.07,-138.94,41.31,215.56,10.44,4.00,1.75,3,9
1772051603.637877,280715,0.08,0.05,0.00,-64.50,-74.62,73.00,-8.19,23.44,3.31,-0.09,0.05,-0.02,-139.06,41.69,214.00,-2.25,7.62,-1.69,3,11
1772051603.828542,280906,0.27,0.24,-0.25,-75.25,-73.62,70.00,-11.19,12.81,8.06,0.14,0.01,0.11,-138.25,42.69,212.00,2.31,4.50,-1.37,4,11
1772051604.018272,281096,-0.10,0.14,0.13,-77.12,-73.00,67.44,-7.56,-0.31,-0.25,0.01,0.04,0.01,-138.25,43.06,210.87,3.50,3.62,-0.50,4,12
1772051604.208219,281286,0.21,0.00,0.00,-80.50,-73.37,66.12,-8.06,13.31,-0.62,-0.10,0.03,-0.02,-138.56,43.31,209.56,3.19,2.12,-0.13,4,13
1772051604.400434,281478,-0.01,0.05,0.02,-83.06,-73.56,64.87,-7.44,3.87,0.06,-0.05,0.03,0.03,-138.69,43.69,208.37,-1.00,1.50,-0.06,4,12
1772051604.591355,281669,0.09,-0.05,0.00,-84.31,-73.37,63.88,-1.87,-0.44,0.37,-0.11,0.01,-0.03,-138.44,43.88,208.19,0.44,1.12,-0.25,4,11
1772051604.782115,281860,-0.09,0.10,0.12,-82.94,-73.19,63.50,2.37,-0.56,-2.56,-0.11,0.06,0.10,-138.31,43.81,208.50,1.69,0.94,-0.94,4,13
1772051604.971965,282049,-0.01,-0.02,0.06,-83.81,-73.56,64.12,2.75,-0.06,-2.19,-0.03,0.00,-0.04,-138.44,43.69,208.62,-1.12,-1.31,0.75,4,11
1772051605.161859,282239,-0.07,-0.09,0.07,-84.62,-74.00,65.25,4.25,2.00,-4.31,-0.18,0.03,-0.06,-138.69,43.63,208.25,2.62,-0.13,-0.94,4,10
1772051605.354152,282431,-0.04,-0.10,0.06,-84.50,-74.56,66.19,1.87,-5.37,-0.88,-0.01,0.04,0.05,-138.69,43.50,208.56,-0.44,0.69,-0.81,4,9
1772051605.544506,282622,0.13,0.10,0.00,-83.44,-74.44,65.94,-2.37,0.69,1.25,-0.16,0.08,0.00,-138.50,43.38,208.81,0.31,0.00,-0.75,3,8
1772051605.735258,282813,0.00,0.01,0.11,-82.56,-74.44,65.81,-0.50,0.88,0.56,-0.07,-0.01,0.00,-138.56,43.31,208.81,0.50,0.31,0.31,3,9
1772051605.926185,283004,0.12,0.02,-0.09,-83.44,-74.37,65.75,0.62,-0.69,0.06,-0.08,0.03,0.01,-138.50,43.25,208.81,-0.31,0.44,-0.13,3,9
1772051606.115576,283193,0.20,0.45,0.00,-80.44,-74.06,66.94,18.69,-15.69,-0.19,0.16,-0.09,0.11,-138.37,43.31,208.87,0.25,-0.81,-0.75,4,7
1772051606.307738,283385,-0.46,-0.51,0.08,-76.06,-73.75,72.00,19.50,-6.87,-8.00,-0.14,-0.03,-0.04,-138.19,43.06,209.25,3.12,-2.37,-1.69,4,8
1772051606.498115,283576,-0.18,-0.18,0.08,-75.19,-74.69,74.50,5.06,-6.87,-0.56,0.06,-0.04,0.08,-138.12,42.81,210.12,0.44,-0.31,1.37,4,8
1772051606.689085,283766,-0.02,-0.24,-0.07,-76.00,-74.62,74.19,-7.94,5.44,0.75,-0.08,0.00,0.00,-138.50,42.56,210.44,-0.06,-2.25,0.06,4,6
1772051606.879476,283957,0.05,-0.23,0.00,-77.31,-74.75,72.50,-4.37,0.69,3.94,-0.05,0.00,0.05,-138.62,42.50,210.37,-0.13,1.06,0.94,4,6
1772051607.069046,284147,0.00,0.30,0.03,-76.62,-74.56,69.75,-12.38,4.37,1.31,-0.03,-0.03,0.01,-138.81,42.56,210.25,-0.69,-2.75,1.19,4,6
1772051607.260901,284338,0.11,-0.11,-0.03,-80.00,-74.37,68.75,1.00,3.37,0.50,-0.05,0.00,0.07,-138.94,42.50,210.37,-0.88,-2.50,-0.13,4,5
1772051607.451731,284529,-0.08,-0.01,0.07,-80.56,-74.37,68.62,0.94,-2.00,-0.69,0.04,-0.05,0.03,-138.94,42.38,210.56,0.31,0.50,-0.37,3,5
1772051607.642241,284720,0.13,0.04,0.00,-81.37,-74.37,68.25,-2.94,0.00,2.94,-0.10,0.02,0.08,-138.81,42.56,210.37,-0.31,2.50,-0.31,4,4
1772051607.832822,284911,-0.04,0.00,0.04,-80.87,-73.94,67.56,-3.06,1.56,0.94,0.02,0.00,0.04,-138.62,42.81,209.94,0.25,0.06,-0.13,3,3
1772051608.023433,285101,0.09,0.01,0.00,-81.50,-74.00,67.00,0.06,0.94,0.81,-0.11,0.04,0.05,-138.62,42.81,209.81,0.88,1.00,-0.56,3,3
1772051608.214577,285292,-0.03,0.02,0.05,-81.50,-74.00,67.06,1.87,1.00,0.13,-0.06,0.03,0.05,-138.50,42.88,209.62,-0.37,0.50,-0.50,3,3
1772051608.405167,285483,0.04,0.00,0.03,-82.75,-73.94,67.19,-0.94,-0.44,-0.25,-0.05,0.00,0.05,-138.44,42.94,209.56,0.56,0.94,-0.06,3,3
1772051608.595721,285673,-0.01,0.00,0.04,-82.94,-73.94,67.12,0.69,1.31,0.37,-0.04,0.01,-0.02,-138.31,43.06,209.37,0.31,0.00,0.31,3,3
1772051608.786503,285864,0.06,0.00,0.00,-83.62,-74.00,67.12,-0.25,-0.50,-0.50,-0.05,0.00,0.04,-138.31,43.06,209.37,0.44,0.44,0.13,3,4
1772051608.977210,286055,0.03,0.06,0.00,-83.44,-74.00,67.06,-0.50,0.50,0.06,-0.08,0.04,0.03,-138.31,43.06,209.37,-0.50,-0.31,0.06,3,4
1772051609.167744,286246,0.00,0.00,0.02,-83.50,-74.00,67.06,0.19,-1.06,0.19,-0.02,0.02,0.07,-138.31,43.06,209.44,0.13,0.37,0.37,3,5
1772051609.358825,286436,0.02,-0.02,-0.06,-83.81,-74.12,67.06,0.00,2.19,-2.25,-0.13,0.06,0.02,-138.37,43.00,209.44,-0.56,-0.69,0.06,3,4
1772051609.549156,286627,0.00,0.10,0.03,-84.25,-74.12,66.87,-1.87,1.87,-0.56,-0.14,0.04,0.04,-138.37,43.00,209.50,0.37,0.75,0.25,3,5
1772051609.739695,286817,0.01,0.13,0.00,-85.19,-74.06,66.37,-2.75,2.00,1.44,-0.11,0.00,0.00,-138.44,43.06,209.37,-0.19,0.06,0.94,3,5
1772051609.930876,287008,-0.01,-0.03,-0.05,-85.81,-74.06,66.37,1.69,0.56,-1.37,-0.06,0.01,0.02,-138.50,43.13,209.31,-0.62,-1.00,0.69,2,6
1772051610.121388,287199,0.00,0.02,0.05,-85.75,-74.19,66.69,0.94,-0.62,-1.37,-0.04,0.00,0.09,-138.56,43.13,209.31,0.37,-0.69,0.69,2,6
1772051610.312221,287390,0.04,-0.11,-0.01,-86.69,-74.50,67.00,2.19,2.37,-0.94,-0.08,0.08,0.03,-138.62,43.19,209.31,-0.81,0.25,1.25,2,7
1772051610.503017,287580,-0.10,0.11,0.08,-89.56,-74.75,66.12,-7.81,11.31,-2.62,-0.11,0.02,-0.04,-138.87,43.25,209.19,-0.31,-1.37,1.50,2,8
1772051610.693179,287771,0.24,0.03,-0.17,-95.75,-75.00,65.25,-0.31,2.19,-1.06,0.02,0.00,0.04,-138.94,43.25,209.25,0.31,1.06,0.37,2,7
1772051610.884214,287962,0.03,0.00,0.00,-94.94,-75.06,65.37,-0.13,-0.69,-0.75,-0.07,0.04,0.03,-138.87,43.25,209.25,0.31,-0.44,-0.25,2,7
1772051611.075029,288153,-0.29,-0.01,0.11,-94.25,-75.25,65.44,-0.56,0.69,-0.50,-0.12,0.08,0.05,-138.87,43.25,209.25,0.06,0.19,0.19,2,7
1772051611.265599,288343,0.07,-0.02,-0.09,-95.87,-75.44,65.56,1.31,5.87,-0.88,-0.02,0.04,0.00,-139.06,43.38,209.00,0.19,-0.37,0.75,2,9
1772051611.456232,288534,-0.05,0.10,0.06,-99.25,-75.37,65.56,0.69,3.37,-0.50,-0.12,0.06,0.01,-139.25,43.44,208.94,0.00,-1.12,1.06,3,9
1772051611.645701,288723,-0.16,-0.07,0.09,-103.50,-75.31,65.87,2.81,8.88,-1.50,0.05,0.02,0.01,-139.56,43.56,208.69,-0.69,-0.81,2.75,2,10
1772051611.835408,288913,-0.02,0.02,0.03,-110.75,-74.81,65.31,-4.94,7.50,0.25,-0.16,0.08,-0.04,-139.87,43.81,208.37,-0.44,1.12,3.87,2,9
1772051612.027339,289105,-0.05,0.00,0.00,-113.50,-74.37,64.81,2.00,3.56,0.44,0.02,0.07,0.03,-140.31,44.69,207.06,-0.31,2.25,6.19,2,9
1772051612.218617,289296,-0.12,0.05,0.19,-114.69,-74.00,64.75,2.00,-2.00,1.81,-0.23,0.19,-0.06,-141.00,46.50,204.56,0.13,9.13,14.56,3,8
1772051612.409688,289487,0.24,-0.26,-0.18,-114.62,-73.75,64.81,-2.94,4.19,1.12,0.11,-0.05,0.00,-142.06,49.00,200.87,3.31,6.62,9.56,3,8
1772051612.599298,289677,0.20,0.00,-0.27,-114.87,-73.87,63.31,-10.25,-0.44,-5.12,0.12,-0.17,0.18,-143.25,50.56,198.31,-3.62,2.06,6.94,3,8
1772051612.789013,289866,0.06,0.01,-0.04,-111.44,-76.00,62.69,-22.19,-5.69,-11.94,-0.27,0.21,-0.02,-143.31,51.19,195.75,3.75,2.81,-3.37,4,8
1772051612.981358,290059,-0.28,0.37,0.19,-105.12,-77.75,60.88,-12.88,-5.06,-4.19,0.08,-0.06,0.00,-143.56,51.50,193.62,5.62,2.37,-0.25,3,7
1772051613.172476,290250,-0.01,-0.08,0.03,-104.19,-78.19,60.81,1.87,-3.25,0.25,0.15,-0.14,-0.17,-144.56,51.63,191.87,8.25,-0.69,-2.62,3,5
1772051613.363080,290441,0.00,0.03,0.06,-107.56,-78.75,61.50,1.69,4.62,-0.44,0.00,0.09,-0.04,-145.31,50.94,190.81,0.62,-3.94,-1.69,4,4
1772051613.552639,290630,0.00,-0.03,0.10,-112.06,-78.44,62.81,13.25,3.00,1.75,-0.08,0.09,-0.14,-145.62,50.44,190.62,3.00,1.56,-1.06,4,4
1772051613.742454,290820,-0.09,-0.11,0.04,-112.81,-78.25,64.75,6.37,-3.25,3.37,0.07,-0.02,0.02,-145.87,50.56,190.25,1.62,-1.50,1.44,4,3
1772051613.934791,291012,0.07,0.11,-0.07,-116.19,-77.62,64.31,-1.44,9.19,4.06,-0.10,0.26,0.08,-145.50,49.81,192.44,-16.62,-6.62,2.50,4,3
1772051614.125562,291203,0.12,-0.20,0.00,-119.00,-76.81,64.87,11.44,0.44,2.50,-0.14,0.15,-0.16,-145.12,49.25,192.94,6.56,2.25,-4.37,3,3
1772051614.316356,291394,-0.12,0.01,0.00,-117.44,-76.87,65.25,-7.44,0.50,2.94,0.10,0.00,-0.09,-145.25,49.00,192.44,-0.13,-0.13,0.75,4,3
1772051614.506048,291584,0.08,-0.05,-0.03,-116.75,-76.25,63.94,0.69,1.31,-0.50,-0.08,0.15,0.00,-144.87,48.94,193.25,-2.94,-0.75,0.13,4,3
1772051614.697148,291775,-0.07,0.09,0.06,-115.56,-76.37,63.69,-1.50,-1.00,0.37,0.01,0.08,-0.04,-144.69,48.88,193.56,-0.50,-0.94,-0.13,4,2
1772051614.888457,291966,0.19,-0.06,-0.16,-114.81,-76.56,63.56,-2.75,-5.31,-3.12,0.01,0.07,-0.01,-144.69,48.75,193.81,0.25,0.50,1.50,4,2
1772051615.079393,292157,-0.22,0.17,0.11,-105.50,-77.94,63.69,0.81,-9.13,-1.81,0.03,0.05,-0.04,-144.62,48.88,193.87,-1.94,-0.19,-0.06,4,2
1772051615.270128,292348,-0.06,-0.03,0.09,-103.37,-78.44,64.50,-1.56,-3.06,-2.94,0.05,0.05,0.00,-144.25,48.75,194.62,-2.25,-2.06,-0.37,4,2
1772051615.459560,292537,-0.14,-0.09,0.10,-102.56,-78.69,65.12,1.62,1.87,-0.88,0.09,0.02,-0.11,-143.94,48.31,194.87,2.19,-0.69,-5.00,4,2
1772051615.650192,292728,-0.10,0.12,0.13,-104.69,-78.06,64.56,4.69,6.00,3.50,-0.13,0.14,-0.03,-143.81,48.06,195.06,0.56,0.56,-0.94,4,2
1772051615.841827,292919,0.00,0.08,-0.03,-107.25,-77.50,64.31,-3.25,5.87,0.88,-0.02,0.12,-0.02,-143.87,48.06,195.00,-4.81,-2.69,3.12,3,2
1772051616.032664,293110,-0.10,-0.01,-0.02,-106.75,-77.12,64.12,2.44,-3.19,-1.31,0.02,0.06,-0.06,-144.00,48.25,195.19,0.19,0.50,1.62,3,2
1772051616.223548,293301,-0.13,-0.04,0.02,-105.62,-77.44,64.62,2.81,-1.62,-1.87,0.00,0.12,-0.03,-144.06,48.38,195.25,-0.69,-0.62,-0.06,2,2
1772051616.413677,293492,0.00,0.01,0.00,-106.87,-77.37,64.19,-4.87,3.50,0.31,0.01,0.09,0.00,-144.12,48.44,195.19,-0.31,-0.19,0.44,3,2
1772051616.604641,293682,0.01,0.05,-0.04,-107.56,-77.25,63.81,0.50,1.37,-1.06,-0.04,0.10,0.00,-144.12,48.38,195.31,-0.19,-0.44,-0.94,2,1
1772051616.795540,293873,-0.05,-0.06,0.01,-108.06,-77.31,64.25,0.50,0.25,-0.31,-0.01,0.09,-0.05,-144.06,48.31,195.37,0.25,-0.56,-0.13,2,1
1772051616.986138,294064,-0.01,-0.04,-0.05,-108.50,-77.25,64.12,0.62,-1.12,-0.75,0.02,0.08,-0.01,-144.00,48.31,195.37,0.06,0.56,0.19,2,1
1772051617.176749,294254,0.07,0.04,-0.10,-108.19,-77.19,63.94,-1.50,-0.06,1.31,0.00,0.09,-0.01,-144.00,48.31,195.44,0.56,0.31,-0.62,2,1
1772051617.367701,294445,-0.01,-0.11,0.02,-103.75,-77.37,63.19,-7.37,-7.81,-1.12,-0.01,0.11,0.02,-144.00,48.31,195.44,-0.62,0.00,-0.19,2,1
1772051617.556759,294635,-0.03,0.13,0.07,-100.00,-77.75,62.50,1.87,-0.62,1.44,0.00,0.08,0.00,-143.87,48.31,195.69,-1.87,-0.44,0.31,2,1
1772051617.748665,294826,-0.04,-0.06,-0.11,-101.25,-77.87,62.94,1.00,2.87,-0.88,0.04,0.15,0.08,-143.56,48.06,196.81,0.75,-0.44,-0.13,2,1
1772051617.939191,295017,0.12,0.00,0.01,-103.94,-77.75,63.31,6.00,0.94,1.12,-0.13,0.22,-0.02,-143.31,47.88,197.81,-0.19,0.37,-0.44,2,1
1772051618.130198,295208,-0.15,-0.05,-0.02,-104.06,-77.81,64.62,4.50,3.44,-1.12,0.04,0.04,0.00,-143.44,47.88,197.62,-0.44,-1.94,0.62,2,0
1772051618.319651,295397,0.00,-0.15,-0.09,-107.25,-77.87,65.00,-0.56,-1.19,0.44,-0.05,0.01,0.05,-143.69,47.81,197.12,8.56,2.69,-2.00,2,1
1772051618.509730,295588,-0.09,0.01,0.07,-106.69,-77.94,65.00,1.81,0.06,0.00,0.03,0.05,0.03,-144.31,48.06,195.69,-1.81,-1.19,2.50,2,1
1772051618.701673,295780,0.00,-0.03,-0.14,-109.37,-77.75,65.25,1.75,1.69,0.25,0.00,0.06,0.00,-144.37,48.13,195.87,0.06,-0.44,0.69,2,1
1772051618.892750,295970,0.00,0.01,-0.06,-110.25,-77.69,65.19,1.19,-0.37,-0.06,0.01,0.11,-0.01,-144.44,48.06,196.06,-0.25,-0.13,0.25,3,1
1772051619.083772,296161,-0.02,0.11,-0.03,-109.06,-77.62,65.00,-0.44,-0.75,0.37,-0.01,0.08,-0.01,-144.44,48.13,196.06,-1.19,-0.75,-0.31,3,1
1772051619.273909,296352,-0.06,0.03,0.00,-108.56,-77.69,65.06,-0.69,-0.50,0.00,0.00,0.12,0.00,-144.37,48.13,196.12,-0.44,0.00,-0.25,3,1
1772051619.464379,296542,0.05,0.00,-0.06,-109.06,-77.62,65.06,0.62,0.88,0.00,0.02,0.08,0.00,-144.25,48.00,196.31,0.62,0.13,-0.81,3,1
1772051619.655792,296733,0.07,-0.08,-0.14,-108.37,-77.62,64.94,-2.50,-2.75,1.06,-0.02,0.06,-0.04,-144.19,47.94,196.37,-0.56,0.19,-0.19,3,1
1772051619.846400,296924,-0.15,0.07,-0.06,-102.12,-78.06,63.63,-13.25,-4.19,-0.37,0.00,0.11,0.09,-143.62,47.75,197.50,-4.19,-2.56,-1.69,3,2
1772051620.036830,297114,-0.02,0.18,0.13,-98.06,-77.94,62.25,-0.50,-3.69,0.06,-0.10,0.18,-0.07,-143.12,47.44,198.56,-1.44,-0.81,-1.19,3,2
1772051620.226081,297304,-0.20,-0.01,0.11,-97.31,-78.31,62.94,2.62,4.19,-0.31,0.02,0.04,0.00,-143.12,47.38,198.75,-1.81,-2.00,2.00,4,2
1772051620.416475,297494,0.20,-0.10,-0.04,-103.31,-78.19,63.31,-0.25,0.37,-0.81,-0.03,0.08,0.02,-143.19,47.50,198.19,7.94,4.44,0.31,4,2
1772051620.608760,297686,0.05,0.08,-0.20,-104.06,-78.00,62.75,3.62,6.12,-1.00,0.12,-0.03,-0.06,-143.87,47.69,197.06,-3.00,-2.31,3.06,4,2
1772051620.799212,297877,0.13,-0.01,-0.03,-108.81,-78.00,63.88,4.44,0.56,-1.12,0.01,0.06,0.01,-143.94,47.75,197.06,1.81,0.44,-0.06,3,1
1772051620.990027,298068,0.04,-0.11,-0.13,-111.06,-77.94,64.94,2.37,2.50,-0.37,0.04,0.08,0.04,-144.19,47.69,196.75,-0.25,-0.88,-0.06,3,1
1772051621.180827,298258,-0.02,0.06,-0.04,-111.00,-77.87,64.62,-1.12,-2.06,0.69,0.00,0.07,0.01,-144.19,47.50,197.00,-0.06,-0.81,-0.75,3,1
1772051621.371476,298449,0.00,-0.04,0.00,-109.25,-78.06,64.69,-0.69,-2.12,-0.94,0.00,0.10,0.03,-144.19,47.38,197.19,0.13,0.13,-0.19,3,1
1772051621.562210,298640,0.00,0.01,0.02,-108.00,-78.12,64.69,-0.62,-1.00,0.37,0.00,0.08,-0.01,-144.19,47.38,197.19,-0.13,-0.25,0.62,3,1
1772051621.752462,298830,0.01,0.00,-0.06,-108.06,-78.06,64.56,0.06,0.50,-0.06,0.02,0.06,0.01,-144.25,47.44,197.12,0.00,-0.19,0.50,3,1
1772051621.943471,299021,0.04,-0.08,-0.11,-107.37,-78.06,64.50,-1.62,-2.94,0.50,0.04,0.06,-0.01,-144.19,47.44,197.12,0.44,0.62,0.31,3,1
1772051622.133122,299211,0.01,0.00,0.08,-103.25,-78.37,63.81,-8.19,-3.75,-1.12,0.19,0.14,0.07,-143.94,47.44,197.50,-1.44,0.62,-2.50,3,1
1772051622.324592,299402,0.23,0.04,-0.01,-102.56,-78.50,62.88,0.69,3.06,-0.06,-0.07,0.07,-0.01,-143.75,47.31,198.00,0.25,-0.62,0.37,3,1
1772051622.515508,299593,-0.09,0.04,0.07,-103.19,-78.56,63.38,2.75,-0.06,-0.44,0.03,0.09,0.00,-143.75,47.25,198.19,-1.06,-0.37,1.56,2,1
1772051622.706029,299784,0.19,0.10,-0.20,-105.94,-78.44,63.63,1.44,1.69,-1.62,-0.09,0.13,-0.05,-143.75,47.25,198.31,2.19,1.81,-1.25,2,1
1772051622.896803,299975,-0.06,-0.10,-0.15,-105.87,-78.87,64.37,5.31,1.87,-0.94,0.07,0.01,-0.06,-143.12,47.06,198.75,0.50,2.12,-3.37,2,1
1772051623.086237,300164,-0.14,0.15,0.07,-104.12,-78.25,64.56,-6.25,-4.50,6.06,0.00,0.16,0.01,-143.19,47.25,197.31,0.06,-1.69,-0.13,3,1
1772051623.276882,300355,-0.03,-0.06,-0.08,-101.44,-77.87,63.38,-1.00,-1.06,-1.56,0.04,0.04,0.04,-143.25,47.19,197.37,2.12,0.50,-0.50,3,1
1772051623.468960,300547,-0.19,0.10,-0.08,-99.87,-78.31,62.81,-3.56,1.50,-0.44,-0.14,0.02,-0.05,-143.62,47.00,196.87,1.12,-4.00,-2.44,3,1
1772051623.659500,300737,0.13,-0.09,-0.05,-103.25,-78.25,62.31,-0.75,3.12,1.75,-0.02,0.05,-0.01,-143.56,46.69,196.94,-3.50,-1.69,1.37,3,1
1772051623.850249,300928,-0.02,-0.01,-0.10,-101.56,-77.75,62.00,0.00,-4.25,1.12,0.03,0.03,-0.03,-143.44,46.75,197.37,-1.75,-0.62,1.00,2,1
1772051624.040035,301117,0.21,-0.28,-0.06,-97.00,-78.00,62.00,-3.37,-12.13,-2.12,-0.07,0.05,-0.07,-143.19,46.75,197.44,3.06,2.56,-0.44,2,1
1772051624.230192,301308,-0.14,0.09,0.19,-87.81,-78.12,61.13,-2.06,0.81,1.12,-0.08,0.11,0.01,-143.12,46.81,197.31,-1.50,-0.44,0.19,2,1
1772051624.422088,301500,0.01,0.07,-0.10,-89.69,-78.00,60.69,-1.69,3.50,-2.69,0.00,0.04,0.04,-143.00,46.94,197.44,0.88,0.25,0.25,2,1
1772051624.612765,301691,0.00,0.02,-0.03,-90.87,-78.12,60.56,-1.25,-0.50,0.56,-0.08,0.04,-0.04,-143.00,46.94,197.44,0.19,-0.62,0.00,2,1
1772051624.803659,301881,0.00,0.03,0.05,-90.81,-78.06,60.44,-0.62,0.37,-0.62,-0.06,-0.03,-0.01,-142.87,46.88,197.81,-4.75,-0.31,-0.31,2,2
1772051624.993347,302071,-0.03,-0.08,-0.05,-92.75,-78.00,60.50,3.50,-0.62,-0.19,-0.03,0.00,-0.01,-142.25,46.75,198.87,-1.44,-0.06,-0.69,2,2
1772051625.183490,302261,0.01,-0.05,0.04,-91.87,-77.94,60.75,-2.69,-3.31,0.94,0.01,0.02,-0.05,-142.12,46.69,198.56,1.62,1.25,-0.94,2,2
1772051625.375264,302453,-0.04,0.15,0.00,-90.62,-77.19,60.00,1.37,1.50,6.75,-0.05,0.11,0.07,-142.06,46.81,198.94,-1.12,-1.62,0.75,3,3
1772051625.566115,302644,0.06,0.08,-0.02,-92.44,-76.37,59.63,7.37,-0.06,0.81,0.04,0.06,-0.08,-142.19,46.69,199.25,-1.12,-0.56,1.31,3,3
1772051625.756954,302835,0.09,-0.03,-0.05,-93.25,-76.69,60.75,-0.06,-4.06,-1.87,-0.03,0.20,-0.02,-142.00,46.56,199.81,0.44,1.00,-1.75,4,3
1772051625.946698,303024,-0.11,-0.04,0.02,-90.37,-77.37,61.50,-3.00,-1.69,-3.69,-0.04,0.01,-0.07,-141.87,46.50,199.69,2.37,1.94,-4.06,3,2
1772051626.136863,303215,-0.13,-0.10,0.01,-89.25,-78.00,61.81,-3.19,-0.25,2.00,-0.11,0.16,0.10,-140.87,46.88,199.31,0.44,5.25,-2.00,4,3
1772051626.328610,303407,0.03,0.37,0.07,-89.44,-76.75,59.81,-1.19,1.62,6.19,-0.03,0.12,0.03,-140.75,47.19,199.12,-2.44,-2.37,2.50,4,2
1772051626.519279,303597,0.02,0.06,-0.05,-91.69,-76.19,59.69,2.75,2.87,-2.25,-0.01,0.04,0.00,-141.25,47.06,199.37,0.62,-3.00,1.94,4,3
1772051626.710192,303788,-0.04,0.01,0.00,-93.62,-76.94,61.00,4.25,1.25,-6.12,-0.04,0.01,-0.08,-141.75,46.75,199.81,-3.19,-1.87,-0.37,4,2
1772051626.899983,303978,0.00,-0.23,0.16,-94.81,-77.81,62.81,-3.50,-6.00,0.69,0.08,0.00,-0.01,-142.50,46.88,198.62,4.37,-1.81,2.37,4,2
1772051627.090594,304168,-0.15,-0.11,-0.08,-93.31,-77.87,62.06,-3.19,-2.87,-3.12,0.07,0.00,-0.05,-143.06,46.88,198.25,-0.31,0.13,2.44,4,2
1772051627.282165,304360,0.14,-0.02,-0.04,-94.00,-78.25,61.88,3.25,0.62,0.37,-0.01,0.07,0.04,-143.19,46.88,198.31,-0.25,1.00,-0.75,3,1
1772051627.472726,304551,-0.11,0.05,0.02,-93.81,-78.25,62.13,0.62,0.19,0.69,-0.04,0.03,0.00,-143.00,46.88,198.50,0.00,-0.06,-0.44,3,1
1772051627.663371,304741,-0.01,-0.03,-0.02,-96.06,-77.94,62.25,4.00,2.12,3.50,0.00,0.11,0.09,-142.87,46.88,198.56,-0.44,0.00,0.13,3,1
1772051627.854128,304932,0.07,0.07,-0.03,-97.81,-77.62,61.94,1.44,0.37,-0.06,-0.03,0.08,0.00,-142.87,46.75,198.62,-0.25,-0.81,0.06,3,1
1772051628.045086,305123,0.01,-0.01,0.00,-97.44,-77.81,62.19,0.75,-0.50,-0.50,-0.02,0.08,0.00,-142.94,46.69,198.69,0.00,-0.31,0.06,3,1
1772051628.235878,305314,-0.02,0.00,-0.05,-97.25,-77.81,62.19,-1.00,0.62,1.00,-0.06,0.07,-0.02,-142.94,46.69,198.75,0.19,0.13,0.06,3,1
1772051628.426234,305504,-0.02,0.03,0.00,-97.12,-77.75,62.06,-0.88,0.62,0.81,0.00,0.08,0.01,-142.94,46.69,198.75,-0.25,-0.19,0.56,3,1
1772051628.616736,305695,0.02,0.01,-0.05,-97.75,-77.62,61.94,-0.06,1.00,0.06,-0.01,0.08,0.00,-142.94,46.69,198.75,0.06,0.00,0.00,3,1
1772051628.807791,305886,0.00,-0.05,-0.06,-96.06,-77.75,62.00,-2.87,-4.50,0.06,0.01,0.07,0.01,-142.94,46.69,198.75,-0.06,-0.06,0.13,3,1
1772051628.998772,306076,0.04,0.14,-0.01,-92.75,-77.75,61.38,-6.06,3.81,-1.00,-0.06,-0.03,-0.02,-142.56,46.69,199.31,0.06,-0.37,-0.19,2,1
1772051629.189326,306267,-0.01,0.02,0.00,-93.12,-77.87,61.19,4.37,-2.81,-0.13,-0.10,0.17,0.05,-142.37,46.56,199.87,0.75,0.56,-1.50,3,1
1772051629.379694,306458,-0.09,0.10,0.10,-92.75,-78.12,61.69,-0.37,0.37,0.75,0.02,0.08,0.03,-142.62,46.69,199.00,0.75,-0.25,1.37,3,1
1772051629.570358,306648,0.05,0.16,-0.04,-96.69,-77.81,62.06,8.75,3.37,2.37,0.00,0.14,-0.02,-143.00,46.81,198.69,-2.06,-1.75,2.06,3,1
1772051629.761152,306839,0.11,-0.01,-0.03,-99.94,-78.00,63.63,3.12,-3.00,-6.50,-0.02,0.07,0.00,-143.00,46.63,199.37,-0.62,-0.50,0.25,2,1
1772051629.951249,307029,0.09,-0.13,-0.06,-99.37,-78.94,65.12,-0.19,1.50,-2.94,-0.36,0.50,0.23,-143.31,46.38,199.50,7.12,3.00,-1.19,3,1
1772051630.142160,307220,-0.19,0.32,0.07,-96.31,-79.06,64.56,-2.06,2.87,5.94,0.07,0.03,0.06,-143.87,46.69,198.31,0.56,0.19,0.62,2,1
1772051630.332958,307411,0.17,0.03,-0.19,-101.87,-78.50,63.88,1.25,2.56,-0.31,0.00,0.09,0.00,-144.00,46.69,198.19,-0.88,-0.50,1.06,3,1
1772051630.524070,307602,-0.09,-0.06,0.03,-101.25,-78.62,64.19,0.94,-1.06,-0.13,-0.03,0.12,0.00,-144.00,46.75,198.19,-0.62,0.62,-0.19,3,1
1772051630.714287,307792,0.00,0.16,0.00,-100.69,-78.31,63.69,-1.06,-0.19,0.88,0.00,0.09,0.01,-143.87,46.81,198.19,-0.31,0.75,-0.81,3,1
1772051630.905380,307983,0.00,0.00,-0.09,-100.37,-78.25,63.69,-1.06,-1.31,1.25,-0.04,0.14,0.00,-143.56,46.69,198.50,-0.69,0.06,-0.88,3,1
1772051631.096337,308174,-0.01,0.03,0.03,-97.12,-78.31,63.31,-3.94,-3.56,-0.69,-0.02,0.11,0.03,-143.31,46.63,199.12,-1.75,-1.62,1.06,3,1
1772051631.286827,308365,0.06,0.00,-0.04,-96.37,-78.56,62.88,0.06,3.25,-1.00,-0.01,-0.01,-0.05,-143.06,46.56,199.62,-1.69,0.19,1.06,3,1
1772051631.477300,308555,0.09,-0.07,-0.08,-98.37,-78.44,62.69,1.56,0.31,0.75,-0.02,0.13,-0.01,-142.81,46.56,200.00,0.62,0.62,-0.81,3,1
1772051631.666994,308745,-0.09,0.22,0.10,-96.94,-78.19,62.44,0.88,1.94,2.44,-0.04,0.06,0.00,-142.81,46.50,200.31,-1.44,-0.88,0.06,3,1
1772051631.858720,308937,0.03,0.01,-0.05,-99.31,-78.12,62.69,0.44,-2.75,-1.69,-0.02,0.07,0.00,-142.75,46.44,200.62,0.13,-1.00,-0.88,2,1
1772051632.049493,309128,0.12,-0.07,0.00,-97.81,-78.44,63.25,2.31,-2.75,-3.06,-0.09,0.22,0.07,-142.81,46.19,200.50,6.19,4.62,-2.19,3,1
1772051632.239905,309318,-0.02,0.25,-0.02,-95.06,-78.62,63.25,0.37,5.69,0.69,0.00,0.04,-0.05,-143.25,46.38,199.62,0.75,-0.88,0.88,2,1
1772051632.430615,309509,-0.01,-0.18,-0.12,-100.12,-78.87,64.19,1.69,-1.31,0.00,0.06,0.07,0.01,-143.37,46.44,199.75,0.31,0.25,0.44,4,2
1772051632.621800,309700,-0.01,0.05,0.03,-99.31,-78.81,63.88,-0.13,-1.12,0.25,-0.01,0.12,-0.04,-143.37,46.44,199.62,-0.69,-0.50,-0.06,4,2
1772051632.812163,309890,-0.05,-0.01,0.01,-98.69,-78.81,63.88,-0.88,1.31,0.88,0.00,0.10,0.04,-143.31,46.44,199.69,-0.88,-0.13,0.75,4,2
1772051633.002786,310081,-0.04,0.13,0.00,-97.81,-78.56,63.19,-2.25,-0.88,-0.19,0.00,0.07,0.00,-143.31,46.50,199.62,0.06,-0.19,0.06,4,2
1772051633.193604,310271,0.00,-0.06,0.00,-97.81,-78.56,63.25,1.62,0.37,-0.88,0.00,0.08,0.04,-143.31,46.50,199.75,-0.44,-0.81,-0.88,3,2
1772051633.384076,310462,-0.02,0.17,-0.02,-97.94,-78.56,63.13,-2.62,0.94,0.37,-0.01,0.06,0.01,-143.37,46.31,199.87,1.12,-0.88,-1.94,4,2
1772051633.574908,310653,-0.01,0.00,-0.03,-98.62,-78.69,63.06,-2.19,1.31,-1.12,-0.05,0.05,0.00,-143.31,46.06,199.87,0.81,-0.25,-1.37,4,2
1772051633.764553,310843,-0.01,0.05,0.03,-98.94,-78.69,62.94,1.19,-2.50,0.56,0.02,0.07,0.08,-143.31,46.00,199.87,1.81,0.69,0.00,4,2
1772051633.956197,311034,0.00,0.00,-0.01,-99.00,-78.69,63.00,3.75,1.56,1.00,-0.07,0.12,0.00,-143.37,46.06,199.94,-0.81,-0.19,1.06,3,2
1772051634.146779,311225,-0.12,-0.07,-0.04,-99.56,-78.75,63.56,-0.13,0.44,0.44,0.00,0.08,0.00,-143.44,46.19,199.87,0.13,0.62,0.75,4,2
1772051634.337556,311416,0.00,-0.01,-0.03,-100.31,-78.62,63.44,0.88,-0.50,-0.62,0.04,0.08,0.05,-143.50,46.25,199.75,0.31,0.37,-0.44,2,1
1772051634.528526,311606,0.00,-0.01,0.02,-100.19,-78.62,63.44,-0.75,-0.50,0.81,-0.04,0.09,0.02,-143.50,46.31,199.75,-0.19,0.25,-0.25,2,1
1772051634.719095,311797,-0.04,0.06,0.01,-99.94,-78.56,63.19,0.06,0.37,-0.81,-0.01,0.13,0.04,-143.50,46.31,199.69,0.00,-0.19,0.13,2,1
1772051634.909684,311988,0.08,-0.01,-0.11,-100.25,-78.56,63.25,0.00,-0.94,0.06,0.00,0.07,0.03,-143.50,46.31,199.69,0.00,0.06,0.13,2,1
1772051635.100397,312178,-0.05,0.10,0.03,-98.00,-78.62,63.06,-0.31,-1.75,-0.25,-0.02,0.12,0.01,-143.50,46.25,199.75,-0.56,-0.25,0.19,3,1
1772051635.291180,312369,-0.28,-0.02,-0.02,-97.94,-78.69,63.31,-0.50,0.00,0.88,0.17,0.04,-0.04,-143.25,46.38,200.31,-0.62,0.88,-1.75,3,1
1772051635.481953,312560,0.00,-0.01,-0.02,-98.81,-78.56,63.25,1.94,-1.75,1.25,-0.05,0.09,0.02,-143.00,46.38,200.69,-1.25,-0.19,-0.13,3,1
1772051635.671760,312750,-0.11,0.04,0.04,-96.25,-78.31,63.13,0.88,-2.12,0.62,0.05,0.08,0.03,-142.75,46.38,201.06,-1.56,-1.00,0.75,3,1
1772051635.863346,312941,-0.01,0.08,0.00,-95.56,-78.25,63.13,-1.25,-1.87,-1.87,-0.07,0.17,0.03,-142.62,46.25,201.50,0.88,0.50,-1.94,3,1
1772051636.053813,313132,-0.06,0.09,0.06,-93.19,-78.44,63.13,-4.00,0.44,0.31,0.01,0.00,-0.03,-143.00,46.25,200.87,0.19,-2.19,2.94,3,1
1772051636.244357,313322,-0.07,-0.12,-0.06,-95.31,-78.37,63.38,1.81,1.31,-1.25,-0.01,0.10,0.06,-143.31,46.25,200.75,1.56,0.25,0.88,3,1
1772051636.434873,313513,0.02,0.01,-0.07,-96.81,-78.44,63.38,0.88,2.12,0.37,0.01,0.07,0.02,-143.37,46.25,200.62,-0.37,-0.44,0.31,3,1
1772051636.625686,313704,0.00,0.00,-0.06,-97.69,-78.44,63.44,0.31,0.25,-0.37,0.00,0.09,0.02,-143.37,46.25,200.62,0.06,-0.19,-0.06,4,2
1772051636.816628,313895,0.00,-0.03,-0.04,-97.87,-78.44,63.56,-0.50,0.88,0.31,-0.01,0.16,0.05,-143.37,46.25,200.62,0.06,0.75,0.06,4,1
1772051637.007119,314085,0.01,0.04,-0.06,-96.50,-78.31,63.06,-3.44,-3.19,0.88,0.00,0.10,0.01,-143.37,46.31,200.56,0.62,0.37,-0.94,3,1
1772051637.198044,314276,-0.03,0.01,0.06,-94.56,-78.37,62.94,0.69,-0.50,-0.44,-0.05,0.17,0.05,-143.31,46.31,200.62,0.19,-0.19,0.25,3,1
1772051637.388942,314467,-0.03,-0.02,-0.03,-95.06,-78.50,63.13,1.19,0.81,-1.06,-0.01,0.08,0.04,-143.37,46.31,200.56,0.19,-0.31,0.81,3,1
1772051637.579300,314658,0.00,-0.05,-0.09,-96.12,-78.56,63.31,1.75,-0.50,-0.81,-0.01,0.15,0.06,-143.37,46.38,200.50,0.19,0.62,0.00,4,1
1772051637.770361,314848,-0.09,0.01,-0.08,-96.12,-78.50,63.25,-0.13,1.31,0.94,-0.01,0.18,0.02,-143.06,46.38,200.81,-1.44,1.94,-2.25,3,1
1772051637.960774,315039,0.01,-0.01,0.00,-95.87,-78.31,63.00,0.37,-0.94,-1.25,-0.08,0.16,0.01,-143.00,46.38,200.75,-0.50,0.00,-0.13,4,1
1772051638.151173,315229,-0.05,0.06,-0.02,-95.69,-78.25,62.94,-1.06,2.87,1.12,0.03,0.14,0.04,-143.00,46.38,200.69,0.44,0.25,-0.06,4,1
1772051638.341904,315420,0.12,0.08,-0.08,-97.56,-78.00,62.50,-0.62,2.69,2.50,-0.05,0.13,0.02,-143.00,46.31,200.75,0.56,-0.88,0.44,4,1
1772051638.533000,315611,-0.04,-0.04,0.00,-97.31,-78.00,62.50,-0.75,-1.31,-1.06,-0.05,0.10,0.00,-143.12,46.31,200.62,-0.44,-0.94,0.81,3,1
1772051638.723827,315802,-0.04,-0.02,-0.05,-96.69,-78.06,62.56,-0.37,0.06,-0.13,-0.05,0.13,0.06,-143.12,46.31,200.62,0.56,0.50,0.00,3,1
1772051638.914173,315992,0.00,0.06,-0.05,-96.44,-78.00,62.44,-0.19,-1.06,0.81,0.02,0.13,0.12,-143.12,46.31,200.69,0.62,0.37,0.37,3,1
1772051639.104825,316183,-0.01,0.10,-0.03,-95.87,-78.00,62.31,-0.25,-1.12,-0.62,0.03,0.08,0.00,-143.25,46.31,200.56,0.00,-0.44,0.69,3,1
1772051639.295626,316374,0.01,-0.02,-0.08,-96.06,-78.12,62.50,0.37,1.00,-0.75,-0.05,0.13,0.03,-143.31,46.25,200.62,-0.56,-0.25,-0.13,3,2
1772051639.486190,316564,-0.05,0.04,-0.01,-95.44,-78.12,62.44,-2.12,-0.88,0.69,0.00,0.10,0.03,-143.25,46.31,200.56,0.06,-0.19,-0.31,3,2
1772051639.677263,316755,0.02,0.00,-0.08,-95.06,-78.12,62.31,-0.31,-1.50,-0.75,-0.03,0.11,0.06,-143.25,46.31,200.56,-1.00,-0.62,-0.37,3,2
1772051639.868035,316946,-0.07,0.02,-0.01,-94.50,-78.31,62.50,0.88,-0.06,-0.37,-0.06,0.12,0.03,-143.19,46.31,200.81,-1.31,-0.69,0.44,3,1
1772051640.058340,317137,0.03,-0.07,-0.06,-95.81,-78.25,62.75,0.37,1.06,-0.25,0.02,0.09,0.08,-143.19,46.38,200.69,0.13,0.06,0.50,3,2
1772051640.248943,317327,0.00,0.10,-0.02,-96.19,-78.19,62.56,0.00,-0.44,-0.88,-0.01,0.14,0.03,-143.25,46.31,200.69,-0.44,-0.31,0.00,3,1
1772051640.439686,317518,0.02,0.00,-0.09,-96.37,-78.19,62.81,0.44,-0.56,0.25,-0.05,0.15,0.02,-143.12,46.31,200.94,0.25,0.31,-0.19,4,1
1772051640.630546,317709,-0.01,0.05,0.00,-95.62,-78.25,62.81,-0.37,-0.13,0.44,-0.02,0.18,0.10,-143.12,46.31,200.94,0.00,0.56,0.25,3,1
1772051640.820807,317899,0.02,0.11,-0.08,-95.56,-78.12,62.56,-2.12,0.25,1.31,0.01,0.13,0.03,-143.12,46.31,200.94,0.25,0.13,-0.13,3,1
1772051641.011845,318090,0.00,0.00,-0.03,-94.81,-78.19,62.56,0.44,-1.00,-0.88,-0.05,0.18,0.05,-143.12,46.31,200.94,-0.19,-0.19,0.06,3,1
1772051641.201500,318280,0.03,0.03,-0.02,-93.12,-78.25,62.56,-1.00,1.12,1.50,0.00,0.13,0.01,-142.94,46.31,201.06,-0.94,0.19,0.06,3,1
1772051641.392291,318470,0.05,-0.18,-0.12,-94.19,-78.25,62.63,2.56,-0.31,0.37,-0.04,0.17,0.03,-142.62,46.31,201.19,1.75,2.50,-1.31,3,1
1772051641.583733,318662,-0.11,0.21,0.03,-91.81,-77.81,61.88,-2.25,-1.56,4.25,-0.01,0.20,0.11,-142.37,46.31,201.19,0.19,0.44,0.00,3,1
1772051641.775810,318853,0.01,0.30,0.02,-91.75,-77.25,61.06,-0.13,0.50,1.37,-0.04,0.15,0.06,-142.44,46.31,201.44,-0.06,-2.12,1.87,3,1
1772051641.965340,319044,-0.02,-0.01,-0.03,-93.31,-77.44,61.63,3.06,0.31,-3.62,-0.01,0.08,0.02,-142.81,46.19,201.62,-0.75,-1.31,1.06,3,1
1772051642.154950,319233,0.04,0.00,0.00,-94.31,-77.94,62.63,1.37,-1.94,-3.37,-0.06,0.16,0.04,-142.87,46.06,201.81,0.94,1.19,-1.75,3,1
1772051642.346454,319425,-0.04,0.02,-0.07,-94.06,-78.50,63.38,-0.75,0.69,0.13,-0.02,0.11,0.02,-142.62,46.06,201.94,-0.75,0.56,-0.37,3,1
1772051642.537854,319616,-0.03,0.01,-0.10,-94.19,-78.25,62.94,-2.62,0.62,2.87,-0.03,0.13,0.07,-142.31,46.06,202.25,-0.94,-0.19,-0.69,4,1
1772051642.728139,319806,-0.07,0.26,-0.05,-92.00,-77.87,62.00,-5.50,-3.69,2.62,0.03,0.06,0.01,-142.12,46.00,202.31,-0.56,-0.62,-0.06,4,1
1772051642.918540,319997,0.05,0.01,-0.06,-90.87,-77.87,61.75,0.88,1.06,0.31,-0.07,0.14,0.03,-141.94,45.94,202.50,-0.13,0.75,0.31,4,1
1772051643.109220,320188,0.00,0.02,-0.05,-90.94,-77.87,61.88,0.81,-0.25,-0.94,0.00,0.10,0.12,-141.87,45.94,202.56,0.00,0.13,0.00,4,2
1772051643.299939,320378,0.00,0.08,-0.06,-91.44,-77.94,62.06,0.56,0.75,0.56,-0.03,0.09,0.05,-141.87,45.94,202.56,0.69,-0.19,0.88,4,1
1772051643.490677,320569,-0.02,0.09,0.00,-91.87,-78.06,62.38,1.94,1.19,-1.12,0.01,0.08,0.02,-142.19,45.88,202.25,1.00,-0.62,0.88,4,1
1772051643.681416,320760,0.12,-0.01,-0.21,-95.12,-78.19,63.00,2.69,2.75,-0.56,0.00,0.06,-0.01,-142.37,45.94,202.12,0.06,-0.62,-0.13,4,2
1772051643.872232,320950,-0.10,-0.05,0.04,-94.44,-78.56,63.69,2.56,-2.81,-2.12,-0.04,0.14,-0.02,-142.31,45.88,202.31,-1.94,-0.94,-0.06,5,2
1772051644.061636,321140,0.00,-0.05,-0.05,-94.25,-78.69,64.00,-1.37,0.19,1.19,0.03,0.04,0.00,-142.25,45.94,202.50,-1.62,-0.94,1.81,4,2
1772051644.253341,321332,-0.07,0.24,-0.05,-93.81,-78.56,63.50,-1.31,1.75,0.44,0.00,0.11,0.02,-142.31,46.00,202.19,-0.19,-0.44,1.00,4,2
1772051644.444368,321523,0.08,0.06,-0.06,-94.81,-78.50,63.44,0.19,1.00,-1.19,-0.06,0.14,-0.02,-142.50,46.00,202.00,0.06,0.06,0.19,4,2
1772051644.634982,321713,0.00,0.05,-0.14,-93.50,-78.56,63.31,-2.31,-0.50,0.37,0.00,0.04,0.01,-142.44,46.00,202.12,-0.69,1.62,-0.44,4,2
1772051644.825562,321904,0.03,0.07,-0.03,-92.37,-78.44,63.13,-1.50,-2.37,1.62,-0.08,0.09,0.09,-142.12,46.06,202.37,-1.44,0.00,0.88,3,2
1772051645.015398,322094,0.04,-0.02,0.01,-90.94,-78.31,62.88,0.19,-0.88,0.31,0.02,-0.02,0.00,-141.94,46.13,202.56,1.62,0.06,-0.69,4,2
1772051645.206840,322285,-0.06,0.01,-0.05,-91.31,-78.44,62.94,1.44,0.44,-0.81,0.01,0.08,0.02,-142.00,46.00,202.56,-0.75,-0.44,0.25,4,2
1772051645.397542,322476,0.11,0.00,-0.09,-93.69,-78.37,63.06,0.06,3.56,1.00,-0.06,0.06,0.00,-141.94,46.00,202.62,1.19,0.31,-0.44,5,3
1772051645.588367,322667,-0.06,-0.07,-0.07,-94.94,-78.31,62.94,0.94,0.00,0.81,0.07,0.07,-0.01,-141.87,46.06,202.56,-2.19,-0.25,0.50,4,2
1772051645.778940,322857,0.03,0.04,-0.07,-95.00,-78.12,62.69,-0.62,-0.19,0.13,-0.06,0.10,-0.01,-141.75,46.06,202.75,1.25,0.50,0.25,4,2
1772051645.968625,323047,-0.10,0.23,0.05,-94.06,-78.37,62.75,-2.37,0.50,-0.88,0.05,0.03,0.00,-142.19,46.00,202.19,-1.06,-1.62,1.50,4,2
1772051646.160299,323239,0.05,-0.06,-0.10,-96.31,-78.44,63.13,1.12,1.81,-1.00,-0.05,0.09,0.00,-142.25,46.00,202.19,0.25,-0.13,-0.06,4,2
1772051646.351409,323430,-0.02,0.09,-0.03,-96.50,-78.44,63.13,-0.44,1.12,-0.50,-0.01,0.09,0.01,-142.31,46.06,202.12,-0.06,0.62,0.00,3,2
1772051646.541899,323620,0.01,0.06,-0.07,-96.44,-78.37,62.81,-3.00,-0.94,0.88,-0.03,0.06,-0.02,-142.25,46.06,202.12,0.31,0.37,-0.50,3,2
1772051646.732702,323811,-0.03,0.10,-0.05,-96.00,-78.44,62.75,-0.37,1.81,-1.06,-0.02,0.12,0.01,-142.19,46.06,202.12,-0.25,-0.06,-0.19,4,2
1772051646.923036,324001,0.00,0.10,-0.01,-95.44,-78.37,62.63,0.06,0.06,0.75,-0.01,0.05,0.02,-142.19,46.00,202.19,-0.56,-0.13,0.37,3,2
1772051647.113883,324192,0.00,0.01,-0.05,-95.87,-78.31,62.69,0.50,0.50,0.88,-0.04,0.08,0.01,-142.12,46.06,202.31,-0.31,0.25,0.13,3,2
1772051647.304793,324383,0.00,0.01,-0.03,-95.56,-78.19,62.63,0.37,-0.81,0.06,-0.03,0.05,0.02,-142.19,46.06,202.25,0.31,0.62,-0.06,2,1
1772051647.495383,324574,-0.05,-0.06,0.00,-95.75,-78.06,62.56,-0.81,2.44,1.87,-0.03,0.13,0.03,-142.12,46.13,202.19,1.31,-0.37,0.37,2,1
1772051647.685561,324764,0.10,0.02,-0.11,-97.81,-77.69,61.81,1.25,1.06,-0.75,0.02,0.10,0.05,-142.31,46.19,201.94,0.56,0.31,0.94,2,1
1772051647.876966,324955,-0.02,0.07,-0.02,-97.81,-77.62,61.81,1.19,-0.81,-0.06,-0.05,0.08,0.00,-142.44,46.19,201.81,0.13,-0.56,0.31,2,1
1772051648.067593,325146,-0.05,-0.07,-0.01,-97.69,-77.75,62.06,0.25,-0.31,0.13,0.00,0.07,0.03,-142.44,46.19,201.81,0.19,-0.37,-0.13,2,1
1772051648.258500,325337,0.08,0.04,-0.10,-97.62,-77.75,61.94,-0.19,-1.37,-0.50,-0.04,0.09,0.05,-142.37,46.19,201.81,0.25,0.25,-0.75,2,1
1772051648.449163,325527,-0.06,0.05,-0.01,-95.00,-77.81,61.88,-1.62,-3.31,-0.94,-0.02,0.04,0.07,-142.25,46.13,202.12,-1.50,0.06,-0.88,2,1
1772051648.639695,325718,0.03,-0.10,-0.09,-94.25,-77.81,62.00,1.31,-2.44,0.50,-0.01,0.16,0.03,-141.75,46.06,202.69,0.13,0.81,-1.56,2,1
1772051648.830198,325909,-0.01,0.14,0.07,-91.62,-77.81,61.88,-1.87,-2.19,-0.81,0.00,0.08,0.05,-141.81,46.00,202.50,0.69,0.19,0.50,3,1
1772051649.021037,326100,0.00,0.09,-0.06,-91.56,-77.81,61.94,0.62,0.94,0.81,-0.06,0.14,0.09,-141.87,45.94,202.62,-0.62,-1.00,0.06,3,1
1772051649.212045,326290,-0.03,0.12,-0.03,-92.19,-77.94,62.25,2.50,0.88,-1.00,-0.06,0.13,0.08,-142.06,45.81,202.81,0.37,-0.62,-0.25,3,1
1772051649.402432,326481,-0.18,-0.05,0.04,-92.69,-78.12,62.81,0.56,-0.37,0.94,-0.03,0.09,0.00,-142.12,45.81,202.81,-0.31,0.06,0.37,3,1
1772051649.593033,326672,-0.03,0.05,-0.05,-93.69,-77.94,62.56,0.00,1.00,2.56,-0.04,0.11,0.00,-142.06,45.81,202.87,-0.44,-0.19,0.25,3,1
1772051649.783944,326862,-0.02,-0.03,-0.03,-94.81,-77.94,62.69,-0.56,2.44,-0.62,-0.07,0.10,0.03,-142.12,45.88,202.69,-0.25,0.37,0.37,3,1
1772051649.973458,327052,0.02,-0.11,-0.09,-95.50,-78.00,62.81,0.13,0.44,0.25,-0.03,0.22,0.09,-142.12,45.94,202.56,2.44,1.50,0.00,3,1
1772051650.164973,327244,0.03,0.10,-0.12,-94.87,-77.75,62.31,1.81,-0.13,0.88,0.03,0.08,0.11,-142.25,46.00,202.37,0.75,0.25,-0.44,4,1
1772051650.355843,327434,0.04,-0.08,-0.05,-94.25,-77.87,62.44,0.00,-3.06,-0.31,0.00,0.12,0.06,-142.25,46.00,202.31,-0.13,0.31,0.06,4,1
1772051650.546429,327625,0.00,0.07,-0.05,-92.56,-77.75,62.13,-1.62,-1.00,0.50,0.03,0.12,0.07,-142.25,46.00,202.31,-0.50,-0.13,0.37,4,1
1772051650.736991,327816,-0.02,0.04,-0.01,-92.06,-77.75,62.06,0.25,-0.06,0.19,-0.02,0.14,0.09,-142.25,46.00,202.31,0.19,0.25,0.19,4,1
1772051650.927872,328007,0.02,0.07,-0.09,-92.06,-77.75,61.94,0.00,0.56,0.13,-0.01,0.11,0.07,-142.31,46.00,202.25,-0.06,-0.06,0.44,4,1
1772051651.118743,328197,0.00,0.07,-0.06,-91.81,-77.75,61.88,-0.94,-0.25,0.06,0.01,0.11,0.03,-142.31,46.00,202.31,-0.19,0.31,-0.19,4,1
1772051651.309616,328388,-0.04,0.07,-0.09,-90.25,-77.75,61.81,-2.75,-2.87,0.62,0.04,0.09,0.08,-142.12,45.94,202.56,-0.88,-0.13,-0.25,4,1
1772051651.500155,328579,0.01,0.00,-0.03,-88.87,-77.81,61.75,0.13,-1.56,0.13,-0.04,0.16,0.05,-142.00,45.94,202.75,-0.13,-0.19,-0.25,4,1
1772051651.689779,328768,-0.01,-0.03,-0.02,-88.44,-77.81,61.81,-0.94,0.31,-0.25,-0.02,0.14,0.05,-142.00,45.94,202.56,1.56,0.94,-0.88,5,2
1772051651.881214,328960,0.00,0.16,-0.05,-88.44,-77.75,61.63,0.94,1.44,1.94,-0.09,0.22,0.10,-142.06,45.94,202.50,-1.00,-0.94,0.62,5,2
1772051652.072205,329151,-0.06,0.12,-0.03,-89.56,-77.69,61.69,0.19,1.50,0.50,0.00,0.09,0.07,-141.87,45.88,202.81,-1.75,-2.75,1.44,4,2
1772051652.262829,329341,0.06,-0.02,-0.09,-91.56,-77.87,62.38,2.56,-1.37,-5.81,0.01,0.07,0.11,-142.00,45.69,203.25,0.75,0.44,0.06,4,2
1772051652.453570,329532,-0.07,0.02,-0.11,-91.81,-78.25,63.00,1.12,0.37,-1.12,-0.07,0.29,0.14,-142.00,45.69,203.25,2.50,2.06,-1.19,4,2
1772051652.644210,329723,0.04,0.20,-0.13,-90.81,-78.19,62.63,-1.19,-1.75,3.75,0.03,0.11,0.06,-141.81,45.75,203.12,1.00,1.12,-0.75,5,2
1772051652.835185,329914,0.03,0.16,-0.01,-88.37,-78.00,61.94,-0.50,-1.56,-1.12,-0.03,0.11,0.11,-141.75,45.69,203.06,0.00,0.62,-0.06,5,2
1772051653.025697,330105,-0.07,0.06,0.00,-88.12,-77.94,62.06,0.56,1.81,0.44,0.01,0.06,0.03,-141.75,45.75,203.06,0.37,-0.13,1.00,6,2
1772051653.216493,330295,0.03,-0.08,-0.13,-91.19,-77.87,62.31,0.25,1.81,-0.44,0.02,0.06,0.00,-141.87,45.75,203.06,-1.00,-0.75,1.12,5,2
1772051653.407147,330486,-0.04,-0.06,-0.04,-91.37,-77.94,62.44,-0.44,-0.75,-0.50,0.00,0.07,0.00,-141.87,45.81,203.06,0.00,0.19,0.25,5,2
1772051653.597836,330676,0.06,0.01,-0.05,-91.12,-77.87,62.31,-1.19,-0.50,0.62,0.01,0.09,0.06,-141.81,45.81,203.12,-0.62,0.13,0.06,3,1
1772051653.788659,330867,0.01,0.13,-0.02,-89.75,-77.75,61.88,-3.62,-1.25,1.06,0.00,0.05,0.10,-141.69,45.81,203.19,-0.69,0.50,-0.25,3,1
1772051653.979688,331058,-0.07,-0.03,-0.02,-88.75,-77.75,61.88,2.12,-2.19,0.56,0.01,0.07,0.02,-141.37,45.75,203.69,-0.88,0.25,-1.25,3,1
1772051654.169785,331248,0.00,-0.06,0.00,-88.12,-77.62,61.81,-1.12,-2.31,1.12,-0.05,0.10,0.07,-141.12,45.69,203.87,1.75,1.31,-0.94,3,2
1772051654.360589,331439,0.00,0.12,-0.04,-87.81,-77.44,61.44,1.87,2.06,0.81,0.02,0.09,0.05,-141.25,45.75,203.75,-1.81,-1.87,1.75,3,2
1772051654.551164,331630,0.04,0.03,-0.03,-89.69,-77.37,61.81,1.75,0.75,-0.19,-0.04,0.07,0.02,-141.44,45.56,204.00,0.62,-1.00,0.62,3,1
1772051654.741962,331821,0.03,0.09,-0.11,-89.75,-77.69,62.44,3.81,1.44,-2.81,0.00,0.05,0.03,-141.62,45.50,204.06,-0.25,-0.75,0.81,3,2
1772051654.932998,332011,-0.06,-0.13,0.02,-89.06,-78.12,63.31,2.44,-0.88,-2.25,-0.04,0.07,0.05,-141.50,45.44,204.25,0.69,1.12,-1.12,2,1
1772051655.123214,332202,0.00,-0.07,-0.14,-89.06,-78.31,63.19,-3.00,0.00,1.81,0.04,0.07,0.03,-141.37,45.63,203.62,4.00,3.62,0.13,3,1
1772051655.314076,332393,0.03,0.27,-0.10,-87.37,-77.56,61.50,0.13,-0.44,3.37,-0.01,0.07,0.08,-141.06,45.81,203.81,-0.50,1.50,-0.75,3,1
1772051655.504679,332583,0.03,-0.02,0.00,-87.12,-77.44,61.44,1.00,-2.50,-0.31,-0.01,0.07,0.03,-140.81,45.75,204.00,0.81,0.19,-0.06,3,1
1772051655.695301,332774,-0.02,0.09,0.00,-86.50,-77.37,61.38,-1.50,1.31,0.88,-0.02,0.07,0.03,-140.94,45.75,203.94,0.37,-0.81,0.56,3,2
1772051655.886301,332965,-0.07,0.00,0.05,-87.12,-77.50,61.56,0.31,-0.19,-1.44,-0.01,0.09,0.04,-141.12,45.75,203.62,1.00,-0.50,1.31,3,2
1772051656.076892,333155,0.00,0.00,-0.16,-89.62,-77.56,61.88,2.87,4.44,0.69,-0.04,0.06,0.09,-141.44,45.94,203.50,-2.94,-2.31,1.81,3,1
1772051656.267780,333346,-0.03,-0.10,0.01,-91.50,-77.81,62.50,3.50,-3.06,-4.31,-0.03,0.03,-0.02,-141.37,45.75,203.94,-0.25,0.13,-0.88,3,1
1772051656.457144,333536,0.05,-0.13,-0.06,-90.94,-78.25,63.19,-1.37,0.25,0.31,-0.01,0.05,0.01,-141.25,45.75,203.94,-0.37,1.44,0.00,2,1
1772051656.648609,333727,-0.14,0.33,-0.01,-89.00,-77.81,62.00,-4.44,0.56,4.31,0.03,0.05,0.07,-141.25,45.94,203.56,-0.88,-0.69,-0.69,2,1
1772051656.839963,333918,-0.05,0.06,0.00,-87.62,-77.62,61.31,-4.31,-2.94,-1.81,0.00,0.06,-0.01,-141.19,45.81,203.56,-0.62,0.44,-1.44,3,1
1772051657.030161,334109,0.00,-0.03,0.01,-87.62,-77.69,61.31,2.75,-0.44,3.56,-0.03,0.13,0.05,-140.75,45.75,204.25,-1.81,0.31,0.81,3,1
1772051657.220975,334300,-0.07,0.16,0.07,-88.75,-77.19,60.75,-0.13,3.12,2.00,0.00,0.00,-0.02,-140.69,45.81,204.31,0.13,-0.62,0.75,3,1
1772051657.411734,334490,0.06,-0.09,-0.11,-92.25,-77.06,61.13,2.37,-0.06,-1.00,-0.01,0.09,0.06,-140.75,45.75,204.44,0.19,0.00,-0.62,3,1
1772051657.601378,334680,-0.09,0.22,0.02,-91.37,-77.31,61.19,-3.00,1.62,-0.44,-0.03,0.02,0.00,-141.06,45.69,203.94,-0.69,-1.31,0.06,3,1
1772051657.793317,334872,-0.06,-0.07,0.02,-91.94,-77.44,61.56,-2.12,-1.31,-0.44,-0.03,0.01,-0.01,-141.12,45.75,203.75,0.75,0.13,-0.31,3,1
1772051657.983703,335062,-0.02,0.00,-0.06,-91.81,-77.37,61.25,0.62,0.13,0.13,-0.03,0.09,0.02,-141.06,45.75,203.81,0.37,0.50,0.00,3,1
1772051658.174788,335253,-0.02,0.03,-0.03,-91.62,-77.25,61.00,-0.50,-0.19,0.31,-0.02,0.04,0.04,-141.06,45.75,203.81,-0.13,-0.37,0.31,3,1
1772051658.365351,335444,0.00,0.00,-0.02,-89.81,-77.31,60.88,-2.81,-3.75,-1.06,-0.02,0.03,0.02,-141.06,45.75,203.81,0.06,0.56,-0.50,3,1
1772051658.556102,335635,0.01,-0.09,-0.02,-88.56,-77.37,61.00,-0.37,-1.75,0.69,-0.07,0.06,0.04,-140.81,45.75,204.25,-0.88,-0.44,0.00,3,1
1772051658.746934,335825,-0.06,-0.04,0.07,-87.00,-77.44,61.13,-0.06,-3.19,-0.81,0.05,0.01,-0.01,-140.81,45.81,204.12,0.88,0.19,0.31,3,1
1772051658.937287,336016,-0.04,0.00,0.00,-87.81,-77.31,61.19,3.94,3.12,1.56,-0.02,0.03,-0.01,-140.87,45.81,204.12,-0.25,-0.19,1.12,2,1
1772051659.128070,336207,0.00,0.23,-0.02,-89.12,-77.19,61.00,-1.25,0.88,-0.69,0.00,0.09,-0.01,-141.06,45.88,204.06,1.12,-0.31,0.06,2,1
1772051659.317565,336396,0.12,-0.28,-0.02,-90.00,-77.75,61.88,2.31,0.37,-2.94,0.00,-0.03,-0.01,-141.12,45.88,203.75,3.19,1.62,0.69,2,1
1772051659.508553,336588,0.04,0.01,-0.13,-91.00,-77.62,61.63,1.56,0.81,-0.37,0.03,0.03,0.08,-141.25,45.81,203.81,0.06,0.06,0.00,2,1
1772051659.700322,336779,0.00,0.02,0.00,-90.87,-77.69,61.56,-1.00,-0.69,-0.62,-0.07,0.06,0.00,-141.25,45.81,203.87,-0.62,-0.25,-0.06,3,1
1772051659.890990,336970,-0.07,0.10,0.07,-88.87,-77.69,61.38,-4.81,-2.87,-0.62,0.00,0.03,-0.02,-141.25,45.81,203.69,0.19,-0.56,0.44,3,1
1772051660.081422,337160,0.10,-0.13,-0.08,-89.06,-77.81,61.56,1.06,0.81,-0.62,0.00,0.01,0.00,-141.25,45.81,203.69,0.06,-0.25,0.06,4,1
1772051660.272405,337351,0.00,-0.06,0.00,-88.94,-77.81,61.56,0.56,-0.88,-0.69,-0.02,0.06,0.00,-141.25,45.81,203.69,-0.25,0.31,-0.25,3,1
1772051660.463081,337542,0.01,0.06,-0.02,-88.44,-77.75,61.38,-1.56,-0.19,1.12,-0.03,0.08,0.03,-141.25,45.81,203.69,0.25,0.37,-0.06,3,1
1772051660.653700,337733,0.01,0.07,-0.04,-88.37,-77.69,61.31,0.50,0.25,-0.37,0.00,0.05,0.03,-141.12,45.81,203.87,-2.44,0.00,-0.88,3,1
1772051660.844603,337923,0.02,0.03,-0.04,-88.06,-77.56,61.31,0.50,-1.31,1.12,-0.04,0.07,0.00,-140.81,45.75,204.31,-0.25,0.56,-1.12,3,1
1772051661.035355,338114,-0.05,-0.02,0.07,-86.75,-77.50,61.31,-1.62,-1.56,0.50,-0.03,0.09,0.02,-140.75,45.75,204.25,1.50,0.50,-0.06,4,1
1772051661.224641,338303,-0.01,0.09,0.00,-86.50,-77.31,61.00,0.44,1.44,2.25,-0.02,0.09,0.09,-140.87,45.81,204.25,-1.62,-1.81,1.69,3,1
1772051661.415972,338495,0.00,0.00,0.05,-87.56,-77.31,61.06,2.69,-0.06,-1.75,-0.06,0.09,0.00,-141.06,45.69,204.50,1.06,-0.50,-0.50,3,1
1772051661.607205,338686,0.16,0.01,-0.14,-89.62,-77.37,61.38,2.12,2.31,-0.06,-0.09,0.06,0.03,-141.25,45.75,204.37,0.13,0.31,0.81,2,1
1772051661.798197,338877,-0.08,-0.11,0.02,-88.75,-77.50,61.50,-1.50,-0.94,0.06,-0.01,0.00,0.01,-141.19,45.81,204.12,0.37,-0.25,0.50,2,1
1772051661.988967,339067,0.00,-0.16,-0.10,-89.62,-77.56,61.56,-0.13,-0.06,-0.62,-0.07,0.21,0.10,-141.06,45.81,204.25,3.19,2.75,-0.81,2,1
1772051662.179367,339258,0.16,0.20,-0.09,-88.12,-77.12,60.50,0.13,1.62,2.50,-0.03,0.08,0.09,-141.12,45.94,203.94,0.56,0.37,-0.44,4,2
1772051662.370219,339449,0.03,-0.01,-0.04,-88.06,-77.25,60.69,1.87,0.44,-1.00,-0.02,0.10,-0.01,-141.12,45.88,204.00,-0.19,-0.62,-0.19,4,2
1772051662.561053,339640,-0.06,-0.10,0.00,-86.62,-77.44,61.06,-1.19,-3.50,-0.31,0.00,0.04,0.00,-141.00,45.88,204.12,-0.06,0.00,-0.13,4,2
1772051662.751642,339830,-0.01,-0.07,0.00,-85.75,-77.25,60.94,1.31,-1.44,0.50,-0.03,0.06,0.04,-140.81,45.94,204.25,1.44,0.44,-0.25,4,2
1772051662.942240,340021,0.01,-0.09,-0.07,-85.12,-77.19,60.63,0.13,-1.69,0.13,0.00,0.08,0.05,-140.75,46.00,204.12,0.25,0.88,-0.06,4,2
1772051663.133041,340212,-0.04,0.15,0.08,-83.00,-77.00,60.06,-1.12,-0.50,0.37,-0.06,0.11,0.04,-140.75,46.06,204.00,-0.19,0.50,-0.37,4,2
1772051663.323433,340402,0.00,0.14,0.02,-83.31,-76.94,60.00,-1.81,0.81,0.81,0.01,0.08,0.00,-140.69,46.06,203.94,-0.25,-0.25,0.62,3,2
1772051663.514397,340593,-0.05,0.07,-0.05,-84.44,-77.00,60.06,1.81,2.06,0.13,0.00,0.09,0.09,-140.75,46.00,204.00,0.25,-1.06,0.19,4,2
1772051663.705076,340784,0.00,-0.09,-0.05,-85.94,-77.19,60.38,1.69,0.88,0.37,-0.04,0.10,0.00,-140.87,45.94,203.94,-0.13,-0.75,0.19,4,2
1772051663.895644,340975,-0.05,-0.07,0.02,-86.25,-77.12,60.31,1.50,-1.50,0.00,-0.04,0.12,0.00,-140.94,45.94,204.00,0.25,-0.19,0.13,4,2
1772051664.086548,341165,0.01,0.01,-0.01,-85.06,-77.06,60.19,-0.19,-2.06,-0.44,-0.04,0.08,0.06,-140.94,46.00,203.94,0.00,-0.19,0.81,2,1
1772051664.275987,341355,0.00,0.01,-0.08,-83.87,-77.12,60.31,0.31,-0.94,-1.31,0.01,0.06,0.02,-140.87,46.00,204.06,-1.31,0.31,-0.75,3,1
1772051664.467621,341546,-0.07,-0.08,0.05,-82.62,-77.19,60.56,0.25,-1.00,0.19,-0.10,0.15,0.00,-140.62,46.00,204.12,1.50,1.87,-1.19,3,1
1772051664.658340,341737,-0.11,0.26,0.09,-82.19,-76.87,60.13,0.56,1.50,2.75,0.05,0.10,0.08,-140.81,46.13,203.81,-0.88,-2.06,2.19,3,1
1772051664.849499,341928,-0.06,0.07,-0.06,-84.62,-76.69,60.38,0.13,-1.81,-2.75,0.00,0.05,0.03,-141.12,46.06,204.12,-1.69,-2.25,1.56,3,2
1772051665.039057,342118,0.00,-0.07,0.01,-83.50,-77.50,61.75,4.75,-1.69,-6.81,-0.01,0.04,-0.08,-141.19,45.75,204.50,-1.19,-1.37,-0.88,4,2
1772051665.228635,342307,0.04,-0.27,-0.05,-81.50,-78.31,62.94,-4.12,-4.06,-1.44,-0.10,0.21,0.08,-140.94,45.69,204.50,3.25,3.94,-1.62,4,2
1772051665.420735,342500,0.00,0.44,0.03,-78.62,-77.94,61.56,-3.50,2.31,3.94,-0.05,0.11,0.09,-140.87,45.88,204.12,0.37,1.12,-0.31,3,2
1772051665.611829,342691,0.01,0.04,0.00,-80.06,-77.75,61.25,0.88,-0.13,-0.62,-0.02,0.03,0.00,-140.94,45.88,204.00,-0.69,-0.56,0.88,3,2
1772051665.802642,342881,0.02,-0.12,-0.08,-82.12,-77.87,61.56,3.56,2.31,-0.56,-0.04,0.07,0.00,-140.69,45.88,204.31,-1.12,-0.13,0.25,3,2
1772051665.993287,343072,-0.03,-0.01,0.03,-82.87,-77.94,61.94,0.69,-1.00,0.06,-0.04,0.08,0.04,-140.56,45.81,204.50,0.13,0.06,0.13,3,2
1772051666.182678,343262,0.02,0.07,0.00,-83.06,-77.75,61.88,2.25,0.94,1.06,-0.01,0.07,0.05,-140.62,45.81,204.69,-1.37,-1.25,0.81,2,2
1772051666.374425,343453,-0.15,0.12,0.01,-84.87,-77.81,62.38,6.50,3.50,-0.56,-0.09,0.09,0.03,-140.69,45.69,204.87,1.25,0.31,-0.81,3,2
1772051666.565920,343644,-0.05,-0.05,-0.04,-87.50,-77.87,63.44,-4.37,-1.06,-1.00,-0.04,0.06,-0.01,-140.75,45.69,204.69,0.37,0.56,-0.25,3,2
1772051666.756416,343835,0.00,0.11,-0.06,-86.87,-77.81,63.06,-1.94,0.88,1.19,-0.04,0.12,0.03,-140.62,45.69,204.87,-1.00,0.19,-0.25,3,2
1772051666.946956,344026,-0.08,0.04,0.11,-84.69,-77.75,62.81,-4.44,-4.50,0.94,0.02,0.01,0.02,-140.75,45.75,204.50,0.94,-0.44,1.12,3,1
1772051667.136631,344215,0.04,-0.14,-0.07,-83.87,-77.69,62.44,-0.19,0.75,-0.88,-0.02,0.10,0.04,-140.94,45.81,204.31,1.37,0.25,0.37,3,2
1772051667.327858,344407,0.04,0.00,-0.08,-83.94,-77.75,62.25,0.50,0.56,-0.37,-0.01,0.11,0.02,-141.12,45.88,204.00,0.25,0.44,0.44,4,3
1772051667.519260,344598,-0.01,0.11,-0.07,-83.94,-77.75,62.13,-0.62,-0.06,-0.19,0.00,0.10,-0.03,-141.12,45.81,204.00,-1.06,-1.06,0.44,4,3
1772051667.709914,344789,0.04,-0.03,-0.05,-83.19,-77.81,62.25,-1.00,-1.00,0.19,-0.03,0.05,0.00,-141.06,45.81,204.12,-2.06,-0.56,0.31,4,3
1772051667.900748,344979,-0.09,0.20,0.05,-80.12,-78.06,61.25,-7.81,-0.37,-0.81,-0.07,0.11,0.04,-141.06,45.69,204.44,0.19,-0.88,-0.62,3,3
1772051668.091192,345170,-0.05,-0.03,0.03,-79.56,-78.19,61.44,1.06,-1.00,-1.69,-0.01,0.12,0.06,-141.06,45.69,204.50,1.12,0.19,-0.37,3,3
1772051668.282061,345361,0.00,0.13,-0.08,-80.19,-78.25,61.63,2.00,1.81,0.44,-0.01,0.08,0.02,-141.12,45.69,204.37,-1.06,-0.19,0.31,3,3
1772051668.472595,345552,-0.08,-0.04,0.02,-80.87,-78.25,61.94,0.50,0.00,-0.25,-0.02,0.11,0.00,-141.12,45.69,204.44,1.00,0.50,-0.50,3,3
1772051668.663279,345742,0.00,-0.06,-0.06,-81.69,-78.31,61.94,0.69,0.62,0.13,0.01,0.09,0.04,-141.12,45.69,204.31,-0.25,0.37,0.44,2,2
1772051668.854035,345933,-0.04,0.06,-0.01,-82.37,-78.12,61.63,-0.13,1.00,0.44,-0.07,0.19,0.07,-141.12,45.69,204.37,-0.31,0.44,-0.69,3,2
1772051669.044747,346124,0.01,0.10,-0.01,-83.12,-78.06,61.50,-0.69,0.75,0.37,-0.02,0.11,0.07,-141.12,45.75,204.25,-0.44,0.69,0.13,2,2
1772051669.235637,346315,0.05,0.01,-0.06,-83.75,-78.00,61.50,0.31,0.37,-0.19,-0.06,0.09,0.05,-141.00,45.75,204.50,0.25,-0.13,-0.56,2,1
1772051669.426024,346505,0.02,0.16,-0.06,-84.19,-78.00,61.56,5.81,0.44,3.31,-0.01,0.08,0.02,-140.94,45.75,204.19,2.31,2.87,-0.25,2,1
1772051669.616667,346696,0.09,0.03,-0.17,-85.75,-77.44,61.88,-1.37,1.87,0.06,-0.02,0.08,0.03,-141.00,45.88,203.94,0.56,0.25,0.13,2,1
1772051669.807621,346887,0.00,0.05,-0.08,-85.37,-77.44,61.63,-0.75,0.13,0.31,-0.06,0.08,0.03,-141.06,45.88,203.94,-0.56,-0.25,0.31,2,1
1772051669.998177,347077,0.00,0.04,-0.10,-85.19,-77.44,61.56,-1.87,-0.13,1.00,-0.04,0.10,0.07,-141.00,45.88,203.94,-0.81,0.25,0.37,2,1
1772051670.188995,347268,0.05,0.12,-0.06,-84.69,-77.37,61.44,-0.56,-0.56,0.19,-0.04,0.11,0.00,-141.06,45.88,203.94,-0.75,0.19,0.13,3,1
1772051670.379842,347459,0.06,0.02,-0.08,-84.25,-77.37,61.50,-1.50,-1.12,-0.25,-0.03,0.07,0.05,-141.00,45.88,203.94,0.25,0.56,-0.19,3,1
1772051670.570505,347649,-0.02,0.03,-0.05,-83.62,-77.37,61.44,-1.19,-0.69,0.88,-0.05,0.10,0.08,-141.00,45.88,203.87,-0.25,-0.13,0.37,3,1
1772051670.761000,347840,-0.02,0.10,0.03,-82.87,-77.25,61.13,0.13,-1.00,-0.25,-0.05,0.10,0.05,-141.00,45.88,203.94,-0.50,-0.88,0.19,2,1
1772051670.950801,348029,0.01,-0.05,-0.04,-82.37,-77.44,61.31,-0.19,-0.88,-1.19,-0.01,0.08,0.08,-141.00,45.81,204.00,-0.06,-0.19,-1.12,2,1
1772051671.141832,348221,0.05,0.06,-0.03,-82.37,-77.69,61.13,0.44,0.44,0.19,-0.07,0.12,0.00,-140.94,45.75,204.25,-0.19,0.13,0.00,2,1
1772051671.332827,348412,-0.05,0.21,0.01,-83.00,-77.44,61.38,5.25,0.69,1.94,0.00,0.06,0.06,-140.94,45.75,204.50,-1.19,-1.50,1.94,3,1
1772051671.523936,348603,0.00,-0.27,-0.11,-85.44,-77.31,62.69,2.19,-2.44,-3.87,0.01,-0.01,0.00,-141.12,45.63,204.62,-0.62,-2.37,1.25,3,1
1772051671.714977,348794,-0.05,-0.11,-0.04,-83.75,-77.87,63.19,-0.44,-1.81,-3.37,-0.04,0.15,0.07,-141.12,45.56,204.69,-0.69,0.31,-0.44,3,1
1772051671.903983,348983,0.05,0.00,-0.10,-83.69,-77.87,63.00,-0.56,0.44,0.94,-0.08,0.15,0.08,-140.87,45.63,204.87,0.13,1.81,-0.62,2,1
1772051672.095290,349175,0.02,0.27,0.00,-83.00,-77.56,62.13,-3.75,0.06,1.94,-0.04,0.12,0.10,-140.75,45.75,204.62,0.00,0.25,0.75,2,1
1772051672.286452,349365,0.11,0.07,-0.12,-83.44,-77.50,61.50,-5.00,1.19,-1.62,0.02,0.01,0.00,-140.75,45.69,204.56,-0.13,-0.94,0.37,2,1
1772051672.477338,349556,-0.06,0.15,-0.01,-82.94,-77.75,61.13,2.12,1.31,-0.69,-0.07,0.11,0.00,-140.75,45.56,204.87,-1.12,-0.69,0.00,2,1
1772051672.667659,349747,0.00,0.14,0.01,-84.37,-77.87,61.94,8.06,2.12,2.50,-0.03,0.11,0.00,-140.75,45.56,204.94,0.37,1.06,0.31,3,1
1772051672.858775,349938,0.02,0.13,-0.17,-86.37,-77.56,62.69,-3.06,2.75,0.06,-0.07,0.05,0.03,-140.87,45.63,204.87,-0.44,-1.00,0.56,2,1
1772051673.049833,350129,-0.12,-0.08,0.09,-85.31,-77.75,62.94,0.37,-4.62,-1.62,-0.03,0.02,0.02,-140.94,45.56,204.94,0.81,-0.06,-0.13,2,1
1772051673.240616,350319,-0.01,0.00,0.02,-83.31,-77.87,62.81,-6.06,-2.62,-0.37,-0.01,0.06,0.07,-141.12,45.63,204.50,-1.00,-0.69,1.19,2,1
1772051673.431127,350510,0.02,-0.08,-0.04,-83.06,-77.87,62.13,-0.81,0.44,0.88,-0.04,0.09,0.04,-141.06,45.69,204.31,-0.06,0.19,0.25,2,1
1772051673.622080,350701,-0.05,-0.02,-0.07,-83.44,-77.69,61.88,1.94,1.31,0.56,-0.03,0.10,0.05,-140.94,45.75,204.50,-0.31,0.88,-0.37,2,1
1772051673.812246,350892,0.03,0.12,-0.01,-84.25,-77.50,61.75,1.44,0.56,1.12,-0.04,0.12,0.09,-141.06,45.75,204.50,-1.25,-0.62,0.94,3,1
1772051674.003722,351083,0.09,0.04,-0.06,-85.81,-77.44,62.00,0.00,1.56,0.06,-0.03,0.04,0.04,-141.12,45.69,204.75,0.19,-0.94,0.69,2,1
1772051674.195247,351274,-0.05,-0.03,-0.11,-85.69,-77.69,62.50,1.75,-0.50,-2.50,-0.01,0.04,0.03,-141.12,45.50,205.12,0.19,0.31,-1.75,2,1
1772051674.385327,351465,0.06,0.01,-0.03,-84.00,-77.69,62.56,-0.44,-3.12,0.62,0.03,0.03,0.03,-140.81,45.31,206.12,4.75,1.69,0.94,3,1
1772051674.575795,351655,0.08,0.07,-0.11,-82.81,-77.37,62.00,-0.25,0.37,0.31,0.00,0.07,0.04,-140.69,45.31,206.25,1.69,0.75,-0.62,3,1
1772051674.765665,351845,-0.05,0.02,0.09,-80.94,-77.56,62.38,-0.56,-2.06,-2.94,-0.04,0.09,0.03,-141.06,45.31,205.56,3.37,0.56,-1.19,3,1
1772051674.956556,352036,-0.13,0.06,-0.02,-78.56,-78.12,62.38,-8.19,0.50,-3.50,0.04,0.09,0.02,-141.25,45.31,205.37,1.06,-1.00,0.13,3,1
1772051675.147155,352226,0.00,-0.04,0.02,-79.50,-78.37,62.56,3.44,1.56,-1.50,-0.02,0.09,0.05,-141.31,45.25,205.31,0.19,0.31,0.37,3,1
1772051675.337932,352417,0.01,0.00,-0.09,-82.94,-78.25,63.31,11.88,3.62,3.56,-0.07,0.06,0.02,-141.25,45.25,205.44,-1.37,-0.88,0.75,3,1
1772051675.528671,352608,0.03,0.02,0.00,-84.12,-78.31,63.88,-1.69,-2.31,0.37,0.04,0.03,0.02,-141.31,45.31,205.44,-1.12,-1.25,0.94,4,1
1772051675.719365,352798,0.00,-0.03,-0.02,-83.56,-78.31,63.88,-0.13,-1.37,-1.37,0.00,0.02,0.02,-141.37,45.25,205.44,-0.81,-0.88,0.44,3,1
1772051675.910886,352990,-0.07,-0.05,0.04,-82.87,-78.37,64.06,-0.31,-0.62,0.00,-0.04,0.01,0.05,-141.44,45.31,205.31,-0.50,-0.37,0.81,4,1
1772051676.101744,353181,-0.01,0.06,-0.05,-83.37,-78.25,63.81,-0.75,0.50,0.88,0.01,0.01,0.01,-141.44,45.31,205.31,-0.37,-0.31,0.44,4,0
1772051676.292652,353372,-0.03,0.01,-0.01,-83.25,-78.25,63.69,-1.12,-2.31,0.44,0.00,0.04,0.04,-141.37,45.31,205.31,-0.37,0.25,-0.19,3,0
1772051676.482721,353562,0.07,0.13,-0.10,-81.56,-78.06,63.19,-3.62,-2.06,-0.06,0.00,0.04,0.05,-141.31,45.31,205.50,-0.19,0.00,-1.25,3,0
1772051676.673249,353752,-0.08,0.09,0.02,-78.87,-78.19,62.56,-3.19,0.44,-0.25,-0.10,0.08,0.06,-141.12,45.19,205.94,-0.75,-0.13,-0.94,3,0
1772051676.864516,353944,-0.19,-0.02,0.00,-78.37,-78.19,62.44,-2.12,-0.44,0.62,-0.01,0.01,0.04,-141.06,45.13,205.87,1.25,0.19,-0.44,3,0
1772051677.055720,354135,0.03,-0.01,-0.04,-79.37,-78.19,62.25,1.19,-0.19,-1.69,-0.04,0.09,0.07,-141.12,45.13,205.75,0.81,0.25,-0.19,3,0
1772051677.247672,354327,0.00,0.10,-0.02,-79.62,-78.31,62.31,-0.50,1.62,0.75,-0.08,0.08,-0.02,-141.19,45.13,205.69,0.69,-0.37,0.19,3,1
1772051677.436867,354516,0.03,-0.07,-0.01,-80.50,-78.37,62.63,2.06,1.75,1.19,-0.01,0.09,0.00,-141.19,45.13,205.75,0.44,-0.06,0.31,2,1
1772051677.626678,354706,0.00,0.06,-0.05,-80.62,-78.37,62.63,-0.94,0.81,0.62,0.00,0.09,0.09,-141.19,45.19,205.69,0.37,0.81,0.25,3,1
1772051677.818374,354897,0.01,0.09,-0.04,-80.44,-78.31,62.38,-0.19,-0.50,0.00,-0.01,0.08,0.04,-141.19,45.19,205.56,0.00,-0.25,0.00,2,1
1772051678.009835,355089,-0.02,0.04,0.02,-79.75,-78.37,62.50,-1.56,-0.25,0.44,-0.03,0.06,0.05,-141.19,45.19,205.56,0.50,0.13,0.00,2,1
1772051678.203671,355283,0.00,0.05,-0.04,-79.94,-78.37,62.44,0.56,-0.25,-0.69,-0.02,0.07,0.02,-141.25,45.19,205.56,-0.37,-0.69,0.25,2,1
1772051678.397392,355477,-0.03,0.01,0.03,-79.56,-78.37,62.44,0.50,-0.81,-0.31,-0.07,0.07,0.09,-141.25,45.19,205.62,0.25,0.31,0.19,3,1
1772051678.588573,355668,0.00,0.09,0.00,-80.19,-78.37,62.44,2.19,1.62,0.00,0.01,0.07,0.07,-141.25,45.19,205.56,-0.81,-0.25,0.81,3,2
1772051678.779459,355859,0.01,0.03,-0.03,-82.12,-78.44,62.75,3.50,1.75,0.50,-0.01,0.08,0.04,-141.31,45.25,205.56,-0.13,0.25,0.25,3,2
1772051678.971049,356050,-0.02,-0.03,-0.03,-82.62,-78.25,63.13,-1.44,-0.25,-0.75,-0.01,0.03,0.06,-141.31,45.25,205.50,0.06,0.37,0.25,3,2
1772051679.162380,356242,-0.01,0.13,-0.07,-82.37,-78.12,62.88,-0.94,0.25,1.62,-0.02,0.07,0.08,-141.19,45.25,205.69,0.19,0.69,-0.06,3,2
1772051679.353529,356433,0.00,0.04,0.01,-82.00,-78.12,62.75,0.19,-0.88,0.81,-0.01,0.06,0.01,-141.19,45.19,205.75,-0.44,-0.06,-0.25,3,1
1772051679.543902,356623,0.06,0.08,-0.05,-81.69,-78.06,62.50,-1.44,-0.44,0.00,-0.01,0.08,0.07,-141.19,45.19,205.75,0.75,-0.13,-0.31,2,1
1772051679.734100,356813,-0.01,0.08,0.03,-80.44,-78.25,62.44,-2.00,1.19,-0.56,0.00,0.06,0.06,-141.25,45.19,205.69,-0.81,0.00,0.06,3,1
1772051679.925687,357005,0.02,0.00,-0.07,-81.56,-78.19,62.38,-0.50,0.88,2.19,-0.01,0.06,0.06,-140.87,45.13,206.19,-2.87,-0.88,0.56,3,2
1772051680.116608,357196,0.06,-0.03,0.01,-81.56,-77.75,62.13,-0.75,-3.56,2.31,-0.01,0.15,0.16,-140.37,45.19,206.50,0.50,0.44,-0.75,4,2
1772051680.308730,357388,0.01,0.11,0.03,-80.19,-77.44,61.75,5.44,0.88,-2.19,-0.05,0.13,0.06,-140.25,45.19,206.94,-0.19,-0.44,-0.44,4,2
1772051680.498150,357577,-0.02,0.12,0.03,-79.25,-77.69,62.00,-1.19,-2.69,-1.37,-0.03,0.07,0.05,-140.56,45.13,206.50,1.69,0.56,-0.31,4,2
1772051680.687681,357767,0.03,0.10,-0.12,-79.69,-77.94,62.31,2.50,5.12,1.37,0.07,0.03,0.00,-140.25,45.25,206.44,-0.37,0.88,0.62,5,2
1772051680.878929,357958,0.08,0.00,0.01,-82.19,-77.69,62.69,6.00,0.56,0.37,-0.20,0.20,0.16,-140.06,45.31,206.75,2.06,1.87,-1.44,5,2
1772051681.070924,358150,0.09,0.23,-0.11,-81.81,-77.44,62.50,-1.19,2.62,-0.06,-0.06,0.04,0.06,-140.12,45.19,207.06,-0.44,-1.50,-0.06,5,2
1772051681.262173,358341,-0.11,-0.10,0.09,-80.56,-77.87,63.13,-0.94,-4.19,0.56,0.00,-0.02,0.03,-140.31,45.19,206.87,0.44,-0.56,1.81,5,2
1772051681.451489,358531,0.11,-0.05,-0.07,-80.62,-77.75,62.69,-2.00,0.13,-1.19,-0.03,0.01,0.02,-140.56,45.31,206.44,1.19,0.31,0.44,6,2
1772051681.641193,358721,-0.04,0.05,-0.05,-80.50,-77.87,62.56,1.87,2.19,0.31,-0.05,0.07,0.06,-140.56,45.31,206.37,0.00,0.56,0.81,5,2
1772051681.832164,358912,-0.10,0.14,0.00,-81.62,-77.75,62.50,4.19,1.44,1.50,0.00,0.00,0.02,-140.56,45.38,206.31,0.31,-0.25,0.25,5,2
1772051682.023538,359103,0.02,-0.01,-0.10,-83.31,-77.75,62.75,-0.56,-1.12,-1.19,0.01,0.04,0.03,-140.62,45.31,206.37,-0.31,-0.44,0.06,4,2
1772051682.215088,359294,-0.07,0.04,-0.04,-82.19,-77.81,62.81,-0.62,-0.37,0.37,-0.01,0.06,0.02,-140.62,45.25,206.37,-0.44,-0.56,-0.25,4,2
1772051682.404219,359484,-0.01,0.00,0.00,-81.37,-77.87,62.81,-0.75,-1.44,0.37,-0.01,0.06,0.06,-140.69,45.25,206.31,0.06,0.00,0.19,4,2
1772051682.594935,359674,0.00,-0.03,-0.10,-80.94,-77.81,62.63,-2.31,0.62,1.19,-0.11,0.06,-0.07,-140.69,45.19,206.25,-0.56,-0.69,0.50,3,1
1772051682.785713,359865,-0.01,0.01,0.00,-79.69,-77.75,62.50,-3.44,0.56,-0.25,0.01,0.05,0.04,-140.69,45.25,206.19,0.31,0.44,0.62,3,1
1772051682.977472,360057,-0.02,0.02,-0.06,-80.19,-77.81,62.31,0.44,1.00,-0.25,-0.04,0.03,0.06,-140.69,45.25,206.12,-0.56,-0.06,-0.19,4,3
1772051683.170315,360250,-0.07,0.08,0.00,-81.50,-77.81,62.31,2.12,2.50,0.62,-0.02,0.09,-0.02,-140.62,45.31,206.19,-1.25,-0.13,-0.06,4,3
1772051683.359801,360439,0.11,-0.04,-0.09,-83.37,-77.62,62.44,-2.44,-1.62,2.06,-0.03,0.10,0.03,-140.50,45.31,206.37,-0.19,-0.44,-0.13,4,3
1772051683.550006,360629,-0.04,-0.04,-0.01,-81.25,-77.50,62.13,0.25,-0.94,0.19,-0.02,0.06,0.05,-140.50,45.25,206.56,0.56,-1.06,0.88,4,3
1772051683.742385,360822,-0.10,0.01,0.03,-79.00,-77.56,61.94,-2.75,-3.31,-2.00,0.04,0.03,0.04,-140.69,45.31,206.25,0.06,-0.81,0.81,4,2
1772051683.935525,361015,-0.03,-0.03,-0.08,-78.50,-77.75,62.06,2.56,0.75,-1.50,-0.03,0.07,0.06,-140.75,45.38,206.12,-0.13,0.31,0.00,4,2
1772051684.128232,361208,-0.07,0.11,0.02,-78.62,-77.62,61.88,1.12,-0.06,-0.94,-0.05,0.06,0.05,-140.81,45.38,206.06,0.19,0.31,0.31,4,2
1772051684.319713,361399,0.08,0.08,-0.05,-80.06,-77.62,62.00,-1.25,2.06,1.87,-0.04,0.06,0.04,-140.81,45.38,206.06,0.00,-0.19,0.62,3,2
1772051684.510839,361590,-0.06,0.04,0.03,-80.37,-77.69,62.13,2.37,0.56,-0.81,-0.03,0.08,0.10,-140.87,45.44,206.00,0.44,0.81,-0.19,3,2
1772051684.701580,361781,0.06,0.07,-0.10,-82.06,-77.56,62.00,-0.69,0.62,0.69,0.00,0.00,0.02,-140.81,45.44,206.00,0.13,0.44,-0.69,3,2
1772051684.893501,361973,0.05,0.01,-0.06,-82.00,-77.56,62.00,-0.69,-0.62,-1.19,-0.04,0.06,0.03,-140.81,45.38,206.06,0.69,-0.06,-0.31,2,1
1772051685.084488,362164,0.00,0.04,-0.08,-80.50,-77.56,61.88,-2.44,-2.00,0.19,0.00,0.06,0.07,-140.87,45.38,206.00,0.50,0.37,-0.19,2,1
1772051685.277339,362357,0.01,0.10,0.00,-78.75,-77.56,61.88,-1.31,-2.19,-1.62,0.00,0.07,0.05,-140.87,45.38,206.00,0.69,0.19,0.06,3,1
1772051685.466677,362546,-0.01,0.02,0.00,-78.12,-77.75,62.13,0.25,1.44,0.56,-0.06,0.09,0.03,-140.87,45.38,206.06,-0.13,0.37,0.37,2,0
1772051685.656697,362736,0.00,0.10,-0.06,-79.25,-77.81,62.19,1.25,0.75,-0.31,-0.01,0.11,0.08,-140.75,45.38,206.12,-1.00,0.75,-0.06,2,1
1772051685.848758,362928,0.00,0.13,-0.03,-79.31,-77.81,62.25,-1.25,-0.19,1.19,-0.01,0.07,0.04,-140.69,45.38,206.19,-0.25,0.06,-0.06,2,1
1772051686.041188,363121,0.00,0.00,-0.03,-79.19,-77.81,62.31,0.37,0.37,-0.06,-0.04,0.10,0.03,-140.69,45.38,206.19,0.94,0.81,-1.00,3,1
1772051686.234176,363314,-0.01,0.00,-0.09,-79.87,-77.75,62.19,-0.50,1.37,1.06,-0.01,0.13,-0.05,-140.50,45.44,206.19,0.19,2.44,-1.69,3,1
1772051686.426571,363506,0.09,0.26,0.00,-80.25,-77.37,61.56,1.62,-0.37,2.62,-0.03,0.12,0.12,-140.31,45.56,206.44,-1.44,1.19,0.75,3,1
1772051686.616156,363695,-0.09,-0.01,0.05,-80.19,-77.19,61.75,-2.31,-0.50,0.31,-0.03,0.01,0.02,-140.19,45.56,206.50,0.25,-1.00,1.69,3,1
1772051686.805610,363885,0.10,-0.11,-0.15,-81.87,-77.25,61.88,2.94,0.19,-3.25,-0.03,0.10,0.10,-140.44,45.56,206.56,0.50,-1.25,0.88,4,1
1772051686.997849,364077,-0.10,0.08,-0.05,-80.81,-77.56,62.31,2.06,0.25,-0.62,-0.07,0.07,0.04,-140.62,45.50,206.62,-0.88,-0.88,0.50,3,1
1772051687.189937,364269,0.02,0.03,-0.04,-80.31,-77.69,62.69,-1.56,-0.88,0.31,-0.03,0.03,0.04,-140.62,45.50,206.62,-0.13,-0.19,0.62,3,1
1772051687.381481,364461,0.00,0.05,-0.03,-80.12,-77.75,62.69,-0.25,-0.62,-1.44,-0.03,-0.01,0.07,-140.62,45.44,206.62,1.44,0.37,-0.62,3,1
1772051687.572536,364652,-0.11,-0.06,-0.06,-80.75,-77.69,62.63,0.19,1.37,0.56,-0.03,0.04,0.04,-140.56,45.50,206.62,-1.50,0.31,-0.19,3,1
1772051687.761913,364841,0.14,0.10,-0.09,-81.81,-77.56,62.25,-1.37,0.37,-1.06,-0.12,0.11,0.01,-140.44,45.44,206.75,1.00,0.69,-1.31,3,1
1772051687.953802,365033,-0.10,0.11,0.02,-77.94,-77.69,62.25,-4.44,-4.87,-0.50,0.01,0.04,0.06,-140.56,45.44,206.25,0.00,-0.50,-0.37,2,1
1772051688.145614,365225,-0.04,0.03,-0.03,-75.25,-77.56,62.13,-3.25,-3.50,-0.44,-0.08,0.10,0.00,-140.56,45.38,206.19,1.75,0.69,-0.94,3,1
1772051688.337546,365417,-0.04,0.00,-0.02,-73.75,-77.56,61.94,0.25,0.31,-0.06,-0.03,0.12,0.05,-140.56,45.38,206.00,0.25,0.69,0.13,3,0
1772051688.527290,365607,0.00,0.12,-0.02,-75.25,-77.50,61.56,-0.88,2.12,0.31,-0.04,0.12,0.04,-140.56,45.38,206.00,0.31,-0.44,0.06,3,1
1772051688.717618,365797,0.05,0.14,-0.06,-77.37,-77.62,61.56,-0.56,2.81,0.31,-0.12,0.07,-0.02,-140.69,45.38,205.87,0.56,-0.44,0.81,3,0
1772051688.909868,365989,-0.01,-0.08,-0.12,-78.25,-77.75,61.94,1.81,1.19,0.31,-0.09,0.08,-0.02,-140.75,45.38,205.94,0.56,0.25,0.25,3,1
1772051689.101795,366181,-0.01,-0.01,-0.05,-77.75,-77.75,62.00,-0.75,0.56,1.00,-0.01,0.11,0.04,-140.69,45.44,205.87,-0.37,0.37,0.31,3,1
1772051689.293737,366373,0.00,0.12,-0.04,-77.75,-77.62,61.75,0.25,0.13,0.50,-0.06,0.07,0.01,-140.69,45.44,205.81,-0.19,-0.44,0.50,3,1
1772051689.486312,366566,-0.04,-0.02,-0.02,-77.56,-77.62,61.81,-0.06,0.19,-0.19,-0.01,0.07,0.00,-140.69,45.44,205.87,-0.13,-0.37,0.50,3,1
1772051689.678053,366758,0.03,0.04,-0.08,-77.56,-77.62,61.81,-0.06,0.00,-0.25,-0.03,0.04,0.00,-140.75,45.50,205.81,0.00,-0.13,0.06,3,1
1772051689.868917,366948,-0.03,-0.02,-0.05,-77.25,-77.62,61.81,-0.13,-1.25,-0.06,-0.05,0.05,0.05,-140.75,45.50,205.87,-0.06,-0.19,0.25,3,1
1772051690.061093,367140,0.02,0.03,-0.06,-76.56,-77.56,61.69,-1.12,-0.88,0.25,-0.03,0.05,0.00,-140.75,45.50,205.87,-0.31,-0.13,0.13,3,1
1772051690.252833,367332,0.04,0.01,-0.05,-76.44,-77.62,61.81,0.31,1.50,-0.75,-0.01,0.06,0.00,-140.75,45.50,205.87,-0.25,0.31,0.31,3,1
1772051690.444832,367524,-0.06,0.00,-0.11,-77.75,-77.75,61.88,1.00,2.69,0.25,0.04,0.02,0.00,-140.56,45.50,206.06,-1.81,0.88,-0.19,3,1
1772051690.635043,367715,0.07,0.01,-0.11,-80.06,-77.44,61.94,0.88,-0.56,1.50,-0.10,0.10,0.08,-140.37,45.50,206.37,0.06,0.06,0.13,2,1
1772051690.824947,367904,-0.11,0.15,0.04,-77.75,-77.31,62.06,0.19,-1.75,-2.56,-0.09,0.08,0.01,-140.50,45.31,206.75,-0.06,-1.44,-1.62,3,1
1772051691.017099,368096,-0.02,-0.18,-0.04,-76.62,-78.06,63.00,-0.75,-1.62,-2.87,-0.07,0.04,0.05,-140.69,45.19,206.44,1.56,1.62,0.13,3,1
1772051691.208762,368288,0.04,0.03,-0.13,-75.87,-77.81,62.38,-6.00,-0.31,3.00,-0.01,0.08,0.01,-140.69,45.38,206.00,0.88,1.00,-0.62,3,1
1772051691.399768,368479,-0.06,0.10,-0.01,-76.12,-77.50,61.75,1.06,1.06,0.94,-0.02,0.13,0.05,-140.62,45.44,205.87,-0.31,0.31,0.00,3,1
1772051691.591027,368670,0.00,0.00,-0.05,-77.37,-77.50,61.81,-1.19,-0.13,1.12,0.02,0.07,0.08,-140.62,45.44,205.87,0.00,-0.37,0.19,3,1
1772051691.780470,368860,0.03,0.09,-0.02,-77.62,-77.44,61.56,0.50,-0.44,-1.87,-0.05,0.11,0.06,-140.69,45.38,205.75,0.19,0.00,0.13,3,1
1772051691.972017,369052,-0.10,0.04,0.00,-76.69,-77.56,61.81,-1.81,0.69,0.69,-0.03,0.09,0.03,-140.69,45.44,205.75,-0.13,-0.31,1.00,3,1
1772051692.163114,369243,-0.04,-0.03,-0.02,-77.94,-77.62,61.88,1.94,0.88,-0.75,0.02,0.10,0.04,-140.81,45.50,205.62,0.31,-0.13,0.31,3,1
1772051692.354073,369434,-0.01,-0.01,-0.03,-79.06,-77.69,62.06,1.94,0.81,1.12,-0.05,0.13,0.06,-140.81,45.50,205.69,-0.25,-0.13,0.69,3,1
1772051692.543417,369623,0.01,0.00,0.00,-79.56,-77.62,62.06,-0.69,-1.87,-0.19,0.00,0.08,0.09,-140.87,45.56,205.62,-0.25,-0.50,1.00,4,1
1772051692.734295,369814,-0.06,0.06,-0.04,-79.12,-77.62,62.13,0.69,0.25,-0.19,-0.02,0.15,0.09,-141.00,45.56,205.62,-0.56,-1.06,1.50,3,1
1772051692.925611,370005,0.00,-0.13,-0.04,-78.12,-77.81,62.50,0.94,-2.69,-1.87,-0.02,0.06,0.06,-141.19,45.56,205.44,1.37,-0.06,0.88,4,1
1772051693.116214,370196,0.04,0.01,-0.16,-77.06,-77.94,62.50,3.31,0.37,-3.12,-0.08,0.12,0.08,-141.37,45.50,205.37,0.37,0.50,-0.62,4,1
1772051693.306850,370387,-0.07,0.08,0.01,-76.06,-78.00,62.56,-2.25,2.00,1.12,-0.02,0.08,0.02,-141.37,45.50,205.25,0.25,0.44,-0.75,4,1
1772051693.496873,370576,-0.02,-0.02,-0.04,-77.75,-77.94,62.13,-1.62,1.62,0.62,-0.03,0.11,0.08,-141.37,45.50,205.12,0.44,0.69,-0.56,4,1
1772051693.686839,370766,0.03,0.11,-0.04,-79.06,-77.81,61.63,-0.13,1.37,0.37,-0.03,0.09,0.05,-141.31,45.50,205.19,-0.13,0.31,-0.06,4,1
1772051693.878141,370958,0.07,0.18,-0.08,-79.81,-77.75,61.50,0.31,0.19,1.75,0.03,0.18,0.15,-141.37,45.25,205.75,-0.75,-2.00,0.00,4,1
1772051694.069574,371149,0.06,0.11,-0.03,-80.25,-78.00,61.75,-0.13,0.81,-1.56,-0.20,0.05,-0.16,-141.44,44.94,205.75,-0.06,-2.19,1.25,3,1
1772051694.260249,371340,-0.11,-0.30,0.03,-79.25,-78.31,62.75,1.19,-1.50,-2.12,0.03,0.09,0.07,-141.37,45.00,206.06,-3.00,-0.94,2.50,3,2
1772051694.449935,371530,0.01,0.06,-0.11,-80.37,-78.12,62.44,-4.25,3.69,0.88,-0.03,0.08,0.04,-141.31,45.19,205.75,1.06,-0.19,-0.50,3,2
1772051694.640294,371720,-0.15,-0.12,0.04,-80.87,-77.94,62.13,3.62,-4.56,-2.37,0.00,0.06,0.05,-141.25,45.13,206.00,0.88,0.50,-0.37,4,2
1772051694.831772,371912,0.08,0.00,-0.05,-80.50,-78.00,62.25,1.37,1.06,-0.06,-0.04,0.09,0.10,-141.25,45.19,206.25,0.31,0.37,0.81,3,2
1772051695.023157,372102,0.00,0.00,-0.11,-80.56,-78.06,62.25,-0.81,-0.62,0.37,-0.02,0.04,0.00,-141.19,45.19,206.25,-0.13,-0.37,0.31,3,2
1772051695.213594,372293,-0.09,-0.07,0.05,-78.75,-78.00,62.19,-1.19,-3.56,-0.25,0.00,0.08,0.04,-141.06,45.25,206.31,0.37,0.50,-0.19,4,2
1772051695.404161,372484,-0.05,0.05,0.02,-77.87,-77.87,61.94,0.13,0.44,-0.19,0.00,0.05,0.02,-141.06,45.25,206.25,0.25,0.81,-0.44,4,2
1772051695.594769,372674,0.00,0.05,0.00,-78.62,-77.94,61.75,-1.00,1.19,1.12,-0.05,0.06,0.03,-140.94,45.31,206.25,-0.69,-0.13,0.44,4,2
1772051695.785674,372865,-0.03,0.00,0.00,-78.81,-77.75,61.56,0.00,-0.81,-0.62,0.00,0.03,0.03,-140.94,45.31,206.25,0.06,-0.13,-0.13,4,2
1772051695.976325,373056,0.00,0.10,-0.06,-79.37,-77.81,61.50,0.44,0.31,0.31,-0.07,0.07,-0.05,-140.94,45.31,206.25,-0.19,0.13,0.06,5,2
1772051696.167215,373247,-0.04,0.00,-0.08,-79.31,-77.94,61.88,-1.62,1.50,0.19,-0.05,0.05,-0.04,-141.00,45.25,206.25,-0.62,-0.44,0.69,5,2
1772051696.357756,373437,0.00,0.02,0.02,-78.75,-78.12,62.19,0.06,-1.31,-1.00,-0.03,0.04,0.02,-141.00,45.31,206.19,-0.50,0.19,0.25,4,2
1772051696.547529,373627,-0.08,0.03,0.00,-78.56,-78.00,61.94,-3.81,0.19,0.56,0.01,-0.03,0.08,-140.87,45.38,206.19,-1.12,1.00,-2.06,4,1
1772051696.739188,373819,0.10,0.02,-0.05,-80.31,-77.75,61.50,3.50,-4.37,1.00,-0.07,0.17,0.10,-140.50,45.25,206.62,-1.75,-0.13,-0.88,4,1
1772051696.929804,374009,-0.05,0.25,0.11,-77.75,-77.06,61.19,2.75,-1.44,2.62,-0.02,0.08,0.07,-140.25,45.13,207.25,1.06,-0.81,0.44,4,1
1772051697.120851,374200,-0.02,-0.12,-0.08,-78.25,-77.44,62.00,1.56,-0.44,-1.50,-0.02,0.06,0.05,-140.44,45.06,207.12,-1.94,-1.56,2.37,3,1
1772051697.310227,374390,0.05,0.02,-0.03,-77.81,-77.50,62.25,2.31,-2.37,-3.06,-0.04,0.11,0.00,-140.31,45.00,207.37,2.19,1.12,-1.81,3,1
1772051697.500885,374581,0.10,-0.18,-0.11,-76.50,-77.81,62.44,1.19,0.88,0.19,-0.07,0.16,0.07,-140.25,45.00,207.06,1.44,2.81,-0.31,3,1
1772051697.692632,374772,0.00,0.28,0.00,-75.00,-77.31,61.38,-3.44,1.37,1.12,-0.02,0.05,0.07,-140.44,45.25,206.56,1.12,-0.62,0.06,3,1
1772051697.883514,374963,-0.09,-0.02,-0.04,-75.25,-77.44,61.56,0.37,-0.56,-0.81,0.00,0.07,0.00,-140.56,45.19,206.50,-0.13,-0.37,0.50,3,1
1772051698.073668,375154,0.00,0.02,0.01,-74.81,-77.56,61.63,-1.75,0.13,0.37,-0.01,0.05,0.04,-140.69,45.19,206.37,0.19,0.37,0.44,3,1
1772051698.264261,375344,-0.08,0.01,0.01,-75.12,-77.56,61.50,-2.00,2.69,-0.37,-0.04,0.08,0.03,-140.69,45.25,206.25,-0.13,-0.37,0.13,3,1
1772051698.454566,375534,-0.03,0.02,-0.02,-76.81,-77.62,61.38,-0.44,1.50,0.88,-0.02,0.03,0.02,-140.69,45.25,206.25,-0.19,0.00,0.37,3,1
1772051698.646077,375726,0.09,0.05,-0.04,-78.00,-77.69,61.31,0.81,0.88,0.25,-0.01,0.09,0.00,-140.69,45.19,206.44,-0.19,-0.25,0.50,3,1
1772051698.836753,375916,0.00,0.00,-0.03,-78.31,-77.75,61.75,-0.13,1.69,-0.06,-0.02,0.01,0.03,-140.75,45.19,206.37,0.37,-0.94,0.94,3,1
1772051699.027638,376107,-0.05,-0.08,-0.03,-78.62,-77.87,62.06,0.81,0.31,-0.62,-0.05,0.04,0.00,-140.87,45.13,206.44,-0.69,-0.75,0.75,3,1
1772051699.217684,376297,-0.08,-0.05,-0.01,-78.12,-78.00,62.31,-1.69,-0.50,-0.06,0.01,0.04,0.04,-140.94,45.13,206.44,0.56,0.19,-0.13,3,2
1772051699.408789,376488,0.00,0.02,-0.01,-77.87,-77.94,62.06,0.62,-0.88,-0.19,-0.02,0.06,0.02,-140.94,45.13,206.37,0.13,-0.37,0.13,2,2
1772051699.599772,376679,-0.02,0.00,0.00,-77.56,-77.94,62.06,-0.88,0.75,-0.06,-0.02,0.06,0.02,-141.00,45.13,206.31,0.37,-0.13,0.25,2,2
1772051699.790271,376870,0.01,0.00,-0.07,-78.25,-78.00,62.19,3.12,0.37,-0.37,-0.04,0.05,0.03,-141.00,45.13,206.25,0.06,-0.06,-0.06,2,2
1772051699.981205,377061,-0.05,-0.09,-0.04,-77.87,-78.06,62.44,-1.19,-1.00,0.31,-0.04,0.11,0.04,-141.00,45.13,206.25,0.00,0.06,-0.25,2,2
1772051700.171106,377251,0.02,0.04,-0.01,-77.06,-77.94,62.00,-2.12,-1.44,0.00,0.01,0.07,0.03,-141.00,45.13,206.25,0.19,0.31,-0.37,2,2
1772051700.362349,377442,0.01,0.05,0.00,-76.69,-77.87,61.88,0.81,-0.56,-0.13,-0.01,0.06,0.08,-141.00,45.06,206.37,-0.06,0.50,0.06,3,2
1772051700.553038,377633,0.01,0.09,0.00,-76.81,-77.87,61.81,-1.56,1.19,0.88,-0.03,0.07,0.04,-141.00,45.06,206.37,-0.75,0.00,0.25,2,1
1772051700.743658,377823,-0.02,0.06,0.01,-77.06,-77.87,61.88,2.00,0.00,0.50,-0.01,0.06,0.05,-141.00,45.06,206.44,-0.50,0.50,0.37,3,2
1772051700.934630,378014,0.00,0.03,-0.06,-77.94,-77.75,61.81,-1.56,0.62,1.19,-0.01,0.06,0.04,-141.00,45.06,206.44,-1.00,-0.13,0.56,3,2
1772051701.125160,378205,0.06,0.08,-0.04,-77.87,-77.69,61.75,-1.31,-1.00,-0.62,0.00,0.08,0.01,-141.06,45.06,206.44,-0.06,-0.13,-0.06,3,2
1772051701.315053,378395,0.00,0.04,0.00,-77.06,-77.75,61.88,-1.50,-0.56,0.69,0.05,0.02,0.10,-141.06,45.06,206.37,0.06,0.75,0.06,3,2
1772051701.506861,378587,0.01,0.03,-0.07,-77.19,-77.69,61.69,-0.81,-0.13,0.19,-0.01,0.03,0.05,-141.00,45.06,206.37,-0.37,0.19,-0.56,3,1
1772051701.697153,378777,-0.01,0.06,0.00,-76.69,-77.62,61.56,-1.56,-0.25,0.88,0.00,0.11,0.08,-141.00,45.06,206.37,0.19,0.50,-0.19,3,1
1772051701.888220,378968,-0.01,0.05,-0.02,-76.56,-77.56,61.38,1.25,0.19,-1.00,-0.01,0.11,0.06,-141.00,45.06,206.44,-0.25,-0.69,0.00,3,1
1772051702.078632,379158,0.00,0.00,-0.01,-76.37,-77.75,61.63,-0.50,-0.13,-0.37,0.00,0.08,0.06,-141.00,45.06,206.37,0.06,-0.19,0.25,3,1
1772051702.269408,379349,-0.03,0.01,-0.03,-76.37,-77.75,61.75,0.56,0.56,0.44,-0.02,0.07,0.08,-141.06,45.06,206.37,0.13,-0.31,0.13,3,1
1772051702.460232,379540,-0.02,0.03,-0.01,-76.56,-77.81,61.75,-0.44,0.44,0.13,0.01,0.07,0.06,-141.06,45.06,206.37,0.50,0.37,-0.19,3,1
1772051702.651154,379731,-0.01,-0.02,-0.04,-76.69,-77.81,61.75,-0.31,0.25,0.31,-0.03,0.08,0.01,-141.06,45.06,206.37,-0.31,-1.00,0.00,3,1
1772051702.841798,379921,-0.10,-0.14,-0.02,-75.87,-77.81,61.88,-0.69,0.75,-0.69,-0.06,0.07,0.03,-141.06,45.06,206.44,0.19,0.06,0.00,3,1
1772051703.032213,380112,-0.02,0.01,-0.06,-77.00,-77.75,61.63,-0.37,1.25,-0.25,0.04,0.05,0.10,-141.06,45.06,206.37,0.56,0.31,-0.19,3,1
1772051703.222438,380302,0.06,0.15,-0.02,-77.81,-77.87,61.69,2.81,-1.31,-2.44,0.04,0.08,0.15,-141.12,44.94,206.56,0.50,0.13,-0.37,3,1
1772051703.413459,380494,0.00,0.13,0.02,-77.44,-78.00,61.94,2.81,0.44,1.31,0.01,0.05,0.11,-141.06,45.00,206.69,0.06,0.56,0.31,4,2
1772051703.604298,380684,-0.06,0.02,-0.11,-78.06,-77.94,62.06,-1.12,1.87,1.69,0.03,0.02,0.07,-141.00,45.06,206.75,-1.37,-0.75,0.88,4,2
1772051703.795006,380875,0.02,0.12,-0.02,-78.62,-77.81,61.81,-2.56,-0.31,0.88,0.02,0.04,0.03,-140.94,45.06,206.81,-0.44,0.37,0.37,4,2
1772051703.985665,381065,0.01,0.03,-0.05,-78.31,-77.75,61.69,-0.81,-0.31,0.69,-0.02,0.05,0.06,-140.94,45.06,206.81,-0.31,-1.00,0.25,3,2
1772051704.176442,381256,-0.11,-0.05,0.02,-77.81,-77.69,61.69,1.00,0.37,-0.19,0.05,0.06,0.12,-140.94,45.06,206.87,-0.44,-0.44,0.31,3,2
1772051704.367362,381447,-0.02,0.05,-0.04,-78.25,-77.69,61.63,1.62,-1.19,-0.37,0.04,0.04,0.10,-140.87,45.06,206.87,-0.13,0.06,-0.75,3,2
1772051704.557978,381638,0.00,0.02,-0.01,-77.87,-77.69,61.69,-0.37,-0.56,0.00,-0.01,0.08,0.04,-140.87,45.00,207.00,-0.31,-0.13,-0.31,3,2
1772051704.748327,381828,0.00,0.07,-0.01,-77.44,-77.69,61.63,-0.56,0.44,-0.88,-0.01,0.04,0.02,-140.87,45.00,207.00,0.31,-0.69,0.31,3,2
1772051704.939178,382019,0.00,-0.02,0.00,-77.31,-77.75,61.81,1.31,-0.81,-0.50,0.04,0.03,0.07,-140.94,44.94,207.06,-0.13,-0.06,0.06,3,2
1772051705.129863,382210,-0.01,0.07,0.00,-77.25,-77.75,61.75,0.75,0.13,-0.06,0.00,0.06,0.10,-140.94,44.94,207.00,-0.31,0.37,-0.13,3,2
1772051705.320493,382401,0.03,0.07,-0.03,-77.25,-77.75,61.69,-1.56,0.13,0.19,0.02,0.08,0.09,-140.94,44.94,207.06,-0.44,0.31,0.37,3,1
1772051705.511191,382591,-0.07,0.11,0.02,-77.00,-77.69,61.63,-0.69,0.06,0.00,-0.01,0.00,0.02,-140.94,44.94,207.06,-0.31,-0.62,0.62,3,1
1772051705.701907,382782,0.02,0.03,-0.06,-77.56,-77.81,61.81,-0.06,1.81,-0.75,0.01,0.03,0.05,-140.94,45.00,207.00,-0.06,-0.44,0.62,3,1
1772051705.892813,382972,-0.01,0.00,-0.04,-78.25,-77.87,61.94,-0.31,1.00,-0.19,0.02,0.01,0.07,-140.94,45.00,207.00,-0.31,0.06,0.06,3,1
1772051706.082258,383162,0.00,-0.07,-0.01,-80.56,-77.69,62.06,4.12,2.50,3.81,0.01,0.01,0.00,-140.87,45.00,207.19,-1.37,-0.69,1.31,3,1
1772051706.274048,383354,0.06,0.00,-0.10,-82.25,-77.19,61.81,3.69,-2.00,3.06,0.04,0.07,0.04,-140.81,45.00,207.25,-1.00,-0.37,1.50,3,0
1772051706.464776,383545,-0.10,-0.07,-0.04,-80.87,-77.19,61.94,2.75,-1.50,-3.19,0.06,0.01,0.11,-140.94,45.00,207.37,0.06,-0.37,0.37,3,1
1772051706.655552,383735,-0.08,0.01,-0.02,-81.87,-77.44,62.19,-1.81,-1.37,-1.06,0.13,-0.08,0.04,-140.94,45.06,207.50,-2.37,-1.25,1.50,3,1
1772051706.845006,383925,-0.09,-0.06,-0.09,-83.06,-76.87,62.13,7.87,0.13,4.31,-0.08,0.14,0.11,-140.37,45.00,209.37,4.37,0.50,-0.44,3,1
1772051707.035408,384115,-0.02,-0.11,0.10,-84.44,-77.00,62.00,1.06,0.81,-1.75,0.08,-0.16,-0.03,-141.06,44.75,208.06,1.06,0.62,1.12,3,1
1772051707.227566,384307,-0.16,-0.15,-0.06,-93.62,-75.81,60.69,-0.56,23.50,15.69,-0.05,0.06,0.11,-141.12,45.31,207.50,-0.62,2.44,5.19,2,1
1772051707.417965,384498,0.13,0.25,-0.11,-103.44,-72.12,56.13,-3.06,13.31,9.56,0.05,-0.04,0.04,-141.69,46.25,206.37,0.37,1.75,5.31,2,1
1772051707.608418,384689,0.06,0.12,-0.14,-108.69,-70.81,54.56,2.50,7.87,0.94,0.00,0.03,0.06,-142.19,46.88,205.56,-1.06,0.13,3.87,2,1
1772051707.798221,384878,0.03,0.03,-0.11,-112.56,-70.44,54.88,3.06,5.56,-1.62,0.00,0.03,0.02,-142.62,47.13,205.25,0.31,-1.06,2.12,2,1
1772051707.988311,385068,0.07,-0.15,-0.18,-114.44,-70.81,55.94,3.00,-1.81,-1.19,0.00,-0.02,0.00,-142.69,47.13,205.19,-0.62,-0.31,-2.69,2,1
1772051708.180481,385260,0.07,0.20,-0.13,-113.06,-71.75,56.00,-7.62,-19.12,-2.50,0.11,0.00,0.00,-141.56,46.19,206.69,-1.31,0.31,-0.62,2,1
1772051708.371465,385451,0.30,0.55,0.34,-108.69,-72.81,57.88,16.94,-9.88,-5.37,-0.21,0.13,0.05,-141.37,45.94,207.12,2.62,1.94,-0.37,2,2
1772051708.562542,385642,-0.29,-1.20,-0.06,-102.69,-72.87,66.81,33.94,-10.00,5.81,-0.14,0.00,-0.16,-140.50,46.00,207.25,-3.19,-0.81,-5.50,2,2
1772051708.752155,385832,-0.23,-0.96,0.44,-98.69,-73.94,67.81,-28.69,7.00,21.25,0.03,-0.01,0.11,-139.12,46.06,208.06,-6.69,3.31,0.94,2,3
1772051708.941651,386022,0.58,0.50,-0.29,-95.37,-66.06,51.75,-46.75,9.19,48.63,0.60,-0.20,0.41,-137.12,46.81,209.12,-4.19,3.44,-4.00,2,3
1772051709.134302,386214,1.49,2.48,0.09,-93.25,-63.19,41.19,0.37,-3.37,-12.31,-0.26,0.18,-0.06,-136.37,46.31,210.25,-4.06,-12.25,2.00,3,4
1772051709.325315,386405,-0.43,-0.02,0.71,-93.69,-68.50,55.69,58.63,-16.44,-38.19,0.08,-0.11,0.03,-138.06,45.63,211.31,-0.31,-3.81,7.37,4,5
1772051709.515751,386596,0.11,-1.06,-0.05,-102.25,-74.12,67.62,7.06,7.31,-14.44,0.23,-0.18,-0.04,-139.00,46.06,209.87,6.19,4.06,-2.62,3,5
1772051709.705423,386785,0.85,0.54,-0.34,-109.56,-73.06,62.50,-43.94,31.75,21.12,-0.81,0.24,-0.35,-139.00,45.38,209.19,-6.37,1.87,2.31,3,5
1772051709.895218,386975,-0.16,0.77,0.32,-101.69,-70.50,55.69,-2.06,-19.25,3.50,0.11,-0.03,0.12,-138.00,46.31,208.94,-0.94,-0.31,1.81,4,6
1772051710.087685,387167,0.19,0.26,-0.04,-99.19,-70.00,55.25,5.69,-0.19,-5.87,-0.04,-0.01,0.07,-138.56,46.19,208.87,1.94,-2.19,-0.44,4,5
1772051710.278423,387358,0.29,0.07,0.07,-100.19,-70.81,56.94,4.44,-0.25,-2.25,-0.05,-0.04,0.00,-139.00,45.88,209.06,0.00,-3.12,-0.31,4,6
1772051710.469122,387549,0.18,0.10,-0.03,-102.44,-70.94,57.63,2.56,2.25,-1.19,0.00,0.00,0.01,-139.12,45.69,209.37,-0.31,-0.81,-0.13,4,6
1772051710.659112,387739,0.09,0.25,-0.05,-102.75,-70.75,57.44,0.00,-2.44,-0.62,0.01,0.01,0.07,-139.12,45.81,209.31,-1.12,0.31,1.37,4,6
1772051710.849508,387930,0.14,0.12,-0.01,-102.25,-70.81,57.44,-1.37,0.75,0.56,-0.05,0.00,0.00,-139.00,45.63,209.69,-0.06,-0.37,0.25,3,6
1772051711.041505,388121,0.04,0.01,-0.02,-101.06,-70.81,57.38,-0.06,-4.06,-1.56,-0.01,-0.04,-0.01,-138.94,45.56,209.81,-0.62,-0.25,0.50,4,6
1772051711.232078,388312,0.05,0.12,0.01,-99.37,-71.00,57.63,0.13,-2.12,-1.25,-0.02,-0.02,0.03,-138.94,45.50,209.87,-0.81,-0.37,0.62,3,5
1772051711.422766,388502,-0.08,0.19,0.02,-98.37,-71.00,57.69,-0.25,0.06,-0.31,-0.05,-0.11,-0.07,-139.06,45.50,210.25,0.69,-2.12,-0.37,4,5
1772051711.612697,388693,0.03,-0.04,-0.03,-99.69,-71.19,57.81,-0.13,-2.12,0.56,0.00,-0.01,0.01,-139.12,45.63,210.06,-0.06,1.00,0.44,3,5
1772051711.803133,388883,0.14,0.18,0.04,-98.81,-71.00,57.13,-2.69,-0.13,0.37,-0.02,-0.01,0.01,-139.06,45.75,209.94,0.19,1.19,0.50,3,5
1772051711.994440,389075,0.02,0.14,0.03,-98.44,-70.81,56.81,-0.81,-0.44,0.00,-0.01,-0.08,0.06,-139.00,45.88,209.81,0.25,0.37,0.62,3,5
1772051712.185293,389265,0.09,0.12,-0.04,-98.50,-70.69,56.63,2.06,-0.75,0.81,0.05,-0.09,0.00,-139.06,45.94,209.81,0.25,-0.44,-0.19,4,4
1772051712.376058,389456,0.11,0.08,-0.03,-98.87,-70.75,56.88,0.56,-0.56,-0.94,-0.04,-0.01,0.01,-139.06,45.81,209.94,0.50,0.62,-0.56,4,3
1772051712.565797,389646,0.03,0.05,0.03,-98.62,-70.87,57.06,-0.25,1.75,0.31,0.00,0.00,0.00,-139.12,45.75,210.06,-0.37,-0.94,0.13,5,3
1772051712.756871,389837,0.09,0.02,-0.01,-99.12,-70.81,57.06,0.50,-0.69,-0.44,-0.03,-0.01,0.06,-139.12,45.75,210.06,0.06,0.19,0.81,5,3
1772051712.947990,390028,0.11,0.13,0.00,-99.00,-70.81,57.00,0.50,-0.62,-0.50,0.00,0.00,0.04,-139.12,45.75,210.06,-0.31,-0.06,-0.19,4,2
1772051713.138577,390219,0.06,0.12,0.00,-99.06,-70.81,57.06,0.81,0.44,-0.44,0.00,-0.04,0.03,-139.12,45.75,210.06,-0.19,-0.50,-0.19,4,2
1772051713.329623,390409,0.04,0.05,0.02,-99.12,-70.81,57.13,-0.50,-0.13,-0.06,-0.01,-0.02,0.03,-139.12,45.75,210.06,-0.44,-0.31,-0.25,4,2
1772051713.520048,390600,0.03,0.04,0.04,-99.00,-70.87,57.19,0.31,-0.56,-0.19,0.00,-0.03,0.03,-139.19,45.69,210.12,0.13,-0.25,0.13,4,2
1772051713.710113,390790,0.02,0.03,0.00,-99.19,-70.94,57.38,1.75,0.19,-2.25,-0.06,-0.02,0.01,-139.19,45.69,210.12,0.00,0.31,0.25,3,1
1772051713.901457,390981,0.05,0.01,-0.02,-100.06,-71.06,57.75,0.81,1.69,-0.69,-0.01,-0.02,0.01,-139.19,45.69,210.12,0.31,0.19,-0.25,3,2
1772051714.092207,391172,0.08,0.02,-0.06,-101.06,-70.94,57.56,-1.37,0.62,0.88,0.01,-0.06,0.08,-139.12,45.69,210.12,-0.31,0.50,-0.75,3,2
1772051714.282933,391363,0.03,0.09,0.00,-100.56,-70.87,57.44,-0.13,-1.75,-0.19,0.01,0.00,0.04,-139.12,45.69,210.19,-0.06,-0.69,-0.62,2,3
1772051714.473571,391554,0.04,0.05,0.03,-100.31,-70.94,57.50,0.25,-0.19,-1.00,0.00,-0.03,0.01,-139.19,45.63,210.25,-0.06,-0.88,0.00,2,3
1772051714.664081,391744,0.02,-0.05,0.01,-100.44,-71.12,57.69,0.25,0.00,-0.13,0.00,0.01,0.06,-139.19,45.63,210.25,0.00,0.13,-0.25,2,2
1772051714.855372,391935,0.08,0.09,-0.06,-100.37,-70.94,57.31,-1.19,2.25,-0.44,-0.01,0.00,0.03,-139.19,45.50,210.44,-0.69,-0.19,-0.94,2,2
1772051715.045859,392126,0.11,0.05,-0.05,-99.94,-70.81,56.94,-5.87,-2.31,1.06,0.05,-0.09,-0.01,-139.19,45.50,210.37,0.62,0.19,0.13,2,2
1772051715.236312,392316,0.01,0.23,0.01,-97.50,-70.94,56.00,-2.69,-2.00,-0.62,0.00,-0.04,0.02,-139.19,45.50,210.37,-0.06,0.19,-0.19,2,2
1772051715.427025,392507,0.02,0.03,0.03,-97.19,-70.94,56.13,0.81,0.06,-0.25,0.02,-0.04,0.05,-139.19,45.50,210.44,-0.50,-0.25,0.69,2,3
1772051715.617801,392698,0.06,0.01,-0.02,-97.69,-70.87,56.19,1.19,1.00,-0.19,0.01,-0.05,0.02,-139.25,45.63,210.31,-0.25,-0.19,0.31,2,3
1772051715.808795,392889,0.02,-0.01,-0.02,-98.31,-71.00,56.56,1.62,-0.81,-1.37,0.01,-0.06,0.11,-139.31,45.63,210.31,0.19,-0.25,0.37,3,2
1772051715.999254,393079,-0.05,0.07,-0.02,-98.69,-71.12,56.88,-0.19,0.81,-0.62,0.03,-0.06,0.01,-139.31,45.63,210.37,0.06,-0.25,0.06,3,3
1772051716.190097,393270,0.06,0.16,-0.04,-99.25,-71.44,57.38,3.37,-0.62,-5.06,0.02,-0.06,0.01,-139.44,45.69,210.19,-0.31,-0.06,1.06,3,5
1772051716.379888,393460,0.01,0.06,0.00,-100.19,-72.69,59.38,4.00,-0.25,-5.19,0.03,-0.04,0.02,-139.62,45.69,210.25,-0.25,-1.56,1.75,3,5
1772051716.569688,393650,0.04,-0.12,-0.09,-102.19,-73.94,61.50,4.12,0.69,-8.31,0.01,-0.11,0.05,-139.87,45.00,211.25,1.00,-3.75,-4.31,3,6
1772051716.761546,393842,0.20,0.09,0.00,-102.12,-75.31,62.31,-8.31,-4.06,-0.37,-0.04,0.00,0.02,-139.94,44.56,211.75,-1.00,0.50,0.00,3,7
1772051716.952458,394033,-0.09,0.19,0.09,-98.81,-75.50,62.44,8.06,-0.37,-2.12,0.07,-0.07,0.11,-139.87,44.94,211.31,1.87,0.13,0.44,3,7
1772051717.143303,394223,0.11,0.04,-0.17,-106.37,-76.12,64.00,0.62,14.31,-7.06,0.15,-0.11,0.04,-140.69,44.69,210.37,3.44,-3.31,-2.69,3,8
1772051717.333334,394413,0.31,-0.05,-0.28,-114.81,-76.37,64.81,-3.94,3.44,-3.56,-0.35,0.23,0.02,-140.87,43.81,211.37,-2.69,-1.62,1.94,3,8
1772051717.522817,394603,-0.17,0.40,0.21,-103.12,-79.06,65.56,-7.94,-16.94,-27.00,0.15,-0.12,0.00,-140.75,44.31,210.94,-0.81,-0.56,1.81,3,8
1772051717.715124,394795,-0.17,-0.10,0.09,-174.25,-84.19,70.50,7.31,0.56,-12.75,0.01,-0.04,0.02,-141.25,44.38,210.94,-1.81,-1.94,3.87,2,8
1772051717.905699,394986,0.08,0.19,-0.09,-175.50,-85.06,72.75,6.37,11.94,-9.00,0.00,-0.08,0.03,-141.94,44.50,210.44,0.37,-1.31,1.69,2,7
1772051718.096789,395177,0.01,-0.13,-0.10,-177.00,-85.25,75.62,4.25,4.19,-3.19,0.02,-0.04,0.02,-142.37,44.63,209.87,2.75,-0.44,2.75,2,5
1772051718.286607,395367,-0.05,0.17,-0.08,-176.81,-84.75,75.44,3.31,4.00,7.00,-0.03,0.18,0.20,-142.37,44.44,211.62,-8.25,-5.19,0.31,2,5
1772051718.476502,395557,-0.21,0.07,0.11,-176.37,-84.37,75.25,-5.25,-2.31,-2.06,0.04,-0.04,-0.02,-142.87,44.13,211.37,1.37,-2.81,0.31,2,4
1772051718.668380,395749,-0.07,-0.03,-0.07,-176.44,-84.25,75.50,0.19,2.44,1.19,0.09,-0.09,0.04,-142.87,44.19,211.19,-0.94,1.25,0.56,3,3
1772051718.859103,395940,0.04,0.07,-0.06,-176.00,-83.56,74.94,0.75,1.00,0.25,0.02,0.02,0.13,-142.81,44.38,211.37,0.37,1.37,1.81,3,3
1772051719.049850,396130,0.10,0.31,-0.19,-175.94,-83.19,74.94,2.62,10.31,5.37,0.03,0.08,0.03,-142.62,44.50,211.56,-2.50,-2.37,1.19,3,2
1772051719.240274,396320,0.16,0.10,0.07,-176.94,-83.56,76.62,-2.25,-9.44,-17.00,-0.02,-0.12,-0.13,-143.44,44.38,209.06,18.12,7.19,-12.56,3,2
1772051719.429876,396510,-0.44,-0.07,-0.01,-179.44,-85.87,79.94,8.63,1.75,-1.94,0.19,0.01,0.11,-143.25,44.44,208.81,-4.06,-2.37,1.50,3,2
1772051719.621877,396702,0.24,0.00,-0.08,-178.87,-85.00,79.44,-6.75,-6.00,1.75,0.02,-0.04,-0.03,-143.12,44.38,209.12,0.19,0.75,-0.31,4,1
1772051719.813136,396893,-0.11,-0.06,-0.08,-178.31,-85.94,78.06,-6.69,-2.31,3.69,0.06,0.00,0.03,-142.87,44.31,209.25,-0.19,1.44,-1.25,3,1
1772051720.004080,397084,-0.09,0.18,0.05,-176.94,-85.87,74.87,-8.69,-4.37,8.31,0.04,-0.06,-0.02,-142.94,44.38,208.81,1.75,-0.88,-1.87,3,1
1772051720.193426,397273,-0.09,0.23,0.16,-175.87,-85.31,72.62,-2.87,-1.94,1.37,0.02,-0.06,-0.01,-142.81,44.44,208.69,-1.00,1.69,0.00,3,1
1772051720.383505,397464,0.01,0.00,-0.06,-175.69,-84.94,72.94,4.50,3.06,-0.13,0.08,-0.01,0.06,-142.37,44.50,209.50,0.19,-0.37,1.06,3,1
1772051720.575161,397655,0.00,0.01,-0.07,-175.81,-84.81,73.19,1.25,2.31,0.69,0.07,-0.08,0.00,-142.44,44.50,209.56,-0.88,0.06,0.50,2,1
1772051720.766295,397846,0.06,0.04,-0.06,-175.75,-84.50,73.37,0.81,1.62,0.44,0.02,-0.06,-0.01,-142.56,44.44,209.56,1.12,0.37,-0.56,3,1
1772051720.957186,398037,-0.07,-0.02,-0.08,-175.87,-84.69,73.81,-0.94,0.13,1.50,0.07,-0.07,-0.01,-142.50,44.38,209.62,0.50,-0.62,-0.06,3,1
1772051721.146826,398227,0.00,-0.03,0.00,-175.75,-84.56,73.50,2.31,-0.50,-0.88,0.07,0.00,0.02,-142.37,44.38,209.81,-0.62,0.00,-0.13,3,1
1772051721.337114,398417,-0.03,0.02,-0.02,-175.62,-84.50,73.31,-2.00,1.37,1.75,0.04,-0.06,0.02,-142.37,44.38,209.81,-0.44,0.56,0.44,3,1
1772051721.528756,398609,-0.04,0.05,-0.02,-175.37,-84.25,73.00,-0.56,1.44,0.69,0.05,-0.03,0.03,-142.37,44.38,209.81,-0.19,-0.25,0.06,3,2
1772051721.719660,398800,-0.07,-0.01,-0.04,-175.37,-84.25,73.00,-0.19,-0.13,0.37,0.11,-0.11,0.03,-142.37,44.38,209.87,-0.69,-0.69,0.00,4,2
1772051721.910503,398991,0.00,-0.05,-0.07,-175.37,-84.19,73.00,0.75,-0.13,-0.44,0.09,-0.08,-0.01,-142.25,44.25,210.00,-0.81,-0.37,-0.62,4,2
1772051722.101097,399181,-0.08,0.00,0.04,-175.31,-84.31,72.87,-0.81,-0.50,0.13,0.07,-0.03,-0.03,-142.19,44.25,210.12,-0.19,-0.25,-0.56,4,2
1772051722.291648,399372,-0.07,0.02,-0.03,-175.31,-84.31,73.00,0.94,0.56,-0.06,0.10,-0.08,0.04,-142.25,44.19,210.19,-0.25,-0.62,0.13,5,2
1772051722.482700,399563,-0.04,-0.05,-0.06,-175.62,-84.37,73.62,3.12,0.56,-1.19,0.11,-0.06,0.05,-142.19,44.19,210.31,-0.69,-0.94,0.56,5,2
1772051722.673285,399754,0.00,-0.02,-0.05,-175.69,-84.31,73.94,1.31,0.62,-0.94,0.12,-0.15,-0.01,-142.12,44.13,210.62,-1.50,0.06,0.13,5,2
1772051722.863996,399944,0.09,0.01,-0.10,-175.69,-84.12,74.06,-1.94,-0.50,-0.37,0.08,-0.10,0.02,-142.12,44.19,210.44,1.31,1.50,-0.50,5,2
1772051723.054049,400134,-0.08,0.08,-0.03,-175.56,-84.25,73.81,-3.37,0.44,2.00,0.08,-0.10,0.00,-142.19,44.31,210.31,0.19,-0.81,-0.25,4,1
1772051723.244409,400325,-0.04,-0.04,-0.07,-175.69,-84.25,73.94,1.69,-0.81,-1.94,0.10,-0.07,0.03,-142.19,44.31,210.25,0.06,-0.37,0.31,4,2
1772051723.435899,400516,-0.02,-0.01,-0.10,-175.75,-84.25,74.00,0.37,0.44,0.19,0.07,-0.07,0.03,-142.25,44.31,210.19,-0.50,-0.13,-0.06,4,2
1772051723.626741,400707,-0.09,0.00,-0.11,-175.75,-84.25,74.00,0.62,0.37,-0.06,0.08,-0.06,-0.03,-142.25,44.31,210.19,-1.00,-0.75,-0.19,4,2
1772051723.817395,400898,-0.03,0.03,-0.05,-175.62,-84.19,73.81,-1.56,0.44,0.81,0.06,-0.04,-0.01,-142.25,44.31,210.19,-0.44,-0.13,-0.13,3,2
1772051724.007729,401088,-0.01,0.00,-0.09,-175.56,-84.19,73.69,0.56,0.31,0.19,0.04,-0.07,0.02,-142.25,44.31,210.31,0.00,-0.62,0.31,3,2
1772051724.198950,401279,-0.09,-0.01,-0.04,-175.56,-84.25,73.69,-0.25,-0.31,0.13,0.09,-0.06,0.02,-142.25,44.31,210.31,-0.19,-0.19,-0.06,3,2
1772051724.389404,401470,0.07,-0.01,-0.12,-175.56,-84.25,73.69,-0.25,-1.87,0.00,0.10,-0.09,0.05,-142.25,44.31,210.31,0.00,0.19,0.06,3,2
1772051724.580239,401660,-0.03,0.00,-0.11,-175.56,-84.50,73.56,-1.19,-2.69,-0.06,0.07,-0.05,0.04,-142.19,44.31,210.31,0.44,0.56,-0.13,3,2
1772051724.770827,401851,-0.09,0.06,-0.05,-175.37,-84.56,73.06,-0.81,-1.31,0.69,0.10,-0.08,0.00,-142.19,44.31,210.31,0.19,0.19,-0.06,3,2
1772051724.961138,402041,0.01,0.00,-0.07,-175.37,-84.50,73.12,1.44,2.31,-1.12,0.09,-0.05,0.03,-142.12,44.25,210.37,-0.37,-0.13,-0.50,3,2
1772051725.152447,402232,-0.06,0.01,-0.11,-175.37,-84.37,73.25,-0.31,0.94,-0.13,0.12,-0.09,0.01,-142.12,44.25,210.44,-0.50,-0.19,-0.06,3,2
1772051725.343255,402423,-0.05,0.01,-0.06,-175.37,-84.25,73.19,-1.06,-0.62,-0.31,0.11,-0.10,0.05,-142.06,44.25,210.56,-0.56,-0.50,0.19,2,1
1772051725.533832,402614,-0.04,0.09,-0.07,-175.31,-84.19,73.06,-1.50,1.37,-0.19,0.08,-0.09,0.02,-142.06,44.25,210.56,0.19,-0.19,0.50,2,1
1772051725.724161,402804,0.00,0.01,-0.13,-175.31,-84.12,73.06,0.75,1.19,-0.13,0.10,-0.09,0.00,-142.06,44.25,210.56,0.00,-0.19,-0.25,2,1
1772051725.915235,402995,-0.03,-0.01,-0.09,-175.31,-84.12,73.06,-0.44,-0.25,0.75,0.08,-0.10,0.02,-142.06,44.19,210.50,1.06,0.94,-0.69,2,1
1772051726.105626,403186,-0.04,0.06,-0.05,-175.12,-83.94,72.56,-1.06,0.06,1.06,0.11,-0.09,0.03,-142.00,44.19,210.50,-0.37,0.19,-0.88,2,1
1772051726.296646,403377,-0.03,0.01,-0.05,-175.00,-83.81,72.31,-0.69,0.00,1.06,0.10,-0.08,0.06,-141.87,44.13,210.69,-0.88,-0.19,0.06,1,1
1772051726.487210,403567,0.00,0.07,-0.06,-174.87,-83.75,72.06,-0.19,-1.87,-0.25,0.14,-0.09,0.04,-141.87,44.06,211.00,-0.19,-0.50,0.25,1,1
1772051726.677893,403758,-0.03,0.00,-0.09,-175.00,-84.06,72.25,-0.81,-3.06,-1.25,0.12,-0.12,0.00,-141.87,44.06,211.00,-0.06,0.19,0.00,1,1
1772051726.868357,403949,-0.01,0.03,-0.10,-175.00,-84.25,72.25,-0.62,0.81,0.62,0.06,-0.10,0.03,-141.87,44.06,211.06,-0.06,0.19,0.25,1,1
1772051727.058187,404138,-0.04,0.00,-0.08,-174.87,-84.06,72.06,-1.50,2.56,1.37,0.07,-0.06,0.03,-141.87,44.00,211.00,0.44,-0.88,-1.37,1,1
1772051727.249984,404330,-0.03,0.00,-0.06,-174.69,-83.75,71.75,-1.12,-0.69,-0.25,0.17,-0.10,0.05,-141.87,44.06,210.94,1.25,-0.69,-0.88,2,1
1772051727.440512,404521,0.01,0.09,-0.16,-174.69,-83.69,71.44,0.62,1.19,-0.62,0.13,-0.09,0.00,-142.12,43.88,210.94,-0.06,0.44,0.00,1,1
1772051727.631340,404712,-0.21,-0.04,-0.07,-174.94,-84.00,72.00,-1.56,-1.00,0.88,0.08,-0.11,0.00,-142.12,44.00,210.75,-0.62,0.37,0.37,1,1
1772051727.821418,404902,-0.07,0.06,-0.04,-174.69,-83.87,71.62,-1.94,1.56,1.19,0.04,-0.09,0.03,-142.06,44.13,210.50,-0.44,0.06,0.19,1,1
1772051728.012699,405093,-0.03,0.04,-0.11,-174.56,-83.69,71.44,-0.31,-0.06,0.44,0.12,-0.08,0.06,-142.06,44.25,210.44,-0.31,-0.06,0.31,2,1
1772051728.203587,405284,-0.01,0.09,-0.11,-174.62,-83.69,71.44,1.25,0.25,-1.31,0.07,-0.09,0.03,-142.06,44.19,210.50,0.06,-0.81,-0.06,2,1
1772051728.394344,405474,-0.03,-0.04,-0.11,-174.81,-83.81,71.87,1.12,-0.31,-0.44,0.09,-0.08,0.04,-142.06,44.19,210.50,-0.25,0.06,-0.25,2,1
1772051728.584620,405665,0.05,0.07,-0.14,-174.75,-83.75,71.69,0.25,0.62,0.25,0.06,-0.06,0.09,-142.19,44.13,210.56,-0.13,-1.31,1.81,2,1
1772051728.775091,405855,-0.07,0.26,-0.13,-174.62,-83.69,71.19,-0.88,-0.13,0.69,0.01,-0.09,0.07,-142.25,44.25,210.56,-0.75,0.50,-0.50,3,1
1772051728.965421,406046,0.02,0.04,-0.15,-174.56,-83.75,71.19,0.13,-3.31,0.31,0.19,-0.12,0.03,-142.19,44.31,210.56,0.06,0.31,0.37,3,1
1772051729.157255,406237,0.02,0.12,-0.11,-174.44,-83.94,70.69,-0.94,-3.56,-0.19,0.03,-0.06,0.03,-142.12,44.25,210.62,-0.06,0.13,-2.00,3,1
1772051729.347429,406428,-0.07,0.19,0.00,-174.37,-84.12,70.50,-1.94,-1.25,0.75,0.08,-0.07,0.00,-141.94,44.13,210.81,0.13,0.19,0.19,3,0
1772051729.538262,406619,-0.41,0.29,-0.11,-174.25,-83.94,70.44,0.00,4.87,2.44,0.16,-0.15,-0.01,-141.69,44.25,211.31,0.56,0.94,-0.81,3,1
1772051729.727713,406808,0.00,0.04,-0.04,-174.44,-83.69,71.06,3.81,1.06,0.44,0.06,0.00,0.03,-141.94,44.44,211.25,-1.12,-2.62,3.69,3,1
1772051729.917711,406998,0.04,0.68,-0.13,-174.12,-83.12,72.31,24.50,6.44,-1.06,0.03,-0.11,-0.07,-142.25,44.38,211.94,-1.19,-0.94,-1.50,2,1
1772051730.109919,407190,-0.12,-0.70,0.00,-126.06,-82.31,80.56,39.81,-8.69,11.25,0.02,-0.12,-0.07,-142.19,44.31,210.94,8.25,3.87,-2.75,3,1
1772051730.300882,407381,-0.27,-0.41,-0.04,-124.94,-80.94,83.37,2.12,15.25,13.75,0.12,0.00,0.11,-142.19,44.25,210.81,-3.25,-2.62,-1.31,2,1
1772051730.491652,407572,0.35,0.05,-0.18,-127.94,-75.44,75.69,-31.31,19.81,29.44,0.01,-0.11,-0.03,-142.19,44.25,211.06,-0.88,1.25,3.31,2,1
1772051730.681286,407762,0.23,0.49,-0.14,-121.00,-70.75,64.94,-22.50,7.94,10.06,0.07,-0.04,0.14,-142.19,44.94,210.19,-0.69,1.44,0.31,2,1
1772051730.872139,407952,0.14,0.36,-0.06,-119.06,-69.00,59.81,-7.94,1.87,-1.06,0.06,-0.05,0.02,-142.12,45.06,210.06,-0.31,-1.19,0.56,3,2
1772051731.063580,408144,0.03,-0.13,-0.08,-119.62,-69.44,60.63,3.56,-6.50,-9.00,0.18,-0.15,0.00,-142.31,45.00,210.19,-0.88,-1.00,2.12,2,2
1772051731.254212,408335,0.36,-0.39,-0.20,-120.62,-71.94,63.75,-2.94,-11.25,-13.31,0.09,0.04,0.02,-142.25,45.00,210.19,0.50,0.31,-1.69,3,3
1772051731.445176,408525,-0.36,0.30,0.21,-110.69,-76.56,64.37,-18.31,-14.44,-17.00,0.05,-0.06,-0.04,-142.37,44.94,210.00,0.94,-1.25,-3.06,3,3
1772051731.635179,408716,-0.13,0.09,0.19,-107.00,-78.87,65.69,8.69,-1.69,-4.12,0.07,-0.04,-0.02,-142.37,44.75,210.25,0.69,-0.13,0.62,4,3
1772051731.824908,408905,0.03,-0.18,-0.02,-114.12,-78.69,69.50,29.44,7.37,1.50,0.11,-0.06,0.11,-142.31,44.94,210.06,-1.12,0.00,2.06,4,3
1772051732.017112,409097,-0.09,0.08,-0.16,-122.06,-78.44,71.81,-5.62,1.19,-0.13,-0.08,-0.03,0.03,-142.56,45.00,210.00,-0.62,-0.81,1.06,4,3
1772051732.207708,409288,-0.04,0.07,0.07,-121.19,-78.44,71.12,-0.62,-1.69,1.31,0.07,-0.10,-0.02,-142.69,45.06,209.94,0.06,-1.06,0.31,4,3
1772051732.398364,409479,0.00,0.03,-0.05,-121.69,-78.50,71.00,-0.19,2.19,-0.25,0.03,-0.01,0.00,-142.75,45.00,210.00,-0.50,-0.25,0.06,4,3
1772051732.589222,409669,-0.11,0.10,-0.01,-122.19,-78.37,70.94,-0.56,0.62,-0.50,0.17,-0.11,-0.01,-142.81,45.00,209.87,-0.19,-0.75,-0.56,5,3
1772051732.779553,409860,-0.04,0.05,-0.03,-123.62,-78.31,71.12,-0.37,-3.37,-0.25,0.08,-0.06,0.00,-142.75,44.94,210.00,-0.50,-0.06,0.19,4,2
1772051732.970426,410051,0.00,0.04,0.01,-122.50,-78.56,71.06,0.06,1.06,-1.00,0.08,0.00,0.01,-142.75,44.94,209.94,-0.19,-0.62,-0.37,4,2
1772051733.161287,410242,0.05,0.00,-0.05,-122.94,-78.50,71.06,-1.25,-0.50,0.44,0.08,-0.08,-0.03,-142.75,44.94,210.00,0.50,0.00,-1.25,4,2
1772051733.351892,410432,-0.04,0.00,0.03,-119.06,-79.00,70.06,-15.63,-6.19,-3.81,0.04,-0.01,0.00,-142.56,44.81,210.19,0.50,0.50,-1.37,3,1
1772051733.541265,410622,0.01,0.20,0.09,-114.75,-79.44,68.12,-1.94,0.25,1.56,0.05,-0.05,0.03,-142.37,44.63,210.50,1.19,0.25,-2.44,3,1
1772051733.731091,410812,-0.02,0.16,-0.06,-115.37,-79.06,67.81,5.94,3.12,3.94,0.03,-0.08,0.00,-142.50,44.19,210.62,1.44,-0.88,-0.94,2,1
1772051733.923528,411004,-0.04,0.14,0.00,-117.12,-78.87,68.00,-1.69,1.44,-3.37,0.03,-0.08,-0.02,-142.81,43.81,210.87,0.56,0.81,-0.75,2,1
1772051734.114234,411195,0.04,0.12,0.00,-119.00,-79.12,68.75,-1.00,3.69,0.88,-0.03,-0.07,-0.08,-142.81,43.94,210.94,-2.06,0.50,2.19,2,1
1772051734.305138,411386,-0.22,0.34,0.04,-118.94,-78.94,69.94,20.62,-0.88,3.69,0.09,-0.09,-0.04,-142.62,44.63,210.44,-0.37,1.87,1.06,3,1
1772051734.495299,411576,0.08,-0.17,-0.09,-124.56,-78.37,74.81,22.00,-0.37,-2.75,0.05,0.01,0.05,-142.62,45.00,210.06,-0.31,0.50,0.62,3,1
1772051734.685447,411766,-0.03,-0.07,-0.04,-128.37,-79.44,77.50,-1.00,-1.44,-3.87,0.09,-0.08,-0.01,-142.75,44.94,210.19,-0.25,-1.75,0.44,2,1
1772051734.877277,411957,0.01,-0.04,-0.05,-129.31,-79.75,77.62,-1.94,-0.81,-1.12,0.05,-0.10,-0.02,-142.94,44.88,210.25,-0.25,-0.44,0.37,3,2
1772051735.067854,412148,-0.03,-0.05,-0.06,-128.31,-79.87,77.44,-0.62,-0.81,0.94,0.12,-0.08,0.05,-142.94,44.94,210.12,-0.37,0.50,0.00,3,1
1772051735.258552,412339,0.01,0.10,-0.06,-126.94,-79.62,76.69,-2.19,-0.19,0.75,0.10,-0.06,0.02,-142.94,45.00,210.06,-0.13,-0.19,-0.94,3,2
1772051735.449035,412529,0.08,-0.02,-0.05,-125.19,-80.00,75.44,-19.94,-5.06,-3.94,0.07,-0.09,-0.01,-142.69,44.75,210.50,0.25,-0.13,-0.88,4,2
1772051735.639378,412720,0.02,0.21,0.06,-118.50,-80.87,72.94,-8.00,-3.25,-3.50,0.08,-0.08,-0.02,-142.50,44.56,210.69,0.50,0.06,-1.19,5,2
1772051735.830650,412911,-0.10,0.01,0.07,-116.06,-81.37,73.00,1.56,-0.50,-1.69,0.26,-0.13,-0.03,-142.25,44.56,211.37,-4.37,-1.56,2.12,4,2
1772051736.020773,413102,0.03,0.06,-0.04,-120.69,-81.56,73.56,4.31,3.44,-3.19,0.01,0.03,0.02,-142.12,44.63,211.44,0.25,0.94,0.69,5,3
1772051736.211644,413292,0.05,0.14,-0.10,-122.56,-81.56,74.31,1.50,0.13,0.94,0.08,-0.10,-0.07,-142.25,44.63,211.75,-3.06,-3.87,-0.06,5,3
1772051736.401676,413482,-0.14,-0.20,0.22,-121.94,-82.44,75.44,-1.81,-7.19,-6.31,0.07,-0.14,0.06,-142.69,44.63,210.75,5.75,1.37,-1.25,5,3
1772051736.592136,413673,-0.02,0.03,-0.12,-122.69,-82.56,75.44,3.87,4.62,0.88,0.11,-0.07,0.01,-142.87,44.56,210.69,1.12,0.00,-0.19,5,3
1772051736.783930,413864,-0.02,-0.02,-0.04,-126.94,-82.44,76.00,1.56,-0.44,0.19,0.09,-0.05,0.06,-143.00,44.63,210.50,-1.00,-0.25,-0.19,4,3
1772051736.974499,414055,0.00,0.07,-0.02,-126.50,-82.31,75.81,-1.12,-0.81,0.56,0.05,-0.04,0.00,-142.94,44.63,210.56,-0.37,0.13,-0.25,4,3
1772051737.165559,414246,-0.05,-0.06,-0.01,-126.44,-82.31,75.87,1.00,-0.62,-0.75,0.05,-0.04,0.07,-142.94,44.63,210.62,-0.13,-0.25,-0.31,4,3
1772051737.355737,414436,0.01,0.05,-0.08,-126.00,-82.25,75.75,0.13,-1.06,0.75,0.12,-0.06,0.00,-142.87,44.63,210.69,-0.25,0.00,-0.37,4,3
1772051737.546390,414627,-0.03,-0.01,0.00,-123.12,-82.50,75.75,0.19,-3.69,-0.69,0.03,-0.01,0.02,-142.87,44.63,210.62,-0.37,-0.50,-0.88,3,2
1772051737.737322,414818,-0.06,0.02,0.00,-119.69,-82.69,75.50,-0.94,-0.37,0.94,0.08,-0.05,0.03,-142.75,44.69,210.62,-0.06,0.37,-0.13,4,3
1772051737.928191,415008,-0.02,0.10,-0.03,-118.69,-82.50,74.81,-2.06,-1.12,-0.25,0.16,-0.07,0.06,-142.75,44.75,210.62,-0.88,0.19,-0.44,2,1
1772051738.118562,415199,-0.08,0.07,-0.01,-118.44,-82.44,74.56,-3.19,1.37,1.75,0.10,-0.07,0.05,-142.62,44.75,210.69,-0.94,-0.25,0.19,3,1
1772051738.309314,415390,0.07,0.22,-0.03,-119.12,-82.12,74.12,-0.25,1.06,-0.06,0.10,-0.05,0.02,-142.62,44.63,210.94,-0.19,-0.31,-0.56,2,2
1772051738.499317,415580,-0.06,0.03,0.00,-121.12,-82.25,74.75,1.19,0.94,-1.62,0.06,0.00,0.04,-142.56,44.56,211.00,-0.19,-0.44,-0.06,3,2
1772051738.690611,415771,-0.07,0.07,0.00,-121.50,-82.25,74.75,0.37,-0.13,0.37,0.08,-0.04,0.05,-142.56,44.56,211.00,-0.50,0.06,-0.62,3,2
1772051738.881252,415962,-0.03,0.04,-0.03,-121.69,-82.25,74.75,-0.69,-0.13,0.62,0.09,-0.05,0.03,-142.56,44.56,211.06,0.25,0.19,-0.25,3,2
1772051739.071910,416152,0.00,0.12,-0.08,-121.87,-82.06,74.37,-0.81,0.81,-0.25,0.09,-0.05,0.02,-142.56,44.56,211.06,-0.31,-0.31,-0.31,3,2
1772051739.262461,416343,0.00,0.00,-0.05,-122.31,-82.00,74.37,0.75,-0.50,-0.31,0.07,-0.03,0.05,-142.56,44.56,211.06,-0.31,-0.06,0.13,3,2
1772051739.453010,416534,0.04,0.04,-0.09,-122.19,-82.00,74.31,-0.81,0.37,0.31,0.06,-0.05,0.04,-142.50,44.56,211.12,-0.25,0.31,-0.25,3,2
1772051739.644044,416725,-0.04,0.09,0.00,-119.31,-82.06,73.87,-2.25,-1.25,1.19,0.06,-0.01,0.01,-142.44,44.56,211.12,-0.19,0.56,-0.44,3,2
1772051739.834403,416915,0.00,-0.01,0.00,-117.25,-82.00,73.37,-4.94,-0.19,1.81,0.10,0.01,0.06,-142.25,44.56,211.37,-3.44,-0.13,0.88,3,2
1772051740.025252,417106,-0.09,0.06,-0.01,-116.19,-81.62,71.69,-4.25,4.56,2.31,0.08,-0.08,0.06,-141.81,45.00,211.12,-1.87,0.56,-1.12,3,1
1772051740.214966,417296,0.11,0.28,-0.11,-116.94,-80.56,69.94,-5.19,0.44,5.06,0.10,-0.03,0.05,-141.69,45.19,211.19,-2.06,-2.50,-0.19,2,1
1772051740.404823,417485,-0.18,0.12,0.23,-111.94,-80.50,69.12,-3.25,-7.75,-3.87,0.15,-0.09,-0.01,-142.06,45.06,210.62,2.19,-2.75,-0.56,2,1
1772051740.596960,417678,-0.01,-0.05,-0.04,-114.44,-81.06,70.37,11.44,2.56,-7.87,0.09,-0.05,0.08,-142.62,44.75,210.81,0.69,-1.44,-0.19,3,1
1772051740.787837,417868,-0.10,-0.20,-0.08,-120.81,-81.94,72.87,0.75,-1.50,-0.62,0.11,-0.07,0.00,-142.81,44.69,210.81,-0.19,-0.75,0.25,2,1
1772051740.978402,418059,-0.01,-0.03,-0.02,-120.00,-82.06,72.81,0.00,-1.37,0.25,0.08,-0.02,0.03,-142.81,44.69,210.75,-0.19,0.81,0.13,2,1
1772051741.168587,418249,-0.02,0.11,-0.05,-118.37,-81.75,72.12,-2.69,2.19,2.12,0.08,-0.06,0.05,-142.81,44.75,210.69,-0.25,0.31,-0.19,2,1
1772051741.359709,418440,0.04,0.07,-0.05,-118.44,-81.50,71.75,-0.50,-0.31,0.62,0.09,-0.03,0.07,-142.75,44.81,210.69,-0.50,-0.25,-0.13,3,1
1772051741.550742,418631,-0.03,0.04,-0.03,-116.94,-81.56,71.75,-0.25,-0.62,-0.06,0.02,-0.04,0.03,-142.69,44.75,210.81,0.25,-0.25,-1.62,3,1
1772051741.741237,418822,-0.03,-0.02,-0.04,-114.94,-81.69,71.62,-1.19,-1.94,0.94,0.06,-0.06,-0.02,-142.62,44.69,210.94,0.19,-0.06,-0.50,3,1
1772051741.931815,419012,-0.03,-0.09,-0.01,-113.31,-81.75,71.50,-0.19,-0.31,0.88,0.15,0.00,0.10,-142.50,44.56,211.12,0.19,-1.31,-1.37,4,1
1772051742.122035,419203,0.00,0.06,0.00,-113.50,-81.69,71.00,-0.19,-0.44,0.75,0.07,-0.05,0.02,-142.44,44.38,211.25,0.25,0.06,-1.50,4,2
1772051742.312596,419393,-0.01,0.12,0.04,-112.87,-81.56,70.69,2.37,-2.00,-0.50,0.10,-0.02,0.06,-142.44,44.25,211.44,-0.50,1.06,-0.13,4,1
1772051742.503585,419584,0.07,0.13,-0.03,-113.19,-81.50,70.81,0.75,1.37,0.37,0.05,-0.10,0.00,-142.44,44.38,211.44,-0.56,0.50,0.94,5,2
1772051742.694394,419775,-0.05,-0.02,-0.06,-114.94,-81.56,71.37,1.25,1.31,-0.56,0.11,-0.07,0.05,-142.44,44.38,211.44,-0.25,0.13,0.37,5,2
1772051742.884774,419966,0.04,0.06,-0.06,-116.25,-81.31,71.25,0.06,1.00,0.62,0.05,-0.05,0.02,-142.44,44.38,211.44,0.00,0.31,-0.31,5,1
1772051743.075796,420156,-0.01,0.04,-0.06,-116.19,-81.31,71.25,-0.44,-0.19,0.44,0.12,-0.07,0.06,-142.44,44.38,211.50,-0.13,0.37,-0.13,4,1
1772051743.266422,420347,-0.01,0.08,-0.05,-115.75,-81.37,71.25,-0.69,0.06,0.44,0.09,-0.04,0.01,-142.44,44.38,211.50,0.06,-0.13,-0.31,4,1
1772051743.457330,420538,0.00,-0.01,-0.07,-115.87,-81.44,71.37,0.19,0.31,-0.19,0.11,-0.06,0.03,-142.44,44.38,211.50,-0.19,-0.31,-0.19,3,2
1772051743.647705,420728,-0.02,0.01,-0.03,-114.19,-81.56,71.31,-1.37,-2.50,0.44,0.09,-0.09,0.04,-142.44,44.38,211.50,0.13,-0.13,0.00,3,1
1772051743.838260,420919,-0.02,0.02,0.00,-111.62,-81.69,71.31,1.00,-1.06,-0.25,0.10,-0.04,0.07,-142.37,44.38,211.50,0.13,0.19,0.00,3,1
1772051744.029032,421110,-0.07,0.04,-0.02,-111.31,-81.75,71.31,0.19,-0.06,-1.25,0.10,-0.06,0.08,-142.44,44.38,211.50,0.25,0.00,0.62,2,1
1772051744.219707,421300,0.01,0.00,-0.05,-111.81,-81.75,71.31,-0.44,0.31,0.56,0.10,-0.10,0.07,-142.50,44.31,211.50,0.69,-1.00,-0.06,2,1
1772051744.410491,421491,0.00,0.03,-0.05,-112.75,-81.69,71.25,-0.06,0.25,-0.31,0.09,-0.01,0.04,-142.50,44.31,211.50,0.06,0.19,0.19,2,1
1772051744.601152,421682,-0.06,0.07,-0.01,-112.25,-81.69,71.19,-0.88,0.37,0.31,0.14,-0.10,0.06,-142.56,44.38,211.44,-0.06,0.06,0.06,2,1
1772051744.791659,421872,0.01,0.03,-0.13,-113.50,-81.62,71.19,0.13,1.31,0.62,0.10,-0.07,0.06,-142.37,44.25,211.69,-1.44,-0.94,-3.19,2,1
1772051744.981459,422062,0.01,0.03,-0.02,-111.75,-81.62,71.12,-1.50,-6.06,0.62,0.08,-0.03,0.04,-142.06,44.13,212.12,0.50,-0.06,-1.25,2,1
1772051745.172021,422253,-0.12,0.00,0.09,-105.37,-81.87,71.12,-0.44,-2.31,-1.19,0.06,-0.03,0.10,-142.00,44.13,212.19,0.06,-0.44,0.31,2,1
1772051745.364120,422445,-0.04,-0.01,-0.02,-106.31,-81.94,71.12,1.06,2.31,-0.69,0.06,-0.03,0.02,-142.00,44.13,212.12,0.31,-0.13,0.19,3,1
1772051745.554493,422635,0.05,0.20,-0.14,-109.69,-81.62,70.87,-2.37,3.19,1.87,0.07,-0.08,-0.10,-142.19,44.19,212.00,-0.94,0.37,1.19,4,2
1772051745.745132,422826,0.06,-0.01,-0.07,-110.87,-81.62,71.25,-0.94,0.75,0.25,0.04,-0.04,0.01,-142.19,44.25,211.87,0.00,-0.37,0.88,4,2
1772051745.935667,423017,-0.01,-0.01,-0.03,-110.12,-81.69,71.25,-1.31,0.06,0.44,0.11,-0.05,0.07,-142.19,44.31,211.81,0.06,0.50,0.44,4,2
1772051746.126546,423207,-0.02,0.05,-0.03,-109.44,-81.62,71.00,-0.06,-0.62,0.19,0.08,-0.06,0.05,-142.19,44.31,211.81,0.06,0.06,-0.19,4,1
1772051746.317410,423398,-0.04,0.00,-0.04,-108.56,-81.69,71.00,-0.62,-0.37,0.56,0.09,-0.04,0.07,-142.19,44.31,211.81,0.19,0.19,-0.06,4,1
1772051746.507766,423589,-0.04,0.00,0.05,-107.31,-81.75,70.75,-3.25,-2.31,0.44,0.12,-0.09,0.04,-142.25,44.38,211.87,0.37,-0.19,0.44,4,1
1772051746.698358,423779,-0.01,0.04,0.01,-107.81,-81.69,70.62,2.81,1.62,-0.62,0.12,-0.04,0.10,-142.25,44.38,211.94,-0.25,0.44,0.94,4,2
1772051746.888515,423969,-0.08,0.14,-0.11,-111.12,-81.50,70.75,0.56,2.06,1.00,0.18,-0.06,0.05,-142.12,44.50,212.12,-0.94,0.81,0.25,3,1
1772051747.079128,424160,-0.01,0.11,0.00,-110.75,-81.37,70.69,-3.50,-4.12,1.37,0.06,-0.04,0.08,-142.31,44.63,212.00,0.19,-0.37,-0.62,4,1
1772051747.270471,424351,-0.06,0.07,0.02,-109.12,-81.50,70.75,0.31,0.06,-1.00,0.13,-0.08,0.08,-142.44,44.56,211.81,1.44,-0.75,0.44,3,1
1772051747.461283,424542,-0.02,-0.04,-0.01,-111.37,-81.62,71.31,2.06,0.25,0.19,0.12,0.01,0.06,-142.75,44.56,211.37,0.75,-0.25,0.56,2,1
1772051747.651770,424733,0.04,0.02,-0.11,-112.37,-81.56,71.44,0.56,0.81,-1.50,0.07,-0.02,0.03,-143.00,44.69,210.87,3.25,1.00,-0.13,2,1
1772051747.842410,424923,0.00,0.00,-0.08,-112.94,-81.69,71.50,0.81,0.62,-0.62,0.13,-0.04,0.06,-143.19,44.69,210.50,1.12,0.81,-0.94,2,1
1772051748.032712,425114,-0.01,0.06,-0.04,-113.37,-81.75,71.37,-2.44,-1.37,1.25,0.17,-0.03,0.11,-143.25,44.63,210.25,-0.88,-0.69,1.25,2,1
1772051748.223981,425305,0.15,0.03,-0.10,-112.31,-81.44,71.00,-0.56,-1.37,-2.12,0.01,0.08,0.08,-143.37,44.50,210.25,3.75,0.50,-0.62,3,1
1772051748.414708,425495,-0.12,0.03,-0.01,-109.94,-82.06,71.50,3.12,1.06,-0.94,0.07,-0.02,0.03,-143.56,44.50,209.81,0.37,-0.06,-0.31,3,1
1772051748.605280,425686,0.00,0.08,-0.07,-111.56,-82.06,71.62,-1.06,-0.19,2.00,0.12,0.01,0.03,-143.56,44.63,209.75,-1.00,-0.56,2.56,4,1
1772051748.795131,425876,0.08,-0.01,-0.08,-110.06,-82.12,71.50,-1.00,-3.56,-4.50,0.09,-0.03,0.00,-143.44,44.50,210.06,1.37,1.12,-2.44,4,1
1772051748.985678,426066,-0.09,0.04,-0.06,-104.87,-82.87,71.81,-2.94,0.94,-1.00,0.04,-0.03,-0.04,-143.31,44.44,210.00,-1.06,0.62,-1.06,4,1
1772051749.177497,426258,-0.06,0.10,0.01,-104.31,-82.69,71.37,-4.00,-0.31,2.69,0.08,-0.01,0.05,-143.00,44.50,210.25,-2.25,-0.13,-0.19,4,1
1772051749.367836,426449,0.03,0.13,0.00,-104.44,-82.12,70.62,-0.75,2.12,1.81,0.21,-0.06,0.02,-142.87,44.56,210.37,-0.13,-1.75,0.69,4,1
1772051749.558854,426640,-0.06,0.00,-0.08,-106.19,-82.06,70.69,0.44,-1.12,-2.50,0.06,-0.02,0.05,-142.87,44.50,210.69,-0.62,-0.69,0.06,4,1
1772051749.748758,426830,0.00,0.01,-0.09,-105.19,-82.19,70.75,-1.00,-2.81,-0.50,0.02,0.05,0.07,-143.00,44.44,210.62,1.19,0.62,-0.37,4,1
1772051749.938978,427020,-0.13,0.09,0.05,-100.44,-82.37,70.37,-3.06,-0.69,1.69,0.02,0.06,0.09,-143.12,44.56,210.12,0.50,0.31,0.69,4,1
1772051750.130758,427212,0.05,0.08,-0.06,-100.25,-82.25,69.81,-1.12,0.81,-0.13,0.06,0.01,0.04,-143.25,44.63,209.87,0.06,-0.50,0.44,4,2
1772051750.321130,427402,0.00,0.00,-0.07,-99.75,-82.37,69.87,-0.44,-1.00,0.69,0.08,0.00,0.05,-143.19,44.63,209.94,-0.69,0.75,0.88,4,2
1772051750.512037,427593,0.00,0.04,-0.05,-100.37,-82.12,69.87,4.31,2.25,-0.31,-0.01,0.01,0.01,-142.94,44.56,210.56,0.56,-0.13,-0.75,3,2
1772051750.702060,427783,-0.12,-0.06,0.02,-101.56,-82.19,70.31,1.00,1.44,1.31,0.08,0.03,0.06,-143.00,44.63,210.56,-1.06,-1.37,0.06,3,2
1772051750.892723,427973,-0.06,0.08,-0.04,-103.87,-82.19,70.37,-1.00,-1.12,-1.50,0.11,0.00,0.04,-143.12,44.63,210.44,-1.00,-1.00,0.62,3,1
1772051751.084175,428165,-0.01,-0.05,-0.03,-104.06,-82.25,70.69,-0.19,-1.69,0.56,0.04,0.03,0.08,-143.00,44.63,210.50,0.69,0.50,-0.50,3,1
1772051751.274826,428356,0.00,-0.07,0.03,-102.06,-82.25,70.25,-3.25,-2.75,-0.62,0.09,0.03,0.08,-143.19,44.69,209.75,1.75,0.69,-0.19,3,1
1772051751.465299,428546,0.04,0.08,-0.09,-101.06,-82.12,69.69,0.00,2.25,-1.06,0.00,0.09,0.00,-143.25,44.69,209.56,0.69,0.25,-0.25,3,1
1772051751.655596,428737,-0.02,0.06,0.05,-99.87,-82.19,69.56,-1.75,-2.50,-0.31,0.03,0.03,0.09,-143.37,44.63,209.56,0.69,0.19,-0.25,4,1
1772051751.845809,428927,-0.03,0.00,0.00,-100.81,-82.31,69.81,1.19,2.31,-0.19,0.08,0.00,0.08,-143.37,44.63,209.56,0.00,-0.25,0.25,4,1
1772051752.037692,429118,-0.01,-0.30,-0.04,-105.87,-81.94,72.00,21.50,-0.06,2.00,0.05,0.07,0.12,-143.25,44.75,209.37,-0.50,-0.50,0.44,3,1
1772051752.228272,429309,0.07,0.07,-0.10,-108.44,-82.06,72.75,-1.44,-0.75,0.00,0.08,0.02,0.04,-143.44,44.63,209.56,-0.50,-1.00,0.19,3,1
1772051752.419016,429500,0.12,-0.14,-0.14,-106.62,-82.19,72.50,-2.81,-4.00,0.88,0.06,0.03,0.05,-143.50,44.56,209.62,0.56,-0.31,-0.06,4,0
1772051752.609220,429690,-0.12,0.14,0.05,-101.50,-82.50,71.06,-7.56,-0.25,0.56,-0.03,0.07,0.00,-143.50,44.56,209.62,-0.31,0.00,-0.13,4,0
1772051752.799114,429880,-0.03,0.06,0.01,-102.62,-82.37,70.81,4.87,3.37,0.31,0.03,0.03,0.07,-143.44,44.56,209.75,-0.25,0.81,0.50,4,0
1772051752.990988,430072,-0.04,-0.02,-0.11,-105.19,-81.87,71.25,1.00,0.94,1.56,0.05,0.03,0.08,-143.31,44.69,210.00,-1.81,-1.56,0.56,4,0
1772051753.181819,430263,0.03,-0.16,-0.11,-103.62,-81.81,71.12,-1.87,-4.94,-2.19,0.04,0.03,0.06,-143.25,44.56,210.19,4.87,0.62,-3.00,4,0
1772051753.372332,430453,-0.19,0.10,-0.01,-93.75,-82.19,70.25,-7.56,-3.25,2.62,0.13,0.00,0.14,-143.62,44.63,209.44,0.44,0.13,-0.37,4,1
1772051753.562254,430643,0.02,0.20,0.05,-91.12,-81.94,68.62,-5.94,1.31,0.75,0.02,0.07,0.02,-143.44,44.63,209.37,0.44,0.19,-0.62,3,1
1772051753.752724,430834,-0.08,0.01,-0.04,-92.87,-81.75,68.31,0.19,2.81,0.56,0.00,0.08,0.07,-143.31,44.63,209.44,0.13,-0.19,-0.50,3,1
1772051753.944007,431025,0.02,0.09,-0.13,-96.69,-81.37,67.94,-2.81,0.13,0.31,0.06,0.03,0.10,-143.31,44.63,209.50,1.25,0.88,0.25,3,1
1772051754.135205,431216,-0.07,0.02,-0.03,-94.50,-81.44,68.00,0.37,-1.37,0.13,-0.01,0.07,0.02,-143.31,44.69,209.44,-0.75,-0.37,0.75,2,1
1772051754.325703,431407,-0.04,-0.06,-0.01,-94.06,-81.62,68.44,1.19,-0.06,-0.94,0.09,0.04,0.09,-143.31,44.69,209.44,0.37,0.00,0.31,2,1
1772051754.516301,431597,0.02,0.04,-0.01,-94.81,-81.62,68.50,1.25,0.69,-0.81,0.01,0.06,0.07,-143.37,44.69,209.44,-0.19,-0.50,0.44,2,1
1772051754.706334,431787,-0.01,0.07,-0.05,-95.25,-81.75,68.94,1.31,-0.69,-1.25,0.00,0.06,0.09,-143.37,44.63,209.56,0.56,0.44,0.06,2,1
1772051754.897396,431979,0.00,0.05,-0.03,-94.75,-81.81,69.00,0.75,0.31,0.62,0.00,0.05,0.04,-143.44,44.63,209.44,0.69,0.13,-0.19,2,1
1772051755.088345,432170,0.05,-0.09,-0.09,-94.50,-81.87,69.06,-2.19,-1.37,0.31,0.08,0.06,0.01,-143.56,44.69,209.25,0.81,0.13,0.69,2,2
1772051755.279166,432360,-0.08,0.05,-0.03,-92.94,-81.87,68.75,1.87,2.31,0.50,0.06,0.06,0.02,-143.25,44.63,209.75,-1.87,0.00,-1.00,2,1
1772051755.468673,432550,0.06,0.13,0.00,-95.00,-81.56,68.81,2.31,0.25,2.75,0.09,0.00,0.10,-143.12,44.63,210.37,-5.75,-3.25,4.00,3,1
1772051755.659719,432741,0.00,0.03,-0.03,-94.81,-81.06,69.00,1.31,-0.75,-0.44,-0.02,0.00,0.02,-142.87,44.56,211.56,0.25,-2.06,0.00,3,1
1772051755.851400,432932,-0.26,-0.10,0.03,-93.31,-81.69,69.87,1.94,-1.06,-3.81,0.06,0.01,0.00,-143.00,44.44,211.62,-0.06,-0.94,-0.19,3,1
1772051756.041872,433123,0.00,-0.11,0.00,-95.44,-82.12,70.44,-5.25,-0.88,-0.62,0.12,0.03,0.01,-143.12,44.63,210.62,4.62,4.00,0.88,3,1
1772051756.232740,433314,0.04,0.13,-0.20,-93.12,-81.44,68.62,-7.00,-2.06,1.81,0.13,-0.04,0.07,-143.25,44.81,210.25,1.00,0.25,-0.06,3,1
1772051756.422310,433503,-0.13,0.03,0.04,-91.81,-81.31,68.06,2.25,0.31,-1.00,0.00,0.05,0.04,-142.94,44.81,210.56,-3.81,-0.31,-1.25,4,1
1772051756.613015,433694,0.01,-0.05,-0.03,-94.69,-81.44,68.50,0.19,1.25,0.13,0.00,0.10,0.06,-142.62,44.75,211.00,0.62,0.75,-1.25,5,1
1772051756.804227,433886,-0.06,0.09,0.00,-94.12,-81.19,68.19,0.00,1.06,1.44,0.08,0.03,0.08,-142.56,44.69,211.25,-0.62,-0.50,0.56,5,1
1772051756.995230,434077,0.01,0.01,0.07,-97.06,-80.81,68.12,2.12,1.81,0.94,0.06,0.05,0.03,-142.69,44.75,211.00,-0.81,-1.81,2.06,5,1
1772051757.186292,434267,0.07,0.10,-0.14,-98.62,-80.75,68.44,3.06,-1.00,-3.44,-0.02,0.10,0.03,-142.81,44.56,211.62,0.37,-0.56,-1.50,5,2
1772051757.375881,434457,-0.09,-0.05,0.00,-96.94,-81.50,69.69,1.00,-1.37,-1.56,-0.03,0.10,0.01,-142.69,44.38,211.87,1.62,1.44,-1.06,4,2
1772051757.565835,434647,-0.18,0.03,0.13,-93.81,-81.81,69.75,-7.50,-1.06,3.31,0.12,0.00,0.06,-142.94,44.69,210.69,1.06,-0.25,1.12,4,2
1772051757.757394,434839,0.03,0.08,-0.12,-96.75,-81.25,68.62,0.19,0.56,-1.12,0.03,0.06,0.04,-143.06,44.75,210.37,0.94,-0.62,0.19,3,2
1772051757.948495,435030,0.00,-0.15,-0.06,-96.12,-81.56,69.12,0.44,-3.50,-1.56,0.03,0.08,0.04,-143.06,44.69,210.44,0.37,0.00,0.00,4,2
1772051758.139601,435221,-0.04,0.15,0.07,-91.56,-81.75,68.69,-2.75,-0.69,-0.31,0.00,0.04,0.01,-143.06,44.75,210.37,-0.94,0.19,-0.31,3,2
1772051758.329915,435411,0.00,0.00,0.00,-91.31,-81.69,68.69,-1.37,-1.62,0.44,0.03,0.02,0.05,-142.94,44.75,210.50,0.37,1.12,0.19,3,2
1772051758.519906,435601,-0.02,0.16,0.00,-91.19,-81.44,68.19,-1.87,1.50,1.31,-0.01,0.05,0.03,-142.87,44.75,210.50,-0.88,-0.37,0.13,2,2
1772051758.711259,435793,-0.04,0.01,0.02,-92.87,-81.37,68.25,0.62,1.50,0.94,0.02,0.06,0.05,-142.94,44.75,210.50,-1.12,-0.19,0.31,2,2
1772051758.902253,435983,-0.07,0.04,-0.03,-93.75,-81.25,68.06,0.00,-1.19,-0.13,0.00,0.07,0.01,-143.00,44.75,210.44,0.19,-0.19,0.00,2,2
1772051759.092845,436174,-0.01,0.01,-0.08,-94.06,-81.25,68.06,-0.19,0.62,0.50,0.03,0.07,0.04,-143.00,44.81,210.37,0.44,0.81,0.69,2,2
1772051759.283589,436365,-0.03,0.12,-0.02,-94.06,-81.19,67.87,-0.13,0.37,0.37,0.00,0.03,0.06,-143.00,44.81,210.37,0.06,0.13,0.00,3,2
1772051759.474700,436556,0.04,-0.03,-0.05,-94.44,-81.19,67.94,0.19,-0.50,-0.62,0.01,0.04,0.02,-143.00,44.81,210.37,-0.13,-0.50,-0.19,3,2
1772051759.665555,436747,-0.05,0.04,-0.01,-92.69,-81.25,68.00,-1.56,-0.75,-0.25,0.00,0.04,0.02,-142.94,44.81,210.44,-1.06,-0.44,-0.13,3,2
1772051759.856028,436937,-0.01,-0.02,-0.13,-93.50,-81.25,67.94,2.94,0.88,1.12,0.01,0.07,0.01,-142.50,44.75,211.12,-1.25,-0.56,-0.19,3,2
1772051760.046547,437128,-0.06,0.00,0.07,-92.12,-81.12,67.94,-1.25,-4.19,1.06,0.05,0.09,0.04,-142.44,44.75,211.06,-0.44,-0.75,0.56,4,2
1772051760.236180,437317,0.00,0.08,-0.07,-91.69,-80.94,67.62,-0.50,2.81,0.56,-0.08,0.10,0.09,-142.50,44.69,211.19,0.00,-0.75,-0.37,3,2
1772051760.426890,437508,-0.22,0.11,-0.02,-93.06,-81.00,67.56,0.62,0.06,-0.75,-0.01,0.05,0.05,-142.69,44.63,210.94,1.25,-0.50,0.00,3,1
1772051760.618342,437699,0.02,-0.05,-0.12,-94.44,-80.94,67.75,2.12,-0.50,-0.13,-0.01,0.12,0.00,-142.56,44.63,211.25,0.50,-0.13,-0.62,3,1
1772051760.809265,437890,-0.06,-0.07,0.10,-93.25,-81.12,67.94,0.13,-3.12,-0.44,0.01,0.01,0.13,-142.62,44.69,210.75,0.00,-0.25,1.50,3,1
1772051760.999985,438081,0.00,0.02,-0.13,-94.25,-81.06,67.81,-1.06,0.56,-0.06,0.02,0.02,0.03,-142.69,44.69,210.69,0.62,-0.88,0.31,2,1
1772051761.189812,438271,0.00,-0.04,-0.03,-93.50,-81.25,68.06,0.94,-2.62,-2.31,-0.02,0.07,0.08,-142.75,44.56,210.87,-0.44,-0.13,0.19,2,1
1772051761.379541,438461,-0.02,-0.03,-0.04,-90.87,-81.31,68.19,-1.75,-1.62,0.75,0.03,0.08,0.06,-142.69,44.56,210.94,0.00,0.44,0.06,2,1
1772051761.571117,438653,-0.08,0.16,0.04,-88.44,-81.25,67.75,1.50,2.00,0.50,-0.06,0.17,0.07,-142.69,44.63,210.81,-0.31,0.00,0.06,3,1
1772051761.762398,438844,-0.03,0.07,-0.10,-92.12,-81.19,68.00,1.81,4.56,2.37,0.02,0.09,0.07,-142.75,44.69,210.81,-0.19,-0.69,0.56,3,1
1772051761.953591,439035,-0.01,0.12,-0.08,-94.06,-81.06,67.87,0.56,-0.94,-0.50,0.02,0.05,0.02,-142.94,44.69,210.69,-0.81,-1.25,0.75,3,1
1772051762.142914,439224,-0.11,-0.04,0.00,-93.50,-81.25,68.25,-1.81,-1.56,0.06,0.00,0.04,0.06,-142.94,44.69,210.62,0.56,-0.31,0.06,4,2
1772051762.332866,439414,0.00,0.01,-0.09,-93.50,-81.25,68.06,2.44,0.69,-0.75,0.04,0.11,0.04,-142.87,44.69,210.69,-0.06,0.31,-0.19,5,3
1772051762.525028,439606,-0.01,0.07,-0.02,-93.44,-81.25,68.06,-0.44,-0.19,0.37,0.00,0.11,0.05,-142.94,44.69,210.69,-0.19,-0.37,-0.06,5,3
1772051762.716108,439797,-0.01,0.02,-0.09,-93.44,-81.25,68.06,-0.31,-0.56,0.19,0.00,0.09,0.04,-142.94,44.69,210.69,-0.06,-0.44,0.13,5,3
1772051762.907128,439988,-0.02,0.01,-0.02,-91.37,-81.37,68.12,-0.75,-2.87,-0.62,0.01,0.04,0.05,-142.87,44.69,210.69,-0.94,-0.37,0.75,5,3
1772051763.096300,440178,0.02,0.05,-0.10,-91.12,-81.31,68.00,2.75,1.31,0.13,0.02,0.05,0.04,-142.62,44.63,211.12,-2.94,-0.69,0.44,6,3
1772051763.286801,440369,0.00,0.07,0.00,-92.00,-81.25,68.31,0.44,-0.81,0.13,0.02,0.00,0.03,-142.56,44.63,211.25,0.94,0.50,0.88,6,3
1772051763.479217,440560,-0.02,0.08,-0.03,-91.62,-81.19,68.31,-1.37,1.00,-1.69,-0.12,0.20,0.08,-142.50,44.50,211.62,-1.19,-1.06,-1.44,5,2
1772051763.669704,440751,-0.27,0.14,0.09,-90.19,-81.56,68.56,-6.37,1.94,0.00,0.04,-0.03,-0.02,-142.81,44.63,210.75,0.00,-1.87,1.12,5,2
1772051763.860451,440942,0.00,-0.03,-0.12,-94.75,-81.56,68.69,-0.44,0.00,0.44,0.05,0.04,0.01,-142.87,44.69,210.75,1.00,-0.31,0.25,4,2
1772051764.050121,441131,0.01,0.01,-0.08,-94.69,-81.50,68.56,2.69,-1.44,-0.94,0.02,0.09,0.01,-142.87,44.63,210.94,-0.88,-0.75,0.50,3,2
1772051764.239928,441321,-0.01,0.04,-0.01,-93.06,-81.62,68.69,-1.44,-0.06,0.31,0.02,0.08,0.06,-142.87,44.56,210.94,0.06,0.31,0.50,3,1
1772051764.431840,441513,-0.04,0.11,-0.04,-92.37,-81.50,68.44,-0.81,0.06,-0.37,0.00,0.04,-0.01,-142.94,44.63,210.81,0.62,0.50,-0.19,3,1
1772051764.623030,441704,0.00,0.01,-0.05,-91.75,-81.50,68.50,-0.69,-0.88,0.62,-0.01,0.10,0.08,-142.87,44.63,210.81,-0.06,0.06,0.13,3,1
1772051764.814118,441895,0.02,0.05,-0.05,-90.81,-81.44,68.37,-0.37,-1.44,-0.06,0.02,0.06,0.03,-142.87,44.63,210.81,-0.06,0.13,-0.25,4,1
1772051765.003496,442085,-0.07,0.01,-0.02,-88.06,-81.44,68.06,-2.12,-1.44,0.31,0.02,0.02,0.08,-142.56,44.56,211.31,-2.75,-0.62,-0.81,3,1
1772051765.193025,442274,0.02,-0.05,-0.03,-88.12,-81.19,67.69,-1.50,-1.12,0.88,-0.02,0.12,0.04,-142.25,44.50,211.50,1.75,1.19,-1.44,4,1
1772051765.385033,442466,-0.11,0.23,0.06,-86.19,-80.81,67.00,-1.25,0.37,2.75,0.07,0.01,0.11,-142.37,44.56,211.50,-2.31,-1.12,3.44,3,1
1772051765.576689,442657,0.00,-0.15,-0.03,-89.06,-80.56,67.12,-1.50,-0.25,-4.06,-0.04,0.00,-0.02,-142.44,44.44,211.62,2.62,-0.56,-0.25,4,1
1772051765.767214,442849,-0.07,-0.01,-0.06,-90.25,-81.00,67.56,2.75,3.56,0.19,0.05,0.16,0.10,-142.44,44.44,211.62,-1.25,1.50,0.06,4,1
1772051765.956810,443038,0.15,0.21,-0.09,-93.62,-80.50,67.00,-4.69,-0.25,1.62,-0.02,0.07,0.02,-142.31,44.56,211.62,0.06,-0.81,0.62,4,1
1772051766.146855,443228,-0.04,-0.16,-0.02,-92.25,-80.62,67.37,2.00,0.62,-2.06,0.00,0.01,0.00,-142.31,44.50,211.62,1.25,-0.13,-0.62,4,1
1772051766.338737,443420,0.03,-0.13,-0.12,-92.44,-80.94,67.62,0.06,-1.69,-0.31,0.02,0.12,0.14,-142.19,44.50,211.62,0.37,1.56,-0.44,4,1
1772051766.529948,443611,0.00,0.27,0.03,-87.25,-80.69,66.75,-5.12,-1.94,0.44,0.00,0.08,0.10,-142.25,44.63,211.31,-0.81,-0.37,-0.37,4,1
1772051766.721220,443802,-0.06,-0.08,-0.02,-86.62,-80.75,66.81,0.88,0.13,-1.37,-0.04,0.08,0.03,-142.19,44.56,211.37,0.31,-0.50,0.50,3,1
1772051766.910594,443992,-0.08,0.02,-0.05,-86.62,-80.69,66.87,1.37,-0.31,0.69,0.02,0.04,0.05,-142.31,44.56,211.56,-1.00,-1.81,0.69,3,1
1772051767.100177,444182,0.00,-0.07,0.00,-86.62,-80.87,67.12,1.69,-0.75,-2.56,-0.01,0.09,0.02,-142.44,44.44,211.69,0.81,0.31,0.06,2,1
1772051767.291854,444373,-0.01,-0.06,0.00,-87.06,-81.00,67.31,-1.12,2.25,1.12,0.02,0.10,0.07,-142.50,44.50,211.56,0.00,0.06,1.00,3,1
1772051767.483599,444565,-0.04,0.07,-0.09,-88.12,-80.81,67.00,0.25,0.50,-0.19,0.03,0.12,0.05,-142.50,44.50,211.62,-0.56,-0.88,-0.44,2,1
1772051767.674918,444756,-0.04,-0.01,0.02,-87.62,-80.81,67.00,-1.06,-1.37,0.37,0.05,0.05,0.07,-142.62,44.56,211.37,1.37,0.81,0.75,3,1
1772051767.864477,444946,0.09,0.04,-0.12,-89.06,-80.75,66.81,2.44,1.94,-0.44,0.00,0.08,0.08,-142.75,44.56,211.25,1.06,0.69,-0.19,3,1
1772051768.056973,445138,-0.06,0.04,-0.04,-89.37,-80.81,66.87,-0.06,-0.13,-0.13,0.02,0.09,0.09,-142.75,44.56,211.19,-0.25,-0.25,0.00,2,1
1772051768.247252,445328,-0.03,0.02,-0.02,-89.12,-80.81,66.87,0.00,-1.37,-0.31,0.00,0.09,0.05,-142.75,44.56,211.19,0.06,-0.25,-0.31,2,1
1772051768.438559,445520,-0.05,-0.01,0.02,-87.56,-80.81,66.94,-1.06,-1.87,0.19,0.00,0.13,0.09,-142.75,44.56,211.25,-0.13,0.00,-0.06,2,1
1772051768.629823,445711,0.00,0.02,-0.05,-87.25,-80.75,66.75,0.06,1.06,-0.31,0.02,0.11,0.09,-142.75,44.56,211.19,0.06,-0.13,0.44,2,1
1772051768.821384,445903,-0.02,-0.01,-0.05,-88.06,-80.75,66.75,0.50,0.06,-0.13,0.03,0.09,0.07,-142.75,44.56,211.19,0.00,0.25,0.37,2,1
1772051769.012745,446094,-0.05,0.01,0.00,-88.06,-80.75,66.75,-0.19,0.06,-0.06,0.01,0.09,0.10,-142.75,44.56,211.19,0.69,-0.13,-0.25,3,1
1772051769.201905,446283,-0.08,0.04,-0.06,-88.69,-80.75,66.62,-0.56,1.37,0.62,0.00,0.08,0.07,-142.75,44.56,211.19,0.25,0.44,-0.06,2,1
1772051769.393507,446475,0.00,0.06,-0.07,-89.37,-80.69,66.56,0.50,-0.44,-0.94,0.02,0.09,0.07,-142.75,44.56,211.19,0.25,0.13,0.00,2,1
1772051769.585438,446667,0.01,0.00,-0.09,-89.56,-80.75,66.56,-0.37,-0.50,0.00,-0.01,0.10,0.05,-142.75,44.56,211.19,-0.37,-0.19,-0.13,1,1
1772051769.777496,446859,-0.03,0.01,-0.04,-88.62,-80.69,66.50,-0.94,-0.19,0.31,-0.01,0.09,0.12,-142.75,44.56,211.19,0.00,-0.13,0.00,2,1
1772051769.969027,447050,0.06,0.14,-0.01,-88.56,-80.69,66.44,0.94,-0.88,-1.56,0.09,0.04,0.14,-142.81,44.50,211.31,0.44,-0.19,-0.13,2,1
1772051770.160080,447241,-0.08,-0.13,-0.01,-88.75,-81.00,67.06,2.37,-1.00,-0.19,0.01,0.06,0.04,-142.94,44.50,211.31,-0.25,0.56,0.31,2,1
1772051770.352508,447434,-0.05,0.17,-0.05,-87.37,-80.87,66.81,-2.19,-0.62,0.88,0.02,0.07,0.08,-142.94,44.56,211.12,0.44,0.06,0.25,2,1
1772051770.544056,447625,0.01,-0.08,-0.12,-86.00,-80.94,66.81,-1.87,-2.69,-0.50,0.08,0.04,0.05,-142.94,44.56,211.12,0.13,-0.31,0.00,2,1
1772051770.734927,447816,-0.05,0.00,0.00,-83.75,-80.87,66.62,0.81,0.31,-0.50,0.01,0.10,0.08,-142.94,44.50,211.19,0.13,0.06,-0.75,2,1
1772051770.924601,448006,-0.12,0.07,-0.04,-85.81,-80.87,66.81,2.69,3.00,1.12,0.00,0.10,0.11,-142.87,44.50,211.31,-0.56,-0.25,-0.13,2,1
1772051771.115332,448197,0.00,0.07,-0.05,-87.62,-80.81,66.81,-1.19,-1.19,0.25,0.01,0.02,0.06,-142.94,44.50,211.25,0.25,0.13,0.06,2,1
1772051771.307045,448388,0.00,-0.02,-0.08,-87.56,-80.81,66.81,0.94,1.06,-1.31,0.02,0.10,0.07,-142.94,44.44,211.31,0.50,-0.13,-0.44,3,1
1772051771.498780,448580,-0.07,0.02,-0.08,-87.19,-80.87,66.94,-0.62,-0.81,0.31,0.02,0.08,0.08,-142.94,44.44,211.31,0.37,0.31,-0.44,3,1
1772051771.690484,448772,-0.03,0.01,-0.09,-86.75,-80.87,66.87,-0.56,-1.31,0.06,0.01,0.10,0.07,-142.94,44.44,211.31,0.25,0.37,-0.25,3,1
1772051771.882429,448964,-0.07,-0.05,0.00,-84.94,-80.87,66.87,-0.94,-0.25,0.13,0.01,0.10,0.06,-142.87,44.50,211.25,-0.50,-0.44,-0.19,3,1
1772051772.073958,449155,-0.02,0.02,-0.01,-85.31,-80.81,66.62,0.31,-0.37,-1.12,0.01,0.10,0.08,-142.87,44.50,211.25,0.50,-0.37,-0.06,2,1
1772051772.262973,449345,-0.02,0.00,-0.02,-86.12,-80.87,66.75,0.50,1.12,0.69,0.02,0.07,0.06,-142.87,44.50,211.19,0.19,0.37,-0.31,2,1
1772051772.455152,449537,-0.03,0.03,-0.13,-88.19,-80.81,66.56,0.06,3.00,0.62,0.02,0.10,0.06,-142.87,44.50,211.25,0.69,-0.19,-0.25,3,1
1772051772.647643,449729,0.06,0.06,-0.13,-89.94,-80.75,66.50,-0.06,-0.31,-0.50,-0.01,0.09,0.08,-142.94,44.44,211.25,0.00,0.37,0.31,3,1
1772051772.839815,449921,-0.07,0.00,-0.02,-88.37,-80.75,66.37,-0.19,-0.62,0.50,-0.01,0.04,0.05,-142.87,44.50,211.12,-0.06,-0.31,-0.44,3,1
1772051773.030720,450112,-0.07,-0.01,-0.05,-88.31,-80.56,66.25,1.56,-1.25,-0.44,0.02,0.10,0.09,-142.87,44.56,211.19,0.44,0.00,-0.37,3,1
1772051773.221144,450303,0.01,0.07,-0.06,-88.12,-80.62,66.25,-0.19,0.00,0.13,0.01,0.09,0.09,-142.87,44.56,211.19,0.44,0.50,0.06,3,1
1772051773.413422,450495,0.01,0.01,-0.09,-88.19,-80.62,66.25,-0.81,1.00,1.12,0.02,0.08,0.05,-142.87,44.50,211.25,-0.37,0.56,0.06,4,1
1772051773.605436,450687,-0.03,0.06,-0.06,-88.06,-80.62,66.19,-2.37,1.06,0.69,0.02,0.08,0.15,-142.81,44.63,211.12,-0.19,1.06,0.19,3,1
1772051773.797267,450879,0.04,0.14,-0.11,-88.87,-80.56,66.00,-1.06,-0.13,-0.06,0.05,0.02,0.04,-142.81,44.63,211.06,0.75,0.62,-0.88,3,2
1772051773.988823,451070,-0.03,0.00,-0.12,-88.12,-80.62,66.12,-0.69,-0.69,-0.19,-0.12,0.15,0.00,-142.81,44.38,211.25,0.00,-1.56,-0.50,4,2
1772051774.178806,451260,-0.15,-0.07,0.06,-84.50,-80.69,66.37,-2.62,-1.12,-0.50,0.06,0.00,0.09,-142.62,44.38,211.37,0.56,0.81,0.44,4,2
1772051774.369589,451451,0.00,0.02,-0.07,-85.56,-80.69,66.25,0.81,-0.06,-0.94,-0.01,0.07,0.09,-142.62,44.44,211.31,0.56,0.37,-0.31,4,2
1772051774.561191,451643,-0.03,0.10,-0.03,-84.94,-80.62,66.06,-0.94,-0.50,0.25,0.01,0.07,0.08,-142.56,44.50,211.25,-0.37,0.62,0.00,4,2
1772051774.752523,451834,-0.13,0.05,-0.04,-85.19,-80.62,66.06,1.94,1.75,0.75,0.05,0.10,0.07,-142.44,44.56,211.25,-0.25,0.25,-0.19,4,2
1772051774.943330,452025,0.07,0.06,-0.18,-88.94,-80.37,65.94,0.00,1.75,0.69,-0.06,0.03,0.00,-142.44,44.56,211.19,1.00,-0.88,-0.37,4,1
1772051775.134874,452216,-0.09,-0.09,-0.01,-87.75,-80.56,66.37,0.13,-0.37,-0.31,0.08,0.08,0.07,-142.44,44.50,211.37,-0.13,0.44,0.31,4,1
1772051775.324246,452406,0.05,0.19,-0.09,-87.75,-80.56,66.19,-0.62,-2.44,0.50,-0.02,0.03,0.05,-142.50,44.50,211.25,-0.31,0.81,0.13,4,1
1772051775.516267,452598,-0.04,0.08,0.00,-85.69,-80.50,66.06,-1.69,0.25,1.19,0.00,0.04,0.04,-142.44,44.56,211.19,-0.37,0.25,0.13,4,1
1772051775.708916,452790,-0.03,0.06,-0.07,-85.87,-80.44,65.94,0.19,-0.94,-1.06,0.04,0.04,0.08,-142.44,44.56,211.19,0.44,-0.31,0.19,4,1
1772051775.900625,452982,-0.01,-0.03,-0.09,-85.69,-80.50,66.00,0.62,-1.44,0.00,0.06,0.05,0.09,-142.44,44.56,211.19,0.50,0.50,-0.31,3,1
1772051776.091851,453173,-0.09,-0.02,0.06,-82.81,-80.44,65.87,-1.94,-2.62,0.19,-0.06,0.07,0.07,-142.37,44.56,211.19,-0.06,0.25,-0.37,3,1
1772051776.282454,453364,0.01,0.09,0.06,-82.87,-80.37,65.56,-0.62,1.44,0.31,0.00,0.06,0.11,-142.37,44.56,211.19,-0.50,-0.37,0.13,3,1
1772051776.474576,453556,0.00,0.03,-0.06,-85.31,-80.44,65.56,1.31,2.25,-0.37,0.05,0.05,0.05,-142.37,44.56,211.19,-0.31,0.62,-0.13,3,1
1772051776.666727,453748,0.07,0.08,-0.07,-87.19,-80.31,65.56,0.06,-0.13,-0.13,0.03,0.05,0.06,-142.37,44.56,211.25,0.56,-0.06,-0.44,3,1
1772051776.858923,453941,-0.08,0.02,-0.04,-86.44,-80.37,65.62,-0.44,0.06,0.19,0.04,0.04,0.08,-142.44,44.50,211.25,0.75,0.25,-0.19,3,1
1772051777.048637,454130,-0.08,-0.06,0.01,-86.19,-80.37,65.69,1.56,-0.31,0.44,0.00,0.07,0.02,-142.44,44.56,211.12,0.31,0.25,-0.44,3,1
1772051777.239913,454321,0.03,0.10,-0.01,-86.62,-80.31,65.44,-0.88,-0.94,-0.31,0.02,0.10,0.09,-142.37,44.56,211.12,0.31,0.75,-0.56,3,1
1772051777.430425,454512,0.00,0.09,-0.02,-86.12,-80.25,65.31,-0.94,0.62,0.69,0.00,0.07,0.05,-142.37,44.56,211.12,0.37,0.25,-0.44,4,1
1772051777.622599,454704,-0.04,0.00,-0.05,-86.12,-80.25,65.31,-0.06,0.25,-0.19,-0.01,0.09,0.03,-142.37,44.56,211.12,0.19,-0.06,-0.31,4,1
1772051777.814367,454896,-0.05,0.01,0.02,-85.50,-80.31,65.31,-1.31,-0.75,-0.25,0.04,0.09,0.07,-142.37,44.56,211.12,0.13,-0.31,0.31,4,1
1772051778.005872,455088,-0.01,0.02,-0.05,-86.50,-80.31,65.37,1.62,1.56,-0.69,0.01,0.08,0.06,-142.44,44.63,211.12,0.00,-0.31,0.94,4,1
1772051778.198260,455280,-0.01,0.00,-0.05,-88.25,-80.37,65.75,1.94,0.50,-0.50,0.01,0.07,0.08,-142.56,44.63,211.00,0.00,-0.37,0.50,4,1
1772051778.389061,455471,-0.03,0.05,0.00,-87.81,-80.44,65.87,0.00,-0.56,0.13,0.00,0.05,0.06,-142.62,44.63,210.94,-0.44,-0.56,0.31,3,1
1772051778.581188,455663,-0.02,0.00,-0.07,-87.87,-80.44,65.94,-0.62,-0.37,0.88,0.06,0.11,0.07,-142.56,44.69,211.00,0.13,0.62,0.37,4,1
1772051778.773434,455855,-0.02,0.11,-0.05,-87.00,-80.37,65.62,0.50,0.13,0.31,0.03,0.09,0.05,-142.56,44.69,210.94,-0.31,0.06,0.31,4,1
1772051778.964901,456047,0.00,0.06,-0.05,-87.00,-80.31,65.62,-0.81,0.06,0.19,0.00,0.08,0.02,-142.62,44.75,210.87,0.31,-0.37,0.81,4,1
1772051779.157041,456238,-0.04,0.00,-0.03,-87.00,-80.37,65.69,-0.88,0.44,-0.31,0.00,0.07,0.03,-142.62,44.75,210.87,-0.19,-0.25,-0.19,4,2
1772051779.348283,456429,-0.02,-0.04,-0.05,-86.62,-80.37,65.69,0.00,-0.31,-0.81,-0.02,0.08,0.02,-142.62,44.69,210.87,-0.50,-0.56,-0.25,3,2
1772051779.538758,456620,-0.02,0.03,-0.01,-85.87,-80.37,65.62,-1.44,-0.31,0.69,0.00,0.09,0.09,-142.62,44.69,210.87,-0.06,0.00,0.00,3,2
1772051779.730221,456812,-0.01,0.08,0.00,-85.44,-80.31,65.37,-0.37,-0.06,0.00,0.01,0.06,0.04,-142.62,44.75,210.87,-0.25,-0.13,0.19,3,2
1772051779.921882,457003,-0.01,-0.13,-0.18,-87.00,-80.37,65.62,2.44,0.69,1.94,-0.02,0.03,0.06,-142.37,44.69,211.12,-1.31,0.00,1.75,3,1
1772051780.112188,457194,0.01,0.10,-0.02,-86.37,-79.75,65.31,2.44,-3.31,1.19,-0.07,0.19,0.25,-142.06,44.75,211.94,-2.62,-1.25,0.50,3,1
1772051780.301643,457383,0.00,0.00,0.00,-84.25,-80.00,65.69,4.06,-0.06,-4.69,-0.02,0.05,-0.01,-142.25,44.56,212.00,2.31,0.37,-1.19,4,1
1772051780.492403,457574,-0.10,-0.18,0.02,-83.62,-80.75,66.62,-3.56,-0.94,0.62,0.00,0.09,0.06,-142.37,44.69,211.25,0.00,0.56,1.37,3,1
1772051780.683552,457765,0.06,0.11,-0.10,-84.94,-80.25,65.56,-0.75,2.31,1.75,0.00,0.05,0.02,-142.31,44.88,210.94,1.31,1.37,-0.31,3,1
1772051780.875090,457957,0.01,0.16,-0.06,-85.94,-80.19,65.25,0.00,-0.44,-0.69,-0.12,0.10,-0.08,-142.50,44.75,211.06,0.19,-0.13,0.37,2,1
1772051781.065753,458147,-0.02,0.09,-0.02,-85.25,-80.44,65.75,-3.25,-0.19,-0.06,0.00,0.00,0.03,-142.50,44.75,211.06,0.25,0.50,0.62,2,1
1772051781.256566,458338,-0.12,-0.01,0.02,-84.37,-80.37,65.56,-0.44,-1.37,-0.13,-0.01,0.05,0.02,-142.50,44.81,211.00,0.19,-0.50,0.56,3,1
1772051781.446390,458528,-0.02,0.00,-0.05,-84.50,-80.37,65.50,0.00,-0.25,-0.56,-0.05,0.06,0.02,-142.50,44.81,211.00,0.37,0.44,0.19,3,1
1772051781.638086,458720,-0.04,0.01,-0.05,-84.12,-80.37,65.50,-0.62,0.37,-0.37,-0.07,0.06,0.00,-142.50,44.81,211.00,0.13,0.19,-0.19,2,1
1772051781.829548,458911,-0.05,0.00,-0.04,-83.81,-80.37,65.56,-0.88,0.62,0.88,0.02,0.04,0.04,-142.44,44.88,211.00,0.13,0.81,-0.13,2,1
1772051782.021962,459104,-0.11,0.05,-0.11,-84.75,-80.25,65.12,0.06,-0.06,2.37,0.02,0.07,0.00,-142.12,44.81,211.19,-0.56,0.75,-0.56,2,1
1772051782.211208,459293,0.00,0.11,0.01,-84.62,-79.81,64.75,-0.31,-0.94,2.87,0.03,0.11,0.08,-141.94,44.88,211.69,-1.62,-1.31,1.31,2,1
1772051782.400648,459482,-0.04,0.03,0.01,-84.00,-79.62,64.56,-0.56,0.81,-0.25,-0.15,0.09,-0.03,-142.00,44.75,211.87,0.50,-0.94,-0.31,2,1
1772051782.592290,459674,-0.02,-0.01,-0.12,-83.94,-79.81,65.12,1.81,-0.44,-2.62,0.10,0.07,0.17,-142.06,44.69,211.94,0.81,0.75,-0.56,2,1
1772051782.783808,459865,-0.01,-0.14,-0.02,-83.62,-80.12,65.37,-2.31,-0.50,-0.69,-0.14,0.11,-0.05,-141.94,44.69,211.56,3.37,3.12,-0.88,3,1
1772051782.975079,460057,-0.02,0.18,-0.09,-83.19,-79.81,64.62,-1.12,2.56,2.94,0.04,0.10,0.13,-142.00,44.94,211.12,0.69,0.75,-0.19,3,1
1772051783.164324,460246,0.12,0.13,-0.04,-86.50,-79.94,64.69,3.50,3.00,-1.87,-0.02,0.11,0.00,-142.12,44.81,210.94,0.06,-1.69,0.00,3,1
1772051783.353816,460435,-0.09,-0.40,0.03,-88.50,-80.19,66.25,1.37,0.50,-2.25,-0.14,0.11,-0.03,-142.19,44.63,211.19,0.37,-1.31,0.50,2,1
1772051783.544976,460626,-0.12,-0.37,-0.03,-85.31,-80.37,66.12,-4.31,-4.81,0.62,0.04,0.08,-0.03,-142.19,44.75,210.94,-0.06,-1.25,1.12,2,1
1772051783.736051,460818,0.00,-0.01,0.12,-92.37,-80.94,63.38,-24.69,26.44,-10.00,-0.13,0.18,-0.01,-142.50,44.38,211.50,-0.81,-3.94,0.81,3,1
1772051783.926553,461008,0.18,0.29,-0.22,-111.25,-81.94,61.19,10.25,-4.94,0.75,0.06,0.00,-0.01,-142.75,44.38,211.37,-0.25,1.44,1.44,2,1
1772051784.116493,461198,0.07,-0.21,-0.13,-102.12,-81.37,63.88,14.81,-8.94,5.75,-0.14,0.05,-0.12,-142.69,44.56,211.19,-1.75,-0.81,-0.25,2,1
1772051784.306232,461388,-0.08,-0.10,0.07,-92.56,-81.50,64.94,-2.69,-9.88,-1.00,0.00,0.01,0.02,-142.44,44.50,211.44,1.00,0.88,0.06,3,1
1772051784.497672,461579,-0.08,0.03,0.01,-87.50,-81.56,64.62,0.56,0.75,1.94,-0.04,0.02,-0.03,-142.44,44.50,211.44,-0.94,-0.62,1.06,3,1
1772051784.689165,461771,-0.10,-0.15,-0.05,-90.56,-81.25,64.44,1.25,0.62,3.00,0.03,0.00,-0.03,-142.00,44.56,212.00,-1.62,-0.06,0.94,2,1
1772051784.879813,461962,0.00,0.19,-0.02,-93.00,-80.62,64.00,2.37,-1.25,5.25,-0.11,0.23,0.16,-142.00,44.50,212.81,-3.12,-2.56,1.00,2,1
1772051785.070769,462152,0.02,-0.10,-0.08,-92.56,-80.06,65.25,11.88,-2.06,-0.56,-0.06,-0.01,-0.06,-142.06,44.31,213.00,0.50,-1.19,0.06,2,1
1772051785.260211,462342,-0.09,-0.21,0.02,-90.25,-80.69,66.94,-1.37,-1.00,0.00,-0.07,0.12,0.04,-142.06,44.38,212.94,1.19,1.00,0.69,2,1
1772051785.451658,462533,0.13,0.20,-0.11,-89.06,-80.37,66.00,-1.87,1.94,0.81,-0.09,0.01,-0.03,-142.25,44.44,212.75,0.94,-1.00,-1.37,2,1
1772051785.643574,462725,-0.29,-0.28,-0.02,-84.50,-81.31,66.69,-5.25,-4.44,-4.44,-0.01,0.04,-0.09,-142.12,44.38,212.06,4.06,3.31,-2.87,2,1
1772051785.834397,462917,-0.13,0.17,0.11,-82.56,-81.12,65.56,0.69,1.81,4.37,0.02,0.14,0.10,-141.81,44.69,211.75,-0.62,2.25,0.00,2,1
1772051786.023846,463106,0.12,0.02,-0.16,-87.62,-80.12,64.87,-1.37,0.19,2.12,0.01,0.02,0.00,-141.81,44.75,211.37,1.19,-1.50,0.44,2,1
1772051786.213976,463296,0.04,-0.23,-0.06,-87.06,-80.25,65.12,0.94,-1.25,-1.69,-0.08,0.11,-0.08,-142.00,44.75,211.25,0.31,-0.88,0.19,2,1
1772051786.406087,463488,-0.08,-0.02,0.00,-81.81,-80.56,65.25,-2.62,-5.25,-3.31,0.04,0.01,0.00,-142.12,44.75,211.25,-0.31,-0.19,0.06,3,1
1772051786.598251,463680,0.00,0.14,0.00,-79.69,-81.19,64.69,-5.25,2.12,0.37,-0.10,0.03,-0.08,-141.94,44.56,211.81,-1.00,-0.75,-0.44,3,1
1772051786.789589,463871,0.00,-0.02,0.05,-80.62,-80.94,64.69,2.37,0.56,1.75,-0.04,0.08,0.02,-141.87,44.56,212.00,-1.00,-0.94,1.44,3,1
1772051786.979037,464061,0.10,0.08,-0.04,-83.12,-80.50,64.75,5.37,2.94,3.31,-0.10,0.09,-0.04,-142.12,44.56,212.06,-1.19,-0.88,2.44,4,1
1772051787.168540,464250,0.07,-0.05,-0.06,-82.37,-80.56,65.37,0.06,-1.44,-3.94,-0.09,0.00,-0.07,-142.31,44.63,212.06,0.81,-1.37,-1.00,4,1
1772051787.360477,464442,-0.11,-0.26,-0.10,-79.56,-81.37,66.44,0.25,-1.00,-3.19,-0.09,0.15,0.01,-142.19,44.50,211.87,2.81,3.56,-3.37,3,1
1772051787.551959,464634,-0.07,0.29,0.08,-76.44,-81.00,65.44,-6.69,-0.81,6.50,0.01,0.10,0.07,-142.12,44.88,211.19,-0.13,0.88,0.69,3,2
1772051787.743831,464826,0.09,0.14,-0.04,-77.81,-80.44,64.06,-2.50,0.00,-1.75,-0.07,0.11,-0.01,-142.31,44.88,210.81,0.62,-0.88,0.81,3,2
1772051787.934960,465016,-0.03,-0.02,0.01,-76.00,-80.94,64.56,0.62,-0.88,-2.37,-0.06,0.06,-0.02,-142.56,44.88,210.56,0.94,-0.44,0.56,3,1
1772051788.125600,465207,0.00,-0.03,0.01,-75.37,-81.25,65.00,1.00,-0.69,-2.56,-0.08,0.12,-0.07,-142.62,44.81,210.56,-0.13,-0.06,0.06,3,1
1772051788.317545,465399,-0.06,0.00,0.05,-74.62,-81.44,65.19,-2.00,2.44,0.13,-0.07,0.09,-0.04,-142.62,44.81,210.56,-0.69,0.06,-0.19,3,1
1772051788.509789,465592,-0.06,-0.02,0.00,-77.75,-81.37,65.19,1.50,1.94,1.12,-0.08,0.09,-0.05,-142.56,44.81,210.62,0.00,0.13,-0.44,3,1
1772051788.702400,465784,-0.02,-0.06,-0.08,-79.75,-81.19,65.06,0.19,0.06,1.56,-0.07,0.12,-0.01,-142.44,44.88,210.81,-0.81,-0.13,0.13,3,1
1772051788.893571,465975,-0.02,0.00,-0.02,-79.00,-81.00,64.81,-0.31,-1.25,-0.13,-0.08,0.10,0.00,-142.44,44.88,210.62,-0.25,-0.56,0.13,3,1
1772051789.083957,466166,-0.05,0.01,0.04,-75.50,-80.87,64.56,-0.62,-2.00,0.81,-0.09,0.13,0.00,-142.44,44.88,210.62,-0.25,0.62,0.25,4,1
1772051789.274450,466356,-0.03,0.10,0.06,-74.62,-80.69,64.25,-0.13,0.31,1.12,-0.05,0.07,-0.02,-142.50,44.94,210.56,-0.56,0.50,1.06,4,1
1772051789.467018,466549,0.18,-0.11,-0.13,-78.44,-80.62,64.62,10.19,3.06,3.19,-0.10,0.16,-0.02,-142.37,45.06,210.56,-0.62,-0.19,0.50,5,1
1772051789.659301,466741,0.06,0.12,-0.10,-79.50,-80.37,64.62,-1.25,-1.87,0.81,-0.05,0.12,0.00,-142.44,45.06,210.56,0.31,0.37,0.13,5,1
1772051789.850765,466933,0.01,0.05,-0.02,-76.94,-80.31,64.37,-2.12,-1.69,0.19,-0.07,0.08,-0.02,-142.44,45.06,210.50,0.25,-0.19,0.13,4,1
1772051790.042257,467124,-0.09,0.04,0.05,-72.69,-80.31,64.06,-3.12,-3.06,-0.06,-0.13,0.08,-0.05,-142.62,45.06,210.25,-0.06,-0.50,0.62,4,1
1772051790.233314,467315,-0.03,-0.01,-0.02,-71.69,-80.31,64.00,0.00,-0.31,-0.50,-0.04,0.11,-0.03,-142.62,45.06,210.31,0.25,0.06,-0.25,4,1
1772051790.424590,467507,0.00,0.00,0.00,-71.75,-80.31,64.00,0.13,-0.88,-0.13,-0.09,0.09,0.02,-142.62,45.06,210.31,0.44,0.44,-0.19,3,1
1772051790.617437,467699,-0.01,0.12,0.00,-71.56,-80.37,63.63,-2.50,1.44,-0.56,-0.10,0.13,-0.08,-142.62,45.00,210.31,0.06,0.00,-0.50,3,1
1772051790.809605,467892,-0.02,0.00,0.00,-72.31,-80.44,63.75,-0.37,0.62,-0.06,-0.04,0.12,0.00,-142.50,45.00,210.50,0.25,0.94,0.37,3,1
1772051791.002135,468084,-0.04,0.05,-0.04,-73.87,-80.37,63.69,0.13,1.00,1.19,-0.06,0.13,-0.03,-142.44,45.00,210.56,0.37,0.06,-0.06,3,1
1772051791.194101,468276,-0.03,0.00,-0.01,-74.69,-80.44,63.69,-0.25,0.13,-0.56,-0.06,0.09,0.01,-142.37,44.94,210.69,-0.06,0.25,0.31,2,1
1772051791.383631,468466,-0.03,0.05,-0.05,-75.25,-80.44,63.63,-0.31,-0.19,0.25,0.00,0.05,0.02,-142.31,44.94,210.75,0.50,-0.25,0.13,2,1
1772051791.576227,468658,0.02,0.03,-0.01,-74.69,-80.44,63.63,0.81,-0.44,-1.44,-0.05,0.11,0.03,-142.31,44.88,210.81,0.44,0.06,0.00,2,1
1772051791.768119,468850,-0.03,0.01,-0.04,-74.31,-80.56,63.75,0.31,0.62,0.31,-0.04,0.08,-0.06,-142.31,44.88,210.81,-0.19,-0.06,0.31,3,1
1772051791.959576,469041,-0.04,0.00,0.01,-74.50,-80.56,63.75,-0.31,-0.88,0.69,-0.03,0.09,0.00,-142.31,44.88,210.87,-0.25,-0.19,-0.19,3,1
1772051792.149751,469232,0.02,0.00,0.00,-75.19,-80.50,63.88,2.50,0.81,0.75,-0.05,0.08,0.00,-142.31,44.88,210.87,-0.31,-0.62,0.69,3,1
1772051792.340752,469423,-0.02,0.05,-0.07,-75.87,-80.44,63.88,-0.25,0.69,-0.06,-0.10,0.06,-0.05,-142.31,44.88,210.94,0.00,-0.75,0.88,3,1
1772051792.532556,469614,-0.01,-0.07,-0.05,-75.56,-80.50,64.12,1.81,-1.31,-0.31,-0.08,0.08,0.01,-142.31,44.88,211.00,0.44,0.56,-0.19,3,1
1772051792.724117,469806,0.06,0.07,-0.06,-75.00,-80.44,64.06,1.56,0.19,0.13,-0.03,0.09,0.01,-142.31,44.88,211.00,0.25,0.31,0.25,3,1
1772051792.917440,469999,0.00,0.08,-0.03,-74.06,-80.37,64.19,-0.62,0.06,-0.50,-0.03,0.08,0.01,-142.31,44.88,211.00,-0.06,0.19,0.13,3,1
1772051793.110281,470192,0.02,0.04,-0.03,-74.75,-80.50,64.19,0.06,-1.31,0.44,-0.08,0.04,-0.07,-142.37,44.81,211.00,0.06,-0.19,-0.25,3,1
1772051793.302609,470385,-0.32,0.21,0.07,-74.81,-80.56,64.31,1.56,6.69,0.44,-0.08,0.15,-0.06,-142.31,44.81,211.06,-0.06,-0.69,-1.00,2,1
1772051793.493443,470575,-0.04,-0.16,-0.06,-85.06,-80.00,65.94,19.87,-0.31,6.50,-0.02,0.10,-0.01,-142.25,44.88,211.00,-0.44,0.81,0.81,3,1
1772051793.685235,470767,0.00,0.09,-0.11,-88.94,-79.75,66.69,-2.87,3.56,-0.19,-0.04,0.02,-0.04,-142.25,44.88,210.94,-0.69,-0.56,0.56,3,1
1772051793.876453,470958,-0.15,-0.07,0.00,-90.12,-79.75,66.56,-0.37,0.94,-2.06,-0.05,0.10,0.10,-142.12,44.94,211.19,-1.37,-1.44,0.25,3,1
1772051794.067016,471149,-0.10,0.07,0.00,-98.06,-80.37,65.75,-10.00,12.06,-6.00,-0.04,0.00,-0.06,-142.00,44.81,211.56,-0.56,-1.44,1.19,3,1
1772051794.256303,471338,0.02,0.15,0.14,-115.87,-80.06,64.94,0.81,16.37,-2.19,-0.01,0.06,0.02,-142.12,44.75,211.87,-1.12,-2.37,3.62,3,1
1772051794.445551,471528,0.16,0.09,-0.17,-133.31,-78.37,65.31,4.69,19.69,-7.69,0.00,0.00,-0.06,-143.00,45.25,210.69,4.12,1.56,2.87,5,2
1772051794.637934,471720,0.20,0.16,-0.30,-150.31,-77.06,68.25,14.50,11.19,-15.63,0.04,0.05,-0.15,-143.25,45.19,210.62,-2.50,-1.81,-1.81,4,2
1772051794.829131,471911,0.12,-0.49,-0.24,-162.75,-78.06,75.00,14.75,-14.50,-5.19,0.00,0.10,-0.02,-142.69,45.13,211.19,0.31,1.19,2.37,4,2
1772051795.020451,472102,-0.23,0.05,0.15,-160.56,-80.12,75.75,-3.87,-3.56,0.44,-0.10,0.04,-0.04,-142.94,45.31,210.87,-0.56,-0.69,-0.44,4,2
1772051795.209941,472292,-0.16,-0.11,-0.10,-159.19,-80.37,75.44,-1.37,-3.37,1.31,0.01,0.09,0.02,-142.69,45.31,210.81,1.37,2.94,-0.19,4,2
1772051795.399231,472481,-0.08,-0.09,0.02,-151.87,-80.12,73.06,-11.25,2.75,9.44,0.04,0.09,-0.06,-142.56,45.56,210.19,-0.56,0.56,-2.37,4,3
1772051795.591639,472673,0.13,-0.24,-0.17,-141.56,-78.00,67.94,-13.31,8.38,19.44,-0.35,0.10,-0.13,-142.37,44.19,212.12,0.25,0.50,-2.00,3,3
1772051795.783084,472865,0.44,-0.48,-0.08,-126.56,-75.06,60.63,-18.62,-8.50,29.37,-0.13,0.09,0.00,-141.44,44.75,211.75,-2.81,2.25,2.69,3,3
1772051795.974603,473057,0.13,1.48,0.01,-111.69,-71.31,50.50,-7.75,3.87,8.19,-0.01,-0.02,0.07,-140.81,45.81,210.50,4.25,7.19,-3.50,3,3
1772051796.164942,473247,0.14,0.04,0.20,-116.87,-72.75,54.81,26.69,-11.63,-17.37,-0.01,0.24,0.12,-140.81,46.19,210.12,-0.13,-0.37,0.31,2,4
1772051796.354631,473436,0.00,-0.09,0.03,-117.31,-74.69,59.44,-0.75,-5.12,-2.19,0.01,-0.06,0.00,-141.37,46.38,210.06,-1.19,-2.87,4.25,1,3
1772051796.545918,473628,0.11,-0.11,-0.04,-117.37,-75.06,60.13,0.62,-2.44,-1.31,0.00,-0.02,-0.06,-142.12,46.63,209.81,-0.81,0.25,3.19,2,3
1772051796.737309,473819,0.02,-0.02,-0.13,-116.44,-75.19,60.38,-1.69,-2.50,0.75,0.02,-0.01,0.03,-142.25,47.00,209.44,-0.13,-0.06,2.00,2,3
1772051796.927911,474010,-0.05,0.07,0.05,-115.37,-75.19,60.13,2.00,-1.00,-1.56,-0.04,0.07,0.00,-142.37,47.13,209.31,0.06,-0.56,1.19,2,3
1772051797.118683,474201,0.06,0.02,0.00,-115.81,-75.19,60.50,1.06,-1.12,0.50,-0.01,0.01,0.00,-142.81,47.38,208.94,-1.00,-0.44,2.87,2,3
1772051797.308355,474390,0.00,0.01,-0.01,-116.19,-75.37,61.06,1.37,0.31,-2.06,-0.03,0.08,0.00,-143.12,47.50,208.81,-0.25,-1.19,1.37,2,2
1772051797.499788,474582,0.03,0.02,0.00,-116.81,-75.44,61.31,0.31,-0.25,-0.56,-0.02,0.04,-0.01,-143.31,47.50,208.75,0.00,-0.62,0.69,2,2
1772051797.691456,474773,0.00,0.03,-0.04,-116.94,-75.56,61.50,-0.13,-0.44,-0.37,-0.05,0.06,-0.03,-143.37,47.44,208.81,0.25,-0.13,-0.25,3,3
1772051797.883872,474966,0.01,0.04,0.00,-116.94,-75.62,61.63,0.37,0.44,-0.19,0.03,0.10,-0.09,-143.37,47.44,208.81,-0.37,-1.00,-0.75,3,3
1772051798.076951,475159,0.01,0.06,0.00,-117.00,-75.75,61.69,0.37,0.25,0.19,0.01,0.09,-0.05,-143.44,47.44,208.75,0.00,-0.19,-0.06,4,2
1772051798.269158,475351,0.02,-0.02,-0.08,-117.69,-75.87,62.00,0.94,0.56,-1.62,-0.01,0.06,-0.06,-143.50,47.38,208.81,0.06,-0.37,0.31,4,2
1772051798.459775,475542,-0.01,-0.05,-0.03,-117.87,-75.94,62.13,-0.25,-0.69,0.19,-0.01,0.09,-0.04,-143.44,47.25,208.94,-0.06,0.44,-0.62,4,2
1772051798.652183,475734,-0.04,0.05,-0.03,-117.69,-75.87,62.06,-0.56,-0.37,1.19,-0.01,0.12,-0.02,-143.25,47.25,209.06,-0.19,0.19,-0.94,4,2
1772051798.843311,475925,0.02,0.10,-0.07,-117.50,-75.69,61.81,0.94,0.94,3.25,-0.09,0.07,-0.03,-143.06,47.19,209.19,1.37,1.44,-1.19,4,2
1772051799.034052,476116,0.06,0.08,0.01,-117.00,-74.62,61.50,7.62,2.50,6.87,0.00,0.17,-0.02,-142.75,46.81,209.19,2.06,0.94,-0.31,4,2
1772051799.225356,476307,-0.07,-0.02,0.00,-116.81,-73.75,61.25,-5.62,2.56,-0.25,-0.03,0.04,-0.07,-143.06,46.94,208.69,0.62,-0.62,1.19,4,2
1772051799.415767,476498,0.08,-0.07,-0.08,-118.94,-73.44,61.19,3.31,1.75,-1.12,0.03,0.09,-0.07,-143.12,46.94,208.62,0.44,0.06,0.00,4,2
1772051799.607344,476689,0.04,0.00,-0.05,-119.69,-73.50,61.44,0.50,0.13,0.31,-0.01,0.10,-0.03,-143.12,46.94,208.62,-0.06,-0.50,0.00,3,1
1772051799.798634,476881,-0.01,-0.01,-0.07,-119.62,-73.69,61.63,0.19,-1.56,-1.19,-0.07,0.07,-0.06,-143.19,46.94,208.56,0.19,-0.25,0.31,2,1
1772051799.991973,477074,0.01,-0.01,-0.06,-119.37,-73.81,61.69,-0.62,-1.62,0.31,-0.05,0.05,-0.10,-143.19,47.00,208.50,0.19,0.62,0.00,2,1
1772051800.185246,477267,0.02,0.05,-0.03,-118.81,-73.81,61.50,0.56,-1.00,0.44,-0.06,0.09,-0.03,-143.12,47.06,208.44,0.25,0.62,-0.19,2,1
1772051800.377780,477460,0.00,0.06,-0.05,-118.00,-73.94,61.50,-0.69,-1.31,0.25,0.00,0.07,-0.08,-143.12,47.13,208.25,0.00,-0.31,0.69,2,1
1772051800.568470,477651,0.07,0.01,-0.04,-118.06,-74.12,61.63,1.31,-0.69,-2.12,-0.09,0.12,-0.06,-143.25,47.06,208.37,0.62,0.56,-0.69,2,1
1772051800.760198,477842,0.02,0.06,-0.06,-117.94,-74.25,61.88,-0.31,0.37,-0.56,-0.08,0.06,-0.08,-143.31,47.00,208.31,0.62,0.00,-0.88,2,1
1772051800.951493,478034,0.01,0.01,-0.09,-118.06,-74.31,62.00,-0.94,0.00,0.94,-0.07,0.12,-0.05,-143.19,47.00,208.37,0.19,0.62,-0.88,3,1
1772051801.143042,478225,0.07,0.11,-0.04,-117.56,-74.19,61.56,-1.12,-0.37,0.31,-0.05,0.10,-0.06,-143.06,46.94,208.37,0.19,0.19,-0.50,3,1
1772051801.332763,478415,-0.01,-0.03,-0.06,-117.81,-74.37,62.00,1.37,-0.44,-1.62,-0.03,0.11,0.01,-143.06,46.88,208.44,0.25,-0.06,-0.56,3,1
1772051801.523583,478605,-0.05,0.07,0.01,-117.25,-74.50,62.00,-0.75,-1.19,0.13,-0.08,0.10,-0.05,-143.00,46.88,208.50,0.06,-0.25,-0.37,3,1
1772051801.715214,478797,0.00,0.01,-0.06,-117.62,-74.50,62.13,0.44,0.75,-0.88,-0.09,0.09,-0.07,-143.00,46.81,208.56,-0.06,-0.25,0.19,3,1
1772051801.907138,478989,0.05,0.07,-0.07,-117.94,-74.56,62.25,0.00,-0.31,-0.19,-0.03,0.09,-0.05,-143.00,46.75,208.69,0.25,0.19,0.00,3,1
1772051802.099415,479182,0.04,0.05,-0.04,-118.00,-74.56,62.31,0.06,-0.44,0.06,-0.05,0.07,-0.10,-142.94,46.69,208.75,0.13,0.06,0.19,4,2
1772051802.292134,479374,0.01,0.00,-0.08,-118.25,-74.62,62.38,-0.69,0.81,-0.13,-0.07,0.09,-0.11,-142.94,46.69,208.81,-0.13,-0.31,-0.19,4,2
1772051802.485493,479567,0.01,0.03,-0.02,-117.87,-74.62,62.19,-1.00,-0.69,0.44,-0.02,0.08,-0.04,-142.94,46.63,208.81,-0.25,-0.31,0.19,4,2
1772051802.676220,479758,0.04,0.05,-0.05,-117.81,-74.62,62.13,0.06,0.44,-0.06,-0.01,0.07,-0.03,-143.00,46.63,208.87,-0.19,-1.12,0.75,3,2
1772051802.868158,479950,0.05,-0.05,-0.11,-118.25,-74.81,62.38,2.19,-1.06,-2.12,-0.07,0.10,-0.02,-143.06,46.56,208.94,-0.25,0.31,0.75,4,2
1772051803.059303,480142,0.00,0.05,-0.11,-117.87,-74.87,62.25,0.25,1.87,-1.31,-0.05,0.07,-0.05,-143.06,46.56,208.87,-0.19,0.37,-0.37,3,2
1772051803.251226,480333,0.02,0.14,-0.08,-117.81,-74.62,61.94,-2.25,-0.06,1.37,-0.02,0.09,-0.02,-143.00,46.63,208.87,-0.19,0.62,-0.06,4,2
1772051803.442771,480525,0.03,0.12,-0.04,-117.62,-74.62,61.81,-0.88,-0.19,-0.06,-0.03,0.03,-0.07,-143.06,46.63,208.81,0.00,-0.31,0.75,4,3
1772051803.633256,480715,0.05,0.04,-0.09,-117.62,-74.69,61.81,0.19,0.75,-0.69,-0.05,0.05,-0.03,-143.06,46.63,208.87,-0.06,-0.13,-0.44,4,2
1772051803.825532,480908,0.00,0.00,-0.08,-117.37,-74.81,61.94,-0.81,-1.31,0.19,-0.02,0.06,-0.02,-143.06,46.63,208.87,-0.13,0.13,-0.62,4,3
1772051804.018409,481100,0.02,0.02,-0.08,-117.00,-74.81,61.81,0.75,-0.37,-0.25,-0.06,0.09,-0.05,-143.00,46.56,208.94,-0.25,-0.19,-0.31,3,2
1772051804.210898,481293,-0.01,0.09,-0.03,-116.81,-74.87,61.88,-0.81,0.00,0.19,-0.04,0.09,-0.07,-143.06,46.63,208.87,0.56,0.06,0.31,3,2
1772051804.403049,481485,0.05,-0.06,-0.12,-117.56,-74.87,62.06,0.62,-0.13,0.62,-0.04,0.08,-0.05,-143.06,46.63,208.87,-0.25,0.06,0.81,3,2
1772051804.594613,481677,0.05,-0.03,-0.07,-117.44,-74.87,61.94,0.56,0.00,0.44,-0.03,0.10,0.00,-143.00,46.69,208.75,0.00,0.81,0.06,3,2
1772051804.785549,481868,0.00,0.12,-0.05,-116.81,-74.69,61.38,-0.44,0.00,0.69,-0.03,0.09,-0.01,-142.94,46.75,208.75,-0.19,0.31,-0.25,3,1
1772051804.977540,482060,0.06,0.06,-0.10,-117.12,-74.62,61.38,-0.50,-0.56,-0.69,-0.03,0.06,0.00,-142.94,46.75,208.69,0.25,0.25,0.44,3,1
1772051805.169974,482252,0.02,0.07,-0.10,-116.81,-74.69,61.38,0.25,-0.50,-0.13,-0.04,0.07,-0.05,-142.94,46.75,208.75,-0.13,-0.62,-0.37,3,1
1772051805.362729,482444,0.16,-0.08,-0.23,-115.75,-74.94,61.50,-3.75,-7.31,-0.62,-0.01,0.06,-0.04,-142.69,46.63,209.00,-0.56,1.56,-0.75,3,1
1772051805.552113,482634,-0.06,0.20,0.07,-108.25,-75.94,60.63,-10.25,-6.25,-4.75,0.04,0.19,0.09,-142.37,46.50,209.31,-1.81,-2.37,-5.25,3,2
1772051805.741663,482824,-0.21,0.20,0.00,-103.00,-76.94,60.31,-3.31,-4.06,-2.06,-0.27,0.06,-0.01,-141.69,46.38,210.25,-7.81,-4.00,0.25,2,2
1772051805.932912,483015,-0.08,-0.06,0.08,-104.44,-76.81,60.69,1.06,1.19,0.06,0.02,0.07,0.00,-141.31,46.38,211.25,0.81,-1.44,1.81,3,3
1772051806.125635,483208,0.00,0.07,-0.16,-110.00,-76.56,60.75,3.06,12.56,-3.81,-0.14,0.00,-0.09,-142.31,45.81,210.81,5.12,-4.56,-5.50,3,4
1772051806.317581,483400,-0.14,-0.03,0.04,-116.00,-76.37,61.63,3.12,-7.75,1.62,0.14,0.00,0.11,-142.25,45.56,211.37,1.69,0.00,1.31,2,4
1772051806.509504,483591,0.18,0.20,-0.16,-117.06,-76.12,61.13,0.62,4.62,-0.94,-0.05,0.04,-0.10,-142.87,45.44,210.62,2.50,-0.19,1.50,3,4
1772051806.698466,483781,-0.22,0.02,0.15,-116.69,-76.50,62.50,9.56,-11.44,-3.62,0.01,0.06,0.02,-143.12,46.56,209.50,-1.44,1.94,4.12,3,4
1772051806.888504,483971,-0.11,-0.17,-0.12,-117.19,-77.44,64.75,4.25,3.69,0.37,0.07,-0.02,0.00,-143.19,46.88,209.37,0.13,-0.75,-0.06,4,4
1772051807.080221,484162,0.00,-0.05,-0.06,-119.94,-77.06,64.94,3.19,-1.62,0.19,-0.02,0.07,0.00,-142.94,47.06,209.31,-0.25,2.37,-0.75,3,4
1772051807.272273,484354,-0.05,0.07,0.02,-118.25,-77.06,64.75,-3.50,-0.94,1.75,-0.04,0.06,-0.01,-142.81,47.25,209.00,-0.13,-0.06,0.44,3,4
1772051807.463881,484546,-0.03,0.08,-0.01,-117.69,-76.94,64.31,1.25,0.00,0.06,0.01,0.08,0.03,-142.75,47.19,209.12,0.06,-0.81,-0.37,3,3
1772051807.653552,484736,0.06,0.00,-0.09,-117.12,-77.25,64.56,-2.87,-4.06,-1.50,0.05,0.03,-0.06,-142.87,46.88,209.44,1.50,-0.69,-1.12,3,2
1772051807.842910,484925,-0.06,0.08,0.03,-113.56,-77.94,64.69,0.37,-2.81,-0.94,-0.04,0.06,-0.03,-142.87,46.81,209.37,1.19,-0.69,-1.75,2,1
1772051808.034642,485117,-0.01,0.10,0.03,-112.81,-78.12,64.69,-4.37,0.75,0.62,-0.03,0.05,-0.01,-143.12,46.63,209.31,0.75,-1.81,-0.19,2,0
1772051808.226605,485309,0.03,0.05,0.00,-114.06,-78.00,64.31,0.25,2.12,-1.19,-0.05,0.04,-0.14,-143.37,46.31,209.50,0.31,-1.31,0.50,2,1
1772051808.418402,485501,0.01,-0.15,0.00,-116.87,-78.31,65.50,5.56,1.75,-3.31,-0.03,0.10,0.00,-143.44,46.38,209.50,-1.06,-0.62,1.31,2,1
1772051808.609506,485692,-0.01,0.01,-0.06,-118.56,-78.37,66.00,1.19,1.62,-0.88,0.02,0.03,-0.02,-143.50,46.44,209.50,-0.37,-0.31,0.37,2,1
1772051808.800394,485883,-0.02,-0.03,-0.05,-119.37,-78.37,66.25,1.50,-0.81,-0.44,0.00,0.06,0.01,-143.50,46.44,209.44,-0.25,0.56,0.25,2,1
1772051808.992122,486075,0.01,0.06,-0.03,-118.94,-78.37,66.12,-0.81,0.88,0.81,-0.01,0.06,-0.02,-143.50,46.50,209.44,0.00,0.06,0.06,3,2
1772051809.184593,486267,-0.02,-0.03,-0.08,-119.06,-78.37,66.19,0.44,-0.44,-0.25,0.00,0.06,-0.04,-143.44,46.44,209.50,-1.37,-0.88,0.06,3,2
1772051809.376713,486459,-0.01,0.01,0.02,-118.62,-78.25,65.94,-1.37,0.62,0.75,-0.01,0.10,0.00,-143.44,46.50,209.50,-0.19,-0.06,0.37,3,2
1772051809.569100,486652,0.00,0.05,-0.07,-118.50,-78.19,65.75,0.50,0.56,0.06,-0.01,0.05,0.02,-143.44,46.50,209.50,0.25,-0.13,0.13,4,2
1772051809.760957,486843,-0.05,-0.04,0.01,-118.44,-78.19,65.75,-0.25,-0.81,0.25,0.03,0.04,0.03,-143.44,46.50,209.50,-0.06,0.06,0.25,4,2
1772051809.950118,487033,0.02,0.00,-0.07,-118.37,-78.19,65.62,-0.13,0.13,0.06,0.02,0.03,0.02,-143.37,46.50,209.50,-0.13,0.62,0.19,4,2
1772051810.142497,487225,0.05,-0.02,-0.09,-117.75,-78.19,65.44,-2.12,-1.19,1.06,0.05,0.05,0.00,-143.37,46.50,209.50,0.37,0.69,0.31,3,2
1772051810.334490,487417,-0.02,0.10,0.00,-114.25,-78.19,64.75,-2.56,-2.87,1.44,0.01,0.09,0.04,-143.37,46.50,209.50,0.25,0.37,-1.00,3,2
1772051810.526576,487609,-0.04,0.08,-0.01,-112.75,-78.25,64.62,-0.13,0.00,-0.44,0.04,0.05,0.00,-143.37,46.50,209.56,0.62,-0.69,0.19,3,2
1772051810.717240,487800,0.02,-0.04,-0.05,-113.31,-78.44,65.06,2.06,-0.25,-0.56,0.05,0.04,0.03,-143.44,46.44,209.56,-0.44,-0.31,0.00,3,2
1772051810.908176,487990,-0.01,0.04,-0.07,-113.37,-78.37,65.06,-0.69,0.25,1.25,-0.05,0.11,0.05,-143.44,46.31,209.81,-0.19,-0.75,-0.19,4,2
1772051811.099967,488182,0.14,0.08,-0.20,-112.19,-78.81,65.87,5.75,-6.12,-2.06,-0.05,0.11,0.00,-143.44,45.94,210.19,1.25,-9.06,-5.00,4,3
1772051811.292117,488374,-0.26,-0.02,0.08,-103.25,-80.44,68.62,6.50,-12.94,-8.88,-0.01,0.06,0.07,-143.37,45.25,210.87,-0.56,-1.94,-3.44,3,4
1772051811.483693,488566,-0.07,-0.09,0.15,-95.87,-81.50,70.62,0.75,-8.56,-1.62,0.04,-0.02,0.02,-143.19,44.63,212.06,0.56,-2.25,-0.81,4,4
1772051811.673006,488755,-0.08,-0.12,-0.05,-93.37,-81.62,70.81,-0.50,3.50,0.69,0.04,0.04,0.05,-143.31,44.50,212.25,1.31,-0.06,-0.75,4,4
1772051811.862474,488945,0.00,0.02,-0.06,-98.37,-81.44,70.06,-1.81,2.87,-0.13,0.06,0.06,0.09,-143.44,44.50,211.87,0.31,0.31,-0.88,5,5
1772051812.054199,489137,0.00,0.05,0.00,-100.37,-80.94,69.44,-2.19,0.81,2.87,0.06,0.03,0.04,-143.06,44.44,212.44,-0.81,-1.06,-1.06,5,4
1772051812.245767,489328,-0.05,-0.10,-0.04,-101.00,-80.56,68.69,-2.94,3.87,0.37,0.03,0.07,0.03,-142.94,44.13,212.94,-0.44,-1.94,-0.56,5,5
1772051812.436601,489519,0.00,0.04,-0.10,-101.37,-80.31,68.06,-2.62,-0.56,0.81,0.15,-0.02,0.15,-142.94,44.00,213.25,2.00,-0.69,-1.56,5,5
1772051812.626253,489708,0.00,0.00,-0.06,-98.25,-80.50,67.00,-8.94,-7.37,-2.62,-0.03,0.00,-0.10,-143.00,44.06,212.62,1.94,4.37,-0.13,6,5
1772051812.815504,489898,-0.13,0.00,0.12,-89.81,-80.94,66.56,-0.75,-1.12,2.62,0.02,0.05,0.05,-142.69,44.31,212.69,0.19,1.94,1.25,4,4
1772051813.007565,490090,0.12,0.10,-0.03,-90.06,-80.56,65.94,-0.37,3.44,2.37,0.09,0.07,0.08,-142.75,44.75,212.12,-1.50,-1.75,2.25,5,3
1772051813.198795,490281,-0.05,0.00,-0.01,-91.06,-80.44,65.87,2.44,-0.62,-1.75,0.12,0.01,0.14,-142.87,44.88,212.06,-0.56,-0.44,1.25,5,2
1772051813.389602,490472,0.05,0.02,-0.03,-91.87,-80.50,66.00,0.06,0.19,-1.12,0.07,0.03,0.05,-143.06,44.81,212.25,-0.69,-0.75,0.19,5,2
1772051813.580985,490663,-0.05,-0.02,0.01,-91.25,-80.69,66.31,-1.00,-0.56,0.94,0.06,0.04,0.06,-143.00,44.88,212.19,-0.37,-0.13,-0.31,5,2
1772051813.770207,490853,-0.05,0.03,0.07,-91.00,-80.56,66.12,0.94,-2.00,-0.25,0.08,0.01,0.05,-142.81,44.63,212.56,0.00,-0.69,-1.31,3,2
1772051813.961192,491044,0.01,0.03,-0.01,-91.50,-80.31,65.94,-1.31,2.06,1.56,0.08,0.01,0.17,-142.75,44.75,212.50,0.44,1.25,1.62,4,2
1772051814.152537,491235,0.01,0.11,-0.03,-93.75,-80.06,65.37,0.25,2.56,0.94,0.12,0.01,0.12,-142.94,45.00,212.12,-0.19,0.00,0.94,3,1
1772051814.343894,491426,0.00,0.09,-0.02,-95.94,-80.06,65.56,2.50,1.12,-2.19,0.07,0.02,0.10,-143.06,44.88,212.25,-0.13,-0.37,0.19,3,1
1772051814.535616,491618,-0.04,-0.04,-0.02,-96.75,-80.31,66.25,-0.56,0.37,0.37,0.11,0.02,0.11,-143.06,44.88,212.25,-0.31,-0.37,0.13,3,2
1772051814.726638,491809,-0.01,0.03,-0.03,-96.87,-80.19,66.06,-0.19,-0.19,0.50,0.10,0.01,0.11,-143.06,44.88,212.31,-0.69,-0.37,-0.13,3,2
1772051814.916404,491999,-0.05,0.03,-0.03,-95.94,-80.19,66.00,-1.62,-1.62,0.31,0.12,0.03,0.12,-142.94,44.94,212.31,0.00,-0.37,0.06,3,1
1772051815.106623,492189,-0.03,0.06,0.00,-95.50,-80.19,65.94,1.06,-0.25,-1.12,0.08,0.01,0.09,-142.87,44.94,212.31,0.19,-0.88,-0.19,3,2
1772051815.297237,492380,0.01,0.01,-0.07,-96.31,-80.25,66.06,0.50,1.06,0.94,0.07,0.00,0.11,-142.87,45.00,212.31,-0.37,0.19,0.19,3,2
1772051815.487534,492570,-0.05,0.08,0.00,-97.19,-80.19,66.00,-1.12,1.06,0.88,0.09,0.01,0.10,-142.81,45.06,212.37,-1.00,-1.06,-0.13,5,3
1772051815.677791,492760,0.01,0.04,-0.05,-98.00,-80.12,65.87,0.94,0.75,0.25,0.09,0.03,0.06,-142.75,45.06,212.37,-0.88,-1.25,0.25,5,3
1772051815.868457,492951,0.00,0.00,-0.02,-98.19,-80.12,65.94,0.31,-0.56,-0.31,0.08,0.00,0.10,-142.81,45.00,212.44,-0.25,-0.88,0.44,5,3
1772051816.059022,493142,-0.02,0.02,-0.04,-98.19,-80.12,65.87,0.56,0.37,-0.62,0.06,0.01,0.10,-142.81,45.00,212.50,0.75,-0.19,0.19,5,3
1772051816.249828,493332,-0.07,0.01,-0.01,-98.12,-80.12,66.00,0.88,-0.69,-0.25,0.13,0.03,0.10,-142.81,45.00,212.50,-0.31,-0.56,0.06,5,4
1772051816.440263,493523,0.03,0.08,-0.06,-98.50,-80.12,66.00,0.13,-0.25,-0.13,0.12,-0.02,0.09,-142.81,45.00,212.50,-0.13,-0.31,0.19,6,4
1772051816.631023,493713,-0.01,0.04,-0.02,-98.44,-80.12,66.00,0.19,0.19,-0.25,0.11,0.01,0.06,-142.87,45.00,212.50,-0.56,-0.88,-0.19,5,4
1772051816.821989,493904,-0.03,0.04,-0.02,-98.12,-80.12,66.00,-0.56,0.44,0.13,0.12,-0.01,0.10,-142.87,44.94,212.56,-0.31,-0.56,-0.06,5,4
1772051817.012442,494095,-0.01,0.06,-0.06,-98.19,-80.12,66.00,-0.50,-0.25,0.13,0.13,-0.01,0.08,-142.87,44.94,212.56,0.06,-0.69,-0.44,5,4
1772051817.202901,494285,-0.03,0.01,-0.03,-97.37,-80.12,66.00,0.62,-1.25,-0.13,0.10,0.03,0.11,-142.87,44.88,212.62,-0.25,-0.50,-0.25,6,4
1772051817.393357,494476,0.03,0.11,-0.02,-96.87,-80.19,65.87,0.13,-0.25,0.06,0.10,0.00,0.09,-142.87,44.88,212.62,-0.19,-0.44,-0.06,5,4
1772051817.584129,494667,-0.05,0.08,-0.04,-96.87,-80.19,65.87,-0.06,0.13,-0.25,0.09,0.03,0.07,-142.87,44.88,212.69,-0.81,-1.00,0.31,5,4
1772051817.774828,494857,-0.01,0.00,-0.01,-96.87,-80.19,65.94,-0.44,0.88,-0.13,0.13,0.00,0.11,-142.87,44.88,212.69,0.13,-0.06,0.37,5,4
1772051817.965300,495048,-0.01,0.04,-0.08,-97.69,-80.19,65.87,0.69,1.12,-0.06,0.09,0.00,0.11,-142.87,44.88,212.69,0.13,0.06,0.13,6,5
1772051818.156197,495239,-0.05,0.13,-0.02,-97.87,-80.19,65.94,-0.50,-0.81,-0.37,0.11,0.01,0.14,-142.87,44.88,212.69,-0.94,-0.50,0.06,6,4
1772051818.346720,495429,0.01,0.15,-0.06,-98.06,-80.12,65.87,-0.13,0.56,-0.13,0.09,0.02,0.11,-142.87,44.88,212.69,-0.06,-0.13,0.19,4,3
1772051818.537568,495620,0.01,0.03,-0.07,-98.12,-80.19,66.00,0.56,0.19,-0.19,0.11,-0.01,0.11,-142.87,44.88,212.69,-0.19,0.06,0.19,4,3
1772051818.728506,495811,0.00,-0.02,-0.06,-98.25,-80.19,66.06,0.44,-0.37,0.50,0.12,-0.02,0.12,-142.87,44.88,212.75,-0.44,-0.13,0.44,4,3
1772051818.918890,496002,-0.02,0.13,-0.05,-98.00,-80.19,66.00,-0.31,0.06,-0.69,0.12,0.00,0.13,-142.87,44.88,212.69,0.13,-0.13,0.06,4,4
1772051819.109515,496192,0.03,0.03,-0.07,-98.12,-80.25,66.12,1.37,-0.62,-0.56,0.11,-0.01,0.10,-142.87,44.88,212.69,0.00,0.06,0.62,4,3
1772051819.299562,496382,0.01,0.08,-0.06,-97.00,-80.31,66.06,-1.12,-1.31,0.13,0.11,-0.03,0.13,-142.87,44.88,212.69,-0.19,0.00,0.06,3,2
1772051819.490538,496573,-0.03,0.08,-0.01,-96.37,-80.31,66.06,-0.44,0.13,0.31,0.14,0.00,0.16,-142.87,44.88,212.69,0.25,0.44,-0.13,2,2
1772051819.681733,496764,0.00,0.08,-0.06,-96.37,-80.31,66.00,-0.94,-0.62,0.75,0.10,-0.02,0.13,-142.94,44.88,212.69,-0.13,-0.31,0.56,2,2
1772051819.872271,496955,-0.02,0.08,-0.01,-96.37,-80.31,66.06,0.94,0.50,-1.25,0.16,-0.02,0.14,-142.94,44.88,212.69,-0.56,0.00,0.25,2,1
1772051820.063005,497146,0.07,0.18,-0.10,-98.25,-80.37,66.06,-0.19,0.44,-0.94,0.12,0.01,0.14,-142.94,44.94,212.62,-0.37,0.13,0.13,2,1
1772051820.253907,497336,0.06,0.21,-0.02,-98.12,-80.37,66.12,-0.50,-0.13,-0.19,0.12,-0.02,0.13,-142.87,45.00,212.56,-0.31,0.62,-0.06,3,2
1772051820.443753,497526,-0.02,0.14,-0.04,-98.31,-80.37,66.25,-1.50,-0.31,0.94,0.07,0.00,0.04,-142.87,45.06,212.50,-0.31,-0.25,-0.19,3,1
1772051820.634925,497717,-0.01,-0.01,-0.05,-98.19,-80.31,66.25,-1.37,1.00,1.31,0.08,-0.01,0.04,-142.81,45.13,212.50,-0.06,-0.25,0.50,3,1
1772051820.825637,497908,-0.01,0.08,-0.10,-98.62,-80.19,66.00,-0.13,0.62,-0.62,0.08,0.01,0.08,-142.75,45.25,212.44,0.06,-0.56,0.62,3,1
1772051821.016573,498099,0.00,0.04,-0.08,-99.37,-80.19,66.00,1.00,-0.44,-0.13,0.10,-0.01,0.10,-142.75,45.25,212.37,-0.13,-0.06,0.19,3,1
1772051821.207071,498290,0.00,0.11,-0.05,-99.44,-80.19,66.00,0.44,-0.19,-0.06,0.06,0.00,0.06,-142.75,45.25,212.37,-0.19,0.00,0.00,4,2
1772051821.397760,498480,0.00,0.06,-0.03,-99.12,-80.19,66.00,-0.19,-0.50,0.00,0.07,0.02,0.04,-142.75,45.25,212.37,-0.56,-0.44,-0.19,5,2
1772051821.588521,498671,0.00,0.00,-0.03,-98.44,-80.19,66.00,-0.75,-0.19,0.00,0.07,0.01,0.07,-142.75,45.25,212.37,-0.31,-0.06,0.19,4,2
1772051821.779071,498862,-0.02,0.07,-0.06,-98.56,-80.12,65.94,0.50,0.75,0.00,0.09,-0.02,0.04,-142.75,45.25,212.37,0.37,0.00,0.13,5,2
1772051821.970334,499053,-0.01,-0.03,-0.08,-99.06,-80.12,66.06,0.31,-0.94,-0.31,0.15,-0.01,0.11,-142.75,45.31,212.31,-0.50,-0.56,0.19,4,2
1772051822.159885,499242,-0.03,0.18,-0.01,-98.75,-80.06,65.75,1.31,-0.94,-0.94,0.08,0.03,0.08,-142.81,45.25,212.31,-0.06,-0.50,-0.31,3,2
1772051822.350611,499433,-0.01,0.07,-0.04,-98.94,-80.06,65.87,-0.06,-0.44,0.19,0.05,0.01,0.03,-142.87,45.25,212.31,-0.25,-0.44,0.00,3,3
1772051822.541707,499624,-0.05,-0.05,-0.02,-98.69,-80.06,65.94,-1.87,0.19,0.75,0.07,0.03,0.04,-142.81,45.25,212.37,-0.06,0.00,0.50,3,3
1772051822.732452,499815,0.00,0.08,-0.05,-98.75,-79.87,65.62,-0.13,0.75,-0.62,0.09,0.01,0.07,-142.81,45.25,212.31,0.25,-0.31,0.56,3,3
1772051822.923361,500006,-0.03,-0.02,-0.04,-99.12,-79.94,65.75,0.88,-0.62,-0.06,0.08,0.00,0.08,-142.87,45.25,212.37,-0.25,-0.37,0.19,4,3
1772051823.113759,500197,0.00,0.08,-0.07,-99.25,-79.87,65.69,0.25,0.19,-0.06,0.09,0.01,0.11,-142.87,45.25,212.37,-0.06,0.06,-0.19,3,2
1772051823.304333,500387,0.02,0.02,-0.06,-99.06,-79.87,65.69,-0.19,0.50,0.94,0.10,0.05,0.10,-142.81,45.25,212.44,0.25,0.50,0.25,2,2
1772051823.495519,500578,-0.04,0.11,-0.04,-98.69,-79.87,65.62,0.00,-1.00,0.13,0.11,0.00,0.10,-142.81,45.25,212.44,0.00,-0.56,0.25,2,2
1772051823.686007,500769,0.00,0.00,-0.04,-98.75,-79.94,65.81,0.69,0.50,-0.88,0.07,0.04,0.09,-142.87,45.19,212.50,-0.06,-0.69,0.37,2,2
1772051823.876562,500959,-0.04,-0.01,-0.07,-99.00,-80.00,65.94,0.13,0.81,0.13,0.09,0.00,0.07,-142.87,45.19,212.50,-0.13,0.25,0.00,2,2
1772051824.067098,501150,0.02,0.18,-0.04,-99.12,-79.87,65.62,-1.37,0.13,0.44,0.12,-0.01,0.07,-142.87,45.19,212.50,0.06,-0.06,-0.19,2,2
1772051824.257798,501341,0.01,0.04,-0.10,-99.12,-79.87,65.69,-0.81,-0.56,-0.25,0.07,0.01,0.09,-142.87,45.19,212.56,0.25,-0.37,0.00,2,2
1772051824.448911,501532,-0.06,0.03,-0.03,-98.50,-79.94,65.75,0.25,-0.37,-0.50,0.10,0.03,0.08,-142.87,45.19,212.56,0.00,-0.44,0.31,2,2
1772051824.639458,501722,-0.01,0.06,-0.13,-99.12,-79.94,65.81,-0.13,0.37,-0.25,0.11,0.02,0.08,-142.87,45.13,212.56,0.25,0.13,0.19,2,2
1772051824.829998,501913,0.00,0.03,-0.08,-98.75,-79.94,65.81,-0.75,0.13,0.62,0.09,0.03,0.08,-142.94,45.13,212.62,0.00,-0.88,0.31,2,2
1772051825.020718,502104,0.00,-0.02,-0.05,-98.62,-80.00,65.87,0.44,0.56,-0.25,0.09,0.00,0.10,-142.94,45.13,212.62,0.44,-0.69,-0.13,3,3
1772051825.211374,502294,0.00,0.00,-0.06,-98.50,-80.06,65.81,-0.56,-0.19,0.00,0.05,0.03,0.12,-143.00,44.94,212.75,0.50,-1.06,0.00,3,3
1772051825.402501,502485,-0.03,0.02,-0.08,-98.44,-80.12,65.69,-0.25,1.25,-1.50,0.10,0.01,0.14,-143.12,44.81,212.81,0.25,-1.06,0.81,3,2
1772051825.592895,502676,0.07,-0.04,-0.08,-98.75,-80.31,66.00,2.12,-1.19,-1.37,0.08,0.01,0.10,-143.25,44.81,212.75,0.06,0.50,0.31,3,2
1772051825.783534,502866,-0.06,0.05,-0.04,-97.69,-80.19,65.87,1.94,-0.25,1.37,0.10,0.04,0.13,-143.12,44.94,212.69,-0.69,0.81,0.44,3,2
1772051825.974251,503057,0.01,0.06,-0.09,-98.06,-79.94,65.56,-0.25,-0.44,1.12,0.12,0.02,0.09,-143.12,45.13,212.44,-0.75,0.06,0.56,3,2
1772051826.164973,503248,0.00,0.02,-0.03,-98.31,-79.87,65.50,-0.06,0.19,0.13,0.06,0.04,0.13,-143.12,45.13,212.44,0.00,-0.31,0.19,3,2
1772051826.355942,503439,-0.01,0.10,-0.05,-98.12,-79.87,65.50,-0.19,1.00,0.00,0.12,0.02,0.13,-143.12,45.13,212.44,0.13,-1.06,0.25,3,2
1772051826.546568,503629,-0.04,-0.13,-0.08,-99.00,-80.00,65.81,1.44,-0.13,-0.06,0.08,0.03,0.06,-143.12,45.19,212.50,-0.44,-0.37,0.44,3,2
1772051826.737137,503820,0.03,0.07,-0.05,-98.87,-79.94,65.69,-0.88,-0.13,0.44,0.10,0.03,0.08,-143.00,45.19,212.50,0.37,0.25,-0.13,2,2
1772051826.927764,504011,0.00,0.01,-0.05,-98.75,-79.94,65.62,-0.31,0.06,0.25,0.05,0.02,0.07,-142.94,45.25,212.56,-0.62,-0.56,0.37,2,1
1772051827.118215,504201,-0.04,0.08,0.00,-98.56,-79.87,65.56,-0.81,0.13,0.13,0.06,0.05,0.07,-142.94,45.25,212.56,0.00,-0.50,0.00,2,1
1772051827.309222,504392,0.01,0.00,-0.09,-98.94,-79.94,65.62,0.88,0.56,0.13,0.09,0.02,0.06,-142.87,45.31,212.50,0.31,-0.31,0.25,2,1
1772051827.499966,504583,-0.03,-0.04,-0.06,-99.06,-79.94,65.75,-0.25,0.19,0.25,0.05,0.06,0.08,-142.87,45.31,212.56,0.25,-0.19,0.00,2,1
1772051827.690747,504773,-0.01,0.09,-0.07,-98.50,-79.87,65.56,0.81,-0.75,-0.13,0.05,0.04,0.07,-142.87,45.31,212.50,-0.44,-0.13,-0.06,2,1
1772051827.881023,504964,0.04,0.10,-0.04,-98.44,-79.87,65.56,-0.62,-0.06,0.00,0.06,0.06,0.14,-142.87,45.31,212.56,0.00,0.06,0.25,2,2
1772051828.071720,505155,-0.01,0.10,-0.09,-98.94,-79.87,65.56,0.56,1.06,0.31,0.11,0.02,0.12,-142.87,45.25,212.56,0.31,0.13,0.19,2,1
1772051828.263012,505346,0.08,0.03,-0.09,-99.69,-79.87,65.56,-0.19,-0.75,-0.56,0.12,0.00,0.10,-142.94,45.19,212.69,-0.13,-0.44,0.37,2,1
1772051828.453337,505536,-0.03,0.00,-0.05,-99.12,-79.94,65.75,-1.19,0.13,0.37,0.05,0.01,0.06,-142.94,45.19,212.69,-0.13,0.13,0.44,2,1
1772051828.644069,505727,0.00,0.05,-0.06,-99.00,-79.94,65.62,0.13,-0.25,-0.13,0.09,0.04,0.10,-142.94,45.19,212.69,-0.06,-0.06,0.37,2,1
1772051828.834837,505918,-0.01,0.12,-0.09,-99.06,-79.87,65.56,-0.50,-1.00,-0.19,0.07,0.00,0.12,-142.94,45.19,212.69,0.31,0.44,0.13,2,1
1772051829.025410,506108,-0.02,0.06,-0.06,-98.50,-79.87,65.56,0.31,-0.56,-0.06,0.07,0.02,0.09,-142.94,45.19,212.69,0.19,-0.31,0.25,2,1
1772051829.216430,506299,0.02,0.04,-0.09,-98.56,-79.94,65.56,0.44,0.31,-0.69,0.11,0.01,0.10,-142.94,45.19,212.69,-0.19,-0.25,0.37,2,1
1772051829.406920,506490,0.02,0.08,-0.11,-98.62,-80.00,65.62,-0.81,0.44,0.56,0.07,0.04,0.08,-142.94,45.19,212.69,-0.50,-0.13,-0.06,3,2
1772051829.597734,506681,-0.01,0.09,-0.05,-98.06,-80.00,65.62,-0.25,-0.19,-0.25,0.13,0.06,0.06,-143.00,45.19,212.69,-0.50,-0.62,0.00,3,3
1772051829.788311,506871,0.02,0.05,-0.07,-98.06,-80.00,65.62,-0.06,0.62,-0.13,0.09,0.05,0.11,-143.00,45.19,212.75,0.00,-0.62,0.19,3,2
1772051829.979045,507062,-0.01,0.01,-0.08,-98.19,-80.06,65.69,0.50,-0.13,-0.44,0.08,0.00,0.08,-143.00,45.13,212.69,0.88,-0.44,0.31,3,2
1772051830.169996,507253,-0.03,0.03,-0.04,-98.19,-80.06,65.75,0.81,0.62,-0.31,0.08,0.03,0.13,-143.06,45.13,212.75,0.31,-0.94,-0.62,3,2
1772051830.360537,507443,0.01,0.12,-0.08,-98.69,-80.06,65.56,0.56,-1.37,-0.13,0.11,0.04,0.13,-143.06,45.06,212.75,0.75,-1.12,-0.88,3,3
1772051830.551379,507634,-0.08,0.07,-0.02,-97.75,-80.12,65.69,2.00,-1.12,0.25,0.10,0.08,0.12,-143.12,44.94,212.87,-0.13,-1.31,0.81,3,2
1772051830.741541,507824,-0.12,-0.15,-0.04,-97.81,-80.25,66.06,2.12,0.75,2.56,0.07,0.04,-0.02,-143.19,45.00,212.75,0.31,-1.06,0.75,3,3
1772051830.931484,508014,-0.10,-0.07,0.01,-98.25,-80.19,65.87,1.37,-0.44,0.00,0.25,-0.13,0.10,-143.12,45.13,212.87,-2.81,-1.25,-1.12,3,2
1772051831.123445,508206,0.18,-0.33,-0.09,-101.06,-80.25,66.50,5.00,-5.31,-5.00,0.13,0.01,0.13,-142.69,45.06,213.69,1.69,-0.13,-0.13,3,2
1772051831.314355,508397,-0.05,0.10,-0.05,-98.69,-80.12,66.12,1.44,-0.62,1.37,0.11,-0.04,0.05,-142.94,44.81,214.19,-4.19,-3.25,1.50,2,1
1772051831.504737,508588,0.04,0.18,-0.10,-98.37,-80.19,66.50,-1.50,-1.62,-2.37,0.02,0.01,0.06,-142.81,44.63,215.06,-0.06,1.44,-1.44,2,1
1772051831.694488,508777,0.02,-0.09,-0.03,-96.75,-80.56,66.81,-4.00,-0.81,1.12,-0.08,0.15,0.14,-142.81,44.75,214.37,5.31,4.25,-0.69,3,1
1772051831.883945,508967,-0.05,0.20,-0.06,-94.37,-80.25,65.62,-0.31,2.06,1.56,0.17,0.03,0.12,-143.12,45.13,213.06,-0.25,0.31,2.25,3,2
1772051832.076485,509159,0.11,0.07,-0.18,-97.62,-80.06,65.44,-1.00,1.00,0.19,0.07,0.00,0.04,-143.25,45.38,212.81,-2.19,-1.44,1.62,3,2
1772051832.267535,509350,0.05,-0.12,-0.13,-98.50,-80.06,65.81,2.19,1.06,0.00,0.09,0.00,0.08,-142.81,45.25,213.69,-2.31,-1.00,-0.50,3,2
1772051832.458226,509541,-0.04,-0.04,0.03,-98.25,-80.00,65.81,-0.94,-2.31,0.75,0.00,0.00,0.05,-142.50,45.19,214.37,0.06,0.13,-0.44,3,2
1772051832.648415,509731,-0.02,-0.05,-0.02,-97.19,-80.00,65.62,0.13,1.06,1.12,0.09,0.00,0.02,-142.44,45.19,214.00,0.06,1.25,-0.56,3,2
1772051832.838023,509921,0.06,0.13,-0.11,-98.19,-79.56,65.00,-4.25,0.00,2.75,0.11,0.06,0.11,-142.31,45.31,213.94,0.44,-0.13,1.50,3,2
1772051833.029801,510113,0.00,0.12,0.05,-97.06,-79.50,64.69,0.37,1.62,-2.06,0.03,0.03,0.03,-142.69,45.25,213.75,0.69,-1.00,1.50,4,3
1772051833.221196,510304,-0.07,-0.11,-0.05,-99.75,-79.87,65.56,0.50,2.44,-1.56,0.07,-0.01,0.02,-143.12,45.31,213.44,0.69,-1.44,1.50,3,3
1772051833.411549,510495,0.00,-0.07,-0.09,-102.31,-79.94,65.81,2.06,-0.06,-1.75,0.07,0.03,0.07,-143.25,45.38,213.37,0.06,0.25,0.13,3,3
1772051833.602372,510685,-0.03,0.00,0.00,-101.50,-80.06,65.94,-0.56,-2.56,-0.06,0.06,0.01,0.07,-143.19,45.38,213.37,-0.25,0.25,-0.69,3,3
1772051833.793009,510876,-0.01,0.01,0.00,-100.37,-80.00,65.75,0.06,-0.50,0.81,0.02,0.05,0.09,-143.12,45.38,213.44,0.31,0.62,-0.62,3,2
1772051833.983783,511067,0.03,0.12,-0.09,-100.87,-79.81,65.44,-2.06,2.06,3.56,0.01,0.08,0.03,-143.06,45.31,213.50,0.00,0.19,0.62,2,2
1772051834.174611,511258,0.05,0.03,-0.07,-100.44,-79.75,65.37,-4.06,2.31,1.31,0.00,0.06,0.03,-143.06,45.38,213.50,-0.62,-0.44,1.75,2,2
1772051834.365172,511448,0.04,-0.05,-0.08,-100.56,-79.81,65.62,-1.69,1.75,-1.25,0.04,0.02,0.02,-143.12,45.38,213.44,0.69,-0.31,0.75,3,2
1772051834.555719,511639,-0.07,-0.06,-0.03,-101.06,-79.87,65.69,0.06,0.37,0.50,0.04,0.07,0.06,-143.12,45.44,213.37,0.25,0.13,0.50,3,2
1772051834.746613,511830,-0.02,0.04,-0.01,-101.12,-79.81,65.56,0.81,-0.62,-0.13,0.05,0.03,0.09,-143.12,45.44,213.37,-0.06,-0.19,0.31,3,1
1772051834.937542,512020,-0.01,0.00,-0.04,-101.12,-79.81,65.62,0.37,-0.62,-0.44,0.05,0.00,0.08,-143.12,45.50,213.37,0.37,0.31,0.56,2,0
1772051835.128108,512211,-0.01,0.02,-0.03,-100.94,-79.81,65.62,0.25,-0.31,0.31,0.06,0.01,0.04,-143.06,45.50,213.37,0.19,-0.13,0.06,2,0
1772051835.318392,512402,0.04,0.01,-0.09,-101.19,-79.81,65.62,0.31,0.44,-0.31,0.05,0.03,0.06,-143.06,45.50,213.37,-0.50,0.00,0.06,2,0
1772051835.509436,512592,0.00,0.08,-0.02,-100.87,-79.81,65.50,-1.06,-0.25,0.44,0.04,0.03,0.05,-143.06,45.50,213.37,-0.06,-0.19,-0.25,3,1
1772051835.700267,512783,-0.06,0.00,-0.01,-100.25,-79.87,65.56,0.31,-0.06,-0.75,0.10,0.06,0.04,-143.06,45.50,213.37,-1.19,-0.94,0.25,3,1
1772051835.891021,512974,-0.02,-0.04,-0.02,-100.31,-79.87,65.56,-1.06,-0.19,0.88,0.10,0.03,0.06,-143.12,45.56,213.25,0.81,0.56,0.44,3,1
1772051836.081313,513164,0.04,0.09,-0.10,-100.81,-79.69,65.19,0.19,0.75,-0.19,0.07,0.06,0.10,-143.12,45.50,213.25,0.13,-0.69,0.31,3,1
1772051836.272243,513355,-0.08,0.02,0.00,-100.44,-79.75,65.37,-0.13,-0.50,-0.31,0.02,0.08,0.06,-143.19,45.50,213.31,0.37,-0.50,0.25,4,2
1772051836.462541,513546,0.00,0.01,-0.08,-100.81,-79.75,65.37,0.25,0.50,0.13,0.05,0.04,0.11,-143.19,45.50,213.25,0.19,-0.19,0.62,3,2
1772051836.653307,513737,0.01,0.01,-0.09,-100.94,-79.75,65.37,-0.44,0.56,0.69,0.06,0.11,0.10,-143.19,45.50,213.31,0.00,0.25,0.50,4,2
1772051836.844297,513928,0.01,0.08,-0.05,-100.50,-79.75,65.31,-0.25,0.25,0.13,0.05,0.05,0.12,-143.25,45.50,213.25,0.19,-0.06,0.50,4,2
1772051837.034853,514118,0.00,0.02,-0.11,-100.62,-79.75,65.31,0.37,0.50,-0.06,0.05,0.06,0.08,-143.31,45.50,213.31,0.13,-0.69,0.31,4,2
1772051837.225771,514309,0.00,-0.01,-0.11,-100.37,-79.81,65.44,-0.81,-0.81,0.00,0.05,0.07,0.08,-143.37,45.44,213.31,0.44,-0.31,0.13,4,2
1772051837.416598,514499,-0.06,0.02,-0.02,-99.06,-79.87,65.37,0.88,-0.37,-0.75,0.04,0.09,0.11,-143.37,45.50,213.25,-0.13,-0.31,0.50,2,1
1772051837.606163,514689,-0.30,0.19,-0.14,-99.12,-79.81,65.25,-2.94,2.56,4.69,0.09,0.02,0.13,-143.06,45.50,214.12,-1.12,-0.50,-1.44,2,1
1772051837.798041,514881,-0.01,-0.09,-0.05,-100.87,-79.56,65.25,0.56,-3.62,-0.69,-0.03,0.08,0.06,-142.94,45.44,214.37,-0.06,-0.44,0.69,2,1
1772051837.988393,515071,-0.17,0.00,0.01,-97.62,-79.56,65.31,1.87,0.13,0.13,0.00,0.13,0.20,-143.00,45.44,214.69,-4.06,-2.81,0.75,3,1
1772051838.179191,515262,0.00,-0.12,-0.05,-98.69,-79.69,65.87,1.12,-2.44,-3.56,0.03,0.00,0.02,-142.81,45.31,215.25,1.56,0.19,-1.94,3,1
1772051838.368967,515452,-0.21,-0.07,0.22,-96.87,-80.19,66.06,-5.69,-2.50,1.06,0.03,-0.02,0.06,-143.25,45.50,214.00,2.50,-0.62,2.12,4,1
1772051838.559755,515643,0.03,0.00,-0.14,-100.81,-79.75,65.56,2.75,3.62,-1.12,0.13,0.07,0.14,-143.56,45.63,213.75,0.56,-0.06,1.19,3,1
1772051838.751076,515834,0.07,0.08,-0.13,-104.44,-79.69,65.62,1.25,1.19,-2.06,0.01,0.08,0.09,-143.87,45.69,213.37,0.25,-0.62,0.25,4,1
1772051838.942074,516025,-0.08,-0.05,-0.03,-104.56,-80.00,66.25,0.50,-1.06,-0.19,0.00,0.11,0.09,-143.81,45.69,213.44,-0.37,0.06,-0.25,4,1
1772051839.132521,516216,-0.05,0.10,-0.04,-103.06,-79.94,65.94,-1.81,-0.88,1.31,0.01,0.11,0.06,-143.69,45.69,213.56,-0.81,0.69,-0.13,4,1
1772051839.322304,516405,0.00,0.04,-0.05,-102.56,-79.69,65.56,-2.50,-0.19,1.81,0.10,0.20,0.13,-143.12,45.75,214.25,-1.31,0.50,-1.94,5,1
1772051839.511754,516595,0.02,0.29,-0.02,-102.19,-79.50,64.69,0.25,1.69,1.31,0.00,0.11,0.04,-142.81,45.69,214.62,-1.87,-1.31,0.25,4,1
1772051839.704653,516787,-0.01,-0.04,-0.01,-101.69,-79.50,64.94,-0.44,-0.88,-1.75,0.01,0.03,0.02,-142.87,45.56,214.69,1.56,-0.25,-0.19,5,1
1772051839.895273,516978,-0.06,0.00,-0.01,-101.12,-79.56,65.19,-0.81,1.00,1.00,0.00,0.13,0.07,-142.87,45.50,214.81,-1.19,-0.44,0.69,4,1
1772051840.085747,517169,0.03,0.05,-0.07,-101.25,-79.37,64.81,0.69,0.56,-0.37,0.10,0.05,0.05,-142.94,45.50,214.81,-0.19,-0.44,0.50,4,2
1772051840.276736,517360,0.00,-0.10,-0.07,-102.00,-79.31,65.06,0.88,-0.88,-1.00,-0.03,0.11,0.06,-142.81,45.44,215.12,0.56,0.69,-0.81,4,1
1772051840.466358,517550,-0.26,0.08,0.10,-100.12,-79.31,64.69,-1.62,-1.62,3.25,0.09,0.03,0.08,-142.87,45.69,214.56,-2.00,-1.56,1.12,4,2
1772051840.657781,517741,-0.01,-0.05,-0.02,-100.81,-79.00,64.50,0.37,0.00,0.06,0.00,0.12,0.11,-142.62,45.75,214.75,0.00,0.25,0.37,4,1
1772051840.848529,517932,-0.03,0.09,0.04,-100.56,-78.87,64.31,-0.13,0.31,0.00,-0.01,0.12,0.07,-142.75,45.81,214.62,-0.19,-0.94,1.12,4,1
1772051841.039043,518122,0.02,0.00,-0.13,-101.00,-78.94,64.50,-1.50,0.81,0.50,0.02,0.12,0.02,-142.81,45.81,214.62,0.62,0.25,0.69,4,2
1772051841.230033,518313,-0.09,-0.02,0.01,-99.50,-79.12,64.50,-0.19,-2.31,-0.19,0.00,0.17,0.04,-142.75,45.81,214.69,-0.50,-0.19,0.37,3,2
1772051841.420784,518504,-0.13,0.05,-0.02,-99.19,-79.00,64.12,-0.50,2.25,1.00,-0.01,0.12,0.08,-142.37,45.75,215.50,-0.88,-0.50,0.06,3,2
1772051841.611776,518695,0.02,-0.01,-0.02,-101.81,-78.87,64.19,2.00,-0.94,0.00,-0.01,0.11,0.10,-142.37,45.81,215.50,-0.75,-0.06,0.69,4,3
1772051841.802209,518885,-0.03,0.09,-0.03,-101.75,-78.75,64.25,-0.62,2.00,0.94,-0.08,0.18,0.04,-142.50,45.94,215.31,0.06,-0.44,-0.31,5,3
1772051841.992882,519076,-0.06,-0.04,0.06,-101.50,-78.94,64.37,1.00,-2.81,-0.50,-0.10,0.26,0.18,-142.62,46.00,215.00,4.00,2.00,-0.62,4,3
1772051842.182613,519266,0.06,0.25,-0.11,-101.25,-79.00,64.12,2.75,4.87,0.19,0.04,0.05,0.02,-143.06,46.06,214.06,-0.13,-1.56,1.00,4,3
1772051842.374079,519457,-0.03,-0.11,-0.08,-104.56,-79.25,65.00,0.37,-0.50,-0.81,-0.02,0.11,0.02,-143.25,46.06,213.87,0.88,0.00,0.13,3,2
1772051842.565152,519648,0.03,-0.05,-0.01,-102.94,-79.37,65.00,-0.13,-2.75,-0.81,0.02,0.10,0.06,-143.25,46.00,213.94,-0.19,0.00,-0.37,4,3
1772051842.755531,519839,0.00,0.01,0.00,-101.37,-79.44,64.87,-1.69,-1.19,0.62,-0.01,0.15,0.06,-143.06,46.00,214.19,-0.56,0.06,0.31,4,3
1772051842.946232,520029,-0.06,0.04,0.00,-100.19,-79.31,64.75,-0.50,-0.50,0.25,-0.02,0.14,0.04,-142.94,46.00,214.31,0.00,-0.19,0.62,4,2
1772051843.136657,520220,0.02,0.00,-0.02,-100.37,-79.31,64.69,0.44,-0.13,-0.19,-0.01,0.11,0.05,-142.81,46.00,214.56,0.13,0.50,0.62,4,2
1772051843.327501,520411,-0.02,0.07,-0.02,-100.25,-79.31,64.69,-0.56,-0.25,1.00,-0.02,0.11,0.06,-142.87,46.06,214.50,0.44,0.69,0.75,4,3
1772051843.518631,520602,-0.03,0.03,-0.02,-100.00,-79.19,64.44,-0.94,-0.25,0.44,0.02,0.13,0.09,-142.94,46.06,214.44,-0.69,-0.88,0.56,3,2
1772051843.708644,520792,0.00,0.02,0.02,-98.25,-79.19,64.25,-1.44,-2.19,0.19,-0.01,0.13,0.09,-142.94,46.06,214.44,0.37,0.13,0.13,3,2
1772051843.899605,520983,0.00,0.04,-0.02,-97.44,-79.19,64.12,0.00,-0.06,-0.19,0.00,0.09,0.06,-142.94,46.00,214.50,-0.69,-1.06,-0.25,3,2
1772051844.089966,521173,-0.02,-0.06,-0.03,-97.56,-79.19,64.25,0.88,0.13,1.25,0.00,0.15,0.09,-142.87,46.00,214.75,-0.13,0.00,0.25,3,2
1772051844.280721,521364,-0.05,0.04,0.02,-97.69,-79.00,63.94,0.13,0.75,1.31,-0.01,0.19,0.06,-142.87,46.00,214.69,0.06,-0.06,-0.13,3,2
1772051844.471628,521555,0.07,0.11,-0.02,-98.25,-78.87,63.69,-0.13,0.44,0.75,-0.05,0.18,0.05,-142.75,46.00,214.87,1.06,-0.19,0.31,3,1
1772051844.662080,521745,0.00,0.00,0.01,-98.44,-79.00,63.88,2.31,0.88,0.19,0.01,0.15,0.07,-142.81,46.00,214.87,-0.19,-1.12,0.75,3,1
1772051844.852947,521936,-0.01,-0.06,-0.07,-99.19,-79.12,64.19,0.50,-1.19,-0.25,0.02,0.13,0.07,-142.81,45.94,215.00,0.13,-0.06,0.37,3,1
1772051845.043623,522127,-0.07,0.09,0.05,-97.62,-79.19,64.06,-0.81,-0.75,0.69,-0.03,0.15,0.07,-142.69,45.94,215.12,-0.19,-0.19,0.00,3,1
1772051845.234038,522317,0.01,-0.01,-0.04,-97.94,-79.12,64.00,-0.06,1.56,1.06,-0.01,0.11,0.07,-142.56,45.94,215.19,0.06,-0.19,0.56,2,1
1772051845.424794,522508,0.00,0.04,-0.05,-98.25,-79.00,63.81,0.37,1.19,-0.44,0.00,0.12,0.08,-142.62,45.94,215.19,0.25,-0.62,0.56,2,1
1772051845.615351,522699,0.00,0.00,-0.04,-98.25,-79.19,64.00,0.62,0.06,-0.44,0.03,0.07,0.08,-142.69,45.94,215.25,0.62,-1.12,-0.13,2,0
1772051845.806095,522889,-0.06,0.07,0.01,-97.37,-79.25,64.00,1.25,-3.44,-1.69,0.04,0.11,0.13,-142.87,45.81,215.25,0.94,0.56,-0.37,2,0
1772051845.996188,523080,0.03,0.15,0.04,-97.25,-79.25,64.06,1.75,0.62,0.56,0.00,0.10,0.12,-142.94,45.88,215.06,0.56,1.12,0.31,2,1
1772051846.187430,523271,0.05,0.14,-0.11,-98.62,-79.06,63.94,-1.00,-0.56,0.94,0.00,0.11,0.10,-143.12,45.94,215.00,0.50,0.56,0.88,2,1
1772051846.378776,523462,-0.08,-0.06,-0.03,-97.56,-79.19,64.06,-0.19,-1.00,0.19,-0.01,0.13,0.07,-143.19,46.00,214.87,0.50,-0.06,0.37,2,1
1772051846.568713,523652,-0.01,0.00,-0.01,-96.81,-79.19,63.94,0.31,-0.06,-0.56,0.00,0.17,0.08,-143.25,46.06,214.81,-0.13,0.00,0.62,2,1
1772051846.759754,523843,-0.06,0.03,-0.05,-97.00,-79.19,63.94,-0.94,1.12,0.50,-0.04,0.15,0.06,-143.25,46.06,214.81,-1.37,-0.37,-0.37,2,1
1772051846.949989,524034,0.00,0.00,-0.06,-97.75,-79.19,64.00,0.75,-0.56,0.50,0.02,0.19,0.10,-143.12,46.00,214.94,0.13,0.25,0.00,3,1
1772051847.140728,524224,-0.06,0.09,0.00,-97.75,-79.12,63.94,-0.94,1.12,1.69,-0.01,0.18,0.02,-142.94,46.00,215.19,0.94,-0.69,0.00,3,1
1772051847.332025,524415,-0.07,-0.09,-0.11,-98.87,-79.12,63.94,2.44,-0.44,-1.44,0.00,0.11,0.07,-142.94,45.94,215.19,0.37,-0.81,-0.25,3,1
1772051847.522268,524606,0.17,0.26,-0.07,-98.25,-79.19,63.81,-1.87,-2.12,-0.88,0.01,0.14,0.16,-142.94,45.75,215.44,0.69,0.50,-0.31,3,1
1772051847.713279,524796,-0.06,0.05,0.00,-96.75,-79.44,64.12,-2.69,1.12,-0.13,-0.04,0.07,-0.11,-142.87,45.75,215.50,1.00,-0.62,-0.94,3,2
1772051847.903605,524987,-0.04,-0.03,-0.04,-97.75,-79.37,64.06,1.69,-0.37,0.50,0.00,0.19,0.03,-142.94,45.75,215.37,-0.56,0.37,0.69,2,2
1772051848.094052,525177,0.01,0.08,-0.04,-98.12,-79.19,63.81,-0.56,1.75,1.37,-0.03,0.10,0.05,-142.87,45.94,215.31,0.13,-0.31,0.56,3,1
1772051848.285432,525369,0.01,-0.02,-0.06,-98.19,-79.19,63.81,-0.62,-2.12,0.13,0.02,0.12,0.09,-142.81,45.94,215.37,-0.44,-0.50,0.44,2,1
1772051848.475518,525559,0.00,0.12,0.00,-97.06,-79.19,63.75,2.12,-0.31,-1.00,0.00,0.14,0.09,-142.81,45.88,215.56,0.06,-0.50,0.25,2,1
1772051848.666518,525750,0.00,0.16,-0.02,-97.44,-79.31,64.12,-0.25,-1.12,-0.88,0.04,0.09,0.08,-143.00,45.81,215.56,0.50,0.25,0.81,2,1
1772051848.856996,525940,0.02,0.13,-0.06,-97.94,-79.37,64.25,0.00,0.25,-0.37,0.00,0.12,0.02,-143.25,45.88,215.37,0.25,-0.19,1.00,3,1
1772051849.047702,526131,-0.01,0.03,-0.05,-98.25,-79.56,64.62,0.75,-0.19,0.00,-0.01,0.15,0.07,-143.44,45.94,215.25,0.25,0.31,0.37,3,2
1772051849.238642,526322,0.04,0.07,-0.07,-98.25,-79.56,64.56,0.56,-0.19,0.19,0.00,0.13,0.09,-143.44,46.00,215.19,-0.25,0.00,0.50,3,2
1772051849.429152,526513,0.05,0.07,-0.07,-97.81,-79.50,64.50,-1.44,-1.00,0.19,0.00,0.10,0.14,-143.44,46.00,215.25,0.00,0.31,0.25,3,2
1772051849.619965,526703,-0.04,0.05,-0.02,-96.81,-79.50,64.44,0.37,-1.12,0.06,-0.03,0.16,0.08,-143.44,45.94,215.25,0.37,-0.25,-0.44,3,1
1772051849.810954,526894,-0.04,0.01,-0.06,-96.31,-79.56,64.50,-0.88,-1.37,-0.44,-0.03,0.18,0.09,-143.44,45.94,215.31,-0.19,-0.37,0.13,3,1
1772051850.000351,527084,-0.01,0.02,0.00,-95.62,-79.56,64.37,-1.31,1.06,1.06,0.04,0.11,0.09,-143.31,45.94,215.69,-1.87,-0.62,-0.19,3,2
1772051850.191892,527275,0.00,0.06,-0.08,-96.56,-79.44,64.12,-0.13,1.06,0.37,-0.07,0.15,0.10,-143.06,45.88,216.06,-1.75,-1.50,0.56,4,2
1772051850.382610,527466,-0.06,0.00,0.02,-96.62,-79.37,64.06,-0.94,1.50,-0.13,-0.03,0.15,0.07,-142.87,45.88,216.25,0.00,-0.44,0.94,3,3
1772051850.573217,527657,0.05,0.09,-0.08,-98.94,-79.25,63.88,-1.81,0.88,-0.25,0.07,0.05,0.07,-142.94,45.88,216.00,1.00,0.06,1.00,3,2
1772051850.764145,527847,-0.10,-0.07,-0.01,-99.62,-79.44,64.25,1.37,-0.25,-0.94,0.02,0.09,0.08,-143.12,46.00,215.50,0.94,-0.62,0.94,3,2
1772051850.954822,528038,0.09,-0.01,-0.13,-100.94,-79.44,64.25,1.56,-1.12,-0.62,0.01,0.10,0.10,-143.19,45.94,215.62,-0.19,-0.56,0.69,3,2
1772051851.145838,528229,0.05,0.02,-0.10,-99.00,-79.50,64.37,0.75,-1.56,-0.50,-0.06,0.21,0.09,-143.12,45.88,215.81,-0.06,0.13,0.31,2,2
1772051851.336166,528420,-0.06,0.07,0.01,-96.00,-79.62,64.37,-0.94,-1.19,0.44,0.00,0.13,0.04,-143.06,45.88,215.94,-0.31,0.69,1.06,2,2
1772051851.526933,528610,0.00,0.09,-0.06,-95.06,-79.56,64.19,-1.06,-1.19,0.06,0.03,0.10,0.07,-143.06,45.94,215.94,-0.44,-0.31,0.50,3,2
1772051851.717521,528801,-0.03,-0.02,-0.04,-94.56,-79.62,64.25,0.44,0.62,0.19,0.00,0.09,0.06,-143.00,45.94,216.00,-0.13,0.13,0.75,3,2
1772051851.908288,528992,-0.01,-0.05,-0.08,-95.00,-79.56,64.19,1.37,-0.13,-0.06,-0.01,0.11,0.10,-142.87,46.00,216.12,-0.37,0.62,0.13,3,2
1772051852.099297,529183,-0.03,0.10,-0.06,-94.81,-79.31,63.88,-0.25,-0.25,1.94,-0.07,0.19,0.19,-142.75,46.06,216.12,0.00,0.81,-0.88,2,1
1772051852.289704,529373,-0.07,0.16,-0.02,-94.62,-79.00,63.31,-0.81,1.31,1.81,-0.05,0.13,0.09,-142.62,46.00,216.25,0.19,-1.19,0.62,2,1
1772051852.480354,529564,-0.04,0.09,-0.05,-95.56,-79.06,63.50,0.25,1.06,-1.62,-0.02,0.12,0.01,-142.87,46.00,216.06,0.81,-1.75,1.00,2,1
1772051852.670905,529754,0.02,-0.06,-0.12,-96.81,-79.44,64.19,0.25,0.75,-1.37,-0.01,0.12,0.08,-143.06,45.94,216.06,0.37,-0.81,0.44,2,1
1772051852.861731,529945,-0.05,0.00,-0.02,-95.56,-79.50,64.25,-1.50,-3.00,-0.37,0.00,0.12,0.09,-143.00,45.88,216.19,0.06,0.31,-0.25,2,1
1772051853.052226,530136,0.00,0.02,-0.02,-94.56,-79.50,64.12,0.44,0.81,0.31,0.00,0.14,0.09,-142.75,45.88,216.44,1.06,0.88,0.19,3,1
1772051853.243037,530327,-0.01,0.09,-0.05,-95.50,-79.31,63.81,-0.56,1.00,1.25,0.03,0.14,0.03,-142.75,45.94,216.44,0.00,-0.44,0.31,3,1
1772051853.433654,530517,0.02,0.08,-0.07,-96.94,-79.25,63.75,0.31,1.87,0.62,0.01,0.14,0.04,-142.81,45.94,216.31,-0.19,0.00,0.19,3,1
1772051853.624694,530708,-0.03,0.08,-0.05,-97.37,-79.25,63.75,1.44,0.44,-0.25,-0.01,0.13,0.10,-143.00,45.88,216.25,-0.94,-1.00,0.69,3,1
1772051853.815180,530899,-0.01,0.03,-0.03,-97.44,-79.31,63.94,0.00,-0.62,-0.75,0.00,0.15,0.09,-143.06,45.88,216.25,0.19,-0.06,0.13,3,1
1772051854.006037,531090,0.00,0.00,0.00,-96.81,-79.37,64.06,-0.62,-1.12,0.13,-0.01,0.12,0.08,-143.19,45.94,216.19,0.25,-0.06,0.88,3,0
1772051854.196354,531280,0.00,0.03,-0.04,-96.31,-79.37,64.06,0.06,0.06,-0.19,0.01,0.13,0.06,-143.25,46.00,216.06,0.19,-0.25,0.75,3,1
1772051854.387298,531471,-0.02,-0.01,-0.04,-96.37,-79.37,64.06,1.00,-0.50,-0.44,0.00,0.13,0.09,-143.37,46.06,215.94,0.19,0.06,1.00,3,1
1772051854.577903,531661,0.04,0.03,-0.12,-96.25,-79.37,64.06,-0.69,-0.94,0.13,0.03,0.13,0.09,-143.50,46.19,215.75,-0.50,0.00,0.75,2,1
1772051854.769039,531852,0.04,-0.10,-0.12,-94.87,-79.44,64.12,-0.19,0.56,0.62,-0.01,0.18,0.14,-143.31,46.13,216.19,-1.12,-0.31,-0.13,3,1
1772051854.959808,532043,0.02,0.06,-0.02,-93.62,-79.31,63.81,-1.69,-1.56,0.75,0.03,0.16,0.06,-143.19,46.06,216.31,0.75,-0.25,-0.06,3,1
1772051855.149998,532233,0.02,0.04,-0.04,-92.75,-79.25,63.75,0.19,-0.25,0.13,0.00,0.17,0.08,-143.06,45.94,216.75,-0.13,-0.69,-0.13,3,1
1772051855.340738,532424,-0.07,-0.07,-0.02,-92.31,-79.25,63.81,0.69,0.25,-0.81,-0.04,0.20,0.04,-142.94,45.81,217.00,0.31,0.06,-0.69,3,1
1772051855.531059,532615,0.15,0.06,-0.11,-92.94,-79.12,63.50,0.62,1.75,1.94,-0.03,0.07,0.00,-142.69,45.81,217.31,0.06,0.25,0.31,3,2
1772051855.722206,532806,0.00,-0.09,-0.03,-92.56,-79.06,63.38,-1.12,-0.56,0.88,-0.04,0.15,0.09,-142.44,45.81,217.56,0.88,-0.06,0.06,3,1
1772051855.912991,532997,-0.17,0.16,0.00,-91.37,-79.06,62.88,-2.94,-0.31,1.19,0.08,0.08,0.07,-142.56,45.88,217.00,-1.06,-1.19,0.56,3,2
1772051856.103758,533187,0.12,0.03,-0.19,-92.25,-79.00,62.88,-0.88,-0.88,-0.75,-0.04,0.16,0.08,-142.44,45.88,217.19,-0.19,-0.06,-0.13,3,2
1772051856.294175,533378,-0.06,0.05,-0.05,-89.87,-79.12,63.06,-0.13,-2.06,-0.62,-0.01,0.13,0.06,-142.37,45.75,217.37,0.19,-0.13,0.44,3,2
1772051856.484978,533568,0.00,-0.01,-0.05,-88.75,-79.12,63.13,-1.69,0.37,0.69,-0.03,0.10,0.00,-142.25,45.75,217.50,-0.44,-0.69,0.88,4,2
1772051856.674229,533758,0.02,-0.10,-0.09,-88.50,-79.12,63.06,-1.69,0.94,0.37,0.00,0.11,0.06,-142.19,45.81,217.56,-0.19,0.81,0.37,3,1
1772051856.866217,533950,-0.08,0.18,-0.06,-87.25,-78.75,62.13,-2.44,-0.37,3.12,0.02,0.04,0.02,-142.00,46.00,217.56,-1.00,0.69,-0.25,4,1
1772051857.056778,534140,0.01,0.02,-0.06,-86.62,-78.62,61.88,-2.12,-3.37,0.00,-0.01,0.15,0.13,-141.94,46.06,217.31,0.69,1.06,0.31,4,1
1772051857.247602,534331,0.03,0.11,-0.04,-84.87,-78.31,61.31,-0.81,0.13,1.69,-0.04,0.11,0.07,-142.00,46.13,217.31,-0.37,-1.19,0.19,4,1
1772051857.437374,534521,-0.03,-0.23,-0.03,-84.75,-78.37,61.38,-0.62,-1.75,-1.50,-0.04,0.11,0.07,-142.06,46.06,217.25,2.31,1.44,-1.25,4,1
1772051857.626738,534710,0.07,-0.43,-0.13,-84.12,-78.44,60.44,-12.44,0.75,1.81,-0.14,0.22,0.05,-141.87,46.19,217.19,0.13,0.37,1.56,5,2
1772051857.819443,534903,0.05,0.25,0.05,-82.31,-78.31,57.31,-0.69,-0.69,1.56,-0.08,0.12,0.00,-141.87,46.06,217.44,-0.06,-1.12,1.25,4,2
1772051858.010240,535094,-0.35,0.01,0.24,-81.62,-78.44,57.88,4.37,0.69,0.88,0.19,-0.04,0.00,-141.94,45.75,217.37,-2.19,-2.12,1.00,6,3
1772051858.200719,535285,0.10,-0.39,-0.13,-92.44,-76.69,59.06,7.50,0.50,6.19,0.03,0.04,0.10,-141.44,46.00,217.81,0.25,5.00,2.69,6,4
1772051858.390202,535474,0.07,0.40,-0.02,-95.62,-75.12,57.25,3.87,1.12,8.69,-0.04,0.14,0.00,-141.12,46.63,217.81,-3.06,0.94,2.94,5,4
1772051858.581941,535665,0.12,-0.07,-0.53,-99.00,-74.69,57.75,0.37,5.25,-4.19,-0.12,0.17,-0.01,-140.94,46.75,217.81,-0.25,-1.12,-0.50,6,4
1772051858.773252,535857,-0.21,-0.14,0.19,-93.94,-75.06,57.81,-6.81,-11.88,-1.87,0.02,0.11,0.00,-140.69,46.94,217.56,2.00,0.06,-1.44,5,4
1772051858.963891,536047,-0.05,0.08,-0.04,-89.69,-75.44,57.31,-1.31,1.25,-3.19,-0.01,0.18,0.09,-140.75,46.81,217.50,2.00,-0.31,-1.44,5,4
1772051859.154677,536238,0.00,0.06,-0.05,-88.75,-75.75,57.50,-1.56,-3.12,-0.06,-0.08,0.13,0.01,-140.81,46.69,217.62,0.00,-0.50,1.00,4,4
1772051859.345116,536429,0.00,-0.03,0.00,-87.37,-75.94,57.88,-0.37,1.87,-0.50,0.05,0.10,0.03,-140.87,46.63,217.81,-1.25,-1.31,0.69,4,4
1772051859.536196,536619,-0.18,-0.18,-0.07,-86.19,-76.31,58.13,-5.94,-7.44,-1.94,-0.20,0.09,-0.01,-140.81,46.31,218.00,-0.56,-0.06,-1.12,4,4
1772051859.726404,536810,0.00,0.01,0.14,-83.37,-76.12,57.63,1.94,-1.44,-0.56,0.03,0.10,0.09,-140.37,46.25,218.81,0.25,0.37,1.12,4,4
1772051859.917410,537001,0.12,-0.04,-0.15,-84.44,-76.50,57.88,0.75,5.25,-0.88,-0.02,0.02,0.07,-140.37,46.25,218.69,0.69,0.00,-1.87,4,2
1772051860.107792,537192,0.04,0.01,0.10,-86.62,-76.62,58.00,3.31,-0.19,-0.88,-0.02,0.04,0.08,-140.19,46.00,218.94,0.94,-0.88,0.19,4,2
1772051860.297593,537381,0.36,-0.10,-0.13,-89.25,-76.19,59.06,16.56,-1.62,6.75,-0.06,0.06,-0.01,-140.06,45.75,219.37,-2.31,-2.44,1.50,4,4
1772051860.486919,537570,0.04,-0.04,-0.09,-87.25,-76.44,60.00,-0.62,-0.94,-1.87,0.01,0.04,0.06,-139.94,45.75,219.50,4.81,2.94,-1.75,4,5
1772051860.679383,537763,0.17,-0.13,0.09,-82.94,-76.69,59.75,-5.94,-10.50,-5.94,0.00,0.14,0.05,-140.19,45.75,219.12,1.50,2.31,1.19,4,6
1772051860.870432,537954,-0.22,-0.02,0.07,-76.12,-76.94,60.31,-0.94,-0.25,1.56,0.03,0.10,0.13,-140.19,46.06,218.81,0.50,0.75,0.56,4,6
1772051861.061220,538145,0.01,0.13,0.00,-77.50,-76.87,59.56,-3.75,-0.56,0.25,0.00,0.09,0.09,-140.25,46.19,218.69,-0.13,0.00,1.69,5,8
1772051861.251497,538335,0.02,0.00,0.00,-78.19,-76.94,59.56,1.62,1.94,-1.81,0.00,0.08,0.04,-140.37,46.19,218.56,0.19,-0.25,0.75,5,8
1772051861.442746,538526,-0.06,-0.03,0.04,-78.69,-77.06,59.81,-0.13,-0.13,0.44,-0.05,0.09,0.06,-140.44,46.25,218.56,0.13,-0.13,0.50,5,8
1772051861.633298,538717,0.03,0.00,-0.05,-78.94,-77.06,59.81,0.31,0.44,0.56,-0.02,0.14,0.12,-140.37,46.25,218.75,0.19,0.06,0.19,4,8
1772051861.824005,538908,0.00,0.09,0.04,-78.56,-77.06,59.63,0.06,0.19,0.50,-0.05,0.10,0.04,-140.44,46.25,218.62,-0.19,-0.50,0.37,4,9
1772051862.014965,539098,-0.03,0.03,-0.03,-78.94,-77.06,59.63,0.13,0.44,-0.13,-0.03,0.09,0.04,-140.56,46.31,218.50,-0.75,-0.56,1.06,3,8
1772051862.204387,539288,-0.05,0.00,-0.05,-79.06,-77.12,59.69,-1.75,0.69,0.13,-0.07,0.09,0.02,-140.75,46.31,218.31,0.37,-1.81,1.12,3,7
1772051862.395250,539479,-0.11,-0.23,0.00,-78.56,-77.19,59.94,0.19,1.56,-0.88,-0.03,0.11,0.08,-140.87,46.38,218.25,0.13,-0.06,0.88,3,5
1772051862.586397,539671,0.09,0.10,-0.08,-79.31,-77.12,59.63,-1.87,0.94,0.00,0.00,0.13,0.08,-141.00,46.44,218.12,0.56,0.37,0.37,3,4
1772051862.777739,539861,-0.05,-0.01,-0.02,-77.50,-77.06,59.50,-3.25,-3.56,0.06,-0.10,0.10,0.08,-141.06,46.44,218.06,-0.62,0.00,-0.13,3,4
1772051862.968052,540052,0.04,0.02,-0.07,-76.87,-77.00,59.06,1.06,2.06,0.56,-0.07,0.18,0.13,-140.81,46.44,218.44,-0.69,0.88,-0.13,3,2
1772051863.157631,540241,0.02,0.08,0.01,-77.06,-76.94,59.00,-0.13,-1.94,1.94,-0.03,0.13,0.15,-140.56,46.50,218.37,-1.31,-0.44,0.88,3,2
1772051863.348439,540432,0.03,-0.18,-0.03,-76.94,-76.69,58.94,0.31,0.62,0.06,-0.10,0.13,0.05,-140.31,46.44,218.81,0.00,0.00,-0.13,3,2
1772051863.539917,540624,-0.09,0.16,0.03,-77.50,-76.50,58.63,1.12,3.87,1.00,-0.06,0.26,0.23,-140.06,46.44,219.00,1.75,1.06,-0.62,3,2
1772051863.730993,540815,-0.03,0.06,-0.12,-80.06,-76.44,58.06,-1.31,1.25,-0.31,-0.01,0.07,0.00,-140.12,46.38,218.75,0.81,-0.06,-0.75,3,2
1772051863.921582,541005,0.02,-0.07,0.01,-78.81,-76.50,58.25,-1.81,-5.00,-1.12,-0.01,0.12,0.07,-140.06,46.44,218.50,1.69,0.81,0.44,3,3
1772051864.112215,541196,0.03,0.02,-0.03,-76.94,-76.37,57.94,-2.50,1.44,0.37,-0.07,0.10,0.12,-140.12,46.50,218.25,0.69,0.50,0.69,3,2
1772051864.303122,541387,-0.02,0.22,-0.01,-75.37,-76.31,57.44,-1.00,-1.81,0.25,-0.03,0.10,0.06,-140.31,46.63,217.87,0.19,-0.37,0.62,3,4
1772051864.493930,541578,-0.10,-0.03,0.00,-75.12,-76.50,57.94,4.19,0.81,-1.69,-0.09,0.17,0.01,-140.44,46.63,217.87,0.50,-0.25,0.44,3,4
1772051864.684437,541768,0.22,0.03,-0.10,-78.06,-76.37,58.56,11.06,-0.06,6.56,0.18,-0.03,0.07,-140.31,46.88,217.81,2.81,2.81,1.25,3,5
1772051864.875271,541959,0.08,0.20,-0.10,-77.81,-76.37,58.63,-3.50,-2.00,-1.12,-0.08,0.08,0.00,-140.56,46.88,217.62,0.31,0.13,0.62,3,5
1772051865.064807,542148,-0.05,0.00,0.00,-73.12,-76.25,58.75,-4.12,-7.81,-0.94,0.00,0.05,0.05,-140.50,46.75,217.87,0.69,-3.75,-3.19,3,6
1772051865.254057,542338,0.33,-0.20,-0.14,-74.37,-76.19,59.06,2.87,3.94,0.31,-0.26,0.24,-0.03,-140.19,46.00,219.56,-7.31,-1.37,0.69,4,7
1772051865.446623,542530,-0.19,-0.13,0.08,-71.81,-75.44,58.50,-0.88,-5.25,8.38,0.03,0.04,0.09,-138.87,46.50,220.69,-6.62,4.62,0.81,4,7
1772051865.637398,542722,0.13,0.04,-0.16,-75.00,-73.19,54.94,-12.81,6.00,18.69,0.04,0.01,0.18,-137.62,47.06,221.00,0.94,5.06,0.19,4,7
1772051865.828712,542912,0.06,0.09,-0.09,-78.00,-71.06,50.06,-5.06,5.44,6.50,-0.09,0.10,0.11,-137.00,47.38,220.62,1.62,1.00,-3.69,4,7
1772051866.018291,543102,0.04,0.17,-0.03,-78.75,-70.44,48.06,-6.19,-0.44,-0.13,0.00,0.01,0.11,-136.87,47.00,220.56,2.94,-0.37,-2.25,4,8
1772051866.208917,543293,0.12,0.00,-0.02,-77.62,-70.69,47.81,0.88,-4.50,-1.87,-0.04,0.08,0.09,-136.87,46.81,220.75,1.00,-0.25,-0.56,4,6
1772051866.400544,543484,0.08,0.01,-0.13,-76.25,-71.06,48.25,-1.69,0.94,-4.25,-0.03,0.10,0.04,-137.31,46.38,220.81,0.94,-2.56,-0.44,3,6
1772051866.591364,543675,-0.04,0.00,0.00,-74.31,-71.62,49.19,1.06,-3.56,-4.69,-0.06,0.06,0.07,-137.56,46.13,221.12,0.37,-1.75,0.13,3,6
1772051866.782404,543866,-0.01,-0.02,-0.05,-73.62,-72.12,50.00,2.50,-0.69,-2.44,-0.01,0.09,0.09,-137.75,46.00,221.37,-0.37,-1.19,1.81,2,5
1772051866.972579,544056,0.30,0.02,-0.19,-74.87,-72.25,50.25,2.06,2.44,0.81,-0.01,0.08,0.15,-137.69,45.75,222.69,-0.06,-1.56,0.06,2,7
1772051867.162560,544246,0.08,-0.17,-0.02,-73.69,-72.81,50.94,-0.69,-5.31,-3.56,-0.11,-0.01,-0.04,-137.75,45.38,222.75,1.69,-2.37,-1.56,2,6
1772051867.353916,544438,-0.02,0.15,-0.09,-73.19,-73.00,51.56,9.19,1.75,-0.13,-0.10,0.24,0.11,-137.81,45.13,223.44,-2.81,-0.19,1.37,2,8
1772051867.544712,544629,-0.08,0.14,0.00,-73.06,-73.25,52.88,1.69,2.87,-2.75,0.12,0.01,0.12,-138.12,44.94,223.94,5.37,-1.75,-1.56,2,8
1772051867.735494,544819,0.10,0.02,-0.07,-76.44,-74.25,53.38,1.31,6.25,-1.56,-0.15,0.12,0.03,-138.56,44.56,224.19,1.00,0.37,0.62,2,8
1772051867.926217,545010,-0.04,0.00,0.01,-77.50,-74.50,53.88,1.19,1.12,-0.25,0.03,0.00,0.10,-138.62,44.75,223.94,0.13,0.56,1.44,2,8
1772051868.115848,545200,0.00,0.07,0.02,-78.56,-74.62,53.88,0.75,1.69,-0.88,0.11,-0.02,0.12,-138.69,44.81,223.87,0.81,-0.06,-0.25,3,10
1772051868.307434,545391,0.19,0.12,0.04,-80.19,-74.75,54.00,1.37,-2.00,2.50,-0.03,0.10,0.11,-138.56,44.69,224.50,-2.94,2.50,1.19,3,11
1772051868.498401,545582,-0.10,0.12,0.02,-77.69,-74.19,54.06,0.50,-4.69,3.25,0.21,-0.11,0.10,-138.19,45.06,224.69,2.94,-2.44,0.31,3,11
1772051868.689675,545773,0.20,-0.10,-0.09,-79.00,-74.50,53.88,1.56,-0.56,-0.69,-0.18,0.13,0.01,-138.62,44.88,224.44,-0.94,1.12,-0.31,3,11
1772051868.880160,545964,-0.13,0.11,0.03,-75.56,-74.25,54.00,-2.50,-6.12,1.56,0.04,0.02,0.13,-138.31,44.94,224.56,-0.06,0.06,-0.44,3,10
1772051869.069781,546154,0.06,0.19,0.00,-74.56,-74.12,53.56,-2.25,-3.50,-0.13,-0.07,0.11,0.14,-138.25,45.06,224.62,-1.19,0.00,2.44,3,11
1772051869.261299,546345,0.32,-0.10,-0.19,-75.12,-74.37,53.50,-6.87,6.75,1.19,-0.26,0.11,0.00,-138.31,45.00,224.37,-3.87,-4.50,3.25,3,11
1772051869.452095,546536,-0.25,-0.04,0.03,-72.50,-74.12,53.69,1.06,0.69,-3.87,0.06,0.03,0.13,-138.31,45.13,224.37,1.12,-1.06,0.88,3,11
1772051869.643066,546727,0.18,-0.02,-0.14,-74.81,-74.50,53.50,-2.44,4.56,-0.06,-0.11,0.14,0.03,-138.56,45.06,224.06,-0.44,-0.06,0.06,4,11
1772051869.833904,546918,-0.15,0.01,-0.01,-73.44,-74.37,53.31,-1.44,1.00,0.37,-0.06,0.10,0.06,-138.50,45.13,223.87,-0.44,-0.25,0.13,3,11
1772051870.024728,547109,0.02,-0.01,-0.01,-73.87,-74.25,53.13,0.06,-1.19,0.50,0.00,0.09,0.11,-138.31,45.13,224.00,0.81,0.13,0.37,3,9
1772051870.215611,547299,0.04,0.12,-0.06,-73.87,-74.19,52.88,0.75,0.69,-0.13,-0.06,0.03,0.06,-138.37,45.13,224.06,0.37,-1.19,0.00,3,8
1772051870.406554,547490,0.06,-0.11,-0.10,-73.69,-74.25,53.13,0.25,-2.37,0.31,-0.03,0.02,0.11,-138.31,45.06,224.19,0.50,0.62,0.06,3,9
1772051870.597278,547681,-0.10,0.10,0.01,-72.00,-74.00,52.81,1.06,0.81,0.31,-0.06,0.07,0.08,-138.25,45.06,224.19,0.37,0.25,0.06,3,9
1772051870.788389,547872,0.01,0.14,-0.03,-73.19,-74.19,52.81,-1.31,0.25,-0.13,-0.15,0.09,0.06,-138.31,45.13,224.06,-0.81,-0.31,0.44,3,10
1772051870.977751,548062,0.18,0.03,-0.11,-74.00,-74.31,52.75,-2.19,2.50,0.06,-0.17,0.09,0.07,-138.31,45.13,224.06,-1.75,0.00,0.81,3,10
1772051871.168359,548252,-0.13,0.07,0.09,-72.50,-73.81,52.56,1.69,-4.87,1.25,0.08,0.03,0.16,-137.81,45.38,224.56,-0.37,0.19,1.44,3,9
1772051871.359648,548443,0.05,0.05,-0.18,-73.12,-73.75,52.44,-0.37,3.69,-0.94,-0.12,0.06,0.05,-138.06,45.31,224.56,2.00,-1.44,-0.81,4,10
1772051871.551182,548635,-0.04,-0.05,-0.04,-72.44,-74.00,52.88,2.12,-2.50,-1.56,-0.06,0.14,0.04,-138.06,45.19,224.62,-0.37,-0.44,-0.56,3,9
1772051871.742105,548826,0.09,-0.07,-0.09,-69.37,-74.00,52.56,-13.63,-3.75,-3.62,0.01,0.08,0.12,-138.00,45.19,224.62,0.00,-1.56,0.06,3,9
1772051871.931729,549015,0.00,-0.05,-0.03,-65.69,-74.00,52.19,4.06,-2.50,-1.37,-0.06,0.07,0.17,-138.00,45.06,224.81,1.06,-1.37,-0.56,3,8
1772051872.122200,549206,-0.06,-0.01,0.03,-62.81,-74.25,53.19,3.44,-3.75,-3.87,-0.08,0.05,0.08,-138.12,44.88,225.06,0.13,0.44,-1.00,3,10
1772051872.313439,549397,0.34,0.43,0.34,-81.44,-75.56,54.69,44.13,48.06,11.50,-0.42,0.02,0.07,-136.75,44.50,226.37,-9.63,0.06,-4.81,3,10
1772051872.504924,549589,0.33,-0.62,0.07,-97.44,-72.69,58.13,4.06,-13.19,15.63,-0.03,-0.02,0.18,-135.50,44.81,227.37,1.94,3.81,3.06,4,10
1772051872.695523,549779,0.12,0.24,-0.22,-92.75,-71.75,55.13,-11.19,3.12,-1.44,0.03,0.00,0.17,-136.00,45.44,226.12,-0.13,-2.94,2.62,3,8
1772051872.885452,549969,-0.07,0.02,-0.08,-92.00,-72.62,54.00,-11.06,-2.06,-7.06,-0.04,-0.01,0.08,-136.56,45.06,226.37,0.06,-3.50,-1.06,4,6
1772051873.075868,550159,-0.09,-0.21,0.07,-88.62,-73.62,54.38,-1.62,-10.06,-5.31,-0.11,0.06,0.06,-136.56,44.69,226.87,0.13,-0.37,-1.12,4,7
1772051873.266797,550351,0.12,-0.06,0.03,-80.75,-74.00,54.56,-8.44,-12.50,-2.44,-0.06,0.10,0.10,-136.44,44.63,227.06,-0.19,0.94,-0.56,4,8
1772051873.458079,550542,-0.12,0.06,0.07,-74.69,-73.87,54.25,-1.44,-3.12,1.37,-0.14,0.11,0.05,-136.19,44.56,227.31,-1.50,-0.69,-0.25,4,8
1772051873.650496,550734,-0.20,0.07,0.07,-71.94,-73.62,54.13,-2.69,-2.69,-0.62,-0.05,0.06,0.09,-136.00,44.56,227.69,-1.00,-0.81,-0.13,3,8
1772051873.843758,550927,0.11,-0.11,-0.06,-72.19,-73.81,54.25,-0.25,-1.69,-0.75,-0.15,0.05,0.14,-136.12,44.56,227.69,-0.25,-1.00,1.19,3,8
1772051874.033225,551117,-0.05,0.05,0.03,-71.06,-73.81,54.38,2.25,1.44,-1.44,-0.04,0.02,0.13,-136.31,44.63,227.62,-0.88,-0.94,0.69,3,7
1772051874.226393,551310,0.09,0.11,-0.13,-71.94,-74.12,54.63,-0.88,0.06,-1.37,-0.20,0.11,0.17,-136.37,44.31,228.12,1.69,-1.75,0.31,3,7
1772051874.419332,551503,-0.20,-0.07,-0.04,-68.00,-74.75,55.81,1.25,-2.19,-7.44,-0.12,-0.02,0.01,-137.00,44.13,227.50,1.50,-1.12,-1.44,3,6
1772051874.610351,551694,0.08,-0.04,0.00,-66.69,-75.25,57.06,2.56,-4.75,-0.62,-0.03,0.14,0.09,-136.62,43.81,228.44,-0.19,-1.31,1.94,3,9
1772051874.801092,551885,-0.05,-0.38,-0.09,-64.44,-75.62,58.00,-0.44,5.75,-4.44,-0.20,0.00,0.00,-136.56,43.69,228.00,0.75,0.88,-1.56,4,8
1772051874.990398,552074,0.10,-0.17,0.03,-66.25,-75.69,57.63,-1.94,1.06,2.19,-0.18,0.07,0.17,-136.12,43.75,228.00,-0.13,1.31,-0.25,3,9
1772051875.181821,552266,0.05,0.19,0.03,-66.62,-75.06,56.19,-2.56,-0.31,2.19,0.03,0.01,0.06,-136.06,43.88,227.87,0.06,-0.37,1.25,3,7
1772051875.373276,552457,0.29,0.04,-0.12,-68.25,-75.06,55.63,-3.00,3.06,4.12,-0.25,0.16,0.11,-135.87,43.75,228.62,-5.12,-1.00,2.19,4,8
1772051875.564222,552648,-0.18,0.09,0.12,-67.56,-74.44,55.38,2.75,-0.75,0.50,0.07,-0.02,0.16,-135.56,43.94,229.62,1.00,-2.94,2.31,4,7
1772051875.754148,552838,0.21,0.00,-0.17,-68.50,-75.12,55.69,-2.06,-1.37,-3.56,-0.01,-0.08,-0.03,-136.31,43.81,229.44,-2.62,-1.06,2.75,4,8
1772051875.943130,553027,0.25,0.00,0.04,-64.94,-75.56,56.06,-7.37,-4.06,-3.94,0.02,0.07,0.19,-135.44,43.94,230.56,-0.50,1.75,-1.31,4,8
1772051876.135523,553219,-0.01,0.15,-0.18,-56.94,-75.50,56.31,-4.25,-12.00,-7.31,0.09,-0.07,0.11,-135.50,43.75,230.31,2.06,0.50,-1.62,4,8
1772051876.326414,553410,0.00,0.10,0.18,-48.63,-75.69,57.88,1.81,-5.62,-4.69,-0.05,0.05,0.13,-135.31,43.25,231.81,-1.19,-4.56,-1.00,4,8
1772051876.517767,553602,-0.22,-0.23,0.17,-43.44,-76.00,59.75,3.56,-0.94,-1.00,-0.17,0.04,0.02,-135.62,42.69,232.94,-0.62,-3.56,2.12,4,5
