host_time_s,t_ms,ax1,ay1,az1,gx1,gy1,gz1,yaw1,pitch1,roll1,ax2,ay2,az2,gx2,gy2,gz2,yaw2,pitch2,roll2,emg1,emg2
1771525464.250360,340051,0.24,-0.04,0.00,-113.06,-80.12,64.62,-0.06,-0.88,0.00,-0.05,0.01,0.07,108.19,75.87,30.94,0.31,-0.13,-0.25,8,9
1771525464.251591,340241,0.26,-0.01,-0.05,-113.00,-80.12,64.44,-1.06,0.62,0.19,-0.06,-0.02,0.10,108.19,75.87,30.94,-0.50,-0.06,-0.25,8,8
1771525464.252260,340432,0.24,0.00,-0.07,-113.12,-80.12,64.37,-0.94,0.56,0.19,-0.02,-0.01,0.10,108.31,75.81,30.94,0.13,0.37,-0.44,7,7
1771525464.252893,340622,0.23,-0.02,-0.05,-113.00,-80.12,64.37,-1.25,0.00,-0.06,-0.04,0.00,0.12,108.44,75.81,30.94,0.69,0.37,-0.19,6,7
1771525464.253489,340813,0.27,-0.01,-0.06,-113.00,-80.19,64.37,0.69,-0.81,-0.06,-0.04,0.00,0.15,108.44,75.81,30.94,-0.19,0.19,0.25,7,6
1771525464.254095,341002,0.24,-0.07,-0.03,-113.06,-80.25,64.50,0.13,-0.13,0.44,-0.03,-0.02,0.14,108.44,75.81,30.94,-0.19,-0.13,-0.19,7,7
1771525464.254700,341194,0.28,-0.01,-0.07,-113.31,-80.19,64.37,-0.19,0.44,0.00,-0.06,0.03,0.09,108.44,75.81,30.94,-0.06,-0.13,-0.06,8,8
1771525464.255921,341385,0.26,0.00,-0.10,-113.31,-80.19,64.31,-0.62,0.25,0.19,-0.03,0.04,0.14,108.62,75.81,30.94,0.13,0.00,-0.06,8,8
1771525464.256610,341575,0.26,0.02,-0.08,-113.12,-80.19,64.31,-0.81,-0.31,0.19,-0.05,0.00,0.13,108.81,75.81,30.87,0.69,0.25,0.25,9,8
1771525464.257251,341766,0.27,0.00,-0.06,-113.25,-80.19,64.31,0.62,0.19,0.44,-0.05,-0.01,0.15,108.94,75.81,30.87,-0.25,-0.13,0.13,9,9
1771525464.317710,341955,0.47,-0.14,-0.16,-116.56,-80.25,64.62,-1.25,-0.44,-0.81,-0.06,0.00,0.15,109.06,75.75,30.87,-0.13,0.31,0.13,10,10
1771525464.508894,342147,0.24,0.00,-0.02,-111.62,-80.37,64.25,1.44,-2.31,0.44,-0.03,-0.04,0.16,109.06,75.75,30.87,-0.31,0.50,0.00,9,9
1771525464.700183,342338,0.21,0.00,-0.05,-110.94,-80.44,64.37,0.25,-0.44,-0.62,-0.10,-0.02,0.13,109.19,75.75,30.87,0.25,0.50,-0.37,10,10
1771525464.891174,342529,0.23,0.00,-0.07,-111.75,-80.37,64.31,-0.25,1.00,0.13,-0.05,0.00,0.13,109.00,75.81,30.94,-0.13,-0.19,-0.25,9,9
1771525465.081723,342719,0.25,0.01,-0.09,-112.87,-80.31,64.25,-0.94,0.50,-0.37,-0.04,0.00,0.17,109.00,75.81,30.94,-0.19,0.56,-0.25,10,10
1771525465.271802,342909,0.24,-0.02,-0.12,-113.37,-80.31,64.19,-0.94,1.12,0.25,-0.02,0.03,0.17,109.00,75.81,30.94,0.06,-0.25,-0.25,10,9
1771525465.463162,343101,0.37,-0.04,-0.12,-116.69,-80.19,64.31,1.94,4.56,-1.75,-0.04,0.01,0.16,109.06,75.81,30.94,-0.13,-0.19,-0.13,9,9
1771525465.654131,343292,0.23,-0.03,-0.04,-116.06,-80.31,64.56,0.13,-1.94,0.50,-0.05,0.01,0.12,109.31,75.81,30.94,-0.44,-0.06,-0.06,10,9
1771525465.844519,343482,0.28,0.03,-0.09,-116.62,-80.31,64.56,0.13,1.31,-1.44,-0.04,0.01,0.17,109.31,75.81,30.94,-0.37,0.00,0.06,9,9
1771525466.035434,343673,0.29,-0.04,-0.10,-117.50,-80.37,64.75,-0.13,0.00,-0.13,-0.03,0.03,0.18,109.31,75.81,30.94,0.31,0.25,-0.37,9,9
1771525466.225080,343863,0.26,0.05,-0.08,-117.12,-80.31,64.50,-1.12,0.25,0.56,-0.04,0.00,0.16,109.31,75.81,30.94,-0.19,-0.56,-0.25,9,9
1771525466.416527,344054,0.29,0.00,-0.15,-117.19,-80.31,64.44,-0.31,-0.06,0.19,-0.04,0.01,0.19,109.31,75.81,30.94,0.00,0.56,-0.25,9,9
1771525466.607059,344245,0.27,0.00,-0.08,-116.62,-80.31,64.44,0.06,-1.00,0.50,-0.01,0.00,0.16,109.69,75.75,30.87,-0.25,-0.13,0.25,9,8
1771525466.797982,344436,0.25,0.05,-0.11,-116.56,-80.31,64.44,0.06,0.50,-0.75,-0.04,-0.01,0.10,109.94,75.69,30.87,-0.19,-1.12,0.44,9,9
1771525466.988571,344626,0.29,0.01,-0.12,-117.00,-80.37,64.56,0.19,-0.50,-0.62,-0.04,0.00,0.17,110.00,75.69,30.81,0.25,-0.19,0.00,9,8
1771525467.178658,344816,0.28,0.05,-0.12,-116.87,-80.37,64.56,-0.44,-0.37,0.31,-0.03,-0.01,0.19,110.00,75.69,30.81,0.00,-0.25,-0.06,8,8
1771525467.370130,345008,0.25,0.04,-0.13,-116.25,-80.44,64.56,-0.56,-0.62,0.13,-0.02,-0.05,0.18,110.00,75.69,30.87,-0.88,-1.31,0.19,9,9
1771525467.560925,345199,0.30,0.00,-0.13,-116.06,-80.44,64.56,-0.50,-0.56,-0.13,-0.02,0.01,0.14,110.06,75.75,30.87,-0.50,1.25,-0.62,8,9
1771525467.751386,345389,0.28,0.03,-0.10,-116.00,-80.44,64.44,0.50,0.69,-0.31,-0.06,-0.01,0.19,109.94,75.75,30.94,-0.19,0.44,-0.25,9,9
1771525467.942031,345580,0.23,0.02,-0.11,-116.37,-80.44,64.56,0.44,-0.44,0.25,-0.03,0.00,0.20,109.94,75.75,30.94,0.06,0.06,-0.31,8,9
1771525468.132233,345770,0.31,0.07,-0.12,-116.25,-80.44,64.44,-0.25,0.00,0.44,-0.03,0.01,0.20,109.94,75.75,30.94,-0.06,-0.25,-0.25,8,8
1771525468.323663,345961,0.26,0.11,-0.13,-116.31,-80.44,64.44,-0.50,0.50,0.19,-0.06,0.03,0.20,110.06,75.75,30.94,-0.37,0.13,-0.44,8,9
1771525468.514110,346152,0.27,0.09,-0.11,-116.37,-80.37,64.37,-0.37,0.44,0.31,-0.04,0.01,0.19,110.19,75.75,30.94,0.25,0.50,-0.19,9,10
1771525468.704716,346343,0.30,0.03,-0.08,-116.75,-80.31,64.31,0.56,-0.25,0.25,-0.05,0.00,0.20,110.25,75.75,30.87,0.00,0.19,0.06,9,9
1771525468.895498,346533,0.28,-0.04,-0.06,-116.87,-80.25,64.37,0.00,0.37,0.44,-0.03,0.00,0.20,110.25,75.75,30.87,0.06,-0.31,-0.25,9,10
1771525469.085565,346723,0.29,0.03,-0.12,-117.06,-80.19,64.19,0.44,0.37,0.13,-0.03,0.04,0.19,110.37,75.75,30.87,-0.62,-0.50,-0.19,10,10
1771525469.277047,346915,0.32,0.13,-0.09,-117.31,-80.12,64.12,0.06,-0.56,0.13,-0.09,0.04,0.15,110.62,75.69,30.87,0.50,-2.00,0.25,9,9
1771525469.467528,347105,0.20,0.11,-0.04,-116.75,-80.12,64.12,0.06,-0.25,0.37,-0.05,0.00,0.23,110.69,75.69,30.87,0.19,-0.81,0.25,9,9
1771525469.658517,347296,0.27,0.03,-0.08,-117.19,-80.12,64.12,0.62,-0.13,-0.19,-0.02,-0.01,0.20,110.75,75.69,30.94,-0.13,-0.31,0.13,9,9
1771525469.849001,347487,0.25,0.02,-0.05,-117.12,-80.12,64.19,-0.88,-0.06,0.50,-0.01,0.00,0.22,110.75,75.69,30.94,0.19,0.19,0.06,8,8
1771525470.039033,347677,0.26,0.06,-0.02,-117.06,-80.12,64.12,0.75,-0.50,0.06,-0.03,0.00,0.23,110.75,75.69,30.94,-0.13,0.56,0.00,8,8
1771525470.230576,347868,0.29,-0.01,-0.08,-117.12,-80.19,64.25,0.56,-0.69,-0.37,-0.08,0.00,0.23,111.00,75.69,30.87,0.19,-0.13,0.13,8,8
1771525470.421067,348059,0.28,0.06,-0.07,-116.69,-80.19,64.12,0.56,-0.19,0.13,-0.04,0.00,0.20,110.87,75.69,30.87,0.00,0.25,-0.37,8,8
1771525470.611907,348250,0.24,0.03,-0.05,-116.75,-80.19,64.19,0.06,0.37,-0.56,-0.04,0.01,0.20,110.81,75.69,30.87,-0.06,0.37,-0.31,9,9
1771525470.801298,348439,0.29,0.03,-0.07,-117.12,-80.19,64.19,-1.44,1.06,0.37,-0.04,0.03,0.21,110.81,75.69,30.87,0.37,-0.06,-0.19,8,8
1771525470.991156,348629,0.28,0.06,-0.07,-117.50,-80.19,64.06,0.06,-0.19,0.13,-0.02,0.09,0.22,110.81,75.69,30.87,-0.06,-0.31,-0.13,8,8
1771525471.183052,348821,0.29,0.02,-0.04,-117.19,-80.19,64.06,0.25,-0.81,0.37,-0.03,0.03,0.19,110.44,75.75,30.87,-0.37,0.44,-0.13,9,9
1771525471.374541,349012,0.31,0.06,-0.11,-117.19,-80.19,64.06,-0.19,0.94,-0.44,-0.03,0.02,0.19,109.87,75.81,30.87,-0.25,-0.69,0.13,9,9
1771525471.565503,349203,0.27,0.01,-0.09,-117.37,-80.25,64.12,-0.44,-0.13,-0.56,-0.02,0.03,0.13,109.50,75.81,30.87,0.25,-0.06,-0.31,9,8
1771525471.756119,349394,0.29,0.06,-0.10,-117.31,-80.19,64.06,-0.75,0.13,0.19,-0.05,0.02,0.18,109.19,75.87,30.94,0.06,-0.19,-0.06,9,8
1771525471.946142,349584,0.33,0.07,-0.09,-117.37,-80.25,64.06,0.62,-0.56,-0.81,-0.03,0.02,0.14,108.75,75.94,30.94,0.19,0.06,0.00,9,9
1771525472.137662,349776,0.24,0.02,-0.06,-117.19,-80.25,64.06,-1.06,-0.25,-0.37,-0.06,0.00,0.12,108.94,75.94,30.94,0.06,-0.50,0.13,9,9
1771525472.328292,349966,0.27,0.06,-0.10,-117.37,-80.25,64.00,-0.50,0.44,0.44,-0.04,-0.01,0.18,109.06,75.87,30.94,-0.69,-0.06,-0.06,9,9
1771525472.518949,350157,0.30,0.04,-0.11,-117.44,-80.19,64.00,0.19,-0.50,-0.88,-0.04,0.04,0.06,109.25,75.87,31.00,0.06,-0.13,0.00,9,9
1771525472.709557,350348,0.27,0.07,-0.12,-117.31,-80.25,64.12,-0.69,0.25,0.06,-0.03,0.01,0.16,109.25,75.87,31.00,0.13,-0.13,0.06,9,9
1771525472.899784,350538,0.29,0.01,-0.08,-117.62,-80.19,64.06,0.25,-0.50,-0.31,-0.04,0.00,0.14,109.25,75.87,31.00,-0.06,-0.25,0.25,10,9
1771525473.091402,350729,0.24,-0.03,-0.07,-117.69,-80.12,64.00,0.88,-0.69,-0.37,-0.07,0.00,0.14,109.50,75.87,30.94,0.13,-0.19,0.31,9,9
1771525473.281887,350920,0.29,-0.02,-0.09,-117.87,-80.06,64.00,-0.19,0.69,-1.00,-0.06,-0.02,0.12,110.00,75.81,30.69,1.37,-3.12,0.44,9,8
1771525473.472615,351110,0.25,-0.01,-0.06,-118.50,-80.12,64.00,-1.44,1.00,-0.19,-0.03,0.01,0.11,111.06,75.69,30.56,0.19,-1.06,-0.13,8,8
1771525473.661264,351299,0.28,0.07,-0.06,-118.37,-80.00,63.81,-0.37,-1.31,-0.06,-0.06,-0.03,0.09,111.06,75.75,30.62,-1.31,2.00,-1.00,8,8
1771525473.850384,351488,0.18,-0.05,0.01,-117.62,-80.00,63.94,-0.62,0.44,0.88,-0.06,-0.03,0.16,110.06,76.00,31.12,-1.25,0.56,-0.19,9,9
1771525474.041971,351680,0.30,0.00,-0.09,-118.56,-79.81,63.63,0.62,-0.13,-0.69,-0.03,0.00,0.15,110.06,76.00,31.19,-0.25,0.81,-0.13,8,8
1771525474.233163,351871,0.26,0.03,-0.06,-118.81,-79.87,63.69,0.37,0.00,-1.00,-0.06,-0.01,0.12,110.00,76.00,31.25,-0.25,-0.19,0.00,7,7
1771525474.425011,352063,0.26,-0.02,-0.03,-119.87,-79.87,63.88,0.44,1.31,-0.88,-0.04,-0.01,0.14,110.00,76.00,31.25,0.25,0.62,-0.50,7,7
1771525474.615989,352254,0.31,0.00,-0.03,-121.19,-79.75,63.75,-0.94,1.25,-0.75,-0.07,-0.01,0.12,109.94,76.00,31.19,0.69,-1.06,0.06,8,7
1771525474.804332,352442,0.13,0.01,-0.03,-120.44,-79.81,63.50,-2.06,0.31,-1.00,0.00,-0.02,0.20,109.81,76.06,31.19,-0.44,-1.37,0.37,7,7
1771525474.996357,352634,0.30,-0.07,-0.13,-121.50,-79.81,63.31,-1.25,-1.87,-0.13,0.00,0.02,0.19,110.12,76.00,31.19,-0.56,0.31,-0.25,8,7
1771525475.187496,352825,0.32,-0.01,-0.08,-118.00,-80.19,63.00,-1.12,-5.37,-0.75,-0.05,0.00,0.16,110.00,76.00,31.19,0.00,0.50,0.50,8,8
1771525475.379265,353017,0.24,-0.04,0.00,-114.87,-80.50,63.19,1.44,-0.44,-0.94,-0.04,0.01,0.15,110.19,75.94,31.06,-0.06,0.00,0.19,8,8
1771525475.570219,353208,0.25,-0.02,-0.02,-115.56,-80.50,63.25,-0.31,0.88,-0.06,-0.04,-0.04,0.17,110.25,75.94,31.06,0.13,-0.13,0.00,8,7
1771525475.760191,353398,0.27,-0.09,-0.06,-116.12,-80.44,63.19,-0.25,0.50,0.13,-0.04,0.00,0.14,110.37,75.94,31.06,0.62,-1.31,-0.06,8,7
1771525475.951795,353590,0.25,0.00,-0.03,-115.56,-80.37,63.06,-1.50,-0.69,0.94,-0.03,0.00,0.18,110.50,75.94,31.06,-0.06,0.25,-0.37,9,8
1771525476.142155,353780,0.26,0.00,-0.03,-115.25,-80.31,62.88,0.25,-0.81,0.50,-0.04,-0.02,0.17,110.37,75.94,31.06,-0.31,0.06,0.06,10,10
1771525476.332927,353971,0.25,-0.10,-0.02,-115.37,-80.37,63.00,0.62,-0.06,0.44,-0.04,0.01,0.17,110.37,75.94,31.06,0.00,0.25,-0.25,11,9
1771525476.523556,354162,0.30,0.03,-0.06,-115.50,-80.37,62.88,0.37,0.00,-0.06,-0.05,0.00,0.20,110.37,75.94,31.06,0.06,-0.37,-0.25,10,10
1771525476.714078,354352,0.27,0.01,-0.02,-115.56,-80.37,62.88,0.06,-0.44,-0.44,-0.04,0.00,0.17,110.56,75.87,31.06,0.06,0.56,-0.25,10,9
1771525476.905344,354543,0.27,0.02,-0.06,-115.56,-80.31,62.88,-0.69,-0.13,0.00,-0.08,-0.02,0.21,110.56,75.87,31.06,-0.19,0.19,0.13,9,9
1771525477.095923,354734,0.26,-0.01,-0.08,-115.69,-80.37,62.94,0.06,0.56,-0.50,-0.05,-0.01,0.19,110.69,75.87,31.06,-0.06,-0.37,-0.06,8,8
1771525477.286468,354924,0.28,-0.02,-0.07,-115.75,-80.37,62.94,-1.31,0.19,0.31,-0.07,-0.02,0.15,110.75,75.87,31.00,0.88,-3.44,0.75,8,8
1771525477.475964,355114,0.24,-0.09,-0.02,-115.81,-80.37,63.00,3.31,-1.37,-0.44,-0.04,0.00,0.15,109.94,76.00,31.06,-0.81,0.06,0.19,8,8
1771525477.665235,355304,0.31,0.06,-0.08,-116.25,-80.31,62.88,0.75,1.50,0.56,0.00,0.01,0.19,109.56,76.00,31.06,0.44,-0.69,-0.31,7,8
1771525477.857103,355495,0.26,0.03,-0.06,-116.75,-80.31,62.88,-0.31,0.75,0.62,-0.03,0.03,0.18,109.25,76.06,31.06,0.25,0.62,-0.37,7,8
1771525478.048758,355687,0.26,0.01,-0.09,-117.81,-80.19,62.88,1.06,0.25,-0.50,-0.04,-0.02,0.13,109.00,76.06,31.06,-0.31,-0.06,-0.06,7,7
1771525478.240211,355878,0.25,-0.08,-0.07,-118.56,-80.31,63.19,-0.19,-0.37,-0.19,-0.04,0.00,0.12,108.75,76.06,31.06,-0.06,-0.44,0.13,6,7
1771525478.430540,356069,0.25,0.00,-0.03,-118.69,-80.31,63.19,0.62,-0.50,0.37,-0.04,0.03,0.09,108.75,76.06,31.06,-0.25,0.00,0.00,6,7
1771525478.619907,356258,0.30,-0.03,-0.08,-118.69,-80.31,63.19,-0.56,0.44,0.06,0.00,0.09,0.14,108.87,76.06,31.06,0.56,-1.75,0.31,6,7
1771525478.812108,356450,0.21,0.00,-0.03,-118.06,-80.37,63.13,1.94,-2.31,-1.56,-0.07,0.01,0.06,108.87,76.06,31.06,0.00,-1.25,0.19,7,7
1771525479.002603,356641,0.26,0.05,-0.08,-117.94,-80.44,63.19,0.81,0.69,0.31,-0.05,-0.03,0.12,108.94,76.06,31.06,0.13,-0.44,0.06,6,7
1771525479.193546,356832,0.23,-0.04,-0.05,-118.69,-80.44,63.31,-0.13,0.19,1.00,-0.04,0.03,0.12,108.94,76.06,31.06,0.25,-0.25,-0.13,6,7
1771525479.384362,357022,0.29,0.05,-0.09,-118.50,-80.37,63.13,0.88,-0.13,-0.13,-0.04,0.02,0.13,108.87,76.06,31.06,-0.37,0.75,-0.25,7,7
1771525479.574275,357212,0.25,-0.01,-0.07,-118.25,-80.44,63.19,0.19,-0.81,-0.31,-0.06,0.01,0.15,109.00,76.06,31.06,0.44,-0.37,0.06,8,8
1771525479.765587,357404,0.28,0.01,-0.05,-118.00,-80.44,63.13,0.19,-0.13,0.19,-0.07,0.00,0.11,109.00,76.06,31.06,0.13,0.37,-0.06,8,8
1771525479.956241,357594,0.27,0.02,-0.07,-118.06,-80.44,63.19,-0.25,0.13,-0.44,-0.05,0.05,0.12,109.06,76.06,31.06,-0.31,-0.19,0.06,8,9
1771525480.147105,357785,0.28,0.06,-0.06,-117.75,-80.44,63.19,0.94,-1.94,-0.44,-0.04,0.04,0.12,108.87,76.06,31.06,-0.56,1.12,-0.31,9,9
1771525480.337661,357976,0.28,0.01,-0.07,-117.37,-80.44,63.06,0.19,0.31,0.06,-0.02,0.04,0.14,108.94,76.06,31.06,-0.25,0.13,-0.44,8,9
1771525480.527968,358166,0.28,-0.01,-0.03,-117.75,-80.44,63.13,0.31,-0.13,0.37,-0.04,0.01,0.12,109.06,76.06,31.00,0.13,-0.19,-0.25,8,9
1771525480.719356,358357,0.28,-0.01,-0.09,-117.62,-80.44,63.13,0.56,0.00,-0.06,-0.04,0.00,0.15,109.06,76.06,31.00,-0.13,-0.62,0.13,7,8
1771525480.909815,358548,0.31,-0.01,-0.09,-117.87,-80.44,63.25,-0.37,-0.06,-0.75,-0.03,0.00,0.13,109.06,76.06,31.00,0.06,0.13,-0.37,8,9
1771525481.100598,358739,0.27,0.04,-0.09,-118.00,-80.44,63.19,-1.00,0.37,0.56,-0.06,0.02,0.15,109.12,76.06,31.00,0.19,-0.25,-0.37,8,9
1771525481.291150,358929,0.24,0.04,-0.06,-118.00,-80.44,63.13,-0.06,0.13,0.19,-0.04,0.03,0.12,109.12,76.06,31.00,-0.50,0.00,-0.19,8,9
1771525481.481661,359120,0.33,0.07,-0.14,-117.62,-80.44,63.13,-1.06,-0.06,0.62,-0.06,-0.02,0.11,109.37,76.00,31.00,-0.44,0.56,-0.06,7,8
1771525481.672912,359311,0.24,0.06,-0.05,-116.81,-80.50,63.25,-2.62,0.44,-0.44,-0.04,0.02,0.14,109.06,76.06,31.06,0.62,-0.50,-0.31,7,8
1771525481.863518,359501,0.29,-0.04,-0.08,-117.94,-80.44,63.25,-0.25,0.56,-0.13,-0.01,0.07,0.15,109.06,76.06,31.00,0.62,-0.19,-0.37,7,8
1771525482.053836,359692,0.27,0.08,-0.10,-118.69,-80.31,63.13,0.06,0.69,0.19,-0.04,0.04,0.08,108.87,76.06,31.06,-0.37,-0.19,0.00,8,9
1771525482.244783,359883,0.27,-0.01,-0.06,-118.94,-80.25,63.06,-0.13,-0.13,-0.31,-0.07,0.01,0.03,108.87,76.06,31.06,-0.62,-1.62,0.56,8,9
1771525482.434653,360073,0.28,0.01,-0.06,-118.50,-80.31,63.13,-0.56,-0.31,-0.06,-0.04,0.00,0.13,108.87,76.06,31.06,0.44,-0.62,0.13,8,9
1771525482.626206,360264,0.29,0.00,-0.05,-118.56,-80.31,63.13,0.37,-0.37,0.19,-0.05,-0.01,0.12,108.81,76.06,31.06,-0.06,0.00,-0.06,9,9
1771525482.816832,360455,0.25,-0.05,-0.04,-118.56,-80.31,63.13,0.44,0.19,0.37,-0.04,0.05,0.13,108.75,76.06,31.06,-0.31,0.50,-0.25,9,8
1771525483.007574,360646,0.29,0.07,-0.08,-118.31,-80.25,62.94,1.37,-1.94,-0.75,-0.03,0.08,0.07,108.62,76.12,31.12,-1.12,1.31,-0.44,9,9
1771525483.198118,360836,0.28,0.05,-0.03,-117.94,-80.31,63.00,0.00,-0.19,0.06,-0.07,0.01,0.09,108.87,76.12,31.06,0.31,-0.62,0.00,9,8
1771525483.387721,361026,0.26,0.04,-0.05,-118.37,-80.31,63.00,-0.44,1.44,0.19,-0.02,0.00,0.12,108.87,76.12,31.06,-0.69,0.06,-0.06,9,9
1771525483.579691,361218,0.30,-0.01,-0.08,-119.06,-80.31,63.06,-0.13,0.31,-0.81,-0.02,0.03,0.09,108.81,76.12,31.06,0.00,0.37,-0.25,9,9
1771525483.770346,361409,0.26,0.05,-0.07,-119.12,-80.31,63.00,-0.69,0.50,0.44,-0.04,0.03,0.13,108.81,76.12,31.06,0.13,-0.25,-0.31,8,8
1771525483.961095,361599,0.30,0.02,-0.05,-119.06,-80.31,63.00,-0.19,0.06,-0.37,-0.01,0.00,0.11,108.81,76.12,31.06,-0.13,-0.69,0.13,8,7
1771525484.151781,361790,0.27,0.00,-0.04,-118.81,-80.31,63.06,-1.06,-0.19,0.00,-0.01,0.03,0.15,109.06,76.06,31.06,-0.31,0.00,-0.06,8,7
1771525484.342050,361980,0.28,-0.01,-0.07,-118.94,-80.31,63.00,0.13,0.37,-0.62,-0.03,0.03,0.13,109.06,76.06,31.06,-0.06,-0.19,0.13,8,7
1771525484.533347,362172,0.25,0.00,-0.09,-119.00,-80.37,63.06,0.37,-0.69,0.37,-0.04,0.03,0.15,109.12,76.06,31.06,0.19,-0.31,-0.25,7,7
1771525484.723800,362362,0.29,0.07,-0.11,-118.94,-80.31,63.00,0.50,0.25,0.06,-0.04,0.03,0.14,109.12,76.06,31.06,-0.50,-0.06,-0.06,8,7
1771525484.914640,362553,0.25,0.03,-0.05,-118.75,-80.37,63.00,0.00,0.06,-0.25,-0.02,0.00,0.12,109.12,76.06,31.06,-0.13,-0.37,0.37,8,7
1771525485.105337,362744,0.29,0.02,-0.06,-118.50,-80.37,63.06,-0.75,-0.06,-0.19,-0.02,0.04,0.09,109.31,76.06,31.00,0.06,-0.25,0.13,8,8
1771525485.295330,362934,0.31,0.04,-0.12,-118.56,-80.37,63.00,-0.25,0.44,-0.81,-0.07,0.02,0.13,109.25,76.06,31.00,0.31,0.44,0.19,9,7
1771525485.486755,363125,0.28,0.02,-0.07,-118.62,-80.44,63.13,0.69,-0.88,-0.13,-0.06,0.01,0.13,109.19,76.06,31.00,0.50,0.37,0.13,8,7
1771525485.677428,363316,0.28,0.07,-0.11,-118.62,-80.44,63.06,-0.06,-0.56,0.31,-0.04,0.03,0.11,109.31,76.06,31.00,0.62,-1.56,0.62,10,9
1771525485.868262,363506,0.20,-0.06,-0.04,-118.31,-80.44,63.13,3.00,-1.50,-0.25,-0.04,0.02,0.09,108.87,76.12,31.06,0.00,0.19,-0.25,9,8
1771525486.058627,363697,0.26,0.04,-0.08,-118.12,-80.44,63.06,1.31,1.00,0.81,-0.04,0.00,0.15,108.56,76.12,31.00,0.75,0.37,-0.31,9,8
1771525486.248570,363887,0.28,0.02,-0.06,-119.37,-80.25,62.94,0.81,0.44,0.37,-0.05,0.00,0.13,108.50,76.12,31.00,0.06,0.44,0.06,9,9
1771525486.440149,364079,0.31,-0.04,-0.07,-119.81,-80.25,63.00,-0.50,0.19,0.25,-0.04,0.01,0.12,108.50,76.12,31.00,0.31,0.00,0.19,9,9
1771525486.630574,364269,0.27,0.00,-0.04,-119.81,-80.19,62.88,0.44,-0.56,0.13,-0.03,0.01,0.12,108.50,76.12,31.00,0.56,0.06,0.06,8,8
1771525486.821784,364460,0.26,-0.01,0.01,-119.62,-80.19,62.88,-0.19,-0.13,0.37,-0.03,0.01,0.07,108.56,76.12,30.94,-0.13,0.19,-0.13,8,9
1771525487.012342,364651,0.32,0.08,-0.10,-119.62,-80.19,62.81,-0.19,0.62,-0.62,-0.03,0.05,0.07,108.56,76.12,30.94,-0.13,-0.50,0.00,8,9
1771525487.202494,364841,0.33,0.11,-0.07,-119.56,-80.25,62.81,-0.25,-0.69,-0.88,-0.03,0.06,0.11,108.37,76.12,30.94,0.88,0.31,-0.44,8,9
1771525487.393937,365032,0.27,0.11,-0.03,-118.94,-80.31,62.88,-1.87,0.44,-0.19,-0.05,0.02,0.10,108.44,76.12,30.87,-0.19,-0.62,-0.19,8,9
1771525487.584434,365223,0.36,-0.01,-0.11,-119.87,-80.19,62.94,-0.62,1.06,0.13,-0.04,0.01,0.08,108.56,76.12,30.87,0.75,-1.06,0.25,8,9
1771525487.774933,365413,0.25,0.06,-0.06,-120.00,-80.19,62.94,-0.19,0.50,0.00,-0.02,0.04,0.08,108.62,76.12,30.87,0.31,0.25,0.19,8,9
1771525487.965807,365604,0.27,0.00,-0.05,-120.12,-80.25,63.00,0.69,-0.50,-0.25,-0.06,-0.03,0.13,108.62,76.12,30.87,0.25,0.06,0.31,8,9
1771525488.156078,365794,0.26,-0.04,-0.03,-119.81,-80.25,63.06,0.37,-0.56,0.62,-0.04,0.02,0.10,108.56,76.12,30.81,0.44,-0.19,-0.06,8,8
1771525488.347095,365986,0.23,0.04,-0.01,-119.50,-80.25,62.88,0.25,-0.62,0.31,-0.04,0.05,0.15,108.56,76.12,30.81,0.31,0.50,0.00,8,9
1771525488.537882,366176,0.34,0.11,-0.07,-119.37,-80.19,62.81,0.81,-2.19,-1.25,-0.06,0.06,0.05,108.50,76.12,30.81,0.75,-0.88,-0.25,9,9
1771525488.728544,366367,0.26,0.10,-0.05,-119.12,-80.25,62.94,-1.44,2.12,-0.44,-0.07,0.03,0.08,108.12,76.12,30.81,-0.31,0.00,-0.37,9,9
1771525488.919200,366558,0.37,0.02,-0.03,-120.19,-80.00,62.81,-0.94,0.25,-0.50,-0.06,0.04,0.10,108.00,76.19,30.81,0.50,0.81,-0.37,9,9
1771525489.109350,366748,0.29,0.05,-0.04,-120.19,-79.94,62.69,-0.56,0.69,-0.13,-0.06,0.01,0.11,108.00,76.19,30.75,0.37,0.37,-0.19,9,9
1771525489.300836,366939,0.18,0.00,-0.05,-120.44,-79.94,62.63,-0.50,0.13,-0.31,-0.03,0.04,0.12,107.94,76.19,30.75,0.19,0.81,-0.19,8,9
1771525489.491300,367130,0.23,0.01,-0.06,-120.12,-79.94,62.63,-0.44,-0.31,0.44,-0.04,0.06,0.10,107.94,76.19,30.75,0.69,0.25,-0.19,9,9
1771525489.681847,367320,0.24,0.00,-0.03,-119.87,-79.94,62.63,0.56,-0.56,0.62,-0.06,0.00,0.06,107.87,76.19,30.75,0.37,-0.37,0.06,8,9
1771525489.872569,367511,0.24,-0.03,0.00,-119.87,-79.94,62.63,-0.62,0.69,0.31,-0.05,0.03,0.07,107.81,76.19,30.75,0.37,-0.19,0.06,9,9
1771525490.062846,367701,0.30,-0.02,-0.04,-119.94,-79.94,62.56,0.19,0.13,-0.25,-0.05,0.01,0.12,107.75,76.19,30.75,0.25,0.44,0.06,8,9
1771525490.254354,367893,0.28,-0.02,-0.03,-120.12,-79.94,62.56,0.50,-1.00,-0.56,-0.04,0.04,0.13,108.00,76.19,30.69,-0.19,0.37,0.13,8,9
1771525490.444730,368083,0.23,0.02,-0.07,-120.00,-79.94,62.56,0.69,0.37,-0.13,-0.06,0.00,0.08,108.06,76.12,30.69,-0.19,0.19,0.37,8,8
1771525490.635578,368274,0.26,-0.03,-0.05,-120.00,-80.00,62.63,0.25,0.31,-0.75,-0.04,0.02,0.06,108.19,76.12,30.69,-0.06,-0.13,0.25,8,9
1771525490.826078,368465,0.31,0.00,-0.06,-120.19,-80.00,62.69,-0.69,0.81,0.19,-0.05,0.02,0.10,108.19,76.12,30.69,0.31,0.00,0.25,8,8
1771525491.016469,368655,0.26,0.00,-0.07,-120.12,-80.00,62.69,-0.13,-0.37,0.31,-0.02,0.00,0.12,108.12,76.12,30.69,0.56,0.13,0.00,8,8
1771525491.207918,368846,0.30,-0.04,-0.03,-119.75,-80.06,62.75,0.06,-0.69,0.31,-0.04,0.00,0.09,108.25,76.12,30.69,-0.19,0.25,0.06,9,9
1771525491.398377,369037,0.29,0.04,-0.10,-119.56,-80.12,62.69,-0.37,0.88,-0.88,-0.05,0.03,0.04,108.31,76.12,30.69,0.06,-1.44,0.25,8,9
1771525491.589063,369227,0.20,-0.04,0.01,-119.44,-80.25,62.94,3.87,-2.50,-1.37,-0.06,0.02,0.04,107.75,76.25,30.75,-0.56,0.31,-0.19,9,9
1771525491.779393,369418,0.33,0.06,-0.06,-119.75,-80.25,62.94,0.62,1.19,0.62,-0.04,0.01,0.09,107.62,76.25,30.75,0.50,0.44,-0.37,9,9
1771525491.969756,369608,0.31,0.09,-0.12,-120.50,-80.06,62.81,-0.56,0.75,0.44,-0.05,0.03,0.08,107.69,76.25,30.69,0.37,0.37,-0.25,9,9
1771525492.161186,369800,0.25,0.05,-0.03,-120.50,-80.00,62.75,-0.31,-0.31,0.06,-0.08,-0.01,0.05,107.62,76.25,30.69,0.13,0.06,0.44,9,9
1771525492.351889,369990,0.27,-0.01,-0.04,-120.62,-80.06,62.81,-0.13,-0.19,-0.69,-0.07,0.00,0.08,107.50,76.25,30.69,0.13,-0.13,0.06,9,9
1771525492.542314,370181,0.25,0.00,-0.01,-120.69,-80.06,62.88,-1.12,0.31,0.56,-0.04,0.02,0.09,107.50,76.25,30.69,0.31,0.19,-0.37,10,10
1771525492.733084,370372,0.32,0.02,-0.05,-120.62,-80.06,62.81,-0.06,-0.06,-0.25,0.00,0.04,0.11,107.50,76.25,30.69,0.00,-0.75,0.56,10,10
1771525492.923465,370562,0.26,-0.03,0.00,-120.25,-80.12,62.88,1.19,-1.50,-0.94,-0.01,0.04,0.08,107.50,76.25,30.56,-0.19,-0.06,0.25,10,10
1771525493.114499,370753,0.31,0.04,-0.04,-120.25,-80.12,62.81,0.62,0.62,-0.44,-0.06,0.02,0.09,107.44,76.25,30.56,0.13,0.06,0.06,10,10
1771525493.305344,370944,0.25,0.04,-0.07,-120.37,-80.12,62.88,0.88,0.19,0.31,-0.05,0.05,0.04,107.44,76.25,30.56,0.25,-1.00,0.31,10,10
1771525493.495972,371134,0.27,0.06,-0.02,-120.31,-80.12,62.88,0.37,0.00,-0.13,-0.05,0.01,0.04,107.50,76.25,30.56,-0.19,-0.25,0.19,10,10
1771525493.686795,371325,0.32,0.00,-0.06,-120.37,-80.12,62.94,-0.06,0.50,-0.13,-0.02,0.03,0.01,107.62,76.19,30.56,0.50,-0.62,0.13,11,11
1771525493.876805,371515,0.25,0.04,0.00,-119.62,-80.19,62.88,-0.88,-0.31,0.06,-0.05,0.03,0.07,107.62,76.19,30.50,0.44,0.31,0.37,11,11
1771525494.068262,371707,0.27,0.04,-0.04,-119.75,-80.19,62.88,0.56,-0.69,0.37,-0.05,-0.01,0.08,107.50,76.25,30.50,0.13,-0.13,0.37,11,11
1771525494.259170,371897,0.27,-0.06,-0.03,-119.44,-80.25,63.00,-0.37,-0.13,0.56,-0.09,-0.02,-0.01,107.75,76.19,30.50,0.25,-0.50,0.44,11,10
1771525494.449180,372088,0.23,-0.12,0.04,-119.06,-80.31,63.00,1.81,-0.06,0.69,-0.01,0.01,0.05,107.25,76.31,30.56,0.19,0.69,0.37,9,9
1771525494.640008,372279,0.29,-0.05,-0.01,-119.87,-80.25,63.00,0.88,0.13,0.75,-0.06,0.02,0.07,107.25,76.31,30.50,0.44,-0.50,0.06,9,9
1771525494.830345,372469,0.26,0.03,-0.05,-119.69,-80.19,62.81,-0.06,0.56,0.25,-0.05,0.00,0.04,107.00,76.31,30.50,-0.06,0.13,0.00,10,9
1771525495.021874,372660,0.30,0.02,-0.04,-120.00,-80.25,62.88,-0.19,-0.56,-0.50,-0.04,0.02,0.06,106.87,76.31,30.50,0.19,0.31,-0.13,10,9
1771525495.212264,372851,0.31,0.04,-0.09,-119.94,-80.25,62.88,-0.37,-0.19,0.50,-0.06,0.01,0.05,106.87,76.31,30.50,0.31,0.06,0.06,10,9
1771525495.403193,373041,0.28,0.00,-0.04,-119.81,-80.25,62.88,-0.69,-0.31,0.19,-0.07,0.04,-0.02,106.94,76.31,30.50,0.31,-0.62,0.19,10,9
1771525495.592684,373231,0.29,0.07,-0.02,-119.44,-80.31,62.81,-1.56,-0.44,0.13,-0.04,0.03,0.03,107.00,76.31,30.44,0.50,-0.44,0.56,10,10
1771525495.782585,373421,0.26,-0.08,-0.01,-119.56,-80.31,62.94,1.94,-0.56,-0.19,-0.05,0.00,0.05,106.56,76.37,30.44,-0.06,0.19,0.19,11,10
1771525495.974788,373613,0.22,0.01,-0.02,-119.50,-80.37,62.94,1.50,0.50,0.44,-0.05,0.05,0.03,106.75,76.31,30.44,-0.19,-0.06,-0.06,11,10
1771525496.165580,373804,0.26,0.11,-0.06,-119.87,-80.31,62.88,0.50,0.19,-0.31,-0.07,0.05,0.02,106.81,76.31,30.44,-0.25,0.37,0.25,11,10
1771525496.356136,373995,0.27,0.03,-0.07,-119.94,-80.31,62.94,0.00,0.50,-0.37,-0.02,0.04,0.02,107.00,76.31,30.44,0.44,0.37,0.19,12,10
1771525496.546856,374186,0.26,0.11,-0.03,-119.25,-80.37,62.94,0.31,-0.94,0.19,-0.04,0.04,0.05,106.94,76.31,30.37,0.56,0.50,0.06,12,11
1771525496.737712,374376,0.26,0.06,-0.03,-118.75,-80.44,63.00,0.69,-1.06,0.75,-0.05,-0.01,0.04,106.87,76.31,30.37,0.31,-0.25,0.19,12,10
1771525496.928801,374567,0.26,-0.01,-0.05,-118.44,-80.50,63.06,-0.56,0.69,0.50,-0.06,-0.02,-0.02,107.06,76.25,30.37,0.06,0.13,0.19,11,10
1771525497.119195,374758,0.24,-0.08,-0.03,-118.37,-80.44,63.06,0.56,0.13,0.50,-0.04,0.05,0.04,106.50,76.37,30.37,0.25,0.37,-0.19,11,10
1771525497.310189,374948,0.28,-0.03,-0.03,-118.87,-80.37,63.00,0.50,-0.50,0.50,-0.06,0.03,-0.02,106.56,76.37,30.31,0.31,-0.13,-0.25,11,10
1771525497.500752,375139,0.30,0.13,-0.05,-118.69,-80.25,62.69,-0.44,1.06,-0.31,-0.05,0.02,-0.01,106.37,76.37,30.31,-0.13,-0.50,0.13,11,10
1771525497.691010,375329,0.24,0.03,-0.04,-119.12,-80.25,62.81,-0.19,-0.37,-0.81,-0.04,0.02,0.03,106.31,76.37,30.31,0.25,0.31,-0.19,10,9
1771525497.882089,375521,0.29,0.09,-0.03,-119.25,-80.19,62.75,-0.31,0.31,0.31,-0.04,0.01,0.04,106.31,76.37,30.31,0.13,0.19,-0.25,10,9
1771525498.072721,375711,0.32,0.01,-0.04,-119.25,-80.19,62.69,-0.31,0.44,0.25,-0.06,0.01,-0.01,106.37,76.37,30.31,0.19,-0.62,0.25,10,9
1771525498.263161,375902,0.27,0.06,-0.01,-119.00,-80.19,62.69,-1.12,-0.13,0.00,0.00,0.09,0.04,106.44,76.37,30.25,0.44,0.31,0.13,9,9
1771525498.451793,376090,0.31,0.09,-0.02,-119.37,-80.19,62.63,2.06,-1.81,-1.94,-0.03,0.08,0.07,106.12,76.37,30.25,-0.37,1.69,-0.44,8,8
1771525498.641207,376280,0.26,0.02,0.01,-119.00,-80.31,62.88,-0.13,0.44,0.31,-0.04,0.01,0.01,106.06,76.37,30.25,0.37,-1.00,-0.31,7,7
1771525498.832994,376472,0.28,0.08,-0.06,-119.37,-80.12,62.63,-0.19,0.56,0.94,-0.02,0.03,0.00,106.06,76.37,30.19,0.00,-0.88,0.13,7,6
1771525499.024696,376663,0.32,0.00,-0.01,-119.37,-80.00,62.56,0.13,-0.19,-0.19,-0.07,0.04,-0.05,106.19,76.31,30.19,-0.19,-0.25,0.31,6,6
1771525499.216440,376855,0.30,0.04,-0.02,-119.19,-80.06,62.56,-0.94,-0.06,-0.69,-0.03,0.00,-0.01,106.25,76.31,30.19,0.50,0.44,0.37,6,6
1771525499.407155,377046,0.29,0.02,-0.06,-119.31,-80.06,62.56,0.62,-0.37,0.19,-0.09,0.00,0.01,106.12,76.31,30.19,0.44,-0.19,0.25,6,6
1771525499.597561,377236,0.24,-0.02,0.00,-118.56,-80.12,62.69,0.50,-0.94,0.37,-0.06,0.00,0.00,106.12,76.31,30.19,0.37,-0.06,0.13,7,6
1771525499.789203,377428,0.29,0.04,-0.03,-118.44,-80.12,62.63,0.62,0.37,-0.06,-0.03,0.02,-0.03,106.19,76.31,30.12,0.88,-2.00,0.94,6,6
1771525499.979872,377618,0.22,-0.13,0.01,-118.12,-80.25,62.75,2.69,-2.06,-0.13,-0.06,-0.01,-0.01,105.81,76.37,30.12,-0.25,-0.69,0.19,6,6
1771525500.170210,377809,0.24,0.02,-0.01,-117.94,-80.19,62.63,0.94,1.56,0.44,-0.05,0.05,-0.05,105.56,76.37,30.12,0.06,0.06,-0.31,6,5
1771525500.360920,378000,0.31,0.07,-0.04,-119.00,-80.06,62.56,-0.13,1.31,-0.19,-0.02,0.04,0.00,105.37,76.44,30.06,0.19,0.50,-0.31,7,6
1771525500.551089,378190,0.29,0.06,-0.05,-119.87,-79.94,62.50,-0.56,0.94,0.13,-0.05,0.06,0.00,105.37,76.44,30.06,0.19,0.06,-0.19,8,7
1771525500.742273,378381,0.27,0.04,-0.07,-120.00,-79.94,62.44,-0.31,0.00,0.31,-0.05,0.06,0.00,105.44,76.44,30.06,0.75,-0.88,0.13,8,8
1771525500.932789,378572,0.22,0.06,-0.01,-119.56,-79.94,62.44,0.06,-0.19,0.44,-0.06,0.04,0.01,105.44,76.44,30.06,0.62,0.25,0.00,9,8
1771525501.123639,378762,0.28,0.02,-0.02,-119.62,-79.94,62.44,0.25,0.06,0.06,-0.07,-0.01,-0.08,105.50,76.37,30.06,0.06,-0.31,0.25,8,8
1771525501.314487,378953,0.24,-0.10,0.03,-119.06,-80.00,62.50,-0.75,-0.19,1.06,-0.02,0.02,0.00,105.31,76.44,30.06,0.44,0.00,0.00,9,9
1771525501.504698,379143,0.31,0.00,-0.01,-119.12,-79.94,62.38,1.12,0.31,0.19,-0.02,0.06,0.00,105.31,76.44,30.06,-0.44,-0.44,0.13,9,9
1771525501.696058,379335,0.30,0.00,-0.05,-119.06,-79.94,62.38,-0.19,0.25,-0.44,-0.03,0.03,-0.02,105.62,76.44,30.00,-0.31,0.44,0.31,9,9
1771525501.886813,379525,0.31,0.03,-0.07,-119.12,-80.00,62.38,-0.25,0.31,-0.81,-0.07,0.01,-0.01,105.62,76.37,30.00,0.19,0.37,0.19,9,8
1771525502.077142,379716,0.23,-0.02,0.00,-119.12,-80.00,62.50,0.56,-0.37,0.50,-0.04,0.02,-0.01,105.44,76.37,29.94,0.31,0.25,-0.19,9,9
1771525502.267615,379907,0.26,0.07,-0.02,-118.94,-79.94,62.31,0.19,0.06,0.31,-0.04,0.04,0.00,105.44,76.37,29.94,0.37,0.13,-0.13,9,8
1771525502.458386,380097,0.28,0.00,0.03,-118.56,-80.00,62.38,-0.31,-0.88,0.13,-0.06,0.05,-0.04,105.56,76.37,29.94,-0.06,0.06,-0.13,9,9
1771525502.649616,380288,0.29,0.09,-0.02,-118.75,-80.00,62.38,-0.06,0.62,-1.06,-0.06,0.04,0.00,105.37,76.37,29.94,-0.25,0.56,-0.13,10,9
1771525502.839875,380479,0.28,0.05,0.00,-119.25,-80.06,62.50,0.37,-0.06,-0.31,-0.05,0.05,0.00,105.25,76.44,29.94,0.62,0.50,-0.25,9,9
1771525503.030599,380669,0.30,0.07,-0.05,-119.50,-80.00,62.44,-0.25,0.25,0.44,-0.06,0.07,-0.03,105.19,76.44,29.94,0.13,0.50,-0.19,10,9
1771525503.221583,380860,0.28,0.09,-0.06,-119.50,-80.00,62.44,0.25,-1.12,-0.31,-0.06,0.06,-0.01,105.12,76.44,29.94,0.25,0.44,-0.19,9,9
1771525503.411317,381050,0.24,0.10,0.00,-119.12,-80.06,62.44,0.19,-0.13,0.06,-0.10,0.00,0.00,105.12,76.44,29.94,0.06,0.31,0.31,10,9
1771525503.602816,381242,0.27,0.00,0.00,-119.44,-80.06,62.50,-0.06,0.31,-0.56,-0.04,0.03,-0.03,105.00,76.44,29.94,0.19,0.00,0.06,10,9
1771525503.793436,381432,0.28,0.06,-0.07,-119.56,-80.12,62.56,-1.19,0.50,0.25,-0.05,0.04,0.00,105.00,76.44,29.94,0.50,0.13,-0.19,10,10
1771525503.984651,381623,0.27,0.06,-0.02,-119.50,-80.12,62.50,-0.06,-0.31,0.19,-0.06,0.08,-0.03,105.00,76.44,29.94,-0.13,0.19,-0.06,9,9
1771525504.173905,381813,0.21,0.02,-0.01,-119.31,-80.12,62.50,0.69,-1.44,0.13,-0.06,0.03,-0.02,105.25,76.44,29.87,0.13,-0.13,0.13,9,10
1771525504.364579,382003,0.24,0.00,-0.02,-119.19,-80.12,62.50,-0.13,-0.25,0.06,-0.04,0.01,0.01,105.25,76.44,29.87,-0.31,0.37,0.06,9,8
1771525504.556566,382195,0.32,0.04,-0.04,-119.19,-80.12,62.50,-0.19,-0.06,-0.62,-0.05,0.04,-0.04,105.37,76.37,29.87,0.31,-0.25,-0.06,8,8
1771525504.746900,382386,0.29,0.11,-0.05,-119.00,-80.12,62.44,-0.81,0.19,0.31,-0.04,0.07,-0.04,105.37,76.37,29.87,0.06,0.31,0.06,8,8
1771525504.937907,382576,0.26,0.10,-0.05,-119.25,-80.12,62.50,1.19,-0.31,-0.81,-0.04,0.02,-0.02,105.25,76.37,29.81,-0.25,0.81,-0.44,8,8
1771525505.127191,382766,0.30,0.09,0.00,-119.31,-80.12,62.50,-1.31,0.62,0.06,-0.04,0.04,-0.06,105.37,76.37,29.75,0.19,-0.25,-0.06,8,7
1771525505.317989,382957,0.36,0.09,-0.13,-119.75,-80.06,62.44,-0.44,0.88,-0.50,-0.06,0.05,-0.02,105.31,76.37,29.75,0.06,1.00,-0.50,8,7
1771525505.509961,383149,0.25,0.04,-0.03,-119.69,-80.12,62.50,1.12,-1.00,0.13,-0.05,0.05,-0.02,104.94,76.44,29.75,0.13,0.75,-0.50,8,8
1771525505.700536,383339,0.28,0.08,-0.05,-119.50,-80.12,62.44,0.13,-0.50,0.44,-0.04,0.08,-0.04,104.75,76.44,29.81,0.19,0.69,-0.19,8,8
1771525505.891198,383530,0.29,0.07,-0.02,-119.31,-80.19,62.44,0.25,-1.25,0.06,-0.06,0.06,-0.07,104.87,76.44,29.75,0.25,0.37,-0.19,8,8
1771525506.082234,383721,0.28,0.11,-0.03,-119.12,-80.19,62.44,-0.56,0.62,-0.06,-0.03,0.06,-0.04,104.69,76.44,29.75,0.13,-0.56,0.06,8,8
1771525506.272570,383911,0.27,0.08,-0.04,-119.56,-80.25,62.56,-0.19,-0.37,-0.56,-0.04,0.06,0.00,104.56,76.44,29.75,0.44,0.50,-0.13,8,8
1771525506.463618,384102,0.28,0.15,-0.06,-119.12,-80.06,62.25,-2.00,-0.62,1.75,-0.04,0.05,-0.04,104.50,76.44,29.75,0.69,0.69,-0.37,10,9
1771525506.654291,384293,0.28,0.07,-0.09,-119.44,-80.12,62.25,-0.56,0.37,-1.25,-0.07,0.01,-0.05,104.31,76.44,29.69,-0.13,-0.62,0.31,9,10
1771525506.844887,384484,0.38,0.02,-0.03,-119.75,-80.19,62.44,-1.62,0.19,-0.88,-0.02,0.07,-0.06,104.19,76.44,29.69,0.37,0.06,0.31,10,10
1771525507.035671,384674,0.30,0.09,-0.07,-120.56,-79.87,62.25,0.50,1.00,-0.50,-0.02,0.08,-0.01,104.25,76.44,29.69,-0.19,-0.06,0.37,10,10
1771525507.225179,384864,0.34,0.05,-0.02,-121.62,-79.87,62.44,1.37,-0.69,-1.19,-0.03,0.09,0.00,104.12,76.44,29.56,0.50,0.69,0.13,10,10
1771525507.417091,385056,0.29,0.06,-0.06,-123.69,-79.94,62.88,2.50,2.25,-2.44,-0.04,0.08,-0.05,104.00,76.31,29.37,-0.25,0.31,0.69,10,10
1771525507.607696,385247,0.29,0.06,-0.06,-129.12,-79.87,63.63,1.44,5.81,-3.81,-0.09,0.04,-0.06,104.44,76.12,29.06,3.12,-3.56,1.00,10,10
1771525507.798657,385437,0.20,-0.05,-0.09,-135.56,-79.44,64.00,-0.06,7.12,0.37,-0.09,0.02,-0.06,105.62,76.00,28.62,-0.56,-2.31,1.31,10,9
1771525507.986943,385626,0.31,0.06,-0.03,-138.06,-78.19,63.13,0.88,2.12,2.06,-0.07,0.06,-0.07,104.81,76.12,28.87,0.19,-0.37,-1.31,10,9
1771525508.176510,385815,0.28,0.12,-0.10,-137.25,-77.87,62.44,-2.94,0.75,0.81,-0.09,0.05,-0.07,104.37,76.19,29.00,0.06,0.44,-0.56,9,8
1771525508.369212,386008,0.27,0.07,-0.06,-136.87,-77.87,62.31,-0.81,-1.12,0.13,-0.08,0.05,-0.09,104.00,76.31,29.19,0.44,-0.44,-0.13,7,8
1771525508.561061,386200,0.22,0.09,-0.03,-136.25,-78.06,62.38,0.37,-0.37,-0.75,-0.07,0.03,-0.07,103.81,76.37,29.25,-0.19,0.44,0.25,7,7
1771525508.752093,386391,0.23,0.14,-0.07,-137.50,-78.50,63.19,4.94,-0.69,-3.81,-0.06,0.10,-0.11,103.69,76.37,29.25,-0.25,0.00,0.25,8,7
1771525508.941637,386580,0.26,0.02,-0.05,-139.00,-79.06,64.50,0.88,-1.75,-1.12,-0.07,0.04,-0.09,103.31,76.37,29.31,-0.31,1.25,0.31,8,7
1771525509.131622,386770,0.39,-0.06,-0.07,-138.94,-79.37,64.87,1.50,-1.25,-1.31,-0.04,0.06,-0.04,103.25,76.37,29.31,-0.06,1.56,-0.37,8,7
1771525509.324103,386963,0.34,-0.01,-0.04,-136.44,-79.62,64.81,-0.19,-0.37,0.94,-0.07,0.03,-0.13,102.94,76.37,29.25,0.81,-0.13,0.13,9,8
1771525509.515017,387154,0.19,0.09,-0.02,-134.19,-79.62,64.25,-1.56,-1.19,0.31,-0.04,0.04,-0.06,102.81,76.44,29.19,0.81,-0.25,-0.44,9,9
1771525509.705624,387344,0.20,0.07,-0.02,-133.50,-79.62,63.94,-0.94,1.00,1.19,-0.02,0.05,-0.14,102.75,76.44,29.06,0.69,0.13,-0.56,9,9
1771525509.896187,387535,0.31,0.03,-0.04,-133.25,-79.50,63.69,-0.62,0.44,0.37,-0.03,0.09,-0.09,102.87,76.44,29.00,0.19,0.69,-0.06,9,8
1771525510.086775,387726,0.27,0.07,-0.05,-132.56,-79.56,63.50,-1.00,-0.88,-0.31,-0.06,0.04,-0.09,102.81,76.44,29.00,0.19,-0.19,0.56,9,8
1771525510.278019,387917,0.27,0.07,-0.06,-132.06,-79.56,63.50,0.44,-0.75,-0.06,-0.05,0.07,-0.10,102.81,76.44,29.00,0.88,-0.44,-0.06,10,8
1771525510.468655,388107,0.29,0.12,-0.12,-131.00,-79.69,63.25,-1.31,-1.19,0.88,-0.05,0.08,-0.15,103.00,76.37,28.87,0.62,-0.50,-0.31,10,9
1771525510.658873,388298,0.24,0.14,-0.04,-129.56,-79.75,63.06,0.00,-0.88,0.44,-0.06,0.03,-0.11,102.87,76.37,28.81,0.31,0.00,0.13,10,9
1771525510.849851,388489,0.31,0.06,-0.05,-129.50,-79.75,63.13,0.62,-0.44,-0.37,-0.03,0.04,-0.13,102.50,76.44,28.81,-0.37,1.00,-0.62,9,9
1771525511.040503,388679,0.27,0.04,-0.01,-129.75,-79.81,63.25,-0.88,0.50,0.50,-0.05,0.03,-0.15,102.00,76.56,29.00,0.06,-0.06,-0.50,10,9
1771525511.231491,388870,0.29,0.07,-0.07,-129.50,-79.69,63.06,-1.19,0.31,0.75,0.00,0.09,-0.10,102.25,76.56,28.94,-0.50,2.56,-0.56,9,9
1771525511.422078,389061,0.25,0.02,-0.05,-129.31,-79.62,62.88,0.81,-0.69,-0.19,-0.07,0.06,-0.14,101.81,76.56,29.00,0.62,-0.62,0.50,10,9
1771525511.612413,389252,0.28,0.05,-0.05,-130.00,-79.62,62.94,0.50,0.19,0.00,-0.08,0.06,-0.14,101.62,76.62,28.94,0.50,0.19,0.00,10,10
1771525511.803469,389442,0.33,0.00,-0.06,-130.19,-79.56,62.88,-0.81,0.44,0.56,-0.05,0.08,-0.17,101.75,76.62,28.94,0.56,-0.31,-0.19,10,10
1771525511.992338,389631,0.15,0.18,0.02,-126.87,-79.75,62.31,-3.31,-3.25,0.44,-0.03,0.06,-0.13,101.62,76.56,28.75,2.25,-0.69,-0.19,10,10
1771525512.184814,389824,0.34,0.11,-0.07,-127.00,-79.75,62.25,-0.88,1.81,1.12,-0.03,0.04,-0.15,102.94,76.50,28.56,-0.25,1.19,-0.06,10,9
1771525512.375552,390014,0.26,0.00,-0.05,-126.50,-79.62,62.31,-1.44,-0.44,1.31,-0.02,0.08,-0.14,103.00,76.56,28.75,-1.81,1.31,1.06,9,8
1771525512.566278,390205,0.22,0.00,-0.01,-125.81,-79.81,62.50,3.44,-2.06,-2.25,-0.07,0.09,-0.15,103.25,76.37,28.69,0.37,-0.88,1.19,9,9
1771525512.757233,390396,0.24,-0.01,0.02,-126.19,-80.06,62.94,-0.06,0.56,-0.75,-0.08,-0.01,-0.10,103.50,76.19,28.56,0.69,-0.31,0.37,9,8
1771525512.947692,390586,0.27,-0.03,-0.05,-126.87,-80.06,63.00,0.69,-0.13,-0.25,-0.03,0.04,-0.12,103.62,76.19,28.50,0.50,0.44,-0.25,9,8
1771525513.138453,390777,0.21,0.00,0.03,-126.50,-79.94,62.81,-2.06,0.06,1.50,-0.07,0.02,-0.09,103.75,76.19,28.44,0.13,-0.13,-0.44,9,9
1771525513.329268,390968,0.30,-0.04,-0.03,-125.94,-79.81,62.56,-0.75,0.00,0.50,-0.05,0.06,-0.12,103.94,76.25,28.50,0.06,0.81,-0.69,9,9
1771525513.520031,391159,0.25,0.01,-0.02,-125.62,-79.69,62.31,-1.00,0.75,-0.69,-0.06,0.07,-0.12,103.44,76.31,28.56,-0.37,0.50,-0.19,10,9
1771525513.710728,391349,0.26,-0.01,-0.04,-125.44,-79.75,62.31,0.44,-0.94,0.06,-0.04,0.08,-0.08,103.31,76.31,28.56,0.75,-0.25,-0.25,10,10
1771525513.901295,391540,0.28,0.04,-0.06,-125.25,-79.75,62.25,-0.13,-0.75,1.00,-0.04,0.10,-0.09,103.37,76.31,28.50,0.56,-0.37,-0.25,10,9
1771525514.091965,391731,0.24,0.04,-0.02,-124.94,-79.75,62.19,0.06,0.31,0.50,-0.06,0.06,-0.07,103.31,76.31,28.50,0.19,0.62,0.06,10,9
1771525514.282675,391922,0.28,-0.02,-0.07,-125.06,-79.75,62.25,0.50,-0.13,-0.13,-0.04,0.06,-0.12,103.37,76.31,28.44,-0.06,0.37,0.00,10,9
1771525514.473366,392112,0.26,-0.02,0.02,-125.06,-79.75,62.25,-0.94,0.06,0.13,-0.05,0.06,-0.10,103.31,76.31,28.44,0.62,-0.06,0.06,10,9
1771525514.664302,392303,0.30,-0.03,-0.04,-125.31,-79.75,62.25,0.37,-0.25,0.50,-0.04,0.16,-0.06,103.56,76.37,28.37,-0.06,-0.37,0.62,10,9
1771525514.852715,392492,0.22,-0.07,0.05,-124.87,-79.75,62.19,4.94,-2.94,-0.31,-0.04,0.05,-0.08,103.19,76.37,28.50,-1.75,1.00,0.19,10,8
1771525515.045295,392684,0.33,-0.06,-0.06,-125.25,-79.87,62.50,0.31,2.12,-0.37,-0.03,0.09,-0.09,103.44,76.37,28.50,0.81,0.19,-0.75,9,8
1771525515.236289,392875,0.28,0.11,-0.04,-125.00,-79.62,62.19,-0.88,1.31,0.81,-0.04,0.02,-0.09,103.81,76.44,28.50,0.37,-0.69,-0.06,10,8
1771525515.427026,393066,0.26,0.00,-0.04,-125.06,-79.50,62.00,0.44,-2.12,0.19,-0.09,0.05,-0.07,104.25,76.44,28.44,0.62,-0.69,0.56,10,8
1771525515.617805,393257,0.24,-0.01,-0.01,-124.31,-79.56,62.00,0.00,-0.19,0.25,-0.06,0.06,-0.12,104.31,76.37,28.44,-0.19,-0.88,0.31,10,8
1771525515.808376,393447,0.24,-0.02,0.00,-124.12,-79.69,62.06,0.06,-0.75,-0.13,-0.06,0.08,-0.07,104.44,76.37,28.44,0.19,0.44,-0.31,10,9
1771525515.999247,393638,0.31,0.06,-0.02,-123.69,-79.62,61.94,-1.31,0.00,0.19,-0.05,0.03,-0.03,104.19,76.44,28.37,0.94,1.81,-1.25,10,9
1771525516.189912,393829,0.24,0.06,0.03,-123.19,-79.62,61.81,-1.87,-0.06,-0.19,-0.04,0.10,-0.13,104.19,76.44,28.37,0.62,-0.44,-0.06,9,8
1771525516.380562,394019,0.31,0.00,-0.04,-124.19,-79.56,61.81,-0.13,1.37,-1.25,-0.07,0.06,-0.13,103.94,76.50,28.37,-0.44,0.37,0.00,9,8
1771525516.571048,394210,0.27,0.00,-0.02,-125.25,-79.56,62.06,1.31,1.12,-0.62,-0.05,0.07,-0.12,103.62,76.50,28.37,0.00,0.19,0.00,9,8
1771525516.762140,394401,0.28,0.04,-0.05,-125.94,-79.50,62.06,-0.31,1.00,-0.25,-0.03,0.07,-0.09,103.50,76.50,28.37,0.06,-0.69,0.19,10,9
1771525516.952826,394592,0.26,0.02,-0.02,-125.75,-79.50,62.06,-0.25,-0.13,-0.13,-0.04,0.07,-0.10,103.50,76.50,28.37,0.19,0.75,0.13,10,9
1771525517.143101,394782,0.27,0.00,0.00,-125.87,-79.56,62.13,1.06,-0.37,0.25,-0.05,0.04,-0.11,103.31,76.50,28.31,0.06,0.37,0.25,9,9
1771525517.333787,394973,0.26,-0.05,0.00,-126.06,-79.62,62.19,0.06,0.19,0.37,-0.04,0.09,-0.12,103.31,76.50,28.31,0.19,0.44,-0.25,10,9
1771525517.524702,395164,0.28,0.07,-0.06,-125.94,-79.56,62.00,0.88,-1.12,-0.62,-0.04,0.14,-0.11,103.25,76.50,28.31,-0.06,0.81,-0.50,10,9
1771525517.715144,395354,0.23,0.12,0.00,-125.37,-79.62,62.00,0.19,-0.13,0.25,-0.05,0.05,-0.08,103.00,76.50,28.31,0.37,0.50,0.13,10,9
1771525517.906260,395545,0.34,-0.01,-0.05,-126.44,-79.50,62.13,2.44,2.25,0.19,-0.06,0.07,-0.13,103.06,76.50,28.31,0.13,-0.81,0.06,10,10
1771525518.097096,395736,0.26,0.00,-0.03,-126.87,-79.50,62.25,-0.50,0.31,-0.37,-0.06,0.08,-0.10,103.12,76.50,28.31,-0.13,-0.50,0.06,10,9
1771525518.287462,395927,0.32,0.07,-0.11,-126.94,-79.50,62.25,0.00,-0.44,0.31,-0.09,0.09,-0.13,103.25,76.50,28.31,0.50,-0.81,0.00,10,9
1771525518.478122,396117,0.24,0.07,-0.02,-126.31,-79.56,62.19,0.13,-0.69,0.19,-0.07,0.03,-0.07,103.25,76.50,28.25,0.37,0.06,0.44,8,8
1771525518.669143,396308,0.27,-0.02,-0.04,-126.31,-79.56,62.25,0.25,-0.81,-0.44,-0.06,0.03,-0.14,103.25,76.50,28.25,0.31,-0.44,0.06,7,7
1771525518.859818,396499,0.36,0.14,-0.09,-125.81,-79.56,62.06,-1.81,-0.50,0.19,-0.03,0.07,-0.06,102.94,76.50,28.25,1.06,1.50,-1.00,7,7
1771525519.050174,396689,0.19,0.04,-0.03,-129.31,-78.31,62.00,1.00,2.94,-1.62,-0.09,0.03,-0.12,103.00,76.56,28.19,0.06,0.37,-0.06,6,6
1771525519.241211,396880,0.15,0.05,-0.01,-128.31,-79.69,62.81,-3.75,-3.56,-3.19,-0.08,0.06,-0.16,102.81,76.56,28.12,-0.19,0.50,-0.62,7,6
1771525519.431270,397070,0.41,-0.02,-0.10,-128.50,-79.81,62.81,-0.50,-0.13,-1.87,-0.05,0.08,-0.14,102.56,76.56,28.19,0.31,0.50,-0.37,7,6
1771525519.622235,397261,0.24,0.06,-0.01,-128.00,-79.81,62.63,-0.94,-0.25,0.88,-0.04,0.06,-0.13,102.50,76.56,28.19,-0.06,-0.19,-0.13,7,6
1771525519.813296,397452,0.28,0.02,0.00,-127.62,-79.69,62.44,-1.06,-0.13,0.50,-0.02,0.08,-0.17,102.62,76.56,28.12,-0.31,0.56,0.19,8,7
1771525520.003956,397643,0.29,0.02,-0.02,-127.81,-79.69,62.25,-0.06,0.62,-0.94,-0.05,0.04,-0.13,102.81,76.62,28.19,-0.13,0.94,0.13,9,8
1771525520.194387,397834,0.28,-0.06,-0.02,-127.56,-79.56,62.31,0.31,0.19,1.00,-0.06,0.00,-0.16,103.19,76.62,28.19,-0.31,0.00,0.69,9,8
1771525520.384554,398024,0.26,-0.16,0.03,-127.12,-79.62,62.38,1.25,0.31,0.50,-0.04,0.01,-0.15,103.19,76.62,28.25,0.25,-0.25,0.13,9,8
1771525520.575567,398215,0.28,0.03,-0.05,-127.31,-79.62,62.31,0.00,1.06,0.31,-0.01,0.06,-0.09,103.31,76.62,28.19,0.56,1.00,-0.06,9,8
1771525520.766785,398406,0.30,0.04,-0.08,-127.37,-79.62,62.31,0.62,-0.31,0.19,-0.06,0.04,-0.08,103.37,76.62,28.19,0.13,0.31,-0.06,8,8
1771525520.957205,398596,0.37,0.00,-0.04,-127.25,-79.62,62.31,-0.56,0.00,0.25,-0.03,0.04,-0.10,103.50,76.62,28.25,-0.37,0.31,0.06,9,9
1771525521.148043,398787,0.29,-0.02,-0.06,-127.12,-79.62,62.25,0.00,-0.31,0.44,-0.02,0.07,-0.18,103.56,76.62,28.19,0.50,-0.44,0.19,9,8
1771525521.338593,398978,0.25,0.07,-0.04,-126.44,-79.69,62.25,-0.06,-0.56,0.69,-0.07,0.05,-0.09,103.69,76.62,28.12,0.88,0.75,0.25,8,8
1771525521.529365,399169,0.28,0.06,-0.03,-126.44,-79.69,62.31,0.75,-0.62,-0.06,-0.05,0.04,-0.11,103.56,76.62,28.12,0.13,-0.44,0.44,9,9
1771525521.720655,399360,0.26,-0.02,-0.01,-126.44,-79.75,62.38,0.44,-0.50,-0.37,-0.06,0.03,-0.16,103.37,76.62,28.06,-0.19,0.19,-0.13,9,9
1771525521.910948,399550,0.28,0.01,-0.04,-126.12,-79.69,62.19,0.19,0.75,0.31,-0.04,0.03,-0.18,103.37,76.62,28.06,0.62,-0.56,-0.06,10,9
1771525522.101362,399741,0.25,0.10,-0.08,-126.06,-79.69,62.13,0.13,0.37,0.56,-0.08,0.08,-0.12,103.19,76.69,28.00,0.81,0.94,-0.56,10,10
1771525522.292227,399931,0.26,0.03,-0.03,-126.25,-79.75,62.25,1.06,0.25,0.00,-0.07,0.03,-0.11,102.94,76.69,28.00,-0.31,0.19,-0.25,11,10
1771525522.482108,400122,0.23,0.01,-0.02,-126.12,-79.75,62.25,-0.75,0.06,0.81,-0.04,0.05,-0.14,102.87,76.69,28.00,0.44,0.62,0.00,11,10
1771525522.673639,400313,0.26,0.08,-0.09,-125.69,-79.69,62.06,0.50,-0.88,-0.13,-0.07,0.08,-0.10,103.00,76.69,28.00,0.44,0.19,0.00,10,10
1771525522.864155,400504,0.24,0.04,0.00,-125.12,-79.75,62.06,0.06,-0.50,0.00,-0.06,0.00,-0.12,102.94,76.69,28.00,0.50,0.19,0.44,9,9
1771525523.055126,400694,0.31,0.07,-0.09,-125.37,-79.75,62.13,-0.37,0.56,-1.00,-0.07,0.02,-0.18,102.81,76.69,27.94,0.94,-0.13,0.00,9,9
1771525523.243276,400883,0.25,0.04,-0.01,-125.50,-79.87,62.31,-2.31,0.19,0.25,-0.04,0.07,-0.13,102.44,76.69,27.94,0.37,1.56,-0.25,8,8
1771525523.433612,401073,0.27,0.09,-0.07,-125.62,-79.87,62.25,0.06,-0.44,-0.75,-0.09,0.11,-0.13,102.56,76.69,27.87,0.56,-0.13,0.06,7,7
1771525523.626866,401266,0.28,0.07,-0.03,-124.87,-79.94,62.31,0.50,-1.00,0.19,-0.09,0.05,-0.10,102.50,76.69,27.87,-0.13,-0.13,0.25,8,7
1771525523.818118,401457,0.31,0.03,-0.08,-125.06,-80.00,62.44,-0.06,-0.19,-0.75,-0.07,0.05,-0.15,102.56,76.69,27.87,0.37,-0.13,-0.06,8,7
1771525524.008630,401648,0.31,0.14,-0.09,-124.87,-80.00,62.38,-1.25,0.62,0.37,-0.06,0.09,-0.16,102.56,76.69,27.87,0.25,0.37,-0.31,8,8
1771525524.199297,401839,0.25,0.11,-0.07,-124.81,-80.00,62.25,-0.13,-1.56,-0.19,-0.09,0.08,-0.17,102.69,76.69,27.81,0.19,1.00,0.06,8,8
1771525524.388922,402028,0.20,0.03,-0.02,-124.06,-79.94,62.13,0.56,-0.37,0.00,-0.09,0.03,-0.18,102.69,76.62,27.81,-0.25,-0.88,0.81,9,9
1771525524.581160,402220,0.23,-0.03,-0.02,-124.25,-79.87,62.19,0.88,-0.31,-0.44,-0.05,0.04,-0.16,102.56,76.62,27.81,0.44,0.06,-0.13,9,9
1771525524.771647,402411,0.29,0.03,-0.03,-124.19,-79.87,62.19,-0.50,0.50,0.44,-0.03,0.05,-0.12,102.44,76.69,27.81,-0.13,1.00,-0.56,9,9
1771525524.962114,402601,0.32,0.03,-0.04,-124.62,-79.75,62.06,-0.06,0.06,0.19,-0.07,0.06,-0.16,102.62,76.69,27.81,0.31,0.25,0.31,8,7
1771525525.152942,402792,0.30,0.08,-0.05,-124.62,-79.75,62.06,-0.62,0.88,-0.31,-0.04,0.06,-0.11,102.87,76.69,27.81,-0.44,0.06,0.06,9,8
1771525525.343779,402983,0.25,0.00,-0.02,-125.06,-79.75,62.19,-0.13,-0.19,-0.37,-0.04,0.06,-0.13,103.12,76.69,27.81,0.56,0.31,-0.25,9,8
1771525525.534711,403174,0.28,0.09,-0.06,-124.94,-79.75,62.06,-0.56,0.06,0.37,-0.08,0.08,-0.10,103.37,76.75,27.81,0.31,-0.13,-0.13,9,8
1771525525.725259,403364,0.31,0.03,-0.01,-124.81,-79.75,62.06,-0.13,-0.75,0.00,-0.05,0.07,-0.10,103.75,76.75,27.81,-0.31,0.00,0.19,9,8
1771525525.916029,403555,0.30,0.00,-0.05,-124.56,-79.81,62.06,0.75,-0.06,-1.00,-0.05,0.06,-0.11,103.69,76.75,27.81,-0.37,-0.25,0.25,8,8
1771525526.106304,403746,0.26,-0.03,0.03,-124.69,-79.81,62.13,1.06,-0.19,0.13,-0.06,0.04,-0.09,103.56,76.75,27.81,0.75,0.25,-0.19,9,8
1771525526.297102,403937,0.28,0.10,-0.03,-125.00,-79.75,62.00,-0.37,1.00,0.25,-0.08,0.07,-0.09,103.44,76.75,27.81,0.00,0.19,-0.25,9,8
1771525526.488241,404128,0.28,0.06,-0.04,-125.19,-79.69,61.94,0.56,-1.12,-0.25,-0.04,0.08,-0.08,103.87,76.75,27.81,0.31,-1.06,0.44,10,8
1771525526.678815,404318,0.27,0.01,-0.01,-124.87,-79.75,62.00,0.13,-0.75,0.31,-0.05,0.03,-0.09,104.00,76.69,27.81,-0.62,0.13,0.19,9,8
1771525526.869731,404509,0.27,0.04,-0.03,-124.94,-79.81,62.13,-0.19,-0.25,-0.69,-0.06,0.01,-0.12,104.06,76.69,27.81,0.44,-0.31,0.06,9,9
1771525527.060237,404700,0.29,0.12,-0.04,-124.62,-79.75,62.00,-0.75,0.19,0.25,-0.07,0.03,-0.09,104.06,76.69,27.81,0.19,0.44,-0.06,9,8
1771525527.250827,404890,0.30,0.00,-0.02,-124.50,-79.81,62.00,-0.06,-1.25,0.31,-0.14,-0.01,-0.15,104.44,76.62,27.69,0.13,0.06,0.75,9,9
1771525527.441893,405081,0.29,-0.03,0.03,-124.06,-79.87,62.13,-0.06,0.75,0.81,-0.04,0.00,-0.15,103.94,76.69,27.69,0.13,-0.50,0.25,9,8
1771525527.632229,405272,0.26,0.00,-0.04,-124.31,-79.87,62.19,0.94,0.75,-0.81,-0.04,0.06,-0.17,103.94,76.69,27.69,0.56,0.13,-0.37,9,9
1771525527.823061,405462,0.31,0.13,-0.09,-124.69,-79.81,62.06,-0.56,0.06,0.31,-0.05,0.07,-0.10,103.75,76.75,27.75,0.00,0.94,-0.44,9,9
1771525528.013341,405653,0.34,0.00,-0.06,-124.81,-79.81,62.06,0.19,-1.87,0.00,-0.06,0.05,-0.09,103.69,76.75,27.69,0.88,-0.44,0.25,9,9
1771525528.204226,405844,0.28,0.06,-0.02,-124.19,-79.87,62.00,-0.37,0.37,0.25,-0.06,0.03,-0.08,103.56,76.75,27.69,0.13,0.06,-0.13,10,9
1771525528.395579,406035,0.27,0.05,-0.04,-124.19,-79.94,62.06,-0.31,-0.62,-0.50,-0.04,0.07,-0.11,103.56,76.75,27.69,0.31,0.19,-0.19,10,9
1771525528.585885,406225,0.27,0.16,-0.09,-124.00,-79.94,62.00,-1.56,0.25,0.94,-0.07,-0.07,-0.12,103.56,76.69,27.69,0.37,-0.19,0.00,11,10
1771525528.776662,406416,0.30,0.00,-0.03,-123.81,-79.94,62.13,-1.19,-0.75,0.88,-0.09,0.00,-0.09,103.44,76.75,27.69,0.56,0.88,-0.19,11,10
1771525528.967471,406607,0.29,0.03,-0.08,-123.62,-79.87,62.00,-0.75,1.44,-0.69,-0.06,0.06,-0.14,103.25,76.75,27.62,-0.19,-0.31,0.00,11,10
1771525529.157852,406797,0.25,0.02,-0.03,-124.44,-79.81,62.00,-0.06,0.25,-0.37,-0.05,0.05,-0.11,103.19,76.75,27.69,0.31,0.06,0.00,10,9
1771525529.349067,406988,0.26,0.09,-0.02,-124.37,-79.75,61.88,0.00,0.37,0.13,-0.06,0.07,-0.11,103.19,76.75,27.69,-0.13,-0.50,-0.13,10,9
1771525529.539700,407179,0.29,0.09,-0.10,-124.37,-79.69,61.81,-0.31,-1.25,-0.06,-0.10,0.06,-0.16,103.50,76.75,27.62,1.00,-1.19,0.37,10,8
1771525529.730258,407370,0.27,0.04,-0.03,-123.87,-79.69,61.81,0.19,-0.25,0.56,-0.04,0.06,-0.07,103.50,76.75,27.56,-0.88,-0.37,1.06,10,8
1771525529.920864,407560,0.28,-0.18,-0.01,-124.06,-79.75,61.94,2.50,-0.69,-0.06,-0.03,0.00,-0.16,103.25,76.75,27.56,-0.06,0.75,-0.19,10,8
1771525530.111570,407751,0.24,0.02,-0.02,-123.87,-79.69,61.88,-0.69,1.06,0.81,-0.05,0.04,-0.13,103.06,76.75,27.50,0.31,-0.19,-0.25,10,9
1771525530.302612,407942,0.26,0.03,-0.08,-123.87,-79.50,61.63,-0.06,1.00,0.19,-0.03,0.06,-0.16,103.19,76.75,27.44,0.81,-0.56,0.13,11,9
1771525530.493115,408133,0.27,0.05,-0.03,-123.94,-79.44,61.56,0.19,-0.50,-0.06,-0.08,0.04,-0.15,103.00,76.75,27.44,0.75,1.00,0.00,11,10
1771525530.683637,408323,0.23,-0.02,-0.05,-124.12,-79.50,61.69,0.81,-0.37,0.00,-0.04,0.02,-0.17,102.81,76.75,27.44,0.19,0.06,-0.06,11,10
1771525530.874303,408514,0.23,-0.01,0.00,-124.12,-79.50,61.75,-1.37,0.44,0.44,-0.06,0.06,-0.15,102.81,76.75,27.44,0.37,0.25,-0.25,11,10
1771525531.064916,408704,0.23,0.03,-0.06,-124.06,-79.44,61.56,-0.13,0.44,0.13,-0.01,0.09,-0.17,102.94,76.75,27.37,0.37,-0.06,0.19,11,10
1771525531.256061,408895,0.24,0.21,-0.02,-123.69,-79.44,61.50,2.00,-2.81,-1.87,-0.10,0.15,-0.13,102.94,76.69,27.37,0.62,0.88,-0.50,11,10
1771525531.446823,409086,0.27,0.05,-0.02,-123.62,-79.62,61.75,0.44,0.56,-0.81,-0.06,0.01,-0.15,102.94,76.69,27.44,-0.19,-0.25,-0.19,11,10
1771525531.637218,409277,0.25,0.00,0.00,-124.25,-79.56,61.81,-2.19,1.56,1.06,-0.06,0.06,-0.13,103.06,76.75,27.37,0.81,-0.31,-0.31,10,10
1771525531.827696,409467,0.32,0.01,-0.06,-124.81,-79.25,61.50,0.19,0.06,0.06,-0.09,0.07,-0.12,103.06,76.75,27.37,0.56,0.25,0.19,10,10
1771525532.018195,409657,0.27,-0.07,0.03,-124.44,-79.31,61.50,0.25,-0.37,-0.13,-0.04,0.07,-0.11,103.44,76.75,27.31,-0.19,-0.25,-0.06,10,9
1771525532.209593,409849,0.29,0.00,-0.03,-124.37,-79.31,61.44,-0.19,0.31,-0.62,-0.05,0.07,-0.13,103.62,76.75,27.31,-0.37,0.31,-0.06,9,9
1771525532.400196,410040,0.28,-0.03,-0.01,-124.50,-79.31,61.50,0.75,-0.44,0.25,-0.06,0.07,-0.11,103.75,76.75,27.31,0.75,-0.19,-0.19,10,9
1771525532.590687,410230,0.30,0.04,-0.04,-124.12,-79.25,61.31,-0.81,0.37,1.00,-0.08,0.03,-0.15,104.00,76.69,27.25,-1.69,2.81,0.37,9,9
1771525532.779488,410419,0.26,-0.17,-0.01,-123.87,-79.37,61.69,0.37,0.25,1.31,-0.07,0.01,-0.13,103.81,76.69,27.31,1.37,-1.87,0.62,10,10
1771525532.970645,410610,0.19,0.00,0.00,-123.00,-79.25,61.38,0.37,0.25,0.69,-0.08,0.03,-0.10,103.62,76.69,27.19,1.44,-0.13,-0.19,11,11
1771525533.162871,410802,0.33,-0.01,-0.06,-123.94,-79.19,61.38,0.19,0.69,-1.75,-0.06,0.07,-0.17,103.56,76.69,27.19,-0.13,0.13,0.06,10,10
1771525533.353585,410993,0.26,0.02,-0.04,-124.25,-79.19,61.44,-1.50,0.62,0.37,-0.07,0.02,-0.11,103.56,76.69,27.19,0.50,-0.19,0.13,9,9
1771525533.544270,411184,0.32,-0.10,-0.07,-124.25,-79.19,61.38,-0.06,0.69,-0.31,-0.06,0.07,-0.20,103.50,76.69,27.12,0.37,-0.69,0.00,9,10
1771525533.734931,411374,0.23,0.08,0.00,-123.81,-79.25,61.31,-0.62,-0.19,0.50,-0.04,0.09,-0.09,103.31,76.69,27.06,0.56,0.44,-0.13,9,8
1771525533.923683,411563,0.24,-0.01,-0.04,-123.94,-79.25,61.31,0.69,-0.62,0.25,-0.01,0.08,-0.10,103.31,76.69,27.06,0.56,-1.69,0.69,8,8
1771525534.115762,411755,0.19,-0.13,0.04,-123.81,-79.44,61.56,2.50,-1.62,-0.69,-0.06,0.09,-0.15,103.06,76.69,27.06,-0.19,0.19,0.00,10,10
1771525534.307056,411946,0.23,-0.02,-0.03,-123.62,-79.37,61.44,1.31,1.37,-0.13,-0.03,0.02,-0.13,102.75,76.75,27.06,0.62,-1.37,0.25,10,10
1771525534.497660,412137,0.29,0.02,-0.05,-123.87,-79.37,61.44,-1.12,0.44,0.25,-0.01,0.09,-0.15,102.69,76.75,27.00,0.31,1.19,-0.13,10,10
1771525534.688125,412328,0.31,0.03,-0.06,-124.06,-79.37,61.38,0.50,0.06,0.06,-0.07,0.06,-0.10,102.44,76.75,27.00,0.13,0.25,0.06,10,10
1771525534.879013,412519,0.23,-0.02,0.00,-123.56,-79.44,61.44,0.06,-0.69,0.50,-0.03,0.09,-0.12,102.56,76.75,27.00,0.00,-0.44,0.19,10,10
1771525535.070130,412710,0.26,0.01,-0.03,-123.50,-79.37,61.38,0.31,-0.31,0.25,-0.06,0.12,-0.18,102.62,76.75,27.00,0.44,-0.37,0.13,10,10
1771525535.260837,412900,0.29,-0.01,-0.02,-123.37,-79.37,61.38,0.44,-0.50,0.19,-0.06,0.07,-0.16,103.31,76.75,27.00,-0.13,-0.06,0.25,10,10
1771525535.451485,413091,0.34,0.13,-0.09,-123.50,-79.37,61.31,-1.25,0.75,-1.37,-0.03,0.06,-0.11,103.56,76.69,26.94,-0.56,2.12,-0.62,10,9
1771525535.642047,413281,0.23,-0.02,0.01,-123.44,-79.50,61.56,-0.81,-0.75,-0.19,-0.06,0.05,-0.10,103.56,76.75,26.94,0.75,0.19,-0.50,10,10
1771525535.832081,413472,0.31,0.06,-0.05,-123.50,-79.37,61.38,-0.75,0.94,0.56,-0.06,0.07,-0.11,103.87,76.75,26.94,0.31,0.56,-0.44,10,9
1771525536.023410,413663,0.40,0.08,-0.12,-123.81,-79.25,61.25,0.37,0.50,-0.69,-0.05,0.09,-0.12,104.19,76.75,26.94,0.75,-0.37,0.06,8,9
1771525536.214203,413854,0.21,0.01,-0.01,-123.37,-79.31,61.31,0.75,-0.88,0.19,-0.05,0.04,-0.04,104.00,76.75,26.94,-0.31,-0.44,0.25,9,8
1771525536.405147,414044,0.24,-0.03,-0.01,-123.50,-79.31,61.38,-0.19,-0.06,-0.44,-0.05,0.06,-0.14,103.81,76.75,26.94,0.44,0.00,-0.13,9,9
1771525536.595253,414235,0.26,0.04,-0.01,-123.44,-79.31,61.31,-1.69,0.81,0.37,-0.06,0.07,-0.13,103.81,76.75,26.94,0.81,0.31,-0.37,9,9
1771525536.785594,414425,0.28,0.07,-0.07,-123.62,-79.25,61.25,-0.44,0.81,0.31,-0.02,0.06,-0.06,103.87,76.75,26.94,0.37,0.19,0.06,9,9
1771525536.976908,414617,0.20,0.04,0.00,-123.25,-79.37,61.38,-0.88,-0.44,0.62,-0.05,0.06,-0.08,103.50,76.75,26.87,0.50,0.94,0.06,10,10
1771525537.167553,414807,0.27,-0.06,0.01,-123.75,-79.37,61.38,0.37,0.19,0.00,-0.04,0.09,-0.12,103.25,76.75,26.87,0.06,-0.06,-0.13,9,10
1771525537.357992,414998,0.26,0.02,0.00,-123.69,-79.31,61.31,-1.00,0.75,0.19,-0.05,0.09,-0.13,103.06,76.81,26.87,0.44,0.62,-0.37,9,10
1771525537.548930,415189,0.29,0.01,-0.04,-123.94,-79.31,61.25,0.19,0.00,0.19,-0.06,0.11,-0.11,103.00,76.81,26.87,0.06,-1.00,0.13,9,9
1771525537.739103,415379,0.26,0.00,0.00,-123.62,-79.37,61.31,0.69,-0.88,0.13,-0.07,0.08,-0.14,103.44,76.75,26.81,-0.44,-0.37,0.31,9,10
1771525537.930881,415570,0.26,0.06,-0.03,-123.12,-79.37,61.25,-0.94,0.69,-0.37,-0.06,0.08,-0.17,103.50,76.75,26.81,-0.44,-0.44,0.37,9,10
1771525538.121315,415761,0.29,0.01,-0.05,-123.37,-79.44,61.38,0.25,-0.62,-0.56,-0.05,0.11,-0.15,103.44,76.75,26.81,0.50,-0.44,0.31,9,11
1771525538.312027,415952,0.25,0.04,-0.02,-122.94,-79.37,61.25,0.69,-0.75,-0.19,-0.04,0.06,-0.14,103.19,76.75,26.81,0.06,-0.44,0.06,10,12
1771525538.500385,416140,0.14,0.01,0.08,-123.06,-79.37,61.31,1.00,0.44,-0.50,-0.04,0.10,0.00,103.12,76.81,26.75,2.12,0.69,-0.88,10,13
1771525538.689020,416329,0.40,0.06,-0.31,-131.94,-78.75,60.81,-11.50,6.06,-5.50,0.04,0.14,0.04,103.12,77.00,27.00,0.75,-0.06,-0.06,11,13
1771525538.883170,416523,0.34,-0.16,0.03,-128.25,-78.69,58.25,-15.44,-6.25,4.00,0.03,0.00,-0.01,100.75,77.12,26.62,1.12,5.25,-0.62,11,13
1771525539.074396,416714,0.32,0.14,-0.11,-118.00,-77.12,53.25,-10.25,0.56,14.25,0.03,0.08,-0.08,99.69,77.37,26.75,2.62,-1.44,-1.62,11,13
1771525539.265308,416905,0.48,0.49,-0.12,-111.00,-74.56,49.69,6.62,-9.38,11.31,-0.03,0.01,-0.07,100.87,77.56,26.94,-1.37,2.94,-1.12,11,13
1771525539.453712,417093,0.09,-0.08,0.09,-105.31,-74.62,52.75,14.81,-13.88,-8.13,0.03,0.27,0.04,101.06,77.62,27.19,-3.81,0.19,1.56,10,13
1771525539.642685,417282,0.37,-0.29,-0.02,-103.75,-77.31,56.81,-0.88,-5.75,-15.56,-0.11,-0.06,-0.11,101.25,77.06,27.12,-0.81,0.69,2.56,9,12
1771525539.836570,417476,0.14,-0.35,0.07,-96.94,-80.56,59.81,-0.75,-8.38,-9.31,-0.05,0.00,-0.09,100.81,76.94,27.00,-0.69,1.37,0.37,8,11
1771525540.028225,417668,0.13,-0.08,0.18,-90.87,-81.06,60.44,-1.50,-0.50,2.62,-0.05,0.04,-0.09,100.94,77.00,27.06,1.81,-1.06,-1.12,7,9
1771525540.218585,417858,0.19,-0.03,0.00,-91.69,-80.56,59.63,0.06,0.69,1.37,-0.06,0.06,-0.03,101.19,77.25,27.12,1.19,0.13,-1.19,5,7
1771525540.407068,418047,0.36,0.00,-0.08,-94.31,-80.25,59.13,-2.50,4.06,0.62,-0.15,-0.05,-0.16,101.94,77.19,26.94,3.00,-5.50,1.06,5,5
1771525540.597137,418237,0.17,-0.10,0.03,-95.00,-80.19,59.13,-0.37,-0.31,-0.25,-0.09,0.03,-0.11,102.44,77.19,26.87,1.25,-1.75,0.31,5,6
1771525540.790221,418430,0.25,0.04,0.02,-95.00,-79.94,58.63,-1.37,-0.25,1.37,-0.04,0.00,-0.10,102.31,77.19,26.87,0.81,-1.00,0.13,7,8
1771525540.981708,418621,0.26,-0.08,-0.04,-95.50,-79.87,58.56,0.31,0.56,-1.50,-0.03,0.02,-0.11,102.31,77.19,26.81,-0.94,-1.69,0.69,7,9
1771525541.172310,418812,0.19,-0.10,0.00,-95.00,-80.00,58.69,-1.50,0.50,-1.87,-0.04,0.10,-0.09,102.50,77.12,26.69,-0.37,-1.62,0.69,7,9
1771525541.360842,419000,0.38,-0.06,0.02,-96.87,-79.94,59.56,26.31,-2.31,3.00,-0.09,-0.01,-0.12,102.06,77.19,26.75,-1.44,4.50,-1.56,8,10
1771525541.549259,419189,0.19,-0.33,0.05,-96.31,-80.44,61.50,-15.44,2.44,-3.81,-0.04,0.14,-0.11,101.37,77.31,26.81,0.50,-0.88,0.13,7,10
1771525541.743626,419383,0.31,0.16,-0.03,-97.62,-80.19,58.63,-1.94,0.25,1.06,-0.11,-0.01,-0.15,101.62,77.37,26.69,-0.25,1.00,-0.69,7,10
1771525541.934516,419574,0.28,0.01,0.00,-97.69,-79.94,58.38,0.88,-0.50,0.00,-0.09,0.06,-0.18,101.81,77.37,26.75,0.31,-0.44,0.13,9,12
1771525542.125304,419765,0.28,0.01,0.00,-97.69,-79.94,58.44,0.00,0.50,-0.06,-0.03,0.10,-0.05,101.62,77.31,26.75,-0.81,-1.87,1.19,10,14
1771525542.316195,419956,0.33,-0.13,0.01,-97.81,-80.25,58.94,1.69,-1.06,-0.56,-0.07,0.03,-0.13,101.44,77.31,26.75,0.50,-0.31,0.25,11,15
1771525542.505572,420145,0.27,0.01,-0.04,-97.75,-80.19,58.88,-1.50,1.69,1.75,-0.06,0.02,-0.11,101.56,77.31,26.69,0.13,1.06,-0.37,11,15
1771525542.697230,420337,0.24,0.01,0.00,-98.37,-80.00,58.50,0.19,0.06,0.62,-0.07,0.07,-0.10,101.62,77.31,26.69,0.50,-0.13,0.19,9,14
1771525542.888614,420528,0.29,-0.06,0.02,-98.44,-80.00,58.50,0.25,-0.37,-0.06,-0.05,0.04,-0.11,102.19,77.31,26.69,-0.56,-0.31,-0.06,10,14
1771525543.079321,420719,0.24,-0.03,-0.05,-98.56,-80.00,58.50,-0.88,1.06,-0.81,-0.07,0.03,-0.14,102.44,77.31,26.69,-0.31,-0.69,0.37,10,14
1771525543.269737,420909,0.23,-0.05,0.00,-98.56,-80.00,58.50,-0.06,-0.19,0.25,-0.06,0.04,-0.11,102.69,77.25,26.62,0.62,-0.31,-0.13,10,13
1771525543.458677,421098,0.30,0.05,-0.05,-98.94,-79.81,58.25,-1.12,0.56,0.19,-0.05,0.00,-0.10,102.69,77.25,26.56,0.31,2.19,-0.50,11,14
1771525543.650715,421291,0.22,0.00,0.02,-98.44,-79.81,58.31,-1.75,-0.25,0.19,-0.01,0.00,-0.08,102.31,77.31,26.56,0.69,-1.69,0.25,11,14
1771525543.841691,421481,0.24,0.01,0.00,-98.37,-79.75,58.13,-1.81,-0.13,-0.25,-0.01,0.05,-0.12,102.44,77.31,26.50,0.19,0.75,-0.06,10,13
1771525544.032523,421672,0.30,-0.01,-0.03,-98.75,-79.81,58.06,0.88,0.50,-0.31,-0.05,0.01,-0.08,102.31,77.31,26.50,-0.37,1.06,0.19,10,14
1771525544.223232,421863,0.20,-0.13,0.04,-98.75,-79.87,58.38,0.94,-0.19,-0.19,-0.07,0.01,-0.13,102.19,77.31,26.50,0.19,0.50,-0.44,10,14
1771525544.413649,422053,0.31,0.00,-0.03,-99.06,-79.87,58.31,0.06,0.62,0.00,-0.07,0.06,-0.12,102.06,77.31,26.50,0.31,0.69,-0.19,10,14
1771525544.604970,422245,0.27,-0.02,-0.02,-99.25,-79.87,58.31,0.25,-0.75,-0.06,-0.08,0.03,-0.14,102.12,77.31,26.44,0.19,0.13,-0.13,10,14
1771525544.795174,422435,0.19,-0.05,0.00,-98.75,-79.87,58.31,-0.06,-0.13,0.31,-0.11,0.00,-0.17,102.19,77.25,26.37,0.00,1.06,0.13,10,14
1771525544.985966,422626,0.18,-0.11,0.00,-98.50,-79.94,58.38,1.62,-1.25,0.13,-0.07,0.04,-0.12,101.75,77.31,26.37,-0.25,1.00,0.00,11,15
1771525545.176694,422816,0.29,0.01,-0.05,-98.81,-79.87,58.31,-0.44,1.00,0.94,-0.05,0.05,-0.11,101.50,77.31,26.37,0.44,0.00,-0.19,11,14
1771525545.367201,423007,0.27,-0.02,-0.03,-99.00,-79.87,58.31,0.31,-0.13,-0.06,-0.05,0.11,-0.13,101.44,77.31,26.37,0.25,0.13,0.13,10,14
1771525545.558299,423198,0.30,-0.07,0.01,-98.81,-79.87,58.38,0.62,-0.56,0.19,-0.08,0.06,-0.15,101.69,77.25,26.31,-0.25,0.19,-0.13,10,14
1771525545.748734,423389,0.32,0.05,-0.05,-98.50,-79.87,58.38,-0.31,0.62,-0.31,-0.05,0.03,-0.17,101.75,77.25,26.31,-0.44,-1.00,0.31,11,15
1771525545.939635,423579,0.25,-0.02,-0.02,-98.19,-79.94,58.44,-0.25,-0.62,-0.31,-0.05,0.06,-0.12,101.94,77.25,26.31,0.62,-0.37,-0.13,10,14
1771525546.130137,423770,0.30,0.04,-0.04,-98.12,-79.87,58.38,-0.19,0.00,0.13,-0.04,0.06,-0.11,101.87,77.25,26.31,0.19,0.19,0.06,10,14
1771525546.318956,423959,0.31,0.06,-0.06,-98.12,-79.87,58.31,-1.12,0.37,-0.44,-0.10,-0.07,-0.17,101.94,77.25,26.19,0.75,0.00,-0.19,10,14
1771525546.511260,424151,0.22,0.01,0.02,-97.37,-79.94,58.44,-2.50,-0.31,-0.69,-0.05,0.05,-0.14,102.19,77.25,26.19,0.69,0.06,-0.19,10,14
1771525546.702415,424342,0.27,0.01,-0.05,-97.75,-79.94,58.38,-0.56,0.31,-0.31,-0.06,0.06,-0.12,102.37,77.25,26.19,-0.06,0.62,-0.06,11,14
1771525546.893044,424533,0.22,-0.08,-0.04,-97.56,-79.94,58.44,0.62,-0.69,-0.06,-0.08,0.06,-0.13,102.37,77.31,26.25,0.19,0.75,-0.37,11,15
1771525547.083406,424723,0.28,0.02,-0.05,-97.69,-79.94,58.38,0.25,0.44,0.06,-0.05,0.07,-0.12,102.44,77.31,26.31,0.25,0.19,-0.19,11,15
1771525547.273833,424914,0.29,-0.01,-0.05,-97.81,-79.94,58.38,0.31,-0.88,-0.19,-0.08,0.07,-0.09,102.69,77.31,26.25,0.50,0.75,-0.25,10,14
1771525547.465053,425105,0.29,0.01,-0.02,-97.25,-79.94,58.38,-0.37,-0.31,0.06,-0.10,0.00,-0.09,102.75,77.31,26.25,0.19,0.13,0.37,10,15
1771525547.655905,425296,0.30,0.04,-0.09,-97.50,-79.94,58.44,-1.19,0.50,-0.56,-0.12,-0.07,-0.21,102.69,77.31,26.19,0.56,2.19,-0.56,10,14
1771525547.846177,425486,0.22,0.05,-0.05,-97.06,-79.94,58.50,-1.94,0.00,0.50,-0.06,0.05,-0.11,102.19,77.37,26.19,0.75,0.25,-0.25,10,15
1771525548.036816,425677,0.25,0.02,-0.09,-97.50,-79.94,58.44,-0.06,0.25,0.06,-0.04,0.07,-0.08,102.12,77.37,26.19,0.00,0.31,-0.06,11,15
1771525548.227290,425867,0.29,-0.02,-0.04,-97.44,-80.00,58.44,0.62,-0.37,0.13,-0.09,0.04,-0.13,102.31,77.37,26.12,-0.19,0.25,0.06,11,15
1771525548.418816,426058,0.30,0.07,-0.06,-97.19,-80.00,58.44,-0.50,0.31,-0.19,-0.03,0.05,-0.11,102.37,77.37,26.12,-0.25,-1.19,0.37,11,16
1771525548.609121,426249,0.27,0.00,-0.05,-97.06,-80.00,58.56,0.06,-0.69,-0.19,-0.04,0.05,-0.13,102.56,77.31,26.12,0.56,-0.37,-0.06,11,15
1771525548.799595,426440,0.30,0.07,-0.09,-97.25,-79.94,58.44,-0.06,0.31,0.44,-0.06,0.05,-0.11,102.56,77.31,26.12,0.25,-0.06,0.06,11,16
1771525548.990506,426630,0.28,0.02,-0.05,-97.25,-79.94,58.44,-0.31,-0.25,0.00,-0.08,0.12,-0.11,102.56,77.31,26.12,0.13,-1.19,0.44,11,16
1771525549.180486,426820,0.27,-0.12,0.03,-96.62,-80.00,58.56,1.56,-1.19,0.19,-0.05,0.04,-0.17,102.50,77.37,26.06,-0.13,-1.25,0.37,11,16
1771525549.372062,427012,0.34,0.05,-0.11,-96.87,-79.94,58.44,-0.19,1.94,0.19,-0.04,0.03,-0.13,102.37,77.37,26.00,0.25,0.19,-0.13,12,15
1771525549.562540,427202,0.28,0.02,0.00,-97.44,-79.87,58.44,1.06,-0.94,-0.31,-0.04,0.06,-0.12,102.00,77.44,26.06,0.37,0.37,-0.37,12,16
1771525549.753194,427393,0.29,0.05,-0.06,-97.69,-79.87,58.31,0.00,0.31,0.13,-0.05,0.05,-0.10,101.87,77.44,26.12,-0.06,0.37,-0.19,13,16
1771525549.944260,427584,0.29,0.01,-0.06,-97.81,-79.81,58.31,-0.13,0.31,-0.25,-0.03,0.01,-0.12,101.87,77.44,26.06,-0.31,-1.37,0.37,13,16
1771525550.134219,427774,0.26,0.01,-0.02,-97.44,-79.81,58.31,-0.69,-0.13,0.06,-0.06,0.06,-0.14,102.00,77.44,26.00,0.25,0.56,0.00,13,16
1771525550.325606,427965,0.31,0.00,-0.06,-97.56,-79.87,58.31,0.44,-0.19,-0.50,-0.07,0.04,-0.12,101.87,77.44,26.00,0.25,0.56,0.25,12,15
1771525550.516089,428156,0.27,0.06,-0.05,-97.44,-79.87,58.38,0.31,-0.81,-0.88,-0.02,0.07,-0.10,101.62,77.44,26.00,1.50,-2.12,0.25,13,16
1771525550.706854,428347,0.20,0.06,-0.04,-97.19,-79.94,58.44,0.13,0.69,-1.12,-0.08,0.05,-0.15,101.44,77.44,25.94,-0.31,0.81,-0.31,13,16
1771525550.897235,428537,0.31,0.04,-0.01,-97.69,-79.94,58.50,-0.31,0.44,0.06,-0.07,0.07,-0.10,101.31,77.44,25.94,0.56,0.06,-0.19,13,16
1771525551.087709,428727,0.31,-0.01,-0.04,-97.87,-79.94,58.50,0.81,-0.56,-0.06,-0.07,0.07,-0.11,101.62,77.44,25.87,-0.31,0.88,-0.25,13,16
1771525551.278809,428919,0.31,0.00,-0.01,-97.56,-79.87,58.44,0.56,0.25,-0.31,-0.12,0.01,-0.15,101.69,77.44,25.87,-0.37,-0.19,0.62,13,16
1771525551.469363,429109,0.28,0.02,-0.06,-97.31,-79.94,58.56,-0.31,0.06,-0.62,-0.06,0.02,-0.18,101.75,77.37,25.87,0.13,0.37,0.00,12,15
1771525551.660040,429300,0.31,0.04,-0.09,-97.37,-79.94,58.56,-1.12,0.25,0.44,-0.08,0.03,-0.14,101.81,77.37,25.87,0.62,-0.37,0.00,11,15
1771525551.848870,429489,0.28,0.05,-0.12,-97.44,-79.94,58.50,-1.06,0.75,0.19,-0.13,-0.10,-0.23,101.87,77.37,25.81,1.31,-1.12,0.50,10,13
1771525552.037190,429677,0.26,0.08,-0.04,-96.94,-79.94,58.63,-1.31,-1.06,0.19,-0.07,0.06,-0.11,101.81,77.37,25.75,2.37,-1.94,0.19,9,12
1771525552.231204,429871,0.20,0.03,-0.04,-96.87,-79.87,58.50,0.31,-0.13,0.19,-0.07,0.03,-0.15,101.62,77.37,25.75,0.19,0.00,-0.06,9,12
1771525552.422632,430062,0.26,0.01,-0.05,-97.31,-79.87,58.50,-0.62,0.37,-0.62,-0.06,0.01,-0.17,101.25,77.44,25.75,-0.19,0.44,-0.25,9,12
1771525552.613224,430253,0.26,0.00,-0.08,-97.81,-79.87,58.56,-1.44,0.75,0.25,-0.07,0.05,-0.14,101.06,77.44,25.75,0.88,0.25,-0.06,9,13
1771525552.804005,430444,0.30,0.01,-0.05,-98.37,-79.87,58.44,0.13,-0.50,0.06,-0.05,0.06,-0.12,101.00,77.44,25.75,0.25,-0.06,0.31,10,13
1771525552.994510,430634,0.27,-0.01,-0.01,-98.00,-79.87,58.44,0.56,-1.06,0.31,-0.07,0.07,-0.18,101.12,77.44,25.69,0.25,-0.06,0.13,10,13
1771525553.185846,430826,0.24,0.01,-0.04,-97.75,-79.87,58.38,-0.69,1.00,0.25,-0.05,0.01,-0.16,101.12,77.37,25.62,-0.25,1.00,-0.06,9,13
1771525553.376429,431016,0.26,0.01,-0.01,-97.87,-79.87,58.56,-0.50,-0.19,-0.19,-0.05,0.06,-0.14,100.75,77.44,25.62,1.50,0.00,-0.06,10,14
1771525553.566817,431207,0.30,0.05,-0.02,-98.31,-79.87,58.50,-0.13,0.62,0.56,-0.06,0.07,-0.17,100.62,77.44,25.56,0.44,-0.31,0.06,9,12
1771525553.757226,431397,0.20,0.04,-0.04,-98.37,-79.87,58.50,0.00,0.00,0.06,-0.07,0.07,-0.15,100.56,77.44,25.56,0.25,0.19,0.06,10,14
1771525553.947882,431588,0.28,0.03,-0.08,-98.37,-79.87,58.50,-0.44,-0.25,0.19,-0.01,0.08,-0.09,100.69,77.44,25.56,-0.25,-0.13,-0.06,12,15
1771525554.139066,431779,0.23,0.05,-0.02,-98.00,-79.87,58.50,-0.19,-0.37,0.56,-0.05,0.06,-0.17,101.00,77.37,25.56,0.56,-0.37,0.06,11,15
1771525554.329465,431970,0.22,0.01,-0.07,-97.87,-79.87,58.44,0.88,-0.50,0.37,-0.06,0.03,-0.17,101.06,77.37,25.56,0.06,-0.06,0.31,12,15
1771525554.520352,432160,0.27,-0.01,-0.04,-97.50,-79.87,58.50,-0.50,-0.25,0.37,-0.05,0.04,-0.19,101.12,77.37,25.56,0.19,-0.44,0.25,12,15
1771525554.710748,432351,0.28,0.02,-0.05,-97.37,-79.87,58.44,0.13,0.19,-0.13,-0.07,0.07,-0.16,101.12,77.37,25.56,-0.06,0.69,0.13,14,17
1771525554.901058,432541,0.31,0.03,-0.03,-97.37,-79.87,58.44,-0.13,0.06,-0.37,-0.01,0.02,-0.16,101.00,77.37,25.50,-0.31,-0.50,0.00,14,18
1771525555.092348,432732,0.29,0.04,-0.04,-97.19,-79.87,58.38,-1.25,-0.06,-0.13,-0.01,0.05,-0.19,101.12,77.37,25.50,0.25,0.56,-0.13,14,18
1771525555.282948,432923,0.26,0.02,-0.05,-97.31,-79.87,58.38,0.69,-0.69,-0.25,-0.06,0.05,-0.14,101.00,77.37,25.50,0.00,1.31,-0.19,14,17
1771525555.473510,433113,0.25,-0.02,-0.04,-97.31,-79.94,58.50,1.00,-0.25,0.06,-0.05,0.06,-0.15,100.87,77.44,25.50,0.13,0.44,0.00,13,18
1771525555.664176,433304,0.25,0.05,-0.05,-97.37,-79.94,58.44,0.13,0.00,0.31,-0.05,0.08,-0.16,100.81,77.44,25.50,0.06,0.37,-0.13,13,17
1771525555.854425,433494,0.30,0.02,-0.04,-97.37,-79.94,58.44,-0.13,0.25,-0.13,-0.07,0.04,-0.12,100.62,77.44,25.50,-0.31,0.44,-0.25,13,17
1771525556.046143,433686,0.28,0.03,-0.03,-97.19,-79.94,58.44,-1.31,0.62,-0.06,-0.02,0.08,-0.21,101.31,77.37,25.44,-0.62,2.37,-0.06,13,18
1771525556.236248,433876,0.32,-0.05,-0.06,-97.50,-79.94,58.44,1.37,0.56,-0.19,-0.04,0.05,-0.14,101.31,77.44,25.50,0.44,0.75,0.19,13,17
1771525556.427205,434067,0.25,-0.04,-0.07,-98.06,-80.00,58.56,1.69,-0.06,0.13,-0.05,0.06,-0.14,101.50,77.44,25.50,0.37,0.13,-0.25,14,18
1771525556.617655,434258,0.26,0.04,-0.05,-98.12,-79.87,58.44,0.13,-0.13,0.44,-0.05,0.05,-0.10,101.75,77.44,25.50,0.19,-0.06,0.06,12,17
1771525556.807636,434448,0.27,0.00,-0.05,-98.31,-79.87,58.44,0.00,-0.37,-0.13,-0.05,0.04,-0.12,102.00,77.50,25.50,0.25,0.25,0.00,13,17
1771525556.998959,434639,0.29,0.07,-0.06,-98.37,-79.81,58.38,0.19,0.00,-0.31,-0.06,0.09,-0.16,102.50,77.50,25.50,0.81,-2.37,0.50,12,17
1771525557.189787,434830,0.22,0.07,-0.03,-98.19,-79.81,58.31,0.06,-0.25,0.50,-0.06,0.07,-0.09,102.87,77.44,25.50,0.50,0.50,-0.25,12,18
1771525557.380810,435021,0.28,-0.01,-0.03,-98.12,-79.81,58.38,0.44,-0.25,-0.13,-0.05,0.04,-0.14,102.94,77.44,25.50,-0.06,-0.75,0.44,12,16
1771525557.571295,435211,0.29,0.04,-0.04,-97.87,-79.81,58.38,0.00,-0.19,-0.81,-0.11,0.00,-0.16,103.00,77.50,25.44,-1.44,2.87,-0.75,12,17
1771525557.761218,435401,0.31,0.03,-0.05,-97.87,-79.81,58.31,0.06,0.69,-0.25,-0.04,0.03,-0.14,102.81,77.50,25.44,0.00,0.13,-0.06,11,15
1771525557.952543,435593,0.33,0.00,-0.01,-98.06,-79.81,58.31,0.13,0.00,-0.69,-0.06,0.02,-0.15,102.69,77.50,25.37,-0.13,-0.25,0.13,11,15
1771525558.143311,435783,0.27,0.02,-0.08,-97.94,-79.81,58.38,-0.31,0.13,-0.19,-0.04,0.02,-0.13,102.56,77.50,25.37,0.50,0.37,-0.13,11,15
1771525558.333856,435974,0.24,0.02,-0.05,-98.06,-79.81,58.31,0.50,-0.50,0.62,-0.07,0.00,-0.07,102.37,77.50,25.37,-0.06,0.13,-0.13,11,15
1771525558.524442,436165,0.21,-0.04,0.00,-97.81,-79.81,58.38,0.56,-0.44,0.06,-0.05,0.05,-0.12,102.25,77.50,25.37,0.37,0.50,0.00,12,15
1771525558.714610,436355,0.30,0.03,-0.06,-97.75,-79.81,58.31,0.25,0.31,-0.19,-0.06,0.03,-0.11,102.25,77.50,25.37,0.25,0.00,0.19,11,15
1771525558.906238,436546,0.27,0.07,-0.08,-97.62,-79.87,58.31,0.13,-1.25,-0.94,-0.07,0.08,-0.20,102.19,77.50,25.31,0.44,0.19,-0.37,11,15
1771525559.096662,436737,0.25,0.06,-0.07,-96.75,-79.94,58.38,-0.75,0.44,0.44,-0.06,0.04,-0.12,102.06,77.50,25.31,0.50,-0.31,-0.06,11,14
1771525559.287286,436927,0.28,0.03,-0.11,-96.94,-79.87,58.31,0.62,-0.62,0.56,-0.06,0.04,-0.11,101.87,77.56,25.31,-0.06,0.94,0.06,11,15
1771525559.478268,437118,0.25,-0.02,-0.05,-97.06,-79.87,58.38,-0.25,0.56,-0.06,-0.09,0.05,-0.16,101.75,77.56,25.31,0.19,0.06,-0.06,10,13
1771525559.668197,437308,0.27,0.00,-0.11,-97.37,-79.87,58.31,0.25,0.37,-0.06,-0.07,0.03,-0.10,101.56,77.56,25.31,0.50,-0.31,0.06,10,13
1771525559.859862,437500,0.28,0.00,-0.07,-97.37,-79.87,58.31,-0.06,-0.50,-0.13,-0.06,0.03,-0.13,101.56,77.56,25.31,-0.13,-1.25,0.13,10,14
1771525560.050229,437690,0.31,0.03,-0.07,-97.06,-79.87,58.31,-0.75,-0.13,-0.19,-0.04,0.05,-0.16,102.00,77.50,25.31,-0.19,0.19,0.19,10,14
1771525560.240694,437881,0.29,0.03,-0.18,-97.06,-79.87,58.31,-0.13,-0.31,-0.25,-0.07,0.03,-0.15,102.06,77.50,25.31,0.00,1.19,0.00,11,14
1771525560.431515,438072,0.22,0.01,-0.02,-96.50,-79.87,58.38,0.62,-0.69,0.44,-0.05,0.04,-0.14,102.00,77.50,25.25,0.25,-0.31,-0.19,10,14
1771525560.621547,438262,0.29,0.04,-0.08,-96.69,-79.87,58.25,0.19,0.81,0.19,-0.06,0.05,-0.12,102.00,77.50,25.25,0.06,0.44,0.06,11,15
1771525560.813097,438453,0.29,0.01,-0.10,-96.87,-79.87,58.25,0.44,-0.25,-0.13,-0.06,0.02,-0.11,101.94,77.50,25.25,0.25,0.19,0.44,10,15
1771525561.003759,438644,0.26,-0.03,-0.06,-96.75,-79.87,58.31,0.19,-0.69,0.44,-0.08,0.01,-0.17,102.06,77.50,25.19,0.25,-0.50,0.19,11,16
1771525561.194481,438835,0.26,0.01,-0.11,-96.75,-79.87,58.25,-0.37,1.19,-0.50,-0.07,0.00,-0.17,101.94,77.50,25.19,-0.31,0.81,-0.13,10,14
1771525561.385261,439025,0.26,0.06,-0.08,-96.87,-79.87,58.31,-0.56,-0.19,-0.56,-0.05,0.02,-0.13,101.75,77.56,25.19,0.37,0.06,-0.25,10,15
1771525561.575168,439215,0.30,0.07,-0.09,-96.87,-79.87,58.25,-0.69,0.06,0.44,-0.05,0.10,-0.10,101.75,77.56,25.19,0.13,0.00,-0.06,11,15
1771525561.766645,439407,0.20,-0.01,-0.05,-96.94,-79.87,58.25,3.44,-2.25,-1.00,-0.10,0.05,-0.19,101.31,77.56,25.25,0.25,-1.06,0.25,11,15
1771525561.956988,439597,0.29,0.00,-0.05,-96.94,-79.94,58.38,0.56,1.19,0.44,-0.02,0.04,-0.17,101.31,77.56,25.19,-0.25,0.44,-0.31,11,14
1771525562.147617,439788,0.33,0.12,-0.16,-98.00,-79.87,58.19,-0.56,0.56,0.06,-0.05,0.07,-0.18,101.19,77.56,25.19,0.06,0.00,-0.19,10,14
1771525562.338524,439979,0.22,0.01,-0.02,-98.06,-79.81,58.25,1.06,-0.75,-0.44,-0.06,0.08,-0.14,101.06,77.56,25.19,0.25,0.44,-0.06,11,15
1771525562.528294,440169,0.28,0.04,-0.08,-98.19,-79.81,58.19,0.19,0.69,0.13,-0.05,0.04,-0.15,101.06,77.56,25.19,0.00,0.00,0.06,11,15
1771525562.720053,440360,0.27,0.00,-0.06,-98.37,-79.75,58.19,0.00,-0.69,0.13,-0.02,0.04,-0.08,101.00,77.56,25.19,0.00,0.50,-0.13,12,17
1771525562.910871,440551,0.27,-0.01,-0.01,-98.37,-79.75,58.19,0.19,-0.37,0.13,-0.09,0.05,-0.16,101.12,77.56,25.12,0.31,-0.19,0.00,12,17
1771525563.101459,440742,0.24,0.01,-0.09,-98.37,-79.69,58.06,-1.25,0.56,0.37,-0.08,-0.06,-0.18,101.37,77.56,25.12,0.00,-0.19,0.19,12,17
1771525563.292191,440932,0.23,0.00,-0.03,-98.44,-79.69,58.19,-1.25,-0.56,-0.81,-0.07,0.04,-0.15,101.31,77.56,25.12,0.44,0.56,-0.13,11,16
1771525563.481910,441122,0.28,0.04,-0.05,-98.87,-79.75,58.19,-0.94,1.19,0.19,-0.06,0.07,-0.14,101.31,77.56,25.12,0.06,0.50,-0.19,11,16
1771525563.673601,441314,0.26,0.03,-0.04,-99.19,-79.69,58.13,0.50,0.25,-0.13,-0.08,0.05,-0.17,101.31,77.56,25.12,-0.06,0.37,0.25,11,16
1771525563.864147,441505,0.33,0.02,-0.08,-99.44,-79.69,58.25,0.69,0.19,-0.37,-0.09,0.04,-0.19,101.44,77.50,25.12,1.44,-1.25,0.37,11,16
1771525564.055042,441695,0.20,-0.02,-0.02,-99.31,-79.62,58.25,0.75,-0.19,0.31,-0.10,0.04,-0.15,101.37,77.50,25.06,0.31,-0.19,0.13,11,16
1771525564.245886,441886,0.27,-0.02,-0.07,-99.44,-79.62,58.25,-0.06,0.13,-0.19,-0.08,-0.02,-0.22,101.37,77.50,25.06,0.06,-0.44,0.19,10,15
1771525564.434638,442075,0.29,-0.05,-0.02,-99.19,-79.69,58.25,-2.25,0.50,0.50,-0.07,0.04,-0.17,101.69,77.56,25.06,0.13,0.75,0.13,11,16
1771525564.626926,442267,0.27,-0.17,0.00,-99.19,-79.69,58.31,2.50,-0.88,-0.50,-0.02,0.02,-0.12,101.50,77.62,25.12,0.06,1.06,0.06,10,15
1771525564.817843,442458,0.30,-0.10,0.00,-99.37,-79.62,58.31,1.25,-0.13,0.13,-0.08,0.04,-0.14,101.94,77.56,25.06,0.81,0.06,-0.06,10,15
1771525565.008726,442649,0.27,-0.01,-0.07,-99.50,-79.56,58.13,-0.37,0.88,-0.25,-0.08,0.01,-0.18,102.25,77.56,25.00,0.31,0.31,0.19,10,15
1771525565.199463,442840,0.28,0.00,-0.03,-100.00,-79.50,58.06,-0.31,-0.25,-0.69,-0.07,0.03,-0.10,102.37,77.56,25.06,0.06,1.00,-0.31,11,16
1771525565.389194,443030,0.29,0.00,-0.04,-100.25,-79.50,58.13,-0.88,0.44,0.25,-0.05,0.01,-0.11,102.56,77.56,25.06,0.25,-0.06,-0.19,10,15
1771525565.580854,443221,0.26,-0.01,-0.06,-100.31,-79.50,58.06,-0.19,0.00,0.13,-0.05,0.05,-0.12,102.56,77.56,25.06,0.25,0.31,-0.13,10,16
1771525565.771642,443412,0.27,-0.01,-0.02,-100.19,-79.50,58.06,0.25,-0.88,-0.50,-0.09,0.07,-0.12,102.87,77.56,25.00,0.19,0.13,0.25,10,14
1771525565.962451,443603,0.31,0.07,-0.10,-99.75,-79.56,58.06,2.31,-1.50,-1.31,-0.08,0.05,-0.07,102.94,77.50,25.00,-1.31,1.37,-0.19,10,15
1771525566.153016,443793,0.29,0.00,-0.04,-99.37,-79.62,58.25,0.50,0.81,0.13,-0.05,0.02,-0.14,103.00,77.50,25.00,0.06,-0.56,-0.13,10,15
1771525566.342882,443983,0.32,0.00,-0.04,-99.75,-79.56,58.19,-1.44,1.06,1.19,-0.07,0.05,-0.10,103.06,77.50,25.00,0.44,0.50,-0.25,10,15
1771525566.534461,444175,0.29,0.00,-0.10,-99.69,-79.50,58.06,0.13,-0.06,-0.25,-0.08,0.03,-0.14,102.94,77.50,25.00,0.06,0.00,0.25,11,16
1771525566.725242,444366,0.32,0.01,-0.11,-99.75,-79.50,58.13,0.13,0.06,0.19,-0.06,0.08,-0.13,103.00,77.50,25.00,0.56,0.13,-0.06,11,16
1771525566.916079,444556,0.20,0.00,-0.09,-99.44,-79.56,58.13,0.75,-0.25,0.19,-0.07,0.05,-0.04,102.81,77.50,24.94,0.13,0.00,0.00,11,17
1771525567.106887,444747,0.25,-0.03,-0.06,-99.31,-79.56,58.13,0.13,-0.50,0.00,-0.06,0.01,-0.14,102.69,77.50,24.94,0.31,0.13,-0.06,11,16
1771525567.295221,444936,0.25,-0.02,-0.06,-99.19,-79.56,58.13,-1.56,1.06,0.44,-0.08,0.01,-0.11,102.62,77.50,24.94,-0.13,2.19,-0.37,12,17
1771525567.487402,445128,0.25,-0.02,-0.07,-99.19,-79.56,58.13,-0.75,0.25,-0.06,-0.06,0.04,-0.07,102.31,77.56,24.87,0.06,0.94,0.13,11,15
1771525567.678770,445319,0.26,-0.08,-0.05,-99.25,-79.56,58.13,0.31,-0.69,-0.50,-0.07,0.05,-0.16,102.31,77.56,24.87,0.44,-0.56,0.37,11,17
1771525567.869778,445510,0.21,-0.01,-0.08,-99.19,-79.56,58.13,-0.37,0.62,-0.25,-0.07,0.01,-0.13,102.31,77.56,24.87,0.31,0.31,0.19,11,15
1771525568.060633,445701,0.27,-0.01,-0.05,-99.31,-79.62,58.19,-0.37,-0.13,-0.81,-0.05,0.05,-0.11,102.19,77.56,24.87,0.13,0.50,-0.13,11,16
1771525568.249917,445890,0.32,0.02,-0.10,-99.44,-79.62,58.19,-0.50,0.44,0.25,-0.08,0.02,-0.09,102.19,77.56,24.81,0.37,0.13,-0.25,11,15
1771525568.441557,446082,0.30,0.00,-0.09,-99.44,-79.62,58.19,0.50,-0.19,-0.19,-0.08,0.05,-0.07,102.19,77.56,24.81,0.06,0.19,-0.06,11,15
1771525568.632873,446273,0.25,-0.04,-0.03,-99.31,-79.62,58.19,0.56,-0.94,-0.06,-0.06,0.08,-0.12,102.56,77.56,24.81,-0.06,-0.37,0.50,11,16
1771525568.823686,446464,0.25,-0.01,-0.03,-99.12,-79.75,58.31,3.25,-1.19,-1.44,-0.09,0.03,-0.13,102.62,77.50,24.69,0.06,-0.75,0.75,12,16
1771525569.012077,446652,0.25,0.48,-0.05,-100.62,-79.94,59.25,11.50,1.50,-6.62,-0.08,0.06,-0.22,102.69,77.50,24.62,-0.69,-1.37,-0.50,13,18
1771525569.200283,446841,0.28,-0.12,-0.09,-107.87,-81.50,64.00,13.13,0.94,-11.25,-0.08,0.04,-0.14,102.94,77.44,24.62,-0.88,0.00,1.12,14,19
1771525569.391538,447032,0.28,-0.30,-0.15,-174.12,-83.37,68.12,6.56,0.13,-8.06,-0.06,-0.01,-0.10,103.19,77.19,24.62,-1.37,0.31,1.31,15,21
1771525569.581991,447222,0.21,-0.19,-0.01,-175.00,-84.12,69.56,1.25,-1.56,-0.94,-0.10,0.02,-0.11,103.44,77.12,24.56,1.19,0.06,-0.25,15,20
1771525569.772428,447413,0.22,-0.02,-0.06,-174.81,-84.00,69.12,-2.19,1.62,2.12,-0.08,0.06,-0.13,103.62,77.12,24.50,0.13,-0.25,-0.25,15,20
1771525569.960657,447601,0.27,0.03,-0.11,-174.37,-83.44,68.12,-2.87,0.94,1.81,-0.07,0.05,-0.11,103.75,77.12,24.50,0.00,0.50,-0.06,14,19
1771525570.150610,447791,0.26,0.13,-0.07,-174.25,-83.25,67.62,-1.06,0.62,-0.75,-0.08,0.03,-0.12,103.62,77.19,24.56,1.44,-1.69,-0.25,15,20
1771525570.341265,447982,0.20,0.10,-0.01,-174.50,-83.50,68.37,2.94,0.88,-3.62,-0.09,0.05,-0.10,103.31,77.19,24.56,0.19,0.13,-0.31,14,19
1771525570.532345,448173,0.29,-0.20,-0.05,-175.56,-84.06,70.37,3.00,0.25,-4.25,-0.07,0.05,-0.08,103.19,77.19,24.50,-0.50,0.75,0.50,13,17
1771525570.723783,448364,0.27,-0.05,-0.06,-175.69,-84.00,70.37,-1.62,2.12,0.31,-0.04,0.02,-0.11,102.87,77.19,24.50,-0.31,-0.37,-0.13,12,16
1771525570.913105,448553,0.23,-0.08,-0.05,-175.62,-83.75,70.12,-2.31,1.12,0.75,-0.03,0.09,-0.08,102.81,77.19,24.44,0.44,0.31,-0.56,11,14
1771525571.103320,448744,0.27,0.03,-0.07,-134.06,-83.06,68.81,-4.75,2.62,3.62,-0.05,0.04,-0.11,102.81,77.19,24.44,0.37,-0.06,-0.06,10,13
1771525571.294625,448935,0.25,-0.01,-0.08,-132.81,-82.69,67.94,-0.62,-0.19,0.56,-0.04,0.09,-0.09,102.75,77.19,24.44,0.25,0.25,0.06,9,12
1771525571.486130,449126,0.27,-0.07,-0.04,-132.12,-82.69,67.75,-0.06,-1.25,0.62,-0.08,0.05,-0.13,103.31,77.12,24.37,-0.06,-0.88,0.62,9,12
1771525571.677171,449317,0.17,-0.09,-0.03,-130.94,-82.75,67.62,1.81,-0.75,-0.13,-0.06,0.05,-0.09,103.19,77.12,24.37,0.13,-0.69,0.25,10,13
1771525571.868063,449508,0.27,-0.03,-0.05,-131.06,-82.75,67.69,0.31,0.25,-0.25,-0.07,0.05,-0.12,103.25,77.12,24.37,0.44,0.00,-0.19,11,14
1771525572.057523,449698,0.25,0.04,-0.07,-130.56,-82.69,67.50,-2.00,0.37,0.81,-0.05,0.05,-0.08,103.25,77.12,24.37,0.56,0.25,-0.06,10,13
1771525572.248886,449890,0.28,0.01,-0.08,-130.19,-82.62,67.37,0.25,0.25,-0.13,-0.05,0.05,-0.10,103.25,77.12,24.37,0.44,0.31,0.13,10,14
1771525572.439975,450080,0.27,-0.07,-0.13,-130.06,-82.62,67.37,0.19,-1.25,0.00,-0.05,0.04,-0.12,103.37,77.12,24.31,0.19,0.31,0.06,11,14
1771525572.630887,450271,0.27,-0.03,-0.05,-128.75,-82.69,67.19,-0.19,-0.25,0.00,-0.06,0.03,-0.14,103.25,77.12,24.25,0.19,0.50,-0.31,10,15
1771525572.821590,450462,0.27,0.04,-0.05,-128.44,-82.69,67.12,-1.00,0.69,-0.75,-0.05,0.10,-0.08,103.12,77.12,24.25,0.06,-0.75,0.31,11,14
1771525573.011328,450652,0.23,-0.03,-0.03,-128.87,-82.75,67.25,1.37,-0.88,-0.62,-0.08,0.04,-0.09,102.75,77.19,24.31,-0.25,-0.31,0.37,11,15
1771525573.202889,450843,0.24,-0.04,-0.08,-129.19,-82.75,67.25,1.31,0.69,0.25,-0.07,0.10,-0.13,102.56,77.25,24.31,0.69,-0.25,-0.19,11,14
1771525573.393720,451034,0.26,0.01,-0.07,-129.25,-82.75,67.25,-0.25,-0.06,0.75,-0.06,0.06,-0.13,102.62,77.19,24.25,0.00,0.37,-0.19,11,15
1771525573.584291,451225,0.31,0.07,-0.13,-129.12,-82.75,67.12,-0.50,0.69,-0.31,-0.03,0.08,-0.13,102.50,77.25,24.25,0.06,-0.50,0.25,12,15
1771525573.774982,451415,0.29,0.03,-0.07,-129.37,-82.75,67.19,0.37,0.00,-0.25,-0.05,0.06,-0.10,102.44,77.25,24.25,0.31,0.50,-0.13,11,15
1771525573.965425,451606,0.28,0.03,-0.12,-129.87,-82.69,67.19,-1.06,0.62,0.56,-0.05,0.07,-0.09,102.37,77.25,24.25,0.31,0.19,-0.19,12,16
1771525574.156487,451797,0.26,0.03,-0.08,-129.81,-82.69,67.12,0.00,-0.94,0.06,-0.05,0.07,-0.09,102.37,77.25,24.25,0.00,0.62,0.06,11,15
1771525574.347259,451988,0.30,0.02,-0.10,-129.69,-82.75,67.12,0.94,-1.12,-1.00,-0.11,0.08,-0.17,102.56,77.19,24.19,1.06,-2.31,0.31,11,15
1771525574.537856,452178,0.33,0.06,-0.09,-129.06,-82.69,67.00,-0.06,-0.50,0.37,-0.03,0.05,-0.10,102.62,77.19,24.19,-0.31,0.56,0.06,11,15
1771525574.728610,452369,0.27,0.05,-0.05,-128.50,-82.69,67.00,-0.94,-0.31,0.06,-0.03,0.07,-0.11,102.69,77.19,24.19,0.62,0.19,-0.25,11,16
1771525574.919123,452560,0.26,0.09,-0.06,-128.81,-82.62,66.94,-0.62,0.75,0.44,-0.06,0.06,-0.11,102.69,77.19,24.19,-0.13,0.31,-0.19,11,15
1771525575.110146,452751,0.25,0.02,-0.04,-128.87,-82.56,66.87,0.19,-0.81,0.06,-0.05,0.05,-0.15,102.69,77.19,24.19,0.19,0.06,0.19,11,16
1771525575.300805,452941,0.28,0.06,-0.10,-128.62,-82.56,66.87,0.25,-0.37,0.06,-0.09,0.09,-0.13,102.81,77.19,24.12,1.37,-1.06,0.31,11,15
1771525575.491511,453132,0.19,0.07,-0.02,-127.75,-82.62,66.69,0.75,-0.37,0.62,-0.05,0.05,-0.09,102.69,77.19,24.06,0.19,-0.56,0.31,11,15
1771525575.682500,453323,0.22,-0.01,-0.03,-127.62,-82.62,66.75,-0.44,-0.13,-0.19,-0.03,0.03,-0.16,102.69,77.19,24.06,-0.25,1.56,-0.31,11,15
1771525575.872277,453513,0.27,-0.02,-0.05,-127.87,-82.69,66.94,-0.88,1.12,0.19,-0.05,0.05,-0.13,102.31,77.25,24.06,0.75,0.31,-0.13,11,15
1771525576.063620,453704,0.23,0.05,-0.05,-128.19,-82.69,66.81,-0.31,0.88,-0.31,-0.06,0.09,-0.16,102.00,77.25,24.06,0.13,0.13,0.00,12,16
1771525576.254573,453895,0.29,0.11,-0.11,-128.37,-82.62,66.81,0.25,0.13,-0.25,-0.08,0.09,-0.17,101.94,77.25,24.06,0.81,-1.12,0.31,11,16
1771525576.445255,454086,0.21,0.04,-0.07,-128.31,-82.69,66.81,0.25,-0.19,0.37,-0.05,0.04,-0.15,101.81,77.25,24.00,0.31,0.13,-0.06,12,16
1771525576.636186,454277,0.24,0.03,-0.01,-128.19,-82.69,66.81,-0.37,0.06,-0.19,-0.06,0.06,-0.19,101.69,77.25,24.00,0.37,-0.37,0.00,12,15
1771525576.826632,454467,0.29,0.02,-0.08,-128.12,-82.69,66.81,-0.88,0.44,0.37,-0.06,0.07,-0.12,101.69,77.25,24.00,0.44,0.13,-0.13,12,16
1771525577.017350,454658,0.28,0.03,-0.11,-128.12,-82.69,66.75,0.19,0.00,-0.25,-0.05,0.09,-0.13,101.62,77.25,24.00,0.06,0.19,0.00,11,14
1771525577.208592,454849,0.31,0.10,-0.15,-128.19,-82.69,66.69,-0.31,-0.44,-0.94,-0.06,0.08,-0.22,101.75,77.25,24.00,0.94,-1.06,-0.13,11,15
1771525577.398772,455039,0.24,0.07,-0.02,-127.69,-82.75,66.81,-2.06,-0.06,0.56,-0.04,0.04,-0.11,101.50,77.25,23.94,0.44,0.37,-0.06,11,15
1771525577.589321,455230,0.27,0.05,-0.08,-127.87,-82.62,66.62,0.37,-0.19,0.94,-0.06,0.05,-0.10,101.62,77.25,23.94,0.19,0.31,0.19,10,14
1771525577.780347,455421,0.23,-0.03,-0.02,-127.94,-82.56,66.62,0.88,-0.69,0.19,-0.05,0.08,-0.15,101.87,77.25,23.94,-0.13,-0.13,0.19,11,15
1771525577.970927,455612,0.29,0.02,-0.08,-127.94,-82.50,66.62,0.37,-0.06,0.06,-0.05,0.08,-0.13,102.31,77.25,24.00,0.06,0.37,0.25,11,14
1771525578.161801,455802,0.23,0.00,-0.08,-128.00,-82.50,66.56,-0.19,-0.25,0.06,-0.06,0.03,-0.12,102.62,77.25,24.00,0.50,0.25,-0.06,11,15
1771525578.352512,455993,0.26,0.02,-0.01,-127.56,-82.50,66.56,-1.12,-0.62,0.25,-0.04,0.07,-0.15,103.19,77.25,23.94,-0.19,0.37,0.00,11,16
1771525578.541198,456182,0.27,0.11,-0.07,-127.06,-82.50,66.37,-1.56,0.88,0.37,-0.06,0.04,-0.11,103.62,77.19,23.87,-0.81,0.13,1.25,12,17
1771525578.732266,456373,0.17,-0.22,0.03,-127.31,-82.69,66.87,3.50,-1.56,-0.75,-0.07,0.02,-0.06,103.31,77.19,23.87,1.00,-0.75,-0.06,12,17
1771525578.924201,456565,0.22,-0.09,-0.02,-128.37,-82.69,67.00,0.69,0.88,0.00,-0.04,0.07,-0.07,102.94,77.31,23.94,0.75,0.50,-0.94,12,17
1771525579.115249,456756,0.28,0.08,-0.06,-129.00,-82.44,66.69,-0.94,1.25,0.00,-0.03,0.04,-0.11,102.69,77.31,23.94,-0.06,-1.31,0.31,12,15
1771525579.305973,456947,0.26,0.02,-0.01,-129.25,-82.37,66.56,-0.75,-0.19,-0.37,-0.02,0.07,-0.08,102.75,77.31,23.87,0.19,0.50,0.06,12,16
1771525579.496744,457137,0.26,-0.01,-0.02,-129.37,-82.37,66.56,0.81,-0.56,-0.31,-0.06,0.06,-0.08,102.56,77.31,23.87,-0.13,0.75,0.06,12,16
1771525579.687552,457328,0.18,-0.03,0.03,-129.25,-82.44,66.62,0.75,-0.31,0.50,-0.06,0.08,-0.12,102.50,77.31,23.87,0.56,-0.25,-0.06,11,15
1771525579.878343,457519,0.25,0.05,-0.03,-129.37,-82.37,66.56,-0.06,0.13,0.13,-0.06,0.09,-0.14,102.56,77.31,23.87,0.37,-0.94,0.62,12,16
1771525580.069016,457710,0.17,-0.07,0.00,-129.25,-82.44,66.69,1.94,-1.44,0.13,-0.03,0.08,-0.10,102.31,77.31,23.87,0.06,-0.56,0.00,11,15
1771525580.259560,457900,0.22,0.07,-0.01,-128.56,-82.50,66.56,0.62,0.56,0.75,-0.03,0.09,-0.07,102.31,77.31,23.81,1.06,0.81,-0.37,11,15
1771525580.450330,458091,0.22,0.06,-0.06,-128.69,-82.44,66.50,0.62,-0.50,0.69,-0.05,0.07,-0.12,102.31,77.31,23.75,-0.25,-0.50,0.19,10,14
1771525580.641466,458282,0.21,-0.03,-0.01,-129.00,-82.44,66.62,-0.56,0.13,0.13,-0.08,0.06,-0.11,102.37,77.31,23.75,0.37,-0.06,-0.06,11,14
1771525580.831729,458472,0.28,0.05,-0.06,-128.81,-82.44,66.50,0.56,0.31,-0.31,-0.06,0.07,-0.15,102.37,77.31,23.75,0.13,0.37,-0.13,11,15
1771525581.022642,458663,0.29,0.03,-0.08,-128.75,-82.44,66.50,-0.19,-0.44,0.62,-0.02,0.10,-0.12,102.50,77.31,23.75,0.00,0.69,-0.19,11,16
1771525581.213055,458854,0.23,0.13,-0.04,-127.81,-82.50,66.50,0.31,-0.81,0.69,-0.06,0.10,-0.06,102.50,77.31,23.69,0.75,0.62,0.06,10,15
1771525581.403957,459045,0.26,0.02,-0.04,-127.81,-82.50,66.44,0.25,-0.50,0.00,-0.08,-0.02,-0.11,102.44,77.31,23.62,0.31,0.81,-0.06,10,15
1771525581.594302,459235,0.23,0.02,-0.03,-127.37,-82.56,66.56,-0.88,0.56,0.50,-0.07,0.05,-0.16,102.19,77.31,23.56,0.88,0.19,-0.44,11,16
1771525581.785189,459426,0.23,0.06,-0.06,-127.69,-82.50,66.44,-0.75,-0.19,0.19,-0.05,0.05,-0.14,102.00,77.37,23.62,0.00,0.69,-0.19,10,15
1771525581.976008,459617,0.25,0.02,-0.05,-127.56,-82.50,66.37,0.44,-1.37,-0.81,-0.07,0.05,-0.14,101.81,77.37,23.56,0.69,0.00,0.25,11,15
1771525582.166836,459807,0.23,0.02,-0.04,-127.25,-82.56,66.37,0.13,0.81,-0.19,-0.10,0.02,-0.19,101.69,77.37,23.56,0.50,-0.25,0.25,11,15
1771525582.357317,459998,0.27,0.07,-0.07,-127.69,-82.56,66.37,-0.25,0.25,-0.50,-0.06,0.08,-0.15,101.56,77.37,23.56,0.25,0.88,-0.06,11,15
1771525582.548228,460189,0.28,0.10,-0.04,-127.81,-82.56,66.44,-0.94,0.25,0.31,-0.05,0.06,-0.14,101.56,77.37,23.56,0.37,0.31,-0.13,11,15
1771525582.739022,460380,0.26,0.01,-0.04,-127.81,-82.56,66.44,0.37,0.00,-0.25,-0.06,0.07,-0.17,101.87,77.31,23.56,-0.25,1.00,0.75,11,16
1771525582.929503,460570,0.24,-0.17,0.02,-127.69,-82.69,66.62,2.69,-1.69,0.75,-0.07,0.05,-0.14,102.00,77.37,23.56,1.06,-0.94,0.44,11,15
1771525583.120499,460761,0.21,-0.03,-0.02,-127.44,-82.62,66.50,-0.06,1.56,0.06,-0.02,0.09,-0.12,102.06,77.37,23.56,-0.19,1.00,-0.37,11,15
1771525583.310930,460952,0.29,0.07,-0.09,-128.06,-82.50,66.37,-0.62,0.25,-0.50,-0.06,0.07,-0.10,102.25,77.37,23.62,0.37,0.00,-0.13,11,16
1771525583.502077,461143,0.25,0.11,-0.06,-128.12,-82.44,66.31,-0.25,-0.31,0.37,-0.05,0.05,-0.09,102.50,77.37,23.62,-0.25,-0.25,0.13,11,15
1771525583.692567,461333,0.24,0.02,-0.03,-127.94,-82.44,66.25,0.19,-0.69,-0.13,-0.07,0.05,-0.12,102.94,77.37,23.62,0.19,-0.06,0.06,11,16
1771525583.883386,461524,0.28,0.08,-0.07,-127.62,-82.44,66.25,-0.06,-0.25,-0.06,-0.08,0.03,-0.15,103.25,77.37,23.62,0.94,-1.12,0.19,10,15
1771525584.073556,461714,0.23,0.04,-0.05,-127.25,-82.37,66.12,0.44,-0.37,0.62,-0.07,0.01,-0.10,103.25,77.37,23.56,0.62,-0.31,0.25,11,15
1771525584.264730,461905,0.30,0.11,-0.09,-126.75,-82.44,66.06,-0.81,-0.19,-0.69,-0.06,0.04,-0.11,103.06,77.31,23.50,0.06,0.81,-0.37,11,15
1771525584.454739,462096,0.21,0.02,0.02,-126.06,-82.56,66.31,-2.50,0.62,-0.19,-0.06,0.04,-0.12,103.06,77.31,23.44,0.37,0.19,-0.25,11,15
1771525584.645736,462287,0.24,0.06,-0.07,-127.12,-82.44,66.19,-0.88,1.37,0.00,-0.07,0.03,-0.13,103.06,77.31,23.44,0.50,0.56,-0.19,10,14
1771525584.836599,462477,0.30,0.09,-0.09,-127.62,-82.44,66.19,0.69,0.00,-0.25,-0.10,0.04,-0.14,102.87,77.31,23.44,0.62,-0.37,0.06,11,16
1771525585.027189,462668,0.21,0.03,-0.01,-127.44,-82.44,66.19,0.50,-0.31,0.31,-0.06,0.04,-0.08,102.69,77.37,23.44,0.19,-0.44,0.19,11,15
1771525585.217574,462859,0.24,0.00,-0.02,-127.75,-82.44,66.19,0.50,0.06,0.19,-0.07,0.04,-0.13,102.50,77.37,23.44,0.44,0.13,0.00,10,15
1771525585.408524,463049,0.24,0.06,0.00,-127.75,-82.44,66.19,-1.06,0.25,0.37,-0.07,0.05,-0.11,102.50,77.37,23.44,0.37,0.19,0.00,11,16
1771525585.599373,463240,0.32,0.14,-0.08,-127.87,-82.44,66.19,0.31,-0.19,-1.00,-0.06,0.12,-0.12,102.19,77.37,23.44,0.75,-0.69,0.13,10,15
1771525585.790132,463431,0.21,0.11,-0.06,-128.00,-82.50,66.31,-0.19,-0.75,-0.69,-0.08,0.06,-0.15,102.31,77.37,23.37,0.06,0.81,-0.13,11,15
1771525585.980565,463621,0.24,0.08,-0.06,-127.81,-82.50,66.25,-0.13,0.44,0.56,-0.09,0.01,-0.12,102.00,77.37,23.37,0.69,-0.62,0.25,11,15
1771525586.171226,463812,0.27,0.03,-0.03,-128.19,-82.50,66.31,0.00,0.31,-0.50,-0.07,0.07,-0.14,101.87,77.37,23.37,-0.13,0.19,-0.06,11,16
1771525586.362190,464003,0.28,0.10,-0.05,-128.37,-82.50,66.31,-1.06,0.50,0.19,-0.07,0.06,-0.10,101.81,77.37,23.37,0.00,-0.31,-0.06,11,15
1771525586.552785,464194,0.29,0.06,-0.06,-128.37,-82.50,66.31,0.81,0.00,-0.06,-0.05,0.07,-0.17,101.81,77.37,23.31,0.00,-0.19,0.31,12,16
1771525586.743405,464384,0.23,0.09,-0.07,-127.87,-82.56,66.37,-0.37,-0.31,0.37,-0.02,0.08,-0.17,102.06,77.37,23.31,0.06,-0.31,-0.13,12,15
1771525586.934178,464575,0.21,0.13,-0.05,-127.37,-82.56,66.25,-0.50,-0.69,0.50,-0.10,0.02,-0.17,102.25,77.37,23.31,0.50,-0.88,0.37,12,16
1771525587.124210,464765,0.23,0.04,-0.02,-127.00,-82.62,66.31,1.94,-0.62,1.06,-0.06,0.00,-0.15,102.12,77.37,23.31,0.25,0.31,0.13,12,16
1771525587.315387,464956,0.22,0.00,-0.04,-127.00,-82.69,66.44,0.31,0.62,0.06,-0.07,0.07,-0.20,102.00,77.37,23.31,0.31,-0.13,0.13,12,15
1771525587.506163,465147,0.27,0.10,-0.08,-127.87,-82.56,66.31,-0.13,0.44,-0.37,-0.06,0.05,-0.16,102.00,77.37,23.31,0.06,0.19,0.13,12,16
1771525587.696901,465338,0.29,0.01,-0.08,-128.06,-82.56,66.31,0.44,0.50,-0.06,-0.08,0.06,-0.24,102.00,77.37,23.31,0.06,-0.75,0.00,11,15
1771525587.887527,465528,0.23,0.14,-0.08,-127.19,-82.56,66.19,-0.13,-0.69,0.37,-0.05,0.05,-0.15,101.81,77.37,23.25,0.56,0.44,-0.19,11,15
1771525588.077753,465719,0.26,0.09,-0.09,-126.87,-82.62,66.19,1.25,-1.37,0.56,-0.06,0.04,-0.14,101.69,77.37,23.25,0.13,-0.13,0.31,11,14
1771525588.268972,465910,0.24,-0.02,-0.04,-126.81,-82.62,66.31,0.62,0.44,0.00,-0.05,0.08,-0.17,101.62,77.37,23.25,0.44,0.31,-0.06,11,15
1771525588.459760,466101,0.30,0.17,-0.12,-127.06,-82.56,66.12,-0.44,0.13,-1.06,-0.10,0.10,-0.20,101.25,77.44,23.25,1.37,-1.94,0.06,10,14
1771525588.650297,466291,0.23,0.14,-0.06,-127.00,-82.62,66.25,-1.56,0.31,-0.06,-0.06,0.09,-0.17,101.62,77.44,23.25,0.25,0.56,-0.44,10,15
1771525588.841099,466482,0.25,0.13,-0.08,-127.06,-82.50,66.12,-0.69,0.31,1.12,-0.06,0.07,-0.11,102.00,77.44,23.25,0.94,0.19,-0.06,10,15
1771525589.030771,466672,0.25,0.01,-0.05,-127.25,-82.37,66.00,1.12,-0.06,0.06,-0.09,0.01,-0.11,102.06,77.44,23.25,-0.06,0.25,0.06,10,15
1771525589.222325,466863,0.23,-0.01,-0.03,-127.31,-82.37,66.06,-0.69,0.44,0.50,-0.06,0.03,-0.13,102.31,77.44,23.25,0.25,0.00,0.00,10,16
1771525589.413204,467054,0.27,0.05,-0.05,-127.37,-82.31,66.00,-0.19,-0.75,0.06,-0.04,0.06,-0.07,102.69,77.44,23.25,-0.06,0.13,0.13,10,15
1771525589.603916,467245,0.26,0.06,-0.05,-127.25,-82.31,65.94,-0.31,-0.37,0.13,-0.05,0.13,-0.13,103.12,77.44,23.25,-0.19,0.00,-0.25,11,16
1771525589.793387,467434,0.29,0.20,-0.09,-126.44,-82.31,65.75,0.25,-1.00,-0.31,-0.12,0.08,-0.13,103.12,77.44,23.19,1.31,-1.31,0.00,12,17
1771525589.985168,467626,0.23,0.08,-0.02,-125.94,-82.31,65.87,0.44,-0.37,0.25,-0.06,0.01,-0.11,103.12,77.44,23.19,-0.19,-0.13,0.25,12,17
1771525590.175987,467817,0.25,0.02,0.00,-126.06,-82.31,65.87,-0.81,1.06,0.88,-0.05,0.04,-0.13,103.06,77.44,23.19,0.50,-0.06,0.00,12,16
1771525590.366489,468007,0.26,0.08,-0.05,-126.37,-82.25,65.75,0.06,0.00,-0.06,-0.06,0.02,-0.13,103.06,77.44,23.19,0.31,0.56,0.06,12,17
1771525590.557190,468198,0.29,0.03,-0.07,-126.37,-82.25,65.75,0.50,-1.12,-0.19,-0.09,0.01,-0.14,103.12,77.44,23.19,0.94,-0.31,0.19,13,16
1771525590.747719,468389,0.20,0.03,-0.06,-125.50,-82.37,65.75,0.31,-0.50,0.13,-0.07,0.01,-0.11,102.94,77.44,23.12,-0.25,0.00,0.06,13,17
1771525590.938720,468579,0.26,0.09,-0.07,-125.25,-82.37,65.75,-1.06,0.37,-0.13,-0.09,-0.11,-0.23,103.00,77.44,23.06,0.37,-0.44,0.69,13,17
1771525591.129017,468770,0.20,-0.02,0.00,-125.12,-82.56,66.06,-1.56,0.25,-0.13,-0.07,0.00,-0.13,102.37,77.50,23.12,0.31,1.50,-0.13,13,16
1771525591.319890,468961,0.19,0.00,-0.08,-126.25,-82.44,66.00,-0.56,0.81,-0.19,-0.04,0.07,-0.10,102.19,77.50,23.12,0.37,0.56,-0.25,13,17
1771525591.510620,469151,0.26,0.07,-0.05,-126.25,-82.37,65.87,-0.50,-0.31,0.19,-0.05,0.06,-0.15,102.31,77.50,23.06,-0.37,0.19,-0.06,13,17
1771525591.701361,469342,0.29,0.12,-0.11,-126.31,-82.37,65.81,-0.13,0.44,-0.62,-0.05,0.06,-0.13,102.31,77.50,23.06,-0.25,0.44,-0.13,13,16
1771525591.891732,469533,0.24,0.01,-0.04,-126.25,-82.44,65.94,0.75,-0.44,0.00,-0.05,0.05,-0.11,102.25,77.50,23.06,0.69,0.19,-0.31,12,15
1771525592.082616,469724,0.26,0.08,-0.04,-126.19,-82.44,65.87,0.06,0.19,0.37,-0.07,0.06,-0.13,102.19,77.50,23.06,0.25,0.37,-0.19,12,16
1771525592.273173,469914,0.26,0.06,-0.06,-126.19,-82.44,65.87,0.13,0.13,0.00,-0.06,0.04,-0.10,102.31,77.50,23.00,0.19,-0.69,0.75,12,16
1771525592.464011,470105,0.26,-0.17,0.02,-125.81,-82.50,66.06,1.62,-0.56,0.69,-0.03,0.02,-0.14,102.31,77.44,23.00,-0.31,-0.06,0.06,13,17
1771525592.654586,470296,0.34,0.07,-0.10,-126.19,-82.44,65.94,0.25,1.44,-0.31,-0.05,0.09,-0.18,102.44,77.44,23.00,0.13,-0.56,-0.19,12,16
1771525592.845174,470486,0.26,0.10,-0.06,-126.37,-82.31,65.81,0.06,-0.19,0.19,-0.05,0.08,-0.11,102.44,77.44,23.00,0.19,0.06,0.00,12,16
1771525593.035944,470677,0.26,0.08,-0.04,-126.44,-82.25,65.69,0.44,-0.19,0.13,-0.05,0.05,-0.12,102.44,77.44,23.00,0.00,0.00,0.06,12,17
1771525593.226561,470868,0.27,0.03,-0.05,-126.44,-82.19,65.69,0.31,-0.13,-0.25,-0.06,0.05,-0.11,102.37,77.44,23.00,0.00,0.31,0.00,11,16
1771525593.417293,471058,0.25,-0.01,-0.05,-126.31,-82.19,65.62,0.56,-1.50,0.25,-0.09,0.02,-0.15,102.56,77.44,22.94,0.50,-0.31,0.25,11,16
1771525593.607808,471249,0.28,0.00,-0.01,-125.87,-82.19,65.62,0.00,0.25,-0.37,-0.06,0.05,-0.17,102.62,77.44,22.94,-0.19,0.31,0.31,11,16
1771525593.797744,471439,0.26,0.03,-0.02,-126.06,-82.25,65.62,0.37,-1.37,-1.25,-0.05,0.06,-0.11,102.31,77.44,22.94,-0.56,1.81,-0.62,12,17
1771525593.989237,471630,0.29,0.10,-0.03,-125.94,-82.31,65.62,-0.44,1.06,0.37,-0.05,0.04,-0.15,102.00,77.50,22.94,0.37,0.62,-0.37,11,15
1771525594.179817,471821,0.29,0.10,-0.04,-126.06,-82.25,65.56,0.13,0.00,0.19,-0.05,0.03,-0.10,101.87,77.50,22.94,-0.13,0.50,0.06,11,16
1771525594.370565,472012,0.25,0.00,-0.01,-126.06,-82.31,65.62,0.69,-1.25,-0.25,-0.09,0.05,-0.11,102.00,77.50,22.94,0.31,0.69,0.13,11,15
1771525594.561271,472202,0.25,0.06,-0.05,-125.81,-82.31,65.62,-0.13,0.25,-0.06,-0.08,0.04,-0.15,101.87,77.50,22.87,0.00,0.19,0.31,11,15
1771525594.751968,472393,0.27,0.02,-0.01,-125.94,-82.31,65.62,-0.69,0.19,-0.44,-0.05,0.02,-0.15,101.81,77.50,22.87,0.37,0.31,0.00,11,15
1771525594.942766,472584,0.27,0.08,-0.05,-125.87,-82.31,65.62,-0.81,0.19,0.25,-0.06,0.05,-0.13,101.81,77.50,22.87,0.44,-0.13,0.00,10,14
1771525595.133746,472775,0.30,0.09,-0.10,-125.87,-82.31,65.62,-0.56,0.44,-0.50,-0.01,0.09,-0.09,101.81,77.50,22.87,-0.75,3.75,-0.81,11,15
1771525595.324133,472965,0.24,0.11,-0.04,-125.44,-82.37,65.69,-1.94,0.13,0.06,-0.07,0.08,-0.15,101.62,77.50,22.87,0.44,-1.31,0.00,11,14
1771525595.514796,473156,0.24,0.11,-0.10,-125.25,-82.37,65.62,-0.25,0.13,0.56,-0.07,0.08,-0.11,101.81,77.50,22.87,0.94,0.00,-0.13,11,14
1771525595.705458,473347,0.24,0.06,-0.06,-125.12,-82.37,65.56,1.06,-0.69,0.25,-0.07,0.02,-0.16,101.75,77.50,22.81,-0.25,-0.44,0.44,10,14
1771525595.896287,473537,0.24,0.03,-0.03,-125.00,-82.44,65.69,-0.75,0.31,0.31,-0.06,0.05,-0.19,101.69,77.50,22.81,0.25,-0.13,0.13,10,15
1771525596.087213,473728,0.28,0.08,-0.07,-125.06,-82.44,65.62,-0.06,0.13,0.06,-0.06,0.05,-0.17,101.69,77.50,22.81,0.19,-0.19,0.19,10,14
1771525596.277674,473919,0.32,0.06,-0.06,-125.00,-82.44,65.62,0.13,-0.06,-0.13,-0.06,0.04,-0.24,101.75,77.50,22.81,0.13,-1.19,0.31,10,15
1771525596.468348,474109,0.27,0.12,-0.07,-124.69,-82.44,65.62,-0.25,-0.06,0.25,-0.02,0.12,-0.12,101.81,77.50,22.81,0.88,-0.81,0.37,10,15
1771525596.658380,474299,0.24,0.06,-0.01,-124.81,-82.44,65.62,3.81,-2.69,-0.62,-0.06,0.06,-0.14,101.81,77.56,22.81,-0.44,0.50,0.06,10,15
1771525596.848978,474490,0.23,0.02,0.00,-124.87,-82.50,65.81,2.00,1.00,0.37,-0.06,0.04,-0.17,101.94,77.56,22.81,0.75,-0.19,-0.31,11,16
1771525597.040028,474681,0.27,0.13,-0.12,-125.44,-82.31,65.56,0.13,0.31,0.25,-0.02,0.09,-0.13,102.25,77.56,22.81,0.31,0.13,0.00,10,15
1771525597.230928,474872,0.29,0.00,-0.04,-125.31,-82.25,65.50,0.37,-0.19,-0.19,-0.08,0.00,-0.15,102.50,77.56,22.81,0.00,-0.69,0.37,11,16
1771525597.421584,475063,0.25,0.09,-0.04,-125.06,-82.25,65.44,-0.44,0.25,0.19,-0.06,0.02,-0.08,102.81,77.56,22.81,0.37,0.50,-0.19,11,16
1771525597.612144,475253,0.25,0.02,-0.03,-124.94,-82.19,65.37,0.69,-1.12,0.19,-0.05,0.04,-0.10,102.94,77.56,22.81,0.19,0.31,0.25,12,17
1771525597.803174,475444,0.21,0.01,0.01,-124.81,-82.19,65.37,0.31,-0.06,0.25,-0.05,0.07,-0.10,102.94,77.56,22.81,0.44,-0.25,-0.06,12,16
1771525597.993799,475635,0.34,0.18,-0.12,-124.94,-82.12,65.25,-0.94,-0.06,-1.06,-0.09,0.05,-0.17,102.69,77.56,22.81,1.19,-1.44,0.06,12,18
1771525598.184522,475826,0.27,0.11,0.00,-124.69,-82.25,65.44,-2.25,0.44,-0.56,-0.10,0.00,-0.15,102.50,77.56,22.75,-0.81,0.50,-0.37,13,17
1771525598.375214,476016,0.28,0.04,-0.03,-124.69,-82.19,65.37,-1.87,0.75,0.75,-0.02,0.04,-0.07,102.81,77.56,22.75,0.13,-0.19,-0.19,13,17
1771525598.565816,476207,0.30,0.08,-0.07,-124.56,-82.00,65.12,0.13,-0.69,-0.69,-0.04,0.06,-0.12,103.00,77.56,22.75,-0.31,0.81,0.06,13,17
1771525598.756776,476398,0.22,-0.02,0.00,-124.19,-82.06,65.25,0.94,-0.88,-0.06,-0.06,0.03,-0.11,102.94,77.56,22.81,0.44,-0.19,0.19,12,16
1771525598.947209,476589,0.25,0.01,-0.02,-124.37,-82.00,65.12,0.37,0.44,0.25,-0.05,0.03,-0.13,102.87,77.56,22.75,0.13,0.13,-0.06,14,18
1771525599.138167,476779,0.28,0.04,-0.04,-124.50,-82.00,65.12,-0.06,-0.13,-0.19,-0.03,0.01,-0.13,102.81,77.56,22.75,-0.19,-0.31,0.13,13,17
1771525599.328522,476970,0.30,0.04,-0.02,-124.06,-82.06,65.12,-1.12,-0.13,-0.06,-0.05,0.00,-0.13,103.19,77.56,22.69,0.56,0.31,0.50,12,16
1771525599.519215,477160,0.27,-0.04,-0.04,-124.31,-82.06,65.19,0.00,0.37,0.19,-0.09,0.00,-0.10,102.94,77.56,22.69,0.44,1.06,-0.19,12,15
1771525599.710227,477351,0.21,-0.03,0.00,-124.62,-82.06,65.19,0.75,-0.25,0.37,-0.04,0.05,-0.14,102.62,77.62,22.69,0.69,-0.31,-0.13,12,16
1771525599.900647,477542,0.27,0.10,-0.06,-124.87,-81.94,65.06,0.06,-0.31,-0.13,-0.05,0.02,-0.16,102.50,77.62,22.69,0.13,0.37,0.00,12,15
1771525600.091239,477733,0.21,0.04,-0.02,-124.87,-82.00,65.06,-0.06,-0.37,0.06,-0.05,0.00,-0.14,102.62,77.62,22.69,0.25,0.37,0.00,12,16
1771525600.281977,477923,0.21,0.07,-0.01,-124.56,-82.06,65.06,-0.56,-0.37,0.44,-0.07,0.03,-0.07,102.62,77.62,22.62,0.75,0.13,-0.06,12,16
1771525600.472817,478114,0.23,0.04,-0.02,-124.62,-82.00,65.06,0.69,-0.88,0.50,-0.08,0.03,-0.13,102.62,77.62,22.62,-0.19,-0.19,0.06,11,15
1771525600.663479,478305,0.25,0.00,0.01,-124.56,-82.06,65.12,-0.37,0.50,0.37,-0.07,0.04,-0.16,102.56,77.62,22.62,-0.06,-0.56,0.50,12,16
1771525600.854108,478495,0.26,-0.05,0.00,-124.75,-82.06,65.19,1.00,0.31,0.50,-0.08,0.02,-0.13,102.06,77.62,22.62,0.75,-1.00,0.37,10,15
1771525601.044742,478686,0.24,0.01,-0.05,-124.75,-82.06,65.12,0.06,0.37,0.00,-0.04,0.04,-0.10,101.87,77.62,22.62,-0.13,0.19,0.00,11,15
1771525601.235324,478877,0.29,0.03,0.00,-124.56,-82.06,65.06,-0.81,0.19,-0.13,-0.04,0.06,-0.13,102.06,77.62,22.56,-0.13,0.44,0.06,11,15
1771525601.426214,479067,0.28,0.09,-0.06,-124.50,-82.06,65.00,-0.06,-0.25,-0.62,-0.05,0.06,-0.14,102.19,77.62,22.56,-0.37,0.25,-0.06,11,16
1771525601.616744,479258,0.26,0.02,-0.01,-124.37,-82.12,65.12,0.50,-1.31,0.31,-0.04,0.04,-0.13,102.25,77.62,22.50,0.56,-0.75,0.00,11,15
1771525601.807417,479449,0.24,0.07,-0.01,-123.94,-82.12,65.06,0.37,0.69,0.19,-0.06,0.07,-0.19,102.31,77.62,22.50,0.13,-0.25,0.37,11,17
1771525601.998324,479640,0.28,0.06,-0.04,-124.12,-82.06,64.94,1.31,-0.94,-0.50,-0.04,0.04,-0.14,102.12,77.62,22.50,-0.19,0.37,-0.19,11,16
1771525602.189088,479830,0.25,0.05,-0.06,-123.94,-82.12,65.00,1.37,-1.12,-0.13,-0.11,0.06,-0.17,102.37,77.62,22.44,0.75,0.00,-0.06,11,16
1771525602.379510,480021,0.22,0.09,-0.02,-123.37,-82.12,64.94,0.25,0.75,-0.06,-0.09,0.00,-0.14,102.31,77.62,22.37,-0.31,-0.25,0.50,11,17
1771525602.570391,480212,0.27,0.05,-0.03,-124.06,-82.12,65.06,-0.31,0.19,-0.94,-0.06,0.00,-0.20,102.25,77.62,22.37,0.13,-0.06,0.13,11,16
1771525602.761097,480402,0.27,0.07,-0.02,-124.37,-82.19,65.19,-1.37,0.13,0.37,-0.07,0.03,-0.18,102.00,77.62,22.44,0.50,0.31,-0.50,11,16
1771525602.951704,480593,0.28,0.06,-0.05,-124.31,-82.19,65.12,0.06,-0.19,0.31,-0.05,0.09,-0.13,101.69,77.62,22.44,-0.25,0.62,0.00,10,15
1771525603.142555,480784,0.25,0.02,-0.04,-123.94,-82.19,65.12,-0.25,-0.88,0.25,-0.07,0.06,-0.19,101.81,77.62,22.37,0.00,-0.06,0.19,10,16
1771525603.331192,480972,0.33,0.13,-0.08,-123.69,-82.25,65.00,-0.62,0.06,-0.62,-0.06,0.09,-0.15,102.12,77.62,22.37,0.94,-2.44,0.25,10,15
1771525603.523652,481165,0.26,0.10,-0.03,-123.25,-82.31,65.12,-0.25,0.31,-0.56,-0.06,0.05,-0.13,102.19,77.69,22.44,0.00,1.06,-0.37,11,17
1771525603.714620,481356,0.25,0.12,-0.07,-124.06,-82.25,65.12,-0.37,0.25,0.37,-0.06,0.02,-0.11,102.50,77.69,22.44,0.44,0.25,0.13,11,16
1771525603.905251,481547,0.28,0.07,-0.07,-124.25,-82.25,65.12,0.50,-0.25,-0.25,-0.08,0.08,-0.10,102.69,77.69,22.44,0.31,0.06,0.13,11,16
1771525604.096113,481737,0.27,0.00,-0.04,-124.12,-82.25,65.12,0.75,-0.81,0.13,-0.07,0.02,-0.09,103.00,77.69,22.44,0.56,-0.37,0.25,11,16
1771525604.286098,481927,0.30,0.03,-0.07,-123.94,-82.25,65.06,-0.06,-0.13,-0.13,-0.10,0.00,-0.11,103.12,77.69,22.44,-0.25,-0.06,0.25,11,16
1771525604.477505,482119,0.30,0.03,-0.09,-123.94,-82.25,65.12,-0.44,-0.25,-0.44,-0.05,0.01,-0.12,103.31,77.69,22.44,0.31,-0.06,-0.06,11,17
1771525604.668280,482310,0.27,0.08,-0.07,-123.25,-82.31,65.06,-1.06,0.44,0.50,-0.07,0.01,-0.12,103.50,77.62,22.37,0.13,0.69,0.19,11,16
1771525604.858908,482500,0.27,0.04,-0.04,-122.94,-82.31,65.12,0.00,0.19,0.75,-0.07,-0.01,-0.13,103.37,77.69,22.37,0.31,0.56,-0.06,11,16
1771525605.049568,482691,0.29,0.07,-0.14,-123.12,-82.25,65.06,0.31,0.62,-0.25,-0.08,0.10,-0.13,103.62,77.62,22.37,1.06,-0.88,0.25,10,15
1771525605.239411,482881,0.22,0.09,-0.03,-122.81,-82.25,65.00,0.88,0.25,-0.25,-0.08,0.03,-0.07,103.56,77.62,22.31,0.19,0.75,0.00,11,15
1771525605.431206,483072,0.28,0.01,-0.03,-123.31,-82.25,65.12,-0.06,-0.19,-0.62,-0.07,-0.01,-0.17,103.50,77.62,22.31,0.13,0.13,0.19,11,15
1771525605.621791,483263,0.30,0.07,-0.06,-123.69,-82.25,65.12,-1.56,0.19,0.50,-0.06,0.02,-0.14,103.31,77.69,22.31,0.69,0.81,-0.69,11,16
1771525605.812271,483454,0.29,0.07,-0.07,-123.81,-82.12,65.00,0.37,0.00,-0.06,-0.07,0.00,-0.09,103.06,77.75,22.31,0.06,0.88,-0.13,12,16
1771525606.002944,483644,0.24,0.00,-0.02,-123.62,-82.12,64.94,0.00,-1.25,-0.19,-0.09,0.05,-0.10,103.25,77.69,22.31,0.19,-1.00,0.69,12,16
1771525606.191275,483833,0.17,-0.11,0.00,-123.25,-82.12,64.94,1.37,-0.50,-0.31,-0.09,0.00,-0.15,102.94,77.69,22.25,0.25,0.37,0.37,12,16
1771525606.384103,484025,0.30,0.04,-0.08,-123.44,-82.06,64.87,0.50,0.37,-0.56,-0.05,0.05,-0.16,102.56,77.75,22.25,0.56,0.00,-0.25,11,15
1771525606.574921,484216,0.28,0.11,-0.04,-123.56,-82.06,64.81,-1.06,0.19,0.69,-0.06,0.01,-0.10,102.44,77.75,22.19,0.19,0.19,-0.19,12,16
