host_time_s,t_ms,ax1,ay1,az1,roll1,pitch1,yaw1,gx1,gy1,gz1,ax2,ay2,az2,roll2,pitch2,yaw2,gx2,gy2,gz2,emg1,emg2
1772052565.896672,1241073,-0.24,-0.25,0.48,-71.87,-76.75,37.88,-6.50,-9.44,-2.62,-0.01,0.00,0.11,-131.94,38.31,280.81,3.75,3.62,4.69,4,1
1772052565.897163,1241263,0.08,0.52,-0.03,-74.19,-76.75,37.19,12.13,14.75,-7.00,-0.18,-0.04,0.19,-132.25,38.81,279.75,7.94,15.94,-8.56,5,1
1772052565.897624,1241454,0.54,-1.78,-0.23,-83.94,-79.31,41.63,0.25,8.19,1.75,0.57,-0.38,0.32,-130.50,40.75,271.56,27.50,25.81,-0.31,5,1
1772052565.898068,1241645,0.54,0.90,-0.29,-88.62,-71.06,26.75,-32.63,25.25,39.94,-0.08,-0.26,-0.30,-130.25,43.00,263.37,14.19,17.50,-4.44,5,2
1772052565.898457,1241836,0.36,0.18,-0.11,-92.00,-68.56,19.50,-8.94,-6.12,-13.88,-0.08,-0.23,-0.33,-130.06,43.44,259.62,10.25,7.12,-6.00,6,2
1772052565.898848,1242026,-0.06,-0.29,-0.09,-89.81,-71.12,21.94,1.87,3.25,-10.25,-0.22,-0.09,-0.19,-131.37,42.88,258.87,2.56,-3.56,-0.88,6,2
1772052565.899235,1242216,-0.03,-0.26,0.05,-90.12,-73.06,24.37,2.94,-4.62,-6.12,-0.08,-0.01,-0.06,-132.06,42.31,259.31,0.25,-2.19,2.12,6,2
1772052565.899611,1242408,-0.05,-0.05,0.05,-88.37,-73.69,25.44,1.94,1.31,-0.75,-0.14,-0.01,0.02,-132.62,42.31,259.37,0.25,-1.19,2.12,5,2
1772052565.899997,1242599,0.00,-0.03,0.01,-88.69,-73.75,26.06,1.81,-1.75,-0.56,-0.05,-0.03,0.02,-133.00,42.38,259.37,-0.13,-1.06,2.19,5,2
1772052565.900374,1242789,0.03,0.00,0.01,-88.44,-73.81,26.50,2.44,-0.69,-0.94,-0.01,-0.02,0.04,-133.31,42.38,259.56,-0.06,-1.56,1.25,6,2
1772052565.900747,1242979,0.04,-0.06,0.06,-88.25,-74.06,27.19,1.56,-1.75,-1.69,-0.08,0.00,0.04,-133.37,42.25,259.94,-0.94,-1.19,-0.13,5,2
1772052566.066150,1243170,-0.02,-0.09,0.02,-88.19,-74.12,27.31,-0.44,0.81,0.13,-0.06,-0.03,-0.01,-133.37,42.19,260.12,-0.13,-0.13,-0.62,4,2
1772052566.257235,1243361,-0.01,0.07,-0.03,-88.94,-74.19,27.31,3.06,1.81,0.19,-0.09,0.00,0.05,-133.25,42.06,260.31,-0.06,0.25,-0.69,4,2
1772052566.448182,1243552,-0.15,0.75,0.17,-91.87,-73.87,28.69,32.50,6.50,7.37,-0.13,0.02,0.04,-133.19,42.06,260.31,-0.37,1.50,1.31,4,2
1772052566.639213,1243743,-0.05,-0.45,-0.02,-101.50,-71.87,34.88,27.37,2.37,4.75,-0.07,-0.02,0.04,-133.37,42.38,260.00,-0.31,-1.81,1.75,3,2
1772052566.829117,1243933,0.02,-0.07,-0.04,-106.37,-72.19,37.13,2.44,4.31,-4.00,-0.08,-0.03,0.01,-133.62,42.38,260.19,-1.12,-1.44,1.37,3,2
1772052567.019563,1244123,-0.97,0.33,0.03,-109.81,-72.50,37.94,2.56,8.19,-3.44,-0.04,-0.08,-0.09,-133.50,42.44,260.31,-3.25,1.44,-5.06,3,2
1772052567.210626,1244314,0.19,0.08,0.22,-128.44,-72.50,43.06,32.13,14.44,-14.75,-0.22,0.03,0.05,-133.62,42.69,260.81,-2.75,-6.19,10.13,3,2
1772052567.401406,1244505,0.10,0.01,-0.10,-148.56,-73.12,53.38,34.13,16.94,-27.12,-0.05,0.00,0.02,-134.69,42.06,263.19,-5.81,-12.63,5.81,3,2
1772052567.592515,1244696,-0.04,-0.17,-0.14,-170.94,-72.00,64.44,21.81,9.88,-21.75,0.01,-0.08,-0.01,-135.75,41.38,266.12,-6.75,-9.25,8.50,3,2
1772052567.782088,1244886,0.16,0.11,0.02,173.12,-70.69,73.94,23.37,8.75,-20.12,0.06,0.00,0.05,-136.44,41.81,267.31,-5.69,-4.87,11.56,3,2
1772052567.972725,1245076,0.04,-0.18,0.11,161.00,-68.25,85.81,41.50,11.38,-12.00,0.51,-0.11,0.49,-137.00,42.44,267.87,-0.37,-0.37,5.87,3,2
1772052568.164144,1245268,0.66,-0.31,-0.64,157.50,-63.88,93.81,-1.06,33.75,-9.75,-0.38,0.31,0.23,-137.81,42.44,266.37,-11.13,-1.12,1.62,4,3
1772052568.355017,1245459,-0.53,-1.15,-0.08,168.31,-64.75,85.62,-38.88,-4.19,68.19,0.66,-0.66,-0.12,-136.87,42.56,268.00,-2.31,-2.06,2.37,4,2
1772052568.545517,1245649,0.00,-0.12,0.29,-163.81,-62.69,62.38,-50.38,26.94,32.19,-0.41,0.57,0.29,-136.12,43.56,265.94,-6.44,9.63,-0.88,4,2
1772052568.735344,1245839,0.61,0.87,0.39,-143.50,-54.94,34.94,-64.50,10.31,52.69,0.27,-0.11,0.04,-135.06,45.50,263.31,11.69,17.75,2.37,4,2
1772052568.925801,1246030,0.24,0.82,-0.37,-132.25,-48.81,17.00,-11.94,14.00,21.62,0.57,0.30,-0.15,-135.06,46.56,259.44,5.81,4.69,-8.31,5,3
1772052569.117599,1246221,1.02,-0.11,-0.02,-132.62,-47.19,12.19,-3.44,-0.13,-26.44,-0.33,-0.21,-0.16,-135.25,46.13,256.56,0.50,-1.81,-7.37,5,3
1772052569.308324,1246412,0.26,-0.63,-0.14,-134.25,-50.06,16.44,0.44,-10.25,5.56,-0.20,-0.18,-0.39,-135.75,44.81,259.25,-8.25,-10.56,8.06,6,3
1772052569.498988,1246603,-0.10,-0.28,-0.10,-129.50,-51.56,17.87,7.31,-15.75,19.37,0.00,-0.25,-0.04,-137.19,43.94,265.62,-28.56,-32.75,20.69,8,3
1772052569.688865,1246793,0.36,-0.03,-0.34,-128.25,-49.06,18.25,22.81,-5.25,15.88,0.30,0.23,0.23,-137.69,41.63,277.12,-28.69,-26.06,19.12,9,3
1772052569.879159,1246983,-0.11,0.00,0.14,-125.81,-51.19,24.00,1.81,-26.31,6.69,0.24,0.05,0.56,-136.19,42.38,281.37,-9.44,0.88,3.50,8,3
1772052570.070639,1247174,0.33,-0.01,0.31,-119.87,-51.81,24.50,-6.12,-20.87,15.38,0.05,-0.17,0.01,-134.37,44.31,280.56,5.87,8.75,5.31,7,3
1772052570.261391,1247365,-0.06,0.61,0.09,-116.69,-51.63,24.56,8.31,-1.56,-4.62,-0.29,-0.12,-0.37,-135.69,45.44,277.37,0.06,-4.69,5.19,7,3
1772052570.452284,1247556,-0.13,-0.53,0.44,-122.69,-53.38,31.12,29.56,4.25,-0.88,-0.28,0.13,0.22,-137.00,47.38,275.69,-4.62,4.81,27.44,8,5
1772052570.642154,1247746,0.24,-0.78,0.76,-125.69,-52.44,34.63,-2.06,2.81,9.94,0.05,-0.48,0.24,-142.31,52.00,267.94,21.75,7.19,36.31,10,5
1772052570.832860,1247937,-0.19,0.99,-1.25,-120.81,-47.75,22.94,-26.87,36.56,20.31,0.49,-0.19,-0.01,-148.62,56.19,256.31,14.69,24.50,3.12,10,6
1772052571.023963,1248128,0.16,-0.35,-0.71,-123.31,-44.75,14.06,-11.63,41.38,4.19,0.71,-0.41,-0.51,-145.19,58.38,250.87,12.19,20.56,-23.00,9,5
1772052571.214414,1248318,1.39,-0.36,-0.24,-126.50,-41.50,7.19,11.00,3.06,-24.94,-0.41,0.88,0.47,-139.75,57.56,252.37,0.19,15.25,-16.87,7,16
1772052571.405858,1248509,-0.06,1.02,0.14,-120.50,-48.00,14.56,-33.50,-50.00,-10.13,-0.17,-0.11,-0.13,-135.62,57.56,252.81,2.25,13.88,-9.31,7,17
1772052571.595850,1248700,-0.01,0.07,0.13,-106.69,-53.50,19.87,-7.56,-39.56,9.50,0.29,-0.33,-0.34,-131.69,57.81,251.69,8.50,13.50,-12.69,6,18
1772052571.786052,1248890,-0.04,0.14,0.47,-99.87,-53.31,20.37,2.37,-8.56,2.62,-0.22,-0.02,-0.23,-129.81,58.19,250.31,12.31,4.12,2.50,6,17
1772052571.977553,1249081,-0.50,0.69,-0.18,-99.44,-52.75,19.12,0.75,21.31,-6.31,0.04,-0.62,-0.74,-133.69,58.25,247.31,5.12,-16.19,-2.94,7,17
1772052572.168156,1249272,0.89,-0.15,-0.70,-111.00,-55.25,21.87,32.38,11.88,-29.12,-0.25,-0.17,-0.46,-135.94,55.31,252.12,-16.50,-19.12,-0.37,7,17
1772052572.358994,1249463,0.55,-1.45,-0.84,-117.12,-59.25,31.62,7.87,-16.62,1.87,-0.19,-0.45,-0.59,-135.12,52.38,260.12,-10.63,-8.44,0.69,6,15
1772052572.548768,1249653,0.35,-0.37,-0.49,-110.31,-58.06,32.81,9.88,-30.25,23.87,-0.09,0.28,0.28,-134.50,52.56,263.19,0.00,8.31,18.50,5,15
1772052572.738844,1249843,-0.62,0.01,1.18,-104.37,-54.50,31.37,0.06,4.44,30.37,1.12,0.41,1.37,-138.00,55.06,259.56,21.69,3.87,8.56,4,14
1772052572.930212,1250034,1.68,0.12,0.77,-116.25,-43.50,10.06,-22.87,135.12,14.13,-0.89,0.34,-0.11,-142.06,58.44,250.12,9.19,23.31,22.19,4,14
1772052573.121187,1250225,0.87,-0.79,-0.60,-122.62,-35.19,348.50,-16.69,31.31,16.69,0.22,-0.30,-0.43,-144.62,63.63,241.62,22.19,29.87,2.62,5,4
1772052573.311808,1250416,0.72,-0.85,-0.18,-120.75,-27.00,332.19,-13.50,26.62,45.31,-0.53,0.63,0.27,-135.37,66.87,238.50,54.13,56.88,-36.25,6,3
1772052573.502281,1250606,2.16,2.55,-1.10,-111.62,-19.75,316.06,-51.69,-5.37,-16.00,0.01,0.07,-0.13,-130.87,66.50,235.69,22.00,-6.25,-17.37,8,2
1772052573.692950,1250796,1.31,0.12,-0.61,-96.56,-33.69,335.56,-47.19,-91.81,-63.75,-0.27,-0.35,-0.52,-134.62,61.69,239.50,-20.25,-37.06,-8.38,8,3
1772052573.883989,1250988,0.00,-0.71,0.47,-85.75,-45.25,356.81,24.50,-29.87,-55.81,0.07,-0.12,-0.32,-136.69,55.44,251.44,-18.81,-37.25,-0.50,8,2
1772052574.074602,1251178,-0.03,-0.89,0.37,-83.94,-51.56,9.19,10.44,-16.31,-18.19,-0.26,0.18,0.19,-138.25,51.06,261.37,-24.94,-23.69,7.69,8,2
1772052574.265223,1251369,0.22,-0.45,-0.31,-81.75,-51.38,13.56,22.69,-13.69,14.31,0.23,-0.17,0.41,-136.50,51.69,265.50,-17.00,22.25,8.31,8,3
1772052574.455355,1251559,1.10,1.20,-0.21,-83.31,-47.88,11.50,-6.12,3.87,21.75,-0.12,-0.01,0.33,-134.37,54.13,264.06,-14.69,-12.50,8.50,13,3
1772052574.645706,1251750,0.07,0.52,0.00,-84.44,-48.63,14.50,35.63,-15.31,-19.25,-0.25,0.11,0.38,-136.25,52.63,266.56,-10.94,-5.69,1.81,13,3
1772052574.837321,1251941,-0.08,-1.06,-0.51,-90.87,-50.38,25.44,27.81,-1.19,7.75,-0.28,0.13,0.19,-135.00,52.25,268.19,-4.75,-8.94,-10.94,14,3
1772052575.027891,1252132,-1.46,0.00,-0.22,-87.69,-49.13,25.37,-10.00,2.12,3.19,-0.16,-0.08,-0.34,-135.25,50.56,269.94,4.44,-5.31,-10.75,14,3
1772052575.218637,1252322,-0.39,0.02,-0.48,-86.00,-50.13,22.75,-0.69,-2.31,-4.12,-0.07,0.03,-0.23,-134.50,49.56,270.62,-0.13,6.06,-6.75,12,3
1772052575.408386,1252512,0.42,0.30,-0.10,-87.56,-49.44,22.00,12.31,23.56,7.56,0.05,-0.15,0.00,-132.44,49.25,271.19,-9.63,2.94,-4.69,12,3
1772052575.598974,1252703,-0.03,0.04,-0.31,-94.00,-47.94,20.81,9.88,14.50,8.81,0.23,-0.17,-0.19,-132.12,49.75,271.87,-4.62,-6.44,8.69,12,3
1772052575.790215,1252894,0.64,0.63,-0.35,-97.31,-47.69,20.25,3.75,-4.87,-15.56,-0.29,0.16,-0.11,-133.81,50.56,271.56,-3.81,-6.37,7.31,12,3
1772052575.981007,1253085,1.12,1.38,-0.40,-89.87,-56.75,31.44,-24.56,-55.69,-124.25,0.48,-0.63,0.07,-133.87,50.19,274.12,-11.19,-12.50,1.31,12,3
1772052576.171900,1253276,0.70,-0.27,-0.12,-39.13,-81.12,65.37,48.81,-28.69,-141.06,-0.09,-0.23,0.45,-135.44,46.50,281.87,-16.69,-42.00,-4.75,11,3
1772052576.361889,1253466,-0.44,-2.02,0.60,54.75,-72.56,92.87,40.25,15.50,-64.00,-0.42,0.06,0.26,-135.37,42.81,291.94,-8.25,-16.81,-4.37,7,3
1772052576.552106,1253656,-0.12,-0.30,0.00,59.88,-71.94,98.62,-0.81,12.38,16.19,0.35,-0.39,-0.13,-136.37,41.69,295.06,-4.00,-7.00,6.31,7,2
1772052576.743127,1253847,0.00,0.59,-0.22,75.19,-74.81,101.62,36.13,41.88,-8.25,0.08,0.03,0.55,-136.19,42.94,294.19,-1.62,4.31,2.37,8,3
1772052576.933726,1254038,-0.31,0.23,-0.45,85.87,-74.06,110.37,31.56,13.38,-14.50,0.13,0.18,0.89,-135.50,44.69,292.37,5.12,9.19,-0.19,7,2
1772052577.124814,1254229,0.10,-1.05,-0.62,90.75,-75.31,110.06,-46.19,-3.81,19.69,0.22,-0.13,0.02,-135.00,45.81,285.56,36.63,20.37,-18.44,8,2
1772052577.314922,1254419,0.08,1.83,-0.31,93.31,-77.75,96.87,-32.94,-5.50,-14.06,0.00,-0.24,-0.06,-136.81,46.13,277.37,20.37,15.00,-8.75,9,2
1772052577.505402,1254609,-0.31,-0.16,-0.36,91.06,-73.75,99.81,-7.50,2.31,-20.31,0.20,-0.47,-0.21,-138.12,46.31,271.00,21.87,4.31,-5.56,7,2
1772052577.696651,1254801,0.63,-0.25,-0.86,96.75,-70.44,101.87,3.56,4.44,-14.56,-0.39,0.36,-0.03,-138.69,46.19,267.94,22.12,16.25,-20.06,8,2
1772052577.887409,1254991,-0.38,-0.37,-0.14,91.31,-69.94,98.25,-47.38,-28.56,3.81,-0.03,-0.26,-0.60,-138.12,45.88,261.06,28.56,19.81,-23.75,8,2
1772052578.078146,1255182,0.34,-0.49,-0.19,80.19,-71.37,86.62,-51.25,-63.50,19.94,-0.88,1.08,1.98,-136.37,45.13,260.12,6.19,19.56,-27.00,8,2
1772052578.268133,1255372,-0.15,1.67,0.17,63.56,-73.56,73.12,-30.75,-8.56,14.63,-0.71,-0.08,-0.52,-135.00,45.06,256.69,8.00,6.69,-2.44,8,2
1772052578.458560,1255562,-0.20,-0.04,0.00,64.37,-71.62,74.37,10.13,1.62,-14.69,-0.14,-0.11,-0.58,-137.81,44.00,257.25,-0.94,-20.56,13.13,8,2
1772052578.649724,1255754,-0.21,0.01,-0.49,69.56,-70.31,78.62,19.50,18.69,-5.56,0.20,-0.08,-0.10,-140.62,42.19,264.50,-28.56,-28.75,19.62,7,2
1772052578.840213,1255944,0.08,-0.05,-0.24,75.94,-70.75,84.37,23.56,12.88,0.31,-0.14,0.25,0.32,-139.75,40.31,275.56,-29.25,-21.37,9.75,7,2
1772052579.031211,1256135,-0.64,-0.25,0.21,74.62,-70.87,88.19,4.37,-8.88,2.25,0.25,-0.16,0.21,-138.19,40.06,279.81,-12.75,1.81,7.50,6,2
1772052579.220984,1256325,-0.06,0.42,-0.38,75.62,-73.62,88.87,19.94,18.50,16.00,0.16,0.00,0.34,-136.25,41.94,280.44,-8.44,1.87,5.31,5,2
1772052579.411402,1256516,-0.04,0.26,0.06,80.87,-76.37,89.56,6.69,5.69,6.19,0.00,0.02,0.26,-135.44,42.50,281.81,-4.94,-5.87,6.69,6,2
1772052579.602800,1256707,-0.44,-0.24,0.15,89.94,-78.50,89.37,2.75,35.75,20.50,-0.02,0.00,0.09,-135.75,42.63,284.06,-8.13,-4.75,10.00,7,2
1772052579.793457,1256898,-0.26,-0.59,-0.39,109.87,-79.19,90.37,4.69,10.50,10.69,0.49,0.38,1.01,-135.31,43.56,283.87,15.88,6.06,-5.56,7,2
1772052579.984379,1257089,0.90,-2.12,1.85,174.44,-79.62,68.87,-179.62,56.94,75.62,-0.23,-0.25,-0.45,-136.06,42.00,277.87,27.87,21.37,-26.06,8,2
1772052580.174538,1257279,0.03,0.59,1.24,-125.81,-68.56,15.38,-146.37,35.56,57.06,0.04,-0.90,-0.75,-133.00,45.13,265.19,47.88,59.06,-16.62,9,2
1772052580.364861,1257469,1.19,1.02,1.04,-107.56,-55.38,332.12,-112.75,62.88,59.13,-0.65,0.40,-0.25,-132.81,48.94,251.37,39.06,39.38,-6.87,10,2
1772052580.555899,1257660,0.70,0.65,0.06,-101.69,-45.88,310.44,-15.06,2.31,29.75,0.31,-0.27,0.06,-132.37,53.31,239.19,21.12,24.69,2.44,10,2
1772052580.746794,1257851,0.31,0.82,0.00,-98.87,-39.94,304.25,10.38,-6.87,13.50,-0.04,0.18,-0.37,-132.25,55.44,232.62,11.38,7.06,-8.31,10,2
1772052580.938223,1258042,0.16,-0.54,-0.31,-100.06,-43.06,308.25,-9.06,-3.56,-42.13,-0.31,-0.48,-0.57,-134.56,52.50,234.25,-2.00,-20.19,-1.69,10,2
1772052581.128209,1258232,-0.08,-0.20,-0.31,-99.69,-48.75,314.19,19.06,-6.37,-14.00,-0.51,-0.13,-0.65,-138.12,49.13,240.50,-26.69,-28.44,12.81,10,3
1772052581.318341,1258422,0.52,0.93,-0.10,-104.94,-52.13,325.94,64.56,-29.69,-17.44,0.36,-0.19,-0.13,-139.00,47.00,250.44,-35.69,-15.94,18.31,9,3
1772052581.509414,1258614,-0.35,-0.65,1.45,-115.12,-56.00,1.81,207.75,-90.56,41.38,0.28,0.12,0.65,-137.19,47.88,260.81,-44.13,-29.87,27.25,8,3
1772052581.700132,1258804,-0.34,-0.60,0.41,-117.37,-57.00,30.62,34.56,-42.56,9.25,0.27,0.13,0.62,-135.94,48.00,272.06,-38.63,-29.19,19.69,8,3
1772052581.890838,1258995,0.33,-0.49,0.09,-110.62,-59.44,35.81,-12.06,-29.81,2.31,-0.03,0.08,0.31,-134.56,46.75,280.69,-19.56,-19.56,4.19,8,3
1772052582.080933,1259185,-0.85,0.52,0.73,-92.56,-61.56,33.38,-50.69,-23.75,-16.75,0.19,-0.23,0.01,-135.31,46.69,281.50,5.44,-3.12,-2.44,7,2
1772052582.271029,1259375,0.05,0.00,0.10,-88.50,-62.31,31.00,-2.50,4.87,8.44,0.12,-0.21,-0.04,-136.56,46.19,280.94,2.44,-8.13,4.50,7,3
1772052582.462236,1259567,0.47,0.05,-0.12,-91.37,-60.63,29.87,16.87,0.62,-0.75,0.11,0.02,0.11,-137.06,46.00,282.25,4.87,6.06,0.31,7,3
1772052582.653131,1259757,0.11,1.35,0.29,-90.06,-61.88,33.56,24.25,1.31,-2.19,-0.01,-0.07,-0.05,-137.25,46.81,280.37,0.50,0.06,0.06,8,3
1772052582.844075,1259948,0.31,-0.72,-0.18,-99.31,-63.31,45.19,47.94,-1.69,-23.56,-0.26,0.15,0.00,-137.31,46.81,281.06,-4.56,-3.00,3.25,7,3
1772052583.033993,1260138,1.42,3.14,2.46,-118.31,-69.00,71.06,245.06,-28.37,-6.37,0.53,-0.23,0.53,-138.19,48.44,277.81,-2.12,-11.44,16.69,7,3
1772052583.224455,1260328,-0.56,-1.73,0.57,-129.75,-72.75,119.50,99.81,-54.44,-3.62,0.24,-0.08,0.31,-142.56,47.00,285.31,-20.87,-43.38,21.25,8,3
1772052583.415937,1260520,-0.62,-1.18,0.68,-133.56,-80.44,134.87,21.62,-11.13,-33.38,0.04,-0.41,-0.22,-146.94,44.63,287.62,2.69,-8.50,9.19,9,3
1772052583.606762,1260711,-0.03,-0.90,0.12,-177.94,-83.69,141.56,-4.37,-2.94,-9.44,0.13,-0.27,-0.28,-148.75,43.94,287.75,-6.94,0.13,-2.31,9,3
1772052583.797165,1260901,-0.03,0.26,-0.05,-178.50,-84.00,141.19,-9.56,5.81,15.06,0.33,0.00,0.25,-146.12,44.31,290.56,-13.38,7.25,-3.44,10,3
1772052583.986947,1261091,0.24,0.56,-0.39,-141.44,-81.25,135.75,-13.56,7.37,23.31,0.22,0.28,0.79,-142.56,45.25,292.62,-1.62,9.75,-14.63,12,4
1772052584.177246,1261281,-0.69,-2.94,2.08,-132.44,-77.31,115.62,-259.00,62.56,-22.69,0.20,0.05,0.02,-140.69,43.50,294.62,11.31,-4.62,-14.75,11,3
1772052584.368900,1261473,0.53,2.32,1.24,-121.94,-74.00,65.87,-104.25,2.81,10.75,-0.21,0.14,-0.03,-139.75,43.81,290.94,7.06,20.56,-5.75,12,3
1772052584.560039,1261664,0.03,-1.10,0.57,-99.19,-71.44,53.00,-66.62,-30.37,36.75,0.31,-0.13,-0.10,-139.31,46.13,284.56,17.44,15.94,-4.94,11,3
1772052584.750562,1261855,0.48,0.76,0.35,-87.37,-68.75,40.31,-11.81,9.50,0.88,0.06,-0.10,-0.05,-137.81,47.19,280.00,10.63,14.31,-10.44,13,3
1772052584.940470,1262045,0.17,0.29,0.52,-86.00,-68.00,39.25,4.00,-2.12,-4.87,-0.25,0.13,-0.04,-137.25,46.88,278.87,6.31,3.19,-5.87,14,3
1772052585.130470,1262235,-0.09,0.23,0.33,-84.25,-69.62,42.13,11.88,1.00,-11.75,-0.11,0.00,-0.14,-137.44,46.75,277.31,6.19,1.69,-2.44,14,4
1772052585.321987,1262426,0.68,4.56,1.73,-94.87,-71.62,55.00,206.50,-15.75,-7.19,0.17,0.03,-0.03,-138.19,47.63,274.06,0.44,9.25,9.56,13,4
1772052585.513125,1262617,0.29,-3.16,0.84,-122.37,-72.19,111.81,204.50,-57.19,3.19,-0.03,0.31,0.27,-140.50,47.75,276.06,-13.75,-34.81,27.12,16,4
1772052585.704095,1262808,0.15,-0.49,0.41,-122.69,-80.81,131.75,22.81,-19.37,-21.56,0.21,-0.39,-0.27,-145.37,45.38,279.69,1.37,-7.87,9.38,15,3
1772052585.893757,1262998,-0.84,-1.66,0.46,-174.87,-84.06,136.12,-16.44,8.44,-10.69,-0.02,0.01,-0.22,-147.12,46.44,273.87,26.37,19.81,-7.62,14,3
1772052586.084013,1263188,0.25,0.24,-0.03,-175.00,-83.50,131.56,-20.44,4.12,-3.69,-0.18,0.19,-0.16,-148.12,46.75,268.00,11.38,4.87,-13.69,13,3
1772052586.276015,1263380,-1.02,-3.96,1.33,-126.69,-82.81,121.06,-191.56,31.44,-17.56,-0.13,-0.35,-0.45,-145.00,43.25,269.87,19.12,-1.50,-41.81,13,3
1772052586.466559,1263571,0.76,1.69,1.17,-153.94,-80.00,79.50,-139.25,20.69,-1.06,-0.69,0.17,-0.50,-142.94,42.19,269.31,-1.19,12.31,-9.94,15,3
1772052586.657466,1263761,0.13,-0.94,0.61,-137.12,-75.94,62.88,-41.81,6.31,40.63,-0.17,-0.11,-0.33,-141.56,43.50,268.06,-8.50,6.06,7.94,13,3
1772052586.847237,1263951,-0.49,1.63,0.48,-108.56,-73.19,44.56,-60.50,-4.56,-5.87,0.47,-0.20,0.05,-140.25,45.88,266.81,-8.75,6.31,-0.31,14,3
1772052587.037269,1264141,1.02,-0.02,0.07,-106.56,-70.37,37.38,-11.00,-3.44,24.37,-0.13,-0.04,0.00,-138.62,45.56,270.31,-8.94,-4.81,9.81,12,2
1772052587.228859,1264333,-0.12,0.61,0.52,-96.00,-67.25,33.38,4.37,-9.06,14.25,-0.04,0.17,0.07,-138.81,45.75,274.31,-17.19,-12.63,11.63,12,2
1772052587.419442,1264524,0.09,-0.44,0.08,-96.12,-66.37,35.63,20.12,-6.69,-2.56,0.12,0.03,0.20,-138.62,45.75,276.31,1.19,0.00,0.88,10,3
1772052587.610268,1264715,-0.24,0.32,0.43,-94.06,-66.31,37.50,4.12,0.19,9.06,0.13,0.02,0.12,-138.56,46.06,278.00,-9.75,-8.81,9.69,10,3
1772052587.800142,1264904,0.00,0.43,0.04,-97.00,-64.37,37.56,34.06,1.94,6.19,-0.06,-0.10,-0.21,-139.69,45.81,280.37,-10.31,-10.31,12.69,9,3
1772052587.990237,1265095,1.54,4.05,0.67,-106.75,-66.44,51.75,160.44,-31.69,-23.44,0.55,-0.44,-0.04,-139.87,46.69,281.37,-7.06,14.00,6.62,10,3
1772052588.182206,1265286,-0.77,-4.23,0.76,-119.25,-67.31,108.50,152.12,-75.19,56.31,0.28,-0.24,0.48,-138.62,46.56,285.62,-22.12,-27.00,12.56,9,3
1772052588.373386,1265477,-0.10,-0.17,0.34,-110.00,-70.69,116.87,1.19,-11.00,-17.81,-0.05,-0.10,-0.02,-139.94,43.94,293.75,-2.69,-10.31,3.94,8,3
1772052588.563938,1265668,-0.31,-0.57,0.16,-105.81,-72.62,120.69,18.37,-11.56,3.62,0.21,-0.40,-0.07,-140.56,43.81,295.19,-10.44,-8.88,5.25,9,3
1772052588.753520,1265858,0.06,-0.45,-0.11,-104.81,-74.00,123.62,-4.75,0.81,5.75,0.25,-0.10,0.15,-140.44,43.31,297.69,-1.87,-0.37,-1.81,8,2
1772052588.943938,1266048,-1.43,-4.22,1.44,-102.75,-73.56,113.44,-185.44,50.19,-23.50,0.40,-0.13,-0.16,-140.06,42.38,298.25,15.19,-1.25,-14.75,9,2
1772052589.135277,1266240,0.78,2.29,0.88,-107.56,-75.12,72.44,-106.75,21.37,9.31,-0.27,-0.02,-0.09,-139.00,42.31,295.75,1.69,16.06,-5.50,8,2
1772052589.326258,1266431,-0.29,-0.56,0.32,-94.25,-71.00,58.44,-62.19,-9.44,24.31,0.33,-0.24,-0.19,-138.56,43.44,294.00,1.00,-0.31,3.12,9,2
1772052589.516924,1266621,0.25,0.93,0.11,-85.56,-69.00,45.75,-13.13,9.69,-0.88,0.14,-0.02,0.04,-138.44,44.69,292.31,-1.00,5.12,0.56,8,2
1772052589.706586,1266811,0.00,0.15,0.37,-86.44,-69.25,45.19,0.25,-5.50,1.06,-0.02,0.07,0.05,-138.06,44.63,293.00,-0.94,-2.12,-0.25,8,2
1772052589.896603,1267001,-0.05,-0.02,0.30,-85.56,-69.56,46.19,5.81,3.00,0.69,0.05,-0.21,-0.19,-138.06,44.50,293.56,0.37,-0.50,-0.25,7,2
1772052590.088317,1267193,0.13,-0.28,0.07,-89.12,-69.00,46.38,-2.37,-0.06,4.37,0.05,-0.09,0.02,-138.06,44.38,293.50,-0.56,-1.19,5.44,7,2
1772052590.279219,1267384,-0.04,0.19,0.34,-89.19,-66.62,44.19,11.50,8.06,23.25,0.01,-0.01,0.02,-139.19,44.94,293.56,-2.12,-3.75,8.19,8,3
1772052590.470254,1267575,0.45,0.11,-0.06,-98.62,-62.00,45.00,58.13,3.94,16.81,-0.10,-0.07,-0.07,-139.81,45.19,294.81,-11.25,-5.94,8.38,6,2
1772052590.659604,1267764,0.02,-1.30,-0.12,-111.31,-61.63,54.13,42.44,8.88,-10.25,0.18,0.53,0.57,-139.19,45.13,295.62,6.25,3.69,-2.25,6,2
1772052590.850053,1267954,0.51,-1.16,-0.21,-109.75,-62.94,56.19,-35.38,-19.25,-9.19,0.30,-0.03,0.34,-139.75,45.63,294.12,-5.06,-5.87,7.81,7,2
1772052591.041352,1268146,-0.01,1.50,0.43,-89.62,-66.56,45.81,-49.56,0.37,-7.62,-0.08,0.02,0.02,-140.06,45.75,293.50,1.19,6.81,-2.81,7,2
1772052591.232296,1268337,0.09,-0.04,0.02,-86.69,-68.25,46.56,15.31,2.87,-20.31,0.08,0.26,0.17,-138.81,46.31,291.50,13.81,10.19,-12.06,7,2
1772052591.423116,1268528,0.26,-0.09,0.19,-91.87,-72.00,52.81,17.81,2.50,-19.81,0.07,-0.07,0.00,-138.31,46.31,288.19,13.00,7.87,-9.00,7,3
1772052591.612942,1268717,0.96,3.02,0.81,-98.87,-75.50,63.94,117.81,-11.25,-15.94,-0.05,0.00,-0.47,-138.75,47.06,283.25,18.87,21.62,-6.69,7,3
1772052591.802829,1268907,0.12,-3.24,1.04,-111.31,-77.69,113.00,222.00,-46.31,-15.25,-0.17,0.25,0.15,-140.00,47.69,280.44,3.19,-15.75,14.13,8,2
1772052591.995140,1269099,-0.89,-0.95,0.56,-176.94,-86.75,131.44,-35.94,-1.75,-38.13,-0.17,-0.16,-0.29,-145.06,46.13,276.69,25.69,7.56,-5.19,8,3
1772052592.185918,1269290,-0.57,-0.42,0.01,179.94,-88.19,128.62,-32.75,10.50,1.12,0.29,-0.37,-0.23,-146.50,48.19,267.00,11.31,15.44,-6.69,6,3
1772052592.377215,1269481,-0.31,-0.78,-0.44,-179.06,-85.94,123.62,-22.62,10.63,8.44,-0.04,-0.51,-0.85,-146.87,49.44,260.31,19.94,1.56,-15.00,10,3
1772052592.566504,1269671,-0.96,-4.39,1.57,179.00,-85.00,114.00,-198.69,0.19,-49.06,-0.48,0.00,-0.54,-145.31,46.19,261.00,24.37,12.00,-36.63,9,3
1772052592.756428,1269861,-0.08,1.23,0.66,165.69,-79.44,77.25,-119.75,11.88,10.69,-0.29,-0.33,-0.69,-144.06,45.38,259.87,-4.19,4.31,-6.06,9,3
1772052592.948148,1270052,0.61,-0.04,-0.27,-157.44,-78.75,63.06,-6.87,-20.56,24.87,-0.14,0.08,-0.10,-142.44,44.63,264.69,-20.12,-4.94,4.50,9,3
1772052593.139364,1270244,-0.58,-0.58,0.49,-105.87,-81.81,55.69,-64.87,-68.94,11.31,0.49,-0.47,-0.09,-140.94,44.81,267.31,-0.50,-0.06,-2.56,9,3
1772052593.330242,1270435,-0.13,0.74,0.39,-65.44,-78.50,47.50,1.87,-7.69,14.75,-0.01,-0.11,-0.01,-139.75,43.81,272.00,-14.81,-12.38,9.44,9,4
1772052593.519679,1270624,-0.24,-0.28,0.22,-67.12,-75.75,47.50,19.69,0.56,17.87,0.25,0.39,0.19,-139.00,43.19,279.56,-19.31,-10.63,11.19,8,4
1772052593.709469,1270814,-0.35,0.00,0.46,-75.06,-72.62,46.06,4.81,6.87,24.56,-0.12,-0.01,0.16,-137.75,43.88,282.37,-13.19,-8.81,14.94,7,4
1772052593.900804,1271006,0.48,0.33,0.22,-90.25,-68.69,46.13,81.44,6.56,2.87,0.74,0.18,0.56,-137.56,44.81,284.81,-2.62,9.25,0.56,8,4
1772052594.092668,1271197,0.54,-0.84,-0.11,-97.31,-67.75,51.44,-28.00,-3.56,26.06,-0.03,-0.03,0.33,-137.94,45.31,282.44,9.25,-1.37,0.50,9,3
1772052594.283202,1271388,0.18,-0.18,0.16,-94.31,-63.63,41.06,-31.62,31.19,14.19,-0.11,0.30,0.19,-139.56,44.88,280.00,18.81,4.75,-8.94,6,3
1772052594.472887,1271577,-0.12,-0.52,0.14,-100.19,-62.63,34.25,-10.88,38.56,-4.19,0.37,-0.34,0.10,-139.75,45.75,272.25,26.00,15.94,-15.19,7,3
1772052594.662862,1271767,0.30,-0.14,-0.18,-105.75,-59.31,23.37,-42.69,25.94,21.00,-0.13,0.13,-0.24,-140.69,46.19,265.31,33.38,22.31,-21.37,8,3
1772052594.854663,1271959,0.25,0.99,0.26,-98.69,-57.56,12.88,-33.69,-1.81,-7.75,-0.04,-0.24,0.05,-140.31,47.19,258.06,12.06,14.00,-9.63,8,2
1772052595.045946,1272150,0.20,0.02,-0.73,-95.00,-59.75,12.56,1.37,3.50,-28.62,-0.31,0.04,-0.30,-139.31,45.69,259.19,0.19,-11.44,-13.88,8,2
1772052595.237166,1272341,-0.08,-0.63,0.55,-93.62,-63.75,17.06,2.62,-15.50,-5.06,-0.40,-0.09,-0.35,-140.69,42.31,265.19,-12.38,-21.94,11.19,8,2
1772052595.426523,1272531,-0.38,-0.43,0.05,-89.44,-65.31,20.94,16.50,2.56,-9.38,-0.12,-0.04,-0.16,-141.69,40.44,271.25,-5.75,-9.25,6.44,8,2
1772052595.616252,1272720,-0.21,-0.35,0.04,-96.37,-66.56,25.69,36.81,11.69,9.63,-0.04,-0.07,-0.04,-142.31,41.00,272.25,-11.31,-0.25,15.88,8,2
1772052595.807763,1272912,0.19,0.00,-0.20,-106.87,-62.69,28.44,36.75,11.63,14.06,0.23,-0.25,0.00,-142.12,42.63,273.50,-21.81,-5.56,16.37,9,2
1772052595.998717,1273103,0.28,-1.32,-0.55,-116.19,-59.75,31.87,21.62,10.63,15.50,0.27,0.34,0.35,-140.19,43.88,275.44,14.50,15.13,5.81,10,2
1772052596.190057,1273295,0.89,0.19,-0.29,-106.50,-55.50,24.62,-39.13,-21.56,25.06,0.26,-0.07,0.19,-140.81,45.88,272.69,-11.44,-2.06,6.44,10,2
1772052596.379791,1273484,-0.27,0.84,0.24,-88.87,-56.88,20.75,-40.00,-22.94,-24.00,0.23,-0.06,0.23,-141.25,46.44,273.44,-5.56,-11.25,0.75,10,2
1772052596.569472,1273674,-0.01,0.97,0.26,-83.44,-59.63,23.31,29.31,-7.31,-15.75,-0.08,0.16,0.16,-141.31,45.13,277.44,-9.88,-8.00,3.50,10,2
1772052596.761406,1273866,-0.21,-0.77,-0.04,-88.31,-61.56,34.69,31.69,-13.63,-10.88,0.28,-0.12,0.03,-141.37,45.00,278.94,-1.19,-3.94,2.12,10,2
1772052596.952683,1274057,0.09,0.13,-0.13,-88.87,-64.19,39.56,3.44,-0.50,-12.75,0.19,-0.16,0.01,-141.37,44.88,279.87,-3.69,-2.06,-0.62,10,2
1772052597.143378,1274248,0.52,-0.60,-0.18,-84.19,-68.94,42.13,-58.25,-10.63,-55.50,0.58,-0.24,0.17,-141.00,44.38,280.56,4.06,-1.81,-8.38,10,2
1772052597.332902,1274437,0.09,-0.17,-0.23,-69.44,-78.37,46.69,13.75,0.62,-30.56,-0.12,0.17,0.07,-140.00,42.63,282.50,5.94,-3.50,-14.50,11,2
1772052597.522868,1274627,-0.34,-0.18,0.54,-63.88,-79.44,49.69,3.44,-0.62,0.19,-0.14,0.13,-0.04,-140.06,41.13,283.81,1.56,-1.31,-2.06,10,2
1772052597.714367,1274819,-0.49,0.14,0.20,-73.62,-79.19,49.38,11.81,22.81,20.00,0.11,-0.07,0.06,-140.25,41.38,283.00,-1.25,0.37,4.75,9,2
1772052597.905737,1275010,0.34,-0.76,-0.11,-105.87,-72.19,47.19,36.75,39.13,28.12,-0.19,0.03,-0.11,-141.44,42.88,277.56,21.81,26.75,-4.12,8,2
1772052598.096592,1275201,-0.16,-0.76,-0.41,-114.75,-67.94,44.38,-19.12,15.88,29.25,0.42,-0.15,0.49,-139.37,46.06,271.31,-1.56,19.25,-8.00,11,2
1772052598.286043,1275391,0.56,0.56,0.49,-111.75,-59.44,22.75,-100.44,55.38,19.56,-0.35,-0.17,-0.56,-138.19,47.13,263.44,28.00,21.81,-22.19,11,3
1772052598.475769,1275580,0.72,2.81,0.13,-114.00,-62.25,7.81,-9.19,26.25,-71.81,-0.01,0.03,-0.24,-138.44,46.94,258.37,19.62,21.37,-16.19,11,4
1772052598.667811,1275772,0.65,-0.42,0.84,-159.94,-73.12,46.56,162.00,-8.25,-75.06,0.24,0.16,0.43,-137.75,48.38,253.25,9.94,-2.62,5.94,10,3
1772052598.859347,1275964,-0.15,-0.77,-0.04,145.19,-74.12,79.31,17.94,-9.06,-40.63,-0.19,0.02,-0.21,-142.81,46.63,251.87,15.88,-18.44,0.13,10,3
1772052599.050127,1276154,-0.29,-0.68,-0.11,130.06,-71.50,86.06,2.25,-3.31,-0.06,-0.11,-0.14,-0.49,-146.81,44.69,249.37,12.19,-1.06,-2.25,10,3
1772052599.239489,1276344,-0.01,-0.24,-0.25,132.37,-72.12,85.44,-8.81,2.62,1.37,-0.11,0.04,-0.29,-147.44,44.94,245.06,12.31,16.19,-15.00,10,3
1772052599.429294,1276534,-0.17,0.32,-0.01,137.37,-72.94,79.50,-27.37,-11.44,17.44,-0.19,0.11,-0.10,-145.50,45.50,243.31,1.44,7.62,-5.37,10,3
1772052599.621296,1276726,0.05,0.01,-0.04,163.06,-79.12,64.81,-42.19,-14.44,57.63,-0.04,-0.22,-0.36,-145.19,44.44,246.81,-24.00,-18.37,6.19,11,3
1772052599.812386,1276917,-0.03,1.11,0.20,-131.62,-81.06,49.06,-25.56,-31.75,8.50,-0.05,0.06,-0.16,-144.06,43.19,253.06,-12.63,0.94,3.00,10,3
1772052600.003290,1277108,-0.19,0.53,0.28,-173.81,-83.44,50.00,16.12,-3.44,5.31,0.30,-0.24,0.11,-143.44,43.63,257.62,-26.56,-18.06,23.44,9,4
1772052600.192768,1277297,0.09,0.61,-0.17,-111.62,-81.31,51.00,22.37,10.19,9.25,0.39,-0.02,0.57,-143.19,43.88,265.56,-33.56,-24.19,24.62,9,4
1772052600.382392,1277487,0.18,0.58,0.19,-110.81,-78.06,52.56,28.69,-6.12,8.63,0.17,0.15,0.32,-142.06,43.75,274.19,-20.44,-15.69,15.00,9,3
1772052600.574476,1277679,0.10,0.19,0.25,-120.12,-77.75,63.06,84.94,-1.06,6.44,-0.02,0.03,0.26,-141.56,44.19,278.87,-17.75,-7.44,16.62,9,3
1772052600.765515,1277870,0.74,2.06,0.35,-134.56,-79.31,85.56,181.75,-38.44,10.94,0.62,0.28,0.48,-140.12,45.56,282.75,-18.56,-7.69,20.12,9,3
1772052600.956769,1278061,0.76,-2.15,0.04,-101.06,-72.87,122.56,177.62,-83.75,53.44,0.52,-0.57,0.21,-140.44,44.38,293.94,-51.13,-45.94,25.87,9,4
1772052601.146299,1278251,-0.29,-0.39,0.45,-76.37,-75.37,142.44,53.63,-24.25,-30.87,0.14,-0.17,0.28,-141.56,41.38,307.44,-16.31,-17.06,25.19,9,4
1772052601.336323,1278440,-0.63,-1.44,-0.04,-64.06,-78.62,153.19,9.25,-2.81,-13.44,0.43,-0.52,-0.01,-142.87,42.44,307.87,-5.50,-1.31,6.56,9,5
1772052601.527826,1278632,-0.82,-3.29,-0.20,-69.69,-80.25,153.44,-23.31,11.31,9.88,0.94,0.11,0.89,-142.19,43.19,307.12,6.25,-5.50,-28.12,8,6
1772052601.719032,1278824,1.68,2.64,5.91,-174.12,-84.06,97.75,-430.31,67.19,8.88,-0.18,-0.30,-0.43,-142.94,40.50,304.37,20.81,25.19,-24.75,11,6
1772052601.910059,1279015,0.20,2.22,1.09,-81.06,-77.75,51.44,-27.81,-13.38,43.81,0.17,-0.14,0.07,-141.19,43.13,297.44,3.12,28.69,-0.69,9,5
1772052602.099250,1279204,0.28,0.99,0.20,-78.62,-71.00,46.69,20.06,-8.50,25.56,0.35,-0.05,0.37,-139.94,46.06,292.94,2.31,7.31,1.87,9,5
1772052602.289235,1279394,0.23,0.51,0.23,-83.44,-66.87,47.56,53.00,-1.44,15.00,0.02,0.17,0.09,-139.69,46.44,292.75,1.75,-3.31,-4.62,8,5
1772052602.481483,1279586,0.06,-0.30,0.06,-85.87,-67.94,53.44,-0.06,-9.31,-17.19,0.21,-0.31,-0.09,-140.25,45.50,293.00,1.06,-7.62,-0.75,8,6
1772052602.672795,1279777,0.10,-0.09,-0.09,-81.37,-69.31,53.19,-28.06,-5.81,-11.44,0.02,-0.19,-0.09,-141.44,44.50,293.12,8.63,1.69,-5.94,9,6
1772052602.863234,1279968,0.11,-0.31,0.00,-78.12,-71.44,51.44,-10.13,4.00,0.62,-0.02,0.07,0.04,-141.37,44.44,290.50,8.94,10.25,-3.37,10,5
1772052603.052867,1280158,-0.30,0.41,0.12,-79.37,-70.00,49.19,5.87,10.25,10.38,0.07,-0.10,-0.11,-141.19,45.31,288.00,1.69,3.12,-2.56,11,5
1772052603.242580,1280347,0.26,-0.18,-0.10,-89.31,-68.62,48.50,5.25,7.19,3.62,0.00,0.00,-0.08,-141.12,45.25,287.31,1.50,-2.19,-2.00,11,4
1772052603.434730,1280539,0.20,-0.65,-0.40,-92.25,-69.50,48.31,-1.81,2.00,-18.37,0.12,-0.12,-0.25,-140.37,44.69,284.94,23.44,19.37,-18.62,12,3
1772052603.625932,1280730,-0.21,0.36,0.47,-88.37,-70.44,48.13,4.44,-8.44,15.56,-0.16,-0.08,-0.27,-140.06,45.94,279.25,6.69,7.56,-1.44,12,3
1772052603.816823,1280921,0.17,0.09,-0.22,-92.00,-68.87,47.38,-4.62,6.87,-8.38,0.05,-0.13,-0.17,-140.62,45.88,278.37,5.00,-1.25,-2.62,12,3
1772052604.006764,1281111,-0.21,-0.18,-0.14,-92.81,-70.75,48.38,-6.69,-1.50,-4.12,-0.17,-0.13,0.02,-140.19,45.63,277.25,-2.19,0.19,-6.25,13,2
1772052604.196008,1281301,0.02,-0.01,0.37,-90.75,-70.31,47.31,3.37,-10.50,-2.19,-0.18,0.07,-0.17,-139.19,45.13,278.94,12.13,3.69,-4.87,14,2
1772052604.388068,1281493,-0.22,0.04,0.06,-85.94,-71.25,47.88,-5.00,1.69,-6.37,0.10,-0.20,-0.26,-140.87,44.75,277.62,-1.31,-4.12,4.00,13,2
1772052604.579123,1281684,0.10,-0.10,-0.21,-89.69,-72.12,48.25,0.94,5.25,-3.50,-0.23,0.05,-0.18,-141.56,44.31,278.25,-1.00,-2.56,0.62,13,2
1772052604.770338,1281875,-0.09,-0.02,0.18,-89.25,-73.25,50.25,9.25,-3.69,-3.37,0.06,-0.19,-0.14,-141.75,44.13,279.44,-7.75,-5.00,6.75,13,2
1772052604.959471,1282064,0.27,-1.37,-0.24,-93.81,-73.56,50.69,-21.62,10.69,4.50,-0.11,0.16,0.07,-140.56,43.75,280.94,-4.19,-1.25,0.69,13,2
1772052605.149381,1282254,0.03,0.83,0.64,-88.37,-68.50,41.50,-2.75,-1.62,33.44,-0.08,0.28,0.15,-140.81,44.25,282.19,-8.56,-6.19,9.69,13,2
1772052605.341166,1282446,0.11,0.48,0.22,-93.06,-64.75,39.19,19.31,13.25,8.44,-0.10,-0.08,-0.17,-140.94,44.44,283.50,-2.62,3.44,8.38,12,3
1772052605.532025,1282637,0.81,0.60,0.00,-113.25,-69.25,53.31,90.37,19.19,-74.25,0.23,0.11,0.39,-140.56,45.25,284.00,-6.37,-5.56,0.50,11,3
1772052605.723353,1282828,0.12,-0.59,-0.06,-166.81,-77.81,83.31,49.56,-8.38,-62.13,0.07,0.10,0.29,-141.00,44.06,286.56,-1.31,-10.19,0.50,12,3
1772052605.912964,1283018,0.00,-0.85,-0.30,144.44,-79.31,98.25,16.87,-30.06,-28.94,-0.11,0.42,0.33,-141.00,43.56,287.44,3.00,-0.25,-5.50,12,3
1772052606.102606,1283207,-0.59,-1.20,0.53,5.69,-84.25,89.69,-100.94,-59.00,23.06,0.15,-0.33,-0.45,-142.62,42.50,285.06,19.31,1.87,-15.13,12,3
1772052606.294424,1283399,-0.09,0.68,0.54,2.31,-85.12,72.69,-21.56,-6.19,17.62,-0.17,0.04,-0.06,-142.12,42.31,282.50,1.06,9.69,-5.25,12,3
1772052606.485241,1283590,-0.28,0.29,0.32,-1.56,-85.00,67.56,6.31,8.56,23.37,0.14,0.07,0.14,-141.25,43.00,281.56,3.37,7.19,-1.81,13,3
1772052606.676496,1283781,0.15,-0.57,-0.01,-75.19,-81.31,63.06,5.19,12.81,44.81,-0.11,0.09,-0.08,-140.81,43.63,279.75,9.00,10.25,-7.81,13,2
1772052606.866079,1283971,0.08,-0.41,-0.30,-92.12,-75.12,54.88,-18.31,20.56,32.06,-0.12,-0.04,-0.30,-140.50,44.31,274.25,18.62,23.25,-17.06,13,2
1772052607.055852,1284161,0.32,-0.84,0.12,-90.12,-71.12,44.50,-63.75,-11.25,27.69,0.15,-0.39,-0.03,-140.31,45.69,267.62,7.69,6.31,1.62,13,2
1772052607.247786,1284353,-0.19,1.67,0.57,-77.50,-66.62,28.37,-47.56,7.69,0.37,0.12,-0.01,-0.09,-139.44,46.44,266.37,3.62,11.81,-6.56,13,2
1772052607.439055,1284544,0.51,-0.09,-0.17,-79.94,-67.81,26.25,2.31,7.00,-6.50,-0.48,0.19,-0.18,-138.37,45.69,267.31,-6.87,-7.00,1.75,13,2
1772052607.629973,1284735,-0.02,0.28,0.23,-79.56,-68.12,27.81,18.06,1.75,-0.62,-0.21,0.11,-0.08,-139.37,44.63,271.19,-8.00,-13.31,6.44,13,2
1772052607.819973,1284924,-0.13,-0.56,-0.11,-84.00,-68.94,32.81,32.63,-1.94,-1.44,0.00,-0.05,-0.22,-139.94,44.06,273.37,-6.31,-5.75,6.81,13,2
1772052608.009335,1285114,0.18,-0.46,-0.22,-87.56,-69.12,36.13,9.06,-1.00,2.25,-0.34,0.26,0.14,-140.12,43.75,275.62,1.31,2.75,0.31,12,2
1772052608.201365,1285306,-0.17,0.20,0.19,-84.25,-68.50,36.00,-6.25,-0.69,15.31,0.20,-0.11,0.06,-141.12,44.13,274.62,-12.88,-7.69,10.88,12,2
1772052608.392415,1285497,0.13,0.20,-0.14,-84.37,-65.81,32.19,-15.81,-0.31,4.00,0.32,-0.05,0.11,-141.25,44.56,276.69,-7.56,-5.69,6.25,12,2
1772052608.583355,1285688,-0.04,0.56,0.06,-83.44,-64.69,28.56,-2.25,6.87,6.00,0.23,0.19,0.14,-140.62,44.44,280.12,-10.31,-4.31,-0.88,12,2
1772052608.772984,1285878,0.29,-0.22,0.04,-85.87,-63.81,27.69,-1.44,-4.75,4.44,0.08,-0.06,0.09,-140.19,44.13,281.75,-2.87,-4.25,2.69,11,2
1772052608.962527,1286067,-0.01,-0.02,0.13,-84.31,-62.38,26.44,5.06,0.06,15.63,-0.11,0.30,0.18,-139.50,44.00,283.37,4.31,4.44,-1.00,12,2
1772052609.154409,1286259,0.09,-0.05,0.03,-85.19,-58.94,24.19,-2.94,11.06,18.19,0.16,-0.13,0.07,-139.62,44.88,281.06,-2.00,2.37,2.37,11,2
1772052609.345524,1286450,0.24,0.24,-0.25,-88.37,-55.56,19.62,4.75,10.25,15.75,0.14,-0.11,0.02,-138.75,45.50,281.19,-7.37,2.69,-1.25,11,1
1772052609.536505,1286641,0.25,-0.28,0.00,-92.12,-52.50,16.87,6.69,1.12,15.19,-0.11,0.12,0.14,-137.06,46.19,281.19,4.37,10.19,-0.06,10,1
1772052609.726102,1286831,-0.30,-0.29,0.42,-92.37,-50.06,14.88,-4.87,8.13,12.13,0.05,0.05,0.16,-136.56,47.38,276.94,16.25,11.75,-6.00,11,2
1772052609.916067,1287021,-0.51,-0.95,0.41,-93.75,-49.19,6.19,-54.19,61.69,-2.31,0.01,-0.08,-0.28,-136.87,47.69,273.25,13.38,5.44,-11.06,10,2
1772052610.107713,1287213,0.65,0.06,0.55,-96.75,-53.81,345.37,-133.87,96.56,-74.50,0.10,-0.06,0.17,-137.62,49.50,265.75,28.69,12.44,3.87,10,2
1772052610.298852,1287404,0.68,0.82,0.10,-94.62,-56.31,330.06,1.56,-8.31,49.81,-0.20,0.02,-0.45,-140.37,52.06,256.56,6.87,27.44,3.50,10,2
1772052610.489806,1287595,0.36,-0.04,0.01,-95.06,-51.69,326.50,-3.87,3.87,5.12,0.04,-0.26,-0.34,-140.19,53.31,254.25,1.75,0.69,2.81,10,2
1772052610.679630,1287784,0.38,0.09,-0.18,-96.31,-50.94,325.00,10.75,0.13,-6.37,-0.10,-0.17,-0.41,-141.19,52.50,255.69,-10.00,-12.69,0.37,10,2
1772052610.868990,1287974,1.01,1.82,0.32,-96.25,-52.56,336.75,115.75,-92.62,8.75,0.09,0.00,0.12,-139.44,51.75,261.62,-14.50,-3.44,0.81,10,3
1772052611.061380,1288166,-0.49,-1.30,0.98,-96.87,-54.13,8.44,78.50,-66.06,-15.25,-0.04,0.05,0.20,-139.75,51.38,264.81,-19.00,-15.19,10.38,11,3
1772052611.252313,1288357,0.00,-0.37,0.13,-92.50,-58.94,23.25,12.56,-12.63,-5.81,0.07,0.14,0.09,-140.06,49.19,272.81,-17.31,-19.31,5.62,11,3
1772052611.443089,1288548,0.18,-0.04,-0.18,-91.81,-59.38,25.87,11.31,-4.50,1.37,0.10,0.04,0.16,-139.81,48.44,277.12,-8.00,-4.06,3.75,11,2
1772052611.632496,1288738,0.13,0.29,-0.10,-92.25,-58.56,27.00,6.25,-0.88,7.06,0.13,0.00,0.17,-139.25,48.88,277.62,-1.75,4.31,1.75,10,2
1772052611.822484,1288927,0.30,0.11,-0.16,-94.31,-56.50,26.37,1.44,0.19,9.50,0.12,-0.07,0.04,-138.56,49.44,277.56,2.81,-0.75,-5.94,10,2
1772052612.014599,1289119,0.41,-0.44,-0.45,-95.56,-56.06,24.25,-14.44,10.69,-2.25,-0.18,-0.12,-0.24,-137.25,48.38,277.56,9.56,6.31,-10.00,10,2
1772052612.205561,1289310,0.05,0.64,0.30,-90.50,-56.50,20.50,-34.63,-5.19,0.13,0.05,-0.02,0.09,-137.94,47.94,276.56,-1.94,-7.94,-1.56,11,2
1772052612.396507,1289501,0.16,0.09,-0.13,-88.75,-57.56,18.56,-1.44,8.50,-12.88,0.18,-0.10,0.09,-138.00,47.06,278.56,1.37,-3.50,1.62,11,2
1772052612.586214,1289691,-0.08,-0.24,0.05,-90.12,-59.25,18.69,-9.00,15.56,-4.81,-0.10,-0.03,-0.11,-138.69,46.75,277.94,6.75,2.00,-4.19,11,1
1772052612.776208,1289881,-0.02,-0.38,-0.04,-90.94,-61.88,15.31,-41.88,18.69,-14.06,0.09,-0.06,-0.04,-139.37,46.63,275.81,8.94,3.94,-2.62,11,1
1772052612.967652,1290072,0.08,-0.61,0.66,-91.37,-64.62,0.81,-132.44,54.69,-27.50,-0.34,-0.01,-0.28,-139.75,47.38,271.81,18.06,16.56,-6.37,11,1
1772052613.158501,1290264,0.53,0.87,0.24,-86.62,-67.94,346.06,-18.94,2.62,9.19,0.20,-0.14,-0.01,-139.25,49.94,265.06,5.37,19.56,2.19,11,1
1772052613.349226,1290454,0.29,0.31,0.28,-85.75,-64.12,341.50,-3.81,3.62,10.81,0.18,0.05,0.18,-137.94,51.50,262.81,3.06,5.87,-3.44,10,2
1772052613.539067,1290644,0.20,0.12,0.15,-84.37,-62.75,339.06,-3.56,-0.75,-3.06,0.04,0.00,-0.03,-137.31,51.19,262.62,1.81,-1.50,-5.19,10,2
1772052613.729369,1290834,-0.07,0.17,0.13,-84.12,-63.44,339.31,7.62,2.56,-3.94,-0.15,-0.10,-0.22,-136.94,49.81,264.62,-1.56,-5.56,-4.62,10,2
1772052613.920928,1291026,0.32,0.75,0.50,-90.12,-63.31,347.19,114.19,-24.25,15.25,-0.09,0.00,-0.02,-137.12,49.31,266.06,-5.31,-3.81,2.94,9,2
1772052614.112170,1291217,-0.21,-1.12,0.02,-101.25,-60.06,5.81,81.31,-18.81,13.31,0.04,-0.10,0.00,-137.87,48.38,268.50,-4.69,-12.75,2.69,9,2
1772052614.303061,1291408,0.00,-0.29,-0.05,-105.87,-61.25,14.50,8.00,-3.87,-7.81,0.00,-0.12,-0.08,-138.94,47.25,270.81,-3.19,-7.44,2.56,9,2
1772052614.492582,1291597,0.02,-0.16,-0.06,-107.69,-62.31,17.81,10.50,-1.69,-2.75,0.07,-0.03,0.02,-139.25,46.81,272.12,-1.62,-1.50,1.56,9,2
1772052614.682381,1291787,0.23,0.01,-0.08,-108.37,-62.88,19.56,1.31,-2.00,-1.31,0.05,0.05,0.13,-139.00,46.88,272.37,-0.81,2.00,-1.25,9,2
1772052614.874142,1291979,-0.13,0.06,0.08,-104.69,-63.38,21.50,2.69,-13.19,1.37,0.01,0.03,0.05,-138.50,47.13,272.19,0.13,1.31,-1.81,9,2
1772052615.064811,1292170,0.05,0.08,0.02,-102.25,-63.44,23.06,10.19,-9.50,4.00,0.00,0.01,0.00,-138.19,47.25,271.94,0.94,2.56,0.62,9,2
1772052615.256400,1292361,0.05,-0.14,-0.17,-99.69,-63.31,25.50,5.12,-12.50,-0.75,0.02,-0.07,-0.08,-138.06,47.56,271.50,-1.87,0.50,2.19,9,1
1772052615.445920,1292551,-0.09,0.51,0.03,-95.44,-64.12,26.56,4.19,-0.69,-3.81,0.04,0.00,-0.03,-137.37,47.94,272.81,-6.62,-5.19,-1.44,8,1
1772052615.635810,1292741,0.43,-0.51,-0.23,-98.69,-65.75,30.00,5.06,1.56,-14.81,0.02,-0.02,-0.13,-137.50,47.00,274.81,-1.44,-7.31,2.75,9,1
1772052615.827646,1292933,-0.07,-0.09,0.18,-95.37,-67.56,32.44,4.87,-2.37,-6.62,0.02,0.07,0.12,-138.37,46.25,277.56,-11.00,-10.94,6.25,10,2
1772052616.018399,1293124,0.06,0.00,0.07,-95.87,-68.06,34.13,11.19,-1.81,3.12,-0.01,0.12,0.10,-138.44,45.94,280.25,-5.44,-4.19,4.37,9,2
1772052616.209421,1293315,0.10,-0.02,-0.11,-97.94,-67.44,36.19,13.00,3.06,3.44,0.10,0.00,0.20,-138.25,46.13,281.56,-7.62,-4.31,7.12,9,2
1772052616.398927,1293504,-0.17,-0.10,0.10,-99.56,-67.75,38.75,14.88,-1.56,-10.75,0.12,0.02,0.11,-138.25,46.31,281.50,10.63,3.19,-7.69,9,2
1772052616.588996,1293694,0.19,-1.03,-0.35,-103.75,-69.69,39.81,-26.87,9.88,-14.13,-0.22,0.27,0.30,-137.44,46.31,277.87,25.75,19.00,-12.81,9,2
1772052616.780825,1293886,0.00,0.85,0.10,-95.56,-69.06,32.25,-29.87,4.19,20.12,0.26,-0.18,-0.06,-137.94,47.44,273.25,6.31,7.94,-9.06,9,2
1772052616.972087,1294077,0.25,-0.01,0.01,-95.75,-68.12,28.12,-7.81,-5.12,3.94,-0.20,0.10,0.02,-137.00,47.25,272.12,2.06,0.81,-2.69,9,2
1772052617.163095,1294268,-0.09,0.08,0.11,-92.94,-68.19,27.25,-1.19,0.13,-7.50,0.00,0.02,-0.02,-137.44,46.63,271.94,4.00,-2.56,-1.69,10,2
1772052617.352753,1294458,0.02,-0.14,-0.04,-94.31,-69.06,27.75,-0.44,5.37,-3.50,-0.09,-0.04,-0.22,-138.31,46.19,271.37,1.69,-1.37,-0.19,10,1
1772052617.542713,1294648,0.13,0.19,-0.08,-97.37,-69.75,27.44,-9.31,4.87,-5.50,-0.13,-0.02,-0.22,-138.81,45.88,271.25,-4.00,-3.00,1.31,10,1
1772052617.734371,1294839,0.33,-0.10,-0.15,-102.94,-71.87,32.06,39.06,-4.50,-29.94,0.03,0.10,-0.03,-138.31,45.44,271.44,6.37,7.06,-7.81,10,1
1772052617.925744,1295031,-0.20,-0.57,0.42,-102.56,-74.69,39.25,-3.06,-12.88,9.06,-0.16,-0.30,-0.20,-139.37,45.69,269.50,-8.25,-8.94,14.31,10,1
1772052618.116525,1295221,0.12,-0.11,-0.18,-100.00,-73.06,37.81,7.75,-2.37,1.94,0.36,-0.22,-0.02,-140.62,46.13,270.50,-2.31,-6.25,8.06,10,1
1772052618.306119,1295411,-0.98,-3.08,0.14,-102.75,-72.62,34.75,-87.50,29.81,-14.19,0.08,0.08,0.02,-141.87,45.31,272.25,-5.44,-16.69,2.00,10,1
1772052618.495617,1295601,0.25,0.59,0.40,-105.69,-76.75,10.81,-114.62,15.69,-23.37,-0.19,-0.02,-0.26,-143.37,44.88,270.87,3.87,8.25,4.06,10,1
1772052618.687334,1295793,0.13,0.22,0.23,-100.19,-75.06,359.69,-22.56,9.38,12.00,0.27,0.01,0.21,-142.50,47.19,267.87,0.75,12.81,0.94,9,2
1772052618.878542,1295984,0.14,0.38,0.27,-97.37,-72.87,354.06,-12.25,-6.50,4.19,0.10,0.10,0.23,-140.69,48.44,266.81,1.12,4.44,-4.19,9,2
1772052619.069756,1296175,-0.30,-0.03,0.53,-90.25,-72.81,353.12,-2.69,0.25,-5.62,0.00,0.13,0.08,-139.87,48.06,267.31,2.87,-3.00,-4.19,8,2
1772052619.259317,1296364,-0.09,-0.23,0.04,-90.50,-74.50,354.25,3.56,2.12,-9.25,0.01,0.01,-0.03,-140.50,47.19,267.69,2.19,-4.00,-1.06,8,2
1772052619.449387,1296554,-0.02,-0.06,-0.19,-93.25,-75.81,355.56,-0.50,3.25,-5.37,-0.05,-0.02,-0.19,-141.25,46.63,267.44,3.75,-0.62,-2.56,8,2
1772052619.641229,1296746,-0.04,-0.10,-0.15,-95.69,-76.81,356.75,-0.06,1.62,-4.56,-0.05,-0.03,-0.18,-141.50,46.19,267.06,1.19,0.62,-1.94,9,2
1772052619.831943,1296937,0.73,2.43,0.11,-95.12,-77.31,358.62,61.88,-29.25,8.63,0.16,-0.16,-0.15,-140.56,47.06,267.25,-9.69,9.56,4.87,9,1
1772052620.023096,1297128,-0.35,-1.47,0.17,-90.12,-73.06,17.25,87.06,-11.06,12.81,-0.22,0.11,0.04,-138.87,47.31,269.31,-8.56,-5.75,0.37,9,1
1772052620.212995,1297318,-0.08,-0.27,0.13,-94.00,-72.81,25.87,26.75,-5.19,-0.94,-0.02,-0.01,-0.01,-139.00,46.44,273.12,-9.38,-10.63,7.25,10,1
1772052620.402417,1297507,-0.16,-0.02,-0.08,-98.06,-72.25,32.06,43.63,-3.31,9.00,0.00,-0.01,-0.02,-139.44,46.25,275.00,-5.56,-2.62,4.81,10,1
1772052620.594271,1297699,0.10,-0.27,-0.14,-102.75,-71.12,37.00,7.75,-2.62,7.12,0.18,-0.05,0.13,-139.62,46.56,275.81,-5.19,-3.87,5.62,10,1
1772052620.785118,1297890,-0.21,0.18,-0.35,-103.50,-70.25,36.00,0.56,7.12,1.12,0.00,0.23,0.12,-139.44,46.38,277.37,0.62,5.00,-2.19,11,2
1772052620.976650,1298082,0.10,-0.12,0.17,-101.31,-69.44,35.50,-16.62,-13.88,9.50,0.55,-0.35,-0.02,-139.87,47.38,274.94,-1.37,-3.19,1.69,11,2
1772052621.165809,1298271,0.31,0.94,0.13,-93.19,-70.31,33.25,14.75,3.69,-3.31,0.08,0.11,0.10,-139.69,47.06,275.62,-0.50,0.81,-0.06,11,2
1772052621.355780,1298461,0.36,-0.67,-0.22,-102.56,-68.87,39.25,26.69,0.62,0.62,0.20,-0.13,0.05,-139.56,47.00,275.62,3.56,-1.37,-2.00,12,3
1772052621.548005,1298653,-0.39,0.05,-0.12,-101.56,-69.87,40.44,-9.44,-0.06,-3.56,0.01,0.05,-0.05,-140.44,46.69,275.56,0.37,-2.87,2.62,12,3
1772052621.738835,1298844,-0.01,0.55,-0.15,-102.44,-69.19,39.38,8.19,6.06,3.06,0.36,-0.39,-0.15,-139.87,47.00,275.25,-3.12,9.25,-4.00,10,3
1772052621.929963,1299035,0.37,-0.67,-0.27,-101.75,-69.31,40.44,-21.87,-23.56,5.50,-0.11,-0.09,0.08,-138.56,47.38,274.56,-3.50,1.37,8.00,10,3
1772052622.119415,1299225,-0.22,1.90,0.26,-89.12,-71.56,44.25,50.69,-10.44,-37.75,0.40,0.03,0.21,-139.19,48.00,275.37,-6.94,-14.13,7.12,9,4
1772052622.309140,1299414,0.44,0.19,0.18,-110.37,-80.56,65.87,77.00,17.12,-67.81,-0.04,0.18,0.02,-139.69,46.25,279.19,-2.69,-9.38,-5.12,9,4
1772052622.501194,1299606,-0.16,-1.37,0.02,175.94,-83.81,90.44,30.81,-1.75,-37.88,-0.08,-0.06,-0.11,-140.87,44.50,281.44,4.25,-11.75,3.00,10,4
1772052622.692476,1299797,-0.60,-0.42,-0.22,113.44,-80.50,97.12,-6.87,2.12,-4.94,0.04,-0.16,-0.05,-142.62,43.69,281.87,-8.81,-8.69,1.87,9,3
1772052622.883450,1299988,0.27,-0.61,-0.30,113.69,-81.12,93.56,-51.19,-20.69,2.56,0.19,-0.20,-0.17,-143.06,43.06,281.25,10.06,-0.50,-6.56,9,3
1772052623.072341,1300178,-0.38,0.32,0.08,107.62,-81.12,85.69,-18.44,1.37,-2.37,0.02,0.00,0.01,-141.87,42.94,279.19,1.81,13.31,-12.56,10,3
1772052623.262255,1300368,-0.13,0.36,0.37,174.31,-83.44,81.19,-12.81,3.06,28.69,-0.05,0.01,0.20,-140.00,43.75,278.69,-2.44,3.12,3.12,10,3
1772052623.454091,1300560,0.31,0.70,-0.27,179.06,-85.06,76.00,8.63,6.87,14.88,0.08,-0.06,0.10,-139.62,44.31,278.81,-0.94,1.00,0.25,10,3
1772052623.645624,1300751,0.03,0.45,-0.26,-179.44,-84.62,74.50,-10.44,-2.81,-2.94,-0.12,0.05,-0.04,-139.00,44.25,279.37,0.19,1.00,-4.94,11,3
1772052623.836494,1300942,-0.18,0.24,0.24,178.75,-86.50,73.56,-23.06,-23.69,-22.44,0.16,-0.12,-0.15,-139.44,43.81,278.37,1.69,-4.94,0.88,11,3
1772052624.026110,1301131,-0.07,0.23,0.19,176.25,-86.06,73.81,4.81,-1.00,-12.19,-0.07,-0.02,0.07,-140.37,43.25,279.37,-0.25,-5.75,3.87,11,2
1772052624.215959,1301321,-0.13,0.09,0.00,175.12,-85.00,76.12,6.31,1.69,-2.25,0.09,-0.09,-0.21,-141.56,43.06,279.25,-0.62,-4.06,4.87,11,2
1772052624.408071,1301513,-0.09,-0.08,-0.10,174.69,-84.44,77.87,5.37,4.37,-1.00,-0.04,-0.02,-0.04,-142.37,42.81,279.56,0.50,-1.94,0.75,10,1
1772052624.598992,1301704,-0.20,0.06,-0.04,174.69,-84.19,78.50,1.81,4.31,2.87,0.00,-0.02,-0.04,-142.50,43.13,279.06,-1.62,2.19,1.37,11,1
1772052624.790094,1301895,0.14,-0.02,-0.05,175.62,-84.69,77.50,-2.87,0.19,5.37,-0.03,-0.04,0.00,-142.25,43.63,278.75,-0.62,1.94,3.87,11,1
1772052624.979483,1302085,-0.15,0.32,-0.08,176.81,-85.62,75.44,-2.37,0.81,5.12,0.16,0.14,-0.02,-142.50,44.25,278.50,-3.75,0.00,4.62,10,1
1772052625.169433,1302275,-0.03,0.17,-0.04,177.56,-86.12,74.56,0.69,-1.25,1.69,0.14,-0.03,-0.01,-142.56,44.56,278.62,-2.69,-1.06,2.37,10,1
1772052625.361199,1302467,0.00,0.29,0.01,177.87,-86.31,74.87,9.38,1.94,-3.25,-0.06,-0.03,0.04,-142.50,44.38,280.06,-5.94,-5.44,4.06,9,1
1772052625.552318,1302658,0.00,-0.08,0.08,177.06,-85.69,77.81,9.81,1.37,-4.31,0.20,0.06,0.07,-143.00,44.00,281.81,-4.06,-3.62,3.62,10,1
1772052625.743540,1302849,-0.09,0.23,-0.26,176.31,-84.69,80.00,7.00,7.19,-1.50,0.26,-0.21,-0.01,-142.31,43.75,284.37,-16.31,-6.56,1.87,10,1
1772052625.933250,1303038,-0.08,-1.80,-0.02,176.44,-84.62,81.25,-16.37,-8.25,3.12,-0.02,0.11,0.05,-141.69,43.25,284.94,22.56,4.75,-14.00,10,1
1772052626.122794,1303228,-0.33,-0.18,0.73,-179.81,-86.56,64.81,-81.12,3.94,34.81,-0.06,0.11,0.10,-142.75,43.31,281.81,3.94,10.56,0.75,9,1
1772052626.314666,1303420,-0.07,0.06,0.17,-118.06,-79.94,46.06,-40.38,15.13,32.94,0.42,-0.12,0.00,-141.69,45.50,275.56,15.69,17.06,-9.38,10,1
1772052626.505673,1303611,0.29,0.56,0.25,-109.19,-72.00,26.25,-67.75,18.75,37.00,-0.08,0.03,-0.17,-141.06,46.31,272.44,5.19,12.06,-5.37,10,1
1772052626.696577,1303802,0.13,0.47,0.06,-102.69,-66.87,11.88,-16.87,8.56,11.44,-0.14,0.03,-0.14,-139.87,47.25,269.44,6.37,12.63,-6.12,10,1
1772052626.885888,1303992,0.01,0.00,0.12,-102.62,-65.19,8.81,1.00,3.00,3.12,-0.05,0.01,-0.14,-139.06,47.94,267.62,1.69,4.37,0.44,11,2
1772052627.076494,1304182,0.10,-0.17,-0.06,-105.12,-64.81,9.31,14.69,4.37,1.56,-0.19,-0.01,-0.19,-139.31,47.94,267.75,-7.31,-4.31,4.69,11,2
1772052627.268485,1304373,-0.19,-0.48,-0.04,-107.94,-64.87,12.69,17.81,-3.81,6.31,-0.08,-0.08,-0.23,-139.69,48.06,268.75,-5.69,-5.81,5.12,12,2
1772052627.459581,1304565,0.08,-0.06,-0.15,-109.94,-64.19,14.69,14.81,-2.44,2.69,0.03,-0.02,-0.09,-140.31,47.69,271.25,-10.88,-9.44,9.00,11,1
1772052627.650436,1304756,0.02,-0.18,0.03,-111.81,-64.19,18.50,24.25,-7.94,-3.69,0.17,-0.02,0.11,-141.37,47.19,272.81,-0.44,-5.56,2.75,10,1
1772052627.839822,1304945,0.14,-0.18,0.06,-113.62,-64.75,22.69,9.25,-4.00,3.31,0.07,0.20,0.21,-140.87,47.31,273.50,-0.06,2.19,-0.50,9,2
1772052628.029590,1305135,0.27,-0.31,0.03,-113.19,-64.75,23.12,0.69,3.00,1.06,0.09,-0.06,0.13,-140.62,47.19,273.62,2.06,-3.31,-5.94,9,2
1772052628.221645,1305327,-0.07,-0.17,0.25,-111.87,-64.94,18.25,-41.63,6.12,-7.12,0.06,0.05,0.06,-140.00,46.69,273.06,7.44,7.62,-8.31,9,2
1772052628.412669,1305518,0.02,0.09,0.22,-108.69,-63.19,8.75,-30.69,14.88,16.25,-0.13,0.10,-0.13,-138.94,47.13,270.25,10.38,15.94,-7.44,9,2
1772052628.603926,1305709,0.13,0.23,-0.07,-104.69,-61.19,1.12,-23.75,-1.75,4.19,0.12,-0.10,-0.11,-138.19,48.38,266.06,6.81,9.94,-3.12,9,2
1772052628.793590,1305899,0.25,0.16,-0.04,-102.19,-59.69,356.94,-3.31,1.06,5.75,-0.18,-0.01,-0.24,-137.75,48.69,265.12,1.00,-0.25,0.06,9,1
1772052628.983367,1306089,0.24,0.14,-0.12,-102.31,-59.69,356.56,4.56,4.37,-8.44,0.07,-0.19,-0.26,-138.25,47.81,267.00,-6.87,-11.63,3.06,9,1
1772052629.175472,1306281,-0.41,-0.08,0.04,-102.75,-61.56,0.94,24.00,-12.00,-3.87,-0.13,0.01,-0.03,-139.50,47.06,269.94,-12.88,-10.19,7.75,8,1
1772052629.366444,1306472,0.00,-0.74,-0.12,-105.75,-62.50,6.69,14.88,-4.31,-0.31,0.24,-0.07,0.15,-138.50,47.00,273.44,-10.13,-3.87,2.31,8,1
1772052629.557127,1306662,-0.04,0.28,0.06,-104.62,-61.44,7.00,4.31,-8.25,1.31,0.22,-0.09,0.07,-138.31,47.00,276.25,-9.56,-10.25,6.12,7,2
1772052629.746768,1306852,0.05,-0.27,-0.05,-105.37,-61.81,9.25,15.06,-0.56,-1.25,0.09,0.06,0.25,-138.37,46.50,278.94,-3.81,-2.62,0.00,7,1
1772052629.936384,1307042,0.02,0.07,0.16,-105.69,-61.75,9.94,-1.50,0.00,1.00,0.12,0.00,0.09,-137.44,46.56,279.06,1.69,3.62,-3.12,7,2
1772052630.128396,1307234,0.17,0.15,0.08,-105.44,-61.63,9.50,-0.31,1.00,-2.06,-0.07,-0.02,0.13,-136.94,46.75,278.81,1.81,1.94,2.75,7,2
1772052630.319165,1307425,0.24,-0.69,0.92,-111.25,-59.88,9.81,25.25,21.12,12.94,0.00,0.21,0.28,-137.62,47.75,276.25,13.13,5.56,6.69,8,2
1772052630.510628,1307616,0.01,0.12,-0.29,-117.87,-55.88,4.00,-22.12,28.25,2.37,0.00,-0.09,-0.01,-138.94,49.13,269.00,20.81,19.44,-6.81,8,2
1772052630.700036,1307805,0.05,0.32,-0.22,-118.50,-54.06,356.00,-25.87,14.00,-4.50,0.11,0.02,-0.11,-139.31,50.06,263.31,13.63,10.63,-11.19,10,2
1772052630.889873,1307995,0.28,0.05,0.03,-118.87,-54.19,350.50,-23.56,11.00,-20.19,-0.28,0.36,-0.04,-138.25,49.25,261.50,13.88,8.31,-23.31,9,2
1772052631.082255,1308187,-0.12,-0.53,0.19,-118.81,-55.88,348.50,-24.44,-4.37,-0.19,-0.30,-0.06,-0.47,-136.81,48.63,257.06,7.87,10.31,-8.19,10,2
1772052631.272932,1308378,0.00,0.44,0.09,-114.56,-55.75,346.81,11.25,-9.94,-3.12,-0.16,-0.22,-0.37,-137.31,48.56,255.75,0.44,-0.06,2.56,10,2
1772052631.464133,1308569,0.24,0.95,0.35,-121.69,-59.13,359.12,88.56,-13.19,-43.88,0.28,-0.11,-0.08,-138.75,48.69,255.44,-2.69,-5.69,5.37,10,1
1772052631.653656,1308759,-0.18,-1.48,0.32,-142.87,-65.50,26.00,41.69,-5.12,-29.69,-0.17,0.08,-0.06,-140.81,47.50,257.56,-4.44,-18.69,8.13,10,2
1772052631.843671,1308949,-0.19,-0.01,0.09,-157.12,-68.00,36.81,31.19,4.50,-23.81,0.07,-0.01,-0.10,-141.94,46.63,260.31,-8.88,-9.31,8.00,10,1
1772052632.035499,1309141,0.09,-0.18,0.00,-173.56,-68.00,51.19,49.06,-0.62,-11.00,0.07,-0.22,-0.28,-143.69,45.94,263.94,-19.94,-19.75,18.44,10,1
1772052632.226484,1309332,-0.05,-0.81,0.00,173.06,-68.62,68.06,52.94,-1.50,3.00,0.15,-0.04,0.18,-144.50,45.06,271.00,-22.50,-17.87,16.75,10,1
1772052632.417379,1309523,-0.15,-0.44,-0.04,171.00,-69.56,75.56,17.56,-1.06,15.06,0.36,-0.08,0.27,-143.75,45.25,275.62,-12.75,-2.94,8.50,10,1
1772052632.606548,1309712,0.05,0.55,-0.01,176.00,-69.87,76.31,19.56,9.63,8.94,0.30,-0.09,0.20,-142.87,45.88,279.94,-22.94,-11.50,13.38,10,1
1772052632.796687,1309902,-0.04,-0.21,-0.01,174.31,-68.94,82.44,26.87,1.81,5.69,0.17,0.04,0.44,-142.12,46.06,284.56,-11.38,-8.88,9.44,10,1
1772052632.988114,1310094,-0.01,0.08,0.01,176.56,-69.31,84.12,1.50,0.31,10.00,0.17,0.02,0.23,-141.81,46.50,286.44,-2.37,-0.31,1.19,10,1
1772052633.179471,1310285,-0.05,0.17,-0.09,178.62,-69.44,83.25,-3.31,-1.37,-3.25,0.20,-0.05,0.04,-141.62,46.88,285.50,4.44,2.19,-3.50,10,2
1772052633.370069,1310476,0.00,-0.13,0.11,174.19,-69.25,85.06,5.25,3.81,-15.50,0.00,0.06,0.18,-141.62,46.75,284.25,5.56,3.00,-5.06,10,2
1772052633.560162,1310665,-0.20,-0.11,0.00,170.31,-69.06,85.87,-19.44,-4.94,-3.62,0.22,-0.15,0.01,-141.87,46.94,281.12,15.56,8.19,-8.50,10,2
1772052633.750360,1310855,-0.12,0.10,-0.16,170.56,-68.69,81.75,-17.37,3.06,-7.69,-0.01,-0.12,-0.27,-142.44,47.00,277.19,12.94,5.31,-8.94,11,2
1772052633.942140,1311047,-0.04,-0.16,0.04,167.75,-68.56,80.31,-11.75,-7.94,-10.88,0.06,-0.04,-0.10,-142.75,47.00,273.69,13.50,8.94,-8.06,10,2
1772052634.133138,1311238,0.15,-0.10,-0.01,165.94,-69.31,77.69,-23.12,-6.62,-3.81,0.05,-0.09,-0.24,-143.12,47.44,268.37,19.75,11.63,-10.00,11,2
1772052634.324245,1311429,-0.01,0.26,0.13,167.19,-70.56,72.37,-9.00,-1.50,-7.62,-0.36,-0.03,-0.62,-143.87,47.63,265.69,-1.19,1.37,-3.00,11,2
1772052634.513608,1311619,-0.27,0.03,0.02,158.44,-70.44,77.44,25.94,-6.81,-24.06,-0.05,-0.27,-0.17,-144.25,46.69,268.00,-14.06,-10.75,6.19,11,2
1772052634.703301,1311809,-0.06,-0.73,0.07,145.94,-68.62,87.44,21.62,7.06,-1.56,-0.22,0.03,-0.05,-144.62,45.31,273.12,-14.94,-14.75,9.44,11,2
1772052634.895047,1312000,-0.08,-0.61,-0.06,146.87,-67.69,90.00,-4.19,6.44,23.31,0.22,-0.16,0.33,-144.69,45.31,276.50,-11.19,-3.62,12.38,11,2
1772052635.086051,1312192,0.48,-0.69,0.06,167.81,-67.87,77.31,-56.44,24.06,58.50,0.00,-0.08,-0.10,-143.62,46.88,276.12,-1.44,7.25,0.37,11,2
1772052635.277059,1312383,0.88,1.15,0.01,-150.62,-61.81,45.44,-47.00,-4.44,65.94,0.34,-0.11,0.15,-143.25,47.75,277.00,-3.75,5.75,13.19,11,2
1772052635.466400,1312572,0.05,0.26,0.05,-129.94,-56.00,29.00,-10.81,6.81,51.75,0.19,0.29,0.45,-142.50,50.38,272.94,14.56,25.31,-2.44,11,2
1772052635.656428,1312762,0.73,1.01,0.44,-123.44,-49.81,15.50,-40.06,20.37,7.44,0.17,0.00,0.17,-139.37,53.19,266.81,22.12,24.00,-11.94,10,2
1772052635.848524,1312954,0.33,0.48,-0.08,-120.62,-48.63,5.62,-22.56,20.50,-25.00,-0.26,0.57,0.20,-137.44,53.50,261.50,30.50,14.25,-26.75,11,2
1772052636.039602,1313145,0.05,-0.14,0.11,-121.69,-51.81,4.37,-23.06,0.37,-26.00,0.00,-0.26,-0.39,-138.81,52.06,255.25,24.81,0.37,-14.44,10,1
1772052636.230610,1313336,-0.37,-0.56,-0.28,-122.69,-54.44,3.44,-15.00,12.00,-10.13,-0.20,-0.10,-0.37,-141.00,50.63,251.25,16.44,5.19,-12.38,11,2
1772052636.420196,1313525,-0.10,-0.47,-0.14,-124.12,-54.50,359.44,-16.87,20.31,-6.87,-0.39,0.17,-0.21,-141.50,49.69,248.87,7.62,7.94,-6.75,10,1
1772052636.610062,1313715,0.04,-0.06,0.03,-122.94,-54.38,355.25,-8.63,4.19,0.13,-0.09,-0.01,-0.26,-141.37,49.94,247.62,-0.56,3.62,3.00,11,2
1772052636.801792,1313907,-0.13,-0.38,0.16,-120.56,-54.31,353.50,-14.69,-16.00,2.25,-0.07,0.08,-0.22,-142.12,50.25,247.50,-7.69,-8.75,8.81,11,1
1772052636.992612,1314098,0.19,0.19,0.01,-117.25,-54.06,350.94,-7.56,3.44,-1.87,0.14,0.03,0.05,-142.81,49.81,250.06,-12.19,-3.25,6.06,13,1
1772052637.183724,1314289,0.67,-0.03,0.00,-116.69,-53.00,349.44,4.12,4.50,19.94,-0.39,0.09,-0.11,-141.81,50.19,253.69,-21.12,-8.06,9.25,13,1
1772052637.373378,1314479,-0.12,0.06,-0.03,-116.75,-52.63,350.44,13.25,-8.00,-1.00,0.07,0.05,0.31,-141.75,49.50,259.75,-19.37,-16.31,13.38,13,1
1772052637.563254,1314669,-0.37,0.12,0.24,-115.44,-51.81,354.19,22.44,-20.75,22.50,0.11,0.26,0.31,-140.75,49.63,263.75,-13.81,3.00,4.25,13,1
1772052637.754844,1314861,0.21,0.46,0.28,-113.00,-51.06,356.19,1.12,-9.88,9.00,0.10,0.07,0.12,-138.50,50.38,266.31,-12.13,-5.19,5.81,13,1
1772052637.945984,1315052,0.01,0.20,0.20,-111.19,-50.19,358.25,21.37,-14.94,-2.56,0.46,0.03,0.25,-139.19,50.00,269.31,-5.12,-8.56,1.19,12,1
1772052638.137299,1315243,0.24,-0.39,0.11,-112.81,-51.94,2.50,-3.00,-2.31,-6.44,0.10,-0.16,-0.07,-138.56,49.81,269.94,2.69,1.75,-0.19,12,1
1772052638.326733,1315432,-0.24,-0.51,0.19,-112.44,-53.19,3.69,2.50,7.87,-1.31,-0.28,0.45,0.27,-138.69,50.25,268.00,7.12,5.62,-7.87,13,2
1772052638.516904,1315622,-0.07,-0.58,0.25,-112.12,-53.31,3.00,-8.81,7.44,1.94,0.08,-0.44,-0.27,-138.44,51.13,264.12,7.31,2.44,-5.81,13,2
1772052638.708395,1315814,0.69,0.36,-0.36,-115.62,-51.13,359.37,21.62,13.56,-1.37,0.31,0.02,0.00,-139.94,50.69,265.44,-5.75,-9.31,6.37,12,2
1772052638.899487,1316005,0.01,-0.64,0.00,-120.00,-51.56,3.62,1.31,1.12,-4.06,-1.11,0.47,0.36,-140.12,50.44,264.37,9.69,10.13,-11.88,12,2
1772052639.090524,1316196,-0.13,0.06,0.01,-117.00,-54.13,5.31,-17.62,-27.06,-5.37,0.65,-0.24,0.01,-138.12,51.06,261.75,9.13,12.31,-8.06,12,2
1772052639.280119,1316386,0.52,0.42,-0.07,-113.56,-54.81,3.50,-4.12,9.94,-0.94,-0.57,0.10,-0.23,-137.81,50.44,262.25,-14.63,-17.44,0.88,13,2
1772052639.470164,1316576,0.11,-0.51,0.02,-118.94,-55.38,7.06,35.25,1.12,-20.25,0.02,0.13,0.16,-139.31,49.31,265.75,-2.56,-9.50,6.87,13,2
1772052639.661669,1316768,0.46,-0.78,0.15,-123.69,-57.63,14.56,5.50,-13.31,-3.44,0.06,0.03,0.02,-139.69,49.25,265.81,0.75,2.56,1.69,14,3
1772052639.852979,1316959,-0.15,-0.31,0.19,-119.25,-58.69,12.25,-43.19,12.94,-0.75,-0.29,0.42,0.15,-139.62,49.81,264.31,6.06,6.19,-7.50,14,2
1772052640.043457,1317149,-0.09,0.55,0.35,-115.06,-57.31,2.25,-22.81,7.06,8.75,0.09,0.17,0.11,-138.19,50.75,259.75,22.75,23.69,-7.12,15,3
1772052640.233681,1317339,0.33,0.28,0.05,-112.56,-55.69,356.25,-17.44,9.00,-2.31,-0.03,-0.04,-0.29,-138.56,52.38,253.56,15.94,4.31,-3.81,14,2
1772052640.423829,1317529,0.22,0.51,-0.11,-113.44,-55.44,353.06,6.06,3.94,-17.00,-0.13,-0.36,-0.52,-142.81,50.81,252.37,-3.44,-23.00,9.56,16,3
1772052640.615530,1317721,0.25,-0.44,-0.50,-123.69,-59.44,2.31,40.63,-0.25,-30.06,-0.13,0.28,-0.24,-146.75,47.56,256.31,-4.87,-15.75,6.37,16,3
1772052640.806390,1317912,-0.34,-1.63,0.06,-132.56,-63.69,15.75,21.06,-7.75,-4.44,0.01,0.22,0.03,-146.56,46.94,258.44,-9.06,-2.31,0.94,17,3
1772052640.996718,1318102,-0.02,0.00,0.12,-129.06,-62.94,14.19,-13.44,-6.81,19.44,0.13,0.00,0.03,-145.56,47.00,260.94,-3.44,5.25,3.50,17,3
1772052641.186643,1318292,-0.30,0.03,0.08,-122.56,-60.13,9.31,-5.37,5.50,26.44,-0.09,0.14,-0.14,-144.81,48.31,260.19,-6.69,1.75,2.81,16,3
1772052641.376801,1318483,0.26,0.22,0.00,-121.75,-56.56,3.69,-1.56,0.81,6.00,0.38,0.05,0.09,-143.94,48.81,261.19,-3.19,3.06,0.69,16,4
1772052641.568601,1318674,0.31,0.16,0.06,-121.12,-55.75,1.12,-12.88,2.87,-0.31,-0.22,0.06,0.05,-142.87,49.44,260.81,-1.44,2.25,1.94,15,3
1772052641.759296,1318865,0.34,-0.01,0.06,-119.69,-55.38,359.69,2.50,-4.00,9.88,0.21,0.10,-0.08,-144.06,48.94,262.31,-4.25,-11.50,9.63,15,3
1772052641.950084,1319056,0.22,-0.43,-0.06,-119.94,-55.31,0.37,-0.88,7.37,-7.50,0.07,0.20,0.27,-144.00,49.19,261.44,3.37,7.87,-8.38,14,3
1772052642.140055,1319246,0.09,0.18,0.19,-118.56,-55.94,357.56,-27.00,0.19,-0.37,-0.11,0.17,-0.12,-142.12,49.56,260.44,5.25,5.37,-6.12,14,3
1772052642.330375,1319436,0.27,0.12,0.07,-117.25,-56.44,353.69,-12.56,8.63,-10.63,0.11,0.16,0.06,-142.19,49.00,260.12,4.87,-2.31,-5.37,13,2
1772052642.521698,1319628,0.13,-0.40,0.06,-118.37,-57.50,353.87,-5.75,5.75,-5.31,0.00,0.13,0.06,-142.06,48.88,258.25,8.94,6.87,-6.12,13,2
1772052642.712459,1319818,0.12,0.07,0.19,-117.12,-57.75,351.00,-20.44,8.19,0.37,-0.18,0.03,-0.16,-141.87,49.31,255.56,7.12,6.44,-4.87,13,2
1772052642.903506,1320009,0.02,0.52,0.00,-115.94,-59.06,349.00,-6.87,-6.69,-24.81,0.22,-0.33,-0.30,-142.50,49.44,254.25,-2.69,-7.37,3.50,14,2
1772052643.093462,1320199,-0.01,0.28,0.12,-122.75,-61.56,355.31,40.00,10.13,-32.25,0.12,-0.06,0.01,-142.94,48.25,257.31,-6.56,-8.25,5.75,14,2
1772052643.284071,1320389,0.33,-2.83,-0.43,-138.19,-66.25,6.44,-30.19,-6.12,-31.25,0.02,0.04,-0.14,-145.12,46.69,259.75,3.62,-18.75,2.69,15,1
1772052643.474903,1320581,-0.29,1.10,0.27,-119.06,-68.62,350.75,-20.31,-14.13,12.56,0.02,-0.11,0.00,-146.31,46.50,260.12,-10.31,14.44,10.06,16,2
1772052643.665712,1320771,-0.04,-0.46,0.28,-111.94,-64.44,349.87,14.50,-0.62,33.25,0.46,0.33,0.47,-144.25,49.13,258.87,-0.50,12.19,-2.37,15,2
1772052643.856510,1320962,0.09,0.54,0.50,-107.06,-61.06,344.56,-16.56,-4.31,11.31,-0.03,0.30,0.06,-141.50,50.25,258.06,1.94,6.06,-5.56,16,2
1772052644.046816,1321152,-0.16,0.93,0.38,-102.12,-60.88,342.50,12.31,-0.62,-19.87,0.08,-0.13,0.06,-141.31,50.19,258.00,-0.37,-4.81,1.31,16,2
1772052644.237444,1321343,0.18,0.91,0.37,-110.69,-63.75,352.44,83.62,-4.94,-23.87,0.18,-0.11,-0.29,-142.56,49.63,257.69,0.81,-0.13,-1.75,16,2
1772052644.428464,1321534,0.28,-1.18,0.94,-136.00,-66.87,27.37,158.06,-16.12,-14.06,0.00,0.09,0.05,-141.81,49.06,258.50,1.12,-6.00,-3.56,17,2
1772052644.619490,1321725,-0.13,-1.18,0.34,-167.62,-73.12,58.94,37.88,-15.44,-61.75,-0.05,-0.13,-0.39,-144.44,47.38,260.31,-2.69,-20.62,11.06,16,2
1772052644.810252,1321916,-0.27,-1.49,0.49,147.06,-72.25,78.25,46.25,1.12,-47.69,-0.05,-0.14,-0.38,-147.56,45.69,262.25,-5.25,-10.06,8.38,17,2
1772052645.000183,1322106,0.14,-1.60,0.19,132.62,-70.19,91.56,29.44,0.94,14.38,0.17,-0.31,-0.24,-148.44,45.44,264.00,-9.50,-2.87,7.62,17,2
1772052645.190449,1322296,-0.12,-0.51,-0.05,138.50,-71.94,92.12,5.75,15.06,29.50,0.33,0.00,0.05,-147.00,46.25,266.62,-15.38,1.37,2.00,17,2
1772052645.381633,1322487,0.21,-0.20,0.01,161.94,-73.37,84.81,-25.62,4.50,43.69,0.23,0.21,0.36,-144.06,47.00,269.94,-6.25,4.75,-0.06,16,2
1772052645.572392,1322678,0.02,-0.04,0.38,-162.56,-73.56,67.00,-58.00,1.06,54.94,0.10,-0.01,0.01,-142.81,47.81,270.06,-4.00,0.13,1.25,16,2
1772052645.763284,1322869,0.00,1.07,0.29,-128.69,-67.94,46.00,-23.25,-8.25,39.44,0.13,-0.07,-0.06,-142.37,48.25,270.44,-3.81,1.31,2.50,15,2
1772052645.953239,1323059,0.14,-0.30,0.16,-120.94,-64.81,40.94,-1.87,2.56,8.19,0.16,0.10,0.27,-141.94,48.75,270.56,2.75,1.31,-0.31,15,1
1772052646.143551,1323250,0.04,-0.18,0.12,-118.12,-63.56,36.31,-25.12,7.50,7.81,0.05,0.10,0.04,-141.62,49.25,269.12,6.62,6.25,-6.25,14,1
1772052646.335234,1323441,-0.07,0.30,0.09,-112.81,-62.56,29.81,-20.06,-4.25,-6.31,0.09,-0.03,-0.03,-140.87,49.56,266.62,10.19,6.50,-6.56,14,1
1772052646.525760,1323631,0.08,-0.11,0.07,-110.87,-63.63,27.94,-10.63,3.19,-6.06,-0.08,-0.07,-0.16,-141.25,49.25,264.87,7.12,2.19,-4.87,14,1
1772052646.716633,1323822,-0.09,-0.36,0.05,-111.19,-65.25,28.00,-9.19,0.00,-7.69,0.08,-0.04,-0.04,-141.31,49.50,262.12,13.63,9.00,-5.12,13,1
1772052646.906747,1324013,-0.48,0.23,0.35,-108.31,-65.69,25.19,-21.75,10.19,4.00,-0.18,0.06,-0.36,-141.50,49.88,259.06,6.69,6.00,-5.87,14,1
1772052647.097163,1324203,0.16,0.28,-0.02,-111.44,-64.25,22.19,6.19,4.00,1.12,-0.08,-0.12,-0.36,-142.06,49.50,258.56,-1.62,-1.94,3.56,15,1
1772052647.288427,1324394,0.15,0.17,0.06,-115.37,-66.44,29.31,44.56,-9.44,-30.87,0.12,-0.12,-0.12,-142.69,49.56,259.31,-8.69,-5.31,4.69,15,1
1772052647.478979,1324585,0.26,-0.99,0.15,-132.06,-72.25,48.19,57.19,-14.13,-26.62,0.08,-0.15,0.12,-143.06,48.63,263.00,-9.38,-20.75,7.75,15,1
1772052647.670114,1324776,-0.15,-0.94,-0.27,-144.37,-75.25,58.88,7.50,-7.87,-1.81,0.29,-0.21,-0.07,-143.75,47.13,268.00,-9.94,-6.75,5.31,14,1
1772052647.859990,1324966,-0.10,-0.48,0.24,-142.56,-75.75,59.94,-0.13,-7.94,21.31,0.27,0.07,0.26,-141.94,47.69,270.00,-9.44,1.87,5.75,13,1
1772052648.050207,1325156,0.28,0.49,0.16,-121.94,-69.75,47.06,-36.44,8.25,49.50,-0.09,0.06,-0.09,-141.44,47.81,273.94,-11.94,-4.87,3.94,12,1
1772052648.241515,1325347,0.11,0.46,0.25,-112.94,-64.81,37.69,-4.44,-10.38,13.19,0.34,-0.22,0.23,-140.75,48.63,273.19,-0.25,6.81,0.75,11,1
1772052648.432154,1325538,0.25,0.41,-0.14,-111.31,-61.88,34.88,5.81,11.31,14.13,0.08,0.09,0.06,-140.06,49.31,273.25,-2.56,1.50,0.19,11,2
1772052648.622738,1325729,0.05,0.24,0.03,-112.31,-60.06,34.00,5.31,-8.81,-2.50,0.10,0.00,0.14,-139.31,49.81,272.75,2.00,6.44,-1.00,10,2
1772052648.812999,1325919,0.13,-0.06,0.10,-111.44,-61.19,37.44,12.69,-5.69,-1.87,-0.05,-0.03,0.09,-138.69,50.13,271.87,2.81,3.19,-2.94,10,2
1772052649.003647,1326109,0.02,-0.29,0.00,-111.94,-62.31,40.06,-0.81,-4.25,-7.62,0.09,-0.02,-0.18,-138.87,50.50,269.94,6.50,1.50,-0.44,10,1
1772052649.194877,1326300,-0.19,-0.07,-0.14,-111.56,-63.75,40.38,-3.94,-1.06,-8.38,-0.05,0.03,-0.08,-139.37,50.13,269.06,3.06,0.13,-4.81,10,1
1772052649.385516,1326491,0.00,0.00,0.04,-110.62,-65.00,41.00,-1.87,-3.50,-0.81,-0.11,-0.03,-0.14,-139.19,50.00,268.56,0.75,1.06,-3.69,10,2
1772052649.576205,1326682,0.16,-0.14,0.02,-109.69,-65.25,41.25,0.25,-5.50,-1.50,0.09,-0.05,0.05,-138.87,49.63,269.31,1.00,1.56,-0.69,10,2
1772052649.766276,1326872,0.17,-0.15,0.08,-108.56,-65.44,40.75,-4.69,6.44,3.87,0.08,0.04,-0.08,-138.37,49.81,268.75,3.37,2.81,-3.62,10,2
1772052649.956273,1327063,0.06,0.19,0.16,-111.69,-63.75,38.06,2.00,16.94,4.00,0.09,-0.03,0.05,-137.87,49.63,268.81,3.87,0.56,0.00,10,2
1772052650.147940,1327254,0.19,-0.13,0.01,-114.12,-62.06,35.13,-10.63,4.87,5.50,0.13,-0.23,-0.05,-139.00,49.69,268.00,-1.75,-1.06,4.87,10,3
1772052650.338823,1327445,0.05,0.52,-0.07,-113.12,-60.75,31.94,-1.50,1.00,-2.81,-0.01,0.09,-0.05,-139.69,50.19,268.12,-6.94,-1.87,2.69,10,3
1772052650.529593,1327635,0.12,-0.08,-0.01,-116.00,-61.44,34.50,11.75,-3.12,-0.88,0.11,0.00,-0.04,-139.37,49.94,269.56,-5.06,-2.69,2.56,10,3
1772052650.719792,1327826,0.08,-0.14,-0.02,-117.75,-61.75,37.44,11.69,2.00,-2.00,-0.02,-0.04,0.07,-139.37,49.75,271.19,-4.81,-5.25,3.00,10,3
1772052650.910117,1328016,-0.05,-0.20,-0.07,-120.19,-61.81,39.38,3.37,1.75,0.13,0.06,0.09,0.09,-139.56,49.75,271.62,1.31,2.44,-1.62,10,3
1772052651.101193,1328207,0.01,0.08,0.05,-119.81,-61.56,38.50,-8.00,-3.19,1.69,0.14,0.12,0.20,-139.12,50.13,270.56,1.12,2.19,-1.94,11,3
1772052651.291830,1328398,0.15,0.18,0.03,-117.50,-61.50,36.75,-7.94,0.37,1.06,-0.04,0.10,0.08,-138.94,50.56,269.50,0.00,1.75,-1.19,11,2
1772052651.482910,1328589,-0.14,0.14,-0.15,-116.31,-61.69,36.19,-5.12,0.75,-4.44,0.20,-0.36,0.07,-138.69,50.75,268.19,6.75,4.31,-8.88,11,2
1772052651.673026,1328779,0.08,-0.93,0.04,-117.69,-61.81,35.38,-16.50,5.87,4.69,-0.30,0.39,-0.10,-137.75,50.13,267.44,13.13,10.63,-6.00,11,2
1772052651.863345,1328969,0.14,0.48,0.42,-112.94,-61.25,28.25,-31.00,1.00,5.62,-0.02,0.11,-0.20,-136.87,51.31,263.00,14.44,20.62,-2.69,10,2
1772052652.054893,1329161,-0.05,0.31,0.11,-109.37,-59.94,22.87,-22.62,21.62,12.13,-0.25,-0.30,-0.47,-138.31,51.38,262.06,-11.56,-28.19,-0.06,9,2
1772052652.245255,1329351,0.93,1.28,-0.05,-120.12,-59.06,22.87,60.81,15.81,-30.81,0.27,-0.04,0.20,-141.19,49.25,267.94,-18.94,-19.00,16.00,10,2
1772052652.436314,1329542,-0.34,-1.76,-0.09,-141.44,-63.19,47.19,49.69,-3.81,-12.38,0.25,0.30,0.47,-142.44,48.38,270.06,9.19,0.75,-2.62,10,3
1772052652.626374,1329732,-0.35,-0.37,0.18,-141.94,-61.81,46.00,-38.69,13.38,21.94,-0.03,0.09,0.01,-140.81,48.88,268.69,3.56,12.81,-11.19,11,3
1772052652.816617,1329923,0.42,1.34,-0.04,-130.50,-57.06,31.00,-17.81,-5.75,19.75,0.04,-0.26,-0.26,-140.12,49.69,266.87,1.75,5.44,0.62,11,3
1772052653.007874,1330114,0.11,-0.32,-0.18,-131.62,-58.06,34.38,12.94,2.50,-5.69,0.10,0.20,0.18,-140.56,49.63,266.44,-0.13,-3.25,-2.75,12,3
1772052653.198600,1330304,0.15,-0.18,0.06,-132.37,-58.13,34.75,-18.50,-5.62,7.81,0.02,-0.03,-0.18,-139.44,50.00,265.81,2.69,8.88,-0.81,11,4
1772052653.389479,1330495,-0.03,0.48,0.04,-126.94,-58.56,31.81,6.19,-1.06,-5.75,-0.06,-0.14,0.00,-139.19,50.56,265.44,-4.31,-4.00,0.13,11,4
1772052653.579549,1330686,-0.04,-0.09,0.05,-130.06,-59.63,36.25,13.88,-3.69,-6.06,0.20,0.09,0.11,-139.62,50.44,266.00,1.12,-1.44,-0.75,11,4
1772052653.769841,1330876,0.07,-0.33,0.04,-132.19,-59.38,36.63,-18.87,14.25,6.50,-0.12,0.21,0.03,-140.00,49.81,266.69,-0.50,-3.19,-1.25,11,4
1772052653.960944,1331067,-0.11,-0.93,0.20,-127.00,-56.50,25.81,-66.62,24.56,4.87,0.06,0.03,0.00,-139.75,49.94,265.94,7.75,1.75,-8.06,10,4
1772052654.151723,1331258,0.27,0.53,0.69,-115.69,-55.81,359.69,-141.56,30.69,-24.69,-0.13,0.00,-0.12,-139.87,49.25,263.69,11.69,8.81,-9.06,10,4
1772052654.342597,1331449,0.03,0.96,0.42,-100.69,-56.44,342.50,-20.06,-17.44,12.00,-0.07,0.07,0.06,-138.44,50.44,260.12,6.56,19.44,-5.87,11,3
1772052654.532564,1331639,0.21,0.07,0.34,-97.12,-54.13,343.00,9.94,-9.50,5.81,0.05,0.09,0.09,-136.12,52.13,256.75,10.44,15.25,-5.31,11,3
1772052654.723205,1331829,-0.20,0.12,0.28,-95.87,-53.75,344.06,5.56,-3.37,-3.87,-0.09,0.01,-0.18,-136.12,52.63,254.25,2.50,-5.62,1.87,12,3
1772052654.914494,1332020,0.05,0.43,0.02,-96.62,-54.63,345.12,16.12,-4.87,-3.75,-0.10,-0.43,-0.77,-138.19,51.63,255.44,-5.44,-4.94,11.50,11,3
1772052655.105128,1332211,0.16,-0.70,0.78,-107.12,-55.88,5.81,170.75,-45.75,5.56,-0.10,-0.35,-0.15,-140.12,52.13,258.00,-27.75,-22.50,21.12,13,3
1772052655.295996,1332402,-0.28,-1.17,0.12,-124.00,-60.75,35.50,52.56,-7.50,-41.69,0.25,0.25,0.45,-142.69,49.44,267.25,-22.56,-33.13,16.69,12,2
1772052655.486304,1332592,-0.03,-0.61,0.11,-137.31,-66.44,50.13,12.88,-0.50,-1.00,0.18,0.16,0.27,-142.50,48.19,272.19,-5.25,-1.56,-1.00,12,2
1772052655.676737,1332783,-0.02,0.32,0.12,-132.87,-65.56,47.94,-20.12,-0.94,17.06,0.13,-0.22,-0.09,-141.25,48.75,272.75,-6.31,0.62,-0.94,13,2
1772052655.867536,1332974,0.26,0.58,-0.01,-129.06,-62.25,41.56,3.06,12.31,7.31,-0.12,0.05,0.03,-140.87,48.13,276.56,-15.31,-11.06,6.94,13,2
1772052656.057923,1333164,0.42,-0.14,0.11,-131.25,-60.19,41.75,9.69,7.06,6.19,0.30,0.02,0.45,-140.94,48.56,277.56,0.19,4.37,1.12,13,2
1772052656.248973,1333355,0.28,0.22,0.08,-129.94,-58.63,39.13,-19.06,6.87,6.37,0.02,0.23,0.29,-139.56,49.81,275.25,9.75,11.38,-5.56,12,2
1772052656.439627,1333546,-0.15,0.34,0.13,-125.94,-57.00,32.38,-31.37,-2.19,4.37,-0.08,0.04,-0.01,-138.81,50.56,270.94,15.50,11.00,-9.19,12,2
1772052656.630091,1333736,0.44,0.25,0.05,-122.62,-56.81,26.75,-16.25,-0.50,-7.25,-0.08,-0.24,-0.27,-139.37,50.63,266.37,14.50,2.94,-3.81,11,2
1772052656.820759,1333927,-0.14,0.03,0.07,-121.12,-58.44,26.50,-9.56,-3.81,-13.25,0.16,0.12,0.00,-141.12,50.38,262.44,15.81,1.19,-5.81,12,2
1772052657.011760,1334118,-0.40,-0.53,0.10,-120.62,-59.75,24.50,-30.94,7.44,-2.50,0.02,0.10,-0.02,-142.19,50.50,257.25,20.00,10.63,-14.38,11,2
1772052657.202402,1334309,0.12,0.02,0.09,-117.00,-58.19,12.63,-71.00,34.06,-19.81,-0.35,0.06,-0.45,-142.00,50.81,251.75,25.75,15.63,-14.50,11,2
1772052657.392883,1334499,-0.37,0.74,0.93,-109.81,-65.37,354.31,-139.31,28.19,-40.50,-0.37,0.11,-0.34,-142.31,50.25,246.81,26.81,9.63,-20.25,12,2
1772052657.583278,1334689,-0.08,-0.76,0.58,-99.69,-66.44,344.19,-28.87,-1.94,28.25,-0.35,0.00,-0.63,-141.75,50.94,240.44,14.69,20.44,-9.63,11,2
1772052657.773844,1334880,0.00,0.20,0.38,-96.06,-60.13,334.62,-4.56,6.06,32.63,0.17,-0.18,-0.11,-140.00,52.88,236.50,2.31,14.88,1.87,11,2
1772052657.964482,1335071,0.34,0.33,0.16,-98.94,-55.06,327.75,5.06,16.62,8.00,-0.24,0.06,-0.28,-138.37,54.13,235.25,4.06,2.31,0.50,11,2
1772052658.155860,1335262,0.43,0.54,0.01,-103.25,-55.31,327.56,14.31,10.50,-21.62,-0.10,-0.27,-0.53,-141.06,52.94,235.50,-5.31,-10.31,5.81,12,3
1772052658.346373,1335452,0.15,1.56,0.88,-116.87,-59.63,344.06,142.62,-3.62,-26.94,0.11,-0.42,-0.50,-142.44,51.25,239.94,-17.75,-24.94,-1.12,13,3
1772052658.536354,1335642,0.82,-2.23,0.68,-151.69,-64.56,27.94,141.31,-28.25,-42.88,-0.78,2.23,1.18,-142.12,47.13,251.44,12.19,-8.00,-7.50,14,2
1772052658.727565,1335834,0.00,-0.28,0.47,-160.56,-72.81,48.56,1.75,-14.00,40.69,0.08,-0.28,-0.07,-147.37,46.69,251.75,-8.50,-32.38,24.06,15,2
1772052658.918477,1336024,-0.28,-0.75,0.03,-147.69,-68.12,39.56,-43.56,36.56,45.88,-0.24,0.09,-0.06,-150.94,44.13,258.12,-24.19,-17.81,23.81,16,2
1772052659.109193,1336215,0.04,0.23,-0.11,-135.12,-61.31,26.06,15.25,-8.00,38.44,0.83,-0.57,0.12,-150.12,45.38,262.56,-32.19,-5.31,13.69,15,2
1772052659.299384,1336406,0.52,0.19,-0.11,-130.06,-56.13,22.81,7.94,-3.37,27.62,-0.04,0.51,0.49,-146.87,45.69,271.00,-17.94,-6.81,3.44,15,2
1772052659.489897,1336596,0.05,-0.64,0.33,-123.94,-55.31,21.12,-40.44,-52.75,3.69,0.61,-0.21,0.38,-145.94,46.19,273.19,-12.81,-3.94,3.31,16,2
1772052659.680878,1336787,-0.50,-0.78,0.72,-113.00,-58.00,12.63,-61.88,3.81,-19.94,0.14,-0.03,0.36,-144.75,45.88,275.06,-7.12,-5.12,0.25,16,2
1772052659.871390,1336978,0.29,-0.53,0.58,-104.50,-61.88,0.81,-64.00,16.44,-16.37,0.12,0.20,0.27,-144.06,45.88,275.94,10.38,4.75,-2.25,17,3
1772052660.062404,1337169,0.11,0.02,0.06,-102.87,-63.00,354.87,-3.31,11.56,5.62,0.26,-0.03,0.15,-143.62,47.69,269.69,16.00,17.94,-18.31,16,3
1772052660.252501,1337359,-0.12,0.04,0.62,-103.69,-61.69,351.06,-15.75,3.44,-6.62,0.42,0.02,0.25,-141.94,48.06,266.00,18.94,15.38,-16.81,16,4
1772052660.442953,1337549,0.27,0.07,0.40,-105.31,-61.25,347.31,-8.69,18.25,1.25,-0.12,0.08,-0.15,-140.87,48.44,260.50,20.31,11.19,-13.75,15,4
1772052660.633976,1337740,0.09,0.13,0.00,-110.94,-64.94,348.12,-8.50,22.56,-59.44,0.33,-0.47,-0.13,-142.12,48.25,254.87,18.12,3.00,-9.19,14,4
1772052660.824915,1337931,0.19,-0.03,0.04,-127.12,-72.75,355.56,16.62,8.69,-28.25,-0.20,0.10,-0.24,-144.12,47.00,252.44,5.56,-5.87,-5.87,14,4
1772052661.015822,1338122,0.04,2.18,0.26,-134.75,-75.44,3.69,45.56,-24.12,-2.12,-0.15,-0.08,-0.36,-144.12,46.44,250.94,12.81,23.75,-9.00,14,4
1772052661.206175,1338312,0.11,-0.90,1.46,-121.44,-79.56,35.94,199.37,-63.63,-0.88,-0.07,0.05,0.06,-141.81,48.69,247.19,0.25,8.00,0.50,14,4
1772052661.396635,1338503,-0.18,-0.43,0.23,-176.25,-85.37,59.25,1.37,12.88,-42.06,-0.15,-0.05,-0.41,-143.00,47.63,250.00,-12.19,-21.81,8.38,13,3
1772052661.587436,1338693,0.34,-0.42,0.15,132.87,-81.50,70.87,27.56,17.19,-43.00,-0.04,-0.11,-0.25,-145.37,45.19,256.31,-21.44,-28.12,18.94,13,3
1772052661.778159,1338884,-0.07,-0.54,0.02,118.56,-77.25,80.94,25.12,-2.00,-3.56,0.33,-0.32,-0.08,-147.62,43.25,263.87,-22.31,-19.94,20.06,12,3
1772052661.969212,1339075,-0.22,-1.02,-0.35,111.25,-77.25,85.87,3.94,-13.19,25.56,0.30,-0.06,0.20,-146.94,42.94,270.94,-22.19,-11.81,14.44,14,2
1772052662.159496,1339265,-0.11,0.85,0.39,174.81,-84.19,75.81,-25.56,-5.69,45.19,0.24,0.01,0.13,-145.69,43.13,276.69,-21.31,-8.31,12.31,13,1
1772052662.349668,1339456,0.01,1.00,0.35,-177.94,-86.50,67.31,7.44,8.38,23.12,0.28,0.12,0.34,-144.56,43.88,282.00,-20.69,-11.19,16.87,12,1
1772052662.540568,1339647,-0.10,0.23,0.15,-125.69,-82.62,66.25,20.06,11.44,5.44,0.32,0.04,0.24,-143.62,44.81,285.00,-5.25,1.00,4.94,11,1
1772052662.731503,1339838,0.05,-0.21,-0.04,-136.37,-79.06,67.81,15.13,24.50,23.37,0.09,0.09,0.10,-142.75,45.88,285.87,-10.19,-1.25,-0.94,13,1
1772052662.922437,1340029,0.28,-0.76,0.00,-140.31,-72.94,64.12,-17.25,19.12,18.81,0.11,-0.35,-0.33,-142.44,46.00,282.56,31.06,13.81,-11.13,12,1
1772052663.112680,1340219,0.46,0.42,0.02,-125.62,-68.31,49.75,-43.25,2.31,32.44,0.04,-0.18,-0.04,-144.56,46.63,278.25,-0.81,0.75,-0.25,12,0
1772052663.303212,1340409,0.29,0.33,-0.08,-115.81,-64.19,38.56,-18.94,1.50,14.31,-0.10,0.09,-0.21,-144.12,46.81,276.81,4.56,8.44,-8.44,13,1
1772052663.494433,1340600,0.26,0.69,0.44,-108.94,-64.25,34.31,-24.56,-9.56,-19.81,0.41,0.13,0.00,-142.06,47.19,276.75,-6.56,6.62,-7.94,13,1
1772052663.684859,1340791,1.19,-0.08,-0.27,-108.87,-67.81,34.06,-15.31,-5.19,-11.69,-0.35,0.11,0.00,-139.62,46.06,278.94,3.94,2.81,-11.88,13,1
1772052663.875980,1340982,-0.28,0.21,0.84,-99.50,-69.44,34.06,-6.12,-1.50,4.62,-0.21,0.04,-0.17,-140.00,44.63,280.31,1.56,-9.38,3.06,13,1
1772052664.066135,1341172,-0.15,-0.20,0.16,-100.50,-69.37,34.56,13.81,7.50,-1.56,0.14,-0.12,-0.12,-141.37,44.06,280.19,6.06,0.69,-0.81,12,1
1772052664.256788,1341363,-0.16,-0.23,0.09,-105.94,-68.12,35.13,6.00,8.56,14.38,-0.01,-0.08,-0.16,-142.12,44.69,277.75,1.50,0.25,3.19,13,1
1772052664.447560,1341554,0.54,-0.17,-0.26,-112.75,-66.12,34.63,24.37,4.87,-16.06,-0.02,0.24,0.22,-142.00,44.25,278.50,12.63,15.13,-15.13,14,1
1772052664.638386,1341744,-0.81,-1.42,0.59,-111.87,-67.50,37.50,-34.38,-5.00,42.13,0.15,-0.30,-0.01,-141.25,46.06,270.19,12.75,9.31,-2.31,14,1
1772052664.829255,1341936,0.83,0.17,-0.08,-103.31,-56.56,16.37,-34.88,8.31,47.75,-0.14,-0.07,-0.29,-141.25,47.06,266.62,11.38,17.25,0.88,14,1
1772052665.019727,1342126,0.17,0.70,-0.09,-96.00,-52.75,7.56,-13.69,2.50,-5.19,0.11,-0.03,-0.27,-141.12,49.19,261.75,3.00,7.75,0.62,14,1
1772052665.210541,1342316,0.28,-0.16,0.01,-96.00,-54.44,9.56,14.19,-7.69,-25.37,-0.03,0.07,-0.07,-141.12,49.00,262.19,-2.62,-7.69,-0.44,13,2
1772052665.401351,1342507,-0.10,1.11,0.87,-95.44,-59.63,18.25,27.75,-20.12,-38.88,0.24,-0.02,-0.02,-141.94,48.56,264.75,-22.31,-15.44,4.81,13,2
1772052665.591595,1342698,0.62,-1.64,-0.23,-113.12,-67.87,33.63,23.87,13.31,-31.44,-0.33,0.27,0.06,-142.06,46.56,269.56,-9.88,-10.81,16.37,13,2
1772052665.782614,1342889,-0.63,0.17,0.26,-110.87,-69.00,36.06,12.06,-3.31,9.13,0.13,0.01,-0.06,-144.00,46.13,273.44,-18.06,-20.81,11.25,14,3
1772052665.972964,1343079,-0.21,-0.47,0.01,-115.56,-68.69,39.88,27.31,1.50,-2.44,0.27,-0.01,0.15,-144.81,45.31,278.06,-11.88,-6.62,9.69,14,2
1772052666.163577,1343270,0.05,-0.05,0.10,-119.94,-67.44,42.81,17.69,10.50,20.37,-0.05,0.23,0.23,-143.37,45.63,281.44,-12.63,-3.50,-0.62,14,3
1772052666.354198,1343460,0.04,-0.52,0.01,-121.31,-65.00,43.50,14.31,5.00,-8.94,0.30,0.00,0.12,-141.69,45.88,281.37,10.69,16.44,-13.81,14,3
1772052666.544369,1343651,0.03,0.03,0.42,-116.12,-64.00,39.13,-50.88,-16.94,35.06,0.11,-0.25,-0.02,-141.56,47.31,276.19,0.06,-1.06,6.62,14,3
1772052666.735916,1343842,-0.26,0.35,0.16,-101.62,-60.25,27.50,-32.31,-8.06,8.00,0.27,-0.07,0.02,-141.37,47.75,275.62,4.31,7.25,-5.12,14,3
1772052666.926492,1344033,0.82,0.33,0.01,-95.06,-59.25,20.87,-40.06,-6.75,0.81,-0.19,-0.10,0.01,-140.69,47.50,275.25,0.88,-0.13,-2.87,14,3
1772052667.117277,1344223,-0.55,0.05,0.18,-85.37,-61.81,21.31,-6.37,-12.88,-12.25,0.17,-0.03,-0.22,-141.50,47.00,275.12,-0.56,-8.19,-1.50,15,2
1772052667.307603,1344414,0.22,-0.49,0.18,-84.94,-63.88,24.25,16.50,-5.87,-17.12,-0.02,0.05,0.01,-141.56,46.13,276.75,-2.00,-2.19,-0.69,15,2
1772052667.498175,1344604,-0.14,-0.21,0.17,-85.25,-64.87,27.00,2.56,12.19,2.81,0.23,-0.21,-0.16,-141.37,45.88,277.44,-10.19,-1.31,-0.25,15,2
1772052667.689225,1344795,0.54,-0.60,-0.30,-89.44,-63.38,23.81,-15.31,16.94,18.56,-0.38,0.16,0.00,-140.12,45.00,278.81,-0.19,6.00,-6.44,14,1
1772052667.879435,1344986,0.00,0.62,0.33,-88.94,-59.81,17.75,0.62,7.87,28.81,-0.44,0.91,0.30,-139.62,46.00,279.87,-3.81,-2.31,6.19,15,2
1772052668.070410,1345176,-0.21,-0.01,0.41,-89.62,-58.13,17.44,4.12,-5.06,-16.19,0.39,-0.23,-0.04,-141.12,46.63,276.69,-0.62,-0.56,4.75,14,2
1772052668.261511,1345368,0.26,-0.15,-0.05,-90.87,-58.75,20.25,28.75,1.69,8.75,-0.08,-0.03,-0.08,-141.56,47.19,276.06,-0.37,-0.56,-1.44,14,2
1772052668.451463,1345558,-0.53,-0.20,0.06,-93.44,-58.81,22.44,-4.56,1.81,-3.12,0.23,0.04,0.05,-141.81,46.88,276.44,3.94,-1.75,-1.19,14,2
1772052668.642617,1345749,-0.56,-0.95,0.24,-94.44,-58.56,17.81,-62.63,25.81,-12.69,0.16,-0.16,-0.01,-142.44,47.00,275.37,-4.44,3.62,3.94,15,3
1772052668.833047,1345939,0.35,0.53,0.22,-89.75,-63.50,5.75,-69.19,20.56,-40.69,-0.20,0.19,0.00,-141.69,46.75,274.25,24.81,15.63,-18.12,15,2
1772052669.023710,1346130,-0.33,-1.13,0.83,-85.81,-69.44,358.06,-100.87,33.81,-4.12,-0.18,0.05,-0.35,-141.19,46.88,267.44,29.31,25.75,-17.75,14,2
1772052669.213878,1346320,0.17,0.85,0.35,-85.00,-66.12,342.69,-12.13,15.06,41.31,0.19,-0.12,-0.10,-140.75,49.25,258.94,12.88,16.12,-6.44,14,2
1772052669.404264,1346511,0.49,0.00,-0.16,-92.06,-60.44,335.50,-2.25,15.06,6.31,-0.02,0.20,-0.13,-139.37,49.31,255.00,21.44,13.56,-19.37,14,2
1772052669.595936,1346702,0.15,-0.16,0.11,-92.56,-60.38,334.25,-0.13,-1.19,0.44,-0.11,-0.37,-0.61,-138.31,48.81,251.94,12.38,11.13,-10.81,15,2
1772052669.786511,1346893,-1.13,0.06,0.77,-89.69,-60.88,333.94,-21.50,-12.94,2.69,-0.24,-0.42,-0.73,-138.56,48.94,247.31,3.69,-5.50,1.81,15,2
1772052669.977228,1347083,0.32,-0.65,-0.34,-94.12,-60.63,332.56,5.81,3.19,-14.50,-0.16,-0.12,-0.39,-139.31,48.69,245.44,10.31,1.44,-5.87,15,2
1772052670.167170,1347274,0.00,0.45,0.00,-96.56,-62.75,335.00,13.69,3.25,-13.88,-0.20,-0.11,-0.49,-140.25,47.75,244.44,-0.19,3.12,0.75,15,2
1772052670.357664,1347464,0.42,1.02,1.37,-107.06,-65.62,352.44,192.75,-38.38,1.12,-0.29,0.00,-0.23,-141.69,47.75,244.87,-16.06,-9.88,14.19,15,2
1772052670.549350,1347656,-0.82,-1.77,0.38,-122.81,-70.19,29.25,63.19,-20.69,-25.56,0.17,-0.27,0.09,-143.81,46.19,252.62,-33.94,-41.06,18.37,15,2
1772052670.739540,1347846,0.64,0.47,0.26,-149.62,-75.31,46.56,63.06,5.37,-73.87,-0.02,0.13,0.13,-143.19,43.13,265.81,-28.75,-20.56,13.69,15,2
1772052670.930158,1348037,0.02,-1.06,0.09,147.06,-78.75,71.06,34.44,-32.19,-39.88,0.42,0.05,0.32,-143.31,42.31,274.00,-21.69,-26.06,20.62,16,2
1772052671.120384,1348227,-0.45,-0.37,0.14,110.37,-80.44,75.94,6.56,-22.06,18.69,0.51,-0.25,0.00,-144.50,41.75,280.00,-20.25,-20.50,20.56,15,2
1772052671.310692,1348417,0.13,-0.01,0.19,175.94,-85.81,72.50,10.38,-4.81,30.37,0.11,0.15,0.35,-144.00,41.50,286.87,-20.00,-12.88,12.88,13,3
1772052671.502154,1348609,-0.25,0.23,0.12,-0.25,-89.69,69.56,6.75,-0.25,13.75,0.22,0.10,0.30,-142.94,41.75,291.12,-5.25,-0.50,3.44,13,2
1772052671.692762,1348799,-0.22,0.20,0.27,-176.87,-86.69,68.25,15.13,14.44,27.37,0.25,-0.03,0.24,-142.37,42.94,290.94,-3.87,1.69,7.25,13,3
1772052671.883347,1348990,0.10,-0.13,-0.13,-110.81,-78.75,64.12,11.19,10.69,41.06,0.25,-0.08,0.07,-142.50,44.38,289.37,2.25,5.94,3.00,12,3
1772052672.074101,1349180,-0.05,0.29,-0.09,-109.94,-71.50,57.25,-1.69,19.69,29.69,-0.08,0.00,-0.01,-142.19,45.63,287.31,4.50,7.94,-5.75,13,4
1772052672.264273,1349371,0.31,-0.30,-0.20,-117.37,-68.81,55.38,7.00,2.81,-11.50,-0.21,0.40,0.28,-140.69,46.94,283.00,21.87,25.56,-6.75,12,4
1772052672.455714,1349562,-0.08,0.79,-0.08,-112.44,-72.81,59.50,12.81,-23.31,-21.69,0.25,-0.14,0.03,-142.31,49.56,274.50,3.81,-1.12,0.50,12,3
1772052672.646339,1349752,-0.17,-0.99,-0.11,-115.31,-78.37,65.87,-26.56,6.56,-27.25,0.02,-0.06,-0.09,-143.69,48.19,274.50,12.25,-7.56,-8.75,11,2
1772052672.836789,1349943,-0.10,-0.44,0.08,-115.25,-80.81,61.13,-43.25,-6.56,1.06,0.00,-0.18,-0.45,-145.31,46.75,272.94,6.37,-3.31,-4.50,11,2
1772052673.027161,1350133,0.02,0.10,0.05,-103.44,-80.62,53.63,-22.44,-2.81,1.50,-0.07,-0.05,-0.36,-146.12,45.56,273.25,0.75,1.50,-4.44,12,2
1772052673.217639,1350324,-0.06,-0.14,0.11,-94.25,-80.69,52.56,2.19,-9.50,6.44,-0.02,0.02,-0.06,-144.87,45.63,273.62,-1.81,6.50,-3.44,12,2
1772052673.408622,1350515,0.04,0.05,0.05,-85.25,-79.31,51.56,-2.69,-9.13,6.06,0.06,-0.06,0.05,-143.69,46.13,274.19,-4.19,0.44,0.81,12,3
1772052673.599003,1350706,0.00,0.13,0.06,-81.56,-78.00,49.81,-4.50,1.81,6.44,0.00,0.03,-0.07,-143.12,46.00,275.87,-7.19,-5.19,3.06,12,2
1772052673.789815,1350896,-0.03,0.11,0.13,-80.50,-77.19,48.31,-3.25,-3.31,2.12,0.06,0.04,-0.01,-143.12,45.50,278.25,-4.69,-3.56,2.69,12,3
1772052673.980361,1351087,-0.15,0.13,0.07,-79.69,-77.06,49.00,8.63,2.00,-0.69,0.09,-0.01,-0.01,-142.50,45.69,279.37,-4.56,0.06,1.00,11,1
1772052674.170607,1351277,0.15,-0.04,0.15,-80.94,-77.69,50.88,3.06,-6.37,-3.69,0.10,-0.08,0.08,-142.62,45.50,280.62,-4.44,-4.44,4.81,11,1
1772052674.362080,1351468,0.00,0.15,-0.11,-80.25,-78.25,51.88,0.75,6.19,-5.31,0.07,-0.10,-0.03,-142.81,45.50,281.37,-2.87,-0.94,0.13,12,1
1772052674.552273,1351659,-0.12,0.45,-0.01,-82.56,-80.50,54.63,16.56,2.25,-38.44,0.15,0.05,0.20,-141.56,45.31,282.69,-5.25,1.44,-4.69,12,1
1772052674.743053,1351849,-0.02,-0.80,0.17,-2.37,-87.44,64.56,7.87,-9.69,-5.56,-0.06,0.02,0.04,-140.94,44.56,284.44,-1.19,-9.38,0.88,12,2
1772052674.933768,1352040,-0.05,0.03,0.15,-2.81,-86.31,64.69,5.75,-1.44,0.94,0.02,0.00,-0.01,-141.62,43.94,285.62,1.62,-1.00,0.69,11,2
1772052675.123989,1352230,0.00,-0.53,-0.04,-2.87,-86.25,66.19,10.00,0.13,1.94,0.10,-0.05,-0.03,-142.31,43.75,284.69,11.63,4.69,-4.62,11,2
1772052675.315040,1352421,-0.16,0.25,0.23,-4.00,-85.56,64.37,-7.81,16.94,16.69,-0.04,0.06,0.02,-142.25,44.31,283.31,-2.00,2.69,3.75,11,1
1772052675.505258,1352612,-0.09,0.56,0.24,-105.62,-82.50,60.63,15.63,32.56,16.94,0.01,0.06,0.03,-142.62,44.69,283.06,-0.50,-0.81,3.31,11,2
1772052675.695706,1352802,0.33,-0.46,-0.21,-124.81,-78.06,61.00,4.31,11.06,10.50,0.05,-0.02,-0.20,-143.19,45.25,281.31,5.87,5.94,0.31,12,2
1772052675.886491,1352993,-0.50,0.12,0.05,-127.31,-75.50,59.31,4.69,29.87,11.13,-0.05,0.04,-0.08,-142.56,45.56,280.37,0.69,4.62,-6.19,12,2
1772052676.076967,1353184,-0.33,0.14,0.11,-134.87,-72.81,59.06,8.56,3.94,-6.19,-0.12,0.03,0.15,-141.50,46.44,278.25,0.88,5.94,-1.37,13,2
1772052676.268482,1353375,0.34,-0.21,-0.26,-140.37,-71.50,59.25,-6.31,-1.06,-6.37,0.18,-0.03,0.00,-141.50,46.31,277.00,15.75,9.06,-8.13,13,2
1772052676.458735,1353565,0.05,-1.45,-0.11,-130.12,-72.87,52.88,-82.87,-17.56,25.12,-0.14,0.00,-0.26,-141.50,46.25,274.12,3.87,5.25,-6.00,13,2
1772052676.649058,1353756,0.27,1.50,0.84,-97.19,-67.69,31.37,-43.00,-30.12,30.87,-0.01,-0.12,-0.36,-140.75,46.94,272.50,-0.75,6.06,-1.12,13,2
1772052676.839727,1353946,0.17,0.64,0.01,-91.25,-68.31,30.31,10.56,4.75,-19.56,0.05,-0.03,0.00,-140.44,47.06,272.44,1.69,-3.75,-2.25,13,3
1772052677.030151,1354137,0.16,0.23,0.00,-98.12,-73.00,39.13,49.88,-6.69,-49.75,0.01,0.18,0.11,-140.50,46.44,273.12,14.13,2.31,-8.69,13,3
1772052677.221719,1354328,-0.28,-0.40,0.16,-103.37,-79.50,50.56,-4.31,0.88,-4.19,0.07,-0.03,-0.24,-142.31,45.81,272.87,-14.06,-15.88,15.25,13,3
1772052677.411790,1354518,-0.14,0.19,0.05,-108.50,-78.87,51.44,26.19,7.62,-9.94,0.01,-0.07,-0.14,-143.75,44.94,277.00,-8.63,-10.88,10.25,13,2
1772052677.602459,1354709,0.34,-0.98,-0.01,-137.06,-82.00,62.75,37.56,2.69,-27.87,-0.19,-0.08,-0.09,-144.19,44.38,278.87,-6.25,-6.06,6.56,13,2
1772052677.793290,1354900,-0.32,-0.80,-0.08,-177.50,-84.00,69.87,13.38,-1.06,-0.81,0.06,-0.20,-0.17,-144.56,43.75,280.19,1.56,0.44,-3.19,13,2
1772052677.983814,1355090,0.30,-1.19,-0.34,-175.81,-83.44,69.00,-31.69,-11.25,43.50,0.68,-0.45,-0.21,-143.75,44.69,280.12,-3.81,8.38,6.31,13,2
1772052678.174661,1355281,0.57,0.76,-0.06,-100.50,-78.50,53.00,-34.06,7.62,16.75,-0.27,0.44,0.31,-141.69,45.63,281.87,-6.00,3.31,-5.44,12,2
1772052678.364748,1355471,-0.07,0.33,0.77,-88.75,-76.19,47.88,-1.50,-5.37,15.19,-0.02,0.16,0.01,-140.06,46.06,282.69,-4.37,1.25,3.25,13,2
1772052678.554872,1355662,0.16,0.39,0.04,-89.56,-73.56,45.94,12.00,10.81,1.44,0.18,0.02,0.19,-140.19,46.44,283.06,-3.00,-3.94,5.37,14,2
1772052678.745990,1355853,-0.02,0.02,-0.10,-98.50,-73.44,47.63,11.13,12.94,-5.94,0.18,0.01,-0.06,-141.25,46.31,283.19,2.56,-5.06,-0.75,13,1
1772052678.936694,1356043,0.04,-0.58,-0.04,-108.12,-74.37,51.06,12.88,-3.87,-3.87,0.06,0.01,0.07,-141.87,46.00,283.00,3.19,0.75,1.06,13,2
1772052679.127483,1356234,-0.02,0.86,0.25,-110.37,-73.94,52.00,27.62,14.25,4.62,0.00,0.13,0.07,-141.50,46.75,282.12,3.31,8.19,-5.75,14,3
1772052679.318118,1356425,0.29,-0.14,-0.21,-125.31,-75.12,60.19,15.69,-7.50,-36.44,-0.03,-0.16,-0.05,-141.06,47.75,277.12,19.56,18.00,-10.50,13,2
1772052679.508674,1356615,0.07,0.41,-0.27,-125.50,-79.94,64.06,-21.69,-27.25,8.44,0.08,-0.11,-0.09,-142.37,48.13,273.25,4.75,-5.94,-1.25,13,3
1772052679.699800,1356806,-0.45,0.44,-0.15,-174.31,-84.12,62.00,-32.69,-16.94,-47.50,0.08,-0.13,0.01,-143.44,47.00,272.00,16.00,-3.87,-15.13,13,3
1772052679.890515,1356997,0.04,-0.27,0.14,178.87,-88.87,66.56,5.87,-7.12,-19.87,-0.25,-0.12,-0.35,-144.25,44.69,272.62,1.56,-7.62,-2.37,13,3
1772052680.081337,1357188,-0.30,-0.15,0.29,2.25,-87.50,69.06,3.06,7.87,-0.19,-0.12,-0.06,-0.27,-145.62,43.38,274.56,-6.87,-7.56,7.69,14,3
1772052680.270973,1357378,-0.28,-0.48,0.08,177.31,-87.19,71.31,10.19,11.63,0.75,0.02,0.13,-0.09,-145.69,43.13,276.69,-5.81,-1.31,4.50,13,3
1772052680.461565,1357568,0.00,-0.33,-0.16,178.87,-86.25,70.19,-8.19,16.25,30.81,0.00,-0.15,-0.22,-145.37,43.50,278.06,-17.25,-3.44,7.31,14,3
1772052680.652649,1357759,-0.07,-0.47,-0.02,-137.12,-81.37,62.81,-8.19,14.13,53.13,-0.17,0.45,0.32,-143.81,44.31,279.94,0.06,8.56,6.06,14,3
1772052680.843140,1357950,0.33,1.07,0.11,-110.56,-69.12,45.88,-16.31,18.87,76.62,0.10,-0.10,0.06,-145.00,45.94,278.44,-11.25,1.06,9.63,14,2
1772052681.033960,1358141,0.25,0.32,-0.13,-112.37,-60.00,35.75,6.50,27.25,16.00,0.23,0.12,0.38,-143.31,47.88,278.87,-6.94,3.06,0.19,13,2
1772052681.224318,1358331,0.46,0.65,-0.11,-119.06,-55.38,30.62,3.31,23.94,-1.31,0.03,0.04,0.06,-141.87,47.88,280.87,-3.81,-1.12,-0.06,13,2
1772052681.414747,1358522,0.47,0.53,0.11,-125.19,-54.88,32.81,30.31,-1.37,-19.25,0.21,0.09,0.06,-142.56,47.63,281.19,0.06,-8.94,4.56,12,2
1772052681.605901,1358712,0.24,-0.77,-0.04,-138.81,-59.75,48.06,39.75,-3.62,-42.69,-0.03,0.17,0.06,-144.37,46.69,281.56,5.44,-5.62,1.44,12,1
1772052681.796821,1358903,-0.27,-1.33,-0.04,-151.12,-65.12,60.69,-1.37,-13.00,-17.44,0.02,-0.13,-0.17,-145.87,46.56,278.94,8.94,-1.31,-3.19,12,1
1772052681.987462,1359094,0.37,-0.47,-0.30,-153.06,-68.06,60.75,-29.06,-16.94,0.81,0.08,-0.21,-0.28,-146.87,46.13,277.50,5.00,5.94,-5.37,12,1
1772052682.177755,1359284,0.02,0.38,-0.23,-143.50,-73.12,55.25,-39.31,-39.69,-17.50,0.24,-0.30,-0.18,-145.50,46.56,276.37,3.00,8.06,-13.19,13,1
1772052682.368075,1359475,-0.16,0.49,0.83,-131.37,-81.06,55.56,-12.19,-36.75,-18.81,0.02,0.21,0.11,-142.56,45.69,279.19,-4.00,0.31,-7.62,13,1
1772052682.559006,1359666,0.11,0.31,0.58,-174.94,-84.87,58.63,10.88,-10.81,-11.13,-0.33,0.13,0.00,-141.44,44.69,282.31,-4.31,-5.87,2.12,13,2
1772052682.749756,1359856,0.23,0.03,-0.23,-1.12,-88.56,66.44,34.56,-4.06,-39.94,0.27,-0.23,-0.04,-141.87,44.69,282.25,7.31,4.50,-1.87,13,2
1772052682.940683,1360047,-0.48,-0.61,0.01,6.31,-83.37,78.69,12.31,-1.50,-18.81,0.07,0.09,-0.01,-142.06,44.38,283.44,-7.25,-13.38,4.56,12,1
1772052683.130632,1360237,-0.25,0.08,0.13,73.37,-82.37,81.19,13.56,1.19,-3.87,0.04,0.02,-0.07,-143.00,43.31,286.50,-5.19,-10.06,5.44,12,2
1772052683.321208,1360428,-0.08,-0.45,0.10,77.87,-81.81,84.44,11.06,4.81,0.88,-0.06,-0.09,-0.06,-143.62,42.69,288.87,-7.06,-6.19,6.37,12,1
1772052683.512501,1360619,-0.67,-0.21,-0.08,87.06,-82.37,84.94,-5.19,18.69,9.00,0.08,-0.02,0.09,-144.00,43.63,288.94,-9.31,1.12,11.06,12,2
1772052683.702637,1360810,0.01,-0.10,-0.03,174.94,-84.37,82.12,2.44,5.44,8.31,0.15,0.01,0.03,-143.62,44.81,287.25,9.31,12.94,-7.94,12,1
1772052683.893982,1361001,0.27,-1.25,-0.12,176.31,-84.75,80.00,-24.12,2.94,30.50,0.20,-0.25,-0.15,-142.37,46.06,282.25,14.00,13.25,-4.75,13,1
1772052684.084532,1361191,0.58,0.34,-0.02,-103.19,-82.00,59.44,-62.88,-11.69,73.12,0.06,-0.24,-0.06,-143.06,46.56,281.56,-0.13,-2.31,1.87,14,1
1772052684.274649,1361381,0.20,0.99,-0.29,-93.75,-75.50,43.06,-29.69,19.12,-1.50,-0.11,0.10,-0.17,-141.44,46.63,282.12,-0.62,9.00,-9.06,14,1
1772052684.465492,1361572,0.17,0.30,0.32,-93.12,-75.62,41.88,0.50,-12.75,0.81,0.05,0.19,0.14,-139.69,46.31,283.94,-5.31,-2.94,0.62,14,1
1772052684.656233,1361763,-0.03,-0.08,0.07,-87.44,-75.56,43.13,4.62,-0.88,-2.25,-0.01,0.01,0.00,-139.69,45.94,284.37,2.94,-0.44,-1.12,14,1
1772052684.846915,1361954,-0.10,0.05,0.00,-89.87,-75.69,44.00,5.81,3.44,1.56,0.07,-0.03,-0.06,-140.25,46.00,283.81,1.69,-0.25,1.31,15,1
1772052685.037389,1362144,0.18,-0.05,-0.20,-96.56,-74.50,44.94,8.88,2.56,10.69,-0.01,0.04,-0.09,-140.50,46.19,283.81,-5.19,-5.12,5.62,15,1
1772052685.227867,1362334,-0.20,-0.61,0.15,-95.00,-74.62,46.25,3.44,-14.25,-9.75,0.56,0.16,-0.14,-141.06,46.44,281.56,23.06,15.06,-8.75,15,1
1772052685.418923,1362526,0.30,0.06,-0.09,-92.81,-71.50,40.50,-28.12,10.19,30.31,0.04,-0.21,-0.12,-142.69,46.44,279.31,-2.12,-1.69,1.94,14,1
1772052685.609488,1362716,0.39,0.32,-0.11,-93.12,-68.25,31.81,-21.44,6.75,1.81,0.09,-0.20,-0.01,-142.12,46.81,279.00,-1.37,7.37,1.94,13,1
1772052685.800179,1362907,0.32,0.18,-0.31,-92.62,-67.50,28.25,-2.94,4.31,2.50,-0.14,0.13,0.01,-140.06,47.19,279.81,-1.94,4.69,-7.00,12,1
1772052685.990390,1363097,0.06,0.00,0.40,-90.75,-67.19,27.81,-7.19,-11.81,-1.31,0.01,0.14,0.00,-138.69,46.94,280.06,2.87,3.12,-3.94,12,1
1772052686.180781,1363288,0.11,0.29,0.27,-87.50,-67.19,27.75,5.50,0.50,-4.25,-0.13,-0.17,-0.11,-139.00,46.56,280.06,0.81,-4.06,4.19,12,1
1772052686.372138,1363479,-0.12,-0.16,-0.24,-94.25,-67.87,32.81,38.81,6.50,-6.25,-0.07,-0.07,-0.38,-140.25,46.63,279.44,0.13,-3.00,1.25,12,1
1772052686.562641,1363669,0.89,0.81,-0.01,-103.44,-69.44,45.13,121.44,-36.50,3.44,0.26,-0.48,-0.49,-140.44,46.94,280.19,-20.87,-1.06,14.06,13,2
1772052686.753738,1363860,-0.68,-1.43,0.20,-101.56,-69.06,71.06,82.94,-34.00,5.06,0.21,-0.42,-0.10,-141.37,46.19,290.31,-45.88,-41.88,34.00,12,2
1772052686.943515,1364050,0.47,0.97,0.49,-103.44,-71.25,89.87,148.06,-43.25,11.50,0.32,0.14,0.51,-141.81,45.56,302.94,-51.31,-25.12,42.81,11,3
1772052687.134205,1364241,-0.41,-1.22,0.13,-103.37,-69.44,116.31,87.25,-32.94,7.81,0.60,-0.20,0.47,-141.81,45.00,317.50,-42.19,-37.44,28.25,11,3
1772052687.325523,1364432,-0.02,-1.05,-0.29,-105.94,-70.31,129.62,41.00,-16.31,0.44,0.52,-0.27,0.32,-141.62,44.38,328.50,-29.12,-19.62,17.00,11,4
1772052687.515920,1364623,0.12,-0.47,-0.30,-106.56,-70.94,136.44,18.44,-5.37,3.56,0.22,0.12,0.55,-140.56,44.69,333.69,-11.00,-5.06,3.31,10,4
1772052687.706534,1364814,0.21,0.21,-0.20,-106.37,-70.25,136.69,-4.12,-0.13,5.69,0.18,0.07,0.13,-138.69,45.50,333.87,3.94,6.75,-6.19,11,4
1772052687.897142,1365004,-0.02,0.15,-0.18,-105.25,-69.75,134.50,-10.88,4.25,-4.44,0.21,-0.32,-0.11,-138.62,45.94,331.37,8.44,2.75,-3.94,11,4
1772052688.087575,1365194,0.03,-0.26,-0.11,-108.37,-70.81,134.00,-2.87,1.50,-6.37,-0.02,-0.12,-0.06,-139.62,45.94,328.81,8.44,3.69,-5.44,13,5
1772052688.278444,1365385,-0.59,-1.17,0.24,-109.37,-71.69,132.69,-39.81,13.06,-9.31,0.28,0.05,0.30,-139.94,45.94,325.69,15.31,3.56,-11.75,12,4
1772052688.469269,1365576,0.27,0.18,2.63,-117.12,-73.87,100.44,-282.00,89.37,-40.31,-0.11,-0.01,-0.01,-139.56,45.63,319.12,32.25,24.81,-28.31,12,5
1772052688.659835,1365767,0.00,1.28,0.21,-112.87,-70.75,64.81,-40.75,10.94,19.00,0.52,-0.58,-0.61,-137.44,48.00,305.81,37.69,47.31,-27.87,12,5
1772052688.850016,1365957,0.65,-0.91,0.03,-110.37,-65.81,54.25,-52.75,13.56,33.50,-0.06,-0.27,-0.27,-135.94,49.31,297.06,19.81,11.94,-10.50,12,4
1772052689.040637,1366147,-0.04,2.16,0.35,-97.62,-63.00,35.50,-78.25,8.56,-26.62,-0.27,-0.37,-0.79,-136.81,48.94,291.25,22.75,10.38,-19.69,12,4
1772052689.231752,1366339,-0.07,-0.57,0.24,-95.87,-69.25,38.94,14.56,-8.69,-29.94,0.05,-0.23,-0.28,-139.44,47.06,289.12,1.75,-4.62,2.06,11,3
1772052689.422429,1366529,0.22,-0.29,0.00,-99.12,-72.12,44.81,19.81,-3.75,-4.12,-0.36,0.34,-0.05,-140.25,46.19,291.44,-7.50,-4.00,4.06,12,3
1772052689.612892,1366720,-0.04,-0.31,0.30,-101.75,-72.69,51.00,38.25,3.56,11.19,-0.13,0.13,0.20,-140.19,46.56,291.75,-2.19,1.50,4.94,11,4
1772052689.803075,1366910,-0.55,0.12,0.09,-107.19,-71.56,53.81,7.12,6.87,8.50,0.19,-0.17,-0.17,-140.56,47.25,290.37,-5.31,-5.12,6.06,11,3
1772052689.993618,1367100,0.80,-0.17,-0.09,-116.25,-70.81,55.63,18.62,-6.81,-21.25,-0.05,0.18,0.12,-141.25,47.44,290.19,-1.12,-0.88,3.56,10,3
1772052690.185124,1367292,-0.25,-0.43,0.18,-103.06,-74.56,56.88,-63.25,-27.37,-5.50,0.14,-0.27,-0.33,-142.25,46.88,291.25,-4.75,-9.19,2.56,14,4
1772052690.375767,1367482,-0.08,0.36,0.33,-88.56,-77.19,52.69,-3.62,-6.37,-4.50,-0.60,0.02,-0.15,-143.37,45.06,295.19,-12.75,-17.56,6.62,15,3
1772052690.566273,1367673,-0.72,-0.86,0.39,-85.69,-79.56,58.56,23.94,-4.62,-17.31,0.50,0.06,0.44,-144.25,44.25,298.06,-2.25,-4.06,5.94,16,2
1772052690.756246,1367863,0.03,-0.47,-0.01,-96.37,-79.75,60.50,0.31,17.94,16.56,0.03,0.16,-0.03,-143.37,45.88,294.94,12.13,22.12,-9.06,18,2
1772052690.946653,1368054,-0.63,-0.04,0.03,-104.69,-77.00,57.13,0.37,30.81,10.56,0.06,-0.38,-0.31,-141.06,47.69,290.06,6.31,17.25,-6.69,18,2
1772052691.137972,1368245,-0.12,0.33,-0.35,-114.75,-75.56,55.69,8.25,0.56,-7.87,-0.24,0.27,0.12,-139.31,48.75,288.19,4.50,6.00,-9.13,17,3
1772052691.328522,1368436,-0.14,0.57,0.71,-122.56,-76.00,58.50,17.87,12.38,11.94,-0.11,0.19,-0.10,-139.31,48.81,286.06,5.87,1.50,-2.00,17,3
1772052691.519779,1368626,-0.58,-0.25,-0.14,-126.12,-75.37,61.69,2.19,-3.06,-13.69,0.10,-0.02,-0.36,-139.81,49.00,284.44,4.50,-3.56,-2.00,18,2
1772052691.709590,1368817,0.30,1.02,0.04,-137.94,-76.56,65.50,29.50,1.44,-32.75,-0.32,0.24,-0.67,-141.25,48.00,286.56,-2.75,-11.69,1.19,16,3
1772052691.900018,1369007,-0.12,-2.20,-0.46,163.75,-80.81,85.06,26.87,-22.19,-46.44,0.15,0.00,0.08,-142.19,46.25,289.56,-4.25,-17.75,5.44,17,4
1772052692.091480,1369198,-0.04,-0.37,0.32,179.44,-87.62,77.69,-62.56,-37.56,43.94,0.13,-0.16,0.01,-145.00,44.50,292.81,-16.75,-17.87,17.94,15,4
1772052692.281910,1369389,-0.24,0.70,0.49,-3.81,-85.00,63.50,-19.06,-12.06,1.50,0.27,0.16,0.30,-143.75,45.13,293.00,3.50,15.13,-7.69,16,4
1772052692.472896,1369580,-0.38,0.22,0.16,-58.50,-82.94,59.88,-0.56,8.50,21.56,-0.22,-0.12,-0.25,-141.31,46.25,291.75,-5.56,4.31,-3.37,16,5
1772052692.662766,1369770,0.07,0.77,0.27,-89.81,-81.62,58.88,43.50,28.00,-10.19,-0.09,0.09,-0.10,-141.00,45.75,294.06,-14.31,-6.62,7.31,16,5
1772052692.853193,1369960,0.37,-1.05,-0.36,-175.31,-84.62,71.06,35.81,-11.31,-23.87,0.24,0.10,0.31,-141.00,45.88,294.56,8.81,5.06,-5.00,17,4
1772052693.044693,1370151,-0.23,-0.73,-0.11,-177.31,-87.12,73.69,-20.62,-3.19,27.19,0.10,0.03,-0.02,-140.19,46.31,291.94,10.13,7.75,-5.81,17,5
1772052693.235305,1370342,0.40,0.99,0.10,-103.44,-81.62,63.06,-14.94,16.06,9.06,-0.16,-0.03,-0.19,-140.87,46.06,290.00,0.88,1.37,-2.25,16,4
1772052693.426224,1370533,0.11,-0.17,-0.53,-173.75,-83.19,64.94,1.12,-10.00,-28.62,0.05,-0.10,0.09,-141.50,45.88,288.87,5.94,-2.50,-1.69,15,4
1772052693.616339,1370723,-1.06,0.26,0.19,-0.81,-88.56,66.19,-35.25,-19.87,-22.37,0.30,-0.14,-0.25,-141.56,45.56,287.94,7.19,6.44,-13.69,15,3
1772052693.806485,1370913,0.26,-0.34,0.17,0.19,-87.94,65.19,-6.37,-7.25,6.06,-0.34,0.05,-0.42,-140.69,44.25,289.69,-7.25,-9.06,4.06,13,2
1772052693.997757,1371105,-0.21,-0.04,0.01,0.56,-86.44,66.25,19.44,-2.25,-12.69,0.31,-0.13,0.09,-141.75,43.19,293.62,-8.50,-8.88,9.00,13,3
1772052694.188412,1371295,-0.03,-0.81,-0.16,1.87,-86.44,71.56,10.31,3.94,1.25,0.01,-0.14,0.03,-141.69,43.50,294.25,-7.56,-1.87,4.62,13,2
1772052694.378835,1371486,-0.07,0.96,0.27,0.19,-87.87,71.75,25.37,8.06,10.88,0.19,-0.10,0.04,-141.62,43.75,297.69,-17.37,-12.31,18.37,14,3
1772052694.569144,1371676,0.00,1.76,1.49,-4.06,-85.87,88.12,236.62,-9.56,43.44,0.12,-0.03,0.15,-141.62,44.44,301.12,-27.62,-21.19,24.00,14,3
1772052694.759840,1371867,-0.55,-2.84,0.55,-101.31,-77.44,123.56,151.81,-22.62,25.44,-0.04,-0.07,0.16,-142.81,45.56,305.50,-11.19,-7.87,21.87,14,4
1772052694.951245,1372058,-0.27,-0.07,-0.05,-110.31,-79.31,133.50,19.25,15.13,-4.44,0.34,-0.54,-0.24,-145.94,46.50,306.37,-24.00,-18.62,25.81,14,4
1772052695.141997,1372249,0.24,-0.54,-0.20,-127.25,-79.87,141.00,33.88,-3.44,-11.88,0.33,-0.06,0.22,-147.75,46.38,312.06,-21.50,-17.06,18.94,14,4
1772052695.332506,1372439,-0.20,-0.42,-0.21,-136.12,-81.75,148.19,11.56,0.13,-0.06,0.43,-0.21,0.27,-148.06,47.06,315.06,-11.75,-3.50,8.31,14,4
1772052695.522474,1372630,0.15,-0.06,-0.30,-141.62,-81.00,149.06,-5.25,5.00,9.50,0.23,0.04,0.24,-146.81,48.13,316.44,-3.44,4.31,-1.00,13,4
1772052695.713005,1372820,-0.02,0.23,-0.24,-136.62,-80.06,146.37,-6.25,-1.44,-3.25,0.29,0.08,0.31,-145.31,48.63,316.37,5.87,5.25,-7.19,13,3
1772052695.903979,1373011,0.12,0.02,-0.23,-136.12,-79.94,145.00,-9.19,0.25,-5.12,0.27,0.07,0.22,-144.37,49.25,313.62,18.25,10.75,-11.25,12,3
1772052696.094970,1373202,-0.60,-2.82,0.47,-137.62,-81.00,137.94,-126.50,10.50,-21.81,0.20,-0.26,-0.12,-143.62,49.25,306.81,38.56,17.25,-28.62,13,3
1772052696.285606,1373393,0.02,1.14,1.42,-153.19,-79.00,97.44,-221.25,38.88,-29.31,-0.31,-0.01,-0.52,-142.19,49.75,296.06,45.75,33.88,-37.19,13,3
1772052696.475984,1373583,-0.51,0.80,0.49,-132.50,-76.75,65.87,-72.37,-3.06,33.75,-0.33,-0.13,-0.58,-141.19,50.13,287.06,26.00,18.06,-23.81,13,2
1772052696.666229,1373773,-0.45,1.13,0.22,-104.50,-75.50,50.88,-72.19,-55.88,-23.31,0.30,-0.20,-0.39,-141.12,50.81,281.06,14.75,16.62,-15.75,14,2
1772052696.857501,1373964,0.33,-0.15,-0.09,-90.37,-81.12,52.00,6.69,7.25,-22.25,-0.51,0.39,-0.03,-138.81,49.25,282.25,3.12,0.44,-16.19,16,1
1772052697.048553,1374155,-0.45,-0.19,0.80,-5.50,-84.37,56.56,-2.37,-10.69,-10.69,-0.25,0.02,-0.38,-138.62,47.44,283.62,-0.50,-6.00,-0.31,16,1
1772052697.238896,1374346,-0.79,0.00,0.40,-3.00,-86.81,60.25,18.81,20.56,-9.81,-0.28,0.03,-0.25,-140.69,46.00,285.94,-9.44,-19.44,7.75,18,2
1772052697.428881,1374536,0.26,-0.45,-0.15,-178.31,-86.06,66.87,38.50,8.00,-12.31,-0.04,0.13,-0.18,-142.44,44.50,288.81,2.37,-8.31,4.56,18,2
1772052697.619408,1374726,-0.05,-0.11,0.06,179.62,-86.56,74.75,18.56,-4.62,6.12,0.05,-0.46,-0.13,-144.56,44.31,288.81,-19.00,-17.25,23.25,17,2
1772052697.810579,1374918,0.10,-0.83,-0.52,179.06,-87.00,78.56,2.06,-5.12,-0.06,0.28,0.14,0.15,-145.81,44.06,293.75,-16.25,-15.75,14.19,16,3
1772052698.001506,1375108,-0.37,0.81,0.07,-179.37,-89.37,70.25,-40.25,-9.94,0.62,0.16,-0.03,0.01,-145.44,44.06,297.56,-12.44,1.12,-4.37,15,3
1772052698.192261,1375299,-0.05,0.34,0.39,-2.00,-87.75,67.06,2.62,-5.81,21.12,-0.04,0.26,0.31,-143.69,44.31,300.00,-7.12,-0.88,4.56,15,3
1772052698.381872,1375489,-0.12,0.22,0.25,-4.37,-85.50,66.44,13.31,7.12,-0.31,0.33,-0.19,0.23,-142.56,45.06,299.44,5.94,8.00,-2.06,14,2
1772052698.572103,1375679,0.24,0.20,-0.11,-174.75,-84.00,69.94,38.94,23.56,6.62,-0.07,0.20,0.21,-142.25,46.00,296.37,7.37,5.94,-4.75,14,3
1772052698.763751,1375871,0.15,1.96,0.03,-135.06,-82.62,78.50,108.81,-10.63,11.69,-0.06,-0.22,-0.74,-142.37,46.44,293.00,7.37,10.06,-7.25,14,3
1772052698.954853,1376062,-0.80,0.12,1.67,-120.56,-82.37,109.56,190.69,-25.44,33.19,-0.29,-0.48,-0.57,-144.94,46.06,295.87,-41.00,-34.75,39.00,14,4
1772052699.145848,1376253,-0.47,-1.71,0.75,-122.56,-81.00,135.81,59.50,-3.62,-10.06,0.10,-0.20,-0.05,-147.31,45.19,306.81,-26.31,-23.81,30.19,15,4
1772052699.335512,1376442,0.09,-0.99,0.01,-150.25,-82.12,145.19,22.25,17.81,-7.12,0.26,-0.43,-0.07,-149.62,46.88,308.19,-19.56,-3.81,23.87,16,4
1772052699.525602,1376633,-0.02,-0.44,-0.47,-165.87,-80.69,149.62,16.69,1.81,12.25,0.60,-0.21,0.24,-149.25,48.88,310.19,-20.06,0.13,10.06,17,4
1772052699.717076,1376824,0.16,0.14,-0.40,-157.56,-79.37,150.12,6.62,-1.44,10.75,0.27,0.20,0.43,-146.81,49.88,314.31,-11.13,-3.56,0.13,18,4
1772052699.908331,1377015,-0.60,-4.04,-0.10,-148.69,-78.69,146.37,-93.19,8.63,3.12,0.49,-0.07,0.36,-143.69,48.69,317.81,18.94,-5.37,-33.63,18,6
1772052700.099071,1377206,-0.15,2.70,2.08,-138.06,-76.87,97.62,-234.75,36.25,-35.44,-0.16,-0.30,-0.57,-142.56,46.44,315.00,24.75,15.75,-18.25,17,6
1772052700.288618,1377396,0.52,-0.59,0.24,-125.87,-74.50,77.19,-16.19,-16.25,14.19,-0.02,0.24,0.03,-141.31,48.13,308.06,19.56,15.38,-10.19,16,8
1772052700.479066,1377586,-1.14,1.76,-0.02,-99.25,-75.31,62.00,-83.19,-29.25,-1.06,0.24,-0.68,-0.88,-141.19,47.94,302.62,13.75,6.00,-29.75,13,8
1772052700.670770,1377777,-0.19,-0.03,0.78,-93.06,-76.62,59.94,13.56,-9.75,-17.75,-0.60,0.18,-0.53,-140.87,45.31,304.69,-5.37,-18.50,2.00,13,9
1772052700.861619,1377968,-0.53,-0.92,0.63,-87.31,-79.19,65.75,21.69,-9.13,-12.81,-0.63,-0.26,-0.72,-140.44,44.31,311.06,-21.62,0.62,15.25,15,10
1772052701.052105,1378159,0.42,3.04,1.64,-93.56,-79.19,81.37,237.50,-16.87,29.25,1.04,-0.39,0.81,-138.75,46.69,313.87,-34.75,-12.13,25.44,16,9
1772052701.241953,1378349,0.88,-0.88,0.95,-120.87,-74.69,122.25,157.75,-8.56,0.56,-0.61,0.09,-0.43,-140.87,44.50,325.69,-38.00,-57.13,30.19,17,12
1772052701.432435,1378539,-0.48,-1.94,1.06,-139.56,-79.06,146.50,40.31,-6.69,-29.81,0.49,-0.79,-0.25,-144.56,41.19,335.31,-5.19,-3.94,21.12,17,13
1772052701.623986,1378731,-0.42,-1.74,-0.47,-154.81,-80.62,152.81,-12.31,30.44,18.00,0.94,-0.06,0.49,-142.62,44.44,334.25,-13.50,26.87,19.81,16,13
1772052701.814819,1378922,2.09,1.98,-0.73,-151.25,-76.37,147.37,15.56,-14.69,-24.44,-0.38,0.04,-0.38,-142.69,43.31,336.94,4.31,-3.87,-12.25,15,12
1772052702.005630,1379113,-1.46,-2.24,0.79,-177.69,-83.25,156.37,4.37,6.69,-16.37,0.22,-0.13,-0.35,-143.31,43.94,333.50,21.75,22.69,-6.44,16,12
1772052702.195077,1379302,0.18,-2.95,0.53,-162.44,-78.06,146.12,-123.69,33.94,14.00,-0.19,0.53,0.31,-141.44,43.88,330.94,11.94,29.31,-26.94,15,11
1772052702.385235,1379493,1.60,3.04,1.00,-136.50,-72.19,97.44,-179.25,35.25,12.63,-0.56,0.42,0.08,-137.94,46.00,322.62,9.69,35.06,-25.25,16,11
1772052702.577232,1379684,-0.64,4.69,1.49,-116.69,-71.12,79.56,47.75,20.37,-9.06,0.14,-0.38,-1.00,-135.75,46.75,316.69,15.69,5.12,-1.87,16,9
1772052702.768124,1379875,0.87,-1.21,2.00,-151.87,-73.44,121.50,256.00,-64.50,14.25,-0.01,-0.18,0.61,-141.00,47.06,318.87,-40.75,-54.56,41.81,15,8
1772052702.959093,1380066,-0.83,-2.00,0.54,-171.50,-81.62,151.56,8.25,-23.87,-20.87,0.29,-0.59,-0.32,-144.12,43.50,328.06,-8.19,-9.50,2.37,15,8
1772052703.148618,1380256,0.73,-1.30,-0.47,-179.87,-83.87,153.31,-14.38,1.25,0.25,-0.60,0.41,-0.46,-144.56,42.06,329.62,10.50,6.75,-22.37,16,6
1772052703.338974,1380446,-1.89,-0.79,5.48,0.25,-89.37,114.62,-411.87,-41.75,-9.69,0.10,-0.75,-0.63,-145.00,41.88,323.62,23.00,13.50,-33.88,16,7
1772052703.530144,1380638,0.04,0.92,1.58,-2.44,-86.50,71.37,-16.31,7.62,16.25,-0.88,0.62,0.08,-140.00,43.44,318.12,7.44,46.19,-21.37,17,7
1772052703.721064,1380829,-0.98,0.55,1.00,-74.12,-82.12,67.81,4.75,12.75,34.13,0.70,0.03,0.26,-135.44,46.88,309.69,20.81,27.25,-17.62,15,6
1772052703.911946,1381019,0.62,0.35,-0.55,-100.62,-76.37,64.50,38.31,12.44,-2.75,-0.09,0.01,0.25,-133.87,47.44,304.25,10.75,13.06,-14.25,14,7
1772052704.102105,1381209,-0.16,0.20,0.11,-87.06,-75.31,61.75,-35.88,-21.12,-0.81,-0.20,-0.13,-0.15,-132.31,46.63,302.31,18.12,13.00,-18.50,14,6
1772052704.292256,1381399,-0.91,0.74,1.10,-53.88,-76.81,56.25,-37.94,-1.44,-13.25,-0.55,-0.11,-0.72,-132.19,45.94,298.37,9.81,14.81,-7.81,14,6
1772052704.483917,1381591,-0.52,-0.22,0.49,-50.25,-78.25,56.06,-0.56,5.94,-6.69,-0.28,-0.19,-0.73,-133.50,45.63,296.06,2.62,-5.19,6.31,16,6
1772052704.674842,1381782,-0.92,0.75,0.76,-65.94,-80.44,58.31,52.44,35.94,-3.00,-0.37,-0.32,-0.59,-136.50,45.19,297.37,-11.38,-7.56,16.31,16,6
1772052704.865247,1381973,0.58,-0.58,0.23,-130.50,-82.25,70.81,57.94,18.31,-26.12,0.26,0.16,0.05,-136.12,46.75,299.31,-2.06,4.69,13.56,16,6
1772052705.055332,1382162,-0.03,-1.57,-0.50,-156.19,-80.75,79.44,11.00,23.94,13.44,0.00,-1.43,-0.63,-136.87,47.25,297.25,12.25,-14.75,-6.06,14,8
1772052705.245335,1382352,-0.78,-0.29,0.43,-115.81,-78.56,67.87,-61.25,-36.06,24.44,0.15,0.56,-0.53,-137.87,45.69,300.19,-6.25,-18.69,2.87,16,6
1772052705.437528,1382544,-0.40,1.00,0.85,-76.37,-79.12,56.19,-18.81,-10.13,-11.19,-0.57,0.45,-0.12,-138.25,44.00,303.81,-10.06,-1.37,-0.69,16,6
1772052705.627673,1382735,-0.08,0.00,0.73,-66.87,-80.56,58.69,6.87,-11.38,4.87,0.09,0.13,0.62,-137.25,45.81,302.00,0.94,14.19,5.06,17,6
1772052705.818316,1382926,0.04,0.50,0.25,-64.87,-78.62,58.25,1.31,5.50,7.87,0.32,0.06,0.28,-136.75,47.44,300.06,-0.81,-1.69,5.56,18,5
1772052706.008553,1383116,0.36,-0.23,-0.07,-82.44,-77.31,59.38,45.38,14.38,12.56,-0.08,-0.08,-0.31,-137.50,47.44,299.62,-2.62,-3.81,2.87,17,5
1772052706.198805,1383306,0.19,-0.64,-0.34,-87.81,-78.75,63.88,1.37,-4.56,-5.37,-0.12,0.13,-0.16,-137.94,46.63,302.25,-9.94,-7.44,2.50,16,4
1772052706.390201,1383497,-0.71,0.00,0.45,-68.81,-79.44,63.88,-28.06,-12.19,-11.06,-0.14,0.01,0.02,-138.81,46.25,303.25,0.88,-2.56,0.06,15,4
1772052706.581031,1383688,-0.25,0.39,0.09,-67.19,-80.19,62.75,4.19,10.56,2.00,0.28,-0.07,0.12,-138.69,47.06,302.50,-2.31,5.25,5.94,15,4
1772052706.771592,1383879,0.00,1.04,0.27,-83.19,-79.62,65.00,54.25,7.56,10.13,0.08,0.11,0.10,-138.56,47.94,301.25,1.56,0.56,0.69,14,4
1772052706.961877,1384069,0.17,-0.77,0.08,-105.75,-78.19,77.87,50.38,6.06,-12.44,0.06,-0.05,-0.20,-139.50,47.75,301.75,-2.44,-8.69,5.75,12,3
1772052707.152029,1384259,0.42,0.97,0.42,-124.81,-79.87,91.12,98.56,-3.25,2.50,-0.04,-0.30,-0.12,-140.69,48.00,303.06,-20.69,-4.81,24.25,14,4
1772052707.343797,1384451,-0.14,-1.90,1.10,-122.37,-76.00,121.44,185.12,-38.75,50.50,0.09,0.07,-0.05,-142.75,50.63,307.81,-36.44,-10.38,35.44,13,3
1772052707.534898,1384642,-0.71,-0.74,0.33,-118.06,-77.56,140.56,30.06,-5.50,-20.87,0.56,-0.33,0.24,-144.81,50.75,314.37,-26.25,-20.31,21.50,12,4
1772052707.725654,1384833,-0.63,-0.82,-0.49,-139.12,-80.12,149.37,13.19,13.63,-13.63,0.22,-0.15,0.55,-145.19,51.81,316.62,-5.50,3.62,4.25,13,4
1772052707.915088,1385022,-0.30,-1.23,-0.30,-149.69,-79.37,150.37,-11.38,-5.69,5.50,0.34,0.19,0.91,-142.25,52.38,316.50,15.06,13.06,-17.69,14,4
1772052708.105000,1385212,0.32,0.33,3.60,-139.37,-75.69,117.44,-323.94,86.50,-31.50,-0.25,0.09,-0.27,-142.12,51.31,311.81,37.63,29.81,-32.69,16,5
1772052708.296753,1385404,0.26,0.51,0.52,-128.62,-71.19,77.31,-32.88,21.56,34.31,-0.03,-0.19,0.10,-136.75,53.44,299.75,35.63,30.81,-27.19,18,5
1772052708.487931,1385595,0.38,-0.08,0.27,-112.75,-66.06,57.56,-97.06,11.75,21.12,0.02,-0.15,-0.66,-137.06,52.94,292.56,20.50,-0.69,-17.50,17,5
1772052708.678883,1385786,-0.03,1.30,0.30,-96.81,-64.87,39.13,-66.50,0.37,-22.37,-0.08,-0.16,-0.58,-138.19,50.94,291.50,4.69,3.81,-9.88,18,5
1772052708.868389,1385976,0.30,-0.17,0.17,-95.56,-67.12,38.50,18.87,4.00,-4.56,-0.20,0.11,-0.19,-137.62,50.00,293.69,-10.19,-2.31,6.31,18,4
1772052709.058352,1386166,0.09,-0.78,0.00,-98.06,-67.75,41.88,16.12,4.50,4.00,-0.12,0.08,-0.06,-136.69,50.19,295.00,0.25,6.50,3.94,17,4
1772052709.249909,1386357,0.32,0.00,0.28,-99.00,-65.94,40.94,1.50,-4.62,13.38,-0.15,0.11,-0.10,-136.56,51.00,294.19,-6.44,-1.75,7.81,18,4
1772052709.441023,1386549,0.34,0.02,-0.03,-103.69,-63.88,42.00,40.94,8.38,8.63,0.12,0.11,0.20,-137.31,50.94,295.69,-8.19,-4.31,9.06,19,4
1772052709.632188,1386739,0.45,-0.57,-0.18,-105.87,-63.44,46.25,-7.81,-16.56,-4.25,0.16,0.01,0.13,-137.81,51.13,296.12,5.37,-1.00,1.44,19,4
1772052709.821801,1386929,-0.25,0.58,0.37,-95.75,-67.37,45.75,-18.87,-1.25,-18.50,-0.02,0.11,0.03,-138.12,50.63,295.37,5.50,-1.19,-8.13,18,4
1772052710.011624,1387119,-0.24,-0.03,0.51,-95.69,-69.12,47.50,12.44,-1.81,-10.25,0.00,0.07,-0.12,-138.06,49.81,294.44,10.19,4.94,-6.25,16,2
1772052710.203367,1387311,-0.06,-0.16,0.03,-99.50,-70.44,50.94,14.19,4.00,-3.50,0.00,-0.08,-0.18,-139.19,50.25,291.00,7.06,-0.25,6.00,14,3
1772052710.394600,1387502,0.24,0.40,-0.08,-105.87,-71.06,55.00,38.25,5.44,-26.87,-0.01,-0.02,-0.28,-140.62,50.13,290.44,4.56,2.94,-5.81,13,3
1772052710.585481,1387693,0.21,-1.56,-0.02,-121.25,-77.44,70.06,21.31,-8.75,-22.44,0.01,-0.03,-0.02,-140.50,50.13,287.06,8.75,-2.19,-4.62,13,3
1772052710.775269,1387882,-0.22,-0.45,-0.20,-110.69,-78.31,64.25,-65.81,4.06,0.25,0.15,-0.31,-0.33,-141.19,48.31,289.94,-2.75,-8.38,-7.87,14,3
1772052710.965048,1388072,0.22,-0.41,0.21,-105.37,-75.87,53.13,-32.06,-3.62,21.00,-0.19,0.05,-0.21,-139.81,47.31,292.44,-6.81,3.37,-2.37,13,2
1772052711.156742,1388264,0.13,0.58,0.41,-96.69,-72.31,45.19,-6.25,-11.00,23.25,-0.22,0.06,-0.18,-139.37,48.13,293.31,-9.56,0.81,15.25,15,4
1772052711.347823,1388455,-0.41,1.34,0.51,-97.06,-71.94,51.75,100.62,2.06,-10.44,0.40,-0.03,0.32,-139.94,50.13,292.50,-20.12,-7.94,11.44,15,4
1772052711.538989,1388646,0.22,-0.26,-0.31,-115.50,-74.31,69.06,35.69,-1.81,-22.31,0.06,-0.07,0.13,-141.12,49.81,296.37,-13.63,-16.69,6.81,16,5
1772052711.728662,1388836,-0.14,-0.15,-0.01,-127.31,-81.00,80.94,21.81,-23.69,-42.38,0.24,0.00,0.06,-141.50,48.88,299.62,-4.19,-11.00,-0.94,16,5
1772052711.918331,1389026,-0.26,-1.22,0.18,-178.56,-87.25,89.44,-5.69,-13.25,-14.81,0.21,0.08,0.12,-142.00,46.75,302.56,5.50,-7.44,-1.25,17,5
1772052712.109736,1389217,-0.28,-0.31,0.18,-179.12,-87.69,85.87,-11.31,17.44,11.44,0.07,0.15,0.12,-141.56,46.38,301.12,13.56,13.44,-12.38,17,5
1772052712.301273,1389409,-0.09,0.11,0.12,-175.37,-83.75,78.37,-31.06,8.13,21.06,-0.01,-0.03,0.02,-141.31,47.88,294.75,16.37,14.00,-10.69,16,5
1772052712.492226,1389599,0.25,-0.37,-0.10,-119.56,-79.87,67.37,-50.69,-0.25,28.19,0.23,-0.11,-0.01,-141.31,48.19,290.69,12.88,1.44,-7.87,17,5
1772052712.681834,1389789,0.18,-0.48,0.31,-95.75,-71.62,45.31,-86.44,-1.44,66.06,-0.27,-0.33,-0.81,-142.44,46.75,289.06,9.38,6.87,-6.31,16,5
1772052712.871195,1389979,0.00,0.89,0.02,-86.56,-65.87,30.19,-8.88,4.81,-6.56,0.29,-0.10,-0.19,-141.12,48.06,286.50,5.00,18.25,-8.13,16,6
1772052713.063136,1390171,0.27,-0.10,0.17,-90.00,-66.87,33.19,12.88,-8.13,-2.12,-0.02,0.14,0.08,-138.81,49.38,285.44,-2.44,4.69,1.37,16,4
1772052713.254476,1390362,-0.04,0.50,0.40,-88.69,-67.00,35.75,21.50,2.94,-8.00,-0.03,0.17,-0.05,-138.81,49.44,286.56,-6.81,-6.19,6.25,17,4
1772052713.445748,1390553,0.11,-0.52,-0.11,-97.19,-69.31,44.44,39.19,-1.37,-22.37,-0.09,-0.01,-0.25,-139.94,48.50,289.44,-5.25,-10.75,4.19,16,3
1772052713.634759,1390742,0.36,0.44,0.04,-106.56,-74.25,57.00,51.19,-8.31,-24.75,0.13,-0.04,-0.47,-141.25,48.75,288.06,16.00,12.69,7.31,17,3
1772052713.824351,1390932,0.06,0.00,1.33,-115.31,-76.87,88.62,222.44,-32.25,5.69,0.48,0.19,0.53,-141.69,50.00,291.94,-38.13,-15.50,30.12,17,4
1772052714.016597,1391124,0.07,-1.62,0.96,-119.31,-75.56,124.50,146.25,-37.56,24.19,0.05,-0.13,-0.01,-143.00,50.13,304.00,-45.50,-30.50,32.88,17,4
1772052714.207747,1391315,-0.57,-1.09,0.67,-111.81,-78.25,141.87,27.19,-17.81,-15.75,0.34,-0.26,0.03,-145.50,48.81,311.69,-17.25,-19.19,15.75,17,4
1772052714.398547,1391506,-0.17,-0.26,-0.18,-113.12,-81.69,148.25,6.87,5.56,1.37,0.38,-0.14,0.25,-146.12,49.63,313.62,-15.81,-2.19,8.31,15,4
1772052714.587985,1391696,-0.02,0.11,-0.34,-120.00,-80.25,148.69,0.50,6.19,8.38,0.40,0.05,0.56,-144.31,51.13,315.12,-3.00,6.44,-4.06,18,5
1772052714.777840,1391885,-0.73,-2.76,1.70,-124.19,-78.56,133.75,-224.37,54.63,-22.69,0.07,0.64,0.56,-143.62,49.44,312.81,32.56,16.75,-42.13,18,6
1772052714.969606,1392077,0.98,2.66,1.11,-122.69,-75.50,83.25,-125.50,14.25,7.00,-0.33,0.22,0.07,-141.75,49.06,306.87,31.25,30.50,-23.12,17,6
1772052715.160718,1392268,0.16,0.48,0.40,-111.81,-72.62,67.25,-46.25,-3.69,17.75,0.09,0.00,-0.06,-139.37,50.69,298.50,20.75,26.75,-15.88,16,6
1772052715.351944,1392459,-0.20,0.01,0.25,-96.12,-71.81,56.50,-67.94,-1.69,-5.69,0.11,-0.28,-0.38,-138.00,50.94,293.81,10.63,5.12,-16.00,17,6
1772052715.541166,1392649,0.22,0.24,0.57,-93.94,-72.94,50.19,-7.69,0.50,-5.37,-0.09,0.16,-0.29,-137.06,49.44,293.69,13.38,5.00,-11.19,17,6
1772052715.730904,1392838,-0.48,0.10,0.80,-96.06,-73.62,52.13,26.81,14.63,7.12,-0.31,0.02,-0.20,-137.06,48.94,291.31,7.44,8.75,-5.56,18,5
1772052715.923235,1393030,0.00,-0.14,-0.01,-102.12,-71.94,52.56,-13.88,-9.44,4.44,0.23,-0.22,-0.30,-137.50,49.56,289.25,6.44,-1.06,-1.00,18,4
1772052716.114276,1393222,-0.14,0.70,0.24,-97.75,-72.69,48.56,-28.25,8.50,-16.94,0.03,0.00,-0.27,-139.06,48.50,289.37,1.19,-4.62,-5.94,17,5
1772052716.305044,1393413,0.13,-0.44,0.36,-105.00,-73.87,49.50,9.56,5.12,0.94,-0.19,0.12,-0.19,-139.00,47.63,290.75,-3.94,-0.37,0.94,18,4
1772052716.494415,1393602,-0.19,0.31,0.44,-105.37,-73.81,51.31,20.12,0.56,4.56,0.14,0.07,0.11,-138.62,48.25,291.19,-4.69,0.81,7.81,13,4
1772052716.684022,1393792,0.48,-0.58,0.01,-113.62,-71.56,55.31,30.44,5.37,3.56,0.17,0.23,0.00,-138.69,48.81,289.81,12.75,10.75,-3.50,13,3
1772052716.876447,1393984,-0.15,0.00,0.10,-109.75,-71.81,56.56,-13.50,-17.56,9.19,0.21,-0.35,-0.13,-139.56,50.50,285.50,-1.56,-1.25,7.37,13,2
1772052717.067830,1394175,0.30,-0.26,-0.09,-103.50,-71.94,53.25,-29.50,0.06,-11.44,-0.05,-0.22,-0.23,-140.19,49.06,287.62,-1.25,-11.81,-3.94,15,4
1772052717.258449,1394366,0.50,0.09,0.18,-97.69,-75.37,50.81,-5.75,2.31,-10.13,-0.19,0.37,0.35,-140.12,48.31,289.75,-3.87,-3.87,-1.62,15,4
1772052717.447690,1394555,-0.58,0.31,0.30,-94.37,-75.56,51.13,2.44,1.12,2.19,0.27,0.06,-0.23,-139.87,48.31,289.69,2.94,4.00,-4.62,16,4
1772052717.637718,1394745,0.17,0.09,0.10,-97.06,-76.37,52.50,4.94,-1.31,-4.62,-0.05,0.04,-0.16,-139.69,47.88,290.06,-1.50,-5.87,1.87,16,3
1772052717.829754,1394937,0.13,0.04,-0.06,-98.75,-77.81,55.50,16.50,-0.94,-11.13,0.00,0.01,-0.22,-140.56,46.94,292.19,-1.06,-7.87,2.87,16,4
1772052718.020864,1395128,0.25,-0.56,0.16,-100.37,-79.81,60.38,4.50,-3.50,-0.13,0.18,-0.08,-0.02,-141.06,46.69,293.75,-13.44,-7.31,12.88,16,4
1772052718.211309,1395319,0.07,0.92,0.14,-102.06,-78.87,61.88,37.31,7.37,0.00,0.03,0.10,-0.03,-141.25,47.13,296.12,-9.50,-4.25,5.25,15,3
1772052718.401316,1395509,-0.27,-0.47,0.21,-114.19,-79.56,70.69,25.87,-0.94,-5.87,0.00,0.19,0.03,-141.00,46.44,300.12,-6.94,-6.81,1.06,15,3
1772052718.591294,1395698,-0.16,-0.88,-0.04,-121.12,-81.50,74.12,-14.56,-4.06,2.75,-0.35,0.48,0.69,-140.75,46.38,299.81,10.38,9.50,-4.69,15,4
1772052718.782681,1395890,0.05,0.80,0.15,-99.12,-79.31,63.94,-64.94,-10.06,17.06,0.54,-0.08,0.16,-141.44,47.69,297.44,-4.19,2.81,5.50,14,4
1772052718.973569,1396081,0.43,0.61,0.00,-88.12,-78.62,56.13,0.94,1.44,-3.87,-0.27,0.36,0.20,-140.12,48.06,296.37,9.06,9.94,-11.13,13,2
1772052719.164624,1396272,-0.15,0.45,0.57,-82.50,-78.81,56.81,-6.44,-2.87,2.25,0.14,0.08,0.06,-139.00,48.13,295.19,6.00,1.81,-3.62,13,2
1772052719.354522,1396462,0.14,0.01,0.01,-85.19,-78.87,56.06,-2.37,7.37,-12.56,0.17,-0.12,-0.09,-140.06,47.44,294.31,8.31,-5.25,-2.56,13,2
1772052719.544035,1396652,0.24,0.18,0.07,-94.94,-82.25,57.75,4.75,11.50,-34.88,-0.11,-0.02,-0.25,-141.44,46.19,293.06,22.50,8.56,-18.37,13,2
1772052719.736039,1396844,-0.07,-0.86,-0.02,-176.31,-85.69,62.81,-3.56,12.50,5.69,-0.08,0.29,0.03,-141.00,46.13,290.37,2.19,7.06,-2.06,14,2
1772052719.927105,1397035,-0.04,0.43,0.28,-113.94,-80.75,56.94,10.88,13.50,31.81,-0.38,0.12,-0.17,-141.81,46.56,288.81,-4.56,0.00,4.75,14,2
1772052720.117839,1397226,-0.18,-0.30,0.04,-115.12,-77.37,56.00,2.81,1.81,8.13,0.21,-0.08,-0.04,-142.31,47.50,286.56,4.62,3.12,0.75,13,2
1772052720.307663,1397415,-0.36,-3.13,0.73,-121.00,-75.62,46.06,-171.50,53.63,-23.87,-0.20,0.09,-0.43,-143.94,46.69,285.69,14.19,5.19,1.56,13,1
1772052720.497427,1397605,0.00,0.53,0.55,-117.81,-76.44,13.94,-109.94,9.50,-7.75,-0.21,-0.15,-0.40,-144.62,49.38,277.19,14.25,36.63,-5.44,14,2
1772052720.689048,1397797,0.11,0.25,0.36,-104.94,-72.25,0.25,-26.31,3.50,27.12,0.30,0.22,0.44,-139.50,53.69,271.94,5.94,29.00,-9.56,13,1
1772052720.880354,1397988,0.28,0.84,0.67,-96.50,-69.06,351.19,-23.87,-6.31,4.25,-0.23,0.31,0.18,-133.75,54.88,270.75,1.31,8.13,-10.56,13,2
1772052721.071405,1398179,-0.39,-0.01,0.52,-86.25,-69.44,350.06,1.94,-9.69,-14.69,-0.22,0.10,-0.09,-133.06,53.19,273.06,0.44,-11.63,-0.81,13,1
1772052721.261014,1398368,-0.20,-0.71,-0.11,-85.37,-71.56,353.31,9.44,3.62,-10.56,-0.13,-0.09,-0.33,-136.06,51.75,274.12,1.87,-10.81,3.56,12,1
1772052721.450799,1398558,0.15,-0.40,-0.32,-91.87,-73.62,356.69,10.25,9.13,-2.25,-0.10,-0.09,-0.34,-138.25,51.13,274.56,-3.00,-3.37,6.69,12,2
1772052721.642105,1398750,0.73,1.83,0.25,-94.62,-73.31,4.12,122.25,-43.88,15.63,0.11,0.33,0.13,-138.37,52.19,275.62,-7.19,3.31,9.38,14,2
1772052721.833787,1398941,-0.40,-1.33,0.41,-95.37,-71.75,31.00,94.69,-19.62,-11.38,0.45,0.05,0.27,-138.19,52.13,279.75,-11.94,-17.81,-2.87,15,2
1772052722.024636,1399132,-0.65,-0.46,0.43,-98.81,-75.19,43.13,13.25,12.75,-13.56,-0.22,0.22,0.04,-138.19,49.25,286.25,-14.38,-17.00,-5.44,15,2
1772052722.214206,1399322,-0.12,-0.11,0.70,-104.62,-76.50,47.19,21.75,-4.69,2.37,-0.12,0.10,0.14,-138.62,48.44,289.69,-9.06,-5.75,9.88,14,2
1772052722.403836,1399511,-0.05,-0.30,-0.09,-108.50,-75.69,50.81,13.69,12.50,2.25,0.48,-0.09,0.06,-139.37,48.88,290.31,-3.56,-4.81,5.94,14,1
1772052722.595674,1399703,0.11,-0.01,-0.21,-119.12,-73.56,50.63,2.44,19.87,4.75,0.15,0.12,0.14,-139.94,49.00,291.69,-5.44,-4.50,-1.87,13,2
1772052722.786510,1399894,0.25,-0.51,-0.37,-129.06,-71.50,50.81,0.88,2.37,2.12,0.08,0.17,0.27,-139.06,48.44,291.37,12.31,8.69,-8.56,12,1
1772052722.977750,1400085,-0.18,0.51,0.43,-118.37,-71.37,46.88,-34.56,-7.19,19.19,-0.12,0.06,-0.05,-140.25,48.81,290.00,2.06,0.81,2.62,13,2
1772052723.167792,1400275,-0.17,0.08,-0.65,-110.31,-71.12,42.44,-12.50,-4.62,-11.94,0.11,-0.08,-0.05,-139.94,49.19,289.37,0.13,-0.13,-7.75,13,2
1772052723.356976,1400465,-0.10,0.04,0.54,-105.69,-73.00,42.63,-10.00,-8.88,0.19,0.07,0.09,0.13,-139.81,48.19,291.75,-6.37,-12.06,3.25,14,2
1772052723.548899,1400657,-0.04,0.01,0.36,-103.37,-72.56,41.56,6.56,7.44,-3.19,-0.10,0.09,0.08,-141.12,46.56,294.69,0.50,-11.19,0.75,14,1
1772052723.740340,1400848,-0.63,-0.72,-0.06,-107.25,-73.37,43.06,-6.44,4.12,-4.69,0.19,-0.08,-0.07,-142.56,46.25,292.87,9.44,5.19,-4.75,13,1
1772052723.930688,1401039,0.41,0.00,-0.07,-111.37,-72.06,39.31,-19.44,8.50,16.25,0.15,-0.01,0.00,-142.56,47.88,287.81,12.50,13.88,-5.19,13,1
1772052724.120501,1401228,0.11,0.30,0.00,-110.19,-71.12,34.94,-10.56,-0.31,-4.94,0.20,-0.15,-0.17,-141.81,48.00,284.56,9.69,3.50,-15.56,14,2
1772052724.310497,1401418,-0.10,-1.35,0.25,-127.62,-69.56,35.31,-0.13,37.25,-10.00,-0.56,-0.01,-0.59,-140.87,46.56,283.62,10.50,11.94,-11.38,14,2
1772052724.502102,1401610,-0.95,0.90,0.06,-124.69,-66.87,31.25,4.81,-7.50,30.75,-0.17,-0.32,-0.29,-139.81,48.81,280.69,-11.94,4.00,5.94,13,2
1772052724.693323,1401801,0.56,-0.50,-0.54,-119.31,-61.38,27.00,-18.37,-20.00,39.19,0.12,0.10,0.15,-140.06,48.81,284.87,-13.06,-12.50,13.38,13,2
1772052724.884048,1401992,0.60,0.97,0.11,-106.94,-58.69,23.00,7.94,-28.31,7.00,-0.13,0.11,0.03,-140.44,49.00,289.81,-36.75,-17.44,24.25,13,3
1772052725.073848,1402182,-0.37,-0.66,0.62,-100.37,-61.00,30.62,26.94,-31.00,-15.56,0.52,-0.25,0.16,-140.31,49.38,292.50,4.25,0.94,-1.87,13,5
1772052725.263365,1402371,0.21,0.14,0.20,-98.56,-62.06,34.00,-12.94,19.69,12.31,-0.98,0.07,-0.46,-140.00,48.13,294.19,6.50,-9.38,-1.44,12,5
1772052725.455505,1402563,-0.52,-1.47,0.17,-106.94,-64.12,42.94,93.31,-15.00,-5.31,0.83,0.06,1.25,-139.56,46.81,298.69,-15.31,-17.31,-8.44,13,6
1772052725.646461,1402754,0.22,0.91,0.00,-116.00,-62.94,47.63,2.69,-15.56,-32.69,0.39,-0.03,-0.20,-140.25,46.88,299.12,-4.19,16.37,5.94,13,7
1772052725.837553,1402945,0.17,-2.59,-0.27,-118.44,-67.37,54.06,-42.81,48.19,23.69,-1.12,0.41,-0.14,-138.31,46.31,299.44,8.38,-6.31,-13.81,14,6
1772052726.027070,1403135,0.23,0.77,0.59,-104.25,-62.63,36.13,-55.06,-25.00,-16.00,0.74,-0.37,0.19,-138.00,46.88,297.25,3.94,1.25,3.50,16,7
1772052726.216625,1403325,0.03,0.61,-0.14,-98.06,-68.37,36.69,-5.81,-0.69,-37.69,0.21,-0.37,0.76,-139.31,46.19,297.94,3.12,9.50,5.69,20,8
1772052726.408402,1403516,0.17,-0.41,-0.07,-104.81,-71.06,40.81,2.25,1.56,11.31,0.02,-0.01,-0.26,-138.69,46.94,296.31,4.87,7.19,1.19,21,8
1772052726.599567,1403707,-0.40,0.64,0.72,-106.87,-71.87,46.25,69.56,5.69,-21.19,0.16,-0.16,0.01,-138.12,48.06,295.62,-11.94,-2.37,4.50,20,8
1772052726.790462,1403898,0.10,-0.90,-0.09,-140.75,-75.06,67.31,59.56,20.06,-33.88,0.38,0.08,0.40,-137.87,48.69,297.94,-12.94,-8.75,5.00,20,7
1772052726.980110,1404088,0.41,-1.06,-0.24,-160.75,-73.62,77.62,11.50,-5.25,8.38,0.18,-0.11,-0.01,-138.81,48.69,295.75,22.50,6.69,-2.87,19,6
1772052727.170165,1404278,-0.50,-0.56,0.19,-142.69,-75.19,70.12,-44.00,-6.81,23.37,0.25,-0.21,-0.04,-141.12,48.63,293.69,0.13,-5.94,-2.19,19,6
1772052727.361802,1404470,0.14,-0.01,0.36,-128.12,-72.19,55.19,-66.87,11.81,12.88,-0.15,-0.02,-0.05,-140.06,49.00,291.81,11.13,17.25,-11.75,18,5
1772052727.552900,1404661,-0.25,-0.43,0.60,-119.75,-70.75,38.44,-94.31,19.75,-9.50,0.12,-0.02,0.10,-137.81,49.56,286.56,27.75,16.56,-20.81,18,4
1772052727.743768,1404852,0.51,1.04,0.68,-114.19,-69.69,14.00,-101.87,24.87,-17.94,-0.12,0.07,-0.18,-136.75,49.44,280.25,29.31,22.44,-16.37,18,5
1772052727.933356,1405041,-0.59,-0.14,0.30,-106.94,-69.25,1.94,-23.62,12.75,6.69,-0.40,0.67,0.38,-136.00,49.88,275.19,35.00,22.31,-25.94,18,4
1772052728.123237,1405231,-0.18,0.50,0.28,-106.12,-67.00,350.56,-67.50,31.06,10.00,-0.48,-0.06,-0.59,-138.06,50.00,268.56,14.00,9.69,-8.44,14,3
1772052728.315405,1405423,0.29,-0.44,-0.17,-108.94,-64.56,341.00,-13.06,7.12,7.37,-0.03,-0.14,-0.32,-138.12,50.38,265.06,10.94,9.19,-4.62,14,4
1772052728.506308,1405614,-0.03,0.22,-0.08,-106.87,-63.00,336.62,-3.69,4.81,5.12,-0.15,-0.01,-0.35,-138.75,50.63,262.87,2.25,2.19,0.69,15,5
1772052728.697532,1405805,0.15,-0.20,-0.07,-108.19,-62.88,337.19,4.06,-3.44,-6.50,-0.14,0.03,-0.23,-139.12,50.13,263.81,-6.19,-2.62,1.12,15,5
1772052728.887036,1405995,-0.10,-0.22,0.08,-108.56,-64.62,340.81,11.00,-4.50,-3.87,-0.02,-0.06,-0.12,-138.87,49.75,266.25,-10.38,-8.38,4.81,16,5
1772052729.076316,1406184,0.05,-0.38,0.13,-109.25,-65.06,343.75,10.50,-3.62,-1.56,0.00,0.13,0.10,-138.94,49.06,270.12,-10.94,-8.25,3.25,14,7
1772052729.268370,1406376,-0.07,-0.11,0.24,-108.44,-65.50,345.69,4.31,-5.69,1.94,0.14,0.25,0.31,-137.69,48.81,272.62,-2.69,2.37,-1.94,15,8
1772052729.459333,1406567,-0.09,-0.08,0.29,-105.31,-65.75,345.81,-6.75,0.44,3.44,-0.06,0.17,0.16,-136.31,49.13,271.87,5.62,6.87,-5.56,15,9
1772052729.650490,1406758,0.04,-0.08,0.14,-104.00,-65.37,343.94,-8.25,1.81,-0.31,-0.11,0.01,-0.02,-135.75,49.31,269.87,9.50,6.56,-5.00,16,9
1772052729.839940,1406948,0.00,0.02,-0.04,-103.81,-65.12,342.44,-3.94,3.25,2.12,-0.06,-0.07,-0.11,-136.00,49.44,267.50,9.31,5.06,-3.56,15,10
1772052730.030028,1407137,-0.02,-0.10,-0.10,-105.31,-65.06,341.81,-1.62,5.06,-2.75,-0.10,-0.04,-0.21,-136.50,49.56,265.50,4.81,2.44,-1.56,17,10
1772052730.221822,1407329,0.06,-0.19,-0.13,-107.37,-65.37,341.56,0.31,1.62,-2.94,-0.11,-0.05,-0.21,-137.06,49.38,265.00,-0.88,-1.12,0.37,17,11
1772052730.412918,1407520,-0.03,-0.15,-0.08,-108.62,-65.75,341.69,-0.81,2.87,0.81,-0.10,-0.04,-0.18,-137.37,49.19,265.87,-6.87,-3.94,4.25,16,10
1772052730.603608,1407711,0.10,0.17,-0.06,-109.19,-65.19,341.81,10.19,-3.44,5.06,0.02,-0.04,-0.09,-137.56,49.06,268.25,-12.50,-7.12,7.19,17,11
1772052730.793322,1407901,0.15,-0.04,-0.03,-110.44,-64.69,344.50,17.81,-5.00,3.81,0.05,0.04,0.14,-137.50,48.88,272.00,-14.94,-10.38,7.56,15,11
1772052730.982564,1408091,0.41,1.84,0.55,-113.56,-64.62,353.37,116.50,-25.87,19.37,0.15,-0.11,0.12,-137.56,49.94,274.31,-16.06,2.00,17.31,17,10
1772052731.174922,1408283,-0.51,-0.71,0.59,-123.31,-62.25,25.12,129.94,-26.06,20.31,0.25,0.85,0.93,-137.87,51.88,281.19,-49.38,-37.06,24.62,14,10
1772052731.366124,1408474,-0.20,-0.57,0.43,-136.56,-65.62,46.38,33.81,-16.94,-34.00,0.54,-0.25,0.00,-143.50,49.94,282.94,-7.56,-24.19,9.94,14,10
1772052731.557042,1408665,-0.35,-1.29,-0.35,-145.12,-67.62,52.50,-16.50,18.81,12.13,0.35,-0.78,-0.02,-148.25,49.13,286.75,-24.62,-29.00,38.75,11,9
1772052731.746551,1408855,0.27,0.38,-0.22,-142.06,-63.19,44.63,-2.69,12.81,18.00,0.19,0.42,0.77,-152.94,47.94,293.62,-24.56,-31.87,27.75,13,8
1772052731.936326,1409044,-0.05,0.15,0.27,-139.25,-61.13,44.75,29.19,-15.06,-5.50,0.91,-0.36,0.36,-151.81,47.00,299.37,-25.75,-6.19,1.31,11,8
1772052732.128392,1409236,-0.20,-0.59,-0.22,-144.44,-61.44,53.13,51.31,16.19,3.12,0.44,0.00,-0.11,-146.44,45.75,311.81,-32.88,0.75,-8.06,11,7
1772052732.319341,1409427,-0.14,-1.04,0.04,-146.69,-56.63,52.31,-44.94,6.44,37.50,0.99,-0.91,0.15,-143.56,48.50,303.81,64.87,55.69,-31.12,11,7
1772052732.510064,1409618,0.29,0.09,-0.16,-129.50,-50.88,27.31,-65.62,33.50,30.19,0.00,0.23,0.08,-141.31,49.88,295.62,17.94,16.75,-23.94,9,6
1772052732.699714,1409808,0.39,0.02,0.55,-118.19,-44.38,5.56,-67.37,-23.44,19.94,0.47,-0.47,0.05,-139.87,50.38,289.19,16.12,19.56,-15.63,10,6
1772052732.889516,1409997,0.24,0.69,-0.37,-102.94,-44.94,0.37,-28.75,-39.06,-10.50,0.26,-0.60,-0.12,-139.94,53.13,281.12,16.37,-4.19,-7.94,8,7
1772052733.081791,1410190,0.39,1.00,0.14,-103.50,-48.31,8.63,80.50,-14.19,-25.87,-0.53,0.50,0.10,-143.31,52.50,280.06,-11.13,-21.19,9.13,10,6
1772052733.272945,1410381,-0.93,-1.69,-0.22,-110.44,-56.69,28.62,3.94,-29.50,-35.81,0.83,-0.41,0.18,-144.50,50.56,283.87,-1.56,-15.19,-4.94,10,5
1772052733.463657,1410571,0.45,-0.61,-0.36,-115.12,-55.06,25.06,-23.44,30.87,16.50,-0.22,-0.10,-0.14,-143.94,47.81,289.00,-6.69,-3.25,3.44,12,5
1772052733.653141,1410761,0.24,-0.27,-0.21,-114.75,-52.81,19.87,1.25,-14.81,2.44,0.41,-0.10,0.22,-143.31,49.06,288.87,-0.75,11.75,11.06,12,5
1772052733.842564,1410951,0.28,0.11,-0.37,-113.31,-51.88,19.69,3.19,8.38,8.38,0.05,0.09,0.18,-142.62,49.38,290.50,-12.31,-7.06,-0.37,13,4
1772052734.034625,1411142,0.00,-0.27,-0.08,-115.19,-52.44,22.81,20.81,-22.37,-10.63,0.32,-0.03,0.17,-141.62,49.75,290.81,1.37,5.81,-0.25,14,4
1772052734.225646,1411333,0.20,-0.37,0.04,-114.00,-55.38,28.44,0.62,-11.38,-7.31,-0.09,-0.05,0.17,-141.31,50.25,290.37,-1.81,-1.31,1.69,14,3
1772052734.416804,1411524,-0.39,-0.16,-0.03,-112.37,-56.69,30.62,0.13,-1.50,2.19,0.24,-0.06,-0.06,-141.81,50.25,290.19,1.56,-2.94,-0.37,14,4
1772052734.606168,1411714,0.29,-0.23,-0.22,-114.25,-56.56,30.06,-0.56,-0.75,-5.69,0.08,0.10,-0.01,-141.81,50.00,289.94,5.19,5.56,-1.87,13,3
1772052734.795567,1411903,-0.35,-0.17,-0.04,-114.75,-57.44,31.69,2.50,3.69,0.31,0.03,-0.16,-0.19,-141.50,50.19,288.87,1.25,-1.56,-3.44,13,2
1772052734.987408,1412095,0.37,-0.34,-0.05,-117.75,-56.63,30.94,0.56,5.56,-0.88,0.00,-0.09,0.12,-141.69,49.38,290.37,-2.50,-3.06,3.62,12,2
1772052735.178725,1412287,0.10,-0.41,-0.12,-118.25,-56.75,31.00,-7.62,5.75,3.75,0.38,-0.13,0.07,-141.81,50.44,288.56,-0.31,5.56,2.62,12,2
1772052735.369852,1412478,0.62,0.13,-0.12,-118.81,-54.63,27.69,4.19,6.44,-4.19,-0.24,0.25,-0.14,-141.56,49.56,290.00,-3.69,-3.81,-0.56,11,2
1772052735.559642,1412667,-0.56,0.08,0.21,-117.12,-57.44,30.50,-3.19,-9.31,-8.25,0.14,-0.21,-0.14,-142.81,50.25,288.87,-1.12,-3.25,5.44,12,2
1772052735.748496,1412857,0.77,0.69,0.19,-125.56,-60.94,40.69,71.06,-7.94,-57.69,0.15,0.08,0.47,-143.75,51.63,287.12,2.31,8.06,10.31,11,2
1772052735.941539,1413050,0.00,-0.56,-0.20,-154.06,-68.75,68.44,49.31,5.56,-38.06,0.34,0.08,-0.06,-145.75,51.81,285.81,1.56,-18.06,3.75,12,2
1772052736.132387,1413240,0.33,-0.38,-0.17,-178.12,-68.25,82.12,14.38,-2.87,-46.13,-0.05,0.19,-0.09,-146.87,50.06,286.37,9.06,3.81,-6.25,12,2
1772052736.323644,1413431,-0.52,-0.59,-0.17,167.75,-70.50,87.37,-13.00,-13.13,-1.06,-0.02,-0.24,-0.39,-147.75,49.63,284.62,3.31,-4.12,-2.12,12,1
1772052736.512777,1413621,0.14,-0.58,0.00,172.19,-71.94,83.37,-14.75,-10.06,8.44,-0.03,-0.14,-0.13,-148.25,48.94,284.62,0.69,4.69,-0.62,13,1
1772052736.701955,1413810,-0.42,0.12,0.03,-179.31,-72.87,77.81,-10.81,8.81,15.06,0.13,0.17,-0.11,-146.56,49.94,284.06,-3.69,4.19,-6.25,14,1
1772052736.894732,1414002,0.04,0.34,-0.02,-167.06,-69.37,70.75,-14.00,15.00,19.19,0.05,0.06,-0.04,-144.94,49.50,286.31,-6.62,-2.44,-1.06,14,1
1772052737.085436,1414193,-0.09,0.29,-0.15,-158.81,-65.75,63.94,-6.12,11.31,11.50,0.11,-0.13,-0.16,-144.62,49.19,288.44,-9.75,-8.44,3.75,13,1
1772052737.276292,1414384,-0.05,-0.06,-0.14,-155.75,-63.31,61.25,6.19,-0.62,10.81,0.04,0.09,0.24,-144.56,48.25,292.31,-8.25,-3.00,7.25,14,2
1772052737.465977,1414574,-0.12,-0.32,-0.17,-151.87,-61.94,58.69,-20.81,12.63,28.69,0.38,-0.14,0.07,-144.00,49.56,291.50,3.37,9.38,-1.69,13,1
1772052737.655111,1414763,0.53,0.46,0.19,-142.56,-56.13,45.38,-16.87,7.56,25.12,-0.05,0.14,-0.07,-142.75,50.75,289.37,2.87,10.88,0.62,13,1
1772052737.847228,1414955,0.36,0.05,0.04,-137.37,-54.00,39.25,-11.31,-0.62,12.06,-0.14,0.10,0.20,-141.50,51.44,288.19,4.75,7.69,-5.00,13,2
1772052738.038484,1415147,0.50,0.00,-0.14,-131.50,-53.50,34.19,-27.06,-9.00,6.50,0.37,-0.13,0.04,-140.81,52.63,284.69,17.06,15.50,-3.87,14,2
1772052738.229679,1415338,0.10,0.64,0.02,-125.37,-53.63,28.94,-13.00,-1.50,-1.69,-0.37,0.27,-0.40,-141.19,54.31,279.31,10.44,6.44,-4.25,16,2
1772052738.419709,1415528,0.48,-0.06,-0.14,-130.37,-54.00,31.44,30.31,7.44,-19.75,0.24,-0.05,-0.21,-141.06,52.50,280.19,8.31,-3.94,-1.19,16,2
1772052738.609445,1415717,-0.08,0.67,0.23,-134.25,-58.38,39.88,16.44,-10.19,-32.06,-0.21,-0.16,-0.55,-143.56,51.31,281.19,-14.63,-19.31,4.44,17,2
1772052738.803418,1415911,0.17,-0.13,-0.07,-153.69,-63.38,58.00,42.56,2.25,-56.44,-0.11,0.24,0.30,-143.94,49.19,286.75,-6.44,-6.87,6.69,17,2
1772052738.993328,1416101,-0.09,-1.40,0.05,-175.87,-66.81,76.62,17.69,-23.50,-2.12,0.18,0.02,0.14,-146.31,49.63,286.00,-0.88,-2.06,21.37,18,2
1772052739.183503,1416291,0.48,-0.16,-0.17,-167.62,-67.69,72.75,-10.38,18.00,18.06,0.07,-0.03,-0.25,-147.00,49.69,287.31,-11.44,-5.81,5.00,17,2
1772052739.373920,1416482,0.19,0.31,-0.06,-160.25,-64.75,67.06,5.87,9.25,11.19,0.18,0.06,0.07,-146.25,48.63,292.25,-10.63,-6.31,-0.62,17,2
1772052739.564850,1416673,0.32,-0.83,-0.36,-158.87,-62.44,66.62,-7.94,4.00,20.00,0.14,-0.01,0.13,-144.87,49.00,294.00,-5.62,4.25,3.31,18,2
1772052739.757661,1416866,0.17,0.66,0.32,-145.44,-61.56,55.19,-38.06,-9.88,24.00,0.19,0.01,0.14,-143.50,50.31,293.31,5.81,12.56,-1.94,18,2
1772052739.947140,1417055,-0.23,1.04,0.16,-135.19,-60.69,46.44,-5.81,5.75,4.94,-0.04,0.36,0.13,-143.44,51.50,290.75,3.19,1.12,-9.50,17,2
1772052740.137017,1417245,-0.02,0.01,0.00,-137.25,-61.06,48.56,10.25,-9.81,-5.00,0.56,-0.06,0.07,-142.44,51.00,290.19,10.19,3.87,-8.31,17,2
1772052740.328315,1417437,0.32,0.20,0.10,-136.19,-61.31,47.75,-12.31,2.62,-3.81,-0.47,0.02,0.03,-142.00,51.00,287.75,9.44,4.87,-9.31,16,2
1772052740.520646,1417629,-0.27,0.14,0.03,-134.56,-63.06,47.00,-8.69,-8.94,-11.25,0.21,0.11,-0.18,-142.62,51.00,284.37,19.87,5.87,-6.75,16,2
1772052740.712245,1417820,0.05,0.59,0.22,-135.87,-65.31,47.75,-0.62,-2.94,-16.00,-0.27,0.40,-0.12,-143.75,50.56,280.12,19.06,6.75,-13.63,17,2
1772052740.902050,1418010,-0.16,-0.65,-0.02,-138.37,-68.87,52.75,-6.06,-12.31,-11.63,0.20,0.13,0.00,-144.94,51.19,274.56,18.69,9.94,2.75,17,2
1772052741.091422,1418200,0.10,0.27,0.19,-138.06,-70.44,49.44,-24.00,7.31,-17.37,-0.19,-0.16,-0.48,-147.37,51.00,268.81,17.56,2.19,-7.56,17,2
1772052741.284102,1418392,0.07,0.40,-0.06,-148.44,-73.06,51.44,10.50,-3.69,-38.31,0.07,0.10,-0.23,-149.19,50.81,266.06,3.69,-0.62,-1.56,15,4
1772052741.475546,1418583,-0.20,-0.89,-0.17,179.56,-76.69,65.62,31.06,-8.38,-32.25,0.01,0.16,-0.22,-149.50,49.94,265.94,1.75,-7.50,-6.06,15,4
1772052741.666633,1418775,0.75,-0.84,-0.38,166.94,-79.62,67.81,-33.06,-41.13,-8.00,0.18,-0.69,-0.94,-149.87,48.56,268.50,-18.87,-12.94,19.87,14,5
1772052741.857892,1418966,-0.71,0.23,0.51,103.50,-82.44,66.81,10.31,-20.31,-33.50,-0.01,0.08,-0.68,-150.81,45.38,278.56,-31.81,-35.25,12.81,13,5
1772052742.049422,1419158,-0.47,-1.03,0.41,87.19,-78.00,79.44,54.13,8.19,1.31,0.16,0.21,0.35,-150.50,43.19,289.37,-24.06,-12.56,17.62,13,6
1772052742.241564,1419350,-0.18,0.04,-0.16,91.87,-81.25,83.06,24.69,14.56,28.94,0.21,0.10,0.65,-148.25,44.31,295.19,-16.44,5.37,7.81,14,7
1772052742.430923,1419539,-0.53,1.26,0.15,175.50,-84.94,82.81,22.06,18.37,6.19,0.41,-0.25,0.48,-146.44,45.75,297.12,-16.62,-2.06,8.13,17,8
1772052742.620580,1419729,0.17,-0.50,-0.32,175.37,-83.50,87.56,13.88,-12.44,7.37,0.01,0.19,0.04,-144.94,46.13,299.56,12.38,4.81,-6.37,17,8
1772052742.812915,1419921,0.32,0.41,-0.24,176.19,-85.31,83.56,-32.25,-7.12,-5.94,0.85,-0.64,-0.18,-145.69,46.00,300.37,-9.38,-6.87,5.25,17,9
1772052743.005003,1420113,0.51,0.21,0.30,175.12,-84.87,82.00,-1.31,-6.19,3.69,-0.07,-0.17,0.15,-146.12,45.25,303.12,-9.19,-10.75,9.88,16,9
1772052743.196355,1420304,-0.16,-0.01,0.37,175.69,-85.56,83.25,28.62,8.19,-3.62,0.18,-0.06,0.11,-146.62,44.75,306.69,-0.25,-2.75,5.94,16,8
1772052743.386585,1420495,-0.17,0.83,-0.09,117.19,-82.31,91.50,49.56,22.06,-18.50,0.48,-0.11,0.18,-146.44,45.94,306.94,-21.87,-2.81,9.38,15,8
1772052743.576127,1420684,0.03,-1.50,-0.26,123.06,-80.56,103.06,24.12,8.44,18.94,-0.01,0.09,0.19,-145.44,45.69,310.50,0.19,-3.37,-0.44,15,8
1772052743.769195,1420877,-0.34,1.01,0.26,129.00,-81.75,98.25,-20.62,-10.56,2.50,0.40,-0.34,-0.18,-146.50,45.94,308.75,-0.88,-0.62,4.12,16,8
1772052743.959345,1421068,-0.36,-0.99,-0.02,129.31,-81.31,99.94,13.81,16.12,-2.37,0.18,0.24,0.19,-147.44,46.31,307.56,4.44,0.37,-0.88,16,7
1772052744.150017,1421258,0.02,-1.07,0.09,168.37,-80.19,91.81,-61.19,27.56,57.88,0.16,-0.07,-0.12,-146.69,46.94,305.06,10.00,12.06,-11.25,17,8
1772052744.340921,1421449,1.12,1.17,0.22,-128.19,-70.19,60.81,-55.38,8.50,74.00,-0.25,-0.26,-0.36,-146.19,48.00,301.25,6.44,16.81,-5.50,15,7
1772052744.531496,1421640,0.25,0.33,-0.32,-113.12,-63.69,45.31,-34.19,-1.19,4.00,0.17,0.04,0.00,-144.81,49.63,299.12,2.00,7.69,-2.69,14,7
1772052744.725339,1421834,-0.13,0.83,0.40,-103.06,-66.87,41.13,-30.69,-16.62,-23.12,0.50,-0.06,0.24,-142.94,50.81,297.44,8.00,13.81,-13.69,14,7
1772052744.914641,1422023,0.38,0.03,0.20,-98.44,-68.50,41.06,-3.94,-4.75,5.69,-0.36,0.02,-0.06,-140.37,50.63,296.06,5.94,5.00,-9.13,13,7
1772052745.104762,1422213,-0.16,0.14,0.06,-94.62,-68.81,42.06,9.44,-11.63,-18.19,-0.01,-0.06,-0.26,-140.12,49.63,296.56,6.12,-2.37,-6.62,15,7
1772052745.297732,1422405,-0.16,-0.67,-0.11,-97.12,-73.37,48.50,3.44,5.50,-18.94,-0.24,-0.12,-0.41,-140.81,48.44,295.94,-5.06,-2.87,-3.44,16,7
1772052745.488868,1422597,-0.07,-0.38,0.15,-101.87,-76.12,52.75,19.00,-2.50,0.37,-0.25,-0.05,-0.05,-140.00,47.81,298.25,-4.12,0.75,1.69,18,7
1772052745.679699,1422788,-0.23,-0.61,-0.05,-102.50,-76.12,55.56,-2.62,1.19,17.25,0.19,0.04,0.14,-139.81,48.88,296.25,7.19,7.62,1.37,17,7
1772052745.870160,1422978,0.39,0.78,-0.06,-100.25,-70.94,46.69,-25.44,7.44,27.75,-0.06,0.07,-0.17,-139.75,49.56,295.31,-2.87,2.19,2.12,16,6
1772052746.059857,1423168,-0.07,0.44,-0.01,-97.19,-67.94,41.75,1.62,-1.50,4.31,0.11,-0.05,0.02,-139.31,49.94,295.37,-1.31,1.19,-0.37,13,5
1772052746.251359,1423360,0.68,-0.07,-0.02,-98.62,-67.25,42.50,12.13,-7.31,-4.25,-0.15,0.06,0.33,-138.75,49.88,296.19,0.31,0.44,1.56,12,5
1772052746.442591,1423551,-0.25,0.17,-0.01,-95.62,-67.81,43.56,-9.69,4.31,-1.37,0.12,0.06,-0.13,-139.37,49.94,296.00,-1.31,-3.75,0.62,12,4
1772052746.633259,1423741,-0.01,0.17,0.21,-92.75,-69.62,42.63,-18.06,-4.00,-17.94,0.09,0.03,-0.03,-139.44,49.06,297.12,-0.25,-1.87,-3.25,12,3
1772052746.822622,1423931,0.04,-0.07,0.00,-91.31,-71.00,43.31,1.25,4.50,2.25,-0.31,-0.07,0.04,-138.75,48.75,298.06,-3.06,1.12,-1.50,13,3
1772052747.011761,1424120,-0.21,0.38,0.20,-93.00,-70.62,43.63,10.88,0.69,0.00,0.20,0.00,-0.02,-138.12,49.06,298.25,-1.56,4.44,3.81,12,2
1772052747.204109,1424312,0.32,-0.08,-0.11,-97.69,-69.69,44.94,4.50,5.25,5.31,-0.11,0.08,-0.09,-138.62,49.44,297.37,0.81,-1.37,1.25,13,2
1772052747.395470,1424504,-0.27,-0.22,-0.01,-97.81,-70.12,45.69,0.19,0.62,1.19,0.17,-0.11,-0.06,-138.81,49.56,296.75,2.62,-0.37,-1.31,12,2
1772052747.586141,1424694,0.58,-0.02,-0.03,-99.94,-69.75,44.56,0.31,-0.56,-1.69,-0.26,0.01,0.10,-138.69,49.19,297.12,1.50,1.50,-0.44,13,1
1772052747.776633,1424885,-0.36,0.00,0.10,-97.25,-70.06,44.88,-4.56,5.19,2.00,0.20,0.03,-0.10,-139.12,49.63,295.94,0.37,-1.12,0.06,12,2
1772052747.966332,1425075,0.30,-0.17,-0.04,-98.87,-69.25,43.00,-5.44,-5.12,0.69,-0.01,0.06,0.00,-139.06,49.38,296.31,0.69,1.75,0.25,13,2
1772052748.157925,1425266,-0.21,0.24,0.10,-95.56,-69.50,41.50,-6.25,11.44,3.37,-0.09,0.02,-0.08,-138.81,49.75,295.62,0.19,2.75,-3.50,14,2
1772052748.348383,1425457,0.45,-0.15,0.01,-99.87,-67.75,40.44,9.63,-3.50,3.56,0.06,-0.10,0.10,-138.37,49.94,295.37,1.12,2.94,4.69,12,2
1772052748.539479,1425648,-0.03,0.02,-0.15,-100.44,-67.06,39.75,-6.19,12.31,7.56,-0.01,0.16,-0.11,-139.00,50.25,294.69,0.06,-3.94,-1.31,12,2
1772052748.729140,1425837,0.21,-0.07,-0.04,-99.94,-66.19,37.25,-8.63,-10.88,-0.56,0.13,0.06,-0.06,-138.81,49.69,295.44,1.25,2.25,-1.87,12,2
1772052748.919885,1426028,-0.06,0.10,0.05,-93.31,-67.25,36.00,-17.87,-0.88,-4.62,-0.16,-0.07,-0.05,-138.81,49.44,295.25,-1.00,-2.37,-1.06,12,2
1772052749.111090,1426219,0.09,-0.10,0.12,-92.00,-67.75,35.69,4.37,-3.50,-3.56,0.16,-0.09,0.07,-138.69,49.25,295.81,-2.06,2.94,3.06,12,2
1772052749.301686,1426410,0.13,0.06,-0.04,-93.06,-67.31,35.63,0.19,3.50,7.50,0.00,0.08,-0.09,-138.44,49.81,295.31,-0.62,0.75,1.75,12,2
1772052749.492674,1426601,-0.04,0.07,0.08,-93.12,-66.62,35.44,8.81,-1.75,-1.00,0.14,0.00,0.06,-138.50,49.94,295.44,-2.00,-0.81,3.00,12,2
1772052749.682371,1426791,0.20,0.03,-0.23,-95.69,-66.37,36.75,6.56,5.25,0.44,-0.09,-0.01,-0.01,-138.50,49.75,296.31,-3.69,-3.81,-0.06,13,2
1772052749.871753,1426980,-0.48,-0.44,0.20,-97.62,-66.87,37.63,-8.13,13.06,-5.12,0.17,0.16,0.25,-138.50,49.13,297.69,1.37,-2.62,-2.50,14,3
1772052750.063369,1427172,0.49,0.10,0.16,-102.44,-65.81,32.44,-19.81,22.87,10.38,-0.17,0.22,0.00,-138.37,49.81,295.75,8.00,10.38,1.62,15,2
1772052750.254811,1427363,0.06,0.44,-0.28,-104.19,-63.94,25.56,-17.06,24.87,10.19,0.26,0.23,0.28,-137.31,50.56,294.19,21.75,10.44,-15.44,15,2
1772052750.445833,1427554,0.05,-1.00,0.25,-106.19,-62.50,18.31,-52.56,13.19,-16.75,0.07,0.07,-0.12,-137.37,50.50,285.62,35.63,18.62,-15.94,14,2
1772052750.635951,1427744,-0.16,-0.10,0.11,-101.50,-61.38,4.75,-55.31,30.75,4.75,0.00,-0.15,-0.25,-138.62,50.81,279.31,19.19,11.69,-6.25,14,2
1772052750.825607,1427934,0.57,1.71,0.06,-101.31,-64.06,349.31,-76.81,30.44,-28.94,-0.17,-0.04,-0.35,-140.25,50.88,274.44,17.37,8.25,-2.44,13,2
1772052751.017604,1428126,0.09,-0.19,0.06,-103.94,-65.69,348.00,3.87,3.75,-14.50,-0.01,0.07,-0.19,-141.50,50.63,272.06,4.56,-1.87,-3.81,13,2
1772052751.208752,1428317,-0.01,-0.29,0.01,-107.25,-67.12,350.12,4.50,2.06,-1.44,-0.29,0.17,-0.31,-141.44,50.00,271.94,5.62,4.81,-3.12,13,2
1772052751.399167,1428508,0.09,1.61,1.18,-109.81,-67.44,3.00,163.94,-37.31,24.06,0.16,-0.15,-0.21,-141.31,51.31,269.25,-5.50,6.87,7.19,14,2
1772052751.589791,1428698,-0.11,-1.46,0.15,-120.37,-68.69,35.19,84.06,-40.94,-12.44,0.00,-0.07,-0.17,-142.19,52.06,269.94,-11.19,-13.25,12.50,13,2
1772052751.779390,1428887,0.08,-0.32,-0.13,-125.56,-74.00,47.13,9.00,-1.19,-16.12,-0.07,-0.24,-0.35,-143.25,49.50,277.12,-20.44,-20.81,2.69,13,2
1772052751.971213,1429079,-0.17,-0.92,-0.37,-132.06,-78.94,52.63,-13.44,-30.19,-34.44,0.14,-0.16,-0.09,-142.50,47.69,282.75,-10.94,-10.94,3.12,12,2
1772052752.161814,1429270,-0.09,0.42,0.26,-108.50,-82.62,52.31,-4.50,-21.19,7.19,0.21,0.13,0.19,-141.69,46.56,289.31,-24.25,-13.25,10.44,12,2
1772052752.352545,1429461,-0.14,0.41,0.13,-88.25,-81.37,51.75,9.19,-3.44,9.56,0.04,0.10,0.27,-140.50,46.50,295.25,-16.81,-11.19,9.81,12,3
1772052752.541833,1429651,-0.12,0.11,0.17,-88.81,-79.62,52.19,12.31,1.37,6.50,0.20,0.02,0.22,-140.25,46.38,299.69,-13.25,-8.81,11.13,12,3
1772052752.731465,1429840,0.12,0.02,-0.12,-98.00,-78.00,52.94,15.13,10.31,12.56,0.13,-0.08,0.11,-140.56,47.06,301.75,-13.31,-7.62,11.94,13,2
1772052752.923572,1430032,-0.10,-0.36,-0.25,-102.94,-75.94,52.69,6.87,2.25,4.69,0.22,-0.06,0.00,-139.94,46.94,303.50,1.62,2.94,-7.44,11,3
1772052753.114869,1430223,0.25,-0.13,0.20,-102.12,-75.19,51.50,-13.56,-11.38,11.63,0.17,-0.34,-0.04,-139.87,47.25,300.56,-1.19,-1.12,6.81,11,4
1772052753.305498,1430414,0.14,0.53,-0.14,-97.06,-72.50,46.88,-1.94,0.00,9.81,0.20,-0.06,0.09,-140.81,47.81,300.81,-0.19,-2.87,4.12,10,4
1772052753.495798,1430604,0.04,-0.30,-0.17,-95.81,-71.81,46.06,-8.50,-6.00,-6.81,0.28,-0.32,-0.01,-141.12,47.81,300.75,-3.94,1.81,-0.13,11,4
1772052753.684757,1430793,0.31,-0.27,-0.24,-93.94,-73.12,42.94,-21.00,10.75,3.87,-0.58,0.09,-0.01,-139.75,47.38,300.44,7.62,8.06,-12.88,9,5
1772052753.876714,1430985,-0.31,0.53,0.48,-88.69,-71.12,38.75,-5.56,-6.00,10.06,0.22,0.09,0.07,-138.94,47.63,299.94,-0.13,0.06,2.12,11,5
1772052754.067769,1431176,0.06,0.01,-0.35,-90.62,-70.31,38.25,11.63,7.31,-3.25,0.11,0.20,0.04,-139.37,47.81,298.50,10.69,5.75,-6.25,11,5
1772052754.259024,1431367,-0.08,0.11,0.18,-90.50,-70.06,39.31,-0.62,-6.56,10.19,0.07,-0.02,-0.02,-139.12,48.19,297.56,-7.44,-5.75,5.25,11,5
1772052754.448607,1431557,0.06,0.06,0.05,-91.19,-68.87,39.13,17.50,3.12,-4.12,0.00,-0.15,-0.07,-140.75,47.56,299.94,-6.81,-13.50,10.44,12,6
1772052754.638055,1431746,0.00,-0.66,-0.19,-97.62,-70.06,43.81,18.75,1.44,-9.13,-0.11,-0.04,-0.03,-141.81,47.00,301.75,-2.94,0.00,-0.37,11,7
1772052754.830163,1431938,-0.25,-0.73,-0.13,-102.37,-72.44,47.69,-8.56,4.75,10.06,-0.05,0.29,-0.03,-140.44,47.94,299.19,12.25,19.31,-7.69,13,5
1772052755.020865,1432130,0.03,1.20,0.43,-95.87,-68.50,39.00,-29.06,1.25,33.31,0.25,0.00,0.13,-140.37,49.81,295.37,-17.19,-5.87,7.56,12,5
1772052755.212034,1432321,0.48,0.58,-0.13,-95.19,-62.63,31.25,2.56,-3.12,9.00,0.01,-0.18,0.17,-139.75,50.31,296.62,-1.87,2.37,-0.81,12,5
1772052755.401889,1432510,-0.08,0.34,0.23,-93.81,-62.88,32.69,6.81,-6.06,-9.63,0.08,0.01,-0.01,-139.69,50.25,296.81,-1.81,-5.31,0.81,12,5
1772052755.591407,1432700,-0.41,-0.36,-0.11,-94.31,-65.62,35.56,-15.81,9.00,-26.06,0.57,-0.11,-0.03,-139.44,48.75,299.31,0.06,-4.56,-10.25,13,4
1772052755.783428,1432892,-0.28,0.03,0.55,-92.69,-68.56,35.38,-11.25,-8.56,-0.06,-0.20,0.30,0.04,-138.19,48.31,300.19,-7.12,-3.25,-2.31,12,4
1772052755.974143,1433083,-0.23,-0.50,0.45,-91.62,-68.87,35.44,4.81,8.19,-10.69,0.19,-0.12,0.02,-138.56,47.63,299.81,2.56,0.88,1.06,13,4
1772052756.164972,1433274,-0.46,0.46,0.17,-96.44,-67.81,33.44,3.94,17.31,16.56,0.00,-0.09,-0.28,-139.06,48.94,297.37,3.00,6.31,0.50,13,4
1772052756.354823,1433463,-0.01,-0.30,0.03,-104.06,-65.19,32.94,4.75,2.06,-3.00,0.38,-0.18,0.06,-139.44,49.56,294.44,7.25,4.00,-1.19,12,3
1772052756.544217,1433653,0.36,0.34,-0.38,-105.31,-63.56,28.69,-17.81,15.31,17.31,-0.68,0.66,0.04,-138.50,49.31,296.00,1.00,-1.56,-14.31,12,2
1772052756.736614,1433845,0.01,-1.66,0.54,-101.94,-66.06,30.25,-21.06,-36.25,-24.00,0.25,-0.44,-0.07,-137.75,49.19,290.06,12.81,9.13,-3.50,11,3
1772052756.927403,1434036,0.28,0.73,0.09,-91.87,-67.00,25.00,-20.62,6.56,8.06,-0.14,0.11,-0.23,-138.44,49.38,289.19,1.56,-2.62,1.50,14,4
1772052757.118498,1434227,-0.09,0.15,0.23,-91.81,-66.94,24.94,16.50,-3.00,-7.75,-0.10,-0.18,-0.36,-139.69,48.81,288.62,-0.13,-2.75,2.44,12,4
1772052757.307934,1434416,0.05,-0.81,0.01,-98.62,-68.62,32.75,47.69,1.69,-3.06,-0.01,-0.01,-0.08,-140.62,48.69,289.31,-4.00,-9.06,6.37,13,5
1772052757.497807,1434606,-0.05,-0.40,-0.11,-102.69,-68.62,36.94,7.75,-0.44,-0.88,-0.02,-0.11,-0.03,-141.87,48.19,291.87,-12.19,-8.44,8.00,13,5
1772052757.689672,1434798,-0.12,-0.12,-0.15,-105.06,-68.50,37.50,3.94,3.87,4.19,0.19,-0.04,-0.20,-142.00,48.19,294.37,-9.81,-4.69,7.81,15,5
1772052757.880451,1434989,0.24,-0.15,0.00,-104.94,-67.81,37.88,5.50,-11.13,3.12,0.23,0.12,0.20,-140.94,48.56,296.69,-6.00,5.75,2.12,14,5
1772052758.071638,1435180,0.05,0.18,0.15,-100.06,-67.00,36.88,-10.50,-1.75,10.50,-0.06,-0.07,-0.03,-139.19,49.56,296.94,-6.00,6.87,2.94,15,5
1772052758.261259,1435370,0.47,-0.09,-0.04,-98.44,-66.50,35.06,-7.19,1.75,-12.63,-0.03,0.07,0.13,-138.50,49.56,296.81,4.56,-0.25,-2.00,15,5
1772052758.450897,1435560,-0.11,0.27,0.13,-96.87,-68.31,35.56,-1.00,-1.69,1.50,0.17,0.17,0.03,-139.25,49.31,297.50,-9.63,-11.88,3.19,16,5
1772052758.642968,1435751,0.05,-0.45,-0.08,-98.87,-68.19,36.94,12.69,0.06,-10.31,0.08,0.01,-0.18,-139.37,48.06,300.06,6.25,-0.81,-3.37,16,5
1772052758.834055,1435942,0.01,-0.15,-0.01,-101.25,-69.81,40.13,10.50,3.31,2.94,-0.23,-0.13,-0.11,-139.81,48.00,300.12,-3.94,-1.44,4.37,14,4
1772052759.024857,1436133,-0.14,-0.22,-0.02,-104.44,-69.19,42.06,6.06,0.75,4.62,0.22,-0.20,-0.01,-140.00,48.56,300.19,-4.56,-1.00,5.19,15,4
1772052759.213955,1436323,0.15,0.04,0.01,-107.87,-67.56,41.06,4.25,4.50,6.56,-0.02,0.17,0.08,-140.06,48.81,300.56,2.31,1.37,0.37,14,4
1772052759.404386,1436513,-0.04,-0.03,0.02,-108.06,-67.25,40.56,-7.37,0.06,1.69,0.09,-0.01,0.19,-140.00,49.25,299.81,-1.75,2.94,0.31,14,4
1772052759.595955,1436705,-0.09,0.17,0.12,-107.37,-66.19,37.31,-14.06,9.31,5.31,0.27,-0.19,0.15,-138.62,50.31,297.81,8.88,9.50,-7.69,14,3
1772052759.786899,1436896,0.60,0.19,0.00,-111.00,-64.56,32.50,-11.06,8.88,-8.31,-0.26,0.32,0.00,-138.00,50.06,295.00,20.00,16.06,-14.38,15,3
1772052759.977841,1437086,-0.33,0.13,0.09,-110.12,-65.69,32.75,-6.50,-1.31,4.12,0.17,-0.20,-0.18,-136.94,51.13,288.31,17.44,13.75,-8.75,14,3
1772052760.167791,1437276,0.43,-0.09,-0.54,-110.56,-66.00,31.31,-11.81,-6.50,-18.25,0.12,-0.38,-0.64,-139.12,50.75,284.75,7.19,-4.69,-7.44,15,4
1772052760.357782,1437466,0.10,-0.07,0.10,-103.31,-72.19,33.19,-12.31,-13.88,-23.44,-0.23,0.16,-0.15,-141.25,48.94,286.69,-9.56,-17.44,5.12,14,4
1772052760.549173,1437658,-0.30,0.02,0.19,-98.44,-74.00,36.69,22.56,-2.19,3.06,0.06,0.00,-0.07,-141.87,47.69,291.62,-14.25,-12.19,6.69,13,4
1772052760.740206,1437849,0.13,0.00,-0.03,-104.56,-73.69,40.25,16.75,-0.69,-0.69,0.10,0.10,0.15,-141.87,46.88,296.25,-9.63,-8.56,7.50,14,4
1772052760.930977,1438040,0.02,0.00,-0.19,-105.56,-73.75,43.19,13.75,-1.81,-0.94,0.31,0.06,0.03,-141.62,46.56,299.12,-0.19,0.81,-0.56,13,4
1772052761.120175,1438229,0.06,-0.22,0.13,-107.00,-73.94,45.44,7.81,4.00,6.19,0.18,0.04,0.09,-140.81,46.94,299.44,-4.69,1.81,3.56,13,4
1772052761.310609,1438420,0.33,0.05,-0.13,-109.50,-71.69,43.94,4.75,5.25,12.44,0.05,-0.10,0.16,-140.25,47.75,298.50,-3.19,4.06,0.37,12,4
1772052761.502407,1438611,0.32,0.14,0.17,-111.94,-68.62,41.56,-2.94,2.19,10.44,0.01,0.03,-0.13,-139.81,48.19,298.19,-0.19,-1.25,7.75,12,4
1772052761.693329,1438802,0.00,0.11,0.02,-109.12,-67.87,39.88,-5.00,0.25,4.06,0.19,-0.08,-0.01,-141.62,48.00,297.19,1.62,-4.81,3.37,12,4
1772052761.884365,1438993,0.01,-0.22,-0.22,-108.81,-67.94,38.94,-4.44,1.06,-2.62,0.00,-0.04,0.01,-142.31,48.06,296.19,1.06,1.75,-2.75,13,4
1772052762.073585,1439182,0.02,-0.18,-0.04,-109.37,-67.50,36.94,-13.75,2.25,3.75,0.13,-0.04,0.02,-141.56,48.13,295.69,3.75,5.25,-4.75,13,4
1772052762.263865,1439373,0.12,0.21,0.15,-105.75,-66.75,31.37,-34.75,4.31,2.50,0.00,0.07,-0.10,-141.25,48.31,294.75,2.12,2.19,-0.37,15,4
1772052762.455320,1439564,-0.01,0.07,0.11,-104.37,-65.25,28.19,17.06,5.81,5.44,0.12,0.06,0.00,-140.87,48.88,293.81,1.25,3.69,-1.00,15,4
1772052762.646933,1439755,0.30,0.35,-0.22,-106.62,-65.12,28.69,-7.56,-0.69,-11.19,0.48,-0.19,-0.11,-140.62,48.81,293.94,-0.13,-1.06,-2.81,15,3
1772052762.837841,1439946,0.39,-0.17,0.16,-106.50,-67.94,31.06,4.12,-8.44,-10.63,-0.13,0.28,0.21,-140.31,48.19,295.56,0.13,-2.12,-0.19,15,3
1772052763.027606,1440136,0.06,0.04,0.10,-103.75,-69.31,33.44,2.81,-4.62,-5.00,-0.04,0.06,-0.04,-140.00,47.44,296.87,-0.31,-0.56,-3.50,13,4
1772052763.217513,1440326,-0.15,-0.41,0.22,-102.75,-70.37,35.88,10.00,4.31,1.81,-0.11,0.03,-0.08,-139.81,47.31,296.75,0.81,-0.13,1.06,14,5
1772052763.409143,1440518,-0.18,0.32,-0.01,-105.69,-69.44,35.81,7.69,7.25,2.19,0.13,-0.07,-0.05,-140.69,47.25,297.62,-10.06,-9.25,6.81,14,4
1772052763.599732,1440708,0.06,0.01,-0.16,-109.56,-68.50,37.00,13.25,3.31,2.94,0.12,0.20,0.13,-141.19,47.00,299.87,-4.44,-3.12,4.06,15,4
1772052763.790744,1440899,-0.23,0.05,-0.10,-110.94,-68.56,38.56,3.94,1.94,-5.00,0.00,0.06,-0.08,-140.50,46.88,300.87,5.19,3.12,-9.50,15,4
1772052763.980792,1441089,0.35,-0.51,-0.39,-110.81,-69.75,40.88,-2.12,-11.94,-2.81,0.76,-0.68,-0.10,-139.62,47.19,298.75,10.44,11.63,-3.56,16,5
1772052764.170864,1441280,0.32,0.36,0.06,-105.94,-70.00,39.50,-7.00,-2.94,4.50,0.00,0.17,0.19,-138.56,47.63,298.44,-8.00,-3.69,5.44,16,4
1772052764.362179,1441471,0.27,0.57,0.24,-100.87,-68.94,37.75,1.50,-4.87,4.06,0.02,0.11,0.06,-139.12,47.19,302.00,-11.94,-14.50,8.69,15,4
1772052764.553486,1441662,-0.19,-0.14,0.00,-101.12,-69.69,39.75,6.69,4.00,-9.88,-0.21,-0.20,-0.33,-140.56,46.19,304.81,-4.37,-12.19,4.81,15,5
1772052764.743869,1441853,0.03,-0.14,-0.10,-109.81,-73.12,46.50,36.13,-0.50,-40.06,0.46,0.04,0.21,-141.19,45.63,305.12,8.00,8.44,-6.12,15,5
1772052764.933792,1442043,0.12,-0.35,-0.05,-120.00,-77.06,55.56,2.31,0.88,8.19,0.07,0.08,0.02,-140.56,46.44,303.94,-5.19,1.37,2.44,17,4
1772052765.124068,1442233,-0.38,0.15,0.19,-115.00,-74.69,52.94,1.56,8.25,16.87,0.02,-0.04,0.07,-140.44,46.50,305.56,-10.13,-11.00,7.87,15,4
1772052765.315425,1442424,0.02,-0.89,0.09,-117.94,-69.94,47.75,-20.87,20.50,17.37,0.01,-0.01,-0.05,-141.50,45.56,308.56,2.44,1.62,0.06,15,4
1772052765.506137,1442615,-0.21,-0.19,0.55,-118.56,-67.62,34.00,-84.75,36.19,7.69,-0.14,0.48,0.49,-140.69,47.06,301.94,23.94,41.44,-19.50,14,4
1772052765.696858,1442806,0.49,0.83,1.22,-111.94,-61.50,10.31,-83.37,30.56,25.56,-0.09,0.42,0.24,-137.75,50.56,291.62,25.87,31.06,-12.06,14,5
1772052765.886961,1442996,0.44,0.98,0.62,-106.19,-58.00,351.44,-58.63,37.50,-10.88,0.18,-0.15,0.03,-137.62,52.50,282.62,26.56,12.38,-9.56,13,4
1772052766.077799,1443186,0.33,0.41,-0.10,-107.62,-57.38,340.31,-28.31,21.44,-8.06,-0.05,-0.17,-0.31,-139.00,52.13,277.25,20.00,7.50,-13.25,14,4
1772052766.269144,1443377,-0.04,-0.41,-0.02,-108.31,-57.75,336.81,-11.88,4.00,-7.44,-0.19,-0.09,-0.53,-140.00,50.69,274.94,10.38,0.37,-5.37,14,4
1772052766.459436,1443568,-0.13,0.05,0.01,-107.19,-58.69,337.44,9.88,-6.75,-4.00,-0.21,-0.05,-0.38,-142.00,49.38,275.12,-4.31,-2.94,4.19,14,5
1772052766.650436,1443759,-0.25,-0.36,0.55,-112.06,-60.25,353.50,140.37,-35.25,19.19,0.20,-0.11,0.00,-142.25,50.56,274.94,-6.62,-3.75,6.69,13,5
1772052766.840711,1443949,0.33,-0.34,-0.41,-121.69,-62.25,15.63,42.69,-22.94,-22.62,0.30,0.00,-0.19,-142.62,49.19,280.00,-15.63,-18.81,3.25,12,5
1772052767.031247,1444140,-0.37,-0.86,0.45,-122.81,-69.25,29.56,18.06,-32.00,-8.44,-0.22,-0.04,-0.08,-142.69,46.69,287.25,-27.56,-19.06,13.44,13,5
1772052767.221858,1444331,-0.11,0.38,0.72,-116.37,-70.75,35.44,45.44,-14.00,8.50,0.23,0.18,0.49,-141.37,46.69,295.56,-22.56,-9.38,18.06,13,5
1772052767.412849,1444521,-0.61,-0.24,0.12,-115.06,-69.75,43.75,39.31,-3.37,18.50,0.29,-0.03,0.29,-141.06,47.94,298.37,-14.56,-9.69,6.94,14,5
1772052767.603688,1444712,0.57,-0.43,0.06,-116.81,-66.62,44.19,-2.56,8.25,19.81,-0.02,0.25,0.25,-140.50,47.88,301.19,-0.94,-0.06,10.25,12,4
1772052767.793692,1444902,0.14,0.20,0.12,-110.69,-64.06,38.19,-18.94,-1.81,12.00,0.32,-0.31,0.23,-141.37,48.50,300.19,3.31,-1.94,2.50,13,4
1772052767.984059,1445093,0.09,0.30,-0.05,-101.69,-62.94,32.88,-27.87,-10.44,0.94,0.22,-0.23,0.13,-141.87,49.38,299.00,0.31,1.75,-2.56,12,5
1772052768.175435,1445284,0.73,-0.01,0.03,-100.19,-64.44,30.81,-3.75,3.44,-16.81,-0.01,0.10,0.12,-140.19,48.56,300.19,4.00,2.31,-7.69,12,4
1772052768.366428,1445475,0.15,-0.24,0.40,-101.06,-66.12,31.50,-2.06,7.44,-4.19,-0.03,-0.06,-0.13,-139.87,47.25,301.62,-2.12,-5.19,2.06,12,3
1772052768.556713,1445666,-0.18,0.13,0.01,-104.00,-66.50,32.69,27.44,3.56,-0.94,0.18,0.15,0.16,-139.75,47.81,301.25,1.37,9.63,0.13,12,4
1772052768.747422,1445856,-0.25,-0.10,0.14,-106.44,-65.56,35.38,-8.63,1.25,14.13,0.21,0.15,0.28,-138.75,49.56,298.19,-3.75,5.81,-6.50,12,4
1772052768.937695,1446047,-0.20,-0.94,0.22,-105.94,-64.37,29.19,-51.88,13.38,-16.50,0.21,0.03,-0.07,-138.19,49.06,295.75,26.94,8.50,-24.75,11,4
1772052769.128676,1446238,0.01,0.35,0.80,-102.06,-70.25,10.44,-156.50,38.13,-51.69,0.20,-0.16,-0.11,-138.69,47.50,290.19,34.69,19.31,-19.31,12,4
1772052769.319540,1446428,-0.05,0.52,0.46,-96.12,-75.44,357.31,-26.44,-11.13,-3.69,-0.22,-0.04,-0.32,-138.19,48.19,282.25,20.06,19.56,-15.31,12,4
1772052769.510112,1446619,-0.17,0.15,0.38,-87.31,-75.75,355.87,-5.31,0.62,-4.62,-0.12,-0.04,-0.23,-138.25,48.38,279.00,4.44,0.81,0.75,13,4
1772052769.700602,1446809,-0.03,-0.07,-0.08,-91.12,-76.56,356.50,3.81,7.50,-5.44,-0.06,-0.05,-0.26,-140.06,48.00,278.00,2.00,-5.00,1.62,12,4
1772052769.890740,1447000,0.18,0.92,0.07,-98.87,-78.00,359.94,40.25,2.50,-13.81,-0.02,-0.11,-0.27,-140.81,47.63,278.50,-5.06,0.69,2.44,13,4
1772052770.081854,1447191,-0.42,0.19,0.87,-104.69,-79.69,22.81,171.12,-21.56,-3.06,0.13,0.05,0.13,-139.12,47.88,281.31,-17.00,-7.19,-4.31,14,4
1772052770.272443,1447381,-0.28,-1.77,0.42,-175.31,-84.56,49.44,36.81,-15.13,-20.19,-0.34,0.12,-0.18,-138.69,45.88,286.94,-9.44,-19.44,9.94,15,4
1772052770.463739,1447572,-0.20,-0.02,0.28,-176.37,-85.94,53.38,16.62,10.19,-1.37,0.05,-0.05,-0.01,-140.06,44.81,292.44,-20.06,-15.50,16.06,16,4
1772052770.653895,1447763,-0.16,-0.19,-0.04,-177.00,-85.31,57.63,18.62,10.81,-0.94,0.28,-0.11,0.19,-140.37,44.88,296.75,-13.88,-8.94,10.56,15,4
1772052770.844199,1447953,0.16,-0.46,-0.08,-176.81,-83.87,60.81,9.00,1.75,8.38,0.11,0.05,0.24,-139.94,45.06,299.50,-12.56,-6.06,7.31,15,4
1772052771.034858,1448144,-0.08,0.36,0.10,-133.37,-82.69,59.00,4.81,1.25,12.88,0.12,0.04,0.23,-139.19,45.44,302.87,-10.94,-6.12,7.25,14,4
1772052771.225256,1448334,-0.20,-0.02,0.25,-127.31,-81.37,59.13,13.19,0.75,2.75,0.24,0.00,0.14,-139.12,45.75,303.94,-2.81,0.88,4.44,15,5
1772052771.416354,1448525,-0.07,-0.08,-0.01,-128.87,-79.69,60.31,5.75,12.00,16.25,0.06,0.11,0.01,-139.19,46.38,304.31,0.69,-2.00,-0.62,15,4
1772052771.607005,1448716,-0.01,-0.67,-0.24,-132.19,-77.50,59.13,-10.25,1.94,8.25,-0.18,0.26,0.32,-139.12,46.19,303.00,8.31,6.37,-8.13,16,5
1772052771.797499,1448906,0.55,0.67,0.00,-118.12,-75.06,50.13,-42.88,-3.06,28.81,0.19,-0.20,0.08,-140.12,46.56,301.44,-1.69,-2.12,4.37,15,4
1772052771.988504,1449097,-0.53,0.13,0.31,-101.81,-73.19,41.19,-41.13,-5.56,-2.12,0.11,-0.10,-0.17,-140.50,46.50,301.12,-1.56,-2.25,-3.75,14,5
1772052772.178898,1449288,-0.14,0.22,0.24,-96.75,-73.75,36.44,-8.56,-4.19,-2.25,0.38,-0.21,-0.02,-138.94,46.56,302.25,-1.25,4.62,-4.69,13,4
1772052772.369628,1449479,0.11,-0.16,0.19,-96.56,-72.94,35.56,2.75,-0.62,2.19,-0.12,0.17,0.04,-137.69,46.75,302.31,-3.87,0.62,-4.62,12,4
1772052772.559933,1449669,0.05,-0.11,0.47,-96.75,-71.12,35.63,21.19,-5.81,15.56,-0.01,0.01,0.19,-137.00,46.50,303.31,-0.44,0.37,2.69,13,3
1772052772.750519,1449860,-0.10,0.22,-0.28,-98.06,-69.94,36.19,-4.81,6.69,5.56,-0.34,0.25,0.07,-137.81,47.38,301.00,4.56,2.31,0.69,12,3
1772052772.940903,1450050,0.25,-0.03,0.35,-108.50,-68.69,34.88,12.25,28.50,0.69,0.00,0.09,0.13,-138.56,47.38,299.31,4.25,3.81,1.06,14,4
1772052773.131592,1450241,-0.29,-0.22,0.04,-111.37,-67.06,34.13,-13.88,17.44,12.69,0.25,0.17,0.28,-138.56,48.38,297.44,1.50,2.69,0.06,13,4
1772052773.322959,1450432,0.00,-0.80,0.17,-110.69,-66.19,21.50,-125.62,34.88,-46.56,-0.10,-0.20,-0.48,-138.75,47.25,295.44,31.75,12.44,-25.75,13,4
1772052773.513559,1450622,-0.06,1.61,0.38,-106.12,-75.00,3.06,-103.12,-15.38,-55.81,0.27,-0.44,-0.37,-139.19,47.44,286.19,26.56,12.81,-12.88,11,4
1772052773.703969,1450813,0.01,0.10,0.09,-97.81,-77.75,357.94,-6.50,9.00,6.19,-0.16,0.02,-0.34,-139.94,47.31,282.00,12.06,7.81,-8.50,12,4
1772052773.894352,1451003,0.58,-0.11,0.07,-104.56,-75.94,355.31,4.31,8.75,9.38,-0.11,0.06,-0.11,-139.94,47.44,278.87,7.19,9.44,-3.06,12,4
1772052774.084990,1451194,0.12,0.16,0.12,-104.44,-73.81,353.56,-4.37,4.00,10.94,-0.23,-0.10,-0.40,-140.69,47.81,276.87,-0.19,0.13,3.50,13,4
1772052774.275969,1451385,0.39,2.11,1.27,-109.44,-70.75,2.00,194.37,-28.12,42.56,-0.02,-0.12,-0.21,-141.50,49.00,275.81,-12.25,4.25,9.88,14,4
1772052774.466906,1451576,-0.26,-1.83,-0.08,-123.25,-69.94,37.31,88.87,-33.63,-17.50,0.17,0.04,0.12,-141.81,49.31,279.81,-17.19,-21.00,7.31,14,4
1772052774.657746,1451766,0.29,-0.79,-0.28,-133.37,-75.06,49.81,-11.06,-19.44,-10.75,-0.17,-0.02,-0.19,-142.25,46.94,287.00,-14.38,-13.44,9.94,14,5
1772052774.847846,1451957,-0.02,0.19,0.21,-118.50,-77.87,47.06,-31.37,-7.56,1.94,0.33,-0.10,0.04,-142.06,44.94,295.12,-25.94,-22.00,14.56,13,4
1772052775.038023,1452147,-0.13,0.42,0.05,-112.12,-77.56,43.81,6.06,3.12,8.94,0.00,0.25,0.58,-140.62,44.56,302.00,-17.75,-5.87,5.75,13,4
1772052775.228855,1452338,0.09,0.64,0.12,-110.50,-74.94,44.19,24.31,-8.81,21.00,0.18,0.13,0.27,-139.56,45.63,302.81,-6.44,2.25,9.13,13,4
1772052775.419935,1452529,0.20,-0.07,0.00,-104.25,-72.00,47.81,20.25,-3.31,3.06,0.31,0.18,0.31,-138.56,46.38,303.94,-0.75,-1.19,-5.00,14,4
1772052775.610713,1452720,0.16,0.38,0.07,-102.75,-73.06,47.19,-27.50,2.00,-9.31,-0.25,-0.21,0.11,-138.62,45.56,305.12,-1.19,-5.50,0.19,13,4
1772052775.801573,1452910,-0.09,-0.14,-0.12,-103.00,-74.31,46.13,-1.69,0.19,-0.25,0.25,-0.07,-0.04,-139.00,45.50,304.87,-1.19,-1.06,4.06,14,4
1772052775.991195,1453101,0.10,0.45,0.14,-103.00,-72.81,44.25,5.37,5.56,9.25,0.10,0.08,0.08,-139.37,45.38,306.25,-2.44,-5.00,2.06,14,3
1772052776.182333,1453292,0.31,-0.02,0.03,-109.31,-71.44,45.13,28.56,16.00,3.19,0.08,-0.06,0.00,-139.62,45.44,305.81,-0.44,2.25,2.75,13,3
1772052776.372966,1453482,-0.28,0.16,0.01,-114.12,-69.69,47.31,6.00,6.75,2.50,0.11,-0.16,0.02,-140.31,46.13,305.12,4.81,1.37,-0.81,14,4
1772052776.563846,1453673,0.09,-1.12,-0.51,-119.81,-69.19,43.94,-57.19,24.69,0.62,0.02,0.40,0.34,-140.56,46.13,301.62,24.25,15.38,-11.94,13,3
1772052776.754445,1453863,-0.63,-0.66,0.91,-111.50,-71.75,26.69,-175.94,14.44,-34.13,0.13,-0.01,0.05,-140.75,47.38,295.94,15.38,12.69,-15.94,15,5
1772052776.944757,1454054,0.14,1.70,0.59,-100.87,-76.25,5.94,-24.37,-8.31,-9.81,-0.09,0.08,0.28,-138.56,48.63,290.81,9.25,16.31,-12.31,14,5
1772052777.135836,1454245,-0.27,0.75,0.71,-93.75,-76.81,5.19,-22.00,0.62,-11.75,0.09,-0.06,-0.03,-137.37,48.56,288.44,11.38,3.00,-8.94,15,6
1772052777.326543,1454436,0.20,1.77,0.99,-89.19,-78.31,13.75,151.62,-32.44,10.13,-0.03,0.04,-0.02,-135.56,48.06,290.00,-8.06,-2.69,-9.69,15,6
1772052777.517288,1454626,-0.30,-1.18,0.41,-92.62,-81.19,39.63,62.25,-9.56,-29.00,-0.26,0.03,-0.23,-136.44,44.81,294.56,0.94,-22.94,-3.87,17,6
1772052777.707842,1454817,-0.37,-0.12,0.06,-177.94,-87.94,51.69,13.06,3.69,-26.06,-0.18,-0.16,-0.12,-138.87,42.19,297.87,-0.88,-11.56,2.37,17,6
1772052777.898098,1455007,-0.17,-0.17,-0.18,178.69,-87.81,57.81,12.75,10.19,-11.94,0.03,-0.17,-0.21,-140.06,41.44,299.00,-1.62,-5.81,3.31,18,6
1772052778.088809,1455198,-0.08,0.02,-0.04,177.56,-85.50,61.06,6.75,8.56,3.62,-0.17,0.07,-0.14,-141.25,41.81,298.00,1.94,2.75,6.37,18,6
1772052778.279254,1455389,-0.35,0.56,-0.18,179.06,-83.56,61.88,10.56,31.44,5.37,0.03,0.01,0.00,-140.94,42.56,296.06,3.75,7.87,-5.31,18,6
1772052778.470069,1455579,0.26,0.30,-0.17,165.81,-79.50,65.69,13.88,-1.25,-23.62,-0.02,0.21,0.03,-140.62,43.69,292.81,9.63,8.31,0.56,18,6
1772052778.660821,1455770,0.08,-0.17,-0.27,148.69,-80.62,68.75,-4.19,-13.25,0.25,0.42,0.20,-0.15,-140.44,44.31,291.31,11.13,5.06,-2.37,16,5
1772052778.851013,1455960,0.25,1.41,-0.16,161.00,-83.00,62.88,-2.31,6.50,6.87,0.07,-0.46,-0.43,-141.69,44.38,292.25,-10.69,-8.75,5.69,17,5
1772052779.042397,1456151,0.13,-0.62,0.13,159.50,-82.69,65.81,9.31,-3.81,13.44,-0.23,0.16,-0.32,-142.50,43.19,296.81,-17.06,-14.94,14.25,16,4
1772052779.232765,1456342,-0.27,0.64,0.10,-178.87,-84.81,61.63,-6.75,-2.25,21.94,0.33,0.12,0.23,-142.81,43.19,302.31,-22.94,-16.69,18.25,18,5
1772052779.423182,1456532,-0.37,-0.01,0.06,-132.87,-82.56,58.00,10.31,5.94,20.50,0.05,0.14,0.11,-142.81,43.81,305.75,-12.44,-3.50,9.75,16,5
1772052779.613835,1456723,0.91,-0.53,0.10,-129.87,-77.12,54.63,-5.94,13.19,31.12,-0.08,0.18,0.36,-141.87,44.75,306.94,-0.69,9.19,8.06,17,5
1772052779.804089,1456913,-0.15,-0.31,0.04,-122.94,-72.37,44.31,-53.25,23.62,18.94,0.41,0.01,0.25,-140.56,47.13,302.50,16.50,25.75,-9.44,16,4
1772052779.995301,1457105,1.52,2.39,0.38,-116.87,-67.37,19.12,-133.00,32.94,-6.69,-0.49,0.17,-0.33,-138.00,49.50,292.00,41.75,48.69,-26.31,15,4
1772052780.185924,1457295,-0.13,-0.36,0.24,-102.06,-68.12,19.44,6.44,-11.63,-0.19,0.12,0.01,0.49,-133.19,52.06,284.06,12.88,12.81,-17.25,16,4
1772052780.376570,1457486,-0.21,0.39,1.30,-99.50,-69.44,6.06,-153.62,56.25,-37.31,-0.56,0.14,-0.38,-132.31,49.44,284.87,11.31,1.56,-15.00,15,5
1772052780.567123,1457676,0.37,1.32,0.28,-102.37,-73.94,353.50,-4.56,-6.12,-7.31,-0.13,-0.29,-0.44,-133.69,48.00,284.25,5.81,-0.50,2.50,15,5
1772052780.757245,1457867,0.19,3.11,2.11,-100.56,-73.06,9.63,243.81,-53.00,45.31,-0.18,-0.22,-0.21,-134.87,49.88,281.44,-10.38,3.87,16.50,15,4
1772052780.948491,1458058,0.39,-2.06,0.55,-119.87,-72.44,51.81,92.69,-4.56,-39.94,0.00,0.06,0.17,-136.87,48.56,288.19,-25.19,-40.00,11.50,15,4
1772052781.139495,1458248,0.33,-0.69,-0.24,-142.94,-80.12,65.56,-27.31,-32.06,-25.75,0.21,-0.28,-0.03,-139.25,46.56,296.44,-14.56,-17.75,16.00,13,3
1772052781.329949,1458439,-0.22,1.44,0.21,-178.00,-86.25,61.69,-25.56,5.25,-25.00,0.28,-0.25,0.04,-140.69,44.50,302.00,-10.69,-16.37,7.87,14,3
1772052781.520028,1458629,-0.09,0.00,0.03,179.25,-86.19,67.81,43.88,-4.37,5.44,0.19,0.02,0.30,-140.44,44.25,306.44,-19.69,-12.63,11.06,12,3
1772052781.710532,1458820,-0.10,0.36,0.44,-177.87,-86.75,69.12,-1.37,-13.06,14.25,0.17,-0.23,0.09,-140.19,44.63,307.69,-5.25,1.44,5.81,12,3
1772052781.901649,1459011,0.34,0.97,-0.21,-175.75,-84.87,67.12,4.44,7.75,6.87,0.33,0.04,0.15,-140.06,45.56,307.81,-2.94,-2.44,4.56,12,4
1772052782.092159,1459202,0.02,0.02,0.03,-117.50,-82.94,68.44,26.44,-5.31,3.00,0.14,-0.04,0.10,-140.94,45.81,307.06,0.94,-2.44,3.81,12,3
1772052782.283481,1459392,-0.12,-0.02,-0.20,-174.31,-83.75,70.62,-6.69,-2.69,-4.37,0.06,-0.07,-0.06,-141.87,46.00,306.75,1.94,-0.25,1.25,12,3
1772052782.473185,1459583,-0.13,0.39,0.15,-175.44,-84.69,70.44,0.94,6.62,-11.94,0.12,0.03,0.05,-141.75,46.25,305.50,6.00,8.88,-7.12,12,4
1772052782.663841,1459773,0.28,-0.15,-0.07,-177.44,-84.87,73.62,8.31,10.94,-6.75,-0.08,0.06,0.32,-141.00,46.69,303.50,9.00,3.12,-1.87,11,4
1772052782.855196,1459964,0.27,-0.75,-0.40,-175.37,-83.19,68.19,-48.19,-0.69,36.31,0.31,-0.29,-0.11,-142.56,46.44,300.94,7.69,-3.81,-2.50,11,4
1772052783.045746,1460155,-0.37,1.66,0.52,-93.94,-79.25,50.81,-33.69,-1.87,-3.87,0.04,0.08,-0.07,-142.25,46.38,299.06,3.81,11.25,-14.88,13,4
1772052783.236330,1460346,-0.06,0.60,0.42,-92.87,-79.50,50.56,9.88,2.50,1.75,-0.20,0.01,-0.11,-141.12,46.38,298.50,-1.44,2.31,-0.62,11,5
1772052783.426476,1460536,-0.16,-0.46,0.12,-100.31,-78.69,54.06,29.62,8.19,12.75,-0.02,0.06,0.07,-141.37,46.44,298.75,-1.69,-4.56,4.44,13,5
1772052783.616924,1460726,0.24,-0.14,-0.02,-108.87,-75.94,52.44,-12.94,12.75,18.06,0.11,-0.13,-0.27,-142.19,46.56,298.56,-3.81,-1.87,6.25,13,5
1772052783.808364,1460917,0.04,0.04,-0.20,-104.81,-73.56,47.06,-12.94,-4.62,10.06,0.12,-0.02,-0.01,-143.00,46.50,299.44,-2.94,-7.62,1.75,15,5
1772052783.999141,1461108,-0.42,0.62,0.06,-96.75,-71.00,41.56,-15.50,-1.94,11.00,0.06,-0.05,-0.10,-142.50,46.50,300.37,-3.19,7.94,-4.12,15,6
1772052784.189779,1461299,0.46,0.51,-0.23,-98.69,-70.12,42.00,38.94,3.50,-11.81,0.27,-0.21,0.23,-139.75,47.31,300.94,-1.50,0.81,-6.87,15,7
1772052784.379484,1461489,0.14,0.36,0.36,-98.31,-71.75,46.13,-9.50,-18.00,1.37,0.04,0.14,0.06,-139.37,47.38,302.75,-8.13,-7.62,9.06,14,5
1772052784.569951,1461679,-0.13,0.57,0.29,-91.81,-70.37,45.19,18.37,6.62,0.00,-0.11,0.10,-0.16,-140.06,46.81,304.44,-1.00,-4.25,-0.13,13,5
1772052784.761561,1461871,-0.46,-0.28,-0.38,-99.62,-72.19,50.81,13.38,5.50,-22.75,0.10,-0.02,-0.04,-140.31,46.38,304.44,7.06,-0.06,-10.06,12,5
1772052784.952220,1462061,1.03,-1.79,-0.77,-99.06,-74.81,51.88,-52.06,-31.75,0.50,0.47,-0.29,-0.06,-140.50,46.56,300.31,12.69,11.44,6.06,11,5
1772052785.142853,1462252,0.27,0.95,0.18,-77.44,-74.50,43.88,-8.19,7.94,2.19,-0.16,0.18,0.08,-139.56,46.50,301.12,2.56,-0.81,-2.56,13,5
1772052785.332899,1462442,-0.36,0.55,-0.04,-78.94,-75.19,43.75,4.94,9.00,-8.88,0.11,0.08,0.01,-139.62,46.19,302.37,-6.06,-4.12,-0.94,12,4
1772052785.523307,1462632,-0.12,0.00,-0.11,-85.50,-77.25,46.81,8.25,5.56,-10.44,-0.01,-0.15,-0.18,-139.56,45.56,303.44,-3.19,-3.00,-2.06,12,4
1772052785.714338,1462824,0.32,-0.27,0.05,-94.19,-78.25,50.13,22.94,3.56,-0.62,-0.03,0.10,0.12,-139.44,45.25,304.62,0.13,0.62,3.06,11,4
1772052785.905673,1463015,-0.07,0.05,-0.05,-97.75,-77.12,51.00,1.06,8.44,8.31,-0.22,0.17,-0.12,-139.94,45.69,303.62,2.81,3.69,-1.06,10,3
1772052786.096341,1463206,-0.17,0.63,0.04,-100.06,-75.50,48.69,-10.69,2.44,14.31,-0.01,0.13,0.03,-141.25,46.31,301.31,-3.94,-2.44,4.62,11,3
1772052786.285971,1463395,0.17,-2.11,0.48,-116.56,-67.87,41.25,-33.69,76.62,65.69,-0.52,0.09,-0.06,-141.50,46.38,300.31,4.62,10.56,4.87,11,3
1772052786.475859,1463585,0.64,0.80,0.27,-115.56,-56.31,17.12,-34.25,39.75,22.31,0.40,0.28,0.52,-140.56,50.25,292.94,31.50,39.38,-11.31,11,4
1772052786.667847,1463777,0.31,-1.01,1.10,-114.81,-50.44,354.62,-143.19,83.62,-20.06,-0.13,0.12,-0.03,-137.37,52.69,281.69,40.69,38.50,-25.81,11,4
1772052786.858804,1463968,1.05,1.95,-0.07,-106.25,-49.19,324.87,-47.94,27.19,22.37,-0.20,0.02,-0.53,-137.94,53.50,272.44,39.44,20.12,-17.75,12,3
1772052787.049791,1464159,0.83,0.55,-0.50,-106.37,-48.44,323.87,10.50,-10.19,-34.44,-0.64,-0.29,-0.90,-139.69,51.88,266.94,18.06,-3.62,-12.50,10,3
1772052787.239405,1464349,1.24,1.96,1.79,-110.06,-60.56,355.06,215.37,-126.75,-47.31,0.44,-0.44,-0.41,-141.06,53.31,266.62,-46.81,-28.87,26.75,12,5
1772052787.429569,1464539,-0.30,-2.29,-0.42,-133.87,-77.19,45.13,61.81,-29.12,-79.12,-0.85,1.87,0.94,-140.62,47.94,286.81,-33.50,-41.06,-9.56,11,4
1772052787.621474,1464730,-1.89,-0.17,2.11,-4.62,-85.31,54.75,-2.19,-23.25,15.19,-0.50,0.18,-0.13,-140.06,43.50,299.25,-28.31,-26.00,21.37,13,4
1772052787.812183,1464922,-0.22,0.64,0.02,-98.19,-80.87,52.75,36.50,17.19,20.69,0.62,-0.34,0.51,-141.62,43.56,306.56,-22.25,-17.37,26.19,13,5
1772052788.002792,1465112,1.05,-1.38,-0.66,-120.56,-73.50,57.13,45.38,15.31,43.63,0.08,0.37,0.48,-141.44,46.00,307.81,-7.12,2.94,16.06,14,5
1772052788.192594,1465302,0.24,0.34,-0.35,-116.06,-66.44,50.06,-15.06,7.87,27.37,0.43,-0.20,0.11,-141.06,47.19,307.31,-1.87,1.94,-1.56,15,5
1772052788.382280,1465492,0.50,0.37,-0.02,-115.56,-61.63,41.38,-18.37,8.63,17.37,-0.03,0.02,0.07,-140.69,48.00,306.19,2.44,8.75,6.94,14,5
1772052788.574241,1465683,0.44,0.64,-0.43,-108.81,-61.06,37.88,-1.75,-15.19,-9.75,0.51,-0.16,0.06,-140.06,49.13,304.12,11.69,2.19,-19.00,15,5
1772052788.765516,1465875,0.09,0.17,0.28,-99.31,-66.50,41.00,-19.50,-19.00,-17.06,-0.01,-0.20,-0.13,-140.19,48.00,305.12,-13.00,-17.87,2.37,13,6
1772052788.956775,1466066,-0.24,-0.05,0.23,-95.00,-67.12,39.75,-1.75,-0.25,-0.69,-0.13,-0.04,-0.23,-140.19,45.94,311.62,-4.12,-13.13,-0.81,15,7
1772052789.145644,1466255,0.02,-0.82,0.24,-95.12,-66.81,39.56,1.81,-2.06,6.19,0.08,-0.06,-0.07,-140.87,45.06,311.94,3.37,6.25,1.31,13,5
1772052789.335498,1466445,-0.18,0.29,-0.34,-93.62,-64.37,36.44,-4.44,1.44,23.56,0.18,-0.08,-0.21,-141.00,46.75,308.94,3.69,9.50,4.06,15,6
1772052789.527665,1466637,0.17,0.18,-0.16,-94.87,-61.38,33.94,-0.56,-2.44,-2.56,0.35,0.06,0.09,-141.12,47.75,307.44,0.00,-1.19,-1.06,14,5
1772052789.718988,1466828,0.53,0.30,-0.17,-91.62,-62.50,33.69,-30.37,-13.81,-12.19,-0.02,0.01,0.06,-140.94,47.31,308.00,-0.50,-7.56,-8.63,15,5
1772052789.909942,1467019,0.12,-0.55,-0.05,-86.69,-68.37,36.69,3.06,-1.06,-29.06,0.10,-0.13,-0.08,-140.69,46.13,306.12,14.81,13.38,-11.44,13,4
1772052790.098708,1467208,0.35,0.20,0.31,-87.87,-70.06,39.31,0.88,0.31,9.25,0.13,0.11,0.00,-140.00,47.19,303.81,-3.06,2.12,5.81,13,4
1772052790.288787,1467398,0.01,0.63,-0.10,-90.81,-68.94,39.50,21.12,12.19,-6.56,0.18,-0.02,-0.04,-140.37,47.63,302.81,1.75,4.69,1.44,14,4
1772052790.481142,1467590,0.25,-0.71,-0.29,-98.31,-69.50,45.56,21.50,-5.94,0.62,-0.03,-0.14,-0.10,-140.56,48.06,301.87,4.19,-3.31,-3.19,13,4
1772052790.672235,1467781,0.00,-0.54,-0.22,-97.75,-70.62,46.94,-10.31,-2.81,-3.19,-0.10,0.14,0.06,-140.94,47.44,301.62,8.56,1.12,-0.81,15,3
1772052790.863322,1467972,-0.23,0.47,0.25,-87.12,-70.00,41.19,-49.38,-2.25,-7.69,0.04,-0.11,-0.20,-142.50,47.00,302.00,-7.44,-10.63,5.75,14,2
1772052791.052805,1468162,-0.12,0.40,-0.32,-88.19,-72.81,39.63,8.69,11.31,-10.19,0.32,-0.04,-0.07,-143.12,46.25,303.50,6.12,-1.06,-6.19,15,3
1772052791.241842,1468351,0.18,0.20,0.12,-98.62,-73.81,44.00,32.38,11.31,-0.75,-0.43,0.08,-0.01,-142.75,45.81,304.25,-4.31,3.56,0.81,13,3
1772052791.434583,1468544,-0.30,-0.77,-0.03,-104.37,-72.37,50.88,20.31,-3.75,14.31,0.29,-0.19,-0.05,-142.50,47.06,303.81,-5.94,-5.31,8.00,14,3
1772052791.625525,1468735,0.74,-0.46,-0.56,-105.81,-70.62,48.31,-3.06,-7.69,-0.69,0.01,0.28,0.09,-141.44,46.63,306.31,3.50,10.25,-4.87,13,3
1772052791.816674,1468926,-0.56,0.49,0.63,-91.31,-68.75,42.25,-55.56,-0.94,32.19,-0.31,0.05,-0.03,-141.50,46.88,304.37,-0.81,-2.25,-3.00,13,3
1772052792.006013,1469115,0.29,1.32,0.20,-85.94,-66.37,33.94,-9.56,-8.50,-29.06,0.43,-0.32,0.00,-141.44,47.88,302.75,5.50,9.00,-2.06,13,4
1772052792.195482,1469305,0.57,-0.29,-0.68,-92.62,-74.75,44.69,26.37,17.62,-48.00,-0.26,0.39,0.02,-140.44,47.38,303.31,-3.81,-7.25,-7.56,12,4
1772052792.387957,1469497,-0.38,-0.57,0.44,-89.00,-81.87,55.13,11.50,-18.56,-25.56,-0.20,0.12,-0.13,-140.75,45.38,305.62,4.50,-10.13,-5.44,13,4
1772052792.578936,1469688,-0.13,-0.32,0.17,-3.94,-85.56,60.63,8.25,-0.88,-14.75,-0.12,-0.17,-0.27,-142.50,43.81,306.12,4.31,-4.06,1.87,13,4
1772052792.769862,1469879,-0.17,-0.37,-0.28,-1.06,-88.56,65.50,15.06,11.63,-14.63,0.05,-0.08,-0.06,-143.25,43.75,305.69,-2.75,1.69,0.56,14,5
1772052792.959337,1470069,-0.03,-0.12,-0.03,-179.87,-89.19,67.62,-4.44,3.94,7.56,-0.03,0.11,-0.07,-143.56,44.06,305.56,-1.69,-2.87,6.81,14,4
1772052793.148493,1470258,-0.21,0.32,0.08,-178.12,-87.56,66.25,12.75,8.81,8.13,0.17,0.04,0.05,-144.06,44.19,306.37,-3.62,-2.00,3.62,15,4
1772052793.340763,1470450,0.04,-0.10,-0.22,-177.56,-85.75,68.06,8.19,9.88,3.06,-0.08,-0.05,0.11,-143.81,44.50,306.94,-6.87,0.00,3.81,14,4
1772052793.531915,1470642,-0.16,-0.08,-0.03,-176.75,-84.00,68.00,1.87,6.19,6.56,0.24,0.09,0.02,-143.87,45.44,306.31,-1.44,2.94,6.25,14,4
1772052793.725238,1470835,0.07,0.00,-0.11,-137.87,-80.94,64.94,-5.00,8.56,18.62,0.01,0.10,0.03,-144.19,46.31,305.06,-0.88,0.81,0.88,16,4
1772052793.915060,1471024,0.07,0.17,-0.22,-116.81,-78.94,57.88,-47.81,-27.87,13.38,0.34,-0.16,-0.16,-144.56,46.75,303.87,0.69,1.37,-1.31,15,3
1772052794.106490,1471216,0.21,-0.05,0.16,-99.75,-78.94,52.19,-6.75,-6.62,5.62,-0.21,0.10,0.05,-143.62,46.13,304.87,-0.44,1.25,-2.31,17,3
1772052794.299155,1471409,-0.17,0.12,0.19,-93.06,-78.06,50.63,-1.87,1.75,4.75,0.13,0.13,0.11,-143.12,46.38,304.50,1.44,2.75,-2.06,16,3
1772052794.490870,1471600,-0.11,-0.07,-0.08,-98.50,-75.75,49.56,13.75,9.44,16.12,0.07,0.02,0.00,-143.37,46.75,303.81,-0.50,-2.75,2.87,15,3
1772052794.681217,1471790,0.37,0.33,-0.28,-105.50,-73.87,48.31,-0.37,1.62,-2.75,-0.18,0.24,-0.01,-143.75,46.44,304.62,0.06,-0.25,-2.69,13,2
1772052794.871233,1471981,0.06,-1.16,-0.07,-106.69,-75.94,51.63,-0.44,-5.37,-0.81,-0.19,0.13,0.21,-143.31,46.25,303.12,16.25,6.12,-7.06,11,2
1772052795.062867,1472172,-0.16,0.77,0.04,-90.50,-73.81,43.19,-46.19,-5.31,9.19,0.41,-0.11,-0.12,-144.50,46.25,301.37,3.94,6.56,-1.37,10,3
1772052795.253621,1472363,0.04,0.77,-0.06,-85.56,-75.50,40.75,0.44,3.62,-24.44,0.02,0.15,0.11,-143.06,47.19,298.37,3.56,5.94,-15.06,10,3
1772052795.445401,1472555,0.19,-0.06,0.26,-89.50,-79.75,46.25,4.69,-0.94,-25.25,0.00,0.17,-0.08,-141.62,45.69,299.00,10.81,-4.62,-10.06,10,3
1772052795.636720,1472746,-0.24,-0.13,0.17,-6.19,-83.75,49.94,-2.94,4.94,-15.31,-0.22,-0.24,-0.37,-143.94,43.56,299.50,1.69,-13.81,3.44,10,3
1772052795.827493,1472937,-0.01,-0.35,-0.22,-177.37,-86.81,54.00,11.81,11.25,-18.44,-0.02,-0.14,-0.35,-146.25,41.88,301.44,-5.44,-8.50,5.00,11,3
1772052796.017270,1473127,-0.47,-0.73,0.05,179.81,-86.06,59.69,18.44,17.06,6.37,-0.07,0.08,-0.18,-146.50,41.56,303.06,-6.37,-0.94,5.56,10,3
1772052796.207516,1473317,0.39,0.28,-0.11,-145.12,-83.00,57.38,3.12,-1.37,18.19,0.01,0.07,-0.12,-146.19,41.69,306.81,-5.19,-1.75,5.69,12,3
1772052796.398747,1473508,0.14,-1.47,-0.36,-139.31,-82.81,56.75,-22.62,3.56,26.44,0.69,-0.12,0.06,-146.37,42.44,307.37,1.50,4.56,13.13,12,4
1772052796.590689,1473700,0.05,1.66,0.00,-99.12,-74.69,37.50,-45.88,15.50,41.00,0.37,0.19,0.37,-144.87,44.56,307.81,-10.88,12.63,-4.56,12,3
1772052796.783036,1473893,0.33,0.49,0.54,-92.87,-69.37,29.62,-2.44,-22.06,28.94,-0.05,0.08,0.09,-141.62,46.44,307.25,-6.50,5.06,-0.69,13,4
1772052796.972494,1474082,0.20,0.35,0.22,-86.37,-66.87,27.25,3.12,-4.50,-5.69,0.18,-0.13,-0.01,-140.81,46.06,309.06,5.19,-3.31,-1.12,13,3
1772052797.161902,1474271,0.14,-0.11,-0.39,-88.12,-69.00,30.37,10.25,11.56,-6.19,0.11,-0.12,0.03,-140.75,45.75,309.31,-1.31,-0.06,-5.00,14,3
1772052797.354689,1474465,0.62,-0.89,0.09,-96.75,-70.37,32.81,16.19,3.75,-14.56,0.25,0.14,0.13,-140.44,45.13,308.94,14.63,7.19,-5.00,13,3
1772052797.547605,1474657,0.11,0.43,0.01,-96.62,-70.00,30.94,-12.00,9.63,14.69,0.16,-0.12,-0.05,-141.12,45.75,306.62,-1.12,-0.88,5.94,13,2
1772052797.738123,1474848,-0.01,0.10,-0.26,-99.87,-66.00,26.69,4.50,8.88,17.19,-0.22,0.05,-0.04,-141.87,46.00,305.69,1.56,4.50,-2.12,12,2
1772052797.927972,1475037,-0.49,-0.90,-0.10,-103.00,-66.06,25.94,-14.44,11.63,-6.25,0.07,-0.06,-0.10,-141.37,46.13,302.37,18.75,12.13,-17.06,12,3
1772052798.119368,1475229,0.04,-1.57,0.01,-104.06,-67.50,17.37,-97.75,25.69,-17.19,0.12,-0.43,-0.45,-140.06,46.69,296.25,22.31,17.19,-14.00,12,3
1772052798.312699,1475422,0.69,1.32,0.62,-91.37,-71.31,356.56,-99.25,0.25,-15.94,-0.05,0.11,-0.03,-139.87,47.88,291.25,12.00,12.94,-2.81,12,3
1772052798.503836,1475614,0.05,0.21,0.18,-85.06,-66.12,347.37,16.56,6.81,39.19,-0.12,0.04,-0.11,-139.19,49.38,286.44,10.06,17.12,-3.69,12,3
1772052798.693277,1475803,0.25,0.42,0.16,-90.75,-61.31,344.06,14.81,7.19,10.81,-0.02,0.00,0.00,-138.44,50.88,283.06,6.62,8.69,-1.87,11,3
1772052798.882955,1475993,0.13,0.15,0.01,-94.87,-60.81,344.37,4.87,8.56,-1.44,-0.02,0.11,-0.03,-138.56,51.06,281.31,10.88,3.25,-4.31,11,3
1772052799.075209,1476185,0.27,0.23,0.15,-97.37,-60.50,344.44,7.94,2.62,-3.00,-0.37,0.07,-0.42,-139.69,50.88,279.37,7.50,2.44,3.87,10,3
1772052799.266615,1476376,0.64,0.68,0.42,-108.94,-63.69,358.00,114.69,-9.69,-13.88,0.17,-0.19,-0.34,-141.62,51.31,276.87,-2.75,-5.87,4.37,10,3
1772052799.457681,1476567,0.19,-1.59,0.35,-129.44,-69.06,29.19,102.25,-18.37,-33.94,-0.06,0.04,-0.05,-143.69,50.44,278.44,-6.19,-16.31,3.31,11,3
1772052799.647322,1476757,-0.23,-0.83,-0.08,-145.69,-74.12,45.44,7.00,-4.06,-10.06,0.05,-0.09,-0.28,-145.50,48.38,282.25,-8.38,-13.38,7.56,12,3
1772052799.836649,1476946,0.15,-0.10,-0.26,-150.62,-74.87,47.19,-9.19,-0.94,2.44,0.02,0.04,-0.13,-145.94,47.69,285.12,-10.13,-2.75,4.44,14,3
1772052800.028972,1477138,0.32,-0.48,-0.01,-140.25,-74.25,43.50,-20.50,-9.81,37.88,-0.16,0.11,0.03,-145.19,47.75,288.62,-17.56,-2.50,5.56,13,3
1772052800.219839,1477329,0.34,1.12,0.18,-122.69,-71.31,36.50,6.25,-15.06,12.31,0.21,-0.21,0.12,-143.00,48.63,291.69,-18.56,-0.75,10.06,15,3
1772052800.410681,1477520,0.13,0.75,-0.13,-114.19,-71.31,38.50,9.81,-12.56,-3.19,0.17,0.03,0.08,-142.37,49.31,295.56,-19.81,-10.50,6.69,15,3
1772052800.599966,1477710,0.24,0.12,0.28,-112.94,-71.50,42.81,17.56,-18.75,4.56,0.09,0.12,0.20,-140.94,48.19,301.94,-15.38,-14.25,6.50,16,3
1772052800.789963,1477900,0.16,0.31,0.22,-107.00,-72.31,45.88,9.13,-16.12,-4.31,0.01,0.17,0.22,-141.06,47.06,307.25,-5.44,-7.06,5.37,15,3
1772052800.982032,1478092,-0.26,-0.02,0.09,-100.50,-74.44,49.94,5.75,-3.50,-4.00,0.30,0.02,0.19,-141.75,46.88,308.31,-2.50,-7.75,3.19,14,3
1772052801.173094,1478283,0.02,0.19,-0.06,-100.50,-74.44,50.06,0.75,-0.94,-1.62,0.21,-0.12,-0.12,-142.06,46.63,308.75,2.81,1.69,-2.25,16,3
1772052801.363787,1478473,0.26,-0.17,-0.12,-100.37,-74.69,51.81,7.00,-6.12,-1.62,0.01,-0.11,0.02,-142.06,46.56,308.62,1.87,1.19,-0.81,14,3
1772052801.553235,1478663,0.02,0.34,-0.10,-96.00,-76.31,54.94,9.44,-12.25,-17.31,0.26,0.00,0.01,-141.69,46.94,307.62,2.31,3.87,-4.37,14,3
1772052801.743472,1478853,-0.10,-0.10,-0.05,-86.25,-80.75,60.56,2.12,-13.25,-27.69,0.17,-0.12,-0.01,-141.50,46.06,308.25,2.19,-7.69,-5.56,13,3
1772052801.935610,1479045,-0.23,-0.66,-0.01,-5.31,-84.12,64.69,-1.94,-4.37,-10.69,-0.01,-0.01,-0.06,-141.37,44.50,310.87,-1.25,-5.37,-4.94,13,3
1772052802.126256,1479236,-0.16,0.40,0.40,-3.75,-85.06,62.19,-31.94,2.69,0.06,-0.09,-0.01,-0.21,-141.75,43.50,311.62,1.62,-1.12,0.88,11,3
1772052802.316708,1479427,-0.17,0.02,0.08,-4.94,-84.50,59.38,6.12,7.75,8.13,0.22,-0.01,0.05,-141.94,43.81,311.44,-1.00,1.75,2.06,11,3
1772052802.506353,1479616,0.00,0.27,-0.09,-87.50,-83.00,58.00,5.62,9.25,12.69,0.06,-0.05,0.00,-141.75,44.44,310.75,0.37,1.87,1.69,10,3
1772052802.696017,1479806,0.01,-0.45,0.04,-98.06,-80.19,56.63,-0.13,8.50,22.31,0.02,0.08,-0.06,-142.00,45.00,310.19,2.50,2.50,2.94,10,3
1772052802.887936,1479998,-0.01,0.19,-0.12,-101.62,-76.31,50.81,-13.63,12.75,17.69,0.15,-0.24,-0.06,-142.00,46.19,307.81,-1.94,4.94,1.62,11,3
1772052803.079246,1480189,0.20,0.10,-0.20,-104.12,-73.00,45.38,-4.12,1.94,7.25,0.05,0.01,0.04,-140.81,46.94,307.31,-0.31,9.06,-1.62,9,3
1772052803.270017,1480380,0.20,0.33,0.23,-100.62,-71.44,43.13,-2.44,-4.44,8.13,-0.18,0.25,0.09,-139.75,48.06,305.69,4.62,8.06,0.31,11,4
1772052803.459692,1480570,0.09,0.29,0.18,-97.44,-70.75,43.38,16.37,2.19,-3.19,0.18,0.13,0.17,-140.56,49.00,303.12,2.25,-0.56,6.50,10,3
1772052803.649821,1480759,-0.09,0.65,0.01,-101.87,-70.12,45.25,22.44,9.81,-5.56,-0.17,0.00,-0.25,-141.87,48.56,305.12,-3.12,-13.69,3.00,11,4
1772052803.841819,1480951,0.23,-0.80,0.11,-116.12,-76.37,57.19,29.56,-15.50,-59.69,0.31,-0.23,-0.15,-141.19,48.44,303.12,9.19,17.50,-8.69,10,4
1772052804.032996,1481143,0.32,-1.97,-0.18,-134.50,-80.69,64.56,-1.44,23.00,8.63,-0.04,-0.42,-0.03,-139.81,48.94,301.56,21.81,10.00,0.13,12,4
1772052804.223709,1481333,0.61,0.06,-0.06,-115.75,-71.25,44.94,-51.88,26.94,44.00,-0.48,0.11,-0.51,-141.12,47.56,301.56,9.63,7.50,-14.75,11,4
1772052804.413500,1481523,-0.19,0.00,0.05,-107.75,-69.50,37.31,-7.56,-17.37,-7.06,0.31,-0.14,0.14,-139.12,49.31,296.69,14.19,19.62,-8.88,13,4
1772052804.603505,1481713,0.09,-0.79,0.09,-101.62,-68.87,32.06,-59.06,12.63,13.81,-0.23,0.01,-0.27,-138.87,49.13,294.37,7.62,-1.06,-8.75,12,5
1772052804.795117,1481905,0.04,1.81,0.28,-94.50,-67.81,19.94,-16.12,0.00,-8.44,0.40,-0.37,-0.16,-138.69,49.13,291.56,8.94,13.38,-13.00,13,5
1772052804.986654,1482096,0.48,-0.76,-0.19,-101.75,-68.56,28.75,60.94,-19.87,5.69,-0.14,-0.06,-0.08,-137.50,49.69,289.12,10.00,5.75,-0.75,13,5
1772052805.177153,1482287,0.09,1.67,0.43,-100.44,-72.25,33.44,-10.63,7.00,-30.37,-0.24,-0.16,-0.45,-139.31,48.44,288.62,4.87,-4.37,0.50,11,5
1772052805.367625,1482477,-1.26,-0.83,0.28,-109.69,-76.06,46.81,61.88,2.75,-22.25,-0.10,-2.25,-1.02,-140.87,48.13,290.25,-40.81,-20.37,15.38,12,5
1772052805.557044,1482667,-0.09,0.51,0.19,-129.87,-75.44,51.38,-30.12,9.44,5.75,-0.10,-0.50,-0.61,-142.87,47.94,292.06,-9.50,-6.31,15.38,11,5
1772052805.748586,1482858,0.67,0.45,0.12,-150.12,-78.00,63.88,101.75,-17.50,-38.56,0.31,-0.06,0.19,-143.94,48.69,293.75,-16.75,-6.56,15.44,11,5
1772052805.939774,1483050,-0.25,-1.72,-0.21,174.94,-81.94,85.56,26.75,-2.00,-4.50,0.12,0.00,0.12,-144.87,48.19,299.31,-22.00,-29.00,14.88,10,6
1772052806.130589,1483240,-0.32,-0.67,0.15,-171.25,-81.75,80.25,-36.13,7.50,21.69,0.25,-0.18,-0.07,-145.56,45.88,307.12,-19.87,-16.25,8.81,11,6
1772052806.320342,1483430,0.16,0.02,-0.13,-139.37,-77.87,69.12,-13.25,0.69,36.88,0.50,-0.36,0.05,-144.75,46.06,311.81,-22.06,-2.69,11.69,10,6
1772052806.510087,1483620,0.43,-0.22,-0.12,-126.19,-73.81,62.69,-10.63,-6.19,21.12,0.38,-0.10,0.37,-142.81,47.06,313.87,1.31,8.69,2.81,11,6
1772052806.701589,1483812,-0.04,0.36,0.16,-111.31,-71.81,54.06,-38.88,0.81,11.38,0.24,0.00,0.15,-142.12,48.25,310.62,2.37,6.87,2.31,10,6
1772052806.893073,1484003,0.37,0.48,-0.01,-106.31,-68.75,45.94,-10.06,17.94,15.19,-0.26,0.71,0.36,-141.31,48.25,311.12,20.56,16.87,-22.06,11,6
1772052807.083612,1484194,0.25,-0.18,-0.10,-108.87,-68.31,44.63,3.44,4.62,10.50,-0.24,0.05,0.08,-140.12,48.81,305.87,19.31,12.94,-12.00,12,7
1772052807.273902,1484384,0.20,0.05,0.21,-107.81,-64.69,41.25,4.31,5.75,11.88,-0.26,0.03,-0.21,-140.12,49.19,302.25,14.31,15.13,-4.81,11,6
1772052807.463780,1484574,-0.33,-0.03,-0.14,-106.81,-65.31,40.56,-16.31,11.31,1.19,0.30,-0.46,-0.29,-141.31,50.56,297.19,3.31,-3.25,2.50,12,6
1772052807.655583,1484765,0.17,-0.19,-0.49,-113.06,-65.37,38.63,5.44,12.63,-16.06,-0.12,0.06,-0.20,-143.25,49.38,297.75,-4.62,-12.75,2.31,11,6
1772052807.846671,1484956,-0.19,-0.56,-0.04,-115.62,-67.31,42.38,8.94,-13.25,-4.81,0.13,-0.12,-0.19,-143.75,49.00,298.31,0.31,5.94,1.44,13,6
1772052808.037270,1485147,0.42,0.11,-0.05,-114.56,-68.19,43.75,-3.50,5.69,5.94,-0.16,-0.10,-0.08,-143.44,49.44,299.12,-9.75,-1.87,4.94,12,5
1772052808.226918,1485337,-0.10,-0.09,-0.15,-115.87,-67.06,44.38,12.38,5.12,6.81,0.31,0.20,0.01,-143.12,50.00,301.50,-10.44,-5.25,7.37,13,6
1772052808.416774,1485527,0.22,0.01,-0.02,-117.06,-65.75,43.94,-1.87,-2.94,3.56,0.15,0.15,0.21,-142.81,50.00,303.37,-7.12,-1.19,3.56,12,5
1772052808.608348,1485718,-0.11,-0.17,0.06,-114.00,-65.00,42.50,-10.38,-0.06,7.12,0.11,0.01,0.05,-141.31,50.63,303.37,1.81,6.37,-3.12,13,6
1772052808.799703,1485910,0.20,0.21,0.08,-111.44,-63.81,38.75,-5.69,-1.06,0.75,0.07,-0.02,0.02,-141.06,51.31,301.62,5.75,3.12,1.12,12,5
1772052808.990510,1486100,0.11,-0.01,-0.18,-112.69,-63.63,38.38,1.62,10.38,-2.94,0.00,0.17,0.00,-141.75,51.38,300.31,2.87,-2.06,-2.19,11,4
1772052809.180821,1486290,-0.15,-0.05,0.01,-113.81,-63.75,37.31,-13.13,-2.56,-1.25,0.19,-0.05,-0.13,-141.94,51.50,298.69,7.44,6.69,-3.69,11,5
1772052809.370284,1486480,0.16,0.03,-0.06,-113.56,-63.50,35.38,0.69,5.69,-2.44,-0.19,-0.08,-0.19,-141.75,51.31,298.06,0.50,-3.75,0.06,11,4
1772052809.562007,1486672,0.03,-0.22,-0.08,-116.69,-64.06,37.13,8.69,2.31,-6.50,0.10,-0.12,-0.08,-143.06,50.69,298.25,-1.62,-4.25,2.00,13,5
1772052809.753155,1486863,0.01,-0.04,-0.13,-120.25,-64.19,38.81,4.87,2.31,1.44,0.07,0.00,-0.21,-143.37,50.25,300.19,-12.25,-9.94,5.31,12,6
1772052809.943978,1487054,0.04,-0.08,-0.02,-121.50,-63.94,39.88,4.56,-2.94,-1.75,0.30,-0.01,0.01,-142.94,49.38,303.94,-5.87,-1.06,0.69,13,6
1772052810.133859,1487244,0.24,-0.04,0.04,-119.69,-64.25,40.81,0.75,-8.88,8.50,-0.24,0.09,0.33,-142.00,49.81,305.12,-5.12,3.56,4.12,12,5
1772052810.323380,1487433,-0.35,0.02,0.13,-114.44,-63.56,39.50,-11.13,1.94,9.63,0.50,0.06,0.21,-141.25,50.88,304.31,1.25,3.37,-2.37,14,6
1772052810.515144,1487625,0.72,0.11,-0.01,-114.44,-61.38,33.13,-26.69,13.06,-4.19,-0.16,0.34,0.04,-140.31,51.19,302.44,20.75,19.12,1.75,13,6
1772052810.706345,1487816,-0.63,0.37,0.27,-109.56,-63.50,33.50,5.31,-5.00,-1.81,0.12,0.45,0.28,-140.37,53.56,293.75,31.69,17.37,-20.31,12,6
1772052810.897164,1488007,0.04,-0.11,0.02,-111.56,-63.31,32.06,-25.12,9.69,-4.31,0.10,-0.33,-0.25,-140.62,53.63,286.69,27.50,5.81,-9.00,13,6
1772052811.087339,1488197,0.30,0.44,-0.27,-113.31,-63.13,24.87,-28.37,24.44,-11.19,-0.07,-0.37,-0.62,-144.06,52.56,281.75,4.00,-4.00,-2.00,11,5
1772052811.277030,1488387,0.21,-0.28,-0.08,-120.87,-63.94,25.19,22.12,3.19,-21.87,0.01,0.09,-0.25,-145.37,51.63,280.75,3.56,1.75,-2.56,12,6
1772052811.468634,1488578,-0.18,-0.82,0.00,-126.87,-66.37,31.69,-1.81,1.37,-1.37,-0.11,0.04,-0.25,-145.19,50.94,281.25,2.31,-0.19,-2.81,10,4
1772052811.660009,1488770,-0.15,-0.27,0.09,-124.62,-66.37,28.50,-26.75,2.75,9.06,-0.07,-0.01,-0.22,-144.81,50.69,281.75,-5.12,-1.75,-2.94,11,4
1772052811.850514,1488960,-0.01,-0.60,0.31,-117.62,-65.25,20.62,-45.56,-2.81,1.31,0.01,0.03,-0.14,-144.25,50.88,283.25,-7.06,0.94,1.19,11,4
1772052812.040414,1489150,0.00,-0.07,0.68,-114.06,-66.44,7.12,-102.50,39.38,-23.87,-0.12,0.44,0.21,-142.37,50.19,285.06,0.13,6.62,-7.56,12,4
1772052812.229798,1489340,0.31,0.55,0.58,-110.12,-67.06,351.56,-31.62,5.19,6.87,0.05,0.31,0.30,-139.25,51.19,282.81,11.44,22.31,-13.13,11,3
1772052812.421504,1489532,-0.18,0.38,0.54,-100.87,-64.50,344.50,-22.62,-2.19,4.19,0.00,0.14,0.08,-136.31,52.44,279.50,10.25,8.13,-6.19,12,3
1772052812.613202,1489723,0.01,0.07,0.14,-96.12,-63.88,340.56,-4.69,2.06,-2.19,-0.15,-0.01,-0.02,-137.69,52.13,278.75,-0.94,-12.13,4.06,12,3
1772052812.804049,1489914,-0.08,-0.10,-0.22,-96.19,-65.31,340.50,6.06,-1.25,-15.56,-0.04,-0.18,-0.35,-140.19,51.44,278.06,3.37,-5.44,3.37,13,3
1772052812.994090,1490104,-0.13,-0.60,-0.30,-99.94,-67.69,344.75,11.44,4.62,-3.12,-0.16,-0.11,-0.47,-142.25,50.56,278.50,-4.00,-6.44,4.94,13,3
1772052813.183517,1490293,-0.03,-0.19,-0.04,-104.94,-68.37,347.56,20.62,2.87,3.06,-0.02,-0.20,-0.21,-144.06,49.94,281.25,-22.81,-16.87,15.88,12,3
1772052813.374693,1490485,0.35,-0.16,-0.31,-112.62,-67.37,350.31,18.87,10.63,2.81,0.14,0.35,0.28,-144.00,49.31,286.25,-11.88,-2.62,1.25,13,3
1772052813.566046,1490676,0.06,0.26,0.38,-113.19,-67.37,352.94,3.12,-16.31,2.12,0.02,-0.27,0.00,-142.94,50.25,287.75,-18.75,-7.69,17.31,11,3
1772052813.756986,1490867,0.20,0.95,0.63,-112.19,-66.37,3.06,136.19,-37.81,31.69,0.43,-0.20,0.15,-142.06,50.56,294.87,-26.69,-14.00,19.25,12,3
1772052813.946881,1491057,-0.20,-1.04,0.26,-118.50,-65.12,30.81,109.87,-27.56,12.81,0.22,0.02,0.21,-142.62,51.44,299.00,-19.44,-14.56,12.00,11,3
1772052814.136690,1491247,-0.18,-0.73,0.04,-125.50,-67.56,46.19,8.06,3.81,-2.19,0.17,-0.07,0.18,-142.69,50.25,305.19,-20.00,-18.37,5.37,12,4
1772052814.328006,1491438,0.28,0.19,-0.07,-127.94,-66.12,44.94,2.56,5.12,8.13,0.29,-0.02,0.27,-142.19,49.50,309.44,-3.19,1.00,2.56,11,4
1772052814.519720,1491630,0.45,0.34,-0.11,-128.19,-64.87,43.38,-14.00,-2.25,-9.69,0.83,-0.21,0.72,-141.50,50.19,308.94,6.81,3.62,-7.37,12,5
1772052814.710389,1491820,-0.58,-1.70,0.80,-126.25,-65.62,36.25,-87.19,28.87,-22.56,0.10,0.01,0.09,-140.75,49.25,305.00,29.31,11.75,-27.81,11,6
1772052814.900724,1492011,0.38,1.07,0.98,-122.19,-65.75,4.50,-166.25,32.88,-38.13,-0.36,-0.42,-0.67,-139.25,49.56,297.56,30.87,28.94,-16.06,11,5
1772052815.090421,1492200,-0.50,0.89,0.43,-116.56,-68.12,350.12,-18.75,0.13,3.81,0.38,-0.91,-0.57,-139.75,51.56,287.44,15.94,7.62,-5.12,12,5
1772052815.281871,1492392,0.33,-0.10,-0.12,-118.75,-66.81,347.00,-7.44,0.69,-8.06,-0.21,0.18,-0.18,-140.37,50.69,284.44,9.31,-0.56,-12.50,11,5
1772052815.473196,1492583,-0.18,-0.01,0.72,-116.94,-69.44,347.56,-6.25,-3.75,-13.19,-0.05,0.30,0.13,-140.00,49.88,285.31,-7.19,-2.94,7.44,13,6
1772052815.663762,1492774,-0.19,0.21,0.15,-115.62,-70.75,348.12,-1.37,3.75,-11.81,0.14,-0.24,-0.51,-140.69,49.94,285.19,-3.62,-5.06,1.19,12,6
1772052815.853942,1492964,0.12,2.87,0.33,-118.56,-71.87,350.75,43.81,-21.06,-4.12,-0.35,-0.10,-0.63,-141.19,49.75,288.31,-18.62,-6.87,9.75,13,6
1772052816.043644,1493154,-0.52,-1.51,0.88,-124.56,-73.75,21.37,171.50,-45.13,15.00,0.14,-0.04,0.08,-141.69,49.50,292.12,-16.62,-19.37,13.69,12,5
1772052816.234953,1493345,0.00,-0.79,-0.09,-129.37,-74.56,40.00,30.44,-2.50,8.69,0.02,0.33,0.31,-143.44,48.44,299.12,-27.56,-21.00,23.56,14,5
1772052816.425951,1493536,0.07,0.28,0.13,-121.37,-72.62,42.06,36.13,0.94,27.87,0.02,0.60,0.63,-144.62,48.06,306.75,-24.69,-13.00,14.56,13,5
1772052816.616893,1493727,-0.33,-0.04,-0.15,-117.19,-70.19,43.56,6.25,1.62,19.81,0.53,-0.27,0.29,-143.56,48.38,310.75,-10.94,-2.31,1.62,14,6
1772052816.807217,1493917,0.13,0.41,-0.50,-114.50,-68.19,38.44,-39.00,-10.25,-11.81,0.37,-0.22,0.15,-141.62,48.69,312.25,2.37,1.87,-14.00,14,6
1772052816.997029,1494107,0.16,0.41,0.71,-106.19,-70.50,36.50,-6.06,-17.56,-7.50,-0.01,0.09,0.23,-140.00,47.63,314.37,-5.87,-5.12,0.19,13,6
1772052817.188343,1494298,-0.25,0.12,0.17,-99.06,-71.94,37.75,2.75,-0.44,-2.81,0.20,-0.08,0.03,-140.06,47.19,315.62,6.37,-0.19,-3.00,14,7
1772052817.379296,1494490,0.13,-0.37,-0.08,-106.94,-70.37,39.50,20.25,11.69,11.56,0.08,-0.03,0.13,-140.50,47.50,314.00,1.75,-0.81,1.44,12,5
1772052817.570291,1494680,-0.44,-0.70,0.04,-111.56,-69.62,38.69,-11.94,13.88,-10.13,0.35,0.00,0.23,-141.06,47.63,311.31,24.31,9.00,-14.13,13,6
1772052817.760580,1494871,0.21,-0.83,0.57,-118.19,-68.75,27.12,-112.19,40.56,-24.50,-0.21,0.42,0.32,-141.06,48.00,304.75,27.37,24.69,-12.88,12,6
1772052817.950280,1495060,0.18,1.51,0.47,-115.69,-71.69,3.62,-113.50,25.31,-20.00,-0.01,-0.04,-0.20,-141.19,49.50,293.69,33.31,25.37,-21.00,12,6
1772052818.141339,1495251,0.51,0.71,0.03,-110.37,-71.37,351.19,-20.12,5.19,-1.06,0.24,-0.33,-0.39,-140.75,50.69,285.00,29.44,12.63,-11.19,12,6
1772052818.332676,1495443,0.03,0.29,-0.30,-111.56,-70.62,348.12,0.13,28.25,-5.25,0.04,-0.43,-0.56,-142.25,50.31,280.75,1.56,3.56,-2.56,12,4
1772052818.523573,1495634,1.47,-0.34,-0.63,-119.94,-69.50,347.87,8.25,-21.19,-8.69,-0.67,0.55,0.50,-141.62,50.50,279.44,37.00,19.69,-5.87,12,4
1772052818.714157,1495824,2.38,0.96,-1.29,-105.19,-70.44,349.06,14.94,30.31,25.75,-0.42,-0.46,-0.31,-142.50,50.88,277.19,36.44,10.13,-9.94,11,4
1772052818.903761,1496014,0.34,0.02,-0.07,-106.87,-70.94,348.06,5.69,10.13,10.00,0.35,-1.20,-1.30,-141.62,51.13,276.81,-13.81,1.31,3.56,12,4
1772052819.094848,1496205,-1.52,0.89,0.80,-106.50,-69.19,345.75,-11.19,-13.31,4.75,-0.32,0.25,-0.04,-141.62,51.56,277.50,-11.19,-8.38,7.94,12,3
1772052819.286225,1496396,0.85,3.02,-0.03,-113.87,-69.06,347.69,33.88,-3.56,-17.25,-0.31,-0.10,-0.79,-142.00,51.31,279.12,-6.75,3.50,6.50,13,4
1772052819.477027,1496587,-0.02,-2.12,1.63,-128.44,-69.87,28.50,250.69,-43.06,25.75,0.15,-0.10,-0.35,-141.19,52.31,282.06,-21.37,-16.69,11.19,13,4
1772052819.667601,1496777,0.01,-2.23,-0.21,-141.19,-74.31,57.19,-11.00,-34.63,-9.81,-0.05,-0.07,-0.24,-141.75,49.63,290.69,-18.50,-20.00,7.62,14,4
1772052819.857331,1496967,-0.85,1.55,0.71,-110.37,-78.81,46.88,-63.06,-14.69,-5.06,-0.03,-0.29,-0.45,-144.50,47.50,297.12,-23.06,-27.37,15.56,14,4
1772052820.047835,1497158,0.43,-0.13,0.11,-107.94,-78.56,42.94,0.88,14.88,4.37,0.32,0.12,0.26,-144.31,45.56,306.69,-24.37,-11.56,12.81,14,4
1772052820.239598,1497349,0.10,0.02,0.05,-110.56,-76.87,42.94,11.69,7.37,11.00,0.15,0.17,0.22,-142.75,45.88,311.37,-9.75,-3.44,5.87,14,4
1772052820.429636,1497540,0.13,0.09,0.20,-111.00,-75.31,41.44,-2.19,5.00,8.88,0.10,0.04,0.09,-142.50,46.00,313.06,-4.12,-1.94,6.12,15,4
1772052820.620287,1497731,-0.10,0.45,0.12,-111.81,-73.19,40.13,21.37,4.56,14.06,0.33,-0.07,0.08,-143.00,46.31,312.75,2.69,-0.94,3.75,15,4
1772052820.810047,1497920,0.07,0.37,0.16,-112.81,-71.00,40.56,0.06,1.31,-7.19,0.20,0.13,0.25,-144.31,46.50,312.81,7.87,3.81,-3.62,14,4
1772052821.001176,1498111,-0.38,-3.73,0.26,-118.50,-71.25,33.94,-125.06,38.50,19.00,-0.43,0.40,-0.35,-143.50,47.38,306.25,40.31,39.00,-26.00,14,5
1772052821.192164,1498303,0.47,2.02,1.07,-105.56,-68.50,358.69,-107.69,37.56,0.25,0.27,-0.12,0.01,-142.31,51.38,292.56,40.06,45.31,-24.06,12,4
1772052821.383066,1498493,0.41,0.96,0.17,-107.31,-65.12,342.75,-47.25,28.81,-4.44,-0.01,-0.12,0.06,-139.81,53.44,283.31,17.12,11.31,-15.44,12,4
1772052821.574030,1498684,-0.20,0.17,-0.04,-106.69,-65.56,335.75,-13.31,-0.50,-12.31,-0.25,0.17,-0.51,-138.87,51.94,283.00,10.38,0.44,-13.75,12,4
1772052821.763882,1498874,0.00,-0.56,-0.02,-106.62,-68.94,338.69,4.06,-9.31,-18.69,-0.13,-0.06,-0.34,-140.31,49.88,283.37,4.06,-9.63,1.31,13,4
1772052821.954789,1499065,-0.24,-0.15,-0.16,-105.12,-71.81,343.12,12.44,-5.31,-10.31,0.12,-0.38,-0.52,-144.00,48.88,283.56,-6.75,-10.50,8.31,13,4
1772052822.145904,1499256,-0.11,-0.15,0.50,-106.69,-74.31,359.81,166.62,-51.13,12.25,0.20,-0.05,-0.02,-145.12,49.00,286.06,-21.06,-10.81,7.31,13,4
1772052822.336649,1499447,-0.29,-1.34,0.38,-105.50,-76.81,27.44,60.13,-20.50,-9.44,-0.04,0.19,0.02,-144.62,47.13,294.56,-26.25,-23.31,15.69,12,3
1772052822.527038,1499637,-0.08,0.09,0.10,-101.44,-80.25,38.00,33.94,-5.94,-5.37,0.24,0.05,0.20,-144.81,45.88,302.62,-24.81,-16.87,15.56,12,3
1772052822.717137,1499827,-0.05,-0.08,-0.06,-105.31,-80.94,45.44,28.31,-2.75,2.81,0.34,-0.16,0.28,-144.25,46.00,308.25,-17.12,-9.88,13.31,11,3
1772052822.907776,1500018,0.19,-0.39,-0.17,-109.94,-80.06,48.94,16.87,2.19,2.25,0.23,0.16,0.35,-143.81,46.38,310.94,-10.44,-3.19,5.69,11,2
1772052823.098770,1500209,-0.01,0.50,0.12,-108.25,-78.69,48.00,1.31,3.44,13.69,0.23,0.07,0.32,-142.75,46.94,313.19,-7.37,-2.25,4.44,12,3
1772052823.289385,1500400,0.19,0.18,-0.07,-108.62,-76.31,46.00,-4.12,2.44,2.37,0.03,0.03,0.11,-142.56,47.31,313.44,4.25,0.88,-0.88,11,3
1772052823.480461,1500590,-0.13,-0.21,-0.11,-110.06,-76.37,45.25,-3.75,2.94,-3.62,0.11,-0.14,-0.08,-142.87,47.13,311.56,13.63,7.69,-10.75,11,3
1772052823.669962,1500780,0.25,-0.30,-0.20,-112.81,-76.94,45.06,-10.81,-10.69,4.62,0.29,-0.47,-0.09,-142.19,48.00,306.62,8.56,12.75,-3.00,10,3
1772052823.861011,1500971,0.11,0.67,-0.11,-101.87,-75.12,40.31,-11.69,-0.56,10.81,0.14,-0.14,-0.15,-141.37,48.81,304.69,6.31,6.19,-8.44,9,3
1772052824.052415,1501162,-0.19,-0.22,0.34,-96.12,-74.87,38.50,-21.81,-13.50,-2.94,-0.02,-0.03,-0.16,-140.69,48.69,303.87,-6.50,-6.75,2.94,9,3
1772052824.242923,1501353,-0.06,0.32,0.05,-89.75,-75.25,35.44,-7.94,1.94,-4.75,0.15,-0.07,-0.08,-141.94,47.69,308.19,-12.81,-16.12,11.13,10,3
1772052824.433693,1501544,-0.28,-0.52,-0.09,-93.50,-75.94,36.56,11.19,8.50,-4.87,-0.06,-0.08,-0.34,-143.12,46.38,311.75,-6.31,-7.94,3.56,10,3
1772052824.622901,1501733,0.33,-0.64,-0.10,-105.12,-76.75,39.44,10.44,19.06,0.81,0.12,0.14,0.18,-143.25,46.06,312.44,-3.00,0.19,4.62,12,4
1772052824.813980,1501924,1.39,1.11,0.07,-113.44,-78.50,44.88,64.69,-7.75,-45.13,0.71,-0.13,0.21,-142.56,46.63,311.00,10.06,12.75,-10.63,11,4
1772052825.005133,1502115,0.14,-1.30,0.13,-178.19,-86.69,62.69,-6.81,6.06,0.44,-0.31,0.20,0.00,-141.44,45.75,311.06,-2.00,-0.81,-1.56,10,3
1772052825.195977,1502306,-0.74,0.21,0.39,-174.62,-84.56,57.38,-5.06,4.81,16.31,0.01,0.07,0.17,-140.69,46.19,311.75,-2.75,-0.69,3.19,11,4
1772052825.386785,1502497,-0.06,-0.02,-0.23,-111.56,-81.56,53.06,-8.50,15.25,12.88,0.29,-0.29,-0.07,-141.56,46.56,310.06,2.62,0.62,1.31,10,3
1772052825.576224,1502687,0.17,0.37,-0.10,-116.81,-78.12,48.13,-11.31,6.56,12.25,0.10,-0.16,-0.14,-141.94,46.44,310.94,-3.81,-7.19,3.44,12,5
1772052825.767296,1502877,0.08,-0.04,0.08,-114.56,-76.81,46.00,0.69,-2.44,4.25,-0.14,0.13,-0.05,-143.00,46.13,312.06,-2.69,-3.75,6.75,11,5
1772052825.958591,1503069,0.01,-1.12,-0.22,-121.25,-75.81,50.25,37.06,9.06,-1.12,0.08,-0.43,-0.38,-143.00,46.50,309.12,9.88,9.25,-7.94,13,5
1772052826.149240,1503260,0.63,-0.53,-0.13,-123.00,-74.44,47.38,-53.88,-15.19,16.56,0.30,0.01,0.30,-141.56,47.38,308.44,-13.81,3.00,11.31,13,5
1772052826.339595,1503450,-0.07,1.56,0.85,-101.19,-72.06,33.56,-32.50,1.25,7.56,0.04,0.07,0.15,-140.06,48.25,307.69,10.50,14.56,-3.37,14,5
1772052826.529693,1503640,0.42,0.02,-0.62,-108.00,-70.62,32.13,15.63,20.69,-2.25,-0.01,0.07,-0.18,-140.62,48.50,304.06,-2.81,-1.94,-0.13,13,5
1772052826.720671,1503831,0.00,-0.38,0.25,-110.94,-71.37,34.75,1.56,-16.31,-7.12,0.02,0.02,-0.05,-141.06,48.31,304.44,-8.69,-12.00,8.81,14,5
1772052826.912029,1504022,-0.30,0.09,-0.01,-104.00,-72.69,35.94,12.88,-2.87,-5.81,0.15,-0.13,-0.22,-143.00,47.38,306.69,-5.06,-13.25,6.69,15,5
1772052827.102911,1504213,0.25,-0.22,-0.26,-113.00,-73.31,39.94,18.75,12.69,-1.81,-0.29,0.30,-0.08,-144.62,46.19,309.87,-7.75,-10.63,7.06,13,5
1772052827.293260,1504404,-0.01,-0.92,0.00,-120.69,-73.81,44.81,16.00,8.69,-1.56,0.44,-0.08,0.09,-144.06,46.13,311.37,1.87,7.44,-3.56,13,5
1772052827.482906,1504593,0.23,-0.64,0.08,-121.19,-73.00,43.31,-33.81,3.00,14.44,0.30,-0.05,0.08,-142.75,47.63,308.25,10.50,7.81,-2.06,11,4
1772052827.673847,1504784,-0.72,0.27,1.52,-108.81,-72.25,23.25,-154.00,37.44,-30.56,0.02,0.33,0.11,-143.06,47.75,305.12,28.50,10.56,-19.62,11,4
1772052827.864990,1504975,0.36,1.87,0.84,-116.81,-74.12,359.19,-56.25,17.56,6.44,-0.06,-0.13,-0.27,-143.19,49.00,295.44,20.00,25.00,-9.25,10,4
1772052828.055777,1505166,0.07,0.30,0.29,-112.00,-70.37,352.19,-0.69,7.25,5.06,0.08,-0.02,-0.11,-142.56,50.25,291.31,6.81,3.44,-5.12,10,4
1772052828.246544,1505357,1.03,2.34,0.10,-114.94,-70.31,353.81,62.88,-16.44,-7.00,0.15,-0.39,-0.33,-142.00,50.19,290.44,-4.37,9.88,-2.00,10,3
1772052828.436387,1505547,-0.01,-1.10,0.58,-112.94,-72.00,21.31,130.50,-44.56,1.81,-0.23,0.23,-0.38,-141.06,49.75,292.37,-18.87,-16.50,-0.56,12,4
1772052828.627391,1505738,-0.46,-0.89,0.80,-114.31,-78.06,41.56,34.25,-14.75,-22.50,-0.21,0.35,0.08,-140.00,46.94,300.69,-11.13,-16.25,2.87,11,3
1772052828.818757,1505929,-0.28,-0.09,0.24,-113.25,-82.19,48.50,6.31,2.06,-4.25,-0.04,-0.06,-0.24,-141.06,45.69,304.25,-3.31,-7.37,8.13,11,3
1772052829.009186,1506119,0.26,-0.31,-0.28,-130.06,-81.44,51.75,27.06,10.31,-5.50,-0.08,0.11,-0.26,-142.44,45.56,305.25,1.94,-2.62,2.87,13,4
1772052829.199905,1506310,-0.01,-0.26,-0.11,-145.50,-81.56,56.25,-0.62,6.87,3.69,0.05,0.04,-0.13,-144.00,45.56,305.94,-8.06,-13.81,15.88,12,4
1772052829.389596,1506500,-0.45,0.16,-0.53,-132.31,-79.50,52.38,-14.25,1.44,21.31,0.19,-0.13,0.23,-145.12,45.50,309.87,-5.87,-2.31,6.69,13,4
1772052829.580617,1506691,-0.04,0.88,-0.16,-118.37,-76.00,43.75,-25.37,-1.25,17.00,0.01,-0.01,0.05,-143.87,47.00,309.31,-5.37,9.00,-4.44,12,4
1772052829.771707,1506882,-0.04,0.68,0.51,-109.12,-73.37,39.06,-0.19,-5.31,7.56,0.15,0.37,0.35,-141.06,47.31,311.75,-7.25,-2.62,-1.00,12,4
1772052829.962142,1507073,-0.05,0.38,0.14,-103.62,-72.00,37.75,1.75,-2.12,2.62,0.12,0.07,0.11,-139.69,47.25,313.44,2.06,-0.69,-2.12,11,4
1772052830.152915,1507263,-0.04,-0.23,0.00,-104.94,-72.31,38.06,4.56,1.62,-2.12,-0.20,-0.05,-0.22,-140.75,47.69,311.19,4.87,1.31,1.87,12,4
1772052830.342263,1507453,-0.52,-0.36,0.01,-110.69,-71.62,38.44,10.06,21.06,5.00,-0.07,0.10,-0.22,-141.87,47.81,309.00,5.87,5.50,1.94,11,4
1772052830.533406,1507644,0.33,0.39,-0.20,-116.12,-68.31,35.50,-1.69,14.94,12.00,0.07,-0.40,-0.42,-143.19,49.06,306.56,-7.37,-4.44,8.25,14,5
1772052830.724667,1507835,-0.77,-0.93,-0.67,-120.81,-67.37,35.38,1.12,10.13,-4.50,0.03,-0.20,0.23,-142.37,50.13,305.00,9.50,19.31,2.31,14,5
1772052830.915382,1508026,1.75,-0.37,0.23,-122.94,-62.75,28.69,-10.81,25.31,29.06,-0.61,0.94,0.05,-141.25,51.88,302.81,-0.37,9.75,-10.56,12,4
1772052831.105919,1508216,-1.34,0.60,0.39,-115.12,-61.13,20.81,-46.44,-2.69,-0.44,0.64,0.00,0.20,-140.37,53.19,298.31,18.81,12.56,-9.44,13,4
1772052831.295720,1508406,0.67,0.33,-0.13,-114.31,-60.00,12.63,-20.00,23.75,-3.12,0.03,0.09,-0.01,-140.25,54.63,292.62,14.44,4.87,-6.62,12,5
1772052831.486422,1508597,0.26,0.47,0.16,-116.06,-58.75,6.44,-12.75,7.75,-12.56,-0.15,0.15,-0.18,-141.12,54.19,289.81,19.50,4.00,-12.25,13,5
1772052831.678100,1508788,-0.94,-4.16,0.24,-119.50,-60.63,5.62,-59.25,33.50,-4.25,-0.49,0.10,-0.47,-141.25,53.00,284.56,38.25,6.06,-26.56,14,5
1772052831.868726,1508979,0.68,1.62,-0.40,-110.87,-56.25,336.62,-53.50,24.50,-7.62,0.12,-0.60,-0.64,-139.94,53.25,278.56,19.56,24.87,-9.44,14,5
1772052832.059542,1509170,0.01,0.02,-0.43,-111.69,-56.69,333.25,-9.44,9.88,-24.12,-0.20,-0.14,-0.69,-142.31,52.19,275.44,0.88,-11.81,-4.12,12,5
1772052832.249314,1509360,0.84,0.24,-0.32,-118.06,-61.56,338.37,25.19,-12.31,-30.37,-0.13,0.02,-0.38,-143.69,49.75,279.06,-17.81,-10.75,11.50,13,6
1772052832.439972,1509550,0.15,-0.50,0.66,-112.62,-68.25,4.56,138.25,-96.69,2.69,0.39,-0.36,-0.02,-143.69,50.00,284.50,-34.75,-23.00,19.87,10,4
1772052832.631295,1509742,-0.67,-0.83,0.68,-102.94,-73.12,26.31,42.69,-11.69,-11.06,-0.11,0.39,0.35,-144.12,47.06,298.31,-42.00,-34.63,24.00,11,4
1772052832.821874,1509932,-0.31,-0.45,0.43,-104.81,-72.56,31.44,23.19,-4.75,29.00,0.34,0.18,0.60,-143.50,47.25,308.00,-26.69,-10.06,25.00,11,4
1772052833.012215,1510123,0.41,0.40,-0.18,-109.00,-66.31,29.06,13.88,11.06,19.31,0.52,0.00,0.48,-141.75,49.63,309.75,-6.25,7.37,9.50,11,5
1772052833.202027,1510313,-0.09,0.43,0.24,-108.75,-62.94,27.87,8.00,3.44,10.81,0.11,0.01,0.12,-140.94,51.44,307.87,4.31,0.94,0.31,11,4
1772052833.393014,1510504,-0.01,-0.47,0.10,-114.75,-62.44,28.19,6.62,16.81,-13.69,0.19,0.03,0.10,-140.56,50.00,308.19,17.81,3.81,-18.06,9,4
1772052833.584696,1510695,-0.55,-1.93,0.21,-118.94,-63.56,24.87,-75.81,25.44,-16.81,0.09,0.13,-0.15,-140.81,48.94,304.12,28.94,7.94,-17.25,10,4
1772052833.775354,1510886,0.03,0.94,1.21,-109.12,-64.69,358.12,-162.12,55.88,-16.25,-0.41,0.02,-0.52,-142.25,48.94,296.69,27.25,24.94,-13.13,9,4
1772052833.966172,1511076,0.41,0.59,-0.02,-104.37,-65.00,343.31,-11.69,-14.81,-7.31,0.50,-0.52,-0.13,-142.87,51.38,287.44,21.75,12.25,-8.06,9,4
1772052834.155898,1511266,1.02,0.85,-0.34,-108.69,-65.19,343.62,21.69,23.87,-17.06,0.07,-0.24,-0.50,-142.69,50.38,285.87,7.56,-3.31,-12.94,9,3
1772052834.346388,1511457,0.74,-0.52,0.81,-119.44,-70.37,8.00,152.75,-64.19,-14.38,-0.15,-0.27,-0.18,-143.06,48.69,287.50,-7.06,-13.88,2.12,10,4
1772052834.537798,1511648,0.00,-1.65,0.26,-127.87,-77.25,32.50,25.81,-13.31,-32.13,-0.24,0.03,-0.40,-144.06,45.63,294.94,-15.06,-14.75,14.38,11,4
1772052834.728876,1511839,-0.31,-0.66,0.00,-144.62,-81.87,41.56,19.06,14.25,-2.06,0.04,-0.22,-0.16,-144.94,44.56,301.12,-25.00,-21.87,19.06,12,4
1772052834.919377,1512030,0.13,-0.27,-0.03,-148.62,-80.00,44.69,22.31,0.19,5.31,0.18,0.01,0.19,-145.12,44.25,307.37,-18.69,-7.25,16.50,11,4
1772052835.109098,1512220,-0.25,-0.17,0.11,-141.56,-80.06,47.94,15.44,-2.69,12.75,0.34,0.07,0.23,-144.62,44.94,310.31,-10.50,-4.62,8.19,12,4
1772052835.299164,1512410,0.03,0.00,0.10,-136.25,-78.31,48.56,11.69,1.62,14.00,0.12,0.03,0.18,-144.31,45.69,312.12,-10.81,-2.37,8.69,12,4
1772052835.490720,1512601,-0.09,0.15,0.11,-133.06,-76.50,49.13,15.69,7.44,5.50,0.18,0.02,0.22,-144.12,46.50,313.25,-4.81,-0.06,7.25,10,3
1772052835.681828,1512792,0.10,0.13,-0.06,-136.19,-75.37,51.38,12.56,3.00,2.12,0.05,0.28,0.10,-143.87,46.81,314.81,-2.75,-0.56,-4.25,10,4
1772052835.873198,1512983,-0.05,-0.88,-0.26,-139.87,-76.62,54.06,-24.06,-14.94,-1.56,0.25,-0.25,0.05,-143.25,47.19,313.87,1.06,-1.56,-1.37,9,4
1772052836.062160,1513173,-0.37,0.67,0.45,-128.25,-78.06,50.06,15.00,-9.81,1.19,-0.05,0.13,0.04,-142.94,46.81,314.31,1.06,-0.31,-3.94,10,4
1772052836.252623,1513363,0.25,-0.34,-0.07,-123.44,-77.62,53.31,4.75,-8.69,6.37,0.19,-0.08,0.00,-143.00,46.56,315.00,2.69,-1.50,1.62,10,4
1772052836.444482,1513555,0.95,-1.33,-0.26,-113.50,-78.75,50.88,-56.38,-5.19,-7.44,0.24,-0.12,-0.15,-143.50,45.81,314.56,7.44,-0.06,-11.19,10,4
1772052836.635249,1513746,0.23,0.40,0.37,-103.56,-79.87,43.50,-5.06,-7.44,0.19,-0.08,0.09,-0.05,-142.75,45.56,313.81,1.81,5.56,-3.94,9,4
1772052836.825851,1513937,-0.39,-0.04,0.23,-94.81,-79.44,44.50,15.75,-1.00,4.75,0.24,0.00,0.17,-142.37,46.13,312.56,3.87,6.19,-1.12,10,4
1772052837.014981,1514126,0.26,0.14,0.08,-101.25,-77.75,44.75,7.31,10.06,13.06,0.14,0.07,0.00,-142.56,46.88,310.00,8.44,3.19,-3.06,10,3
1772052837.205836,1514316,0.40,-0.17,-0.06,-110.81,-75.87,45.88,29.00,12.31,4.06,0.04,-0.09,-0.22,-143.56,46.81,307.75,6.50,1.19,-0.19,11,3
1772052837.397430,1514508,0.06,-0.40,-0.07,-119.62,-75.75,49.38,5.87,7.25,-5.44,0.07,-0.19,-0.21,-144.81,46.56,306.06,2.19,-0.88,3.37,12,4
1772052837.588746,1514699,-0.08,-0.20,-0.18,-123.06,-76.37,50.44,3.37,1.19,-7.50,-0.08,0.17,-0.19,-144.94,46.31,306.00,3.44,5.50,-6.62,12,3
1772052837.779745,1514890,0.13,-0.22,-0.06,-122.56,-77.31,51.38,-14.31,-5.50,8.19,-0.27,0.10,-0.02,-144.06,46.44,305.50,-1.37,0.50,-6.25,13,3
1772052837.969178,1515080,-0.84,0.22,0.56,-104.75,-78.37,45.19,-58.44,-17.31,-10.50,0.39,-0.40,-0.04,-143.06,46.63,305.44,-3.12,-0.62,-4.69,12,3
1772052838.159203,1515270,0.27,0.16,0.06,-104.31,-78.62,40.38,5.37,-2.81,0.75,-0.09,0.02,-0.12,-142.19,46.13,306.87,-1.12,-3.69,3.12,12,3
1772052838.350873,1515461,-0.39,0.44,0.43,-102.25,-78.31,41.44,19.81,9.81,0.75,0.08,0.06,-0.04,-143.37,45.50,309.69,-10.38,-8.81,10.94,11,3
1772052838.541918,1515653,0.02,-0.41,-0.16,-119.69,-77.25,47.00,33.19,14.00,3.31,0.25,0.11,0.11,-143.75,46.00,311.06,-6.19,-3.19,12.06,13,3
1772052838.733477,1515844,0.21,-0.06,-0.01,-123.31,-74.81,49.56,20.56,8.94,8.44,-0.21,0.31,0.04,-143.62,46.13,313.06,-1.44,6.00,-5.31,12,4
1772052838.923209,1516034,-0.74,0.04,0.21,-117.12,-73.87,49.25,-31.25,-15.38,31.69,0.40,-0.46,-0.03,-144.56,47.56,309.56,-2.81,-5.37,9.19,12,3
1772052839.112846,1516223,0.47,0.18,-0.43,-110.50,-69.94,39.50,-27.75,0.75,2.37,0.13,-0.07,-0.06,-144.62,47.19,311.44,-2.50,-2.50,1.37,11,4
1772052839.304467,1516415,0.13,0.22,0.00,-105.50,-72.19,36.44,-10.06,6.44,-12.63,0.13,-0.14,0.11,-143.62,46.75,312.56,-0.88,-1.50,-7.31,10,4
1772052839.495331,1516606,0.16,-0.01,0.33,-105.62,-73.37,37.25,9.19,-8.38,-2.12,0.03,0.07,0.17,-142.44,46.13,314.06,-0.94,0.88,-1.62,10,4
1772052839.686151,1516797,-0.02,0.41,0.13,-103.75,-72.87,37.88,6.06,3.87,5.25,0.22,-0.06,0.02,-142.19,45.88,315.69,-4.44,-5.87,3.19,10,4
1772052839.875910,1516987,0.03,-0.03,-0.13,-106.87,-72.87,38.94,7.25,5.12,-10.50,0.03,0.02,-0.10,-142.56,45.25,316.06,8.63,2.56,-7.81,11,4
1772052840.065725,1517176,0.17,-0.32,0.07,-110.19,-74.94,42.00,0.81,-3.25,-5.87,0.00,-0.07,0.00,-142.37,45.25,315.00,0.44,2.75,-0.69,10,4
1772052840.257343,1517368,-0.08,0.33,0.13,-109.06,-74.44,41.56,7.25,5.19,13.75,0.07,0.00,0.02,-142.62,46.06,314.12,-2.25,0.31,7.12,11,4
1772052840.448638,1517559,-0.07,-0.10,0.00,-111.75,-71.69,41.31,10.25,6.44,-7.37,0.27,0.13,0.10,-142.75,46.44,313.44,11.63,7.75,-7.06,9,5
1772052840.640559,1517751,0.05,-1.04,-0.09,-119.75,-72.44,42.00,-27.31,14.44,0.88,0.41,-0.26,-0.12,-142.25,47.69,306.19,27.75,20.00,-10.19,10,5
1772052840.830162,1517941,0.23,0.07,0.80,-115.19,-69.75,25.00,-109.50,37.13,-1.00,-0.10,-0.04,-0.25,-143.37,47.94,301.19,15.44,6.44,-8.06,10,6
1772052841.019641,1518130,0.58,1.12,-0.05,-117.06,-68.69,9.31,-21.44,19.37,-12.13,0.15,-0.06,0.00,-143.62,48.50,295.19,16.19,15.06,-13.63,11,6
1772052841.211459,1518322,-0.32,-0.79,0.36,-119.75,-68.69,6.44,-43.50,13.75,-4.62,0.06,0.12,-0.03,-142.56,48.44,292.06,15.38,4.81,-12.19,11,5
1772052841.402240,1518513,0.05,0.56,0.67,-115.37,-67.00,349.62,-70.62,23.62,5.12,-0.26,0.02,-0.36,-143.12,48.25,287.87,16.87,14.75,-5.44,11,6
1772052841.593114,1518704,0.24,0.41,0.13,-110.94,-63.44,338.19,-4.06,6.87,16.87,0.01,-0.14,-0.24,-144.06,49.69,282.81,7.50,8.25,1.25,10,6
1772052841.782472,1518894,0.07,0.14,0.02,-111.25,-60.69,335.69,5.81,2.37,6.31,-0.04,0.01,-0.27,-144.56,50.38,280.75,0.25,0.75,0.06,9,5
1772052841.972830,1519083,0.08,-0.09,0.05,-112.44,-60.75,337.12,7.62,-4.69,-6.81,-0.03,-0.04,-0.29,-145.00,49.81,281.56,-4.37,-5.44,3.75,9,6
1772052842.164720,1519275,-0.02,0.18,0.14,-113.06,-62.50,341.06,16.87,-5.19,-5.31,-0.03,-0.08,-0.26,-145.37,49.13,284.44,-14.25,-7.37,6.31,9,5
1772052842.355642,1519466,0.40,0.58,0.17,-115.87,-63.13,350.00,79.62,-32.25,11.31,0.03,-0.08,-0.22,-145.06,49.00,288.75,-23.69,-6.62,15.69,11,3
1772052842.546692,1519657,-0.19,-0.26,0.82,-117.81,-62.38,15.56,153.44,-58.63,32.75,0.13,-0.02,-0.01,-144.62,50.25,293.25,-24.75,-5.25,19.50,11,3
1772052842.736350,1519847,-0.04,-0.41,0.37,-122.69,-65.19,42.56,72.06,-34.56,-19.44,0.34,0.05,0.44,-144.00,50.81,299.56,-26.87,-17.94,11.19,12,3
1772052842.925876,1520036,0.08,-0.03,-0.01,-133.06,-73.00,57.31,2.87,-10.13,-53.44,0.21,0.14,0.26,-143.50,48.63,308.31,-18.56,-23.31,0.88,11,3
1772052843.118179,1520229,-0.20,-0.73,0.16,-155.94,-80.31,65.62,-7.62,-21.56,-28.31,0.16,0.06,0.22,-143.37,46.50,313.94,-8.75,-16.81,2.37,12,3
1772052843.310111,1520421,-0.01,-0.13,0.17,-176.19,-83.69,63.06,-14.81,-21.69,15.19,0.12,-0.08,-0.05,-143.69,45.31,316.56,-1.25,-0.88,-1.00,13,3
1772052843.500187,1520611,0.05,0.30,0.10,-98.87,-82.19,57.88,-3.19,-17.69,29.31,0.17,-0.20,-0.04,-143.06,46.06,315.44,3.12,10.50,0.19,12,3
1772052843.689683,1520801,-0.09,0.11,0.01,-85.31,-77.56,56.81,27.81,-4.25,13.31,0.09,0.03,0.16,-142.12,47.38,313.06,0.94,7.87,-6.31,13,3
1772052843.879436,1520990,-0.07,-0.28,-0.16,-88.75,-78.31,56.56,-40.38,18.44,-10.94,0.08,0.11,0.15,-140.37,47.31,313.12,0.56,-0.25,-6.69,12,3
1772052844.071353,1521182,-0.11,0.63,0.40,-87.81,-78.44,49.25,-23.56,-4.62,1.62,0.09,-0.04,-0.11,-140.81,46.56,313.44,-2.50,-9.19,1.75,13,5
1772052844.262910,1521373,0.05,0.24,0.07,-86.81,-78.37,49.06,17.87,-0.06,-14.88,0.02,-0.10,-0.20,-141.81,45.69,315.06,-4.87,-6.31,3.44,12,5
1772052844.453444,1521564,0.02,-0.59,0.16,-95.62,-83.12,58.69,31.37,2.69,-33.06,0.10,0.00,-0.05,-142.25,45.44,314.94,3.44,-0.69,1.00,13,5
1772052844.643108,1521754,-0.11,-0.18,-0.03,-177.00,-86.31,66.12,13.50,12.44,1.25,0.36,-0.02,-0.07,-143.44,45.50,315.94,-3.62,-9.50,8.94,13,4
1772052844.832612,1521943,0.00,-0.27,-0.23,-177.25,-84.06,68.19,4.81,11.19,-5.12,0.21,-0.02,0.07,-144.25,45.56,317.00,-12.94,-5.00,9.31,13,5
1772052845.025693,1522137,0.11,0.21,-0.12,-148.75,-82.06,68.12,7.19,4.94,15.81,-0.06,0.27,0.21,-143.44,46.00,319.12,-0.13,2.37,-1.44,13,6
1772052845.217766,1522328,0.00,-0.13,-0.08,-147.06,-82.19,68.37,-2.25,-7.06,-10.06,0.27,-0.08,-0.08,-142.87,46.25,316.81,16.12,14.13,-14.31,12,6
1772052845.410473,1522521,-0.09,-0.40,-0.15,-151.75,-83.06,68.75,-17.37,-2.06,13.19,0.14,0.22,0.01,-141.19,47.19,313.69,7.37,13.69,-6.37,15,6
1772052845.599647,1522710,0.06,0.88,-0.17,-122.25,-80.50,59.94,-15.19,3.81,16.62,0.12,-0.05,-0.03,-140.62,47.81,312.19,1.37,2.56,-6.31,15,6
1772052845.789438,1522900,-0.05,0.03,0.34,-113.00,-79.62,55.69,-24.62,-10.81,16.12,-0.02,0.04,0.08,-140.50,47.69,313.87,-12.69,-13.38,11.00,17,6
1772052845.981725,1523092,0.30,0.17,0.27,-101.75,-76.37,48.69,-6.69,7.50,16.44,-0.12,0.19,-0.10,-142.06,46.81,317.31,-10.88,-14.06,9.88,17,4
1772052846.173746,1523284,0.05,-0.24,-0.14,-107.94,-75.00,47.75,12.31,12.06,-10.81,0.07,-0.13,-0.19,-142.75,45.81,319.00,-0.56,-2.50,1.44,17,5
1772052846.365299,1523476,0.19,0.11,-0.12,-114.37,-76.19,50.38,1.37,-2.75,-3.75,-0.09,0.11,0.05,-143.12,45.81,318.25,6.50,2.00,-1.37,15,4
1772052846.556296,1523667,-0.31,-0.39,0.03,-115.75,-78.50,54.63,12.88,-4.12,-13.00,0.13,-0.08,0.00,-143.50,46.44,315.37,3.00,6.19,0.31,14,5
1772052846.745573,1523857,-0.14,0.03,0.04,-117.31,-78.31,55.25,-1.50,3.19,12.00,0.16,0.09,0.16,-142.94,47.38,314.81,-3.00,4.00,3.50,13,4
1772052846.937464,1524048,0.35,0.37,0.00,-116.12,-75.12,51.25,-3.62,9.50,8.94,-0.08,0.09,-0.13,-142.31,47.50,314.87,5.81,4.69,-6.87,12,3
1772052847.129744,1524240,0.10,-0.93,-0.36,-116.75,-75.37,50.75,-8.75,-1.94,-2.25,0.12,-0.17,-0.12,-140.75,47.25,313.44,10.06,13.88,-13.81,14,3
1772052847.322176,1524433,-0.24,0.92,0.54,-99.56,-73.69,41.88,-46.13,-11.31,29.00,-0.01,0.09,0.00,-140.06,48.50,310.31,-4.56,3.25,-3.69,12,3
1772052847.512847,1524624,0.17,0.57,0.22,-92.94,-68.87,33.50,-1.50,-1.12,9.69,0.11,-0.03,0.04,-139.06,48.75,310.25,2.06,5.81,3.12,11,4
1772052847.702385,1524813,0.00,1.00,0.22,-96.50,-67.37,33.75,31.94,15.56,-5.06,-0.13,-0.05,0.05,-139.62,49.75,309.25,-3.12,-1.06,8.63,9,4
1772052847.892456,1525003,-0.10,0.25,0.19,-114.62,-70.19,45.44,55.81,14.25,-30.50,0.24,-0.07,-0.03,-141.25,50.31,308.56,0.88,-9.00,10.25,8,4
1772052848.085879,1525197,0.24,-0.74,-0.26,-144.94,-73.25,61.75,41.00,19.37,-43.94,-0.24,0.46,0.00,-143.00,49.38,311.06,-6.44,-12.88,-0.25,8,4
1772052848.279107,1525390,-0.47,-1.35,0.12,-168.62,-75.50,71.19,-23.37,-20.19,-6.37,0.22,-0.38,-0.41,-144.31,49.06,307.62,18.87,4.25,-1.12,9,4
1772052848.470187,1525581,0.60,0.09,-0.50,-157.31,-77.25,62.38,-43.44,-11.44,-1.31,0.04,-0.28,0.04,-145.50,48.50,306.50,0.13,-3.69,-6.00,9,4
1772052848.659780,1525770,0.08,-0.08,-0.24,-160.25,-81.37,58.38,-12.69,-18.69,-22.56,-0.21,0.30,0.00,-143.69,47.63,308.50,-2.31,-0.88,-7.12,8,4
1772052848.849187,1525960,-0.50,0.41,1.02,-178.56,-86.12,59.00,-2.37,-20.19,-4.69,-0.01,0.28,-0.02,-142.50,45.94,312.31,-7.25,-7.19,1.06,10,4
1772052849.042467,1526153,-0.09,-0.14,-0.13,179.75,-88.44,63.44,34.88,8.88,-17.87,-0.03,0.03,0.13,-142.37,45.63,313.62,2.56,-1.94,-0.69,8,4
1772052849.234931,1526346,-0.35,-0.33,-0.14,176.50,-85.62,70.50,6.06,4.75,-8.31,0.23,-0.08,-0.12,-143.87,45.50,313.75,-9.44,-11.44,10.44,9,4
1772052849.426527,1526537,-0.22,-0.23,-0.17,175.87,-83.62,72.50,8.69,19.69,-1.94,0.00,-0.02,-0.03,-144.12,44.75,317.19,-7.94,-10.56,2.19,11,3
1772052849.616622,1526728,0.14,-0.32,0.00,137.69,-81.37,76.50,27.31,1.50,-16.75,0.15,-0.24,-0.19,-144.37,43.50,318.94,8.38,2.44,-8.00,12,4
1772052849.806033,1526917,-0.58,-1.74,-0.33,128.81,-79.69,82.44,-10.50,0.88,5.81,0.28,0.25,-0.09,-143.31,44.50,313.69,15.94,22.00,-12.25,14,4
1772052849.998038,1527109,0.36,0.29,0.01,179.75,-84.25,68.25,-34.19,-7.44,51.38,-0.05,0.05,0.14,-142.81,45.69,313.06,-4.25,-0.94,4.62,13,3
1772052850.189907,1527301,-0.23,0.63,0.00,-175.69,-83.37,58.75,-2.06,10.50,-3.31,-0.04,0.09,0.05,-143.00,46.56,311.56,-2.25,-0.56,4.12,12,4
1772052850.381515,1527492,-0.44,-0.14,-0.34,-150.25,-83.06,61.75,13.69,-2.75,-12.69,1.01,0.26,0.03,-142.50,46.44,312.12,9.13,6.62,-14.56,13,4
1772052850.574212,1527685,0.38,-0.04,0.01,-178.37,-83.81,62.94,-13.81,-12.56,4.62,-0.31,-0.14,-0.08,-142.19,46.31,312.44,-13.19,-5.56,4.50,14,4
1772052850.763302,1527874,-0.55,0.01,0.54,-178.00,-85.56,62.56,12.00,-8.75,-3.81,0.18,-0.51,-0.24,-142.62,46.38,312.44,2.44,1.69,8.75,15,4
1772052850.953204,1528064,0.44,-0.28,-0.46,-179.06,-83.25,67.25,28.94,27.75,0.50,-0.14,0.59,0.21,-142.81,46.63,315.25,2.19,-0.94,0.94,15,4
1772052851.146433,1528257,-0.16,-0.11,-0.31,178.81,-82.06,70.50,-11.94,-1.06,-7.62,0.18,-0.27,-0.06,-144.37,46.44,312.44,2.31,-6.31,-0.31,14,4
1772052851.338868,1528449,0.12,-0.51,-0.46,168.56,-81.56,70.69,-3.37,-4.56,2.37,-0.19,-0.14,-0.02,-144.94,45.81,313.12,-0.13,-4.25,-1.37,13,4
1772052851.531221,1528642,-0.74,0.58,0.11,177.31,-83.69,67.75,-25.12,-14.94,-20.44,0.48,-0.16,0.01,-145.19,45.81,313.56,-6.50,-1.06,-1.12,13,4
1772052851.720450,1528832,0.34,-0.14,0.12,138.94,-83.06,69.06,2.87,-11.69,-3.19,-0.09,0.22,0.07,-144.62,44.88,315.69,-2.06,-4.94,0.06,13,4
1772052851.909986,1529021,-0.25,0.40,0.04,174.44,-83.44,70.81,17.12,8.19,-7.94,0.03,0.15,0.11,-144.69,44.31,317.19,3.50,-2.37,-4.12,13,4
1772052852.103272,1529214,-0.22,-0.71,0.02,115.37,-81.94,75.94,-0.25,-7.56,-1.00,0.21,-0.25,-0.04,-145.44,44.06,316.37,-7.19,-5.25,6.06,14,4
1772052852.295481,1529407,-0.11,-0.05,-0.11,122.37,-82.37,76.00,10.69,10.75,4.06,0.06,0.17,-0.04,-145.62,44.00,318.31,-4.94,-4.19,3.56,14,4
1772052852.487081,1529598,0.20,-0.18,0.06,126.44,-81.56,78.50,10.81,-5.19,-6.12,0.02,0.11,-0.08,-145.25,43.31,320.37,0.50,-0.37,-2.44,12,5
1772052852.676740,1529788,0.08,-0.50,-0.17,114.94,-79.37,82.94,7.44,0.75,-13.44,-0.23,-0.78,-0.73,-145.37,43.56,316.94,19.19,20.31,-18.19,12,5
1772052852.866070,1529977,-0.57,0.14,0.08,113.31,-80.12,79.44,-45.88,-13.44,37.25,0.45,-0.22,0.20,-144.87,45.38,312.37,-8.81,0.50,9.19,12,4
1772052853.058747,1530170,0.37,1.78,-0.07,178.06,-86.06,67.12,-3.56,-12.25,2.81,0.01,0.02,-0.16,-144.06,46.13,312.12,-0.44,6.62,-5.12,13,4
1772052853.250481,1530361,-0.57,-0.08,-0.12,96.62,-82.75,75.31,19.44,-4.87,-33.88,0.37,0.00,0.05,-143.31,45.56,313.69,-1.75,-7.37,-7.06,13,4
1772052853.441887,1530553,0.48,-0.94,0.12,93.69,-80.19,78.56,-10.63,-12.13,11.63,-0.51,0.01,-0.19,-142.87,44.25,315.81,2.31,-2.00,-2.31,12,4
1772052853.631343,1530742,-0.27,0.16,0.33,6.12,-83.81,71.75,-5.06,8.56,12.69,0.02,0.00,-0.12,-143.56,43.94,316.12,-3.25,-0.25,6.19,11,5
1772052853.820804,1530932,-0.11,-0.37,-0.05,177.00,-86.50,68.81,1.44,13.56,27.19,0.09,0.00,-0.12,-143.56,44.69,315.94,-0.44,5.31,3.94,11,5
1772052854.012441,1531124,0.30,-0.17,-0.22,-175.75,-83.81,63.50,13.50,5.81,44.38,-0.14,0.10,-0.12,-142.94,46.19,314.00,0.37,9.25,5.44,10,5
1772052854.203368,1531314,0.41,1.22,-0.13,-122.44,-80.44,62.19,32.56,-3.00,1.31,0.09,-0.21,0.00,-142.87,47.06,313.19,-4.37,-0.94,2.44,10,5
1772052854.395141,1531506,-0.15,-0.57,0.05,-131.25,-80.62,73.31,60.63,0.88,-4.19,-0.11,-0.04,-0.36,-143.31,46.75,315.56,-20.69,-12.56,16.62,12,4
1772052854.586049,1531697,0.00,0.38,0.80,-137.37,-79.75,89.00,124.31,-13.88,23.81,0.30,-0.27,-0.18,-144.12,47.00,320.50,-28.87,-11.94,28.56,12,4
1772052854.775728,1531887,0.05,-0.90,0.10,-143.87,-79.75,111.06,74.19,-1.56,-2.25,0.13,-0.30,0.11,-146.50,47.56,326.81,-36.75,-30.37,39.06,13,5
1772052854.966872,1532078,-0.08,-0.75,-0.09,-168.25,-80.12,125.19,49.63,2.81,-1.44,0.39,-0.25,-0.17,-148.94,46.69,335.25,-31.81,-22.50,25.25,11,5
1772052855.157573,1532268,-0.13,-0.77,-0.15,-177.25,-80.56,135.06,25.50,-7.00,11.19,0.48,-0.14,0.41,-148.37,46.88,341.87,-18.19,-0.44,3.37,12,5
1772052855.348477,1532460,-0.13,0.10,-0.20,-171.94,-80.00,134.25,-28.75,13.69,16.00,0.24,0.00,0.38,-144.37,49.31,343.62,-8.94,13.38,2.75,12,5
1772052855.539077,1532650,-0.12,1.00,-0.10,-155.37,-76.94,125.50,-18.44,2.75,13.44,0.17,0.19,0.30,-140.87,51.19,343.31,1.00,7.50,-4.37,11,4
1772052855.729084,1532840,-0.27,0.58,-0.04,-146.69,-75.37,120.19,-11.88,-1.75,-10.88,0.09,0.11,0.54,-139.62,51.69,341.06,17.94,11.19,-12.13,11,4
1772052855.919883,1533031,0.31,-0.57,-0.01,-149.25,-75.25,115.56,-50.50,3.06,-5.75,0.29,-0.15,0.13,-138.37,52.00,335.06,34.50,18.44,-21.25,10,4
1772052856.111012,1533222,0.18,-0.32,0.92,-142.19,-73.56,89.87,-166.12,30.75,-13.25,0.03,-0.42,-0.69,-139.37,50.13,327.19,42.25,18.19,-33.25,12,4
1772052856.302065,1533413,0.18,-0.34,0.67,-125.75,-70.50,61.13,-87.69,9.25,11.63,-0.27,-0.05,-0.40,-138.69,49.88,317.56,33.94,29.12,-22.31,11,4
1772052856.493134,1533604,0.48,1.15,0.29,-108.31,-66.37,41.63,-54.56,-6.69,21.44,-0.27,-0.31,-0.52,-137.81,50.94,310.06,13.19,24.37,-11.44,12,4
1772052856.682877,1533794,-0.60,0.76,0.04,-92.31,-69.87,38.06,-25.31,-15.69,-49.25,0.16,-0.23,-0.39,-137.94,51.25,306.31,1.94,-8.13,-11.38,12,3
1772052856.873520,1533984,0.00,-0.66,0.61,-86.94,-76.75,44.69,3.06,-22.62,-23.56,-0.13,0.05,-0.29,-138.06,48.38,310.25,-4.19,-14.38,2.37,12,3
1772052857.064105,1534175,-0.18,-0.09,0.32,-74.94,-79.06,48.88,12.31,1.44,-10.38,-0.07,0.03,-0.22,-139.94,46.75,313.94,-8.13,-14.94,8.31,11,3
1772052857.255030,1534366,0.02,-0.59,0.15,-78.75,-81.44,54.25,23.87,5.62,-11.13,-0.04,0.02,-0.11,-141.12,46.00,316.25,-2.69,-2.81,5.06,10,3
1772052857.445137,1534556,0.08,-0.19,-0.07,-91.81,-82.94,58.69,15.88,15.88,2.37,0.10,0.00,0.11,-141.56,46.25,317.06,-1.25,-2.06,6.12,11,4
1772052857.634903,1534746,0.06,0.05,-0.07,-106.94,-82.06,60.25,15.31,5.75,-5.94,-0.06,0.15,-0.14,-141.69,46.69,316.56,6.75,9.31,-7.25,10,4
1772052857.825784,1534937,0.73,1.08,-0.03,-122.19,-82.62,64.87,29.87,6.19,9.94,0.17,0.40,-0.10,-140.62,47.25,314.62,9.25,7.37,3.94,11,3
1772052858.017031,1535128,0.43,1.45,0.43,-118.00,-80.12,76.87,113.81,8.31,12.63,-0.03,-0.38,-0.44,-142.81,46.75,320.37,-40.50,-36.75,35.94,10,2
1772052858.207783,1535319,0.09,-2.17,1.23,-125.81,-78.06,112.81,218.87,-39.75,45.25,0.13,-0.11,0.05,-143.44,46.31,333.44,-52.19,-28.44,30.31,9,3
1772052858.398181,1535509,-0.77,-0.62,0.53,-107.44,-76.94,130.81,28.81,-17.37,11.25,0.18,-0.21,-0.05,-142.69,46.13,341.94,-25.56,-16.12,12.94,7,3
1772052858.587405,1535699,0.00,-0.07,-0.38,-106.87,-75.62,134.37,18.62,-1.62,4.81,0.36,-0.16,0.47,-141.87,46.31,348.06,-25.19,-14.50,12.69,9,3
1772052858.778913,1535890,0.11,0.13,-0.42,-110.31,-75.19,136.81,10.38,0.50,4.06,0.28,-0.03,0.39,-140.12,47.56,352.25,-13.25,-3.75,6.06,9,3
1772052858.970021,1536081,-0.16,-4.73,-0.10,-108.75,-74.62,134.50,-92.44,-0.13,-8.56,0.21,0.08,0.26,-139.44,47.44,353.87,17.50,-8.88,-8.88,10,5
1772052859.160520,1536272,-0.25,3.13,1.94,-76.87,-82.50,94.75,-234.12,39.88,-28.75,0.01,-0.31,-0.43,-141.19,45.19,352.75,9.00,0.94,-7.87,10,6
1772052859.349909,1536461,0.06,0.73,0.43,-6.06,-83.81,79.69,-14.63,2.81,11.25,0.06,-0.03,-0.05,-140.94,45.19,351.69,0.88,4.81,-0.56,10,6
1772052859.539372,1536650,0.02,-0.32,-0.01,-88.06,-81.31,76.69,-8.69,3.37,10.69,0.03,-0.07,-0.08,-140.69,45.75,350.12,5.56,6.69,-2.94,9,6
1772052859.731945,1536843,-0.03,-0.36,0.00,-90.50,-79.50,72.62,-15.06,11.25,15.69,0.04,-0.10,-0.19,-140.94,46.44,347.31,4.94,5.19,-1.75,8,6
1772052859.922960,1537034,-0.02,-0.49,-0.07,-92.69,-76.62,65.06,-35.44,4.12,18.00,0.26,-0.05,0.03,-140.75,47.19,343.94,14.88,14.06,-12.00,9,6
1772052860.113762,1537225,-0.25,0.68,0.56,-83.00,-74.12,52.94,-65.19,-1.12,4.44,-0.23,0.02,-0.08,-139.44,47.63,339.50,23.94,23.19,-21.44,10,6
1772052860.303245,1537414,-0.05,0.00,0.20,-81.81,-74.62,46.75,-19.37,11.56,4.94,-0.07,-0.11,-0.36,-137.25,48.50,332.00,21.75,27.69,-19.87,12,5
1772052860.492645,1537604,0.13,0.20,0.20,-84.37,-74.06,42.25,-23.75,5.81,4.75,-0.05,0.07,0.07,-135.69,49.13,327.44,14.44,10.63,-9.56,11,5
1772052860.685541,1537797,-0.41,-1.31,0.78,-85.75,-73.69,35.13,-62.19,27.62,-3.31,-0.42,0.28,-0.06,-136.25,49.00,322.62,33.75,15.50,-16.69,11,5
1772052860.876435,1537987,-0.32,0.09,1.05,-100.00,-75.50,12.81,-136.75,58.75,-5.81,-0.14,-0.37,-0.52,-137.50,49.94,310.75,48.19,37.31,-21.25,10,4
1772052861.066807,1538178,0.43,1.05,0.11,-112.06,-71.37,351.62,-45.94,37.81,14.69,0.06,-0.10,-0.38,-137.06,52.88,297.06,28.94,31.19,-17.00,11,4
1772052861.256746,1538368,0.19,0.37,0.10,-113.75,-68.50,341.69,-28.44,3.25,-8.31,-0.28,-0.16,-0.65,-137.50,52.81,290.31,18.81,3.69,-10.19,15,10
1772052861.446933,1538558,-0.19,-0.26,0.02,-114.37,-70.44,340.87,-0.75,-1.44,-7.75,-0.22,-0.02,-0.50,-140.00,51.38,288.31,3.06,-4.37,-1.31,18,12
1772052861.639361,1538750,-0.04,-0.19,-0.07,-116.00,-71.56,343.00,7.87,-1.06,-4.62,-0.25,-0.13,-0.58,-142.50,50.25,288.19,-2.44,-5.25,6.87,22,13
1772052861.829517,1538941,0.24,1.99,0.81,-118.62,-71.81,355.50,158.12,-34.81,33.25,0.33,-0.35,-0.23,-143.25,50.56,290.81,-28.81,-8.50,15.19,21,15
1772052862.020157,1539132,0.10,-0.84,2.76,-125.12,-67.25,43.94,327.94,-90.19,70.50,0.25,0.00,0.03,-142.44,51.50,297.69,-56.56,-25.06,37.63,22,19
1772052862.209798,1539321,-0.91,-0.30,1.28,-116.06,-70.87,89.06,96.25,-61.06,11.63,0.18,0.36,0.76,-141.81,49.44,316.06,-66.56,-51.81,33.94,21,19
1772052862.399750,1539511,-0.15,-0.29,0.63,-111.50,-73.19,108.37,113.75,-39.13,4.56,0.55,0.03,0.56,-141.56,48.31,330.75,-46.50,-27.69,24.06,21,19
1772052862.592103,1539703,-1.07,-2.48,0.17,-108.19,-75.87,124.75,-8.19,-7.31,-10.13,0.39,0.00,0.87,-140.44,48.94,338.25,-8.50,-21.06,4.37,22,19
1772052862.782972,1539894,-0.38,-0.41,3.70,-121.75,-79.87,91.50,-349.44,84.94,-59.31,0.42,-0.08,0.60,-140.69,47.38,336.81,39.00,23.06,-26.19,23,19
1772052862.973127,1540085,0.74,3.45,1.48,-132.69,-78.06,35.63,-144.87,17.31,5.37,0.00,0.15,0.06,-139.56,48.31,324.50,51.63,48.56,-40.69,22,19
1772052863.163137,1540274,0.25,1.74,0.27,-114.00,-75.19,22.31,0.25,-5.31,14.50,-0.06,-0.45,-0.75,-136.81,49.81,311.37,40.88,38.31,-27.37,17,13
1772052863.353175,1540464,-0.25,-0.54,1.35,-111.87,-70.19,40.13,202.19,-27.50,44.69,-0.37,-0.65,-0.78,-138.00,51.56,302.81,-11.25,-6.31,13.06,15,12
1772052863.545450,1540657,-1.54,-4.76,1.18,-119.44,-72.56,56.88,-156.81,22.75,-58.19,0.30,0.24,0.14,-140.31,48.88,308.81,10.56,-11.06,-6.00,12,9
1772052863.736128,1540847,0.61,2.93,1.95,-123.00,-76.37,7.25,-227.81,59.88,-44.69,-0.50,-0.08,-0.58,-141.06,48.69,301.56,28.56,32.88,-22.50,13,7
1772052863.926838,1541038,-0.07,0.17,0.66,-118.37,-74.44,351.37,-17.81,5.50,11.25,0.13,-0.05,-0.09,-138.81,50.63,294.06,17.50,19.50,-11.50,12,4
1772052864.116281,1541228,0.13,0.34,0.17,-114.75,-73.31,346.00,-20.12,7.69,2.56,-0.19,-0.22,-0.41,-138.25,51.31,290.06,4.69,2.56,-4.87,12,4
1772052864.306245,1541417,-0.22,-0.63,0.06,-115.19,-73.44,344.87,2.31,-1.00,-9.06,-0.23,-0.17,-0.56,-141.25,49.44,290.81,-7.62,-16.94,9.56,12,4
1772052864.498695,1541610,-0.26,-0.61,-0.10,-119.87,-74.62,348.50,24.62,6.19,5.81,0.12,-0.14,-0.22,-144.37,48.44,295.06,-22.37,-15.63,20.06,11,4
1772052864.689350,1541801,0.37,2.66,0.22,-125.31,-73.12,354.25,72.25,-12.75,12.50,0.39,-0.35,-0.17,-145.19,49.13,300.75,-38.25,-5.56,22.12,11,5
1772052864.880105,1541991,-0.33,-0.20,4.15,-124.19,-69.06,42.63,390.44,-109.69,93.50,0.42,-0.33,0.28,-140.87,49.50,312.44,-54.25,-5.12,22.19,11,5
1772052865.069682,1542181,-0.38,-1.74,0.78,-118.19,-68.44,98.37,147.44,-82.12,27.06,0.75,-0.15,0.70,-139.87,49.06,329.81,-69.75,-59.56,35.13,12,6
1772052865.259137,1542371,-0.02,0.65,0.91,-110.31,-72.69,118.81,112.19,-39.94,0.50,0.48,-0.24,0.64,-140.31,46.50,348.50,-51.50,-37.88,28.50,12,7
1772052865.452167,1542563,-0.33,-1.06,0.02,-110.81,-74.81,139.00,53.25,-13.38,-1.75,0.58,-0.39,0.42,-140.50,47.25,358.06,-28.50,-23.56,19.81,12,7
1772052865.642735,1542754,0.00,-0.06,-0.22,-115.50,-76.19,145.69,7.44,-2.75,3.50,0.36,-0.30,0.20,-140.87,48.13,1.00,-7.50,-3.62,3.12,10,7
1772052865.833318,1542945,0.11,0.21,-0.08,-114.56,-75.31,145.00,-3.19,-0.75,2.00,0.18,-0.15,0.14,-140.56,48.50,1.00,3.44,4.12,-3.06,10,7
1772052866.022933,1543134,0.10,0.34,-0.12,-114.19,-74.62,142.87,-8.13,4.75,-1.06,0.23,-0.25,-0.01,-140.44,49.00,358.75,7.87,6.12,-4.81,10,7
1772052866.212419,1543324,0.03,-0.04,-0.11,-116.44,-74.50,141.75,-5.75,4.06,-2.81,0.12,-0.25,-0.19,-141.06,49.38,355.94,7.81,3.25,-5.69,10,7
1772052866.405044,1543516,-0.04,0.00,0.17,-116.81,-74.69,140.00,-15.06,5.44,-0.75,0.00,-0.11,-0.16,-141.19,49.25,354.06,7.87,5.56,-5.94,9,6
1772052866.595997,1543707,0.08,0.02,-0.02,-117.56,-74.31,136.50,-11.69,4.31,-0.25,0.04,-0.16,-0.19,-140.94,49.56,351.62,7.62,7.69,-6.06,9,4
1772052866.786569,1543898,-0.08,0.27,0.10,-117.25,-74.25,133.94,-11.00,2.56,-1.06,0.04,-0.07,-0.12,-140.62,50.06,349.00,6.62,6.19,-3.75,9,4
1772052866.977343,1544089,0.09,0.18,-0.05,-118.50,-73.87,132.12,-4.62,3.81,-2.12,0.01,-0.11,-0.19,-141.00,50.25,347.69,0.81,-0.37,-0.37,9,3
1772052867.166954,1544278,0.03,-0.01,0.03,-119.69,-73.87,132.12,2.25,-0.31,-0.56,0.00,-0.10,-0.21,-141.56,50.13,347.37,-1.50,-1.12,0.75,10,2
1772052867.358747,1544470,-0.03,0.00,0.09,-119.06,-74.06,132.87,1.12,-0.69,2.25,0.04,-0.07,-0.15,-141.56,50.13,347.81,-3.44,-1.31,1.87,10,2
1772052867.549210,1544661,0.02,-0.02,0.00,-119.25,-73.75,133.62,8.69,-0.25,0.00,0.01,0.00,-0.01,-141.62,50.25,348.62,-4.56,-2.06,3.69,11,2
1772052867.740067,1544851,0.05,0.04,-0.02,-119.37,-73.87,135.00,5.69,-3.44,-0.31,0.09,-0.05,-0.05,-141.75,50.31,349.50,-4.25,-2.69,3.25,10,2
1772052867.929432,1545041,0.03,0.02,0.00,-118.81,-74.12,136.31,6.19,-2.62,-0.62,0.05,-0.01,0.00,-142.00,50.19,350.56,-3.12,-2.25,1.87,11,2
1772052868.119028,1545230,-0.27,-1.49,0.14,-117.87,-74.75,136.56,-36.50,0.62,-9.50,0.22,0.11,0.15,-142.00,49.63,351.87,-2.56,-8.00,-0.06,9,2
1772052868.311541,1545423,-0.55,0.08,1.53,-119.62,-78.50,115.44,-205.31,51.94,-37.88,0.10,0.08,0.13,-142.31,48.94,351.37,20.25,20.75,-19.06,10,3
1772052868.502559,1545614,0.44,1.20,0.85,-122.75,-74.06,78.81,-102.00,27.37,33.06,-0.18,0.07,-0.13,-140.19,49.88,344.81,34.06,32.25,-23.25,11,3
1772052868.693216,1545805,0.00,0.14,0.24,-110.87,-66.37,59.69,-29.87,21.87,32.63,0.06,0.00,-0.22,-138.19,51.88,334.69,32.06,26.87,-17.31,11,3
1772052868.882864,1545994,0.02,0.39,-0.11,-113.00,-61.31,48.31,-23.75,44.00,4.31,-0.26,0.18,-0.40,-137.06,52.63,326.50,39.63,26.06,-21.06,13,5
1772052869.072419,1546184,0.29,-0.48,0.01,-115.31,-60.69,41.25,-50.88,4.25,-15.81,0.23,-0.55,-0.51,-137.12,53.38,318.44,18.87,13.63,-11.19,12,4
1772052869.265084,1546377,0.22,0.55,0.43,-111.25,-64.62,37.75,2.25,-4.37,-42.25,-0.50,0.23,-0.47,-136.44,54.13,312.31,40.38,27.37,-10.81,13,5
1772052869.456143,1546567,0.00,-0.15,0.46,-128.56,-70.50,51.06,53.44,33.88,-27.37,-0.03,-0.26,-0.46,-139.56,53.81,306.12,3.37,-16.62,1.62,13,7
1772052869.646772,1546758,0.16,-0.83,0.00,-154.56,-70.50,64.44,24.87,3.00,-31.25,-0.03,0.05,-0.54,-142.44,51.50,308.44,2.50,-0.88,5.25,15,8
1772052869.836408,1546948,-0.19,-0.41,-0.04,-167.75,-72.19,71.94,5.69,7.19,0.88,-0.13,0.08,-0.36,-143.50,51.25,308.94,-2.12,-3.81,0.19,14,8
1772052870.027094,1547138,-0.13,-0.18,0.15,-167.00,-71.62,72.12,-2.87,1.44,11.38,-0.19,0.09,-0.20,-144.00,51.25,308.56,-2.12,-1.06,2.37,17,10
1772052870.219085,1547330,-0.25,-0.02,0.09,-158.69,-70.50,68.75,-3.94,-2.19,13.06,0.17,-0.13,-0.19,-144.44,51.81,308.44,-6.69,0.56,2.62,18,12
1772052870.409648,1547521,-0.15,0.18,-0.07,-153.81,-67.94,65.37,-1.31,8.56,13.50,-0.01,0.23,-0.12,-143.31,51.88,310.81,-6.25,0.50,2.06,18,13
1772052870.600215,1547712,-0.49,0.01,0.20,-148.37,-67.62,63.44,-5.37,-18.69,10.38,0.12,0.13,-0.01,-142.62,52.63,311.00,-1.06,4.31,4.06,20,15
1772052870.789890,1547901,0.15,0.31,0.13,-142.19,-67.31,60.06,-6.12,3.75,2.37,-0.23,-0.01,0.11,-142.00,52.94,311.50,-6.25,-1.75,0.44,18,15
1772052870.979692,1548091,-0.40,0.32,-0.05,-142.25,-66.81,59.25,1.81,4.81,-3.12,0.00,0.19,-0.16,-141.81,52.88,312.75,0.06,-0.37,2.31,20,17
1772052871.172236,1548284,-0.55,-0.77,0.38,-147.37,-64.87,60.44,-3.00,12.50,15.31,0.04,0.16,-0.01,-142.56,52.56,312.00,2.31,-5.37,-3.81,18,18
1772052871.362871,1548474,0.20,-0.16,0.11,-139.81,-59.19,47.06,-48.13,26.62,29.56,-0.17,0.01,-0.22,-142.12,53.06,309.37,17.19,24.06,-3.81,21,18
1772052871.553679,1548665,0.55,0.53,-0.12,-131.12,-55.00,31.87,-22.69,11.94,7.75,0.35,-0.33,-0.04,-140.69,55.63,303.31,8.88,8.75,-6.37,18,18
1772052871.743230,1548855,0.24,0.58,0.09,-128.56,-53.06,25.62,-6.56,-0.75,-9.44,-0.09,0.24,-0.12,-140.62,55.69,302.19,3.25,2.12,1.00,20,18
1772052871.933367,1549045,-0.30,-0.21,0.15,-128.37,-56.00,31.00,11.63,-19.56,-11.13,0.07,-0.08,-0.05,-140.62,55.44,301.81,1.37,-2.44,-2.56,18,18
1772052872.125814,1549237,-0.07,-0.20,0.16,-129.94,-58.69,36.50,12.38,1.12,-11.19,-0.35,0.02,-0.31,-141.06,54.06,303.44,-1.69,-8.88,-0.62,18,17
1772052872.316507,1549428,-0.04,-0.25,0.15,-135.06,-61.38,43.31,16.25,-8.56,-12.81,0.11,-0.11,-0.18,-142.12,53.19,305.00,-5.69,-3.87,6.25,18,17
1772052872.506886,1549618,-0.01,-0.27,0.04,-141.00,-63.69,50.94,20.44,2.81,-9.75,0.00,0.15,-0.06,-142.50,52.69,307.31,-10.56,-9.56,2.06,15,16
1772052872.696786,1549808,-0.05,-0.06,-0.01,-146.31,-64.50,56.75,15.81,-4.75,-3.62,0.17,0.04,0.03,-142.00,52.38,309.56,-5.87,-0.94,1.19,17,16
1772052872.886679,1549998,0.29,0.29,-0.03,-148.31,-64.75,60.69,23.06,-1.62,2.50,-0.01,-0.17,-0.03,-142.25,52.25,311.37,-10.50,-8.56,12.50,15,15
1772052873.078781,1550190,-0.05,0.52,0.16,-148.81,-65.94,70.06,72.81,-22.37,15.31,0.18,-0.03,0.09,-145.06,53.06,314.25,-19.44,-12.06,19.37,17,15
1772052873.269565,1550381,-0.39,-0.79,0.56,-155.00,-68.12,93.75,87.69,-22.94,14.31,0.20,0.00,-0.03,-146.12,53.44,316.87,-11.25,-5.94,13.25,15,15
1772052873.460372,1550572,-0.29,-0.57,0.22,-161.75,-71.00,106.06,8.50,0.31,-2.37,0.04,-0.05,-0.02,-147.12,53.50,320.31,-19.31,-6.44,11.56,16,15
1772052873.650161,1550762,-0.08,-0.27,-0.10,-161.69,-70.25,106.94,-7.87,9.69,24.81,0.30,-0.38,-0.12,-146.44,54.94,322.37,-19.37,3.37,10.19,13,16
1772052873.839710,1550952,0.36,0.31,-0.37,-150.87,-66.31,101.12,11.31,3.62,30.00,0.24,-0.20,0.13,-143.44,56.81,326.62,-26.19,10.38,7.62,16,16
1772052874.031928,1551144,0.37,0.29,-0.17,-144.44,-63.50,100.81,23.75,-1.12,25.87,0.25,0.00,0.44,-137.50,58.50,332.62,-32.19,1.12,-0.62,17,16
1772052874.222931,1551334,0.50,0.33,-0.25,-139.62,-59.50,101.69,22.56,-2.87,34.38,0.32,-0.07,0.19,-132.25,59.44,339.56,-30.62,-1.25,4.75,16,19
1772052874.413661,1551525,-0.07,0.25,0.00,-137.37,-57.75,104.25,20.25,-7.12,3.37,-0.09,0.00,0.33,-126.69,58.13,348.81,-34.88,-16.44,-22.37,19,20
1772052874.603954,1551715,-0.09,-0.34,-0.03,-138.31,-58.06,107.56,-2.81,0.13,-0.56,0.29,-0.26,0.42,-123.19,53.94,359.75,-17.37,-6.37,-5.31,17,19
1772052874.793325,1551905,0.42,0.89,-0.27,-136.37,-58.50,103.56,-15.31,-10.19,-9.75,0.00,0.21,0.36,-121.81,55.19,359.37,-0.06,7.75,4.87,20,20
1772052874.985254,1552097,0.58,0.74,0.00,-137.81,-62.94,109.50,46.81,-25.12,-42.56,0.19,-0.67,1.42,-124.37,55.31,358.62,23.12,-2.12,25.69,18,18
1772052875.176330,1552288,-0.10,-0.58,-0.12,-146.62,-67.62,126.31,15.13,-0.13,6.37,-0.46,-0.04,0.41,-126.81,60.06,347.37,6.06,7.69,-16.31,18,17
1772052875.367251,1552479,-0.37,-0.03,-0.20,-146.50,-68.06,125.37,-13.81,4.75,-3.94,0.41,-0.78,0.01,-129.81,59.69,344.56,7.62,-10.00,2.75,18,16
1772052875.557020,1552668,0.46,-0.33,-0.25,-152.31,-68.06,123.62,-19.19,-2.19,-24.19,-0.23,0.08,0.05,-133.75,58.44,342.19,26.25,5.37,-15.75,19,15
1772052875.746708,1552858,-0.22,-0.08,0.35,-149.37,-70.81,121.50,-8.94,-19.87,4.50,0.31,-0.22,0.10,-132.12,57.00,339.56,21.25,18.37,-16.19,16,14
1772052875.938755,1553050,-0.43,-0.73,-0.30,-137.00,-70.06,114.19,-33.75,20.87,24.75,0.22,-0.08,0.44,-128.75,57.44,336.62,13.56,12.00,-25.87,13,12
1772052876.129575,1553241,0.56,-0.01,0.48,-126.44,-63.25,92.87,-88.69,22.75,23.56,-0.61,0.03,-0.26,-124.87,54.44,333.94,38.38,21.69,-38.25,14,9
1772052876.320305,1553432,0.47,2.59,0.36,-113.50,-60.38,73.44,-29.00,-4.31,-12.88,-0.38,0.14,-0.69,-123.94,52.06,328.56,20.75,11.06,-6.81,13,7
1772052876.510487,1553622,-0.06,0.93,0.35,-114.31,-66.12,81.56,37.75,-6.69,-24.81,-0.04,-0.30,-0.52,-127.75,52.50,327.25,-10.13,-15.06,28.75,13,7
1772052876.700231,1553811,-0.20,-1.33,0.60,-123.44,-67.87,101.00,106.00,-25.31,10.63,-0.27,-0.27,-0.12,-128.75,55.88,327.06,-28.12,-8.69,19.00,12,6
1772052876.892169,1554004,-0.05,-0.23,0.15,-131.06,-69.50,115.50,21.50,4.31,3.44,0.26,-0.22,-0.01,-130.44,55.63,333.56,-24.56,-18.37,12.38,14,6
1772052877.083033,1554194,0.06,-0.30,-0.21,-134.87,-68.50,118.87,9.19,-0.13,3.69,0.18,-0.22,0.14,-130.50,55.38,338.75,-18.12,-6.69,2.37,13,6
1772052877.273770,1554385,0.21,0.33,-0.09,-133.50,-67.56,119.56,7.87,-4.94,12.31,0.16,-0.15,-0.08,-128.81,53.63,345.25,-22.31,-20.75,-4.31,14,7
1772052877.463220,1554575,0.11,0.36,-0.08,-130.81,-66.50,121.31,27.31,-5.94,7.25,0.27,-0.23,0.37,-128.44,51.31,355.00,-34.13,-22.00,14.31,12,7
1772052877.653297,1554765,-0.03,-0.13,-0.19,-132.69,-65.87,127.37,29.94,-4.50,13.56,-0.04,0.15,0.73,-128.62,52.69,0.50,-27.75,-10.50,28.19,13,7
1772052877.845453,1554957,-0.09,-0.54,-0.02,-133.06,-63.44,134.06,62.06,-18.69,24.44,-0.08,-0.12,0.47,-125.81,56.88,0.94,-22.69,14.25,15.88,13,7
1772052878.036108,1555148,0.14,0.70,-0.35,-132.19,-62.25,138.44,-1.12,-0.94,-1.62,0.66,-0.15,0.51,-120.87,60.00,0.62,0.37,6.44,-2.75,12,6
1772052878.226840,1555338,-0.21,-0.06,-0.13,-141.19,-66.06,144.06,0.37,5.25,-38.44,-0.18,0.16,0.67,-118.31,61.88,357.62,17.19,19.62,2.56,10,6
1772052878.416480,1555528,0.59,1.03,-0.65,-145.06,-63.81,139.56,-36.19,32.06,12.25,0.15,-0.51,0.17,-114.56,64.56,348.44,39.94,29.12,-3.94,11,6
1772052878.606513,1555718,0.33,0.07,-0.44,-147.62,-61.75,133.56,-37.75,9.31,-39.81,0.15,-0.47,-0.46,-115.31,65.62,339.56,30.75,-5.81,2.19,13,5
1772052878.798789,1555910,0.23,-0.08,-0.18,-159.44,-65.25,132.94,-16.19,0.00,-51.56,-0.06,-0.05,-0.31,-123.94,65.06,334.37,28.50,-1.75,-0.06,13,5
1772052878.989550,1556101,0.23,0.07,-0.32,-167.75,-68.06,133.50,-25.62,-11.31,-22.25,0.06,-0.28,-0.19,-128.25,63.75,329.56,28.06,2.06,-15.56,14,5
1772052879.180487,1556292,-0.01,-0.29,0.12,-177.37,-71.94,133.19,-23.75,-26.19,-21.75,-0.17,-0.21,-0.23,-129.37,62.50,324.25,27.06,7.69,-20.31,15,3
1772052879.370414,1556482,-0.09,0.29,0.41,-178.44,-75.06,129.44,-17.75,-8.19,-0.56,-0.48,-0.36,-1.33,-129.62,60.56,321.50,8.50,-7.81,-11.56,15,3
1772052879.559957,1556671,-0.60,-0.46,1.10,178.56,-76.44,129.75,11.00,-4.75,2.25,-0.22,0.01,-0.61,-134.37,56.38,325.31,-12.31,-7.25,-3.87,15,4
1772052879.751859,1556864,-0.20,-0.22,0.33,174.87,-77.44,132.87,4.31,23.25,11.63,0.19,-0.19,-0.02,-133.56,55.63,329.06,-20.44,7.31,12.50,15,3
1772052879.942756,1557054,-0.10,-0.68,-0.23,-177.44,-71.00,133.00,-1.44,61.81,14.31,0.24,0.29,0.95,-129.87,56.88,333.69,-18.31,-4.06,8.25,17,3
1772052880.133414,1557245,2.17,0.57,-0.43,-161.19,-58.31,114.37,-75.75,49.31,46.50,0.27,-0.33,0.33,-128.37,56.63,338.19,-15.31,-5.44,1.87,17,3
1772052880.323227,1557435,0.58,1.28,-0.33,-144.37,-53.63,88.94,-54.88,-1.19,5.69,0.28,-0.39,0.31,-125.06,55.81,341.31,-6.50,1.12,-7.31,17,4
1772052880.513498,1557625,0.75,0.88,-0.32,-139.50,-53.94,81.94,-0.56,-7.56,-7.37,-0.22,-0.01,0.28,-124.06,55.75,343.87,-16.19,-13.38,-0.25,14,5
1772052880.705288,1557817,-0.14,0.72,0.02,-138.25,-56.44,86.62,28.81,-24.62,-4.00,0.26,-0.41,0.26,-124.69,54.56,349.37,-24.37,-21.37,13.44,14,5
1772052880.895874,1558008,0.23,-0.32,0.14,-142.44,-59.50,105.25,95.69,-44.50,22.81,-0.11,0.11,0.40,-125.69,56.25,353.56,-22.37,-7.56,19.75,12,4
1772052881.086749,1558198,0.21,-0.09,0.45,-140.19,-63.88,123.06,38.50,-46.31,5.62,-0.06,-0.31,0.21,-126.75,58.38,355.94,-28.69,-12.75,26.50,11,5
1772052881.276500,1558388,-0.64,-0.95,0.01,-138.37,-68.06,131.25,9.94,14.56,-2.87,0.18,-0.35,0.43,-127.81,59.88,359.94,-12.38,-6.62,5.25,10,5
1772052881.466000,1558578,0.21,-0.41,-0.24,-142.69,-63.94,126.56,-26.62,32.25,7.44,0.05,-0.08,0.46,-125.25,61.56,358.69,8.56,17.69,-5.12,11,4
1772052881.658384,1558770,0.88,1.22,-0.39,-137.06,-59.06,112.87,-27.87,1.06,9.50,-0.13,0.19,0.47,-118.44,63.06,353.87,23.12,31.44,-11.13,11,4
1772052881.849329,1558961,0.37,0.76,-0.10,-130.50,-59.19,107.06,-19.75,-6.56,-7.69,-0.26,-0.06,0.20,-112.19,63.38,347.62,29.75,14.56,-7.94,11,4
1772052882.040309,1559152,0.15,0.30,-0.16,-129.31,-60.94,105.12,-8.19,-5.19,-28.69,-0.02,-0.21,-0.04,-113.56,62.81,341.75,34.75,7.00,-3.62,12,5
1772052882.229765,1559341,0.00,-0.46,-0.08,-136.81,-67.31,109.37,-27.56,5.19,-59.13,-0.09,-0.15,-0.20,-119.12,63.06,334.25,36.94,5.87,2.19,11,6
1772052882.419628,1559531,-0.11,-0.55,-0.18,-154.44,-70.44,108.25,-42.38,27.69,-38.25,0.00,-0.28,-0.39,-123.56,63.25,325.87,39.13,13.13,-0.19,12,5
1772052882.612088,1559723,0.28,-0.70,-0.11,-166.75,-68.12,104.87,-27.44,18.94,-26.94,-0.15,-0.15,-0.60,-126.56,62.63,318.12,37.63,11.50,-8.81,10,5
1772052882.802778,1559914,0.25,-0.38,0.02,-175.81,-66.69,101.87,-25.50,-1.81,-25.12,-0.26,-0.15,-0.91,-130.12,61.19,312.50,18.25,4.62,-3.81,10,5
1772052882.993620,1560105,-0.05,-0.38,0.25,176.06,-68.37,101.87,2.56,-8.25,-23.94,0.02,-0.05,-0.37,-134.19,59.00,312.56,-12.06,-14.56,-1.62,10,5
1772052883.183242,1560295,-0.22,-0.59,0.22,166.75,-69.44,108.12,23.19,-2.69,6.69,-0.09,-0.04,-0.16,-134.81,57.00,318.31,-24.44,-17.37,-0.94,9,4
1772052883.372608,1560485,0.31,0.29,0.28,166.50,-70.31,113.62,36.94,-8.38,11.81,0.07,-0.15,0.15,-135.06,56.63,325.56,-38.06,-11.44,24.56,11,4
1772052883.565161,1560677,-0.31,-0.77,-0.30,171.50,-70.44,124.12,75.31,22.87,59.38,0.51,-0.26,0.35,-134.44,57.81,333.44,-43.63,-17.00,26.81,11,5
1772052883.755867,1560868,0.62,-0.67,-0.83,-169.69,-65.37,132.00,54.75,7.19,57.63,0.54,-0.51,0.49,-132.87,58.75,343.94,-52.94,-14.50,18.50,11,5
1772052883.946644,1561058,0.32,-0.63,-0.52,-162.37,-63.00,137.44,40.69,-2.00,60.75,0.49,-0.41,0.77,-129.00,58.44,355.62,-44.63,-14.25,12.25,10,5
1772052884.136772,1561249,0.56,0.16,-0.78,-150.94,-61.13,136.31,0.62,-17.06,14.44,0.26,-0.05,1.30,-125.25,59.44,1.56,-16.50,1.94,-2.69,11,4
1772052884.326761,1561438,0.17,0.58,-0.22,-143.81,-61.81,133.56,-4.87,0.00,8.06,0.05,-0.17,0.52,-120.62,59.88,3.25,-0.88,-2.50,-1.69,10,4
1772052884.519073,1561630,0.06,-0.01,-0.15,-143.06,-61.63,132.00,-1.56,-5.87,-8.44,0.27,-0.35,0.08,-121.50,59.31,4.06,-1.12,-10.81,-2.37,11,4
1772052884.709507,1561821,-0.10,-0.17,-0.06,-145.06,-63.88,135.12,8.13,-10.00,-10.81,0.06,-0.36,0.12,-124.12,58.81,4.50,0.13,-6.00,0.50,12,4
1772052884.900224,1562012,-0.01,-0.49,-0.07,-150.06,-66.00,139.81,-1.00,-0.69,-11.00,0.03,-0.06,-0.03,-125.31,59.13,3.50,2.81,1.12,1.81,13,4
1772052885.089864,1562202,-0.18,-0.24,0.00,-153.25,-67.37,140.06,-10.19,-1.87,-8.19,0.01,-0.12,0.26,-125.50,59.75,1.69,9.94,6.56,-6.44,15,5
1772052885.279571,1562391,0.09,0.14,-0.07,-153.44,-67.44,136.44,-31.25,4.56,0.25,-0.06,-0.07,0.21,-124.37,59.38,359.31,19.94,12.63,-9.31,13,6
1772052885.471810,1562584,-0.04,0.16,-0.08,-148.87,-67.62,129.25,-24.87,3.00,-7.87,0.00,-0.10,0.21,-123.00,59.50,354.87,22.69,14.69,-9.00,14,5
1772052885.662874,1562774,0.15,0.51,-0.16,-148.75,-67.56,124.25,-15.56,5.44,-14.50,-0.21,-0.04,-0.15,-122.87,60.44,348.44,22.94,11.63,-2.87,14,5
1772052885.853628,1562965,-0.22,-0.34,-0.01,-154.56,-68.94,124.94,-9.56,-3.62,-23.37,-0.03,-0.30,-0.27,-124.37,59.88,344.56,17.19,2.31,-7.69,16,5
1772052886.043152,1563155,-0.17,0.02,0.11,-166.25,-72.25,124.00,-56.63,-8.56,-58.44,-0.24,0.04,-0.47,-126.44,59.75,341.37,12.75,5.62,-5.44,15,5
1772052886.232878,1563345,-0.39,-0.51,0.12,168.56,-73.19,122.56,-26.44,2.44,-25.69,-0.04,0.03,0.05,-126.56,59.19,339.50,12.44,2.94,-7.25,17,5
1772052886.425257,1563537,0.25,-0.30,-0.07,178.81,-71.94,115.69,-25.19,8.31,39.69,-0.13,-0.23,-0.14,-125.50,58.81,337.19,12.56,11.50,-4.75,17,5
1772052886.615873,1563728,-0.15,0.33,0.11,-159.25,-70.37,102.69,-25.62,3.81,9.00,-0.07,0.05,-0.32,-125.00,59.06,333.62,13.75,7.81,-6.25,15,6
1772052886.806674,1563918,0.09,0.20,0.08,-155.87,-70.19,98.19,-5.37,-7.94,-2.69,-0.18,0.20,-0.13,-123.25,58.69,332.06,9.63,14.50,-3.81,17,6
1772052886.996307,1564108,0.32,0.29,0.11,-152.75,-72.12,98.50,11.94,-8.50,3.31,-0.28,-0.23,-0.07,-122.37,59.13,330.44,-1.81,-0.62,3.87,16,6
1772052887.185944,1564298,-0.09,0.63,0.22,-150.75,-71.69,106.31,90.19,0.31,31.50,0.06,0.05,-0.29,-123.81,60.63,330.81,-23.56,-14.75,16.31,18,7
1772052887.378605,1564490,0.03,-0.81,0.00,-157.75,-69.44,122.31,18.44,4.06,-16.25,-0.09,0.02,-0.10,-127.56,59.69,336.62,-17.69,-21.37,-0.62,17,7
1772052887.569258,1564681,-0.08,-0.68,0.01,-168.19,-69.87,128.62,13.44,-3.56,1.00,0.06,-0.26,-0.17,-128.94,58.19,341.62,-13.44,-10.63,2.87,17,7
1772052887.759802,1564872,0.06,-0.18,-0.01,-169.87,-70.44,131.81,11.00,-2.00,1.69,0.05,-0.21,0.00,-129.50,57.13,346.50,-19.31,-12.63,6.31,15,7
1772052887.949330,1565061,-0.10,0.00,-0.12,-170.50,-70.69,133.87,9.31,0.25,6.56,-0.04,0.20,0.41,-128.44,57.06,350.37,-13.56,0.19,-0.88,16,6
1772052888.139297,1565251,-0.21,-0.30,-0.07,-163.19,-69.50,131.44,-18.12,7.62,25.19,0.11,-0.31,0.74,-125.31,56.56,352.87,-1.50,-1.44,-7.81,14,6
1772052888.331608,1565444,0.49,0.20,0.23,-146.31,-63.69,111.00,-98.50,31.25,28.44,-0.48,-0.11,0.05,-124.12,56.06,352.37,9.63,2.81,-9.31,13,6
1772052888.522344,1565634,0.54,2.23,0.02,-135.56,-60.69,93.44,35.06,-11.75,4.50,-0.19,-0.16,-0.19,-122.69,56.81,349.00,6.50,15.56,1.12,15,5
1772052888.713303,1565825,-0.43,-0.15,0.82,-143.37,-62.44,115.75,109.06,-26.19,12.75,-0.14,-0.22,-0.19,-123.44,59.31,347.25,-21.19,-8.69,25.87,16,5
1772052888.903157,1566015,-0.10,-0.98,0.24,-154.62,-64.31,138.50,47.06,-5.19,-7.75,-0.07,-0.05,-0.03,-128.25,61.06,350.06,-24.75,-27.19,10.19,16,4
1772052889.092670,1566204,-0.26,-0.33,-0.07,-160.31,-65.00,146.25,14.56,-0.06,0.25,0.22,-0.28,-0.01,-131.75,60.19,354.87,-22.81,-13.13,7.81,15,3
1772052889.285062,1566397,0.14,-0.19,-0.20,-163.12,-64.69,150.50,13.06,-4.31,13.31,0.16,-0.16,0.15,-131.25,60.06,359.50,-19.12,-6.12,4.06,15,4
1772052889.475882,1566588,0.07,0.23,-0.11,-160.06,-65.00,151.00,5.31,-6.69,8.44,0.06,-0.03,0.41,-129.06,59.88,3.94,-15.00,-3.81,0.81,14,4
1772052889.666787,1566778,-0.02,0.10,-0.18,-157.00,-65.62,150.12,-4.25,-3.94,-1.25,0.15,0.00,0.33,-127.56,60.06,6.81,-9.50,-5.12,-0.44,15,3
1772052889.856427,1566968,0.12,0.23,-0.12,-154.75,-65.56,148.12,-1.50,-2.31,6.44,0.01,-0.03,0.27,-126.75,60.13,8.13,-1.75,0.75,-0.75,14,3
1772052890.046096,1567158,0.13,0.09,0.00,-152.19,-65.75,146.62,-4.50,-4.87,-1.31,-0.03,-0.16,0.06,-126.06,60.19,7.75,3.87,2.25,-2.62,16,4
1772052890.238435,1567350,-0.10,0.08,0.06,-151.50,-66.69,145.69,-5.75,-0.75,-4.00,0.00,-0.11,-0.05,-126.31,60.13,7.06,2.62,-1.31,-0.94,17,3
1772052890.429443,1567541,0.00,0.01,-0.03,-152.19,-66.94,145.25,-3.50,-0.62,-4.12,-0.02,-0.11,0.01,-126.81,60.19,6.19,4.25,1.69,-0.62,15,4
1772052890.620363,1567732,-0.07,-0.03,0.02,-152.94,-67.06,144.81,-4.75,2.37,-3.12,-0.01,-0.07,-0.06,-127.00,60.31,4.87,5.25,2.37,-1.00,14,4
1772052890.809764,1567922,0.08,0.05,0.00,-153.50,-66.62,143.44,-5.56,6.19,-1.69,-0.03,0.00,0.11,-127.00,60.63,3.12,8.19,4.12,-1.50,15,4
1772052890.999601,1568111,-0.07,0.08,-0.03,-154.19,-65.94,141.37,-10.25,3.31,-6.19,-0.04,-0.06,0.00,-127.06,61.06,0.50,12.31,5.50,-2.31,18,5
1772052891.191618,1568303,-0.39,-1.54,0.10,-154.37,-66.12,137.56,-49.56,3.87,-12.38,0.54,-0.25,-0.09,-126.50,60.31,357.06,28.62,4.06,-20.81,16,5
1772052891.382530,1568494,0.32,0.14,0.26,-149.44,-62.75,114.62,-98.56,26.75,-20.87,-0.12,-0.02,-0.14,-125.12,57.69,354.31,28.37,12.50,-29.69,17,5
1772052891.573625,1568686,0.14,1.08,0.18,-142.37,-61.75,94.56,-47.25,9.88,-17.94,-0.12,-0.01,-0.52,-122.87,56.69,349.50,19.75,19.62,-14.38,16,6
1772052891.763347,1568875,0.38,-0.24,0.16,-144.69,-62.44,90.31,-9.06,6.81,-17.06,-0.02,-0.04,-0.44,-123.87,55.63,347.69,6.62,6.06,-3.75,15,5
1772052891.952978,1569065,-0.07,-0.25,0.39,-143.06,-63.00,95.06,58.38,-21.44,42.00,0.00,-0.07,-0.39,-125.19,54.88,350.06,-25.50,-17.37,15.13,13,5
1772052892.144901,1569257,-0.36,0.00,0.30,-136.75,-61.50,106.06,67.56,-37.88,35.94,0.69,-0.45,-0.01,-126.50,54.44,358.50,-40.50,-38.13,-0.06,14,7
1772052892.336146,1569448,-0.28,-0.42,0.02,-136.87,-62.31,120.37,51.88,-29.69,9.00,0.20,-0.36,0.48,-126.12,53.38,7.87,-30.56,-18.75,4.62,16,7
1772052892.527253,1569639,-0.10,-0.68,-0.34,-137.12,-62.06,129.44,13.13,-14.75,9.94,0.15,-0.12,0.70,-123.06,54.00,13.00,-14.13,-4.56,0.62,15,6
1772052892.716612,1569829,0.19,-0.39,0.05,-131.75,-61.50,125.87,-32.75,-3.50,20.50,0.01,-0.29,1.13,-119.62,53.81,14.19,8.25,29.00,-2.25,16,7
1772052892.906263,1570018,0.66,0.06,0.00,-123.62,-57.88,111.87,-60.13,19.06,-5.37,-0.39,0.08,0.70,-116.94,53.56,11.38,18.12,-10.38,-16.31,13,7
1772052893.098332,1570210,-0.25,0.56,1.34,-118.12,-60.25,88.87,-140.94,65.44,-46.19,-0.29,-0.08,0.39,-119.37,50.44,8.31,43.31,27.75,-20.44,15,6
1772052893.289267,1570401,0.19,0.88,0.16,-119.44,-59.31,66.56,-60.31,53.56,-18.81,0.08,-0.49,-0.25,-119.50,52.25,356.87,32.38,33.88,2.00,13,7
1772052893.481374,1570593,0.51,-0.61,-0.49,-126.94,-57.13,54.50,-46.31,43.19,-12.00,0.67,-0.97,-0.38,-121.31,53.13,349.69,38.50,6.44,23.56,14,6
1772052893.671448,1570783,0.46,0.68,-0.27,-123.94,-54.00,39.13,-45.31,12.56,-3.62,-0.52,-0.06,-0.63,-128.12,54.06,338.94,42.44,14.69,-8.25,15,6
1772052893.860863,1570973,0.17,-0.42,0.17,-120.75,-59.50,41.56,-5.37,-29.44,-40.50,0.11,0.05,-0.32,-129.56,55.25,328.69,34.06,20.56,-11.88,15,6
1772052894.052623,1571164,0.04,-0.74,-0.08,-113.75,-67.50,47.31,-28.62,-27.81,-31.00,-0.69,0.02,-0.67,-130.50,55.13,324.25,6.87,3.44,-4.31,15,5
1772052894.244267,1571356,-0.85,0.37,0.65,-95.06,-75.56,49.13,-19.06,-14.94,-30.62,0.03,0.16,-0.75,-132.25,55.00,323.87,-27.81,-12.94,7.75,15,5
1772052894.435904,1571548,-0.50,-0.13,0.45,-98.94,-79.31,56.31,43.50,22.31,5.37,-0.49,0.65,0.14,-132.81,54.31,332.06,-29.44,-23.44,16.19,13,5
1772052894.627467,1571739,-0.03,-0.62,0.21,-118.31,-73.50,59.75,32.94,23.56,32.19,-0.64,0.37,-0.50,-133.50,53.75,339.12,-16.69,-7.62,10.50,12,4
1772052894.816863,1571929,-0.48,0.06,0.07,-122.31,-69.75,60.56,15.06,8.69,10.50,0.31,-0.36,-0.17,-135.12,54.94,338.56,-8.56,-9.44,11.81,12,5
1772052895.006860,1572119,0.27,0.07,-0.16,-128.75,-65.44,60.19,17.69,21.37,13.44,-0.28,0.38,0.03,-136.37,55.13,341.50,-17.19,-6.50,8.38,11,5
1772052895.198165,1572310,-0.06,-0.09,0.12,-135.19,-62.44,63.00,23.94,15.31,7.81,0.10,0.23,0.43,-134.50,55.63,344.25,-8.19,2.81,2.25,12,7
1772052895.389566,1572502,0.29,0.47,0.06,-140.62,-58.31,63.44,12.06,26.81,2.37,0.00,0.06,0.18,-132.50,56.63,342.87,12.19,8.75,-3.12,13,7
1772052895.580272,1572692,0.07,0.10,-0.08,-144.62,-56.56,63.31,-8.81,4.00,-8.88,-0.18,0.40,0.21,-132.62,56.75,339.12,29.44,11.19,-11.38,14,7
1772052895.769770,1572882,-0.12,-0.33,0.03,-143.75,-56.75,60.56,-22.00,3.19,0.13,0.01,0.08,0.02,-133.00,56.63,331.75,34.38,17.69,-14.63,16,7
1772052895.960408,1573072,0.07,0.25,-0.04,-139.06,-55.31,50.06,-44.38,16.06,-2.44,-0.14,-0.13,-0.58,-132.69,56.88,323.56,26.50,19.12,-16.12,15,6
1772052896.151592,1573264,0.39,0.71,0.24,-138.69,-55.31,45.00,14.88,4.37,-25.06,-0.20,-0.39,-0.70,-133.75,57.63,317.25,9.88,7.62,1.00,16,8
1772052896.343462,1573455,0.11,-0.65,0.01,-153.75,-57.56,60.19,36.31,-1.75,-32.19,-0.23,0.21,-0.21,-134.37,57.38,315.56,6.19,-2.31,3.81,16,8
1772052896.535969,1573648,-0.34,-0.83,0.12,-163.81,-61.56,71.69,4.19,-12.44,-18.12,0.27,-0.15,-0.19,-136.31,57.31,313.06,10.25,1.37,0.50,16,8
1772052896.725234,1573837,-0.08,-0.40,0.08,-159.50,-61.88,65.50,-42.69,6.31,20.56,-0.16,0.08,-0.63,-136.81,56.56,311.31,13.13,12.88,-12.94,18,7
1772052896.914859,1574027,0.08,0.04,0.08,-148.50,-60.13,52.63,-30.00,-4.69,18.62,-0.24,-0.47,-0.73,-134.25,57.00,308.31,0.25,9.75,-3.87,18,8
1772052897.106271,1574218,0.28,1.30,0.28,-144.06,-59.31,50.88,38.75,-12.50,-3.31,-0.10,-0.02,-0.07,-134.31,56.25,312.87,-29.37,-13.25,12.19,21,6
1772052897.297794,1574410,0.09,-0.12,0.28,-155.37,-62.38,75.31,105.25,-28.56,8.75,0.11,0.01,0.01,-135.37,55.63,322.12,-51.00,-29.69,21.50,20,6
1772052897.489698,1574602,-0.51,-0.96,0.45,-157.50,-65.50,99.12,87.50,-30.94,43.31,0.15,-0.22,0.12,-134.25,55.94,332.31,-35.13,-5.06,13.75,19,7
1772052897.679153,1574791,-0.69,-0.26,0.38,-150.87,-66.81,109.44,25.62,-3.50,33.13,0.05,-1.56,-0.54,-133.12,58.00,337.31,-24.31,-19.56,25.19,17,7
1772052897.868505,1574980,-0.29,-0.16,-0.10,-146.12,-61.13,103.44,-29.62,43.88,44.94,0.39,-0.48,0.41,-131.31,58.19,343.94,-47.63,-26.44,9.63,16,8
1772052898.061230,1575173,1.20,2.51,-0.53,-145.62,-52.75,98.06,67.94,-32.13,14.63,0.75,-0.44,0.69,-132.00,58.56,352.94,-43.44,-19.12,26.25,14,6
1772052898.253555,1575366,0.49,-0.26,-0.36,-159.31,-58.75,134.56,112.75,-39.50,-6.31,0.67,-0.01,1.28,-136.19,57.81,4.00,-41.50,-35.13,21.25,13,7
1772052898.445215,1575557,-2.35,-2.97,2.09,-159.19,-64.12,139.12,-120.00,10.81,30.37,0.40,-0.45,0.69,-140.50,54.13,10.25,3.44,-20.12,-8.63,14,8
1772052898.634842,1575747,1.56,1.93,1.90,-130.25,-48.75,72.00,-204.56,112.75,16.12,0.15,-0.82,-0.89,-138.62,52.88,5.69,91.62,80.50,-58.75,13,9
1772052898.824324,1575937,2.04,2.53,0.06,-119.37,-42.69,35.75,-40.25,-2.81,-2.81,0.47,-0.49,1.34,-131.69,57.69,348.75,54.69,44.56,-1.62,14,8
1772052899.016597,1576129,-0.51,-1.22,0.27,-120.12,-47.00,46.13,30.75,-2.94,-23.44,0.65,-0.65,0.07,-134.37,57.44,340.06,19.50,-15.69,-4.37,11,8
1772052899.208783,1576321,0.21,0.01,0.00,-123.44,-46.75,37.69,-56.13,43.44,-33.81,0.10,-0.36,-0.18,-137.00,54.75,337.44,22.00,3.25,-26.87,11,8
1772052899.400825,1576513,0.46,-0.64,-0.24,-127.69,-49.19,33.56,-8.00,-2.00,-23.62,0.18,-0.26,0.19,-137.50,53.63,331.12,34.50,16.37,-6.31,11,7
1772052899.590019,1576702,0.13,-0.81,0.07,-122.62,-49.88,28.00,-61.94,-0.69,13.44,0.15,-0.12,-0.27,-139.12,56.06,320.31,34.81,18.69,-5.50,13,7
1772052899.779663,1576892,0.26,0.88,-0.36,-110.69,-52.69,17.31,-48.56,0.75,-59.81,0.26,-0.12,-0.18,-139.00,54.56,316.44,18.69,7.00,-19.75,16,6
1772052899.972329,1577084,0.20,-0.27,0.27,-110.37,-61.13,24.69,12.06,-22.00,-18.56,-0.07,0.29,-0.41,-140.19,53.50,314.44,27.37,-0.06,-12.00,17,5
1772052900.164694,1577277,-0.50,-0.05,0.33,-103.50,-64.87,29.37,-7.69,-12.81,-2.50,-0.05,-0.09,-0.16,-144.44,51.88,315.06,-17.25,-31.69,14.69,17,4
1772052900.356251,1577469,0.24,0.00,0.25,-103.69,-65.25,31.00,19.37,-7.19,-7.12,0.03,0.21,0.18,-147.37,49.69,321.25,-20.44,-16.94,15.56,18,4
1772052900.548713,1577661,0.17,-0.28,0.23,-105.75,-66.81,38.44,42.81,-15.69,-0.25,0.19,0.06,0.17,-146.00,49.63,325.00,-1.75,8.75,3.19,18,3
1772052900.738194,1577850,0.06,0.18,-0.09,-103.94,-66.56,43.69,9.56,-1.12,5.87,0.10,0.28,0.06,-145.31,50.25,326.37,-9.56,-5.31,1.25,18,4
1772052900.928369,1578040,-0.38,0.42,0.37,-99.62,-67.56,44.19,-15.69,-13.38,-8.19,0.19,0.06,0.03,-145.00,50.31,327.62,-6.19,-5.12,-1.62,19,3
1772052901.120257,1578233,0.02,0.18,0.28,-96.81,-68.19,44.94,13.00,-5.62,-4.56,0.03,0.05,0.15,-144.37,49.63,330.94,-9.31,-7.25,5.50,20,4
1772052901.312293,1578425,-0.17,0.18,0.17,-100.37,-69.25,49.44,27.37,10.75,-6.44,0.12,0.00,0.00,-144.87,49.38,332.44,-3.31,-2.00,3.12,18,4
1772052901.503901,1578616,0.00,-0.17,0.09,-108.00,-69.56,55.63,25.25,-3.25,-2.25,0.24,-0.16,-0.03,-145.25,49.75,333.12,-12.44,-5.37,10.13,18,3
1772052901.693454,1578806,0.28,0.03,-0.05,-114.06,-69.44,60.19,30.37,1.19,-2.19,0.04,-0.03,0.04,-144.75,49.38,337.50,-7.50,-3.69,3.81,16,4
1772052901.883054,1578995,-0.07,-0.66,0.14,-118.06,-70.44,67.62,21.50,-2.75,-0.19,0.16,-0.16,-0.12,-145.50,49.63,337.69,-3.25,-5.56,8.06,15,4
1772052902.075090,1579188,0.56,1.87,0.12,-121.62,-70.44,73.81,89.62,-15.69,11.56,0.38,-0.09,0.14,-146.75,51.69,337.50,-14.75,8.19,19.25,17,5
1772052902.266905,1579379,0.55,0.06,0.61,-126.81,-69.44,106.06,172.81,-52.06,27.50,0.44,0.06,0.13,-147.75,54.44,339.37,-35.63,-12.94,28.81,16,5
1772052902.459104,1579571,-0.79,-1.14,0.60,-134.19,-74.69,134.12,60.31,-13.13,-17.69,0.01,-0.67,-0.32,-151.94,51.88,348.56,-43.50,-48.44,34.44,14,4
1772052902.648525,1579761,0.33,-0.37,-0.12,-148.00,-74.31,147.12,55.50,-0.25,-0.06,1.08,-0.66,0.84,-153.37,48.13,1.19,-12.81,-12.88,7.87,13,5
1772052902.838073,1579950,0.55,-0.76,-0.33,-159.69,-76.19,156.69,4.94,-20.12,6.06,0.63,-0.22,0.57,-149.94,49.31,3.87,-12.81,20.44,-25.62,12,5
1772052903.029863,1580142,0.13,-0.26,0.07,-139.50,-76.56,154.19,1.81,-6.37,25.56,0.37,-0.59,-0.08,-143.06,51.63,5.81,16.44,19.56,-7.69,12,6
1772052903.221552,1580334,0.49,0.27,-0.49,-137.37,-74.31,148.81,-21.00,27.25,1.00,0.88,-0.15,1.47,-142.75,52.69,3.25,6.12,-2.94,1.87,12,8
1772052903.414908,1580527,1.96,1.05,-0.70,-151.00,-71.25,144.87,-24.81,30.81,-58.00,-1.92,0.41,-0.40,-147.69,51.50,356.62,-27.56,7.56,-6.75,13,10
1772052903.604510,1580717,-1.08,-0.79,-0.04,-150.69,-75.31,148.37,9.88,-4.44,13.69,0.78,-0.13,0.59,-144.69,54.19,353.56,19.12,19.56,-11.25,12,10
1772052903.794099,1580906,-0.40,-4.35,0.62,-144.87,-72.19,130.87,-218.19,31.87,-35.00,0.52,-0.29,0.25,-142.87,54.25,343.12,79.00,19.12,-57.13,14,10
1772052903.986756,1581099,-1.05,4.25,2.59,-111.75,-75.00,64.19,-267.75,12.56,-26.19,-0.42,-0.15,-0.70,-142.69,52.25,331.19,33.56,11.25,-51.25,12,9
1772052904.179027,1581291,-0.29,0.72,0.55,-99.44,-76.50,47.38,-2.44,-1.44,2.81,-0.04,-0.17,-0.32,-142.50,50.50,327.94,14.56,5.19,-3.87,12,9
1772052904.370892,1581483,0.03,-0.52,-0.03,-101.31,-74.44,46.38,1.62,6.06,21.44,-0.14,0.33,-0.13,-145.25,52.13,322.06,12.13,14.00,8.94,14,9
1772052904.563434,1581676,0.03,-0.06,0.17,-101.06,-68.69,41.56,14.56,3.81,41.31,0.27,0.24,0.06,-146.19,54.63,315.81,16.31,12.75,-1.87,14,8
1772052904.753104,1581865,0.38,0.98,-0.01,-101.87,-63.06,34.75,-13.75,8.69,2.94,-0.34,0.14,-0.39,-146.12,55.25,314.06,-1.50,1.87,-5.94,15,7
1772052904.942511,1582055,0.56,-1.09,-0.15,-105.56,-66.69,39.94,13.63,-16.06,-16.81,0.25,-0.21,-0.19,-145.19,55.38,310.06,23.69,7.87,-3.69,14,7
1772052905.135136,1582247,0.04,0.39,-0.10,-93.94,-66.75,37.81,-45.63,-9.00,-1.25,0.15,-0.08,-0.29,-146.62,54.31,311.31,-8.88,0.44,8.31,14,4
1772052905.326945,1582439,0.47,-0.01,-0.08,-88.06,-71.19,36.88,-3.19,8.00,-19.25,-0.45,0.39,-0.24,-145.12,52.94,313.62,-3.62,-3.75,-4.37,14,3
1772052905.518125,1582630,-0.53,0.21,0.56,-83.75,-72.44,40.25,17.06,-7.69,0.62,0.05,0.11,-0.11,-144.44,52.31,317.00,-12.19,-9.94,5.94,16,3
1772052905.707195,1582820,0.03,0.41,0.38,-92.50,-72.37,45.69,68.44,9.06,4.69,0.10,0.11,0.00,-145.06,52.19,318.94,-8.69,-0.75,7.06,17,2
1772052905.896838,1583009,-0.01,-0.53,0.00,-109.31,-71.31,54.88,26.75,11.69,-0.94,0.05,0.31,0.01,-144.37,52.13,320.87,-2.87,0.19,-1.94,18,3
1772052906.089293,1583202,0.16,2.48,0.37,-113.00,-71.75,58.75,31.37,-11.06,-2.19,0.10,-0.31,-0.33,-145.50,53.31,318.94,-14.06,-5.44,17.19,19,3
1772052906.280901,1583393,0.11,-0.22,0.66,-125.75,-72.94,87.62,182.50,-42.56,14.25,0.18,-0.14,0.00,-146.75,53.31,325.31,-41.38,-23.37,27.19,16,4
1772052906.472481,1583585,0.12,-0.22,0.65,-128.56,-75.87,116.00,97.00,-22.44,3.81,0.16,-0.13,-0.17,-149.31,52.13,335.62,-40.13,-18.25,34.13,15,6
1772052906.662259,1583775,-0.74,-1.92,0.31,-126.62,-76.69,137.37,73.31,-17.75,6.62,0.32,-0.30,-0.03,-151.00,52.94,341.94,-27.00,-15.94,22.06,15,6
1772052906.851941,1583964,-0.24,-0.36,-0.23,-135.87,-78.62,144.62,7.12,3.94,-0.13,0.53,-0.40,0.21,-151.56,53.38,346.12,-15.00,-0.19,8.63,13,5
1772052907.043286,1584156,0.23,-0.44,-0.59,-142.19,-77.06,145.37,-3.50,9.44,4.75,0.35,0.21,0.52,-149.81,55.00,348.00,-5.12,2.19,-7.06,16,5
1772052907.235037,1584347,-0.72,-2.13,0.14,-140.69,-74.87,137.00,-79.37,22.69,-7.50,0.18,0.00,0.32,-146.62,55.38,346.87,24.44,-10.38,-35.31,14,5
1772052907.426780,1584539,0.47,1.09,2.64,-137.44,-70.12,91.12,-263.37,56.94,-19.44,0.00,-0.07,-0.28,-144.94,52.31,343.06,36.13,20.62,-28.37,14,5
1772052907.616531,1584729,0.12,1.38,0.80,-113.19,-66.25,54.00,-59.75,-6.12,11.81,0.05,-0.14,-0.27,-141.81,53.75,334.75,26.37,33.94,-21.25,12,5
1772052907.806365,1584919,0.40,0.15,0.24,-97.81,-65.56,44.63,-65.12,-23.37,-6.31,0.04,-0.24,-0.17,-139.62,54.56,329.50,20.06,8.94,-10.13,11,4
1772052907.998295,1585110,-0.07,0.76,0.63,-81.69,-69.00,37.81,-31.56,10.13,-11.25,-0.20,0.01,-0.34,-140.12,53.06,327.75,9.38,-5.62,-9.50,10,4
1772052908.190603,1585303,-0.13,-0.30,0.25,-83.94,-70.87,38.19,11.88,4.62,-9.44,-0.10,-0.03,-0.37,-142.25,50.94,327.56,7.94,-2.25,-3.87,11,3
1772052908.381207,1585494,-0.01,-0.42,0.16,-88.00,-72.94,41.38,7.81,5.81,-3.62,-0.19,0.08,-0.35,-143.37,50.38,325.56,11.44,7.50,-4.50,13,1
1772052908.570639,1585683,-0.18,-0.24,0.21,-89.75,-73.50,43.56,1.37,1.81,7.94,0.08,-0.17,-0.22,-143.87,51.19,323.25,-11.13,-2.75,9.38,15,1
1772052908.759869,1585872,0.03,0.17,0.17,-93.81,-71.56,42.06,12.31,7.19,4.12,-0.06,0.16,-0.20,-144.56,51.44,324.56,-3.19,-3.62,7.19,18,2
1772052908.951301,1586064,0.00,-0.07,0.14,-100.00,-71.37,44.69,23.87,10.06,2.31,-0.11,0.12,-0.10,-145.31,51.56,325.06,-9.88,-5.50,5.12,18,2
1772052909.142341,1586255,0.07,0.04,0.00,-106.50,-71.31,49.38,32.00,-2.62,-13.56,-0.03,-0.05,-0.30,-145.94,51.25,325.81,3.37,2.69,-2.06,20,3
1772052909.333538,1586446,-0.09,-1.13,0.13,-109.44,-73.94,59.56,23.25,-17.75,3.62,0.18,-0.19,-0.12,-147.12,52.25,322.25,0.94,-0.88,8.13,18,2
1772052909.523177,1586635,0.00,0.67,-0.19,-98.12,-73.87,55.44,-48.69,-7.37,-4.37,0.47,-0.26,-0.04,-146.87,52.00,325.62,-9.75,-1.19,-0.88,18,3
1772052909.712334,1586825,0.33,0.38,0.41,-91.31,-73.62,51.63,1.00,-9.31,3.62,-0.23,0.18,-0.15,-145.37,51.38,329.75,-14.25,-7.69,4.00,19,3
1772052909.903915,1587016,-0.15,0.97,0.44,-86.25,-73.81,56.56,48.31,-9.44,-9.56,0.25,-0.15,0.03,-144.81,51.25,333.12,-12.63,0.19,12.25,18,3
1772052910.095207,1587208,0.35,1.12,1.66,-104.87,-71.75,81.69,251.06,-21.56,35.94,-0.11,0.00,-0.06,-145.62,53.63,335.50,-39.44,-3.44,33.94,18,4
1772052910.286946,1587399,-0.32,-1.67,0.67,-121.19,-69.31,124.75,152.69,-54.69,19.25,0.28,-0.12,0.25,-146.50,54.81,343.00,-37.94,-24.75,27.50,19,4
1772052910.476842,1587589,-0.17,-0.41,0.25,-124.19,-75.56,144.06,37.31,-14.81,-15.00,0.21,-0.27,-0.03,-150.62,52.06,352.00,-26.81,-27.69,18.69,19,4
1772052910.666237,1587778,-0.34,-0.66,-0.08,-128.62,-78.62,153.31,19.12,-7.31,-2.87,0.41,-0.21,0.28,-151.44,51.75,355.19,-7.12,-0.37,3.25,16,5
1772052910.856864,1587969,0.00,0.21,-0.38,-131.06,-78.56,154.37,-7.69,6.81,4.31,0.37,0.02,0.33,-150.06,53.06,355.19,-0.75,4.25,-5.50,14,5
1772052911.048000,1588160,0.31,0.47,-0.30,-132.81,-76.25,149.94,-17.31,6.06,-0.81,0.23,-0.05,0.02,-148.44,53.25,355.06,3.87,-0.06,-8.88,13,4
1772052911.238381,1588351,-0.17,0.33,0.13,-137.81,-76.75,148.25,-9.69,7.25,-23.06,0.07,-0.01,-0.21,-148.06,52.31,354.81,6.12,0.25,-5.25,14,4
1772052911.427790,1588540,-0.37,0.02,0.09,-143.62,-76.87,149.00,-3.44,0.69,-3.44,0.23,0.01,-0.19,-148.62,52.44,353.56,4.37,6.44,9.13,13,4
1772052911.617715,1588730,0.23,-0.46,0.12,-152.75,-75.19,150.06,0.88,12.06,-14.50,0.15,-0.44,0.14,-149.87,53.00,352.19,-3.50,-11.88,4.37,14,5
1772052911.809412,1588922,-0.64,0.89,-0.02,175.12,-74.62,146.62,-73.44,28.44,-53.81,0.43,0.24,0.10,-152.06,51.81,352.81,-1.50,-2.00,0.62,14,5
1772052912.000036,1589113,0.02,0.24,0.10,178.81,-70.94,144.06,13.44,10.13,20.19,0.43,-0.14,0.02,-151.06,53.38,351.94,-8.25,4.12,6.69,14,5
1772052912.191131,1589304,0.27,0.78,0.03,-170.81,-69.75,146.06,50.81,0.56,37.94,0.04,-0.20,-0.03,-152.50,54.81,352.56,-12.13,1.00,20.44,11,5
1772052912.380440,1589493,-0.76,-0.47,0.27,-174.81,-69.87,159.37,54.69,4.44,0.50,-0.04,0.27,0.22,-153.69,57.88,350.31,1.94,14.44,16.50,10,5
1772052912.570270,1589683,-0.06,-0.57,-0.26,179.19,-69.19,166.37,3.56,-0.25,-16.94,0.00,-1.32,-1.01,-161.44,60.44,343.12,33.63,-5.94,28.94,10,4
1772052912.762212,1589875,0.20,-0.27,-0.21,169.25,-66.37,169.37,2.06,2.12,8.63,0.37,0.11,-0.06,-163.19,59.81,341.62,2.94,7.62,-4.00,11,4
1772052912.953671,1590066,0.29,0.51,-0.13,175.69,-67.06,164.94,-5.50,-7.12,7.62,0.22,-0.26,-0.08,-161.81,60.13,341.87,-1.87,-3.50,-4.94,11,4
1772052913.144311,1590257,-0.03,-0.56,0.14,174.94,-68.31,165.31,-0.06,-8.19,-0.62,0.30,0.27,0.13,-160.12,59.69,342.44,7.06,6.44,-16.06,10,4
1772052913.333873,1590446,-0.12,0.76,-0.03,179.37,-69.44,160.94,-13.19,2.31,4.81,0.10,0.00,-0.28,-157.56,59.63,343.37,-11.94,-12.19,1.31,12,4
1772052913.523496,1590636,0.18,-0.25,0.34,178.94,-69.62,161.37,9.25,-9.38,-0.50,0.14,-0.03,-0.04,-158.87,58.25,345.87,-15.63,-14.00,4.87,11,3
1772052913.715724,1590828,-0.02,-0.94,-0.10,179.75,-70.37,161.75,-15.13,1.94,5.31,0.38,0.04,0.14,-159.00,57.75,347.00,5.94,5.19,-5.75,12,3
1772052913.906832,1591019,0.34,0.62,-0.25,-168.81,-70.31,152.19,-26.19,-9.38,20.87,0.32,0.15,0.22,-156.31,58.69,345.37,15.94,2.94,-22.81,13,3
1772052914.097856,1591210,0.11,0.57,-0.03,-157.87,-71.56,145.94,-6.87,-16.25,1.31,0.15,0.16,-0.01,-153.56,57.75,344.31,18.19,-0.06,-6.50,13,3
1772052914.287356,1591400,0.01,-0.16,0.11,-166.06,-75.19,149.44,14.81,-10.44,-34.13,0.14,0.00,-0.06,-157.62,57.94,337.94,24.87,-3.06,8.00,12,3
1772052914.477130,1591589,-0.05,-1.32,-0.06,178.37,-76.44,152.81,-21.50,-8.88,-7.69,0.30,-0.60,-0.22,-161.31,57.69,330.75,35.00,7.25,-15.88,14,5
1772052914.669301,1591782,-0.81,-3.69,1.02,-178.25,-75.81,142.25,-119.69,17.81,3.00,0.07,-0.20,-0.41,-158.94,57.94,323.94,39.56,-2.06,-61.06,17,6
1772052914.860305,1591973,0.36,0.15,2.84,-139.12,-69.31,84.44,-256.19,30.94,25.56,-0.17,-0.10,-1.08,-148.62,53.38,325.31,30.56,11.75,-55.69,16,5
1772052915.051095,1592164,-0.07,1.82,0.99,-104.81,-64.19,45.81,-58.50,-15.25,15.38,-0.57,0.34,-0.24,-140.25,53.69,323.75,4.44,29.19,-21.25,17,5
1772052915.241407,1592354,-0.38,0.01,0.53,-92.50,-63.88,43.00,-20.31,-22.37,-8.50,-0.21,0.15,0.02,-136.12,54.63,323.19,-3.31,-0.81,-3.44,15,5
1772052915.431095,1592543,-0.49,0.86,0.78,-76.87,-67.56,40.56,-65.62,-18.31,-39.56,-0.17,0.11,-0.29,-137.19,54.13,324.75,-7.37,-8.81,6.62,17,6
1772052915.622945,1592735,0.14,-0.24,0.30,-67.50,-72.31,43.75,28.56,-6.81,-14.94,-0.22,-0.16,-0.51,-139.87,53.38,326.06,-10.25,-11.06,12.81,17,6
1772052915.813928,1592926,-0.36,-0.91,-0.02,-71.81,-74.19,51.44,27.37,6.62,-1.94,-0.21,-0.09,-0.40,-142.00,53.00,326.87,-6.00,-9.00,5.69,16,6
1772052916.004228,1593117,0.16,-0.47,0.02,-81.12,-76.12,54.94,13.69,9.69,-5.12,-0.12,0.20,-0.07,-143.12,52.19,328.37,3.94,1.75,-0.25,19,6
1772052916.193641,1593306,-0.15,0.48,0.35,-85.94,-76.37,56.56,3.06,9.38,10.69,0.11,0.12,-0.02,-143.87,52.88,327.69,-7.50,-2.25,10.19,21,5
1772052916.383690,1593496,0.11,0.00,-0.01,-97.75,-74.50,56.88,20.31,12.25,2.62,0.07,0.03,-0.14,-145.00,53.31,328.19,-4.69,-5.06,8.75,22,4
1772052916.576065,1593688,0.03,0.19,-0.02,-104.69,-74.19,59.50,21.44,2.62,-2.81,-0.01,-0.21,-0.30,-146.12,52.75,329.12,0.13,-1.69,1.37,19,4
1772052916.766745,1593879,0.01,-0.50,-0.07,-112.37,-74.75,67.25,38.56,-1.81,-1.06,-0.07,0.00,-0.32,-146.50,53.13,327.37,7.31,10.75,2.75,20,4
1772052916.957407,1594070,0.00,4.35,1.14,-113.44,-73.31,76.75,131.94,-16.31,33.31,-0.03,0.04,-0.17,-148.25,56.25,322.75,-12.69,8.00,18.69,19,5
1772052917.147493,1594260,0.45,-1.47,0.70,-133.25,-72.19,117.62,174.31,-34.44,3.06,-0.13,0.01,-0.25,-150.75,57.69,326.44,-38.38,-27.19,37.13,19,5
1772052917.337289,1594450,0.03,-0.82,0.42,-151.81,-78.87,141.50,45.75,-11.69,-16.12,0.19,-0.22,0.03,-157.87,55.06,332.75,-24.00,-19.62,29.12,18,4
1772052917.529591,1594642,-0.26,-0.69,-0.26,-164.81,-80.44,150.00,9.31,2.25,-0.75,0.36,-0.27,-0.11,-160.87,55.63,333.06,-4.56,2.37,1.69,18,4
1772052917.720284,1594833,0.04,0.16,-0.26,-162.81,-79.69,150.19,-3.81,-2.25,15.75,0.38,-0.06,0.01,-158.44,56.38,334.94,-6.94,5.50,-7.75,19,4
1772052917.910870,1595024,0.30,0.48,-0.28,-148.44,-77.94,146.62,-2.94,2.00,12.63,0.22,0.22,0.26,-154.87,56.38,338.69,-4.94,1.56,-7.50,18,4
1772052918.100648,1595213,-0.90,-3.55,0.50,-138.50,-76.50,139.81,-95.06,12.44,1.50,0.53,-0.18,0.28,-152.00,55.25,340.00,28.56,-10.56,-32.94,20,3
1772052918.290713,1595403,0.49,1.43,2.68,-132.50,-75.00,90.12,-295.00,43.31,-34.06,0.05,-0.06,-0.16,-149.19,51.56,338.06,33.19,17.31,-39.19,21,3
1772052918.482865,1595595,-0.04,1.33,1.24,-111.44,-74.25,55.69,-65.06,-3.37,12.50,-0.13,0.07,-0.25,-144.69,50.94,334.94,15.25,26.75,-21.94,21,3
1772052918.673365,1595786,-0.07,0.32,0.44,-97.50,-70.37,47.00,5.25,4.25,19.00,0.01,0.05,-0.17,-141.75,52.63,331.19,5.69,12.06,-2.12,20,3
1772052918.864110,1595977,0.06,-0.24,0.00,-100.44,-66.62,45.25,26.69,1.69,16.31,-0.01,0.00,-0.24,-141.12,53.81,329.31,1.56,3.81,1.31,19,2
1772052919.054136,1596167,0.06,-0.34,-0.02,-102.69,-65.50,45.88,3.75,0.19,2.75,-0.09,0.01,-0.26,-141.81,53.88,328.25,8.44,-0.37,-2.56,18,2
1772052919.244425,1596357,-0.01,-0.39,-0.08,-101.44,-67.19,46.25,-10.56,-3.25,-9.69,0.01,-0.09,-0.27,-143.00,53.25,327.25,1.06,-1.81,-2.75,16,2
1772052919.436445,1596549,-0.01,-0.03,0.04,-98.37,-69.69,44.94,-21.25,0.69,-14.38,-0.11,0.07,-0.21,-143.19,52.38,327.87,-0.37,-0.19,-3.50,19,3
1772052919.626963,1596740,-0.19,-0.09,0.20,-95.44,-71.12,45.19,5.94,-5.31,1.94,0.08,0.08,-0.08,-142.69,52.38,328.06,-0.75,0.94,-0.13,18,4
1772052919.817274,1596930,0.04,-0.02,0.13,-95.44,-70.75,45.44,2.50,1.50,1.06,0.04,0.08,-0.06,-142.50,52.44,327.94,0.31,0.81,1.12,19,4
1772052920.007071,1597120,0.00,0.02,0.07,-96.50,-70.50,45.69,4.94,4.06,1.06,0.03,0.06,-0.12,-143.00,52.56,327.69,1.19,-0.75,1.87,18,4
1772052920.197313,1597310,0.07,-0.17,0.00,-99.19,-70.50,46.69,8.06,1.25,-1.50,-0.02,0.00,-0.11,-143.44,52.63,327.56,-0.62,-0.81,1.81,17,4
1772052920.389468,1597502,-0.04,-0.08,-0.08,-100.81,-70.81,48.19,7.69,0.06,-1.44,0.06,0.00,-0.12,-144.12,52.50,328.00,-2.50,-2.56,3.44,16,4
1772052920.580316,1597693,0.01,-0.20,-0.01,-102.75,-71.19,50.31,6.25,-0.44,-1.37,0.06,0.12,-0.03,-144.44,52.50,328.25,-0.88,0.25,0.13,16,5
1772052920.771261,1597884,-0.03,-0.02,0.03,-102.50,-71.31,50.81,-0.69,-0.69,2.06,0.05,0.03,-0.16,-144.31,52.63,328.19,-0.75,-0.37,0.37,17,5
1772052920.960520,1598073,0.41,2.10,0.52,-105.44,-70.19,55.81,112.06,-18.00,22.19,-0.07,0.07,-0.04,-145.00,54.13,326.44,-3.44,10.75,19.56,17,5
1772052921.150785,1598263,0.11,-0.41,0.86,-119.44,-68.44,89.62,177.12,-40.38,9.19,0.13,0.06,-0.05,-148.31,56.00,326.19,-31.87,-26.44,33.75,17,5
1772052921.343068,1598456,-0.04,-0.33,0.84,-130.56,-72.44,120.19,116.12,-32.38,-8.69,0.17,-0.02,-0.03,-154.50,55.31,332.12,-33.50,-20.12,34.88,18,3
1772052921.533940,1598646,-0.67,-1.70,0.32,-137.50,-77.94,143.62,37.06,-20.06,-16.37,0.38,-0.28,-0.05,-158.12,54.56,336.00,-10.69,-9.56,11.38,17,3
1772052921.724735,1598837,-0.26,-0.81,-0.08,-152.94,-81.62,150.69,-2.19,-3.25,5.19,0.18,-0.29,0.04,-157.50,54.44,337.69,-4.25,4.94,-15.00,17,3
1772052921.913771,1599027,0.02,0.57,-0.32,-132.31,-79.12,145.25,-13.25,0.00,36.31,0.33,-0.02,0.13,-153.12,54.56,340.00,0.37,4.19,-13.56,18,3
1772052922.103941,1599217,0.40,0.85,0.03,-119.37,-75.44,139.12,2.62,-5.94,2.87,0.04,0.19,0.17,-150.62,54.00,343.00,-9.81,-3.87,1.87,16,3
1772052922.296356,1599409,-0.02,-0.11,-0.24,-118.25,-75.69,140.19,5.62,3.31,-6.44,0.34,-0.16,0.08,-150.62,53.88,344.62,-1.56,-4.19,2.25,17,3
1772052922.486862,1599600,0.00,-0.23,-0.18,-125.44,-76.56,142.00,-0.19,2.25,-2.19,0.22,0.02,0.03,-150.94,54.13,343.69,8.25,7.69,-4.31,16,2
1772052922.677498,1599790,0.02,0.24,-0.04,-126.37,-76.37,140.62,-11.81,6.56,0.62,0.00,0.00,-0.15,-150.12,54.69,341.87,0.13,1.06,-2.62,16,2
1772052922.867384,1599980,0.12,0.19,0.00,-125.81,-75.56,138.81,7.06,-4.69,-6.31,0.17,-0.11,-0.16,-150.50,54.19,342.56,-2.69,-5.50,2.75,16,2
1772052923.057683,1600170,-0.12,-0.37,0.06,-128.06,-77.00,141.12,-0.75,-0.19,-1.12,0.19,-0.05,0.00,-150.75,54.00,343.06,-0.69,1.00,-0.56,16,2
1772052923.249438,1600362,0.11,0.10,-0.12,-130.00,-76.50,140.56,-2.81,6.69,0.06,0.10,0.00,-0.05,-150.31,54.06,343.37,-1.50,-0.81,-0.13,15,2
1772052923.440637,1600553,0.05,0.02,-0.04,-132.94,-76.37,140.56,1.50,-0.81,-2.50,0.23,-0.04,-0.01,-150.19,53.81,344.19,-2.25,-1.87,-0.06,15,2
1772052923.631278,1600744,-0.69,0.13,0.57,-141.87,-77.37,141.56,-19.62,22.87,-32.31,-0.10,0.07,-0.28,-151.00,53.75,345.06,-9.75,-9.06,15.56,17,3
1772052923.820471,1600933,-0.17,0.26,-0.13,178.62,-76.37,144.06,-31.25,12.25,-52.88,0.33,-0.11,0.02,-155.56,55.06,342.94,-0.62,2.25,22.69,16,2
1772052924.010644,1601123,0.02,-0.52,-0.62,166.12,-72.75,146.69,-0.81,16.12,-6.37,0.52,-0.06,0.26,-158.06,57.31,339.69,5.19,6.75,2.19,17,2
1772052924.202617,1601315,-0.13,-1.28,-0.12,168.75,-69.31,144.44,-48.69,7.94,6.00,0.24,0.24,0.18,-155.94,59.00,335.50,33.13,9.69,-29.69,17,2
1772052924.393719,1601506,-0.33,-0.95,2.77,-158.06,-63.75,97.25,-266.25,62.69,18.25,-0.01,-0.39,-0.79,-151.25,55.88,332.00,41.06,12.25,-48.69,18,3
1772052924.584250,1601697,0.58,1.52,0.98,-125.56,-55.63,38.75,-96.75,2.00,30.00,-0.44,-0.05,-0.84,-144.62,56.38,326.94,15.31,32.44,-17.69,19,3
1772052924.773762,1601886,-0.14,0.18,0.21,-111.31,-52.81,27.81,-9.81,-16.62,4.37,0.09,0.05,-0.03,-142.87,57.00,325.94,-8.25,-7.81,-0.88,19,3
1772052924.964570,1602077,-0.17,-0.05,0.04,-104.56,-54.38,26.81,-51.69,-28.12,-25.06,0.12,-0.06,-0.20,-142.00,56.81,327.06,-0.25,7.75,-1.37,21,3
1772052925.156277,1602269,0.12,-0.23,0.26,-97.44,-59.31,28.31,7.37,-10.69,-13.69,-0.20,0.13,-0.30,-140.37,56.31,327.44,2.56,-1.69,-6.62,21,3
1772052925.347064,1602460,-0.58,-0.53,0.53,-96.44,-61.69,33.19,6.19,-4.81,-7.44,-0.02,-0.06,-0.27,-141.75,55.31,327.25,-7.62,-11.63,7.06,22,3
1772052925.537335,1602650,-0.11,0.04,0.08,-98.69,-61.75,34.88,17.37,0.13,3.62,-0.05,0.05,-0.31,-144.50,53.94,331.69,-18.81,-18.31,15.25,21,2
1772052925.727183,1602840,-0.03,-0.93,0.00,-103.81,-62.75,41.19,30.81,-4.31,-10.31,-0.02,0.04,-0.13,-145.81,52.63,336.00,-7.50,-8.63,3.44,21,3
1772052925.917573,1603030,0.02,-1.43,-0.16,-105.25,-66.19,48.13,-6.81,-14.63,-6.37,0.00,0.31,0.23,-145.12,52.31,335.31,21.87,14.81,-13.06,20,3
1772052926.109253,1603222,-0.33,1.01,0.69,-91.75,-67.50,42.44,-53.13,1.06,6.69,0.06,0.10,0.06,-144.81,53.19,331.00,-7.69,-2.06,0.62,18,3
1772052926.300252,1603413,-0.06,-0.04,0.24,-89.00,-65.62,37.50,2.62,-0.25,-7.37,0.11,-0.11,-0.23,-144.00,53.19,331.56,6.62,2.50,-1.62,18,2
1772052926.490803,1603604,0.21,-0.06,0.03,-90.62,-67.31,39.69,10.63,4.56,-7.75,0.01,0.05,-0.04,-144.50,52.94,331.56,1.25,-0.88,-0.50,18,2
1772052926.679878,1603793,0.07,1.71,0.54,-96.31,-68.75,44.94,61.75,7.00,-7.81,0.04,0.10,-0.46,-145.00,53.94,329.44,-2.62,8.44,6.00,20,3
1772052926.870868,1603984,0.73,-1.32,0.66,-120.94,-68.44,74.37,166.00,-20.87,-10.88,0.28,-0.25,-0.02,-145.50,53.81,332.25,-15.13,-8.63,16.06,19,3
1772052927.062736,1604176,-0.14,0.15,0.63,-138.00,-72.37,102.94,96.62,-6.62,1.69,-0.06,-0.27,-0.16,-148.06,52.31,339.00,-33.31,-27.56,30.69,17,3
1772052927.253274,1604366,0.02,-0.92,0.33,-143.81,-71.31,125.69,80.56,-35.25,18.87,0.32,0.07,0.02,-150.56,51.75,346.37,-29.62,-25.19,21.06,16,3
1772052927.444275,1604557,-0.56,-0.92,0.27,-145.75,-75.56,138.31,26.00,-8.13,-5.56,0.31,-0.07,0.13,-152.00,49.56,354.75,-18.37,-13.88,12.75,16,3
1772052927.633532,1604746,-0.22,-0.18,-0.17,-153.94,-77.00,143.06,4.56,10.31,-0.75,0.32,0.02,0.31,-151.31,51.06,355.69,-1.06,14.25,-1.19,14,3
1772052927.824003,1604937,-0.15,0.28,-0.22,-153.12,-75.62,141.94,-8.69,7.44,4.75,0.24,0.03,0.32,-149.19,53.19,354.06,5.37,0.50,-11.06,13,3
1772052928.016340,1605129,-0.13,-0.78,-0.27,-147.12,-73.00,136.00,-30.06,-0.81,9.94,0.41,-0.07,0.22,-147.50,52.75,354.00,7.37,-6.31,-22.56,15,3
1772052928.206966,1605320,-0.54,-0.22,2.20,-139.00,-70.87,108.25,-205.87,42.88,-28.19,-0.20,0.06,-0.35,-146.44,49.88,353.50,20.69,10.19,-13.19,14,3
1772052928.397085,1605510,0.29,1.67,0.92,-123.75,-67.44,73.81,-62.81,3.62,17.12,0.08,0.06,-0.08,-145.94,52.00,347.81,15.00,26.69,-9.25,14,3
1772052928.586874,1605700,0.46,-0.44,-0.62,-119.00,-64.50,65.00,-41.13,7.94,8.25,0.30,-0.28,0.01,-143.75,52.81,344.06,17.31,4.81,-19.56,13,2
1772052928.777279,1605890,0.14,0.84,0.69,-107.25,-67.06,53.19,-57.44,4.62,-32.13,-0.49,0.20,-0.19,-143.19,53.13,339.62,9.88,5.94,-17.19,14,2
1772052928.969617,1606082,-0.24,0.20,0.80,-103.44,-70.75,51.69,-9.13,-3.12,-11.63,-0.11,0.10,-0.12,-142.56,51.94,338.62,9.75,1.44,-7.56,15,3
1772052929.160109,1606273,-0.12,-0.17,0.15,-101.81,-71.44,52.31,1.06,3.00,2.56,-0.10,-0.01,-0.35,-143.06,51.56,336.44,10.69,6.44,-5.00,16,3
1772052929.350555,1606464,0.07,-0.42,0.10,-104.25,-70.75,53.19,13.25,2.44,7.06,-0.08,0.13,-0.23,-143.37,51.56,334.44,5.37,3.44,-4.06,15,3
1772052929.540151,1606653,0.08,0.01,0.23,-103.75,-70.31,53.38,-6.75,-4.06,5.75,-0.10,0.20,-0.21,-142.87,51.81,331.94,14.31,10.06,-7.56,17,3
1772052929.730703,1606844,0.41,0.10,0.08,-97.94,-70.69,50.94,-27.19,-8.13,-11.50,0.12,-0.29,-0.23,-143.25,51.31,330.50,3.69,0.81,-1.87,16,4
1772052929.922659,1607036,0.16,0.22,0.18,-95.44,-72.56,50.25,2.87,6.00,-10.81,-0.14,0.04,-0.37,-143.69,50.50,331.69,-4.81,-4.00,1.37,15,4
1772052930.113517,1607226,-0.22,-0.25,0.15,-97.81,-74.94,54.44,11.88,-1.50,-8.63,0.04,0.07,-0.05,-143.37,50.25,333.00,-7.75,-3.44,1.37,17,3
1772052930.303976,1607417,0.17,-0.16,0.23,-100.25,-75.69,56.75,4.06,0.37,-4.19,0.01,0.19,0.04,-143.12,50.06,334.25,-1.50,-2.06,3.31,18,3
1772052930.494614,1607608,-0.02,0.10,0.20,-99.19,-75.81,57.00,0.31,2.75,-1.06,0.02,0.28,-0.03,-143.62,50.19,334.37,5.50,2.50,0.88,20,3
1772052930.684458,1607798,0.08,0.23,0.04,-102.00,-75.56,56.75,4.12,7.62,3.00,-0.01,0.08,-0.07,-144.37,50.50,333.69,-2.06,1.00,5.06,20,3
1772052930.876450,1607989,0.25,-0.08,-0.17,-105.06,-75.06,58.00,2.06,-3.75,-2.94,0.00,-0.19,-0.05,-145.12,50.88,333.44,-2.81,-2.12,5.81,20,3
1772052931.066892,1608180,0.20,-0.30,-0.24,-106.44,-77.06,60.25,5.25,4.94,-9.25,0.06,0.11,0.01,-144.94,51.00,333.81,-0.06,2.87,-1.50,20,3
1772052931.257453,1608370,-0.04,0.47,0.33,-104.25,-76.75,60.19,-0.06,-5.87,5.75,0.05,0.22,0.00,-144.56,51.00,334.81,-6.81,-3.81,4.94,19,3
1772052931.446916,1608560,0.34,1.97,0.16,-103.25,-75.62,62.13,66.25,-1.12,13.88,0.04,0.05,-0.30,-145.25,51.31,335.81,-3.62,3.81,12.19,18,3
1772052931.637687,1608751,0.18,-0.52,1.14,-111.75,-71.69,87.00,199.81,-37.25,29.06,-0.02,-0.01,-0.48,-146.44,52.81,336.62,-25.44,-9.13,16.62,19,2
1772052931.829566,1608943,-0.89,-1.40,0.40,-115.25,-71.37,117.19,103.87,-40.25,18.06,0.06,0.24,0.32,-146.25,53.63,341.87,-20.62,-7.25,14.50,19,2
1772052932.020380,1609133,0.01,0.05,-0.26,-113.50,-71.62,127.00,12.25,-1.87,-9.56,0.31,-0.01,0.26,-147.62,53.13,346.87,-16.19,-18.56,12.56,18,2
1772052932.211341,1609324,0.15,-0.18,-0.24,-116.69,-73.37,131.19,12.75,-6.62,-4.87,0.21,-0.08,-0.02,-149.44,52.38,349.00,-5.50,-6.81,6.44,18,2
1772052932.400553,1609513,-0.11,-0.17,-0.07,-114.81,-75.31,135.81,12.31,-12.50,-7.69,0.28,0.03,0.17,-150.12,52.56,348.87,2.87,-0.94,1.81,18,2
1772052932.591171,1609704,-0.03,-0.21,-0.04,-114.87,-77.25,138.31,3.81,-1.69,-6.87,0.14,-0.12,0.00,-151.00,52.56,348.19,0.44,-0.88,1.87,18,2
1772052932.783186,1609896,-0.08,-0.21,-0.09,-116.37,-77.94,139.56,0.62,0.44,0.19,0.18,-0.13,-0.16,-151.31,52.69,347.81,-0.81,-0.56,-0.19,17,2
1772052932.973814,1610087,0.00,-0.02,-0.03,-116.37,-77.75,139.25,0.25,-0.69,2.37,0.14,-0.05,-0.08,-151.25,52.56,348.25,-2.31,-0.25,0.06,16,2
1772052933.164244,1610277,-0.06,-0.09,-0.05,-116.19,-77.25,138.94,-0.44,4.44,3.69,0.18,0.08,0.18,-150.69,52.81,348.31,2.25,4.50,-3.31,15,3
1772052933.353863,1610467,-0.61,-1.91,0.37,-119.44,-76.19,133.25,-88.06,30.12,-2.81,0.21,-0.15,0.00,-149.50,52.75,346.75,16.94,4.12,-19.69,16,2
1772052933.544448,1610657,0.05,0.81,1.90,-126.25,-74.69,98.31,-234.87,60.38,-33.69,-0.02,-0.02,-0.29,-147.75,51.69,343.50,24.94,13.44,-23.81,16,2
1772052933.736251,1610849,0.13,0.66,0.38,-116.19,-71.56,67.25,-62.13,3.12,19.37,0.01,-0.10,-0.43,-145.56,52.13,338.37,17.19,19.62,-17.06,16,2
1772052933.926781,1611040,0.24,0.11,-0.01,-103.25,-69.25,55.19,-35.94,-7.12,0.19,0.10,0.02,0.00,-143.31,52.75,335.81,6.50,6.00,-11.06,17,2
1772052934.118011,1611231,-0.19,0.65,0.53,-91.87,-70.37,48.50,-38.50,-5.00,-10.13,-0.24,-0.01,-0.31,-142.44,51.94,335.56,-0.06,-1.94,-5.12,18,2
1772052934.307364,1611420,-0.34,-0.13,0.16,-89.00,-71.25,47.81,12.13,2.75,-3.12,0.07,-0.14,-0.22,-142.75,51.44,336.12,-2.56,-2.81,1.81,18,2
1772052934.497574,1611611,0.21,-0.50,0.00,-94.69,-71.62,50.00,12.50,4.31,-0.19,-0.11,0.16,-0.08,-143.19,51.38,336.19,-0.13,1.25,2.50,18,2
1772052934.689890,1611803,-0.10,-0.09,0.09,-95.69,-72.00,51.38,2.69,1.25,1.94,-0.01,0.08,-0.08,-143.31,51.63,336.12,-1.31,-1.44,-0.19,18,2
1772052934.880204,1611993,0.01,-0.23,0.06,-102.12,-70.87,51.50,8.94,7.44,7.12,0.06,0.09,-0.10,-143.87,52.06,335.44,-4.56,-0.44,10.75,18,2
1772052935.071193,1612184,0.26,0.02,-0.02,-108.31,-68.31,51.38,33.56,8.38,18.81,-0.10,0.19,-0.04,-144.75,52.25,336.56,-6.81,-5.19,6.06,19,2
1772052935.260468,1612373,0.00,-0.58,-0.06,-111.56,-66.94,54.56,9.75,-6.06,-8.69,0.07,0.00,-0.07,-145.19,52.19,336.69,9.88,5.69,-4.19,18,2
1772052935.450892,1612564,0.33,-0.69,0.03,-109.94,-68.62,55.06,-36.88,-10.38,1.87,0.19,-0.29,-0.08,-145.44,52.50,333.37,4.19,1.19,0.69,18,2
1772052935.642903,1612756,0.39,0.92,0.18,-99.44,-69.94,46.63,-26.06,7.12,-10.63,-0.04,0.21,0.01,-144.94,52.13,334.00,3.94,-1.00,-5.12,18,2
1772052935.833478,1612947,-0.20,0.27,0.27,-99.56,-70.87,47.88,19.06,3.31,-2.75,0.03,0.05,-0.13,-144.69,51.56,334.62,-2.50,0.25,-0.88,17,2
1772052936.024147,1613137,-0.15,-0.73,0.01,-107.50,-68.87,53.38,32.13,-3.37,14.25,0.06,0.03,-0.17,-144.69,51.81,334.06,2.62,1.19,1.50,17,2
1772052936.214143,1613327,0.04,-0.30,-0.16,-108.94,-68.19,54.50,-11.69,0.19,1.56,0.16,0.00,-0.11,-144.81,52.00,333.50,-0.37,-0.37,-2.69,16,2
1772052936.404279,1613517,-0.32,0.71,0.28,-105.44,-68.75,49.38,-38.50,1.37,-10.13,0.00,0.10,-0.01,-144.12,51.94,333.62,3.87,8.44,-8.75,17,3
1772052936.596133,1613709,0.38,0.18,0.18,-105.12,-69.69,46.94,-9.13,-3.00,-0.06,-0.09,0.18,-0.06,-142.50,52.19,332.62,4.31,4.37,-2.75,18,2
1772052936.786984,1613900,0.00,0.21,0.15,-100.62,-69.75,45.75,-2.87,0.69,-3.75,-0.01,-0.03,-0.21,-142.75,52.13,332.50,-3.12,-4.94,2.44,18,2
1772052936.977639,1614091,-0.03,0.02,0.05,-102.50,-70.50,47.25,12.44,-0.25,-3.94,0.07,-0.03,-0.17,-143.87,51.75,333.19,-6.37,-5.75,6.62,18,2
1772052937.167383,1614281,0.14,-0.14,-0.01,-107.00,-70.87,50.69,18.06,1.31,-3.94,-0.14,0.10,-0.04,-144.37,51.50,334.69,-2.56,-1.94,4.25,19,2
1772052937.357842,1614471,0.01,-0.07,-0.05,-110.37,-71.12,54.88,14.94,-1.62,5.62,0.09,-0.02,-0.02,-144.62,51.63,335.81,-9.13,-5.56,4.75,18,2
1772052937.549457,1614663,0.17,-0.56,-0.12,-111.69,-71.19,56.88,1.44,-6.62,-2.37,-0.11,0.19,0.03,-144.31,51.44,335.94,14.00,8.63,-3.44,17,2
1772052937.740209,1614853,-0.25,0.55,0.19,-100.81,-72.19,54.69,-28.87,-9.63,-2.81,0.20,0.07,0.13,-144.50,51.44,335.69,-3.50,-4.06,-0.56,17,2
1772052937.930726,1615044,0.10,0.49,0.22,-96.87,-72.44,52.19,-1.12,1.37,-5.31,0.03,0.11,-0.10,-144.81,51.25,335.06,6.81,2.81,-0.81,17,2
1772052938.120498,1615234,-0.06,-0.13,-0.24,-102.62,-74.31,58.13,45.31,8.63,-22.44,0.25,0.11,0.12,-144.00,52.06,333.69,0.56,5.87,-4.87,18,2
1772052938.311190,1615424,-0.02,-0.36,0.13,-108.62,-75.94,64.25,2.69,-10.50,2.06,-0.04,0.01,-0.17,-143.37,52.44,332.00,7.00,2.81,-2.75,18,2
1772052938.502490,1615616,0.00,-0.12,0.04,-104.69,-76.00,63.88,-2.69,1.56,-1.37,0.07,0.00,-0.12,-144.19,52.00,331.87,1.56,-4.50,2.94,18,2
1772052938.693303,1615807,0.03,-0.18,-0.16,-108.94,-76.06,64.00,5.62,8.75,-2.06,-0.08,0.08,-0.13,-145.31,51.69,331.62,2.37,0.31,0.37,18,2
1772052938.884074,1615997,-0.15,-0.18,-0.05,-112.19,-76.44,65.37,1.81,-4.00,-1.12,0.09,-0.10,-0.21,-145.62,51.88,330.75,1.50,1.31,0.44,19,2
1772052939.073715,1616187,0.00,-0.04,-0.06,-111.81,-76.62,66.00,3.12,1.81,0.00,0.05,0.05,-0.07,-145.69,51.94,330.75,-1.69,-0.56,1.75,19,3
1772052939.264339,1616378,0.08,-0.09,-0.09,-111.75,-76.44,66.12,-3.31,-3.12,2.62,0.05,0.12,0.00,-145.50,51.94,331.19,-0.81,0.00,-1.62,20,2
1772052939.456346,1616569,0.00,-0.11,-0.03,-105.50,-76.69,64.44,-15.69,-6.81,-1.69,0.05,-0.01,-0.15,-145.12,51.63,331.69,-0.56,-1.37,-1.50,20,2
1772052939.646917,1616760,-0.05,0.05,0.11,-100.50,-77.37,62.81,-2.00,-0.81,-2.12,0.03,0.07,-0.10,-145.06,51.19,332.56,-2.75,-1.19,1.56,19,2
1772052939.836905,1616950,0.02,0.08,0.02,-101.19,-77.19,63.44,6.06,2.87,2.87,0.07,0.00,-0.04,-144.87,51.25,333.50,-5.75,-1.56,3.69,20,2
1772052940.026945,1617140,-0.06,0.00,0.01,-104.62,-76.69,64.25,9.13,7.56,0.56,0.06,0.11,-0.01,-144.81,51.31,334.56,-5.69,-2.12,4.25,18,2
1772052940.217647,1617331,-0.04,0.03,0.00,-107.94,-75.75,64.62,5.94,2.12,0.81,0.02,0.14,-0.06,-145.00,51.19,336.19,-2.75,-1.56,-0.25,19,2
1772052940.409181,1617522,0.07,-0.37,-0.12,-109.06,-76.06,65.62,-9.63,-5.87,6.00,0.02,0.30,0.27,-144.75,51.38,335.37,3.69,4.87,-3.62,18,2
1772052940.600218,1617713,0.05,0.02,-0.06,-100.56,-75.31,61.06,-31.12,-0.81,4.31,0.24,0.15,0.07,-144.44,51.19,335.25,0.62,-1.62,-3.12,19,3
1772052940.790372,1617904,0.04,0.31,0.10,-95.00,-75.19,56.31,-3.75,0.81,-1.12,0.02,0.06,-0.09,-144.19,50.75,335.25,0.06,0.44,-2.56,18,3
1772052940.980025,1618093,-0.10,0.01,0.08,-96.06,-75.12,56.94,8.50,3.87,1.25,0.03,0.02,-0.09,-143.81,50.88,335.31,0.44,2.37,0.31,18,3
1772052941.171674,1618285,0.03,0.00,-0.03,-99.37,-74.62,57.88,5.94,2.25,3.00,0.08,0.10,-0.01,-143.94,51.13,335.25,0.69,-0.37,0.88,18,3
1772052941.363251,1618476,0.08,0.00,-0.11,-100.06,-74.44,58.31,-1.25,-2.37,-1.62,0.07,-0.05,-0.14,-144.37,51.13,335.06,-1.44,-2.12,2.69,18,3
1772052941.553555,1618667,0.10,-0.24,-0.16,-98.56,-75.06,59.25,1.81,-2.50,-4.37,0.15,-0.04,-0.08,-144.37,50.88,336.19,-3.56,-1.37,0.81,19,5
1772052941.743551,1618857,-0.47,-0.06,0.17,-98.69,-75.75,60.44,9.75,1.12,0.44,0.05,0.09,-0.12,-143.87,50.81,336.94,0.31,2.25,0.19,18,4
1772052941.933247,1619047,-0.19,0.14,0.07,-103.25,-74.56,60.44,0.94,5.44,6.37,0.22,0.02,0.09,-143.94,51.13,337.00,-3.44,-3.31,2.12,19,4
1772052942.124358,1619238,-0.01,0.21,-0.13,-106.25,-73.50,59.44,4.12,5.19,-0.13,0.17,-0.08,0.07,-144.25,51.19,337.25,3.69,-0.25,0.25,17,4
1772052942.316043,1619429,-0.01,0.02,0.20,-108.25,-73.00,59.88,7.37,5.06,3.31,-0.05,0.17,0.04,-145.31,51.56,336.75,-2.44,-1.19,13.13,19,4
1772052942.506641,1619620,-0.02,0.62,-0.01,-114.81,-72.25,62.81,37.44,11.31,-0.37,0.11,0.06,-0.01,-147.06,52.19,335.69,0.44,-2.56,4.00,19,4
1772052942.697227,1619810,0.34,-0.24,-0.15,-129.69,-73.31,75.25,63.31,-16.12,-17.94,0.08,-0.20,-0.56,-148.44,52.13,335.06,-7.12,-3.50,8.44,19,4
1772052942.887142,1620000,-0.47,-0.40,0.77,-137.37,-76.44,99.94,160.06,-30.44,22.06,-0.15,-0.11,-0.19,-148.44,53.31,339.12,-40.63,-8.06,32.63,19,4
1772052943.077796,1620191,-0.38,0.39,0.88,-129.87,-77.75,124.69,103.94,-33.00,1.25,0.06,0.00,0.34,-151.12,54.88,346.69,-47.31,-28.62,42.13,20,3
1772052943.269474,1620383,-0.18,-1.68,-0.16,-148.56,-80.37,144.81,38.81,2.87,-17.06,0.61,-0.56,0.07,-156.62,54.13,352.00,-14.25,-14.63,21.19,20,3
1772052943.460037,1620573,-0.26,-0.80,-0.32,-174.25,-80.69,151.56,0.13,0.00,5.19,0.45,-0.08,0.11,-157.00,54.44,352.81,5.06,12.38,-13.19,17,2
1772052943.650491,1620764,0.07,0.46,-0.07,-158.50,-80.06,147.62,-6.87,-2.50,12.94,0.25,-0.16,0.76,-153.62,55.69,349.87,33.31,24.69,-27.75,17,2
1772052943.840136,1620953,-0.46,-3.14,0.77,-146.12,-78.44,137.69,-157.31,7.75,5.56,0.40,0.19,0.41,-148.19,54.81,346.25,28.19,-7.06,-40.63,15,1
1772052944.031245,1621144,0.71,2.40,2.40,-126.37,-75.56,84.31,-236.50,35.69,-12.88,-0.26,0.13,-0.47,-144.75,51.63,345.31,24.00,13.06,-28.19,16,2
1772052944.222652,1621336,-0.06,0.76,0.60,-104.62,-75.56,58.38,-51.63,-9.13,4.81,0.17,-0.22,-0.21,-143.37,50.88,341.44,13.69,10.50,-12.00,15,2
1772052944.413232,1621527,0.13,0.31,0.27,-94.37,-75.56,52.25,-11.19,2.62,-0.69,-0.08,0.13,-0.20,-142.69,50.88,338.94,6.44,5.25,-8.56,15,1
1772052944.603626,1621717,-0.18,-0.06,0.54,-90.62,-76.12,52.63,4.50,-2.00,-6.44,-0.12,0.05,-0.11,-141.81,50.88,338.25,2.19,3.69,-2.25,15,1
1772052944.793287,1621907,0.04,-0.32,-0.13,-94.56,-77.12,54.88,14.06,10.13,-4.94,-0.22,0.08,-0.24,-142.37,51.00,336.75,7.12,1.81,-2.06,16,1
1772052944.984575,1622098,-0.19,-0.01,0.27,-98.44,-77.75,57.13,4.50,0.94,3.50,0.00,0.02,-0.16,-143.69,50.63,337.06,-11.06,-9.44,10.56,16,1
1772052945.175736,1622289,0.03,0.00,0.06,-103.44,-76.81,58.06,16.31,10.56,5.62,-0.06,0.03,-0.14,-144.69,50.50,339.75,-8.75,-7.12,7.25,16,2
1772052945.366828,1622480,-0.07,-0.11,0.05,-109.00,-76.44,60.94,15.38,-7.94,-2.00,0.10,0.06,-0.07,-145.00,50.31,341.62,-7.87,-2.69,4.31,17,3
1772052945.556863,1622670,1.03,-0.22,0.24,-112.50,-76.06,65.00,33.38,4.56,2.44,0.40,-0.48,0.07,-144.25,50.50,342.00,4.12,12.69,-7.94,16,3
1772052945.747326,1622861,0.34,-0.77,0.06,-106.75,-75.12,65.94,-34.63,-31.94,5.37,0.43,-0.22,0.04,-143.81,51.06,340.56,12.13,4.12,2.12,18,4
1772052945.938656,1623052,-0.26,0.42,0.01,-91.87,-75.69,60.25,-3.94,-2.62,-3.81,-0.20,0.04,-0.12,-144.06,49.94,340.56,6.62,-3.31,-12.38,17,4
1772052946.129436,1623243,0.08,0.64,0.00,-99.00,-76.94,60.06,-1.94,10.81,-16.19,0.19,-0.24,0.11,-143.25,48.56,343.25,-4.00,-4.06,1.44,19,4
1772052946.320166,1623433,-0.09,-0.32,0.52,-103.50,-79.00,63.44,11.94,-9.38,-2.50,-0.36,0.08,-0.20,-143.75,48.56,343.00,-0.50,1.06,9.44,19,4
1772052946.510230,1623624,-0.26,0.64,0.45,-104.37,-78.37,66.75,41.31,5.50,9.94,0.33,-0.05,0.03,-144.81,49.25,343.50,-7.94,0.44,15.75,19,5
1772052946.700313,1623814,-0.11,0.58,0.53,-117.00,-73.87,82.37,172.62,-11.19,45.63,0.08,-0.25,-0.21,-145.75,51.38,344.56,-32.00,-10.94,18.62,18,6
1772052946.891761,1624005,-0.20,-0.77,0.31,-126.75,-72.00,109.25,74.50,-32.00,-3.06,0.11,-0.05,0.19,-145.87,51.56,350.87,-27.12,-21.56,18.25,19,6
1772052947.083026,1624196,-0.26,-0.36,0.17,-127.75,-75.12,124.25,39.31,-14.94,-4.44,0.36,0.00,0.15,-147.81,51.25,355.94,-20.12,-16.44,17.87,19,6
1772052947.273474,1624387,-0.43,-0.69,-0.40,-132.06,-78.19,134.31,25.69,-9.25,-10.94,0.84,0.68,0.79,-147.75,51.44,358.81,8.75,5.25,-6.31,19,7
1772052947.463547,1624577,0.69,-0.65,-0.30,-134.87,-78.31,135.19,-30.56,13.50,6.06,0.24,0.27,0.07,-147.50,53.50,349.31,26.25,15.19,-19.37,19,7
1772052947.653866,1624767,-0.41,-1.08,0.00,-129.19,-76.31,126.19,-29.25,6.31,4.12,0.07,-0.09,-0.08,-146.75,53.38,343.31,26.37,-1.06,-23.25,19,6
1772052947.845353,1624958,-0.62,0.00,1.78,-124.81,-75.87,99.25,-217.31,42.19,-36.19,-0.01,-0.30,-0.68,-146.81,50.25,338.44,38.13,17.94,-29.94,20,6
1772052948.036236,1625150,0.45,0.40,0.36,-123.56,-75.56,71.87,-62.81,9.19,2.94,-0.21,0.12,-0.38,-145.87,49.94,331.12,19.00,19.19,-18.81,19,6
1772052948.226894,1625340,0.02,-0.04,0.06,-109.00,-75.56,61.06,-60.94,-15.19,-6.81,0.03,-0.07,-0.20,-144.37,50.38,328.44,5.06,6.00,-6.56,19,6
1772052948.417224,1625530,-0.48,0.80,0.30,-90.19,-78.50,52.38,-46.00,-2.06,-19.62,-0.02,0.00,-0.33,-143.81,50.00,329.00,-7.37,-2.81,-2.37,19,5
1772052948.606958,1625720,-0.03,-0.25,0.25,-86.44,-80.50,52.50,15.00,-8.69,-3.06,-0.11,0.11,-0.11,-142.81,49.25,331.75,-4.44,-2.56,1.56,21,4
1772052948.798237,1625912,-0.10,0.05,0.21,-87.25,-80.62,55.75,20.06,8.13,2.37,-0.09,0.07,-0.08,-142.75,49.06,333.31,-8.19,-3.00,5.81,20,4
1772052948.989583,1626103,0.06,-0.26,-0.06,-95.00,-79.50,59.50,22.12,-1.69,4.44,0.13,0.11,0.12,-142.81,49.69,334.94,-9.06,-2.81,9.56,20,3
1772052949.179579,1626293,0.11,0.03,0.00,-97.25,-78.56,61.56,13.50,0.69,5.94,0.00,0.42,0.20,-142.94,50.25,335.69,-2.50,1.00,3.19,20,3
1772052949.370139,1626483,-0.21,0.21,0.19,-94.56,-77.62,62.31,2.06,-4.56,5.50,0.15,-0.03,-0.05,-143.87,50.69,335.50,-5.06,-6.12,9.00,20,3
1772052949.560050,1626673,0.19,0.29,-0.09,-98.06,-77.37,63.50,16.12,4.75,-7.87,-0.01,-0.15,-0.05,-145.62,50.38,337.00,-9.81,-12.44,10.56,19,3
1772052949.751711,1626865,0.05,-0.29,-0.08,-106.87,-79.37,71.62,42.00,-7.69,-11.44,0.30,0.00,0.09,-146.81,49.88,339.87,-5.81,-2.69,7.75,18,3
1772052949.942658,1627056,0.00,-1.05,-0.24,-107.94,-81.62,80.19,6.62,-7.37,6.62,0.04,0.14,0.00,-146.69,50.13,340.56,-4.31,-0.56,3.00,17,3
1772052950.133693,1627247,-0.47,0.93,0.50,-88.69,-81.44,73.37,-75.75,-1.81,-3.19,0.11,-0.25,-0.13,-146.19,49.75,342.00,-1.81,0.75,-5.06,17,3
1772052950.323266,1627437,0.27,0.41,0.24,-91.37,-81.62,67.31,-2.37,5.00,4.06,0.12,0.18,0.12,-144.94,49.50,343.44,2.37,1.12,-1.75,17,3
1772052950.512934,1627627,-0.03,0.32,0.23,-89.31,-80.37,66.81,7.81,2.06,1.00,0.14,0.14,0.15,-144.62,49.63,342.87,6.87,4.44,-3.87,16,3
1772052950.704950,1627818,-0.03,0.45,0.18,-92.75,-80.06,67.19,2.37,4.87,4.19,0.04,-0.04,-0.05,-145.19,50.06,340.62,3.94,-0.88,4.19,17,3
1772052950.895723,1628009,0.13,0.06,0.00,-103.37,-79.31,68.25,22.56,14.38,-10.63,0.15,-0.08,-0.16,-147.19,50.19,338.94,4.62,-1.94,4.81,17,3
1772052951.086794,1628200,0.10,0.25,-0.18,-119.25,-80.06,74.81,45.56,0.75,-1.56,0.06,-0.05,-0.22,-147.87,50.13,339.25,-4.00,1.00,-2.00,16,3
1772052951.276826,1628390,-0.04,0.53,0.67,-118.44,-78.37,88.44,141.81,-26.37,59.63,-0.16,-0.23,-0.54,-148.25,51.44,337.81,-13.63,8.94,16.75,15,3
1772052951.466978,1628580,-0.12,-1.32,0.47,-113.81,-70.81,114.19,137.44,-33.69,22.62,0.10,0.20,0.31,-149.37,54.06,339.94,-14.69,-3.12,26.69,15,2
1772052951.658400,1628772,0.06,0.36,-0.13,-124.00,-74.19,129.25,36.31,6.06,-31.56,0.55,-0.03,0.26,-154.25,54.75,342.81,-24.12,-12.00,31.00,14,3
1772052951.849625,1628963,-0.11,-0.91,-0.22,-144.00,-77.37,142.56,36.94,-4.62,-17.87,0.35,-0.13,0.07,-157.81,55.38,344.50,-12.38,-8.25,15.19,15,2
1772052952.040143,1629154,-0.13,-0.67,-0.07,-160.50,-79.25,150.94,3.62,-4.31,0.19,0.37,-0.08,0.09,-158.31,55.38,345.37,0.06,2.75,-2.94,15,2
1772052952.230161,1629344,-0.02,0.05,-0.11,-156.19,-79.31,149.37,-11.00,1.44,8.25,0.31,0.07,0.04,-156.69,56.00,345.12,3.87,4.94,-8.44,14,2
1772052952.419932,1629533,-0.26,-1.20,0.00,-149.06,-78.31,144.81,-21.94,2.94,3.12,0.18,0.02,0.23,-153.62,55.75,345.56,10.75,-10.69,-26.37,16,2
1772052952.612045,1629725,0.00,-0.40,2.11,-146.44,-73.37,112.75,-249.37,59.63,-26.69,-0.07,-0.15,-0.43,-149.87,51.63,346.87,21.00,8.44,-27.75,14,2
1772052952.802739,1629916,0.17,1.47,1.15,-124.37,-71.94,65.87,-140.44,-10.13,-5.94,0.02,0.02,-0.20,-147.00,51.75,342.81,18.00,20.81,-22.37,16,3
1772052952.993496,1630107,-0.06,0.42,0.51,-100.44,-69.25,49.81,-10.50,-2.56,26.44,0.09,0.19,0.03,-144.00,53.38,339.00,6.69,13.13,-3.62,17,3
1772052953.183223,1630297,0.27,0.39,0.18,-97.69,-65.87,44.63,0.06,-0.19,1.19,0.09,0.04,-0.08,-143.87,54.13,337.37,3.12,1.12,3.06,17,3
1772052953.373142,1630487,-0.02,-0.18,-0.05,-100.50,-66.50,46.50,20.44,7.87,-7.56,0.04,0.03,-0.16,-144.75,53.50,336.56,8.31,-2.06,-5.44,17,4
1772052953.565166,1630678,-0.05,-0.35,0.02,-104.44,-68.56,50.38,6.87,-0.44,-11.00,-0.06,0.05,-0.21,-145.75,52.88,335.12,4.81,0.37,-3.81,18,3
1772052953.756239,1630870,-0.21,-0.35,-0.03,-106.81,-71.00,53.81,4.00,-1.87,-6.00,0.03,-0.05,-0.25,-146.31,52.75,334.00,2.00,0.50,0.06,18,4
1772052953.947171,1631061,0.02,-0.42,-0.16,-109.56,-72.00,55.63,0.50,0.88,-1.12,0.01,0.03,-0.13,-146.56,52.69,333.31,1.56,0.69,-0.94,18,4
1772052954.137354,1631250,0.19,-0.23,-0.06,-106.56,-72.44,55.19,-11.69,-13.75,-1.81,0.07,-0.12,-0.11,-146.00,52.50,333.75,0.06,1.37,-2.94,19,4
1772052954.326550,1631440,0.00,-0.15,0.00,-98.69,-74.00,53.63,-30.12,-2.44,-9.44,-0.05,0.30,-0.14,-145.25,52.06,333.94,2.87,0.56,-6.00,17,4
1772052954.518591,1631632,-0.17,0.25,0.28,-92.19,-75.25,51.75,-1.06,-2.75,-2.94,0.00,0.02,-0.07,-144.87,51.56,334.44,-2.56,-1.87,0.25,19,4
1772052954.709735,1631823,0.00,-0.08,-0.02,-93.19,-75.31,52.75,5.94,0.56,-0.31,0.16,0.05,-0.14,-145.06,51.50,334.94,-0.88,-2.12,2.56,17,3
1772052954.900568,1632014,0.13,-0.17,-0.09,-95.94,-75.75,53.94,3.62,2.06,-4.75,-0.03,0.11,-0.09,-145.50,51.13,335.12,0.44,-1.37,0.06,17,3
1772052955.090228,1632204,-0.10,-0.04,0.07,-95.69,-76.31,55.19,3.69,1.06,0.25,-0.07,0.07,-0.01,-145.69,51.00,335.44,-1.19,-2.19,1.25,17,2
1772052955.279746,1632393,-0.03,-0.04,-0.01,-97.81,-76.44,56.06,5.00,1.44,0.31,0.02,0.17,-0.08,-146.19,50.94,335.69,-0.25,-1.50,0.94,17,2
1772052955.471886,1632585,-0.01,-0.17,0.03,-100.75,-76.62,58.06,14.25,-1.31,-0.13,0.01,0.11,-0.07,-146.37,51.13,335.50,-0.81,1.37,0.88,17,3
1772052955.663056,1632777,-0.02,0.11,-0.05,-103.37,-76.81,59.75,6.12,3.06,2.81,0.02,-0.08,-0.20,-146.81,51.38,335.31,-5.56,-3.56,5.62,16,2
1772052955.854442,1632968,-0.08,-0.22,-0.03,-107.75,-76.81,62.69,20.81,-0.31,-4.81,0.10,0.02,-0.12,-146.94,51.50,336.50,-3.62,-2.87,2.12,17,2
1772052956.043826,1633157,0.13,-1.08,-0.51,-110.94,-77.56,67.25,8.00,-9.25,-1.31,0.15,-0.02,0.00,-146.19,51.50,337.19,0.13,2.56,-0.19,17,2
1772052956.233978,1633347,-1.28,0.91,0.64,-89.12,-78.06,63.56,-35.00,-15.25,4.75,-0.02,0.24,-0.06,-146.31,51.06,337.75,-4.50,-8.56,-5.25,18,2
1772052956.425316,1633539,0.00,0.18,0.21,-93.81,-78.19,61.56,2.87,1.62,-2.75,0.07,0.01,-0.03,-146.06,50.44,339.00,-4.87,-1.06,1.81,17,2
1772052956.616702,1633730,0.08,-0.38,-0.23,-99.37,-78.12,64.06,15.50,7.62,-0.19,0.06,0.01,-0.05,-145.69,51.00,338.75,-1.87,0.88,3.75,18,3
1772052956.807307,1633921,0.01,0.56,0.16,-103.50,-77.12,65.00,17.12,1.94,3.62,0.11,0.00,-0.05,-146.56,51.25,340.25,-12.31,-8.50,12.88,18,3
1772052956.997451,1634111,-0.02,-0.01,-0.03,-110.56,-77.44,69.69,26.19,5.94,-10.94,0.06,-0.08,-0.20,-148.12,51.06,341.87,-8.75,-6.87,8.81,18,3
1772052957.186708,1634300,0.08,0.54,0.06,-119.81,-78.12,79.25,75.69,-8.00,2.87,0.30,-0.14,-0.14,-148.62,51.13,344.56,-14.81,-3.75,10.63,17,3
1772052957.378792,1634493,-0.18,0.55,0.88,-120.87,-77.69,101.31,162.87,-31.00,32.63,0.26,0.08,0.00,-149.00,52.31,347.56,-24.19,-5.50,22.19,16,2
1772052957.570217,1634684,-0.28,-0.63,0.47,-117.00,-76.00,128.37,94.19,-19.62,1.81,0.26,-0.08,0.15,-152.00,53.44,350.44,-28.62,-26.12,35.31,15,3
1772052957.761337,1634875,-0.09,-0.61,-0.11,-134.37,-80.06,143.31,29.06,1.37,-27.50,0.52,-0.20,0.17,-156.37,52.88,354.50,-14.69,-16.81,20.50,15,2
1772052957.950719,1635064,-0.16,-0.74,-0.20,-160.00,-81.87,150.75,4.37,1.75,-1.62,0.33,-0.23,0.00,-158.12,53.00,354.44,0.31,3.69,-1.94,14,2
1772052958.140157,1635254,0.09,0.14,-0.11,-153.50,-81.25,149.81,-3.62,-1.56,10.19,0.28,0.05,0.00,-156.62,53.56,354.44,2.25,4.50,-8.38,13,2
1772052958.332645,1635446,0.01,-0.25,-0.05,-140.62,-80.62,146.12,-14.31,-2.87,8.56,-0.16,-0.17,0.02,-153.94,52.81,356.06,4.44,-0.94,-12.44,14,2
1772052958.523673,1635637,0.18,0.99,0.14,-130.00,-78.75,137.56,-3.75,3.12,11.13,-0.05,0.03,-0.09,-152.56,52.69,355.94,-0.19,8.13,-7.75,13,2
1772052958.714430,1635828,-0.06,0.00,-0.05,-121.81,-76.69,136.69,10.81,-5.87,12.75,0.31,0.02,0.17,-151.00,53.00,356.75,-1.00,1.00,-3.81,14,1
1772052958.904267,1636018,-0.07,-2.64,0.11,-118.37,-75.50,132.94,-69.25,11.63,-6.25,0.16,0.11,0.07,-150.25,51.38,359.12,3.12,-11.56,-12.81,14,1
1772052959.093789,1636208,0.07,0.97,2.29,-122.69,-80.25,96.06,-288.75,39.63,-60.13,0.17,0.11,0.10,-148.62,48.75,358.50,22.56,9.56,-18.37,14,2
1772052959.285924,1636400,-0.13,1.17,0.95,-117.81,-82.56,69.00,-29.06,-9.63,19.81,-0.08,0.18,-0.01,-146.44,48.75,355.19,10.94,16.87,-18.37,15,2
1772052959.476736,1636591,-0.12,0.25,0.52,-97.12,-79.50,64.25,0.19,2.00,15.50,0.01,0.05,-0.03,-144.19,49.63,352.12,12.44,13.69,-9.63,15,2
1772052959.667832,1636782,-0.05,-0.18,0.12,-99.50,-76.06,62.25,13.56,10.63,17.56,0.05,0.04,-0.02,-143.56,50.75,347.44,17.50,13.75,-7.25,15,2
1772052959.857731,1636971,0.07,-0.29,-0.18,-104.81,-73.87,60.31,-8.38,5.37,5.12,-0.05,-0.09,-0.38,-143.37,52.00,340.69,23.94,17.50,-13.44,15,2
1772052960.047269,1637161,0.23,-0.06,-0.18,-106.19,-73.62,57.00,-19.25,6.44,-3.69,-0.11,-0.09,-0.42,-144.44,51.88,336.56,10.94,3.06,-6.19,16,3
1772052960.239306,1637353,0.07,-0.29,-0.09,-106.31,-75.37,55.44,-19.06,-1.56,-14.88,0.10,0.03,-0.15,-144.81,51.13,334.50,8.88,5.75,-8.31,16,3
1772052960.430466,1637544,-0.14,-0.08,0.08,-107.25,-77.56,54.13,-10.00,7.94,1.00,-0.14,0.21,-0.12,-143.69,50.81,333.75,2.50,5.25,-7.37,18,3
1772052960.621218,1637735,0.08,-0.03,0.23,-105.50,-75.37,51.63,2.62,-4.94,21.37,-0.18,0.12,-0.16,-142.62,51.06,333.75,5.56,4.12,2.44,16,3
1772052960.810838,1637925,-0.17,-0.07,0.08,-101.19,-72.56,48.94,-3.50,5.69,4.44,0.05,0.04,-0.20,-143.94,51.63,331.31,9.88,2.81,-0.13,17,3
1772052961.000912,1638114,-0.87,-1.10,0.28,-109.44,-72.87,45.81,-41.63,39.88,-20.19,0.09,0.20,-0.01,-145.50,50.81,330.25,3.62,-6.87,-8.19,16,3
1772052961.192731,1638306,0.59,0.21,0.50,-135.00,-70.19,27.62,-94.19,64.12,-22.56,-0.08,0.10,-0.07,-145.69,51.06,327.37,18.44,20.00,-2.81,16,3
1772052961.383615,1638498,0.31,0.42,0.12,-135.50,-64.19,11.06,-24.06,21.50,25.81,-0.02,0.13,-0.08,-145.25,54.31,320.25,10.00,19.37,0.50,19,4
1772052961.574884,1638689,0.20,0.66,-0.09,-130.62,-60.00,3.81,1.87,-1.00,3.00,0.24,-0.21,-0.28,-145.19,55.88,317.62,1.31,-6.50,2.37,18,4
1772052961.764624,1638878,0.03,-0.18,-0.10,-131.87,-60.75,5.94,15.69,-3.56,-11.00,-0.12,0.02,-0.36,-147.87,53.69,319.19,-3.56,-12.25,1.62,19,4
1772052961.954091,1639068,-0.23,-0.63,0.07,-136.81,-63.50,13.94,17.81,-10.50,-3.06,0.01,0.00,-0.18,-148.37,52.50,321.50,-7.81,-5.12,2.06,19,4
1772052962.145967,1639260,0.00,-0.22,0.03,-138.87,-64.69,19.00,8.50,-3.06,2.94,0.07,0.17,0.05,-147.62,52.13,323.94,-5.56,-0.37,0.13,20,4
1772052962.337336,1639451,-0.05,0.28,0.19,-137.06,-64.87,20.69,9.00,-7.06,4.56,0.11,0.09,-0.01,-146.81,52.06,325.75,-6.69,-3.25,2.31,19,4
1772052962.527880,1639642,0.24,0.58,0.13,-134.12,-65.37,25.31,57.63,-30.06,17.00,0.09,0.06,0.00,-146.56,52.25,326.31,-0.75,6.69,1.75,20,4
1772052962.717659,1639831,-0.13,-0.65,0.19,-131.19,-66.50,37.69,24.00,-12.25,3.06,0.10,0.06,0.00,-146.00,52.69,326.31,0.06,-1.75,-0.06,20,4
1772052962.907567,1640021,-0.04,-0.08,0.06,-132.25,-67.62,41.25,7.50,1.00,-1.94,-0.02,0.08,-0.08,-146.06,52.44,326.50,0.19,-0.06,-1.00,21,4
1772052963.099244,1640213,0.00,-0.24,0.24,-137.81,-65.50,42.38,22.31,47.38,12.19,0.26,-0.36,-0.20,-146.31,52.31,326.69,-6.62,-0.88,2.56,20,4
1772052963.290523,1640404,1.44,-0.41,-0.55,-143.25,-62.56,44.69,15.88,-30.87,5.06,-0.35,0.26,-0.19,-146.31,53.38,324.75,-0.56,13.69,10.88,17,3
1772052963.481854,1640596,-0.65,0.45,0.09,-127.62,-67.87,48.00,-2.12,-30.50,12.13,0.42,-0.19,0.12,-147.87,55.81,324.25,-18.00,-12.94,9.13,18,3
1772052963.671400,1640785,0.07,0.00,-0.04,-125.81,-67.44,48.31,14.38,6.50,-5.87,-0.07,0.08,-0.17,-148.31,53.88,328.87,-6.81,-11.50,-0.81,18,3
1772052963.860640,1640974,-0.07,-0.48,-0.05,-130.25,-69.25,53.25,7.50,-14.19,-8.56,0.27,0.03,0.06,-148.25,53.19,330.50,-2.50,0.88,1.37,18,3
1772052964.052642,1641166,-0.08,0.06,-0.07,-128.81,-70.31,54.75,-1.06,1.50,4.94,0.10,0.17,0.11,-147.56,53.44,330.75,-1.62,1.81,-1.50,17,3
1772052964.244090,1641358,0.14,0.03,-0.07,-126.62,-69.69,54.25,1.00,-9.44,1.25,0.15,-0.03,-0.01,-146.56,53.63,331.31,3.12,2.62,-1.44,18,3
1772052964.435421,1641549,-0.06,-0.37,-0.11,-124.25,-71.12,54.94,-4.12,-4.81,-6.25,0.11,-0.02,-0.06,-146.19,53.50,329.81,9.75,6.62,-9.63,17,3
1772052964.625272,1641739,0.36,-0.21,0.06,-121.00,-71.94,53.25,-23.06,-12.63,8.94,0.10,-0.01,0.11,-145.75,53.63,328.06,2.81,-1.50,2.69,18,3
1772052964.814741,1641929,0.02,0.72,0.10,-108.00,-71.25,47.06,-13.25,-1.37,4.12,0.05,0.07,-0.02,-145.81,53.38,328.87,2.06,0.31,-4.25,17,3
1772052965.006544,1642120,0.05,-0.05,-0.11,-106.19,-71.94,46.56,-10.38,-3.94,-12.00,0.10,0.00,-0.09,-146.06,52.56,329.06,0.31,-5.75,-3.06,17,3
1772052965.197833,1642311,-0.09,0.01,0.06,-104.50,-74.94,47.63,-1.62,0.25,-10.81,0.02,-0.02,-0.18,-146.12,51.75,329.94,-1.94,-3.37,-0.25,18,3
1772052965.389492,1642503,-0.08,-0.16,-0.03,-106.75,-75.87,50.00,11.63,-0.25,-1.69,0.10,-0.06,-0.18,-146.37,51.50,330.62,-3.69,-2.75,2.75,16,2
1772052965.578719,1642693,0.00,-0.18,-0.05,-110.44,-75.56,53.06,22.25,0.75,3.69,0.07,0.00,-0.02,-146.44,51.50,331.69,-4.25,-1.25,3.06,17,2
1772052965.768497,1642882,0.08,-0.17,-0.01,-113.12,-75.37,56.00,11.19,-1.94,5.62,0.15,0.14,0.19,-146.12,52.00,331.81,-0.69,3.31,-0.06,16,2
1772052965.959917,1643074,0.01,0.22,-0.01,-111.69,-74.31,54.94,-4.62,2.25,3.87,0.10,0.07,-0.04,-146.06,52.50,330.81,2.37,1.50,-0.50,17,2
1772052966.151099,1643265,-0.28,0.25,-0.12,-109.31,-74.44,53.69,-9.06,-6.25,-8.00,0.56,0.02,-0.10,-146.06,52.81,330.12,9.94,3.00,-8.06,18,2
1772052966.342746,1643457,0.30,-0.02,0.12,-111.50,-75.25,53.75,-4.25,-2.75,8.00,0.09,0.07,0.08,-145.75,52.38,332.37,-19.87,-9.94,10.88,19,2
1772052966.533343,1643647,0.00,0.15,0.09,-108.25,-73.31,52.31,8.88,2.75,4.87,0.01,0.04,-0.07,-145.50,51.94,335.50,-0.88,-3.62,-0.31,18,2
1772052966.723884,1643838,-0.19,-0.21,-0.02,-110.81,-73.62,53.94,4.94,0.44,-4.31,0.19,-0.11,-0.14,-146.19,51.69,335.00,-0.75,-0.88,2.06,18,2
1772052966.914277,1644028,-0.02,0.09,-0.16,-114.19,-73.12,54.31,5.62,8.19,5.37,0.05,-0.01,-0.07,-146.25,51.50,336.69,-9.44,-6.44,3.31,19,2
1772052967.104626,1644219,0.01,-0.32,0.00,-117.56,-72.25,55.44,12.38,-0.31,3.12,0.13,0.06,0.17,-145.00,51.50,339.81,-0.69,3.00,0.56,18,3
1772052967.296430,1644410,-0.04,-0.13,0.02,-118.44,-71.19,55.00,-5.81,8.38,13.06,0.07,-0.02,-0.10,-145.37,52.75,336.00,6.19,5.94,1.56,19,3
1772052967.488448,1644602,-0.01,0.34,0.22,-116.75,-68.31,50.31,-9.69,-5.62,10.00,0.21,-0.17,0.00,-146.75,54.06,332.00,3.31,2.37,6.12,18,3
1772052967.679790,1644794,-0.04,0.49,-0.17,-116.81,-65.75,46.94,3.62,13.69,7.81,0.08,-0.06,0.05,-147.69,54.00,332.50,-0.37,-8.00,0.62,17,3
1772052967.869353,1644983,0.19,-0.32,-0.10,-125.62,-64.06,47.69,14.75,16.75,-12.88,0.03,0.16,-0.07,-147.81,52.75,333.69,4.69,-0.37,-2.81,16,3
1772052968.059172,1645173,-0.10,-0.50,-0.24,-133.19,-64.37,50.94,7.94,12.63,-7.00,0.17,-0.19,-0.16,-147.25,52.63,333.75,3.56,2.31,-4.25,15,3
1772052968.252175,1645366,0.26,-0.66,-0.09,-136.69,-62.75,49.94,-7.62,16.75,8.63,-0.22,0.63,0.30,-145.25,52.81,335.87,23.56,16.75,-11.81,15,3
1772052968.443718,1645558,-1.23,-0.70,-0.46,-131.62,-59.75,42.25,-11.06,19.56,34.25,0.07,0.55,0.29,-143.56,54.06,337.56,22.62,4.06,-5.12,17,3
1772052968.635051,1645749,0.03,-0.68,-0.20,-125.37,-56.31,34.13,-21.75,-5.19,-8.13,0.48,-0.23,0.05,-141.75,55.13,332.31,23.12,18.56,-8.50,20,3
1772052968.824616,1645939,0.12,1.07,0.07,-115.81,-55.38,26.75,-15.69,6.75,11.44,-0.24,0.16,-0.32,-141.81,55.31,331.00,0.00,-5.06,-4.69,22,3
1772052969.015017,1646129,0.07,-0.39,0.07,-116.37,-56.38,28.75,9.94,-12.38,-5.62,0.12,0.07,0.04,-142.06,54.50,332.37,-0.06,-3.25,1.56,24,3
1772052969.207366,1646321,0.18,0.23,-0.09,-115.69,-57.19,31.44,13.88,-0.56,-5.19,-0.10,-0.10,-0.33,-143.94,53.56,333.75,-14.94,-14.63,8.50,21,2
1772052969.398500,1646512,0.13,-0.63,-0.22,-119.37,-58.75,38.31,26.62,-9.44,2.19,0.05,0.02,-0.01,-144.37,52.38,338.94,-18.19,-9.88,11.00,20,2
1772052969.588755,1646703,0.00,-0.15,-0.03,-118.87,-59.06,42.56,12.00,-10.13,7.94,0.11,0.00,0.06,-144.12,52.19,343.00,-17.19,-5.94,7.44,20,3
1772052969.778338,1646892,0.12,0.25,0.05,-117.12,-57.88,44.38,17.12,-11.56,14.75,0.24,0.07,0.23,-143.31,52.50,347.31,-19.94,-8.50,12.13,19,4
1772052969.968212,1647082,0.18,0.15,0.10,-116.19,-56.81,47.00,13.44,-10.06,3.50,0.35,0.11,0.45,-142.44,53.13,350.56,-8.25,-2.94,4.87,18,3
1772052970.159795,1647274,0.07,0.08,0.13,-115.81,-57.13,48.44,-1.00,1.06,-3.37,0.14,0.05,0.17,-141.75,53.44,350.94,4.50,0.94,-2.69,18,3
1772052970.350761,1647465,0.02,-0.10,0.03,-116.62,-57.50,47.50,-10.06,7.06,-6.87,0.07,0.06,0.06,-141.75,53.44,348.81,15.00,7.44,-8.50,18,4
1772052970.541670,1647656,-0.01,-0.76,0.29,-119.81,-56.75,43.19,-25.62,27.69,0.19,0.08,0.01,-0.02,-141.56,53.50,343.50,25.06,13.56,-17.81,17,4
1772052970.731329,1647845,0.32,0.25,-0.06,-119.00,-53.81,31.37,-38.19,22.37,-3.37,0.06,-0.09,-0.19,-140.75,54.25,336.69,27.06,18.12,-15.81,18,4
1772052970.920752,1648035,0.21,0.19,-0.08,-117.56,-52.88,23.50,-20.81,13.06,-4.31,-0.02,-0.11,-0.44,-140.37,54.75,330.75,18.06,9.00,-10.88,17,4
1772052971.112917,1648227,0.17,0.21,-0.24,-118.62,-53.06,21.62,5.69,-1.44,-12.50,-0.11,-0.28,-0.58,-142.87,53.44,328.87,-0.50,-5.00,2.50,19,4
1772052971.304346,1648418,-0.17,-0.78,-0.06,-123.06,-55.38,31.50,39.31,-13.69,-5.06,0.03,-0.10,-0.27,-145.00,52.38,331.19,-21.37,-15.00,11.63,19,5
1772052971.494819,1648609,0.02,-0.28,-0.02,-126.94,-57.31,42.13,37.19,-18.94,7.25,0.19,-0.02,0.07,-145.12,51.75,337.62,-27.19,-11.63,16.69,18,4
1772052971.684149,1648798,0.08,0.41,0.14,-127.37,-57.69,52.13,56.50,-22.81,19.37,0.32,-0.07,0.27,-144.94,52.44,344.00,-33.56,-13.31,23.62,18,4
1772052971.873659,1648988,0.03,0.24,0.20,-130.69,-57.50,67.37,73.12,-25.69,14.38,0.37,-0.09,0.26,-145.75,53.81,350.25,-34.25,-10.69,31.94,17,4
1772052972.065785,1649180,-0.08,-0.23,0.19,-139.06,-57.06,88.94,99.37,-15.75,29.87,0.26,-0.11,0.27,-146.37,54.88,356.25,-30.69,-15.63,20.50,17,4
1772052972.257054,1649371,-0.05,-0.68,0.07,-148.12,-55.13,108.50,71.50,3.06,27.75,0.25,-0.01,0.29,-147.87,55.38,1.81,-27.00,-14.63,19.87,15,4
1772052972.447759,1649562,0.22,-0.39,-0.29,-153.06,-52.88,117.37,13.06,2.37,8.94,0.43,-0.14,0.32,-148.75,56.19,5.00,-10.50,0.44,10.13,13,4
1772052972.637187,1649751,-0.04,0.10,-0.08,-152.94,-51.63,118.31,7.56,0.37,20.69,0.27,-0.04,0.33,-148.56,59.13,3.12,1.00,18.94,8.00,11,4
1772052972.826495,1649941,0.25,0.29,-0.11,-151.69,-49.81,117.62,2.69,5.62,3.94,0.15,0.19,0.38,-146.62,62.69,358.69,17.56,13.44,-3.37,10,4
1772052973.018695,1650133,0.16,0.09,-0.14,-152.56,-47.63,114.62,0.37,13.13,-11.06,0.13,0.01,0.12,-147.19,64.06,353.00,25.06,6.50,-5.44,10,4
1772052973.210105,1650324,0.01,-0.17,-0.01,-155.31,-46.44,111.62,-22.56,20.69,-23.00,0.08,-0.17,-0.22,-148.94,64.75,345.25,36.44,10.44,-11.13,11,3
1772052973.400939,1650515,0.08,-0.17,-0.10,-157.00,-44.75,104.56,-21.37,19.06,-19.94,0.11,-0.11,-0.34,-150.44,65.56,336.81,33.38,10.56,-11.19,12,3
1772052973.590672,1650705,0.14,-2.20,-0.23,-155.31,-44.38,92.81,-95.50,9.13,-42.81,0.09,-0.09,-0.34,-148.56,64.44,331.44,35.25,-1.81,-37.56,15,3
1772052973.779880,1650894,0.05,0.89,0.38,-141.50,-50.63,58.50,-126.19,1.44,-72.25,-0.12,-0.07,-0.40,-145.31,60.50,329.56,26.00,0.50,-27.69,15,3
1772052973.972164,1651086,-0.30,0.21,0.24,-133.87,-58.31,47.00,-56.44,-9.81,-37.56,-0.19,0.12,-0.43,-145.06,58.19,327.00,20.62,5.62,-15.69,15,3
1772052974.163446,1651277,-0.31,-0.37,0.15,-132.50,-63.31,46.13,-10.81,-10.94,-18.75,-0.01,-0.03,-0.36,-144.87,57.63,323.00,17.50,8.69,-8.75,16,3
1772052974.354112,1651468,0.09,-0.26,0.13,-132.75,-65.87,47.50,1.12,-4.37,-5.62,-0.04,-0.04,-0.45,-145.19,57.44,319.75,9.31,4.50,-4.81,17,3
1772052974.543867,1651658,-0.75,-0.74,-0.04,-132.56,-66.31,47.69,-5.12,7.44,3.75,-0.28,-0.04,-0.49,-145.12,56.81,318.75,2.87,-0.75,-4.75,19,4
1772052974.733038,1651847,0.20,-0.13,0.00,-132.62,-64.25,43.69,-0.31,2.69,8.94,0.00,-0.05,-0.41,-145.94,56.00,319.69,-14.13,-3.00,6.75,20,3
1772052974.925290,1652039,-0.10,0.06,-0.04,-131.25,-63.25,45.44,27.19,-1.62,11.63,0.08,-0.10,-0.12,-146.25,55.44,325.44,-29.19,-16.44,13.88,21,4
1772052975.116449,1652230,-0.03,-0.40,-0.15,-134.19,-61.88,52.19,39.88,-9.94,22.81,0.29,0.04,0.15,-145.94,55.19,332.31,-28.50,-3.75,18.87,20,3
1772052975.307117,1652421,0.15,0.69,0.11,-132.19,-57.69,61.88,99.75,-16.19,60.13,0.33,-0.11,0.06,-146.00,57.00,337.00,-34.63,-7.37,21.56,21,4
1772052975.496613,1652611,-0.01,0.16,0.22,-139.25,-54.81,83.37,105.62,-21.44,37.50,0.21,0.00,0.52,-146.12,59.13,342.37,-33.00,-7.75,23.69,19,4
1772052975.686083,1652800,0.32,0.45,0.01,-147.50,-52.75,106.19,84.44,-13.00,23.37,0.31,-0.01,0.28,-149.12,60.88,347.50,-31.06,-11.19,24.31,20,4
1772052975.878695,1652992,-0.04,-0.78,-0.03,-154.19,-55.63,125.87,31.31,-28.75,-2.56,0.33,-0.26,0.20,-151.75,60.50,352.37,-17.81,-14.06,7.94,20,5
1772052976.069499,1653184,0.01,-0.67,-0.21,-157.31,-58.88,134.44,5.44,-6.75,8.63,0.20,-0.08,0.14,-150.75,60.06,355.56,-3.81,2.50,-4.37,19,4
1772052976.260285,1653375,0.10,0.41,-0.04,-151.87,-58.56,130.75,-7.69,-1.37,12.81,0.20,0.03,0.12,-148.06,60.00,356.81,2.44,1.25,-11.50,17,5
1772052976.450501,1653565,-1.71,-1.84,1.16,-144.81,-57.25,121.12,-90.62,23.50,7.25,0.64,-0.49,-0.20,-144.62,57.63,358.50,14.25,1.81,-14.94,14,4
1772052976.640011,1653754,0.32,0.65,0.30,-135.69,-52.25,93.50,-62.19,23.75,-11.13,0.14,-0.07,0.07,-141.31,57.06,357.56,14.38,8.13,-11.13,14,4
1772052976.831883,1653946,0.29,0.38,-0.21,-132.06,-49.50,80.56,-22.12,8.13,-14.69,0.19,-0.06,0.19,-140.87,56.50,354.94,20.75,9.31,-10.50,13,4
1772052977.022813,1654137,0.10,-0.69,0.01,-131.75,-51.56,76.56,-50.00,14.31,-34.13,0.01,0.09,0.00,-139.87,56.25,349.87,31.44,7.50,-29.00,13,4
1772052977.213547,1654328,-0.96,-0.72,1.64,-129.56,-61.69,56.56,-224.37,48.31,-141.75,0.06,-0.01,0.06,-138.75,53.56,344.62,49.00,19.37,-33.00,13,4
1772052977.403136,1654517,-0.44,1.15,0.43,-139.06,-73.12,29.87,-128.81,9.31,-65.25,0.08,-0.58,-0.53,-139.12,53.75,333.19,43.19,23.06,-20.06,14,4
1772052977.592558,1654707,0.02,0.74,-0.04,-142.12,-72.50,18.81,-19.37,19.56,2.12,-0.09,-0.22,-0.61,-141.94,53.88,323.37,28.75,21.25,-9.69,15,4
1772052977.784729,1654899,0.39,0.77,0.94,-135.81,-65.19,28.19,213.50,-45.63,137.81,-0.32,0.14,-0.84,-143.25,56.63,314.56,6.81,41.00,30.25,15,4
1772052977.976347,1655090,-0.71,-2.22,0.64,-134.50,-59.31,73.37,167.50,-67.87,56.25,0.27,-0.18,-0.20,-147.31,60.69,312.12,-31.56,-15.88,18.62,15,4
1772052978.166950,1655281,-0.36,-0.11,0.68,-138.81,-64.19,92.44,45.69,-13.13,2.50,-0.03,-0.08,-0.41,-150.37,58.19,321.31,-44.13,-23.75,23.00,15,3
1772052978.356414,1655471,-0.50,-0.64,0.29,-139.69,-66.19,105.19,41.00,-18.19,16.75,0.38,-0.17,0.17,-149.87,57.19,331.94,-42.31,-15.50,15.25,17,3
1772052978.545867,1655660,-0.07,-0.17,-0.17,-139.75,-65.37,110.56,19.81,6.06,10.94,0.36,-0.11,0.38,-147.94,57.13,341.81,-40.44,-13.50,14.81,15,3
1772052978.738009,1655852,0.28,0.20,-0.30,-140.62,-62.88,112.75,19.12,-2.37,18.69,0.31,0.00,0.37,-145.37,57.56,350.50,-34.56,-10.69,12.56,14,3
1772052978.929415,1656043,-0.12,0.98,-0.02,-138.62,-60.56,116.44,54.13,-7.69,21.62,0.28,-0.08,0.32,-143.94,58.13,357.44,-28.81,-10.06,10.25,14,3
1772052979.120092,1656234,0.04,-0.16,-0.15,-141.69,-60.38,126.87,15.63,-11.38,-1.37,0.25,0.08,0.43,-143.25,58.06,3.31,-15.63,-9.31,5.62,14,2
1772052979.309586,1656424,0.00,0.06,-0.04,-140.69,-61.44,128.44,-3.56,-3.50,0.31,0.25,0.00,0.25,-142.44,58.13,5.25,-0.37,-1.37,-0.81,12,2
1772052979.499122,1656613,-0.03,0.02,-0.03,-139.56,-61.75,126.19,-11.56,-0.88,-4.94,0.10,-0.11,-0.01,-142.37,57.75,5.00,6.75,1.00,-5.25,12,2
1772052979.691717,1656806,-0.02,-0.10,0.05,-138.31,-62.31,123.69,-15.69,0.88,-5.06,0.09,-0.08,-0.03,-142.37,57.75,2.87,11.50,6.25,-5.62,11,2
1772052979.882557,1656997,0.12,-0.11,-0.07,-136.56,-63.00,119.44,-23.87,1.00,-6.50,0.11,-0.12,-0.10,-142.31,57.75,0.44,10.44,3.19,-5.81,11,2
1772052980.073156,1657187,0.00,0.15,0.04,-133.69,-63.88,114.94,-19.00,-0.31,-7.19,0.01,0.00,-0.05,-142.25,57.63,357.81,15.56,8.00,-9.56,11,2
1772052980.262939,1657377,-0.08,0.05,0.14,-131.50,-64.87,111.12,-28.62,4.56,-7.00,0.03,-0.01,-0.04,-141.87,57.81,353.81,20.75,9.75,-9.44,10,2
1772052980.452434,1657567,0.02,0.05,0.04,-130.94,-65.31,105.06,-30.19,11.81,-11.50,0.03,-0.06,-0.19,-141.81,57.94,348.87,22.25,9.38,-10.81,10,2
1772052980.645232,1657759,-0.10,-0.08,0.12,-131.31,-65.81,98.50,-47.50,15.25,-15.13,0.10,-0.11,-0.21,-142.06,57.69,344.50,18.69,4.94,-11.75,11,3
1772052980.835696,1657950,0.20,0.29,0.10,-130.75,-65.69,88.56,-37.81,9.69,-11.25,-0.08,-0.09,-0.35,-142.69,57.31,340.81,14.50,7.37,-7.00,14,4
1772052981.026428,1658141,-0.74,0.37,0.15,-131.31,-65.94,83.81,-13.06,11.31,-7.50,-0.01,0.06,-0.18,-143.62,57.31,337.87,14.06,9.25,-2.00,14,4
1772052981.215952,1658330,-0.20,-0.42,0.18,-136.19,-65.00,81.44,-19.56,14.06,-10.81,0.06,0.23,0.00,-143.75,58.00,333.69,17.62,7.50,-10.69,17,4
1772052981.405965,1658520,-0.08,-0.49,0.18,-136.31,-62.50,71.25,-55.50,23.56,2.56,0.00,-0.07,-0.37,-143.19,57.56,330.31,14.75,3.81,-11.88,17,3
1772052981.598222,1658712,0.23,0.71,0.07,-129.31,-60.88,54.88,-42.88,13.56,-10.69,-0.16,-0.02,-0.44,-144.25,56.38,328.94,1.69,-0.88,-4.50,19,4
1772052981.788986,1658903,0.00,-0.18,0.16,-128.00,-61.69,53.00,9.00,-7.12,-3.87,-0.01,0.06,-0.20,-144.75,55.88,329.94,-8.81,-4.37,4.69,19,4
1772052981.979650,1659094,-0.19,0.15,0.17,-129.87,-62.50,56.56,16.37,2.37,-1.37,0.13,-0.03,-0.07,-144.94,55.38,332.69,-11.50,-4.94,6.19,18,4
1772052982.169143,1659283,0.13,0.66,0.40,-139.81,-62.31,65.31,62.44,6.69,-7.25,0.02,-0.07,-0.08,-145.75,55.25,335.62,-20.87,-13.06,9.44,18,4
1772052982.359177,1659473,0.18,0.14,0.58,-155.37,-62.44,86.87,94.94,-2.00,1.69,0.24,-0.26,0.07,-148.31,55.25,340.81,-33.81,-16.44,32.75,18,5
1772052982.551429,1659665,-0.22,-1.14,0.40,-170.56,-63.00,114.37,84.56,-1.12,14.44,0.34,-0.22,0.14,-152.31,55.19,347.69,-37.00,-20.31,31.44,17,4
1772052982.742218,1659856,-0.04,-0.84,-0.06,-174.69,-62.81,131.56,51.75,-4.25,38.69,0.37,-0.36,0.00,-153.69,55.00,354.94,-34.81,-10.06,18.12,13,4
1772052982.932567,1660047,0.56,1.92,0.03,-168.56,-63.69,139.81,87.00,-22.25,57.69,0.46,-0.41,0.09,-154.12,57.44,0.25,-28.69,18.12,23.50,14,5
1772052983.122561,1660237,-0.60,-1.78,-0.28,-167.37,-65.44,157.19,2.81,-4.12,-3.31,1.17,0.54,1.52,-151.31,57.69,7.50,-2.50,10.81,-24.06,11,6
1772052983.312256,1660427,1.16,2.05,-0.62,-153.50,-62.00,140.62,-59.63,28.50,36.06,-0.17,0.02,0.33,-144.69,60.31,1.44,38.88,22.06,-15.56,12,6
1772052983.504477,1660619,1.03,0.70,0.10,-152.37,-60.88,130.94,-16.87,0.62,-51.19,-0.64,0.21,0.41,-150.12,58.69,355.25,32.88,-21.62,0.44,12,5
1772052983.695554,1660810,0.14,-0.10,-0.18,-163.06,-65.50,132.69,-28.56,-1.56,-43.81,0.65,-0.65,0.22,-155.87,57.31,346.50,28.94,-0.62,-1.06,13,6
1772052983.886156,1661000,-0.65,-2.87,-0.14,-179.25,-65.25,128.87,-108.81,40.06,-63.81,0.36,0.12,0.03,-158.94,57.19,335.25,64.81,20.62,-46.56,13,5
1772052984.076173,1661190,-0.61,0.42,1.93,-155.50,-56.69,73.00,-225.62,67.31,-4.19,0.60,-0.26,-0.66,-153.00,58.31,321.06,79.94,40.94,-63.69,13,5
1772052984.265882,1661380,1.24,0.74,0.15,-137.00,-49.31,24.94,-88.19,30.19,1.69,-1.22,0.70,-0.72,-147.25,58.25,311.69,33.44,10.31,-37.25,12,5
1772052984.458325,1661572,-0.82,0.97,0.55,-125.37,-56.75,23.87,1.69,-76.69,-43.69,0.28,-0.62,-0.66,-145.50,57.69,307.75,-5.12,-7.25,-7.75,13,6
1772052984.648698,1661763,0.60,0.29,0.21,-138.69,-65.69,46.88,87.87,3.81,-57.56,-0.58,0.65,-0.78,-145.81,55.31,311.31,-16.06,-19.44,13.75,14,5
1772052984.839541,1661954,-0.53,0.06,0.81,-157.00,-69.81,63.44,1.87,-0.88,10.69,-1.23,-0.94,-2.65,-150.87,56.25,311.56,-6.56,5.94,23.44,14,6
1772052985.029022,1662143,0.90,-1.50,-0.69,-159.87,-66.25,69.87,21.44,32.38,42.38,-2.50,0.01,0.09,-159.75,57.88,312.75,-1.87,-1.69,20.75,18,6
1772052985.218924,1662333,0.77,1.74,-0.57,-149.81,-64.50,68.31,22.56,-0.25,28.50,0.17,-3.76,1.83,-162.44,58.69,316.12,-18.75,4.56,2.56,17,6
1772052985.411130,1662526,1.80,-0.34,-0.94,-154.75,-63.50,78.25,31.25,-15.06,10.38,2.48,-3.05,2.58,-163.94,59.69,322.50,-37.63,1.06,36.63,17,9
1772052985.601810,1662716,-0.49,1.52,0.18,-158.94,-63.63,91.06,75.12,-33.81,27.75,0.52,-1.21,1.15,-163.06,60.94,329.19,-35.81,28.81,1.75,19,9
1772052985.792574,1662907,0.37,-2.57,-0.69,-164.00,-62.88,128.00,182.25,-26.06,83.00,-0.20,0.26,0.15,-158.75,61.88,343.31,-64.06,-1.25,35.88,21,9
1772052985.982587,1663097,-0.48,0.24,0.63,-158.87,-68.62,144.31,26.69,-31.31,24.00,0.37,0.10,0.19,-153.69,60.06,355.69,-33.63,-9.63,-6.56,21,10
1772052986.172821,1663287,-0.12,-0.04,-0.81,-156.25,-69.06,146.56,12.81,18.50,-8.25,0.28,0.14,0.72,-150.75,57.81,3.94,9.25,-0.81,-6.06,22,10
1772052986.364502,1663479,-1.81,-2.95,0.64,-158.56,-69.12,144.25,-91.06,23.81,-11.88,0.90,0.35,1.02,-147.94,57.19,0.69,39.69,4.19,-35.75,23,9
1772052986.555122,1663669,0.80,0.64,2.97,-143.00,-56.88,87.06,-245.25,114.37,-26.06,-0.33,-0.14,-0.63,-144.19,56.94,350.19,61.13,45.06,-42.56,23,9
1772052986.746056,1663860,1.09,1.41,0.14,-123.06,-52.56,39.56,-110.31,-1.00,-39.06,-0.28,0.29,-0.29,-137.00,58.88,339.62,49.75,33.06,-27.19,22,7
1772052986.935709,1664050,-0.60,0.33,0.05,-102.37,-60.13,32.13,-57.88,-34.06,-14.38,0.62,-0.22,0.08,-136.06,59.75,328.25,61.31,25.37,-30.69,20,6
1772052987.125804,1664240,0.45,0.82,0.35,-97.12,-59.88,26.37,-10.50,23.75,0.31,-0.56,-0.41,-1.10,-135.31,57.88,320.50,21.56,6.87,-5.56,20,6
1772052987.317878,1664432,0.49,0.38,0.28,-108.37,-61.00,33.69,88.56,12.63,-23.37,-0.13,-0.12,-0.48,-140.12,56.75,322.87,-32.56,-34.88,15.56,21,4
1772052987.508423,1664623,0.17,-1.12,0.74,-136.81,-68.87,60.94,63.06,4.69,-67.62,-0.31,-0.08,-0.32,-144.50,55.44,325.50,-13.38,-21.81,18.62,21,4
1772052987.699139,1664813,-0.30,-0.57,0.08,-170.00,-70.87,80.31,39.25,22.56,-28.12,0.11,0.01,-0.13,-148.31,53.38,330.94,-24.56,-22.06,14.25,21,4
1772052987.888768,1665003,0.37,-0.97,-0.28,178.19,-67.25,91.44,18.06,10.56,12.31,0.28,0.08,0.13,-148.75,52.13,337.19,-14.81,-9.38,14.13,23,3
1772052988.078976,1665193,-0.12,0.07,-0.07,-172.56,-67.62,87.56,-10.00,-17.31,28.81,0.22,0.13,0.32,-149.31,53.13,339.50,-9.81,0.50,1.19,23,3
1772052988.270805,1665385,-0.12,0.55,0.18,-155.44,-66.06,77.31,-26.62,9.75,31.69,0.08,0.10,0.14,-146.87,53.94,340.06,9.38,11.94,-7.06,21,3
1772052988.461509,1665576,0.21,0.44,0.27,-139.12,-62.13,63.38,-33.31,-7.75,41.13,-0.07,0.09,-0.14,-147.50,55.88,336.31,3.81,8.88,1.62,20,3
1772052988.651959,1665767,0.31,0.22,0.05,-129.19,-59.00,53.19,-21.12,6.69,6.69,0.26,0.11,0.15,-146.00,56.56,334.12,15.88,11.06,-10.06,20,3
1772052988.842143,1665957,0.02,0.40,0.11,-125.19,-57.81,45.94,-25.81,5.87,0.44,0.08,0.05,-0.09,-145.00,56.88,331.00,12.13,4.94,-9.44,19,3
1772052989.032324,1666147,0.48,0.01,0.16,-121.56,-58.00,41.31,-18.25,-9.25,-8.00,0.10,-0.14,-0.20,-145.19,56.69,328.06,13.50,5.75,-1.75,19,3
1772052989.224395,1666339,0.03,0.06,0.11,-119.87,-58.75,39.44,-5.19,16.06,-0.31,-0.13,0.17,-0.39,-146.06,56.00,326.37,5.56,-1.69,-3.75,19,3
1772052989.415277,1666529,-0.09,0.03,0.17,-121.75,-59.06,38.81,-0.62,-0.25,-10.25,-0.04,-0.06,-0.33,-146.94,55.38,325.75,1.19,-3.44,0.69,19,3
1772052989.605732,1666720,0.14,-0.46,-0.06,-126.56,-58.81,41.38,22.06,11.81,3.44,-0.11,-0.13,-0.35,-148.06,54.00,327.56,-11.56,-10.94,7.06,21,3
1772052989.795369,1666910,0.53,-0.36,-0.11,-129.81,-58.25,44.00,9.94,-1.75,2.12,0.25,0.01,0.06,-148.75,53.56,330.69,-9.94,0.56,7.44,20,2
1772052989.985690,1667100,0.11,0.01,0.09,-128.06,-57.63,44.75,-1.50,-4.37,15.19,0.19,0.03,0.14,-147.87,54.38,333.06,-16.06,0.19,5.37,21,2
1772052990.177320,1667292,0.33,0.39,0.15,-124.25,-55.94,42.13,2.50,-8.31,11.44,0.16,0.06,0.04,-146.56,55.13,336.31,-16.81,-3.62,10.75,20,2
1772052990.368248,1667483,0.02,0.10,0.01,-121.87,-55.56,42.88,8.81,-10.31,-1.12,0.19,-0.10,0.15,-146.44,54.94,340.19,-12.81,-7.87,5.37,19,2
1772052990.558580,1667673,0.06,-0.22,0.08,-121.62,-56.06,45.63,5.56,-5.81,2.31,0.28,0.00,0.26,-145.37,54.81,343.25,1.12,1.75,-3.31,18,2
1772052990.748782,1667864,0.13,0.12,0.10,-120.44,-56.00,44.63,-13.88,0.56,-0.13,0.09,0.09,0.03,-144.37,55.19,341.69,10.25,5.87,-5.69,18,2
1772052990.940143,1668055,-0.03,0.12,0.15,-118.00,-56.56,42.56,-11.25,-4.19,-5.37,0.23,-0.02,0.00,-144.00,55.38,339.62,6.69,1.37,-6.81,18,2
1772052991.131546,1668246,0.16,-0.01,0.03,-117.81,-56.94,41.31,-4.06,6.56,-6.12,-0.10,-0.06,-0.11,-143.94,54.56,338.94,8.38,-0.62,-4.00,17,1
1772052991.321784,1668436,-0.15,-0.21,-0.06,-119.19,-57.81,41.88,0.37,2.75,-4.62,0.18,-0.05,-0.12,-144.69,54.44,337.00,9.63,3.87,-5.56,17,1
1772052991.512155,1668627,0.16,-0.05,0.06,-119.87,-57.94,40.94,-11.13,1.44,-1.75,0.09,0.01,-0.16,-144.25,54.50,335.25,7.75,5.37,-4.37,16,1
1772052991.702351,1668817,0.04,0.07,0.07,-118.19,-58.13,39.13,-5.25,2.69,-2.31,0.02,-0.02,-0.14,-144.12,54.44,334.12,4.31,0.00,-3.12,16,1
1772052991.892624,1669007,0.03,-0.19,0.03,-118.75,-58.38,38.63,-2.44,1.37,-3.75,0.05,0.01,-0.09,-144.25,54.38,332.94,6.19,3.44,-3.37,16,1
1772052992.084106,1669199,0.00,0.06,0.05,-118.69,-58.69,37.75,-7.50,2.69,-1.50,0.10,0.05,-0.16,-144.06,54.63,331.56,3.75,2.44,-2.75,17,1
1772052992.275074,1669389,-0.42,-1.19,0.27,-120.00,-59.06,35.13,-54.44,30.06,-36.56,0.12,0.15,-0.02,-144.00,53.56,331.37,15.06,-5.25,-13.50,17,2
1772052992.465277,1669580,0.33,0.67,0.70,-125.50,-64.31,19.75,-93.37,37.44,-62.31,0.14,0.09,0.05,-144.69,52.44,326.06,35.56,16.94,-10.56,17,1
1772052992.655660,1669770,-0.05,0.49,0.39,-130.19,-65.44,9.75,-35.75,26.44,-3.94,0.05,0.00,-0.13,-145.69,53.81,318.31,19.44,12.88,-6.87,17,1
1772052992.846037,1669961,0.19,0.34,0.05,-133.25,-61.88,0.37,-16.31,24.25,1.56,-0.01,-0.01,-0.32,-146.81,54.00,313.62,16.56,4.19,-6.50,16,1
1772052993.037803,1670152,0.22,-0.20,-0.15,-135.25,-59.13,356.81,7.31,8.69,5.25,-0.07,-0.02,-0.41,-147.50,53.63,309.69,16.94,7.25,-11.06,16,1
1772052993.228564,1670343,0.01,-0.17,-0.01,-136.19,-58.56,358.19,6.37,-3.19,0.69,-0.11,-0.07,-0.42,-148.31,53.31,307.25,1.50,-1.25,-1.12,17,2
1772052993.419234,1670533,-0.01,-0.29,-0.23,-138.25,-59.44,2.31,14.00,-4.06,-7.56,-0.55,0.21,-0.26,-150.06,52.00,307.94,-6.25,-7.12,12.69,18,2
1772052993.609680,1670724,-0.26,-1.02,0.07,-147.19,-59.81,8.56,0.94,-3.87,-6.19,-0.16,-0.06,-0.45,-150.81,51.94,308.62,-11.56,-4.44,2.62,18,2
1772052993.799732,1670914,0.17,0.00,-0.04,-145.31,-59.75,8.06,9.06,-4.75,10.94,0.22,-0.24,-0.26,-150.56,51.75,313.00,-26.56,-8.56,17.75,19,3
1772052993.990983,1671106,0.13,0.09,-0.08,-143.25,-59.00,11.00,30.00,-10.75,21.12,0.39,-0.22,0.07,-150.56,51.56,320.75,-37.69,-17.00,22.56,19,4
1772052994.181546,1671296,-0.20,0.67,-0.18,-142.31,-58.31,18.12,42.25,-17.75,26.81,0.28,0.15,0.39,-148.62,51.19,330.62,-34.81,-5.19,16.75,19,4
1772052994.372094,1671487,-0.70,-0.48,0.56,-136.69,-57.63,34.25,90.62,-47.56,65.06,0.35,0.02,0.38,-145.94,52.88,337.81,-26.31,-6.81,11.19,20,5
1772052994.562408,1671677,-0.44,-0.33,0.19,-132.50,-54.69,41.56,17.56,5.81,32.06,0.26,0.16,0.40,-144.06,53.81,341.87,-8.19,2.75,6.06,19,6
1772052994.752628,1671868,0.09,0.39,0.34,-129.19,-51.38,36.19,-12.75,10.19,13.31,0.09,0.23,0.25,-142.44,55.81,340.31,14.19,11.94,-1.00,20,6
1772052994.944274,1672059,0.53,0.22,0.04,-128.06,-49.69,29.94,-16.31,19.25,-10.25,0.29,-0.07,0.14,-142.87,57.06,334.56,22.25,8.25,-9.38,19,8
1772052995.134938,1672249,0.26,-0.02,-0.07,-130.12,-49.38,25.25,-12.13,13.81,-19.06,0.21,-0.25,-0.02,-144.00,57.13,328.81,26.19,5.87,-11.06,20,8
1772052995.325720,1672440,0.03,-0.18,-0.14,-131.62,-51.88,25.19,-17.00,-6.00,-26.69,0.25,-0.44,-0.23,-145.69,57.19,322.37,21.56,5.81,-6.56,18,8
1772052995.516614,1672631,0.04,0.31,-0.13,-135.94,-54.94,27.62,15.88,24.94,-36.50,-0.58,0.41,-0.19,-148.37,55.31,320.75,-0.06,-21.69,-10.50,17,8
1772052995.706822,1672821,-0.02,-1.37,-0.09,-151.75,-57.31,38.81,11.38,-5.56,-36.13,0.00,-0.03,-0.17,-146.69,52.06,323.37,19.37,7.19,-16.69,13,7
1772052995.897863,1673012,-0.59,-0.61,0.26,-152.19,-58.75,38.63,-38.00,-4.62,18.69,0.18,-0.53,-0.56,-146.81,52.31,316.62,18.50,-1.31,-13.50,13,7
1772052996.088284,1673203,0.48,0.37,0.10,-148.19,-57.50,30.12,-1.94,-8.13,-28.06,-0.66,0.32,-0.48,-147.37,50.63,314.62,11.81,5.12,-6.75,14,8
1772052996.278741,1673393,-0.58,-0.44,0.04,-156.94,-65.06,41.44,12.69,-32.50,-45.31,0.43,-0.35,-0.01,-147.37,50.88,312.75,-1.37,-4.44,3.94,14,8
1772052996.469401,1673584,-0.02,-0.49,0.01,-166.12,-66.87,48.25,13.13,2.75,-0.31,-0.10,-0.08,-0.48,-148.56,49.06,315.69,-2.94,-16.19,3.69,16,8
1772052996.659866,1673774,0.36,-0.10,-0.04,-171.62,-67.56,52.19,5.69,5.31,-15.25,0.13,-0.09,-0.46,-150.94,46.88,317.87,-5.87,-17.19,12.06,15,8
1772052996.850906,1673966,-0.24,-0.97,0.25,178.50,-68.37,58.94,17.25,2.56,-7.87,-0.07,0.03,-0.23,-153.19,44.94,322.00,-24.06,-21.00,17.37,18,7
1772052997.041509,1674156,-0.45,-0.38,0.09,175.50,-68.62,61.25,-1.37,-1.44,14.19,0.36,-0.41,-0.15,-153.81,43.44,329.44,-28.19,-18.44,18.44,15,7
1772052997.231730,1674346,0.25,0.11,-0.23,-175.00,-65.69,56.81,-1.75,21.19,25.56,0.39,-0.25,-0.05,-153.12,41.94,338.94,-28.94,-14.25,17.19,18,7
1772052997.422407,1674537,0.17,-0.95,-0.21,-166.19,-62.00,51.50,-18.94,6.00,30.50,0.25,0.17,0.12,-151.81,42.13,346.00,-17.87,-0.75,17.25,18,8
1772052997.612759,1674728,0.47,0.75,0.19,-150.87,-59.13,34.69,-30.50,9.63,46.31,0.48,0.10,0.16,-149.56,44.56,348.56,-26.50,8.81,5.00,18,8
1772052997.804113,1674919,0.36,1.12,0.57,-138.25,-54.38,23.12,-6.81,-1.75,27.87,0.16,0.14,0.24,-144.25,46.50,353.44,-22.12,13.31,-2.62,20,9
1772052997.994230,1675109,0.18,0.17,0.27,-133.94,-53.19,20.12,-7.06,2.37,5.94,-0.66,2.82,1.04,-141.06,48.50,353.87,0.81,12.44,-10.06,19,9
1772052998.184882,1675300,0.05,1.50,0.20,-135.19,-50.31,16.81,20.69,-14.75,-2.50,0.31,-0.18,0.02,-139.44,48.19,350.62,7.69,16.44,-15.81,20,9
1772052998.375703,1675490,0.73,-0.44,0.35,-149.87,-55.44,40.13,64.37,-24.69,-56.13,0.39,-0.27,0.74,-134.69,49.63,346.62,14.88,11.88,-1.31,22,9
1772052998.566648,1675681,2.30,-0.31,-0.69,-163.44,-59.63,55.31,-3.44,31.94,-20.19,-0.32,-0.63,-0.72,-139.94,48.44,340.69,29.87,-1.44,-12.88,25,8
1772052998.757625,1675872,-0.07,0.13,0.07,-170.44,-61.75,58.44,7.00,-10.00,-40.00,0.14,-0.06,-0.04,-141.81,46.69,337.75,15.00,9.88,-9.56,25,8
1772052998.947921,1676062,-0.33,-0.82,-0.36,177.94,-62.81,66.44,-5.87,-2.75,-3.75,-0.98,0.00,0.13,-142.62,46.69,333.75,-5.44,2.37,-19.87,26,7
1772052999.138190,1676253,0.24,-0.08,0.06,179.81,-61.38,64.12,-4.81,-22.50,6.69,-0.44,0.38,0.03,-139.12,46.44,335.75,-6.00,9.25,-1.81,25,8
1772052999.329568,1676444,-1.34,0.20,0.18,-173.87,-70.00,59.63,-12.50,-15.94,1.69,0.05,0.01,-0.33,-139.62,46.56,333.75,4.37,-6.37,-1.94,25,8
1772052999.519917,1676634,0.00,0.06,-0.25,-174.62,-70.06,57.75,-8.56,8.31,-7.87,-0.69,0.45,-0.28,-138.00,45.13,337.19,-29.00,-7.94,-6.12,24,8
1772052999.711198,1676826,-0.49,-1.02,0.96,-172.00,-71.25,56.25,-10.69,-17.37,18.69,0.29,-0.29,-0.62,-136.31,43.00,345.06,-11.38,-19.37,13.31,26,6
1772052999.901233,1677016,0.59,-0.06,-0.31,-153.37,-68.12,46.06,2.37,21.62,30.94,-0.69,-0.14,-0.38,-135.75,43.38,350.75,-27.87,-22.19,26.56,26,7
1772053000.091751,1677206,-0.44,-1.62,0.27,-142.50,-64.31,38.50,-28.19,-9.69,45.94,0.07,-0.53,-0.01,-135.25,42.44,0.06,-20.19,-19.94,20.00,27,7
1772053000.282583,1677397,0.43,0.99,-0.04,-126.12,-54.19,19.81,-1.75,7.00,57.63,-0.05,0.41,0.31,-135.37,44.31,3.37,-26.31,-8.75,11.56,25,7
1772053000.473115,1677588,0.42,0.39,0.24,-122.69,-49.75,16.75,23.94,-2.69,15.63,0.38,-0.17,1.08,-134.06,45.94,7.06,-10.38,-3.75,19.81,23,7
1772053000.663986,1677779,0.66,0.87,0.48,-124.94,-47.81,19.44,21.12,-10.19,-1.12,0.36,0.12,0.72,-132.19,46.63,9.44,3.94,-0.31,-5.19,23,7
1772053000.854464,1677969,-0.61,0.00,0.65,-126.56,-51.44,26.69,-1.87,32.25,-41.63,0.58,-0.44,-0.03,-134.94,45.81,7.87,31.44,-17.12,-4.19,22,8
1772053001.044891,1678160,0.91,0.51,0.18,-136.81,-52.56,9.75,-110.37,70.31,-83.50,-0.39,-0.63,-0.65,-138.75,45.75,357.25,33.31,26.87,-15.81,21,8
1772053001.235962,1678351,0.18,-1.34,-0.09,-137.87,-54.63,3.06,12.06,-30.37,23.19,0.42,-0.39,0.26,-134.12,48.00,352.56,15.63,41.56,-12.13,21,7
1772053001.426623,1678541,0.47,1.23,-0.01,-129.50,-53.38,355.44,-77.69,36.75,-41.56,0.40,-0.48,-0.23,-133.44,51.00,341.81,32.50,12.75,-7.31,22,8
1772053001.617690,1678732,0.72,2.24,0.33,-132.31,-57.81,355.81,101.94,-42.63,-17.00,-0.36,-0.40,-0.60,-133.50,50.75,336.87,13.00,14.69,-10.13,21,9
1772053001.808118,1678923,-0.23,-1.70,0.86,-148.06,-66.75,37.00,104.62,-53.19,-19.75,-0.35,-0.35,-0.47,-131.87,51.00,336.56,-8.13,-5.12,6.44,21,9
1772053001.998202,1679113,0.01,-0.49,0.01,-164.31,-73.75,55.00,16.87,17.69,-19.31,-0.52,0.23,-0.23,-131.19,49.88,340.62,12.25,10.13,-8.06,23,10
1772053002.189620,1679304,-0.36,0.32,0.19,-173.81,-77.44,58.44,2.94,12.13,-15.56,-0.52,-0.02,-0.42,-132.69,49.25,340.69,-6.00,-4.87,3.62,22,12
1772053002.380207,1679495,-0.32,-0.88,-0.15,175.00,-76.69,63.25,3.19,-0.62,16.75,0.12,-0.40,-0.31,-132.75,49.31,343.12,-20.44,-9.63,7.69,22,13
1772053002.570938,1679686,0.23,0.25,0.16,-156.37,-75.31,54.38,-20.50,3.00,53.50,-0.14,-0.20,-0.01,-131.81,48.31,350.94,-28.06,-10.44,15.63,19,12
1772053002.760968,1679876,0.21,0.40,0.26,-129.50,-69.69,43.19,13.19,14.06,50.50,0.29,-0.12,0.13,-133.62,48.19,356.37,-16.37,-20.87,12.19,18,12
1772053002.951943,1680066,0.66,-0.07,-0.38,-132.06,-65.06,43.00,14.00,-6.81,-0.06,-0.58,-0.04,-0.71,-134.19,48.25,358.19,-15.19,-15.44,14.56,16,11
1772053003.142519,1680257,-0.31,0.00,0.10,-130.69,-67.37,48.75,33.38,-5.62,-4.19,0.39,-0.34,0.32,-135.00,48.69,1.37,-11.25,-6.06,7.12,16,11
1772053003.333540,1680448,0.14,-0.10,-0.19,-141.44,-68.50,57.69,30.00,12.19,-15.00,-0.47,0.10,-0.14,-133.44,50.19,0.06,5.12,12.19,-4.81,17,10
1772053003.524381,1680639,-0.32,-0.79,0.10,-143.81,-69.50,63.19,-2.75,-28.94,27.25,0.05,-0.12,0.38,-132.75,51.13,359.87,1.94,-4.50,3.19,16,9
1772053003.714227,1680829,0.00,0.17,0.03,-126.37,-66.44,53.63,-22.00,11.63,21.81,-0.11,0.11,0.05,-132.56,51.44,358.44,3.19,12.81,-3.31,17,9
1772053003.904900,1681020,0.27,0.09,0.20,-119.94,-63.19,45.13,-24.94,-3.62,22.62,0.16,-0.19,-0.31,-131.31,52.81,354.56,17.94,12.63,-1.31,15,7
1772053004.096041,1681211,-0.03,0.12,-0.11,-115.69,-61.00,38.69,-11.06,12.31,-2.69,0.01,0.04,0.13,-132.56,52.94,352.81,0.13,-0.37,-1.44,16,4
1772053004.286642,1681402,0.19,0.34,0.09,-115.94,-59.94,35.06,-9.50,-4.06,9.94,-0.11,0.01,-0.17,-131.44,53.00,352.81,1.31,4.06,-2.31,13,4
1772053004.477499,1681592,0.14,0.18,0.08,-112.81,-60.19,35.81,14.88,-11.56,-11.50,0.05,-0.21,0.20,-130.94,52.88,352.75,2.00,0.75,-0.44,15,5
1772053004.667814,1681783,-0.11,-0.37,0.08,-114.69,-62.00,39.88,-3.56,6.19,0.06,-0.08,0.12,-0.11,-131.50,53.06,351.87,1.69,-2.19,0.31,14,5
1772053004.858446,1681973,-0.06,-0.09,0.12,-114.94,-61.56,37.75,-6.06,1.44,0.19,-0.05,-0.04,-0.17,-132.19,52.56,352.37,1.75,-2.87,-0.44,14,4
1772053005.049389,1682164,0.08,-0.03,-0.12,-115.94,-61.44,36.94,2.56,7.87,-2.06,-0.37,-0.09,0.05,-132.56,52.19,352.37,-1.25,1.25,-2.06,15,4
1772053005.239774,1682355,-0.13,-0.17,0.05,-117.50,-61.38,38.00,-0.50,-4.19,3.94,0.23,-0.03,0.06,-132.19,52.69,351.25,0.25,2.69,0.56,15,3
1772053005.430811,1682546,0.31,0.17,0.02,-117.56,-60.38,35.44,-5.00,6.75,-3.31,-0.17,0.08,-0.05,-132.06,52.31,351.25,3.00,-0.75,-3.25,16,3
1772053005.621483,1682736,-0.43,-0.12,0.08,-118.75,-61.38,35.69,-6.00,10.56,-12.81,-0.07,-0.05,-0.05,-132.69,51.75,351.37,3.50,-3.06,-2.75,15,3
1772053005.817853,1682926,-0.11,-0.30,0.49,-126.87,-62.88,31.94,-54.13,40.50,-40.94,-0.05,0.06,0.10,-133.87,51.25,350.44,8.31,-0.44,0.94,15,3
1772053006.002459,1683117,0.45,0.44,0.19,-136.00,-62.63,20.37,-58.75,36.88,-26.00,-0.05,0.10,-0.05,-135.87,51.56,346.81,15.31,6.25,-2.56,14,3
1772053006.193150,1683308,0.08,0.13,0.02,-136.12,-60.56,11.50,-9.25,3.87,1.44,0.15,-0.11,-0.11,-136.56,52.31,342.62,13.63,8.13,-4.37,16,1
1772053006.384202,1683499,0.28,0.03,-0.14,-135.62,-59.94,9.25,0.00,-0.19,-2.44,-0.24,0.08,-0.12,-136.81,52.50,339.31,12.19,6.75,-8.13,15,1
1772053006.574508,1683689,0.87,0.74,-0.25,-135.69,-61.69,12.81,22.75,-33.56,-10.19,0.00,-0.14,-0.23,-135.94,52.25,336.75,12.31,14.13,-10.63,15,1
1772053006.764966,1683880,0.52,1.14,0.89,-121.00,-71.56,38.44,154.69,-124.75,9.06,-0.15,-0.26,-0.53,-134.87,52.38,335.31,-9.06,-10.63,-4.12,15,1
1772053006.956244,1684071,-0.89,-1.49,1.34,-69.50,-75.94,70.31,71.87,-77.00,-19.75,-0.37,0.32,-0.07,-134.94,47.88,344.56,-20.44,-32.13,-2.12,15,1
1772053007.146805,1684262,-0.45,-0.34,0.89,-37.56,-75.50,79.94,10.31,-9.19,-26.87,-0.21,-0.05,-0.21,-136.25,45.25,352.81,-19.00,-20.06,13.56,17,1
1772053007.337575,1684452,-0.24,-0.46,0.03,-27.44,-77.44,85.00,6.69,10.81,-3.75,0.18,-0.16,0.10,-137.00,44.69,358.56,-20.81,-16.44,12.88,16,1
1772053007.527539,1684643,0.05,-0.93,0.00,-41.88,-80.69,84.37,-16.00,40.38,15.81,0.10,0.06,0.25,-136.75,45.13,2.06,-10.00,0.00,5.75,18,2
1772053007.718217,1684833,-1.78,-2.99,2.20,-94.56,-82.31,72.56,-189.62,127.00,-46.88,-0.03,0.66,0.46,-136.00,44.81,2.94,7.12,-14.06,-3.12,19,2
1772053007.908897,1685024,1.02,2.90,0.72,-169.00,-71.87,31.62,-123.87,36.44,-26.44,0.41,-0.18,0.34,-138.37,46.56,356.12,22.69,20.12,7.25,20,2
1772053008.099657,1685215,0.23,0.68,0.06,-150.50,-68.25,18.06,5.62,-5.06,40.00,0.26,-0.13,0.10,-138.81,50.00,347.31,13.44,16.56,-2.19,19,2
1772053008.290758,1685406,-0.26,0.14,-0.03,-138.12,-66.56,15.38,12.69,-8.69,16.81,-0.29,0.22,-0.15,-138.00,51.06,342.50,13.13,16.69,-13.75,20,2
1772053008.481007,1685596,1.39,1.49,-0.06,-137.00,-68.87,19.37,38.06,-51.81,-4.87,-0.56,0.56,0.10,-134.87,51.81,340.00,21.56,33.63,-13.00,19,2
1772053008.671603,1685786,-1.04,-0.74,1.07,-101.62,-74.81,46.00,147.31,-84.62,24.37,0.11,-0.01,-0.32,-134.81,52.81,338.56,-15.69,-12.56,0.31,19,2
1772053008.862556,1685977,-0.07,-0.98,0.75,-87.81,-74.81,61.13,7.87,-13.75,0.50,-0.18,0.17,-0.12,-135.12,50.56,344.25,-20.69,-17.81,5.12,20,3
1772053009.053135,1686168,-0.13,0.54,0.14,-82.44,-73.94,61.81,0.25,-4.37,-4.62,0.21,-0.19,0.18,-135.62,49.69,349.87,-20.44,-15.06,14.00,19,3
1772053009.243856,1686359,0.17,0.01,0.01,-84.00,-76.69,65.87,5.75,3.31,-15.75,0.00,0.05,0.11,-137.19,49.19,353.44,-5.19,-10.94,9.38,20,3
1772053009.434362,1686549,-0.12,-0.47,-0.11,-83.94,-79.56,70.56,15.25,-1.44,-8.19,0.14,-0.10,0.18,-138.00,49.56,353.75,-1.00,1.56,0.06,19,3
1772053009.624537,1686740,0.20,-0.10,0.05,-84.12,-79.31,70.75,-11.50,-6.50,12.81,0.01,0.00,0.05,-136.50,49.63,353.94,2.37,5.69,-8.94,19,3
1772053009.815685,1686931,-0.02,0.39,0.19,-79.25,-77.12,66.62,-11.63,-0.31,9.13,-0.05,0.12,0.09,-134.81,49.13,354.12,2.75,3.62,-7.12,17,3
1772053010.006222,1687121,-0.04,0.25,0.14,-77.12,-75.94,63.81,-7.31,-2.37,1.00,0.02,0.02,0.05,-134.12,48.94,353.50,4.31,2.62,-3.06,17,3
1772053010.197439,1687312,-1.21,0.01,0.46,-76.50,-76.06,62.75,-2.56,9.19,-2.00,0.07,0.07,-0.12,-134.62,48.81,352.44,0.88,-6.19,0.13,17,3
1772053010.387457,1687503,0.34,0.47,0.03,-93.75,-77.25,60.25,6.50,19.06,-2.81,-0.06,0.00,-0.09,-136.25,48.75,351.50,2.56,3.94,2.19,18,3
1772053010.578229,1687693,0.06,-0.20,-0.30,-101.87,-77.87,62.44,2.94,-2.87,2.19,0.15,-0.10,-0.01,-136.75,49.31,349.94,1.06,0.31,0.06,19,3
1772053010.769211,1687884,-0.41,0.11,0.24,-98.50,-77.81,61.56,-2.62,-3.87,-1.75,0.01,-0.03,0.02,-136.69,49.25,349.94,1.94,0.13,-3.44,18,3
1772053010.960391,1688075,0.45,0.00,0.07,-101.00,-77.44,60.25,-5.62,5.19,5.19,-0.03,-0.07,-0.13,-136.75,48.81,350.25,-0.69,0.00,-0.13,19,4
1772053011.151225,1688266,0.26,-0.04,0.17,-101.37,-77.19,59.88,3.31,5.94,5.94,-0.05,-0.02,-0.04,-136.37,48.75,350.87,-4.75,-1.75,2.69,18,5
1772053011.341225,1688456,0.21,0.09,0.00,-102.50,-76.50,59.75,2.37,0.69,2.50,0.00,0.02,0.05,-136.25,48.75,351.94,-4.06,-2.87,2.19,18,6
1772053011.531589,1688647,-0.17,-0.13,0.05,-100.56,-76.69,60.63,2.25,-5.00,-1.69,0.00,0.06,0.10,-136.12,48.75,352.50,2.50,-0.37,-1.00,17,8
1772053011.722532,1688838,-0.12,-0.38,0.22,-105.12,-76.31,59.44,-10.38,14.31,2.31,-0.16,0.01,0.00,-136.37,48.81,352.00,3.69,1.69,2.19,17,8
1772053011.912821,1689028,0.03,0.02,0.00,-112.87,-74.94,53.88,-26.44,25.31,1.81,0.06,-0.10,0.00,-137.12,49.13,350.62,3.25,1.25,0.19,17,10
1772053012.104025,1689219,0.03,0.05,0.04,-117.75,-72.75,47.69,-17.06,9.75,0.37,-0.02,-0.05,0.03,-137.56,49.56,349.25,1.19,1.19,0.69,16,10
1772053012.294453,1689410,0.06,0.23,0.08,-119.19,-71.94,44.19,-2.81,12.38,-1.25,0.04,-0.16,-0.06,-138.00,49.50,348.81,1.44,0.62,0.37,17,10
1772053012.485342,1689600,0.11,-0.28,-0.03,-121.75,-71.06,43.38,-6.37,0.69,6.81,-0.23,0.01,-0.17,-138.25,49.81,347.94,1.81,0.56,-1.75,17,10
1772053012.675846,1689791,-0.14,0.41,0.18,-117.62,-70.37,40.94,1.62,-13.13,-2.81,0.40,-0.21,0.00,-138.25,49.69,349.00,2.37,8.50,4.50,18,10
1772053012.866776,1689982,0.39,-0.01,0.40,-117.31,-70.12,41.19,-7.31,12.63,11.56,-0.41,0.25,-0.26,-137.37,50.94,348.31,-7.25,-0.88,3.31,17,8
1772053013.057554,1690173,0.15,0.59,0.58,-128.62,-69.75,34.19,-80.62,56.25,-52.25,0.38,-0.13,0.15,-139.69,49.63,352.12,-9.31,-29.87,15.13,18,8
1772053013.247945,1690363,0.43,-0.06,-0.49,-141.87,-68.12,28.69,18.94,5.75,9.56,0.23,-0.36,-0.03,-141.69,49.56,353.50,-4.06,4.75,6.44,17,9
1772053013.438403,1690553,1.76,3.05,-0.20,-138.75,-68.87,35.31,100.37,-75.37,17.50,0.18,-0.36,-0.02,-141.31,50.25,352.62,-0.88,16.94,3.62,17,7
1772053013.629382,1690744,-0.88,-1.26,0.72,-107.69,-75.87,67.62,101.12,-71.06,9.75,0.02,0.17,0.38,-137.19,51.50,353.69,-6.12,-0.06,-8.88,15,7
1772053013.820215,1690935,-0.07,-0.44,0.41,-88.06,-78.44,78.00,-1.87,-18.44,-6.87,0.19,-0.07,0.03,-136.75,49.88,354.94,12.00,-1.00,-8.31,16,7
1772053014.010881,1691126,-0.10,0.11,0.07,-86.25,-79.19,77.12,-12.38,14.06,-2.12,0.06,-0.13,-0.02,-137.25,48.94,353.87,9.94,5.81,-7.81,17,7
1772053014.201428,1691316,0.42,-0.13,-0.04,-93.50,-79.06,74.19,-23.12,-1.50,6.62,-0.09,-0.01,-0.10,-136.94,48.50,352.50,11.06,4.75,-6.37,16,7
1772053014.391521,1691507,-0.31,0.02,0.07,-93.75,-78.69,70.50,-10.88,12.88,0.25,0.02,-0.05,-0.05,-137.31,48.63,350.25,3.87,1.69,-1.50,17,8
1772053014.582637,1691698,-0.05,-0.47,0.04,-102.94,-77.94,67.06,-19.69,14.38,1.25,-0.16,-0.07,-0.22,-138.06,48.38,349.81,0.69,-5.87,0.81,16,9
1772053014.773436,1691888,0.06,0.40,-0.04,-109.06,-77.62,63.00,1.19,5.87,-3.81,0.07,-0.19,-0.12,-139.25,48.06,350.31,-6.62,-3.56,4.87,16,8
1772053014.963995,1692079,0.33,0.20,0.00,-119.50,-77.94,66.75,24.44,6.44,-10.38,0.05,0.06,0.14,-139.31,48.06,352.56,-8.94,-7.62,7.12,15,8
1772053015.154530,1692270,-0.01,-0.24,-0.10,-122.75,-79.00,72.44,14.63,-10.88,1.44,0.07,0.00,0.22,-139.56,48.19,354.06,-7.19,-3.00,4.75,16,8
1772053015.344742,1692460,-0.04,0.02,-0.02,-116.00,-79.31,74.00,3.94,-5.44,4.75,0.11,0.07,0.23,-139.12,48.25,355.87,-4.12,-2.12,0.50,16,9
1772053015.535704,1692651,-0.41,-0.62,0.18,-110.12,-78.69,72.06,-25.19,5.75,6.44,0.08,0.10,0.21,-138.50,48.13,356.50,1.56,-2.56,-3.50,17,8
1772053015.726190,1692842,0.00,0.37,0.20,-112.06,-76.62,62.75,-36.06,14.44,8.75,-0.05,0.07,0.06,-138.56,47.88,356.12,4.56,4.44,-3.25,18,8
1772053015.917373,1693032,-1.00,-0.87,0.99,-115.75,-73.25,53.13,-44.69,69.19,13.88,-0.39,0.17,-0.11,-138.94,48.00,353.56,9.94,3.44,-6.44,17,8
1772053016.107519,1693223,0.43,1.10,0.46,-130.75,-66.44,31.81,-99.81,61.38,-36.56,-0.13,0.11,0.03,-139.44,47.88,351.56,10.94,2.37,-0.94,19,9
1772053016.298175,1693413,-0.31,0.15,-0.14,-135.37,-65.87,21.00,-19.56,10.94,-5.37,0.19,-0.17,-0.03,-140.50,49.19,347.00,14.75,11.44,-4.87,18,10
1772053016.489384,1693604,0.31,0.26,0.17,-137.19,-64.75,17.50,-8.06,5.50,-1.37,-0.40,0.13,-0.33,-140.12,49.38,343.69,-3.31,1.50,-2.31,19,10
1772053016.680142,1693795,-0.48,-0.35,0.31,-136.62,-65.12,18.06,1.87,-1.62,6.56,0.02,-0.17,-0.08,-139.81,49.69,343.75,1.37,-1.56,-1.50,19,9
1772053016.870812,1693986,0.12,-0.16,-0.20,-135.94,-62.81,15.44,7.69,1.87,16.50,-0.56,-0.03,-0.60,-140.75,49.75,342.44,0.56,-3.56,5.56,20,9
1772053017.061118,1694176,-0.39,-0.21,-0.29,-135.87,-61.56,18.56,23.00,-3.94,15.06,0.05,-0.04,-0.28,-140.75,50.88,341.12,-6.56,6.56,3.62,19,8
1772053017.251445,1694367,0.24,-0.36,0.09,-137.37,-60.44,21.87,8.13,0.62,1.69,-0.05,0.29,0.02,-138.87,51.44,342.19,-4.31,1.69,-5.19,20,7
1772053017.442158,1694558,0.36,0.92,0.18,-135.37,-61.69,23.87,39.81,-32.31,18.81,0.01,-0.02,0.15,-137.62,51.56,342.81,0.62,11.81,8.00,19,6
1772053017.633258,1694748,0.02,-0.24,0.17,-130.75,-62.06,34.19,25.44,-2.69,3.25,-0.21,-0.05,-0.51,-138.25,53.19,340.37,2.50,-6.00,-1.94,17,6
1772053017.823995,1694939,0.10,0.21,0.10,-142.00,-65.81,43.75,39.81,-14.69,-55.69,0.31,-0.40,0.27,-139.19,51.75,343.12,-1.31,-1.37,3.44,18,6
1772053018.014451,1695129,0.10,-0.50,-0.29,-166.06,-70.12,61.75,26.25,5.81,-17.50,-0.20,0.36,-0.23,-139.69,51.88,343.50,-3.31,-9.69,3.62,17,4
